# https://github.com/mikedh/trimesh
v -0.00018449 0.00187317 0.02857738
v -0.00029988 0.00150763 0.02862265
v -0.00000000 -0.00000001 0.02880701
v -0.00000000 0.00153717 0.02862265
v -0.00015646 0.00260105 0.02846174
v -0.00000000 0.00246315 0.02848112
v -0.00028283 0.00287169 0.02840864
v -0.00035398 0.00258159 0.02846174
v -0.00048053 0.00241582 0.02848112
v -0.00017205 0.00339452 0.02829594
v -0.00000000 0.00334484 0.02830361
v -0.00021133 0.00424818 0.02806485
v -0.00000000 0.00422642 0.02806868
v -0.00041953 0.00425983 0.02806101
v -0.00033843 0.00343629 0.02828826
v -0.00049347 0.00336286 0.02829593
v -0.00062145 0.00420778 0.02806484
v -0.00082448 0.00414521 0.02806868
v -0.00065252 0.00328056 0.02830361
v -0.00054638 0.00180118 0.02857738
v -0.00058824 0.00142016 0.02862266
v -0.00066088 0.00252054 0.02846174
v -0.00083762 0.00276132 0.02840863
v -0.00085081 0.00246293 0.02846174
v -0.00094259 0.00227565 0.02848112
v -0.00083096 0.00329572 0.02829593
v -0.00103600 0.00412531 0.02806484
v -0.00124247 0.00409613 0.02806101
v -0.00100229 0.00330423 0.02828826
v -0.00114002 0.00320196 0.02829593
v -0.00143036 0.00400568 0.02806484
v -0.00161729 0.00390470 0.02806868
v -0.00127997 0.00309022 0.02830361
v -0.00088727 0.00165998 0.02857738
v -0.00085400 0.00127811 0.02862266
v -0.00113991 0.00234318 0.02846174
v -0.00136022 0.00254485 0.02840864
v -0.00131495 0.00224962 0.02846175
v -0.00136843 0.00204803 0.02848113
v -0.00145794 0.00307028 0.02829593
v -0.00182086 0.00384392 0.02806484
v -0.00201767 0.00377501 0.02806102
v -0.00162764 0.00304519 0.02828827
v -0.00174277 0.00291803 0.02829594
v -0.00218430 0.00364964 0.02806485
v -0.00234793 0.00351414 0.02806869
v -0.00185822 0.00278113 0.02830362
v -0.00119406 0.00145498 0.02857739
v -0.00108693 0.00108694 0.02862266
v -0.00157513 0.00207577 0.02846175
v -0.00183055 0.00223058 0.02840865
v -0.00172855 0.00194985 0.02846175
v -0.00174168 0.00174171 0.02848113
v -0.00202888 0.00272685 0.02829594
v -0.00253574 0.00341481 0.02806485
v -0.00271533 0.00330883 0.02806102
v -0.00219043 0.00266914 0.02828827
v -0.00227854 0.00252195 0.02829594
v -0.00285430 0.00315336 0.02806485
v -0.00298835 0.00298853 0.02806869
v -0.00236507 0.00236515 0.02830361
v -0.00145497 0.00119407 0.02857738
v -0.00127810 0.00085400 0.02862266
v -0.00194982 0.00172858 0.02846175
v -0.00223053 0.00183059 0.02840864
v -0.00207573 0.00157516 0.02846175
v -0.00204800 0.00136845 0.02848112
v -0.00252186 0.00227862 0.02829594
v -0.00315318 0.00285447 0.02806485
v -0.00330864 0.00271548 0.02806102
v -0.00266905 0.00219050 0.02828827
v -0.00272675 0.00202895 0.02829594
v -0.00341461 0.00253589 0.02806485
v -0.00351393 0.00234807 0.02806869
v -0.00278103 0.00185829 0.02830361
v -0.00165997 0.00088728 0.02857738
v -0.00142015 0.00058824 0.02862266
v -0.00224958 0.00131497 0.02846174
v -0.00254480 0.00136025 0.02840864
v -0.00234314 0.00113993 0.02846174
v -0.00227561 0.00094260 0.02848112
v -0.00291793 0.00174283 0.02829594
v -0.00364944 0.00218443 0.02806485
v -0.00377480 0.00201778 0.02806101
v -0.00304510 0.00162769 0.02828826
v -0.00307018 0.00145798 0.02829593
v -0.00384370 0.00182096 0.02806484
v -0.00390448 0.00161738 0.02806868
v -0.00309012 0.00128001 0.02830361
v -0.00180117 0.00054638 0.02857738
v -0.00150762 0.00029988 0.02862265
v -0.00246289 0.00085082 0.02846174
v -0.00276127 0.00083763 0.02840863
v -0.00252050 0.00066089 0.02846174
v -0.00241578 0.00048053 0.02848112
v -0.00320186 0.00114006 0.02829593
v -0.00400545 0.00143044 0.02806484
v -0.00409589 0.00124254 0.02806100
v -0.00330412 0.00100232 0.02828825
v -0.00329561 0.00083098 0.02829593
v -0.00412508 0.00103606 0.02806484
v -0.00414497 0.00082453 0.02806868
v -0.00328045 0.00065254 0.02830360
v -0.00187315 0.00018448 0.02857738
v -0.00153716 -0.00000001 0.02862265
v -0.00258155 0.00035398 0.02846174
v -0.00287162 0.00028283 0.02840864
v -0.00260100 0.00015645 0.02846174
v -0.00246311 -0.00000001 0.02848112
v -0.00336275 0.00049348 0.02829593
v -0.00420754 0.00062149 0.02806484
v -0.00425959 0.00041955 0.02806101
v -0.00343617 0.00033844 0.02828826
v -0.00339440 0.00017205 0.02829593
v -0.00424793 0.00021134 0.02806484
v -0.00422617 -0.00000001 0.02806868
v -0.00334472 -0.00000001 0.02830361
v -0.00187316 -0.00018450 0.02857738
v -0.00150762 -0.00029990 0.02862265
v -0.00260100 -0.00015647 0.02846174
v -0.00287162 -0.00028285 0.02840863
v -0.00258155 -0.00035399 0.02846174
v -0.00241578 -0.00048055 0.02848112
v -0.00339440 -0.00017207 0.02829593
v -0.00424793 -0.00021136 0.02806484
v -0.00425959 -0.00041957 0.02806101
v -0.00343617 -0.00033845 0.02828826
v -0.00336275 -0.00049349 0.02829593
v -0.00420754 -0.00062150 0.02806484
v -0.00414497 -0.00082454 0.02806868
v -0.00328045 -0.00065255 0.02830361
v -0.00180117 -0.00054639 0.02857738
v -0.00142015 -0.00058826 0.02862266
v -0.00252050 -0.00066090 0.02846174
v -0.00276127 -0.00083765 0.02840864
v -0.00246289 -0.00085084 0.02846174
v -0.00227561 -0.00094261 0.02848112
v -0.00329561 -0.00083100 0.02829593
v -0.00412508 -0.00103607 0.02806484
v -0.00409589 -0.00124255 0.02806100
v -0.00330412 -0.00100233 0.02828826
v -0.00320186 -0.00114007 0.02829593
v -0.00400545 -0.00143045 0.02806484
v -0.00390447 -0.00161739 0.02806869
v -0.00309011 -0.00128002 0.02830361
v -0.00165996 -0.00088729 0.02857739
v -0.00127810 -0.00085401 0.02862266
v -0.00234314 -0.00113994 0.02846175
v -0.00254479 -0.00136026 0.02840865
v -0.00224957 -0.00131498 0.02846176
v -0.00204799 -0.00136846 0.02848113
v -0.00307017 -0.00145799 0.02829594
v -0.00384370 -0.00182097 0.02806485
v -0.00377479 -0.00201779 0.02806102
v -0.00304509 -0.00162770 0.02828827
v -0.00291792 -0.00174284 0.02829595
v -0.00364943 -0.00218444 0.02806486
v -0.00351393 -0.00234808 0.02806870
v -0.00278103 -0.00185830 0.02830362
v -0.00145497 -0.00119409 0.02857739
v -0.00108693 -0.00108695 0.02862266
v -0.00207573 -0.00157517 0.02846176
v -0.00223053 -0.00183060 0.02840866
v -0.00194982 -0.00172859 0.02846176
v -0.00174168 -0.00174172 0.02848113
v -0.00272675 -0.00202896 0.02829595
v -0.00341461 -0.00253590 0.02806487
v -0.00330863 -0.00271549 0.02806102
v -0.00266904 -0.00219051 0.02828828
v -0.00252186 -0.00227863 0.02829595
v -0.00315317 -0.00285448 0.02806486
v -0.00298835 -0.00298854 0.02806869
v -0.00236507 -0.00236516 0.02830362
v -0.00119406 -0.00145500 0.02857739
v -0.00085400 -0.00127812 0.02862266
v -0.00172855 -0.00194986 0.02846175
v -0.00183055 -0.00223059 0.02840865
v -0.00157513 -0.00207578 0.02846175
v -0.00136843 -0.00204804 0.02848113
v -0.00227854 -0.00252196 0.02829594
v -0.00285430 -0.00315337 0.02806486
v -0.00271532 -0.00330884 0.02806102
v -0.00219043 -0.00266915 0.02828827
v -0.00202888 -0.00272686 0.02829594
v -0.00253574 -0.00341482 0.02806485
v -0.00234793 -0.00351415 0.02806869
v -0.00185822 -0.00278114 0.02830361
v -0.00088727 -0.00165999 0.02857738
v -0.00058824 -0.00142017 0.02862266
v -0.00131495 -0.00224963 0.02846175
v -0.00136022 -0.00254486 0.02840864
v -0.00113991 -0.00234319 0.02846175
v -0.00094259 -0.00227566 0.02848113
v -0.00174277 -0.00291804 0.02829594
v -0.00218430 -0.00364965 0.02806485
v -0.00201767 -0.00377502 0.02806102
v -0.00162763 -0.00304521 0.02828827
v -0.00145793 -0.00307029 0.02829594
v -0.00182085 -0.00384393 0.02806485
v -0.00161728 -0.00390471 0.02806869
v -0.00127996 -0.00309023 0.02830361
v -0.00054638 -0.00180120 0.02857739
v -0.00029988 -0.00150764 0.02862266
v -0.00085081 -0.00246294 0.02846175
v -0.00083762 -0.00276134 0.02840864
v -0.00066088 -0.00252056 0.02846175
v -0.00048052 -0.00241583 0.02848113
v -0.00114002 -0.00320198 0.02829594
v -0.00143036 -0.00400569 0.02806485
v -0.00124247 -0.00409614 0.02806102
v -0.00100229 -0.00330424 0.02828827
v -0.00083096 -0.00329574 0.02829594
v -0.00103600 -0.00412533 0.02806485
v -0.00082448 -0.00414522 0.02806869
v -0.00065252 -0.00328057 0.02830361
v -0.00018449 -0.00187318 0.02857738
v -0.00000000 -0.00153718 0.02862266
v -0.00035397 -0.00258160 0.02846175
v -0.00028282 -0.00287170 0.02840864
v -0.00015645 -0.00260106 0.02846174
v 0.00000001 -0.00246316 0.02848112
v -0.00049346 -0.00336287 0.02829594
v -0.00062145 -0.00420779 0.02806485
v -0.00041952 -0.00425984 0.02806102
v -0.00033843 -0.00343630 0.02828827
v -0.00017205 -0.00339453 0.02829594
v -0.00021133 -0.00424818 0.02806485
v 0.00000001 -0.00422643 0.02806868
v 0.00000001 -0.00334484 0.02830361
v 0.00018449 -0.00187318 0.02857738
v 0.00029989 -0.00150764 0.02862266
v 0.00015646 -0.00260106 0.02846174
v 0.00028284 -0.00287169 0.02840864
v 0.00035399 -0.00258160 0.02846174
v 0.00048054 -0.00241583 0.02848112
v 0.00017206 -0.00339452 0.02829594
v 0.00021134 -0.00424818 0.02806485
v 0.00041954 -0.00425984 0.02806101
v 0.00033844 -0.00343629 0.02828826
v 0.00049348 -0.00336287 0.02829594
v 0.00062147 -0.00420779 0.02806485
v 0.00082450 -0.00414522 0.02806868
v 0.00065253 -0.00328057 0.02830361
v 0.00054638 -0.00180120 0.02857738
v 0.00058825 -0.00142017 0.02862266
v 0.00066089 -0.00252055 0.02846174
v 0.00083763 -0.00276134 0.02840864
v 0.00085082 -0.00246294 0.02846174
v 0.00094260 -0.00227566 0.02848112
v 0.00083097 -0.00329573 0.02829594
v 0.00103601 -0.00412532 0.02806485
v 0.00124249 -0.00409614 0.02806101
v 0.00100230 -0.00330424 0.02828826
v 0.00114003 -0.00320198 0.02829594
v 0.00143037 -0.00400569 0.02806485
v 0.00161730 -0.00390471 0.02806868
v 0.00127998 -0.00309023 0.02830361
v 0.00088728 -0.00165999 0.02857738
v 0.00085400 -0.00127812 0.02862266
v 0.00113992 -0.00234319 0.02846175
v 0.00136023 -0.00254486 0.02840864
v 0.00131496 -0.00224963 0.02846175
v 0.00136844 -0.00204804 0.02848112
v 0.00145795 -0.00307029 0.02829594
v 0.00182087 -0.00384393 0.02806485
v 0.00201768 -0.00377502 0.02806101
v 0.00162765 -0.00304520 0.02828826
v 0.00174278 -0.00291803 0.02829594
v 0.00218432 -0.00364965 0.02806485
v 0.00234795 -0.00351414 0.02806868
v 0.00185824 -0.00278113 0.02830361
v 0.00119407 -0.00145500 0.02857738
v 0.00108694 -0.00108695 0.02862265
v 0.00157514 -0.00207578 0.02846174
v 0.00183056 -0.00223059 0.02840863
v 0.00172856 -0.00194986 0.02846174
v 0.00174168 -0.00174172 0.02848111
v 0.00202889 -0.00272685 0.02829593
v 0.00253575 -0.00341481 0.02806484
v 0.00271534 -0.00330883 0.02806100
v 0.00219044 -0.00266914 0.02828826
v 0.00227855 -0.00252196 0.02829593
v 0.00285431 -0.00315336 0.02806484
v 0.00298836 -0.00298853 0.02806867
v 0.00236508 -0.00236516 0.02830360
v 0.00145498 -0.00119408 0.02857738
v 0.00127810 -0.00085401 0.02862265
v 0.00194982 -0.00172859 0.02846174
v 0.00223054 -0.00183060 0.02840863
v 0.00207573 -0.00157516 0.02846174
v 0.00204800 -0.00136846 0.02848112
v 0.00252187 -0.00227863 0.02829593
v 0.00315318 -0.00285447 0.02806484
v 0.00330864 -0.00271549 0.02806100
v 0.00266905 -0.00219051 0.02828826
v 0.00272676 -0.00202896 0.02829593
v 0.00341462 -0.00253589 0.02806484
v 0.00351394 -0.00234808 0.02806868
v 0.00278103 -0.00185829 0.02830361
v 0.00165997 -0.00088729 0.02857738
v 0.00142015 -0.00058826 0.02862266
v 0.00224958 -0.00131498 0.02846174
v 0.00254480 -0.00136026 0.02840864
v 0.00234314 -0.00113993 0.02846174
v 0.00227561 -0.00094261 0.02848112
v 0.00291793 -0.00174283 0.02829594
v 0.00364944 -0.00218443 0.02806485
v 0.00377480 -0.00201779 0.02806101
v 0.00304510 -0.00162769 0.02828826
v 0.00307018 -0.00145799 0.02829594
v 0.00384370 -0.00182097 0.02806485
v 0.00390448 -0.00161738 0.02806868
v 0.00309012 -0.00128001 0.02830361
v 0.00180117 -0.00054639 0.02857738
v 0.00150762 -0.00029989 0.02862266
v 0.00246289 -0.00085083 0.02846175
v 0.00276127 -0.00083764 0.02840864
v 0.00252051 -0.00066090 0.02846175
v 0.00241578 -0.00048054 0.02848112
v 0.00320186 -0.00114007 0.02829594
v 0.00400545 -0.00143045 0.02806485
v 0.00409590 -0.00124255 0.02806102
v 0.00330413 -0.00100233 0.02828826
v 0.00329562 -0.00083099 0.02829594
v 0.00412508 -0.00103607 0.02806485
v 0.00414497 -0.00082453 0.02806869
v 0.00328046 -0.00065255 0.02830361
v 0.00187316 -0.00018450 0.02857738
v 0.00153716 0.00000000 0.02862266
v 0.00258155 -0.00035399 0.02846174
v 0.00287163 -0.00028284 0.02840864
v 0.00260101 -0.00015646 0.02846174
v 0.00246311 0.00000000 0.02848112
v 0.00336275 -0.00049349 0.02829594
v 0.00420754 -0.00062149 0.02806485
v 0.00425959 -0.00041956 0.02806101
v 0.00343618 -0.00033845 0.02828826
v 0.00339441 -0.00017206 0.02829593
v 0.00424793 -0.00021135 0.02806484
v 0.00422618 0.00000000 0.02806868
v 0.00334472 0.00000000 0.02830361
v 0.00187316 0.00018449 0.02857738
v 0.00150762 0.00029988 0.02862265
v 0.00260101 0.00015646 0.02846174
v 0.00287162 0.00028284 0.02840863
v 0.00258155 0.00035399 0.02846174
v 0.00241578 0.00048054 0.02848112
v 0.00339440 0.00017206 0.02829593
v 0.00424793 0.00021135 0.02806484
v 0.00425959 0.00041956 0.02806101
v 0.00343617 0.00033845 0.02828826
v 0.00336275 0.00049349 0.02829593
v 0.00420754 0.00062150 0.02806484
v 0.00414497 0.00082454 0.02806868
v 0.00328045 0.00065255 0.02830360
v 0.00180117 0.00054638 0.02857738
v 0.00142015 0.00058825 0.02862265
v 0.00252050 0.00066090 0.02846174
v 0.00276127 0.00083764 0.02840863
v 0.00246289 0.00085083 0.02846174
v 0.00227561 0.00094261 0.02848112
v 0.00329561 0.00083099 0.02829593
v 0.00412508 0.00103607 0.02806484
v 0.00409589 0.00124255 0.02806100
v 0.00330412 0.00100233 0.02828826
v 0.00320186 0.00114007 0.02829593
v 0.00400545 0.00143046 0.02806484
v 0.00390448 0.00161739 0.02806868
v 0.00309012 0.00128002 0.02830361
v 0.00165997 0.00088728 0.02857738
v 0.00127810 0.00085400 0.02862266
v 0.00234314 0.00113993 0.02846174
v 0.00254480 0.00136026 0.02840864
v 0.00224958 0.00131498 0.02846174
v 0.00204800 0.00136845 0.02848112
v 0.00307018 0.00145799 0.02829594
v 0.00384370 0.00182097 0.02806485
v 0.00377480 0.00201779 0.02806101
v 0.00304509 0.00162770 0.02828826
v 0.00291793 0.00174283 0.02829593
v 0.00364944 0.00218444 0.02806485
v 0.00351394 0.00234808 0.02806868
v 0.00278103 0.00185829 0.02830361
v 0.00145498 0.00119408 0.02857738
v 0.00108694 0.00108694 0.02862265
v 0.00207573 0.00157516 0.02846174
v 0.00223054 0.00183060 0.02840864
v 0.00194982 0.00172859 0.02846174
v 0.00174168 0.00174171 0.02848112
v 0.00272676 0.00202896 0.02829593
v 0.00341461 0.00253589 0.02806484
v 0.00330864 0.00271549 0.02806101
v 0.00266905 0.00219051 0.02828826
v 0.00252187 0.00227863 0.02829593
v 0.00315318 0.00285448 0.02806484
v 0.00298836 0.00298854 0.02806868
v 0.00236508 0.00236516 0.02830361
v 0.00119407 0.00145499 0.02857738
v 0.00085400 0.00127811 0.02862266
v 0.00172856 0.00194986 0.02846174
v 0.00183055 0.00223059 0.02840864
v 0.00157513 0.00207577 0.02846174
v 0.00136843 0.00204803 0.02848112
v 0.00227855 0.00252195 0.02829593
v 0.00285431 0.00315336 0.02806484
v 0.00271533 0.00330883 0.02806101
v 0.00219043 0.00266914 0.02828826
v 0.00202888 0.00272685 0.02829593
v 0.00253574 0.00341481 0.02806484
v 0.00234793 0.00351414 0.02806868
v 0.00185822 0.00278113 0.02830361
v 0.00088727 0.00165998 0.02857738
v 0.00058824 0.00142016 0.02862266
v 0.00131495 0.00224962 0.02846174
v 0.00136022 0.00254486 0.02840864
v 0.00113991 0.00234318 0.02846174
v 0.00094259 0.00227566 0.02848112
v 0.00174277 0.00291803 0.02829594
v 0.00218430 0.00364965 0.02806485
v 0.00201766 0.00377502 0.02806101
v 0.00162763 0.00304520 0.02828826
v 0.00145793 0.00307028 0.02829594
v 0.00182085 0.00384393 0.02806485
v 0.00161728 0.00390471 0.02806868
v 0.00127996 0.00309023 0.02830361
v 0.00054638 0.00180119 0.02857738
v 0.00029988 0.00150763 0.02862266
v 0.00085081 0.00246293 0.02846174
v 0.00083762 0.00276133 0.02840864
v 0.00066088 0.00252055 0.02846174
v 0.00048053 0.00241582 0.02848112
v 0.00114002 0.00320197 0.02829594
v 0.00143036 0.00400569 0.02806485
v 0.00124247 0.00409614 0.02806101
v 0.00100229 0.00330424 0.02828826
v 0.00083096 0.00329573 0.02829593
v 0.00103600 0.00412532 0.02806484
v 0.00082448 0.00414522 0.02806868
v 0.00065252 0.00328057 0.02830361
v 0.00018449 0.00187317 0.02857738
v 0.00035398 0.00258160 0.02846174
v 0.00028283 0.00287169 0.02840864
v 0.00015646 0.00260105 0.02846174
v 0.00049347 0.00336286 0.02829593
v 0.00062145 0.00420779 0.02806484
v 0.00041953 0.00425984 0.02806101
v 0.00033843 0.00343629 0.02828826
v 0.00017205 0.00339452 0.02829593
v 0.00021133 0.00424818 0.02806484
v -0.00025436 0.00515663 0.02775337
v -0.00000000 0.00515211 0.02775491
v -0.00029997 0.00610154 0.02736556
v -0.00000000 0.00610623 0.02736595
v -0.00059896 0.00608217 0.02736518
v -0.00050706 0.00514878 0.02775184
v -0.00034699 0.00706458 0.02690546
v -0.00000000 0.00707313 0.02690546
v -0.00039424 0.00802743 0.02637713
v -0.00000000 0.00803714 0.02637713
v -0.00078753 0.00799838 0.02637713
v -0.00069314 0.00703902 0.02690546
v -0.00103762 0.00699654 0.02690546
v -0.00117893 0.00795012 0.02637713
v -0.00156749 0.00788270 0.02637713
v -0.00137961 0.00693721 0.02690546
v -0.00089598 0.00604282 0.02736556
v -0.00119110 0.00598889 0.02736594
v -0.00075644 0.00510717 0.02775337
v -0.00100503 0.00505311 0.02775491
v -0.00125539 0.00500791 0.02775337
v -0.00148439 0.00592576 0.02736556
v -0.00177386 0.00584843 0.02736518
v -0.00150171 0.00495091 0.02775183
v -0.00171826 0.00686112 0.02690546
v -0.00195225 0.00779624 0.02637713
v -0.00233233 0.00769101 0.02637714
v -0.00205278 0.00676851 0.02690546
v -0.00238236 0.00665963 0.02690546
v -0.00270679 0.00756728 0.02637713
v -0.00307473 0.00742534 0.02637714
v -0.00270620 0.00653471 0.02690546
v -0.00205750 0.00575189 0.02736556
v -0.00233643 0.00564141 0.02736594
v -0.00173818 0.00486145 0.02775337
v -0.00197145 0.00475992 0.02775490
v -0.00220818 0.00466675 0.02775337
v -0.00261177 0.00552227 0.02736556
v -0.00288059 0.00538994 0.02736518
v -0.00243864 0.00456279 0.02775184
v -0.00302350 0.00639400 0.02690546
v -0.00343525 0.00726545 0.02637713
v -0.00378749 0.00708807 0.02637714
v -0.00333353 0.00623790 0.02690547
v -0.00363554 0.00606679 0.02690546
v -0.00413063 0.00689365 0.02637713
v -0.00446382 0.00668263 0.02637713
v -0.00392879 0.00588108 0.02690546
v -0.00313995 0.00523992 0.02736556
v -0.00339197 0.00507714 0.02736595
v -0.00265311 0.00442890 0.02775338
v -0.00286210 0.00428382 0.02775491
v -0.00307611 0.00414625 0.02775338
v -0.00363878 0.00490656 0.02736556
v -0.00387662 0.00472433 0.02736518
v -0.00328186 0.00399932 0.02775184
v -0.00421256 0.00568116 0.02690546
v -0.00478623 0.00645546 0.02637713
v -0.00509711 0.00621275 0.02637713
v -0.00448618 0.00546756 0.02690546
v -0.00474901 0.00524082 0.02690546
v -0.00539574 0.00595510 0.02637713
v -0.00568137 0.00568311 0.02637713
v -0.00500041 0.00500145 0.02690546
v -0.00410173 0.00452658 0.02736556
v -0.00431716 0.00431775 0.02736594
v -0.00346610 0.00382616 0.02775338
v -0.00364276 0.00364309 0.02775491
v -0.00382582 0.00346640 0.02775337
v -0.00452596 0.00410229 0.02736556
v -0.00472368 0.00387715 0.02736518
v -0.00399896 0.00328216 0.02775184
v -0.00523972 0.00475000 0.02690546
v -0.00595328 0.00539739 0.02637713
v -0.00621085 0.00509867 0.02637714
v -0.00546643 0.00448711 0.02690547
v -0.00567998 0.00421343 0.02690547
v -0.00645349 0.00478769 0.02637713
v -0.00668059 0.00446519 0.02637714
v -0.00587986 0.00392961 0.02690547
v -0.00490589 0.00363928 0.02736556
v -0.00507644 0.00339243 0.02736595
v -0.00414588 0.00307638 0.02775338
v -0.00428344 0.00286235 0.02775491
v -0.00442851 0.00265335 0.02775337
v -0.00523920 0.00314038 0.02736556
v -0.00538921 0.00288098 0.02736518
v -0.00456239 0.00243886 0.02775184
v -0.00606553 0.00363630 0.02690547
v -0.00689155 0.00413189 0.02637714
v -0.00708591 0.00378865 0.02637714
v -0.00623660 0.00333422 0.02690547
v -0.00639267 0.00302413 0.02690546
v -0.00726324 0.00343630 0.02637714
v -0.00742307 0.00307567 0.02637714
v -0.00653335 0.00270676 0.02690546
v -0.00552152 0.00261213 0.02736556
v -0.00564064 0.00233675 0.02736594
v -0.00466634 0.00220837 0.02775337
v -0.00475950 0.00197162 0.02775490
v -0.00486102 0.00173833 0.02775337
v -0.00575110 0.00205778 0.02736556
v -0.00584763 0.00177410 0.02736517
v -0.00495048 0.00150184 0.02775183
v -0.00665824 0.00238285 0.02690546
v -0.00756497 0.00270762 0.02637713
v -0.00768866 0.00233304 0.02637714
v -0.00676710 0.00205320 0.02690546
v -0.00685969 0.00171862 0.02690546
v -0.00779386 0.00195285 0.02637713
v -0.00788029 0.00156796 0.02637714
v -0.00693577 0.00137989 0.02690546
v -0.00592495 0.00148459 0.02736556
v -0.00598807 0.00119126 0.02736594
v -0.00500747 0.00125550 0.02775337
v -0.00505266 0.00100512 0.02775490
v -0.00510672 0.00075650 0.02775337
v -0.00604199 0.00089610 0.02736556
v -0.00608133 0.00059904 0.02736518
v -0.00514832 0.00050710 0.02775184
v -0.00699508 0.00103784 0.02690546
v -0.00794768 0.00117929 0.02637713
v -0.00799594 0.00078777 0.02637714
v -0.00703755 0.00069328 0.02690547
v -0.00706310 0.00034706 0.02690547
v -0.00802497 0.00039436 0.02637714
v -0.00803467 0.00000000 0.02637714
v -0.00707164 0.00000000 0.02690547
v -0.00610069 0.00030001 0.02736556
v -0.00610539 0.00000000 0.02736595
v -0.00515617 0.00025438 0.02775337
v -0.00515165 -0.00000001 0.02775491
v -0.00515617 -0.00025439 0.02775337
v -0.00610070 -0.00030002 0.02736556
v -0.00608133 -0.00059905 0.02736518
v -0.00514832 -0.00050712 0.02775183
v -0.00706310 -0.00034706 0.02690547
v -0.00802497 -0.00039436 0.02637714
v -0.00799594 -0.00078778 0.02637713
v -0.00703755 -0.00069329 0.02690546
v -0.00699508 -0.00103785 0.02690546
v -0.00794768 -0.00117930 0.02637713
v -0.00788029 -0.00156797 0.02637713
v -0.00693577 -0.00137990 0.02690546
v -0.00604199 -0.00089611 0.02736556
v -0.00598807 -0.00119127 0.02736594
v -0.00510672 -0.00075652 0.02775337
v -0.00505266 -0.00100513 0.02775490
v -0.00500747 -0.00125551 0.02775337
v -0.00592495 -0.00148461 0.02736555
v -0.00584763 -0.00177411 0.02736517
v -0.00495048 -0.00150185 0.02775183
v -0.00685969 -0.00171863 0.02690546
v -0.00779386 -0.00195286 0.02637712
v -0.00768866 -0.00233305 0.02637712
v -0.00676710 -0.00205322 0.02690546
v -0.00665824 -0.00238286 0.02690546
v -0.00756497 -0.00270763 0.02637712
v -0.00742307 -0.00307569 0.02637712
v -0.00653335 -0.00270677 0.02690546
v -0.00575110 -0.00205779 0.02736555
v -0.00564064 -0.00233676 0.02736594
v -0.00486102 -0.00173834 0.02775337
v -0.00475950 -0.00197163 0.02775491
v -0.00466633 -0.00220838 0.02775338
v -0.00552151 -0.00261214 0.02736556
v -0.00538920 -0.00288099 0.02736518
v -0.00456238 -0.00243887 0.02775184
v -0.00639267 -0.00302415 0.02690546
v -0.00726323 -0.00343631 0.02637713
v -0.00708591 -0.00378867 0.02637713
v -0.00623660 -0.00333424 0.02690546
v -0.00606553 -0.00363631 0.02690547
v -0.00689154 -0.00413191 0.02637713
v -0.00668059 -0.00446520 0.02637714
v -0.00587986 -0.00392963 0.02690547
v -0.00523919 -0.00314039 0.02736557
v -0.00507644 -0.00339245 0.02736595
v -0.00442851 -0.00265336 0.02775338
v -0.00428343 -0.00286236 0.02775492
v -0.00414587 -0.00307639 0.02775339
v -0.00490588 -0.00363929 0.02736557
v -0.00472367 -0.00387716 0.02736519
v -0.00399896 -0.00328217 0.02775185
v -0.00567998 -0.00421345 0.02690547
v -0.00645349 -0.00478770 0.02637714
v -0.00621085 -0.00509868 0.02637714
v -0.00546642 -0.00448713 0.02690547
v -0.00523972 -0.00475001 0.02690547
v -0.00595327 -0.00539740 0.02637714
v -0.00568137 -0.00568312 0.02637714
v -0.00500040 -0.00500146 0.02690547
v -0.00452595 -0.00410231 0.02736557
v -0.00431716 -0.00431776 0.02736595
v -0.00382582 -0.00346641 0.02775339
v -0.00364276 -0.00364310 0.02775492
v -0.00346609 -0.00382617 0.02775338
v -0.00410173 -0.00452659 0.02736557
v -0.00387662 -0.00472433 0.02736518
v -0.00328186 -0.00399933 0.02775184
v -0.00474901 -0.00524083 0.02690547
v -0.00539573 -0.00595511 0.02637714
v -0.00509711 -0.00621276 0.02637714
v -0.00448617 -0.00546757 0.02690547
v -0.00421255 -0.00568117 0.02690546
v -0.00478622 -0.00645547 0.02637713
v -0.00446382 -0.00668264 0.02637713
v -0.00392879 -0.00588109 0.02690546
v -0.00363878 -0.00490657 0.02736556
v -0.00339196 -0.00507715 0.02736594
v -0.00307610 -0.00414625 0.02775338
v -0.00286210 -0.00428382 0.02775491
v -0.00265311 -0.00442891 0.02775337
v -0.00313994 -0.00523992 0.02736556
v -0.00288058 -0.00538995 0.02736518
v -0.00243864 -0.00456280 0.02775184
v -0.00363553 -0.00606680 0.02690546
v -0.00413063 -0.00689366 0.02637713
v -0.00378749 -0.00708808 0.02637713
v -0.00333352 -0.00623791 0.02690546
v -0.00302350 -0.00639401 0.02690547
v -0.00343524 -0.00726546 0.02637713
v -0.00307473 -0.00742535 0.02637714
v -0.00270619 -0.00653472 0.02690547
v -0.00261176 -0.00552228 0.02736556
v -0.00233642 -0.00564142 0.02736595
v -0.00220817 -0.00466676 0.02775338
v -0.00197144 -0.00475993 0.02775491
v -0.00173817 -0.00486146 0.02775338
v -0.00205749 -0.00575190 0.02736556
v -0.00177385 -0.00584844 0.02736518
v -0.00150170 -0.00495092 0.02775184
v -0.00238235 -0.00665964 0.02690547
v -0.00270678 -0.00756729 0.02637713
v -0.00233232 -0.00769102 0.02637714
v -0.00205277 -0.00676852 0.02690547
v -0.00171825 -0.00686113 0.02690546
v -0.00195225 -0.00779625 0.02637713
v -0.00156748 -0.00788270 0.02637713
v -0.00137960 -0.00693722 0.02690546
v -0.00148439 -0.00592577 0.02736556
v -0.00119109 -0.00598890 0.02736595
v -0.00125539 -0.00500792 0.02775338
v -0.00100503 -0.00505312 0.02775491
v -0.00075643 -0.00510718 0.02775338
v -0.00089597 -0.00604283 0.02736556
v -0.00059895 -0.00608217 0.02736518
v -0.00050706 -0.00514879 0.02775184
v -0.00103761 -0.00699655 0.02690546
v -0.00117892 -0.00795012 0.02637713
v -0.00078752 -0.00799839 0.02637714
v -0.00069313 -0.00703903 0.02690547
v -0.00034697 -0.00706458 0.02690547
v -0.00039423 -0.00802743 0.02637714
v 0.00000001 -0.00803714 0.02637714
v 0.00000001 -0.00707313 0.02690547
v -0.00029996 -0.00610154 0.02736556
v 0.00000001 -0.00610623 0.02736595
v -0.00025435 -0.00515663 0.02775338
v 0.00000001 -0.00515211 0.02775491
v 0.00025438 -0.00515663 0.02775338
v 0.00029998 -0.00610154 0.02736556
v 0.00059897 -0.00608217 0.02736518
v 0.00050708 -0.00514879 0.02775184
v 0.00034700 -0.00706458 0.02690547
v 0.00039425 -0.00802743 0.02637714
v 0.00078754 -0.00799839 0.02637714
v 0.00069315 -0.00703903 0.02690547
v 0.00103764 -0.00699654 0.02690547
v 0.00117894 -0.00795012 0.02637714
v 0.00156750 -0.00788270 0.02637714
v 0.00137962 -0.00693722 0.02690546
v 0.00089599 -0.00604283 0.02736556
v 0.00119111 -0.00598890 0.02736595
v 0.00075645 -0.00510717 0.02775337
v 0.00100505 -0.00505311 0.02775491
v 0.00125541 -0.00500792 0.02775337
v 0.00148441 -0.00592577 0.02736556
v 0.00177387 -0.00584844 0.02736518
v 0.00150172 -0.00495092 0.02775184
v 0.00171827 -0.00686113 0.02690546
v 0.00195227 -0.00779625 0.02637713
v 0.00233234 -0.00769101 0.02637713
v 0.00205279 -0.00676852 0.02690546
v 0.00238237 -0.00665963 0.02690546
v 0.00270681 -0.00756729 0.02637713
v 0.00307475 -0.00742534 0.02637713
v 0.00270622 -0.00653472 0.02690546
v 0.00205751 -0.00575190 0.02736556
v 0.00233644 -0.00564142 0.02736594
v 0.00173819 -0.00486145 0.02775337
v 0.00197146 -0.00475993 0.02775491
v 0.00220819 -0.00466675 0.02775337
v 0.00261179 -0.00552228 0.02736556
v 0.00288060 -0.00538995 0.02736518
v 0.00243866 -0.00456279 0.02775184
v 0.00302352 -0.00639401 0.02690546
v 0.00343527 -0.00726546 0.02637713
v 0.00378751 -0.00708808 0.02637713
v 0.00333355 -0.00623790 0.02690546
v 0.00363556 -0.00606680 0.02690546
v 0.00413065 -0.00689365 0.02637713
v 0.00446384 -0.00668263 0.02637713
v 0.00392881 -0.00588109 0.02690546
v 0.00313996 -0.00523992 0.02736556
v 0.00339198 -0.00507714 0.02736594
v 0.00265313 -0.00442891 0.02775337
v 0.00286211 -0.00428382 0.02775490
v 0.00307612 -0.00414625 0.02775337
v 0.00363879 -0.00490656 0.02736556
v 0.00387663 -0.00472433 0.02736517
v 0.00328188 -0.00399932 0.02775183
v 0.00421257 -0.00568117 0.02690546
v 0.00478624 -0.00645546 0.02637713
v 0.00509712 -0.00621275 0.02637713
v 0.00448619 -0.00546757 0.02690546
v 0.00474902 -0.00524082 0.02690546
v 0.00539575 -0.00595510 0.02637713
v 0.00568138 -0.00568311 0.02637713
v 0.00500042 -0.00500145 0.02690546
v 0.00410174 -0.00452658 0.02736555
v 0.00431717 -0.00431775 0.02736594
v 0.00346611 -0.00382616 0.02775336
v 0.00364277 -0.00364309 0.02775490
v 0.00382583 -0.00346641 0.02775336
v 0.00452596 -0.00410230 0.02736555
v 0.00472368 -0.00387716 0.02736517
v 0.00399897 -0.00328216 0.02775183
v 0.00523973 -0.00475000 0.02690546
v 0.00595329 -0.00539739 0.02637713
v 0.00621086 -0.00509867 0.02637713
v 0.00546643 -0.00448711 0.02690546
v 0.00567999 -0.00421344 0.02690546
v 0.00645350 -0.00478769 0.02637713
v 0.00668060 -0.00446519 0.02637713
v 0.00587987 -0.00392962 0.02690546
v 0.00490589 -0.00363928 0.02736555
v 0.00507645 -0.00339244 0.02736594
v 0.00414588 -0.00307638 0.02775337
v 0.00428344 -0.00286236 0.02775490
v 0.00442852 -0.00265335 0.02775337
v 0.00523920 -0.00314038 0.02736556
v 0.00538921 -0.00288098 0.02736518
v 0.00456239 -0.00243886 0.02775184
v 0.00606554 -0.00363630 0.02690546
v 0.00689155 -0.00413190 0.02637713
v 0.00708592 -0.00378865 0.02637713
v 0.00623661 -0.00333423 0.02690546
v 0.00639268 -0.00302413 0.02690546
v 0.00726325 -0.00343630 0.02637713
v 0.00742308 -0.00307567 0.02637713
v 0.00653336 -0.00270676 0.02690546
v 0.00552152 -0.00261213 0.02736556
v 0.00564065 -0.00233675 0.02736594
v 0.00466634 -0.00220838 0.02775337
v 0.00475951 -0.00197162 0.02775491
v 0.00486102 -0.00173833 0.02775337
v 0.00575111 -0.00205778 0.02736556
v 0.00584764 -0.00177410 0.02736518
v 0.00495048 -0.00150184 0.02775184
v 0.00665825 -0.00238285 0.02690546
v 0.00756498 -0.00270761 0.02637713
v 0.00768867 -0.00233304 0.02637714
v 0.00676711 -0.00205320 0.02690547
v 0.00685970 -0.00171862 0.02690546
v 0.00779387 -0.00195285 0.02637713
v 0.00788030 -0.00156796 0.02637714
v 0.00693577 -0.00137989 0.02690546
v 0.00592496 -0.00148460 0.02736556
v 0.00598808 -0.00119126 0.02736594
v 0.00500748 -0.00125551 0.02775337
v 0.00505267 -0.00100512 0.02775491
v 0.00510672 -0.00075651 0.02775337
v 0.00604200 -0.00089610 0.02736556
v 0.00608134 -0.00059904 0.02736518
v 0.00514833 -0.00050711 0.02775184
v 0.00699509 -0.00103784 0.02690546
v 0.00794769 -0.00117928 0.02637713
v 0.00799595 -0.00078776 0.02637714
v 0.00703756 -0.00069328 0.02690546
v 0.00706311 -0.00034705 0.02690546
v 0.00802498 -0.00039435 0.02637713
v 0.00803468 0.00000001 0.02637714
v 0.00707165 0.00000001 0.02690546
v 0.00610070 -0.00030001 0.02736556
v 0.00610539 0.00000001 0.02736594
v 0.00515617 -0.00025438 0.02775337
v 0.00515165 0.00000000 0.02775491
v 0.00515617 0.00025439 0.02775337
v 0.00610070 0.00030002 0.02736556
v 0.00608134 0.00059905 0.02736518
v 0.00514833 0.00050712 0.02775183
v 0.00706311 0.00034707 0.02690546
v 0.00802498 0.00039437 0.02637713
v 0.00799595 0.00078778 0.02637714
v 0.00703756 0.00069329 0.02690546
v 0.00699509 0.00103785 0.02690546
v 0.00794769 0.00117930 0.02637713
v 0.00788030 0.00156798 0.02637714
v 0.00693577 0.00137991 0.02690547
v 0.00604200 0.00089611 0.02736556
v 0.00598808 0.00119127 0.02736594
v 0.00510672 0.00075652 0.02775337
v 0.00505266 0.00100513 0.02775490
v 0.00500747 0.00125551 0.02775337
v 0.00592496 0.00148461 0.02736556
v 0.00584763 0.00177411 0.02736518
v 0.00495048 0.00150185 0.02775183
v 0.00685970 0.00171863 0.02690547
v 0.00779386 0.00195287 0.02637714
v 0.00768866 0.00233306 0.02637714
v 0.00676711 0.00205322 0.02690547
v 0.00665824 0.00238287 0.02690547
v 0.00756498 0.00270763 0.02637714
v 0.00742307 0.00307569 0.02637714
v 0.00653335 0.00270678 0.02690547
v 0.00575111 0.00205779 0.02736556
v 0.00564064 0.00233676 0.02736595
v 0.00486102 0.00173834 0.02775337
v 0.00475950 0.00197163 0.02775491
v 0.00466634 0.00220839 0.02775337
v 0.00552152 0.00261214 0.02736556
v 0.00538921 0.00288100 0.02736518
v 0.00456239 0.00243887 0.02775184
v 0.00639267 0.00302415 0.02690547
v 0.00726324 0.00343631 0.02637714
v 0.00708591 0.00378867 0.02637714
v 0.00623660 0.00333424 0.02690547
v 0.00606553 0.00363631 0.02690547
v 0.00689155 0.00413191 0.02637714
v 0.00668059 0.00446520 0.02637714
v 0.00587986 0.00392963 0.02690547
v 0.00523920 0.00314039 0.02736556
v 0.00507644 0.00339245 0.02736595
v 0.00442851 0.00265336 0.02775337
v 0.00428344 0.00286236 0.02775491
v 0.00414588 0.00307639 0.02775337
v 0.00490589 0.00363929 0.02736556
v 0.00472368 0.00387716 0.02736518
v 0.00399897 0.00328216 0.02775184
v 0.00567998 0.00421345 0.02690547
v 0.00645349 0.00478770 0.02637714
v 0.00621085 0.00509868 0.02637714
v 0.00546642 0.00448712 0.02690547
v 0.00523972 0.00475001 0.02690546
v 0.00595328 0.00539740 0.02637714
v 0.00568137 0.00568312 0.02637713
v 0.00500041 0.00500146 0.02690546
v 0.00452596 0.00410230 0.02736556
v 0.00431716 0.00431776 0.02736594
v 0.00382583 0.00346641 0.02775337
v 0.00364277 0.00364310 0.02775490
v 0.00346610 0.00382617 0.02775337
v 0.00410173 0.00452658 0.02736556
v 0.00387662 0.00472433 0.02736517
v 0.00328186 0.00399933 0.02775183
v 0.00474901 0.00524083 0.02690546
v 0.00539573 0.00595511 0.02637713
v 0.00509711 0.00621276 0.02637713
v 0.00448617 0.00546757 0.02690546
v 0.00421255 0.00568117 0.02690546
v 0.00478622 0.00645547 0.02637713
v 0.00446382 0.00668264 0.02637713
v 0.00392879 0.00588109 0.02690546
v 0.00363878 0.00490657 0.02736556
v 0.00339196 0.00507715 0.02736594
v 0.00307611 0.00414625 0.02775337
v 0.00286210 0.00428382 0.02775491
v 0.00265311 0.00442891 0.02775337
v 0.00313994 0.00523992 0.02736556
v 0.00288058 0.00538995 0.02736518
v 0.00243864 0.00456279 0.02775184
v 0.00363553 0.00606680 0.02690546
v 0.00413062 0.00689366 0.02637713
v 0.00378749 0.00708809 0.02637713
v 0.00333352 0.00623791 0.02690546
v 0.00302349 0.00639401 0.02690546
v 0.00343524 0.00726546 0.02637713
v 0.00307472 0.00742535 0.02637713
v 0.00270619 0.00653472 0.02690546
v 0.00261176 0.00552228 0.02736556
v 0.00233642 0.00564142 0.02736594
v 0.00220817 0.00466675 0.02775337
v 0.00197144 0.00475993 0.02775491
v 0.00173817 0.00486146 0.02775337
v 0.00205749 0.00575190 0.02736556
v 0.00177385 0.00584844 0.02736518
v 0.00150170 0.00495092 0.02775184
v 0.00238235 0.00665964 0.02690546
v 0.00270678 0.00756729 0.02637713
v 0.00233231 0.00769102 0.02637714
v 0.00205277 0.00676853 0.02690547
v 0.00171825 0.00686113 0.02690547
v 0.00195224 0.00779625 0.02637714
v 0.00156747 0.00788271 0.02637714
v 0.00137960 0.00693722 0.02690547
v 0.00148438 0.00592577 0.02736556
v 0.00119109 0.00598891 0.02736594
v 0.00125539 0.00500792 0.02775337
v 0.00100503 0.00505312 0.02775491
v 0.00075644 0.00510718 0.02775337
v 0.00089597 0.00604283 0.02736556
v 0.00059895 0.00608217 0.02736518
v 0.00050706 0.00514879 0.02775184
v 0.00103761 0.00699655 0.02690547
v 0.00117892 0.00795012 0.02637714
v 0.00078752 0.00799839 0.02637714
v 0.00069313 0.00703903 0.02690547
v 0.00034698 0.00706458 0.02690546
v 0.00039423 0.00802743 0.02637713
v 0.00029997 0.00610154 0.02736556
v 0.00025436 0.00515663 0.02775337
v -0.00044056 0.00897174 0.02578462
v -0.00000000 0.00898260 0.02578462
v -0.00048583 0.00989529 0.02513046
v -0.00000000 0.00990726 0.02513046
v -0.00097050 0.00985951 0.02513046
v -0.00088006 0.00893930 0.02578462
v -0.00052994 0.01079583 0.02441721
v -0.00000000 0.01080889 0.02441721
v -0.00057275 0.01167112 0.02364740
v -0.00000000 0.01168523 0.02364740
v -0.00114413 0.01162890 0.02364739
v -0.00105860 0.01075679 0.02441720
v -0.00158471 0.01069186 0.02441720
v -0.00171275 0.01155872 0.02364739
v -0.00227725 0.01146070 0.02364739
v -0.00210701 0.01060120 0.02441720
v -0.00145283 0.00979999 0.02513046
v -0.00193166 0.00971689 0.02513046
v -0.00131745 0.00888534 0.02578462
v -0.00175166 0.00880999 0.02578462
v -0.00218164 0.00871336 0.02578462
v -0.00240582 0.00961031 0.02513046
v -0.00287420 0.00948060 0.02513046
v -0.00260637 0.00859575 0.02578462
v -0.00262422 0.01048492 0.02441720
v -0.00283624 0.01133501 0.02364739
v -0.00338841 0.01118200 0.02364739
v -0.00313511 0.01034340 0.02441720
v -0.00363847 0.01017701 0.02441720
v -0.00393243 0.01100212 0.02364739
v -0.00446698 0.01079575 0.02364739
v -0.00413306 0.00998611 0.02441720
v -0.00333566 0.00932808 0.02513046
v -0.00378909 0.00915311 0.02513046
v -0.00302483 0.00845747 0.02578462
v -0.00343601 0.00829883 0.02578462
v -0.00383888 0.00812013 0.02578462
v -0.00423336 0.00895602 0.02513046
v -0.00466745 0.00873738 0.02513046
v -0.00423251 0.00792190 0.02578462
v -0.00461766 0.00977108 0.02441720
v -0.00499074 0.01056329 0.02364739
v -0.00550248 0.01030539 0.02364739
v -0.00509115 0.00953253 0.02441720
v -0.00555240 0.00927105 0.02441720
v -0.00600100 0.01002272 0.02364739
v -0.00648506 0.00971591 0.02364739
v -0.00600027 0.00898726 0.02441720
v -0.00509031 0.00849770 0.02513046
v -0.00550091 0.00823758 0.02513046
v -0.00461597 0.00770459 0.02578461
v -0.00498831 0.00746875 0.02578461
v -0.00534860 0.00721486 0.02578461
v -0.00589822 0.00795755 0.02513046
v -0.00628133 0.00765837 0.02513046
v -0.00569601 0.00694360 0.02578461
v -0.00643365 0.00868175 0.02441720
v -0.00695345 0.00938563 0.02364740
v -0.00740510 0.00903275 0.02364740
v -0.00685154 0.00835533 0.02441720
v -0.00725295 0.00800882 0.02441721
v -0.00783894 0.00865815 0.02364740
v -0.00825391 0.00826271 0.02364740
v -0.00763690 0.00764304 0.02441721
v -0.00664933 0.00734076 0.02513046
v -0.00700133 0.00700549 0.02513046
v -0.00602972 0.00665563 0.02578461
v -0.00634892 0.00635165 0.02578462
v -0.00665277 0.00603232 0.02578462
v -0.00733641 0.00665329 0.02513046
v -0.00765382 0.00628506 0.02513047
v -0.00694061 0.00569846 0.02578462
v -0.00800239 0.00725878 0.02441721
v -0.00864895 0.00784730 0.02364740
v -0.00902314 0.00741299 0.02364740
v -0.00834862 0.00685704 0.02441721
v -0.00867478 0.00643882 0.02441721
v -0.00937564 0.00696086 0.02364740
v -0.00970558 0.00649197 0.02364741
v -0.00898005 0.00600509 0.02441721
v -0.00795283 0.00590172 0.02513047
v -0.00823270 0.00550418 0.02513047
v -0.00721176 0.00535090 0.02578462
v -0.00746554 0.00499046 0.02578462
v -0.00770128 0.00461796 0.02578462
v -0.00849266 0.00509333 0.02513047
v -0.00873218 0.00467022 0.02513047
v -0.00791848 0.00423434 0.02578462
v -0.00926361 0.00555686 0.02441721
v -0.01001205 0.00600739 0.02364740
v -0.01029443 0.00550835 0.02364740
v -0.00952488 0.00509524 0.02441721
v -0.00976324 0.00462137 0.02441721
v -0.01055205 0.00499606 0.02364740
v -0.01078426 0.00447174 0.02364740
v -0.00997810 0.00413638 0.02441721
v -0.00895071 0.00423588 0.02513047
v -0.00914769 0.00379134 0.02513047
v -0.00811664 0.00384053 0.02578462
v -0.00829527 0.00343748 0.02578462
v -0.00845383 0.00302613 0.02578462
v -0.00932255 0.00333764 0.02513047
v -0.00947498 0.00287591 0.02513046
v -0.00859205 0.00260749 0.02578462
v -0.01016883 0.00364139 0.02441721
v -0.01099041 0.00393662 0.02364740
v -0.01117011 0.00339202 0.02364740
v -0.01033509 0.00313763 0.02441721
v -0.01047650 0.00262633 0.02441721
v -0.01132294 0.00283926 0.02364740
v -0.01144850 0.00227967 0.02364740
v -0.01059269 0.00210871 0.02441721
v -0.00960461 0.00240725 0.02513047
v -0.00971112 0.00193281 0.02513047
v -0.00870962 0.00218258 0.02578462
v -0.00880620 0.00175241 0.02578462
v -0.00888151 0.00131802 0.02578462
v -0.00979417 0.00145369 0.02513047
v -0.00985364 0.00097107 0.02513047
v -0.00893543 0.00088044 0.02578462
v -0.01068327 0.00158599 0.02441721
v -0.01154641 0.00171458 0.02364740
v -0.01161652 0.00114534 0.02364740
v -0.01074813 0.00105945 0.02441721
v -0.01078715 0.00053036 0.02441721
v -0.01165869 0.00057336 0.02364740
v -0.01167279 0.00000000 0.02364740
v -0.01080020 0.00000000 0.02441721
v -0.00988941 0.00048612 0.02513047
v -0.00990137 0.00000000 0.02513047
v -0.00896787 0.00044075 0.02578462
v -0.00897872 0.00000000 0.02578462
v -0.00896787 -0.00044075 0.02578462
v -0.00988941 -0.00048612 0.02513047
v -0.00985364 -0.00097108 0.02513046
v -0.00893544 -0.00088045 0.02578462
v -0.01078715 -0.00053037 0.02441721
v -0.01165869 -0.00057337 0.02364740
v -0.01161652 -0.00114535 0.02364740
v -0.01074813 -0.00105946 0.02441721
v -0.01068327 -0.00158600 0.02441721
v -0.01154641 -0.00171459 0.02364740
v -0.01144851 -0.00227969 0.02364740
v -0.01059269 -0.00210872 0.02441720
v -0.00979417 -0.00145370 0.02513046
v -0.00971112 -0.00193282 0.02513046
v -0.00888151 -0.00131802 0.02578462
v -0.00880620 -0.00175242 0.02578461
v -0.00870962 -0.00218259 0.02578461
v -0.00960461 -0.00240727 0.02513046
v -0.00947498 -0.00287592 0.02513046
v -0.00859205 -0.00260750 0.02578461
v -0.01047650 -0.00262634 0.02441720
v -0.01132294 -0.00283928 0.02364740
v -0.01117011 -0.00339203 0.02364740
v -0.01033509 -0.00313765 0.02441721
v -0.01016883 -0.00364140 0.02441721
v -0.01099041 -0.00393663 0.02364740
v -0.01078425 -0.00447175 0.02364740
v -0.00997808 -0.00413639 0.02441721
v -0.00932254 -0.00333765 0.02513046
v -0.00914769 -0.00379135 0.02513046
v -0.00845383 -0.00302614 0.02578461
v -0.00829527 -0.00343750 0.02578461
v -0.00811664 -0.00384055 0.02578461
v -0.00895070 -0.00423589 0.02513046
v -0.00873218 -0.00467023 0.02513046
v -0.00791848 -0.00423435 0.02578462
v -0.00976323 -0.00462138 0.02441721
v -0.01055204 -0.00499607 0.02364740
v -0.01029442 -0.00550836 0.02364740
v -0.00952487 -0.00509525 0.02441721
v -0.00926361 -0.00555687 0.02441721
v -0.01001205 -0.00600740 0.02364740
v -0.00970557 -0.00649197 0.02364740
v -0.00898005 -0.00600510 0.02441721
v -0.00849266 -0.00509334 0.02513046
v -0.00823270 -0.00550419 0.02513046
v -0.00770128 -0.00461797 0.02578462
v -0.00746553 -0.00499047 0.02578462
v -0.00721175 -0.00535091 0.02578462
v -0.00795283 -0.00590173 0.02513046
v -0.00765382 -0.00628507 0.02513047
v -0.00694060 -0.00569847 0.02578462
v -0.00867477 -0.00643883 0.02441721
v -0.00937564 -0.00696086 0.02364740
v -0.00902313 -0.00741300 0.02364740
v -0.00834862 -0.00685705 0.02441721
v -0.00800239 -0.00725879 0.02441721
v -0.00864893 -0.00784731 0.02364740
v -0.00825390 -0.00826272 0.02364740
v -0.00763689 -0.00764305 0.02441721
v -0.00733640 -0.00665330 0.02513047
v -0.00700132 -0.00700550 0.02513047
v -0.00665277 -0.00603233 0.02578462
v -0.00634891 -0.00635166 0.02578462
v -0.00602972 -0.00665565 0.02578462
v -0.00664933 -0.00734078 0.02513047
v -0.00628132 -0.00765838 0.02513046
v -0.00569600 -0.00694361 0.02578462
v -0.00725294 -0.00800883 0.02441721
v -0.00783894 -0.00865816 0.02364740
v -0.00740509 -0.00903276 0.02364740
v -0.00685153 -0.00835534 0.02441721
v -0.00643364 -0.00868176 0.02441721
v -0.00695344 -0.00938565 0.02364740
v -0.00648504 -0.00971592 0.02364740
v -0.00600026 -0.00898727 0.02441721
v -0.00589821 -0.00795757 0.02513046
v -0.00550090 -0.00823759 0.02513046
v -0.00534859 -0.00721487 0.02578462
v -0.00498830 -0.00746876 0.02578461
v -0.00461596 -0.00770460 0.02578461
v -0.00509030 -0.00849771 0.02513046
v -0.00466744 -0.00873738 0.02513046
v -0.00423251 -0.00792190 0.02578462
v -0.00555239 -0.00927106 0.02441720
v -0.00600098 -0.01002272 0.02364740
v -0.00550247 -0.01030541 0.02364739
v -0.00509114 -0.00953254 0.02441720
v -0.00461765 -0.00977109 0.02441720
v -0.00499073 -0.01056330 0.02364739
v -0.00446697 -0.01079576 0.02364739
v -0.00413305 -0.00998612 0.02441720
v -0.00423335 -0.00895603 0.02513046
v -0.00378908 -0.00915312 0.02513046
v -0.00383887 -0.00812014 0.02578462
v -0.00343600 -0.00829884 0.02578462
v -0.00302482 -0.00845748 0.02578462
v -0.00333565 -0.00932808 0.02513046
v -0.00287419 -0.00948060 0.02513046
v -0.00260636 -0.00859576 0.02578462
v -0.00363846 -0.01017701 0.02441720
v -0.00393242 -0.01100213 0.02364739
v -0.00338840 -0.01118201 0.02364740
v -0.00313510 -0.01034341 0.02441721
v -0.00262421 -0.01048493 0.02441721
v -0.00283623 -0.01133501 0.02364740
v -0.00227724 -0.01146071 0.02364740
v -0.00210700 -0.01060120 0.02441721
v -0.00240582 -0.00961032 0.02513046
v -0.00193165 -0.00971690 0.02513046
v -0.00218163 -0.00871337 0.02578462
v -0.00175165 -0.00880999 0.02578462
v -0.00131744 -0.00888534 0.02578462
v -0.00145282 -0.00980000 0.02513047
v -0.00097049 -0.00985950 0.02513046
v -0.00088005 -0.00893929 0.02578462
v -0.00158470 -0.01069186 0.02441721
v -0.00171274 -0.01155872 0.02364740
v -0.00114411 -0.01162890 0.02364740
v -0.00105858 -0.01075678 0.02441721
v -0.00052992 -0.01079583 0.02441721
v -0.00057274 -0.01167112 0.02364740
v 0.00000002 -0.01168524 0.02364739
v 0.00000002 -0.01080889 0.02441721
v -0.00048582 -0.00989529 0.02513047
v 0.00000002 -0.00990725 0.02513046
v -0.00044055 -0.00897173 0.02578462
v 0.00000001 -0.00898260 0.02578462
v 0.00044058 -0.00897173 0.02578462
v 0.00048585 -0.00989529 0.02513046
v 0.00097051 -0.00985950 0.02513046
v 0.00088008 -0.00893929 0.02578462
v 0.00052995 -0.01079583 0.02441721
v 0.00057277 -0.01167112 0.02364740
v 0.00114414 -0.01162890 0.02364739
v 0.00105861 -0.01075678 0.02441721
v 0.00158473 -0.01069186 0.02441721
v 0.00171277 -0.01155872 0.02364740
v 0.00227726 -0.01146071 0.02364740
v 0.00210703 -0.01060120 0.02441721
v 0.00145284 -0.00980000 0.02513046
v 0.00193168 -0.00971690 0.02513046
v 0.00131746 -0.00888534 0.02578462
v 0.00175167 -0.00880999 0.02578462
v 0.00218165 -0.00871337 0.02578462
v 0.00240584 -0.00961032 0.02513046
v 0.00287421 -0.00948060 0.02513046
v 0.00260638 -0.00859576 0.02578462
v 0.00262424 -0.01048492 0.02441721
v 0.00283626 -0.01133500 0.02364740
v 0.00338843 -0.01118201 0.02364740
v 0.00313513 -0.01034340 0.02441721
v 0.00363848 -0.01017701 0.02441721
v 0.00393245 -0.01100211 0.02364740
v 0.00446700 -0.01079575 0.02364740
v 0.00413308 -0.00998611 0.02441721
v 0.00333568 -0.00932808 0.02513046
v 0.00378911 -0.00915312 0.02513046
v 0.00302485 -0.00845748 0.02578462
v 0.00343602 -0.00829883 0.02578462
v 0.00383890 -0.00812014 0.02578461
v 0.00423338 -0.00895603 0.02513046
v 0.00466746 -0.00873737 0.02513046
v 0.00423253 -0.00792189 0.02578462
v 0.00461768 -0.00977108 0.02441721
v 0.00499076 -0.01056329 0.02364740
v 0.00550250 -0.01030539 0.02364740
v 0.00509117 -0.00953253 0.02441721
v 0.00555241 -0.00927105 0.02441721
v 0.00600101 -0.01002272 0.02364740
v 0.00648507 -0.00971591 0.02364740
v 0.00600029 -0.00898726 0.02441721
v 0.00509032 -0.00849770 0.02513046
v 0.00550092 -0.00823758 0.02513046
v 0.00461599 -0.00770460 0.02578462
v 0.00498833 -0.00746875 0.02578462
v 0.00534861 -0.00721486 0.02578461
v 0.00589823 -0.00795755 0.02513046
v 0.00628134 -0.00765837 0.02513046
v 0.00569602 -0.00694359 0.02578461
v 0.00643366 -0.00868174 0.02441721
v 0.00695346 -0.00938562 0.02364740
v 0.00740511 -0.00903274 0.02364740
v 0.00685155 -0.00835533 0.02441721
v 0.00725296 -0.00800882 0.02441721
v 0.00783896 -0.00865815 0.02364740
v 0.00825393 -0.00826270 0.02364740
v 0.00763691 -0.00764303 0.02441721
v 0.00664935 -0.00734076 0.02513046
v 0.00700134 -0.00700549 0.02513046
v 0.00602973 -0.00665563 0.02578461
v 0.00634893 -0.00635165 0.02578461
v 0.00665278 -0.00603232 0.02578461
v 0.00733642 -0.00665328 0.02513046
v 0.00765383 -0.00628506 0.02513046
v 0.00694062 -0.00569846 0.02578461
v 0.00800240 -0.00725878 0.02441721
v 0.00864895 -0.00784728 0.02364740
v 0.00902315 -0.00741298 0.02364740
v 0.00834863 -0.00685704 0.02441721
v 0.00867479 -0.00643881 0.02441721
v 0.00937566 -0.00696085 0.02364740
v 0.00970559 -0.00649196 0.02364740
v 0.00898005 -0.00600509 0.02441721
v 0.00795284 -0.00590172 0.02513046
v 0.00823270 -0.00550417 0.02513046
v 0.00721176 -0.00535090 0.02578461
v 0.00746555 -0.00499046 0.02578461
v 0.00770129 -0.00461796 0.02578462
v 0.00849267 -0.00509333 0.02513046
v 0.00873219 -0.00467021 0.02513046
v 0.00791849 -0.00423433 0.02578462
v 0.00926362 -0.00555685 0.02441721
v 0.01001207 -0.00600738 0.02364740
v 0.01029444 -0.00550834 0.02364740
v 0.00952489 -0.00509523 0.02441721
v 0.00976325 -0.00462136 0.02441721
v 0.01055206 -0.00499605 0.02364740
v 0.01078427 -0.00447173 0.02364740
v 0.00997810 -0.00413637 0.02441721
v 0.00895071 -0.00423587 0.02513046
v 0.00914769 -0.00379133 0.02513046
v 0.00811666 -0.00384053 0.02578462
v 0.00829527 -0.00343748 0.02578462
v 0.00845385 -0.00302613 0.02578462
v 0.00932256 -0.00333764 0.02513046
v 0.00947498 -0.00287590 0.02513046
v 0.00859206 -0.00260749 0.02578462
v 0.01016884 -0.00364138 0.02441721
v 0.01099042 -0.00393661 0.02364740
v 0.01117011 -0.00339201 0.02364740
v 0.01033510 -0.00313762 0.02441721
v 0.01047651 -0.00262632 0.02441721
v 0.01132294 -0.00283925 0.02364740
v 0.01144851 -0.00227966 0.02364740
v 0.01059269 -0.00210870 0.02441721
v 0.00960462 -0.00240725 0.02513046
v 0.00971112 -0.00193280 0.02513046
v 0.00870962 -0.00218257 0.02578462
v 0.00880621 -0.00175241 0.02578462
v 0.00888151 -0.00131801 0.02578462
v 0.00979418 -0.00145368 0.02513046
v 0.00985365 -0.00097106 0.02513046
v 0.00893544 -0.00088043 0.02578462
v 0.01068327 -0.00158598 0.02441721
v 0.01154642 -0.00171456 0.02364740
v 0.01161651 -0.00114533 0.02364740
v 0.01074813 -0.00105944 0.02441721
v 0.01078716 -0.00053035 0.02441721
v 0.01165870 -0.00057335 0.02364740
v 0.01167280 0.00000002 0.02364739
v 0.01080021 0.00000001 0.02441721
v 0.00988942 -0.00048611 0.02513046
v 0.00990138 0.00000001 0.02513046
v 0.00896788 -0.00044074 0.02578462
v 0.00897873 0.00000001 0.02578462
v 0.00896788 0.00044076 0.02578462
v 0.00988942 0.00048613 0.02513046
v 0.00985365 0.00097109 0.02513046
v 0.00893544 0.00088046 0.02578462
v 0.01078716 0.00053038 0.02441721
v 0.01165870 0.00057338 0.02364740
v 0.01161651 0.00114536 0.02364740
v 0.01074813 0.00105947 0.02441721
v 0.01068327 0.00158601 0.02441721
v 0.01154641 0.00171459 0.02364740
v 0.01144851 0.00227969 0.02364740
v 0.01059268 0.00210873 0.02441721
v 0.00979418 0.00145371 0.02513047
v 0.00971112 0.00193283 0.02513046
v 0.00888151 0.00131803 0.02578462
v 0.00880621 0.00175243 0.02578462
v 0.00870962 0.00218260 0.02578462
v 0.00960460 0.00240727 0.02513046
v 0.00947497 0.00287592 0.02513046
v 0.00859206 0.00260751 0.02578462
v 0.01047650 0.00262635 0.02441721
v 0.01132294 0.00283928 0.02364740
v 0.01117010 0.00339204 0.02364740
v 0.01033508 0.00313765 0.02441721
v 0.01016883 0.00364141 0.02441721
v 0.01099041 0.00393664 0.02364740
v 0.01078426 0.00447176 0.02364740
v 0.00997809 0.00413640 0.02441721
v 0.00932255 0.00333766 0.02513046
v 0.00914768 0.00379136 0.02513046
v 0.00845384 0.00302615 0.02578462
v 0.00829526 0.00343750 0.02578462
v 0.00811664 0.00384055 0.02578462
v 0.00895071 0.00423590 0.02513047
v 0.00873218 0.00467024 0.02513047
v 0.00791848 0.00423435 0.02578462
v 0.00976324 0.00462139 0.02441721
v 0.01055204 0.00499608 0.02364740
v 0.01029442 0.00550836 0.02364740
v 0.00952487 0.00509526 0.02441721
v 0.00926360 0.00555687 0.02441721
v 0.01001205 0.00600741 0.02364740
v 0.00970556 0.00649198 0.02364740
v 0.00898004 0.00600511 0.02441721
v 0.00849266 0.00509335 0.02513047
v 0.00823269 0.00550419 0.02513047
v 0.00770128 0.00461797 0.02578462
v 0.00746554 0.00499047 0.02578462
v 0.00721175 0.00535091 0.02578462
v 0.00795283 0.00590174 0.02513047
v 0.00765382 0.00628507 0.02513047
v 0.00694060 0.00569847 0.02578462
v 0.00867477 0.00643883 0.02441721
v 0.00937564 0.00696087 0.02364740
v 0.00902313 0.00741300 0.02364740
v 0.00834861 0.00685706 0.02441721
v 0.00800238 0.00725879 0.02441721
v 0.00864893 0.00784731 0.02364741
v 0.00825390 0.00826272 0.02364741
v 0.00763689 0.00764305 0.02441721
v 0.00733640 0.00665330 0.02513047
v 0.00700132 0.00700550 0.02513047
v 0.00665277 0.00603233 0.02578462
v 0.00634891 0.00635166 0.02578462
v 0.00602972 0.00665565 0.02578462
v 0.00664933 0.00734078 0.02513047
v 0.00628132 0.00765838 0.02513047
v 0.00569600 0.00694361 0.02578462
v 0.00725294 0.00800884 0.02441722
v 0.00783893 0.00865817 0.02364741
v 0.00740509 0.00903277 0.02364741
v 0.00685153 0.00835535 0.02441721
v 0.00643364 0.00868176 0.02441721
v 0.00695343 0.00938565 0.02364741
v 0.00648504 0.00971593 0.02364740
v 0.00600026 0.00898727 0.02441721
v 0.00589821 0.00795757 0.02513047
v 0.00550090 0.00823760 0.02513047
v 0.00534859 0.00721487 0.02578462
v 0.00498830 0.00746876 0.02578462
v 0.00461596 0.00770461 0.02578462
v 0.00509029 0.00849772 0.02513046
v 0.00466744 0.00873738 0.02513046
v 0.00423250 0.00792190 0.02578462
v 0.00555238 0.00927108 0.02441721
v 0.00600098 0.01002273 0.02364740
v 0.00550247 0.01030541 0.02364740
v 0.00509114 0.00953254 0.02441721
v 0.00461765 0.00977110 0.02441721
v 0.00499072 0.01056330 0.02364740
v 0.00446697 0.01079576 0.02364740
v 0.00413304 0.00998612 0.02441721
v 0.00423335 0.00895603 0.02513046
v 0.00378908 0.00915312 0.02513046
v 0.00383887 0.00812015 0.02578462
v 0.00343600 0.00829885 0.02578462
v 0.00302482 0.00845748 0.02578462
v 0.00333565 0.00932810 0.02513046
v 0.00287418 0.00948061 0.02513046
v 0.00260635 0.00859576 0.02578462
v 0.00363845 0.01017702 0.02441721
v 0.00393242 0.01100213 0.02364740
v 0.00338839 0.01118203 0.02364740
v 0.00313510 0.01034341 0.02441721
v 0.00262420 0.01048493 0.02441721
v 0.00283622 0.01133501 0.02364740
v 0.00227723 0.01146071 0.02364740
v 0.00210700 0.01060122 0.02441721
v 0.00240581 0.00961033 0.02513047
v 0.00193165 0.00971690 0.02513046
v 0.00218162 0.00871337 0.02578462
v 0.00175165 0.00881000 0.02578462
v 0.00131744 0.00888534 0.02578462
v 0.00145282 0.00980000 0.02513046
v 0.00097049 0.00985951 0.02513046
v 0.00088005 0.00893930 0.02578462
v 0.00158470 0.01069186 0.02441721
v 0.00171274 0.01155872 0.02364740
v 0.00114412 0.01162890 0.02364740
v 0.00105859 0.01075679 0.02441721
v 0.00052993 0.01079583 0.02441721
v 0.00057274 0.01167112 0.02364740
v 0.00048583 0.00989529 0.02513046
v 0.00044056 0.00897175 0.02578462
v -0.00061416 0.01251891 0.02282357
v -0.00000000 0.01253405 0.02282357
v -0.00065405 0.01333714 0.02194864
v -0.00000000 0.01335327 0.02194864
v -0.00130653 0.01328889 0.02194864
v -0.00122685 0.01247362 0.02282357
v -0.00069231 0.01412374 0.02102551
v -0.00000000 0.01414082 0.02102552
v -0.00072883 0.01487665 0.02005709
v -0.00000000 0.01489463 0.02005709
v -0.00145590 0.01482282 0.02005709
v -0.00138296 0.01407265 0.02102551
v -0.00207028 0.01398772 0.02102551
v -0.00217948 0.01473338 0.02005709
v -0.00289780 0.01460844 0.02005709
v -0.00275261 0.01386911 0.02102552
v -0.00195587 0.01320869 0.02194864
v -0.00260049 0.01309669 0.02194864
v -0.00183658 0.01239834 0.02282357
v -0.00244189 0.01229321 0.02282357
v -0.00304130 0.01215838 0.02282357
v -0.00323883 0.01295304 0.02194864
v -0.00386938 0.01277822 0.02194864
v -0.00363339 0.01199427 0.02282357
v -0.00342829 0.01371699 0.02102552
v -0.00360912 0.01444821 0.02005709
v -0.00431176 0.01425320 0.02005709
v -0.00409573 0.01353185 0.02102552
v -0.00475331 0.01331416 0.02102551
v -0.00500402 0.01402391 0.02005709
v -0.00568424 0.01376085 0.02005709
v -0.00539945 0.01306442 0.02102552
v -0.00449063 0.01257265 0.02194864
v -0.00510105 0.01233683 0.02194864
v -0.00421674 0.01180132 0.02282357
v -0.00478994 0.01157995 0.02282357
v -0.00535156 0.01133061 0.02282357
v -0.00569915 0.01207117 0.02194864
v -0.00628354 0.01177647 0.02194864
v -0.00590031 0.01105398 0.02282357
v -0.00603253 0.01278311 0.02102552
v -0.00635072 0.01346455 0.02005709
v -0.00700191 0.01313582 0.02005709
v -0.00665110 0.01247102 0.02102552
v -0.00725368 0.01212894 0.02102552
v -0.00763627 0.01277551 0.02005710
v -0.00825224 0.01238444 0.02005710
v -0.00783878 0.01175767 0.02102552
v -0.00685281 0.01145345 0.02194864
v -0.00740558 0.01110284 0.02194865
v -0.00643486 0.01075077 0.02282357
v -0.00695392 0.01042168 0.02282357
v -0.00745617 0.01006741 0.02282357
v -0.00794046 0.01072541 0.02194865
v -0.00845622 0.01032216 0.02194865
v -0.00794048 0.00968889 0.02282358
v -0.00840495 0.01135798 0.02102552
v -0.00884828 0.01196346 0.02005710
v -0.00942299 0.01151364 0.02005710
v -0.00895088 0.01093094 0.02102552
v -0.00947529 0.01047762 0.02102552
v -0.00997506 0.01103615 0.02005710
v -0.01050311 0.01053210 0.02005710
v -0.00997688 0.00999907 0.02102552
v -0.00895165 0.00989409 0.02194865
v -0.00942552 0.00944219 0.02194865
v -0.00840569 0.00928708 0.02282358
v -0.00885066 0.00886291 0.02282358
v -0.00927424 0.00841733 0.02282358
v -0.00987662 0.00896748 0.02194865
v -0.01030394 0.00847118 0.02194865
v -0.00967550 0.00795147 0.02282358
v -0.01045437 0.00949636 0.02102552
v -0.01100578 0.01000259 0.02005710
v -0.01148196 0.00944900 0.02005710
v -0.01090668 0.00897079 0.02102553
v -0.01133277 0.00842365 0.02102553
v -0.01193052 0.00887269 0.02005710
v -0.01235035 0.00827502 0.02005710
v -0.01173157 0.00785622 0.02102553
v -0.01070648 0.00795450 0.02194866
v -0.01108324 0.00741868 0.02194866
v -0.01005349 0.00746650 0.02282358
v -0.01040728 0.00696355 0.02282358
v -0.01073592 0.00644377 0.02282358
v -0.01143323 0.00686493 0.02194866
v -0.01175568 0.00629465 0.02194865
v -0.01103870 0.00590848 0.02282358
v -0.01210203 0.00726981 0.02102553
v -0.01274035 0.00765735 0.02005710
v -0.01309968 0.00702124 0.02005710
v -0.01244335 0.00666590 0.02102553
v -0.01275474 0.00604595 0.02102553
v -0.01342750 0.00636825 0.02005710
v -0.01372299 0.00569993 0.02005710
v -0.01303542 0.00541146 0.02102553
v -0.01204987 0.00570923 0.02194866
v -0.01231505 0.00511007 0.02194865
v -0.01131495 0.00535897 0.02282358
v -0.01156395 0.00479657 0.02282358
v -0.01178501 0.00422258 0.02282358
v -0.01255046 0.00449857 0.02194866
v -0.01275566 0.00387622 0.02194865
v -0.01197769 0.00363842 0.02282358
v -0.01328461 0.00476388 0.02102553
v -0.01398531 0.00501783 0.02005710
v -0.01421397 0.00432366 0.02005710
v -0.01350181 0.00410484 0.02102553
v -0.01368655 0.00343592 0.02102553
v -0.01440844 0.00361908 0.02005711
v -0.01456823 0.00290579 0.02005711
v -0.01383833 0.00275873 0.02102553
v -0.01293018 0.00324456 0.02194866
v -0.01307358 0.00260509 0.02194866
v -0.01214158 0.00304551 0.02282358
v -0.01227622 0.00244527 0.02282358
v -0.01238120 0.00183912 0.02282358
v -0.01318538 0.00195932 0.02194866
v -0.01326544 0.00130884 0.02194866
v -0.01245638 0.00122854 0.02282358
v -0.01395667 0.00207488 0.02102553
v -0.01469282 0.00218548 0.02005711
v -0.01478203 0.00145991 0.02005711
v -0.01404142 0.00138603 0.02102553
v -0.01409240 0.00069384 0.02102553
v -0.01483571 0.00073083 0.02005711
v -0.01485365 -0.00000001 0.02005711
v -0.01410944 -0.00000001 0.02102553
v -0.01331360 0.00065520 0.02194866
v -0.01332970 -0.00000001 0.02194866
v -0.01250160 0.00061501 0.02282358
v -0.01251672 -0.00000001 0.02282358
v -0.01250160 -0.00061502 0.02282358
v -0.01331360 -0.00065522 0.02194866
v -0.01326544 -0.00130885 0.02194865
v -0.01245638 -0.00122855 0.02282358
v -0.01409240 -0.00069386 0.02102553
v -0.01483571 -0.00073085 0.02005710
v -0.01478203 -0.00145993 0.02005710
v -0.01404142 -0.00138605 0.02102552
v -0.01395667 -0.00207490 0.02102552
v -0.01469282 -0.00218551 0.02005709
v -0.01456823 -0.00290581 0.02005709
v -0.01383833 -0.00275875 0.02102552
v -0.01318538 -0.00195934 0.02194865
v -0.01307357 -0.00260511 0.02194865
v -0.01238120 -0.00183913 0.02282358
v -0.01227622 -0.00244528 0.02282358
v -0.01214158 -0.00304552 0.02282358
v -0.01293018 -0.00324458 0.02194865
v -0.01275565 -0.00387624 0.02194865
v -0.01197769 -0.00363843 0.02282358
v -0.01368655 -0.00343593 0.02102552
v -0.01440844 -0.00361910 0.02005709
v -0.01421396 -0.00432367 0.02005710
v -0.01350181 -0.00410485 0.02102552
v -0.01328461 -0.00476390 0.02102553
v -0.01398531 -0.00501785 0.02005710
v -0.01372297 -0.00569994 0.02005710
v -0.01303542 -0.00541147 0.02102553
v -0.01255045 -0.00449858 0.02194866
v -0.01231505 -0.00511008 0.02194866
v -0.01178500 -0.00422259 0.02282358
v -0.01156394 -0.00479658 0.02282358
v -0.01131494 -0.00535898 0.02282358
v -0.01204986 -0.00570924 0.02194866
v -0.01175568 -0.00629466 0.02194865
v -0.01103870 -0.00590848 0.02282358
v -0.01275473 -0.00604596 0.02102553
v -0.01342748 -0.00636826 0.02005710
v -0.01309966 -0.00702125 0.02005710
v -0.01244335 -0.00666591 0.02102553
v -0.01210202 -0.00726982 0.02102552
v -0.01274034 -0.00765736 0.02005710
v -0.01235035 -0.00827502 0.02005710
v -0.01173156 -0.00785623 0.02102552
v -0.01143322 -0.00686494 0.02194865
v -0.01108324 -0.00741869 0.02194865
v -0.01073592 -0.00644378 0.02282358
v -0.01040727 -0.00696355 0.02282358
v -0.01005349 -0.00746650 0.02282358
v -0.01070648 -0.00795451 0.02194865
v -0.01030394 -0.00847118 0.02194865
v -0.00967550 -0.00795148 0.02282358
v -0.01133276 -0.00842365 0.02102552
v -0.01193052 -0.00887270 0.02005710
v -0.01148195 -0.00944901 0.02005710
v -0.01090667 -0.00897080 0.02102553
v -0.01045437 -0.00949637 0.02102553
v -0.01100578 -0.01000260 0.02005711
v -0.01050310 -0.01053211 0.02005711
v -0.00997688 -0.00999907 0.02102553
v -0.00987661 -0.00896749 0.02194866
v -0.00942552 -0.00944220 0.02194866
v -0.00927424 -0.00841734 0.02282358
v -0.00885065 -0.00886292 0.02282358
v -0.00840568 -0.00928709 0.02282358
v -0.00895164 -0.00989409 0.02194866
v -0.00845622 -0.01032217 0.02194866
v -0.00794047 -0.00968891 0.02282358
v -0.00947528 -0.01047763 0.02102553
v -0.00997506 -0.01103616 0.02005711
v -0.00942299 -0.01151365 0.02005711
v -0.00895087 -0.01093095 0.02102553
v -0.00840495 -0.01135799 0.02102553
v -0.00884826 -0.01196345 0.02005710
v -0.00825223 -0.01238445 0.02005710
v -0.00783877 -0.01175768 0.02102552
v -0.00794045 -0.01072542 0.02194866
v -0.00740558 -0.01110284 0.02194865
v -0.00745616 -0.01006742 0.02282358
v -0.00695391 -0.01042168 0.02282358
v -0.00643485 -0.01075078 0.02282358
v -0.00685280 -0.01145345 0.02194865
v -0.00628353 -0.01177648 0.02194864
v -0.00590030 -0.01105398 0.02282357
v -0.00725367 -0.01212895 0.02102552
v -0.00763626 -0.01277552 0.02005710
v -0.00700191 -0.01313583 0.02005709
v -0.00665109 -0.01247102 0.02102552
v -0.00603253 -0.01278312 0.02102551
v -0.00635071 -0.01346456 0.02005709
v -0.00568423 -0.01376086 0.02005709
v -0.00539944 -0.01306443 0.02102551
v -0.00569915 -0.01207118 0.02194864
v -0.00510105 -0.01233683 0.02194864
v -0.00535155 -0.01133062 0.02282357
v -0.00478993 -0.01157995 0.02282357
v -0.00421673 -0.01180133 0.02282357
v -0.00449062 -0.01257266 0.02194864
v -0.00386937 -0.01277822 0.02194865
v -0.00363338 -0.01199428 0.02282357
v -0.00475330 -0.01331417 0.02102552
v -0.00500402 -0.01402391 0.02005709
v -0.00431175 -0.01425320 0.02005710
v -0.00409572 -0.01353185 0.02102552
v -0.00342829 -0.01371700 0.02102552
v -0.00360911 -0.01444822 0.02005710
v -0.00289779 -0.01460845 0.02005710
v -0.00275260 -0.01386912 0.02102553
v -0.00323883 -0.01295305 0.02194865
v -0.00260048 -0.01309670 0.02194865
v -0.00304129 -0.01215838 0.02282358
v -0.00244188 -0.01229321 0.02282358
v -0.00183657 -0.01239835 0.02282358
v -0.00195586 -0.01320870 0.02194866
v -0.00130652 -0.01328890 0.02194865
v -0.00122683 -0.01247363 0.02282358
v -0.00207027 -0.01398773 0.02102553
v -0.00217946 -0.01473338 0.02005710
v -0.00145589 -0.01482284 0.02005710
v -0.00138294 -0.01407266 0.02102553
v -0.00069229 -0.01412374 0.02102553
v -0.00072881 -0.01487665 0.02005710
v 0.00000002 -0.01489464 0.02005710
v 0.00000002 -0.01414083 0.02102553
v -0.00065404 -0.01333714 0.02194865
v 0.00000002 -0.01335328 0.02194865
v -0.00061414 -0.01251891 0.02282358
v 0.00000002 -0.01253405 0.02282358
v 0.00061418 -0.01251891 0.02282358
v 0.00065407 -0.01333714 0.02194865
v 0.00130655 -0.01328890 0.02194865
v 0.00122686 -0.01247363 0.02282358
v 0.00069233 -0.01412374 0.02102553
v 0.00072885 -0.01487665 0.02005711
v 0.00145592 -0.01482283 0.02005711
v 0.00138298 -0.01407265 0.02102553
v 0.00207030 -0.01398772 0.02102553
v 0.00217950 -0.01473337 0.02005711
v 0.00289782 -0.01460844 0.02005711
v 0.00275263 -0.01386910 0.02102553
v 0.00195589 -0.01320870 0.02194866
v 0.00260051 -0.01309669 0.02194865
v 0.00183660 -0.01239835 0.02282358
v 0.00244191 -0.01229321 0.02282358
v 0.00304132 -0.01215838 0.02282358
v 0.00323885 -0.01295305 0.02194866
v 0.00386940 -0.01277821 0.02194865
v 0.00363341 -0.01199427 0.02282358
v 0.00342832 -0.01371699 0.02102553
v 0.00360914 -0.01444821 0.02005711
v 0.00431178 -0.01425319 0.02005711
v 0.00409575 -0.01353185 0.02102553
v 0.00475333 -0.01331415 0.02102553
v 0.00500405 -0.01402390 0.02005711
v 0.00568426 -0.01376085 0.02005711
v 0.00539947 -0.01306442 0.02102553
v 0.00449065 -0.01257265 0.02194866
v 0.00510107 -0.01233681 0.02194866
v 0.00421676 -0.01180132 0.02282358
v 0.00478996 -0.01157995 0.02282358
v 0.00535158 -0.01133061 0.02282358
v 0.00569918 -0.01207117 0.02194866
v 0.00628356 -0.01177646 0.02194866
v 0.00590033 -0.01105398 0.02282358
v 0.00603256 -0.01278311 0.02102553
v 0.00635074 -0.01346454 0.02005711
v 0.00700194 -0.01313581 0.02005711
v 0.00665113 -0.01247102 0.02102553
v 0.00725370 -0.01212894 0.02102553
v 0.00763630 -0.01277550 0.02005711
v 0.00825226 -0.01238442 0.02005711
v 0.00783881 -0.01175766 0.02102553
v 0.00685284 -0.01145343 0.02194866
v 0.00740561 -0.01110283 0.02194866
v 0.00643488 -0.01075076 0.02282358
v 0.00695394 -0.01042168 0.02282358
v 0.00745619 -0.01006739 0.02282358
v 0.00794047 -0.01072540 0.02194866
v 0.00845624 -0.01032215 0.02194866
v 0.00794050 -0.00968888 0.02282358
v 0.00840497 -0.01135796 0.02102553
v 0.00884829 -0.01196344 0.02005711
v 0.00942302 -0.01151363 0.02005711
v 0.00895090 -0.01093093 0.02102553
v 0.00947531 -0.01047761 0.02102553
v 0.00997509 -0.01103615 0.02005711
v 0.01050313 -0.01053209 0.02005711
v 0.00997690 -0.00999906 0.02102553
v 0.00895166 -0.00989408 0.02194866
v 0.00942554 -0.00944218 0.02194866
v 0.00840570 -0.00928708 0.02282358
v 0.00885068 -0.00886291 0.02282358
v 0.00927426 -0.00841732 0.02282358
v 0.00987663 -0.00896747 0.02194866
v 0.01030396 -0.00847117 0.02194866
v 0.00967551 -0.00795146 0.02282358
v 0.01045438 -0.00949636 0.02102553
v 0.01100580 -0.01000257 0.02005711
v 0.01148196 -0.00944899 0.02005711
v 0.01090670 -0.00897078 0.02102553
v 0.01133279 -0.00842363 0.02102553
v 0.01193053 -0.00887268 0.02005711
v 0.01235037 -0.00827500 0.02005711
v 0.01173159 -0.00785621 0.02102553
v 0.01070650 -0.00795449 0.02194866
v 0.01108326 -0.00741867 0.02194866
v 0.01005351 -0.00746649 0.02282359
v 0.01040729 -0.00696353 0.02282358
v 0.01073593 -0.00644376 0.02282358
v 0.01143324 -0.00686492 0.02194866
v 0.01175570 -0.00629464 0.02194865
v 0.01103872 -0.00590846 0.02282358
v 0.01210204 -0.00726980 0.02102553
v 0.01274035 -0.00765733 0.02005710
v 0.01309968 -0.00702123 0.02005710
v 0.01244336 -0.00666588 0.02102553
v 0.01275476 -0.00604594 0.02102552
v 0.01342751 -0.00636823 0.02005710
v 0.01372299 -0.00569991 0.02005710
v 0.01303544 -0.00541144 0.02102552
v 0.01204988 -0.00570922 0.02194865
v 0.01231506 -0.00511006 0.02194865
v 0.01131496 -0.00535896 0.02282358
v 0.01156396 -0.00479656 0.02282357
v 0.01178502 -0.00422257 0.02282357
v 0.01255047 -0.00449855 0.02194865
v 0.01275566 -0.00387621 0.02194865
v 0.01197769 -0.00363841 0.02282358
v 0.01328462 -0.00476387 0.02102552
v 0.01398532 -0.00501782 0.02005710
v 0.01421398 -0.00432364 0.02005710
v 0.01350182 -0.00410482 0.02102552
v 0.01368656 -0.00343591 0.02102553
v 0.01440846 -0.00361907 0.02005710
v 0.01456824 -0.00290578 0.02005710
v 0.01383833 -0.00275872 0.02102553
v 0.01293019 -0.00324455 0.02194865
v 0.01307358 -0.00260508 0.02194865
v 0.01214158 -0.00304550 0.02282358
v 0.01227622 -0.00244526 0.02282358
v 0.01238121 -0.00183911 0.02282358
v 0.01318539 -0.00195931 0.02194865
v 0.01326544 -0.00130883 0.02194865
v 0.01245638 -0.00122853 0.02282358
v 0.01395668 -0.00207487 0.02102553
v 0.01469283 -0.00218548 0.02005710
v 0.01478204 -0.00145990 0.02005710
v 0.01404142 -0.00138602 0.02102553
v 0.01409240 -0.00069383 0.02102552
v 0.01483570 -0.00073082 0.02005710
v 0.01485365 0.00000002 0.02005710
v 0.01410945 0.00000002 0.02102553
v 0.01331360 -0.00065519 0.02194865
v 0.01332971 0.00000002 0.02194865
v 0.01250161 -0.00061500 0.02282358
v 0.01251673 0.00000002 0.02282358
v 0.01250161 0.00061503 0.02282358
v 0.01331360 0.00065523 0.02194865
v 0.01326544 0.00130886 0.02194865
v 0.01245638 0.00122856 0.02282358
v 0.01409240 0.00069387 0.02102553
v 0.01483570 0.00073086 0.02005710
v 0.01478204 0.00145994 0.02005711
v 0.01404142 0.00138606 0.02102553
v 0.01395668 0.00207491 0.02102553
v 0.01469283 0.00218552 0.02005711
v 0.01456824 0.00290582 0.02005711
v 0.01383833 0.00275876 0.02102553
v 0.01318538 0.00195935 0.02194866
v 0.01307358 0.00260511 0.02194866
v 0.01238121 0.00183914 0.02282358
v 0.01227622 0.00244529 0.02282358
v 0.01214157 0.00304553 0.02282358
v 0.01293019 0.00324459 0.02194866
v 0.01275566 0.00387625 0.02194865
v 0.01197769 0.00363844 0.02282358
v 0.01368655 0.00343594 0.02102553
v 0.01440844 0.00361911 0.02005711
v 0.01421397 0.00432368 0.02005710
v 0.01350182 0.00410486 0.02102553
v 0.01328460 0.00476391 0.02102553
v 0.01398531 0.00501786 0.02005710
v 0.01372298 0.00569995 0.02005710
v 0.01303542 0.00541148 0.02102553
v 0.01255046 0.00449859 0.02194865
v 0.01231504 0.00511009 0.02194865
v 0.01178501 0.00422260 0.02282358
v 0.01156395 0.00479659 0.02282358
v 0.01131494 0.00535899 0.02282358
v 0.01204986 0.00570925 0.02194865
v 0.01175567 0.00629467 0.02194865
v 0.01103870 0.00590849 0.02282358
v 0.01275473 0.00604597 0.02102552
v 0.01342748 0.00636827 0.02005710
v 0.01309966 0.00702126 0.02005710
v 0.01244333 0.00666592 0.02102553
v 0.01210201 0.00726983 0.02102553
v 0.01274034 0.00765737 0.02005710
v 0.01235034 0.00827503 0.02005710
v 0.01173156 0.00785624 0.02102553
v 0.01143321 0.00686495 0.02194865
v 0.01108323 0.00741870 0.02194865
v 0.01073590 0.00644379 0.02282358
v 0.01040727 0.00696356 0.02282358
v 0.01005348 0.00746651 0.02282358
v 0.01070647 0.00795452 0.02194866
v 0.01030393 0.00847119 0.02194866
v 0.00967549 0.00795149 0.02282358
v 0.01133275 0.00842366 0.02102553
v 0.01193050 0.00887270 0.02005710
v 0.01148194 0.00944902 0.02005710
v 0.01090667 0.00897081 0.02102553
v 0.01045435 0.00949638 0.02102553
v 0.01100576 0.01000261 0.02005711
v 0.01050310 0.01053211 0.02005711
v 0.00997687 0.00999909 0.02102553
v 0.00987661 0.00896749 0.02194866
v 0.00942551 0.00944220 0.02194866
v 0.00927423 0.00841734 0.02282358
v 0.00885065 0.00886294 0.02282359
v 0.00840568 0.00928710 0.02282359
v 0.00895164 0.00989410 0.02194866
v 0.00845621 0.01032217 0.02194866
v 0.00794047 0.00968891 0.02282359
v 0.00947527 0.01047764 0.02102553
v 0.00997504 0.01103617 0.02005711
v 0.00942298 0.01151366 0.02005710
v 0.00895086 0.01093096 0.02102553
v 0.00840493 0.01135799 0.02102553
v 0.00884825 0.01196346 0.02005710
v 0.00825222 0.01238445 0.02005710
v 0.00783877 0.01175768 0.02102553
v 0.00794045 0.01072543 0.02194866
v 0.00740557 0.01110285 0.02194865
v 0.00745616 0.01006742 0.02282358
v 0.00695390 0.01042170 0.02282358
v 0.00643484 0.01075079 0.02282358
v 0.00685280 0.01145345 0.02194866
v 0.00628352 0.01177648 0.02194865
v 0.00590029 0.01105400 0.02282358
v 0.00725366 0.01212896 0.02102553
v 0.00763625 0.01277552 0.02005710
v 0.00700189 0.01313583 0.02005710
v 0.00665108 0.01247103 0.02102553
v 0.00603251 0.01278313 0.02102553
v 0.00635070 0.01346456 0.02005711
v 0.00568422 0.01376086 0.02005711
v 0.00539942 0.01306443 0.02102553
v 0.00569914 0.01207118 0.02194866
v 0.00510103 0.01233683 0.02194865
v 0.00535155 0.01133063 0.02282358
v 0.00478992 0.01157997 0.02282358
v 0.00421672 0.01180134 0.02282358
v 0.00449061 0.01257266 0.02194866
v 0.00386936 0.01277822 0.02194865
v 0.00363337 0.01199428 0.02282358
v 0.00475329 0.01331417 0.02102553
v 0.00500400 0.01402391 0.02005711
v 0.00431173 0.01425320 0.02005711
v 0.00409570 0.01353185 0.02102553
v 0.00342827 0.01371701 0.02102553
v 0.00360910 0.01444822 0.02005710
v 0.00289778 0.01460844 0.02005710
v 0.00275259 0.01386912 0.02102553
v 0.00323881 0.01295306 0.02194866
v 0.00260047 0.01309671 0.02194865
v 0.00304128 0.01215839 0.02282358
v 0.00244187 0.01229322 0.02282358
v 0.00183656 0.01239835 0.02282358
v 0.00195585 0.01320871 0.02194865
v 0.00130652 0.01328890 0.02194865
v 0.00122683 0.01247363 0.02282358
v 0.00207026 0.01398772 0.02102552
v 0.00217946 0.01473338 0.02005710
v 0.00145589 0.01482284 0.02005709
v 0.00138294 0.01407265 0.02102552
v 0.00069230 0.01412374 0.02102552
v 0.00072882 0.01487665 0.02005709
v 0.00065404 0.01333714 0.02194865
v 0.00061415 0.01251891 0.02282357
v -0.00076349 0.01559377 0.01904628
v -0.00000000 0.01561263 0.01904628
v -0.00079620 0.01627340 0.01799595
v -0.00000000 0.01629309 0.01799595
v -0.00159048 0.01621454 0.01799595
v -0.00152514 0.01553737 0.01904628
v -0.00082686 0.01691375 0.01690897
v -0.00000001 0.01693420 0.01690897
v -0.00085538 0.01751308 0.01578821
v -0.00000001 0.01753428 0.01578821
v -0.00170871 0.01744973 0.01578821
v -0.00165173 0.01685256 0.01690897
v -0.00247263 0.01675086 0.01690897
v -0.00255793 0.01734443 0.01578821
v -0.00340098 0.01719735 0.01578821
v -0.00328758 0.01660882 0.01690897
v -0.00238094 0.01611667 0.01799595
v -0.00316566 0.01598002 0.01799595
v -0.00228312 0.01544360 0.01904628
v -0.00303561 0.01531264 0.01904628
v -0.00378075 0.01514469 0.01904628
v -0.00394273 0.01580474 0.01799595
v -0.00471031 0.01559141 0.01799595
v -0.00451681 0.01494028 0.01904628
v -0.00409458 0.01642666 0.01690897
v -0.00423582 0.01700873 0.01578821
v -0.00506047 0.01677916 0.01578821
v -0.00489172 0.01620494 0.01690897
v -0.00567710 0.01594425 0.01690897
v -0.00587294 0.01650923 0.01578822
v -0.00667127 0.01619957 0.01578822
v -0.00644881 0.01564518 0.01690898
v -0.00546657 0.01534060 0.01799595
v -0.00620966 0.01505286 0.01799595
v -0.00524199 0.01469993 0.01904628
v -0.00595456 0.01442420 0.01904628
v -0.00665273 0.01411361 0.01904628
v -0.00693775 0.01472872 0.01799596
v -0.00764914 0.01436915 0.01799596
v -0.00733490 0.01376904 0.01904629
v -0.00720494 0.01530829 0.01690898
v -0.00745348 0.01585074 0.01578822
v -0.00821775 0.01546376 0.01578822
v -0.00794373 0.01493456 0.01690898
v -0.00866341 0.01452491 0.01690898
v -0.00896226 0.01503961 0.01578822
v -0.00968520 0.01457922 0.01578822
v -0.00936223 0.01408029 0.01690898
v -0.00834213 0.01397499 0.01799596
v -0.00901504 0.01354721 0.01799596
v -0.00799942 0.01339136 0.01904629
v -0.00864468 0.01298144 0.01904629
v -0.00926905 0.01254016 0.01904629
v -0.00966616 0.01308668 0.01799596
v -0.01029401 0.01259465 0.01799596
v -0.00987111 0.01206867 0.01904629
v -0.01003843 0.01360164 0.01690898
v -0.01038471 0.01408362 0.01578822
v -0.01105925 0.01355410 0.01578822
v -0.01069046 0.01309025 0.01690898
v -0.01131679 0.01254737 0.01690898
v -0.01170717 0.01299199 0.01578822
v -0.01232691 0.01239861 0.01578822
v -0.01191586 0.01197430 0.01690898
v -0.01089711 0.01207233 0.01799596
v -0.01147397 0.01152095 0.01799596
v -0.01044944 0.01156816 0.01904629
v -0.01100260 0.01103980 0.01904629
v -0.01152917 0.01048477 0.01904629
v -0.01202310 0.01094173 0.01799596
v -0.01254329 0.01033616 0.01799596
v -0.01202799 0.00990450 0.01904629
v -0.01248614 0.01137228 0.01690898
v -0.01291686 0.01177526 0.01578822
v -0.01347572 0.01112357 0.01578823
v -0.01302637 0.01074289 0.01690898
v -0.01353527 0.01008766 0.01690898
v -0.01400218 0.01044512 0.01578822
v -0.01449491 0.00974153 0.01578822
v -0.01401157 0.00940815 0.01690898
v -0.01303332 0.00970574 0.01799596
v -0.01349196 0.00905196 0.01799596
v -0.01249789 0.00930040 0.01904629
v -0.01293769 0.00867392 0.01904629
v -0.01334623 0.00802648 0.01904629
v -0.01391800 0.00837629 0.01799596
v -0.01431054 0.00768046 0.01799596
v -0.01372265 0.00735970 0.01904629
v -0.01445402 0.00870590 0.01690898
v -0.01495263 0.00901440 0.01578822
v -0.01537434 0.00826555 0.01578822
v -0.01486168 0.00798269 0.01690898
v -0.01523359 0.00724028 0.01690898
v -0.01575909 0.00749684 0.01578822
v -0.01610588 0.00671008 0.01578822
v -0.01556883 0.00648044 0.01690898
v -0.01466866 0.00696616 0.01799596
v -0.01499147 0.00623509 0.01799596
v -0.01406605 0.00667523 0.01904629
v -0.01437559 0.00597470 0.01904629
v -0.01465039 0.00525972 0.01904629
v -0.01527805 0.00548896 0.01799596
v -0.01552784 0.00472960 0.01799596
v -0.01488994 0.00453208 0.01904629
v -0.01586644 0.00570494 0.01690897
v -0.01641378 0.00590710 0.01578821
v -0.01668213 0.00508990 0.01578821
v -0.01612586 0.00491571 0.01690897
v -0.01634650 0.00411465 0.01690897
v -0.01691038 0.00426046 0.01578821
v -0.01709792 0.00342076 0.01578821
v -0.01652778 0.00330369 0.01690898
v -0.01574029 0.00395887 0.01799596
v -0.01591485 0.00317862 0.01799596
v -0.01509365 0.00379354 0.01904629
v -0.01526104 0.00304587 0.01904629
v -0.01539155 0.00229084 0.01904630
v -0.01605095 0.00239068 0.01799596
v -0.01614842 0.00159698 0.01799596
v -0.01548500 0.00153029 0.01904630
v -0.01666913 0.00248475 0.01690898
v -0.01724414 0.00257280 0.01578821
v -0.01734885 0.00171864 0.01578822
v -0.01677033 0.00165982 0.01690898
v -0.01683121 0.00083090 0.01690898
v -0.01741183 0.00086035 0.01578822
v -0.01743288 -0.00000001 0.01578822
v -0.01685158 -0.00000001 0.01690898
v -0.01620704 0.00079945 0.01799596
v -0.01622664 -0.00000001 0.01799597
v -0.01554122 0.00076606 0.01904630
v -0.01556002 -0.00000001 0.01904630
v -0.01554122 -0.00076608 0.01904629
v -0.01620704 -0.00079947 0.01799596
v -0.01614842 -0.00159701 0.01799596
v -0.01548500 -0.00153031 0.01904629
v -0.01683121 -0.00083093 0.01690898
v -0.01741183 -0.00086037 0.01578822
v -0.01734885 -0.00171866 0.01578821
v -0.01677033 -0.00165985 0.01690897
v -0.01666913 -0.00248477 0.01690897
v -0.01724414 -0.00257282 0.01578821
v -0.01709792 -0.00342078 0.01578821
v -0.01652777 -0.00330371 0.01690897
v -0.01605095 -0.00239070 0.01799595
v -0.01591485 -0.00317864 0.01799595
v -0.01539155 -0.00229086 0.01904628
v -0.01526104 -0.00304589 0.01904628
v -0.01509365 -0.00379356 0.01904628
v -0.01574029 -0.00395889 0.01799595
v -0.01552784 -0.00472961 0.01799595
v -0.01488992 -0.00453209 0.01904629
v -0.01634649 -0.00411467 0.01690897
v -0.01691038 -0.00426047 0.01578821
v -0.01668213 -0.00508991 0.01578821
v -0.01612586 -0.00491572 0.01690897
v -0.01586644 -0.00570496 0.01690898
v -0.01641376 -0.00590711 0.01578821
v -0.01610588 -0.00671008 0.01578822
v -0.01556882 -0.00648045 0.01690898
v -0.01527805 -0.00548897 0.01799596
v -0.01499147 -0.00623510 0.01799596
v -0.01465039 -0.00525973 0.01904629
v -0.01437558 -0.00597471 0.01904629
v -0.01406604 -0.00667524 0.01904629
v -0.01466866 -0.00696617 0.01799596
v -0.01431054 -0.00768047 0.01799596
v -0.01372263 -0.00735971 0.01904629
v -0.01523358 -0.00724028 0.01690898
v -0.01575909 -0.00749684 0.01578822
v -0.01537434 -0.00826555 0.01578822
v -0.01486167 -0.00798269 0.01690898
v -0.01445402 -0.00870590 0.01690898
v -0.01495262 -0.00901440 0.01578822
v -0.01449490 -0.00974153 0.01578822
v -0.01401156 -0.00940815 0.01690898
v -0.01391800 -0.00837630 0.01799596
v -0.01349195 -0.00905196 0.01799596
v -0.01334623 -0.00802648 0.01904629
v -0.01293768 -0.00867392 0.01904629
v -0.01249788 -0.00930041 0.01904629
v -0.01303331 -0.00970575 0.01799596
v -0.01254328 -0.01033617 0.01799596
v -0.01202798 -0.00990450 0.01904629
v -0.01353526 -0.01008767 0.01690898
v -0.01400218 -0.01044512 0.01578822
v -0.01347571 -0.01112357 0.01578822
v -0.01302637 -0.01074290 0.01690898
v -0.01248614 -0.01137228 0.01690899
v -0.01291685 -0.01177527 0.01578822
v -0.01232690 -0.01239862 0.01578823
v -0.01191586 -0.01197430 0.01690899
v -0.01202310 -0.01094174 0.01799596
v -0.01147396 -0.01152096 0.01799597
v -0.01152916 -0.01048478 0.01904630
v -0.01100259 -0.01103981 0.01904630
v -0.01044943 -0.01156817 0.01904630
v -0.01089710 -0.01207233 0.01799597
v -0.01029400 -0.01259466 0.01799597
v -0.00987111 -0.01206867 0.01904630
v -0.01131678 -0.01254738 0.01690899
v -0.01170716 -0.01299200 0.01578823
v -0.01105923 -0.01355411 0.01578823
v -0.01069045 -0.01309025 0.01690899
v -0.01003842 -0.01360164 0.01690898
v -0.01038470 -0.01408362 0.01578822
v -0.00968518 -0.01457923 0.01578822
v -0.00936222 -0.01408029 0.01690898
v -0.00966616 -0.01308668 0.01799596
v -0.00901503 -0.01354721 0.01799596
v -0.00926905 -0.01254016 0.01904629
v -0.00864468 -0.01298145 0.01904629
v -0.00799941 -0.01339137 0.01904629
v -0.00834212 -0.01397500 0.01799596
v -0.00764913 -0.01436914 0.01799596
v -0.00733489 -0.01376905 0.01904628
v -0.00866340 -0.01452491 0.01690898
v -0.00896225 -0.01503960 0.01578822
v -0.00821774 -0.01546377 0.01578822
v -0.00794372 -0.01493456 0.01690898
v -0.00720493 -0.01530830 0.01690898
v -0.00745347 -0.01585075 0.01578822
v -0.00667126 -0.01619957 0.01578822
v -0.00644881 -0.01564518 0.01690898
v -0.00693774 -0.01472872 0.01799595
v -0.00620966 -0.01505286 0.01799595
v -0.00665273 -0.01411362 0.01904628
v -0.00595455 -0.01442421 0.01904628
v -0.00524199 -0.01469993 0.01904628
v -0.00546656 -0.01534061 0.01799596
v -0.00471031 -0.01559142 0.01799596
v -0.00451680 -0.01494029 0.01904629
v -0.00567710 -0.01594425 0.01690898
v -0.00587293 -0.01650924 0.01578822
v -0.00506045 -0.01677916 0.01578822
v -0.00489171 -0.01620494 0.01690898
v -0.00409456 -0.01642666 0.01690898
v -0.00423581 -0.01700874 0.01578822
v -0.00340097 -0.01719735 0.01578822
v -0.00328756 -0.01660883 0.01690898
v -0.00394272 -0.01580475 0.01799596
v -0.00316565 -0.01598002 0.01799596
v -0.00378075 -0.01514470 0.01904629
v -0.00303560 -0.01531265 0.01904629
v -0.00228311 -0.01544361 0.01904629
v -0.00238092 -0.01611668 0.01799596
v -0.00159046 -0.01621454 0.01799596
v -0.00152512 -0.01553738 0.01904629
v -0.00247262 -0.01675087 0.01690898
v -0.00255791 -0.01734443 0.01578822
v -0.00170869 -0.01744974 0.01578822
v -0.00165171 -0.01685257 0.01690898
v -0.00082684 -0.01691376 0.01690898
v -0.00085536 -0.01751310 0.01578821
v 0.00000002 -0.01753428 0.01578821
v 0.00000002 -0.01693421 0.01690898
v -0.00079618 -0.01627340 0.01799596
v 0.00000002 -0.01629309 0.01799596
v -0.00076347 -0.01559378 0.01904629
v 0.00000002 -0.01561265 0.01904629
v 0.00076351 -0.01559378 0.01904629
v 0.00079622 -0.01627340 0.01799596
v 0.00159050 -0.01621453 0.01799596
v 0.00152516 -0.01553737 0.01904630
v 0.00082688 -0.01691374 0.01690898
v 0.00085541 -0.01751310 0.01578821
v 0.00170873 -0.01744974 0.01578821
v 0.00165176 -0.01685257 0.01690898
v 0.00247266 -0.01675085 0.01690898
v 0.00255795 -0.01734443 0.01578821
v 0.00340101 -0.01719735 0.01578821
v 0.00328760 -0.01660883 0.01690898
v 0.00238096 -0.01611668 0.01799596
v 0.00316568 -0.01598001 0.01799596
v 0.00228315 -0.01544360 0.01904630
v 0.00303563 -0.01531265 0.01904630
v 0.00378078 -0.01514469 0.01904630
v 0.00394276 -0.01580474 0.01799596
v 0.00471034 -0.01559141 0.01799596
v 0.00451683 -0.01494027 0.01904630
v 0.00409460 -0.01642665 0.01690898
v 0.00423585 -0.01700872 0.01578822
v 0.00506049 -0.01677915 0.01578822
v 0.00489175 -0.01620493 0.01690898
v 0.00567713 -0.01594424 0.01690898
v 0.00587297 -0.01650922 0.01578822
v 0.00667130 -0.01619956 0.01578822
v 0.00644884 -0.01564517 0.01690898
v 0.00546660 -0.01534059 0.01799596
v 0.00620969 -0.01505284 0.01799597
v 0.00524202 -0.01469993 0.01904630
v 0.00595458 -0.01442419 0.01904630
v 0.00665276 -0.01411360 0.01904630
v 0.00693778 -0.01472871 0.01799596
v 0.00764917 -0.01436913 0.01799597
v 0.00733492 -0.01376902 0.01904630
v 0.00720497 -0.01530829 0.01690898
v 0.00745351 -0.01585073 0.01578822
v 0.00821778 -0.01546375 0.01578822
v 0.00794376 -0.01493455 0.01690898
v 0.00866344 -0.01452490 0.01690898
v 0.00896229 -0.01503959 0.01578822
v 0.00968522 -0.01457921 0.01578821
v 0.00936226 -0.01408027 0.01690898
v 0.00834216 -0.01397498 0.01799596
v 0.00901507 -0.01354720 0.01799596
v 0.00799945 -0.01339135 0.01904630
v 0.00864471 -0.01298143 0.01904630
v 0.00926908 -0.01254014 0.01904630
v 0.00966618 -0.01308667 0.01799596
v 0.01029404 -0.01259464 0.01799597
v 0.00987114 -0.01206865 0.01904630
v 0.01003846 -0.01360163 0.01690898
v 0.01038474 -0.01408361 0.01578822
v 0.01105927 -0.01355409 0.01578822
v 0.01069049 -0.01309024 0.01690898
v 0.01131681 -0.01254736 0.01690898
v 0.01170720 -0.01299198 0.01578822
v 0.01232694 -0.01239859 0.01578822
v 0.01191588 -0.01197428 0.01690898
v 0.01089714 -0.01207232 0.01799596
v 0.01147399 -0.01152094 0.01799597
v 0.01044946 -0.01156814 0.01904630
v 0.01100262 -0.01103979 0.01904630
v 0.01152918 -0.01048476 0.01904630
v 0.01202312 -0.01094171 0.01799596
v 0.01254331 -0.01033615 0.01799597
v 0.01202800 -0.00990447 0.01904630
v 0.01248617 -0.01137227 0.01690898
v 0.01291689 -0.01177524 0.01578822
v 0.01347574 -0.01112355 0.01578822
v 0.01302639 -0.01074287 0.01690898
v 0.01353528 -0.01008764 0.01690898
v 0.01400219 -0.01044510 0.01578822
v 0.01449493 -0.00974150 0.01578822
v 0.01401159 -0.00940813 0.01690898
v 0.01303334 -0.00970571 0.01799596
v 0.01349198 -0.00905194 0.01799596
v 0.01249790 -0.00930039 0.01904630
v 0.01293770 -0.00867390 0.01904629
v 0.01334624 -0.00802646 0.01904629
v 0.01391802 -0.00837628 0.01799596
v 0.01431056 -0.00768044 0.01799596
v 0.01372265 -0.00735969 0.01904629
v 0.01445404 -0.00870587 0.01690898
v 0.01495264 -0.00901437 0.01578822
v 0.01537436 -0.00826553 0.01578821
v 0.01486169 -0.00798267 0.01690898
v 0.01523361 -0.00724026 0.01690898
v 0.01575909 -0.00749682 0.01578822
v 0.01610589 -0.00671006 0.01578821
v 0.01556884 -0.00648042 0.01690898
v 0.01466868 -0.00696614 0.01799596
v 0.01499148 -0.00623507 0.01799596
v 0.01406606 -0.00667522 0.01904629
v 0.01437560 -0.00597468 0.01904629
v 0.01465041 -0.00525971 0.01904629
v 0.01527806 -0.00548894 0.01799596
v 0.01552785 -0.00472958 0.01799596
v 0.01488994 -0.00453207 0.01904629
v 0.01586644 -0.00570493 0.01690898
v 0.01641378 -0.00590708 0.01578822
v 0.01668214 -0.00508988 0.01578822
v 0.01612587 -0.00491569 0.01690898
v 0.01634649 -0.00411464 0.01690898
v 0.01691039 -0.00426044 0.01578822
v 0.01709792 -0.00342074 0.01578822
v 0.01652777 -0.00330368 0.01690898
v 0.01574031 -0.00395886 0.01799596
v 0.01591485 -0.00317860 0.01799596
v 0.01509366 -0.00379353 0.01904629
v 0.01526105 -0.00304586 0.01904629
v 0.01539156 -0.00229083 0.01904629
v 0.01605096 -0.00239067 0.01799596
v 0.01614842 -0.00159697 0.01799596
v 0.01548501 -0.00153028 0.01904629
v 0.01666913 -0.00248474 0.01690898
v 0.01724414 -0.00257278 0.01578822
v 0.01734884 -0.00171862 0.01578822
v 0.01677034 -0.00165981 0.01690898
v 0.01683121 -0.00083089 0.01690898
v 0.01741183 -0.00086033 0.01578822
v 0.01743289 0.00000003 0.01578822
v 0.01685158 0.00000003 0.01690898
v 0.01620703 -0.00079943 0.01799596
v 0.01622664 0.00000002 0.01799596
v 0.01554123 -0.00076605 0.01904629
v 0.01556003 0.00000002 0.01904629
v 0.01554123 0.00076609 0.01904629
v 0.01620703 0.00079948 0.01799596
v 0.01614842 0.00159702 0.01799596
v 0.01548501 0.00153032 0.01904629
v 0.01683121 0.00083094 0.01690898
v 0.01741183 0.00086039 0.01578821
v 0.01734884 0.00171868 0.01578821
v 0.01677034 0.00165986 0.01690897
v 0.01666913 0.00248479 0.01690897
v 0.01724414 0.00257284 0.01578821
v 0.01709792 0.00342080 0.01578821
v 0.01652777 0.00330373 0.01690897
v 0.01605096 0.00239071 0.01799596
v 0.01591485 0.00317865 0.01799596
v 0.01539156 0.00229087 0.01904629
v 0.01526105 0.00304590 0.01904629
v 0.01509366 0.00379357 0.01904629
v 0.01574029 0.00395890 0.01799596
v 0.01552784 0.00472963 0.01799596
v 0.01488993 0.00453211 0.01904629
v 0.01634649 0.00411469 0.01690897
v 0.01691038 0.00426049 0.01578821
v 0.01668212 0.00508993 0.01578821
v 0.01612586 0.00491574 0.01690897
v 0.01586644 0.00570497 0.01690897
v 0.01641377 0.00590713 0.01578821
v 0.01610587 0.00671010 0.01578821
v 0.01556882 0.00648047 0.01690897
v 0.01527804 0.00548898 0.01799596
v 0.01499146 0.00623512 0.01799596
v 0.01465038 0.00525975 0.01904629
v 0.01437559 0.00597472 0.01904629
v 0.01406603 0.00667526 0.01904629
v 0.01466866 0.00696618 0.01799596
v 0.01431053 0.00768048 0.01799595
v 0.01372263 0.00735972 0.01904629
v 0.01523358 0.00724030 0.01690897
v 0.01575908 0.00749686 0.01578821
v 0.01537433 0.00826558 0.01578821
v 0.01486167 0.00798272 0.01690897
v 0.01445401 0.00870592 0.01690897
v 0.01495261 0.00901441 0.01578821
v 0.01449490 0.00974154 0.01578821
v 0.01401156 0.00940816 0.01690897
v 0.01391799 0.00837631 0.01799595
v 0.01349195 0.00905197 0.01799596
v 0.01334621 0.00802649 0.01904629
v 0.01293766 0.00867394 0.01904629
v 0.01249787 0.00930042 0.01904629
v 0.01303330 0.00970576 0.01799596
v 0.01254328 0.01033618 0.01799596
v 0.01202796 0.00990451 0.01904629
v 0.01353525 0.01008768 0.01690897
v 0.01400216 0.01044513 0.01578821
v 0.01347570 0.01112358 0.01578821
v 0.01302635 0.01074291 0.01690897
v 0.01248613 0.01137230 0.01690897
v 0.01291684 0.01177529 0.01578821
v 0.01232689 0.01239862 0.01578821
v 0.01191584 0.01197431 0.01690897
v 0.01202308 0.01094176 0.01799596
v 0.01147395 0.01152097 0.01799596
v 0.01152915 0.01048480 0.01904629
v 0.01100258 0.01103982 0.01904629
v 0.01044942 0.01156817 0.01904629
v 0.01089709 0.01207235 0.01799596
v 0.01029399 0.01259466 0.01799596
v 0.00987110 0.01206868 0.01904629
v 0.01131677 0.01254739 0.01690897
v 0.01170715 0.01299202 0.01578821
v 0.01105922 0.01355413 0.01578821
v 0.01069044 0.01309026 0.01690897
v 0.01003841 0.01360165 0.01690897
v 0.01038469 0.01408364 0.01578821
v 0.00968516 0.01457923 0.01578821
v 0.00936220 0.01408030 0.01690897
v 0.00966614 0.01308669 0.01799596
v 0.00901501 0.01354722 0.01799596
v 0.00926903 0.01254016 0.01904629
v 0.00864466 0.01298145 0.01904629
v 0.00799940 0.01339137 0.01904629
v 0.00834210 0.01397500 0.01799596
v 0.00764911 0.01436915 0.01799596
v 0.00733487 0.01376905 0.01904629
v 0.00866337 0.01452491 0.01690897
v 0.00896224 0.01503961 0.01578821
v 0.00821772 0.01546378 0.01578821
v 0.00794370 0.01493456 0.01690898
v 0.00720491 0.01530830 0.01690898
v 0.00745345 0.01585076 0.01578821
v 0.00667124 0.01619957 0.01578821
v 0.00644879 0.01564518 0.01690898
v 0.00693772 0.01472873 0.01799596
v 0.00620964 0.01505286 0.01799596
v 0.00665271 0.01411362 0.01904629
v 0.00595453 0.01442422 0.01904629
v 0.00524197 0.01469994 0.01904630
v 0.00546654 0.01534060 0.01799596
v 0.00471029 0.01559142 0.01799596
v 0.00451678 0.01494028 0.01904629
v 0.00567708 0.01594425 0.01690897
v 0.00587291 0.01650925 0.01578821
v 0.00506043 0.01677916 0.01578821
v 0.00489169 0.01620494 0.01690897
v 0.00409455 0.01642666 0.01690897
v 0.00423579 0.01700875 0.01578821
v 0.00340096 0.01719736 0.01578821
v 0.00328755 0.01660882 0.01690897
v 0.00394270 0.01580476 0.01799596
v 0.00316563 0.01598002 0.01799595
v 0.00378073 0.01514470 0.01904629
v 0.00303558 0.01531265 0.01904629
v 0.00228310 0.01544360 0.01904629
v 0.00238092 0.01611667 0.01799595
v 0.00159046 0.01621454 0.01799595
v 0.00152512 0.01553737 0.01904628
v 0.00247261 0.01675086 0.01690897
v 0.00255791 0.01734443 0.01578821
v 0.00170869 0.01744973 0.01578821
v 0.00165172 0.01685258 0.01690897
v 0.00082685 0.01691375 0.01690897
v 0.00085537 0.01751308 0.01578821
v 0.00079619 0.01627340 0.01799595
v 0.00076348 0.01559377 0.01904628
v -0.00088167 0.01806966 0.01463653
v -0.00000001 0.01809151 0.01463653
v -0.00090566 0.01858218 0.01345654
v -0.00000001 0.01860467 0.01345654
v -0.00180914 0.01851496 0.01345654
v -0.00176122 0.01800430 0.01463654
v -0.00092728 0.01904938 0.01225079
v -0.00000000 0.01907241 0.01225079
v -0.00094646 0.01946993 0.01102189
v -0.00000000 0.01949348 0.01102189
v -0.00189065 0.01939949 0.01102189
v -0.00185233 0.01898046 0.01225079
v -0.00277292 0.01886591 0.01225079
v -0.00283029 0.01928242 0.01102189
v -0.00376311 0.01911892 0.01102189
v -0.00368683 0.01870594 0.01225079
v -0.00270827 0.01840323 0.01345654
v -0.00360087 0.01824718 0.01345654
v -0.00263654 0.01789565 0.01463654
v -0.00350550 0.01774389 0.01463654
v -0.00436600 0.01754928 0.01463654
v -0.00448478 0.01804704 0.01345654
v -0.00535789 0.01780345 0.01345654
v -0.00521599 0.01731240 0.01463654
v -0.00459184 0.01850077 0.01225080
v -0.00468684 0.01890921 0.01102189
v -0.00559930 0.01865400 0.01102190
v -0.00548579 0.01825105 0.01225080
v -0.00636655 0.01795746 0.01225080
v -0.00649828 0.01835390 0.01102190
v -0.00738162 0.01800963 0.01102190
v -0.00723198 0.01762061 0.01225080
v -0.00621812 0.01751706 0.01345654
v -0.00706337 0.01718848 0.01345654
v -0.00605343 0.01703390 0.01463654
v -0.00687629 0.01671440 0.01463654
v -0.00768255 0.01635449 0.01463655
v -0.00789155 0.01681836 0.01345655
v -0.00870074 0.01640776 0.01345655
v -0.00847030 0.01595521 0.01463655
v -0.00807995 0.01724121 0.01225080
v -0.00824711 0.01762184 0.01102190
v -0.00909276 0.01719163 0.01102190
v -0.00890845 0.01682028 0.01225080
v -0.00971553 0.01635891 0.01225080
v -0.00991655 0.01672005 0.01102190
v -0.01071646 0.01620825 0.01102190
v -0.01049921 0.01585814 0.01225080
v -0.00948901 0.01595770 0.01345655
v -0.01025443 0.01546922 0.01345655
v -0.00923769 0.01551756 0.01463655
v -0.00998284 0.01504256 0.01463655
v -0.01070386 0.01453120 0.01463655
v -0.01099506 0.01494337 0.01345655
v -0.01170923 0.01438153 0.01345655
v -0.01139911 0.01398486 0.01463655
v -0.01125753 0.01531906 0.01225081
v -0.01149046 0.01565726 0.01102190
v -0.01223680 0.01506859 0.01102191
v -0.01198875 0.01474310 0.01225081
v -0.01269114 0.01413168 0.01225081
v -0.01295372 0.01444366 0.01102191
v -0.01363945 0.01378398 0.01102191
v -0.01336297 0.01348624 0.01225081
v -0.01239525 0.01378510 0.01345655
v -0.01305141 0.01315549 0.01345655
v -0.01206696 0.01340489 0.01463655
v -0.01270574 0.01279265 0.01463655
v -0.01331383 0.01214950 0.01463655
v -0.01367604 0.01249409 0.01345655
v -0.01426775 0.01180261 0.01345655
v -0.01388987 0.01147708 0.01463655
v -0.01400252 0.01280821 0.01225081
v -0.01429222 0.01309098 0.01102191
v -0.01491059 0.01236647 0.01102190
v -0.01460834 0.01209935 0.01225081
v -0.01517904 0.01136138 0.01225080
v -0.01549310 0.01161222 0.01102190
v -0.01603831 0.01083000 0.01102190
v -0.01571320 0.01059608 0.01225080
v -0.01482514 0.01108275 0.01345655
v -0.01534684 0.01033621 0.01345655
v -0.01443250 0.01077707 0.01463655
v -0.01494038 0.01005112 0.01463655
v -0.01541216 0.00930088 0.01463655
v -0.01583146 0.00956468 0.01345655
v -0.01627796 0.00877013 0.01345655
v -0.01584683 0.00852824 0.01463655
v -0.01620937 0.00980515 0.01225080
v -0.01654475 0.01002163 0.01102190
v -0.01701138 0.00918911 0.01102190
v -0.01666653 0.00899062 0.01225080
v -0.01708361 0.00815447 0.01225080
v -0.01743708 0.00833450 0.01102190
v -0.01782082 0.00745983 0.01102190
v -0.01745956 0.00729870 0.01225080
v -0.01668532 0.00795450 0.01345655
v -0.01705250 0.00711970 0.01345654
v -0.01624340 0.00773509 0.01463654
v -0.01660086 0.00692333 0.01463654
v -0.01691820 0.00609483 0.01463654
v -0.01737847 0.00626770 0.01345654
v -0.01766262 0.00540061 0.01345654
v -0.01719481 0.00525166 0.01463654
v -0.01779332 0.00642528 0.01225080
v -0.01816147 0.00656713 0.01102190
v -0.01845841 0.00565862 0.01102190
v -0.01808424 0.00553640 0.01225080
v -0.01833167 0.00463419 0.01225080
v -0.01871096 0.00473650 0.01102190
v -0.01891847 0.00380299 0.01102190
v -0.01853497 0.00372084 0.01225080
v -0.01790428 0.00452054 0.01345654
v -0.01810283 0.00362959 0.01345654
v -0.01743008 0.00439586 0.01463654
v -0.01762338 0.00352948 0.01463654
v -0.01777409 0.00265457 0.01463654
v -0.01825765 0.00272986 0.01345654
v -0.01836850 0.00182356 0.01345654
v -0.01788201 0.00177326 0.01463654
v -0.01869349 0.00279850 0.01225080
v -0.01908027 0.00286028 0.01102190
v -0.01919611 0.00191068 0.01102190
v -0.01880699 0.00186941 0.01225080
v -0.01887526 0.00093582 0.01225080
v -0.01926581 0.00095649 0.01102190
v -0.01928911 -0.00000001 0.01102190
v -0.01889810 -0.00000001 0.01225080
v -0.01843519 0.00091287 0.01345654
v -0.01845749 -0.00000001 0.01345654
v -0.01794694 0.00088769 0.01463654
v -0.01796864 -0.00000001 0.01463654
v -0.01794694 -0.00088771 0.01463654
v -0.01843518 -0.00091289 0.01345654
v -0.01836850 -0.00182358 0.01345654
v -0.01788201 -0.00177328 0.01463654
v -0.01887526 -0.00093584 0.01225080
v -0.01926581 -0.00095650 0.01102190
v -0.01919611 -0.00191069 0.01102190
v -0.01880699 -0.00186942 0.01225080
v -0.01869349 -0.00279851 0.01225080
v -0.01908025 -0.00286029 0.01102190
v -0.01891846 -0.00380300 0.01102190
v -0.01853497 -0.00372085 0.01225080
v -0.01825764 -0.00272988 0.01345654
v -0.01810283 -0.00362960 0.01345654
v -0.01777409 -0.00265459 0.01463654
v -0.01762338 -0.00352949 0.01463653
v -0.01743008 -0.00439587 0.01463653
v -0.01790428 -0.00452056 0.01345654
v -0.01766262 -0.00540063 0.01345654
v -0.01719481 -0.00525167 0.01463654
v -0.01833167 -0.00463421 0.01225080
v -0.01871096 -0.00473652 0.01102190
v -0.01845841 -0.00565864 0.01102190
v -0.01808423 -0.00553641 0.01225080
v -0.01779332 -0.00642530 0.01225080
v -0.01816147 -0.00656715 0.01102190
v -0.01782080 -0.00745985 0.01102190
v -0.01745956 -0.00729871 0.01225080
v -0.01737847 -0.00626772 0.01345654
v -0.01705249 -0.00711971 0.01345654
v -0.01691820 -0.00609484 0.01463654
v -0.01660085 -0.00692334 0.01463654
v -0.01624340 -0.00773510 0.01463655
v -0.01668532 -0.00795450 0.01345654
v -0.01627795 -0.00877014 0.01345655
v -0.01584683 -0.00852824 0.01463655
v -0.01708361 -0.00815449 0.01225080
v -0.01743708 -0.00833452 0.01102190
v -0.01701136 -0.00918911 0.01102190
v -0.01666653 -0.00899062 0.01225080
v -0.01620936 -0.00980515 0.01225080
v -0.01654475 -0.01002163 0.01102190
v -0.01603829 -0.01083001 0.01102190
v -0.01571318 -0.01059608 0.01225080
v -0.01583145 -0.00956469 0.01345655
v -0.01534683 -0.01033621 0.01345655
v -0.01541215 -0.00930088 0.01463655
v -0.01494037 -0.01005112 0.01463655
v -0.01443249 -0.01077707 0.01463655
v -0.01482513 -0.01108275 0.01345655
v -0.01426774 -0.01180262 0.01345655
v -0.01388985 -0.01147708 0.01463655
v -0.01517903 -0.01136139 0.01225080
v -0.01549309 -0.01161222 0.01102190
v -0.01491058 -0.01236647 0.01102190
v -0.01460833 -0.01209935 0.01225081
v -0.01400250 -0.01280822 0.01225081
v -0.01429222 -0.01309098 0.01102191
v -0.01363944 -0.01378399 0.01102191
v -0.01336296 -0.01348625 0.01225081
v -0.01367603 -0.01249410 0.01345655
v -0.01305140 -0.01315550 0.01345655
v -0.01331382 -0.01214950 0.01463655
v -0.01270573 -0.01279265 0.01463655
v -0.01206695 -0.01340490 0.01463655
v -0.01239525 -0.01378511 0.01345655
v -0.01170923 -0.01438153 0.01345655
v -0.01139910 -0.01398487 0.01463655
v -0.01269113 -0.01413169 0.01225081
v -0.01295371 -0.01444367 0.01102191
v -0.01223679 -0.01506859 0.01102191
v -0.01198875 -0.01474310 0.01225081
v -0.01125752 -0.01531907 0.01225081
v -0.01149045 -0.01565727 0.01102191
v -0.01071644 -0.01620825 0.01102190
v -0.01049920 -0.01585814 0.01225080
v -0.01099505 -0.01494337 0.01345655
v -0.01025442 -0.01546923 0.01345655
v -0.01070385 -0.01453121 0.01463655
v -0.00998283 -0.01504256 0.01463655
v -0.00923768 -0.01551757 0.01463655
v -0.00948900 -0.01595770 0.01345655
v -0.00870073 -0.01640776 0.01345654
v -0.00847029 -0.01595522 0.01463655
v -0.00971552 -0.01635891 0.01225080
v -0.00991653 -0.01672006 0.01102190
v -0.00909275 -0.01719163 0.01102190
v -0.00890843 -0.01682028 0.01225080
v -0.00807992 -0.01724121 0.01225080
v -0.00824710 -0.01762185 0.01102190
v -0.00738160 -0.01800964 0.01102189
v -0.00723197 -0.01762061 0.01225080
v -0.00789155 -0.01681837 0.01345654
v -0.00706336 -0.01718848 0.01345654
v -0.00768253 -0.01635449 0.01463654
v -0.00687628 -0.01671440 0.01463654
v -0.00605342 -0.01703391 0.01463654
v -0.00621811 -0.01751706 0.01345654
v -0.00535788 -0.01780346 0.01345654
v -0.00521597 -0.01731240 0.01463654
v -0.00636654 -0.01795746 0.01225080
v -0.00649827 -0.01835390 0.01102189
v -0.00559928 -0.01865400 0.01102189
v -0.00548578 -0.01825107 0.01225080
v -0.00459182 -0.01850078 0.01225080
v -0.00468683 -0.01890923 0.01102189
v -0.00376310 -0.01911892 0.01102189
v -0.00368682 -0.01870594 0.01225080
v -0.00448476 -0.01804704 0.01345654
v -0.00360086 -0.01824719 0.01345654
v -0.00436598 -0.01754928 0.01463654
v -0.00350549 -0.01774391 0.01463654
v -0.00263652 -0.01789565 0.01463654
v -0.00270825 -0.01840323 0.01345654
v -0.00180912 -0.01851497 0.01345654
v -0.00176120 -0.01800430 0.01463654
v -0.00277290 -0.01886592 0.01225080
v -0.00283027 -0.01928243 0.01102190
v -0.00189063 -0.01939951 0.01102190
v -0.00185231 -0.01898046 0.01225080
v -0.00092726 -0.01904938 0.01225080
v -0.00094644 -0.01946993 0.01102190
v 0.00000002 -0.01949349 0.01102190
v 0.00000002 -0.01907242 0.01225080
v -0.00090564 -0.01858220 0.01345654
v 0.00000002 -0.01860468 0.01345654
v -0.00088165 -0.01806966 0.01463654
v 0.00000002 -0.01809152 0.01463654
v 0.00088169 -0.01806966 0.01463654
v 0.00090568 -0.01858220 0.01345654
v 0.00180916 -0.01851497 0.01345654
v 0.00176125 -0.01800430 0.01463654
v 0.00092730 -0.01904938 0.01225080
v 0.00094648 -0.01946993 0.01102190
v 0.00189067 -0.01939951 0.01102190
v 0.00185235 -0.01898046 0.01225080
v 0.00277294 -0.01886592 0.01225080
v 0.00283031 -0.01928243 0.01102190
v 0.00376314 -0.01911892 0.01102190
v 0.00368686 -0.01870594 0.01225080
v 0.00270829 -0.01840323 0.01345654
v 0.00360090 -0.01824719 0.01345654
v 0.00263656 -0.01789565 0.01463654
v 0.00350553 -0.01774390 0.01463654
v 0.00436603 -0.01754928 0.01463654
v 0.00448481 -0.01804704 0.01345654
v 0.00535792 -0.01780344 0.01345654
v 0.00521601 -0.01731240 0.01463654
v 0.00459186 -0.01850076 0.01225080
v 0.00468687 -0.01890921 0.01102190
v 0.00559932 -0.01865399 0.01102190
v 0.00548582 -0.01825105 0.01225080
v 0.00636658 -0.01795745 0.01225080
v 0.00649831 -0.01835390 0.01102190
v 0.00738165 -0.01800962 0.01102190
v 0.00723201 -0.01762061 0.01225080
v 0.00621815 -0.01751705 0.01345654
v 0.00706340 -0.01718847 0.01345654
v 0.00605346 -0.01703389 0.01463654
v 0.00687632 -0.01671437 0.01463654
v 0.00768257 -0.01635448 0.01463654
v 0.00789158 -0.01681835 0.01345654
v 0.00870077 -0.01640775 0.01345654
v 0.00847033 -0.01595520 0.01463654
v 0.00807997 -0.01724118 0.01225080
v 0.00824714 -0.01762183 0.01102189
v 0.00909279 -0.01719160 0.01102189
v 0.00890847 -0.01682025 0.01225080
v 0.00971554 -0.01635888 0.01225080
v 0.00991657 -0.01672004 0.01102190
v 0.01071647 -0.01620822 0.01102190
v 0.01049924 -0.01585813 0.01225080
v 0.00948904 -0.01595769 0.01345654
v 0.01025445 -0.01546921 0.01345654
v 0.00923772 -0.01551754 0.01463654
v 0.00998286 -0.01504255 0.01463654
v 0.01070388 -0.01453118 0.01463654
v 0.01099509 -0.01494335 0.01345654
v 0.01170926 -0.01438151 0.01345654
v 0.01139913 -0.01398485 0.01463654
v 0.01125756 -0.01531905 0.01225080
v 0.01149048 -0.01565725 0.01102190
v 0.01223683 -0.01506857 0.01102190
v 0.01198877 -0.01474308 0.01225080
v 0.01269116 -0.01413165 0.01225080
v 0.01295375 -0.01444365 0.01102190
v 0.01363948 -0.01378396 0.01102190
v 0.01336299 -0.01348621 0.01225080
v 0.01239527 -0.01378508 0.01345654
v 0.01305144 -0.01315547 0.01345655
v 0.01206698 -0.01340487 0.01463655
v 0.01270577 -0.01279263 0.01463655
v 0.01331385 -0.01214947 0.01463655
v 0.01367607 -0.01249408 0.01345654
v 0.01426776 -0.01180259 0.01345654
v 0.01388988 -0.01147706 0.01463654
v 0.01400253 -0.01280820 0.01225080
v 0.01429225 -0.01309096 0.01102190
v 0.01491062 -0.01236645 0.01102190
v 0.01460836 -0.01209933 0.01225080
v 0.01517906 -0.01136135 0.01225080
v 0.01549312 -0.01161219 0.01102190
v 0.01603831 -0.01082997 0.01102190
v 0.01571320 -0.01059605 0.01225080
v 0.01482516 -0.01108273 0.01345654
v 0.01534685 -0.01033618 0.01345654
v 0.01443251 -0.01077705 0.01463654
v 0.01494039 -0.01005109 0.01463654
v 0.01541217 -0.00930085 0.01463654
v 0.01583147 -0.00956465 0.01345654
v 0.01627797 -0.00877011 0.01345654
v 0.01584685 -0.00852821 0.01463654
v 0.01620939 -0.00980513 0.01225080
v 0.01654477 -0.01002160 0.01102190
v 0.01701138 -0.00918909 0.01102190
v 0.01666655 -0.00899060 0.01225080
v 0.01708363 -0.00815445 0.01225080
v 0.01743710 -0.00833448 0.01102190
v 0.01782082 -0.00745981 0.01102190
v 0.01745958 -0.00729868 0.01225080
v 0.01668532 -0.00795447 0.01345654
v 0.01705251 -0.00711968 0.01345654
v 0.01624340 -0.00773507 0.01463654
v 0.01660086 -0.00692331 0.01463654
v 0.01691821 -0.00609481 0.01463654
v 0.01737849 -0.00626768 0.01345654
v 0.01766262 -0.00540059 0.01345654
v 0.01719482 -0.00525164 0.01463654
v 0.01779332 -0.00642526 0.01225080
v 0.01816149 -0.00656711 0.01102190
v 0.01845843 -0.00565860 0.01102190
v 0.01808425 -0.00553637 0.01225080
v 0.01833169 -0.00463417 0.01225080
v 0.01871098 -0.00473648 0.01102190
v 0.01891848 -0.00380296 0.01102190
v 0.01853498 -0.00372082 0.01225080
v 0.01790429 -0.00452052 0.01345654
v 0.01810283 -0.00362957 0.01345654
v 0.01743008 -0.00439584 0.01463654
v 0.01762338 -0.00352946 0.01463654
v 0.01777409 -0.00265455 0.01463655
v 0.01825764 -0.00272984 0.01345654
v 0.01836851 -0.00182354 0.01345654
v 0.01788201 -0.00177324 0.01463655
v 0.01869349 -0.00279847 0.01225080
v 0.01908027 -0.00286026 0.01102190
v 0.01919611 -0.00191066 0.01102190
v 0.01880699 -0.00186939 0.01225080
v 0.01887526 -0.00093580 0.01225080
v 0.01926580 -0.00095646 0.01102190
v 0.01928910 0.00000003 0.01102190
v 0.01889809 0.00000003 0.01225080
v 0.01843518 -0.00091285 0.01345654
v 0.01845748 0.00000003 0.01345654
v 0.01794693 -0.00088767 0.01463654
v 0.01796864 0.00000003 0.01463654
v 0.01794693 0.00088773 0.01463654
v 0.01843518 0.00091291 0.01345654
v 0.01836849 0.00182360 0.01345654
v 0.01788201 0.00177330 0.01463654
v 0.01887526 0.00093586 0.01225080
v 0.01926580 0.00095652 0.01102190
v 0.01919611 0.00191071 0.01102190
v 0.01880698 0.00186944 0.01225080
v 0.01869348 0.00279853 0.01225080
v 0.01908026 0.00286031 0.01102190
v 0.01891846 0.00380302 0.01102190
v 0.01853496 0.00372087 0.01225080
v 0.01825764 0.00272990 0.01345654
v 0.01810283 0.00362962 0.01345654
v 0.01777409 0.00265460 0.01463654
v 0.01762338 0.00352951 0.01463653
v 0.01743008 0.00439589 0.01463653
v 0.01790428 0.00452057 0.01345654
v 0.01766261 0.00540065 0.01345654
v 0.01719480 0.00525169 0.01463653
v 0.01833166 0.00463423 0.01225080
v 0.01871096 0.00473654 0.01102190
v 0.01845840 0.00565866 0.01102190
v 0.01808423 0.00553643 0.01225080
v 0.01779331 0.00642532 0.01225080
v 0.01816147 0.00656717 0.01102190
v 0.01782080 0.00745987 0.01102190
v 0.01745955 0.00729873 0.01225080
v 0.01737847 0.00626774 0.01345654
v 0.01705249 0.00711973 0.01345654
v 0.01691819 0.00609486 0.01463654
v 0.01660084 0.00692336 0.01463654
v 0.01624339 0.00773512 0.01463654
v 0.01668531 0.00795452 0.01345654
v 0.01627793 0.00877017 0.01345654
v 0.01584682 0.00852826 0.01463653
v 0.01708360 0.00815450 0.01225080
v 0.01743707 0.00833453 0.01102190
v 0.01701135 0.00918914 0.01102190
v 0.01666652 0.00899065 0.01225080
v 0.01620936 0.00980518 0.01225079
v 0.01654474 0.01002165 0.01102190
v 0.01603828 0.01083003 0.01102190
v 0.01571317 0.01059609 0.01225080
v 0.01583144 0.00956471 0.01345654
v 0.01534681 0.01033623 0.01345654
v 0.01541214 0.00930090 0.01463653
v 0.01494035 0.01005114 0.01463653
v 0.01443247 0.01077709 0.01463653
v 0.01482513 0.01108277 0.01345654
v 0.01426772 0.01180263 0.01345654
v 0.01388984 0.01147710 0.01463653
v 0.01517902 0.01136141 0.01225080
v 0.01549308 0.01161224 0.01102190
v 0.01491057 0.01236650 0.01102190
v 0.01460832 0.01209938 0.01225080
v 0.01400249 0.01280824 0.01225079
v 0.01429221 0.01309100 0.01102190
v 0.01363942 0.01378400 0.01102190
v 0.01336295 0.01348626 0.01225080
v 0.01367602 0.01249411 0.01345654
v 0.01305139 0.01315551 0.01345654
v 0.01331381 0.01214951 0.01463654
v 0.01270572 0.01279266 0.01463654
v 0.01206694 0.01340490 0.01463654
v 0.01239523 0.01378512 0.01345654
v 0.01170921 0.01438154 0.01345654
v 0.01139909 0.01398487 0.01463654
v 0.01269112 0.01413170 0.01225080
v 0.01295369 0.01444369 0.01102190
v 0.01223677 0.01506860 0.01102190
v 0.01198873 0.01474311 0.01225080
v 0.01125751 0.01531908 0.01225080
v 0.01149043 0.01565728 0.01102190
v 0.01071642 0.01620826 0.01102190
v 0.01049918 0.01585815 0.01225080
v 0.01099504 0.01494337 0.01345654
v 0.01025440 0.01546923 0.01345654
v 0.01070383 0.01453121 0.01463654
v 0.00998281 0.01504258 0.01463654
v 0.00923767 0.01551757 0.01463654
v 0.00948898 0.01595771 0.01345654
v 0.00870072 0.01640777 0.01345654
v 0.00847027 0.01595523 0.01463654
v 0.00971550 0.01635891 0.01225080
v 0.00991652 0.01672007 0.01102190
v 0.00909272 0.01719163 0.01102190
v 0.00890840 0.01682029 0.01225080
v 0.00807991 0.01724121 0.01225079
v 0.00824708 0.01762186 0.01102190
v 0.00738158 0.01800964 0.01102189
v 0.00723195 0.01762064 0.01225079
v 0.00789152 0.01681838 0.01345654
v 0.00706334 0.01718848 0.01345654
v 0.00768252 0.01635450 0.01463654
v 0.00687626 0.01671440 0.01463654
v 0.00605340 0.01703392 0.01463653
v 0.00621809 0.01751706 0.01345653
v 0.00535786 0.01780347 0.01345653
v 0.00521595 0.01731241 0.01463653
v 0.00636652 0.01795747 0.01225079
v 0.00649825 0.01835393 0.01102189
v 0.00559926 0.01865400 0.01102189
v 0.00548576 0.01825108 0.01225079
v 0.00459181 0.01850079 0.01225079
v 0.00468681 0.01890924 0.01102189
v 0.00376309 0.01911893 0.01102189
v 0.00368681 0.01870597 0.01225079
v 0.00448475 0.01804705 0.01345653
v 0.00360085 0.01824720 0.01345653
v 0.00436597 0.01754929 0.01463653
v 0.00350548 0.01774391 0.01463653
v 0.00263652 0.01789565 0.01463653
v 0.00270825 0.01840324 0.01345653
v 0.00180912 0.01851497 0.01345654
v 0.00176121 0.01800430 0.01463653
v 0.00277290 0.01886593 0.01225079
v 0.00283027 0.01928244 0.01102189
v 0.00189064 0.01939952 0.01102189
v 0.00185231 0.01898047 0.01225079
v 0.00092727 0.01904938 0.01225079
v 0.00094645 0.01946993 0.01102189
v 0.00090565 0.01858219 0.01345654
v 0.00088166 0.01806966 0.01463653
v -0.00096315 0.01984258 0.00977242
v -0.00000000 0.01986658 0.00977242
v -0.00097731 0.02016656 0.00850464
v -0.00000001 0.02019096 0.00850464
v -0.00195226 0.02009362 0.00850464
v -0.00192398 0.01977079 0.00977242
v -0.00098891 0.02044119 0.00722081
v -0.00000001 0.02046592 0.00722081
v -0.00099792 0.02066570 0.00592321
v -0.00000001 0.02069070 0.00592321
v -0.00199343 0.02059095 0.00592321
v -0.00197544 0.02036725 0.00722081
v -0.00295721 0.02024433 0.00722081
v -0.00298416 0.02046668 0.00592321
v -0.00396769 0.02029313 0.00592321
v -0.00393187 0.02007266 0.00722081
v -0.00292253 0.01997236 0.00850464
v -0.00388575 0.01980299 0.00850464
v -0.00288019 0.01965148 0.00977242
v -0.00382946 0.01948484 0.00977242
v -0.00476948 0.01927113 0.00977242
v -0.00483958 0.01958579 0.00850464
v -0.00578177 0.01932144 0.00850464
v -0.00569801 0.01901101 0.00977242
v -0.00489702 0.01985251 0.00722081
v -0.00494164 0.02007055 0.00592321
v -0.00590369 0.01979965 0.00592321
v -0.00585039 0.01958454 0.00722082
v -0.00678969 0.01926948 0.00722082
v -0.00685155 0.01948113 0.00592321
v -0.00778291 0.01911572 0.00592321
v -0.00771263 0.01890805 0.00722082
v -0.00671005 0.01901060 0.00850464
v -0.00762217 0.01865401 0.00850465
v -0.00661285 0.01870518 0.00977243
v -0.00751176 0.01835433 0.00977243
v -0.00839251 0.01795912 0.00977243
v -0.00851589 0.01825236 0.00850465
v -0.00938908 0.01780673 0.00850465
v -0.00925307 0.01752065 0.00977243
v -0.00861696 0.01850090 0.00722082
v -0.00869546 0.01870412 0.00592321
v -0.00958708 0.01824746 0.00592321
v -0.00950052 0.01804922 0.00722082
v -0.01036124 0.01755414 0.00722082
v -0.01045565 0.01774694 0.00592321
v -0.01129904 0.01720370 0.00592321
v -0.01119701 0.01701680 0.00722082
v -0.01023971 0.01731831 0.00850465
v -0.01106568 0.01678819 0.00850465
v -0.01009138 0.01704007 0.00977243
v -0.01090539 0.01651845 0.00977243
v -0.01169304 0.01595694 0.00977243
v -0.01186491 0.01621748 0.00850465
v -0.01263558 0.01560774 0.00850465
v -0.01245254 0.01535698 0.00977243
v -0.01200573 0.01643832 0.00722082
v -0.01211512 0.01661887 0.00592321
v -0.01290204 0.01599404 0.00592321
v -0.01278555 0.01582028 0.00722082
v -0.01353463 0.01516419 0.00722082
v -0.01365794 0.01533074 0.00592321
v -0.01438095 0.01463054 0.00592321
v -0.01425110 0.01447159 0.00722082
v -0.01337587 0.01496047 0.00850465
v -0.01408395 0.01427718 0.00850465
v -0.01318210 0.01472011 0.00977243
v -0.01387993 0.01404779 0.00977243
v -0.01454420 0.01334153 0.00977243
v -0.01475799 0.01355938 0.00850465
v -0.01539650 0.01280895 0.00850465
v -0.01517347 0.01260315 0.00977243
v -0.01493314 0.01374403 0.00722082
v -0.01506920 0.01389498 0.00592321
v -0.01572118 0.01312597 0.00592321
v -0.01557923 0.01298337 0.00722082
v -0.01618786 0.01219148 0.00722081
v -0.01633537 0.01232539 0.00592321
v -0.01691020 0.01149515 0.00592321
v -0.01675752 0.01137025 0.00722081
v -0.01599799 0.01202771 0.00850464
v -0.01656097 0.01121750 0.00850464
v -0.01576625 0.01183446 0.00977243
v -0.01632106 0.01103728 0.00977243
v -0.01683644 0.01021343 0.00977243
v -0.01708393 0.01038020 0.00850464
v -0.01756575 0.00951790 0.00850464
v -0.01731129 0.00936498 0.00977243
v -0.01728669 0.01052155 0.00722081
v -0.01744419 0.01063711 0.00592321
v -0.01793617 0.00975347 0.00592321
v -0.01777423 0.00964750 0.00722081
v -0.01821902 0.00875026 0.00722081
v -0.01838502 0.00884637 0.00592321
v -0.01878961 0.00791798 0.00592321
v -0.01861996 0.00783196 0.00722081
v -0.01800533 0.00863271 0.00850464
v -0.01840156 0.00772674 0.00850464
v -0.01774450 0.00849403 0.00977243
v -0.01813500 0.00760261 0.00977243
v -0.01848167 0.00669282 0.00977243
v -0.01875333 0.00680211 0.00850464
v -0.01905994 0.00586109 0.00850464
v -0.01878384 0.00576692 0.00977243
v -0.01897591 0.00689473 0.00722081
v -0.01914881 0.00697046 0.00592321
v -0.01946188 0.00600616 0.00592321
v -0.01928615 0.00594090 0.00722081
v -0.01955003 0.00497279 0.00722081
v -0.01972816 0.00502740 0.00592321
v -0.01994694 0.00403656 0.00592321
v -0.01976684 0.00399270 0.00722082
v -0.01932073 0.00490598 0.00850464
v -0.01953499 0.00393906 0.00850464
v -0.01904086 0.00482716 0.00977243
v -0.01925201 0.00387577 0.00977243
v -0.01941666 0.00291502 0.00977242
v -0.01970206 0.00296262 0.00850464
v -0.01982168 0.00197905 0.00850464
v -0.01953454 0.00194725 0.00977242
v -0.01993588 0.00300297 0.00722082
v -0.02011754 0.00303595 0.00592321
v -0.02023968 0.00202803 0.00592321
v -0.02005693 0.00200600 0.00722082
v -0.02012974 0.00100420 0.00722081
v -0.02031317 0.00101523 0.00592321
v -0.02033774 -0.00000001 0.00592321
v -0.02015410 -0.00000001 0.00722081
v -0.01989365 0.00099071 0.00850464
v -0.01991771 -0.00000001 0.00850464
v -0.01960546 0.00097479 0.00977242
v -0.01962917 -0.00000001 0.00977242
v -0.01960546 -0.00097480 0.00977242
v -0.01989365 -0.00099072 0.00850464
v -0.01982168 -0.00197906 0.00850464
v -0.01953454 -0.00194726 0.00977242
v -0.02012974 -0.00100421 0.00722081
v -0.02031317 -0.00101524 0.00592321
v -0.02023968 -0.00202804 0.00592321
v -0.02005693 -0.00200601 0.00722082
v -0.01993588 -0.00300298 0.00722082
v -0.02011754 -0.00303596 0.00592321
v -0.01994694 -0.00403656 0.00592321
v -0.01976683 -0.00399271 0.00722082
v -0.01970206 -0.00296263 0.00850464
v -0.01953499 -0.00393907 0.00850464
v -0.01941666 -0.00291503 0.00977242
v -0.01925201 -0.00387578 0.00977242
v -0.01904084 -0.00482717 0.00977242
v -0.01932073 -0.00490599 0.00850464
v -0.01905994 -0.00586110 0.00850464
v -0.01878384 -0.00576694 0.00977242
v -0.01955003 -0.00497280 0.00722081
v -0.01972816 -0.00502741 0.00592321
v -0.01946187 -0.00600617 0.00592321
v -0.01928615 -0.00594092 0.00722081
v -0.01897589 -0.00689475 0.00722081
v -0.01914879 -0.00697048 0.00592321
v -0.01878961 -0.00791800 0.00592321
v -0.01861996 -0.00783197 0.00722081
v -0.01875332 -0.00680212 0.00850464
v -0.01840156 -0.00772676 0.00850464
v -0.01848167 -0.00669284 0.00977242
v -0.01813500 -0.00760262 0.00977242
v -0.01774450 -0.00849403 0.00977243
v -0.01800533 -0.00863273 0.00850464
v -0.01756574 -0.00951791 0.00850464
v -0.01731129 -0.00936500 0.00977243
v -0.01821902 -0.00875028 0.00722081
v -0.01838502 -0.00884639 0.00592321
v -0.01793617 -0.00975347 0.00592321
v -0.01777421 -0.00964752 0.00722082
v -0.01728667 -0.01052156 0.00722082
v -0.01744418 -0.01063712 0.00592321
v -0.01691020 -0.01149515 0.00592321
v -0.01675752 -0.01137026 0.00722082
v -0.01708391 -0.01038021 0.00850464
v -0.01656097 -0.01121751 0.00850465
v -0.01683644 -0.01021344 0.00977243
v -0.01632106 -0.01103729 0.00977243
v -0.01576625 -0.01183446 0.00977243
v -0.01599799 -0.01202771 0.00850465
v -0.01539650 -0.01280895 0.00850465
v -0.01517347 -0.01260316 0.00977243
v -0.01618786 -0.01219149 0.00722082
v -0.01633535 -0.01232539 0.00592321
v -0.01572118 -0.01312597 0.00592321
v -0.01557922 -0.01298336 0.00722082
v -0.01493313 -0.01374403 0.00722082
v -0.01506920 -0.01389499 0.00592321
v -0.01438093 -0.01463054 0.00592321
v -0.01425108 -0.01447160 0.00722082
v -0.01475798 -0.01355939 0.00850465
v -0.01408393 -0.01427718 0.00850465
v -0.01454419 -0.01334155 0.00977243
v -0.01387991 -0.01404779 0.00977243
v -0.01318209 -0.01472011 0.00977243
v -0.01337586 -0.01496047 0.00850465
v -0.01263557 -0.01560774 0.00850465
v -0.01245253 -0.01535698 0.00977243
v -0.01353460 -0.01516420 0.00722082
v -0.01365793 -0.01533074 0.00592321
v -0.01290203 -0.01599404 0.00592321
v -0.01278553 -0.01582029 0.00722082
v -0.01200572 -0.01643832 0.00722082
v -0.01211511 -0.01661887 0.00592322
v -0.01129902 -0.01720370 0.00592322
v -0.01119700 -0.01701680 0.00722082
v -0.01186490 -0.01621749 0.00850465
v -0.01106567 -0.01678818 0.00850465
v -0.01169303 -0.01595694 0.00977243
v -0.01090537 -0.01651847 0.00977243
v -0.01009137 -0.01704007 0.00977243
v -0.01023970 -0.01731831 0.00850465
v -0.00938907 -0.01780674 0.00850465
v -0.00925307 -0.01752066 0.00977243
v -0.01036123 -0.01755414 0.00722082
v -0.01045563 -0.01774694 0.00592322
v -0.00958707 -0.01824747 0.00592322
v -0.00950050 -0.01804923 0.00722082
v -0.00861693 -0.01850090 0.00722082
v -0.00869545 -0.01870411 0.00592321
v -0.00778289 -0.01911572 0.00592321
v -0.00771262 -0.01890805 0.00722081
v -0.00851586 -0.01825236 0.00850464
v -0.00762216 -0.01865403 0.00850464
v -0.00839250 -0.01795912 0.00977243
v -0.00751174 -0.01835433 0.00977242
v -0.00661283 -0.01870518 0.00977242
v -0.00671004 -0.01901062 0.00850464
v -0.00578175 -0.01932144 0.00850464
v -0.00569800 -0.01901102 0.00977242
v -0.00678967 -0.01926950 0.00722081
v -0.00685154 -0.01948113 0.00592321
v -0.00590368 -0.01979966 0.00592321
v -0.00585037 -0.01958454 0.00722081
v -0.00489700 -0.01985251 0.00722081
v -0.00494162 -0.02007056 0.00592321
v -0.00396767 -0.02029314 0.00592321
v -0.00393185 -0.02007268 0.00722081
v -0.00483957 -0.01958579 0.00850464
v -0.00388573 -0.01980301 0.00850464
v -0.00476946 -0.01927114 0.00977242
v -0.00382944 -0.01948484 0.00977242
v -0.00288017 -0.01965148 0.00977242
v -0.00292251 -0.01997236 0.00850464
v -0.00195224 -0.02009362 0.00850464
v -0.00192396 -0.01977079 0.00977243
v -0.00295719 -0.02024433 0.00722081
v -0.00298414 -0.02046669 0.00592321
v -0.00199341 -0.02059095 0.00592321
v -0.00197541 -0.02036725 0.00722082
v -0.00098888 -0.02044118 0.00722082
v -0.00099789 -0.02066571 0.00592321
v 0.00000002 -0.02069070 0.00592322
v 0.00000002 -0.02046592 0.00722082
v -0.00097729 -0.02016657 0.00850465
v 0.00000002 -0.02019096 0.00850465
v -0.00096313 -0.01984258 0.00977243
v 0.00000002 -0.01986658 0.00977243
v 0.00096317 -0.01984258 0.00977243
v 0.00097733 -0.02016657 0.00850465
v 0.00195229 -0.02009362 0.00850465
v 0.00192400 -0.01977079 0.00977243
v 0.00098893 -0.02044118 0.00722082
v 0.00099794 -0.02066571 0.00592322
v 0.00199346 -0.02059095 0.00592322
v 0.00197546 -0.02036725 0.00722083
v 0.00295724 -0.02024433 0.00722083
v 0.00298418 -0.02046668 0.00592322
v 0.00396772 -0.02029314 0.00592322
v 0.00393189 -0.02007267 0.00722083
v 0.00292255 -0.01997236 0.00850465
v 0.00388577 -0.01980300 0.00850465
v 0.00288021 -0.01965148 0.00977243
v 0.00382948 -0.01948484 0.00977243
v 0.00476950 -0.01927113 0.00977243
v 0.00483961 -0.01958579 0.00850465
v 0.00578179 -0.01932143 0.00850465
v 0.00569804 -0.01901102 0.00977243
v 0.00489704 -0.01985251 0.00722082
v 0.00494166 -0.02007054 0.00592322
v 0.00590372 -0.01979965 0.00592322
v 0.00585041 -0.01958454 0.00722082
v 0.00678971 -0.01926949 0.00722082
v 0.00685158 -0.01948113 0.00592322
v 0.00778294 -0.01911571 0.00592322
v 0.00771266 -0.01890804 0.00722082
v 0.00671008 -0.01901061 0.00850465
v 0.00762220 -0.01865400 0.00850464
v 0.00661288 -0.01870518 0.00977243
v 0.00751178 -0.01835432 0.00977242
v 0.00839254 -0.01795909 0.00977242
v 0.00851590 -0.01825233 0.00850464
v 0.00938911 -0.01780672 0.00850464
v 0.00925309 -0.01752064 0.00977242
v 0.00861697 -0.01850090 0.00722082
v 0.00869549 -0.01870409 0.00592321
v 0.00958711 -0.01824745 0.00592321
v 0.00950054 -0.01804921 0.00722082
v 0.01036126 -0.01755411 0.00722082
v 0.01045567 -0.01774692 0.00592322
v 0.01129906 -0.01720367 0.00592322
v 0.01119704 -0.01701677 0.00722082
v 0.01023974 -0.01731829 0.00850464
v 0.01106571 -0.01678816 0.00850464
v 0.01009140 -0.01704006 0.00977242
v 0.01090541 -0.01651844 0.00977243
v 0.01169306 -0.01595691 0.00977243
v 0.01186494 -0.01621747 0.00850465
v 0.01263561 -0.01560772 0.00850465
v 0.01245257 -0.01535697 0.00977243
v 0.01200575 -0.01643830 0.00722082
v 0.01211515 -0.01661886 0.00592322
v 0.01290207 -0.01599402 0.00592322
v 0.01278557 -0.01582025 0.00722082
v 0.01353464 -0.01516417 0.00722082
v 0.01365797 -0.01533073 0.00592322
v 0.01438097 -0.01463052 0.00592322
v 0.01425112 -0.01447158 0.00722082
v 0.01337590 -0.01496045 0.00850465
v 0.01408397 -0.01427715 0.00850465
v 0.01318213 -0.01472009 0.00977243
v 0.01387995 -0.01404778 0.00977243
v 0.01454423 -0.01334152 0.00977243
v 0.01475802 -0.01355936 0.00850465
v 0.01539653 -0.01280892 0.00850465
v 0.01517349 -0.01260313 0.00977243
v 0.01493317 -0.01374401 0.00722082
v 0.01506923 -0.01389496 0.00592322
v 0.01572120 -0.01312594 0.00592322
v 0.01557926 -0.01298335 0.00722082
v 0.01618788 -0.01219147 0.00722082
v 0.01633539 -0.01232537 0.00592322
v 0.01691023 -0.01149512 0.00592322
v 0.01675754 -0.01137022 0.00722082
v 0.01599802 -0.01202768 0.00850465
v 0.01656099 -0.01121747 0.00850465
v 0.01576627 -0.01183444 0.00977243
v 0.01632108 -0.01103726 0.00977243
v 0.01683646 -0.01021340 0.00977243
v 0.01708393 -0.01038017 0.00850465
v 0.01756576 -0.00951788 0.00850464
v 0.01731129 -0.00936496 0.00977243
v 0.01728669 -0.01052153 0.00722082
v 0.01744421 -0.01063708 0.00592322
v 0.01793619 -0.00975345 0.00592321
v 0.01777423 -0.00964749 0.00722082
v 0.01821904 -0.00875024 0.00722082
v 0.01838503 -0.00884635 0.00592321
v 0.01878963 -0.00791796 0.00592321
v 0.01861996 -0.00783194 0.00722082
v 0.01800535 -0.00863269 0.00850464
v 0.01840158 -0.00772672 0.00850464
v 0.01774452 -0.00849400 0.00977242
v 0.01813500 -0.00760258 0.00977242
v 0.01848167 -0.00669280 0.00977242
v 0.01875334 -0.00680208 0.00850464
v 0.01905996 -0.00586107 0.00850464
v 0.01878385 -0.00576690 0.00977242
v 0.01897591 -0.00689471 0.00722082
v 0.01914881 -0.00697044 0.00592321
v 0.01946189 -0.00600613 0.00592321
v 0.01928617 -0.00594088 0.00722082
v 0.01955004 -0.00497276 0.00722082
v 0.01972818 -0.00502738 0.00592321
v 0.01994696 -0.00403653 0.00592321
v 0.01976685 -0.00399267 0.00722082
v 0.01932073 -0.00490595 0.00850464
v 0.01953501 -0.00393903 0.00850464
v 0.01904086 -0.00482713 0.00977243
v 0.01925202 -0.00387575 0.00977243
v 0.01941666 -0.00291500 0.00977243
v 0.01970206 -0.00296260 0.00850464
v 0.01982169 -0.00197902 0.00850464
v 0.01953455 -0.00194723 0.00977243
v 0.01993588 -0.00300294 0.00722082
v 0.02011754 -0.00303592 0.00592321
v 0.02023967 -0.00202800 0.00592321
v 0.02005694 -0.00200597 0.00722082
v 0.02012974 -0.00100418 0.00722081
v 0.02031316 -0.00101520 0.00592321
v 0.02033773 0.00000003 0.00592321
v 0.02015410 0.00000003 0.00722081
v 0.01989365 -0.00099069 0.00850464
v 0.01991771 0.00000003 0.00850464
v 0.01960547 -0.00097477 0.00977243
v 0.01962918 0.00000003 0.00977243
v 0.01960545 0.00097483 0.00977243
v 0.01989364 0.00099074 0.00850464
v 0.01982167 0.00197908 0.00850464
v 0.01953453 0.00194728 0.00977243
v 0.02012974 0.00100424 0.00722082
v 0.02031316 0.00101527 0.00592321
v 0.02023967 0.00202806 0.00592321
v 0.02005692 0.00200603 0.00722082
v 0.01993588 0.00300300 0.00722082
v 0.02011753 0.00303598 0.00592321
v 0.01994694 0.00403659 0.00592321
v 0.01976683 0.00399274 0.00722082
v 0.01970205 0.00296266 0.00850464
v 0.01953499 0.00393909 0.00850464
v 0.01941665 0.00291506 0.00977243
v 0.01925201 0.00387581 0.00977243
v 0.01904084 0.00482719 0.00977243
v 0.01932073 0.00490601 0.00850465
v 0.01905993 0.00586113 0.00850464
v 0.01878383 0.00576696 0.00977243
v 0.01955002 0.00497282 0.00722082
v 0.01972815 0.00502744 0.00592321
v 0.01946187 0.00600619 0.00592321
v 0.01928615 0.00594094 0.00722082
v 0.01897588 0.00689477 0.00722082
v 0.01914878 0.00697050 0.00592321
v 0.01878960 0.00791802 0.00592321
v 0.01861995 0.00783200 0.00722082
v 0.01875332 0.00680214 0.00850464
v 0.01840155 0.00772678 0.00850464
v 0.01848166 0.00669286 0.00977243
v 0.01813499 0.00760264 0.00977243
v 0.01774449 0.00849405 0.00977242
v 0.01800532 0.00863274 0.00850464
v 0.01756572 0.00951794 0.00850464
v 0.01731128 0.00936501 0.00977242
v 0.01821901 0.00875030 0.00722081
v 0.01838501 0.00884641 0.00592321
v 0.01793616 0.00975350 0.00592321
v 0.01777420 0.00964754 0.00722081
v 0.01728666 0.01052159 0.00722081
v 0.01744416 0.01063714 0.00592321
v 0.01691019 0.01149517 0.00592321
v 0.01675749 0.01137028 0.00722081
v 0.01708390 0.01038023 0.00850464
v 0.01656094 0.01121753 0.00850464
v 0.01683643 0.01021346 0.00977242
v 0.01632105 0.01103731 0.00977242
v 0.01576622 0.01183448 0.00977242
v 0.01599798 0.01202772 0.00850464
v 0.01539648 0.01280896 0.00850464
v 0.01517345 0.01260317 0.00977242
v 0.01618783 0.01219151 0.00722081
v 0.01633534 0.01232541 0.00592321
v 0.01572116 0.01312599 0.00592321
v 0.01557921 0.01298339 0.00722081
v 0.01493311 0.01374405 0.00722081
v 0.01506918 0.01389501 0.00592321
v 0.01438092 0.01463056 0.00592321
v 0.01425107 0.01447161 0.00722081
v 0.01475797 0.01355940 0.00850464
v 0.01408392 0.01427719 0.00850464
v 0.01454418 0.01334156 0.00977242
v 0.01387990 0.01404781 0.00977242
v 0.01318208 0.01472013 0.00977242
v 0.01337584 0.01496048 0.00850464
v 0.01263556 0.01560776 0.00850464
v 0.01245252 0.01535701 0.00977242
v 0.01353459 0.01516422 0.00722081
v 0.01365791 0.01533077 0.00592321
v 0.01290201 0.01599407 0.00592321
v 0.01278552 0.01582030 0.00722081
v 0.01200570 0.01643835 0.00722081
v 0.01211509 0.01661890 0.00592321
v 0.01129901 0.01720371 0.00592321
v 0.01119698 0.01701681 0.00722081
v 0.01186489 0.01621750 0.00850464
v 0.01106565 0.01678820 0.00850464
v 0.01169301 0.01595695 0.00977243
v 0.01090536 0.01651848 0.00977243
v 0.01009135 0.01704008 0.00977242
v 0.01023968 0.01731832 0.00850464
v 0.00938905 0.01780675 0.00850464
v 0.00925304 0.01752067 0.00977242
v 0.01036121 0.01755416 0.00722081
v 0.01045561 0.01774697 0.00592321
v 0.00958705 0.01824748 0.00592321
v 0.00950048 0.01804924 0.00722081
v 0.00861691 0.01850093 0.00722081
v 0.00869543 0.01870413 0.00592321
v 0.00778287 0.01911573 0.00592321
v 0.00771260 0.01890806 0.00722082
v 0.00851585 0.01825238 0.00850464
v 0.00762214 0.01865403 0.00850464
v 0.00839248 0.01795912 0.00977242
v 0.00751172 0.01835434 0.00977242
v 0.00661281 0.01870521 0.00977242
v 0.00671002 0.01901062 0.00850464
v 0.00578173 0.01932145 0.00850464
v 0.00569798 0.01901103 0.00977242
v 0.00678965 0.01926950 0.00722082
v 0.00685152 0.01948116 0.00592321
v 0.00590366 0.01979967 0.00592321
v 0.00585035 0.01958457 0.00722082
v 0.00489699 0.01985253 0.00722082
v 0.00494160 0.02007057 0.00592321
v 0.00396766 0.02029315 0.00592321
v 0.00393184 0.02007268 0.00722082
v 0.00483955 0.01958582 0.00850464
v 0.00388572 0.01980301 0.00850464
v 0.00476944 0.01927115 0.00977242
v 0.00382943 0.01948487 0.00977242
v 0.00288017 0.01965149 0.00977242
v 0.00292250 0.01997236 0.00850464
v 0.00195225 0.02009363 0.00850464
v 0.00192397 0.01977080 0.00977242
v 0.00295719 0.02024434 0.00722081
v 0.00298413 0.02046670 0.00592321
v 0.00199341 0.02059095 0.00592321
v 0.00197542 0.02036725 0.00722081
v 0.00098889 0.02044119 0.00722081
v 0.00099790 0.02066572 0.00592321
v 0.00097730 0.02016657 0.00850464
v 0.00096314 0.01984258 0.00977242
v -0.00100431 0.02083938 0.00461408
v -0.00000001 0.02086459 0.00461409
v -0.00100809 0.02096208 0.00329556
v -0.00000001 0.02098744 0.00329556
v -0.00201376 0.02088625 0.00329556
v -0.00200620 0.02076401 0.00461409
v -0.00100928 0.02103363 0.00196973
v -0.00000001 0.02105908 0.00196973
v -0.00100787 0.02105392 0.00063871
v -0.00000001 0.02107938 0.00063871
v -0.00201331 0.02097776 0.00063871
v -0.00201613 0.02095755 0.00196973
v -0.00301813 0.02083108 0.00196973
v -0.00301392 0.02085116 0.00063871
v -0.00400726 0.02067435 0.00063871
v -0.00401286 0.02065444 0.00196973
v -0.00301459 0.02076019 0.00329556
v -0.00400815 0.02058417 0.00329556
v -0.00300328 0.02063868 0.00461409
v -0.00399311 0.02046369 0.00461409
v -0.00497329 0.02023923 0.00461409
v -0.00499203 0.02035839 0.00329556
v -0.00596390 0.02008361 0.00329556
v -0.00594151 0.01996605 0.00461409
v -0.00499789 0.02042789 0.00196973
v -0.00499092 0.02044759 0.00063871
v -0.00596257 0.02017159 0.00063871
v -0.00597090 0.02015217 0.00196973
v -0.00692955 0.01982797 0.00196973
v -0.00691988 0.01984709 0.00063871
v -0.00786053 0.01947481 0.00063871
v -0.00787152 0.01945605 0.00196973
v -0.00692142 0.01976051 0.00329556
v -0.00786227 0.01938985 0.00329556
v -0.00689544 0.01964486 0.00461409
v -0.00783277 0.01927636 0.00461409
v -0.00875117 0.01886130 0.00461409
v -0.00878413 0.01897234 0.00329556
v -0.00968484 0.01850915 0.00329556
v -0.00964849 0.01840082 0.00461409
v -0.00879444 0.01903712 0.00196973
v -0.00878218 0.01905548 0.00063871
v -0.00968269 0.01859025 0.00063871
v -0.00969622 0.01857234 0.00196973
v -0.01057467 0.01806291 0.00196973
v -0.01055992 0.01808032 0.00063871
v -0.01141172 0.01752688 0.00063871
v -0.01142766 0.01750998 0.00196973
v -0.01056227 0.01800145 0.00329556
v -0.01141426 0.01745042 0.00329556
v -0.01052263 0.01789609 0.00461409
v -0.01137142 0.01734828 0.00461409
v -0.01219273 0.01675855 0.00461409
v -0.01223866 0.01685722 0.00329556
v -0.01303361 0.01622341 0.00329556
v -0.01298469 0.01612846 0.00461409
v -0.01225303 0.01691477 0.00196973
v -0.01223595 0.01693107 0.00063871
v -0.01303072 0.01629450 0.00063871
v -0.01304891 0.01627880 0.00196973
v -0.01381341 0.01560370 0.00196973
v -0.01379415 0.01561874 0.00063871
v -0.01452438 0.01490538 0.00063871
v -0.01454465 0.01489102 0.00196973
v -0.01379721 0.01555061 0.00329556
v -0.01452759 0.01484036 0.00329556
v -0.01374543 0.01545959 0.00461409
v -0.01447308 0.01475350 0.00461409
v -0.01516574 0.01401176 0.00461409
v -0.01522287 0.01409425 0.00329556
v -0.01588150 0.01331421 0.00329556
v -0.01582190 0.01323628 0.00461409
v -0.01524074 0.01414237 0.00196973
v -0.01521949 0.01415601 0.00063871
v -0.01587797 0.01337255 0.00063871
v -0.01590015 0.01335966 0.00196973
v -0.01652132 0.01254483 0.00196973
v -0.01649827 0.01255692 0.00063871
v -0.01707886 0.01171108 0.00063871
v -0.01710270 0.01169979 0.00196973
v -0.01650195 0.01250215 0.00329556
v -0.01708265 0.01165999 0.00329556
v -0.01644001 0.01242897 0.00461409
v -0.01701854 0.01159174 0.00461409
v -0.01755593 0.01072650 0.00461409
v -0.01762208 0.01078966 0.00329556
v -0.01811908 0.00989334 0.00329556
v -0.01805107 0.00983544 0.00461409
v -0.01764277 0.01082649 0.00196973
v -0.01761817 0.01083693 0.00063871
v -0.01811505 0.00993669 0.00063871
v -0.01814035 0.00992712 0.00196973
v -0.01859431 0.00900387 0.00196973
v -0.01856838 0.00901257 0.00063871
v -0.01897700 0.00806673 0.00063871
v -0.01900350 0.00805896 0.00196973
v -0.01857251 0.00897324 0.00329556
v -0.01898122 0.00803154 0.00329556
v -0.01850280 0.00892072 0.00461408
v -0.01890998 0.00798453 0.00461409
v -0.01927148 0.00702904 0.00461409
v -0.01934408 0.00707043 0.00329556
v -0.01966035 0.00609229 0.00329556
v -0.01958655 0.00605663 0.00461409
v -0.01936678 0.00709457 0.00196973
v -0.01933977 0.00710141 0.00063871
v -0.01965598 0.00611899 0.00063871
v -0.01968343 0.00611309 0.00196973
v -0.01995275 0.00511692 0.00196973
v -0.01992492 0.00512185 0.00063871
v -0.02014588 0.00411239 0.00063871
v -0.02017401 0.00410843 0.00196973
v -0.01992934 0.00509951 0.00329556
v -0.02015036 0.00409445 0.00329556
v -0.01985454 0.00506966 0.00461409
v -0.02007472 0.00407048 0.00461409
v -0.02024640 0.00306147 0.00461409
v -0.02032269 0.00307949 0.00329556
v -0.02044607 0.00205712 0.00329556
v -0.02036934 0.00204507 0.00461409
v -0.02034654 0.00309001 0.00196973
v -0.02031816 0.00309299 0.00063871
v -0.02044153 0.00206613 0.00063871
v -0.02047009 0.00206414 0.00196973
v -0.02054439 0.00103331 0.00196973
v -0.02051574 0.00103430 0.00063871
v -0.02054056 -0.00000001 0.00063871
v -0.02056925 -0.00000001 0.00196973
v -0.02052030 0.00102979 0.00329556
v -0.02054514 -0.00000001 0.00329556
v -0.02044328 0.00102376 0.00461409
v -0.02046801 -0.00000001 0.00461409
v -0.02044328 -0.00102377 0.00461409
v -0.02052030 -0.00102980 0.00329556
v -0.02044607 -0.00205712 0.00329556
v -0.02036934 -0.00204508 0.00461409
v -0.02054439 -0.00103332 0.00196973
v -0.02051574 -0.00103431 0.00063871
v -0.02044153 -0.00206614 0.00063871
v -0.02047009 -0.00206415 0.00196973
v -0.02034654 -0.00309001 0.00196974
v -0.02031816 -0.00309299 0.00063871
v -0.02014588 -0.00411239 0.00063872
v -0.02017401 -0.00410843 0.00196974
v -0.02032267 -0.00307950 0.00329556
v -0.02015036 -0.00409445 0.00329556
v -0.02024640 -0.00306147 0.00461409
v -0.02007472 -0.00407049 0.00461409
v -0.01985454 -0.00506966 0.00461409
v -0.01992934 -0.00509951 0.00329556
v -0.01966035 -0.00609230 0.00329556
v -0.01958655 -0.00605664 0.00461409
v -0.01995273 -0.00511692 0.00196974
v -0.01992492 -0.00512185 0.00063872
v -0.01965598 -0.00611899 0.00063872
v -0.01968343 -0.00611310 0.00196974
v -0.01936677 -0.00709458 0.00196973
v -0.01933977 -0.00710142 0.00063871
v -0.01897700 -0.00806674 0.00063871
v -0.01900350 -0.00805897 0.00196973
v -0.01934406 -0.00707044 0.00329556
v -0.01898122 -0.00803155 0.00329556
v -0.01927146 -0.00702906 0.00461409
v -0.01890997 -0.00798454 0.00461409
v -0.01850280 -0.00892073 0.00461409
v -0.01857250 -0.00897325 0.00329556
v -0.01811908 -0.00989335 0.00329556
v -0.01805106 -0.00983545 0.00461409
v -0.01859431 -0.00900389 0.00196974
v -0.01856838 -0.00901257 0.00063872
v -0.01811504 -0.00993669 0.00063872
v -0.01814034 -0.00992713 0.00196974
v -0.01764275 -0.01082651 0.00196974
v -0.01761815 -0.01083694 0.00063872
v -0.01707884 -0.01171109 0.00063872
v -0.01710270 -0.01169981 0.00196974
v -0.01762206 -0.01078967 0.00329556
v -0.01708263 -0.01166000 0.00329556
v -0.01755593 -0.01072652 0.00461409
v -0.01701852 -0.01159175 0.00461409
v -0.01643999 -0.01242898 0.00461409
v -0.01650193 -0.01250216 0.00329556
v -0.01588149 -0.01331422 0.00329556
v -0.01582190 -0.01323629 0.00461409
v -0.01652132 -0.01254483 0.00196974
v -0.01649827 -0.01255694 0.00063871
v -0.01587797 -0.01337255 0.00063871
v -0.01590015 -0.01335966 0.00196973
v -0.01524073 -0.01414238 0.00196973
v -0.01521948 -0.01415602 0.00063871
v -0.01452436 -0.01490539 0.00063871
v -0.01454464 -0.01489103 0.00196973
v -0.01522286 -0.01409425 0.00329556
v -0.01452758 -0.01484036 0.00329556
v -0.01516574 -0.01401176 0.00461409
v -0.01447306 -0.01475350 0.00461409
v -0.01374542 -0.01545959 0.00461409
v -0.01379720 -0.01555061 0.00329556
v -0.01303360 -0.01622341 0.00329556
v -0.01298468 -0.01612846 0.00461409
v -0.01381340 -0.01560370 0.00196973
v -0.01379414 -0.01561875 0.00063871
v -0.01303071 -0.01629450 0.00063871
v -0.01304890 -0.01627881 0.00196973
v -0.01225302 -0.01691476 0.00196973
v -0.01223593 -0.01693107 0.00063871
v -0.01141171 -0.01752688 0.00063871
v -0.01142765 -0.01751000 0.00196973
v -0.01223865 -0.01685722 0.00329556
v -0.01141424 -0.01745042 0.00329556
v -0.01219272 -0.01675855 0.00461409
v -0.01137140 -0.01734828 0.00461410
v -0.01052261 -0.01789610 0.00461409
v -0.01056226 -0.01800145 0.00329556
v -0.00968483 -0.01850916 0.00329556
v -0.00964849 -0.01840082 0.00461409
v -0.01057466 -0.01806291 0.00196973
v -0.01055991 -0.01808032 0.00063871
v -0.00968268 -0.01859026 0.00063871
v -0.00969620 -0.01857234 0.00196973
v -0.00879443 -0.01903712 0.00196973
v -0.00878217 -0.01905548 0.00063871
v -0.00786052 -0.01947481 0.00063871
v -0.00787149 -0.01945606 0.00196973
v -0.00878412 -0.01897235 0.00329556
v -0.00786226 -0.01938986 0.00329556
v -0.00875115 -0.01886131 0.00461409
v -0.00783275 -0.01927636 0.00461409
v -0.00689543 -0.01964486 0.00461409
v -0.00692141 -0.01976051 0.00329556
v -0.00596388 -0.02008361 0.00329556
v -0.00594150 -0.01996606 0.00461409
v -0.00692953 -0.01982799 0.00196973
v -0.00691987 -0.01984710 0.00063871
v -0.00596256 -0.02017161 0.00063871
v -0.00597088 -0.02015217 0.00196973
v -0.00499788 -0.02042789 0.00196973
v -0.00499091 -0.02044760 0.00063871
v -0.00400725 -0.02067436 0.00063871
v -0.00401284 -0.02065444 0.00196973
v -0.00499201 -0.02035840 0.00329556
v -0.00400813 -0.02058417 0.00329556
v -0.00497328 -0.02023923 0.00461409
v -0.00399309 -0.02046369 0.00461409
v -0.00300325 -0.02063868 0.00461409
v -0.00301457 -0.02076020 0.00329556
v -0.00201374 -0.02088625 0.00329556
v -0.00200618 -0.02076400 0.00461409
v -0.00301811 -0.02083108 0.00196973
v -0.00301390 -0.02085115 0.00063871
v -0.00201329 -0.02097777 0.00063871
v -0.00201611 -0.02095755 0.00196973
v -0.00100925 -0.02103363 0.00196973
v -0.00100785 -0.02105391 0.00063871
v 0.00000002 -0.02107938 0.00063871
v 0.00000002 -0.02105907 0.00196973
v -0.00100807 -0.02096208 0.00329556
v 0.00000002 -0.02098744 0.00329556
v -0.00100429 -0.02083938 0.00461409
v 0.00000002 -0.02086458 0.00461409
v 0.00100433 -0.02083938 0.00461410
v 0.00100811 -0.02096208 0.00329556
v 0.00201379 -0.02088625 0.00329557
v 0.00200623 -0.02076400 0.00461410
v 0.00100930 -0.02103363 0.00196973
v 0.00100789 -0.02105391 0.00063871
v 0.00201334 -0.02097776 0.00063871
v 0.00201615 -0.02095755 0.00196974
v 0.00301815 -0.02083107 0.00196974
v 0.00301395 -0.02085115 0.00063871
v 0.00400729 -0.02067435 0.00063871
v 0.00401288 -0.02065444 0.00196974
v 0.00301461 -0.02076020 0.00329557
v 0.00400818 -0.02058416 0.00329557
v 0.00300330 -0.02063868 0.00461410
v 0.00399313 -0.02046368 0.00461410
v 0.00497332 -0.02023923 0.00461410
v 0.00499206 -0.02035838 0.00329557
v 0.00596392 -0.02008360 0.00329557
v 0.00594154 -0.01996604 0.00461410
v 0.00499792 -0.02042789 0.00196974
v 0.00499095 -0.02044758 0.00063871
v 0.00596260 -0.02017159 0.00063871
v 0.00597092 -0.02015216 0.00196974
v 0.00692957 -0.01982796 0.00196974
v 0.00691991 -0.01984708 0.00063871
v 0.00786055 -0.01947481 0.00063871
v 0.00787153 -0.01945604 0.00196974
v 0.00692145 -0.01976051 0.00329557
v 0.00786230 -0.01938984 0.00329557
v 0.00689547 -0.01964485 0.00461410
v 0.00783279 -0.01927636 0.00461410
v 0.00875119 -0.01886129 0.00461410
v 0.00878416 -0.01897233 0.00329557
v 0.00968487 -0.01850914 0.00329557
v 0.00964851 -0.01840081 0.00461410
v 0.00879447 -0.01903711 0.00196974
v 0.00878221 -0.01905547 0.00063872
v 0.00968271 -0.01859024 0.00063872
v 0.00969623 -0.01857233 0.00196974
v 0.01057469 -0.01806290 0.00196974
v 0.01055995 -0.01808031 0.00063872
v 0.01141175 -0.01752685 0.00063872
v 0.01142768 -0.01750997 0.00196974
v 0.01056229 -0.01800144 0.00329557
v 0.01141428 -0.01745040 0.00329557
v 0.01052264 -0.01789608 0.00461410
v 0.01137144 -0.01734826 0.00461410
v 0.01219276 -0.01675852 0.00461410
v 0.01223869 -0.01685719 0.00329557
v 0.01303363 -0.01622340 0.00329557
v 0.01298472 -0.01612843 0.00461410
v 0.01225306 -0.01691474 0.00196974
v 0.01223597 -0.01693104 0.00063872
v 0.01303074 -0.01629447 0.00063871
v 0.01304894 -0.01627877 0.00196974
v 0.01381344 -0.01560367 0.00196974
v 0.01379417 -0.01561872 0.00063871
v 0.01452439 -0.01490535 0.00063871
v 0.01454468 -0.01489100 0.00196974
v 0.01379724 -0.01555059 0.00329557
v 0.01452762 -0.01484034 0.00329557
v 0.01374546 -0.01545957 0.00461410
v 0.01447310 -0.01475348 0.00461410
v 0.01516576 -0.01401174 0.00461410
v 0.01522289 -0.01409423 0.00329557
v 0.01588152 -0.01331419 0.00329557
v 0.01582192 -0.01323626 0.00461410
v 0.01524077 -0.01414235 0.00196974
v 0.01521950 -0.01415599 0.00063871
v 0.01587799 -0.01337252 0.00063871
v 0.01590017 -0.01335964 0.00196974
v 0.01652134 -0.01254481 0.00196974
v 0.01649829 -0.01255690 0.00063871
v 0.01707887 -0.01171106 0.00063871
v 0.01710272 -0.01169978 0.00196974
v 0.01650197 -0.01250213 0.00329557
v 0.01708267 -0.01165996 0.00329557
v 0.01644003 -0.01242894 0.00461410
v 0.01701854 -0.01159172 0.00461410
v 0.01755595 -0.01072649 0.00461410
v 0.01762209 -0.01078964 0.00329557
v 0.01811908 -0.00989333 0.00329556
v 0.01805109 -0.00983542 0.00461409
v 0.01764277 -0.01082647 0.00196973
v 0.01761817 -0.01083691 0.00063871
v 0.01811507 -0.00993667 0.00063871
v 0.01814037 -0.00992709 0.00196973
v 0.01859433 -0.00900385 0.00196973
v 0.01856840 -0.00901252 0.00063871
v 0.01897702 -0.00806670 0.00063871
v 0.01900352 -0.00805893 0.00196973
v 0.01857252 -0.00897322 0.00329556
v 0.01898122 -0.00803152 0.00329556
v 0.01850280 -0.00892070 0.00461409
v 0.01890999 -0.00798451 0.00461409
v 0.01927148 -0.00702902 0.00461409
v 0.01934408 -0.00707040 0.00329556
v 0.01966035 -0.00609226 0.00329556
v 0.01958655 -0.00605661 0.00461409
v 0.01936678 -0.00709454 0.00196973
v 0.01933979 -0.00710138 0.00063871
v 0.01965598 -0.00611896 0.00063871
v 0.01968343 -0.00611306 0.00196973
v 0.01995275 -0.00511688 0.00196973
v 0.01992492 -0.00512182 0.00063871
v 0.02014588 -0.00411235 0.00063871
v 0.02017403 -0.00410839 0.00196973
v 0.01992934 -0.00509948 0.00329556
v 0.02015037 -0.00409441 0.00329556
v 0.01985454 -0.00506963 0.00461409
v 0.02007474 -0.00407045 0.00461409
v 0.02024641 -0.00306144 0.00461409
v 0.02032269 -0.00307946 0.00329556
v 0.02044608 -0.00205709 0.00329556
v 0.02036934 -0.00204505 0.00461409
v 0.02034655 -0.00308997 0.00196973
v 0.02031816 -0.00309295 0.00063871
v 0.02044153 -0.00206610 0.00063871
v 0.02047009 -0.00206411 0.00196973
v 0.02054440 -0.00103328 0.00196973
v 0.02051574 -0.00103428 0.00063871
v 0.02054057 0.00000003 0.00063871
v 0.02056925 0.00000003 0.00196973
v 0.02052031 -0.00102976 0.00329556
v 0.02054513 0.00000003 0.00329556
v 0.02044329 -0.00102374 0.00461409
v 0.02046802 0.00000003 0.00461409
v 0.02044327 0.00102380 0.00461409
v 0.02052030 0.00102983 0.00329556
v 0.02044606 0.00205715 0.00329556
v 0.02036933 0.00204511 0.00461409
v 0.02054440 0.00103334 0.00196973
v 0.02051574 0.00103434 0.00063871
v 0.02044153 0.00206616 0.00063871
v 0.02047008 0.00206417 0.00196973
v 0.02034653 0.00309004 0.00196973
v 0.02031816 0.00309302 0.00063871
v 0.02014588 0.00411242 0.00063871
v 0.02017401 0.00410846 0.00196973
v 0.02032266 0.00307952 0.00329556
v 0.02015035 0.00409448 0.00329556
v 0.02024639 0.00306150 0.00461409
v 0.02007471 0.00407051 0.00461409
v 0.01985454 0.00506969 0.00461409
v 0.01992934 0.00509954 0.00329556
v 0.01966034 0.00609233 0.00329556
v 0.01958654 0.00605667 0.00461409
v 0.01995272 0.00511695 0.00196973
v 0.01992491 0.00512188 0.00063871
v 0.01965597 0.00611902 0.00063871
v 0.01968342 0.00611313 0.00196973
v 0.01936676 0.00709461 0.00196973
v 0.01933976 0.00710145 0.00063871
v 0.01897699 0.00806677 0.00063871
v 0.01900349 0.00805900 0.00196973
v 0.01934406 0.00707047 0.00329556
v 0.01898121 0.00803158 0.00329556
v 0.01927145 0.00702908 0.00461409
v 0.01890997 0.00798457 0.00461409
v 0.01850279 0.00892076 0.00461409
v 0.01857249 0.00897328 0.00329556
v 0.01811905 0.00989338 0.00329556
v 0.01805106 0.00983548 0.00461409
v 0.01859430 0.00900391 0.00196973
v 0.01856837 0.00901261 0.00063871
v 0.01811504 0.00993674 0.00063871
v 0.01814033 0.00992716 0.00196973
v 0.01764274 0.01082653 0.00196973
v 0.01761814 0.01083697 0.00063871
v 0.01707883 0.01171112 0.00063871
v 0.01710267 0.01169983 0.00196973
v 0.01762205 0.01078969 0.00329556
v 0.01708263 0.01166002 0.00329556
v 0.01755590 0.01072655 0.00461409
v 0.01701851 0.01159177 0.00461408
v 0.01643998 0.01242900 0.00461408
v 0.01650192 0.01250219 0.00329556
v 0.01588148 0.01331424 0.00329556
v 0.01582187 0.01323631 0.00461408
v 0.01652129 0.01254486 0.00196973
v 0.01649826 0.01255696 0.00063871
v 0.01587794 0.01337258 0.00063871
v 0.01590012 0.01335969 0.00196973
v 0.01524071 0.01414239 0.00196973
v 0.01521946 0.01415603 0.00063871
v 0.01452435 0.01490541 0.00063871
v 0.01454463 0.01489105 0.00196973
v 0.01522285 0.01409428 0.00329556
v 0.01452757 0.01484038 0.00329556
v 0.01516571 0.01401178 0.00461408
v 0.01447304 0.01475352 0.00461409
v 0.01374540 0.01545961 0.00461409
v 0.01379719 0.01555063 0.00329556
v 0.01303358 0.01622344 0.00329556
v 0.01298466 0.01612849 0.00461409
v 0.01381339 0.01560372 0.00196973
v 0.01379413 0.01561876 0.00063871
v 0.01303069 0.01629453 0.00063871
v 0.01304889 0.01627882 0.00196973
v 0.01225301 0.01691478 0.00196973
v 0.01223592 0.01693110 0.00063871
v 0.01141169 0.01752689 0.00063871
v 0.01142763 0.01751001 0.00196973
v 0.01223864 0.01685723 0.00329556
v 0.01141423 0.01745045 0.00329556
v 0.01219270 0.01675856 0.00461409
v 0.01137139 0.01734831 0.00461409
v 0.01052259 0.01789611 0.00461409
v 0.01056224 0.01800148 0.00329556
v 0.00968481 0.01850917 0.00329556
v 0.00964846 0.01840085 0.00461409
v 0.01057464 0.01806294 0.00196973
v 0.01055989 0.01808035 0.00063871
v 0.00968266 0.01859027 0.00063871
v 0.00969618 0.01857236 0.00196973
v 0.00879441 0.01903713 0.00196973
v 0.00878214 0.01905549 0.00063871
v 0.00786049 0.01947484 0.00063871
v 0.00787147 0.01945607 0.00196973
v 0.00878410 0.01897236 0.00329556
v 0.00786224 0.01938987 0.00329556
v 0.00875113 0.01886132 0.00461409
v 0.00783273 0.01927639 0.00461409
v 0.00689541 0.01964487 0.00461409
v 0.00692138 0.01976054 0.00329556
v 0.00596386 0.02008362 0.00329556
v 0.00594147 0.01996606 0.00461409
v 0.00692951 0.01982799 0.00196973
v 0.00691984 0.01984711 0.00063871
v 0.00596253 0.02017162 0.00063871
v 0.00597086 0.02015218 0.00196973
v 0.00499785 0.02042790 0.00196973
v 0.00499089 0.02044761 0.00063871
v 0.00400723 0.02067437 0.00063871
v 0.00401282 0.02065444 0.00196973
v 0.00499199 0.02035841 0.00329556
v 0.00400812 0.02058418 0.00329556
v 0.00497326 0.02023924 0.00461409
v 0.00399308 0.02046369 0.00461409
v 0.00300325 0.02063869 0.00461409
v 0.00301456 0.02076021 0.00329556
v 0.00201374 0.02088626 0.00329556
v 0.00200618 0.02076401 0.00461409
v 0.00301810 0.02083108 0.00196973
v 0.00301389 0.02085116 0.00063871
v 0.00201329 0.02097776 0.00063871
v 0.00201610 0.02095756 0.00196973
v 0.00100926 0.02103364 0.00196973
v 0.00100785 0.02105392 0.00063871
v 0.00100808 0.02096208 0.00329556
v 0.00100429 0.02083939 0.00461409
v -0.00100388 0.02102278 -0.00069540
v -0.00000001 0.02104820 -0.00069540
v -0.00099735 0.02094060 -0.00203037
v -0.00000001 0.02096593 -0.00203037
v -0.00199231 0.02086485 -0.00203037
v -0.00200534 0.02094673 -0.00069540
v -0.00098833 0.02080777 -0.00336397
v -0.00000001 0.02083294 -0.00336397
v -0.00097686 0.02062470 -0.00469398
v -0.00000000 0.02064965 -0.00469398
v -0.00195138 0.02055010 -0.00469398
v -0.00197429 0.02073250 -0.00336397
v -0.00295550 0.02060738 -0.00336397
v -0.00292120 0.02042607 -0.00469398
v -0.00388399 0.02025288 -0.00469398
v -0.00392958 0.02043264 -0.00336397
v -0.00298247 0.02073892 -0.00203037
v -0.00396545 0.02056307 -0.00203036
v -0.00300199 0.02082031 -0.00069540
v -0.00399140 0.02064378 -0.00069540
v -0.00497117 0.02041734 -0.00069540
v -0.00493884 0.02033753 -0.00203036
v -0.00590036 0.02006301 -0.00203036
v -0.00593897 0.02014176 -0.00069540
v -0.00489418 0.02020853 -0.00336397
v -0.00483739 0.02003073 -0.00469398
v -0.00577915 0.01976036 -0.00469398
v -0.00584699 0.01993577 -0.00336397
v -0.00678575 0.01961506 -0.00336397
v -0.00670701 0.01944248 -0.00469398
v -0.00761872 0.01907778 -0.00469398
v -0.00770816 0.01924712 -0.00336397
v -0.00684768 0.01974026 -0.00203036
v -0.00777851 0.01936998 -0.00203036
v -0.00689249 0.01981774 -0.00069540
v -0.00782941 0.01944601 -0.00069540
v -0.00874742 0.01902728 -0.00069540
v -0.00869054 0.01895291 -0.00203036
v -0.00958166 0.01849019 -0.00203036
v -0.00964436 0.01856276 -0.00069540
v -0.00861195 0.01883268 -0.00336397
v -0.00851202 0.01866699 -0.00469398
v -0.00938483 0.01821125 -0.00469398
v -0.00949501 0.01837291 -0.00336397
v -0.01035524 0.01786894 -0.00336397
v -0.01023508 0.01771172 -0.00469398
v -0.01106067 0.01716956 -0.00469398
v -0.01119052 0.01732196 -0.00336397
v -0.01044974 0.01798301 -0.00203037
v -0.01129266 0.01743253 -0.00203037
v -0.01051812 0.01805358 -0.00069540
v -0.01136655 0.01750095 -0.00069540
v -0.01218751 0.01690602 -0.00069540
v -0.01210827 0.01683994 -0.00203037
v -0.01289475 0.01620679 -0.00203037
v -0.01297913 0.01627039 -0.00069540
v -0.01199877 0.01673312 -0.00336397
v -0.01185954 0.01658590 -0.00469398
v -0.01262986 0.01596231 -0.00469398
v -0.01277814 0.01610400 -0.00336397
v -0.01352677 0.01543614 -0.00336397
v -0.01336981 0.01530033 -0.00469398
v -0.01407757 0.01460151 -0.00469398
v -0.01424283 0.01473112 -0.00336397
v -0.01365022 0.01553467 -0.00203037
v -0.01437281 0.01482516 -0.00203037
v -0.01373955 0.01559564 -0.00069540
v -0.01446687 0.01488333 -0.00069540
v -0.01515925 0.01413507 -0.00069540
v -0.01506068 0.01407981 -0.00203037
v -0.01571230 0.01330057 -0.00203037
v -0.01581512 0.01335276 -0.00069540
v -0.01492448 0.01399050 -0.00336397
v -0.01475132 0.01386741 -0.00469398
v -0.01538954 0.01309992 -0.00469398
v -0.01557020 0.01321620 -0.00336397
v -0.01617848 0.01241012 -0.00336397
v -0.01599076 0.01230093 -0.00469398
v -0.01655348 0.01147234 -0.00469398
v -0.01674781 0.01157416 -0.00336397
v -0.01632613 0.01248933 -0.00203036
v -0.01690065 0.01164804 -0.00203036
v -0.01643298 0.01253835 -0.00069540
v -0.01701125 0.01169375 -0.00069540
v -0.01754842 0.01082090 -0.00069539
v -0.01743432 0.01077861 -0.00203036
v -0.01792603 0.00988321 -0.00203036
v -0.01804334 0.00992199 -0.00069539
v -0.01727665 0.01071023 -0.00336397
v -0.01707620 0.01061600 -0.00469398
v -0.01755780 0.00973412 -0.00469398
v -0.01776392 0.00982052 -0.00336397
v -0.01820847 0.00890719 -0.00336397
v -0.01799718 0.00882883 -0.00469398
v -0.01839325 0.00790229 -0.00469398
v -0.01860917 0.00797242 -0.00336397
v -0.01837463 0.00896405 -0.00203036
v -0.01877899 0.00802332 -0.00203036
v -0.01849488 0.00899923 -0.00069540
v -0.01890189 0.00805480 -0.00069540
v -0.01926322 0.00709091 -0.00069539
v -0.01913797 0.00706319 -0.00203036
v -0.01945089 0.00608606 -0.00203036
v -0.01957817 0.00610994 -0.00069539
v -0.01896490 0.00701839 -0.00336397
v -0.01874484 0.00695664 -0.00469398
v -0.01905133 0.00599424 -0.00469398
v -0.01927498 0.00604745 -0.00336397
v -0.01953871 0.00506197 -0.00336396
v -0.01931200 0.00501743 -0.00469398
v -0.01952615 0.00402855 -0.00469398
v -0.01975538 0.00406431 -0.00336396
v -0.01971701 0.00509428 -0.00203036
v -0.01993567 0.00409025 -0.00203036
v -0.01984605 0.00511428 -0.00069539
v -0.02006614 0.00410631 -0.00069539
v -0.02023774 0.00308841 -0.00069539
v -0.02010616 0.00307634 -0.00203036
v -0.02022825 0.00205501 -0.00203036
v -0.02036063 0.00206307 -0.00069539
v -0.01992432 0.00305682 -0.00336396
v -0.01969314 0.00302992 -0.00469398
v -0.01981272 0.00202400 -0.00469398
v -0.02004530 0.00204197 -0.00336396
v -0.02011808 0.00102221 -0.00336396
v -0.01988465 0.00101321 -0.00469398
v -0.01990870 -0.00000001 -0.00469398
v -0.02014241 -0.00000001 -0.00336396
v -0.02030168 0.00102873 -0.00203036
v -0.02032624 -0.00000001 -0.00203036
v -0.02043454 0.00103277 -0.00069539
v -0.02045925 -0.00000001 -0.00069539
v -0.02043454 -0.00103278 -0.00069539
v -0.02030167 -0.00102875 -0.00203036
v -0.02022825 -0.00205502 -0.00203036
v -0.02036061 -0.00206308 -0.00069539
v -0.02011808 -0.00102222 -0.00336396
v -0.01988465 -0.00101323 -0.00469398
v -0.01981272 -0.00202402 -0.00469398
v -0.02004530 -0.00204198 -0.00336396
v -0.01992432 -0.00305683 -0.00336396
v -0.01969314 -0.00302994 -0.00469398
v -0.01952615 -0.00402855 -0.00469398
v -0.01975538 -0.00406431 -0.00336396
v -0.02010616 -0.00307634 -0.00203036
v -0.01993567 -0.00409026 -0.00203036
v -0.02023774 -0.00308841 -0.00069539
v -0.02006614 -0.00410631 -0.00069539
v -0.01984605 -0.00511428 -0.00069539
v -0.01971701 -0.00509429 -0.00203036
v -0.01945087 -0.00608606 -0.00203036
v -0.01957817 -0.00610994 -0.00069539
v -0.01953869 -0.00506197 -0.00336396
v -0.01931198 -0.00501744 -0.00469398
v -0.01905133 -0.00599425 -0.00469398
v -0.01927496 -0.00604745 -0.00336397
v -0.01896490 -0.00701839 -0.00336397
v -0.01874484 -0.00695664 -0.00469398
v -0.01839323 -0.00790229 -0.00469398
v -0.01860915 -0.00797243 -0.00336397
v -0.01913797 -0.00706319 -0.00203036
v -0.01877898 -0.00802332 -0.00203036
v -0.01926321 -0.00709091 -0.00069539
v -0.01890189 -0.00805480 -0.00069539
v -0.01849488 -0.00899923 -0.00069539
v -0.01837463 -0.00896406 -0.00203036
v -0.01792603 -0.00988322 -0.00203036
v -0.01804334 -0.00992201 -0.00069539
v -0.01820845 -0.00890720 -0.00336396
v -0.01799718 -0.00882883 -0.00469398
v -0.01755780 -0.00973413 -0.00469398
v -0.01776392 -0.00982053 -0.00336396
v -0.01727665 -0.01071024 -0.00336396
v -0.01707620 -0.01061602 -0.00469398
v -0.01655348 -0.01147234 -0.00469398
v -0.01674781 -0.01157416 -0.00336396
v -0.01743432 -0.01077862 -0.00203036
v -0.01690064 -0.01164804 -0.00203036
v -0.01754841 -0.01082091 -0.00069539
v -0.01701124 -0.01169377 -0.00069539
v -0.01643296 -0.01253836 -0.00069539
v -0.01632612 -0.01248934 -0.00203036
v -0.01571229 -0.01330057 -0.00203036
v -0.01581512 -0.01335277 -0.00069539
v -0.01617847 -0.01241013 -0.00336396
v -0.01599076 -0.01230094 -0.00469398
v -0.01538953 -0.01309993 -0.00469398
v -0.01557019 -0.01321620 -0.00336396
v -0.01492447 -0.01399051 -0.00336397
v -0.01475130 -0.01386742 -0.00469398
v -0.01407756 -0.01460151 -0.00469398
v -0.01424283 -0.01473112 -0.00336397
v -0.01506067 -0.01407982 -0.00203036
v -0.01437280 -0.01482516 -0.00203037
v -0.01515924 -0.01413507 -0.00069540
v -0.01446686 -0.01488334 -0.00069540
v -0.01373954 -0.01559564 -0.00069540
v -0.01365021 -0.01553467 -0.00203037
v -0.01289474 -0.01620679 -0.00203037
v -0.01297912 -0.01627039 -0.00069540
v -0.01352676 -0.01543614 -0.00336397
v -0.01336981 -0.01530033 -0.00469398
v -0.01262986 -0.01596231 -0.00469398
v -0.01277812 -0.01610399 -0.00336397
v -0.01199876 -0.01673311 -0.00336397
v -0.01185954 -0.01658589 -0.00469398
v -0.01106066 -0.01716955 -0.00469398
v -0.01119052 -0.01732195 -0.00336397
v -0.01210826 -0.01683994 -0.00203037
v -0.01129263 -0.01743254 -0.00203037
v -0.01218750 -0.01690603 -0.00069540
v -0.01136654 -0.01750095 -0.00069540
v -0.01051812 -0.01805358 -0.00069540
v -0.01044972 -0.01798301 -0.00203037
v -0.00958165 -0.01849019 -0.00203037
v -0.00964435 -0.01856276 -0.00069540
v -0.01035522 -0.01786894 -0.00336397
v -0.01023507 -0.01771173 -0.00469398
v -0.00938482 -0.01821126 -0.00469398
v -0.00949499 -0.01837291 -0.00336397
v -0.00861194 -0.01883268 -0.00336397
v -0.00851201 -0.01866699 -0.00469398
v -0.00761871 -0.01907779 -0.00469398
v -0.00770815 -0.01924712 -0.00336397
v -0.00869054 -0.01895291 -0.00203037
v -0.00777849 -0.01937000 -0.00203037
v -0.00874740 -0.01902729 -0.00069540
v -0.00782940 -0.01944601 -0.00069540
v -0.00689248 -0.01981775 -0.00069540
v -0.00684766 -0.01974027 -0.00203037
v -0.00590034 -0.02006302 -0.00203037
v -0.00593895 -0.02014176 -0.00069540
v -0.00678574 -0.01961506 -0.00336397
v -0.00670700 -0.01944248 -0.00469398
v -0.00577914 -0.01976037 -0.00469398
v -0.00584698 -0.01993577 -0.00336397
v -0.00489416 -0.02020853 -0.00336397
v -0.00483737 -0.02003072 -0.00469398
v -0.00388397 -0.02025287 -0.00469398
v -0.00392957 -0.02043264 -0.00336397
v -0.00493883 -0.02033754 -0.00203037
v -0.00396543 -0.02056307 -0.00203036
v -0.00497115 -0.02041734 -0.00069540
v -0.00399138 -0.02064377 -0.00069540
v -0.00300197 -0.02082031 -0.00069540
v -0.00298245 -0.02073892 -0.00203036
v -0.00199229 -0.02086485 -0.00203036
v -0.00200532 -0.02094673 -0.00069540
v -0.00295548 -0.02060738 -0.00336397
v -0.00292118 -0.02042607 -0.00469398
v -0.00195136 -0.02055009 -0.00469398
v -0.00197427 -0.02073251 -0.00336397
v -0.00098831 -0.02080776 -0.00336397
v -0.00097684 -0.02062469 -0.00469398
v 0.00000002 -0.02064964 -0.00469398
v 0.00000002 -0.02083293 -0.00336397
v -0.00099733 -0.02094060 -0.00203036
v 0.00000002 -0.02096593 -0.00203036
v -0.00100386 -0.02102278 -0.00069540
v 0.00000002 -0.02104821 -0.00069540
v 0.00100390 -0.02102278 -0.00069540
v 0.00099738 -0.02094059 -0.00203036
v 0.00199233 -0.02086484 -0.00203036
v 0.00200537 -0.02094673 -0.00069540
v 0.00098836 -0.02080776 -0.00336397
v 0.00097689 -0.02062469 -0.00469398
v 0.00195141 -0.02055009 -0.00469398
v 0.00197431 -0.02073250 -0.00336397
v 0.00295552 -0.02060738 -0.00336397
v 0.00292123 -0.02042607 -0.00469398
v 0.00388402 -0.02025285 -0.00469398
v 0.00392961 -0.02043264 -0.00336397
v 0.00298250 -0.02073892 -0.00203036
v 0.00396548 -0.02056307 -0.00203036
v 0.00300202 -0.02082031 -0.00069539
v 0.00399143 -0.02064377 -0.00069539
v 0.00497119 -0.02041734 -0.00069539
v 0.00493887 -0.02033752 -0.00203036
v 0.00590038 -0.02006300 -0.00203036
v 0.00593900 -0.02014175 -0.00069539
v 0.00489421 -0.02020853 -0.00336397
v 0.00483742 -0.02003072 -0.00469398
v 0.00577918 -0.01976035 -0.00469398
v 0.00584702 -0.01993576 -0.00336397
v 0.00678578 -0.01961505 -0.00336397
v 0.00670704 -0.01944247 -0.00469398
v 0.00761875 -0.01907778 -0.00469398
v 0.00770819 -0.01924712 -0.00336397
v 0.00684771 -0.01974025 -0.00203036
v 0.00777854 -0.01936998 -0.00203036
v 0.00689252 -0.01981773 -0.00069539
v 0.00782944 -0.01944600 -0.00069539
v 0.00874744 -0.01902728 -0.00069539
v 0.00869056 -0.01895288 -0.00203036
v 0.00958169 -0.01849018 -0.00203036
v 0.00964439 -0.01856274 -0.00069539
v 0.00861198 -0.01883268 -0.00336396
v 0.00851205 -0.01866698 -0.00469398
v 0.00938486 -0.01821124 -0.00469398
v 0.00949503 -0.01837290 -0.00336396
v 0.01035526 -0.01786893 -0.00336396
v 0.01023510 -0.01771171 -0.00469398
v 0.01106070 -0.01716954 -0.00469398
v 0.01119054 -0.01732194 -0.00336396
v 0.01044976 -0.01798298 -0.00203036
v 0.01129267 -0.01743251 -0.00203036
v 0.01051815 -0.01805357 -0.00069539
v 0.01136658 -0.01750092 -0.00069539
v 0.01218753 -0.01690600 -0.00069539
v 0.01210830 -0.01683991 -0.00203036
v 0.01289477 -0.01620676 -0.00203036
v 0.01297916 -0.01627036 -0.00069539
v 0.01199879 -0.01673310 -0.00336396
v 0.01185957 -0.01658588 -0.00469398
v 0.01262989 -0.01596228 -0.00469398
v 0.01277815 -0.01610397 -0.00336396
v 0.01352679 -0.01543611 -0.00336396
v 0.01336983 -0.01530030 -0.00469398
v 0.01407759 -0.01460149 -0.00469398
v 0.01424285 -0.01473110 -0.00336397
v 0.01365024 -0.01553464 -0.00203036
v 0.01437283 -0.01482513 -0.00203036
v 0.01373957 -0.01559561 -0.00069539
v 0.01446689 -0.01488330 -0.00069540
v 0.01515927 -0.01413504 -0.00069540
v 0.01506069 -0.01407978 -0.00203036
v 0.01571232 -0.01330054 -0.00203036
v 0.01581514 -0.01335273 -0.00069540
v 0.01492450 -0.01399048 -0.00336397
v 0.01475133 -0.01386739 -0.00469398
v 0.01538956 -0.01309990 -0.00469398
v 0.01557021 -0.01321618 -0.00336397
v 0.01617850 -0.01241009 -0.00336397
v 0.01599078 -0.01230091 -0.00469398
v 0.01655348 -0.01147231 -0.00469398
v 0.01674781 -0.01157414 -0.00336397
v 0.01632615 -0.01248930 -0.00203036
v 0.01690066 -0.01164802 -0.00203036
v 0.01643298 -0.01253833 -0.00069539
v 0.01701127 -0.01169373 -0.00069539
v 0.01754844 -0.01082087 -0.00069540
v 0.01743434 -0.01077858 -0.00203036
v 0.01792605 -0.00988318 -0.00203036
v 0.01804336 -0.00992197 -0.00069540
v 0.01727667 -0.01071020 -0.00336397
v 0.01707620 -0.01061598 -0.00469398
v 0.01755782 -0.00973409 -0.00469398
v 0.01776394 -0.00982050 -0.00336397
v 0.01820847 -0.00890717 -0.00336397
v 0.01799720 -0.00882880 -0.00469398
v 0.01839325 -0.00790225 -0.00469398
v 0.01860917 -0.00797239 -0.00336397
v 0.01837465 -0.00896402 -0.00203036
v 0.01877900 -0.00802328 -0.00203036
v 0.01849490 -0.00899919 -0.00069540
v 0.01890191 -0.00805476 -0.00069540
v 0.01926323 -0.00709088 -0.00069540
v 0.01913799 -0.00706316 -0.00203036
v 0.01945089 -0.00608602 -0.00203036
v 0.01957819 -0.00610991 -0.00069540
v 0.01896491 -0.00701836 -0.00336397
v 0.01874486 -0.00695661 -0.00469398
v 0.01905133 -0.00599421 -0.00469398
v 0.01927498 -0.00604742 -0.00336397
v 0.01953871 -0.00506194 -0.00336397
v 0.01931200 -0.00501740 -0.00469398
v 0.01952615 -0.00402852 -0.00469398
v 0.01975538 -0.00406427 -0.00336397
v 0.01971702 -0.00509425 -0.00203037
v 0.01993568 -0.00409022 -0.00203036
v 0.01984605 -0.00511424 -0.00069540
v 0.02006614 -0.00410627 -0.00069540
v 0.02023774 -0.00308838 -0.00069540
v 0.02010617 -0.00307630 -0.00203037
v 0.02022824 -0.00205498 -0.00203037
v 0.02036063 -0.00206304 -0.00069540
v 0.01992432 -0.00305679 -0.00336397
v 0.01969314 -0.00302990 -0.00469398
v 0.01981272 -0.00202398 -0.00469398
v 0.02004531 -0.00204194 -0.00336397
v 0.02011808 -0.00102218 -0.00336397
v 0.01988465 -0.00101319 -0.00469398
v 0.01990870 0.00000003 -0.00469398
v 0.02014241 0.00000003 -0.00336397
v 0.02030167 -0.00102871 -0.00203037
v 0.02032624 0.00000003 -0.00203037
v 0.02043454 -0.00103275 -0.00069540
v 0.02045926 0.00000003 -0.00069540
v 0.02043454 0.00103281 -0.00069540
v 0.02030167 0.00102877 -0.00203037
v 0.02022824 0.00205504 -0.00203036
v 0.02036062 0.00206311 -0.00069540
v 0.02011808 0.00102225 -0.00336397
v 0.01988465 0.00101325 -0.00469398
v 0.01981272 0.00202404 -0.00469398
v 0.02004529 0.00204201 -0.00336397
v 0.01992432 0.00305686 -0.00336397
v 0.01969314 0.00302996 -0.00469398
v 0.01952615 0.00402858 -0.00469398
v 0.01975538 0.00406434 -0.00336397
v 0.02010615 0.00307637 -0.00203036
v 0.01993566 0.00409028 -0.00203036
v 0.02023774 0.00308844 -0.00069540
v 0.02006613 0.00410634 -0.00069540
v 0.01984604 0.00511431 -0.00069540
v 0.01971701 0.00509432 -0.00203036
v 0.01945086 0.00608609 -0.00203036
v 0.01957817 0.00610997 -0.00069540
v 0.01953870 0.00506200 -0.00336397
v 0.01931199 0.00501747 -0.00469398
v 0.01905132 0.00599428 -0.00469398
v 0.01927497 0.00604748 -0.00336397
v 0.01896489 0.00701842 -0.00336397
v 0.01874483 0.00695667 -0.00469398
v 0.01839323 0.00790231 -0.00469398
v 0.01860914 0.00797245 -0.00336397
v 0.01913796 0.00706322 -0.00203036
v 0.01877898 0.00802335 -0.00203036
v 0.01926321 0.00709094 -0.00069540
v 0.01890188 0.00805483 -0.00069540
v 0.01849487 0.00899926 -0.00069540
v 0.01837462 0.00896409 -0.00203037
v 0.01792602 0.00988324 -0.00203037
v 0.01804333 0.00992204 -0.00069540
v 0.01820845 0.00890722 -0.00336397
v 0.01799717 0.00882886 -0.00469398
v 0.01755777 0.00973415 -0.00469398
v 0.01776389 0.00982056 -0.00336397
v 0.01727663 0.01071027 -0.00336397
v 0.01707617 0.01061604 -0.00469398
v 0.01655346 0.01147236 -0.00469398
v 0.01674778 0.01157419 -0.00336397
v 0.01743431 0.01077865 -0.00203037
v 0.01690063 0.01164808 -0.00203037
v 0.01754840 0.01082094 -0.00069540
v 0.01701123 0.01169379 -0.00069540
v 0.01643295 0.01253838 -0.00069540
v 0.01632611 0.01248937 -0.00203037
v 0.01571228 0.01330059 -0.00203037
v 0.01581510 0.01335279 -0.00069540
v 0.01617846 0.01241015 -0.00336397
v 0.01599074 0.01230096 -0.00469398
v 0.01538952 0.01309995 -0.00469398
v 0.01557017 0.01321623 -0.00336397
v 0.01492446 0.01399053 -0.00336397
v 0.01475129 0.01386744 -0.00469398
v 0.01407755 0.01460153 -0.00469398
v 0.01424281 0.01473114 -0.00336397
v 0.01506067 0.01407984 -0.00203037
v 0.01437279 0.01482518 -0.00203037
v 0.01515923 0.01413509 -0.00069540
v 0.01446685 0.01488336 -0.00069540
v 0.01373952 0.01559566 -0.00069540
v 0.01365019 0.01553469 -0.00203037
v 0.01289472 0.01620681 -0.00203036
v 0.01297911 0.01627041 -0.00069540
v 0.01352675 0.01543617 -0.00336397
v 0.01336979 0.01530034 -0.00469398
v 0.01262983 0.01596232 -0.00469398
v 0.01277811 0.01610402 -0.00336397
v 0.01199874 0.01673314 -0.00336397
v 0.01185952 0.01658592 -0.00469398
v 0.01106065 0.01716958 -0.00469398
v 0.01119049 0.01732198 -0.00336397
v 0.01210824 0.01683997 -0.00203036
v 0.01129261 0.01743255 -0.00203036
v 0.01218749 0.01690604 -0.00069540
v 0.01136652 0.01750098 -0.00069540
v 0.01051809 0.01805361 -0.00069540
v 0.01044971 0.01798304 -0.00203036
v 0.00958163 0.01849021 -0.00203036
v 0.00964432 0.01856277 -0.00069540
v 0.01035520 0.01786896 -0.00336397
v 0.01023505 0.01771175 -0.00469398
v 0.00938481 0.01821129 -0.00469398
v 0.00949498 0.01837294 -0.00336397
v 0.00861192 0.01883271 -0.00336397
v 0.00851199 0.01866702 -0.00469398
v 0.00761869 0.01907780 -0.00469398
v 0.00770813 0.01924715 -0.00336397
v 0.00869051 0.01895292 -0.00203036
v 0.00777847 0.01937001 -0.00203036
v 0.00874738 0.01902730 -0.00069540
v 0.00782938 0.01944602 -0.00069539
v 0.00689245 0.01981776 -0.00069539
v 0.00684764 0.01974028 -0.00203036
v 0.00590032 0.02006305 -0.00203036
v 0.00593893 0.02014177 -0.00069539
v 0.00678572 0.01961508 -0.00336397
v 0.00670698 0.01944249 -0.00469398
v 0.00577912 0.01976038 -0.00469398
v 0.00584696 0.01993578 -0.00336397
v 0.00489415 0.02020854 -0.00336397
v 0.00483736 0.02003075 -0.00469398
v 0.00388396 0.02025288 -0.00469398
v 0.00392956 0.02043265 -0.00336397
v 0.00493881 0.02033755 -0.00203036
v 0.00396542 0.02056309 -0.00203036
v 0.00497113 0.02041735 -0.00069539
v 0.00399137 0.02064378 -0.00069540
v 0.00300196 0.02082032 -0.00069540
v 0.00298244 0.02073893 -0.00203036
v 0.00199229 0.02086485 -0.00203036
v 0.00200532 0.02094673 -0.00069540
v 0.00295547 0.02060739 -0.00336397
v 0.00292118 0.02042607 -0.00469398
v 0.00195136 0.02055010 -0.00469398
v 0.00197427 0.02073252 -0.00336397
v 0.00098832 0.02080777 -0.00336397
v 0.00097685 0.02062470 -0.00469398
v 0.00099734 0.02094060 -0.00203037
v 0.00100386 0.02102278 -0.00069540
v -0.00096299 0.02039177 -0.00601818
v -0.00000000 0.02041643 -0.00601818
v -0.00094679 0.02010984 -0.00733396
v -0.00000000 0.02013416 -0.00733396
v -0.00189131 0.02003710 -0.00733396
v -0.00192367 0.02031802 -0.00601818
v -0.00092834 0.01977975 -0.00863874
v -0.00000001 0.01980369 -0.00863873
v -0.00090770 0.01940238 -0.00992990
v -0.00000001 0.01942586 -0.00992989
v -0.00181321 0.01933219 -0.00992990
v -0.00185444 0.01970822 -0.00863874
v -0.00277609 0.01958926 -0.00863874
v -0.00271437 0.01921553 -0.00992990
v -0.00360898 0.01905259 -0.00992990
v -0.00369104 0.01942317 -0.00863874
v -0.00283128 0.01991617 -0.00733396
v -0.00376443 0.01974730 -0.00733396
v -0.00287972 0.02019538 -0.00601818
v -0.00382884 0.02002414 -0.00601818
v -0.00476870 0.01980451 -0.00601818
v -0.00468848 0.01953069 -0.00733396
v -0.00560125 0.01926707 -0.00733396
v -0.00569709 0.01953719 -0.00601818
v -0.00459708 0.01921013 -0.00863874
v -0.00449487 0.01884361 -0.00992990
v -0.00536995 0.01858927 -0.00992990
v -0.00549205 0.01895083 -0.00863873
v -0.00637382 0.01864597 -0.00863873
v -0.00623212 0.01829022 -0.00992989
v -0.00707927 0.01794714 -0.00992989
v -0.00724024 0.01829621 -0.00863873
v -0.00650054 0.01895712 -0.00733396
v -0.00738419 0.01860153 -0.00733396
v -0.00661178 0.01922289 -0.00601818
v -0.00751054 0.01886232 -0.00601818
v -0.00839115 0.01845617 -0.00601818
v -0.00824999 0.01820100 -0.00733396
v -0.00909593 0.01775665 -0.00733396
v -0.00925157 0.01800558 -0.00601818
v -0.00808916 0.01790225 -0.00863873
v -0.00790932 0.01756070 -0.00992989
v -0.00872033 0.01713197 -0.00992989
v -0.00891862 0.01746518 -0.00863873
v -0.00972662 0.01698611 -0.00863873
v -0.00951037 0.01666205 -0.00992989
v -0.01027751 0.01615200 -0.00992989
v -0.01051120 0.01646616 -0.00863873
v -0.00992000 0.01726958 -0.00733396
v -0.01072019 0.01674095 -0.00733396
v -0.01008974 0.01751169 -0.00601818
v -0.01090362 0.01697564 -0.00601818
v -0.01169114 0.01639859 -0.00601818
v -0.01149446 0.01617185 -0.00733396
v -0.01224106 0.01556383 -0.00733397
v -0.01245052 0.01578203 -0.00601818
v -0.01127038 0.01590641 -0.00863874
v -0.01101981 0.01560294 -0.00992990
v -0.01173559 0.01501630 -0.00992990
v -0.01200243 0.01530836 -0.00863874
v -0.01270563 0.01467350 -0.00863874
v -0.01242314 0.01439354 -0.00992990
v -0.01308079 0.01373615 -0.00992990
v -0.01337822 0.01400332 -0.00863874
v -0.01295824 0.01491837 -0.00733396
v -0.01364420 0.01423700 -0.00733397
v -0.01317997 0.01512752 -0.00601818
v -0.01387767 0.01443660 -0.00601818
v -0.01454184 0.01371079 -0.00601818
v -0.01429721 0.01352123 -0.00733396
v -0.01491578 0.01277290 -0.00733396
v -0.01517101 0.01295197 -0.00601818
v -0.01401849 0.01329929 -0.00863874
v -0.01370682 0.01304556 -0.00992990
v -0.01429985 0.01232356 -0.00992990
v -0.01462501 0.01256325 -0.00863874
v -0.01519636 0.01179700 -0.00863874
v -0.01485850 0.01157192 -0.00992990
v -0.01538138 0.01079243 -0.00992990
v -0.01573113 0.01100233 -0.00863874
v -0.01549849 0.01199386 -0.00733396
v -0.01604389 0.01118595 -0.00733396
v -0.01576370 0.01216200 -0.00601818
v -0.01631842 0.01134276 -0.00601818
v -0.01683371 0.01049611 -0.00601818
v -0.01655051 0.01035099 -0.00733396
v -0.01701729 0.00949113 -0.00733396
v -0.01730848 0.00962419 -0.00601818
v -0.01622787 0.01018109 -0.00863874
v -0.01586709 0.00998686 -0.00992990
v -0.01631460 0.00915723 -0.00992990
v -0.01668555 0.00933534 -0.00863874
v -0.01710311 0.00846714 -0.00863874
v -0.01672286 0.00830559 -0.00992990
v -0.01709087 0.00743395 -0.00992990
v -0.01747950 0.00757854 -0.00863874
v -0.01744315 0.00860843 -0.00733396
v -0.01782701 0.00770501 -0.00733396
v -0.01774163 0.00872912 -0.00601818
v -0.01813207 0.00781303 -0.00601818
v -0.01847867 0.00687807 -0.00601818
v -0.01816780 0.00678298 -0.00733396
v -0.01846484 0.00584460 -0.00733396
v -0.01878080 0.00592654 -0.00601818
v -0.01781364 0.00667164 -0.00863874
v -0.01741758 0.00654435 -0.00992990
v -0.01770236 0.00563899 -0.00992990
v -0.01810488 0.00574867 -0.00863874
v -0.01835260 0.00481187 -0.00863874
v -0.01794458 0.00472007 -0.00992990
v -0.01814357 0.00378979 -0.00992990
v -0.01855613 0.00386350 -0.00863874
v -0.01871749 0.00489218 -0.00733396
v -0.01892506 0.00392798 -0.00733396
v -0.01903777 0.00496076 -0.00601818
v -0.01924889 0.00398305 -0.00601818
v -0.01941350 0.00299570 -0.00601818
v -0.01908690 0.00295428 -0.00733396
v -0.01920279 0.00197348 -0.00733396
v -0.01953139 0.00200114 -0.00601818
v -0.01871482 0.00290579 -0.00863874
v -0.01829873 0.00285035 -0.00992990
v -0.01840985 0.00190405 -0.00992990
v -0.01882845 0.00194108 -0.00863873
v -0.01889680 0.00097171 -0.00863873
v -0.01847668 0.00095317 -0.00992989
v -0.01849903 -0.00000001 -0.00992989
v -0.01891966 -0.00000001 -0.00863873
v -0.01927251 0.00098792 -0.00733396
v -0.01929582 -0.00000001 -0.00733396
v -0.01960228 0.00100177 -0.00601817
v -0.01962601 -0.00000001 -0.00601817
v -0.01960228 -0.00100179 -0.00601817
v -0.01927251 -0.00098793 -0.00733396
v -0.01920279 -0.00197349 -0.00733396
v -0.01953139 -0.00200116 -0.00601817
v -0.01889680 -0.00097172 -0.00863873
v -0.01847668 -0.00095318 -0.00992989
v -0.01840985 -0.00190406 -0.00992989
v -0.01882845 -0.00194110 -0.00863873
v -0.01871481 -0.00290581 -0.00863873
v -0.01829873 -0.00285037 -0.00992989
v -0.01814357 -0.00378981 -0.00992989
v -0.01855612 -0.00386352 -0.00863873
v -0.01908690 -0.00295430 -0.00733396
v -0.01892505 -0.00392799 -0.00733396
v -0.01941350 -0.00299572 -0.00601818
v -0.01924889 -0.00398306 -0.00601818
v -0.01903777 -0.00496077 -0.00601818
v -0.01871749 -0.00489219 -0.00733396
v -0.01846484 -0.00584461 -0.00733396
v -0.01878079 -0.00592655 -0.00601818
v -0.01835260 -0.00481189 -0.00863873
v -0.01794458 -0.00472009 -0.00992989
v -0.01770236 -0.00563900 -0.00992989
v -0.01810488 -0.00574868 -0.00863873
v -0.01781362 -0.00667165 -0.00863873
v -0.01741758 -0.00654436 -0.00992989
v -0.01709087 -0.00743396 -0.00992989
v -0.01747948 -0.00757855 -0.00863873
v -0.01816779 -0.00678298 -0.00733396
v -0.01782701 -0.00770502 -0.00733396
v -0.01847867 -0.00687808 -0.00601818
v -0.01813205 -0.00781304 -0.00601818
v -0.01774163 -0.00872912 -0.00601818
v -0.01744315 -0.00860844 -0.00733396
v -0.01701729 -0.00949113 -0.00733396
v -0.01730848 -0.00962419 -0.00601818
v -0.01710311 -0.00846714 -0.00863873
v -0.01672286 -0.00830560 -0.00992989
v -0.01631458 -0.00915724 -0.00992989
v -0.01668555 -0.00933535 -0.00863873
v -0.01622787 -0.01018110 -0.00863873
v -0.01586707 -0.00998686 -0.00992989
v -0.01538137 -0.01079244 -0.00992989
v -0.01573113 -0.01100235 -0.00863873
v -0.01655051 -0.01035101 -0.00733396
v -0.01604388 -0.01118595 -0.00733396
v -0.01683371 -0.01049612 -0.00601818
v -0.01631842 -0.01134277 -0.00601818
v -0.01576370 -0.01216202 -0.00601818
v -0.01549849 -0.01199387 -0.00733396
v -0.01491577 -0.01277291 -0.00733396
v -0.01517100 -0.01295198 -0.00601818
v -0.01519636 -0.01179700 -0.00863873
v -0.01485850 -0.01157193 -0.00992989
v -0.01429985 -0.01232357 -0.00992989
v -0.01462500 -0.01256326 -0.00863873
v -0.01401848 -0.01329930 -0.00863873
v -0.01370681 -0.01304557 -0.00992990
v -0.01308079 -0.01373615 -0.00992990
v -0.01337822 -0.01400333 -0.00863873
v -0.01429719 -0.01352124 -0.00733396
v -0.01364420 -0.01423701 -0.00733396
v -0.01454184 -0.01371079 -0.00601818
v -0.01387767 -0.01443661 -0.00601818
v -0.01317996 -0.01512753 -0.00601818
v -0.01295824 -0.01491838 -0.00733396
v -0.01224106 -0.01556383 -0.00733396
v -0.01245052 -0.01578203 -0.00601818
v -0.01270561 -0.01467350 -0.00863873
v -0.01242313 -0.01439356 -0.00992990
v -0.01173558 -0.01501630 -0.00992989
v -0.01200242 -0.01530837 -0.00863873
v -0.01127037 -0.01590641 -0.00863873
v -0.01101980 -0.01560294 -0.00992989
v -0.01027749 -0.01615200 -0.00992989
v -0.01051119 -0.01646615 -0.00863873
v -0.01149445 -0.01617185 -0.00733396
v -0.01072017 -0.01674095 -0.00733396
v -0.01169113 -0.01639858 -0.00601818
v -0.01090361 -0.01697565 -0.00601818
v -0.01008973 -0.01751169 -0.00601818
v -0.00991999 -0.01726959 -0.00733396
v -0.00909592 -0.01775664 -0.00733396
v -0.00925156 -0.01800559 -0.00601818
v -0.00972660 -0.01698612 -0.00863873
v -0.00951036 -0.01666205 -0.00992989
v -0.00872032 -0.01713196 -0.00992989
v -0.00891860 -0.01746518 -0.00863873
v -0.00808915 -0.01790226 -0.00863873
v -0.00790930 -0.01756070 -0.00992989
v -0.00707925 -0.01794715 -0.00992989
v -0.00724022 -0.01829621 -0.00863873
v -0.00824997 -0.01820101 -0.00733396
v -0.00738417 -0.01860154 -0.00733396
v -0.00839114 -0.01845617 -0.00601818
v -0.00751053 -0.01886232 -0.00601818
v -0.00661176 -0.01922290 -0.00601818
v -0.00650053 -0.01895713 -0.00733396
v -0.00560123 -0.01926708 -0.00733396
v -0.00569707 -0.01953719 -0.00601818
v -0.00637380 -0.01864597 -0.00863873
v -0.00623210 -0.01829022 -0.00992989
v -0.00536993 -0.01858926 -0.00992989
v -0.00549204 -0.01895082 -0.00863873
v -0.00459706 -0.01921012 -0.00863873
v -0.00449486 -0.01884361 -0.00992989
v -0.00360896 -0.01905258 -0.00992989
v -0.00369102 -0.01942316 -0.00863873
v -0.00468846 -0.01953070 -0.00733396
v -0.00376441 -0.01974729 -0.00733396
v -0.00476869 -0.01980450 -0.00601818
v -0.00382882 -0.02002413 -0.00601818
v -0.00287970 -0.02019538 -0.00601818
v -0.00283126 -0.01991616 -0.00733396
v -0.00189129 -0.02003709 -0.00733396
v -0.00192365 -0.02031801 -0.00601818
v -0.00277607 -0.01958926 -0.00863873
v -0.00271435 -0.01921553 -0.00992989
v -0.00181319 -0.01933218 -0.00992989
v -0.00185442 -0.01970821 -0.00863873
v -0.00092831 -0.01977974 -0.00863873
v -0.00090767 -0.01940237 -0.00992989
v 0.00000002 -0.01942585 -0.00992989
v 0.00000002 -0.01980368 -0.00863873
v -0.00094677 -0.02010983 -0.00733396
v 0.00000002 -0.02013416 -0.00733396
v -0.00096297 -0.02039177 -0.00601817
v 0.00000002 -0.02041642 -0.00601818
v 0.00096302 -0.02039177 -0.00601818
v 0.00094681 -0.02010983 -0.00733396
v 0.00189133 -0.02003709 -0.00733396
v 0.00192370 -0.02031799 -0.00601818
v 0.00092836 -0.01977974 -0.00863873
v 0.00090772 -0.01940237 -0.00992989
v 0.00181323 -0.01933218 -0.00992989
v 0.00185446 -0.01970819 -0.00863873
v 0.00277610 -0.01958926 -0.00863873
v 0.00271438 -0.01921552 -0.00992989
v 0.00360900 -0.01905258 -0.00992989
v 0.00369106 -0.01942316 -0.00863873
v 0.00283130 -0.01991616 -0.00733396
v 0.00376445 -0.01974727 -0.00733396
v 0.00287975 -0.02019538 -0.00601818
v 0.00382886 -0.02002413 -0.00601818
v 0.00476873 -0.01980450 -0.00601818
v 0.00468850 -0.01953068 -0.00733396
v 0.00560127 -0.01926706 -0.00733396
v 0.00569712 -0.01953719 -0.00601818
v 0.00459710 -0.01921012 -0.00863873
v 0.00449489 -0.01884361 -0.00992989
v 0.00536997 -0.01858926 -0.00992989
v 0.00549208 -0.01895082 -0.00863873
v 0.00637385 -0.01864596 -0.00863873
v 0.00623214 -0.01829022 -0.00992989
v 0.00707929 -0.01794713 -0.00992989
v 0.00724027 -0.01829621 -0.00863873
v 0.00650057 -0.01895711 -0.00733396
v 0.00738421 -0.01860152 -0.00733396
v 0.00661180 -0.01922288 -0.00601818
v 0.00751057 -0.01886232 -0.00601818
v 0.00839118 -0.01845615 -0.00601818
v 0.00825002 -0.01820099 -0.00733396
v 0.00909596 -0.01775663 -0.00733396
v 0.00925160 -0.01800557 -0.00601818
v 0.00808919 -0.01790224 -0.00863873
v 0.00790934 -0.01756069 -0.00992989
v 0.00872035 -0.01713196 -0.00992989
v 0.00891864 -0.01746517 -0.00863873
v 0.00972664 -0.01698610 -0.00863873
v 0.00951039 -0.01666202 -0.00992989
v 0.01027753 -0.01615199 -0.00992989
v 0.01051122 -0.01646614 -0.00863873
v 0.00992001 -0.01726957 -0.00733396
v 0.01072020 -0.01674092 -0.00733396
v 0.01008977 -0.01751168 -0.00601818
v 0.01090364 -0.01697563 -0.00601818
v 0.01169117 -0.01639856 -0.00601818
v 0.01149448 -0.01617183 -0.00733396
v 0.01224109 -0.01556381 -0.00733396
v 0.01245055 -0.01578201 -0.00601818
v 0.01127041 -0.01590639 -0.00863873
v 0.01101984 -0.01560292 -0.00992989
v 0.01173561 -0.01501628 -0.00992989
v 0.01200246 -0.01530835 -0.00863873
v 0.01270565 -0.01467349 -0.00863873
v 0.01242317 -0.01439353 -0.00992989
v 0.01308081 -0.01373613 -0.00992989
v 0.01337824 -0.01400330 -0.00863873
v 0.01295826 -0.01491835 -0.00733396
v 0.01364422 -0.01423698 -0.00733396
v 0.01317999 -0.01512749 -0.00601818
v 0.01387770 -0.01443658 -0.00601818
v 0.01454187 -0.01371077 -0.00601818
v 0.01429722 -0.01352121 -0.00733396
v 0.01491580 -0.01277287 -0.00733396
v 0.01517102 -0.01295194 -0.00601818
v 0.01401850 -0.01329926 -0.00863873
v 0.01370683 -0.01304554 -0.00992989
v 0.01429988 -0.01232354 -0.00992989
v 0.01462502 -0.01256322 -0.00863873
v 0.01519638 -0.01179697 -0.00863873
v 0.01485852 -0.01157190 -0.00992989
v 0.01538139 -0.01079240 -0.00992989
v 0.01573113 -0.01100230 -0.00863873
v 0.01549850 -0.01199383 -0.00733396
v 0.01604391 -0.01118592 -0.00733396
v 0.01576370 -0.01216198 -0.00601818
v 0.01631844 -0.01134274 -0.00601818
v 0.01683373 -0.01049609 -0.00601818
v 0.01655053 -0.01035096 -0.00733396
v 0.01701731 -0.00949110 -0.00733396
v 0.01730850 -0.00962416 -0.00601818
v 0.01622789 -0.01018107 -0.00863873
v 0.01586709 -0.00998683 -0.00992989
v 0.01631460 -0.00915720 -0.00992989
v 0.01668557 -0.00933531 -0.00863873
v 0.01710312 -0.00846709 -0.00863873
v 0.01672286 -0.00830556 -0.00992989
v 0.01709087 -0.00743392 -0.00992989
v 0.01747950 -0.00757851 -0.00863873
v 0.01744317 -0.00860840 -0.00733396
v 0.01782703 -0.00770498 -0.00733396
v 0.01774163 -0.00872909 -0.00601817
v 0.01813207 -0.00781300 -0.00601817
v 0.01847869 -0.00687804 -0.00601818
v 0.01816781 -0.00678295 -0.00733396
v 0.01846485 -0.00584458 -0.00733396
v 0.01878081 -0.00592651 -0.00601818
v 0.01781364 -0.00667161 -0.00863873
v 0.01741758 -0.00654433 -0.00992989
v 0.01770237 -0.00563897 -0.00992989
v 0.01810489 -0.00574864 -0.00863873
v 0.01835260 -0.00481185 -0.00863873
v 0.01794457 -0.00472005 -0.00992989
v 0.01814357 -0.00378977 -0.00992989
v 0.01855612 -0.00386348 -0.00863873
v 0.01871749 -0.00489215 -0.00733396
v 0.01892505 -0.00392795 -0.00733396
v 0.01903777 -0.00496074 -0.00601818
v 0.01924889 -0.00398302 -0.00601818
v 0.01941351 -0.00299568 -0.00601818
v 0.01908691 -0.00295426 -0.00733396
v 0.01920280 -0.00197345 -0.00733396
v 0.01953139 -0.00200112 -0.00601818
v 0.01871481 -0.00290577 -0.00863873
v 0.01829873 -0.00285033 -0.00992989
v 0.01840985 -0.00190403 -0.00992989
v 0.01882845 -0.00194106 -0.00863873
v 0.01889681 -0.00097168 -0.00863873
v 0.01847668 -0.00095314 -0.00992989
v 0.01849903 0.00000003 -0.00992989
v 0.01891966 0.00000003 -0.00863873
v 0.01927251 -0.00098790 -0.00733396
v 0.01929583 0.00000003 -0.00733396
v 0.01960230 -0.00100175 -0.00601818
v 0.01962600 0.00000003 -0.00601818
v 0.01960228 0.00100181 -0.00601818
v 0.01927251 0.00098796 -0.00733396
v 0.01920280 0.00197351 -0.00733396
v 0.01953138 0.00200118 -0.00601818
v 0.01889681 0.00097174 -0.00863873
v 0.01847668 0.00095320 -0.00992989
v 0.01840984 0.00190409 -0.00992989
v 0.01882845 0.00194112 -0.00863873
v 0.01871481 0.00290583 -0.00863873
v 0.01829873 0.00285039 -0.00992989
v 0.01814357 0.00378983 -0.00992989
v 0.01855612 0.00386354 -0.00863873
v 0.01908689 0.00295432 -0.00733396
v 0.01892505 0.00392801 -0.00733396
v 0.01941349 0.00299574 -0.00601818
v 0.01924889 0.00398308 -0.00601818
v 0.01903776 0.00496080 -0.00601818
v 0.01871748 0.00489221 -0.00733396
v 0.01846483 0.00584464 -0.00733396
v 0.01878079 0.00592658 -0.00601818
v 0.01835259 0.00481191 -0.00863873
v 0.01794457 0.00472011 -0.00992989
v 0.01770236 0.00563903 -0.00992990
v 0.01810487 0.00574870 -0.00863873
v 0.01781361 0.00667167 -0.00863873
v 0.01741757 0.00654438 -0.00992990
v 0.01709086 0.00743398 -0.00992990
v 0.01747947 0.00757857 -0.00863873
v 0.01816779 0.00678301 -0.00733396
v 0.01782701 0.00770504 -0.00733396
v 0.01847866 0.00687810 -0.00601818
v 0.01813204 0.00781306 -0.00601818
v 0.01774162 0.00872914 -0.00601818
v 0.01744313 0.00860847 -0.00733396
v 0.01701728 0.00949115 -0.00733397
v 0.01730847 0.00962421 -0.00601818
v 0.01710310 0.00846716 -0.00863874
v 0.01672285 0.00830563 -0.00992990
v 0.01631457 0.00915726 -0.00992990
v 0.01668554 0.00933536 -0.00863874
v 0.01622786 0.01018112 -0.00863874
v 0.01586706 0.00998688 -0.00992990
v 0.01538136 0.01079245 -0.00992990
v 0.01573110 0.01100236 -0.00863874
v 0.01655050 0.01035102 -0.00733396
v 0.01604387 0.01118597 -0.00733396
v 0.01683370 0.01049615 -0.00601818
v 0.01631839 0.01134279 -0.00601818
v 0.01576367 0.01216203 -0.00601818
v 0.01549848 0.01199389 -0.00733396
v 0.01491576 0.01277292 -0.00733396
v 0.01517098 0.01295200 -0.00601818
v 0.01519634 0.01179701 -0.00863874
v 0.01485849 0.01157194 -0.00992990
v 0.01429984 0.01232358 -0.00992990
v 0.01462498 0.01256327 -0.00863874
v 0.01401847 0.01329931 -0.00863874
v 0.01370679 0.01304558 -0.00992990
v 0.01308076 0.01373617 -0.00992990
v 0.01337820 0.01400334 -0.00863873
v 0.01429718 0.01352125 -0.00733396
v 0.01364418 0.01423702 -0.00733396
v 0.01454183 0.01371082 -0.00601818
v 0.01387765 0.01443662 -0.00601818
v 0.01317994 0.01512754 -0.00601818
v 0.01295821 0.01491839 -0.00733396
v 0.01224104 0.01556385 -0.00733396
v 0.01245050 0.01578206 -0.00601818
v 0.01270560 0.01467352 -0.00863873
v 0.01242312 0.01439357 -0.00992990
v 0.01173556 0.01501631 -0.00992990
v 0.01200241 0.01530838 -0.00863873
v 0.01127035 0.01590644 -0.00863873
v 0.01101978 0.01560295 -0.00992990
v 0.01027748 0.01615203 -0.00992990
v 0.01051117 0.01646618 -0.00863873
v 0.01149443 0.01617188 -0.00733396
v 0.01072014 0.01674096 -0.00733396
v 0.01169112 0.01639860 -0.00601818
v 0.01090359 0.01697567 -0.00601818
v 0.01008972 0.01751172 -0.00601818
v 0.00991997 0.01726960 -0.00733396
v 0.00909590 0.01775666 -0.00733396
v 0.00925155 0.01800560 -0.00601818
v 0.00972658 0.01698614 -0.00863873
v 0.00951034 0.01666206 -0.00992990
v 0.00872030 0.01713199 -0.00992990
v 0.00891858 0.01746520 -0.00863873
v 0.00808913 0.01790227 -0.00863873
v 0.00790928 0.01756071 -0.00992990
v 0.00707924 0.01794716 -0.00992989
v 0.00724021 0.01829624 -0.00863873
v 0.00824996 0.01820102 -0.00733396
v 0.00738416 0.01860156 -0.00733396
v 0.00839113 0.01845620 -0.00601818
v 0.00751051 0.01886235 -0.00601818
v 0.00661175 0.01922293 -0.00601818
v 0.00650051 0.01895714 -0.00733396
v 0.00560121 0.01926709 -0.00733396
v 0.00569706 0.01953722 -0.00601818
v 0.00637379 0.01864598 -0.00863873
v 0.00623208 0.01829024 -0.00992989
v 0.00536992 0.01858929 -0.00992989
v 0.00549202 0.01895085 -0.00863873
v 0.00459705 0.01921013 -0.00863873
v 0.00449484 0.01884362 -0.00992989
v 0.00360895 0.01905259 -0.00992989
v 0.00369101 0.01942317 -0.00863873
v 0.00468845 0.01953071 -0.00733396
v 0.00376440 0.01974730 -0.00733396
v 0.00476867 0.01980453 -0.00601818
v 0.00382881 0.02002416 -0.00601818
v 0.00287970 0.02019539 -0.00601818
v 0.00283125 0.01991617 -0.00733396
v 0.00189129 0.02003710 -0.00733396
v 0.00192365 0.02031802 -0.00601818
v 0.00277606 0.01958927 -0.00863873
v 0.00271434 0.01921553 -0.00992989
v 0.00181319 0.01933220 -0.00992989
v 0.00185442 0.01970822 -0.00863873
v 0.00092832 0.01977977 -0.00863873
v 0.00090768 0.01940238 -0.00992989
v 0.00094678 0.02010984 -0.00733396
v 0.00096298 0.02039177 -0.00601818
v -0.00088495 0.01897857 -0.01120485
v -0.00000001 0.01900152 -0.01120485
v -0.00086019 0.01850956 -0.01246050
v -0.00000001 0.01853195 -0.01246050
v -0.00171830 0.01844260 -0.01246050
v -0.00176777 0.01890992 -0.01120485
v -0.00083350 0.01799658 -0.01369378
v -0.00000001 0.01801835 -0.01369378
v -0.00080498 0.01744090 -0.01490159
v -0.00000001 0.01746199 -0.01490159
v -0.00160803 0.01737780 -0.01490159
v -0.00166499 0.01793149 -0.01369378
v -0.00249248 0.01782327 -0.01369378
v -0.00240721 0.01727294 -0.01490159
v -0.00320059 0.01712648 -0.01490159
v -0.00331397 0.01767214 -0.01369378
v -0.00257229 0.01833131 -0.01246050
v -0.00342007 0.01817587 -0.01246050
v -0.00264634 0.01879579 -0.01120485
v -0.00351853 0.01863641 -0.01120485
v -0.00438223 0.01843201 -0.01120485
v -0.00425960 0.01797650 -0.01246050
v -0.00508887 0.01773387 -0.01246050
v -0.00523537 0.01818322 -0.01120485
v -0.00412745 0.01747831 -0.01369378
v -0.00398624 0.01693862 -0.01490159
v -0.00476230 0.01671000 -0.01490159
v -0.00493099 0.01724240 -0.01369378
v -0.00572268 0.01696501 -0.01369378
v -0.00552690 0.01644117 -0.01490159
v -0.00627819 0.01613277 -0.01490159
v -0.00650059 0.01664679 -0.01369378
v -0.00590591 0.01744858 -0.01246050
v -0.00670872 0.01712128 -0.01246050
v -0.00607593 0.01789070 -0.01120485
v -0.00690185 0.01755511 -0.01120484
v -0.00771110 0.01717712 -0.01120484
v -0.00749532 0.01675262 -0.01246050
v -0.00826387 0.01634362 -0.01246050
v -0.00850178 0.01675776 -0.01120484
v -0.00726278 0.01628834 -0.01369377
v -0.00701431 0.01578540 -0.01490159
v -0.00773355 0.01540001 -0.01490159
v -0.00800750 0.01589067 -0.01369377
v -0.00873296 0.01545480 -0.01369378
v -0.00843420 0.01497759 -0.01490159
v -0.00911452 0.01451912 -0.01490159
v -0.00943739 0.01498172 -0.01369378
v -0.00901257 0.01589532 -0.01246050
v -0.00973954 0.01540875 -0.01246050
v -0.00927202 0.01629809 -0.01120484
v -0.01001993 0.01579920 -0.01120485
v -0.01074365 0.01526211 -0.01120485
v -0.01044299 0.01488495 -0.01246050
v -0.01112130 0.01432530 -0.01246050
v -0.01144147 0.01468829 -0.01120485
v -0.01011901 0.01447243 -0.01369378
v -0.00977283 0.01402555 -0.01490159
v -0.01040761 0.01349822 -0.01490159
v -0.01077629 0.01392830 -0.01369378
v -0.01140763 0.01335067 -0.01369378
v -0.01101736 0.01293843 -0.01490159
v -0.01160059 0.01234749 -0.01490159
v -0.01201152 0.01274090 -0.01369378
v -0.01177287 0.01373121 -0.01246050
v -0.01239609 0.01310406 -0.01246051
v -0.01211180 0.01407914 -0.01120485
v -0.01275297 0.01343611 -0.01120485
v -0.01336331 0.01276060 -0.01120485
v -0.01298936 0.01244525 -0.01246051
v -0.01355135 0.01175648 -0.01246051
v -0.01394148 0.01205437 -0.01120485
v -0.01258639 0.01210035 -0.01369378
v -0.01215578 0.01172672 -0.01490159
v -0.01268171 0.01107772 -0.01490159
v -0.01313094 0.01143066 -0.01369378
v -0.01364393 0.01073348 -0.01369378
v -0.01317714 0.01040206 -0.01490159
v -0.01364085 0.00970137 -0.01490159
v -0.01412405 0.01001047 -0.01369378
v -0.01408076 0.01103943 -0.01246050
v -0.01457626 0.01029580 -0.01246050
v -0.01448613 0.01131915 -0.01120485
v -0.01499590 0.01055668 -0.01120485
v -0.01546943 0.00976871 -0.01120485
v -0.01503654 0.00952730 -0.01246050
v -0.01546062 0.00873586 -0.01246050
v -0.01590572 0.00895721 -0.01120485
v -0.01457005 0.00926326 -0.01369378
v -0.01407159 0.00897723 -0.01490159
v -0.01446847 0.00823148 -0.01490159
v -0.01498098 0.00849376 -0.01369378
v -0.01535589 0.00770381 -0.01369378
v -0.01483053 0.00746593 -0.01490159
v -0.01515690 0.00668241 -0.01490159
v -0.01569381 0.00689533 -0.01369378
v -0.01584753 0.00792340 -0.01246050
v -0.01619627 0.00709187 -0.01246050
v -0.01630377 0.00812417 -0.01120485
v -0.01666254 0.00727157 -0.01120485
v -0.01698108 0.00640140 -0.01120485
v -0.01650588 0.00624320 -0.01246050
v -0.01677577 0.00537950 -0.01246050
v -0.01725871 0.00551582 -0.01120485
v -0.01599381 0.00607018 -0.01369378
v -0.01544664 0.00588275 -0.01490159
v -0.01569919 0.00506892 -0.01490159
v -0.01625531 0.00523042 -0.01369378
v -0.01647773 0.00437808 -0.01369378
v -0.01591399 0.00424289 -0.01490159
v -0.01609049 0.00340666 -0.01490159
v -0.01666046 0.00351520 -0.01369378
v -0.01700530 0.00450287 -0.01246050
v -0.01719388 0.00361540 -0.01246050
v -0.01749485 0.00461697 -0.01120485
v -0.01768886 0.00370701 -0.01120485
v -0.01784014 0.00278809 -0.01120485
v -0.01734091 0.00271919 -0.01246050
v -0.01744620 0.00181643 -0.01246050
v -0.01794846 0.00186246 -0.01120485
v -0.01680293 0.00264383 -0.01369378
v -0.01622808 0.00256220 -0.01490159
v -0.01632661 0.00171156 -0.01490159
v -0.01690496 0.00176609 -0.01369378
v -0.01696633 0.00088411 -0.01369378
v -0.01638590 0.00085681 -0.01490159
v -0.01640571 -0.00000001 -0.01490159
v -0.01698686 -0.00000001 -0.01369378
v -0.01750955 0.00090931 -0.01246050
v -0.01753073 -0.00000001 -0.01246050
v -0.01801363 0.00093235 -0.01120485
v -0.01803541 -0.00000001 -0.01120485
v -0.01801363 -0.00093236 -0.01120484
v -0.01750955 -0.00090932 -0.01246050
v -0.01744620 -0.00181645 -0.01246050
v -0.01794846 -0.00186247 -0.01120484
v -0.01696633 -0.00088412 -0.01369378
v -0.01638590 -0.00085682 -0.01490159
v -0.01632661 -0.00171157 -0.01490159
v -0.01690495 -0.00176611 -0.01369378
v -0.01680293 -0.00264385 -0.01369378
v -0.01622808 -0.00256221 -0.01490159
v -0.01609049 -0.00340668 -0.01490159
v -0.01666045 -0.00351522 -0.01369377
v -0.01734091 -0.00271921 -0.01246050
v -0.01719388 -0.00361542 -0.01246050
v -0.01784014 -0.00278811 -0.01120484
v -0.01768886 -0.00370703 -0.01120484
v -0.01749485 -0.00461698 -0.01120484
v -0.01700528 -0.00450289 -0.01246050
v -0.01677575 -0.00537952 -0.01246050
v -0.01725871 -0.00551583 -0.01120485
v -0.01647773 -0.00437810 -0.01369377
v -0.01591399 -0.00424291 -0.01490159
v -0.01569919 -0.00506893 -0.01490159
v -0.01625531 -0.00523043 -0.01369377
v -0.01599381 -0.00607020 -0.01369377
v -0.01544663 -0.00588276 -0.01490158
v -0.01515689 -0.00668243 -0.01490158
v -0.01569381 -0.00689534 -0.01369377
v -0.01650588 -0.00624322 -0.01246050
v -0.01619627 -0.00709188 -0.01246050
v -0.01698108 -0.00640141 -0.01120485
v -0.01666254 -0.00727158 -0.01120485
v -0.01630377 -0.00812418 -0.01120484
v -0.01584753 -0.00792341 -0.01246050
v -0.01546062 -0.00873586 -0.01246050
v -0.01590571 -0.00895721 -0.01120484
v -0.01535587 -0.00770382 -0.01369377
v -0.01483053 -0.00746594 -0.01490158
v -0.01446845 -0.00823149 -0.01490158
v -0.01498097 -0.00849376 -0.01369377
v -0.01457005 -0.00926326 -0.01369377
v -0.01407158 -0.00897724 -0.01490158
v -0.01364084 -0.00970137 -0.01490159
v -0.01412405 -0.01001048 -0.01369377
v -0.01503654 -0.00952731 -0.01246050
v -0.01457626 -0.01029581 -0.01246050
v -0.01546942 -0.00976872 -0.01120484
v -0.01499589 -0.01055669 -0.01120485
v -0.01448612 -0.01131916 -0.01120485
v -0.01408075 -0.01103943 -0.01246050
v -0.01355135 -0.01175649 -0.01246050
v -0.01394147 -0.01205438 -0.01120485
v -0.01364391 -0.01073349 -0.01369378
v -0.01317714 -0.01040207 -0.01490159
v -0.01268170 -0.01107772 -0.01490159
v -0.01313093 -0.01143066 -0.01369378
v -0.01258637 -0.01210036 -0.01369378
v -0.01215577 -0.01172672 -0.01490159
v -0.01160058 -0.01234751 -0.01490159
v -0.01201151 -0.01274091 -0.01369378
v -0.01298935 -0.01244526 -0.01246050
v -0.01239609 -0.01310408 -0.01246050
v -0.01336330 -0.01276061 -0.01120485
v -0.01275295 -0.01343612 -0.01120485
v -0.01211179 -0.01407916 -0.01120485
v -0.01177286 -0.01373122 -0.01246050
v -0.01112130 -0.01432530 -0.01246050
v -0.01144147 -0.01468830 -0.01120485
v -0.01140763 -0.01335067 -0.01369378
v -0.01101736 -0.01293845 -0.01490159
v -0.01040760 -0.01349824 -0.01490159
v -0.01077627 -0.01392831 -0.01369378
v -0.01011901 -0.01447244 -0.01369378
v -0.00977283 -0.01402557 -0.01490159
v -0.00911452 -0.01451913 -0.01490159
v -0.00943739 -0.01498172 -0.01369378
v -0.01044298 -0.01488496 -0.01246050
v -0.00973953 -0.01540876 -0.01246050
v -0.01074363 -0.01526212 -0.01120485
v -0.01001992 -0.01579920 -0.01120484
v -0.00927201 -0.01629810 -0.01120484
v -0.00901255 -0.01589532 -0.01246050
v -0.00826386 -0.01634363 -0.01246050
v -0.00850177 -0.01675776 -0.01120484
v -0.00873295 -0.01545481 -0.01369377
v -0.00843418 -0.01497760 -0.01490159
v -0.00773354 -0.01540002 -0.01490158
v -0.00800749 -0.01589068 -0.01369377
v -0.00726277 -0.01628834 -0.01369377
v -0.00701430 -0.01578540 -0.01490158
v -0.00627818 -0.01613279 -0.01490158
v -0.00650057 -0.01664680 -0.01369377
v -0.00749530 -0.01675263 -0.01246050
v -0.00670870 -0.01712129 -0.01246050
v -0.00771108 -0.01717712 -0.01120484
v -0.00690184 -0.01755513 -0.01120484
v -0.00607591 -0.01789071 -0.01120484
v -0.00590589 -0.01744858 -0.01246050
v -0.00508885 -0.01773387 -0.01246050
v -0.00523535 -0.01818322 -0.01120484
v -0.00572267 -0.01696502 -0.01369377
v -0.00552689 -0.01644117 -0.01490158
v -0.00476228 -0.01671000 -0.01490158
v -0.00493098 -0.01724240 -0.01369377
v -0.00412743 -0.01747830 -0.01369377
v -0.00398623 -0.01693861 -0.01490158
v -0.00320058 -0.01712647 -0.01490158
v -0.00331395 -0.01767214 -0.01369377
v -0.00425958 -0.01797650 -0.01246050
v -0.00342005 -0.01817586 -0.01246050
v -0.00438221 -0.01843201 -0.01120484
v -0.00351851 -0.01863642 -0.01120484
v -0.00264632 -0.01879579 -0.01120484
v -0.00257227 -0.01833130 -0.01246050
v -0.00171828 -0.01844259 -0.01246050
v -0.00176775 -0.01890992 -0.01120484
v -0.00249247 -0.01782326 -0.01369377
v -0.00240720 -0.01727293 -0.01490158
v -0.00160801 -0.01737781 -0.01490159
v -0.00166497 -0.01793148 -0.01369377
v -0.00083348 -0.01799659 -0.01369378
v -0.00080496 -0.01744090 -0.01490159
v 0.00000002 -0.01746200 -0.01490159
v 0.00000002 -0.01801835 -0.01369377
v -0.00086016 -0.01850955 -0.01246050
v 0.00000002 -0.01853195 -0.01246050
v -0.00088493 -0.01897856 -0.01120484
v 0.00000002 -0.01900153 -0.01120484
v 0.00088497 -0.01897856 -0.01120484
v 0.00086020 -0.01850955 -0.01246050
v 0.00171832 -0.01844259 -0.01246050
v 0.00176779 -0.01890992 -0.01120484
v 0.00083351 -0.01799659 -0.01369377
v 0.00080500 -0.01744090 -0.01490158
v 0.00160805 -0.01737781 -0.01490158
v 0.00166501 -0.01793148 -0.01369377
v 0.00249250 -0.01782326 -0.01369377
v 0.00240723 -0.01727293 -0.01490158
v 0.00320061 -0.01712647 -0.01490158
v 0.00331399 -0.01767214 -0.01369377
v 0.00257230 -0.01833130 -0.01246050
v 0.00342009 -0.01817586 -0.01246050
v 0.00264636 -0.01879579 -0.01120484
v 0.00351855 -0.01863640 -0.01120484
v 0.00438224 -0.01843200 -0.01120484
v 0.00425961 -0.01797650 -0.01246050
v 0.00508889 -0.01773386 -0.01246050
v 0.00523539 -0.01818321 -0.01120484
v 0.00412746 -0.01747830 -0.01369377
v 0.00398626 -0.01693861 -0.01490158
v 0.00476231 -0.01670999 -0.01490158
v 0.00493101 -0.01724239 -0.01369377
v 0.00572270 -0.01696500 -0.01369377
v 0.00552692 -0.01644117 -0.01490158
v 0.00627821 -0.01613277 -0.01490158
v 0.00650061 -0.01664678 -0.01369377
v 0.00590592 -0.01744857 -0.01246050
v 0.00670874 -0.01712127 -0.01246050
v 0.00607595 -0.01789069 -0.01120484
v 0.00690188 -0.01755511 -0.01120484
v 0.00771112 -0.01717711 -0.01120484
v 0.00749534 -0.01675261 -0.01246050
v 0.00826390 -0.01634361 -0.01246050
v 0.00850181 -0.01675774 -0.01120484
v 0.00726280 -0.01628834 -0.01369377
v 0.00701433 -0.01578539 -0.01490158
v 0.00773357 -0.01540001 -0.01490158
v 0.00800752 -0.01589066 -0.01369377
v 0.00873298 -0.01545478 -0.01369377
v 0.00843421 -0.01497759 -0.01490158
v 0.00911454 -0.01451911 -0.01490159
v 0.00943741 -0.01498171 -0.01369378
v 0.00901258 -0.01589531 -0.01246050
v 0.00973957 -0.01540874 -0.01246050
v 0.00927205 -0.01629808 -0.01120484
v 0.01001996 -0.01579918 -0.01120485
v 0.01074366 -0.01526210 -0.01120485
v 0.01044302 -0.01488494 -0.01246050
v 0.01112133 -0.01432529 -0.01246050
v 0.01144150 -0.01468828 -0.01120485
v 0.01011903 -0.01447242 -0.01369378
v 0.00977285 -0.01402555 -0.01490159
v 0.01040763 -0.01349821 -0.01490159
v 0.01077630 -0.01392828 -0.01369378
v 0.01140765 -0.01335065 -0.01369378
v 0.01101738 -0.01293842 -0.01490158
v 0.01160061 -0.01234748 -0.01490158
v 0.01201154 -0.01274088 -0.01369377
v 0.01177288 -0.01373120 -0.01246050
v 0.01239611 -0.01310405 -0.01246050
v 0.01211182 -0.01407913 -0.01120485
v 0.01275298 -0.01343609 -0.01120485
v 0.01336333 -0.01276057 -0.01120484
v 0.01298937 -0.01244524 -0.01246050
v 0.01355137 -0.01175645 -0.01246050
v 0.01394150 -0.01205435 -0.01120484
v 0.01258640 -0.01210032 -0.01369377
v 0.01215580 -0.01172670 -0.01490158
v 0.01268173 -0.01107769 -0.01490159
v 0.01313095 -0.01143064 -0.01369377
v 0.01364394 -0.01073346 -0.01369378
v 0.01317716 -0.01040203 -0.01490159
v 0.01364086 -0.00970135 -0.01490159
v 0.01412407 -0.01001044 -0.01369377
v 0.01408077 -0.01103939 -0.01246050
v 0.01457627 -0.01029578 -0.01246050
v 0.01448613 -0.01131913 -0.01120484
v 0.01499591 -0.01055666 -0.01120484
v 0.01546944 -0.00976868 -0.01120484
v 0.01503656 -0.00952727 -0.01246050
v 0.01546064 -0.00873583 -0.01246050
v 0.01590573 -0.00895718 -0.01120484
v 0.01457007 -0.00926324 -0.01369377
v 0.01407161 -0.00897721 -0.01490158
v 0.01446847 -0.00823146 -0.01490159
v 0.01498099 -0.00849371 -0.01369377
v 0.01535589 -0.00770379 -0.01369377
v 0.01483054 -0.00746591 -0.01490158
v 0.01515691 -0.00668240 -0.01490158
v 0.01569381 -0.00689530 -0.01369377
v 0.01584753 -0.00792337 -0.01246050
v 0.01619628 -0.00709185 -0.01246050
v 0.01630377 -0.00812414 -0.01120484
v 0.01666256 -0.00727154 -0.01120484
v 0.01698108 -0.00640138 -0.01120484
v 0.01650588 -0.00624318 -0.01246050
v 0.01677576 -0.00537948 -0.01246050
v 0.01725872 -0.00551579 -0.01120485
v 0.01599382 -0.00607016 -0.01369377
v 0.01544665 -0.00588273 -0.01490158
v 0.01569920 -0.00506890 -0.01490159
v 0.01625531 -0.00523040 -0.01369377
v 0.01647772 -0.00437806 -0.01369378
v 0.01591400 -0.00424288 -0.01490159
v 0.01609048 -0.00340664 -0.01490159
v 0.01666045 -0.00351518 -0.01369377
v 0.01700529 -0.00450285 -0.01246050
v 0.01719388 -0.00361538 -0.01246050
v 0.01749485 -0.00461695 -0.01120485
v 0.01768887 -0.00370699 -0.01120485
v 0.01784013 -0.00278807 -0.01120484
v 0.01734091 -0.00271917 -0.01246050
v 0.01744621 -0.00181641 -0.01246050
v 0.01794846 -0.00186244 -0.01120485
v 0.01680292 -0.00264381 -0.01369377
v 0.01622808 -0.00256218 -0.01490159
v 0.01632661 -0.00171154 -0.01490159
v 0.01690495 -0.00176607 -0.01369378
v 0.01696633 -0.00088409 -0.01369378
v 0.01638589 -0.00085679 -0.01490159
v 0.01640570 0.00000002 -0.01490159
v 0.01698685 0.00000003 -0.01369378
v 0.01750954 -0.00090928 -0.01246050
v 0.01753072 0.00000003 -0.01246050
v 0.01801363 -0.00093232 -0.01120485
v 0.01803541 0.00000003 -0.01120485
v 0.01801362 0.00093238 -0.01120484
v 0.01750954 0.00090934 -0.01246050
v 0.01744619 0.00181647 -0.01246050
v 0.01794846 0.00186249 -0.01120485
v 0.01696633 0.00088414 -0.01369378
v 0.01638589 0.00085684 -0.01490159
v 0.01632661 0.00171159 -0.01490159
v 0.01690495 0.00176612 -0.01369378
v 0.01680292 0.00264386 -0.01369378
v 0.01622808 0.00256223 -0.01490159
v 0.01609046 0.00340669 -0.01490159
v 0.01666045 0.00351523 -0.01369378
v 0.01734091 0.00271923 -0.01246050
v 0.01719387 0.00361543 -0.01246050
v 0.01784013 0.00278813 -0.01120485
v 0.01768885 0.00370704 -0.01120485
v 0.01749484 0.00461700 -0.01120485
v 0.01700528 0.00450290 -0.01246050
v 0.01677574 0.00537954 -0.01246050
v 0.01725870 0.00551585 -0.01120485
v 0.01647770 0.00437811 -0.01369378
v 0.01591398 0.00424292 -0.01490159
v 0.01569918 0.00506895 -0.01490159
v 0.01625530 0.00523045 -0.01369378
v 0.01599380 0.00607021 -0.01369378
v 0.01544663 0.00588278 -0.01490159
v 0.01515688 0.00668244 -0.01490159
v 0.01569378 0.00689535 -0.01369378
v 0.01650586 0.00624324 -0.01246050
v 0.01619626 0.00709190 -0.01246050
v 0.01698106 0.00640143 -0.01120485
v 0.01666254 0.00727160 -0.01120485
v 0.01630375 0.00812420 -0.01120485
v 0.01584751 0.00792342 -0.01246050
v 0.01546061 0.00873588 -0.01246050
v 0.01590571 0.00895723 -0.01120485
v 0.01535587 0.00770383 -0.01369378
v 0.01483052 0.00746596 -0.01490159
v 0.01446845 0.00823150 -0.01490159
v 0.01498097 0.00849377 -0.01369378
v 0.01457004 0.00926328 -0.01369378
v 0.01407158 0.00897725 -0.01490159
v 0.01364083 0.00970139 -0.01490159
v 0.01412403 0.01001049 -0.01369378
v 0.01503653 0.00952732 -0.01246050
v 0.01457625 0.01029583 -0.01246050
v 0.01546941 0.00976873 -0.01120485
v 0.01499588 0.01055671 -0.01120485
v 0.01448611 0.01131917 -0.01120485
v 0.01408073 0.01103945 -0.01246050
v 0.01355133 0.01175650 -0.01246050
v 0.01394146 0.01205439 -0.01120485
v 0.01364391 0.01073350 -0.01369378
v 0.01317713 0.01040208 -0.01490159
v 0.01268170 0.01107773 -0.01490159
v 0.01313092 0.01143068 -0.01369378
v 0.01258636 0.01210037 -0.01369378
v 0.01215577 0.01172674 -0.01490159
v 0.01160057 0.01234752 -0.01490158
v 0.01201150 0.01274092 -0.01369377
v 0.01298934 0.01244527 -0.01246050
v 0.01239607 0.01310409 -0.01246050
v 0.01336328 0.01276062 -0.01120485
v 0.01275294 0.01343613 -0.01120485
v 0.01211178 0.01407916 -0.01120485
v 0.01177284 0.01373123 -0.01246050
v 0.01112127 0.01432532 -0.01246050
v 0.01144144 0.01468831 -0.01120485
v 0.01140761 0.01335069 -0.01369378
v 0.01101734 0.01293845 -0.01490158
v 0.01040759 0.01349824 -0.01490159
v 0.01077626 0.01392831 -0.01369378
v 0.01011899 0.01447244 -0.01369378
v 0.00977280 0.01402557 -0.01490159
v 0.00911449 0.01451913 -0.01490159
v 0.00943736 0.01498173 -0.01369378
v 0.01044297 0.01488496 -0.01246050
v 0.00973951 0.01540876 -0.01246050
v 0.01074360 0.01526213 -0.01120485
v 0.01001990 0.01579921 -0.01120485
v 0.00927198 0.01629811 -0.01120485
v 0.00901252 0.01589535 -0.01246050
v 0.00826384 0.01634364 -0.01246050
v 0.00850175 0.01675777 -0.01120485
v 0.00873293 0.01545481 -0.01369378
v 0.00843416 0.01497761 -0.01490159
v 0.00773352 0.01540003 -0.01490159
v 0.00800746 0.01589069 -0.01369378
v 0.00726275 0.01628835 -0.01369378
v 0.00701428 0.01578541 -0.01490159
v 0.00627816 0.01613280 -0.01490159
v 0.00650055 0.01664681 -0.01369378
v 0.00749528 0.01675264 -0.01246050
v 0.00670868 0.01712130 -0.01246050
v 0.00771107 0.01717713 -0.01120485
v 0.00690182 0.01755514 -0.01120485
v 0.00607590 0.01789072 -0.01120484
v 0.00590587 0.01744859 -0.01246050
v 0.00508883 0.01773387 -0.01246050
v 0.00523534 0.01818323 -0.01120485
v 0.00572265 0.01696503 -0.01369378
v 0.00552686 0.01644118 -0.01490159
v 0.00476226 0.01671000 -0.01490159
v 0.00493096 0.01724240 -0.01369378
v 0.00412741 0.01747831 -0.01369378
v 0.00398621 0.01693862 -0.01490159
v 0.00320056 0.01712648 -0.01490159
v 0.00331394 0.01767214 -0.01369378
v 0.00425956 0.01797651 -0.01246050
v 0.00342004 0.01817587 -0.01246050
v 0.00438219 0.01843201 -0.01120485
v 0.00351850 0.01863643 -0.01120485
v 0.00264631 0.01879579 -0.01120484
v 0.00257226 0.01833131 -0.01246050
v 0.00171828 0.01844260 -0.01246050
v 0.00176775 0.01890992 -0.01120485
v 0.00249246 0.01782327 -0.01369378
v 0.00240719 0.01727294 -0.01490159
v 0.00160801 0.01737780 -0.01490159
v 0.00166497 0.01793148 -0.01369378
v 0.00083348 0.01799658 -0.01369378
v 0.00080497 0.01744090 -0.01490159
v 0.00086017 0.01850955 -0.01246050
v 0.00088493 0.01897857 -0.01120485
v -0.00077473 0.01684372 -0.01608085
v -0.00000000 0.01686409 -0.01608085
v -0.00074285 0.01620665 -0.01722810
v -0.00000000 0.01622626 -0.01722810
v -0.00148391 0.01614802 -0.01722810
v -0.00154760 0.01678280 -0.01608085
v -0.00070943 0.01553122 -0.01833988
v -0.00000000 0.01555000 -0.01833988
v -0.00067458 0.01481903 -0.01941273
v -0.00000000 0.01483694 -0.01941273
v -0.00134754 0.01476541 -0.01941273
v -0.00141715 0.01547504 -0.01833987
v -0.00212147 0.01538164 -0.01833987
v -0.00201727 0.01467630 -0.01941272
v -0.00268213 0.01455186 -0.01941272
v -0.00282068 0.01525122 -0.01833987
v -0.00222140 0.01605057 -0.01722809
v -0.00295354 0.01591447 -0.01722809
v -0.00231675 0.01668151 -0.01608084
v -0.00308032 0.01654006 -0.01608084
v -0.00383644 0.01635865 -0.01608084
v -0.00367855 0.01573991 -0.01722809
v -0.00439470 0.01552746 -0.01722810
v -0.00458333 0.01613784 -0.01608085
v -0.00351307 0.01508394 -0.01833987
v -0.00334051 0.01439225 -0.01941272
v -0.00399085 0.01419798 -0.01941273
v -0.00419701 0.01488034 -0.01833987
v -0.00487085 0.01464096 -0.01833987
v -0.00463160 0.01396958 -0.01941273
v -0.00526119 0.01370755 -0.01941273
v -0.00553297 0.01436633 -0.01833987
v -0.00510029 0.01527767 -0.01722810
v -0.00579359 0.01499110 -0.01722809
v -0.00531920 0.01587823 -0.01608085
v -0.00604226 0.01558039 -0.01608085
v -0.00675072 0.01524491 -0.01608085
v -0.00647289 0.01466830 -0.01722810
v -0.00713661 0.01431020 -0.01722810
v -0.00744293 0.01487273 -0.01608085
v -0.00618171 0.01405699 -0.01833988
v -0.00587807 0.01341239 -0.01941273
v -0.00648079 0.01308494 -0.01941273
v -0.00681557 0.01371381 -0.01833988
v -0.00743304 0.01333763 -0.01833988
v -0.00706794 0.01272602 -0.01941273
v -0.00763806 0.01233647 -0.01941273
v -0.00803262 0.01292937 -0.01833988
v -0.00778316 0.01391766 -0.01722810
v -0.00841098 0.01349163 -0.01722809
v -0.00811724 0.01446476 -0.01608085
v -0.00877200 0.01402199 -0.01608085
v -0.00940557 0.01354533 -0.01608085
v -0.00901847 0.01303300 -0.01722810
v -0.00960426 0.01254298 -0.01722810
v -0.01001649 0.01303605 -0.01608085
v -0.00861278 0.01248985 -0.01833988
v -0.00818974 0.01191710 -0.01941273
v -0.00872169 0.01146904 -0.01941273
v -0.00917221 0.01202024 -0.01833988
v -0.00970959 0.01152174 -0.01833988
v -0.00923266 0.01099340 -0.01941273
v -0.00972142 0.01049131 -0.01941273
v -0.01022359 0.01099551 -0.01833988
v -0.01016695 0.01202280 -0.01722810
v -0.01070515 0.01147368 -0.01722810
v -0.01060333 0.01249542 -0.01608085
v -0.01116464 0.01192473 -0.01608085
v -0.01169897 0.01132520 -0.01608085
v -0.01121749 0.01089684 -0.01722810
v -0.01170283 0.01029376 -0.01722810
v -0.01220514 0.01069841 -0.01608085
v -0.01071288 0.01044271 -0.01833988
v -0.01018668 0.00996385 -0.01941273
v -0.01062740 0.00941241 -0.01941273
v -0.01117638 0.00986476 -0.01833988
v -0.01161300 0.00926309 -0.01833988
v -0.01104258 0.00883832 -0.01941273
v -0.01143117 0.00824297 -0.01941273
v -0.01202167 0.00863912 -0.01833988
v -0.01216002 0.00966593 -0.01722810
v -0.01258793 0.00901482 -0.01722809
v -0.01268195 0.01004589 -0.01608085
v -0.01312824 0.00936920 -0.01608085
v -0.01354279 0.00866986 -0.01608085
v -0.01298543 0.00834193 -0.01722810
v -0.01335166 0.00764896 -0.01722810
v -0.01392474 0.00794964 -0.01608085
v -0.01240128 0.00799428 -0.01833988
v -0.01179214 0.00762769 -0.01941273
v -0.01212472 0.00699405 -0.01941273
v -0.01275104 0.00733018 -0.01833988
v -0.01307013 0.00664845 -0.01833988
v -0.01242814 0.00634358 -0.01941273
v -0.01270164 0.00567785 -0.01941273
v -0.01335777 0.00595073 -0.01833988
v -0.01368578 0.00693758 -0.01722810
v -0.01398696 0.00620951 -0.01722810
v -0.01427322 0.00721030 -0.01608085
v -0.01458731 0.00645361 -0.01608085
v -0.01486616 0.00568132 -0.01608085
v -0.01425433 0.00546644 -0.01722810
v -0.01448740 0.00471020 -0.01722810
v -0.01510922 0.00489536 -0.01608085
v -0.01361312 0.00523862 -0.01833988
v -0.01294445 0.00499840 -0.01941273
v -0.01315609 0.00430691 -0.01941273
v -0.01383568 0.00451390 -0.01833988
v -0.01402499 0.00377832 -0.01833988
v -0.01333610 0.00360506 -0.01941273
v -0.01348398 0.00289454 -0.01941272
v -0.01418052 0.00303365 -0.01833987
v -0.01468561 0.00394263 -0.01722810
v -0.01484847 0.00316558 -0.01722809
v -0.01531595 0.00409762 -0.01608085
v -0.01548580 0.00329002 -0.01608085
v -0.01561825 0.00247447 -0.01608084
v -0.01497545 0.00238088 -0.01722809
v -0.01506638 0.00159044 -0.01722810
v -0.01571307 0.00165296 -0.01608085
v -0.01430179 0.00228165 -0.01833987
v -0.01359930 0.00217703 -0.01941272
v -0.01368187 0.00145426 -0.01941272
v -0.01438863 0.00152416 -0.01833987
v -0.01444087 0.00076299 -0.01833987
v -0.01373154 0.00072800 -0.01941272
v -0.01374815 0.00000000 -0.01941272
v -0.01445834 0.00000000 -0.01833987
v -0.01512108 0.00079617 -0.01722809
v -0.01513937 0.00000000 -0.01722809
v -0.01577011 0.00082747 -0.01608085
v -0.01578919 0.00000000 -0.01608085
v -0.01577011 -0.00082748 -0.01608085
v -0.01512108 -0.00079618 -0.01722810
v -0.01506638 -0.00159045 -0.01722810
v -0.01571307 -0.00165297 -0.01608085
v -0.01444087 -0.00076300 -0.01833987
v -0.01373154 -0.00072801 -0.01941272
v -0.01368187 -0.00145427 -0.01941273
v -0.01438863 -0.00152416 -0.01833987
v -0.01430179 -0.00228166 -0.01833987
v -0.01359930 -0.00217703 -0.01941273
v -0.01348398 -0.00289455 -0.01941272
v -0.01418052 -0.00303366 -0.01833987
v -0.01497545 -0.00238089 -0.01722810
v -0.01484847 -0.00316559 -0.01722809
v -0.01561825 -0.00247448 -0.01608085
v -0.01548580 -0.00329003 -0.01608085
v -0.01531595 -0.00409763 -0.01608085
v -0.01468561 -0.00394265 -0.01722810
v -0.01448740 -0.00471021 -0.01722809
v -0.01510922 -0.00489537 -0.01608084
v -0.01402499 -0.00377833 -0.01833987
v -0.01333610 -0.00360507 -0.01941272
v -0.01315608 -0.00430692 -0.01941272
v -0.01383568 -0.00451391 -0.01833987
v -0.01361310 -0.00523863 -0.01833987
v -0.01294445 -0.00499841 -0.01941272
v -0.01270163 -0.00567786 -0.01941272
v -0.01335775 -0.00595074 -0.01833987
v -0.01425433 -0.00546645 -0.01722809
v -0.01398695 -0.00620952 -0.01722809
v -0.01486616 -0.00568134 -0.01608084
v -0.01458730 -0.00645362 -0.01608084
v -0.01427320 -0.00721031 -0.01608084
v -0.01368578 -0.00693759 -0.01722809
v -0.01335165 -0.00764896 -0.01722809
v -0.01392473 -0.00794965 -0.01608084
v -0.01307013 -0.00664846 -0.01833987
v -0.01242813 -0.00634359 -0.01941272
v -0.01212471 -0.00699405 -0.01941273
v -0.01275103 -0.00733019 -0.01833987
v -0.01240127 -0.00799428 -0.01833987
v -0.01179213 -0.00762770 -0.01941273
v -0.01143117 -0.00824297 -0.01941273
v -0.01202166 -0.00863913 -0.01833988
v -0.01298543 -0.00834194 -0.01722810
v -0.01258792 -0.00901483 -0.01722809
v -0.01354278 -0.00866986 -0.01608084
v -0.01312822 -0.00936920 -0.01608085
v -0.01268195 -0.01004590 -0.01608085
v -0.01216001 -0.00966594 -0.01722810
v -0.01170282 -0.01029378 -0.01722810
v -0.01220514 -0.01069842 -0.01608085
v -0.01161300 -0.00926310 -0.01833988
v -0.01104258 -0.00883833 -0.01941273
v -0.01062740 -0.00941241 -0.01941273
v -0.01117637 -0.00986477 -0.01833988
v -0.01071288 -0.01044272 -0.01833988
v -0.01018666 -0.00996386 -0.01941273
v -0.00972142 -0.01049132 -0.01941273
v -0.01022358 -0.01099552 -0.01833988
v -0.01121748 -0.01089686 -0.01722810
v -0.01070515 -0.01147370 -0.01722809
v -0.01169897 -0.01132521 -0.01608085
v -0.01116464 -0.01192473 -0.01608085
v -0.01060333 -0.01249544 -0.01608085
v -0.01016694 -0.01202282 -0.01722810
v -0.00960425 -0.01254300 -0.01722810
v -0.01001649 -0.01303606 -0.01608085
v -0.00970958 -0.01152176 -0.01833988
v -0.00923266 -0.01099342 -0.01941273
v -0.00872169 -0.01146905 -0.01941273
v -0.00917221 -0.01202026 -0.01833988
v -0.00861278 -0.01248985 -0.01833988
v -0.00818972 -0.01191710 -0.01941273
v -0.00763805 -0.01233648 -0.01941273
v -0.00803261 -0.01292937 -0.01833988
v -0.00901847 -0.01303301 -0.01722810
v -0.00841098 -0.01349164 -0.01722809
v -0.00940556 -0.01354534 -0.01608085
v -0.00877200 -0.01402200 -0.01608085
v -0.00811723 -0.01446478 -0.01608085
v -0.00778316 -0.01391766 -0.01722810
v -0.00713660 -0.01431020 -0.01722810
v -0.00744292 -0.01487273 -0.01608085
v -0.00743304 -0.01333764 -0.01833988
v -0.00706793 -0.01272603 -0.01941273
v -0.00648079 -0.01308495 -0.01941273
v -0.00681556 -0.01371381 -0.01833988
v -0.00618170 -0.01405700 -0.01833988
v -0.00587806 -0.01341240 -0.01941273
v -0.00526118 -0.01370755 -0.01941273
v -0.00553295 -0.01436634 -0.01833988
v -0.00647288 -0.01466831 -0.01722810
v -0.00579358 -0.01499111 -0.01722809
v -0.00675071 -0.01524492 -0.01608084
v -0.00604225 -0.01558041 -0.01608084
v -0.00531919 -0.01587823 -0.01608084
v -0.00510027 -0.01527768 -0.01722810
v -0.00439469 -0.01552747 -0.01722810
v -0.00458332 -0.01613784 -0.01608085
v -0.00487084 -0.01464097 -0.01833988
v -0.00463159 -0.01396959 -0.01941273
v -0.00399084 -0.01419799 -0.01941273
v -0.00419699 -0.01488035 -0.01833988
v -0.00351306 -0.01508394 -0.01833988
v -0.00334050 -0.01439226 -0.01941273
v -0.00268212 -0.01455186 -0.01941272
v -0.00282067 -0.01525122 -0.01833987
v -0.00367853 -0.01573991 -0.01722810
v -0.00295353 -0.01591447 -0.01722809
v -0.00383643 -0.01635864 -0.01608084
v -0.00308030 -0.01654006 -0.01608084
v -0.00231673 -0.01668152 -0.01608084
v -0.00222139 -0.01605057 -0.01722809
v -0.00148389 -0.01614803 -0.01722809
v -0.00154758 -0.01678280 -0.01608084
v -0.00212146 -0.01538165 -0.01833987
v -0.00201725 -0.01467631 -0.01941272
v -0.00134753 -0.01476542 -0.01941272
v -0.00141714 -0.01547504 -0.01833987
v -0.00070941 -0.01553121 -0.01833987
v -0.00067457 -0.01481902 -0.01941272
v 0.00000001 -0.01483695 -0.01941272
v 0.00000002 -0.01555001 -0.01833987
v -0.00074283 -0.01620665 -0.01722809
v 0.00000002 -0.01622625 -0.01722809
v -0.00077471 -0.01684373 -0.01608084
v 0.00000002 -0.01686411 -0.01608084
v 0.00077475 -0.01684373 -0.01608084
v 0.00074286 -0.01620665 -0.01722809
v 0.00148392 -0.01614801 -0.01722809
v 0.00154762 -0.01678280 -0.01608084
v 0.00070944 -0.01553121 -0.01833987
v 0.00067460 -0.01481902 -0.01941272
v 0.00134756 -0.01476542 -0.01941273
v 0.00141717 -0.01547504 -0.01833987
v 0.00212149 -0.01538164 -0.01833987
v 0.00201728 -0.01467630 -0.01941273
v 0.00268214 -0.01455186 -0.01941273
v 0.00282069 -0.01525122 -0.01833987
v 0.00222142 -0.01605056 -0.01722810
v 0.00295356 -0.01591446 -0.01722809
v 0.00231677 -0.01668150 -0.01608084
v 0.00308033 -0.01654006 -0.01608084
v 0.00383646 -0.01635864 -0.01608084
v 0.00367856 -0.01573991 -0.01722809
v 0.00439472 -0.01552746 -0.01722809
v 0.00458335 -0.01613784 -0.01608084
v 0.00351308 -0.01508394 -0.01833987
v 0.00334052 -0.01439225 -0.01941273
v 0.00399087 -0.01419798 -0.01941273
v 0.00419702 -0.01488033 -0.01833987
v 0.00487087 -0.01464096 -0.01833987
v 0.00463161 -0.01396958 -0.01941272
v 0.00526121 -0.01370754 -0.01941272
v 0.00553298 -0.01436632 -0.01833987
v 0.00510030 -0.01527767 -0.01722809
v 0.00579360 -0.01499109 -0.01722809
v 0.00531922 -0.01587823 -0.01608084
v 0.00604228 -0.01558038 -0.01608084
v 0.00675074 -0.01524490 -0.01608084
v 0.00647291 -0.01466830 -0.01722809
v 0.00713663 -0.01431018 -0.01722809
v 0.00744295 -0.01487272 -0.01608084
v 0.00618173 -0.01405698 -0.01833987
v 0.00587809 -0.01341238 -0.01941272
v 0.00648082 -0.01308493 -0.01941272
v 0.00681559 -0.01371379 -0.01833987
v 0.00743307 -0.01333763 -0.01833987
v 0.00706796 -0.01272601 -0.01941272
v 0.00763809 -0.01233646 -0.01941272
v 0.00803264 -0.01292935 -0.01833987
v 0.00778319 -0.01391766 -0.01722809
v 0.00841099 -0.01349162 -0.01722809
v 0.00811726 -0.01446476 -0.01608084
v 0.00877202 -0.01402197 -0.01608084
v 0.00940559 -0.01354532 -0.01608084
v 0.00901850 -0.01303298 -0.01722809
v 0.00960428 -0.01254296 -0.01722809
v 0.01001651 -0.01303604 -0.01608084
v 0.00861281 -0.01248983 -0.01833987
v 0.00818975 -0.01191709 -0.01941272
v 0.00872171 -0.01146904 -0.01941272
v 0.00917224 -0.01202023 -0.01833987
v 0.00970961 -0.01152174 -0.01833987
v 0.00923268 -0.01099340 -0.01941272
v 0.00972143 -0.01049129 -0.01941272
v 0.01022361 -0.01099550 -0.01833987
v 0.01016697 -0.01202280 -0.01722809
v 0.01070517 -0.01147368 -0.01722809
v 0.01060334 -0.01249541 -0.01608084
v 0.01116465 -0.01192471 -0.01608084
v 0.01169899 -0.01132519 -0.01608084
v 0.01121751 -0.01089683 -0.01722809
v 0.01170284 -0.01029375 -0.01722809
v 0.01220515 -0.01069839 -0.01608084
v 0.01071290 -0.01044270 -0.01833987
v 0.01018669 -0.00996384 -0.01941272
v 0.01062742 -0.00941239 -0.01941272
v 0.01117640 -0.00986475 -0.01833987
v 0.01161302 -0.00926307 -0.01833987
v 0.01104259 -0.00883831 -0.01941272
v 0.01143119 -0.00824295 -0.01941272
v 0.01202168 -0.00863910 -0.01833987
v 0.01216003 -0.00966591 -0.01722809
v 0.01258794 -0.00901480 -0.01722809
v 0.01268197 -0.01004588 -0.01608084
v 0.01312825 -0.00936917 -0.01608084
v 0.01354280 -0.00866983 -0.01608084
v 0.01298544 -0.00834191 -0.01722809
v 0.01335166 -0.00764894 -0.01722809
v 0.01392474 -0.00794961 -0.01608084
v 0.01240129 -0.00799426 -0.01833987
v 0.01179215 -0.00762767 -0.01941272
v 0.01212473 -0.00699403 -0.01941272
v 0.01275105 -0.00733016 -0.01833987
v 0.01307015 -0.00664844 -0.01833987
v 0.01242814 -0.00634356 -0.01941272
v 0.01270165 -0.00567783 -0.01941272
v 0.01335777 -0.00595071 -0.01833987
v 0.01368579 -0.00693757 -0.01722809
v 0.01398697 -0.00620950 -0.01722809
v 0.01427322 -0.00721028 -0.01608084
v 0.01458732 -0.00645359 -0.01608084
v 0.01486616 -0.00568131 -0.01608084
v 0.01425434 -0.00546642 -0.01722809
v 0.01448740 -0.00471018 -0.01722810
v 0.01510923 -0.00489534 -0.01608085
v 0.01361312 -0.00523860 -0.01833987
v 0.01294445 -0.00499838 -0.01941272
v 0.01315609 -0.00430689 -0.01941272
v 0.01383569 -0.00451388 -0.01833987
v 0.01402500 -0.00377830 -0.01833987
v 0.01333610 -0.00360504 -0.01941272
v 0.01348400 -0.00289452 -0.01941272
v 0.01418053 -0.00303363 -0.01833987
v 0.01468561 -0.00394262 -0.01722810
v 0.01484848 -0.00316556 -0.01722809
v 0.01531596 -0.00409760 -0.01608085
v 0.01548581 -0.00329000 -0.01608085
v 0.01561824 -0.00247445 -0.01608085
v 0.01497546 -0.00238086 -0.01722810
v 0.01506639 -0.00159042 -0.01722810
v 0.01571306 -0.00165294 -0.01608085
v 0.01430180 -0.00228163 -0.01833987
v 0.01359931 -0.00217700 -0.01941272
v 0.01368188 -0.00145424 -0.01941273
v 0.01438864 -0.00152413 -0.01833987
v 0.01444087 -0.00076297 -0.01833987
v 0.01373155 -0.00072798 -0.01941273
v 0.01374815 0.00000002 -0.01941272
v 0.01445834 0.00000002 -0.01833987
v 0.01512108 -0.00079615 -0.01722810
v 0.01513937 0.00000002 -0.01722809
v 0.01577010 -0.00082745 -0.01608085
v 0.01578919 0.00000002 -0.01608085
v 0.01577010 0.00082750 -0.01608085
v 0.01512108 0.00079620 -0.01722810
v 0.01506639 0.00159047 -0.01722810
v 0.01571306 0.00165299 -0.01608085
v 0.01444087 0.00076302 -0.01833987
v 0.01373155 0.00072803 -0.01941272
v 0.01368188 0.00145429 -0.01941272
v 0.01438863 0.00152418 -0.01833987
v 0.01430179 0.00228168 -0.01833987
v 0.01359930 0.00217705 -0.01941272
v 0.01348399 0.00289457 -0.01941272
v 0.01418051 0.00303368 -0.01833987
v 0.01497546 0.00238091 -0.01722810
v 0.01484847 0.00316561 -0.01722809
v 0.01561823 0.00247450 -0.01608085
v 0.01548580 0.00329005 -0.01608085
v 0.01531595 0.00409765 -0.01608085
v 0.01468561 0.00394266 -0.01722810
v 0.01448738 0.00471023 -0.01722810
v 0.01510921 0.00489539 -0.01608085
v 0.01402499 0.00377835 -0.01833987
v 0.01333609 0.00360509 -0.01941272
v 0.01315608 0.00430694 -0.01941273
v 0.01383568 0.00451393 -0.01833988
v 0.01361310 0.00523865 -0.01833988
v 0.01294444 0.00499843 -0.01941273
v 0.01270163 0.00567788 -0.01941273
v 0.01335775 0.00595075 -0.01833988
v 0.01425433 0.00546647 -0.01722810
v 0.01398695 0.00620954 -0.01722809
v 0.01486615 0.00568135 -0.01608085
v 0.01458730 0.00645364 -0.01608085
v 0.01427320 0.00721033 -0.01608085
v 0.01368577 0.00693761 -0.01722810
v 0.01335165 0.00764898 -0.01722810
v 0.01392473 0.00794966 -0.01608085
v 0.01307013 0.00664848 -0.01833988
v 0.01242813 0.00634361 -0.01941273
v 0.01212471 0.00699407 -0.01941273
v 0.01275103 0.00733020 -0.01833988
v 0.01240127 0.00799430 -0.01833987
v 0.01179213 0.00762771 -0.01941273
v 0.01143116 0.00824299 -0.01941272
v 0.01202166 0.00863914 -0.01833987
v 0.01298541 0.00834196 -0.01722810
v 0.01258792 0.00901484 -0.01722809
v 0.01354278 0.00866988 -0.01608085
v 0.01312822 0.00936921 -0.01608085
v 0.01268193 0.01004591 -0.01608085
v 0.01216001 0.00966595 -0.01722810
v 0.01170281 0.01029378 -0.01722809
v 0.01220512 0.01069843 -0.01608085
v 0.01161299 0.00926312 -0.01833987
v 0.01104257 0.00883834 -0.01941272
v 0.01062739 0.00941242 -0.01941272
v 0.01117637 0.00986478 -0.01833987
v 0.01071287 0.01044273 -0.01833987
v 0.01018666 0.00996387 -0.01941272
v 0.00972140 0.01049132 -0.01941272
v 0.01022357 0.01099553 -0.01833987
v 0.01121747 0.01089687 -0.01722809
v 0.01070514 0.01147371 -0.01722809
v 0.01169896 0.01132522 -0.01608084
v 0.01116463 0.01192474 -0.01608084
v 0.01060332 0.01249545 -0.01608084
v 0.01016693 0.01202283 -0.01722809
v 0.00960424 0.01254300 -0.01722810
v 0.01001648 0.01303608 -0.01608084
v 0.00970958 0.01152177 -0.01833987
v 0.00923264 0.01099344 -0.01941272
v 0.00872167 0.01146906 -0.01941272
v 0.00917220 0.01202026 -0.01833987
v 0.00861276 0.01248986 -0.01833987
v 0.00818972 0.01191712 -0.01941272
v 0.00763805 0.01233649 -0.01941272
v 0.00803260 0.01292937 -0.01833987
v 0.00901846 0.01303302 -0.01722809
v 0.00841096 0.01349165 -0.01722809
v 0.00940554 0.01354534 -0.01608085
v 0.00877198 0.01402200 -0.01608085
v 0.00811721 0.01446478 -0.01608085
v 0.00778315 0.01391768 -0.01722809
v 0.00713658 0.01431020 -0.01722810
v 0.00744290 0.01487273 -0.01608085
v 0.00743303 0.01333765 -0.01833987
v 0.00706793 0.01272604 -0.01941272
v 0.00648078 0.01308496 -0.01941272
v 0.00681555 0.01371382 -0.01833987
v 0.00618169 0.01405702 -0.01833987
v 0.00587805 0.01341242 -0.01941272
v 0.00526117 0.01370757 -0.01941272
v 0.00553294 0.01436635 -0.01833987
v 0.00647286 0.01466832 -0.01722810
v 0.00579356 0.01499111 -0.01722809
v 0.00675069 0.01524493 -0.01608085
v 0.00604223 0.01558041 -0.01608085
v 0.00531917 0.01587824 -0.01608085
v 0.00510026 0.01527768 -0.01722810
v 0.00439467 0.01552747 -0.01722810
v 0.00458330 0.01613785 -0.01608085
v 0.00487083 0.01464097 -0.01833987
v 0.00463158 0.01396960 -0.01941272
v 0.00399083 0.01419800 -0.01941273
v 0.00419698 0.01488035 -0.01833987
v 0.00351305 0.01508395 -0.01833988
v 0.00334049 0.01439227 -0.01941273
v 0.00268211 0.01455186 -0.01941273
v 0.00282066 0.01525122 -0.01833988
v 0.00367852 0.01573992 -0.01722810
v 0.00295352 0.01591447 -0.01722809
v 0.00383641 0.01635865 -0.01608085
v 0.00308029 0.01654006 -0.01608085
v 0.00231673 0.01668151 -0.01608085
v 0.00222138 0.01605057 -0.01722810
v 0.00148389 0.01614802 -0.01722810
v 0.00154758 0.01678280 -0.01608085
v 0.00212146 0.01538165 -0.01833988
v 0.00201725 0.01467631 -0.01941273
v 0.00134754 0.01476542 -0.01941273
v 0.00141714 0.01547504 -0.01833988
v 0.00070942 0.01553122 -0.01833988
v 0.00067458 0.01481903 -0.01941273
v 0.00074284 0.01620665 -0.01722810
v 0.00077472 0.01684372 -0.01608085
v -0.00063841 0.01407161 -0.02044319
v -0.00000000 0.01408864 -0.02044319
v -0.00060100 0.01329087 -0.02142777
v -0.00000000 0.01330695 -0.02142777
v -0.00120056 0.01324279 -0.02142777
v -0.00127528 0.01402071 -0.02044319
v -0.00056247 0.01247866 -0.02236297
v -0.00000000 0.01249375 -0.02236297
v -0.00052291 0.01163683 -0.02324528
v -0.00000000 0.01165091 -0.02324529
v -0.00104457 0.01159474 -0.02324529
v -0.00112359 0.01243352 -0.02236296
v -0.00168201 0.01235848 -0.02236296
v -0.00156371 0.01152478 -0.02324528
v -0.00207909 0.01142706 -0.02324528
v -0.00223638 0.01225369 -0.02236296
v -0.00179724 0.01316287 -0.02142777
v -0.00238958 0.01305126 -0.02142777
v -0.00190909 0.01393610 -0.02044319
v -0.00253830 0.01381793 -0.02044318
v -0.00316137 0.01366637 -0.02044318
v -0.00297616 0.01290812 -0.02142777
v -0.00355556 0.01273389 -0.02142777
v -0.00377684 0.01348190 -0.02044319
v -0.00278535 0.01211930 -0.02236296
v -0.00258944 0.01130171 -0.02324528
v -0.00309356 0.01114916 -0.02324528
v -0.00332761 0.01195570 -0.02236296
v -0.00386187 0.01176337 -0.02236296
v -0.00359025 0.01096980 -0.02324528
v -0.00407828 0.01076404 -0.02324529
v -0.00438683 0.01154272 -0.02236297
v -0.00412642 0.01252904 -0.02142777
v -0.00468734 0.01229401 -0.02142777
v -0.00438323 0.01326502 -0.02044319
v -0.00497906 0.01301620 -0.02044319
v -0.00556285 0.01273593 -0.02044319
v -0.00523694 0.01202929 -0.02142777
v -0.00577392 0.01173561 -0.02142777
v -0.00613326 0.01242499 -0.02044319
v -0.00490118 0.01129417 -0.02236297
v -0.00455646 0.01053226 -0.02324528
v -0.00502368 0.01027513 -0.02324528
v -0.00540374 0.01101844 -0.02236296
v -0.00589331 0.01071621 -0.02236296
v -0.00547881 0.00999328 -0.02324528
v -0.00592075 0.00968738 -0.02324528
v -0.00636868 0.01038818 -0.02236296
v -0.00629703 0.01141371 -0.02142777
v -0.00680497 0.01106432 -0.02142777
v -0.00668892 0.01208418 -0.02044319
v -0.00722847 0.01171427 -0.02044319
v -0.00775055 0.01131606 -0.02044319
v -0.00729646 0.01068821 -0.02142777
v -0.00777039 0.01028635 -0.02142777
v -0.00825399 0.01089060 -0.02044319
v -0.00682867 0.01003504 -0.02236296
v -0.00634838 0.00935807 -0.02324528
v -0.00676073 0.00900623 -0.02324528
v -0.00727222 0.00965775 -0.02236296
v -0.00769828 0.00925722 -0.02236296
v -0.00715683 0.00863273 -0.02324528
v -0.00753568 0.00823845 -0.02324528
v -0.00810580 0.00883442 -0.02236296
v -0.00822564 0.00985976 -0.02142777
v -0.00866108 0.00940944 -0.02142777
v -0.00873757 0.01043895 -0.02044319
v -0.00920010 0.00996218 -0.02044319
v -0.00964040 0.00946132 -0.02044319
v -0.00907560 0.00893637 -0.02142777
v -0.00946825 0.00844179 -0.02142777
v -0.01005750 0.00893768 -0.02044319
v -0.00849373 0.00839026 -0.02236296
v -0.00789635 0.00782425 -0.02324528
v -0.00823798 0.00739122 -0.02324528
v -0.00886123 0.00792591 -0.02236296
v -0.00920740 0.00744249 -0.02236296
v -0.00855981 0.00694041 -0.02324528
v -0.00886104 0.00647290 -0.02324528
v -0.00953142 0.00694116 -0.02236296
v -0.00983815 0.00792691 -0.02142777
v -0.01018436 0.00739294 -0.02142777
v -0.01045042 0.00839256 -0.02044319
v -0.01081818 0.00782723 -0.02044319
v -0.01115979 0.00724298 -0.02044319
v -0.01050595 0.00684112 -0.02142777
v -0.01080226 0.00627281 -0.02142777
v -0.01147452 0.00664130 -0.02044319
v -0.00983239 0.00642305 -0.02236296
v -0.00914084 0.00598975 -0.02324528
v -0.00939864 0.00549217 -0.02324528
v -0.01010970 0.00588948 -0.02236296
v -0.01036269 0.00534174 -0.02236296
v -0.00963384 0.00498138 -0.02324528
v -0.00984585 0.00445861 -0.02324528
v -0.01059074 0.00478115 -0.02236296
v -0.01107258 0.00568943 -0.02142777
v -0.01131625 0.00509235 -0.02142777
v -0.01176168 0.00602364 -0.02044319
v -0.01202051 0.00539148 -0.02044319
v -0.01225029 0.00474630 -0.02044319
v -0.01153257 0.00448296 -0.02142777
v -0.01172114 0.00386278 -0.02142777
v -0.01245059 0.00408969 -0.02044319
v -0.01079320 0.00420900 -0.02236296
v -0.01003406 0.00392506 -0.02324528
v -0.01019812 0.00338206 -0.02324528
v -0.01096966 0.00362672 -0.02236296
v -0.01111975 0.00303572 -0.02236296
v -0.01033765 0.00283092 -0.02324528
v -0.01045230 0.00227298 -0.02324528
v -0.01124307 0.00243741 -0.02236296
v -0.01188150 0.00323331 -0.02142777
v -0.01201326 0.00259605 -0.02142777
v -0.01262094 0.00342324 -0.02044319
v -0.01276090 0.00274855 -0.02044319
v -0.01287003 0.00206723 -0.02044319
v -0.01211600 0.00195253 -0.02142776
v -0.01218957 0.00130430 -0.02142777
v -0.01294818 0.00138092 -0.02044319
v -0.01133922 0.00183321 -0.02236296
v -0.01054168 0.00170954 -0.02324528
v -0.01060569 0.00114198 -0.02324528
v -0.01140806 0.00122459 -0.02236296
v -0.01144949 0.00061303 -0.02236296
v -0.01064419 0.00057167 -0.02324528
v -0.01065707 -0.00000001 -0.02324528
v -0.01146333 -0.00000001 -0.02236296
v -0.01223382 0.00065293 -0.02142777
v -0.01224863 -0.00000001 -0.02142777
v -0.01299518 0.00069129 -0.02044319
v -0.01301090 0.00000000 -0.02044319
v -0.01299518 -0.00069130 -0.02044319
v -0.01223382 -0.00065294 -0.02142777
v -0.01218957 -0.00130431 -0.02142777
v -0.01294818 -0.00138093 -0.02044319
v -0.01144949 -0.00061304 -0.02236296
v -0.01064419 -0.00057169 -0.02324528
v -0.01060569 -0.00114199 -0.02324528
v -0.01140806 -0.00122460 -0.02236296
v -0.01133922 -0.00183322 -0.02236296
v -0.01054168 -0.00170955 -0.02324528
v -0.01045230 -0.00227299 -0.02324528
v -0.01124307 -0.00243742 -0.02236296
v -0.01211600 -0.00195254 -0.02142777
v -0.01201326 -0.00259606 -0.02142777
v -0.01287003 -0.00206724 -0.02044319
v -0.01276090 -0.00274856 -0.02044319
v -0.01262094 -0.00342325 -0.02044319
v -0.01188150 -0.00323332 -0.02142776
v -0.01172114 -0.00386279 -0.02142776
v -0.01245058 -0.00408970 -0.02044318
v -0.01111975 -0.00303573 -0.02236296
v -0.01033765 -0.00283093 -0.02324528
v -0.01019812 -0.00338207 -0.02324528
v -0.01096966 -0.00362673 -0.02236296
v -0.01079320 -0.00420901 -0.02236296
v -0.01003406 -0.00392507 -0.02324528
v -0.00984585 -0.00445861 -0.02324528
v -0.01059073 -0.00478115 -0.02236296
v -0.01153257 -0.00448297 -0.02142776
v -0.01131624 -0.00509235 -0.02142776
v -0.01225029 -0.00474631 -0.02044318
v -0.01202051 -0.00539149 -0.02044318
v -0.01176167 -0.00602365 -0.02044318
v -0.01107258 -0.00568943 -0.02142776
v -0.01080226 -0.00627282 -0.02142777
v -0.01147452 -0.00664130 -0.02044319
v -0.01036269 -0.00534175 -0.02236296
v -0.00963384 -0.00498139 -0.02324528
v -0.00939864 -0.00549217 -0.02324528
v -0.01010969 -0.00588948 -0.02236296
v -0.00983238 -0.00642306 -0.02236296
v -0.00914083 -0.00598975 -0.02324528
v -0.00886102 -0.00647290 -0.02324528
v -0.00953140 -0.00694116 -0.02236296
v -0.01050594 -0.00684112 -0.02142777
v -0.01018436 -0.00739295 -0.02142777
v -0.01115977 -0.00724299 -0.02044319
v -0.01081816 -0.00782724 -0.02044319
v -0.01045041 -0.00839256 -0.02044319
v -0.00983814 -0.00792692 -0.02142777
v -0.00946825 -0.00844180 -0.02142777
v -0.01005750 -0.00893769 -0.02044319
v -0.00920740 -0.00744250 -0.02236296
v -0.00855980 -0.00694042 -0.02324528
v -0.00823797 -0.00739122 -0.02324528
v -0.00886123 -0.00792591 -0.02236296
v -0.00849373 -0.00839027 -0.02236296
v -0.00789633 -0.00782424 -0.02324528
v -0.00753568 -0.00823844 -0.02324528
v -0.00810579 -0.00883442 -0.02236296
v -0.00907560 -0.00893638 -0.02142777
v -0.00866108 -0.00940944 -0.02142777
v -0.00964040 -0.00946133 -0.02044319
v -0.00920009 -0.00996218 -0.02044319
v -0.00873755 -0.01043896 -0.02044319
v -0.00822564 -0.00985976 -0.02142777
v -0.00777039 -0.01028636 -0.02142777
v -0.00825397 -0.01089060 -0.02044319
v -0.00769827 -0.00925723 -0.02236296
v -0.00715682 -0.00863273 -0.02324528
v -0.00676073 -0.00900623 -0.02324528
v -0.00727221 -0.00965775 -0.02236296
v -0.00682866 -0.01003505 -0.02236296
v -0.00634838 -0.00935807 -0.02324528
v -0.00592074 -0.00968739 -0.02324528
v -0.00636868 -0.01038818 -0.02236296
v -0.00729646 -0.01068821 -0.02142777
v -0.00680496 -0.01106433 -0.02142777
v -0.00775055 -0.01131607 -0.02044319
v -0.00722846 -0.01171427 -0.02044319
v -0.00668891 -0.01208419 -0.02044319
v -0.00629702 -0.01141372 -0.02142777
v -0.00577392 -0.01173562 -0.02142777
v -0.00613325 -0.01242500 -0.02044319
v -0.00589330 -0.01071621 -0.02236296
v -0.00547880 -0.00999328 -0.02324528
v -0.00502367 -0.01027513 -0.02324528
v -0.00540374 -0.01101845 -0.02236296
v -0.00490117 -0.01129419 -0.02236296
v -0.00455645 -0.01053227 -0.02324528
v -0.00407827 -0.01076405 -0.02324528
v -0.00438681 -0.01154273 -0.02236296
v -0.00523693 -0.01202931 -0.02142777
v -0.00468733 -0.01229403 -0.02142777
v -0.00556284 -0.01273593 -0.02044319
v -0.00497905 -0.01301621 -0.02044319
v -0.00438322 -0.01326503 -0.02044319
v -0.00412641 -0.01252904 -0.02142777
v -0.00355555 -0.01273389 -0.02142777
v -0.00377683 -0.01348191 -0.02044319
v -0.00386186 -0.01176338 -0.02236296
v -0.00359024 -0.01096981 -0.02324528
v -0.00309355 -0.01114917 -0.02324528
v -0.00332760 -0.01195571 -0.02236296
v -0.00278534 -0.01211929 -0.02236296
v -0.00258943 -0.01130171 -0.02324528
v -0.00207908 -0.01142705 -0.02324528
v -0.00223637 -0.01225368 -0.02236296
v -0.00297614 -0.01290812 -0.02142777
v -0.00238957 -0.01305126 -0.02142777
v -0.00316136 -0.01366638 -0.02044319
v -0.00253829 -0.01381793 -0.02044319
v -0.00190908 -0.01393609 -0.02044319
v -0.00179723 -0.01316288 -0.02142776
v -0.00120055 -0.01324280 -0.02142777
v -0.00127527 -0.01402071 -0.02044319
v -0.00168200 -0.01235849 -0.02236296
v -0.00156370 -0.01152477 -0.02324528
v -0.00104456 -0.01159475 -0.02324528
v -0.00112359 -0.01243351 -0.02236296
v -0.00056246 -0.01247866 -0.02236296
v -0.00052290 -0.01163684 -0.02324528
v 0.00000001 -0.01165092 -0.02324528
v 0.00000001 -0.01249376 -0.02236296
v -0.00060099 -0.01329088 -0.02142777
v 0.00000001 -0.01330695 -0.02142777
v -0.00063840 -0.01407162 -0.02044319
v 0.00000001 -0.01408864 -0.02044319
v 0.00063842 -0.01407162 -0.02044319
v 0.00060102 -0.01329087 -0.02142777
v 0.00120058 -0.01324280 -0.02142777
v 0.00127529 -0.01402071 -0.02044319
v 0.00056248 -0.01247866 -0.02236296
v 0.00052292 -0.01163684 -0.02324528
v 0.00104458 -0.01159475 -0.02324528
v 0.00112360 -0.01243351 -0.02236296
v 0.00168203 -0.01235848 -0.02236296
v 0.00156372 -0.01152477 -0.02324528
v 0.00207910 -0.01142704 -0.02324528
v 0.00223639 -0.01225368 -0.02236296
v 0.00179725 -0.01316287 -0.02142777
v 0.00238960 -0.01305126 -0.02142777
v 0.00190910 -0.01393609 -0.02044319
v 0.00253831 -0.01381793 -0.02044319
v 0.00316139 -0.01366637 -0.02044319
v 0.00297617 -0.01290811 -0.02142777
v 0.00355558 -0.01273388 -0.02142777
v 0.00377686 -0.01348190 -0.02044319
v 0.00278536 -0.01211929 -0.02236296
v 0.00258945 -0.01130171 -0.02324528
v 0.00309358 -0.01114915 -0.02324528
v 0.00332762 -0.01195570 -0.02236296
v 0.00386188 -0.01176337 -0.02236296
v 0.00359026 -0.01096980 -0.02324528
v 0.00407830 -0.01076404 -0.02324528
v 0.00438684 -0.01154272 -0.02236296
v 0.00412644 -0.01252903 -0.02142777
v 0.00468736 -0.01229401 -0.02142777
v 0.00438324 -0.01326502 -0.02044319
v 0.00497907 -0.01301620 -0.02044319
v 0.00556287 -0.01273592 -0.02044319
v 0.00523696 -0.01202929 -0.02142777
v 0.00577395 -0.01173561 -0.02142777
v 0.00613328 -0.01242498 -0.02044318
v 0.00490120 -0.01129417 -0.02236296
v 0.00455648 -0.01053226 -0.02324528
v 0.00502370 -0.01027512 -0.02324528
v 0.00540377 -0.01101843 -0.02236296
v 0.00589333 -0.01071620 -0.02236296
v 0.00547883 -0.00999328 -0.02324528
v 0.00592077 -0.00968737 -0.02324528
v 0.00636871 -0.01038817 -0.02236296
v 0.00629705 -0.01141370 -0.02142776
v 0.00680499 -0.01106432 -0.02142776
v 0.00668894 -0.01208417 -0.02044318
v 0.00722849 -0.01171426 -0.02044318
v 0.00775058 -0.01131605 -0.02044318
v 0.00729649 -0.01068820 -0.02142776
v 0.00777042 -0.01028633 -0.02142777
v 0.00825400 -0.01089059 -0.02044318
v 0.00682869 -0.01003502 -0.02236296
v 0.00634840 -0.00935805 -0.02324528
v 0.00676075 -0.00900622 -0.02324528
v 0.00727224 -0.00965773 -0.02236296
v 0.00769830 -0.00925721 -0.02236296
v 0.00715685 -0.00863271 -0.02324528
v 0.00753570 -0.00823843 -0.02324528
v 0.00810582 -0.00883441 -0.02236296
v 0.00822566 -0.00985975 -0.02142776
v 0.00866110 -0.00940942 -0.02142776
v 0.00873758 -0.01043893 -0.02044318
v 0.00920012 -0.00996216 -0.02044318
v 0.00964043 -0.00946131 -0.02044318
v 0.00907561 -0.00893635 -0.02142776
v 0.00946828 -0.00844178 -0.02142777
v 0.01005753 -0.00893767 -0.02044318
v 0.00849375 -0.00839025 -0.02236296
v 0.00789635 -0.00782424 -0.02324528
v 0.00823800 -0.00739121 -0.02324528
v 0.00886124 -0.00792590 -0.02236296
v 0.00920742 -0.00744248 -0.02236296
v 0.00855982 -0.00694040 -0.02324528
v 0.00886105 -0.00647289 -0.02324528
v 0.00953143 -0.00694114 -0.02236296
v 0.00983817 -0.00792690 -0.02142776
v 0.01018437 -0.00739293 -0.02142776
v 0.01045044 -0.00839254 -0.02044318
v 0.01081819 -0.00782721 -0.02044318
v 0.01115980 -0.00724297 -0.02044318
v 0.01050596 -0.00684110 -0.02142776
v 0.01080227 -0.00627280 -0.02142777
v 0.01147454 -0.00664128 -0.02044318
v 0.00983240 -0.00642304 -0.02236296
v 0.00914085 -0.00598974 -0.02324528
v 0.00939865 -0.00549216 -0.02324528
v 0.01010970 -0.00588947 -0.02236296
v 0.01036269 -0.00534173 -0.02236296
v 0.00963385 -0.00498137 -0.02324528
v 0.00984585 -0.00445860 -0.02324528
v 0.01059073 -0.00478114 -0.02236296
v 0.01107259 -0.00568941 -0.02142777
v 0.01131626 -0.00509233 -0.02142777
v 0.01176168 -0.00602362 -0.02044318
v 0.01202052 -0.00539147 -0.02044318
v 0.01225029 -0.00474629 -0.02044318
v 0.01153257 -0.00448295 -0.02142777
v 0.01172114 -0.00386276 -0.02142777
v 0.01245059 -0.00408967 -0.02044319
v 0.01079320 -0.00420899 -0.02236296
v 0.01003407 -0.00392505 -0.02324528
v 0.01019812 -0.00338205 -0.02324528
v 0.01096966 -0.00362671 -0.02236296
v 0.01111975 -0.00303570 -0.02236296
v 0.01033766 -0.00283091 -0.02324528
v 0.01045230 -0.00227296 -0.02324529
v 0.01124306 -0.00243739 -0.02236297
v 0.01188151 -0.00323329 -0.02142777
v 0.01201326 -0.00259604 -0.02142777
v 0.01262095 -0.00342322 -0.02044319
v 0.01276091 -0.00274853 -0.02044319
v 0.01287004 -0.00206721 -0.02044319
v 0.01211601 -0.00195251 -0.02142777
v 0.01218958 -0.00130428 -0.02142777
v 0.01294819 -0.00138090 -0.02044319
v 0.01133922 -0.00183319 -0.02236297
v 0.01054168 -0.00170952 -0.02324528
v 0.01060570 -0.00114196 -0.02324528
v 0.01140807 -0.00122457 -0.02236296
v 0.01144949 -0.00061301 -0.02236296
v 0.01064420 -0.00057166 -0.02324528
v 0.01065708 0.00000002 -0.02324528
v 0.01146334 0.00000002 -0.02236296
v 0.01223383 -0.00065291 -0.02142777
v 0.01224863 0.00000002 -0.02142777
v 0.01299519 -0.00069127 -0.02044319
v 0.01301091 0.00000002 -0.02044319
v 0.01299519 0.00069131 -0.02044319
v 0.01223383 0.00065296 -0.02142777
v 0.01218957 0.00130432 -0.02142777
v 0.01294817 0.00138094 -0.02044319
v 0.01144949 0.00061305 -0.02236296
v 0.01064420 0.00057170 -0.02324528
v 0.01060570 0.00114200 -0.02324528
v 0.01140807 0.00122462 -0.02236296
v 0.01133922 0.00183323 -0.02236296
v 0.01054168 0.00170956 -0.02324528
v 0.01045230 0.00227300 -0.02324528
v 0.01124306 0.00243743 -0.02236296
v 0.01211601 0.00195256 -0.02142777
v 0.01201326 0.00259608 -0.02142777
v 0.01287004 0.00206725 -0.02044319
v 0.01276091 0.00274858 -0.02044319
v 0.01262094 0.00342327 -0.02044319
v 0.01188149 0.00323333 -0.02142777
v 0.01172113 0.00386281 -0.02142777
v 0.01245059 0.00408972 -0.02044319
v 0.01111975 0.00303574 -0.02236296
v 0.01033766 0.00283095 -0.02324528
v 0.01019812 0.00338208 -0.02324528
v 0.01096966 0.00362675 -0.02236296
v 0.01079319 0.00420903 -0.02236296
v 0.01003406 0.00392509 -0.02324528
v 0.00984585 0.00445863 -0.02324528
v 0.01059073 0.00478118 -0.02236296
v 0.01153257 0.00448299 -0.02142777
v 0.01131625 0.00509237 -0.02142777
v 0.01225029 0.00474633 -0.02044319
v 0.01202050 0.00539151 -0.02044319
v 0.01176167 0.00602367 -0.02044319
v 0.01107258 0.00568945 -0.02142777
v 0.01080225 0.00627284 -0.02142777
v 0.01147452 0.00664132 -0.02044319
v 0.01036269 0.00534177 -0.02236296
v 0.00963384 0.00498141 -0.02324528
v 0.00939864 0.00549219 -0.02324528
v 0.01010969 0.00588950 -0.02236296
v 0.00983238 0.00642307 -0.02236296
v 0.00914084 0.00598977 -0.02324528
v 0.00886102 0.00647292 -0.02324528
v 0.00953141 0.00694118 -0.02236296
v 0.01050595 0.00684114 -0.02142777
v 0.01018435 0.00739296 -0.02142777
v 0.01115977 0.00724300 -0.02044319
v 0.01081816 0.00782725 -0.02044319
v 0.01045041 0.00839258 -0.02044319
v 0.00983813 0.00792693 -0.02142777
v 0.00946825 0.00844181 -0.02142777
v 0.01005749 0.00893770 -0.02044319
v 0.00920739 0.00744251 -0.02236296
v 0.00855980 0.00694043 -0.02324528
v 0.00823797 0.00739124 -0.02324528
v 0.00886122 0.00792592 -0.02236296
v 0.00849373 0.00839029 -0.02236296
v 0.00789633 0.00782427 -0.02324528
v 0.00753568 0.00823846 -0.02324528
v 0.00810579 0.00883443 -0.02236296
v 0.00907559 0.00893639 -0.02142777
v 0.00866108 0.00940945 -0.02142777
v 0.00964040 0.00946134 -0.02044319
v 0.00920008 0.00996219 -0.02044319
v 0.00873755 0.01043897 -0.02044319
v 0.00822564 0.00985978 -0.02142777
v 0.00777039 0.01028637 -0.02142777
v 0.00825397 0.01089062 -0.02044318
v 0.00769827 0.00925724 -0.02236296
v 0.00715682 0.00863274 -0.02324528
v 0.00676073 0.00900625 -0.02324528
v 0.00727221 0.00965776 -0.02236296
v 0.00682866 0.01003507 -0.02236296
v 0.00634838 0.00935808 -0.02324528
v 0.00592074 0.00968741 -0.02324528
v 0.00636868 0.01038819 -0.02236296
v 0.00729646 0.01068822 -0.02142776
v 0.00680496 0.01106435 -0.02142776
v 0.00775055 0.01131608 -0.02044318
v 0.00722846 0.01171429 -0.02044318
v 0.00668891 0.01208420 -0.02044318
v 0.00629702 0.01141373 -0.02142776
v 0.00577391 0.01173563 -0.02142777
v 0.00613325 0.01242501 -0.02044318
v 0.00589330 0.01071623 -0.02236296
v 0.00547880 0.00999330 -0.02324528
v 0.00502367 0.01027515 -0.02324528
v 0.00540374 0.01101846 -0.02236296
v 0.00490117 0.01129419 -0.02236296
v 0.00455645 0.01053229 -0.02324528
v 0.00407827 0.01076405 -0.02324528
v 0.00438681 0.01154274 -0.02236296
v 0.00523692 0.01202932 -0.02142777
v 0.00468733 0.01229403 -0.02142777
v 0.00556284 0.01273595 -0.02044319
v 0.00497904 0.01301622 -0.02044319
v 0.00438321 0.01326504 -0.02044319
v 0.00412641 0.01252905 -0.02142777
v 0.00355555 0.01273389 -0.02142777
v 0.00377682 0.01348192 -0.02044319
v 0.00386185 0.01176339 -0.02236296
v 0.00359023 0.01096983 -0.02324528
v 0.00309355 0.01114917 -0.02324528
v 0.00332759 0.01195573 -0.02236296
v 0.00278533 0.01211930 -0.02236296
v 0.00258943 0.01130172 -0.02324528
v 0.00207908 0.01142706 -0.02324528
v 0.00223637 0.01225370 -0.02236296
v 0.00297614 0.01290812 -0.02142777
v 0.00238957 0.01305127 -0.02142777
v 0.00316136 0.01366638 -0.02044319
v 0.00253828 0.01381794 -0.02044319
v 0.00190908 0.01393610 -0.02044319
v 0.00179723 0.01316288 -0.02142777
v 0.00120056 0.01324280 -0.02142777
v 0.00127528 0.01402072 -0.02044319
v 0.00168201 0.01235850 -0.02236296
v 0.00156370 0.01152478 -0.02324528
v 0.00104456 0.01159474 -0.02324528
v 0.00112359 0.01243352 -0.02236296
v 0.00056247 0.01247866 -0.02236296
v 0.00052291 0.01163684 -0.02324528
v 0.00060100 0.01329087 -0.02142777
v 0.00063840 0.01407162 -0.02044319
v -0.00048242 0.01076727 -0.02407123
v -0.00000000 0.01078030 -0.02407123
v -0.00044109 0.00987211 -0.02483776
v -0.00000000 0.00988405 -0.02483776
v -0.00088112 0.00983640 -0.02483776
v -0.00096368 0.01072834 -0.02407123
v -0.00039901 0.00895347 -0.02554183
v -0.00000000 0.00896430 -0.02554183
v -0.00035626 0.00801348 -0.02618039
v -0.00000000 0.00802318 -0.02618039
v -0.00071167 0.00798451 -0.02618039
v -0.00079706 0.00892108 -0.02554183
v -0.00119319 0.00886724 -0.02554183
v -0.00106537 0.00793631 -0.02618039
v -0.00141650 0.00786901 -0.02618039
v -0.00158645 0.00879205 -0.02554183
v -0.00131903 0.00977704 -0.02483776
v -0.00175377 0.00969413 -0.02483776
v -0.00144263 0.01066358 -0.02407123
v -0.00191810 0.01057316 -0.02407123
v -0.00238893 0.01045719 -0.02407123
v -0.00218427 0.00958780 -0.02483776
v -0.00260951 0.00945839 -0.02483776
v -0.00285402 0.01031605 -0.02407123
v -0.00197588 0.00869562 -0.02554183
v -0.00176421 0.00778270 -0.02618039
v -0.00210768 0.00767766 -0.02618039
v -0.00236055 0.00857825 -0.02554183
v -0.00273955 0.00844025 -0.02554183
v -0.00244607 0.00755415 -0.02618039
v -0.00277858 0.00741245 -0.02618039
v -0.00311194 0.00828194 -0.02554183
v -0.00302847 0.00930623 -0.02483776
v -0.00344015 0.00913167 -0.02483776
v -0.00331224 0.01015009 -0.02407123
v -0.00376249 0.00995970 -0.02407123
v -0.00420365 0.00974524 -0.02407123
v -0.00384351 0.00893504 -0.02483776
v -0.00423762 0.00871690 -0.02483776
v -0.00463468 0.00950732 -0.02407123
v -0.00347682 0.00810360 -0.02554183
v -0.00310437 0.00725284 -0.02618039
v -0.00342269 0.00707577 -0.02618039
v -0.00383333 0.00790576 -0.02554183
v -0.00418062 0.00768890 -0.02554183
v -0.00373278 0.00688168 -0.02618039
v -0.00403388 0.00667103 -0.02618039
v -0.00451785 0.00745354 -0.02554183
v -0.00462153 0.00847780 -0.02483776
v -0.00499432 0.00821829 -0.02483776
v -0.00505457 0.00924654 -0.02407123
v -0.00546229 0.00896349 -0.02407123
v -0.00585681 0.00865879 -0.02407123
v -0.00535504 0.00793892 -0.02483776
v -0.00570287 0.00764043 -0.02483775
v -0.00623723 0.00833324 -0.02407123
v -0.00484415 0.00720017 -0.02554183
v -0.00432523 0.00644425 -0.02618039
v -0.00460616 0.00620196 -0.02618039
v -0.00515880 0.00692946 -0.02554183
v -0.00546103 0.00664208 -0.02554183
v -0.00487603 0.00594476 -0.02618039
v -0.00513415 0.00567325 -0.02618039
v -0.00575012 0.00633872 -0.02554183
v -0.00603698 0.00732357 -0.02483776
v -0.00635656 0.00698908 -0.02483776
v -0.00660266 0.00798765 -0.02407123
v -0.00695218 0.00762283 -0.02407123
v -0.00728490 0.00723959 -0.02407123
v -0.00666078 0.00663770 -0.02483776
v -0.00694897 0.00627034 -0.02483775
v -0.00760009 0.00683891 -0.02407123
v -0.00602532 0.00602004 -0.02554183
v -0.00537986 0.00538802 -0.02618039
v -0.00561263 0.00508982 -0.02618039
v -0.00628601 0.00568686 -0.02554183
v -0.00653158 0.00534000 -0.02554183
v -0.00583189 0.00477938 -0.02618039
v -0.00603712 0.00445744 -0.02618039
v -0.00676143 0.00498030 -0.02554183
v -0.00722044 0.00588790 -0.02483776
v -0.00747453 0.00549128 -0.02483776
v -0.00789700 0.00642179 -0.02407123
v -0.00817490 0.00598921 -0.02407123
v -0.00843304 0.00554216 -0.02407123
v -0.00771056 0.00508140 -0.02483776
v -0.00792802 0.00465928 -0.02483775
v -0.00867089 0.00508177 -0.02407123
v -0.00697494 0.00460855 -0.02554183
v -0.00622776 0.00412472 -0.02618039
v -0.00640340 0.00378208 -0.02618039
v -0.00717166 0.00422571 -0.02554183
v -0.00735113 0.00383271 -0.02554183
v -0.00656365 0.00343034 -0.02618039
v -0.00670809 0.00307034 -0.02618039
v -0.00751290 0.00343049 -0.02554183
v -0.00812642 0.00422596 -0.02483776
v -0.00830525 0.00378246 -0.02483776
v -0.00888787 0.00460915 -0.02407123
v -0.00908346 0.00412544 -0.02407123
v -0.00925710 0.00363176 -0.02407123
v -0.00846402 0.00332983 -0.02483776
v -0.00860240 0.00286917 -0.02483775
v -0.00940846 0.00312933 -0.02407123
v -0.00765652 0.00301997 -0.02554183
v -0.00683632 0.00270292 -0.02618039
v -0.00694809 0.00232899 -0.02618039
v -0.00778170 0.00260218 -0.02554183
v -0.00788817 0.00217813 -0.02554183
v -0.00704316 0.00194946 -0.02618039
v -0.00712127 0.00156524 -0.02618039
v -0.00797565 0.00174884 -0.02554183
v -0.00872010 0.00240161 -0.02483776
v -0.00881681 0.00192828 -0.02483776
v -0.00953718 0.00261938 -0.02407123
v -0.00964295 0.00210313 -0.02407123
v -0.00972542 0.00158179 -0.02407123
v -0.00889221 0.00145028 -0.02483776
v -0.00894620 0.00096879 -0.02483775
v -0.00978447 0.00105664 -0.02407123
v -0.00804386 0.00131533 -0.02554183
v -0.00718217 0.00117724 -0.02618039
v -0.00722578 0.00078640 -0.02618039
v -0.00809270 0.00087864 -0.02554183
v -0.00812208 0.00043985 -0.02554183
v -0.00725201 0.00039367 -0.02618039
v -0.00726078 0.00000000 -0.02618039
v -0.00813190 -0.00000001 -0.02554183
v -0.00897868 0.00048498 -0.02483776
v -0.00898954 -0.00000001 -0.02483776
v -0.00981999 0.00052895 -0.02407123
v -0.00983187 -0.00000001 -0.02407123
v -0.00981999 -0.00052897 -0.02407123
v -0.00897868 -0.00048499 -0.02483776
v -0.00894620 -0.00096881 -0.02483776
v -0.00978447 -0.00105666 -0.02407123
v -0.00812208 -0.00043986 -0.02554183
v -0.00725201 -0.00039368 -0.02618039
v -0.00722578 -0.00078641 -0.02618039
v -0.00809270 -0.00087865 -0.02554183
v -0.00804386 -0.00131534 -0.02554183
v -0.00718217 -0.00117725 -0.02618039
v -0.00712127 -0.00156525 -0.02618039
v -0.00797565 -0.00174885 -0.02554183
v -0.00889221 -0.00145029 -0.02483776
v -0.00881681 -0.00192829 -0.02483776
v -0.00972542 -0.00158180 -0.02407123
v -0.00964295 -0.00210314 -0.02407123
v -0.00953718 -0.00261939 -0.02407123
v -0.00872010 -0.00240162 -0.02483776
v -0.00860240 -0.00286918 -0.02483775
v -0.00940845 -0.00312934 -0.02407123
v -0.00788817 -0.00217814 -0.02554183
v -0.00704316 -0.00194947 -0.02618039
v -0.00694809 -0.00232900 -0.02618039
v -0.00778170 -0.00260219 -0.02554183
v -0.00765652 -0.00301998 -0.02554183
v -0.00683632 -0.00270292 -0.02618039
v -0.00670809 -0.00307034 -0.02618039
v -0.00751290 -0.00343049 -0.02554183
v -0.00846402 -0.00332983 -0.02483776
v -0.00830525 -0.00378247 -0.02483776
v -0.00925710 -0.00363177 -0.02407123
v -0.00908346 -0.00412545 -0.02407123
v -0.00888787 -0.00460916 -0.02407123
v -0.00812642 -0.00422596 -0.02483776
v -0.00792802 -0.00465928 -0.02483775
v -0.00867089 -0.00508177 -0.02407123
v -0.00735113 -0.00383272 -0.02554183
v -0.00656364 -0.00343034 -0.02618039
v -0.00640340 -0.00378208 -0.02618039
v -0.00717165 -0.00422572 -0.02554183
v -0.00697494 -0.00460856 -0.02554183
v -0.00622775 -0.00412473 -0.02618039
v -0.00603712 -0.00445744 -0.02618039
v -0.00676143 -0.00498030 -0.02554183
v -0.00771055 -0.00508140 -0.02483776
v -0.00747452 -0.00549129 -0.02483776
v -0.00843304 -0.00554217 -0.02407123
v -0.00817489 -0.00598922 -0.02407123
v -0.00789700 -0.00642180 -0.02407123
v -0.00722044 -0.00588790 -0.02483776
v -0.00694896 -0.00627034 -0.02483775
v -0.00760009 -0.00683891 -0.02407123
v -0.00653158 -0.00534001 -0.02554183
v -0.00583189 -0.00477939 -0.02618039
v -0.00561262 -0.00508982 -0.02618039
v -0.00628601 -0.00568686 -0.02554183
v -0.00602532 -0.00602004 -0.02554183
v -0.00537986 -0.00538802 -0.02618039
v -0.00513414 -0.00567325 -0.02618039
v -0.00575012 -0.00633872 -0.02554183
v -0.00666078 -0.00663771 -0.02483776
v -0.00635656 -0.00698908 -0.02483776
v -0.00728490 -0.00723959 -0.02407123
v -0.00695217 -0.00762283 -0.02407123
v -0.00660265 -0.00798765 -0.02407123
v -0.00603698 -0.00732358 -0.02483776
v -0.00570287 -0.00764044 -0.02483775
v -0.00623723 -0.00833324 -0.02407123
v -0.00546103 -0.00664209 -0.02554183
v -0.00487602 -0.00594476 -0.02618039
v -0.00460616 -0.00620197 -0.02618039
v -0.00515879 -0.00692946 -0.02554183
v -0.00484415 -0.00720017 -0.02554183
v -0.00432522 -0.00644426 -0.02618039
v -0.00403387 -0.00667104 -0.02618039
v -0.00451784 -0.00745355 -0.02554183
v -0.00535504 -0.00793891 -0.02483776
v -0.00499432 -0.00821829 -0.02483776
v -0.00585681 -0.00865879 -0.02407123
v -0.00546229 -0.00896350 -0.02407123
v -0.00505457 -0.00924654 -0.02407123
v -0.00462153 -0.00847781 -0.02483776
v -0.00423761 -0.00871691 -0.02483775
v -0.00463467 -0.00950733 -0.02407123
v -0.00418062 -0.00768891 -0.02554183
v -0.00373277 -0.00688169 -0.02618039
v -0.00342268 -0.00707578 -0.02618039
v -0.00383332 -0.00790577 -0.02554183
v -0.00347681 -0.00810361 -0.02554183
v -0.00310436 -0.00725285 -0.02618039
v -0.00277857 -0.00741246 -0.02618039
v -0.00311194 -0.00828194 -0.02554183
v -0.00384350 -0.00893505 -0.02483776
v -0.00344014 -0.00913168 -0.02483776
v -0.00420364 -0.00974525 -0.02407123
v -0.00376248 -0.00995971 -0.02407123
v -0.00331223 -0.01015010 -0.02407123
v -0.00302846 -0.00930624 -0.02483776
v -0.00260950 -0.00945840 -0.02483775
v -0.00285401 -0.01031605 -0.02407123
v -0.00273954 -0.00844026 -0.02554183
v -0.00244607 -0.00755415 -0.02618039
v -0.00210767 -0.00767766 -0.02618039
v -0.00236054 -0.00857826 -0.02554183
v -0.00197587 -0.00869562 -0.02554183
v -0.00176421 -0.00778271 -0.02618039
v -0.00141650 -0.00786902 -0.02618039
v -0.00158645 -0.00879206 -0.02554183
v -0.00218426 -0.00958781 -0.02483776
v -0.00175376 -0.00969414 -0.02483776
v -0.00238892 -0.01045720 -0.02407123
v -0.00191809 -0.01057317 -0.02407123
v -0.00144262 -0.01066359 -0.02407123
v -0.00131903 -0.00977704 -0.02483776
v -0.00088111 -0.00983640 -0.02483775
v -0.00096368 -0.01072833 -0.02407123
v -0.00119319 -0.00886725 -0.02554183
v -0.00106537 -0.00793631 -0.02618039
v -0.00071167 -0.00798450 -0.02618039
v -0.00079705 -0.00892108 -0.02554183
v -0.00039900 -0.00895347 -0.02554183
v -0.00035626 -0.00801348 -0.02618039
v 0.00000001 -0.00802318 -0.02618039
v 0.00000001 -0.00896430 -0.02554183
v -0.00044108 -0.00987210 -0.02483776
v 0.00000001 -0.00988406 -0.02483776
v -0.00048241 -0.01076728 -0.02407123
v 0.00000001 -0.01078031 -0.02407123
v 0.00048243 -0.01076728 -0.02407123
v 0.00044110 -0.00987210 -0.02483776
v 0.00088113 -0.00983640 -0.02483775
v 0.00096369 -0.01072833 -0.02407123
v 0.00039902 -0.00895347 -0.02554183
v 0.00035627 -0.00801348 -0.02618039
v 0.00071168 -0.00798450 -0.02618039
v 0.00079707 -0.00892108 -0.02554183
v 0.00119320 -0.00886723 -0.02554183
v 0.00106538 -0.00793631 -0.02618039
v 0.00141651 -0.00786902 -0.02618039
v 0.00158646 -0.00879205 -0.02554183
v 0.00131904 -0.00977704 -0.02483776
v 0.00175378 -0.00969413 -0.02483776
v 0.00144264 -0.01066358 -0.02407123
v 0.00191811 -0.01057316 -0.02407123
v 0.00238895 -0.01045719 -0.02407123
v 0.00218428 -0.00958780 -0.02483776
v 0.00260952 -0.00945839 -0.02483775
v 0.00285403 -0.01031604 -0.02407123
v 0.00197589 -0.00869562 -0.02554183
v 0.00176422 -0.00778271 -0.02618039
v 0.00210769 -0.00767766 -0.02618039
v 0.00236056 -0.00857825 -0.02554183
v 0.00273956 -0.00844024 -0.02554183
v 0.00244608 -0.00755415 -0.02618039
v 0.00277859 -0.00741245 -0.02618039
v 0.00311195 -0.00828193 -0.02554183
v 0.00302849 -0.00930622 -0.02483776
v 0.00344016 -0.00913167 -0.02483776
v 0.00331226 -0.01015009 -0.02407123
v 0.00376251 -0.00995969 -0.02407123
v 0.00420366 -0.00974524 -0.02407123
v 0.00384352 -0.00893504 -0.02483776
v 0.00423763 -0.00871690 -0.02483775
v 0.00463470 -0.00950732 -0.02407123
v 0.00347683 -0.00810360 -0.02554183
v 0.00310438 -0.00725284 -0.02618039
v 0.00342270 -0.00707577 -0.02618039
v 0.00383334 -0.00790576 -0.02554183
v 0.00418063 -0.00768890 -0.02554183
v 0.00373279 -0.00688168 -0.02618039
v 0.00403389 -0.00667103 -0.02618039
v 0.00451786 -0.00745354 -0.02554183
v 0.00462155 -0.00847779 -0.02483776
v 0.00499434 -0.00821828 -0.02483776
v 0.00505459 -0.00924653 -0.02407123
v 0.00546231 -0.00896349 -0.02407123
v 0.00585683 -0.00865878 -0.02407123
v 0.00535506 -0.00793891 -0.02483776
v 0.00570289 -0.00764043 -0.02483775
v 0.00623725 -0.00833323 -0.02407123
v 0.00484416 -0.00720016 -0.02554183
v 0.00432524 -0.00644425 -0.02618039
v 0.00460618 -0.00620196 -0.02618039
v 0.00515881 -0.00692945 -0.02554183
v 0.00546105 -0.00664208 -0.02554183
v 0.00487604 -0.00594476 -0.02618039
v 0.00513416 -0.00567324 -0.02618039
v 0.00575014 -0.00633871 -0.02554183
v 0.00603700 -0.00732356 -0.02483776
v 0.00635658 -0.00698907 -0.02483776
v 0.00660267 -0.00798764 -0.02407123
v 0.00695220 -0.00762282 -0.02407123
v 0.00728492 -0.00723958 -0.02407123
v 0.00666080 -0.00663769 -0.02483776
v 0.00694898 -0.00627033 -0.02483775
v 0.00760011 -0.00683890 -0.02407123
v 0.00602533 -0.00602003 -0.02554183
v 0.00537988 -0.00538801 -0.02618039
v 0.00561264 -0.00508982 -0.02618039
v 0.00628602 -0.00568685 -0.02554183
v 0.00653160 -0.00534000 -0.02554183
v 0.00583191 -0.00477938 -0.02618039
v 0.00603713 -0.00445743 -0.02618039
v 0.00676144 -0.00498029 -0.02554183
v 0.00722045 -0.00588789 -0.02483776
v 0.00747454 -0.00549128 -0.02483776
v 0.00789702 -0.00642178 -0.02407123
v 0.00817491 -0.00598921 -0.02407123
v 0.00843304 -0.00554215 -0.02407123
v 0.00771057 -0.00508139 -0.02483776
v 0.00792802 -0.00465927 -0.02483775
v 0.00867089 -0.00508176 -0.02407123
v 0.00697495 -0.00460855 -0.02554183
v 0.00622776 -0.00412472 -0.02618039
v 0.00640341 -0.00378207 -0.02618039
v 0.00717167 -0.00422571 -0.02554183
v 0.00735113 -0.00383271 -0.02554183
v 0.00656365 -0.00343033 -0.02618039
v 0.00670809 -0.00307033 -0.02618039
v 0.00751290 -0.00343048 -0.02554183
v 0.00812642 -0.00422595 -0.02483776
v 0.00830525 -0.00378245 -0.02483776
v 0.00888787 -0.00460914 -0.02407123
v 0.00908346 -0.00412543 -0.02407123
v 0.00925709 -0.00363175 -0.02407123
v 0.00846402 -0.00332982 -0.02483776
v 0.00860240 -0.00286916 -0.02483776
v 0.00940846 -0.00312933 -0.02407123
v 0.00765652 -0.00301996 -0.02554183
v 0.00683632 -0.00270291 -0.02618039
v 0.00694810 -0.00232898 -0.02618039
v 0.00778170 -0.00260217 -0.02554183
v 0.00788818 -0.00217813 -0.02554183
v 0.00704316 -0.00194945 -0.02618039
v 0.00712127 -0.00156523 -0.02618039
v 0.00797566 -0.00174884 -0.02554183
v 0.00872011 -0.00240161 -0.02483776
v 0.00881681 -0.00192827 -0.02483776
v 0.00953719 -0.00261937 -0.02407123
v 0.00964295 -0.00210312 -0.02407123
v 0.00972542 -0.00158178 -0.02407123
v 0.00889221 -0.00145028 -0.02483776
v 0.00894620 -0.00096879 -0.02483776
v 0.00978447 -0.00105663 -0.02407123
v 0.00804386 -0.00131532 -0.02554183
v 0.00718217 -0.00117723 -0.02618039
v 0.00722578 -0.00078639 -0.02618039
v 0.00809271 -0.00087864 -0.02554183
v 0.00812209 -0.00043984 -0.02554183
v 0.00725201 -0.00039366 -0.02618039
v 0.00726079 0.00000001 -0.02618039
v 0.00813191 0.00000001 -0.02554183
v 0.00897868 -0.00048497 -0.02483776
v 0.00898955 0.00000001 -0.02483776
v 0.00981999 -0.00052894 -0.02407123
v 0.00983187 0.00000002 -0.02407123
v 0.00981999 0.00052898 -0.02407123
v 0.00897868 0.00048500 -0.02483776
v 0.00894621 0.00096882 -0.02483775
v 0.00978447 0.00105667 -0.02407123
v 0.00812208 0.00043987 -0.02554183
v 0.00725201 0.00039369 -0.02618039
v 0.00722578 0.00078642 -0.02618039
v 0.00809271 0.00087866 -0.02554183
v 0.00804386 0.00131535 -0.02554183
v 0.00718217 0.00117725 -0.02618039
v 0.00712127 0.00156526 -0.02618039
v 0.00797566 0.00174886 -0.02554183
v 0.00889221 0.00145030 -0.02483776
v 0.00881681 0.00192830 -0.02483776
v 0.00972542 0.00158181 -0.02407123
v 0.00964295 0.00210315 -0.02407123
v 0.00953719 0.00261941 -0.02407123
v 0.00872011 0.00240163 -0.02483776
v 0.00860240 0.00286919 -0.02483776
v 0.00940846 0.00312936 -0.02407123
v 0.00788818 0.00217815 -0.02554183
v 0.00704316 0.00194948 -0.02618039
v 0.00694810 0.00232901 -0.02618039
v 0.00778170 0.00260220 -0.02554183
v 0.00765652 0.00301999 -0.02554183
v 0.00683632 0.00270293 -0.02618039
v 0.00670809 0.00307035 -0.02618039
v 0.00751290 0.00343051 -0.02554183
v 0.00846402 0.00332985 -0.02483776
v 0.00830525 0.00378248 -0.02483776
v 0.00925709 0.00363178 -0.02407123
v 0.00908346 0.00412546 -0.02407123
v 0.00888787 0.00460917 -0.02407123
v 0.00812642 0.00422598 -0.02483776
v 0.00792802 0.00465930 -0.02483775
v 0.00867088 0.00508179 -0.02407123
v 0.00735113 0.00383273 -0.02554183
v 0.00656364 0.00343035 -0.02618039
v 0.00640340 0.00378209 -0.02618039
v 0.00717166 0.00422573 -0.02554183
v 0.00697494 0.00460857 -0.02554183
v 0.00622775 0.00412474 -0.02618039
v 0.00603712 0.00445745 -0.02618039
v 0.00676143 0.00498031 -0.02554183
v 0.00771055 0.00508142 -0.02483776
v 0.00747453 0.00549130 -0.02483776
v 0.00843304 0.00554218 -0.02407123
v 0.00817490 0.00598923 -0.02407123
v 0.00789700 0.00642181 -0.02407123
v 0.00722044 0.00588791 -0.02483776
v 0.00694896 0.00627036 -0.02483775
v 0.00760009 0.00683893 -0.02407123
v 0.00653158 0.00534002 -0.02554183
v 0.00583189 0.00477939 -0.02618039
v 0.00561262 0.00508983 -0.02618039
v 0.00628601 0.00568687 -0.02554183
v 0.00602531 0.00602005 -0.02554183
v 0.00537986 0.00538803 -0.02618039
v 0.00513414 0.00567325 -0.02618039
v 0.00575012 0.00633873 -0.02554183
v 0.00666078 0.00663772 -0.02483776
v 0.00635656 0.00698909 -0.02483776
v 0.00728490 0.00723960 -0.02407123
v 0.00695217 0.00762284 -0.02407123
v 0.00660265 0.00798767 -0.02407123
v 0.00603698 0.00732358 -0.02483776
v 0.00570286 0.00764044 -0.02483775
v 0.00623723 0.00833325 -0.02407123
v 0.00546103 0.00664209 -0.02554183
v 0.00487602 0.00594477 -0.02618039
v 0.00460616 0.00620197 -0.02618039
v 0.00515879 0.00692947 -0.02554183
v 0.00484414 0.00720018 -0.02554183
v 0.00432522 0.00644426 -0.02618039
v 0.00403387 0.00667104 -0.02618039
v 0.00451784 0.00745355 -0.02554183
v 0.00535503 0.00793893 -0.02483776
v 0.00499431 0.00821830 -0.02483776
v 0.00585681 0.00865880 -0.02407123
v 0.00546228 0.00896350 -0.02407123
v 0.00505456 0.00924655 -0.02407123
v 0.00462152 0.00847781 -0.02483776
v 0.00423760 0.00871691 -0.02483775
v 0.00463467 0.00950733 -0.02407123
v 0.00418061 0.00768891 -0.02554183
v 0.00373277 0.00688169 -0.02618039
v 0.00342268 0.00707577 -0.02618039
v 0.00383332 0.00790577 -0.02554183
v 0.00347681 0.00810361 -0.02554183
v 0.00310436 0.00725285 -0.02618039
v 0.00277857 0.00741245 -0.02618039
v 0.00311193 0.00828194 -0.02554183
v 0.00384349 0.00893505 -0.02483776
v 0.00344013 0.00913168 -0.02483776
v 0.00420364 0.00974526 -0.02407123
v 0.00376248 0.00995971 -0.02407123
v 0.00331223 0.01015010 -0.02407123
v 0.00302846 0.00930624 -0.02483776
v 0.00260950 0.00945840 -0.02483775
v 0.00285401 0.01031605 -0.02407123
v 0.00273954 0.00844026 -0.02554183
v 0.00244606 0.00755415 -0.02618039
v 0.00210767 0.00767766 -0.02618039
v 0.00236054 0.00857825 -0.02554183
v 0.00197587 0.00869562 -0.02554183
v 0.00176421 0.00778271 -0.02618039
v 0.00141650 0.00786902 -0.02618039
v 0.00158645 0.00879205 -0.02554183
v 0.00218426 0.00958782 -0.02483776
v 0.00175376 0.00969415 -0.02483776
v 0.00238892 0.01045720 -0.02407123
v 0.00191809 0.01057317 -0.02407123
v 0.00144262 0.01066358 -0.02407123
v 0.00131903 0.00977704 -0.02483776
v 0.00088112 0.00983640 -0.02483776
v 0.00096368 0.01072834 -0.02407123
v 0.00119319 0.00886724 -0.02554183
v 0.00106537 0.00793631 -0.02618039
v 0.00071167 0.00798451 -0.02618039
v 0.00079706 0.00892108 -0.02554183
v 0.00039901 0.00895347 -0.02554183
v 0.00035627 0.00801348 -0.02618039
v 0.00044109 0.00987211 -0.02483776
v 0.00048242 0.01076728 -0.02407123
v -0.00031295 0.00705429 -0.02675041
v -0.00000000 0.00706282 -0.02675041
v -0.00027008 0.00609424 -0.02724730
v -0.00000000 0.00609893 -0.02724772
v -0.00053927 0.00607490 -0.02724689
v -0.00062514 0.00702877 -0.02675041
v -0.00022867 0.00515170 -0.02766649
v -0.00000000 0.00514718 -0.02766815
v -0.00018975 0.00424501 -0.02800340
v -0.00000000 0.00422326 -0.02800755
v -0.00037669 0.00425667 -0.02799924
v -0.00045585 0.00514387 -0.02766483
v -0.00068005 0.00510229 -0.02766649
v -0.00055800 0.00420465 -0.02800340
v -0.00074031 0.00414212 -0.02800755
v -0.00090355 0.00504828 -0.02766815
v -0.00080670 0.00603560 -0.02724730
v -0.00107241 0.00598174 -0.02724772
v -0.00093584 0.00698635 -0.02675041
v -0.00124428 0.00692711 -0.02675041
v -0.00154971 0.00685113 -0.02675041
v -0.00133648 0.00591868 -0.02724730
v -0.00159710 0.00584144 -0.02724689
v -0.00185142 0.00675866 -0.02675041
v -0.00112861 0.00500313 -0.02766649
v -0.00093022 0.00412224 -0.02800340
v -0.00111560 0.00409309 -0.02799924
v -0.00135005 0.00494619 -0.02766483
v -0.00156265 0.00485680 -0.02766649
v -0.00128432 0.00400270 -0.02800340
v -0.00145217 0.00390178 -0.02800755
v -0.00177237 0.00475537 -0.02766815
v -0.00185248 0.00574502 -0.02724730
v -0.00210362 0.00563467 -0.02724772
v -0.00214867 0.00664993 -0.02675041
v -0.00244075 0.00652520 -0.02675041
v -0.00272693 0.00638469 -0.02675041
v -0.00235152 0.00551567 -0.02724730
v -0.00259355 0.00538351 -0.02724688
v -0.00300654 0.00622882 -0.02675040
v -0.00198518 0.00466229 -0.02766649
v -0.00163494 0.00384106 -0.02800340
v -0.00181164 0.00377221 -0.02799924
v -0.00219236 0.00455844 -0.02766482
v -0.00238519 0.00442468 -0.02766649
v -0.00196128 0.00364693 -0.02800339
v -0.00210823 0.00351152 -0.02800755
v -0.00257309 0.00427972 -0.02766815
v -0.00282707 0.00523366 -0.02724730
v -0.00305399 0.00507107 -0.02724772
v -0.00327893 0.00605796 -0.02675040
v -0.00354342 0.00587252 -0.02675040
v -0.00379935 0.00567289 -0.02675041
v -0.00327620 0.00490070 -0.02724730
v -0.00349033 0.00471868 -0.02724689
v -0.00404613 0.00545961 -0.02675041
v -0.00276546 0.00414229 -0.02766649
v -0.00227683 0.00341227 -0.02800339
v -0.00243805 0.00330637 -0.02799924
v -0.00295043 0.00399551 -0.02766482
v -0.00311608 0.00382251 -0.02766649
v -0.00256287 0.00315101 -0.02800340
v -0.00268327 0.00298630 -0.02800755
v -0.00327492 0.00363961 -0.02766815
v -0.00369302 0.00452117 -0.02724730
v -0.00388699 0.00431259 -0.02724772
v -0.00428318 0.00523319 -0.02675041
v -0.00450992 0.00499417 -0.02675040
v -0.00472576 0.00474309 -0.02675040
v -0.00407497 0.00409739 -0.02724730
v -0.00425298 0.00387252 -0.02724688
v -0.00493022 0.00448058 -0.02675040
v -0.00343947 0.00346310 -0.02766649
v -0.00283122 0.00285234 -0.02800340
v -0.00297078 0.00271347 -0.02799924
v -0.00359510 0.00327903 -0.02766482
v -0.00372721 0.00307344 -0.02766649
v -0.00306597 0.00253400 -0.02800339
v -0.00315519 0.00234632 -0.02800755
v -0.00385090 0.00285962 -0.02766815
v -0.00441705 0.00363493 -0.02724730
v -0.00457062 0.00338838 -0.02724772
v -0.00512283 0.00420730 -0.02675040
v -0.00530310 0.00392389 -0.02675040
v -0.00547056 0.00363100 -0.02675041
v -0.00471714 0.00313663 -0.02724730
v -0.00485220 0.00287754 -0.02724689
v -0.00562485 0.00332937 -0.02675041
v -0.00398130 0.00265082 -0.02766649
v -0.00327681 0.00218280 -0.02800339
v -0.00338934 0.00201629 -0.02799924
v -0.00410163 0.00243654 -0.02766482
v -0.00419511 0.00220627 -0.02766649
v -0.00345125 0.00181961 -0.02800340
v -0.00350586 0.00161617 -0.02800755
v -0.00427889 0.00196974 -0.02766815
v -0.00497133 0.00260901 -0.02724730
v -0.00507860 0.00233396 -0.02724772
v -0.00576561 0.00301973 -0.02675041
v -0.00589249 0.00270283 -0.02675040
v -0.00600513 0.00237939 -0.02675040
v -0.00517804 0.00205532 -0.02724730
v -0.00526494 0.00177198 -0.02724688
v -0.00610332 0.00205022 -0.02675040
v -0.00437013 0.00173667 -0.02766649
v -0.00359648 0.00142938 -0.02800340
v -0.00367765 0.00124163 -0.02799924
v -0.00445053 0.00150041 -0.02766482
v -0.00450179 0.00125431 -0.02766649
v -0.00370389 0.00103529 -0.02800339
v -0.00372180 0.00082392 -0.02800755
v -0.00454245 0.00100416 -0.02766815
v -0.00533457 0.00148282 -0.02724730
v -0.00539141 0.00118984 -0.02724771
v -0.00618682 0.00171612 -0.02675040
v -0.00625544 0.00137789 -0.02675040
v -0.00630893 0.00103633 -0.02675040
v -0.00543995 0.00089503 -0.02724730
v -0.00547535 0.00059832 -0.02724688
v -0.00634724 0.00069227 -0.02675040
v -0.00459101 0.00075578 -0.02766649
v -0.00377793 0.00062103 -0.02800339
v -0.00382462 0.00041924 -0.02799924
v -0.00462839 0.00050662 -0.02766482
v -0.00463547 0.00025414 -0.02766649
v -0.00381420 0.00021119 -0.02800340
v -0.00379471 -0.00000001 -0.02800755
v -0.00463144 -0.00000001 -0.02766815
v -0.00549280 0.00029965 -0.02724730
v -0.00549703 0.00000000 -0.02724772
v -0.00637028 0.00034655 -0.02675040
v -0.00637799 0.00000000 -0.02675040
v -0.00637028 -0.00034656 -0.02675040
v -0.00549280 -0.00029966 -0.02724730
v -0.00547535 -0.00059833 -0.02724688
v -0.00634724 -0.00069228 -0.02675040
v -0.00463547 -0.00025415 -0.02766649
v -0.00381420 -0.00021120 -0.02800340
v -0.00382462 -0.00041925 -0.02799924
v -0.00462839 -0.00050663 -0.02766482
v -0.00459101 -0.00075579 -0.02766649
v -0.00377793 -0.00062103 -0.02800339
v -0.00372179 -0.00082392 -0.02800755
v -0.00454244 -0.00100417 -0.02766815
v -0.00543994 -0.00089504 -0.02724730
v -0.00539141 -0.00118985 -0.02724772
v -0.00630893 -0.00103633 -0.02675040
v -0.00625543 -0.00137789 -0.02675040
v -0.00618682 -0.00171612 -0.02675041
v -0.00533456 -0.00148283 -0.02724730
v -0.00526493 -0.00177199 -0.02724689
v -0.00610331 -0.00205022 -0.02675041
v -0.00450179 -0.00125431 -0.02766649
v -0.00370389 -0.00103530 -0.02800339
v -0.00367764 -0.00124163 -0.02799924
v -0.00445052 -0.00150042 -0.02766482
v -0.00437012 -0.00173668 -0.02766649
v -0.00359647 -0.00142939 -0.02800340
v -0.00350585 -0.00161618 -0.02800755
v -0.00427889 -0.00196975 -0.02766815
v -0.00517804 -0.00205533 -0.02724730
v -0.00507859 -0.00233396 -0.02724772
v -0.00600513 -0.00237939 -0.02675041
v -0.00589249 -0.00270283 -0.02675040
v -0.00576561 -0.00301974 -0.02675040
v -0.00497133 -0.00260902 -0.02724730
v -0.00485219 -0.00287755 -0.02724688
v -0.00562485 -0.00332938 -0.02675040
v -0.00419510 -0.00220627 -0.02766649
v -0.00345124 -0.00181962 -0.02800340
v -0.00338933 -0.00201629 -0.02799924
v -0.00410162 -0.00243654 -0.02766482
v -0.00398130 -0.00265082 -0.02766649
v -0.00327681 -0.00218281 -0.02800339
v -0.00315519 -0.00234632 -0.02800755
v -0.00385090 -0.00285962 -0.02766815
v -0.00471714 -0.00313663 -0.02724730
v -0.00457061 -0.00338839 -0.02724771
v -0.00547056 -0.00363101 -0.02675040
v -0.00530310 -0.00392390 -0.02675040
v -0.00512283 -0.00420731 -0.02675040
v -0.00441705 -0.00363494 -0.02724730
v -0.00425298 -0.00387253 -0.02724688
v -0.00493022 -0.00448059 -0.02675040
v -0.00372721 -0.00307345 -0.02766649
v -0.00306597 -0.00253401 -0.02800339
v -0.00297078 -0.00271347 -0.02799923
v -0.00359510 -0.00327903 -0.02766482
v -0.00343947 -0.00346310 -0.02766649
v -0.00283122 -0.00285235 -0.02800339
v -0.00268326 -0.00298631 -0.02800755
v -0.00327492 -0.00363961 -0.02766815
v -0.00407497 -0.00409740 -0.02724730
v -0.00388699 -0.00431260 -0.02724771
v -0.00472575 -0.00474309 -0.02675040
v -0.00450991 -0.00499418 -0.02675040
v -0.00428318 -0.00523319 -0.02675040
v -0.00369302 -0.00452117 -0.02724730
v -0.00349033 -0.00471869 -0.02724688
v -0.00404612 -0.00545961 -0.02675040
v -0.00311607 -0.00382251 -0.02766649
v -0.00256287 -0.00315102 -0.02800339
v -0.00243805 -0.00330638 -0.02799923
v -0.00295042 -0.00399551 -0.02766482
v -0.00276546 -0.00414229 -0.02766649
v -0.00227683 -0.00341228 -0.02800339
v -0.00210823 -0.00351152 -0.02800755
v -0.00257308 -0.00427973 -0.02766815
v -0.00327620 -0.00490071 -0.02724730
v -0.00305398 -0.00507108 -0.02724771
v -0.00379934 -0.00567290 -0.02675040
v -0.00354342 -0.00587253 -0.02675040
v -0.00327892 -0.00605797 -0.02675041
v -0.00282707 -0.00523366 -0.02724730
v -0.00259355 -0.00538351 -0.02724689
v -0.00300654 -0.00622883 -0.02675041
v -0.00238519 -0.00442468 -0.02766649
v -0.00196128 -0.00364694 -0.02800339
v -0.00181163 -0.00377222 -0.02799924
v -0.00219236 -0.00455844 -0.02766482
v -0.00198518 -0.00466230 -0.02766649
v -0.00163493 -0.00384107 -0.02800340
v -0.00145217 -0.00390179 -0.02800755
v -0.00177237 -0.00475538 -0.02766815
v -0.00235152 -0.00551568 -0.02724730
v -0.00210362 -0.00563468 -0.02724772
v -0.00272692 -0.00638470 -0.02675041
v -0.00244074 -0.00652521 -0.02675040
v -0.00214866 -0.00664994 -0.02675040
v -0.00185247 -0.00574503 -0.02724730
v -0.00159709 -0.00584145 -0.02724688
v -0.00185141 -0.00675867 -0.02675040
v -0.00156264 -0.00485681 -0.02766649
v -0.00128432 -0.00400271 -0.02800340
v -0.00111560 -0.00409310 -0.02799924
v -0.00135005 -0.00494620 -0.02766482
v -0.00112861 -0.00500313 -0.02766649
v -0.00093022 -0.00412225 -0.02800339
v -0.00074031 -0.00414212 -0.02800755
v -0.00090354 -0.00504828 -0.02766815
v -0.00133648 -0.00591869 -0.02724730
v -0.00107241 -0.00598174 -0.02724771
v -0.00154971 -0.00685114 -0.02675040
v -0.00124428 -0.00692712 -0.02675040
v -0.00093584 -0.00698636 -0.02675041
v -0.00080670 -0.00603561 -0.02724730
v -0.00053927 -0.00607490 -0.02724689
v -0.00062514 -0.00702878 -0.02675041
v -0.00068005 -0.00510230 -0.02766649
v -0.00055800 -0.00420465 -0.02800339
v -0.00037669 -0.00425668 -0.02799924
v -0.00045585 -0.00514387 -0.02766482
v -0.00022867 -0.00515170 -0.02766649
v -0.00018975 -0.00424502 -0.02800340
v -0.00000000 -0.00422327 -0.02800755
v 0.00000001 -0.00514718 -0.02766815
v -0.00027007 -0.00609425 -0.02724730
v 0.00000001 -0.00609893 -0.02724772
v -0.00031294 -0.00705429 -0.02675041
v 0.00000001 -0.00706283 -0.02675041
v 0.00031296 -0.00705429 -0.02675041
v 0.00027009 -0.00609425 -0.02724730
v 0.00053928 -0.00607490 -0.02724689
v 0.00062515 -0.00702878 -0.02675041
v 0.00022868 -0.00515170 -0.02766649
v 0.00018976 -0.00424502 -0.02800340
v 0.00037670 -0.00425667 -0.02799924
v 0.00045586 -0.00514387 -0.02766482
v 0.00068006 -0.00510230 -0.02766649
v 0.00055801 -0.00420465 -0.02800340
v 0.00074032 -0.00414212 -0.02800755
v 0.00090356 -0.00504828 -0.02766815
v 0.00080671 -0.00603561 -0.02724730
v 0.00107242 -0.00598174 -0.02724772
v 0.00093585 -0.00698636 -0.02675041
v 0.00124429 -0.00692712 -0.02675040
v 0.00154972 -0.00685114 -0.02675041
v 0.00133649 -0.00591869 -0.02724730
v 0.00159711 -0.00584145 -0.02724689
v 0.00185143 -0.00675866 -0.02675041
v 0.00112862 -0.00500313 -0.02766649
v 0.00093023 -0.00412225 -0.02800340
v 0.00111561 -0.00409309 -0.02799924
v 0.00135006 -0.00494620 -0.02766482
v 0.00156266 -0.00485681 -0.02766649
v 0.00128433 -0.00400270 -0.02800340
v 0.00145218 -0.00390179 -0.02800755
v 0.00177238 -0.00475537 -0.02766815
v 0.00185249 -0.00574502 -0.02724730
v 0.00210363 -0.00563467 -0.02724772
v 0.00214868 -0.00664994 -0.02675041
v 0.00244076 -0.00652520 -0.02675040
v 0.00272694 -0.00638469 -0.02675041
v 0.00235153 -0.00551568 -0.02724730
v 0.00259356 -0.00538351 -0.02724689
v 0.00300655 -0.00622882 -0.02675041
v 0.00198519 -0.00466229 -0.02766649
v 0.00163494 -0.00384106 -0.02800340
v 0.00181164 -0.00377221 -0.02799924
v 0.00219237 -0.00455844 -0.02766482
v 0.00238520 -0.00442468 -0.02766649
v 0.00196129 -0.00364693 -0.02800340
v 0.00210824 -0.00351152 -0.02800755
v 0.00257310 -0.00427972 -0.02766815
v 0.00282708 -0.00523366 -0.02724730
v 0.00305400 -0.00507107 -0.02724772
v 0.00327894 -0.00605796 -0.02675041
v 0.00354343 -0.00587252 -0.02675040
v 0.00379936 -0.00567289 -0.02675041
v 0.00327621 -0.00490070 -0.02724730
v 0.00349034 -0.00471868 -0.02724689
v 0.00404614 -0.00545960 -0.02675041
v 0.00276547 -0.00414228 -0.02766649
v 0.00227684 -0.00341227 -0.02800340
v 0.00243806 -0.00330637 -0.02799924
v 0.00295044 -0.00399550 -0.02766482
v 0.00311608 -0.00382251 -0.02766649
v 0.00256288 -0.00315101 -0.02800340
v 0.00268328 -0.00298630 -0.02800755
v 0.00327493 -0.00363960 -0.02766815
v 0.00369303 -0.00452117 -0.02724730
v 0.00388700 -0.00431259 -0.02724772
v 0.00428319 -0.00523318 -0.02675041
v 0.00450993 -0.00499417 -0.02675040
v 0.00472577 -0.00474308 -0.02675041
v 0.00407498 -0.00409739 -0.02724730
v 0.00425299 -0.00387252 -0.02724689
v 0.00493023 -0.00448058 -0.02675041
v 0.00343948 -0.00346309 -0.02766649
v 0.00283123 -0.00285234 -0.02800340
v 0.00297079 -0.00271347 -0.02799924
v 0.00359512 -0.00327902 -0.02766482
v 0.00372722 -0.00307344 -0.02766649
v 0.00306598 -0.00253400 -0.02800340
v 0.00315520 -0.00234632 -0.02800755
v 0.00385091 -0.00285962 -0.02766815
v 0.00441706 -0.00363493 -0.02724730
v 0.00457063 -0.00338838 -0.02724772
v 0.00512284 -0.00420730 -0.02675041
v 0.00530311 -0.00392389 -0.02675040
v 0.00547057 -0.00363100 -0.02675040
v 0.00471715 -0.00313662 -0.02724730
v 0.00485220 -0.00287754 -0.02724688
v 0.00562486 -0.00332937 -0.02675040
v 0.00398131 -0.00265082 -0.02766649
v 0.00327682 -0.00218280 -0.02800340
v 0.00338934 -0.00201629 -0.02799924
v 0.00410163 -0.00243653 -0.02766482
v 0.00419511 -0.00220627 -0.02766649
v 0.00345125 -0.00181961 -0.02800339
v 0.00350586 -0.00161617 -0.02800755
v 0.00427889 -0.00196974 -0.02766815
v 0.00497133 -0.00260901 -0.02724730
v 0.00507860 -0.00233395 -0.02724771
v 0.00576562 -0.00301973 -0.02675040
v 0.00589249 -0.00270282 -0.02675040
v 0.00600513 -0.00237938 -0.02675041
v 0.00517804 -0.00205532 -0.02724730
v 0.00526494 -0.00177198 -0.02724689
v 0.00610332 -0.00205021 -0.02675041
v 0.00437013 -0.00173667 -0.02766649
v 0.00359648 -0.00142938 -0.02800339
v 0.00367765 -0.00124162 -0.02799924
v 0.00445053 -0.00150041 -0.02766483
v 0.00450179 -0.00125430 -0.02766649
v 0.00370389 -0.00103529 -0.02800340
v 0.00372180 -0.00082391 -0.02800755
v 0.00454245 -0.00100416 -0.02766815
v 0.00533457 -0.00148282 -0.02724730
v 0.00539141 -0.00118983 -0.02724772
v 0.00618683 -0.00171611 -0.02675041
v 0.00625544 -0.00137788 -0.02675041
v 0.00630893 -0.00103632 -0.02675041
v 0.00543995 -0.00089502 -0.02724730
v 0.00547536 -0.00059832 -0.02724689
v 0.00634724 -0.00069226 -0.02675041
v 0.00459102 -0.00075578 -0.02766649
v 0.00377793 -0.00062102 -0.02800340
v 0.00382462 -0.00041924 -0.02799924
v 0.00462839 -0.00050662 -0.02766483
v 0.00463547 -0.00025414 -0.02766649
v 0.00381420 -0.00021118 -0.02800340
v 0.00379471 0.00000001 -0.02800755
v 0.00463144 0.00000001 -0.02766815
v 0.00549280 -0.00029965 -0.02724730
v 0.00549704 0.00000001 -0.02724772
v 0.00637028 -0.00034654 -0.02675041
v 0.00637799 0.00000001 -0.02675041
v 0.00637028 0.00034656 -0.02675041
v 0.00549280 0.00029966 -0.02724730
v 0.00547535 0.00059833 -0.02724689
v 0.00634724 0.00069228 -0.02675041
v 0.00463547 0.00025415 -0.02766649
v 0.00381420 0.00021120 -0.02800340
v 0.00382462 0.00041925 -0.02799924
v 0.00462839 0.00050663 -0.02766483
v 0.00459102 0.00075579 -0.02766649
v 0.00377793 0.00062103 -0.02800340
v 0.00372180 0.00082392 -0.02800755
v 0.00454245 0.00100417 -0.02766815
v 0.00543995 0.00089504 -0.02724730
v 0.00539141 0.00118985 -0.02724772
v 0.00630893 0.00103634 -0.02675041
v 0.00625544 0.00137790 -0.02675041
v 0.00618683 0.00171613 -0.02675041
v 0.00533457 0.00148283 -0.02724730
v 0.00526494 0.00177199 -0.02724689
v 0.00610332 0.00205023 -0.02675041
v 0.00450179 0.00125431 -0.02766649
v 0.00370389 0.00103530 -0.02800340
v 0.00367764 0.00124163 -0.02799924
v 0.00445052 0.00150042 -0.02766483
v 0.00437013 0.00173668 -0.02766649
v 0.00359648 0.00142939 -0.02800340
v 0.00350586 0.00161618 -0.02800755
v 0.00427889 0.00196975 -0.02766815
v 0.00517804 0.00205533 -0.02724730
v 0.00507860 0.00233397 -0.02724772
v 0.00600513 0.00237940 -0.02675041
v 0.00589249 0.00270284 -0.02675041
v 0.00576561 0.00301975 -0.02675041
v 0.00497133 0.00260902 -0.02724730
v 0.00485219 0.00287756 -0.02724689
v 0.00562485 0.00332939 -0.02675041
v 0.00419511 0.00220628 -0.02766649
v 0.00345125 0.00181962 -0.02800340
v 0.00338934 0.00201630 -0.02799924
v 0.00410163 0.00243654 -0.02766483
v 0.00398130 0.00265083 -0.02766649
v 0.00327681 0.00218281 -0.02800340
v 0.00315519 0.00234633 -0.02800755
v 0.00385090 0.00285963 -0.02766815
v 0.00471714 0.00313664 -0.02724730
v 0.00457061 0.00338839 -0.02724772
v 0.00547056 0.00363102 -0.02675041
v 0.00530310 0.00392391 -0.02675040
v 0.00512282 0.00420731 -0.02675041
v 0.00441704 0.00363494 -0.02724730
v 0.00425298 0.00387253 -0.02724689
v 0.00493022 0.00448059 -0.02675041
v 0.00372721 0.00307345 -0.02766649
v 0.00306597 0.00253401 -0.02800340
v 0.00297078 0.00271347 -0.02799924
v 0.00359510 0.00327903 -0.02766483
v 0.00343946 0.00346310 -0.02766649
v 0.00283122 0.00285235 -0.02800340
v 0.00268326 0.00298630 -0.02800755
v 0.00327491 0.00363961 -0.02766815
v 0.00407496 0.00409740 -0.02724730
v 0.00388698 0.00431260 -0.02724772
v 0.00472575 0.00474310 -0.02675041
v 0.00450991 0.00499418 -0.02675041
v 0.00428317 0.00523320 -0.02675041
v 0.00369301 0.00452118 -0.02724730
v 0.00349033 0.00471869 -0.02724689
v 0.00404612 0.00545961 -0.02675041
v 0.00311607 0.00382251 -0.02766649
v 0.00256287 0.00315102 -0.02800340
v 0.00243805 0.00330638 -0.02799924
v 0.00295042 0.00399551 -0.02766483
v 0.00276546 0.00414229 -0.02766649
v 0.00227683 0.00341227 -0.02800340
v 0.00210823 0.00351152 -0.02800755
v 0.00257308 0.00427973 -0.02766815
v 0.00327619 0.00490071 -0.02724730
v 0.00305398 0.00507108 -0.02724772
v 0.00379934 0.00567290 -0.02675041
v 0.00354341 0.00587253 -0.02675040
v 0.00327892 0.00605797 -0.02675041
v 0.00282707 0.00523366 -0.02724730
v 0.00259354 0.00538351 -0.02724689
v 0.00300654 0.00622882 -0.02675041
v 0.00238519 0.00442468 -0.02766649
v 0.00196128 0.00364694 -0.02800340
v 0.00181163 0.00377222 -0.02799924
v 0.00219236 0.00455844 -0.02766482
v 0.00198518 0.00466230 -0.02766649
v 0.00163494 0.00384107 -0.02800340
v 0.00145217 0.00390179 -0.02800755
v 0.00177237 0.00475538 -0.02766815
v 0.00235152 0.00551568 -0.02724730
v 0.00210361 0.00563468 -0.02724772
v 0.00272692 0.00638470 -0.02675041
v 0.00244074 0.00652520 -0.02675040
v 0.00214866 0.00664994 -0.02675041
v 0.00185247 0.00574502 -0.02724730
v 0.00159709 0.00584145 -0.02724689
v 0.00185141 0.00675866 -0.02675041
v 0.00156264 0.00485681 -0.02766649
v 0.00128432 0.00400270 -0.02800340
v 0.00111560 0.00409309 -0.02799924
v 0.00135004 0.00494620 -0.02766482
v 0.00112861 0.00500313 -0.02766649
v 0.00093021 0.00412225 -0.02800340
v 0.00074031 0.00414212 -0.02800755
v 0.00090354 0.00504828 -0.02766815
v 0.00133647 0.00591869 -0.02724730
v 0.00107241 0.00598174 -0.02724772
v 0.00154971 0.00685114 -0.02675041
v 0.00124428 0.00692711 -0.02675040
v 0.00093584 0.00698635 -0.02675041
v 0.00080670 0.00603560 -0.02724730
v 0.00053927 0.00607490 -0.02724689
v 0.00062515 0.00702877 -0.02675041
v 0.00068005 0.00510229 -0.02766649
v 0.00055800 0.00420465 -0.02800340
v 0.00037669 0.00425667 -0.02799924
v 0.00045585 0.00514387 -0.02766482
v 0.00022867 0.00515170 -0.02766649
v 0.00018975 0.00424501 -0.02800340
v 0.00027008 0.00609424 -0.02724730
v 0.00031295 0.00705429 -0.02675041
v -0.00016533 0.00187238 -0.02855820
v -0.00000000 0.00153652 -0.02860727
v -0.00000000 -0.00000001 -0.02880701
v -0.00026875 0.00150700 -0.02860727
v -0.00031733 0.00258037 -0.02843295
v -0.00043078 0.00241467 -0.02845394
v -0.00025359 0.00287024 -0.02837545
v -0.00014025 0.00259982 -0.02843295
v -0.00000000 0.00246198 -0.02845394
v -0.00044266 0.00336090 -0.02825345
v -0.00058534 0.00327865 -0.02826176
v -0.00030358 0.00343429 -0.02824513
v -0.00015433 0.00339254 -0.02825345
v -0.00000000 0.00334288 -0.02826176
v -0.00048965 0.00180043 -0.02855820
v -0.00052717 0.00141956 -0.02860727
v -0.00076272 0.00246177 -0.02843295
v -0.00084500 0.00227457 -0.02845394
v -0.00075103 0.00275993 -0.02837545
v -0.00059244 0.00251935 -0.02843295
v -0.00102264 0.00320010 -0.02825345
v -0.00114819 0.00308841 -0.02826176
v -0.00089908 0.00330232 -0.02824513
v -0.00074539 0.00329381 -0.02825345
v -0.00079514 0.00165928 -0.02855820
v -0.00076533 0.00127757 -0.02860727
v -0.00117879 0.00224856 -0.02843294
v -0.00122675 0.00204706 -0.02845394
v -0.00121960 0.00254357 -0.02837544
v -0.00102186 0.00234207 -0.02843295
v -0.00156333 0.00291633 -0.02825344
v -0.00166692 0.00277950 -0.02826176
v -0.00146002 0.00304343 -0.02824513
v -0.00130781 0.00306849 -0.02825345
v -0.00107009 0.00145438 -0.02855820
v -0.00097408 0.00108648 -0.02860727
v -0.00154957 0.00194893 -0.02843295
v -0.00156136 0.00174088 -0.02845394
v -0.00164131 0.00222946 -0.02837544
v -0.00141202 0.00207479 -0.02843295
v -0.00204394 0.00252048 -0.02825345
v -0.00212158 0.00236377 -0.02826176
v -0.00196486 0.00266759 -0.02824513
v -0.00181997 0.00272526 -0.02825344
v -0.00130390 0.00119357 -0.02855820
v -0.00114539 0.00085364 -0.02860727
v -0.00186080 0.00157441 -0.02843294
v -0.00183596 0.00136780 -0.02845394
v -0.00199995 0.00182967 -0.02837544
v -0.00174791 0.00172777 -0.02843295
v -0.00244599 0.00202777 -0.02825344
v -0.00249472 0.00185720 -0.02826176
v -0.00239419 0.00218924 -0.02824513
v -0.00226219 0.00227730 -0.02825345
v -0.00148761 0.00088690 -0.02855820
v -0.00127269 0.00058800 -0.02860727
v -0.00210052 0.00113939 -0.02843295
v -0.00204002 0.00094216 -0.02845394
v -0.00228172 0.00135957 -0.02837544
v -0.00201663 0.00131435 -0.02843295
v -0.00275406 0.00145714 -0.02825345
v -0.00277199 0.00127926 -0.02826176
v -0.00273151 0.00162675 -0.02824513
v -0.00261748 0.00174182 -0.02825344
v -0.00161415 0.00054615 -0.02855820
v -0.00135108 0.00029976 -0.02860727
v -0.00225951 0.00066058 -0.02843294
v -0.00216567 0.00048030 -0.02845394
v -0.00247581 0.00083722 -0.02837544
v -0.00220786 0.00085042 -0.02843295
v -0.00295628 0.00083051 -0.02825344
v -0.00294272 0.00065216 -0.02826176
v -0.00296387 0.00100175 -0.02824513
v -0.00287218 0.00113940 -0.02825345
v -0.00167866 0.00018441 -0.02855820
v -0.00137755 -0.00000001 -0.02860727
v -0.00233167 0.00015638 -0.02843295
v -0.00220809 -0.00000001 -0.02845394
v -0.00257476 0.00028269 -0.02837544
v -0.00231423 0.00035381 -0.02843295
v -0.00304489 0.00017195 -0.02825345
v -0.00300037 -0.00000001 -0.02826176
v -0.00308232 0.00033824 -0.02824513
v -0.00301650 0.00049319 -0.02825344
v -0.00167866 -0.00018442 -0.02855820
v -0.00135108 -0.00029977 -0.02860727
v -0.00231423 -0.00035383 -0.02843294
v -0.00216566 -0.00048032 -0.02845394
v -0.00257476 -0.00028270 -0.02837544
v -0.00233167 -0.00015640 -0.02843295
v -0.00301649 -0.00049320 -0.02825344
v -0.00294272 -0.00065217 -0.02826176
v -0.00308231 -0.00033826 -0.02824513
v -0.00304489 -0.00017197 -0.02825345
v -0.00161415 -0.00054616 -0.02855820
v -0.00127269 -0.00058801 -0.02860727
v -0.00220785 -0.00085043 -0.02843295
v -0.00204001 -0.00094217 -0.02845394
v -0.00247581 -0.00083723 -0.02837544
v -0.00225951 -0.00066059 -0.02843295
v -0.00287217 -0.00113941 -0.02825345
v -0.00277198 -0.00127927 -0.02826176
v -0.00296386 -0.00100175 -0.02824513
v -0.00295627 -0.00083051 -0.02825344
v -0.00148761 -0.00088692 -0.02855820
v -0.00114539 -0.00085366 -0.02860727
v -0.00201663 -0.00131436 -0.02843294
v -0.00183596 -0.00136781 -0.02845394
v -0.00228172 -0.00135957 -0.02837544
v -0.00210051 -0.00113940 -0.02843295
v -0.00261748 -0.00174182 -0.02825344
v -0.00249472 -0.00185721 -0.02826176
v -0.00273151 -0.00162676 -0.02824513
v -0.00275405 -0.00145715 -0.02825345
v -0.00130390 -0.00119359 -0.02855820
v -0.00097408 -0.00108650 -0.02860727
v -0.00174791 -0.00172778 -0.02843294
v -0.00156136 -0.00174089 -0.02845394
v -0.00199994 -0.00182968 -0.02837544
v -0.00186080 -0.00157442 -0.02843294
v -0.00226219 -0.00227730 -0.02825344
v -0.00212158 -0.00236378 -0.02826176
v -0.00239419 -0.00218924 -0.02824513
v -0.00244599 -0.00202778 -0.02825344
v -0.00107008 -0.00145439 -0.02855820
v -0.00076533 -0.00127759 -0.02860727
v -0.00141202 -0.00207480 -0.02843294
v -0.00122675 -0.00204707 -0.02845394
v -0.00164131 -0.00222947 -0.02837544
v -0.00154957 -0.00194894 -0.02843294
v -0.00181997 -0.00272527 -0.02825344
v -0.00166691 -0.00277951 -0.02826176
v -0.00196486 -0.00266760 -0.02824513
v -0.00204393 -0.00252049 -0.02825344
v -0.00079514 -0.00165930 -0.02855820
v -0.00052716 -0.00141958 -0.02860727
v -0.00102186 -0.00234208 -0.02843295
v -0.00084500 -0.00227458 -0.02845394
v -0.00121960 -0.00254358 -0.02837544
v -0.00117879 -0.00224857 -0.02843295
v -0.00130781 -0.00306850 -0.02825345
v -0.00114819 -0.00308843 -0.02826176
v -0.00146002 -0.00304344 -0.02824513
v -0.00156332 -0.00291634 -0.02825344
v -0.00048965 -0.00180044 -0.02855820
v -0.00026875 -0.00150701 -0.02860727
v -0.00059244 -0.00251936 -0.02843294
v -0.00043078 -0.00241468 -0.02845394
v -0.00075103 -0.00275994 -0.02837544
v -0.00076272 -0.00246178 -0.02843295
v -0.00074539 -0.00329381 -0.02825344
v -0.00058534 -0.00327865 -0.02826176
v -0.00089907 -0.00330232 -0.02824513
v -0.00102264 -0.00320011 -0.02825345
v -0.00016533 -0.00187240 -0.02855820
v -0.00000000 -0.00153654 -0.02860727
v -0.00014025 -0.00259983 -0.02843295
v -0.00000000 -0.00246199 -0.02845394
v -0.00025359 -0.00287024 -0.02837544
v -0.00031733 -0.00258038 -0.02843295
v -0.00015433 -0.00339255 -0.02825345
v -0.00000000 -0.00334288 -0.02826176
v -0.00030358 -0.00343430 -0.02824513
v -0.00044266 -0.00336091 -0.02825344
v 0.00016534 -0.00187240 -0.02855820
v 0.00026875 -0.00150701 -0.02860727
v 0.00031734 -0.00258038 -0.02843295
v 0.00043078 -0.00241468 -0.02845394
v 0.00025360 -0.00287024 -0.02837545
v 0.00014025 -0.00259983 -0.02843295
v 0.00044267 -0.00336091 -0.02825345
v 0.00058535 -0.00327865 -0.02826176
v 0.00030359 -0.00343430 -0.02824513
v 0.00015434 -0.00339255 -0.02825345
v 0.00048965 -0.00180044 -0.02855820
v 0.00052717 -0.00141957 -0.02860727
v 0.00076272 -0.00246178 -0.02843295
v 0.00084500 -0.00227458 -0.02845394
v 0.00075103 -0.00275994 -0.02837545
v 0.00059245 -0.00251936 -0.02843295
v 0.00102265 -0.00320011 -0.02825345
v 0.00114820 -0.00308842 -0.02826176
v 0.00089908 -0.00330232 -0.02824513
v 0.00074540 -0.00329381 -0.02825345
v 0.00079515 -0.00165930 -0.02855820
v 0.00076533 -0.00127758 -0.02860727
v 0.00117880 -0.00224856 -0.02843295
v 0.00122676 -0.00204707 -0.02845394
v 0.00121961 -0.00254358 -0.02837545
v 0.00102187 -0.00234208 -0.02843295
v 0.00156333 -0.00291633 -0.02825345
v 0.00166692 -0.00277950 -0.02826176
v 0.00146003 -0.00304344 -0.02824513
v 0.00130782 -0.00306850 -0.02825345
v 0.00107009 -0.00145438 -0.02855820
v 0.00097408 -0.00108650 -0.02860727
v 0.00154958 -0.00194894 -0.02843295
v 0.00156136 -0.00174089 -0.02845394
v 0.00164132 -0.00222946 -0.02837545
v 0.00141203 -0.00207479 -0.02843295
v 0.00204394 -0.00252048 -0.02825345
v 0.00212159 -0.00236377 -0.02826176
v 0.00196487 -0.00266759 -0.02824513
v 0.00181998 -0.00272526 -0.02825345
v 0.00130391 -0.00119358 -0.02855820
v 0.00114540 -0.00085366 -0.02860727
v 0.00186080 -0.00157442 -0.02843295
v 0.00183597 -0.00136781 -0.02845394
v 0.00199995 -0.00182967 -0.02837545
v 0.00174792 -0.00172777 -0.02843295
v 0.00244600 -0.00202778 -0.02825345
v 0.00249473 -0.00185721 -0.02826176
v 0.00239420 -0.00218924 -0.02824513
v 0.00226220 -0.00227730 -0.02825345
v 0.00148762 -0.00088691 -0.02855820
v 0.00127270 -0.00058801 -0.02860727
v 0.00210052 -0.00113940 -0.02843294
v 0.00204002 -0.00094216 -0.02845394
v 0.00228173 -0.00135957 -0.02837544
v 0.00201664 -0.00131436 -0.02843295
v 0.00275406 -0.00145714 -0.02825344
v 0.00277199 -0.00127926 -0.02826176
v 0.00273152 -0.00162675 -0.02824513
v 0.00261749 -0.00174182 -0.02825345
v 0.00161416 -0.00054616 -0.02855820
v 0.00135108 -0.00029977 -0.02860727
v 0.00225951 -0.00066058 -0.02843295
v 0.00216567 -0.00048031 -0.02845394
v 0.00247581 -0.00083722 -0.02837544
v 0.00220786 -0.00085043 -0.02843295
v 0.00295628 -0.00083050 -0.02825345
v 0.00294272 -0.00065216 -0.02826176
v 0.00296387 -0.00100175 -0.02824513
v 0.00287218 -0.00113940 -0.02825344
v 0.00167866 -0.00018442 -0.02855820
v 0.00137755 0.00000000 -0.02860727
v 0.00233167 -0.00015639 -0.02843295
v 0.00220810 0.00000000 -0.02845394
v 0.00257476 -0.00028269 -0.02837545
v 0.00231423 -0.00035382 -0.02843295
v 0.00304490 -0.00017196 -0.02825345
v 0.00300037 0.00000000 -0.02826176
v 0.00308232 -0.00033824 -0.02824513
v 0.00301650 -0.00049319 -0.02825345
v 0.00167866 0.00018441 -0.02855820
v 0.00135108 0.00029976 -0.02860727
v 0.00231423 0.00035382 -0.02843295
v 0.00216567 0.00048031 -0.02845394
v 0.00257476 0.00028269 -0.02837545
v 0.00233167 0.00015639 -0.02843295
v 0.00301650 0.00049320 -0.02825345
v 0.00294272 0.00065217 -0.02826176
v 0.00308232 0.00033825 -0.02824513
v 0.00304490 0.00017196 -0.02825345
v 0.00161415 0.00054615 -0.02855820
v 0.00127269 0.00058800 -0.02860727
v 0.00220786 0.00085043 -0.02843295
v 0.00204002 0.00094216 -0.02845394
v 0.00247581 0.00083722 -0.02837545
v 0.00225951 0.00066058 -0.02843295
v 0.00287218 0.00113940 -0.02825345
v 0.00277199 0.00127927 -0.02826176
v 0.00296386 0.00100175 -0.02824513
v 0.00295628 0.00083051 -0.02825345
v 0.00148761 0.00088691 -0.02855820
v 0.00114539 0.00085365 -0.02860727
v 0.00201664 0.00131435 -0.02843295
v 0.00183596 0.00136780 -0.02845394
v 0.00228172 0.00135957 -0.02837545
v 0.00210052 0.00113939 -0.02843295
v 0.00261748 0.00174182 -0.02825345
v 0.00249472 0.00185721 -0.02826176
v 0.00273151 0.00162675 -0.02824513
v 0.00275406 0.00145714 -0.02825345
v 0.00130390 0.00119357 -0.02855820
v 0.00097408 0.00108649 -0.02860727
v 0.00174791 0.00172777 -0.02843295
v 0.00156136 0.00174088 -0.02845394
v 0.00199994 0.00182967 -0.02837545
v 0.00186080 0.00157442 -0.02843295
v 0.00226219 0.00227730 -0.02825345
v 0.00212158 0.00236377 -0.02826176
v 0.00239419 0.00218924 -0.02824513
v 0.00244599 0.00202778 -0.02825345
v 0.00107008 0.00145438 -0.02855820
v 0.00076533 0.00127757 -0.02860727
v 0.00141202 0.00207479 -0.02843295
v 0.00122675 0.00204706 -0.02845394
v 0.00164131 0.00222946 -0.02837545
v 0.00154957 0.00194893 -0.02843295
v 0.00181997 0.00272526 -0.02825345
v 0.00166692 0.00277951 -0.02826176
v 0.00196486 0.00266759 -0.02824513
v 0.00204393 0.00252048 -0.02825345
v 0.00079514 0.00165929 -0.02855820
v 0.00052717 0.00141956 -0.02860727
v 0.00102186 0.00234208 -0.02843295
v 0.00084500 0.00227457 -0.02845394
v 0.00121960 0.00254357 -0.02837545
v 0.00117879 0.00224856 -0.02843295
v 0.00130781 0.00306850 -0.02825345
v 0.00114819 0.00308842 -0.02826176
v 0.00146002 0.00304344 -0.02824513
v 0.00156333 0.00291634 -0.02825345
v 0.00048965 0.00180043 -0.02855820
v 0.00026875 0.00150700 -0.02860727
v 0.00059244 0.00251936 -0.02843295
v 0.00043078 0.00241467 -0.02845394
v 0.00075103 0.00275994 -0.02837545
v 0.00076272 0.00246177 -0.02843295
v 0.00074539 0.00329381 -0.02825345
v 0.00058534 0.00327865 -0.02826176
v 0.00089907 0.00330232 -0.02824513
v 0.00102264 0.00320011 -0.02825345
v 0.00016533 0.00187238 -0.02855820
v 0.00014025 0.00259982 -0.02843295
v 0.00025359 0.00287024 -0.02837545
v 0.00031733 0.00258037 -0.02843295
v 0.00015433 0.00339254 -0.02825345
v 0.00030358 0.00343429 -0.02824513
v 0.00044266 0.00336090 -0.02825345
f 1 2 3
f 3 4 1
f 5 1 4
f 4 6 5
f 1 5 7
f 7 8 1
f 2 1 8
f 8 9 2
f 10 5 6
f 6 11 10
f 12 10 11
f 11 13 12
f 10 12 14
f 14 15 10
f 5 10 15
f 15 7 5
f 16 17 18
f 18 19 16
f 8 16 19
f 19 9 8
f 16 8 7
f 7 15 16
f 17 16 15
f 15 14 17
f 20 21 3
f 3 2 20
f 22 20 2
f 2 9 22
f 20 22 23
f 23 24 20
f 21 20 24
f 24 25 21
f 26 22 9
f 9 19 26
f 27 26 19
f 19 18 27
f 26 27 28
f 28 29 26
f 22 26 29
f 29 23 22
f 30 31 32
f 32 33 30
f 24 30 33
f 33 25 24
f 30 24 23
f 23 29 30
f 31 30 29
f 29 28 31
f 34 35 3
f 3 21 34
f 36 34 21
f 21 25 36
f 34 36 37
f 37 38 34
f 35 34 38
f 38 39 35
f 40 36 25
f 25 33 40
f 41 40 33
f 33 32 41
f 40 41 42
f 42 43 40
f 36 40 43
f 43 37 36
f 44 45 46
f 46 47 44
f 38 44 47
f 47 39 38
f 44 38 37
f 37 43 44
f 45 44 43
f 43 42 45
f 48 49 3
f 3 35 48
f 50 48 35
f 35 39 50
f 48 50 51
f 51 52 48
f 49 48 52
f 52 53 49
f 54 50 39
f 39 47 54
f 55 54 47
f 47 46 55
f 54 55 56
f 56 57 54
f 50 54 57
f 57 51 50
f 58 59 60
f 60 61 58
f 52 58 61
f 61 53 52
f 58 52 51
f 51 57 58
f 59 58 57
f 57 56 59
f 62 63 3
f 3 49 62
f 64 62 49
f 49 53 64
f 62 64 65
f 65 66 62
f 63 62 66
f 66 67 63
f 68 64 53
f 53 61 68
f 69 68 61
f 61 60 69
f 68 69 70
f 70 71 68
f 64 68 71
f 71 65 64
f 72 73 74
f 74 75 72
f 66 72 75
f 75 67 66
f 72 66 65
f 65 71 72
f 73 72 71
f 71 70 73
f 76 77 3
f 3 63 76
f 78 76 63
f 63 67 78
f 76 78 79
f 79 80 76
f 77 76 80
f 80 81 77
f 82 78 67
f 67 75 82
f 83 82 75
f 75 74 83
f 82 83 84
f 84 85 82
f 78 82 85
f 85 79 78
f 86 87 88
f 88 89 86
f 80 86 89
f 89 81 80
f 86 80 79
f 79 85 86
f 87 86 85
f 85 84 87
f 90 91 3
f 3 77 90
f 92 90 77
f 77 81 92
f 90 92 93
f 93 94 90
f 91 90 94
f 94 95 91
f 96 92 81
f 81 89 96
f 97 96 89
f 89 88 97
f 96 97 98
f 98 99 96
f 92 96 99
f 99 93 92
f 100 101 102
f 102 103 100
f 94 100 103
f 103 95 94
f 100 94 93
f 93 99 100
f 101 100 99
f 99 98 101
f 104 105 3
f 3 91 104
f 106 104 91
f 91 95 106
f 104 106 107
f 107 108 104
f 105 104 108
f 108 109 105
f 110 106 95
f 95 103 110
f 111 110 103
f 103 102 111
f 110 111 112
f 112 113 110
f 106 110 113
f 113 107 106
f 114 115 116
f 116 117 114
f 108 114 117
f 117 109 108
f 114 108 107
f 107 113 114
f 115 114 113
f 113 112 115
f 118 119 3
f 3 105 118
f 120 118 105
f 105 109 120
f 118 120 121
f 121 122 118
f 119 118 122
f 122 123 119
f 124 120 109
f 109 117 124
f 125 124 117
f 117 116 125
f 124 125 126
f 126 127 124
f 120 124 127
f 127 121 120
f 128 129 130
f 130 131 128
f 122 128 131
f 131 123 122
f 128 122 121
f 121 127 128
f 129 128 127
f 127 126 129
f 132 133 3
f 3 119 132
f 134 132 119
f 119 123 134
f 132 134 135
f 135 136 132
f 133 132 136
f 136 137 133
f 138 134 123
f 123 131 138
f 139 138 131
f 131 130 139
f 138 139 140
f 140 141 138
f 134 138 141
f 141 135 134
f 142 143 144
f 144 145 142
f 136 142 145
f 145 137 136
f 142 136 135
f 135 141 142
f 143 142 141
f 141 140 143
f 146 147 3
f 3 133 146
f 148 146 133
f 133 137 148
f 146 148 149
f 149 150 146
f 147 146 150
f 150 151 147
f 152 148 137
f 137 145 152
f 153 152 145
f 145 144 153
f 152 153 154
f 154 155 152
f 148 152 155
f 155 149 148
f 156 157 158
f 158 159 156
f 150 156 159
f 159 151 150
f 156 150 149
f 149 155 156
f 157 156 155
f 155 154 157
f 160 161 3
f 3 147 160
f 162 160 147
f 147 151 162
f 160 162 163
f 163 164 160
f 161 160 164
f 164 165 161
f 166 162 151
f 151 159 166
f 167 166 159
f 159 158 167
f 166 167 168
f 168 169 166
f 162 166 169
f 169 163 162
f 170 171 172
f 172 173 170
f 164 170 173
f 173 165 164
f 170 164 163
f 163 169 170
f 171 170 169
f 169 168 171
f 174 175 3
f 3 161 174
f 176 174 161
f 161 165 176
f 174 176 177
f 177 178 174
f 175 174 178
f 178 179 175
f 180 176 165
f 165 173 180
f 181 180 173
f 173 172 181
f 180 181 182
f 182 183 180
f 176 180 183
f 183 177 176
f 184 185 186
f 186 187 184
f 178 184 187
f 187 179 178
f 184 178 177
f 177 183 184
f 185 184 183
f 183 182 185
f 188 189 3
f 3 175 188
f 190 188 175
f 175 179 190
f 188 190 191
f 191 192 188
f 189 188 192
f 192 193 189
f 194 190 179
f 179 187 194
f 195 194 187
f 187 186 195
f 194 195 196
f 196 197 194
f 190 194 197
f 197 191 190
f 198 199 200
f 200 201 198
f 192 198 201
f 201 193 192
f 198 192 191
f 191 197 198
f 199 198 197
f 197 196 199
f 202 203 3
f 3 189 202
f 204 202 189
f 189 193 204
f 202 204 205
f 205 206 202
f 203 202 206
f 206 207 203
f 208 204 193
f 193 201 208
f 209 208 201
f 201 200 209
f 208 209 210
f 210 211 208
f 204 208 211
f 211 205 204
f 212 213 214
f 214 215 212
f 206 212 215
f 215 207 206
f 212 206 205
f 205 211 212
f 213 212 211
f 211 210 213
f 216 217 3
f 3 203 216
f 218 216 203
f 203 207 218
f 216 218 219
f 219 220 216
f 217 216 220
f 220 221 217
f 222 218 207
f 207 215 222
f 223 222 215
f 215 214 223
f 222 223 224
f 224 225 222
f 218 222 225
f 225 219 218
f 226 227 228
f 228 229 226
f 220 226 229
f 229 221 220
f 226 220 219
f 219 225 226
f 227 226 225
f 225 224 227
f 230 231 3
f 3 217 230
f 232 230 217
f 217 221 232
f 230 232 233
f 233 234 230
f 231 230 234
f 234 235 231
f 236 232 221
f 221 229 236
f 237 236 229
f 229 228 237
f 236 237 238
f 238 239 236
f 232 236 239
f 239 233 232
f 240 241 242
f 242 243 240
f 234 240 243
f 243 235 234
f 240 234 233
f 233 239 240
f 241 240 239
f 239 238 241
f 244 245 3
f 3 231 244
f 246 244 231
f 231 235 246
f 244 246 247
f 247 248 244
f 245 244 248
f 248 249 245
f 250 246 235
f 235 243 250
f 251 250 243
f 243 242 251
f 250 251 252
f 252 253 250
f 246 250 253
f 253 247 246
f 254 255 256
f 256 257 254
f 248 254 257
f 257 249 248
f 254 248 247
f 247 253 254
f 255 254 253
f 253 252 255
f 258 259 3
f 3 245 258
f 260 258 245
f 245 249 260
f 258 260 261
f 261 262 258
f 259 258 262
f 262 263 259
f 264 260 249
f 249 257 264
f 265 264 257
f 257 256 265
f 264 265 266
f 266 267 264
f 260 264 267
f 267 261 260
f 268 269 270
f 270 271 268
f 262 268 271
f 271 263 262
f 268 262 261
f 261 267 268
f 269 268 267
f 267 266 269
f 272 273 3
f 3 259 272
f 274 272 259
f 259 263 274
f 272 274 275
f 275 276 272
f 273 272 276
f 276 277 273
f 278 274 263
f 263 271 278
f 279 278 271
f 271 270 279
f 278 279 280
f 280 281 278
f 274 278 281
f 281 275 274
f 282 283 284
f 284 285 282
f 276 282 285
f 285 277 276
f 282 276 275
f 275 281 282
f 283 282 281
f 281 280 283
f 286 287 3
f 3 273 286
f 288 286 273
f 273 277 288
f 286 288 289
f 289 290 286
f 287 286 290
f 290 291 287
f 292 288 277
f 277 285 292
f 293 292 285
f 285 284 293
f 292 293 294
f 294 295 292
f 288 292 295
f 295 289 288
f 296 297 298
f 298 299 296
f 290 296 299
f 299 291 290
f 296 290 289
f 289 295 296
f 297 296 295
f 295 294 297
f 300 301 3
f 3 287 300
f 302 300 287
f 287 291 302
f 300 302 303
f 303 304 300
f 301 300 304
f 304 305 301
f 306 302 291
f 291 299 306
f 307 306 299
f 299 298 307
f 306 307 308
f 308 309 306
f 302 306 309
f 309 303 302
f 310 311 312
f 312 313 310
f 304 310 313
f 313 305 304
f 310 304 303
f 303 309 310
f 311 310 309
f 309 308 311
f 314 315 3
f 3 301 314
f 316 314 301
f 301 305 316
f 314 316 317
f 317 318 314
f 315 314 318
f 318 319 315
f 320 316 305
f 305 313 320
f 321 320 313
f 313 312 321
f 320 321 322
f 322 323 320
f 316 320 323
f 323 317 316
f 324 325 326
f 326 327 324
f 318 324 327
f 327 319 318
f 324 318 317
f 317 323 324
f 325 324 323
f 323 322 325
f 328 329 3
f 3 315 328
f 330 328 315
f 315 319 330
f 328 330 331
f 331 332 328
f 329 328 332
f 332 333 329
f 334 330 319
f 319 327 334
f 335 334 327
f 327 326 335
f 334 335 336
f 336 337 334
f 330 334 337
f 337 331 330
f 338 339 340
f 340 341 338
f 332 338 341
f 341 333 332
f 338 332 331
f 331 337 338
f 339 338 337
f 337 336 339
f 342 343 3
f 3 329 342
f 344 342 329
f 329 333 344
f 342 344 345
f 345 346 342
f 343 342 346
f 346 347 343
f 348 344 333
f 333 341 348
f 349 348 341
f 341 340 349
f 348 349 350
f 350 351 348
f 344 348 351
f 351 345 344
f 352 353 354
f 354 355 352
f 346 352 355
f 355 347 346
f 352 346 345
f 345 351 352
f 353 352 351
f 351 350 353
f 356 357 3
f 3 343 356
f 358 356 343
f 343 347 358
f 356 358 359
f 359 360 356
f 357 356 360
f 360 361 357
f 362 358 347
f 347 355 362
f 363 362 355
f 355 354 363
f 362 363 364
f 364 365 362
f 358 362 365
f 365 359 358
f 366 367 368
f 368 369 366
f 360 366 369
f 369 361 360
f 366 360 359
f 359 365 366
f 367 366 365
f 365 364 367
f 370 371 3
f 3 357 370
f 372 370 357
f 357 361 372
f 370 372 373
f 373 374 370
f 371 370 374
f 374 375 371
f 376 372 361
f 361 369 376
f 377 376 369
f 369 368 377
f 376 377 378
f 378 379 376
f 372 376 379
f 379 373 372
f 380 381 382
f 382 383 380
f 374 380 383
f 383 375 374
f 380 374 373
f 373 379 380
f 381 380 379
f 379 378 381
f 384 385 3
f 3 371 384
f 386 384 371
f 371 375 386
f 384 386 387
f 387 388 384
f 385 384 388
f 388 389 385
f 390 386 375
f 375 383 390
f 391 390 383
f 383 382 391
f 390 391 392
f 392 393 390
f 386 390 393
f 393 387 386
f 394 395 396
f 396 397 394
f 388 394 397
f 397 389 388
f 394 388 387
f 387 393 394
f 395 394 393
f 393 392 395
f 398 399 3
f 3 385 398
f 400 398 385
f 385 389 400
f 398 400 401
f 401 402 398
f 399 398 402
f 402 403 399
f 404 400 389
f 389 397 404
f 405 404 397
f 397 396 405
f 404 405 406
f 406 407 404
f 400 404 407
f 407 401 400
f 408 409 410
f 410 411 408
f 402 408 411
f 411 403 402
f 408 402 401
f 401 407 408
f 409 408 407
f 407 406 409
f 412 413 3
f 3 399 412
f 414 412 399
f 399 403 414
f 412 414 415
f 415 416 412
f 413 412 416
f 416 417 413
f 418 414 403
f 403 411 418
f 419 418 411
f 411 410 419
f 418 419 420
f 420 421 418
f 414 418 421
f 421 415 414
f 422 423 424
f 424 425 422
f 416 422 425
f 425 417 416
f 422 416 415
f 415 421 422
f 423 422 421
f 421 420 423
f 426 427 3
f 3 413 426
f 428 426 413
f 413 417 428
f 426 428 429
f 429 430 426
f 427 426 430
f 430 431 427
f 432 428 417
f 417 425 432
f 433 432 425
f 425 424 433
f 432 433 434
f 434 435 432
f 428 432 435
f 435 429 428
f 436 437 438
f 438 439 436
f 430 436 439
f 439 431 430
f 436 430 429
f 429 435 436
f 437 436 435
f 435 434 437
f 440 4 3
f 3 427 440
f 441 440 427
f 427 431 441
f 440 441 442
f 442 443 440
f 4 440 443
f 443 6 4
f 444 441 431
f 431 439 444
f 445 444 439
f 439 438 445
f 444 445 446
f 446 447 444
f 441 444 447
f 447 442 441
f 448 449 13
f 13 11 448
f 443 448 11
f 11 6 443
f 448 443 442
f 442 447 448
f 449 448 447
f 447 446 449
f 450 12 13
f 13 451 450
f 452 450 451
f 451 453 452
f 450 452 454
f 454 455 450
f 12 450 455
f 455 14 12
f 456 452 453
f 453 457 456
f 458 456 457
f 457 459 458
f 456 458 460
f 460 461 456
f 452 456 461
f 461 454 452
f 462 463 464
f 464 465 462
f 466 462 465
f 465 467 466
f 462 466 454
f 454 461 462
f 463 462 461
f 461 460 463
f 468 466 467
f 467 469 468
f 17 468 469
f 469 18 17
f 468 17 14
f 14 455 468
f 466 468 455
f 455 454 466
f 470 27 18
f 18 469 470
f 471 470 469
f 469 467 471
f 470 471 472
f 472 473 470
f 27 470 473
f 473 28 27
f 474 471 467
f 467 465 474
f 475 474 465
f 465 464 475
f 474 475 476
f 476 477 474
f 471 474 477
f 477 472 471
f 478 479 480
f 480 481 478
f 482 478 481
f 481 483 482
f 478 482 472
f 472 477 478
f 479 478 477
f 477 476 479
f 484 482 483
f 483 485 484
f 31 484 485
f 485 32 31
f 484 31 28
f 28 473 484
f 482 484 473
f 473 472 482
f 486 41 32
f 32 485 486
f 487 486 485
f 485 483 487
f 486 487 488
f 488 489 486
f 41 486 489
f 489 42 41
f 490 487 483
f 483 481 490
f 491 490 481
f 481 480 491
f 490 491 492
f 492 493 490
f 487 490 493
f 493 488 487
f 494 495 496
f 496 497 494
f 498 494 497
f 497 499 498
f 494 498 488
f 488 493 494
f 495 494 493
f 493 492 495
f 500 498 499
f 499 501 500
f 45 500 501
f 501 46 45
f 500 45 42
f 42 489 500
f 498 500 489
f 489 488 498
f 502 55 46
f 46 501 502
f 503 502 501
f 501 499 503
f 502 503 504
f 504 505 502
f 55 502 505
f 505 56 55
f 506 503 499
f 499 497 506
f 507 506 497
f 497 496 507
f 506 507 508
f 508 509 506
f 503 506 509
f 509 504 503
f 510 511 512
f 512 513 510
f 514 510 513
f 513 515 514
f 510 514 504
f 504 509 510
f 511 510 509
f 509 508 511
f 516 514 515
f 515 517 516
f 59 516 517
f 517 60 59
f 516 59 56
f 56 505 516
f 514 516 505
f 505 504 514
f 518 69 60
f 60 517 518
f 519 518 517
f 517 515 519
f 518 519 520
f 520 521 518
f 69 518 521
f 521 70 69
f 522 519 515
f 515 513 522
f 523 522 513
f 513 512 523
f 522 523 524
f 524 525 522
f 519 522 525
f 525 520 519
f 526 527 528
f 528 529 526
f 530 526 529
f 529 531 530
f 526 530 520
f 520 525 526
f 527 526 525
f 525 524 527
f 532 530 531
f 531 533 532
f 73 532 533
f 533 74 73
f 532 73 70
f 70 521 532
f 530 532 521
f 521 520 530
f 534 83 74
f 74 533 534
f 535 534 533
f 533 531 535
f 534 535 536
f 536 537 534
f 83 534 537
f 537 84 83
f 538 535 531
f 531 529 538
f 539 538 529
f 529 528 539
f 538 539 540
f 540 541 538
f 535 538 541
f 541 536 535
f 542 543 544
f 544 545 542
f 546 542 545
f 545 547 546
f 542 546 536
f 536 541 542
f 543 542 541
f 541 540 543
f 548 546 547
f 547 549 548
f 87 548 549
f 549 88 87
f 548 87 84
f 84 537 548
f 546 548 537
f 537 536 546
f 550 97 88
f 88 549 550
f 551 550 549
f 549 547 551
f 550 551 552
f 552 553 550
f 97 550 553
f 553 98 97
f 554 551 547
f 547 545 554
f 555 554 545
f 545 544 555
f 554 555 556
f 556 557 554
f 551 554 557
f 557 552 551
f 558 559 560
f 560 561 558
f 562 558 561
f 561 563 562
f 558 562 552
f 552 557 558
f 559 558 557
f 557 556 559
f 564 562 563
f 563 565 564
f 101 564 565
f 565 102 101
f 564 101 98
f 98 553 564
f 562 564 553
f 553 552 562
f 566 111 102
f 102 565 566
f 567 566 565
f 565 563 567
f 566 567 568
f 568 569 566
f 111 566 569
f 569 112 111
f 570 567 563
f 563 561 570
f 571 570 561
f 561 560 571
f 570 571 572
f 572 573 570
f 567 570 573
f 573 568 567
f 574 575 576
f 576 577 574
f 578 574 577
f 577 579 578
f 574 578 568
f 568 573 574
f 575 574 573
f 573 572 575
f 580 578 579
f 579 581 580
f 115 580 581
f 581 116 115
f 580 115 112
f 112 569 580
f 578 580 569
f 569 568 578
f 582 125 116
f 116 581 582
f 583 582 581
f 581 579 583
f 582 583 584
f 584 585 582
f 125 582 585
f 585 126 125
f 586 583 579
f 579 577 586
f 587 586 577
f 577 576 587
f 586 587 588
f 588 589 586
f 583 586 589
f 589 584 583
f 590 591 592
f 592 593 590
f 594 590 593
f 593 595 594
f 590 594 584
f 584 589 590
f 591 590 589
f 589 588 591
f 596 594 595
f 595 597 596
f 129 596 597
f 597 130 129
f 596 129 126
f 126 585 596
f 594 596 585
f 585 584 594
f 598 139 130
f 130 597 598
f 599 598 597
f 597 595 599
f 598 599 600
f 600 601 598
f 139 598 601
f 601 140 139
f 602 599 595
f 595 593 602
f 603 602 593
f 593 592 603
f 602 603 604
f 604 605 602
f 599 602 605
f 605 600 599
f 606 607 608
f 608 609 606
f 610 606 609
f 609 611 610
f 606 610 600
f 600 605 606
f 607 606 605
f 605 604 607
f 612 610 611
f 611 613 612
f 143 612 613
f 613 144 143
f 612 143 140
f 140 601 612
f 610 612 601
f 601 600 610
f 614 153 144
f 144 613 614
f 615 614 613
f 613 611 615
f 614 615 616
f 616 617 614
f 153 614 617
f 617 154 153
f 618 615 611
f 611 609 618
f 619 618 609
f 609 608 619
f 618 619 620
f 620 621 618
f 615 618 621
f 621 616 615
f 622 623 624
f 624 625 622
f 626 622 625
f 625 627 626
f 622 626 616
f 616 621 622
f 623 622 621
f 621 620 623
f 628 626 627
f 627 629 628
f 157 628 629
f 629 158 157
f 628 157 154
f 154 617 628
f 626 628 617
f 617 616 626
f 630 167 158
f 158 629 630
f 631 630 629
f 629 627 631
f 630 631 632
f 632 633 630
f 167 630 633
f 633 168 167
f 634 631 627
f 627 625 634
f 635 634 625
f 625 624 635
f 634 635 636
f 636 637 634
f 631 634 637
f 637 632 631
f 638 639 640
f 640 641 638
f 642 638 641
f 641 643 642
f 638 642 632
f 632 637 638
f 639 638 637
f 637 636 639
f 644 642 643
f 643 645 644
f 171 644 645
f 645 172 171
f 644 171 168
f 168 633 644
f 642 644 633
f 633 632 642
f 646 181 172
f 172 645 646
f 647 646 645
f 645 643 647
f 646 647 648
f 648 649 646
f 181 646 649
f 649 182 181
f 650 647 643
f 643 641 650
f 651 650 641
f 641 640 651
f 650 651 652
f 652 653 650
f 647 650 653
f 653 648 647
f 654 655 656
f 656 657 654
f 658 654 657
f 657 659 658
f 654 658 648
f 648 653 654
f 655 654 653
f 653 652 655
f 660 658 659
f 659 661 660
f 185 660 661
f 661 186 185
f 660 185 182
f 182 649 660
f 658 660 649
f 649 648 658
f 662 195 186
f 186 661 662
f 663 662 661
f 661 659 663
f 662 663 664
f 664 665 662
f 195 662 665
f 665 196 195
f 666 663 659
f 659 657 666
f 667 666 657
f 657 656 667
f 666 667 668
f 668 669 666
f 663 666 669
f 669 664 663
f 670 671 672
f 672 673 670
f 674 670 673
f 673 675 674
f 670 674 664
f 664 669 670
f 671 670 669
f 669 668 671
f 676 674 675
f 675 677 676
f 199 676 677
f 677 200 199
f 676 199 196
f 196 665 676
f 674 676 665
f 665 664 674
f 678 209 200
f 200 677 678
f 679 678 677
f 677 675 679
f 678 679 680
f 680 681 678
f 209 678 681
f 681 210 209
f 682 679 675
f 675 673 682
f 683 682 673
f 673 672 683
f 682 683 684
f 684 685 682
f 679 682 685
f 685 680 679
f 686 687 688
f 688 689 686
f 690 686 689
f 689 691 690
f 686 690 680
f 680 685 686
f 687 686 685
f 685 684 687
f 692 690 691
f 691 693 692
f 213 692 693
f 693 214 213
f 692 213 210
f 210 681 692
f 690 692 681
f 681 680 690
f 694 223 214
f 214 693 694
f 695 694 693
f 693 691 695
f 694 695 696
f 696 697 694
f 223 694 697
f 697 224 223
f 698 695 691
f 691 689 698
f 699 698 689
f 689 688 699
f 698 699 700
f 700 701 698
f 695 698 701
f 701 696 695
f 702 703 704
f 704 705 702
f 706 702 705
f 705 707 706
f 702 706 696
f 696 701 702
f 703 702 701
f 701 700 703
f 708 706 707
f 707 709 708
f 227 708 709
f 709 228 227
f 708 227 224
f 224 697 708
f 706 708 697
f 697 696 706
f 710 237 228
f 228 709 710
f 711 710 709
f 709 707 711
f 710 711 712
f 712 713 710
f 237 710 713
f 713 238 237
f 714 711 707
f 707 705 714
f 715 714 705
f 705 704 715
f 714 715 716
f 716 717 714
f 711 714 717
f 717 712 711
f 718 719 720
f 720 721 718
f 722 718 721
f 721 723 722
f 718 722 712
f 712 717 718
f 719 718 717
f 717 716 719
f 724 722 723
f 723 725 724
f 241 724 725
f 725 242 241
f 724 241 238
f 238 713 724
f 722 724 713
f 713 712 722
f 726 251 242
f 242 725 726
f 727 726 725
f 725 723 727
f 726 727 728
f 728 729 726
f 251 726 729
f 729 252 251
f 730 727 723
f 723 721 730
f 731 730 721
f 721 720 731
f 730 731 732
f 732 733 730
f 727 730 733
f 733 728 727
f 734 735 736
f 736 737 734
f 738 734 737
f 737 739 738
f 734 738 728
f 728 733 734
f 735 734 733
f 733 732 735
f 740 738 739
f 739 741 740
f 255 740 741
f 741 256 255
f 740 255 252
f 252 729 740
f 738 740 729
f 729 728 738
f 742 265 256
f 256 741 742
f 743 742 741
f 741 739 743
f 742 743 744
f 744 745 742
f 265 742 745
f 745 266 265
f 746 743 739
f 739 737 746
f 747 746 737
f 737 736 747
f 746 747 748
f 748 749 746
f 743 746 749
f 749 744 743
f 750 751 752
f 752 753 750
f 754 750 753
f 753 755 754
f 750 754 744
f 744 749 750
f 751 750 749
f 749 748 751
f 756 754 755
f 755 757 756
f 269 756 757
f 757 270 269
f 756 269 266
f 266 745 756
f 754 756 745
f 745 744 754
f 758 279 270
f 270 757 758
f 759 758 757
f 757 755 759
f 758 759 760
f 760 761 758
f 279 758 761
f 761 280 279
f 762 759 755
f 755 753 762
f 763 762 753
f 753 752 763
f 762 763 764
f 764 765 762
f 759 762 765
f 765 760 759
f 766 767 768
f 768 769 766
f 770 766 769
f 769 771 770
f 766 770 760
f 760 765 766
f 767 766 765
f 765 764 767
f 772 770 771
f 771 773 772
f 283 772 773
f 773 284 283
f 772 283 280
f 280 761 772
f 770 772 761
f 761 760 770
f 774 293 284
f 284 773 774
f 775 774 773
f 773 771 775
f 774 775 776
f 776 777 774
f 293 774 777
f 777 294 293
f 778 775 771
f 771 769 778
f 779 778 769
f 769 768 779
f 778 779 780
f 780 781 778
f 775 778 781
f 781 776 775
f 782 783 784
f 784 785 782
f 786 782 785
f 785 787 786
f 782 786 776
f 776 781 782
f 783 782 781
f 781 780 783
f 788 786 787
f 787 789 788
f 297 788 789
f 789 298 297
f 788 297 294
f 294 777 788
f 786 788 777
f 777 776 786
f 790 307 298
f 298 789 790
f 791 790 789
f 789 787 791
f 790 791 792
f 792 793 790
f 307 790 793
f 793 308 307
f 794 791 787
f 787 785 794
f 795 794 785
f 785 784 795
f 794 795 796
f 796 797 794
f 791 794 797
f 797 792 791
f 798 799 800
f 800 801 798
f 802 798 801
f 801 803 802
f 798 802 792
f 792 797 798
f 799 798 797
f 797 796 799
f 804 802 803
f 803 805 804
f 311 804 805
f 805 312 311
f 804 311 308
f 308 793 804
f 802 804 793
f 793 792 802
f 806 321 312
f 312 805 806
f 807 806 805
f 805 803 807
f 806 807 808
f 808 809 806
f 321 806 809
f 809 322 321
f 810 807 803
f 803 801 810
f 811 810 801
f 801 800 811
f 810 811 812
f 812 813 810
f 807 810 813
f 813 808 807
f 814 815 816
f 816 817 814
f 818 814 817
f 817 819 818
f 814 818 808
f 808 813 814
f 815 814 813
f 813 812 815
f 820 818 819
f 819 821 820
f 325 820 821
f 821 326 325
f 820 325 322
f 322 809 820
f 818 820 809
f 809 808 818
f 822 335 326
f 326 821 822
f 823 822 821
f 821 819 823
f 822 823 824
f 824 825 822
f 335 822 825
f 825 336 335
f 826 823 819
f 819 817 826
f 827 826 817
f 817 816 827
f 826 827 828
f 828 829 826
f 823 826 829
f 829 824 823
f 830 831 832
f 832 833 830
f 834 830 833
f 833 835 834
f 830 834 824
f 824 829 830
f 831 830 829
f 829 828 831
f 836 834 835
f 835 837 836
f 339 836 837
f 837 340 339
f 836 339 336
f 336 825 836
f 834 836 825
f 825 824 834
f 838 349 340
f 340 837 838
f 839 838 837
f 837 835 839
f 838 839 840
f 840 841 838
f 349 838 841
f 841 350 349
f 842 839 835
f 835 833 842
f 843 842 833
f 833 832 843
f 842 843 844
f 844 845 842
f 839 842 845
f 845 840 839
f 846 847 848
f 848 849 846
f 850 846 849
f 849 851 850
f 846 850 840
f 840 845 846
f 847 846 845
f 845 844 847
f 852 850 851
f 851 853 852
f 353 852 853
f 853 354 353
f 852 353 350
f 350 841 852
f 850 852 841
f 841 840 850
f 854 363 354
f 354 853 854
f 855 854 853
f 853 851 855
f 854 855 856
f 856 857 854
f 363 854 857
f 857 364 363
f 858 855 851
f 851 849 858
f 859 858 849
f 849 848 859
f 858 859 860
f 860 861 858
f 855 858 861
f 861 856 855
f 862 863 864
f 864 865 862
f 866 862 865
f 865 867 866
f 862 866 856
f 856 861 862
f 863 862 861
f 861 860 863
f 868 866 867
f 867 869 868
f 367 868 869
f 869 368 367
f 868 367 364
f 364 857 868
f 866 868 857
f 857 856 866
f 870 377 368
f 368 869 870
f 871 870 869
f 869 867 871
f 870 871 872
f 872 873 870
f 377 870 873
f 873 378 377
f 874 871 867
f 867 865 874
f 875 874 865
f 865 864 875
f 874 875 876
f 876 877 874
f 871 874 877
f 877 872 871
f 878 879 880
f 880 881 878
f 882 878 881
f 881 883 882
f 878 882 872
f 872 877 878
f 879 878 877
f 877 876 879
f 884 882 883
f 883 885 884
f 381 884 885
f 885 382 381
f 884 381 378
f 378 873 884
f 882 884 873
f 873 872 882
f 886 391 382
f 382 885 886
f 887 886 885
f 885 883 887
f 886 887 888
f 888 889 886
f 391 886 889
f 889 392 391
f 890 887 883
f 883 881 890
f 891 890 881
f 881 880 891
f 890 891 892
f 892 893 890
f 887 890 893
f 893 888 887
f 894 895 896
f 896 897 894
f 898 894 897
f 897 899 898
f 894 898 888
f 888 893 894
f 895 894 893
f 893 892 895
f 900 898 899
f 899 901 900
f 395 900 901
f 901 396 395
f 900 395 392
f 392 889 900
f 898 900 889
f 889 888 898
f 902 405 396
f 396 901 902
f 903 902 901
f 901 899 903
f 902 903 904
f 904 905 902
f 405 902 905
f 905 406 405
f 906 903 899
f 899 897 906
f 907 906 897
f 897 896 907
f 906 907 908
f 908 909 906
f 903 906 909
f 909 904 903
f 910 911 912
f 912 913 910
f 914 910 913
f 913 915 914
f 910 914 904
f 904 909 910
f 911 910 909
f 909 908 911
f 916 914 915
f 915 917 916
f 409 916 917
f 917 410 409
f 916 409 406
f 406 905 916
f 914 916 905
f 905 904 914
f 918 419 410
f 410 917 918
f 919 918 917
f 917 915 919
f 918 919 920
f 920 921 918
f 419 918 921
f 921 420 419
f 922 919 915
f 915 913 922
f 923 922 913
f 913 912 923
f 922 923 924
f 924 925 922
f 919 922 925
f 925 920 919
f 926 927 928
f 928 929 926
f 930 926 929
f 929 931 930
f 926 930 920
f 920 925 926
f 927 926 925
f 925 924 927
f 932 930 931
f 931 933 932
f 423 932 933
f 933 424 423
f 932 423 420
f 420 921 932
f 930 932 921
f 921 920 930
f 934 433 424
f 424 933 934
f 935 934 933
f 933 931 935
f 934 935 936
f 936 937 934
f 433 934 937
f 937 434 433
f 938 935 931
f 931 929 938
f 939 938 929
f 929 928 939
f 938 939 940
f 940 941 938
f 935 938 941
f 941 936 935
f 942 943 944
f 944 945 942
f 946 942 945
f 945 947 946
f 942 946 936
f 936 941 942
f 943 942 941
f 941 940 943
f 948 946 947
f 947 949 948
f 437 948 949
f 949 438 437
f 948 437 434
f 434 937 948
f 946 948 937
f 937 936 946
f 950 445 438
f 438 949 950
f 951 950 949
f 949 947 951
f 950 951 952
f 952 953 950
f 445 950 953
f 953 446 445
f 954 951 947
f 947 945 954
f 955 954 945
f 945 944 955
f 954 955 956
f 956 957 954
f 951 954 957
f 957 952 951
f 958 959 459
f 459 457 958
f 960 958 457
f 457 453 960
f 958 960 952
f 952 957 958
f 959 958 957
f 957 956 959
f 961 960 453
f 453 451 961
f 449 961 451
f 451 13 449
f 961 449 446
f 446 953 961
f 960 961 953
f 953 952 960
f 962 458 459
f 459 963 962
f 964 962 963
f 963 965 964
f 962 964 966
f 966 967 962
f 458 962 967
f 967 460 458
f 968 964 965
f 965 969 968
f 970 968 969
f 969 971 970
f 968 970 972
f 972 973 968
f 964 968 973
f 973 966 964
f 974 975 976
f 976 977 974
f 978 974 977
f 977 979 978
f 974 978 966
f 966 973 974
f 975 974 973
f 973 972 975
f 980 978 979
f 979 981 980
f 463 980 981
f 981 464 463
f 980 463 460
f 460 967 980
f 978 980 967
f 967 966 978
f 982 475 464
f 464 981 982
f 983 982 981
f 981 979 983
f 982 983 984
f 984 985 982
f 475 982 985
f 985 476 475
f 986 983 979
f 979 977 986
f 987 986 977
f 977 976 987
f 986 987 988
f 988 989 986
f 983 986 989
f 989 984 983
f 990 991 992
f 992 993 990
f 994 990 993
f 993 995 994
f 990 994 984
f 984 989 990
f 991 990 989
f 989 988 991
f 996 994 995
f 995 997 996
f 479 996 997
f 997 480 479
f 996 479 476
f 476 985 996
f 994 996 985
f 985 984 994
f 998 491 480
f 480 997 998
f 999 998 997
f 997 995 999
f 998 999 1000
f 1000 1001 998
f 491 998 1001
f 1001 492 491
f 1002 999 995
f 995 993 1002
f 1003 1002 993
f 993 992 1003
f 1002 1003 1004
f 1004 1005 1002
f 999 1002 1005
f 1005 1000 999
f 1006 1007 1008
f 1008 1009 1006
f 1010 1006 1009
f 1009 1011 1010
f 1006 1010 1000
f 1000 1005 1006
f 1007 1006 1005
f 1005 1004 1007
f 1012 1010 1011
f 1011 1013 1012
f 495 1012 1013
f 1013 496 495
f 1012 495 492
f 492 1001 1012
f 1010 1012 1001
f 1001 1000 1010
f 1014 507 496
f 496 1013 1014
f 1015 1014 1013
f 1013 1011 1015
f 1014 1015 1016
f 1016 1017 1014
f 507 1014 1017
f 1017 508 507
f 1018 1015 1011
f 1011 1009 1018
f 1019 1018 1009
f 1009 1008 1019
f 1018 1019 1020
f 1020 1021 1018
f 1015 1018 1021
f 1021 1016 1015
f 1022 1023 1024
f 1024 1025 1022
f 1026 1022 1025
f 1025 1027 1026
f 1022 1026 1016
f 1016 1021 1022
f 1023 1022 1021
f 1021 1020 1023
f 1028 1026 1027
f 1027 1029 1028
f 511 1028 1029
f 1029 512 511
f 1028 511 508
f 508 1017 1028
f 1026 1028 1017
f 1017 1016 1026
f 1030 523 512
f 512 1029 1030
f 1031 1030 1029
f 1029 1027 1031
f 1030 1031 1032
f 1032 1033 1030
f 523 1030 1033
f 1033 524 523
f 1034 1031 1027
f 1027 1025 1034
f 1035 1034 1025
f 1025 1024 1035
f 1034 1035 1036
f 1036 1037 1034
f 1031 1034 1037
f 1037 1032 1031
f 1038 1039 1040
f 1040 1041 1038
f 1042 1038 1041
f 1041 1043 1042
f 1038 1042 1032
f 1032 1037 1038
f 1039 1038 1037
f 1037 1036 1039
f 1044 1042 1043
f 1043 1045 1044
f 527 1044 1045
f 1045 528 527
f 1044 527 524
f 524 1033 1044
f 1042 1044 1033
f 1033 1032 1042
f 1046 539 528
f 528 1045 1046
f 1047 1046 1045
f 1045 1043 1047
f 1046 1047 1048
f 1048 1049 1046
f 539 1046 1049
f 1049 540 539
f 1050 1047 1043
f 1043 1041 1050
f 1051 1050 1041
f 1041 1040 1051
f 1050 1051 1052
f 1052 1053 1050
f 1047 1050 1053
f 1053 1048 1047
f 1054 1055 1056
f 1056 1057 1054
f 1058 1054 1057
f 1057 1059 1058
f 1054 1058 1048
f 1048 1053 1054
f 1055 1054 1053
f 1053 1052 1055
f 1060 1058 1059
f 1059 1061 1060
f 543 1060 1061
f 1061 544 543
f 1060 543 540
f 540 1049 1060
f 1058 1060 1049
f 1049 1048 1058
f 1062 555 544
f 544 1061 1062
f 1063 1062 1061
f 1061 1059 1063
f 1062 1063 1064
f 1064 1065 1062
f 555 1062 1065
f 1065 556 555
f 1066 1063 1059
f 1059 1057 1066
f 1067 1066 1057
f 1057 1056 1067
f 1066 1067 1068
f 1068 1069 1066
f 1063 1066 1069
f 1069 1064 1063
f 1070 1071 1072
f 1072 1073 1070
f 1074 1070 1073
f 1073 1075 1074
f 1070 1074 1064
f 1064 1069 1070
f 1071 1070 1069
f 1069 1068 1071
f 1076 1074 1075
f 1075 1077 1076
f 559 1076 1077
f 1077 560 559
f 1076 559 556
f 556 1065 1076
f 1074 1076 1065
f 1065 1064 1074
f 1078 571 560
f 560 1077 1078
f 1079 1078 1077
f 1077 1075 1079
f 1078 1079 1080
f 1080 1081 1078
f 571 1078 1081
f 1081 572 571
f 1082 1079 1075
f 1075 1073 1082
f 1083 1082 1073
f 1073 1072 1083
f 1082 1083 1084
f 1084 1085 1082
f 1079 1082 1085
f 1085 1080 1079
f 1086 1087 1088
f 1088 1089 1086
f 1090 1086 1089
f 1089 1091 1090
f 1086 1090 1080
f 1080 1085 1086
f 1087 1086 1085
f 1085 1084 1087
f 1092 1090 1091
f 1091 1093 1092
f 575 1092 1093
f 1093 576 575
f 1092 575 572
f 572 1081 1092
f 1090 1092 1081
f 1081 1080 1090
f 1094 587 576
f 576 1093 1094
f 1095 1094 1093
f 1093 1091 1095
f 1094 1095 1096
f 1096 1097 1094
f 587 1094 1097
f 1097 588 587
f 1098 1095 1091
f 1091 1089 1098
f 1099 1098 1089
f 1089 1088 1099
f 1098 1099 1100
f 1100 1101 1098
f 1095 1098 1101
f 1101 1096 1095
f 1102 1103 1104
f 1104 1105 1102
f 1106 1102 1105
f 1105 1107 1106
f 1102 1106 1096
f 1096 1101 1102
f 1103 1102 1101
f 1101 1100 1103
f 1108 1106 1107
f 1107 1109 1108
f 591 1108 1109
f 1109 592 591
f 1108 591 588
f 588 1097 1108
f 1106 1108 1097
f 1097 1096 1106
f 1110 603 592
f 592 1109 1110
f 1111 1110 1109
f 1109 1107 1111
f 1110 1111 1112
f 1112 1113 1110
f 603 1110 1113
f 1113 604 603
f 1114 1111 1107
f 1107 1105 1114
f 1115 1114 1105
f 1105 1104 1115
f 1114 1115 1116
f 1116 1117 1114
f 1111 1114 1117
f 1117 1112 1111
f 1118 1119 1120
f 1120 1121 1118
f 1122 1118 1121
f 1121 1123 1122
f 1118 1122 1112
f 1112 1117 1118
f 1119 1118 1117
f 1117 1116 1119
f 1124 1122 1123
f 1123 1125 1124
f 607 1124 1125
f 1125 608 607
f 1124 607 604
f 604 1113 1124
f 1122 1124 1113
f 1113 1112 1122
f 1126 619 608
f 608 1125 1126
f 1127 1126 1125
f 1125 1123 1127
f 1126 1127 1128
f 1128 1129 1126
f 619 1126 1129
f 1129 620 619
f 1130 1127 1123
f 1123 1121 1130
f 1131 1130 1121
f 1121 1120 1131
f 1130 1131 1132
f 1132 1133 1130
f 1127 1130 1133
f 1133 1128 1127
f 1134 1135 1136
f 1136 1137 1134
f 1138 1134 1137
f 1137 1139 1138
f 1134 1138 1128
f 1128 1133 1134
f 1135 1134 1133
f 1133 1132 1135
f 1140 1138 1139
f 1139 1141 1140
f 623 1140 1141
f 1141 624 623
f 1140 623 620
f 620 1129 1140
f 1138 1140 1129
f 1129 1128 1138
f 1142 635 624
f 624 1141 1142
f 1143 1142 1141
f 1141 1139 1143
f 1142 1143 1144
f 1144 1145 1142
f 635 1142 1145
f 1145 636 635
f 1146 1143 1139
f 1139 1137 1146
f 1147 1146 1137
f 1137 1136 1147
f 1146 1147 1148
f 1148 1149 1146
f 1143 1146 1149
f 1149 1144 1143
f 1150 1151 1152
f 1152 1153 1150
f 1154 1150 1153
f 1153 1155 1154
f 1150 1154 1144
f 1144 1149 1150
f 1151 1150 1149
f 1149 1148 1151
f 1156 1154 1155
f 1155 1157 1156
f 639 1156 1157
f 1157 640 639
f 1156 639 636
f 636 1145 1156
f 1154 1156 1145
f 1145 1144 1154
f 1158 651 640
f 640 1157 1158
f 1159 1158 1157
f 1157 1155 1159
f 1158 1159 1160
f 1160 1161 1158
f 651 1158 1161
f 1161 652 651
f 1162 1159 1155
f 1155 1153 1162
f 1163 1162 1153
f 1153 1152 1163
f 1162 1163 1164
f 1164 1165 1162
f 1159 1162 1165
f 1165 1160 1159
f 1166 1167 1168
f 1168 1169 1166
f 1170 1166 1169
f 1169 1171 1170
f 1166 1170 1160
f 1160 1165 1166
f 1167 1166 1165
f 1165 1164 1167
f 1172 1170 1171
f 1171 1173 1172
f 655 1172 1173
f 1173 656 655
f 1172 655 652
f 652 1161 1172
f 1170 1172 1161
f 1161 1160 1170
f 1174 667 656
f 656 1173 1174
f 1175 1174 1173
f 1173 1171 1175
f 1174 1175 1176
f 1176 1177 1174
f 667 1174 1177
f 1177 668 667
f 1178 1175 1171
f 1171 1169 1178
f 1179 1178 1169
f 1169 1168 1179
f 1178 1179 1180
f 1180 1181 1178
f 1175 1178 1181
f 1181 1176 1175
f 1182 1183 1184
f 1184 1185 1182
f 1186 1182 1185
f 1185 1187 1186
f 1182 1186 1176
f 1176 1181 1182
f 1183 1182 1181
f 1181 1180 1183
f 1188 1186 1187
f 1187 1189 1188
f 671 1188 1189
f 1189 672 671
f 1188 671 668
f 668 1177 1188
f 1186 1188 1177
f 1177 1176 1186
f 1190 683 672
f 672 1189 1190
f 1191 1190 1189
f 1189 1187 1191
f 1190 1191 1192
f 1192 1193 1190
f 683 1190 1193
f 1193 684 683
f 1194 1191 1187
f 1187 1185 1194
f 1195 1194 1185
f 1185 1184 1195
f 1194 1195 1196
f 1196 1197 1194
f 1191 1194 1197
f 1197 1192 1191
f 1198 1199 1200
f 1200 1201 1198
f 1202 1198 1201
f 1201 1203 1202
f 1198 1202 1192
f 1192 1197 1198
f 1199 1198 1197
f 1197 1196 1199
f 1204 1202 1203
f 1203 1205 1204
f 687 1204 1205
f 1205 688 687
f 1204 687 684
f 684 1193 1204
f 1202 1204 1193
f 1193 1192 1202
f 1206 699 688
f 688 1205 1206
f 1207 1206 1205
f 1205 1203 1207
f 1206 1207 1208
f 1208 1209 1206
f 699 1206 1209
f 1209 700 699
f 1210 1207 1203
f 1203 1201 1210
f 1211 1210 1201
f 1201 1200 1211
f 1210 1211 1212
f 1212 1213 1210
f 1207 1210 1213
f 1213 1208 1207
f 1214 1215 1216
f 1216 1217 1214
f 1218 1214 1217
f 1217 1219 1218
f 1214 1218 1208
f 1208 1213 1214
f 1215 1214 1213
f 1213 1212 1215
f 1220 1218 1219
f 1219 1221 1220
f 703 1220 1221
f 1221 704 703
f 1220 703 700
f 700 1209 1220
f 1218 1220 1209
f 1209 1208 1218
f 1222 715 704
f 704 1221 1222
f 1223 1222 1221
f 1221 1219 1223
f 1222 1223 1224
f 1224 1225 1222
f 715 1222 1225
f 1225 716 715
f 1226 1223 1219
f 1219 1217 1226
f 1227 1226 1217
f 1217 1216 1227
f 1226 1227 1228
f 1228 1229 1226
f 1223 1226 1229
f 1229 1224 1223
f 1230 1231 1232
f 1232 1233 1230
f 1234 1230 1233
f 1233 1235 1234
f 1230 1234 1224
f 1224 1229 1230
f 1231 1230 1229
f 1229 1228 1231
f 1236 1234 1235
f 1235 1237 1236
f 719 1236 1237
f 1237 720 719
f 1236 719 716
f 716 1225 1236
f 1234 1236 1225
f 1225 1224 1234
f 1238 731 720
f 720 1237 1238
f 1239 1238 1237
f 1237 1235 1239
f 1238 1239 1240
f 1240 1241 1238
f 731 1238 1241
f 1241 732 731
f 1242 1239 1235
f 1235 1233 1242
f 1243 1242 1233
f 1233 1232 1243
f 1242 1243 1244
f 1244 1245 1242
f 1239 1242 1245
f 1245 1240 1239
f 1246 1247 1248
f 1248 1249 1246
f 1250 1246 1249
f 1249 1251 1250
f 1246 1250 1240
f 1240 1245 1246
f 1247 1246 1245
f 1245 1244 1247
f 1252 1250 1251
f 1251 1253 1252
f 735 1252 1253
f 1253 736 735
f 1252 735 732
f 732 1241 1252
f 1250 1252 1241
f 1241 1240 1250
f 1254 747 736
f 736 1253 1254
f 1255 1254 1253
f 1253 1251 1255
f 1254 1255 1256
f 1256 1257 1254
f 747 1254 1257
f 1257 748 747
f 1258 1255 1251
f 1251 1249 1258
f 1259 1258 1249
f 1249 1248 1259
f 1258 1259 1260
f 1260 1261 1258
f 1255 1258 1261
f 1261 1256 1255
f 1262 1263 1264
f 1264 1265 1262
f 1266 1262 1265
f 1265 1267 1266
f 1262 1266 1256
f 1256 1261 1262
f 1263 1262 1261
f 1261 1260 1263
f 1268 1266 1267
f 1267 1269 1268
f 751 1268 1269
f 1269 752 751
f 1268 751 748
f 748 1257 1268
f 1266 1268 1257
f 1257 1256 1266
f 1270 763 752
f 752 1269 1270
f 1271 1270 1269
f 1269 1267 1271
f 1270 1271 1272
f 1272 1273 1270
f 763 1270 1273
f 1273 764 763
f 1274 1271 1267
f 1267 1265 1274
f 1275 1274 1265
f 1265 1264 1275
f 1274 1275 1276
f 1276 1277 1274
f 1271 1274 1277
f 1277 1272 1271
f 1278 1279 1280
f 1280 1281 1278
f 1282 1278 1281
f 1281 1283 1282
f 1278 1282 1272
f 1272 1277 1278
f 1279 1278 1277
f 1277 1276 1279
f 1284 1282 1283
f 1283 1285 1284
f 767 1284 1285
f 1285 768 767
f 1284 767 764
f 764 1273 1284
f 1282 1284 1273
f 1273 1272 1282
f 1286 779 768
f 768 1285 1286
f 1287 1286 1285
f 1285 1283 1287
f 1286 1287 1288
f 1288 1289 1286
f 779 1286 1289
f 1289 780 779
f 1290 1287 1283
f 1283 1281 1290
f 1291 1290 1281
f 1281 1280 1291
f 1290 1291 1292
f 1292 1293 1290
f 1287 1290 1293
f 1293 1288 1287
f 1294 1295 1296
f 1296 1297 1294
f 1298 1294 1297
f 1297 1299 1298
f 1294 1298 1288
f 1288 1293 1294
f 1295 1294 1293
f 1293 1292 1295
f 1300 1298 1299
f 1299 1301 1300
f 783 1300 1301
f 1301 784 783
f 1300 783 780
f 780 1289 1300
f 1298 1300 1289
f 1289 1288 1298
f 1302 795 784
f 784 1301 1302
f 1303 1302 1301
f 1301 1299 1303
f 1302 1303 1304
f 1304 1305 1302
f 795 1302 1305
f 1305 796 795
f 1306 1303 1299
f 1299 1297 1306
f 1307 1306 1297
f 1297 1296 1307
f 1306 1307 1308
f 1308 1309 1306
f 1303 1306 1309
f 1309 1304 1303
f 1310 1311 1312
f 1312 1313 1310
f 1314 1310 1313
f 1313 1315 1314
f 1310 1314 1304
f 1304 1309 1310
f 1311 1310 1309
f 1309 1308 1311
f 1316 1314 1315
f 1315 1317 1316
f 799 1316 1317
f 1317 800 799
f 1316 799 796
f 796 1305 1316
f 1314 1316 1305
f 1305 1304 1314
f 1318 811 800
f 800 1317 1318
f 1319 1318 1317
f 1317 1315 1319
f 1318 1319 1320
f 1320 1321 1318
f 811 1318 1321
f 1321 812 811
f 1322 1319 1315
f 1315 1313 1322
f 1323 1322 1313
f 1313 1312 1323
f 1322 1323 1324
f 1324 1325 1322
f 1319 1322 1325
f 1325 1320 1319
f 1326 1327 1328
f 1328 1329 1326
f 1330 1326 1329
f 1329 1331 1330
f 1326 1330 1320
f 1320 1325 1326
f 1327 1326 1325
f 1325 1324 1327
f 1332 1330 1331
f 1331 1333 1332
f 815 1332 1333
f 1333 816 815
f 1332 815 812
f 812 1321 1332
f 1330 1332 1321
f 1321 1320 1330
f 1334 827 816
f 816 1333 1334
f 1335 1334 1333
f 1333 1331 1335
f 1334 1335 1336
f 1336 1337 1334
f 827 1334 1337
f 1337 828 827
f 1338 1335 1331
f 1331 1329 1338
f 1339 1338 1329
f 1329 1328 1339
f 1338 1339 1340
f 1340 1341 1338
f 1335 1338 1341
f 1341 1336 1335
f 1342 1343 1344
f 1344 1345 1342
f 1346 1342 1345
f 1345 1347 1346
f 1342 1346 1336
f 1336 1341 1342
f 1343 1342 1341
f 1341 1340 1343
f 1348 1346 1347
f 1347 1349 1348
f 831 1348 1349
f 1349 832 831
f 1348 831 828
f 828 1337 1348
f 1346 1348 1337
f 1337 1336 1346
f 1350 843 832
f 832 1349 1350
f 1351 1350 1349
f 1349 1347 1351
f 1350 1351 1352
f 1352 1353 1350
f 843 1350 1353
f 1353 844 843
f 1354 1351 1347
f 1347 1345 1354
f 1355 1354 1345
f 1345 1344 1355
f 1354 1355 1356
f 1356 1357 1354
f 1351 1354 1357
f 1357 1352 1351
f 1358 1359 1360
f 1360 1361 1358
f 1362 1358 1361
f 1361 1363 1362
f 1358 1362 1352
f 1352 1357 1358
f 1359 1358 1357
f 1357 1356 1359
f 1364 1362 1363
f 1363 1365 1364
f 847 1364 1365
f 1365 848 847
f 1364 847 844
f 844 1353 1364
f 1362 1364 1353
f 1353 1352 1362
f 1366 859 848
f 848 1365 1366
f 1367 1366 1365
f 1365 1363 1367
f 1366 1367 1368
f 1368 1369 1366
f 859 1366 1369
f 1369 860 859
f 1370 1367 1363
f 1363 1361 1370
f 1371 1370 1361
f 1361 1360 1371
f 1370 1371 1372
f 1372 1373 1370
f 1367 1370 1373
f 1373 1368 1367
f 1374 1375 1376
f 1376 1377 1374
f 1378 1374 1377
f 1377 1379 1378
f 1374 1378 1368
f 1368 1373 1374
f 1375 1374 1373
f 1373 1372 1375
f 1380 1378 1379
f 1379 1381 1380
f 863 1380 1381
f 1381 864 863
f 1380 863 860
f 860 1369 1380
f 1378 1380 1369
f 1369 1368 1378
f 1382 875 864
f 864 1381 1382
f 1383 1382 1381
f 1381 1379 1383
f 1382 1383 1384
f 1384 1385 1382
f 875 1382 1385
f 1385 876 875
f 1386 1383 1379
f 1379 1377 1386
f 1387 1386 1377
f 1377 1376 1387
f 1386 1387 1388
f 1388 1389 1386
f 1383 1386 1389
f 1389 1384 1383
f 1390 1391 1392
f 1392 1393 1390
f 1394 1390 1393
f 1393 1395 1394
f 1390 1394 1384
f 1384 1389 1390
f 1391 1390 1389
f 1389 1388 1391
f 1396 1394 1395
f 1395 1397 1396
f 879 1396 1397
f 1397 880 879
f 1396 879 876
f 876 1385 1396
f 1394 1396 1385
f 1385 1384 1394
f 1398 891 880
f 880 1397 1398
f 1399 1398 1397
f 1397 1395 1399
f 1398 1399 1400
f 1400 1401 1398
f 891 1398 1401
f 1401 892 891
f 1402 1399 1395
f 1395 1393 1402
f 1403 1402 1393
f 1393 1392 1403
f 1402 1403 1404
f 1404 1405 1402
f 1399 1402 1405
f 1405 1400 1399
f 1406 1407 1408
f 1408 1409 1406
f 1410 1406 1409
f 1409 1411 1410
f 1406 1410 1400
f 1400 1405 1406
f 1407 1406 1405
f 1405 1404 1407
f 1412 1410 1411
f 1411 1413 1412
f 895 1412 1413
f 1413 896 895
f 1412 895 892
f 892 1401 1412
f 1410 1412 1401
f 1401 1400 1410
f 1414 907 896
f 896 1413 1414
f 1415 1414 1413
f 1413 1411 1415
f 1414 1415 1416
f 1416 1417 1414
f 907 1414 1417
f 1417 908 907
f 1418 1415 1411
f 1411 1409 1418
f 1419 1418 1409
f 1409 1408 1419
f 1418 1419 1420
f 1420 1421 1418
f 1415 1418 1421
f 1421 1416 1415
f 1422 1423 1424
f 1424 1425 1422
f 1426 1422 1425
f 1425 1427 1426
f 1422 1426 1416
f 1416 1421 1422
f 1423 1422 1421
f 1421 1420 1423
f 1428 1426 1427
f 1427 1429 1428
f 911 1428 1429
f 1429 912 911
f 1428 911 908
f 908 1417 1428
f 1426 1428 1417
f 1417 1416 1426
f 1430 923 912
f 912 1429 1430
f 1431 1430 1429
f 1429 1427 1431
f 1430 1431 1432
f 1432 1433 1430
f 923 1430 1433
f 1433 924 923
f 1434 1431 1427
f 1427 1425 1434
f 1435 1434 1425
f 1425 1424 1435
f 1434 1435 1436
f 1436 1437 1434
f 1431 1434 1437
f 1437 1432 1431
f 1438 1439 1440
f 1440 1441 1438
f 1442 1438 1441
f 1441 1443 1442
f 1438 1442 1432
f 1432 1437 1438
f 1439 1438 1437
f 1437 1436 1439
f 1444 1442 1443
f 1443 1445 1444
f 927 1444 1445
f 1445 928 927
f 1444 927 924
f 924 1433 1444
f 1442 1444 1433
f 1433 1432 1442
f 1446 939 928
f 928 1445 1446
f 1447 1446 1445
f 1445 1443 1447
f 1446 1447 1448
f 1448 1449 1446
f 939 1446 1449
f 1449 940 939
f 1450 1447 1443
f 1443 1441 1450
f 1451 1450 1441
f 1441 1440 1451
f 1450 1451 1452
f 1452 1453 1450
f 1447 1450 1453
f 1453 1448 1447
f 1454 1455 1456
f 1456 1457 1454
f 1458 1454 1457
f 1457 1459 1458
f 1454 1458 1448
f 1448 1453 1454
f 1455 1454 1453
f 1453 1452 1455
f 1460 1458 1459
f 1459 1461 1460
f 943 1460 1461
f 1461 944 943
f 1460 943 940
f 940 1449 1460
f 1458 1460 1449
f 1449 1448 1458
f 1462 955 944
f 944 1461 1462
f 1463 1462 1461
f 1461 1459 1463
f 1462 1463 1464
f 1464 1465 1462
f 955 1462 1465
f 1465 956 955
f 1466 1463 1459
f 1459 1457 1466
f 1467 1466 1457
f 1457 1456 1467
f 1466 1467 1468
f 1468 1469 1466
f 1463 1466 1469
f 1469 1464 1463
f 1470 1471 971
f 971 969 1470
f 1472 1470 969
f 969 965 1472
f 1470 1472 1464
f 1464 1469 1470
f 1471 1470 1469
f 1469 1468 1471
f 1473 1472 965
f 965 963 1473
f 959 1473 963
f 963 459 959
f 1473 959 956
f 956 1465 1473
f 1472 1473 1465
f 1465 1464 1472
f 1474 970 971
f 971 1475 1474
f 1476 1474 1475
f 1475 1477 1476
f 1474 1476 1478
f 1478 1479 1474
f 970 1474 1479
f 1479 972 970
f 1480 1476 1477
f 1477 1481 1480
f 1482 1480 1481
f 1481 1483 1482
f 1480 1482 1484
f 1484 1485 1480
f 1476 1480 1485
f 1485 1478 1476
f 1486 1487 1488
f 1488 1489 1486
f 1490 1486 1489
f 1489 1491 1490
f 1486 1490 1478
f 1478 1485 1486
f 1487 1486 1485
f 1485 1484 1487
f 1492 1490 1491
f 1491 1493 1492
f 975 1492 1493
f 1493 976 975
f 1492 975 972
f 972 1479 1492
f 1490 1492 1479
f 1479 1478 1490
f 1494 987 976
f 976 1493 1494
f 1495 1494 1493
f 1493 1491 1495
f 1494 1495 1496
f 1496 1497 1494
f 987 1494 1497
f 1497 988 987
f 1498 1495 1491
f 1491 1489 1498
f 1499 1498 1489
f 1489 1488 1499
f 1498 1499 1500
f 1500 1501 1498
f 1495 1498 1501
f 1501 1496 1495
f 1502 1503 1504
f 1504 1505 1502
f 1506 1502 1505
f 1505 1507 1506
f 1502 1506 1496
f 1496 1501 1502
f 1503 1502 1501
f 1501 1500 1503
f 1508 1506 1507
f 1507 1509 1508
f 991 1508 1509
f 1509 992 991
f 1508 991 988
f 988 1497 1508
f 1506 1508 1497
f 1497 1496 1506
f 1510 1003 992
f 992 1509 1510
f 1511 1510 1509
f 1509 1507 1511
f 1510 1511 1512
f 1512 1513 1510
f 1003 1510 1513
f 1513 1004 1003
f 1514 1511 1507
f 1507 1505 1514
f 1515 1514 1505
f 1505 1504 1515
f 1514 1515 1516
f 1516 1517 1514
f 1511 1514 1517
f 1517 1512 1511
f 1518 1519 1520
f 1520 1521 1518
f 1522 1518 1521
f 1521 1523 1522
f 1518 1522 1512
f 1512 1517 1518
f 1519 1518 1517
f 1517 1516 1519
f 1524 1522 1523
f 1523 1525 1524
f 1007 1524 1525
f 1525 1008 1007
f 1524 1007 1004
f 1004 1513 1524
f 1522 1524 1513
f 1513 1512 1522
f 1526 1019 1008
f 1008 1525 1526
f 1527 1526 1525
f 1525 1523 1527
f 1526 1527 1528
f 1528 1529 1526
f 1019 1526 1529
f 1529 1020 1019
f 1530 1527 1523
f 1523 1521 1530
f 1531 1530 1521
f 1521 1520 1531
f 1530 1531 1532
f 1532 1533 1530
f 1527 1530 1533
f 1533 1528 1527
f 1534 1535 1536
f 1536 1537 1534
f 1538 1534 1537
f 1537 1539 1538
f 1534 1538 1528
f 1528 1533 1534
f 1535 1534 1533
f 1533 1532 1535
f 1540 1538 1539
f 1539 1541 1540
f 1023 1540 1541
f 1541 1024 1023
f 1540 1023 1020
f 1020 1529 1540
f 1538 1540 1529
f 1529 1528 1538
f 1542 1035 1024
f 1024 1541 1542
f 1543 1542 1541
f 1541 1539 1543
f 1542 1543 1544
f 1544 1545 1542
f 1035 1542 1545
f 1545 1036 1035
f 1546 1543 1539
f 1539 1537 1546
f 1547 1546 1537
f 1537 1536 1547
f 1546 1547 1548
f 1548 1549 1546
f 1543 1546 1549
f 1549 1544 1543
f 1550 1551 1552
f 1552 1553 1550
f 1554 1550 1553
f 1553 1555 1554
f 1550 1554 1544
f 1544 1549 1550
f 1551 1550 1549
f 1549 1548 1551
f 1556 1554 1555
f 1555 1557 1556
f 1039 1556 1557
f 1557 1040 1039
f 1556 1039 1036
f 1036 1545 1556
f 1554 1556 1545
f 1545 1544 1554
f 1558 1051 1040
f 1040 1557 1558
f 1559 1558 1557
f 1557 1555 1559
f 1558 1559 1560
f 1560 1561 1558
f 1051 1558 1561
f 1561 1052 1051
f 1562 1559 1555
f 1555 1553 1562
f 1563 1562 1553
f 1553 1552 1563
f 1562 1563 1564
f 1564 1565 1562
f 1559 1562 1565
f 1565 1560 1559
f 1566 1567 1568
f 1568 1569 1566
f 1570 1566 1569
f 1569 1571 1570
f 1566 1570 1560
f 1560 1565 1566
f 1567 1566 1565
f 1565 1564 1567
f 1572 1570 1571
f 1571 1573 1572
f 1055 1572 1573
f 1573 1056 1055
f 1572 1055 1052
f 1052 1561 1572
f 1570 1572 1561
f 1561 1560 1570
f 1574 1067 1056
f 1056 1573 1574
f 1575 1574 1573
f 1573 1571 1575
f 1574 1575 1576
f 1576 1577 1574
f 1067 1574 1577
f 1577 1068 1067
f 1578 1575 1571
f 1571 1569 1578
f 1579 1578 1569
f 1569 1568 1579
f 1578 1579 1580
f 1580 1581 1578
f 1575 1578 1581
f 1581 1576 1575
f 1582 1583 1584
f 1584 1585 1582
f 1586 1582 1585
f 1585 1587 1586
f 1582 1586 1576
f 1576 1581 1582
f 1583 1582 1581
f 1581 1580 1583
f 1588 1586 1587
f 1587 1589 1588
f 1071 1588 1589
f 1589 1072 1071
f 1588 1071 1068
f 1068 1577 1588
f 1586 1588 1577
f 1577 1576 1586
f 1590 1083 1072
f 1072 1589 1590
f 1591 1590 1589
f 1589 1587 1591
f 1590 1591 1592
f 1592 1593 1590
f 1083 1590 1593
f 1593 1084 1083
f 1594 1591 1587
f 1587 1585 1594
f 1595 1594 1585
f 1585 1584 1595
f 1594 1595 1596
f 1596 1597 1594
f 1591 1594 1597
f 1597 1592 1591
f 1598 1599 1600
f 1600 1601 1598
f 1602 1598 1601
f 1601 1603 1602
f 1598 1602 1592
f 1592 1597 1598
f 1599 1598 1597
f 1597 1596 1599
f 1604 1602 1603
f 1603 1605 1604
f 1087 1604 1605
f 1605 1088 1087
f 1604 1087 1084
f 1084 1593 1604
f 1602 1604 1593
f 1593 1592 1602
f 1606 1099 1088
f 1088 1605 1606
f 1607 1606 1605
f 1605 1603 1607
f 1606 1607 1608
f 1608 1609 1606
f 1099 1606 1609
f 1609 1100 1099
f 1610 1607 1603
f 1603 1601 1610
f 1611 1610 1601
f 1601 1600 1611
f 1610 1611 1612
f 1612 1613 1610
f 1607 1610 1613
f 1613 1608 1607
f 1614 1615 1616
f 1616 1617 1614
f 1618 1614 1617
f 1617 1619 1618
f 1614 1618 1608
f 1608 1613 1614
f 1615 1614 1613
f 1613 1612 1615
f 1620 1618 1619
f 1619 1621 1620
f 1103 1620 1621
f 1621 1104 1103
f 1620 1103 1100
f 1100 1609 1620
f 1618 1620 1609
f 1609 1608 1618
f 1622 1115 1104
f 1104 1621 1622
f 1623 1622 1621
f 1621 1619 1623
f 1622 1623 1624
f 1624 1625 1622
f 1115 1622 1625
f 1625 1116 1115
f 1626 1623 1619
f 1619 1617 1626
f 1627 1626 1617
f 1617 1616 1627
f 1626 1627 1628
f 1628 1629 1626
f 1623 1626 1629
f 1629 1624 1623
f 1630 1631 1632
f 1632 1633 1630
f 1634 1630 1633
f 1633 1635 1634
f 1630 1634 1624
f 1624 1629 1630
f 1631 1630 1629
f 1629 1628 1631
f 1636 1634 1635
f 1635 1637 1636
f 1119 1636 1637
f 1637 1120 1119
f 1636 1119 1116
f 1116 1625 1636
f 1634 1636 1625
f 1625 1624 1634
f 1638 1131 1120
f 1120 1637 1638
f 1639 1638 1637
f 1637 1635 1639
f 1638 1639 1640
f 1640 1641 1638
f 1131 1638 1641
f 1641 1132 1131
f 1642 1639 1635
f 1635 1633 1642
f 1643 1642 1633
f 1633 1632 1643
f 1642 1643 1644
f 1644 1645 1642
f 1639 1642 1645
f 1645 1640 1639
f 1646 1647 1648
f 1648 1649 1646
f 1650 1646 1649
f 1649 1651 1650
f 1646 1650 1640
f 1640 1645 1646
f 1647 1646 1645
f 1645 1644 1647
f 1652 1650 1651
f 1651 1653 1652
f 1135 1652 1653
f 1653 1136 1135
f 1652 1135 1132
f 1132 1641 1652
f 1650 1652 1641
f 1641 1640 1650
f 1654 1147 1136
f 1136 1653 1654
f 1655 1654 1653
f 1653 1651 1655
f 1654 1655 1656
f 1656 1657 1654
f 1147 1654 1657
f 1657 1148 1147
f 1658 1655 1651
f 1651 1649 1658
f 1659 1658 1649
f 1649 1648 1659
f 1658 1659 1660
f 1660 1661 1658
f 1655 1658 1661
f 1661 1656 1655
f 1662 1663 1664
f 1664 1665 1662
f 1666 1662 1665
f 1665 1667 1666
f 1662 1666 1656
f 1656 1661 1662
f 1663 1662 1661
f 1661 1660 1663
f 1668 1666 1667
f 1667 1669 1668
f 1151 1668 1669
f 1669 1152 1151
f 1668 1151 1148
f 1148 1657 1668
f 1666 1668 1657
f 1657 1656 1666
f 1670 1163 1152
f 1152 1669 1670
f 1671 1670 1669
f 1669 1667 1671
f 1670 1671 1672
f 1672 1673 1670
f 1163 1670 1673
f 1673 1164 1163
f 1674 1671 1667
f 1667 1665 1674
f 1675 1674 1665
f 1665 1664 1675
f 1674 1675 1676
f 1676 1677 1674
f 1671 1674 1677
f 1677 1672 1671
f 1678 1679 1680
f 1680 1681 1678
f 1682 1678 1681
f 1681 1683 1682
f 1678 1682 1672
f 1672 1677 1678
f 1679 1678 1677
f 1677 1676 1679
f 1684 1682 1683
f 1683 1685 1684
f 1167 1684 1685
f 1685 1168 1167
f 1684 1167 1164
f 1164 1673 1684
f 1682 1684 1673
f 1673 1672 1682
f 1686 1179 1168
f 1168 1685 1686
f 1687 1686 1685
f 1685 1683 1687
f 1686 1687 1688
f 1688 1689 1686
f 1179 1686 1689
f 1689 1180 1179
f 1690 1687 1683
f 1683 1681 1690
f 1691 1690 1681
f 1681 1680 1691
f 1690 1691 1692
f 1692 1693 1690
f 1687 1690 1693
f 1693 1688 1687
f 1694 1695 1696
f 1696 1697 1694
f 1698 1694 1697
f 1697 1699 1698
f 1694 1698 1688
f 1688 1693 1694
f 1695 1694 1693
f 1693 1692 1695
f 1700 1698 1699
f 1699 1701 1700
f 1183 1700 1701
f 1701 1184 1183
f 1700 1183 1180
f 1180 1689 1700
f 1698 1700 1689
f 1689 1688 1698
f 1702 1195 1184
f 1184 1701 1702
f 1703 1702 1701
f 1701 1699 1703
f 1702 1703 1704
f 1704 1705 1702
f 1195 1702 1705
f 1705 1196 1195
f 1706 1703 1699
f 1699 1697 1706
f 1707 1706 1697
f 1697 1696 1707
f 1706 1707 1708
f 1708 1709 1706
f 1703 1706 1709
f 1709 1704 1703
f 1710 1711 1712
f 1712 1713 1710
f 1714 1710 1713
f 1713 1715 1714
f 1710 1714 1704
f 1704 1709 1710
f 1711 1710 1709
f 1709 1708 1711
f 1716 1714 1715
f 1715 1717 1716
f 1199 1716 1717
f 1717 1200 1199
f 1716 1199 1196
f 1196 1705 1716
f 1714 1716 1705
f 1705 1704 1714
f 1718 1211 1200
f 1200 1717 1718
f 1719 1718 1717
f 1717 1715 1719
f 1718 1719 1720
f 1720 1721 1718
f 1211 1718 1721
f 1721 1212 1211
f 1722 1719 1715
f 1715 1713 1722
f 1723 1722 1713
f 1713 1712 1723
f 1722 1723 1724
f 1724 1725 1722
f 1719 1722 1725
f 1725 1720 1719
f 1726 1727 1728
f 1728 1729 1726
f 1730 1726 1729
f 1729 1731 1730
f 1726 1730 1720
f 1720 1725 1726
f 1727 1726 1725
f 1725 1724 1727
f 1732 1730 1731
f 1731 1733 1732
f 1215 1732 1733
f 1733 1216 1215
f 1732 1215 1212
f 1212 1721 1732
f 1730 1732 1721
f 1721 1720 1730
f 1734 1227 1216
f 1216 1733 1734
f 1735 1734 1733
f 1733 1731 1735
f 1734 1735 1736
f 1736 1737 1734
f 1227 1734 1737
f 1737 1228 1227
f 1738 1735 1731
f 1731 1729 1738
f 1739 1738 1729
f 1729 1728 1739
f 1738 1739 1740
f 1740 1741 1738
f 1735 1738 1741
f 1741 1736 1735
f 1742 1743 1744
f 1744 1745 1742
f 1746 1742 1745
f 1745 1747 1746
f 1742 1746 1736
f 1736 1741 1742
f 1743 1742 1741
f 1741 1740 1743
f 1748 1746 1747
f 1747 1749 1748
f 1231 1748 1749
f 1749 1232 1231
f 1748 1231 1228
f 1228 1737 1748
f 1746 1748 1737
f 1737 1736 1746
f 1750 1243 1232
f 1232 1749 1750
f 1751 1750 1749
f 1749 1747 1751
f 1750 1751 1752
f 1752 1753 1750
f 1243 1750 1753
f 1753 1244 1243
f 1754 1751 1747
f 1747 1745 1754
f 1755 1754 1745
f 1745 1744 1755
f 1754 1755 1756
f 1756 1757 1754
f 1751 1754 1757
f 1757 1752 1751
f 1758 1759 1760
f 1760 1761 1758
f 1762 1758 1761
f 1761 1763 1762
f 1758 1762 1752
f 1752 1757 1758
f 1759 1758 1757
f 1757 1756 1759
f 1764 1762 1763
f 1763 1765 1764
f 1247 1764 1765
f 1765 1248 1247
f 1764 1247 1244
f 1244 1753 1764
f 1762 1764 1753
f 1753 1752 1762
f 1766 1259 1248
f 1248 1765 1766
f 1767 1766 1765
f 1765 1763 1767
f 1766 1767 1768
f 1768 1769 1766
f 1259 1766 1769
f 1769 1260 1259
f 1770 1767 1763
f 1763 1761 1770
f 1771 1770 1761
f 1761 1760 1771
f 1770 1771 1772
f 1772 1773 1770
f 1767 1770 1773
f 1773 1768 1767
f 1774 1775 1776
f 1776 1777 1774
f 1778 1774 1777
f 1777 1779 1778
f 1774 1778 1768
f 1768 1773 1774
f 1775 1774 1773
f 1773 1772 1775
f 1780 1778 1779
f 1779 1781 1780
f 1263 1780 1781
f 1781 1264 1263
f 1780 1263 1260
f 1260 1769 1780
f 1778 1780 1769
f 1769 1768 1778
f 1782 1275 1264
f 1264 1781 1782
f 1783 1782 1781
f 1781 1779 1783
f 1782 1783 1784
f 1784 1785 1782
f 1275 1782 1785
f 1785 1276 1275
f 1786 1783 1779
f 1779 1777 1786
f 1787 1786 1777
f 1777 1776 1787
f 1786 1787 1788
f 1788 1789 1786
f 1783 1786 1789
f 1789 1784 1783
f 1790 1791 1792
f 1792 1793 1790
f 1794 1790 1793
f 1793 1795 1794
f 1790 1794 1784
f 1784 1789 1790
f 1791 1790 1789
f 1789 1788 1791
f 1796 1794 1795
f 1795 1797 1796
f 1279 1796 1797
f 1797 1280 1279
f 1796 1279 1276
f 1276 1785 1796
f 1794 1796 1785
f 1785 1784 1794
f 1798 1291 1280
f 1280 1797 1798
f 1799 1798 1797
f 1797 1795 1799
f 1798 1799 1800
f 1800 1801 1798
f 1291 1798 1801
f 1801 1292 1291
f 1802 1799 1795
f 1795 1793 1802
f 1803 1802 1793
f 1793 1792 1803
f 1802 1803 1804
f 1804 1805 1802
f 1799 1802 1805
f 1805 1800 1799
f 1806 1807 1808
f 1808 1809 1806
f 1810 1806 1809
f 1809 1811 1810
f 1806 1810 1800
f 1800 1805 1806
f 1807 1806 1805
f 1805 1804 1807
f 1812 1810 1811
f 1811 1813 1812
f 1295 1812 1813
f 1813 1296 1295
f 1812 1295 1292
f 1292 1801 1812
f 1810 1812 1801
f 1801 1800 1810
f 1814 1307 1296
f 1296 1813 1814
f 1815 1814 1813
f 1813 1811 1815
f 1814 1815 1816
f 1816 1817 1814
f 1307 1814 1817
f 1817 1308 1307
f 1818 1815 1811
f 1811 1809 1818
f 1819 1818 1809
f 1809 1808 1819
f 1818 1819 1820
f 1820 1821 1818
f 1815 1818 1821
f 1821 1816 1815
f 1822 1823 1824
f 1824 1825 1822
f 1826 1822 1825
f 1825 1827 1826
f 1822 1826 1816
f 1816 1821 1822
f 1823 1822 1821
f 1821 1820 1823
f 1828 1826 1827
f 1827 1829 1828
f 1311 1828 1829
f 1829 1312 1311
f 1828 1311 1308
f 1308 1817 1828
f 1826 1828 1817
f 1817 1816 1826
f 1830 1323 1312
f 1312 1829 1830
f 1831 1830 1829
f 1829 1827 1831
f 1830 1831 1832
f 1832 1833 1830
f 1323 1830 1833
f 1833 1324 1323
f 1834 1831 1827
f 1827 1825 1834
f 1835 1834 1825
f 1825 1824 1835
f 1834 1835 1836
f 1836 1837 1834
f 1831 1834 1837
f 1837 1832 1831
f 1838 1839 1840
f 1840 1841 1838
f 1842 1838 1841
f 1841 1843 1842
f 1838 1842 1832
f 1832 1837 1838
f 1839 1838 1837
f 1837 1836 1839
f 1844 1842 1843
f 1843 1845 1844
f 1327 1844 1845
f 1845 1328 1327
f 1844 1327 1324
f 1324 1833 1844
f 1842 1844 1833
f 1833 1832 1842
f 1846 1339 1328
f 1328 1845 1846
f 1847 1846 1845
f 1845 1843 1847
f 1846 1847 1848
f 1848 1849 1846
f 1339 1846 1849
f 1849 1340 1339
f 1850 1847 1843
f 1843 1841 1850
f 1851 1850 1841
f 1841 1840 1851
f 1850 1851 1852
f 1852 1853 1850
f 1847 1850 1853
f 1853 1848 1847
f 1854 1855 1856
f 1856 1857 1854
f 1858 1854 1857
f 1857 1859 1858
f 1854 1858 1848
f 1848 1853 1854
f 1855 1854 1853
f 1853 1852 1855
f 1860 1858 1859
f 1859 1861 1860
f 1343 1860 1861
f 1861 1344 1343
f 1860 1343 1340
f 1340 1849 1860
f 1858 1860 1849
f 1849 1848 1858
f 1862 1355 1344
f 1344 1861 1862
f 1863 1862 1861
f 1861 1859 1863
f 1862 1863 1864
f 1864 1865 1862
f 1355 1862 1865
f 1865 1356 1355
f 1866 1863 1859
f 1859 1857 1866
f 1867 1866 1857
f 1857 1856 1867
f 1866 1867 1868
f 1868 1869 1866
f 1863 1866 1869
f 1869 1864 1863
f 1870 1871 1872
f 1872 1873 1870
f 1874 1870 1873
f 1873 1875 1874
f 1870 1874 1864
f 1864 1869 1870
f 1871 1870 1869
f 1869 1868 1871
f 1876 1874 1875
f 1875 1877 1876
f 1359 1876 1877
f 1877 1360 1359
f 1876 1359 1356
f 1356 1865 1876
f 1874 1876 1865
f 1865 1864 1874
f 1878 1371 1360
f 1360 1877 1878
f 1879 1878 1877
f 1877 1875 1879
f 1878 1879 1880
f 1880 1881 1878
f 1371 1878 1881
f 1881 1372 1371
f 1882 1879 1875
f 1875 1873 1882
f 1883 1882 1873
f 1873 1872 1883
f 1882 1883 1884
f 1884 1885 1882
f 1879 1882 1885
f 1885 1880 1879
f 1886 1887 1888
f 1888 1889 1886
f 1890 1886 1889
f 1889 1891 1890
f 1886 1890 1880
f 1880 1885 1886
f 1887 1886 1885
f 1885 1884 1887
f 1892 1890 1891
f 1891 1893 1892
f 1375 1892 1893
f 1893 1376 1375
f 1892 1375 1372
f 1372 1881 1892
f 1890 1892 1881
f 1881 1880 1890
f 1894 1387 1376
f 1376 1893 1894
f 1895 1894 1893
f 1893 1891 1895
f 1894 1895 1896
f 1896 1897 1894
f 1387 1894 1897
f 1897 1388 1387
f 1898 1895 1891
f 1891 1889 1898
f 1899 1898 1889
f 1889 1888 1899
f 1898 1899 1900
f 1900 1901 1898
f 1895 1898 1901
f 1901 1896 1895
f 1902 1903 1904
f 1904 1905 1902
f 1906 1902 1905
f 1905 1907 1906
f 1902 1906 1896
f 1896 1901 1902
f 1903 1902 1901
f 1901 1900 1903
f 1908 1906 1907
f 1907 1909 1908
f 1391 1908 1909
f 1909 1392 1391
f 1908 1391 1388
f 1388 1897 1908
f 1906 1908 1897
f 1897 1896 1906
f 1910 1403 1392
f 1392 1909 1910
f 1911 1910 1909
f 1909 1907 1911
f 1910 1911 1912
f 1912 1913 1910
f 1403 1910 1913
f 1913 1404 1403
f 1914 1911 1907
f 1907 1905 1914
f 1915 1914 1905
f 1905 1904 1915
f 1914 1915 1916
f 1916 1917 1914
f 1911 1914 1917
f 1917 1912 1911
f 1918 1919 1920
f 1920 1921 1918
f 1922 1918 1921
f 1921 1923 1922
f 1918 1922 1912
f 1912 1917 1918
f 1919 1918 1917
f 1917 1916 1919
f 1924 1922 1923
f 1923 1925 1924
f 1407 1924 1925
f 1925 1408 1407
f 1924 1407 1404
f 1404 1913 1924
f 1922 1924 1913
f 1913 1912 1922
f 1926 1419 1408
f 1408 1925 1926
f 1927 1926 1925
f 1925 1923 1927
f 1926 1927 1928
f 1928 1929 1926
f 1419 1926 1929
f 1929 1420 1419
f 1930 1927 1923
f 1923 1921 1930
f 1931 1930 1921
f 1921 1920 1931
f 1930 1931 1932
f 1932 1933 1930
f 1927 1930 1933
f 1933 1928 1927
f 1934 1935 1936
f 1936 1937 1934
f 1938 1934 1937
f 1937 1939 1938
f 1934 1938 1928
f 1928 1933 1934
f 1935 1934 1933
f 1933 1932 1935
f 1940 1938 1939
f 1939 1941 1940
f 1423 1940 1941
f 1941 1424 1423
f 1940 1423 1420
f 1420 1929 1940
f 1938 1940 1929
f 1929 1928 1938
f 1942 1435 1424
f 1424 1941 1942
f 1943 1942 1941
f 1941 1939 1943
f 1942 1943 1944
f 1944 1945 1942
f 1435 1942 1945
f 1945 1436 1435
f 1946 1943 1939
f 1939 1937 1946
f 1947 1946 1937
f 1937 1936 1947
f 1946 1947 1948
f 1948 1949 1946
f 1943 1946 1949
f 1949 1944 1943
f 1950 1951 1952
f 1952 1953 1950
f 1954 1950 1953
f 1953 1955 1954
f 1950 1954 1944
f 1944 1949 1950
f 1951 1950 1949
f 1949 1948 1951
f 1956 1954 1955
f 1955 1957 1956
f 1439 1956 1957
f 1957 1440 1439
f 1956 1439 1436
f 1436 1945 1956
f 1954 1956 1945
f 1945 1944 1954
f 1958 1451 1440
f 1440 1957 1958
f 1959 1958 1957
f 1957 1955 1959
f 1958 1959 1960
f 1960 1961 1958
f 1451 1958 1961
f 1961 1452 1451
f 1962 1959 1955
f 1955 1953 1962
f 1963 1962 1953
f 1953 1952 1963
f 1962 1963 1964
f 1964 1965 1962
f 1959 1962 1965
f 1965 1960 1959
f 1966 1967 1968
f 1968 1969 1966
f 1970 1966 1969
f 1969 1971 1970
f 1966 1970 1960
f 1960 1965 1966
f 1967 1966 1965
f 1965 1964 1967
f 1972 1970 1971
f 1971 1973 1972
f 1455 1972 1973
f 1973 1456 1455
f 1972 1455 1452
f 1452 1961 1972
f 1970 1972 1961
f 1961 1960 1970
f 1974 1467 1456
f 1456 1973 1974
f 1975 1974 1973
f 1973 1971 1975
f 1974 1975 1976
f 1976 1977 1974
f 1467 1974 1977
f 1977 1468 1467
f 1978 1975 1971
f 1971 1969 1978
f 1979 1978 1969
f 1969 1968 1979
f 1978 1979 1980
f 1980 1981 1978
f 1975 1978 1981
f 1981 1976 1975
f 1982 1983 1483
f 1483 1481 1982
f 1984 1982 1481
f 1481 1477 1984
f 1982 1984 1976
f 1976 1981 1982
f 1983 1982 1981
f 1981 1980 1983
f 1985 1984 1477
f 1477 1475 1985
f 1471 1985 1475
f 1475 971 1471
f 1985 1471 1468
f 1468 1977 1985
f 1984 1985 1977
f 1977 1976 1984
f 1986 1482 1483
f 1483 1987 1986
f 1988 1986 1987
f 1987 1989 1988
f 1986 1988 1990
f 1990 1991 1986
f 1482 1986 1991
f 1991 1484 1482
f 1992 1988 1989
f 1989 1993 1992
f 1994 1992 1993
f 1993 1995 1994
f 1992 1994 1996
f 1996 1997 1992
f 1988 1992 1997
f 1997 1990 1988
f 1998 1999 2000
f 2000 2001 1998
f 2002 1998 2001
f 2001 2003 2002
f 1998 2002 1990
f 1990 1997 1998
f 1999 1998 1997
f 1997 1996 1999
f 2004 2002 2003
f 2003 2005 2004
f 1487 2004 2005
f 2005 1488 1487
f 2004 1487 1484
f 1484 1991 2004
f 2002 2004 1991
f 1991 1990 2002
f 2006 1499 1488
f 1488 2005 2006
f 2007 2006 2005
f 2005 2003 2007
f 2006 2007 2008
f 2008 2009 2006
f 1499 2006 2009
f 2009 1500 1499
f 2010 2007 2003
f 2003 2001 2010
f 2011 2010 2001
f 2001 2000 2011
f 2010 2011 2012
f 2012 2013 2010
f 2007 2010 2013
f 2013 2008 2007
f 2014 2015 2016
f 2016 2017 2014
f 2018 2014 2017
f 2017 2019 2018
f 2014 2018 2008
f 2008 2013 2014
f 2015 2014 2013
f 2013 2012 2015
f 2020 2018 2019
f 2019 2021 2020
f 1503 2020 2021
f 2021 1504 1503
f 2020 1503 1500
f 1500 2009 2020
f 2018 2020 2009
f 2009 2008 2018
f 2022 1515 1504
f 1504 2021 2022
f 2023 2022 2021
f 2021 2019 2023
f 2022 2023 2024
f 2024 2025 2022
f 1515 2022 2025
f 2025 1516 1515
f 2026 2023 2019
f 2019 2017 2026
f 2027 2026 2017
f 2017 2016 2027
f 2026 2027 2028
f 2028 2029 2026
f 2023 2026 2029
f 2029 2024 2023
f 2030 2031 2032
f 2032 2033 2030
f 2034 2030 2033
f 2033 2035 2034
f 2030 2034 2024
f 2024 2029 2030
f 2031 2030 2029
f 2029 2028 2031
f 2036 2034 2035
f 2035 2037 2036
f 1519 2036 2037
f 2037 1520 1519
f 2036 1519 1516
f 1516 2025 2036
f 2034 2036 2025
f 2025 2024 2034
f 2038 1531 1520
f 1520 2037 2038
f 2039 2038 2037
f 2037 2035 2039
f 2038 2039 2040
f 2040 2041 2038
f 1531 2038 2041
f 2041 1532 1531
f 2042 2039 2035
f 2035 2033 2042
f 2043 2042 2033
f 2033 2032 2043
f 2042 2043 2044
f 2044 2045 2042
f 2039 2042 2045
f 2045 2040 2039
f 2046 2047 2048
f 2048 2049 2046
f 2050 2046 2049
f 2049 2051 2050
f 2046 2050 2040
f 2040 2045 2046
f 2047 2046 2045
f 2045 2044 2047
f 2052 2050 2051
f 2051 2053 2052
f 1535 2052 2053
f 2053 1536 1535
f 2052 1535 1532
f 1532 2041 2052
f 2050 2052 2041
f 2041 2040 2050
f 2054 1547 1536
f 1536 2053 2054
f 2055 2054 2053
f 2053 2051 2055
f 2054 2055 2056
f 2056 2057 2054
f 1547 2054 2057
f 2057 1548 1547
f 2058 2055 2051
f 2051 2049 2058
f 2059 2058 2049
f 2049 2048 2059
f 2058 2059 2060
f 2060 2061 2058
f 2055 2058 2061
f 2061 2056 2055
f 2062 2063 2064
f 2064 2065 2062
f 2066 2062 2065
f 2065 2067 2066
f 2062 2066 2056
f 2056 2061 2062
f 2063 2062 2061
f 2061 2060 2063
f 2068 2066 2067
f 2067 2069 2068
f 1551 2068 2069
f 2069 1552 1551
f 2068 1551 1548
f 1548 2057 2068
f 2066 2068 2057
f 2057 2056 2066
f 2070 1563 1552
f 1552 2069 2070
f 2071 2070 2069
f 2069 2067 2071
f 2070 2071 2072
f 2072 2073 2070
f 1563 2070 2073
f 2073 1564 1563
f 2074 2071 2067
f 2067 2065 2074
f 2075 2074 2065
f 2065 2064 2075
f 2074 2075 2076
f 2076 2077 2074
f 2071 2074 2077
f 2077 2072 2071
f 2078 2079 2080
f 2080 2081 2078
f 2082 2078 2081
f 2081 2083 2082
f 2078 2082 2072
f 2072 2077 2078
f 2079 2078 2077
f 2077 2076 2079
f 2084 2082 2083
f 2083 2085 2084
f 1567 2084 2085
f 2085 1568 1567
f 2084 1567 1564
f 1564 2073 2084
f 2082 2084 2073
f 2073 2072 2082
f 2086 1579 1568
f 1568 2085 2086
f 2087 2086 2085
f 2085 2083 2087
f 2086 2087 2088
f 2088 2089 2086
f 1579 2086 2089
f 2089 1580 1579
f 2090 2087 2083
f 2083 2081 2090
f 2091 2090 2081
f 2081 2080 2091
f 2090 2091 2092
f 2092 2093 2090
f 2087 2090 2093
f 2093 2088 2087
f 2094 2095 2096
f 2096 2097 2094
f 2098 2094 2097
f 2097 2099 2098
f 2094 2098 2088
f 2088 2093 2094
f 2095 2094 2093
f 2093 2092 2095
f 2100 2098 2099
f 2099 2101 2100
f 1583 2100 2101
f 2101 1584 1583
f 2100 1583 1580
f 1580 2089 2100
f 2098 2100 2089
f 2089 2088 2098
f 2102 1595 1584
f 1584 2101 2102
f 2103 2102 2101
f 2101 2099 2103
f 2102 2103 2104
f 2104 2105 2102
f 1595 2102 2105
f 2105 1596 1595
f 2106 2103 2099
f 2099 2097 2106
f 2107 2106 2097
f 2097 2096 2107
f 2106 2107 2108
f 2108 2109 2106
f 2103 2106 2109
f 2109 2104 2103
f 2110 2111 2112
f 2112 2113 2110
f 2114 2110 2113
f 2113 2115 2114
f 2110 2114 2104
f 2104 2109 2110
f 2111 2110 2109
f 2109 2108 2111
f 2116 2114 2115
f 2115 2117 2116
f 1599 2116 2117
f 2117 1600 1599
f 2116 1599 1596
f 1596 2105 2116
f 2114 2116 2105
f 2105 2104 2114
f 2118 1611 1600
f 1600 2117 2118
f 2119 2118 2117
f 2117 2115 2119
f 2118 2119 2120
f 2120 2121 2118
f 1611 2118 2121
f 2121 1612 1611
f 2122 2119 2115
f 2115 2113 2122
f 2123 2122 2113
f 2113 2112 2123
f 2122 2123 2124
f 2124 2125 2122
f 2119 2122 2125
f 2125 2120 2119
f 2126 2127 2128
f 2128 2129 2126
f 2130 2126 2129
f 2129 2131 2130
f 2126 2130 2120
f 2120 2125 2126
f 2127 2126 2125
f 2125 2124 2127
f 2132 2130 2131
f 2131 2133 2132
f 1615 2132 2133
f 2133 1616 1615
f 2132 1615 1612
f 1612 2121 2132
f 2130 2132 2121
f 2121 2120 2130
f 2134 1627 1616
f 1616 2133 2134
f 2135 2134 2133
f 2133 2131 2135
f 2134 2135 2136
f 2136 2137 2134
f 1627 2134 2137
f 2137 1628 1627
f 2138 2135 2131
f 2131 2129 2138
f 2139 2138 2129
f 2129 2128 2139
f 2138 2139 2140
f 2140 2141 2138
f 2135 2138 2141
f 2141 2136 2135
f 2142 2143 2144
f 2144 2145 2142
f 2146 2142 2145
f 2145 2147 2146
f 2142 2146 2136
f 2136 2141 2142
f 2143 2142 2141
f 2141 2140 2143
f 2148 2146 2147
f 2147 2149 2148
f 1631 2148 2149
f 2149 1632 1631
f 2148 1631 1628
f 1628 2137 2148
f 2146 2148 2137
f 2137 2136 2146
f 2150 1643 1632
f 1632 2149 2150
f 2151 2150 2149
f 2149 2147 2151
f 2150 2151 2152
f 2152 2153 2150
f 1643 2150 2153
f 2153 1644 1643
f 2154 2151 2147
f 2147 2145 2154
f 2155 2154 2145
f 2145 2144 2155
f 2154 2155 2156
f 2156 2157 2154
f 2151 2154 2157
f 2157 2152 2151
f 2158 2159 2160
f 2160 2161 2158
f 2162 2158 2161
f 2161 2163 2162
f 2158 2162 2152
f 2152 2157 2158
f 2159 2158 2157
f 2157 2156 2159
f 2164 2162 2163
f 2163 2165 2164
f 1647 2164 2165
f 2165 1648 1647
f 2164 1647 1644
f 1644 2153 2164
f 2162 2164 2153
f 2153 2152 2162
f 2166 1659 1648
f 1648 2165 2166
f 2167 2166 2165
f 2165 2163 2167
f 2166 2167 2168
f 2168 2169 2166
f 1659 2166 2169
f 2169 1660 1659
f 2170 2167 2163
f 2163 2161 2170
f 2171 2170 2161
f 2161 2160 2171
f 2170 2171 2172
f 2172 2173 2170
f 2167 2170 2173
f 2173 2168 2167
f 2174 2175 2176
f 2176 2177 2174
f 2178 2174 2177
f 2177 2179 2178
f 2174 2178 2168
f 2168 2173 2174
f 2175 2174 2173
f 2173 2172 2175
f 2180 2178 2179
f 2179 2181 2180
f 1663 2180 2181
f 2181 1664 1663
f 2180 1663 1660
f 1660 2169 2180
f 2178 2180 2169
f 2169 2168 2178
f 2182 1675 1664
f 1664 2181 2182
f 2183 2182 2181
f 2181 2179 2183
f 2182 2183 2184
f 2184 2185 2182
f 1675 2182 2185
f 2185 1676 1675
f 2186 2183 2179
f 2179 2177 2186
f 2187 2186 2177
f 2177 2176 2187
f 2186 2187 2188
f 2188 2189 2186
f 2183 2186 2189
f 2189 2184 2183
f 2190 2191 2192
f 2192 2193 2190
f 2194 2190 2193
f 2193 2195 2194
f 2190 2194 2184
f 2184 2189 2190
f 2191 2190 2189
f 2189 2188 2191
f 2196 2194 2195
f 2195 2197 2196
f 1679 2196 2197
f 2197 1680 1679
f 2196 1679 1676
f 1676 2185 2196
f 2194 2196 2185
f 2185 2184 2194
f 2198 1691 1680
f 1680 2197 2198
f 2199 2198 2197
f 2197 2195 2199
f 2198 2199 2200
f 2200 2201 2198
f 1691 2198 2201
f 2201 1692 1691
f 2202 2199 2195
f 2195 2193 2202
f 2203 2202 2193
f 2193 2192 2203
f 2202 2203 2204
f 2204 2205 2202
f 2199 2202 2205
f 2205 2200 2199
f 2206 2207 2208
f 2208 2209 2206
f 2210 2206 2209
f 2209 2211 2210
f 2206 2210 2200
f 2200 2205 2206
f 2207 2206 2205
f 2205 2204 2207
f 2212 2210 2211
f 2211 2213 2212
f 1695 2212 2213
f 2213 1696 1695
f 2212 1695 1692
f 1692 2201 2212
f 2210 2212 2201
f 2201 2200 2210
f 2214 1707 1696
f 1696 2213 2214
f 2215 2214 2213
f 2213 2211 2215
f 2214 2215 2216
f 2216 2217 2214
f 1707 2214 2217
f 2217 1708 1707
f 2218 2215 2211
f 2211 2209 2218
f 2219 2218 2209
f 2209 2208 2219
f 2218 2219 2220
f 2220 2221 2218
f 2215 2218 2221
f 2221 2216 2215
f 2222 2223 2224
f 2224 2225 2222
f 2226 2222 2225
f 2225 2227 2226
f 2222 2226 2216
f 2216 2221 2222
f 2223 2222 2221
f 2221 2220 2223
f 2228 2226 2227
f 2227 2229 2228
f 1711 2228 2229
f 2229 1712 1711
f 2228 1711 1708
f 1708 2217 2228
f 2226 2228 2217
f 2217 2216 2226
f 2230 1723 1712
f 1712 2229 2230
f 2231 2230 2229
f 2229 2227 2231
f 2230 2231 2232
f 2232 2233 2230
f 1723 2230 2233
f 2233 1724 1723
f 2234 2231 2227
f 2227 2225 2234
f 2235 2234 2225
f 2225 2224 2235
f 2234 2235 2236
f 2236 2237 2234
f 2231 2234 2237
f 2237 2232 2231
f 2238 2239 2240
f 2240 2241 2238
f 2242 2238 2241
f 2241 2243 2242
f 2238 2242 2232
f 2232 2237 2238
f 2239 2238 2237
f 2237 2236 2239
f 2244 2242 2243
f 2243 2245 2244
f 1727 2244 2245
f 2245 1728 1727
f 2244 1727 1724
f 1724 2233 2244
f 2242 2244 2233
f 2233 2232 2242
f 2246 1739 1728
f 1728 2245 2246
f 2247 2246 2245
f 2245 2243 2247
f 2246 2247 2248
f 2248 2249 2246
f 1739 2246 2249
f 2249 1740 1739
f 2250 2247 2243
f 2243 2241 2250
f 2251 2250 2241
f 2241 2240 2251
f 2250 2251 2252
f 2252 2253 2250
f 2247 2250 2253
f 2253 2248 2247
f 2254 2255 2256
f 2256 2257 2254
f 2258 2254 2257
f 2257 2259 2258
f 2254 2258 2248
f 2248 2253 2254
f 2255 2254 2253
f 2253 2252 2255
f 2260 2258 2259
f 2259 2261 2260
f 1743 2260 2261
f 2261 1744 1743
f 2260 1743 1740
f 1740 2249 2260
f 2258 2260 2249
f 2249 2248 2258
f 2262 1755 1744
f 1744 2261 2262
f 2263 2262 2261
f 2261 2259 2263
f 2262 2263 2264
f 2264 2265 2262
f 1755 2262 2265
f 2265 1756 1755
f 2266 2263 2259
f 2259 2257 2266
f 2267 2266 2257
f 2257 2256 2267
f 2266 2267 2268
f 2268 2269 2266
f 2263 2266 2269
f 2269 2264 2263
f 2270 2271 2272
f 2272 2273 2270
f 2274 2270 2273
f 2273 2275 2274
f 2270 2274 2264
f 2264 2269 2270
f 2271 2270 2269
f 2269 2268 2271
f 2276 2274 2275
f 2275 2277 2276
f 1759 2276 2277
f 2277 1760 1759
f 2276 1759 1756
f 1756 2265 2276
f 2274 2276 2265
f 2265 2264 2274
f 2278 1771 1760
f 1760 2277 2278
f 2279 2278 2277
f 2277 2275 2279
f 2278 2279 2280
f 2280 2281 2278
f 1771 2278 2281
f 2281 1772 1771
f 2282 2279 2275
f 2275 2273 2282
f 2283 2282 2273
f 2273 2272 2283
f 2282 2283 2284
f 2284 2285 2282
f 2279 2282 2285
f 2285 2280 2279
f 2286 2287 2288
f 2288 2289 2286
f 2290 2286 2289
f 2289 2291 2290
f 2286 2290 2280
f 2280 2285 2286
f 2287 2286 2285
f 2285 2284 2287
f 2292 2290 2291
f 2291 2293 2292
f 1775 2292 2293
f 2293 1776 1775
f 2292 1775 1772
f 1772 2281 2292
f 2290 2292 2281
f 2281 2280 2290
f 2294 1787 1776
f 1776 2293 2294
f 2295 2294 2293
f 2293 2291 2295
f 2294 2295 2296
f 2296 2297 2294
f 1787 2294 2297
f 2297 1788 1787
f 2298 2295 2291
f 2291 2289 2298
f 2299 2298 2289
f 2289 2288 2299
f 2298 2299 2300
f 2300 2301 2298
f 2295 2298 2301
f 2301 2296 2295
f 2302 2303 2304
f 2304 2305 2302
f 2306 2302 2305
f 2305 2307 2306
f 2302 2306 2296
f 2296 2301 2302
f 2303 2302 2301
f 2301 2300 2303
f 2308 2306 2307
f 2307 2309 2308
f 1791 2308 2309
f 2309 1792 1791
f 2308 1791 1788
f 1788 2297 2308
f 2306 2308 2297
f 2297 2296 2306
f 2310 1803 1792
f 1792 2309 2310
f 2311 2310 2309
f 2309 2307 2311
f 2310 2311 2312
f 2312 2313 2310
f 1803 2310 2313
f 2313 1804 1803
f 2314 2311 2307
f 2307 2305 2314
f 2315 2314 2305
f 2305 2304 2315
f 2314 2315 2316
f 2316 2317 2314
f 2311 2314 2317
f 2317 2312 2311
f 2318 2319 2320
f 2320 2321 2318
f 2322 2318 2321
f 2321 2323 2322
f 2318 2322 2312
f 2312 2317 2318
f 2319 2318 2317
f 2317 2316 2319
f 2324 2322 2323
f 2323 2325 2324
f 1807 2324 2325
f 2325 1808 1807
f 2324 1807 1804
f 1804 2313 2324
f 2322 2324 2313
f 2313 2312 2322
f 2326 1819 1808
f 1808 2325 2326
f 2327 2326 2325
f 2325 2323 2327
f 2326 2327 2328
f 2328 2329 2326
f 1819 2326 2329
f 2329 1820 1819
f 2330 2327 2323
f 2323 2321 2330
f 2331 2330 2321
f 2321 2320 2331
f 2330 2331 2332
f 2332 2333 2330
f 2327 2330 2333
f 2333 2328 2327
f 2334 2335 2336
f 2336 2337 2334
f 2338 2334 2337
f 2337 2339 2338
f 2334 2338 2328
f 2328 2333 2334
f 2335 2334 2333
f 2333 2332 2335
f 2340 2338 2339
f 2339 2341 2340
f 1823 2340 2341
f 2341 1824 1823
f 2340 1823 1820
f 1820 2329 2340
f 2338 2340 2329
f 2329 2328 2338
f 2342 1835 1824
f 1824 2341 2342
f 2343 2342 2341
f 2341 2339 2343
f 2342 2343 2344
f 2344 2345 2342
f 1835 2342 2345
f 2345 1836 1835
f 2346 2343 2339
f 2339 2337 2346
f 2347 2346 2337
f 2337 2336 2347
f 2346 2347 2348
f 2348 2349 2346
f 2343 2346 2349
f 2349 2344 2343
f 2350 2351 2352
f 2352 2353 2350
f 2354 2350 2353
f 2353 2355 2354
f 2350 2354 2344
f 2344 2349 2350
f 2351 2350 2349
f 2349 2348 2351
f 2356 2354 2355
f 2355 2357 2356
f 1839 2356 2357
f 2357 1840 1839
f 2356 1839 1836
f 1836 2345 2356
f 2354 2356 2345
f 2345 2344 2354
f 2358 1851 1840
f 1840 2357 2358
f 2359 2358 2357
f 2357 2355 2359
f 2358 2359 2360
f 2360 2361 2358
f 1851 2358 2361
f 2361 1852 1851
f 2362 2359 2355
f 2355 2353 2362
f 2363 2362 2353
f 2353 2352 2363
f 2362 2363 2364
f 2364 2365 2362
f 2359 2362 2365
f 2365 2360 2359
f 2366 2367 2368
f 2368 2369 2366
f 2370 2366 2369
f 2369 2371 2370
f 2366 2370 2360
f 2360 2365 2366
f 2367 2366 2365
f 2365 2364 2367
f 2372 2370 2371
f 2371 2373 2372
f 1855 2372 2373
f 2373 1856 1855
f 2372 1855 1852
f 1852 2361 2372
f 2370 2372 2361
f 2361 2360 2370
f 2374 1867 1856
f 1856 2373 2374
f 2375 2374 2373
f 2373 2371 2375
f 2374 2375 2376
f 2376 2377 2374
f 1867 2374 2377
f 2377 1868 1867
f 2378 2375 2371
f 2371 2369 2378
f 2379 2378 2369
f 2369 2368 2379
f 2378 2379 2380
f 2380 2381 2378
f 2375 2378 2381
f 2381 2376 2375
f 2382 2383 2384
f 2384 2385 2382
f 2386 2382 2385
f 2385 2387 2386
f 2382 2386 2376
f 2376 2381 2382
f 2383 2382 2381
f 2381 2380 2383
f 2388 2386 2387
f 2387 2389 2388
f 1871 2388 2389
f 2389 1872 1871
f 2388 1871 1868
f 1868 2377 2388
f 2386 2388 2377
f 2377 2376 2386
f 2390 1883 1872
f 1872 2389 2390
f 2391 2390 2389
f 2389 2387 2391
f 2390 2391 2392
f 2392 2393 2390
f 1883 2390 2393
f 2393 1884 1883
f 2394 2391 2387
f 2387 2385 2394
f 2395 2394 2385
f 2385 2384 2395
f 2394 2395 2396
f 2396 2397 2394
f 2391 2394 2397
f 2397 2392 2391
f 2398 2399 2400
f 2400 2401 2398
f 2402 2398 2401
f 2401 2403 2402
f 2398 2402 2392
f 2392 2397 2398
f 2399 2398 2397
f 2397 2396 2399
f 2404 2402 2403
f 2403 2405 2404
f 1887 2404 2405
f 2405 1888 1887
f 2404 1887 1884
f 1884 2393 2404
f 2402 2404 2393
f 2393 2392 2402
f 2406 1899 1888
f 1888 2405 2406
f 2407 2406 2405
f 2405 2403 2407
f 2406 2407 2408
f 2408 2409 2406
f 1899 2406 2409
f 2409 1900 1899
f 2410 2407 2403
f 2403 2401 2410
f 2411 2410 2401
f 2401 2400 2411
f 2410 2411 2412
f 2412 2413 2410
f 2407 2410 2413
f 2413 2408 2407
f 2414 2415 2416
f 2416 2417 2414
f 2418 2414 2417
f 2417 2419 2418
f 2414 2418 2408
f 2408 2413 2414
f 2415 2414 2413
f 2413 2412 2415
f 2420 2418 2419
f 2419 2421 2420
f 1903 2420 2421
f 2421 1904 1903
f 2420 1903 1900
f 1900 2409 2420
f 2418 2420 2409
f 2409 2408 2418
f 2422 1915 1904
f 1904 2421 2422
f 2423 2422 2421
f 2421 2419 2423
f 2422 2423 2424
f 2424 2425 2422
f 1915 2422 2425
f 2425 1916 1915
f 2426 2423 2419
f 2419 2417 2426
f 2427 2426 2417
f 2417 2416 2427
f 2426 2427 2428
f 2428 2429 2426
f 2423 2426 2429
f 2429 2424 2423
f 2430 2431 2432
f 2432 2433 2430
f 2434 2430 2433
f 2433 2435 2434
f 2430 2434 2424
f 2424 2429 2430
f 2431 2430 2429
f 2429 2428 2431
f 2436 2434 2435
f 2435 2437 2436
f 1919 2436 2437
f 2437 1920 1919
f 2436 1919 1916
f 1916 2425 2436
f 2434 2436 2425
f 2425 2424 2434
f 2438 1931 1920
f 1920 2437 2438
f 2439 2438 2437
f 2437 2435 2439
f 2438 2439 2440
f 2440 2441 2438
f 1931 2438 2441
f 2441 1932 1931
f 2442 2439 2435
f 2435 2433 2442
f 2443 2442 2433
f 2433 2432 2443
f 2442 2443 2444
f 2444 2445 2442
f 2439 2442 2445
f 2445 2440 2439
f 2446 2447 2448
f 2448 2449 2446
f 2450 2446 2449
f 2449 2451 2450
f 2446 2450 2440
f 2440 2445 2446
f 2447 2446 2445
f 2445 2444 2447
f 2452 2450 2451
f 2451 2453 2452
f 1935 2452 2453
f 2453 1936 1935
f 2452 1935 1932
f 1932 2441 2452
f 2450 2452 2441
f 2441 2440 2450
f 2454 1947 1936
f 1936 2453 2454
f 2455 2454 2453
f 2453 2451 2455
f 2454 2455 2456
f 2456 2457 2454
f 1947 2454 2457
f 2457 1948 1947
f 2458 2455 2451
f 2451 2449 2458
f 2459 2458 2449
f 2449 2448 2459
f 2458 2459 2460
f 2460 2461 2458
f 2455 2458 2461
f 2461 2456 2455
f 2462 2463 2464
f 2464 2465 2462
f 2466 2462 2465
f 2465 2467 2466
f 2462 2466 2456
f 2456 2461 2462
f 2463 2462 2461
f 2461 2460 2463
f 2468 2466 2467
f 2467 2469 2468
f 1951 2468 2469
f 2469 1952 1951
f 2468 1951 1948
f 1948 2457 2468
f 2466 2468 2457
f 2457 2456 2466
f 2470 1963 1952
f 1952 2469 2470
f 2471 2470 2469
f 2469 2467 2471
f 2470 2471 2472
f 2472 2473 2470
f 1963 2470 2473
f 2473 1964 1963
f 2474 2471 2467
f 2467 2465 2474
f 2475 2474 2465
f 2465 2464 2475
f 2474 2475 2476
f 2476 2477 2474
f 2471 2474 2477
f 2477 2472 2471
f 2478 2479 2480
f 2480 2481 2478
f 2482 2478 2481
f 2481 2483 2482
f 2478 2482 2472
f 2472 2477 2478
f 2479 2478 2477
f 2477 2476 2479
f 2484 2482 2483
f 2483 2485 2484
f 1967 2484 2485
f 2485 1968 1967
f 2484 1967 1964
f 1964 2473 2484
f 2482 2484 2473
f 2473 2472 2482
f 2486 1979 1968
f 1968 2485 2486
f 2487 2486 2485
f 2485 2483 2487
f 2486 2487 2488
f 2488 2489 2486
f 1979 2486 2489
f 2489 1980 1979
f 2490 2487 2483
f 2483 2481 2490
f 2491 2490 2481
f 2481 2480 2491
f 2490 2491 2492
f 2492 2493 2490
f 2487 2490 2493
f 2493 2488 2487
f 2494 2495 1995
f 1995 1993 2494
f 2496 2494 1993
f 1993 1989 2496
f 2494 2496 2488
f 2488 2493 2494
f 2495 2494 2493
f 2493 2492 2495
f 2497 2496 1989
f 1989 1987 2497
f 1983 2497 1987
f 1987 1483 1983
f 2497 1983 1980
f 1980 2489 2497
f 2496 2497 2489
f 2489 2488 2496
f 2498 1994 1995
f 1995 2499 2498
f 2500 2498 2499
f 2499 2501 2500
f 2498 2500 2502
f 2502 2503 2498
f 1994 2498 2503
f 2503 1996 1994
f 2504 2500 2501
f 2501 2505 2504
f 2506 2504 2505
f 2505 2507 2506
f 2504 2506 2508
f 2508 2509 2504
f 2500 2504 2509
f 2509 2502 2500
f 2510 2511 2512
f 2512 2513 2510
f 2514 2510 2513
f 2513 2515 2514
f 2510 2514 2502
f 2502 2509 2510
f 2511 2510 2509
f 2509 2508 2511
f 2516 2514 2515
f 2515 2517 2516
f 1999 2516 2517
f 2517 2000 1999
f 2516 1999 1996
f 1996 2503 2516
f 2514 2516 2503
f 2503 2502 2514
f 2518 2011 2000
f 2000 2517 2518
f 2519 2518 2517
f 2517 2515 2519
f 2518 2519 2520
f 2520 2521 2518
f 2011 2518 2521
f 2521 2012 2011
f 2522 2519 2515
f 2515 2513 2522
f 2523 2522 2513
f 2513 2512 2523
f 2522 2523 2524
f 2524 2525 2522
f 2519 2522 2525
f 2525 2520 2519
f 2526 2527 2528
f 2528 2529 2526
f 2530 2526 2529
f 2529 2531 2530
f 2526 2530 2520
f 2520 2525 2526
f 2527 2526 2525
f 2525 2524 2527
f 2532 2530 2531
f 2531 2533 2532
f 2015 2532 2533
f 2533 2016 2015
f 2532 2015 2012
f 2012 2521 2532
f 2530 2532 2521
f 2521 2520 2530
f 2534 2027 2016
f 2016 2533 2534
f 2535 2534 2533
f 2533 2531 2535
f 2534 2535 2536
f 2536 2537 2534
f 2027 2534 2537
f 2537 2028 2027
f 2538 2535 2531
f 2531 2529 2538
f 2539 2538 2529
f 2529 2528 2539
f 2538 2539 2540
f 2540 2541 2538
f 2535 2538 2541
f 2541 2536 2535
f 2542 2543 2544
f 2544 2545 2542
f 2546 2542 2545
f 2545 2547 2546
f 2542 2546 2536
f 2536 2541 2542
f 2543 2542 2541
f 2541 2540 2543
f 2548 2546 2547
f 2547 2549 2548
f 2031 2548 2549
f 2549 2032 2031
f 2548 2031 2028
f 2028 2537 2548
f 2546 2548 2537
f 2537 2536 2546
f 2550 2043 2032
f 2032 2549 2550
f 2551 2550 2549
f 2549 2547 2551
f 2550 2551 2552
f 2552 2553 2550
f 2043 2550 2553
f 2553 2044 2043
f 2554 2551 2547
f 2547 2545 2554
f 2555 2554 2545
f 2545 2544 2555
f 2554 2555 2556
f 2556 2557 2554
f 2551 2554 2557
f 2557 2552 2551
f 2558 2559 2560
f 2560 2561 2558
f 2562 2558 2561
f 2561 2563 2562
f 2558 2562 2552
f 2552 2557 2558
f 2559 2558 2557
f 2557 2556 2559
f 2564 2562 2563
f 2563 2565 2564
f 2047 2564 2565
f 2565 2048 2047
f 2564 2047 2044
f 2044 2553 2564
f 2562 2564 2553
f 2553 2552 2562
f 2566 2059 2048
f 2048 2565 2566
f 2567 2566 2565
f 2565 2563 2567
f 2566 2567 2568
f 2568 2569 2566
f 2059 2566 2569
f 2569 2060 2059
f 2570 2567 2563
f 2563 2561 2570
f 2571 2570 2561
f 2561 2560 2571
f 2570 2571 2572
f 2572 2573 2570
f 2567 2570 2573
f 2573 2568 2567
f 2574 2575 2576
f 2576 2577 2574
f 2578 2574 2577
f 2577 2579 2578
f 2574 2578 2568
f 2568 2573 2574
f 2575 2574 2573
f 2573 2572 2575
f 2580 2578 2579
f 2579 2581 2580
f 2063 2580 2581
f 2581 2064 2063
f 2580 2063 2060
f 2060 2569 2580
f 2578 2580 2569
f 2569 2568 2578
f 2582 2075 2064
f 2064 2581 2582
f 2583 2582 2581
f 2581 2579 2583
f 2582 2583 2584
f 2584 2585 2582
f 2075 2582 2585
f 2585 2076 2075
f 2586 2583 2579
f 2579 2577 2586
f 2587 2586 2577
f 2577 2576 2587
f 2586 2587 2588
f 2588 2589 2586
f 2583 2586 2589
f 2589 2584 2583
f 2590 2591 2592
f 2592 2593 2590
f 2594 2590 2593
f 2593 2595 2594
f 2590 2594 2584
f 2584 2589 2590
f 2591 2590 2589
f 2589 2588 2591
f 2596 2594 2595
f 2595 2597 2596
f 2079 2596 2597
f 2597 2080 2079
f 2596 2079 2076
f 2076 2585 2596
f 2594 2596 2585
f 2585 2584 2594
f 2598 2091 2080
f 2080 2597 2598
f 2599 2598 2597
f 2597 2595 2599
f 2598 2599 2600
f 2600 2601 2598
f 2091 2598 2601
f 2601 2092 2091
f 2602 2599 2595
f 2595 2593 2602
f 2603 2602 2593
f 2593 2592 2603
f 2602 2603 2604
f 2604 2605 2602
f 2599 2602 2605
f 2605 2600 2599
f 2606 2607 2608
f 2608 2609 2606
f 2610 2606 2609
f 2609 2611 2610
f 2606 2610 2600
f 2600 2605 2606
f 2607 2606 2605
f 2605 2604 2607
f 2612 2610 2611
f 2611 2613 2612
f 2095 2612 2613
f 2613 2096 2095
f 2612 2095 2092
f 2092 2601 2612
f 2610 2612 2601
f 2601 2600 2610
f 2614 2107 2096
f 2096 2613 2614
f 2615 2614 2613
f 2613 2611 2615
f 2614 2615 2616
f 2616 2617 2614
f 2107 2614 2617
f 2617 2108 2107
f 2618 2615 2611
f 2611 2609 2618
f 2619 2618 2609
f 2609 2608 2619
f 2618 2619 2620
f 2620 2621 2618
f 2615 2618 2621
f 2621 2616 2615
f 2622 2623 2624
f 2624 2625 2622
f 2626 2622 2625
f 2625 2627 2626
f 2622 2626 2616
f 2616 2621 2622
f 2623 2622 2621
f 2621 2620 2623
f 2628 2626 2627
f 2627 2629 2628
f 2111 2628 2629
f 2629 2112 2111
f 2628 2111 2108
f 2108 2617 2628
f 2626 2628 2617
f 2617 2616 2626
f 2630 2123 2112
f 2112 2629 2630
f 2631 2630 2629
f 2629 2627 2631
f 2630 2631 2632
f 2632 2633 2630
f 2123 2630 2633
f 2633 2124 2123
f 2634 2631 2627
f 2627 2625 2634
f 2635 2634 2625
f 2625 2624 2635
f 2634 2635 2636
f 2636 2637 2634
f 2631 2634 2637
f 2637 2632 2631
f 2638 2639 2640
f 2640 2641 2638
f 2642 2638 2641
f 2641 2643 2642
f 2638 2642 2632
f 2632 2637 2638
f 2639 2638 2637
f 2637 2636 2639
f 2644 2642 2643
f 2643 2645 2644
f 2127 2644 2645
f 2645 2128 2127
f 2644 2127 2124
f 2124 2633 2644
f 2642 2644 2633
f 2633 2632 2642
f 2646 2139 2128
f 2128 2645 2646
f 2647 2646 2645
f 2645 2643 2647
f 2646 2647 2648
f 2648 2649 2646
f 2139 2646 2649
f 2649 2140 2139
f 2650 2647 2643
f 2643 2641 2650
f 2651 2650 2641
f 2641 2640 2651
f 2650 2651 2652
f 2652 2653 2650
f 2647 2650 2653
f 2653 2648 2647
f 2654 2655 2656
f 2656 2657 2654
f 2658 2654 2657
f 2657 2659 2658
f 2654 2658 2648
f 2648 2653 2654
f 2655 2654 2653
f 2653 2652 2655
f 2660 2658 2659
f 2659 2661 2660
f 2143 2660 2661
f 2661 2144 2143
f 2660 2143 2140
f 2140 2649 2660
f 2658 2660 2649
f 2649 2648 2658
f 2662 2155 2144
f 2144 2661 2662
f 2663 2662 2661
f 2661 2659 2663
f 2662 2663 2664
f 2664 2665 2662
f 2155 2662 2665
f 2665 2156 2155
f 2666 2663 2659
f 2659 2657 2666
f 2667 2666 2657
f 2657 2656 2667
f 2666 2667 2668
f 2668 2669 2666
f 2663 2666 2669
f 2669 2664 2663
f 2670 2671 2672
f 2672 2673 2670
f 2674 2670 2673
f 2673 2675 2674
f 2670 2674 2664
f 2664 2669 2670
f 2671 2670 2669
f 2669 2668 2671
f 2676 2674 2675
f 2675 2677 2676
f 2159 2676 2677
f 2677 2160 2159
f 2676 2159 2156
f 2156 2665 2676
f 2674 2676 2665
f 2665 2664 2674
f 2678 2171 2160
f 2160 2677 2678
f 2679 2678 2677
f 2677 2675 2679
f 2678 2679 2680
f 2680 2681 2678
f 2171 2678 2681
f 2681 2172 2171
f 2682 2679 2675
f 2675 2673 2682
f 2683 2682 2673
f 2673 2672 2683
f 2682 2683 2684
f 2684 2685 2682
f 2679 2682 2685
f 2685 2680 2679
f 2686 2687 2688
f 2688 2689 2686
f 2690 2686 2689
f 2689 2691 2690
f 2686 2690 2680
f 2680 2685 2686
f 2687 2686 2685
f 2685 2684 2687
f 2692 2690 2691
f 2691 2693 2692
f 2175 2692 2693
f 2693 2176 2175
f 2692 2175 2172
f 2172 2681 2692
f 2690 2692 2681
f 2681 2680 2690
f 2694 2187 2176
f 2176 2693 2694
f 2695 2694 2693
f 2693 2691 2695
f 2694 2695 2696
f 2696 2697 2694
f 2187 2694 2697
f 2697 2188 2187
f 2698 2695 2691
f 2691 2689 2698
f 2699 2698 2689
f 2689 2688 2699
f 2698 2699 2700
f 2700 2701 2698
f 2695 2698 2701
f 2701 2696 2695
f 2702 2703 2704
f 2704 2705 2702
f 2706 2702 2705
f 2705 2707 2706
f 2702 2706 2696
f 2696 2701 2702
f 2703 2702 2701
f 2701 2700 2703
f 2708 2706 2707
f 2707 2709 2708
f 2191 2708 2709
f 2709 2192 2191
f 2708 2191 2188
f 2188 2697 2708
f 2706 2708 2697
f 2697 2696 2706
f 2710 2203 2192
f 2192 2709 2710
f 2711 2710 2709
f 2709 2707 2711
f 2710 2711 2712
f 2712 2713 2710
f 2203 2710 2713
f 2713 2204 2203
f 2714 2711 2707
f 2707 2705 2714
f 2715 2714 2705
f 2705 2704 2715
f 2714 2715 2716
f 2716 2717 2714
f 2711 2714 2717
f 2717 2712 2711
f 2718 2719 2720
f 2720 2721 2718
f 2722 2718 2721
f 2721 2723 2722
f 2718 2722 2712
f 2712 2717 2718
f 2719 2718 2717
f 2717 2716 2719
f 2724 2722 2723
f 2723 2725 2724
f 2207 2724 2725
f 2725 2208 2207
f 2724 2207 2204
f 2204 2713 2724
f 2722 2724 2713
f 2713 2712 2722
f 2726 2219 2208
f 2208 2725 2726
f 2727 2726 2725
f 2725 2723 2727
f 2726 2727 2728
f 2728 2729 2726
f 2219 2726 2729
f 2729 2220 2219
f 2730 2727 2723
f 2723 2721 2730
f 2731 2730 2721
f 2721 2720 2731
f 2730 2731 2732
f 2732 2733 2730
f 2727 2730 2733
f 2733 2728 2727
f 2734 2735 2736
f 2736 2737 2734
f 2738 2734 2737
f 2737 2739 2738
f 2734 2738 2728
f 2728 2733 2734
f 2735 2734 2733
f 2733 2732 2735
f 2740 2738 2739
f 2739 2741 2740
f 2223 2740 2741
f 2741 2224 2223
f 2740 2223 2220
f 2220 2729 2740
f 2738 2740 2729
f 2729 2728 2738
f 2742 2235 2224
f 2224 2741 2742
f 2743 2742 2741
f 2741 2739 2743
f 2742 2743 2744
f 2744 2745 2742
f 2235 2742 2745
f 2745 2236 2235
f 2746 2743 2739
f 2739 2737 2746
f 2747 2746 2737
f 2737 2736 2747
f 2746 2747 2748
f 2748 2749 2746
f 2743 2746 2749
f 2749 2744 2743
f 2750 2751 2752
f 2752 2753 2750
f 2754 2750 2753
f 2753 2755 2754
f 2750 2754 2744
f 2744 2749 2750
f 2751 2750 2749
f 2749 2748 2751
f 2756 2754 2755
f 2755 2757 2756
f 2239 2756 2757
f 2757 2240 2239
f 2756 2239 2236
f 2236 2745 2756
f 2754 2756 2745
f 2745 2744 2754
f 2758 2251 2240
f 2240 2757 2758
f 2759 2758 2757
f 2757 2755 2759
f 2758 2759 2760
f 2760 2761 2758
f 2251 2758 2761
f 2761 2252 2251
f 2762 2759 2755
f 2755 2753 2762
f 2763 2762 2753
f 2753 2752 2763
f 2762 2763 2764
f 2764 2765 2762
f 2759 2762 2765
f 2765 2760 2759
f 2766 2767 2768
f 2768 2769 2766
f 2770 2766 2769
f 2769 2771 2770
f 2766 2770 2760
f 2760 2765 2766
f 2767 2766 2765
f 2765 2764 2767
f 2772 2770 2771
f 2771 2773 2772
f 2255 2772 2773
f 2773 2256 2255
f 2772 2255 2252
f 2252 2761 2772
f 2770 2772 2761
f 2761 2760 2770
f 2774 2267 2256
f 2256 2773 2774
f 2775 2774 2773
f 2773 2771 2775
f 2774 2775 2776
f 2776 2777 2774
f 2267 2774 2777
f 2777 2268 2267
f 2778 2775 2771
f 2771 2769 2778
f 2779 2778 2769
f 2769 2768 2779
f 2778 2779 2780
f 2780 2781 2778
f 2775 2778 2781
f 2781 2776 2775
f 2782 2783 2784
f 2784 2785 2782
f 2786 2782 2785
f 2785 2787 2786
f 2782 2786 2776
f 2776 2781 2782
f 2783 2782 2781
f 2781 2780 2783
f 2788 2786 2787
f 2787 2789 2788
f 2271 2788 2789
f 2789 2272 2271
f 2788 2271 2268
f 2268 2777 2788
f 2786 2788 2777
f 2777 2776 2786
f 2790 2283 2272
f 2272 2789 2790
f 2791 2790 2789
f 2789 2787 2791
f 2790 2791 2792
f 2792 2793 2790
f 2283 2790 2793
f 2793 2284 2283
f 2794 2791 2787
f 2787 2785 2794
f 2795 2794 2785
f 2785 2784 2795
f 2794 2795 2796
f 2796 2797 2794
f 2791 2794 2797
f 2797 2792 2791
f 2798 2799 2800
f 2800 2801 2798
f 2802 2798 2801
f 2801 2803 2802
f 2798 2802 2792
f 2792 2797 2798
f 2799 2798 2797
f 2797 2796 2799
f 2804 2802 2803
f 2803 2805 2804
f 2287 2804 2805
f 2805 2288 2287
f 2804 2287 2284
f 2284 2793 2804
f 2802 2804 2793
f 2793 2792 2802
f 2806 2299 2288
f 2288 2805 2806
f 2807 2806 2805
f 2805 2803 2807
f 2806 2807 2808
f 2808 2809 2806
f 2299 2806 2809
f 2809 2300 2299
f 2810 2807 2803
f 2803 2801 2810
f 2811 2810 2801
f 2801 2800 2811
f 2810 2811 2812
f 2812 2813 2810
f 2807 2810 2813
f 2813 2808 2807
f 2814 2815 2816
f 2816 2817 2814
f 2818 2814 2817
f 2817 2819 2818
f 2814 2818 2808
f 2808 2813 2814
f 2815 2814 2813
f 2813 2812 2815
f 2820 2818 2819
f 2819 2821 2820
f 2303 2820 2821
f 2821 2304 2303
f 2820 2303 2300
f 2300 2809 2820
f 2818 2820 2809
f 2809 2808 2818
f 2822 2315 2304
f 2304 2821 2822
f 2823 2822 2821
f 2821 2819 2823
f 2822 2823 2824
f 2824 2825 2822
f 2315 2822 2825
f 2825 2316 2315
f 2826 2823 2819
f 2819 2817 2826
f 2827 2826 2817
f 2817 2816 2827
f 2826 2827 2828
f 2828 2829 2826
f 2823 2826 2829
f 2829 2824 2823
f 2830 2831 2832
f 2832 2833 2830
f 2834 2830 2833
f 2833 2835 2834
f 2830 2834 2824
f 2824 2829 2830
f 2831 2830 2829
f 2829 2828 2831
f 2836 2834 2835
f 2835 2837 2836
f 2319 2836 2837
f 2837 2320 2319
f 2836 2319 2316
f 2316 2825 2836
f 2834 2836 2825
f 2825 2824 2834
f 2838 2331 2320
f 2320 2837 2838
f 2839 2838 2837
f 2837 2835 2839
f 2838 2839 2840
f 2840 2841 2838
f 2331 2838 2841
f 2841 2332 2331
f 2842 2839 2835
f 2835 2833 2842
f 2843 2842 2833
f 2833 2832 2843
f 2842 2843 2844
f 2844 2845 2842
f 2839 2842 2845
f 2845 2840 2839
f 2846 2847 2848
f 2848 2849 2846
f 2850 2846 2849
f 2849 2851 2850
f 2846 2850 2840
f 2840 2845 2846
f 2847 2846 2845
f 2845 2844 2847
f 2852 2850 2851
f 2851 2853 2852
f 2335 2852 2853
f 2853 2336 2335
f 2852 2335 2332
f 2332 2841 2852
f 2850 2852 2841
f 2841 2840 2850
f 2854 2347 2336
f 2336 2853 2854
f 2855 2854 2853
f 2853 2851 2855
f 2854 2855 2856
f 2856 2857 2854
f 2347 2854 2857
f 2857 2348 2347
f 2858 2855 2851
f 2851 2849 2858
f 2859 2858 2849
f 2849 2848 2859
f 2858 2859 2860
f 2860 2861 2858
f 2855 2858 2861
f 2861 2856 2855
f 2862 2863 2864
f 2864 2865 2862
f 2866 2862 2865
f 2865 2867 2866
f 2862 2866 2856
f 2856 2861 2862
f 2863 2862 2861
f 2861 2860 2863
f 2868 2866 2867
f 2867 2869 2868
f 2351 2868 2869
f 2869 2352 2351
f 2868 2351 2348
f 2348 2857 2868
f 2866 2868 2857
f 2857 2856 2866
f 2870 2363 2352
f 2352 2869 2870
f 2871 2870 2869
f 2869 2867 2871
f 2870 2871 2872
f 2872 2873 2870
f 2363 2870 2873
f 2873 2364 2363
f 2874 2871 2867
f 2867 2865 2874
f 2875 2874 2865
f 2865 2864 2875
f 2874 2875 2876
f 2876 2877 2874
f 2871 2874 2877
f 2877 2872 2871
f 2878 2879 2880
f 2880 2881 2878
f 2882 2878 2881
f 2881 2883 2882
f 2878 2882 2872
f 2872 2877 2878
f 2879 2878 2877
f 2877 2876 2879
f 2884 2882 2883
f 2883 2885 2884
f 2367 2884 2885
f 2885 2368 2367
f 2884 2367 2364
f 2364 2873 2884
f 2882 2884 2873
f 2873 2872 2882
f 2886 2379 2368
f 2368 2885 2886
f 2887 2886 2885
f 2885 2883 2887
f 2886 2887 2888
f 2888 2889 2886
f 2379 2886 2889
f 2889 2380 2379
f 2890 2887 2883
f 2883 2881 2890
f 2891 2890 2881
f 2881 2880 2891
f 2890 2891 2892
f 2892 2893 2890
f 2887 2890 2893
f 2893 2888 2887
f 2894 2895 2896
f 2896 2897 2894
f 2898 2894 2897
f 2897 2899 2898
f 2894 2898 2888
f 2888 2893 2894
f 2895 2894 2893
f 2893 2892 2895
f 2900 2898 2899
f 2899 2901 2900
f 2383 2900 2901
f 2901 2384 2383
f 2900 2383 2380
f 2380 2889 2900
f 2898 2900 2889
f 2889 2888 2898
f 2902 2395 2384
f 2384 2901 2902
f 2903 2902 2901
f 2901 2899 2903
f 2902 2903 2904
f 2904 2905 2902
f 2395 2902 2905
f 2905 2396 2395
f 2906 2903 2899
f 2899 2897 2906
f 2907 2906 2897
f 2897 2896 2907
f 2906 2907 2908
f 2908 2909 2906
f 2903 2906 2909
f 2909 2904 2903
f 2910 2911 2912
f 2912 2913 2910
f 2914 2910 2913
f 2913 2915 2914
f 2910 2914 2904
f 2904 2909 2910
f 2911 2910 2909
f 2909 2908 2911
f 2916 2914 2915
f 2915 2917 2916
f 2399 2916 2917
f 2917 2400 2399
f 2916 2399 2396
f 2396 2905 2916
f 2914 2916 2905
f 2905 2904 2914
f 2918 2411 2400
f 2400 2917 2918
f 2919 2918 2917
f 2917 2915 2919
f 2918 2919 2920
f 2920 2921 2918
f 2411 2918 2921
f 2921 2412 2411
f 2922 2919 2915
f 2915 2913 2922
f 2923 2922 2913
f 2913 2912 2923
f 2922 2923 2924
f 2924 2925 2922
f 2919 2922 2925
f 2925 2920 2919
f 2926 2927 2928
f 2928 2929 2926
f 2930 2926 2929
f 2929 2931 2930
f 2926 2930 2920
f 2920 2925 2926
f 2927 2926 2925
f 2925 2924 2927
f 2932 2930 2931
f 2931 2933 2932
f 2415 2932 2933
f 2933 2416 2415
f 2932 2415 2412
f 2412 2921 2932
f 2930 2932 2921
f 2921 2920 2930
f 2934 2427 2416
f 2416 2933 2934
f 2935 2934 2933
f 2933 2931 2935
f 2934 2935 2936
f 2936 2937 2934
f 2427 2934 2937
f 2937 2428 2427
f 2938 2935 2931
f 2931 2929 2938
f 2939 2938 2929
f 2929 2928 2939
f 2938 2939 2940
f 2940 2941 2938
f 2935 2938 2941
f 2941 2936 2935
f 2942 2943 2944
f 2944 2945 2942
f 2946 2942 2945
f 2945 2947 2946
f 2942 2946 2936
f 2936 2941 2942
f 2943 2942 2941
f 2941 2940 2943
f 2948 2946 2947
f 2947 2949 2948
f 2431 2948 2949
f 2949 2432 2431
f 2948 2431 2428
f 2428 2937 2948
f 2946 2948 2937
f 2937 2936 2946
f 2950 2443 2432
f 2432 2949 2950
f 2951 2950 2949
f 2949 2947 2951
f 2950 2951 2952
f 2952 2953 2950
f 2443 2950 2953
f 2953 2444 2443
f 2954 2951 2947
f 2947 2945 2954
f 2955 2954 2945
f 2945 2944 2955
f 2954 2955 2956
f 2956 2957 2954
f 2951 2954 2957
f 2957 2952 2951
f 2958 2959 2960
f 2960 2961 2958
f 2962 2958 2961
f 2961 2963 2962
f 2958 2962 2952
f 2952 2957 2958
f 2959 2958 2957
f 2957 2956 2959
f 2964 2962 2963
f 2963 2965 2964
f 2447 2964 2965
f 2965 2448 2447
f 2964 2447 2444
f 2444 2953 2964
f 2962 2964 2953
f 2953 2952 2962
f 2966 2459 2448
f 2448 2965 2966
f 2967 2966 2965
f 2965 2963 2967
f 2966 2967 2968
f 2968 2969 2966
f 2459 2966 2969
f 2969 2460 2459
f 2970 2967 2963
f 2963 2961 2970
f 2971 2970 2961
f 2961 2960 2971
f 2970 2971 2972
f 2972 2973 2970
f 2967 2970 2973
f 2973 2968 2967
f 2974 2975 2976
f 2976 2977 2974
f 2978 2974 2977
f 2977 2979 2978
f 2974 2978 2968
f 2968 2973 2974
f 2975 2974 2973
f 2973 2972 2975
f 2980 2978 2979
f 2979 2981 2980
f 2463 2980 2981
f 2981 2464 2463
f 2980 2463 2460
f 2460 2969 2980
f 2978 2980 2969
f 2969 2968 2978
f 2982 2475 2464
f 2464 2981 2982
f 2983 2982 2981
f 2981 2979 2983
f 2982 2983 2984
f 2984 2985 2982
f 2475 2982 2985
f 2985 2476 2475
f 2986 2983 2979
f 2979 2977 2986
f 2987 2986 2977
f 2977 2976 2987
f 2986 2987 2988
f 2988 2989 2986
f 2983 2986 2989
f 2989 2984 2983
f 2990 2991 2992
f 2992 2993 2990
f 2994 2990 2993
f 2993 2995 2994
f 2990 2994 2984
f 2984 2989 2990
f 2991 2990 2989
f 2989 2988 2991
f 2996 2994 2995
f 2995 2997 2996
f 2479 2996 2997
f 2997 2480 2479
f 2996 2479 2476
f 2476 2985 2996
f 2994 2996 2985
f 2985 2984 2994
f 2998 2491 2480
f 2480 2997 2998
f 2999 2998 2997
f 2997 2995 2999
f 2998 2999 3000
f 3000 3001 2998
f 2491 2998 3001
f 3001 2492 2491
f 3002 2999 2995
f 2995 2993 3002
f 3003 3002 2993
f 2993 2992 3003
f 3002 3003 3004
f 3004 3005 3002
f 2999 3002 3005
f 3005 3000 2999
f 3006 3007 2507
f 2507 2505 3006
f 3008 3006 2505
f 2505 2501 3008
f 3006 3008 3000
f 3000 3005 3006
f 3007 3006 3005
f 3005 3004 3007
f 3009 3008 2501
f 2501 2499 3009
f 2495 3009 2499
f 2499 1995 2495
f 3009 2495 2492
f 2492 3001 3009
f 3008 3009 3001
f 3001 3000 3008
f 3010 2506 2507
f 2507 3011 3010
f 3012 3010 3011
f 3011 3013 3012
f 3010 3012 3014
f 3014 3015 3010
f 2506 3010 3015
f 3015 2508 2506
f 3016 3012 3013
f 3013 3017 3016
f 3018 3016 3017
f 3017 3019 3018
f 3016 3018 3020
f 3020 3021 3016
f 3012 3016 3021
f 3021 3014 3012
f 3022 3023 3024
f 3024 3025 3022
f 3026 3022 3025
f 3025 3027 3026
f 3022 3026 3014
f 3014 3021 3022
f 3023 3022 3021
f 3021 3020 3023
f 3028 3026 3027
f 3027 3029 3028
f 2511 3028 3029
f 3029 2512 2511
f 3028 2511 2508
f 2508 3015 3028
f 3026 3028 3015
f 3015 3014 3026
f 3030 2523 2512
f 2512 3029 3030
f 3031 3030 3029
f 3029 3027 3031
f 3030 3031 3032
f 3032 3033 3030
f 2523 3030 3033
f 3033 2524 2523
f 3034 3031 3027
f 3027 3025 3034
f 3035 3034 3025
f 3025 3024 3035
f 3034 3035 3036
f 3036 3037 3034
f 3031 3034 3037
f 3037 3032 3031
f 3038 3039 3040
f 3040 3041 3038
f 3042 3038 3041
f 3041 3043 3042
f 3038 3042 3032
f 3032 3037 3038
f 3039 3038 3037
f 3037 3036 3039
f 3044 3042 3043
f 3043 3045 3044
f 2527 3044 3045
f 3045 2528 2527
f 3044 2527 2524
f 2524 3033 3044
f 3042 3044 3033
f 3033 3032 3042
f 3046 2539 2528
f 2528 3045 3046
f 3047 3046 3045
f 3045 3043 3047
f 3046 3047 3048
f 3048 3049 3046
f 2539 3046 3049
f 3049 2540 2539
f 3050 3047 3043
f 3043 3041 3050
f 3051 3050 3041
f 3041 3040 3051
f 3050 3051 3052
f 3052 3053 3050
f 3047 3050 3053
f 3053 3048 3047
f 3054 3055 3056
f 3056 3057 3054
f 3058 3054 3057
f 3057 3059 3058
f 3054 3058 3048
f 3048 3053 3054
f 3055 3054 3053
f 3053 3052 3055
f 3060 3058 3059
f 3059 3061 3060
f 2543 3060 3061
f 3061 2544 2543
f 3060 2543 2540
f 2540 3049 3060
f 3058 3060 3049
f 3049 3048 3058
f 3062 2555 2544
f 2544 3061 3062
f 3063 3062 3061
f 3061 3059 3063
f 3062 3063 3064
f 3064 3065 3062
f 2555 3062 3065
f 3065 2556 2555
f 3066 3063 3059
f 3059 3057 3066
f 3067 3066 3057
f 3057 3056 3067
f 3066 3067 3068
f 3068 3069 3066
f 3063 3066 3069
f 3069 3064 3063
f 3070 3071 3072
f 3072 3073 3070
f 3074 3070 3073
f 3073 3075 3074
f 3070 3074 3064
f 3064 3069 3070
f 3071 3070 3069
f 3069 3068 3071
f 3076 3074 3075
f 3075 3077 3076
f 2559 3076 3077
f 3077 2560 2559
f 3076 2559 2556
f 2556 3065 3076
f 3074 3076 3065
f 3065 3064 3074
f 3078 2571 2560
f 2560 3077 3078
f 3079 3078 3077
f 3077 3075 3079
f 3078 3079 3080
f 3080 3081 3078
f 2571 3078 3081
f 3081 2572 2571
f 3082 3079 3075
f 3075 3073 3082
f 3083 3082 3073
f 3073 3072 3083
f 3082 3083 3084
f 3084 3085 3082
f 3079 3082 3085
f 3085 3080 3079
f 3086 3087 3088
f 3088 3089 3086
f 3090 3086 3089
f 3089 3091 3090
f 3086 3090 3080
f 3080 3085 3086
f 3087 3086 3085
f 3085 3084 3087
f 3092 3090 3091
f 3091 3093 3092
f 2575 3092 3093
f 3093 2576 2575
f 3092 2575 2572
f 2572 3081 3092
f 3090 3092 3081
f 3081 3080 3090
f 3094 2587 2576
f 2576 3093 3094
f 3095 3094 3093
f 3093 3091 3095
f 3094 3095 3096
f 3096 3097 3094
f 2587 3094 3097
f 3097 2588 2587
f 3098 3095 3091
f 3091 3089 3098
f 3099 3098 3089
f 3089 3088 3099
f 3098 3099 3100
f 3100 3101 3098
f 3095 3098 3101
f 3101 3096 3095
f 3102 3103 3104
f 3104 3105 3102
f 3106 3102 3105
f 3105 3107 3106
f 3102 3106 3096
f 3096 3101 3102
f 3103 3102 3101
f 3101 3100 3103
f 3108 3106 3107
f 3107 3109 3108
f 2591 3108 3109
f 3109 2592 2591
f 3108 2591 2588
f 2588 3097 3108
f 3106 3108 3097
f 3097 3096 3106
f 3110 2603 2592
f 2592 3109 3110
f 3111 3110 3109
f 3109 3107 3111
f 3110 3111 3112
f 3112 3113 3110
f 2603 3110 3113
f 3113 2604 2603
f 3114 3111 3107
f 3107 3105 3114
f 3115 3114 3105
f 3105 3104 3115
f 3114 3115 3116
f 3116 3117 3114
f 3111 3114 3117
f 3117 3112 3111
f 3118 3119 3120
f 3120 3121 3118
f 3122 3118 3121
f 3121 3123 3122
f 3118 3122 3112
f 3112 3117 3118
f 3119 3118 3117
f 3117 3116 3119
f 3124 3122 3123
f 3123 3125 3124
f 2607 3124 3125
f 3125 2608 2607
f 3124 2607 2604
f 2604 3113 3124
f 3122 3124 3113
f 3113 3112 3122
f 3126 2619 2608
f 2608 3125 3126
f 3127 3126 3125
f 3125 3123 3127
f 3126 3127 3128
f 3128 3129 3126
f 2619 3126 3129
f 3129 2620 2619
f 3130 3127 3123
f 3123 3121 3130
f 3131 3130 3121
f 3121 3120 3131
f 3130 3131 3132
f 3132 3133 3130
f 3127 3130 3133
f 3133 3128 3127
f 3134 3135 3136
f 3136 3137 3134
f 3138 3134 3137
f 3137 3139 3138
f 3134 3138 3128
f 3128 3133 3134
f 3135 3134 3133
f 3133 3132 3135
f 3140 3138 3139
f 3139 3141 3140
f 2623 3140 3141
f 3141 2624 2623
f 3140 2623 2620
f 2620 3129 3140
f 3138 3140 3129
f 3129 3128 3138
f 3142 2635 2624
f 2624 3141 3142
f 3143 3142 3141
f 3141 3139 3143
f 3142 3143 3144
f 3144 3145 3142
f 2635 3142 3145
f 3145 2636 2635
f 3146 3143 3139
f 3139 3137 3146
f 3147 3146 3137
f 3137 3136 3147
f 3146 3147 3148
f 3148 3149 3146
f 3143 3146 3149
f 3149 3144 3143
f 3150 3151 3152
f 3152 3153 3150
f 3154 3150 3153
f 3153 3155 3154
f 3150 3154 3144
f 3144 3149 3150
f 3151 3150 3149
f 3149 3148 3151
f 3156 3154 3155
f 3155 3157 3156
f 2639 3156 3157
f 3157 2640 2639
f 3156 2639 2636
f 2636 3145 3156
f 3154 3156 3145
f 3145 3144 3154
f 3158 2651 2640
f 2640 3157 3158
f 3159 3158 3157
f 3157 3155 3159
f 3158 3159 3160
f 3160 3161 3158
f 2651 3158 3161
f 3161 2652 2651
f 3162 3159 3155
f 3155 3153 3162
f 3163 3162 3153
f 3153 3152 3163
f 3162 3163 3164
f 3164 3165 3162
f 3159 3162 3165
f 3165 3160 3159
f 3166 3167 3168
f 3168 3169 3166
f 3170 3166 3169
f 3169 3171 3170
f 3166 3170 3160
f 3160 3165 3166
f 3167 3166 3165
f 3165 3164 3167
f 3172 3170 3171
f 3171 3173 3172
f 2655 3172 3173
f 3173 2656 2655
f 3172 2655 2652
f 2652 3161 3172
f 3170 3172 3161
f 3161 3160 3170
f 3174 2667 2656
f 2656 3173 3174
f 3175 3174 3173
f 3173 3171 3175
f 3174 3175 3176
f 3176 3177 3174
f 2667 3174 3177
f 3177 2668 2667
f 3178 3175 3171
f 3171 3169 3178
f 3179 3178 3169
f 3169 3168 3179
f 3178 3179 3180
f 3180 3181 3178
f 3175 3178 3181
f 3181 3176 3175
f 3182 3183 3184
f 3184 3185 3182
f 3186 3182 3185
f 3185 3187 3186
f 3182 3186 3176
f 3176 3181 3182
f 3183 3182 3181
f 3181 3180 3183
f 3188 3186 3187
f 3187 3189 3188
f 2671 3188 3189
f 3189 2672 2671
f 3188 2671 2668
f 2668 3177 3188
f 3186 3188 3177
f 3177 3176 3186
f 3190 2683 2672
f 2672 3189 3190
f 3191 3190 3189
f 3189 3187 3191
f 3190 3191 3192
f 3192 3193 3190
f 2683 3190 3193
f 3193 2684 2683
f 3194 3191 3187
f 3187 3185 3194
f 3195 3194 3185
f 3185 3184 3195
f 3194 3195 3196
f 3196 3197 3194
f 3191 3194 3197
f 3197 3192 3191
f 3198 3199 3200
f 3200 3201 3198
f 3202 3198 3201
f 3201 3203 3202
f 3198 3202 3192
f 3192 3197 3198
f 3199 3198 3197
f 3197 3196 3199
f 3204 3202 3203
f 3203 3205 3204
f 2687 3204 3205
f 3205 2688 2687
f 3204 2687 2684
f 2684 3193 3204
f 3202 3204 3193
f 3193 3192 3202
f 3206 2699 2688
f 2688 3205 3206
f 3207 3206 3205
f 3205 3203 3207
f 3206 3207 3208
f 3208 3209 3206
f 2699 3206 3209
f 3209 2700 2699
f 3210 3207 3203
f 3203 3201 3210
f 3211 3210 3201
f 3201 3200 3211
f 3210 3211 3212
f 3212 3213 3210
f 3207 3210 3213
f 3213 3208 3207
f 3214 3215 3216
f 3216 3217 3214
f 3218 3214 3217
f 3217 3219 3218
f 3214 3218 3208
f 3208 3213 3214
f 3215 3214 3213
f 3213 3212 3215
f 3220 3218 3219
f 3219 3221 3220
f 2703 3220 3221
f 3221 2704 2703
f 3220 2703 2700
f 2700 3209 3220
f 3218 3220 3209
f 3209 3208 3218
f 3222 2715 2704
f 2704 3221 3222
f 3223 3222 3221
f 3221 3219 3223
f 3222 3223 3224
f 3224 3225 3222
f 2715 3222 3225
f 3225 2716 2715
f 3226 3223 3219
f 3219 3217 3226
f 3227 3226 3217
f 3217 3216 3227
f 3226 3227 3228
f 3228 3229 3226
f 3223 3226 3229
f 3229 3224 3223
f 3230 3231 3232
f 3232 3233 3230
f 3234 3230 3233
f 3233 3235 3234
f 3230 3234 3224
f 3224 3229 3230
f 3231 3230 3229
f 3229 3228 3231
f 3236 3234 3235
f 3235 3237 3236
f 2719 3236 3237
f 3237 2720 2719
f 3236 2719 2716
f 2716 3225 3236
f 3234 3236 3225
f 3225 3224 3234
f 3238 2731 2720
f 2720 3237 3238
f 3239 3238 3237
f 3237 3235 3239
f 3238 3239 3240
f 3240 3241 3238
f 2731 3238 3241
f 3241 2732 2731
f 3242 3239 3235
f 3235 3233 3242
f 3243 3242 3233
f 3233 3232 3243
f 3242 3243 3244
f 3244 3245 3242
f 3239 3242 3245
f 3245 3240 3239
f 3246 3247 3248
f 3248 3249 3246
f 3250 3246 3249
f 3249 3251 3250
f 3246 3250 3240
f 3240 3245 3246
f 3247 3246 3245
f 3245 3244 3247
f 3252 3250 3251
f 3251 3253 3252
f 2735 3252 3253
f 3253 2736 2735
f 3252 2735 2732
f 2732 3241 3252
f 3250 3252 3241
f 3241 3240 3250
f 3254 2747 2736
f 2736 3253 3254
f 3255 3254 3253
f 3253 3251 3255
f 3254 3255 3256
f 3256 3257 3254
f 2747 3254 3257
f 3257 2748 2747
f 3258 3255 3251
f 3251 3249 3258
f 3259 3258 3249
f 3249 3248 3259
f 3258 3259 3260
f 3260 3261 3258
f 3255 3258 3261
f 3261 3256 3255
f 3262 3263 3264
f 3264 3265 3262
f 3266 3262 3265
f 3265 3267 3266
f 3262 3266 3256
f 3256 3261 3262
f 3263 3262 3261
f 3261 3260 3263
f 3268 3266 3267
f 3267 3269 3268
f 2751 3268 3269
f 3269 2752 2751
f 3268 2751 2748
f 2748 3257 3268
f 3266 3268 3257
f 3257 3256 3266
f 3270 2763 2752
f 2752 3269 3270
f 3271 3270 3269
f 3269 3267 3271
f 3270 3271 3272
f 3272 3273 3270
f 2763 3270 3273
f 3273 2764 2763
f 3274 3271 3267
f 3267 3265 3274
f 3275 3274 3265
f 3265 3264 3275
f 3274 3275 3276
f 3276 3277 3274
f 3271 3274 3277
f 3277 3272 3271
f 3278 3279 3280
f 3280 3281 3278
f 3282 3278 3281
f 3281 3283 3282
f 3278 3282 3272
f 3272 3277 3278
f 3279 3278 3277
f 3277 3276 3279
f 3284 3282 3283
f 3283 3285 3284
f 2767 3284 3285
f 3285 2768 2767
f 3284 2767 2764
f 2764 3273 3284
f 3282 3284 3273
f 3273 3272 3282
f 3286 2779 2768
f 2768 3285 3286
f 3287 3286 3285
f 3285 3283 3287
f 3286 3287 3288
f 3288 3289 3286
f 2779 3286 3289
f 3289 2780 2779
f 3290 3287 3283
f 3283 3281 3290
f 3291 3290 3281
f 3281 3280 3291
f 3290 3291 3292
f 3292 3293 3290
f 3287 3290 3293
f 3293 3288 3287
f 3294 3295 3296
f 3296 3297 3294
f 3298 3294 3297
f 3297 3299 3298
f 3294 3298 3288
f 3288 3293 3294
f 3295 3294 3293
f 3293 3292 3295
f 3300 3298 3299
f 3299 3301 3300
f 2783 3300 3301
f 3301 2784 2783
f 3300 2783 2780
f 2780 3289 3300
f 3298 3300 3289
f 3289 3288 3298
f 3302 2795 2784
f 2784 3301 3302
f 3303 3302 3301
f 3301 3299 3303
f 3302 3303 3304
f 3304 3305 3302
f 2795 3302 3305
f 3305 2796 2795
f 3306 3303 3299
f 3299 3297 3306
f 3307 3306 3297
f 3297 3296 3307
f 3306 3307 3308
f 3308 3309 3306
f 3303 3306 3309
f 3309 3304 3303
f 3310 3311 3312
f 3312 3313 3310
f 3314 3310 3313
f 3313 3315 3314
f 3310 3314 3304
f 3304 3309 3310
f 3311 3310 3309
f 3309 3308 3311
f 3316 3314 3315
f 3315 3317 3316
f 2799 3316 3317
f 3317 2800 2799
f 3316 2799 2796
f 2796 3305 3316
f 3314 3316 3305
f 3305 3304 3314
f 3318 2811 2800
f 2800 3317 3318
f 3319 3318 3317
f 3317 3315 3319
f 3318 3319 3320
f 3320 3321 3318
f 2811 3318 3321
f 3321 2812 2811
f 3322 3319 3315
f 3315 3313 3322
f 3323 3322 3313
f 3313 3312 3323
f 3322 3323 3324
f 3324 3325 3322
f 3319 3322 3325
f 3325 3320 3319
f 3326 3327 3328
f 3328 3329 3326
f 3330 3326 3329
f 3329 3331 3330
f 3326 3330 3320
f 3320 3325 3326
f 3327 3326 3325
f 3325 3324 3327
f 3332 3330 3331
f 3331 3333 3332
f 2815 3332 3333
f 3333 2816 2815
f 3332 2815 2812
f 2812 3321 3332
f 3330 3332 3321
f 3321 3320 3330
f 3334 2827 2816
f 2816 3333 3334
f 3335 3334 3333
f 3333 3331 3335
f 3334 3335 3336
f 3336 3337 3334
f 2827 3334 3337
f 3337 2828 2827
f 3338 3335 3331
f 3331 3329 3338
f 3339 3338 3329
f 3329 3328 3339
f 3338 3339 3340
f 3340 3341 3338
f 3335 3338 3341
f 3341 3336 3335
f 3342 3343 3344
f 3344 3345 3342
f 3346 3342 3345
f 3345 3347 3346
f 3342 3346 3336
f 3336 3341 3342
f 3343 3342 3341
f 3341 3340 3343
f 3348 3346 3347
f 3347 3349 3348
f 2831 3348 3349
f 3349 2832 2831
f 3348 2831 2828
f 2828 3337 3348
f 3346 3348 3337
f 3337 3336 3346
f 3350 2843 2832
f 2832 3349 3350
f 3351 3350 3349
f 3349 3347 3351
f 3350 3351 3352
f 3352 3353 3350
f 2843 3350 3353
f 3353 2844 2843
f 3354 3351 3347
f 3347 3345 3354
f 3355 3354 3345
f 3345 3344 3355
f 3354 3355 3356
f 3356 3357 3354
f 3351 3354 3357
f 3357 3352 3351
f 3358 3359 3360
f 3360 3361 3358
f 3362 3358 3361
f 3361 3363 3362
f 3358 3362 3352
f 3352 3357 3358
f 3359 3358 3357
f 3357 3356 3359
f 3364 3362 3363
f 3363 3365 3364
f 2847 3364 3365
f 3365 2848 2847
f 3364 2847 2844
f 2844 3353 3364
f 3362 3364 3353
f 3353 3352 3362
f 3366 2859 2848
f 2848 3365 3366
f 3367 3366 3365
f 3365 3363 3367
f 3366 3367 3368
f 3368 3369 3366
f 2859 3366 3369
f 3369 2860 2859
f 3370 3367 3363
f 3363 3361 3370
f 3371 3370 3361
f 3361 3360 3371
f 3370 3371 3372
f 3372 3373 3370
f 3367 3370 3373
f 3373 3368 3367
f 3374 3375 3376
f 3376 3377 3374
f 3378 3374 3377
f 3377 3379 3378
f 3374 3378 3368
f 3368 3373 3374
f 3375 3374 3373
f 3373 3372 3375
f 3380 3378 3379
f 3379 3381 3380
f 2863 3380 3381
f 3381 2864 2863
f 3380 2863 2860
f 2860 3369 3380
f 3378 3380 3369
f 3369 3368 3378
f 3382 2875 2864
f 2864 3381 3382
f 3383 3382 3381
f 3381 3379 3383
f 3382 3383 3384
f 3384 3385 3382
f 2875 3382 3385
f 3385 2876 2875
f 3386 3383 3379
f 3379 3377 3386
f 3387 3386 3377
f 3377 3376 3387
f 3386 3387 3388
f 3388 3389 3386
f 3383 3386 3389
f 3389 3384 3383
f 3390 3391 3392
f 3392 3393 3390
f 3394 3390 3393
f 3393 3395 3394
f 3390 3394 3384
f 3384 3389 3390
f 3391 3390 3389
f 3389 3388 3391
f 3396 3394 3395
f 3395 3397 3396
f 2879 3396 3397
f 3397 2880 2879
f 3396 2879 2876
f 2876 3385 3396
f 3394 3396 3385
f 3385 3384 3394
f 3398 2891 2880
f 2880 3397 3398
f 3399 3398 3397
f 3397 3395 3399
f 3398 3399 3400
f 3400 3401 3398
f 2891 3398 3401
f 3401 2892 2891
f 3402 3399 3395
f 3395 3393 3402
f 3403 3402 3393
f 3393 3392 3403
f 3402 3403 3404
f 3404 3405 3402
f 3399 3402 3405
f 3405 3400 3399
f 3406 3407 3408
f 3408 3409 3406
f 3410 3406 3409
f 3409 3411 3410
f 3406 3410 3400
f 3400 3405 3406
f 3407 3406 3405
f 3405 3404 3407
f 3412 3410 3411
f 3411 3413 3412
f 2895 3412 3413
f 3413 2896 2895
f 3412 2895 2892
f 2892 3401 3412
f 3410 3412 3401
f 3401 3400 3410
f 3414 2907 2896
f 2896 3413 3414
f 3415 3414 3413
f 3413 3411 3415
f 3414 3415 3416
f 3416 3417 3414
f 2907 3414 3417
f 3417 2908 2907
f 3418 3415 3411
f 3411 3409 3418
f 3419 3418 3409
f 3409 3408 3419
f 3418 3419 3420
f 3420 3421 3418
f 3415 3418 3421
f 3421 3416 3415
f 3422 3423 3424
f 3424 3425 3422
f 3426 3422 3425
f 3425 3427 3426
f 3422 3426 3416
f 3416 3421 3422
f 3423 3422 3421
f 3421 3420 3423
f 3428 3426 3427
f 3427 3429 3428
f 2911 3428 3429
f 3429 2912 2911
f 3428 2911 2908
f 2908 3417 3428
f 3426 3428 3417
f 3417 3416 3426
f 3430 2923 2912
f 2912 3429 3430
f 3431 3430 3429
f 3429 3427 3431
f 3430 3431 3432
f 3432 3433 3430
f 2923 3430 3433
f 3433 2924 2923
f 3434 3431 3427
f 3427 3425 3434
f 3435 3434 3425
f 3425 3424 3435
f 3434 3435 3436
f 3436 3437 3434
f 3431 3434 3437
f 3437 3432 3431
f 3438 3439 3440
f 3440 3441 3438
f 3442 3438 3441
f 3441 3443 3442
f 3438 3442 3432
f 3432 3437 3438
f 3439 3438 3437
f 3437 3436 3439
f 3444 3442 3443
f 3443 3445 3444
f 2927 3444 3445
f 3445 2928 2927
f 3444 2927 2924
f 2924 3433 3444
f 3442 3444 3433
f 3433 3432 3442
f 3446 2939 2928
f 2928 3445 3446
f 3447 3446 3445
f 3445 3443 3447
f 3446 3447 3448
f 3448 3449 3446
f 2939 3446 3449
f 3449 2940 2939
f 3450 3447 3443
f 3443 3441 3450
f 3451 3450 3441
f 3441 3440 3451
f 3450 3451 3452
f 3452 3453 3450
f 3447 3450 3453
f 3453 3448 3447
f 3454 3455 3456
f 3456 3457 3454
f 3458 3454 3457
f 3457 3459 3458
f 3454 3458 3448
f 3448 3453 3454
f 3455 3454 3453
f 3453 3452 3455
f 3460 3458 3459
f 3459 3461 3460
f 2943 3460 3461
f 3461 2944 2943
f 3460 2943 2940
f 2940 3449 3460
f 3458 3460 3449
f 3449 3448 3458
f 3462 2955 2944
f 2944 3461 3462
f 3463 3462 3461
f 3461 3459 3463
f 3462 3463 3464
f 3464 3465 3462
f 2955 3462 3465
f 3465 2956 2955
f 3466 3463 3459
f 3459 3457 3466
f 3467 3466 3457
f 3457 3456 3467
f 3466 3467 3468
f 3468 3469 3466
f 3463 3466 3469
f 3469 3464 3463
f 3470 3471 3472
f 3472 3473 3470
f 3474 3470 3473
f 3473 3475 3474
f 3470 3474 3464
f 3464 3469 3470
f 3471 3470 3469
f 3469 3468 3471
f 3476 3474 3475
f 3475 3477 3476
f 2959 3476 3477
f 3477 2960 2959
f 3476 2959 2956
f 2956 3465 3476
f 3474 3476 3465
f 3465 3464 3474
f 3478 2971 2960
f 2960 3477 3478
f 3479 3478 3477
f 3477 3475 3479
f 3478 3479 3480
f 3480 3481 3478
f 2971 3478 3481
f 3481 2972 2971
f 3482 3479 3475
f 3475 3473 3482
f 3483 3482 3473
f 3473 3472 3483
f 3482 3483 3484
f 3484 3485 3482
f 3479 3482 3485
f 3485 3480 3479
f 3486 3487 3488
f 3488 3489 3486
f 3490 3486 3489
f 3489 3491 3490
f 3486 3490 3480
f 3480 3485 3486
f 3487 3486 3485
f 3485 3484 3487
f 3492 3490 3491
f 3491 3493 3492
f 2975 3492 3493
f 3493 2976 2975
f 3492 2975 2972
f 2972 3481 3492
f 3490 3492 3481
f 3481 3480 3490
f 3494 2987 2976
f 2976 3493 3494
f 3495 3494 3493
f 3493 3491 3495
f 3494 3495 3496
f 3496 3497 3494
f 2987 3494 3497
f 3497 2988 2987
f 3498 3495 3491
f 3491 3489 3498
f 3499 3498 3489
f 3489 3488 3499
f 3498 3499 3500
f 3500 3501 3498
f 3495 3498 3501
f 3501 3496 3495
f 3502 3503 3504
f 3504 3505 3502
f 3506 3502 3505
f 3505 3507 3506
f 3502 3506 3496
f 3496 3501 3502
f 3503 3502 3501
f 3501 3500 3503
f 3508 3506 3507
f 3507 3509 3508
f 2991 3508 3509
f 3509 2992 2991
f 3508 2991 2988
f 2988 3497 3508
f 3506 3508 3497
f 3497 3496 3506
f 3510 3003 2992
f 2992 3509 3510
f 3511 3510 3509
f 3509 3507 3511
f 3510 3511 3512
f 3512 3513 3510
f 3003 3510 3513
f 3513 3004 3003
f 3514 3511 3507
f 3507 3505 3514
f 3515 3514 3505
f 3505 3504 3515
f 3514 3515 3516
f 3516 3517 3514
f 3511 3514 3517
f 3517 3512 3511
f 3518 3519 3019
f 3019 3017 3518
f 3520 3518 3017
f 3017 3013 3520
f 3518 3520 3512
f 3512 3517 3518
f 3519 3518 3517
f 3517 3516 3519
f 3521 3520 3013
f 3013 3011 3521
f 3007 3521 3011
f 3011 2507 3007
f 3521 3007 3004
f 3004 3513 3521
f 3520 3521 3513
f 3513 3512 3520
f 3522 3018 3019
f 3019 3523 3522
f 3524 3522 3523
f 3523 3525 3524
f 3522 3524 3526
f 3526 3527 3522
f 3018 3522 3527
f 3527 3020 3018
f 3528 3524 3525
f 3525 3529 3528
f 3530 3528 3529
f 3529 3531 3530
f 3528 3530 3532
f 3532 3533 3528
f 3524 3528 3533
f 3533 3526 3524
f 3534 3535 3536
f 3536 3537 3534
f 3538 3534 3537
f 3537 3539 3538
f 3534 3538 3526
f 3526 3533 3534
f 3535 3534 3533
f 3533 3532 3535
f 3540 3538 3539
f 3539 3541 3540
f 3023 3540 3541
f 3541 3024 3023
f 3540 3023 3020
f 3020 3527 3540
f 3538 3540 3527
f 3527 3526 3538
f 3542 3035 3024
f 3024 3541 3542
f 3543 3542 3541
f 3541 3539 3543
f 3542 3543 3544
f 3544 3545 3542
f 3035 3542 3545
f 3545 3036 3035
f 3546 3543 3539
f 3539 3537 3546
f 3547 3546 3537
f 3537 3536 3547
f 3546 3547 3548
f 3548 3549 3546
f 3543 3546 3549
f 3549 3544 3543
f 3550 3551 3552
f 3552 3553 3550
f 3554 3550 3553
f 3553 3555 3554
f 3550 3554 3544
f 3544 3549 3550
f 3551 3550 3549
f 3549 3548 3551
f 3556 3554 3555
f 3555 3557 3556
f 3039 3556 3557
f 3557 3040 3039
f 3556 3039 3036
f 3036 3545 3556
f 3554 3556 3545
f 3545 3544 3554
f 3558 3051 3040
f 3040 3557 3558
f 3559 3558 3557
f 3557 3555 3559
f 3558 3559 3560
f 3560 3561 3558
f 3051 3558 3561
f 3561 3052 3051
f 3562 3559 3555
f 3555 3553 3562
f 3563 3562 3553
f 3553 3552 3563
f 3562 3563 3564
f 3564 3565 3562
f 3559 3562 3565
f 3565 3560 3559
f 3566 3567 3568
f 3568 3569 3566
f 3570 3566 3569
f 3569 3571 3570
f 3566 3570 3560
f 3560 3565 3566
f 3567 3566 3565
f 3565 3564 3567
f 3572 3570 3571
f 3571 3573 3572
f 3055 3572 3573
f 3573 3056 3055
f 3572 3055 3052
f 3052 3561 3572
f 3570 3572 3561
f 3561 3560 3570
f 3574 3067 3056
f 3056 3573 3574
f 3575 3574 3573
f 3573 3571 3575
f 3574 3575 3576
f 3576 3577 3574
f 3067 3574 3577
f 3577 3068 3067
f 3578 3575 3571
f 3571 3569 3578
f 3579 3578 3569
f 3569 3568 3579
f 3578 3579 3580
f 3580 3581 3578
f 3575 3578 3581
f 3581 3576 3575
f 3582 3583 3584
f 3584 3585 3582
f 3586 3582 3585
f 3585 3587 3586
f 3582 3586 3576
f 3576 3581 3582
f 3583 3582 3581
f 3581 3580 3583
f 3588 3586 3587
f 3587 3589 3588
f 3071 3588 3589
f 3589 3072 3071
f 3588 3071 3068
f 3068 3577 3588
f 3586 3588 3577
f 3577 3576 3586
f 3590 3083 3072
f 3072 3589 3590
f 3591 3590 3589
f 3589 3587 3591
f 3590 3591 3592
f 3592 3593 3590
f 3083 3590 3593
f 3593 3084 3083
f 3594 3591 3587
f 3587 3585 3594
f 3595 3594 3585
f 3585 3584 3595
f 3594 3595 3596
f 3596 3597 3594
f 3591 3594 3597
f 3597 3592 3591
f 3598 3599 3600
f 3600 3601 3598
f 3602 3598 3601
f 3601 3603 3602
f 3598 3602 3592
f 3592 3597 3598
f 3599 3598 3597
f 3597 3596 3599
f 3604 3602 3603
f 3603 3605 3604
f 3087 3604 3605
f 3605 3088 3087
f 3604 3087 3084
f 3084 3593 3604
f 3602 3604 3593
f 3593 3592 3602
f 3606 3099 3088
f 3088 3605 3606
f 3607 3606 3605
f 3605 3603 3607
f 3606 3607 3608
f 3608 3609 3606
f 3099 3606 3609
f 3609 3100 3099
f 3610 3607 3603
f 3603 3601 3610
f 3611 3610 3601
f 3601 3600 3611
f 3610 3611 3612
f 3612 3613 3610
f 3607 3610 3613
f 3613 3608 3607
f 3614 3615 3616
f 3616 3617 3614
f 3618 3614 3617
f 3617 3619 3618
f 3614 3618 3608
f 3608 3613 3614
f 3615 3614 3613
f 3613 3612 3615
f 3620 3618 3619
f 3619 3621 3620
f 3103 3620 3621
f 3621 3104 3103
f 3620 3103 3100
f 3100 3609 3620
f 3618 3620 3609
f 3609 3608 3618
f 3622 3115 3104
f 3104 3621 3622
f 3623 3622 3621
f 3621 3619 3623
f 3622 3623 3624
f 3624 3625 3622
f 3115 3622 3625
f 3625 3116 3115
f 3626 3623 3619
f 3619 3617 3626
f 3627 3626 3617
f 3617 3616 3627
f 3626 3627 3628
f 3628 3629 3626
f 3623 3626 3629
f 3629 3624 3623
f 3630 3631 3632
f 3632 3633 3630
f 3634 3630 3633
f 3633 3635 3634
f 3630 3634 3624
f 3624 3629 3630
f 3631 3630 3629
f 3629 3628 3631
f 3636 3634 3635
f 3635 3637 3636
f 3119 3636 3637
f 3637 3120 3119
f 3636 3119 3116
f 3116 3625 3636
f 3634 3636 3625
f 3625 3624 3634
f 3638 3131 3120
f 3120 3637 3638
f 3639 3638 3637
f 3637 3635 3639
f 3638 3639 3640
f 3640 3641 3638
f 3131 3638 3641
f 3641 3132 3131
f 3642 3639 3635
f 3635 3633 3642
f 3643 3642 3633
f 3633 3632 3643
f 3642 3643 3644
f 3644 3645 3642
f 3639 3642 3645
f 3645 3640 3639
f 3646 3647 3648
f 3648 3649 3646
f 3650 3646 3649
f 3649 3651 3650
f 3646 3650 3640
f 3640 3645 3646
f 3647 3646 3645
f 3645 3644 3647
f 3652 3650 3651
f 3651 3653 3652
f 3135 3652 3653
f 3653 3136 3135
f 3652 3135 3132
f 3132 3641 3652
f 3650 3652 3641
f 3641 3640 3650
f 3654 3147 3136
f 3136 3653 3654
f 3655 3654 3653
f 3653 3651 3655
f 3654 3655 3656
f 3656 3657 3654
f 3147 3654 3657
f 3657 3148 3147
f 3658 3655 3651
f 3651 3649 3658
f 3659 3658 3649
f 3649 3648 3659
f 3658 3659 3660
f 3660 3661 3658
f 3655 3658 3661
f 3661 3656 3655
f 3662 3663 3664
f 3664 3665 3662
f 3666 3662 3665
f 3665 3667 3666
f 3662 3666 3656
f 3656 3661 3662
f 3663 3662 3661
f 3661 3660 3663
f 3668 3666 3667
f 3667 3669 3668
f 3151 3668 3669
f 3669 3152 3151
f 3668 3151 3148
f 3148 3657 3668
f 3666 3668 3657
f 3657 3656 3666
f 3670 3163 3152
f 3152 3669 3670
f 3671 3670 3669
f 3669 3667 3671
f 3670 3671 3672
f 3672 3673 3670
f 3163 3670 3673
f 3673 3164 3163
f 3674 3671 3667
f 3667 3665 3674
f 3675 3674 3665
f 3665 3664 3675
f 3674 3675 3676
f 3676 3677 3674
f 3671 3674 3677
f 3677 3672 3671
f 3678 3679 3680
f 3680 3681 3678
f 3682 3678 3681
f 3681 3683 3682
f 3678 3682 3672
f 3672 3677 3678
f 3679 3678 3677
f 3677 3676 3679
f 3684 3682 3683
f 3683 3685 3684
f 3167 3684 3685
f 3685 3168 3167
f 3684 3167 3164
f 3164 3673 3684
f 3682 3684 3673
f 3673 3672 3682
f 3686 3179 3168
f 3168 3685 3686
f 3687 3686 3685
f 3685 3683 3687
f 3686 3687 3688
f 3688 3689 3686
f 3179 3686 3689
f 3689 3180 3179
f 3690 3687 3683
f 3683 3681 3690
f 3691 3690 3681
f 3681 3680 3691
f 3690 3691 3692
f 3692 3693 3690
f 3687 3690 3693
f 3693 3688 3687
f 3694 3695 3696
f 3696 3697 3694
f 3698 3694 3697
f 3697 3699 3698
f 3694 3698 3688
f 3688 3693 3694
f 3695 3694 3693
f 3693 3692 3695
f 3700 3698 3699
f 3699 3701 3700
f 3183 3700 3701
f 3701 3184 3183
f 3700 3183 3180
f 3180 3689 3700
f 3698 3700 3689
f 3689 3688 3698
f 3702 3195 3184
f 3184 3701 3702
f 3703 3702 3701
f 3701 3699 3703
f 3702 3703 3704
f 3704 3705 3702
f 3195 3702 3705
f 3705 3196 3195
f 3706 3703 3699
f 3699 3697 3706
f 3707 3706 3697
f 3697 3696 3707
f 3706 3707 3708
f 3708 3709 3706
f 3703 3706 3709
f 3709 3704 3703
f 3710 3711 3712
f 3712 3713 3710
f 3714 3710 3713
f 3713 3715 3714
f 3710 3714 3704
f 3704 3709 3710
f 3711 3710 3709
f 3709 3708 3711
f 3716 3714 3715
f 3715 3717 3716
f 3199 3716 3717
f 3717 3200 3199
f 3716 3199 3196
f 3196 3705 3716
f 3714 3716 3705
f 3705 3704 3714
f 3718 3211 3200
f 3200 3717 3718
f 3719 3718 3717
f 3717 3715 3719
f 3718 3719 3720
f 3720 3721 3718
f 3211 3718 3721
f 3721 3212 3211
f 3722 3719 3715
f 3715 3713 3722
f 3723 3722 3713
f 3713 3712 3723
f 3722 3723 3724
f 3724 3725 3722
f 3719 3722 3725
f 3725 3720 3719
f 3726 3727 3728
f 3728 3729 3726
f 3730 3726 3729
f 3729 3731 3730
f 3726 3730 3720
f 3720 3725 3726
f 3727 3726 3725
f 3725 3724 3727
f 3732 3730 3731
f 3731 3733 3732
f 3215 3732 3733
f 3733 3216 3215
f 3732 3215 3212
f 3212 3721 3732
f 3730 3732 3721
f 3721 3720 3730
f 3734 3227 3216
f 3216 3733 3734
f 3735 3734 3733
f 3733 3731 3735
f 3734 3735 3736
f 3736 3737 3734
f 3227 3734 3737
f 3737 3228 3227
f 3738 3735 3731
f 3731 3729 3738
f 3739 3738 3729
f 3729 3728 3739
f 3738 3739 3740
f 3740 3741 3738
f 3735 3738 3741
f 3741 3736 3735
f 3742 3743 3744
f 3744 3745 3742
f 3746 3742 3745
f 3745 3747 3746
f 3742 3746 3736
f 3736 3741 3742
f 3743 3742 3741
f 3741 3740 3743
f 3748 3746 3747
f 3747 3749 3748
f 3231 3748 3749
f 3749 3232 3231
f 3748 3231 3228
f 3228 3737 3748
f 3746 3748 3737
f 3737 3736 3746
f 3750 3243 3232
f 3232 3749 3750
f 3751 3750 3749
f 3749 3747 3751
f 3750 3751 3752
f 3752 3753 3750
f 3243 3750 3753
f 3753 3244 3243
f 3754 3751 3747
f 3747 3745 3754
f 3755 3754 3745
f 3745 3744 3755
f 3754 3755 3756
f 3756 3757 3754
f 3751 3754 3757
f 3757 3752 3751
f 3758 3759 3760
f 3760 3761 3758
f 3762 3758 3761
f 3761 3763 3762
f 3758 3762 3752
f 3752 3757 3758
f 3759 3758 3757
f 3757 3756 3759
f 3764 3762 3763
f 3763 3765 3764
f 3247 3764 3765
f 3765 3248 3247
f 3764 3247 3244
f 3244 3753 3764
f 3762 3764 3753
f 3753 3752 3762
f 3766 3259 3248
f 3248 3765 3766
f 3767 3766 3765
f 3765 3763 3767
f 3766 3767 3768
f 3768 3769 3766
f 3259 3766 3769
f 3769 3260 3259
f 3770 3767 3763
f 3763 3761 3770
f 3771 3770 3761
f 3761 3760 3771
f 3770 3771 3772
f 3772 3773 3770
f 3767 3770 3773
f 3773 3768 3767
f 3774 3775 3776
f 3776 3777 3774
f 3778 3774 3777
f 3777 3779 3778
f 3774 3778 3768
f 3768 3773 3774
f 3775 3774 3773
f 3773 3772 3775
f 3780 3778 3779
f 3779 3781 3780
f 3263 3780 3781
f 3781 3264 3263
f 3780 3263 3260
f 3260 3769 3780
f 3778 3780 3769
f 3769 3768 3778
f 3782 3275 3264
f 3264 3781 3782
f 3783 3782 3781
f 3781 3779 3783
f 3782 3783 3784
f 3784 3785 3782
f 3275 3782 3785
f 3785 3276 3275
f 3786 3783 3779
f 3779 3777 3786
f 3787 3786 3777
f 3777 3776 3787
f 3786 3787 3788
f 3788 3789 3786
f 3783 3786 3789
f 3789 3784 3783
f 3790 3791 3792
f 3792 3793 3790
f 3794 3790 3793
f 3793 3795 3794
f 3790 3794 3784
f 3784 3789 3790
f 3791 3790 3789
f 3789 3788 3791
f 3796 3794 3795
f 3795 3797 3796
f 3279 3796 3797
f 3797 3280 3279
f 3796 3279 3276
f 3276 3785 3796
f 3794 3796 3785
f 3785 3784 3794
f 3798 3291 3280
f 3280 3797 3798
f 3799 3798 3797
f 3797 3795 3799
f 3798 3799 3800
f 3800 3801 3798
f 3291 3798 3801
f 3801 3292 3291
f 3802 3799 3795
f 3795 3793 3802
f 3803 3802 3793
f 3793 3792 3803
f 3802 3803 3804
f 3804 3805 3802
f 3799 3802 3805
f 3805 3800 3799
f 3806 3807 3808
f 3808 3809 3806
f 3810 3806 3809
f 3809 3811 3810
f 3806 3810 3800
f 3800 3805 3806
f 3807 3806 3805
f 3805 3804 3807
f 3812 3810 3811
f 3811 3813 3812
f 3295 3812 3813
f 3813 3296 3295
f 3812 3295 3292
f 3292 3801 3812
f 3810 3812 3801
f 3801 3800 3810
f 3814 3307 3296
f 3296 3813 3814
f 3815 3814 3813
f 3813 3811 3815
f 3814 3815 3816
f 3816 3817 3814
f 3307 3814 3817
f 3817 3308 3307
f 3818 3815 3811
f 3811 3809 3818
f 3819 3818 3809
f 3809 3808 3819
f 3818 3819 3820
f 3820 3821 3818
f 3815 3818 3821
f 3821 3816 3815
f 3822 3823 3824
f 3824 3825 3822
f 3826 3822 3825
f 3825 3827 3826
f 3822 3826 3816
f 3816 3821 3822
f 3823 3822 3821
f 3821 3820 3823
f 3828 3826 3827
f 3827 3829 3828
f 3311 3828 3829
f 3829 3312 3311
f 3828 3311 3308
f 3308 3817 3828
f 3826 3828 3817
f 3817 3816 3826
f 3830 3323 3312
f 3312 3829 3830
f 3831 3830 3829
f 3829 3827 3831
f 3830 3831 3832
f 3832 3833 3830
f 3323 3830 3833
f 3833 3324 3323
f 3834 3831 3827
f 3827 3825 3834
f 3835 3834 3825
f 3825 3824 3835
f 3834 3835 3836
f 3836 3837 3834
f 3831 3834 3837
f 3837 3832 3831
f 3838 3839 3840
f 3840 3841 3838
f 3842 3838 3841
f 3841 3843 3842
f 3838 3842 3832
f 3832 3837 3838
f 3839 3838 3837
f 3837 3836 3839
f 3844 3842 3843
f 3843 3845 3844
f 3327 3844 3845
f 3845 3328 3327
f 3844 3327 3324
f 3324 3833 3844
f 3842 3844 3833
f 3833 3832 3842
f 3846 3339 3328
f 3328 3845 3846
f 3847 3846 3845
f 3845 3843 3847
f 3846 3847 3848
f 3848 3849 3846
f 3339 3846 3849
f 3849 3340 3339
f 3850 3847 3843
f 3843 3841 3850
f 3851 3850 3841
f 3841 3840 3851
f 3850 3851 3852
f 3852 3853 3850
f 3847 3850 3853
f 3853 3848 3847
f 3854 3855 3856
f 3856 3857 3854
f 3858 3854 3857
f 3857 3859 3858
f 3854 3858 3848
f 3848 3853 3854
f 3855 3854 3853
f 3853 3852 3855
f 3860 3858 3859
f 3859 3861 3860
f 3343 3860 3861
f 3861 3344 3343
f 3860 3343 3340
f 3340 3849 3860
f 3858 3860 3849
f 3849 3848 3858
f 3862 3355 3344
f 3344 3861 3862
f 3863 3862 3861
f 3861 3859 3863
f 3862 3863 3864
f 3864 3865 3862
f 3355 3862 3865
f 3865 3356 3355
f 3866 3863 3859
f 3859 3857 3866
f 3867 3866 3857
f 3857 3856 3867
f 3866 3867 3868
f 3868 3869 3866
f 3863 3866 3869
f 3869 3864 3863
f 3870 3871 3872
f 3872 3873 3870
f 3874 3870 3873
f 3873 3875 3874
f 3870 3874 3864
f 3864 3869 3870
f 3871 3870 3869
f 3869 3868 3871
f 3876 3874 3875
f 3875 3877 3876
f 3359 3876 3877
f 3877 3360 3359
f 3876 3359 3356
f 3356 3865 3876
f 3874 3876 3865
f 3865 3864 3874
f 3878 3371 3360
f 3360 3877 3878
f 3879 3878 3877
f 3877 3875 3879
f 3878 3879 3880
f 3880 3881 3878
f 3371 3878 3881
f 3881 3372 3371
f 3882 3879 3875
f 3875 3873 3882
f 3883 3882 3873
f 3873 3872 3883
f 3882 3883 3884
f 3884 3885 3882
f 3879 3882 3885
f 3885 3880 3879
f 3886 3887 3888
f 3888 3889 3886
f 3890 3886 3889
f 3889 3891 3890
f 3886 3890 3880
f 3880 3885 3886
f 3887 3886 3885
f 3885 3884 3887
f 3892 3890 3891
f 3891 3893 3892
f 3375 3892 3893
f 3893 3376 3375
f 3892 3375 3372
f 3372 3881 3892
f 3890 3892 3881
f 3881 3880 3890
f 3894 3387 3376
f 3376 3893 3894
f 3895 3894 3893
f 3893 3891 3895
f 3894 3895 3896
f 3896 3897 3894
f 3387 3894 3897
f 3897 3388 3387
f 3898 3895 3891
f 3891 3889 3898
f 3899 3898 3889
f 3889 3888 3899
f 3898 3899 3900
f 3900 3901 3898
f 3895 3898 3901
f 3901 3896 3895
f 3902 3903 3904
f 3904 3905 3902
f 3906 3902 3905
f 3905 3907 3906
f 3902 3906 3896
f 3896 3901 3902
f 3903 3902 3901
f 3901 3900 3903
f 3908 3906 3907
f 3907 3909 3908
f 3391 3908 3909
f 3909 3392 3391
f 3908 3391 3388
f 3388 3897 3908
f 3906 3908 3897
f 3897 3896 3906
f 3910 3403 3392
f 3392 3909 3910
f 3911 3910 3909
f 3909 3907 3911
f 3910 3911 3912
f 3912 3913 3910
f 3403 3910 3913
f 3913 3404 3403
f 3914 3911 3907
f 3907 3905 3914
f 3915 3914 3905
f 3905 3904 3915
f 3914 3915 3916
f 3916 3917 3914
f 3911 3914 3917
f 3917 3912 3911
f 3918 3919 3920
f 3920 3921 3918
f 3922 3918 3921
f 3921 3923 3922
f 3918 3922 3912
f 3912 3917 3918
f 3919 3918 3917
f 3917 3916 3919
f 3924 3922 3923
f 3923 3925 3924
f 3407 3924 3925
f 3925 3408 3407
f 3924 3407 3404
f 3404 3913 3924
f 3922 3924 3913
f 3913 3912 3922
f 3926 3419 3408
f 3408 3925 3926
f 3927 3926 3925
f 3925 3923 3927
f 3926 3927 3928
f 3928 3929 3926
f 3419 3926 3929
f 3929 3420 3419
f 3930 3927 3923
f 3923 3921 3930
f 3931 3930 3921
f 3921 3920 3931
f 3930 3931 3932
f 3932 3933 3930
f 3927 3930 3933
f 3933 3928 3927
f 3934 3935 3936
f 3936 3937 3934
f 3938 3934 3937
f 3937 3939 3938
f 3934 3938 3928
f 3928 3933 3934
f 3935 3934 3933
f 3933 3932 3935
f 3940 3938 3939
f 3939 3941 3940
f 3423 3940 3941
f 3941 3424 3423
f 3940 3423 3420
f 3420 3929 3940
f 3938 3940 3929
f 3929 3928 3938
f 3942 3435 3424
f 3424 3941 3942
f 3943 3942 3941
f 3941 3939 3943
f 3942 3943 3944
f 3944 3945 3942
f 3435 3942 3945
f 3945 3436 3435
f 3946 3943 3939
f 3939 3937 3946
f 3947 3946 3937
f 3937 3936 3947
f 3946 3947 3948
f 3948 3949 3946
f 3943 3946 3949
f 3949 3944 3943
f 3950 3951 3952
f 3952 3953 3950
f 3954 3950 3953
f 3953 3955 3954
f 3950 3954 3944
f 3944 3949 3950
f 3951 3950 3949
f 3949 3948 3951
f 3956 3954 3955
f 3955 3957 3956
f 3439 3956 3957
f 3957 3440 3439
f 3956 3439 3436
f 3436 3945 3956
f 3954 3956 3945
f 3945 3944 3954
f 3958 3451 3440
f 3440 3957 3958
f 3959 3958 3957
f 3957 3955 3959
f 3958 3959 3960
f 3960 3961 3958
f 3451 3958 3961
f 3961 3452 3451
f 3962 3959 3955
f 3955 3953 3962
f 3963 3962 3953
f 3953 3952 3963
f 3962 3963 3964
f 3964 3965 3962
f 3959 3962 3965
f 3965 3960 3959
f 3966 3967 3968
f 3968 3969 3966
f 3970 3966 3969
f 3969 3971 3970
f 3966 3970 3960
f 3960 3965 3966
f 3967 3966 3965
f 3965 3964 3967
f 3972 3970 3971
f 3971 3973 3972
f 3455 3972 3973
f 3973 3456 3455
f 3972 3455 3452
f 3452 3961 3972
f 3970 3972 3961
f 3961 3960 3970
f 3974 3467 3456
f 3456 3973 3974
f 3975 3974 3973
f 3973 3971 3975
f 3974 3975 3976
f 3976 3977 3974
f 3467 3974 3977
f 3977 3468 3467
f 3978 3975 3971
f 3971 3969 3978
f 3979 3978 3969
f 3969 3968 3979
f 3978 3979 3980
f 3980 3981 3978
f 3975 3978 3981
f 3981 3976 3975
f 3982 3983 3984
f 3984 3985 3982
f 3986 3982 3985
f 3985 3987 3986
f 3982 3986 3976
f 3976 3981 3982
f 3983 3982 3981
f 3981 3980 3983
f 3988 3986 3987
f 3987 3989 3988
f 3471 3988 3989
f 3989 3472 3471
f 3988 3471 3468
f 3468 3977 3988
f 3986 3988 3977
f 3977 3976 3986
f 3990 3483 3472
f 3472 3989 3990
f 3991 3990 3989
f 3989 3987 3991
f 3990 3991 3992
f 3992 3993 3990
f 3483 3990 3993
f 3993 3484 3483
f 3994 3991 3987
f 3987 3985 3994
f 3995 3994 3985
f 3985 3984 3995
f 3994 3995 3996
f 3996 3997 3994
f 3991 3994 3997
f 3997 3992 3991
f 3998 3999 4000
f 4000 4001 3998
f 4002 3998 4001
f 4001 4003 4002
f 3998 4002 3992
f 3992 3997 3998
f 3999 3998 3997
f 3997 3996 3999
f 4004 4002 4003
f 4003 4005 4004
f 3487 4004 4005
f 4005 3488 3487
f 4004 3487 3484
f 3484 3993 4004
f 4002 4004 3993
f 3993 3992 4002
f 4006 3499 3488
f 3488 4005 4006
f 4007 4006 4005
f 4005 4003 4007
f 4006 4007 4008
f 4008 4009 4006
f 3499 4006 4009
f 4009 3500 3499
f 4010 4007 4003
f 4003 4001 4010
f 4011 4010 4001
f 4001 4000 4011
f 4010 4011 4012
f 4012 4013 4010
f 4007 4010 4013
f 4013 4008 4007
f 4014 4015 4016
f 4016 4017 4014
f 4018 4014 4017
f 4017 4019 4018
f 4014 4018 4008
f 4008 4013 4014
f 4015 4014 4013
f 4013 4012 4015
f 4020 4018 4019
f 4019 4021 4020
f 3503 4020 4021
f 4021 3504 3503
f 4020 3503 3500
f 3500 4009 4020
f 4018 4020 4009
f 4009 4008 4018
f 4022 3515 3504
f 3504 4021 4022
f 4023 4022 4021
f 4021 4019 4023
f 4022 4023 4024
f 4024 4025 4022
f 3515 4022 4025
f 4025 3516 3515
f 4026 4023 4019
f 4019 4017 4026
f 4027 4026 4017
f 4017 4016 4027
f 4026 4027 4028
f 4028 4029 4026
f 4023 4026 4029
f 4029 4024 4023
f 4030 4031 3531
f 3531 3529 4030
f 4032 4030 3529
f 3529 3525 4032
f 4030 4032 4024
f 4024 4029 4030
f 4031 4030 4029
f 4029 4028 4031
f 4033 4032 3525
f 3525 3523 4033
f 3519 4033 3523
f 3523 3019 3519
f 4033 3519 3516
f 3516 4025 4033
f 4032 4033 4025
f 4025 4024 4032
f 4034 3530 3531
f 3531 4035 4034
f 4036 4034 4035
f 4035 4037 4036
f 4034 4036 4038
f 4038 4039 4034
f 3530 4034 4039
f 4039 3532 3530
f 4040 4036 4037
f 4037 4041 4040
f 4042 4040 4041
f 4041 4043 4042
f 4040 4042 4044
f 4044 4045 4040
f 4036 4040 4045
f 4045 4038 4036
f 4046 4047 4048
f 4048 4049 4046
f 4050 4046 4049
f 4049 4051 4050
f 4046 4050 4038
f 4038 4045 4046
f 4047 4046 4045
f 4045 4044 4047
f 4052 4050 4051
f 4051 4053 4052
f 3535 4052 4053
f 4053 3536 3535
f 4052 3535 3532
f 3532 4039 4052
f 4050 4052 4039
f 4039 4038 4050
f 4054 3547 3536
f 3536 4053 4054
f 4055 4054 4053
f 4053 4051 4055
f 4054 4055 4056
f 4056 4057 4054
f 3547 4054 4057
f 4057 3548 3547
f 4058 4055 4051
f 4051 4049 4058
f 4059 4058 4049
f 4049 4048 4059
f 4058 4059 4060
f 4060 4061 4058
f 4055 4058 4061
f 4061 4056 4055
f 4062 4063 4064
f 4064 4065 4062
f 4066 4062 4065
f 4065 4067 4066
f 4062 4066 4056
f 4056 4061 4062
f 4063 4062 4061
f 4061 4060 4063
f 4068 4066 4067
f 4067 4069 4068
f 3551 4068 4069
f 4069 3552 3551
f 4068 3551 3548
f 3548 4057 4068
f 4066 4068 4057
f 4057 4056 4066
f 4070 3563 3552
f 3552 4069 4070
f 4071 4070 4069
f 4069 4067 4071
f 4070 4071 4072
f 4072 4073 4070
f 3563 4070 4073
f 4073 3564 3563
f 4074 4071 4067
f 4067 4065 4074
f 4075 4074 4065
f 4065 4064 4075
f 4074 4075 4076
f 4076 4077 4074
f 4071 4074 4077
f 4077 4072 4071
f 4078 4079 4080
f 4080 4081 4078
f 4082 4078 4081
f 4081 4083 4082
f 4078 4082 4072
f 4072 4077 4078
f 4079 4078 4077
f 4077 4076 4079
f 4084 4082 4083
f 4083 4085 4084
f 3567 4084 4085
f 4085 3568 3567
f 4084 3567 3564
f 3564 4073 4084
f 4082 4084 4073
f 4073 4072 4082
f 4086 3579 3568
f 3568 4085 4086
f 4087 4086 4085
f 4085 4083 4087
f 4086 4087 4088
f 4088 4089 4086
f 3579 4086 4089
f 4089 3580 3579
f 4090 4087 4083
f 4083 4081 4090
f 4091 4090 4081
f 4081 4080 4091
f 4090 4091 4092
f 4092 4093 4090
f 4087 4090 4093
f 4093 4088 4087
f 4094 4095 4096
f 4096 4097 4094
f 4098 4094 4097
f 4097 4099 4098
f 4094 4098 4088
f 4088 4093 4094
f 4095 4094 4093
f 4093 4092 4095
f 4100 4098 4099
f 4099 4101 4100
f 3583 4100 4101
f 4101 3584 3583
f 4100 3583 3580
f 3580 4089 4100
f 4098 4100 4089
f 4089 4088 4098
f 4102 3595 3584
f 3584 4101 4102
f 4103 4102 4101
f 4101 4099 4103
f 4102 4103 4104
f 4104 4105 4102
f 3595 4102 4105
f 4105 3596 3595
f 4106 4103 4099
f 4099 4097 4106
f 4107 4106 4097
f 4097 4096 4107
f 4106 4107 4108
f 4108 4109 4106
f 4103 4106 4109
f 4109 4104 4103
f 4110 4111 4112
f 4112 4113 4110
f 4114 4110 4113
f 4113 4115 4114
f 4110 4114 4104
f 4104 4109 4110
f 4111 4110 4109
f 4109 4108 4111
f 4116 4114 4115
f 4115 4117 4116
f 3599 4116 4117
f 4117 3600 3599
f 4116 3599 3596
f 3596 4105 4116
f 4114 4116 4105
f 4105 4104 4114
f 4118 3611 3600
f 3600 4117 4118
f 4119 4118 4117
f 4117 4115 4119
f 4118 4119 4120
f 4120 4121 4118
f 3611 4118 4121
f 4121 3612 3611
f 4122 4119 4115
f 4115 4113 4122
f 4123 4122 4113
f 4113 4112 4123
f 4122 4123 4124
f 4124 4125 4122
f 4119 4122 4125
f 4125 4120 4119
f 4126 4127 4128
f 4128 4129 4126
f 4130 4126 4129
f 4129 4131 4130
f 4126 4130 4120
f 4120 4125 4126
f 4127 4126 4125
f 4125 4124 4127
f 4132 4130 4131
f 4131 4133 4132
f 3615 4132 4133
f 4133 3616 3615
f 4132 3615 3612
f 3612 4121 4132
f 4130 4132 4121
f 4121 4120 4130
f 4134 3627 3616
f 3616 4133 4134
f 4135 4134 4133
f 4133 4131 4135
f 4134 4135 4136
f 4136 4137 4134
f 3627 4134 4137
f 4137 3628 3627
f 4138 4135 4131
f 4131 4129 4138
f 4139 4138 4129
f 4129 4128 4139
f 4138 4139 4140
f 4140 4141 4138
f 4135 4138 4141
f 4141 4136 4135
f 4142 4143 4144
f 4144 4145 4142
f 4146 4142 4145
f 4145 4147 4146
f 4142 4146 4136
f 4136 4141 4142
f 4143 4142 4141
f 4141 4140 4143
f 4148 4146 4147
f 4147 4149 4148
f 3631 4148 4149
f 4149 3632 3631
f 4148 3631 3628
f 3628 4137 4148
f 4146 4148 4137
f 4137 4136 4146
f 4150 3643 3632
f 3632 4149 4150
f 4151 4150 4149
f 4149 4147 4151
f 4150 4151 4152
f 4152 4153 4150
f 3643 4150 4153
f 4153 3644 3643
f 4154 4151 4147
f 4147 4145 4154
f 4155 4154 4145
f 4145 4144 4155
f 4154 4155 4156
f 4156 4157 4154
f 4151 4154 4157
f 4157 4152 4151
f 4158 4159 4160
f 4160 4161 4158
f 4162 4158 4161
f 4161 4163 4162
f 4158 4162 4152
f 4152 4157 4158
f 4159 4158 4157
f 4157 4156 4159
f 4164 4162 4163
f 4163 4165 4164
f 3647 4164 4165
f 4165 3648 3647
f 4164 3647 3644
f 3644 4153 4164
f 4162 4164 4153
f 4153 4152 4162
f 4166 3659 3648
f 3648 4165 4166
f 4167 4166 4165
f 4165 4163 4167
f 4166 4167 4168
f 4168 4169 4166
f 3659 4166 4169
f 4169 3660 3659
f 4170 4167 4163
f 4163 4161 4170
f 4171 4170 4161
f 4161 4160 4171
f 4170 4171 4172
f 4172 4173 4170
f 4167 4170 4173
f 4173 4168 4167
f 4174 4175 4176
f 4176 4177 4174
f 4178 4174 4177
f 4177 4179 4178
f 4174 4178 4168
f 4168 4173 4174
f 4175 4174 4173
f 4173 4172 4175
f 4180 4178 4179
f 4179 4181 4180
f 3663 4180 4181
f 4181 3664 3663
f 4180 3663 3660
f 3660 4169 4180
f 4178 4180 4169
f 4169 4168 4178
f 4182 3675 3664
f 3664 4181 4182
f 4183 4182 4181
f 4181 4179 4183
f 4182 4183 4184
f 4184 4185 4182
f 3675 4182 4185
f 4185 3676 3675
f 4186 4183 4179
f 4179 4177 4186
f 4187 4186 4177
f 4177 4176 4187
f 4186 4187 4188
f 4188 4189 4186
f 4183 4186 4189
f 4189 4184 4183
f 4190 4191 4192
f 4192 4193 4190
f 4194 4190 4193
f 4193 4195 4194
f 4190 4194 4184
f 4184 4189 4190
f 4191 4190 4189
f 4189 4188 4191
f 4196 4194 4195
f 4195 4197 4196
f 3679 4196 4197
f 4197 3680 3679
f 4196 3679 3676
f 3676 4185 4196
f 4194 4196 4185
f 4185 4184 4194
f 4198 3691 3680
f 3680 4197 4198
f 4199 4198 4197
f 4197 4195 4199
f 4198 4199 4200
f 4200 4201 4198
f 3691 4198 4201
f 4201 3692 3691
f 4202 4199 4195
f 4195 4193 4202
f 4203 4202 4193
f 4193 4192 4203
f 4202 4203 4204
f 4204 4205 4202
f 4199 4202 4205
f 4205 4200 4199
f 4206 4207 4208
f 4208 4209 4206
f 4210 4206 4209
f 4209 4211 4210
f 4206 4210 4200
f 4200 4205 4206
f 4207 4206 4205
f 4205 4204 4207
f 4212 4210 4211
f 4211 4213 4212
f 3695 4212 4213
f 4213 3696 3695
f 4212 3695 3692
f 3692 4201 4212
f 4210 4212 4201
f 4201 4200 4210
f 4214 3707 3696
f 3696 4213 4214
f 4215 4214 4213
f 4213 4211 4215
f 4214 4215 4216
f 4216 4217 4214
f 3707 4214 4217
f 4217 3708 3707
f 4218 4215 4211
f 4211 4209 4218
f 4219 4218 4209
f 4209 4208 4219
f 4218 4219 4220
f 4220 4221 4218
f 4215 4218 4221
f 4221 4216 4215
f 4222 4223 4224
f 4224 4225 4222
f 4226 4222 4225
f 4225 4227 4226
f 4222 4226 4216
f 4216 4221 4222
f 4223 4222 4221
f 4221 4220 4223
f 4228 4226 4227
f 4227 4229 4228
f 3711 4228 4229
f 4229 3712 3711
f 4228 3711 3708
f 3708 4217 4228
f 4226 4228 4217
f 4217 4216 4226
f 4230 3723 3712
f 3712 4229 4230
f 4231 4230 4229
f 4229 4227 4231
f 4230 4231 4232
f 4232 4233 4230
f 3723 4230 4233
f 4233 3724 3723
f 4234 4231 4227
f 4227 4225 4234
f 4235 4234 4225
f 4225 4224 4235
f 4234 4235 4236
f 4236 4237 4234
f 4231 4234 4237
f 4237 4232 4231
f 4238 4239 4240
f 4240 4241 4238
f 4242 4238 4241
f 4241 4243 4242
f 4238 4242 4232
f 4232 4237 4238
f 4239 4238 4237
f 4237 4236 4239
f 4244 4242 4243
f 4243 4245 4244
f 3727 4244 4245
f 4245 3728 3727
f 4244 3727 3724
f 3724 4233 4244
f 4242 4244 4233
f 4233 4232 4242
f 4246 3739 3728
f 3728 4245 4246
f 4247 4246 4245
f 4245 4243 4247
f 4246 4247 4248
f 4248 4249 4246
f 3739 4246 4249
f 4249 3740 3739
f 4250 4247 4243
f 4243 4241 4250
f 4251 4250 4241
f 4241 4240 4251
f 4250 4251 4252
f 4252 4253 4250
f 4247 4250 4253
f 4253 4248 4247
f 4254 4255 4256
f 4256 4257 4254
f 4258 4254 4257
f 4257 4259 4258
f 4254 4258 4248
f 4248 4253 4254
f 4255 4254 4253
f 4253 4252 4255
f 4260 4258 4259
f 4259 4261 4260
f 3743 4260 4261
f 4261 3744 3743
f 4260 3743 3740
f 3740 4249 4260
f 4258 4260 4249
f 4249 4248 4258
f 4262 3755 3744
f 3744 4261 4262
f 4263 4262 4261
f 4261 4259 4263
f 4262 4263 4264
f 4264 4265 4262
f 3755 4262 4265
f 4265 3756 3755
f 4266 4263 4259
f 4259 4257 4266
f 4267 4266 4257
f 4257 4256 4267
f 4266 4267 4268
f 4268 4269 4266
f 4263 4266 4269
f 4269 4264 4263
f 4270 4271 4272
f 4272 4273 4270
f 4274 4270 4273
f 4273 4275 4274
f 4270 4274 4264
f 4264 4269 4270
f 4271 4270 4269
f 4269 4268 4271
f 4276 4274 4275
f 4275 4277 4276
f 3759 4276 4277
f 4277 3760 3759
f 4276 3759 3756
f 3756 4265 4276
f 4274 4276 4265
f 4265 4264 4274
f 4278 3771 3760
f 3760 4277 4278
f 4279 4278 4277
f 4277 4275 4279
f 4278 4279 4280
f 4280 4281 4278
f 3771 4278 4281
f 4281 3772 3771
f 4282 4279 4275
f 4275 4273 4282
f 4283 4282 4273
f 4273 4272 4283
f 4282 4283 4284
f 4284 4285 4282
f 4279 4282 4285
f 4285 4280 4279
f 4286 4287 4288
f 4288 4289 4286
f 4290 4286 4289
f 4289 4291 4290
f 4286 4290 4280
f 4280 4285 4286
f 4287 4286 4285
f 4285 4284 4287
f 4292 4290 4291
f 4291 4293 4292
f 3775 4292 4293
f 4293 3776 3775
f 4292 3775 3772
f 3772 4281 4292
f 4290 4292 4281
f 4281 4280 4290
f 4294 3787 3776
f 3776 4293 4294
f 4295 4294 4293
f 4293 4291 4295
f 4294 4295 4296
f 4296 4297 4294
f 3787 4294 4297
f 4297 3788 3787
f 4298 4295 4291
f 4291 4289 4298
f 4299 4298 4289
f 4289 4288 4299
f 4298 4299 4300
f 4300 4301 4298
f 4295 4298 4301
f 4301 4296 4295
f 4302 4303 4304
f 4304 4305 4302
f 4306 4302 4305
f 4305 4307 4306
f 4302 4306 4296
f 4296 4301 4302
f 4303 4302 4301
f 4301 4300 4303
f 4308 4306 4307
f 4307 4309 4308
f 3791 4308 4309
f 4309 3792 3791
f 4308 3791 3788
f 3788 4297 4308
f 4306 4308 4297
f 4297 4296 4306
f 4310 3803 3792
f 3792 4309 4310
f 4311 4310 4309
f 4309 4307 4311
f 4310 4311 4312
f 4312 4313 4310
f 3803 4310 4313
f 4313 3804 3803
f 4314 4311 4307
f 4307 4305 4314
f 4315 4314 4305
f 4305 4304 4315
f 4314 4315 4316
f 4316 4317 4314
f 4311 4314 4317
f 4317 4312 4311
f 4318 4319 4320
f 4320 4321 4318
f 4322 4318 4321
f 4321 4323 4322
f 4318 4322 4312
f 4312 4317 4318
f 4319 4318 4317
f 4317 4316 4319
f 4324 4322 4323
f 4323 4325 4324
f 3807 4324 4325
f 4325 3808 3807
f 4324 3807 3804
f 3804 4313 4324
f 4322 4324 4313
f 4313 4312 4322
f 4326 3819 3808
f 3808 4325 4326
f 4327 4326 4325
f 4325 4323 4327
f 4326 4327 4328
f 4328 4329 4326
f 3819 4326 4329
f 4329 3820 3819
f 4330 4327 4323
f 4323 4321 4330
f 4331 4330 4321
f 4321 4320 4331
f 4330 4331 4332
f 4332 4333 4330
f 4327 4330 4333
f 4333 4328 4327
f 4334 4335 4336
f 4336 4337 4334
f 4338 4334 4337
f 4337 4339 4338
f 4334 4338 4328
f 4328 4333 4334
f 4335 4334 4333
f 4333 4332 4335
f 4340 4338 4339
f 4339 4341 4340
f 3823 4340 4341
f 4341 3824 3823
f 4340 3823 3820
f 3820 4329 4340
f 4338 4340 4329
f 4329 4328 4338
f 4342 3835 3824
f 3824 4341 4342
f 4343 4342 4341
f 4341 4339 4343
f 4342 4343 4344
f 4344 4345 4342
f 3835 4342 4345
f 4345 3836 3835
f 4346 4343 4339
f 4339 4337 4346
f 4347 4346 4337
f 4337 4336 4347
f 4346 4347 4348
f 4348 4349 4346
f 4343 4346 4349
f 4349 4344 4343
f 4350 4351 4352
f 4352 4353 4350
f 4354 4350 4353
f 4353 4355 4354
f 4350 4354 4344
f 4344 4349 4350
f 4351 4350 4349
f 4349 4348 4351
f 4356 4354 4355
f 4355 4357 4356
f 3839 4356 4357
f 4357 3840 3839
f 4356 3839 3836
f 3836 4345 4356
f 4354 4356 4345
f 4345 4344 4354
f 4358 3851 3840
f 3840 4357 4358
f 4359 4358 4357
f 4357 4355 4359
f 4358 4359 4360
f 4360 4361 4358
f 3851 4358 4361
f 4361 3852 3851
f 4362 4359 4355
f 4355 4353 4362
f 4363 4362 4353
f 4353 4352 4363
f 4362 4363 4364
f 4364 4365 4362
f 4359 4362 4365
f 4365 4360 4359
f 4366 4367 4368
f 4368 4369 4366
f 4370 4366 4369
f 4369 4371 4370
f 4366 4370 4360
f 4360 4365 4366
f 4367 4366 4365
f 4365 4364 4367
f 4372 4370 4371
f 4371 4373 4372
f 3855 4372 4373
f 4373 3856 3855
f 4372 3855 3852
f 3852 4361 4372
f 4370 4372 4361
f 4361 4360 4370
f 4374 3867 3856
f 3856 4373 4374
f 4375 4374 4373
f 4373 4371 4375
f 4374 4375 4376
f 4376 4377 4374
f 3867 4374 4377
f 4377 3868 3867
f 4378 4375 4371
f 4371 4369 4378
f 4379 4378 4369
f 4369 4368 4379
f 4378 4379 4380
f 4380 4381 4378
f 4375 4378 4381
f 4381 4376 4375
f 4382 4383 4384
f 4384 4385 4382
f 4386 4382 4385
f 4385 4387 4386
f 4382 4386 4376
f 4376 4381 4382
f 4383 4382 4381
f 4381 4380 4383
f 4388 4386 4387
f 4387 4389 4388
f 3871 4388 4389
f 4389 3872 3871
f 4388 3871 3868
f 3868 4377 4388
f 4386 4388 4377
f 4377 4376 4386
f 4390 3883 3872
f 3872 4389 4390
f 4391 4390 4389
f 4389 4387 4391
f 4390 4391 4392
f 4392 4393 4390
f 3883 4390 4393
f 4393 3884 3883
f 4394 4391 4387
f 4387 4385 4394
f 4395 4394 4385
f 4385 4384 4395
f 4394 4395 4396
f 4396 4397 4394
f 4391 4394 4397
f 4397 4392 4391
f 4398 4399 4400
f 4400 4401 4398
f 4402 4398 4401
f 4401 4403 4402
f 4398 4402 4392
f 4392 4397 4398
f 4399 4398 4397
f 4397 4396 4399
f 4404 4402 4403
f 4403 4405 4404
f 3887 4404 4405
f 4405 3888 3887
f 4404 3887 3884
f 3884 4393 4404
f 4402 4404 4393
f 4393 4392 4402
f 4406 3899 3888
f 3888 4405 4406
f 4407 4406 4405
f 4405 4403 4407
f 4406 4407 4408
f 4408 4409 4406
f 3899 4406 4409
f 4409 3900 3899
f 4410 4407 4403
f 4403 4401 4410
f 4411 4410 4401
f 4401 4400 4411
f 4410 4411 4412
f 4412 4413 4410
f 4407 4410 4413
f 4413 4408 4407
f 4414 4415 4416
f 4416 4417 4414
f 4418 4414 4417
f 4417 4419 4418
f 4414 4418 4408
f 4408 4413 4414
f 4415 4414 4413
f 4413 4412 4415
f 4420 4418 4419
f 4419 4421 4420
f 3903 4420 4421
f 4421 3904 3903
f 4420 3903 3900
f 3900 4409 4420
f 4418 4420 4409
f 4409 4408 4418
f 4422 3915 3904
f 3904 4421 4422
f 4423 4422 4421
f 4421 4419 4423
f 4422 4423 4424
f 4424 4425 4422
f 3915 4422 4425
f 4425 3916 3915
f 4426 4423 4419
f 4419 4417 4426
f 4427 4426 4417
f 4417 4416 4427
f 4426 4427 4428
f 4428 4429 4426
f 4423 4426 4429
f 4429 4424 4423
f 4430 4431 4432
f 4432 4433 4430
f 4434 4430 4433
f 4433 4435 4434
f 4430 4434 4424
f 4424 4429 4430
f 4431 4430 4429
f 4429 4428 4431
f 4436 4434 4435
f 4435 4437 4436
f 3919 4436 4437
f 4437 3920 3919
f 4436 3919 3916
f 3916 4425 4436
f 4434 4436 4425
f 4425 4424 4434
f 4438 3931 3920
f 3920 4437 4438
f 4439 4438 4437
f 4437 4435 4439
f 4438 4439 4440
f 4440 4441 4438
f 3931 4438 4441
f 4441 3932 3931
f 4442 4439 4435
f 4435 4433 4442
f 4443 4442 4433
f 4433 4432 4443
f 4442 4443 4444
f 4444 4445 4442
f 4439 4442 4445
f 4445 4440 4439
f 4446 4447 4448
f 4448 4449 4446
f 4450 4446 4449
f 4449 4451 4450
f 4446 4450 4440
f 4440 4445 4446
f 4447 4446 4445
f 4445 4444 4447
f 4452 4450 4451
f 4451 4453 4452
f 3935 4452 4453
f 4453 3936 3935
f 4452 3935 3932
f 3932 4441 4452
f 4450 4452 4441
f 4441 4440 4450
f 4454 3947 3936
f 3936 4453 4454
f 4455 4454 4453
f 4453 4451 4455
f 4454 4455 4456
f 4456 4457 4454
f 3947 4454 4457
f 4457 3948 3947
f 4458 4455 4451
f 4451 4449 4458
f 4459 4458 4449
f 4449 4448 4459
f 4458 4459 4460
f 4460 4461 4458
f 4455 4458 4461
f 4461 4456 4455
f 4462 4463 4464
f 4464 4465 4462
f 4466 4462 4465
f 4465 4467 4466
f 4462 4466 4456
f 4456 4461 4462
f 4463 4462 4461
f 4461 4460 4463
f 4468 4466 4467
f 4467 4469 4468
f 3951 4468 4469
f 4469 3952 3951
f 4468 3951 3948
f 3948 4457 4468
f 4466 4468 4457
f 4457 4456 4466
f 4470 3963 3952
f 3952 4469 4470
f 4471 4470 4469
f 4469 4467 4471
f 4470 4471 4472
f 4472 4473 4470
f 3963 4470 4473
f 4473 3964 3963
f 4474 4471 4467
f 4467 4465 4474
f 4475 4474 4465
f 4465 4464 4475
f 4474 4475 4476
f 4476 4477 4474
f 4471 4474 4477
f 4477 4472 4471
f 4478 4479 4480
f 4480 4481 4478
f 4482 4478 4481
f 4481 4483 4482
f 4478 4482 4472
f 4472 4477 4478
f 4479 4478 4477
f 4477 4476 4479
f 4484 4482 4483
f 4483 4485 4484
f 3967 4484 4485
f 4485 3968 3967
f 4484 3967 3964
f 3964 4473 4484
f 4482 4484 4473
f 4473 4472 4482
f 4486 3979 3968
f 3968 4485 4486
f 4487 4486 4485
f 4485 4483 4487
f 4486 4487 4488
f 4488 4489 4486
f 3979 4486 4489
f 4489 3980 3979
f 4490 4487 4483
f 4483 4481 4490
f 4491 4490 4481
f 4481 4480 4491
f 4490 4491 4492
f 4492 4493 4490
f 4487 4490 4493
f 4493 4488 4487
f 4494 4495 4496
f 4496 4497 4494
f 4498 4494 4497
f 4497 4499 4498
f 4494 4498 4488
f 4488 4493 4494
f 4495 4494 4493
f 4493 4492 4495
f 4500 4498 4499
f 4499 4501 4500
f 3983 4500 4501
f 4501 3984 3983
f 4500 3983 3980
f 3980 4489 4500
f 4498 4500 4489
f 4489 4488 4498
f 4502 3995 3984
f 3984 4501 4502
f 4503 4502 4501
f 4501 4499 4503
f 4502 4503 4504
f 4504 4505 4502
f 3995 4502 4505
f 4505 3996 3995
f 4506 4503 4499
f 4499 4497 4506
f 4507 4506 4497
f 4497 4496 4507
f 4506 4507 4508
f 4508 4509 4506
f 4503 4506 4509
f 4509 4504 4503
f 4510 4511 4512
f 4512 4513 4510
f 4514 4510 4513
f 4513 4515 4514
f 4510 4514 4504
f 4504 4509 4510
f 4511 4510 4509
f 4509 4508 4511
f 4516 4514 4515
f 4515 4517 4516
f 3999 4516 4517
f 4517 4000 3999
f 4516 3999 3996
f 3996 4505 4516
f 4514 4516 4505
f 4505 4504 4514
f 4518 4011 4000
f 4000 4517 4518
f 4519 4518 4517
f 4517 4515 4519
f 4518 4519 4520
f 4520 4521 4518
f 4011 4518 4521
f 4521 4012 4011
f 4522 4519 4515
f 4515 4513 4522
f 4523 4522 4513
f 4513 4512 4523
f 4522 4523 4524
f 4524 4525 4522
f 4519 4522 4525
f 4525 4520 4519
f 4526 4527 4528
f 4528 4529 4526
f 4530 4526 4529
f 4529 4531 4530
f 4526 4530 4520
f 4520 4525 4526
f 4527 4526 4525
f 4525 4524 4527
f 4532 4530 4531
f 4531 4533 4532
f 4015 4532 4533
f 4533 4016 4015
f 4532 4015 4012
f 4012 4521 4532
f 4530 4532 4521
f 4521 4520 4530
f 4534 4027 4016
f 4016 4533 4534
f 4535 4534 4533
f 4533 4531 4535
f 4534 4535 4536
f 4536 4537 4534
f 4027 4534 4537
f 4537 4028 4027
f 4538 4535 4531
f 4531 4529 4538
f 4539 4538 4529
f 4529 4528 4539
f 4538 4539 4540
f 4540 4541 4538
f 4535 4538 4541
f 4541 4536 4535
f 4542 4543 4043
f 4043 4041 4542
f 4544 4542 4041
f 4041 4037 4544
f 4542 4544 4536
f 4536 4541 4542
f 4543 4542 4541
f 4541 4540 4543
f 4545 4544 4037
f 4037 4035 4545
f 4031 4545 4035
f 4035 3531 4031
f 4545 4031 4028
f 4028 4537 4545
f 4544 4545 4537
f 4537 4536 4544
f 4546 4042 4043
f 4043 4547 4546
f 4548 4546 4547
f 4547 4549 4548
f 4546 4548 4550
f 4550 4551 4546
f 4042 4546 4551
f 4551 4044 4042
f 4552 4548 4549
f 4549 4553 4552
f 4554 4552 4553
f 4553 4555 4554
f 4552 4554 4556
f 4556 4557 4552
f 4548 4552 4557
f 4557 4550 4548
f 4558 4559 4560
f 4560 4561 4558
f 4562 4558 4561
f 4561 4563 4562
f 4558 4562 4550
f 4550 4557 4558
f 4559 4558 4557
f 4557 4556 4559
f 4564 4562 4563
f 4563 4565 4564
f 4047 4564 4565
f 4565 4048 4047
f 4564 4047 4044
f 4044 4551 4564
f 4562 4564 4551
f 4551 4550 4562
f 4566 4059 4048
f 4048 4565 4566
f 4567 4566 4565
f 4565 4563 4567
f 4566 4567 4568
f 4568 4569 4566
f 4059 4566 4569
f 4569 4060 4059
f 4570 4567 4563
f 4563 4561 4570
f 4571 4570 4561
f 4561 4560 4571
f 4570 4571 4572
f 4572 4573 4570
f 4567 4570 4573
f 4573 4568 4567
f 4574 4575 4576
f 4576 4577 4574
f 4578 4574 4577
f 4577 4579 4578
f 4574 4578 4568
f 4568 4573 4574
f 4575 4574 4573
f 4573 4572 4575
f 4580 4578 4579
f 4579 4581 4580
f 4063 4580 4581
f 4581 4064 4063
f 4580 4063 4060
f 4060 4569 4580
f 4578 4580 4569
f 4569 4568 4578
f 4582 4075 4064
f 4064 4581 4582
f 4583 4582 4581
f 4581 4579 4583
f 4582 4583 4584
f 4584 4585 4582
f 4075 4582 4585
f 4585 4076 4075
f 4586 4583 4579
f 4579 4577 4586
f 4587 4586 4577
f 4577 4576 4587
f 4586 4587 4588
f 4588 4589 4586
f 4583 4586 4589
f 4589 4584 4583
f 4590 4591 4592
f 4592 4593 4590
f 4594 4590 4593
f 4593 4595 4594
f 4590 4594 4584
f 4584 4589 4590
f 4591 4590 4589
f 4589 4588 4591
f 4596 4594 4595
f 4595 4597 4596
f 4079 4596 4597
f 4597 4080 4079
f 4596 4079 4076
f 4076 4585 4596
f 4594 4596 4585
f 4585 4584 4594
f 4598 4091 4080
f 4080 4597 4598
f 4599 4598 4597
f 4597 4595 4599
f 4598 4599 4600
f 4600 4601 4598
f 4091 4598 4601
f 4601 4092 4091
f 4602 4599 4595
f 4595 4593 4602
f 4603 4602 4593
f 4593 4592 4603
f 4602 4603 4604
f 4604 4605 4602
f 4599 4602 4605
f 4605 4600 4599
f 4606 4607 4608
f 4608 4609 4606
f 4610 4606 4609
f 4609 4611 4610
f 4606 4610 4600
f 4600 4605 4606
f 4607 4606 4605
f 4605 4604 4607
f 4612 4610 4611
f 4611 4613 4612
f 4095 4612 4613
f 4613 4096 4095
f 4612 4095 4092
f 4092 4601 4612
f 4610 4612 4601
f 4601 4600 4610
f 4614 4107 4096
f 4096 4613 4614
f 4615 4614 4613
f 4613 4611 4615
f 4614 4615 4616
f 4616 4617 4614
f 4107 4614 4617
f 4617 4108 4107
f 4618 4615 4611
f 4611 4609 4618
f 4619 4618 4609
f 4609 4608 4619
f 4618 4619 4620
f 4620 4621 4618
f 4615 4618 4621
f 4621 4616 4615
f 4622 4623 4624
f 4624 4625 4622
f 4626 4622 4625
f 4625 4627 4626
f 4622 4626 4616
f 4616 4621 4622
f 4623 4622 4621
f 4621 4620 4623
f 4628 4626 4627
f 4627 4629 4628
f 4111 4628 4629
f 4629 4112 4111
f 4628 4111 4108
f 4108 4617 4628
f 4626 4628 4617
f 4617 4616 4626
f 4630 4123 4112
f 4112 4629 4630
f 4631 4630 4629
f 4629 4627 4631
f 4630 4631 4632
f 4632 4633 4630
f 4123 4630 4633
f 4633 4124 4123
f 4634 4631 4627
f 4627 4625 4634
f 4635 4634 4625
f 4625 4624 4635
f 4634 4635 4636
f 4636 4637 4634
f 4631 4634 4637
f 4637 4632 4631
f 4638 4639 4640
f 4640 4641 4638
f 4642 4638 4641
f 4641 4643 4642
f 4638 4642 4632
f 4632 4637 4638
f 4639 4638 4637
f 4637 4636 4639
f 4644 4642 4643
f 4643 4645 4644
f 4127 4644 4645
f 4645 4128 4127
f 4644 4127 4124
f 4124 4633 4644
f 4642 4644 4633
f 4633 4632 4642
f 4646 4139 4128
f 4128 4645 4646
f 4647 4646 4645
f 4645 4643 4647
f 4646 4647 4648
f 4648 4649 4646
f 4139 4646 4649
f 4649 4140 4139
f 4650 4647 4643
f 4643 4641 4650
f 4651 4650 4641
f 4641 4640 4651
f 4650 4651 4652
f 4652 4653 4650
f 4647 4650 4653
f 4653 4648 4647
f 4654 4655 4656
f 4656 4657 4654
f 4658 4654 4657
f 4657 4659 4658
f 4654 4658 4648
f 4648 4653 4654
f 4655 4654 4653
f 4653 4652 4655
f 4660 4658 4659
f 4659 4661 4660
f 4143 4660 4661
f 4661 4144 4143
f 4660 4143 4140
f 4140 4649 4660
f 4658 4660 4649
f 4649 4648 4658
f 4662 4155 4144
f 4144 4661 4662
f 4663 4662 4661
f 4661 4659 4663
f 4662 4663 4664
f 4664 4665 4662
f 4155 4662 4665
f 4665 4156 4155
f 4666 4663 4659
f 4659 4657 4666
f 4667 4666 4657
f 4657 4656 4667
f 4666 4667 4668
f 4668 4669 4666
f 4663 4666 4669
f 4669 4664 4663
f 4670 4671 4672
f 4672 4673 4670
f 4674 4670 4673
f 4673 4675 4674
f 4670 4674 4664
f 4664 4669 4670
f 4671 4670 4669
f 4669 4668 4671
f 4676 4674 4675
f 4675 4677 4676
f 4159 4676 4677
f 4677 4160 4159
f 4676 4159 4156
f 4156 4665 4676
f 4674 4676 4665
f 4665 4664 4674
f 4678 4171 4160
f 4160 4677 4678
f 4679 4678 4677
f 4677 4675 4679
f 4678 4679 4680
f 4680 4681 4678
f 4171 4678 4681
f 4681 4172 4171
f 4682 4679 4675
f 4675 4673 4682
f 4683 4682 4673
f 4673 4672 4683
f 4682 4683 4684
f 4684 4685 4682
f 4679 4682 4685
f 4685 4680 4679
f 4686 4687 4688
f 4688 4689 4686
f 4690 4686 4689
f 4689 4691 4690
f 4686 4690 4680
f 4680 4685 4686
f 4687 4686 4685
f 4685 4684 4687
f 4692 4690 4691
f 4691 4693 4692
f 4175 4692 4693
f 4693 4176 4175
f 4692 4175 4172
f 4172 4681 4692
f 4690 4692 4681
f 4681 4680 4690
f 4694 4187 4176
f 4176 4693 4694
f 4695 4694 4693
f 4693 4691 4695
f 4694 4695 4696
f 4696 4697 4694
f 4187 4694 4697
f 4697 4188 4187
f 4698 4695 4691
f 4691 4689 4698
f 4699 4698 4689
f 4689 4688 4699
f 4698 4699 4700
f 4700 4701 4698
f 4695 4698 4701
f 4701 4696 4695
f 4702 4703 4704
f 4704 4705 4702
f 4706 4702 4705
f 4705 4707 4706
f 4702 4706 4696
f 4696 4701 4702
f 4703 4702 4701
f 4701 4700 4703
f 4708 4706 4707
f 4707 4709 4708
f 4191 4708 4709
f 4709 4192 4191
f 4708 4191 4188
f 4188 4697 4708
f 4706 4708 4697
f 4697 4696 4706
f 4710 4203 4192
f 4192 4709 4710
f 4711 4710 4709
f 4709 4707 4711
f 4710 4711 4712
f 4712 4713 4710
f 4203 4710 4713
f 4713 4204 4203
f 4714 4711 4707
f 4707 4705 4714
f 4715 4714 4705
f 4705 4704 4715
f 4714 4715 4716
f 4716 4717 4714
f 4711 4714 4717
f 4717 4712 4711
f 4718 4719 4720
f 4720 4721 4718
f 4722 4718 4721
f 4721 4723 4722
f 4718 4722 4712
f 4712 4717 4718
f 4719 4718 4717
f 4717 4716 4719
f 4724 4722 4723
f 4723 4725 4724
f 4207 4724 4725
f 4725 4208 4207
f 4724 4207 4204
f 4204 4713 4724
f 4722 4724 4713
f 4713 4712 4722
f 4726 4219 4208
f 4208 4725 4726
f 4727 4726 4725
f 4725 4723 4727
f 4726 4727 4728
f 4728 4729 4726
f 4219 4726 4729
f 4729 4220 4219
f 4730 4727 4723
f 4723 4721 4730
f 4731 4730 4721
f 4721 4720 4731
f 4730 4731 4732
f 4732 4733 4730
f 4727 4730 4733
f 4733 4728 4727
f 4734 4735 4736
f 4736 4737 4734
f 4738 4734 4737
f 4737 4739 4738
f 4734 4738 4728
f 4728 4733 4734
f 4735 4734 4733
f 4733 4732 4735
f 4740 4738 4739
f 4739 4741 4740
f 4223 4740 4741
f 4741 4224 4223
f 4740 4223 4220
f 4220 4729 4740
f 4738 4740 4729
f 4729 4728 4738
f 4742 4235 4224
f 4224 4741 4742
f 4743 4742 4741
f 4741 4739 4743
f 4742 4743 4744
f 4744 4745 4742
f 4235 4742 4745
f 4745 4236 4235
f 4746 4743 4739
f 4739 4737 4746
f 4747 4746 4737
f 4737 4736 4747
f 4746 4747 4748
f 4748 4749 4746
f 4743 4746 4749
f 4749 4744 4743
f 4750 4751 4752
f 4752 4753 4750
f 4754 4750 4753
f 4753 4755 4754
f 4750 4754 4744
f 4744 4749 4750
f 4751 4750 4749
f 4749 4748 4751
f 4756 4754 4755
f 4755 4757 4756
f 4239 4756 4757
f 4757 4240 4239
f 4756 4239 4236
f 4236 4745 4756
f 4754 4756 4745
f 4745 4744 4754
f 4758 4251 4240
f 4240 4757 4758
f 4759 4758 4757
f 4757 4755 4759
f 4758 4759 4760
f 4760 4761 4758
f 4251 4758 4761
f 4761 4252 4251
f 4762 4759 4755
f 4755 4753 4762
f 4763 4762 4753
f 4753 4752 4763
f 4762 4763 4764
f 4764 4765 4762
f 4759 4762 4765
f 4765 4760 4759
f 4766 4767 4768
f 4768 4769 4766
f 4770 4766 4769
f 4769 4771 4770
f 4766 4770 4760
f 4760 4765 4766
f 4767 4766 4765
f 4765 4764 4767
f 4772 4770 4771
f 4771 4773 4772
f 4255 4772 4773
f 4773 4256 4255
f 4772 4255 4252
f 4252 4761 4772
f 4770 4772 4761
f 4761 4760 4770
f 4774 4267 4256
f 4256 4773 4774
f 4775 4774 4773
f 4773 4771 4775
f 4774 4775 4776
f 4776 4777 4774
f 4267 4774 4777
f 4777 4268 4267
f 4778 4775 4771
f 4771 4769 4778
f 4779 4778 4769
f 4769 4768 4779
f 4778 4779 4780
f 4780 4781 4778
f 4775 4778 4781
f 4781 4776 4775
f 4782 4783 4784
f 4784 4785 4782
f 4786 4782 4785
f 4785 4787 4786
f 4782 4786 4776
f 4776 4781 4782
f 4783 4782 4781
f 4781 4780 4783
f 4788 4786 4787
f 4787 4789 4788
f 4271 4788 4789
f 4789 4272 4271
f 4788 4271 4268
f 4268 4777 4788
f 4786 4788 4777
f 4777 4776 4786
f 4790 4283 4272
f 4272 4789 4790
f 4791 4790 4789
f 4789 4787 4791
f 4790 4791 4792
f 4792 4793 4790
f 4283 4790 4793
f 4793 4284 4283
f 4794 4791 4787
f 4787 4785 4794
f 4795 4794 4785
f 4785 4784 4795
f 4794 4795 4796
f 4796 4797 4794
f 4791 4794 4797
f 4797 4792 4791
f 4798 4799 4800
f 4800 4801 4798
f 4802 4798 4801
f 4801 4803 4802
f 4798 4802 4792
f 4792 4797 4798
f 4799 4798 4797
f 4797 4796 4799
f 4804 4802 4803
f 4803 4805 4804
f 4287 4804 4805
f 4805 4288 4287
f 4804 4287 4284
f 4284 4793 4804
f 4802 4804 4793
f 4793 4792 4802
f 4806 4299 4288
f 4288 4805 4806
f 4807 4806 4805
f 4805 4803 4807
f 4806 4807 4808
f 4808 4809 4806
f 4299 4806 4809
f 4809 4300 4299
f 4810 4807 4803
f 4803 4801 4810
f 4811 4810 4801
f 4801 4800 4811
f 4810 4811 4812
f 4812 4813 4810
f 4807 4810 4813
f 4813 4808 4807
f 4814 4815 4816
f 4816 4817 4814
f 4818 4814 4817
f 4817 4819 4818
f 4814 4818 4808
f 4808 4813 4814
f 4815 4814 4813
f 4813 4812 4815
f 4820 4818 4819
f 4819 4821 4820
f 4303 4820 4821
f 4821 4304 4303
f 4820 4303 4300
f 4300 4809 4820
f 4818 4820 4809
f 4809 4808 4818
f 4822 4315 4304
f 4304 4821 4822
f 4823 4822 4821
f 4821 4819 4823
f 4822 4823 4824
f 4824 4825 4822
f 4315 4822 4825
f 4825 4316 4315
f 4826 4823 4819
f 4819 4817 4826
f 4827 4826 4817
f 4817 4816 4827
f 4826 4827 4828
f 4828 4829 4826
f 4823 4826 4829
f 4829 4824 4823
f 4830 4831 4832
f 4832 4833 4830
f 4834 4830 4833
f 4833 4835 4834
f 4830 4834 4824
f 4824 4829 4830
f 4831 4830 4829
f 4829 4828 4831
f 4836 4834 4835
f 4835 4837 4836
f 4319 4836 4837
f 4837 4320 4319
f 4836 4319 4316
f 4316 4825 4836
f 4834 4836 4825
f 4825 4824 4834
f 4838 4331 4320
f 4320 4837 4838
f 4839 4838 4837
f 4837 4835 4839
f 4838 4839 4840
f 4840 4841 4838
f 4331 4838 4841
f 4841 4332 4331
f 4842 4839 4835
f 4835 4833 4842
f 4843 4842 4833
f 4833 4832 4843
f 4842 4843 4844
f 4844 4845 4842
f 4839 4842 4845
f 4845 4840 4839
f 4846 4847 4848
f 4848 4849 4846
f 4850 4846 4849
f 4849 4851 4850
f 4846 4850 4840
f 4840 4845 4846
f 4847 4846 4845
f 4845 4844 4847
f 4852 4850 4851
f 4851 4853 4852
f 4335 4852 4853
f 4853 4336 4335
f 4852 4335 4332
f 4332 4841 4852
f 4850 4852 4841
f 4841 4840 4850
f 4854 4347 4336
f 4336 4853 4854
f 4855 4854 4853
f 4853 4851 4855
f 4854 4855 4856
f 4856 4857 4854
f 4347 4854 4857
f 4857 4348 4347
f 4858 4855 4851
f 4851 4849 4858
f 4859 4858 4849
f 4849 4848 4859
f 4858 4859 4860
f 4860 4861 4858
f 4855 4858 4861
f 4861 4856 4855
f 4862 4863 4864
f 4864 4865 4862
f 4866 4862 4865
f 4865 4867 4866
f 4862 4866 4856
f 4856 4861 4862
f 4863 4862 4861
f 4861 4860 4863
f 4868 4866 4867
f 4867 4869 4868
f 4351 4868 4869
f 4869 4352 4351
f 4868 4351 4348
f 4348 4857 4868
f 4866 4868 4857
f 4857 4856 4866
f 4870 4363 4352
f 4352 4869 4870
f 4871 4870 4869
f 4869 4867 4871
f 4870 4871 4872
f 4872 4873 4870
f 4363 4870 4873
f 4873 4364 4363
f 4874 4871 4867
f 4867 4865 4874
f 4875 4874 4865
f 4865 4864 4875
f 4874 4875 4876
f 4876 4877 4874
f 4871 4874 4877
f 4877 4872 4871
f 4878 4879 4880
f 4880 4881 4878
f 4882 4878 4881
f 4881 4883 4882
f 4878 4882 4872
f 4872 4877 4878
f 4879 4878 4877
f 4877 4876 4879
f 4884 4882 4883
f 4883 4885 4884
f 4367 4884 4885
f 4885 4368 4367
f 4884 4367 4364
f 4364 4873 4884
f 4882 4884 4873
f 4873 4872 4882
f 4886 4379 4368
f 4368 4885 4886
f 4887 4886 4885
f 4885 4883 4887
f 4886 4887 4888
f 4888 4889 4886
f 4379 4886 4889
f 4889 4380 4379
f 4890 4887 4883
f 4883 4881 4890
f 4891 4890 4881
f 4881 4880 4891
f 4890 4891 4892
f 4892 4893 4890
f 4887 4890 4893
f 4893 4888 4887
f 4894 4895 4896
f 4896 4897 4894
f 4898 4894 4897
f 4897 4899 4898
f 4894 4898 4888
f 4888 4893 4894
f 4895 4894 4893
f 4893 4892 4895
f 4900 4898 4899
f 4899 4901 4900
f 4383 4900 4901
f 4901 4384 4383
f 4900 4383 4380
f 4380 4889 4900
f 4898 4900 4889
f 4889 4888 4898
f 4902 4395 4384
f 4384 4901 4902
f 4903 4902 4901
f 4901 4899 4903
f 4902 4903 4904
f 4904 4905 4902
f 4395 4902 4905
f 4905 4396 4395
f 4906 4903 4899
f 4899 4897 4906
f 4907 4906 4897
f 4897 4896 4907
f 4906 4907 4908
f 4908 4909 4906
f 4903 4906 4909
f 4909 4904 4903
f 4910 4911 4912
f 4912 4913 4910
f 4914 4910 4913
f 4913 4915 4914
f 4910 4914 4904
f 4904 4909 4910
f 4911 4910 4909
f 4909 4908 4911
f 4916 4914 4915
f 4915 4917 4916
f 4399 4916 4917
f 4917 4400 4399
f 4916 4399 4396
f 4396 4905 4916
f 4914 4916 4905
f 4905 4904 4914
f 4918 4411 4400
f 4400 4917 4918
f 4919 4918 4917
f 4917 4915 4919
f 4918 4919 4920
f 4920 4921 4918
f 4411 4918 4921
f 4921 4412 4411
f 4922 4919 4915
f 4915 4913 4922
f 4923 4922 4913
f 4913 4912 4923
f 4922 4923 4924
f 4924 4925 4922
f 4919 4922 4925
f 4925 4920 4919
f 4926 4927 4928
f 4928 4929 4926
f 4930 4926 4929
f 4929 4931 4930
f 4926 4930 4920
f 4920 4925 4926
f 4927 4926 4925
f 4925 4924 4927
f 4932 4930 4931
f 4931 4933 4932
f 4415 4932 4933
f 4933 4416 4415
f 4932 4415 4412
f 4412 4921 4932
f 4930 4932 4921
f 4921 4920 4930
f 4934 4427 4416
f 4416 4933 4934
f 4935 4934 4933
f 4933 4931 4935
f 4934 4935 4936
f 4936 4937 4934
f 4427 4934 4937
f 4937 4428 4427
f 4938 4935 4931
f 4931 4929 4938
f 4939 4938 4929
f 4929 4928 4939
f 4938 4939 4940
f 4940 4941 4938
f 4935 4938 4941
f 4941 4936 4935
f 4942 4943 4944
f 4944 4945 4942
f 4946 4942 4945
f 4945 4947 4946
f 4942 4946 4936
f 4936 4941 4942
f 4943 4942 4941
f 4941 4940 4943
f 4948 4946 4947
f 4947 4949 4948
f 4431 4948 4949
f 4949 4432 4431
f 4948 4431 4428
f 4428 4937 4948
f 4946 4948 4937
f 4937 4936 4946
f 4950 4443 4432
f 4432 4949 4950
f 4951 4950 4949
f 4949 4947 4951
f 4950 4951 4952
f 4952 4953 4950
f 4443 4950 4953
f 4953 4444 4443
f 4954 4951 4947
f 4947 4945 4954
f 4955 4954 4945
f 4945 4944 4955
f 4954 4955 4956
f 4956 4957 4954
f 4951 4954 4957
f 4957 4952 4951
f 4958 4959 4960
f 4960 4961 4958
f 4962 4958 4961
f 4961 4963 4962
f 4958 4962 4952
f 4952 4957 4958
f 4959 4958 4957
f 4957 4956 4959
f 4964 4962 4963
f 4963 4965 4964
f 4447 4964 4965
f 4965 4448 4447
f 4964 4447 4444
f 4444 4953 4964
f 4962 4964 4953
f 4953 4952 4962
f 4966 4459 4448
f 4448 4965 4966
f 4967 4966 4965
f 4965 4963 4967
f 4966 4967 4968
f 4968 4969 4966
f 4459 4966 4969
f 4969 4460 4459
f 4970 4967 4963
f 4963 4961 4970
f 4971 4970 4961
f 4961 4960 4971
f 4970 4971 4972
f 4972 4973 4970
f 4967 4970 4973
f 4973 4968 4967
f 4974 4975 4976
f 4976 4977 4974
f 4978 4974 4977
f 4977 4979 4978
f 4974 4978 4968
f 4968 4973 4974
f 4975 4974 4973
f 4973 4972 4975
f 4980 4978 4979
f 4979 4981 4980
f 4463 4980 4981
f 4981 4464 4463
f 4980 4463 4460
f 4460 4969 4980
f 4978 4980 4969
f 4969 4968 4978
f 4982 4475 4464
f 4464 4981 4982
f 4983 4982 4981
f 4981 4979 4983
f 4982 4983 4984
f 4984 4985 4982
f 4475 4982 4985
f 4985 4476 4475
f 4986 4983 4979
f 4979 4977 4986
f 4987 4986 4977
f 4977 4976 4987
f 4986 4987 4988
f 4988 4989 4986
f 4983 4986 4989
f 4989 4984 4983
f 4990 4991 4992
f 4992 4993 4990
f 4994 4990 4993
f 4993 4995 4994
f 4990 4994 4984
f 4984 4989 4990
f 4991 4990 4989
f 4989 4988 4991
f 4996 4994 4995
f 4995 4997 4996
f 4479 4996 4997
f 4997 4480 4479
f 4996 4479 4476
f 4476 4985 4996
f 4994 4996 4985
f 4985 4984 4994
f 4998 4491 4480
f 4480 4997 4998
f 4999 4998 4997
f 4997 4995 4999
f 4998 4999 5000
f 5000 5001 4998
f 4491 4998 5001
f 5001 4492 4491
f 5002 4999 4995
f 4995 4993 5002
f 5003 5002 4993
f 4993 4992 5003
f 5002 5003 5004
f 5004 5005 5002
f 4999 5002 5005
f 5005 5000 4999
f 5006 5007 5008
f 5008 5009 5006
f 5010 5006 5009
f 5009 5011 5010
f 5006 5010 5000
f 5000 5005 5006
f 5007 5006 5005
f 5005 5004 5007
f 5012 5010 5011
f 5011 5013 5012
f 4495 5012 5013
f 5013 4496 4495
f 5012 4495 4492
f 4492 5001 5012
f 5010 5012 5001
f 5001 5000 5010
f 5014 4507 4496
f 4496 5013 5014
f 5015 5014 5013
f 5013 5011 5015
f 5014 5015 5016
f 5016 5017 5014
f 4507 5014 5017
f 5017 4508 4507
f 5018 5015 5011
f 5011 5009 5018
f 5019 5018 5009
f 5009 5008 5019
f 5018 5019 5020
f 5020 5021 5018
f 5015 5018 5021
f 5021 5016 5015
f 5022 5023 5024
f 5024 5025 5022
f 5026 5022 5025
f 5025 5027 5026
f 5022 5026 5016
f 5016 5021 5022
f 5023 5022 5021
f 5021 5020 5023
f 5028 5026 5027
f 5027 5029 5028
f 4511 5028 5029
f 5029 4512 4511
f 5028 4511 4508
f 4508 5017 5028
f 5026 5028 5017
f 5017 5016 5026
f 5030 4523 4512
f 4512 5029 5030
f 5031 5030 5029
f 5029 5027 5031
f 5030 5031 5032
f 5032 5033 5030
f 4523 5030 5033
f 5033 4524 4523
f 5034 5031 5027
f 5027 5025 5034
f 5035 5034 5025
f 5025 5024 5035
f 5034 5035 5036
f 5036 5037 5034
f 5031 5034 5037
f 5037 5032 5031
f 5038 5039 5040
f 5040 5041 5038
f 5042 5038 5041
f 5041 5043 5042
f 5038 5042 5032
f 5032 5037 5038
f 5039 5038 5037
f 5037 5036 5039
f 5044 5042 5043
f 5043 5045 5044
f 4527 5044 5045
f 5045 4528 4527
f 5044 4527 4524
f 4524 5033 5044
f 5042 5044 5033
f 5033 5032 5042
f 5046 4539 4528
f 4528 5045 5046
f 5047 5046 5045
f 5045 5043 5047
f 5046 5047 5048
f 5048 5049 5046
f 4539 5046 5049
f 5049 4540 4539
f 5050 5047 5043
f 5043 5041 5050
f 5051 5050 5041
f 5041 5040 5051
f 5050 5051 5052
f 5052 5053 5050
f 5047 5050 5053
f 5053 5048 5047
f 5054 5055 4555
f 4555 4553 5054
f 5056 5054 4553
f 4553 4549 5056
f 5054 5056 5048
f 5048 5053 5054
f 5055 5054 5053
f 5053 5052 5055
f 5057 5056 4549
f 4549 4547 5057
f 4543 5057 4547
f 4547 4043 4543
f 5057 4543 4540
f 4540 5049 5057
f 5056 5057 5049
f 5049 5048 5056
f 5058 4554 4555
f 4555 5059 5058
f 5060 5058 5059
f 5059 5061 5060
f 5058 5060 5062
f 5062 5063 5058
f 4554 5058 5063
f 5063 4556 4554
f 5064 5060 5061
f 5061 5065 5064
f 5066 5064 5065
f 5065 5067 5066
f 5064 5066 5068
f 5068 5069 5064
f 5060 5064 5069
f 5069 5062 5060
f 5070 5071 5072
f 5072 5073 5070
f 5074 5070 5073
f 5073 5075 5074
f 5070 5074 5062
f 5062 5069 5070
f 5071 5070 5069
f 5069 5068 5071
f 5076 5074 5075
f 5075 5077 5076
f 4559 5076 5077
f 5077 4560 4559
f 5076 4559 4556
f 4556 5063 5076
f 5074 5076 5063
f 5063 5062 5074
f 5078 4571 4560
f 4560 5077 5078
f 5079 5078 5077
f 5077 5075 5079
f 5078 5079 5080
f 5080 5081 5078
f 4571 5078 5081
f 5081 4572 4571
f 5082 5079 5075
f 5075 5073 5082
f 5083 5082 5073
f 5073 5072 5083
f 5082 5083 5084
f 5084 5085 5082
f 5079 5082 5085
f 5085 5080 5079
f 5086 5087 5088
f 5088 5089 5086
f 5090 5086 5089
f 5089 5091 5090
f 5086 5090 5080
f 5080 5085 5086
f 5087 5086 5085
f 5085 5084 5087
f 5092 5090 5091
f 5091 5093 5092
f 4575 5092 5093
f 5093 4576 4575
f 5092 4575 4572
f 4572 5081 5092
f 5090 5092 5081
f 5081 5080 5090
f 5094 4587 4576
f 4576 5093 5094
f 5095 5094 5093
f 5093 5091 5095
f 5094 5095 5096
f 5096 5097 5094
f 4587 5094 5097
f 5097 4588 4587
f 5098 5095 5091
f 5091 5089 5098
f 5099 5098 5089
f 5089 5088 5099
f 5098 5099 5100
f 5100 5101 5098
f 5095 5098 5101
f 5101 5096 5095
f 5102 5103 5104
f 5104 5105 5102
f 5106 5102 5105
f 5105 5107 5106
f 5102 5106 5096
f 5096 5101 5102
f 5103 5102 5101
f 5101 5100 5103
f 5108 5106 5107
f 5107 5109 5108
f 4591 5108 5109
f 5109 4592 4591
f 5108 4591 4588
f 4588 5097 5108
f 5106 5108 5097
f 5097 5096 5106
f 5110 4603 4592
f 4592 5109 5110
f 5111 5110 5109
f 5109 5107 5111
f 5110 5111 5112
f 5112 5113 5110
f 4603 5110 5113
f 5113 4604 4603
f 5114 5111 5107
f 5107 5105 5114
f 5115 5114 5105
f 5105 5104 5115
f 5114 5115 5116
f 5116 5117 5114
f 5111 5114 5117
f 5117 5112 5111
f 5118 5119 5120
f 5120 5121 5118
f 5122 5118 5121
f 5121 5123 5122
f 5118 5122 5112
f 5112 5117 5118
f 5119 5118 5117
f 5117 5116 5119
f 5124 5122 5123
f 5123 5125 5124
f 4607 5124 5125
f 5125 4608 4607
f 5124 4607 4604
f 4604 5113 5124
f 5122 5124 5113
f 5113 5112 5122
f 5126 4619 4608
f 4608 5125 5126
f 5127 5126 5125
f 5125 5123 5127
f 5126 5127 5128
f 5128 5129 5126
f 4619 5126 5129
f 5129 4620 4619
f 5130 5127 5123
f 5123 5121 5130
f 5131 5130 5121
f 5121 5120 5131
f 5130 5131 5132
f 5132 5133 5130
f 5127 5130 5133
f 5133 5128 5127
f 5134 5135 5136
f 5136 5137 5134
f 5138 5134 5137
f 5137 5139 5138
f 5134 5138 5128
f 5128 5133 5134
f 5135 5134 5133
f 5133 5132 5135
f 5140 5138 5139
f 5139 5141 5140
f 4623 5140 5141
f 5141 4624 4623
f 5140 4623 4620
f 4620 5129 5140
f 5138 5140 5129
f 5129 5128 5138
f 5142 4635 4624
f 4624 5141 5142
f 5143 5142 5141
f 5141 5139 5143
f 5142 5143 5144
f 5144 5145 5142
f 4635 5142 5145
f 5145 4636 4635
f 5146 5143 5139
f 5139 5137 5146
f 5147 5146 5137
f 5137 5136 5147
f 5146 5147 5148
f 5148 5149 5146
f 5143 5146 5149
f 5149 5144 5143
f 5150 5151 5152
f 5152 5153 5150
f 5154 5150 5153
f 5153 5155 5154
f 5150 5154 5144
f 5144 5149 5150
f 5151 5150 5149
f 5149 5148 5151
f 5156 5154 5155
f 5155 5157 5156
f 4639 5156 5157
f 5157 4640 4639
f 5156 4639 4636
f 4636 5145 5156
f 5154 5156 5145
f 5145 5144 5154
f 5158 4651 4640
f 4640 5157 5158
f 5159 5158 5157
f 5157 5155 5159
f 5158 5159 5160
f 5160 5161 5158
f 4651 5158 5161
f 5161 4652 4651
f 5162 5159 5155
f 5155 5153 5162
f 5163 5162 5153
f 5153 5152 5163
f 5162 5163 5164
f 5164 5165 5162
f 5159 5162 5165
f 5165 5160 5159
f 5166 5167 5168
f 5168 5169 5166
f 5170 5166 5169
f 5169 5171 5170
f 5166 5170 5160
f 5160 5165 5166
f 5167 5166 5165
f 5165 5164 5167
f 5172 5170 5171
f 5171 5173 5172
f 4655 5172 5173
f 5173 4656 4655
f 5172 4655 4652
f 4652 5161 5172
f 5170 5172 5161
f 5161 5160 5170
f 5174 4667 4656
f 4656 5173 5174
f 5175 5174 5173
f 5173 5171 5175
f 5174 5175 5176
f 5176 5177 5174
f 4667 5174 5177
f 5177 4668 4667
f 5178 5175 5171
f 5171 5169 5178
f 5179 5178 5169
f 5169 5168 5179
f 5178 5179 5180
f 5180 5181 5178
f 5175 5178 5181
f 5181 5176 5175
f 5182 5183 5184
f 5184 5185 5182
f 5186 5182 5185
f 5185 5187 5186
f 5182 5186 5176
f 5176 5181 5182
f 5183 5182 5181
f 5181 5180 5183
f 5188 5186 5187
f 5187 5189 5188
f 4671 5188 5189
f 5189 4672 4671
f 5188 4671 4668
f 4668 5177 5188
f 5186 5188 5177
f 5177 5176 5186
f 5190 4683 4672
f 4672 5189 5190
f 5191 5190 5189
f 5189 5187 5191
f 5190 5191 5192
f 5192 5193 5190
f 4683 5190 5193
f 5193 4684 4683
f 5194 5191 5187
f 5187 5185 5194
f 5195 5194 5185
f 5185 5184 5195
f 5194 5195 5196
f 5196 5197 5194
f 5191 5194 5197
f 5197 5192 5191
f 5198 5199 5200
f 5200 5201 5198
f 5202 5198 5201
f 5201 5203 5202
f 5198 5202 5192
f 5192 5197 5198
f 5199 5198 5197
f 5197 5196 5199
f 5204 5202 5203
f 5203 5205 5204
f 4687 5204 5205
f 5205 4688 4687
f 5204 4687 4684
f 4684 5193 5204
f 5202 5204 5193
f 5193 5192 5202
f 5206 4699 4688
f 4688 5205 5206
f 5207 5206 5205
f 5205 5203 5207
f 5206 5207 5208
f 5208 5209 5206
f 4699 5206 5209
f 5209 4700 4699
f 5210 5207 5203
f 5203 5201 5210
f 5211 5210 5201
f 5201 5200 5211
f 5210 5211 5212
f 5212 5213 5210
f 5207 5210 5213
f 5213 5208 5207
f 5214 5215 5216
f 5216 5217 5214
f 5218 5214 5217
f 5217 5219 5218
f 5214 5218 5208
f 5208 5213 5214
f 5215 5214 5213
f 5213 5212 5215
f 5220 5218 5219
f 5219 5221 5220
f 4703 5220 5221
f 5221 4704 4703
f 5220 4703 4700
f 4700 5209 5220
f 5218 5220 5209
f 5209 5208 5218
f 5222 4715 4704
f 4704 5221 5222
f 5223 5222 5221
f 5221 5219 5223
f 5222 5223 5224
f 5224 5225 5222
f 4715 5222 5225
f 5225 4716 4715
f 5226 5223 5219
f 5219 5217 5226
f 5227 5226 5217
f 5217 5216 5227
f 5226 5227 5228
f 5228 5229 5226
f 5223 5226 5229
f 5229 5224 5223
f 5230 5231 5232
f 5232 5233 5230
f 5234 5230 5233
f 5233 5235 5234
f 5230 5234 5224
f 5224 5229 5230
f 5231 5230 5229
f 5229 5228 5231
f 5236 5234 5235
f 5235 5237 5236
f 4719 5236 5237
f 5237 4720 4719
f 5236 4719 4716
f 4716 5225 5236
f 5234 5236 5225
f 5225 5224 5234
f 5238 4731 4720
f 4720 5237 5238
f 5239 5238 5237
f 5237 5235 5239
f 5238 5239 5240
f 5240 5241 5238
f 4731 5238 5241
f 5241 4732 4731
f 5242 5239 5235
f 5235 5233 5242
f 5243 5242 5233
f 5233 5232 5243
f 5242 5243 5244
f 5244 5245 5242
f 5239 5242 5245
f 5245 5240 5239
f 5246 5247 5248
f 5248 5249 5246
f 5250 5246 5249
f 5249 5251 5250
f 5246 5250 5240
f 5240 5245 5246
f 5247 5246 5245
f 5245 5244 5247
f 5252 5250 5251
f 5251 5253 5252
f 4735 5252 5253
f 5253 4736 4735
f 5252 4735 4732
f 4732 5241 5252
f 5250 5252 5241
f 5241 5240 5250
f 5254 4747 4736
f 4736 5253 5254
f 5255 5254 5253
f 5253 5251 5255
f 5254 5255 5256
f 5256 5257 5254
f 4747 5254 5257
f 5257 4748 4747
f 5258 5255 5251
f 5251 5249 5258
f 5259 5258 5249
f 5249 5248 5259
f 5258 5259 5260
f 5260 5261 5258
f 5255 5258 5261
f 5261 5256 5255
f 5262 5263 5264
f 5264 5265 5262
f 5266 5262 5265
f 5265 5267 5266
f 5262 5266 5256
f 5256 5261 5262
f 5263 5262 5261
f 5261 5260 5263
f 5268 5266 5267
f 5267 5269 5268
f 4751 5268 5269
f 5269 4752 4751
f 5268 4751 4748
f 4748 5257 5268
f 5266 5268 5257
f 5257 5256 5266
f 5270 4763 4752
f 4752 5269 5270
f 5271 5270 5269
f 5269 5267 5271
f 5270 5271 5272
f 5272 5273 5270
f 4763 5270 5273
f 5273 4764 4763
f 5274 5271 5267
f 5267 5265 5274
f 5275 5274 5265
f 5265 5264 5275
f 5274 5275 5276
f 5276 5277 5274
f 5271 5274 5277
f 5277 5272 5271
f 5278 5279 5280
f 5280 5281 5278
f 5282 5278 5281
f 5281 5283 5282
f 5278 5282 5272
f 5272 5277 5278
f 5279 5278 5277
f 5277 5276 5279
f 5284 5282 5283
f 5283 5285 5284
f 4767 5284 5285
f 5285 4768 4767
f 5284 4767 4764
f 4764 5273 5284
f 5282 5284 5273
f 5273 5272 5282
f 5286 4779 4768
f 4768 5285 5286
f 5287 5286 5285
f 5285 5283 5287
f 5286 5287 5288
f 5288 5289 5286
f 4779 5286 5289
f 5289 4780 4779
f 5290 5287 5283
f 5283 5281 5290
f 5291 5290 5281
f 5281 5280 5291
f 5290 5291 5292
f 5292 5293 5290
f 5287 5290 5293
f 5293 5288 5287
f 5294 5295 5296
f 5296 5297 5294
f 5298 5294 5297
f 5297 5299 5298
f 5294 5298 5288
f 5288 5293 5294
f 5295 5294 5293
f 5293 5292 5295
f 5300 5298 5299
f 5299 5301 5300
f 4783 5300 5301
f 5301 4784 4783
f 5300 4783 4780
f 4780 5289 5300
f 5298 5300 5289
f 5289 5288 5298
f 5302 4795 4784
f 4784 5301 5302
f 5303 5302 5301
f 5301 5299 5303
f 5302 5303 5304
f 5304 5305 5302
f 4795 5302 5305
f 5305 4796 4795
f 5306 5303 5299
f 5299 5297 5306
f 5307 5306 5297
f 5297 5296 5307
f 5306 5307 5308
f 5308 5309 5306
f 5303 5306 5309
f 5309 5304 5303
f 5310 5311 5312
f 5312 5313 5310
f 5314 5310 5313
f 5313 5315 5314
f 5310 5314 5304
f 5304 5309 5310
f 5311 5310 5309
f 5309 5308 5311
f 5316 5314 5315
f 5315 5317 5316
f 4799 5316 5317
f 5317 4800 4799
f 5316 4799 4796
f 4796 5305 5316
f 5314 5316 5305
f 5305 5304 5314
f 5318 4811 4800
f 4800 5317 5318
f 5319 5318 5317
f 5317 5315 5319
f 5318 5319 5320
f 5320 5321 5318
f 4811 5318 5321
f 5321 4812 4811
f 5322 5319 5315
f 5315 5313 5322
f 5323 5322 5313
f 5313 5312 5323
f 5322 5323 5324
f 5324 5325 5322
f 5319 5322 5325
f 5325 5320 5319
f 5326 5327 5328
f 5328 5329 5326
f 5330 5326 5329
f 5329 5331 5330
f 5326 5330 5320
f 5320 5325 5326
f 5327 5326 5325
f 5325 5324 5327
f 5332 5330 5331
f 5331 5333 5332
f 4815 5332 5333
f 5333 4816 4815
f 5332 4815 4812
f 4812 5321 5332
f 5330 5332 5321
f 5321 5320 5330
f 5334 4827 4816
f 4816 5333 5334
f 5335 5334 5333
f 5333 5331 5335
f 5334 5335 5336
f 5336 5337 5334
f 4827 5334 5337
f 5337 4828 4827
f 5338 5335 5331
f 5331 5329 5338
f 5339 5338 5329
f 5329 5328 5339
f 5338 5339 5340
f 5340 5341 5338
f 5335 5338 5341
f 5341 5336 5335
f 5342 5343 5344
f 5344 5345 5342
f 5346 5342 5345
f 5345 5347 5346
f 5342 5346 5336
f 5336 5341 5342
f 5343 5342 5341
f 5341 5340 5343
f 5348 5346 5347
f 5347 5349 5348
f 4831 5348 5349
f 5349 4832 4831
f 5348 4831 4828
f 4828 5337 5348
f 5346 5348 5337
f 5337 5336 5346
f 5350 4843 4832
f 4832 5349 5350
f 5351 5350 5349
f 5349 5347 5351
f 5350 5351 5352
f 5352 5353 5350
f 4843 5350 5353
f 5353 4844 4843
f 5354 5351 5347
f 5347 5345 5354
f 5355 5354 5345
f 5345 5344 5355
f 5354 5355 5356
f 5356 5357 5354
f 5351 5354 5357
f 5357 5352 5351
f 5358 5359 5360
f 5360 5361 5358
f 5362 5358 5361
f 5361 5363 5362
f 5358 5362 5352
f 5352 5357 5358
f 5359 5358 5357
f 5357 5356 5359
f 5364 5362 5363
f 5363 5365 5364
f 4847 5364 5365
f 5365 4848 4847
f 5364 4847 4844
f 4844 5353 5364
f 5362 5364 5353
f 5353 5352 5362
f 5366 4859 4848
f 4848 5365 5366
f 5367 5366 5365
f 5365 5363 5367
f 5366 5367 5368
f 5368 5369 5366
f 4859 5366 5369
f 5369 4860 4859
f 5370 5367 5363
f 5363 5361 5370
f 5371 5370 5361
f 5361 5360 5371
f 5370 5371 5372
f 5372 5373 5370
f 5367 5370 5373
f 5373 5368 5367
f 5374 5375 5376
f 5376 5377 5374
f 5378 5374 5377
f 5377 5379 5378
f 5374 5378 5368
f 5368 5373 5374
f 5375 5374 5373
f 5373 5372 5375
f 5380 5378 5379
f 5379 5381 5380
f 4863 5380 5381
f 5381 4864 4863
f 5380 4863 4860
f 4860 5369 5380
f 5378 5380 5369
f 5369 5368 5378
f 5382 4875 4864
f 4864 5381 5382
f 5383 5382 5381
f 5381 5379 5383
f 5382 5383 5384
f 5384 5385 5382
f 4875 5382 5385
f 5385 4876 4875
f 5386 5383 5379
f 5379 5377 5386
f 5387 5386 5377
f 5377 5376 5387
f 5386 5387 5388
f 5388 5389 5386
f 5383 5386 5389
f 5389 5384 5383
f 5390 5391 5392
f 5392 5393 5390
f 5394 5390 5393
f 5393 5395 5394
f 5390 5394 5384
f 5384 5389 5390
f 5391 5390 5389
f 5389 5388 5391
f 5396 5394 5395
f 5395 5397 5396
f 4879 5396 5397
f 5397 4880 4879
f 5396 4879 4876
f 4876 5385 5396
f 5394 5396 5385
f 5385 5384 5394
f 5398 4891 4880
f 4880 5397 5398
f 5399 5398 5397
f 5397 5395 5399
f 5398 5399 5400
f 5400 5401 5398
f 4891 5398 5401
f 5401 4892 4891
f 5402 5399 5395
f 5395 5393 5402
f 5403 5402 5393
f 5393 5392 5403
f 5402 5403 5404
f 5404 5405 5402
f 5399 5402 5405
f 5405 5400 5399
f 5406 5407 5408
f 5408 5409 5406
f 5410 5406 5409
f 5409 5411 5410
f 5406 5410 5400
f 5400 5405 5406
f 5407 5406 5405
f 5405 5404 5407
f 5412 5410 5411
f 5411 5413 5412
f 4895 5412 5413
f 5413 4896 4895
f 5412 4895 4892
f 4892 5401 5412
f 5410 5412 5401
f 5401 5400 5410
f 5414 4907 4896
f 4896 5413 5414
f 5415 5414 5413
f 5413 5411 5415
f 5414 5415 5416
f 5416 5417 5414
f 4907 5414 5417
f 5417 4908 4907
f 5418 5415 5411
f 5411 5409 5418
f 5419 5418 5409
f 5409 5408 5419
f 5418 5419 5420
f 5420 5421 5418
f 5415 5418 5421
f 5421 5416 5415
f 5422 5423 5424
f 5424 5425 5422
f 5426 5422 5425
f 5425 5427 5426
f 5422 5426 5416
f 5416 5421 5422
f 5423 5422 5421
f 5421 5420 5423
f 5428 5426 5427
f 5427 5429 5428
f 4911 5428 5429
f 5429 4912 4911
f 5428 4911 4908
f 4908 5417 5428
f 5426 5428 5417
f 5417 5416 5426
f 5430 4923 4912
f 4912 5429 5430
f 5431 5430 5429
f 5429 5427 5431
f 5430 5431 5432
f 5432 5433 5430
f 4923 5430 5433
f 5433 4924 4923
f 5434 5431 5427
f 5427 5425 5434
f 5435 5434 5425
f 5425 5424 5435
f 5434 5435 5436
f 5436 5437 5434
f 5431 5434 5437
f 5437 5432 5431
f 5438 5439 5440
f 5440 5441 5438
f 5442 5438 5441
f 5441 5443 5442
f 5438 5442 5432
f 5432 5437 5438
f 5439 5438 5437
f 5437 5436 5439
f 5444 5442 5443
f 5443 5445 5444
f 4927 5444 5445
f 5445 4928 4927
f 5444 4927 4924
f 4924 5433 5444
f 5442 5444 5433
f 5433 5432 5442
f 5446 4939 4928
f 4928 5445 5446
f 5447 5446 5445
f 5445 5443 5447
f 5446 5447 5448
f 5448 5449 5446
f 4939 5446 5449
f 5449 4940 4939
f 5450 5447 5443
f 5443 5441 5450
f 5451 5450 5441
f 5441 5440 5451
f 5450 5451 5452
f 5452 5453 5450
f 5447 5450 5453
f 5453 5448 5447
f 5454 5455 5456
f 5456 5457 5454
f 5458 5454 5457
f 5457 5459 5458
f 5454 5458 5448
f 5448 5453 5454
f 5455 5454 5453
f 5453 5452 5455
f 5460 5458 5459
f 5459 5461 5460
f 4943 5460 5461
f 5461 4944 4943
f 5460 4943 4940
f 4940 5449 5460
f 5458 5460 5449
f 5449 5448 5458
f 5462 4955 4944
f 4944 5461 5462
f 5463 5462 5461
f 5461 5459 5463
f 5462 5463 5464
f 5464 5465 5462
f 4955 5462 5465
f 5465 4956 4955
f 5466 5463 5459
f 5459 5457 5466
f 5467 5466 5457
f 5457 5456 5467
f 5466 5467 5468
f 5468 5469 5466
f 5463 5466 5469
f 5469 5464 5463
f 5470 5471 5472
f 5472 5473 5470
f 5474 5470 5473
f 5473 5475 5474
f 5470 5474 5464
f 5464 5469 5470
f 5471 5470 5469
f 5469 5468 5471
f 5476 5474 5475
f 5475 5477 5476
f 4959 5476 5477
f 5477 4960 4959
f 5476 4959 4956
f 4956 5465 5476
f 5474 5476 5465
f 5465 5464 5474
f 5478 4971 4960
f 4960 5477 5478
f 5479 5478 5477
f 5477 5475 5479
f 5478 5479 5480
f 5480 5481 5478
f 4971 5478 5481
f 5481 4972 4971
f 5482 5479 5475
f 5475 5473 5482
f 5483 5482 5473
f 5473 5472 5483
f 5482 5483 5484
f 5484 5485 5482
f 5479 5482 5485
f 5485 5480 5479
f 5486 5487 5488
f 5488 5489 5486
f 5490 5486 5489
f 5489 5491 5490
f 5486 5490 5480
f 5480 5485 5486
f 5487 5486 5485
f 5485 5484 5487
f 5492 5490 5491
f 5491 5493 5492
f 4975 5492 5493
f 5493 4976 4975
f 5492 4975 4972
f 4972 5481 5492
f 5490 5492 5481
f 5481 5480 5490
f 5494 4987 4976
f 4976 5493 5494
f 5495 5494 5493
f 5493 5491 5495
f 5494 5495 5496
f 5496 5497 5494
f 4987 5494 5497
f 5497 4988 4987
f 5498 5495 5491
f 5491 5489 5498
f 5499 5498 5489
f 5489 5488 5499
f 5498 5499 5500
f 5500 5501 5498
f 5495 5498 5501
f 5501 5496 5495
f 5502 5503 5504
f 5504 5505 5502
f 5506 5502 5505
f 5505 5507 5506
f 5502 5506 5496
f 5496 5501 5502
f 5503 5502 5501
f 5501 5500 5503
f 5508 5506 5507
f 5507 5509 5508
f 4991 5508 5509
f 5509 4992 4991
f 5508 4991 4988
f 4988 5497 5508
f 5506 5508 5497
f 5497 5496 5506
f 5510 5003 4992
f 4992 5509 5510
f 5511 5510 5509
f 5509 5507 5511
f 5510 5511 5512
f 5512 5513 5510
f 5003 5510 5513
f 5513 5004 5003
f 5514 5511 5507
f 5507 5505 5514
f 5515 5514 5505
f 5505 5504 5515
f 5514 5515 5516
f 5516 5517 5514
f 5511 5514 5517
f 5517 5512 5511
f 5518 5519 5520
f 5520 5521 5518
f 5522 5518 5521
f 5521 5523 5522
f 5518 5522 5512
f 5512 5517 5518
f 5519 5518 5517
f 5517 5516 5519
f 5524 5522 5523
f 5523 5525 5524
f 5007 5524 5525
f 5525 5008 5007
f 5524 5007 5004
f 5004 5513 5524
f 5522 5524 5513
f 5513 5512 5522
f 5526 5019 5008
f 5008 5525 5526
f 5527 5526 5525
f 5525 5523 5527
f 5526 5527 5528
f 5528 5529 5526
f 5019 5526 5529
f 5529 5020 5019
f 5530 5527 5523
f 5523 5521 5530
f 5531 5530 5521
f 5521 5520 5531
f 5530 5531 5532
f 5532 5533 5530
f 5527 5530 5533
f 5533 5528 5527
f 5534 5535 5536
f 5536 5537 5534
f 5538 5534 5537
f 5537 5539 5538
f 5534 5538 5528
f 5528 5533 5534
f 5535 5534 5533
f 5533 5532 5535
f 5540 5538 5539
f 5539 5541 5540
f 5023 5540 5541
f 5541 5024 5023
f 5540 5023 5020
f 5020 5529 5540
f 5538 5540 5529
f 5529 5528 5538
f 5542 5035 5024
f 5024 5541 5542
f 5543 5542 5541
f 5541 5539 5543
f 5542 5543 5544
f 5544 5545 5542
f 5035 5542 5545
f 5545 5036 5035
f 5546 5543 5539
f 5539 5537 5546
f 5547 5546 5537
f 5537 5536 5547
f 5546 5547 5548
f 5548 5549 5546
f 5543 5546 5549
f 5549 5544 5543
f 5550 5551 5552
f 5552 5553 5550
f 5554 5550 5553
f 5553 5555 5554
f 5550 5554 5544
f 5544 5549 5550
f 5551 5550 5549
f 5549 5548 5551
f 5556 5554 5555
f 5555 5557 5556
f 5039 5556 5557
f 5557 5040 5039
f 5556 5039 5036
f 5036 5545 5556
f 5554 5556 5545
f 5545 5544 5554
f 5558 5051 5040
f 5040 5557 5558
f 5559 5558 5557
f 5557 5555 5559
f 5558 5559 5560
f 5560 5561 5558
f 5051 5558 5561
f 5561 5052 5051
f 5562 5559 5555
f 5555 5553 5562
f 5563 5562 5553
f 5553 5552 5563
f 5562 5563 5564
f 5564 5565 5562
f 5559 5562 5565
f 5565 5560 5559
f 5566 5567 5067
f 5067 5065 5566
f 5568 5566 5065
f 5065 5061 5568
f 5566 5568 5560
f 5560 5565 5566
f 5567 5566 5565
f 5565 5564 5567
f 5569 5568 5061
f 5061 5059 5569
f 5055 5569 5059
f 5059 4555 5055
f 5569 5055 5052
f 5052 5561 5569
f 5568 5569 5561
f 5561 5560 5568
f 5570 5066 5067
f 5067 5571 5570
f 5572 5570 5571
f 5571 5573 5572
f 5570 5572 5574
f 5574 5575 5570
f 5066 5570 5575
f 5575 5068 5066
f 5576 5572 5573
f 5573 5577 5576
f 5578 5576 5577
f 5577 5579 5578
f 5576 5578 5580
f 5580 5581 5576
f 5572 5576 5581
f 5581 5574 5572
f 5582 5583 5584
f 5584 5585 5582
f 5586 5582 5585
f 5585 5587 5586
f 5582 5586 5574
f 5574 5581 5582
f 5583 5582 5581
f 5581 5580 5583
f 5588 5586 5587
f 5587 5589 5588
f 5071 5588 5589
f 5589 5072 5071
f 5588 5071 5068
f 5068 5575 5588
f 5586 5588 5575
f 5575 5574 5586
f 5590 5083 5072
f 5072 5589 5590
f 5591 5590 5589
f 5589 5587 5591
f 5590 5591 5592
f 5592 5593 5590
f 5083 5590 5593
f 5593 5084 5083
f 5594 5591 5587
f 5587 5585 5594
f 5595 5594 5585
f 5585 5584 5595
f 5594 5595 5596
f 5596 5597 5594
f 5591 5594 5597
f 5597 5592 5591
f 5598 5599 5600
f 5600 5601 5598
f 5602 5598 5601
f 5601 5603 5602
f 5598 5602 5592
f 5592 5597 5598
f 5599 5598 5597
f 5597 5596 5599
f 5604 5602 5603
f 5603 5605 5604
f 5087 5604 5605
f 5605 5088 5087
f 5604 5087 5084
f 5084 5593 5604
f 5602 5604 5593
f 5593 5592 5602
f 5606 5099 5088
f 5088 5605 5606
f 5607 5606 5605
f 5605 5603 5607
f 5606 5607 5608
f 5608 5609 5606
f 5099 5606 5609
f 5609 5100 5099
f 5610 5607 5603
f 5603 5601 5610
f 5611 5610 5601
f 5601 5600 5611
f 5610 5611 5612
f 5612 5613 5610
f 5607 5610 5613
f 5613 5608 5607
f 5614 5615 5616
f 5616 5617 5614
f 5618 5614 5617
f 5617 5619 5618
f 5614 5618 5608
f 5608 5613 5614
f 5615 5614 5613
f 5613 5612 5615
f 5620 5618 5619
f 5619 5621 5620
f 5103 5620 5621
f 5621 5104 5103
f 5620 5103 5100
f 5100 5609 5620
f 5618 5620 5609
f 5609 5608 5618
f 5622 5115 5104
f 5104 5621 5622
f 5623 5622 5621
f 5621 5619 5623
f 5622 5623 5624
f 5624 5625 5622
f 5115 5622 5625
f 5625 5116 5115
f 5626 5623 5619
f 5619 5617 5626
f 5627 5626 5617
f 5617 5616 5627
f 5626 5627 5628
f 5628 5629 5626
f 5623 5626 5629
f 5629 5624 5623
f 5630 5631 5632
f 5632 5633 5630
f 5634 5630 5633
f 5633 5635 5634
f 5630 5634 5624
f 5624 5629 5630
f 5631 5630 5629
f 5629 5628 5631
f 5636 5634 5635
f 5635 5637 5636
f 5119 5636 5637
f 5637 5120 5119
f 5636 5119 5116
f 5116 5625 5636
f 5634 5636 5625
f 5625 5624 5634
f 5638 5131 5120
f 5120 5637 5638
f 5639 5638 5637
f 5637 5635 5639
f 5638 5639 5640
f 5640 5641 5638
f 5131 5638 5641
f 5641 5132 5131
f 5642 5639 5635
f 5635 5633 5642
f 5643 5642 5633
f 5633 5632 5643
f 5642 5643 5644
f 5644 5645 5642
f 5639 5642 5645
f 5645 5640 5639
f 5646 5647 5648
f 5648 5649 5646
f 5650 5646 5649
f 5649 5651 5650
f 5646 5650 5640
f 5640 5645 5646
f 5647 5646 5645
f 5645 5644 5647
f 5652 5650 5651
f 5651 5653 5652
f 5135 5652 5653
f 5653 5136 5135
f 5652 5135 5132
f 5132 5641 5652
f 5650 5652 5641
f 5641 5640 5650
f 5654 5147 5136
f 5136 5653 5654
f 5655 5654 5653
f 5653 5651 5655
f 5654 5655 5656
f 5656 5657 5654
f 5147 5654 5657
f 5657 5148 5147
f 5658 5655 5651
f 5651 5649 5658
f 5659 5658 5649
f 5649 5648 5659
f 5658 5659 5660
f 5660 5661 5658
f 5655 5658 5661
f 5661 5656 5655
f 5662 5663 5664
f 5664 5665 5662
f 5666 5662 5665
f 5665 5667 5666
f 5662 5666 5656
f 5656 5661 5662
f 5663 5662 5661
f 5661 5660 5663
f 5668 5666 5667
f 5667 5669 5668
f 5151 5668 5669
f 5669 5152 5151
f 5668 5151 5148
f 5148 5657 5668
f 5666 5668 5657
f 5657 5656 5666
f 5670 5163 5152
f 5152 5669 5670
f 5671 5670 5669
f 5669 5667 5671
f 5670 5671 5672
f 5672 5673 5670
f 5163 5670 5673
f 5673 5164 5163
f 5674 5671 5667
f 5667 5665 5674
f 5675 5674 5665
f 5665 5664 5675
f 5674 5675 5676
f 5676 5677 5674
f 5671 5674 5677
f 5677 5672 5671
f 5678 5679 5680
f 5680 5681 5678
f 5682 5678 5681
f 5681 5683 5682
f 5678 5682 5672
f 5672 5677 5678
f 5679 5678 5677
f 5677 5676 5679
f 5684 5682 5683
f 5683 5685 5684
f 5167 5684 5685
f 5685 5168 5167
f 5684 5167 5164
f 5164 5673 5684
f 5682 5684 5673
f 5673 5672 5682
f 5686 5179 5168
f 5168 5685 5686
f 5687 5686 5685
f 5685 5683 5687
f 5686 5687 5688
f 5688 5689 5686
f 5179 5686 5689
f 5689 5180 5179
f 5690 5687 5683
f 5683 5681 5690
f 5691 5690 5681
f 5681 5680 5691
f 5690 5691 5692
f 5692 5693 5690
f 5687 5690 5693
f 5693 5688 5687
f 5694 5695 5696
f 5696 5697 5694
f 5698 5694 5697
f 5697 5699 5698
f 5694 5698 5688
f 5688 5693 5694
f 5695 5694 5693
f 5693 5692 5695
f 5700 5698 5699
f 5699 5701 5700
f 5183 5700 5701
f 5701 5184 5183
f 5700 5183 5180
f 5180 5689 5700
f 5698 5700 5689
f 5689 5688 5698
f 5702 5195 5184
f 5184 5701 5702
f 5703 5702 5701
f 5701 5699 5703
f 5702 5703 5704
f 5704 5705 5702
f 5195 5702 5705
f 5705 5196 5195
f 5706 5703 5699
f 5699 5697 5706
f 5707 5706 5697
f 5697 5696 5707
f 5706 5707 5708
f 5708 5709 5706
f 5703 5706 5709
f 5709 5704 5703
f 5710 5711 5712
f 5712 5713 5710
f 5714 5710 5713
f 5713 5715 5714
f 5710 5714 5704
f 5704 5709 5710
f 5711 5710 5709
f 5709 5708 5711
f 5716 5714 5715
f 5715 5717 5716
f 5199 5716 5717
f 5717 5200 5199
f 5716 5199 5196
f 5196 5705 5716
f 5714 5716 5705
f 5705 5704 5714
f 5718 5211 5200
f 5200 5717 5718
f 5719 5718 5717
f 5717 5715 5719
f 5718 5719 5720
f 5720 5721 5718
f 5211 5718 5721
f 5721 5212 5211
f 5722 5719 5715
f 5715 5713 5722
f 5723 5722 5713
f 5713 5712 5723
f 5722 5723 5724
f 5724 5725 5722
f 5719 5722 5725
f 5725 5720 5719
f 5726 5727 5728
f 5728 5729 5726
f 5730 5726 5729
f 5729 5731 5730
f 5726 5730 5720
f 5720 5725 5726
f 5727 5726 5725
f 5725 5724 5727
f 5732 5730 5731
f 5731 5733 5732
f 5215 5732 5733
f 5733 5216 5215
f 5732 5215 5212
f 5212 5721 5732
f 5730 5732 5721
f 5721 5720 5730
f 5734 5227 5216
f 5216 5733 5734
f 5735 5734 5733
f 5733 5731 5735
f 5734 5735 5736
f 5736 5737 5734
f 5227 5734 5737
f 5737 5228 5227
f 5738 5735 5731
f 5731 5729 5738
f 5739 5738 5729
f 5729 5728 5739
f 5738 5739 5740
f 5740 5741 5738
f 5735 5738 5741
f 5741 5736 5735
f 5742 5743 5744
f 5744 5745 5742
f 5746 5742 5745
f 5745 5747 5746
f 5742 5746 5736
f 5736 5741 5742
f 5743 5742 5741
f 5741 5740 5743
f 5748 5746 5747
f 5747 5749 5748
f 5231 5748 5749
f 5749 5232 5231
f 5748 5231 5228
f 5228 5737 5748
f 5746 5748 5737
f 5737 5736 5746
f 5750 5243 5232
f 5232 5749 5750
f 5751 5750 5749
f 5749 5747 5751
f 5750 5751 5752
f 5752 5753 5750
f 5243 5750 5753
f 5753 5244 5243
f 5754 5751 5747
f 5747 5745 5754
f 5755 5754 5745
f 5745 5744 5755
f 5754 5755 5756
f 5756 5757 5754
f 5751 5754 5757
f 5757 5752 5751
f 5758 5759 5760
f 5760 5761 5758
f 5762 5758 5761
f 5761 5763 5762
f 5758 5762 5752
f 5752 5757 5758
f 5759 5758 5757
f 5757 5756 5759
f 5764 5762 5763
f 5763 5765 5764
f 5247 5764 5765
f 5765 5248 5247
f 5764 5247 5244
f 5244 5753 5764
f 5762 5764 5753
f 5753 5752 5762
f 5766 5259 5248
f 5248 5765 5766
f 5767 5766 5765
f 5765 5763 5767
f 5766 5767 5768
f 5768 5769 5766
f 5259 5766 5769
f 5769 5260 5259
f 5770 5767 5763
f 5763 5761 5770
f 5771 5770 5761
f 5761 5760 5771
f 5770 5771 5772
f 5772 5773 5770
f 5767 5770 5773
f 5773 5768 5767
f 5774 5775 5776
f 5776 5777 5774
f 5778 5774 5777
f 5777 5779 5778
f 5774 5778 5768
f 5768 5773 5774
f 5775 5774 5773
f 5773 5772 5775
f 5780 5778 5779
f 5779 5781 5780
f 5263 5780 5781
f 5781 5264 5263
f 5780 5263 5260
f 5260 5769 5780
f 5778 5780 5769
f 5769 5768 5778
f 5782 5275 5264
f 5264 5781 5782
f 5783 5782 5781
f 5781 5779 5783
f 5782 5783 5784
f 5784 5785 5782
f 5275 5782 5785
f 5785 5276 5275
f 5786 5783 5779
f 5779 5777 5786
f 5787 5786 5777
f 5777 5776 5787
f 5786 5787 5788
f 5788 5789 5786
f 5783 5786 5789
f 5789 5784 5783
f 5790 5791 5792
f 5792 5793 5790
f 5794 5790 5793
f 5793 5795 5794
f 5790 5794 5784
f 5784 5789 5790
f 5791 5790 5789
f 5789 5788 5791
f 5796 5794 5795
f 5795 5797 5796
f 5279 5796 5797
f 5797 5280 5279
f 5796 5279 5276
f 5276 5785 5796
f 5794 5796 5785
f 5785 5784 5794
f 5798 5291 5280
f 5280 5797 5798
f 5799 5798 5797
f 5797 5795 5799
f 5798 5799 5800
f 5800 5801 5798
f 5291 5798 5801
f 5801 5292 5291
f 5802 5799 5795
f 5795 5793 5802
f 5803 5802 5793
f 5793 5792 5803
f 5802 5803 5804
f 5804 5805 5802
f 5799 5802 5805
f 5805 5800 5799
f 5806 5807 5808
f 5808 5809 5806
f 5810 5806 5809
f 5809 5811 5810
f 5806 5810 5800
f 5800 5805 5806
f 5807 5806 5805
f 5805 5804 5807
f 5812 5810 5811
f 5811 5813 5812
f 5295 5812 5813
f 5813 5296 5295
f 5812 5295 5292
f 5292 5801 5812
f 5810 5812 5801
f 5801 5800 5810
f 5814 5307 5296
f 5296 5813 5814
f 5815 5814 5813
f 5813 5811 5815
f 5814 5815 5816
f 5816 5817 5814
f 5307 5814 5817
f 5817 5308 5307
f 5818 5815 5811
f 5811 5809 5818
f 5819 5818 5809
f 5809 5808 5819
f 5818 5819 5820
f 5820 5821 5818
f 5815 5818 5821
f 5821 5816 5815
f 5822 5823 5824
f 5824 5825 5822
f 5826 5822 5825
f 5825 5827 5826
f 5822 5826 5816
f 5816 5821 5822
f 5823 5822 5821
f 5821 5820 5823
f 5828 5826 5827
f 5827 5829 5828
f 5311 5828 5829
f 5829 5312 5311
f 5828 5311 5308
f 5308 5817 5828
f 5826 5828 5817
f 5817 5816 5826
f 5830 5323 5312
f 5312 5829 5830
f 5831 5830 5829
f 5829 5827 5831
f 5830 5831 5832
f 5832 5833 5830
f 5323 5830 5833
f 5833 5324 5323
f 5834 5831 5827
f 5827 5825 5834
f 5835 5834 5825
f 5825 5824 5835
f 5834 5835 5836
f 5836 5837 5834
f 5831 5834 5837
f 5837 5832 5831
f 5838 5839 5840
f 5840 5841 5838
f 5842 5838 5841
f 5841 5843 5842
f 5838 5842 5832
f 5832 5837 5838
f 5839 5838 5837
f 5837 5836 5839
f 5844 5842 5843
f 5843 5845 5844
f 5327 5844 5845
f 5845 5328 5327
f 5844 5327 5324
f 5324 5833 5844
f 5842 5844 5833
f 5833 5832 5842
f 5846 5339 5328
f 5328 5845 5846
f 5847 5846 5845
f 5845 5843 5847
f 5846 5847 5848
f 5848 5849 5846
f 5339 5846 5849
f 5849 5340 5339
f 5850 5847 5843
f 5843 5841 5850
f 5851 5850 5841
f 5841 5840 5851
f 5850 5851 5852
f 5852 5853 5850
f 5847 5850 5853
f 5853 5848 5847
f 5854 5855 5856
f 5856 5857 5854
f 5858 5854 5857
f 5857 5859 5858
f 5854 5858 5848
f 5848 5853 5854
f 5855 5854 5853
f 5853 5852 5855
f 5860 5858 5859
f 5859 5861 5860
f 5343 5860 5861
f 5861 5344 5343
f 5860 5343 5340
f 5340 5849 5860
f 5858 5860 5849
f 5849 5848 5858
f 5862 5355 5344
f 5344 5861 5862
f 5863 5862 5861
f 5861 5859 5863
f 5862 5863 5864
f 5864 5865 5862
f 5355 5862 5865
f 5865 5356 5355
f 5866 5863 5859
f 5859 5857 5866
f 5867 5866 5857
f 5857 5856 5867
f 5866 5867 5868
f 5868 5869 5866
f 5863 5866 5869
f 5869 5864 5863
f 5870 5871 5872
f 5872 5873 5870
f 5874 5870 5873
f 5873 5875 5874
f 5870 5874 5864
f 5864 5869 5870
f 5871 5870 5869
f 5869 5868 5871
f 5876 5874 5875
f 5875 5877 5876
f 5359 5876 5877
f 5877 5360 5359
f 5876 5359 5356
f 5356 5865 5876
f 5874 5876 5865
f 5865 5864 5874
f 5878 5371 5360
f 5360 5877 5878
f 5879 5878 5877
f 5877 5875 5879
f 5878 5879 5880
f 5880 5881 5878
f 5371 5878 5881
f 5881 5372 5371
f 5882 5879 5875
f 5875 5873 5882
f 5883 5882 5873
f 5873 5872 5883
f 5882 5883 5884
f 5884 5885 5882
f 5879 5882 5885
f 5885 5880 5879
f 5886 5887 5888
f 5888 5889 5886
f 5890 5886 5889
f 5889 5891 5890
f 5886 5890 5880
f 5880 5885 5886
f 5887 5886 5885
f 5885 5884 5887
f 5892 5890 5891
f 5891 5893 5892
f 5375 5892 5893
f 5893 5376 5375
f 5892 5375 5372
f 5372 5881 5892
f 5890 5892 5881
f 5881 5880 5890
f 5894 5387 5376
f 5376 5893 5894
f 5895 5894 5893
f 5893 5891 5895
f 5894 5895 5896
f 5896 5897 5894
f 5387 5894 5897
f 5897 5388 5387
f 5898 5895 5891
f 5891 5889 5898
f 5899 5898 5889
f 5889 5888 5899
f 5898 5899 5900
f 5900 5901 5898
f 5895 5898 5901
f 5901 5896 5895
f 5902 5903 5904
f 5904 5905 5902
f 5906 5902 5905
f 5905 5907 5906
f 5902 5906 5896
f 5896 5901 5902
f 5903 5902 5901
f 5901 5900 5903
f 5908 5906 5907
f 5907 5909 5908
f 5391 5908 5909
f 5909 5392 5391
f 5908 5391 5388
f 5388 5897 5908
f 5906 5908 5897
f 5897 5896 5906
f 5910 5403 5392
f 5392 5909 5910
f 5911 5910 5909
f 5909 5907 5911
f 5910 5911 5912
f 5912 5913 5910
f 5403 5910 5913
f 5913 5404 5403
f 5914 5911 5907
f 5907 5905 5914
f 5915 5914 5905
f 5905 5904 5915
f 5914 5915 5916
f 5916 5917 5914
f 5911 5914 5917
f 5917 5912 5911
f 5918 5919 5920
f 5920 5921 5918
f 5922 5918 5921
f 5921 5923 5922
f 5918 5922 5912
f 5912 5917 5918
f 5919 5918 5917
f 5917 5916 5919
f 5924 5922 5923
f 5923 5925 5924
f 5407 5924 5925
f 5925 5408 5407
f 5924 5407 5404
f 5404 5913 5924
f 5922 5924 5913
f 5913 5912 5922
f 5926 5419 5408
f 5408 5925 5926
f 5927 5926 5925
f 5925 5923 5927
f 5926 5927 5928
f 5928 5929 5926
f 5419 5926 5929
f 5929 5420 5419
f 5930 5927 5923
f 5923 5921 5930
f 5931 5930 5921
f 5921 5920 5931
f 5930 5931 5932
f 5932 5933 5930
f 5927 5930 5933
f 5933 5928 5927
f 5934 5935 5936
f 5936 5937 5934
f 5938 5934 5937
f 5937 5939 5938
f 5934 5938 5928
f 5928 5933 5934
f 5935 5934 5933
f 5933 5932 5935
f 5940 5938 5939
f 5939 5941 5940
f 5423 5940 5941
f 5941 5424 5423
f 5940 5423 5420
f 5420 5929 5940
f 5938 5940 5929
f 5929 5928 5938
f 5942 5435 5424
f 5424 5941 5942
f 5943 5942 5941
f 5941 5939 5943
f 5942 5943 5944
f 5944 5945 5942
f 5435 5942 5945
f 5945 5436 5435
f 5946 5943 5939
f 5939 5937 5946
f 5947 5946 5937
f 5937 5936 5947
f 5946 5947 5948
f 5948 5949 5946
f 5943 5946 5949
f 5949 5944 5943
f 5950 5951 5952
f 5952 5953 5950
f 5954 5950 5953
f 5953 5955 5954
f 5950 5954 5944
f 5944 5949 5950
f 5951 5950 5949
f 5949 5948 5951
f 5956 5954 5955
f 5955 5957 5956
f 5439 5956 5957
f 5957 5440 5439
f 5956 5439 5436
f 5436 5945 5956
f 5954 5956 5945
f 5945 5944 5954
f 5958 5451 5440
f 5440 5957 5958
f 5959 5958 5957
f 5957 5955 5959
f 5958 5959 5960
f 5960 5961 5958
f 5451 5958 5961
f 5961 5452 5451
f 5962 5959 5955
f 5955 5953 5962
f 5963 5962 5953
f 5953 5952 5963
f 5962 5963 5964
f 5964 5965 5962
f 5959 5962 5965
f 5965 5960 5959
f 5966 5967 5968
f 5968 5969 5966
f 5970 5966 5969
f 5969 5971 5970
f 5966 5970 5960
f 5960 5965 5966
f 5967 5966 5965
f 5965 5964 5967
f 5972 5970 5971
f 5971 5973 5972
f 5455 5972 5973
f 5973 5456 5455
f 5972 5455 5452
f 5452 5961 5972
f 5970 5972 5961
f 5961 5960 5970
f 5974 5467 5456
f 5456 5973 5974
f 5975 5974 5973
f 5973 5971 5975
f 5974 5975 5976
f 5976 5977 5974
f 5467 5974 5977
f 5977 5468 5467
f 5978 5975 5971
f 5971 5969 5978
f 5979 5978 5969
f 5969 5968 5979
f 5978 5979 5980
f 5980 5981 5978
f 5975 5978 5981
f 5981 5976 5975
f 5982 5983 5984
f 5984 5985 5982
f 5986 5982 5985
f 5985 5987 5986
f 5982 5986 5976
f 5976 5981 5982
f 5983 5982 5981
f 5981 5980 5983
f 5988 5986 5987
f 5987 5989 5988
f 5471 5988 5989
f 5989 5472 5471
f 5988 5471 5468
f 5468 5977 5988
f 5986 5988 5977
f 5977 5976 5986
f 5990 5483 5472
f 5472 5989 5990
f 5991 5990 5989
f 5989 5987 5991
f 5990 5991 5992
f 5992 5993 5990
f 5483 5990 5993
f 5993 5484 5483
f 5994 5991 5987
f 5987 5985 5994
f 5995 5994 5985
f 5985 5984 5995
f 5994 5995 5996
f 5996 5997 5994
f 5991 5994 5997
f 5997 5992 5991
f 5998 5999 6000
f 6000 6001 5998
f 6002 5998 6001
f 6001 6003 6002
f 5998 6002 5992
f 5992 5997 5998
f 5999 5998 5997
f 5997 5996 5999
f 6004 6002 6003
f 6003 6005 6004
f 5487 6004 6005
f 6005 5488 5487
f 6004 5487 5484
f 5484 5993 6004
f 6002 6004 5993
f 5993 5992 6002
f 6006 5499 5488
f 5488 6005 6006
f 6007 6006 6005
f 6005 6003 6007
f 6006 6007 6008
f 6008 6009 6006
f 5499 6006 6009
f 6009 5500 5499
f 6010 6007 6003
f 6003 6001 6010
f 6011 6010 6001
f 6001 6000 6011
f 6010 6011 6012
f 6012 6013 6010
f 6007 6010 6013
f 6013 6008 6007
f 6014 6015 6016
f 6016 6017 6014
f 6018 6014 6017
f 6017 6019 6018
f 6014 6018 6008
f 6008 6013 6014
f 6015 6014 6013
f 6013 6012 6015
f 6020 6018 6019
f 6019 6021 6020
f 5503 6020 6021
f 6021 5504 5503
f 6020 5503 5500
f 5500 6009 6020
f 6018 6020 6009
f 6009 6008 6018
f 6022 5515 5504
f 5504 6021 6022
f 6023 6022 6021
f 6021 6019 6023
f 6022 6023 6024
f 6024 6025 6022
f 5515 6022 6025
f 6025 5516 5515
f 6026 6023 6019
f 6019 6017 6026
f 6027 6026 6017
f 6017 6016 6027
f 6026 6027 6028
f 6028 6029 6026
f 6023 6026 6029
f 6029 6024 6023
f 6030 6031 6032
f 6032 6033 6030
f 6034 6030 6033
f 6033 6035 6034
f 6030 6034 6024
f 6024 6029 6030
f 6031 6030 6029
f 6029 6028 6031
f 6036 6034 6035
f 6035 6037 6036
f 5519 6036 6037
f 6037 5520 5519
f 6036 5519 5516
f 5516 6025 6036
f 6034 6036 6025
f 6025 6024 6034
f 6038 5531 5520
f 5520 6037 6038
f 6039 6038 6037
f 6037 6035 6039
f 6038 6039 6040
f 6040 6041 6038
f 5531 6038 6041
f 6041 5532 5531
f 6042 6039 6035
f 6035 6033 6042
f 6043 6042 6033
f 6033 6032 6043
f 6042 6043 6044
f 6044 6045 6042
f 6039 6042 6045
f 6045 6040 6039
f 6046 6047 6048
f 6048 6049 6046
f 6050 6046 6049
f 6049 6051 6050
f 6046 6050 6040
f 6040 6045 6046
f 6047 6046 6045
f 6045 6044 6047
f 6052 6050 6051
f 6051 6053 6052
f 5535 6052 6053
f 6053 5536 5535
f 6052 5535 5532
f 5532 6041 6052
f 6050 6052 6041
f 6041 6040 6050
f 6054 5547 5536
f 5536 6053 6054
f 6055 6054 6053
f 6053 6051 6055
f 6054 6055 6056
f 6056 6057 6054
f 5547 6054 6057
f 6057 5548 5547
f 6058 6055 6051
f 6051 6049 6058
f 6059 6058 6049
f 6049 6048 6059
f 6058 6059 6060
f 6060 6061 6058
f 6055 6058 6061
f 6061 6056 6055
f 6062 6063 6064
f 6064 6065 6062
f 6066 6062 6065
f 6065 6067 6066
f 6062 6066 6056
f 6056 6061 6062
f 6063 6062 6061
f 6061 6060 6063
f 6068 6066 6067
f 6067 6069 6068
f 5551 6068 6069
f 6069 5552 5551
f 6068 5551 5548
f 5548 6057 6068
f 6066 6068 6057
f 6057 6056 6066
f 6070 5563 5552
f 5552 6069 6070
f 6071 6070 6069
f 6069 6067 6071
f 6070 6071 6072
f 6072 6073 6070
f 5563 6070 6073
f 6073 5564 5563
f 6074 6071 6067
f 6067 6065 6074
f 6075 6074 6065
f 6065 6064 6075
f 6074 6075 6076
f 6076 6077 6074
f 6071 6074 6077
f 6077 6072 6071
f 6078 6079 5579
f 5579 5577 6078
f 6080 6078 5577
f 5577 5573 6080
f 6078 6080 6072
f 6072 6077 6078
f 6079 6078 6077
f 6077 6076 6079
f 6081 6080 5573
f 5573 5571 6081
f 5567 6081 5571
f 5571 5067 5567
f 6081 5567 5564
f 5564 6073 6081
f 6080 6081 6073
f 6073 6072 6080
f 6082 5578 5579
f 5579 6083 6082
f 6084 6082 6083
f 6083 6085 6084
f 6082 6084 6086
f 6086 6087 6082
f 5578 6082 6087
f 6087 5580 5578
f 6088 6084 6085
f 6085 6089 6088
f 6090 6088 6089
f 6089 6091 6090
f 6088 6090 6092
f 6092 6093 6088
f 6084 6088 6093
f 6093 6086 6084
f 6094 6095 6096
f 6096 6097 6094
f 6098 6094 6097
f 6097 6099 6098
f 6094 6098 6086
f 6086 6093 6094
f 6095 6094 6093
f 6093 6092 6095
f 6100 6098 6099
f 6099 6101 6100
f 5583 6100 6101
f 6101 5584 5583
f 6100 5583 5580
f 5580 6087 6100
f 6098 6100 6087
f 6087 6086 6098
f 6102 5595 5584
f 5584 6101 6102
f 6103 6102 6101
f 6101 6099 6103
f 6102 6103 6104
f 6104 6105 6102
f 5595 6102 6105
f 6105 5596 5595
f 6106 6103 6099
f 6099 6097 6106
f 6107 6106 6097
f 6097 6096 6107
f 6106 6107 6108
f 6108 6109 6106
f 6103 6106 6109
f 6109 6104 6103
f 6110 6111 6112
f 6112 6113 6110
f 6114 6110 6113
f 6113 6115 6114
f 6110 6114 6104
f 6104 6109 6110
f 6111 6110 6109
f 6109 6108 6111
f 6116 6114 6115
f 6115 6117 6116
f 5599 6116 6117
f 6117 5600 5599
f 6116 5599 5596
f 5596 6105 6116
f 6114 6116 6105
f 6105 6104 6114
f 6118 5611 5600
f 5600 6117 6118
f 6119 6118 6117
f 6117 6115 6119
f 6118 6119 6120
f 6120 6121 6118
f 5611 6118 6121
f 6121 5612 5611
f 6122 6119 6115
f 6115 6113 6122
f 6123 6122 6113
f 6113 6112 6123
f 6122 6123 6124
f 6124 6125 6122
f 6119 6122 6125
f 6125 6120 6119
f 6126 6127 6128
f 6128 6129 6126
f 6130 6126 6129
f 6129 6131 6130
f 6126 6130 6120
f 6120 6125 6126
f 6127 6126 6125
f 6125 6124 6127
f 6132 6130 6131
f 6131 6133 6132
f 5615 6132 6133
f 6133 5616 5615
f 6132 5615 5612
f 5612 6121 6132
f 6130 6132 6121
f 6121 6120 6130
f 6134 5627 5616
f 5616 6133 6134
f 6135 6134 6133
f 6133 6131 6135
f 6134 6135 6136
f 6136 6137 6134
f 5627 6134 6137
f 6137 5628 5627
f 6138 6135 6131
f 6131 6129 6138
f 6139 6138 6129
f 6129 6128 6139
f 6138 6139 6140
f 6140 6141 6138
f 6135 6138 6141
f 6141 6136 6135
f 6142 6143 6144
f 6144 6145 6142
f 6146 6142 6145
f 6145 6147 6146
f 6142 6146 6136
f 6136 6141 6142
f 6143 6142 6141
f 6141 6140 6143
f 6148 6146 6147
f 6147 6149 6148
f 5631 6148 6149
f 6149 5632 5631
f 6148 5631 5628
f 5628 6137 6148
f 6146 6148 6137
f 6137 6136 6146
f 6150 5643 5632
f 5632 6149 6150
f 6151 6150 6149
f 6149 6147 6151
f 6150 6151 6152
f 6152 6153 6150
f 5643 6150 6153
f 6153 5644 5643
f 6154 6151 6147
f 6147 6145 6154
f 6155 6154 6145
f 6145 6144 6155
f 6154 6155 6156
f 6156 6157 6154
f 6151 6154 6157
f 6157 6152 6151
f 6158 6159 6160
f 6160 6161 6158
f 6162 6158 6161
f 6161 6163 6162
f 6158 6162 6152
f 6152 6157 6158
f 6159 6158 6157
f 6157 6156 6159
f 6164 6162 6163
f 6163 6165 6164
f 5647 6164 6165
f 6165 5648 5647
f 6164 5647 5644
f 5644 6153 6164
f 6162 6164 6153
f 6153 6152 6162
f 6166 5659 5648
f 5648 6165 6166
f 6167 6166 6165
f 6165 6163 6167
f 6166 6167 6168
f 6168 6169 6166
f 5659 6166 6169
f 6169 5660 5659
f 6170 6167 6163
f 6163 6161 6170
f 6171 6170 6161
f 6161 6160 6171
f 6170 6171 6172
f 6172 6173 6170
f 6167 6170 6173
f 6173 6168 6167
f 6174 6175 6176
f 6176 6177 6174
f 6178 6174 6177
f 6177 6179 6178
f 6174 6178 6168
f 6168 6173 6174
f 6175 6174 6173
f 6173 6172 6175
f 6180 6178 6179
f 6179 6181 6180
f 5663 6180 6181
f 6181 5664 5663
f 6180 5663 5660
f 5660 6169 6180
f 6178 6180 6169
f 6169 6168 6178
f 6182 5675 5664
f 5664 6181 6182
f 6183 6182 6181
f 6181 6179 6183
f 6182 6183 6184
f 6184 6185 6182
f 5675 6182 6185
f 6185 5676 5675
f 6186 6183 6179
f 6179 6177 6186
f 6187 6186 6177
f 6177 6176 6187
f 6186 6187 6188
f 6188 6189 6186
f 6183 6186 6189
f 6189 6184 6183
f 6190 6191 6192
f 6192 6193 6190
f 6194 6190 6193
f 6193 6195 6194
f 6190 6194 6184
f 6184 6189 6190
f 6191 6190 6189
f 6189 6188 6191
f 6196 6194 6195
f 6195 6197 6196
f 5679 6196 6197
f 6197 5680 5679
f 6196 5679 5676
f 5676 6185 6196
f 6194 6196 6185
f 6185 6184 6194
f 6198 5691 5680
f 5680 6197 6198
f 6199 6198 6197
f 6197 6195 6199
f 6198 6199 6200
f 6200 6201 6198
f 5691 6198 6201
f 6201 5692 5691
f 6202 6199 6195
f 6195 6193 6202
f 6203 6202 6193
f 6193 6192 6203
f 6202 6203 6204
f 6204 6205 6202
f 6199 6202 6205
f 6205 6200 6199
f 6206 6207 6208
f 6208 6209 6206
f 6210 6206 6209
f 6209 6211 6210
f 6206 6210 6200
f 6200 6205 6206
f 6207 6206 6205
f 6205 6204 6207
f 6212 6210 6211
f 6211 6213 6212
f 5695 6212 6213
f 6213 5696 5695
f 6212 5695 5692
f 5692 6201 6212
f 6210 6212 6201
f 6201 6200 6210
f 6214 5707 5696
f 5696 6213 6214
f 6215 6214 6213
f 6213 6211 6215
f 6214 6215 6216
f 6216 6217 6214
f 5707 6214 6217
f 6217 5708 5707
f 6218 6215 6211
f 6211 6209 6218
f 6219 6218 6209
f 6209 6208 6219
f 6218 6219 6220
f 6220 6221 6218
f 6215 6218 6221
f 6221 6216 6215
f 6222 6223 6224
f 6224 6225 6222
f 6226 6222 6225
f 6225 6227 6226
f 6222 6226 6216
f 6216 6221 6222
f 6223 6222 6221
f 6221 6220 6223
f 6228 6226 6227
f 6227 6229 6228
f 5711 6228 6229
f 6229 5712 5711
f 6228 5711 5708
f 5708 6217 6228
f 6226 6228 6217
f 6217 6216 6226
f 6230 5723 5712
f 5712 6229 6230
f 6231 6230 6229
f 6229 6227 6231
f 6230 6231 6232
f 6232 6233 6230
f 5723 6230 6233
f 6233 5724 5723
f 6234 6231 6227
f 6227 6225 6234
f 6235 6234 6225
f 6225 6224 6235
f 6234 6235 6236
f 6236 6237 6234
f 6231 6234 6237
f 6237 6232 6231
f 6238 6239 6240
f 6240 6241 6238
f 6242 6238 6241
f 6241 6243 6242
f 6238 6242 6232
f 6232 6237 6238
f 6239 6238 6237
f 6237 6236 6239
f 6244 6242 6243
f 6243 6245 6244
f 5727 6244 6245
f 6245 5728 5727
f 6244 5727 5724
f 5724 6233 6244
f 6242 6244 6233
f 6233 6232 6242
f 6246 5739 5728
f 5728 6245 6246
f 6247 6246 6245
f 6245 6243 6247
f 6246 6247 6248
f 6248 6249 6246
f 5739 6246 6249
f 6249 5740 5739
f 6250 6247 6243
f 6243 6241 6250
f 6251 6250 6241
f 6241 6240 6251
f 6250 6251 6252
f 6252 6253 6250
f 6247 6250 6253
f 6253 6248 6247
f 6254 6255 6256
f 6256 6257 6254
f 6258 6254 6257
f 6257 6259 6258
f 6254 6258 6248
f 6248 6253 6254
f 6255 6254 6253
f 6253 6252 6255
f 6260 6258 6259
f 6259 6261 6260
f 5743 6260 6261
f 6261 5744 5743
f 6260 5743 5740
f 5740 6249 6260
f 6258 6260 6249
f 6249 6248 6258
f 6262 5755 5744
f 5744 6261 6262
f 6263 6262 6261
f 6261 6259 6263
f 6262 6263 6264
f 6264 6265 6262
f 5755 6262 6265
f 6265 5756 5755
f 6266 6263 6259
f 6259 6257 6266
f 6267 6266 6257
f 6257 6256 6267
f 6266 6267 6268
f 6268 6269 6266
f 6263 6266 6269
f 6269 6264 6263
f 6270 6271 6272
f 6272 6273 6270
f 6274 6270 6273
f 6273 6275 6274
f 6270 6274 6264
f 6264 6269 6270
f 6271 6270 6269
f 6269 6268 6271
f 6276 6274 6275
f 6275 6277 6276
f 5759 6276 6277
f 6277 5760 5759
f 6276 5759 5756
f 5756 6265 6276
f 6274 6276 6265
f 6265 6264 6274
f 6278 5771 5760
f 5760 6277 6278
f 6279 6278 6277
f 6277 6275 6279
f 6278 6279 6280
f 6280 6281 6278
f 5771 6278 6281
f 6281 5772 5771
f 6282 6279 6275
f 6275 6273 6282
f 6283 6282 6273
f 6273 6272 6283
f 6282 6283 6284
f 6284 6285 6282
f 6279 6282 6285
f 6285 6280 6279
f 6286 6287 6288
f 6288 6289 6286
f 6290 6286 6289
f 6289 6291 6290
f 6286 6290 6280
f 6280 6285 6286
f 6287 6286 6285
f 6285 6284 6287
f 6292 6290 6291
f 6291 6293 6292
f 5775 6292 6293
f 6293 5776 5775
f 6292 5775 5772
f 5772 6281 6292
f 6290 6292 6281
f 6281 6280 6290
f 6294 5787 5776
f 5776 6293 6294
f 6295 6294 6293
f 6293 6291 6295
f 6294 6295 6296
f 6296 6297 6294
f 5787 6294 6297
f 6297 5788 5787
f 6298 6295 6291
f 6291 6289 6298
f 6299 6298 6289
f 6289 6288 6299
f 6298 6299 6300
f 6300 6301 6298
f 6295 6298 6301
f 6301 6296 6295
f 6302 6303 6304
f 6304 6305 6302
f 6306 6302 6305
f 6305 6307 6306
f 6302 6306 6296
f 6296 6301 6302
f 6303 6302 6301
f 6301 6300 6303
f 6308 6306 6307
f 6307 6309 6308
f 5791 6308 6309
f 6309 5792 5791
f 6308 5791 5788
f 5788 6297 6308
f 6306 6308 6297
f 6297 6296 6306
f 6310 5803 5792
f 5792 6309 6310
f 6311 6310 6309
f 6309 6307 6311
f 6310 6311 6312
f 6312 6313 6310
f 5803 6310 6313
f 6313 5804 5803
f 6314 6311 6307
f 6307 6305 6314
f 6315 6314 6305
f 6305 6304 6315
f 6314 6315 6316
f 6316 6317 6314
f 6311 6314 6317
f 6317 6312 6311
f 6318 6319 6320
f 6320 6321 6318
f 6322 6318 6321
f 6321 6323 6322
f 6318 6322 6312
f 6312 6317 6318
f 6319 6318 6317
f 6317 6316 6319
f 6324 6322 6323
f 6323 6325 6324
f 5807 6324 6325
f 6325 5808 5807
f 6324 5807 5804
f 5804 6313 6324
f 6322 6324 6313
f 6313 6312 6322
f 6326 5819 5808
f 5808 6325 6326
f 6327 6326 6325
f 6325 6323 6327
f 6326 6327 6328
f 6328 6329 6326
f 5819 6326 6329
f 6329 5820 5819
f 6330 6327 6323
f 6323 6321 6330
f 6331 6330 6321
f 6321 6320 6331
f 6330 6331 6332
f 6332 6333 6330
f 6327 6330 6333
f 6333 6328 6327
f 6334 6335 6336
f 6336 6337 6334
f 6338 6334 6337
f 6337 6339 6338
f 6334 6338 6328
f 6328 6333 6334
f 6335 6334 6333
f 6333 6332 6335
f 6340 6338 6339
f 6339 6341 6340
f 5823 6340 6341
f 6341 5824 5823
f 6340 5823 5820
f 5820 6329 6340
f 6338 6340 6329
f 6329 6328 6338
f 6342 5835 5824
f 5824 6341 6342
f 6343 6342 6341
f 6341 6339 6343
f 6342 6343 6344
f 6344 6345 6342
f 5835 6342 6345
f 6345 5836 5835
f 6346 6343 6339
f 6339 6337 6346
f 6347 6346 6337
f 6337 6336 6347
f 6346 6347 6348
f 6348 6349 6346
f 6343 6346 6349
f 6349 6344 6343
f 6350 6351 6352
f 6352 6353 6350
f 6354 6350 6353
f 6353 6355 6354
f 6350 6354 6344
f 6344 6349 6350
f 6351 6350 6349
f 6349 6348 6351
f 6356 6354 6355
f 6355 6357 6356
f 5839 6356 6357
f 6357 5840 5839
f 6356 5839 5836
f 5836 6345 6356
f 6354 6356 6345
f 6345 6344 6354
f 6358 5851 5840
f 5840 6357 6358
f 6359 6358 6357
f 6357 6355 6359
f 6358 6359 6360
f 6360 6361 6358
f 5851 6358 6361
f 6361 5852 5851
f 6362 6359 6355
f 6355 6353 6362
f 6363 6362 6353
f 6353 6352 6363
f 6362 6363 6364
f 6364 6365 6362
f 6359 6362 6365
f 6365 6360 6359
f 6366 6367 6368
f 6368 6369 6366
f 6370 6366 6369
f 6369 6371 6370
f 6366 6370 6360
f 6360 6365 6366
f 6367 6366 6365
f 6365 6364 6367
f 6372 6370 6371
f 6371 6373 6372
f 5855 6372 6373
f 6373 5856 5855
f 6372 5855 5852
f 5852 6361 6372
f 6370 6372 6361
f 6361 6360 6370
f 6374 5867 5856
f 5856 6373 6374
f 6375 6374 6373
f 6373 6371 6375
f 6374 6375 6376
f 6376 6377 6374
f 5867 6374 6377
f 6377 5868 5867
f 6378 6375 6371
f 6371 6369 6378
f 6379 6378 6369
f 6369 6368 6379
f 6378 6379 6380
f 6380 6381 6378
f 6375 6378 6381
f 6381 6376 6375
f 6382 6383 6384
f 6384 6385 6382
f 6386 6382 6385
f 6385 6387 6386
f 6382 6386 6376
f 6376 6381 6382
f 6383 6382 6381
f 6381 6380 6383
f 6388 6386 6387
f 6387 6389 6388
f 5871 6388 6389
f 6389 5872 5871
f 6388 5871 5868
f 5868 6377 6388
f 6386 6388 6377
f 6377 6376 6386
f 6390 5883 5872
f 5872 6389 6390
f 6391 6390 6389
f 6389 6387 6391
f 6390 6391 6392
f 6392 6393 6390
f 5883 6390 6393
f 6393 5884 5883
f 6394 6391 6387
f 6387 6385 6394
f 6395 6394 6385
f 6385 6384 6395
f 6394 6395 6396
f 6396 6397 6394
f 6391 6394 6397
f 6397 6392 6391
f 6398 6399 6400
f 6400 6401 6398
f 6402 6398 6401
f 6401 6403 6402
f 6398 6402 6392
f 6392 6397 6398
f 6399 6398 6397
f 6397 6396 6399
f 6404 6402 6403
f 6403 6405 6404
f 5887 6404 6405
f 6405 5888 5887
f 6404 5887 5884
f 5884 6393 6404
f 6402 6404 6393
f 6393 6392 6402
f 6406 5899 5888
f 5888 6405 6406
f 6407 6406 6405
f 6405 6403 6407
f 6406 6407 6408
f 6408 6409 6406
f 5899 6406 6409
f 6409 5900 5899
f 6410 6407 6403
f 6403 6401 6410
f 6411 6410 6401
f 6401 6400 6411
f 6410 6411 6412
f 6412 6413 6410
f 6407 6410 6413
f 6413 6408 6407
f 6414 6415 6416
f 6416 6417 6414
f 6418 6414 6417
f 6417 6419 6418
f 6414 6418 6408
f 6408 6413 6414
f 6415 6414 6413
f 6413 6412 6415
f 6420 6418 6419
f 6419 6421 6420
f 5903 6420 6421
f 6421 5904 5903
f 6420 5903 5900
f 5900 6409 6420
f 6418 6420 6409
f 6409 6408 6418
f 6422 5915 5904
f 5904 6421 6422
f 6423 6422 6421
f 6421 6419 6423
f 6422 6423 6424
f 6424 6425 6422
f 5915 6422 6425
f 6425 5916 5915
f 6426 6423 6419
f 6419 6417 6426
f 6427 6426 6417
f 6417 6416 6427
f 6426 6427 6428
f 6428 6429 6426
f 6423 6426 6429
f 6429 6424 6423
f 6430 6431 6432
f 6432 6433 6430
f 6434 6430 6433
f 6433 6435 6434
f 6430 6434 6424
f 6424 6429 6430
f 6431 6430 6429
f 6429 6428 6431
f 6436 6434 6435
f 6435 6437 6436
f 5919 6436 6437
f 6437 5920 5919
f 6436 5919 5916
f 5916 6425 6436
f 6434 6436 6425
f 6425 6424 6434
f 6438 5931 5920
f 5920 6437 6438
f 6439 6438 6437
f 6437 6435 6439
f 6438 6439 6440
f 6440 6441 6438
f 5931 6438 6441
f 6441 5932 5931
f 6442 6439 6435
f 6435 6433 6442
f 6443 6442 6433
f 6433 6432 6443
f 6442 6443 6444
f 6444 6445 6442
f 6439 6442 6445
f 6445 6440 6439
f 6446 6447 6448
f 6448 6449 6446
f 6450 6446 6449
f 6449 6451 6450
f 6446 6450 6440
f 6440 6445 6446
f 6447 6446 6445
f 6445 6444 6447
f 6452 6450 6451
f 6451 6453 6452
f 5935 6452 6453
f 6453 5936 5935
f 6452 5935 5932
f 5932 6441 6452
f 6450 6452 6441
f 6441 6440 6450
f 6454 5947 5936
f 5936 6453 6454
f 6455 6454 6453
f 6453 6451 6455
f 6454 6455 6456
f 6456 6457 6454
f 5947 6454 6457
f 6457 5948 5947
f 6458 6455 6451
f 6451 6449 6458
f 6459 6458 6449
f 6449 6448 6459
f 6458 6459 6460
f 6460 6461 6458
f 6455 6458 6461
f 6461 6456 6455
f 6462 6463 6464
f 6464 6465 6462
f 6466 6462 6465
f 6465 6467 6466
f 6462 6466 6456
f 6456 6461 6462
f 6463 6462 6461
f 6461 6460 6463
f 6468 6466 6467
f 6467 6469 6468
f 5951 6468 6469
f 6469 5952 5951
f 6468 5951 5948
f 5948 6457 6468
f 6466 6468 6457
f 6457 6456 6466
f 6470 5963 5952
f 5952 6469 6470
f 6471 6470 6469
f 6469 6467 6471
f 6470 6471 6472
f 6472 6473 6470
f 5963 6470 6473
f 6473 5964 5963
f 6474 6471 6467
f 6467 6465 6474
f 6475 6474 6465
f 6465 6464 6475
f 6474 6475 6476
f 6476 6477 6474
f 6471 6474 6477
f 6477 6472 6471
f 6478 6479 6480
f 6480 6481 6478
f 6482 6478 6481
f 6481 6483 6482
f 6478 6482 6472
f 6472 6477 6478
f 6479 6478 6477
f 6477 6476 6479
f 6484 6482 6483
f 6483 6485 6484
f 5967 6484 6485
f 6485 5968 5967
f 6484 5967 5964
f 5964 6473 6484
f 6482 6484 6473
f 6473 6472 6482
f 6486 5979 5968
f 5968 6485 6486
f 6487 6486 6485
f 6485 6483 6487
f 6486 6487 6488
f 6488 6489 6486
f 5979 6486 6489
f 6489 5980 5979
f 6490 6487 6483
f 6483 6481 6490
f 6491 6490 6481
f 6481 6480 6491
f 6490 6491 6492
f 6492 6493 6490
f 6487 6490 6493
f 6493 6488 6487
f 6494 6495 6496
f 6496 6497 6494
f 6498 6494 6497
f 6497 6499 6498
f 6494 6498 6488
f 6488 6493 6494
f 6495 6494 6493
f 6493 6492 6495
f 6500 6498 6499
f 6499 6501 6500
f 5983 6500 6501
f 6501 5984 5983
f 6500 5983 5980
f 5980 6489 6500
f 6498 6500 6489
f 6489 6488 6498
f 6502 5995 5984
f 5984 6501 6502
f 6503 6502 6501
f 6501 6499 6503
f 6502 6503 6504
f 6504 6505 6502
f 5995 6502 6505
f 6505 5996 5995
f 6506 6503 6499
f 6499 6497 6506
f 6507 6506 6497
f 6497 6496 6507
f 6506 6507 6508
f 6508 6509 6506
f 6503 6506 6509
f 6509 6504 6503
f 6510 6511 6512
f 6512 6513 6510
f 6514 6510 6513
f 6513 6515 6514
f 6510 6514 6504
f 6504 6509 6510
f 6511 6510 6509
f 6509 6508 6511
f 6516 6514 6515
f 6515 6517 6516
f 5999 6516 6517
f 6517 6000 5999
f 6516 5999 5996
f 5996 6505 6516
f 6514 6516 6505
f 6505 6504 6514
f 6518 6011 6000
f 6000 6517 6518
f 6519 6518 6517
f 6517 6515 6519
f 6518 6519 6520
f 6520 6521 6518
f 6011 6518 6521
f 6521 6012 6011
f 6522 6519 6515
f 6515 6513 6522
f 6523 6522 6513
f 6513 6512 6523
f 6522 6523 6524
f 6524 6525 6522
f 6519 6522 6525
f 6525 6520 6519
f 6526 6527 6528
f 6528 6529 6526
f 6530 6526 6529
f 6529 6531 6530
f 6526 6530 6520
f 6520 6525 6526
f 6527 6526 6525
f 6525 6524 6527
f 6532 6530 6531
f 6531 6533 6532
f 6015 6532 6533
f 6533 6016 6015
f 6532 6015 6012
f 6012 6521 6532
f 6530 6532 6521
f 6521 6520 6530
f 6534 6027 6016
f 6016 6533 6534
f 6535 6534 6533
f 6533 6531 6535
f 6534 6535 6536
f 6536 6537 6534
f 6027 6534 6537
f 6537 6028 6027
f 6538 6535 6531
f 6531 6529 6538
f 6539 6538 6529
f 6529 6528 6539
f 6538 6539 6540
f 6540 6541 6538
f 6535 6538 6541
f 6541 6536 6535
f 6542 6543 6544
f 6544 6545 6542
f 6546 6542 6545
f 6545 6547 6546
f 6542 6546 6536
f 6536 6541 6542
f 6543 6542 6541
f 6541 6540 6543
f 6548 6546 6547
f 6547 6549 6548
f 6031 6548 6549
f 6549 6032 6031
f 6548 6031 6028
f 6028 6537 6548
f 6546 6548 6537
f 6537 6536 6546
f 6550 6043 6032
f 6032 6549 6550
f 6551 6550 6549
f 6549 6547 6551
f 6550 6551 6552
f 6552 6553 6550
f 6043 6550 6553
f 6553 6044 6043
f 6554 6551 6547
f 6547 6545 6554
f 6555 6554 6545
f 6545 6544 6555
f 6554 6555 6556
f 6556 6557 6554
f 6551 6554 6557
f 6557 6552 6551
f 6558 6559 6560
f 6560 6561 6558
f 6562 6558 6561
f 6561 6563 6562
f 6558 6562 6552
f 6552 6557 6558
f 6559 6558 6557
f 6557 6556 6559
f 6564 6562 6563
f 6563 6565 6564
f 6047 6564 6565
f 6565 6048 6047
f 6564 6047 6044
f 6044 6553 6564
f 6562 6564 6553
f 6553 6552 6562
f 6566 6059 6048
f 6048 6565 6566
f 6567 6566 6565
f 6565 6563 6567
f 6566 6567 6568
f 6568 6569 6566
f 6059 6566 6569
f 6569 6060 6059
f 6570 6567 6563
f 6563 6561 6570
f 6571 6570 6561
f 6561 6560 6571
f 6570 6571 6572
f 6572 6573 6570
f 6567 6570 6573
f 6573 6568 6567
f 6574 6575 6576
f 6576 6577 6574
f 6578 6574 6577
f 6577 6579 6578
f 6574 6578 6568
f 6568 6573 6574
f 6575 6574 6573
f 6573 6572 6575
f 6580 6578 6579
f 6579 6581 6580
f 6063 6580 6581
f 6581 6064 6063
f 6580 6063 6060
f 6060 6569 6580
f 6578 6580 6569
f 6569 6568 6578
f 6582 6075 6064
f 6064 6581 6582
f 6583 6582 6581
f 6581 6579 6583
f 6582 6583 6584
f 6584 6585 6582
f 6075 6582 6585
f 6585 6076 6075
f 6586 6583 6579
f 6579 6577 6586
f 6587 6586 6577
f 6577 6576 6587
f 6586 6587 6588
f 6588 6589 6586
f 6583 6586 6589
f 6589 6584 6583
f 6590 6591 6091
f 6091 6089 6590
f 6592 6590 6089
f 6089 6085 6592
f 6590 6592 6584
f 6584 6589 6590
f 6591 6590 6589
f 6589 6588 6591
f 6593 6592 6085
f 6085 6083 6593
f 6079 6593 6083
f 6083 5579 6079
f 6593 6079 6076
f 6076 6585 6593
f 6592 6593 6585
f 6585 6584 6592
f 6594 6090 6091
f 6091 6595 6594
f 6596 6594 6595
f 6595 6597 6596
f 6594 6596 6598
f 6598 6599 6594
f 6090 6594 6599
f 6599 6092 6090
f 6600 6596 6597
f 6597 6601 6600
f 6602 6600 6601
f 6601 6603 6602
f 6600 6602 6604
f 6604 6605 6600
f 6596 6600 6605
f 6605 6598 6596
f 6606 6607 6608
f 6608 6609 6606
f 6610 6606 6609
f 6609 6611 6610
f 6606 6610 6598
f 6598 6605 6606
f 6607 6606 6605
f 6605 6604 6607
f 6612 6610 6611
f 6611 6613 6612
f 6095 6612 6613
f 6613 6096 6095
f 6612 6095 6092
f 6092 6599 6612
f 6610 6612 6599
f 6599 6598 6610
f 6614 6107 6096
f 6096 6613 6614
f 6615 6614 6613
f 6613 6611 6615
f 6614 6615 6616
f 6616 6617 6614
f 6107 6614 6617
f 6617 6108 6107
f 6618 6615 6611
f 6611 6609 6618
f 6619 6618 6609
f 6609 6608 6619
f 6618 6619 6620
f 6620 6621 6618
f 6615 6618 6621
f 6621 6616 6615
f 6622 6623 6624
f 6624 6625 6622
f 6626 6622 6625
f 6625 6627 6626
f 6622 6626 6616
f 6616 6621 6622
f 6623 6622 6621
f 6621 6620 6623
f 6628 6626 6627
f 6627 6629 6628
f 6111 6628 6629
f 6629 6112 6111
f 6628 6111 6108
f 6108 6617 6628
f 6626 6628 6617
f 6617 6616 6626
f 6630 6123 6112
f 6112 6629 6630
f 6631 6630 6629
f 6629 6627 6631
f 6630 6631 6632
f 6632 6633 6630
f 6123 6630 6633
f 6633 6124 6123
f 6634 6631 6627
f 6627 6625 6634
f 6635 6634 6625
f 6625 6624 6635
f 6634 6635 6636
f 6636 6637 6634
f 6631 6634 6637
f 6637 6632 6631
f 6638 6639 6640
f 6640 6641 6638
f 6642 6638 6641
f 6641 6643 6642
f 6638 6642 6632
f 6632 6637 6638
f 6639 6638 6637
f 6637 6636 6639
f 6644 6642 6643
f 6643 6645 6644
f 6127 6644 6645
f 6645 6128 6127
f 6644 6127 6124
f 6124 6633 6644
f 6642 6644 6633
f 6633 6632 6642
f 6646 6139 6128
f 6128 6645 6646
f 6647 6646 6645
f 6645 6643 6647
f 6646 6647 6648
f 6648 6649 6646
f 6139 6646 6649
f 6649 6140 6139
f 6650 6647 6643
f 6643 6641 6650
f 6651 6650 6641
f 6641 6640 6651
f 6650 6651 6652
f 6652 6653 6650
f 6647 6650 6653
f 6653 6648 6647
f 6654 6655 6656
f 6656 6657 6654
f 6658 6654 6657
f 6657 6659 6658
f 6654 6658 6648
f 6648 6653 6654
f 6655 6654 6653
f 6653 6652 6655
f 6660 6658 6659
f 6659 6661 6660
f 6143 6660 6661
f 6661 6144 6143
f 6660 6143 6140
f 6140 6649 6660
f 6658 6660 6649
f 6649 6648 6658
f 6662 6155 6144
f 6144 6661 6662
f 6663 6662 6661
f 6661 6659 6663
f 6662 6663 6664
f 6664 6665 6662
f 6155 6662 6665
f 6665 6156 6155
f 6666 6663 6659
f 6659 6657 6666
f 6667 6666 6657
f 6657 6656 6667
f 6666 6667 6668
f 6668 6669 6666
f 6663 6666 6669
f 6669 6664 6663
f 6670 6671 6672
f 6672 6673 6670
f 6674 6670 6673
f 6673 6675 6674
f 6670 6674 6664
f 6664 6669 6670
f 6671 6670 6669
f 6669 6668 6671
f 6676 6674 6675
f 6675 6677 6676
f 6159 6676 6677
f 6677 6160 6159
f 6676 6159 6156
f 6156 6665 6676
f 6674 6676 6665
f 6665 6664 6674
f 6678 6171 6160
f 6160 6677 6678
f 6679 6678 6677
f 6677 6675 6679
f 6678 6679 6680
f 6680 6681 6678
f 6171 6678 6681
f 6681 6172 6171
f 6682 6679 6675
f 6675 6673 6682
f 6683 6682 6673
f 6673 6672 6683
f 6682 6683 6684
f 6684 6685 6682
f 6679 6682 6685
f 6685 6680 6679
f 6686 6687 6688
f 6688 6689 6686
f 6690 6686 6689
f 6689 6691 6690
f 6686 6690 6680
f 6680 6685 6686
f 6687 6686 6685
f 6685 6684 6687
f 6692 6690 6691
f 6691 6693 6692
f 6175 6692 6693
f 6693 6176 6175
f 6692 6175 6172
f 6172 6681 6692
f 6690 6692 6681
f 6681 6680 6690
f 6694 6187 6176
f 6176 6693 6694
f 6695 6694 6693
f 6693 6691 6695
f 6694 6695 6696
f 6696 6697 6694
f 6187 6694 6697
f 6697 6188 6187
f 6698 6695 6691
f 6691 6689 6698
f 6699 6698 6689
f 6689 6688 6699
f 6698 6699 6700
f 6700 6701 6698
f 6695 6698 6701
f 6701 6696 6695
f 6702 6703 6704
f 6704 6705 6702
f 6706 6702 6705
f 6705 6707 6706
f 6702 6706 6696
f 6696 6701 6702
f 6703 6702 6701
f 6701 6700 6703
f 6708 6706 6707
f 6707 6709 6708
f 6191 6708 6709
f 6709 6192 6191
f 6708 6191 6188
f 6188 6697 6708
f 6706 6708 6697
f 6697 6696 6706
f 6710 6203 6192
f 6192 6709 6710
f 6711 6710 6709
f 6709 6707 6711
f 6710 6711 6712
f 6712 6713 6710
f 6203 6710 6713
f 6713 6204 6203
f 6714 6711 6707
f 6707 6705 6714
f 6715 6714 6705
f 6705 6704 6715
f 6714 6715 6716
f 6716 6717 6714
f 6711 6714 6717
f 6717 6712 6711
f 6718 6719 6720
f 6720 6721 6718
f 6722 6718 6721
f 6721 6723 6722
f 6718 6722 6712
f 6712 6717 6718
f 6719 6718 6717
f 6717 6716 6719
f 6724 6722 6723
f 6723 6725 6724
f 6207 6724 6725
f 6725 6208 6207
f 6724 6207 6204
f 6204 6713 6724
f 6722 6724 6713
f 6713 6712 6722
f 6726 6219 6208
f 6208 6725 6726
f 6727 6726 6725
f 6725 6723 6727
f 6726 6727 6728
f 6728 6729 6726
f 6219 6726 6729
f 6729 6220 6219
f 6730 6727 6723
f 6723 6721 6730
f 6731 6730 6721
f 6721 6720 6731
f 6730 6731 6732
f 6732 6733 6730
f 6727 6730 6733
f 6733 6728 6727
f 6734 6735 6736
f 6736 6737 6734
f 6738 6734 6737
f 6737 6739 6738
f 6734 6738 6728
f 6728 6733 6734
f 6735 6734 6733
f 6733 6732 6735
f 6740 6738 6739
f 6739 6741 6740
f 6223 6740 6741
f 6741 6224 6223
f 6740 6223 6220
f 6220 6729 6740
f 6738 6740 6729
f 6729 6728 6738
f 6742 6235 6224
f 6224 6741 6742
f 6743 6742 6741
f 6741 6739 6743
f 6742 6743 6744
f 6744 6745 6742
f 6235 6742 6745
f 6745 6236 6235
f 6746 6743 6739
f 6739 6737 6746
f 6747 6746 6737
f 6737 6736 6747
f 6746 6747 6748
f 6748 6749 6746
f 6743 6746 6749
f 6749 6744 6743
f 6750 6751 6752
f 6752 6753 6750
f 6754 6750 6753
f 6753 6755 6754
f 6750 6754 6744
f 6744 6749 6750
f 6751 6750 6749
f 6749 6748 6751
f 6756 6754 6755
f 6755 6757 6756
f 6239 6756 6757
f 6757 6240 6239
f 6756 6239 6236
f 6236 6745 6756
f 6754 6756 6745
f 6745 6744 6754
f 6758 6251 6240
f 6240 6757 6758
f 6759 6758 6757
f 6757 6755 6759
f 6758 6759 6760
f 6760 6761 6758
f 6251 6758 6761
f 6761 6252 6251
f 6762 6759 6755
f 6755 6753 6762
f 6763 6762 6753
f 6753 6752 6763
f 6762 6763 6764
f 6764 6765 6762
f 6759 6762 6765
f 6765 6760 6759
f 6766 6767 6768
f 6768 6769 6766
f 6770 6766 6769
f 6769 6771 6770
f 6766 6770 6760
f 6760 6765 6766
f 6767 6766 6765
f 6765 6764 6767
f 6772 6770 6771
f 6771 6773 6772
f 6255 6772 6773
f 6773 6256 6255
f 6772 6255 6252
f 6252 6761 6772
f 6770 6772 6761
f 6761 6760 6770
f 6774 6267 6256
f 6256 6773 6774
f 6775 6774 6773
f 6773 6771 6775
f 6774 6775 6776
f 6776 6777 6774
f 6267 6774 6777
f 6777 6268 6267
f 6778 6775 6771
f 6771 6769 6778
f 6779 6778 6769
f 6769 6768 6779
f 6778 6779 6780
f 6780 6781 6778
f 6775 6778 6781
f 6781 6776 6775
f 6782 6783 6784
f 6784 6785 6782
f 6786 6782 6785
f 6785 6787 6786
f 6782 6786 6776
f 6776 6781 6782
f 6783 6782 6781
f 6781 6780 6783
f 6788 6786 6787
f 6787 6789 6788
f 6271 6788 6789
f 6789 6272 6271
f 6788 6271 6268
f 6268 6777 6788
f 6786 6788 6777
f 6777 6776 6786
f 6790 6283 6272
f 6272 6789 6790
f 6791 6790 6789
f 6789 6787 6791
f 6790 6791 6792
f 6792 6793 6790
f 6283 6790 6793
f 6793 6284 6283
f 6794 6791 6787
f 6787 6785 6794
f 6795 6794 6785
f 6785 6784 6795
f 6794 6795 6796
f 6796 6797 6794
f 6791 6794 6797
f 6797 6792 6791
f 6798 6799 6800
f 6800 6801 6798
f 6802 6798 6801
f 6801 6803 6802
f 6798 6802 6792
f 6792 6797 6798
f 6799 6798 6797
f 6797 6796 6799
f 6804 6802 6803
f 6803 6805 6804
f 6287 6804 6805
f 6805 6288 6287
f 6804 6287 6284
f 6284 6793 6804
f 6802 6804 6793
f 6793 6792 6802
f 6806 6299 6288
f 6288 6805 6806
f 6807 6806 6805
f 6805 6803 6807
f 6806 6807 6808
f 6808 6809 6806
f 6299 6806 6809
f 6809 6300 6299
f 6810 6807 6803
f 6803 6801 6810
f 6811 6810 6801
f 6801 6800 6811
f 6810 6811 6812
f 6812 6813 6810
f 6807 6810 6813
f 6813 6808 6807
f 6814 6815 6816
f 6816 6817 6814
f 6818 6814 6817
f 6817 6819 6818
f 6814 6818 6808
f 6808 6813 6814
f 6815 6814 6813
f 6813 6812 6815
f 6820 6818 6819
f 6819 6821 6820
f 6303 6820 6821
f 6821 6304 6303
f 6820 6303 6300
f 6300 6809 6820
f 6818 6820 6809
f 6809 6808 6818
f 6822 6315 6304
f 6304 6821 6822
f 6823 6822 6821
f 6821 6819 6823
f 6822 6823 6824
f 6824 6825 6822
f 6315 6822 6825
f 6825 6316 6315
f 6826 6823 6819
f 6819 6817 6826
f 6827 6826 6817
f 6817 6816 6827
f 6826 6827 6828
f 6828 6829 6826
f 6823 6826 6829
f 6829 6824 6823
f 6830 6831 6832
f 6832 6833 6830
f 6834 6830 6833
f 6833 6835 6834
f 6830 6834 6824
f 6824 6829 6830
f 6831 6830 6829
f 6829 6828 6831
f 6836 6834 6835
f 6835 6837 6836
f 6319 6836 6837
f 6837 6320 6319
f 6836 6319 6316
f 6316 6825 6836
f 6834 6836 6825
f 6825 6824 6834
f 6838 6331 6320
f 6320 6837 6838
f 6839 6838 6837
f 6837 6835 6839
f 6838 6839 6840
f 6840 6841 6838
f 6331 6838 6841
f 6841 6332 6331
f 6842 6839 6835
f 6835 6833 6842
f 6843 6842 6833
f 6833 6832 6843
f 6842 6843 6844
f 6844 6845 6842
f 6839 6842 6845
f 6845 6840 6839
f 6846 6847 6848
f 6848 6849 6846
f 6850 6846 6849
f 6849 6851 6850
f 6846 6850 6840
f 6840 6845 6846
f 6847 6846 6845
f 6845 6844 6847
f 6852 6850 6851
f 6851 6853 6852
f 6335 6852 6853
f 6853 6336 6335
f 6852 6335 6332
f 6332 6841 6852
f 6850 6852 6841
f 6841 6840 6850
f 6854 6347 6336
f 6336 6853 6854
f 6855 6854 6853
f 6853 6851 6855
f 6854 6855 6856
f 6856 6857 6854
f 6347 6854 6857
f 6857 6348 6347
f 6858 6855 6851
f 6851 6849 6858
f 6859 6858 6849
f 6849 6848 6859
f 6858 6859 6860
f 6860 6861 6858
f 6855 6858 6861
f 6861 6856 6855
f 6862 6863 6864
f 6864 6865 6862
f 6866 6862 6865
f 6865 6867 6866
f 6862 6866 6856
f 6856 6861 6862
f 6863 6862 6861
f 6861 6860 6863
f 6868 6866 6867
f 6867 6869 6868
f 6351 6868 6869
f 6869 6352 6351
f 6868 6351 6348
f 6348 6857 6868
f 6866 6868 6857
f 6857 6856 6866
f 6870 6363 6352
f 6352 6869 6870
f 6871 6870 6869
f 6869 6867 6871
f 6870 6871 6872
f 6872 6873 6870
f 6363 6870 6873
f 6873 6364 6363
f 6874 6871 6867
f 6867 6865 6874
f 6875 6874 6865
f 6865 6864 6875
f 6874 6875 6876
f 6876 6877 6874
f 6871 6874 6877
f 6877 6872 6871
f 6878 6879 6880
f 6880 6881 6878
f 6882 6878 6881
f 6881 6883 6882
f 6878 6882 6872
f 6872 6877 6878
f 6879 6878 6877
f 6877 6876 6879
f 6884 6882 6883
f 6883 6885 6884
f 6367 6884 6885
f 6885 6368 6367
f 6884 6367 6364
f 6364 6873 6884
f 6882 6884 6873
f 6873 6872 6882
f 6886 6379 6368
f 6368 6885 6886
f 6887 6886 6885
f 6885 6883 6887
f 6886 6887 6888
f 6888 6889 6886
f 6379 6886 6889
f 6889 6380 6379
f 6890 6887 6883
f 6883 6881 6890
f 6891 6890 6881
f 6881 6880 6891
f 6890 6891 6892
f 6892 6893 6890
f 6887 6890 6893
f 6893 6888 6887
f 6894 6895 6896
f 6896 6897 6894
f 6898 6894 6897
f 6897 6899 6898
f 6894 6898 6888
f 6888 6893 6894
f 6895 6894 6893
f 6893 6892 6895
f 6900 6898 6899
f 6899 6901 6900
f 6383 6900 6901
f 6901 6384 6383
f 6900 6383 6380
f 6380 6889 6900
f 6898 6900 6889
f 6889 6888 6898
f 6902 6395 6384
f 6384 6901 6902
f 6903 6902 6901
f 6901 6899 6903
f 6902 6903 6904
f 6904 6905 6902
f 6395 6902 6905
f 6905 6396 6395
f 6906 6903 6899
f 6899 6897 6906
f 6907 6906 6897
f 6897 6896 6907
f 6906 6907 6908
f 6908 6909 6906
f 6903 6906 6909
f 6909 6904 6903
f 6910 6911 6912
f 6912 6913 6910
f 6914 6910 6913
f 6913 6915 6914
f 6910 6914 6904
f 6904 6909 6910
f 6911 6910 6909
f 6909 6908 6911
f 6916 6914 6915
f 6915 6917 6916
f 6399 6916 6917
f 6917 6400 6399
f 6916 6399 6396
f 6396 6905 6916
f 6914 6916 6905
f 6905 6904 6914
f 6918 6411 6400
f 6400 6917 6918
f 6919 6918 6917
f 6917 6915 6919
f 6918 6919 6920
f 6920 6921 6918
f 6411 6918 6921
f 6921 6412 6411
f 6922 6919 6915
f 6915 6913 6922
f 6923 6922 6913
f 6913 6912 6923
f 6922 6923 6924
f 6924 6925 6922
f 6919 6922 6925
f 6925 6920 6919
f 6926 6927 6928
f 6928 6929 6926
f 6930 6926 6929
f 6929 6931 6930
f 6926 6930 6920
f 6920 6925 6926
f 6927 6926 6925
f 6925 6924 6927
f 6932 6930 6931
f 6931 6933 6932
f 6415 6932 6933
f 6933 6416 6415
f 6932 6415 6412
f 6412 6921 6932
f 6930 6932 6921
f 6921 6920 6930
f 6934 6427 6416
f 6416 6933 6934
f 6935 6934 6933
f 6933 6931 6935
f 6934 6935 6936
f 6936 6937 6934
f 6427 6934 6937
f 6937 6428 6427
f 6938 6935 6931
f 6931 6929 6938
f 6939 6938 6929
f 6929 6928 6939
f 6938 6939 6940
f 6940 6941 6938
f 6935 6938 6941
f 6941 6936 6935
f 6942 6943 6944
f 6944 6945 6942
f 6946 6942 6945
f 6945 6947 6946
f 6942 6946 6936
f 6936 6941 6942
f 6943 6942 6941
f 6941 6940 6943
f 6948 6946 6947
f 6947 6949 6948
f 6431 6948 6949
f 6949 6432 6431
f 6948 6431 6428
f 6428 6937 6948
f 6946 6948 6937
f 6937 6936 6946
f 6950 6443 6432
f 6432 6949 6950
f 6951 6950 6949
f 6949 6947 6951
f 6950 6951 6952
f 6952 6953 6950
f 6443 6950 6953
f 6953 6444 6443
f 6954 6951 6947
f 6947 6945 6954
f 6955 6954 6945
f 6945 6944 6955
f 6954 6955 6956
f 6956 6957 6954
f 6951 6954 6957
f 6957 6952 6951
f 6958 6959 6960
f 6960 6961 6958
f 6962 6958 6961
f 6961 6963 6962
f 6958 6962 6952
f 6952 6957 6958
f 6959 6958 6957
f 6957 6956 6959
f 6964 6962 6963
f 6963 6965 6964
f 6447 6964 6965
f 6965 6448 6447
f 6964 6447 6444
f 6444 6953 6964
f 6962 6964 6953
f 6953 6952 6962
f 6966 6459 6448
f 6448 6965 6966
f 6967 6966 6965
f 6965 6963 6967
f 6966 6967 6968
f 6968 6969 6966
f 6459 6966 6969
f 6969 6460 6459
f 6970 6967 6963
f 6963 6961 6970
f 6971 6970 6961
f 6961 6960 6971
f 6970 6971 6972
f 6972 6973 6970
f 6967 6970 6973
f 6973 6968 6967
f 6974 6975 6976
f 6976 6977 6974
f 6978 6974 6977
f 6977 6979 6978
f 6974 6978 6968
f 6968 6973 6974
f 6975 6974 6973
f 6973 6972 6975
f 6980 6978 6979
f 6979 6981 6980
f 6463 6980 6981
f 6981 6464 6463
f 6980 6463 6460
f 6460 6969 6980
f 6978 6980 6969
f 6969 6968 6978
f 6982 6475 6464
f 6464 6981 6982
f 6983 6982 6981
f 6981 6979 6983
f 6982 6983 6984
f 6984 6985 6982
f 6475 6982 6985
f 6985 6476 6475
f 6986 6983 6979
f 6979 6977 6986
f 6987 6986 6977
f 6977 6976 6987
f 6986 6987 6988
f 6988 6989 6986
f 6983 6986 6989
f 6989 6984 6983
f 6990 6991 6992
f 6992 6993 6990
f 6994 6990 6993
f 6993 6995 6994
f 6990 6994 6984
f 6984 6989 6990
f 6991 6990 6989
f 6989 6988 6991
f 6996 6994 6995
f 6995 6997 6996
f 6479 6996 6997
f 6997 6480 6479
f 6996 6479 6476
f 6476 6985 6996
f 6994 6996 6985
f 6985 6984 6994
f 6998 6491 6480
f 6480 6997 6998
f 6999 6998 6997
f 6997 6995 6999
f 6998 6999 7000
f 7000 7001 6998
f 6491 6998 7001
f 7001 6492 6491
f 7002 6999 6995
f 6995 6993 7002
f 7003 7002 6993
f 6993 6992 7003
f 7002 7003 7004
f 7004 7005 7002
f 6999 7002 7005
f 7005 7000 6999
f 7006 7007 7008
f 7008 7009 7006
f 7010 7006 7009
f 7009 7011 7010
f 7006 7010 7000
f 7000 7005 7006
f 7007 7006 7005
f 7005 7004 7007
f 7012 7010 7011
f 7011 7013 7012
f 6495 7012 7013
f 7013 6496 6495
f 7012 6495 6492
f 6492 7001 7012
f 7010 7012 7001
f 7001 7000 7010
f 7014 6507 6496
f 6496 7013 7014
f 7015 7014 7013
f 7013 7011 7015
f 7014 7015 7016
f 7016 7017 7014
f 6507 7014 7017
f 7017 6508 6507
f 7018 7015 7011
f 7011 7009 7018
f 7019 7018 7009
f 7009 7008 7019
f 7018 7019 7020
f 7020 7021 7018
f 7015 7018 7021
f 7021 7016 7015
f 7022 7023 7024
f 7024 7025 7022
f 7026 7022 7025
f 7025 7027 7026
f 7022 7026 7016
f 7016 7021 7022
f 7023 7022 7021
f 7021 7020 7023
f 7028 7026 7027
f 7027 7029 7028
f 6511 7028 7029
f 7029 6512 6511
f 7028 6511 6508
f 6508 7017 7028
f 7026 7028 7017
f 7017 7016 7026
f 7030 6523 6512
f 6512 7029 7030
f 7031 7030 7029
f 7029 7027 7031
f 7030 7031 7032
f 7032 7033 7030
f 6523 7030 7033
f 7033 6524 6523
f 7034 7031 7027
f 7027 7025 7034
f 7035 7034 7025
f 7025 7024 7035
f 7034 7035 7036
f 7036 7037 7034
f 7031 7034 7037
f 7037 7032 7031
f 7038 7039 7040
f 7040 7041 7038
f 7042 7038 7041
f 7041 7043 7042
f 7038 7042 7032
f 7032 7037 7038
f 7039 7038 7037
f 7037 7036 7039
f 7044 7042 7043
f 7043 7045 7044
f 6527 7044 7045
f 7045 6528 6527
f 7044 6527 6524
f 6524 7033 7044
f 7042 7044 7033
f 7033 7032 7042
f 7046 6539 6528
f 6528 7045 7046
f 7047 7046 7045
f 7045 7043 7047
f 7046 7047 7048
f 7048 7049 7046
f 6539 7046 7049
f 7049 6540 6539
f 7050 7047 7043
f 7043 7041 7050
f 7051 7050 7041
f 7041 7040 7051
f 7050 7051 7052
f 7052 7053 7050
f 7047 7050 7053
f 7053 7048 7047
f 7054 7055 7056
f 7056 7057 7054
f 7058 7054 7057
f 7057 7059 7058
f 7054 7058 7048
f 7048 7053 7054
f 7055 7054 7053
f 7053 7052 7055
f 7060 7058 7059
f 7059 7061 7060
f 6543 7060 7061
f 7061 6544 6543
f 7060 6543 6540
f 6540 7049 7060
f 7058 7060 7049
f 7049 7048 7058
f 7062 6555 6544
f 6544 7061 7062
f 7063 7062 7061
f 7061 7059 7063
f 7062 7063 7064
f 7064 7065 7062
f 6555 7062 7065
f 7065 6556 6555
f 7066 7063 7059
f 7059 7057 7066
f 7067 7066 7057
f 7057 7056 7067
f 7066 7067 7068
f 7068 7069 7066
f 7063 7066 7069
f 7069 7064 7063
f 7070 7071 7072
f 7072 7073 7070
f 7074 7070 7073
f 7073 7075 7074
f 7070 7074 7064
f 7064 7069 7070
f 7071 7070 7069
f 7069 7068 7071
f 7076 7074 7075
f 7075 7077 7076
f 6559 7076 7077
f 7077 6560 6559
f 7076 6559 6556
f 6556 7065 7076
f 7074 7076 7065
f 7065 7064 7074
f 7078 6571 6560
f 6560 7077 7078
f 7079 7078 7077
f 7077 7075 7079
f 7078 7079 7080
f 7080 7081 7078
f 6571 7078 7081
f 7081 6572 6571
f 7082 7079 7075
f 7075 7073 7082
f 7083 7082 7073
f 7073 7072 7083
f 7082 7083 7084
f 7084 7085 7082
f 7079 7082 7085
f 7085 7080 7079
f 7086 7087 7088
f 7088 7089 7086
f 7090 7086 7089
f 7089 7091 7090
f 7086 7090 7080
f 7080 7085 7086
f 7087 7086 7085
f 7085 7084 7087
f 7092 7090 7091
f 7091 7093 7092
f 6575 7092 7093
f 7093 6576 6575
f 7092 6575 6572
f 6572 7081 7092
f 7090 7092 7081
f 7081 7080 7090
f 7094 6587 6576
f 6576 7093 7094
f 7095 7094 7093
f 7093 7091 7095
f 7094 7095 7096
f 7096 7097 7094
f 6587 7094 7097
f 7097 6588 6587
f 7098 7095 7091
f 7091 7089 7098
f 7099 7098 7089
f 7089 7088 7099
f 7098 7099 7100
f 7100 7101 7098
f 7095 7098 7101
f 7101 7096 7095
f 7102 7103 6603
f 6603 6601 7102
f 7104 7102 6601
f 6601 6597 7104
f 7102 7104 7096
f 7096 7101 7102
f 7103 7102 7101
f 7101 7100 7103
f 7105 7104 6597
f 6597 6595 7105
f 6591 7105 6595
f 6595 6091 6591
f 7105 6591 6588
f 6588 7097 7105
f 7104 7105 7097
f 7097 7096 7104
f 7106 6602 6603
f 6603 7107 7106
f 7108 7106 7107
f 7107 7109 7108
f 7106 7108 7110
f 7110 7111 7106
f 6602 7106 7111
f 7111 6604 6602
f 7112 7108 7109
f 7109 7113 7112
f 7114 7112 7113
f 7113 7115 7114
f 7112 7114 7116
f 7116 7117 7112
f 7108 7112 7117
f 7117 7110 7108
f 7118 7119 7120
f 7120 7121 7118
f 7122 7118 7121
f 7121 7123 7122
f 7118 7122 7110
f 7110 7117 7118
f 7119 7118 7117
f 7117 7116 7119
f 7124 7122 7123
f 7123 7125 7124
f 6607 7124 7125
f 7125 6608 6607
f 7124 6607 6604
f 6604 7111 7124
f 7122 7124 7111
f 7111 7110 7122
f 7126 6619 6608
f 6608 7125 7126
f 7127 7126 7125
f 7125 7123 7127
f 7126 7127 7128
f 7128 7129 7126
f 6619 7126 7129
f 7129 6620 6619
f 7130 7127 7123
f 7123 7121 7130
f 7131 7130 7121
f 7121 7120 7131
f 7130 7131 7132
f 7132 7133 7130
f 7127 7130 7133
f 7133 7128 7127
f 7134 7135 7136
f 7136 7137 7134
f 7138 7134 7137
f 7137 7139 7138
f 7134 7138 7128
f 7128 7133 7134
f 7135 7134 7133
f 7133 7132 7135
f 7140 7138 7139
f 7139 7141 7140
f 6623 7140 7141
f 7141 6624 6623
f 7140 6623 6620
f 6620 7129 7140
f 7138 7140 7129
f 7129 7128 7138
f 7142 6635 6624
f 6624 7141 7142
f 7143 7142 7141
f 7141 7139 7143
f 7142 7143 7144
f 7144 7145 7142
f 6635 7142 7145
f 7145 6636 6635
f 7146 7143 7139
f 7139 7137 7146
f 7147 7146 7137
f 7137 7136 7147
f 7146 7147 7148
f 7148 7149 7146
f 7143 7146 7149
f 7149 7144 7143
f 7150 7151 7152
f 7152 7153 7150
f 7154 7150 7153
f 7153 7155 7154
f 7150 7154 7144
f 7144 7149 7150
f 7151 7150 7149
f 7149 7148 7151
f 7156 7154 7155
f 7155 7157 7156
f 6639 7156 7157
f 7157 6640 6639
f 7156 6639 6636
f 6636 7145 7156
f 7154 7156 7145
f 7145 7144 7154
f 7158 6651 6640
f 6640 7157 7158
f 7159 7158 7157
f 7157 7155 7159
f 7158 7159 7160
f 7160 7161 7158
f 6651 7158 7161
f 7161 6652 6651
f 7162 7159 7155
f 7155 7153 7162
f 7163 7162 7153
f 7153 7152 7163
f 7162 7163 7164
f 7164 7165 7162
f 7159 7162 7165
f 7165 7160 7159
f 7166 7167 7168
f 7168 7169 7166
f 7170 7166 7169
f 7169 7171 7170
f 7166 7170 7160
f 7160 7165 7166
f 7167 7166 7165
f 7165 7164 7167
f 7172 7170 7171
f 7171 7173 7172
f 6655 7172 7173
f 7173 6656 6655
f 7172 6655 6652
f 6652 7161 7172
f 7170 7172 7161
f 7161 7160 7170
f 7174 6667 6656
f 6656 7173 7174
f 7175 7174 7173
f 7173 7171 7175
f 7174 7175 7176
f 7176 7177 7174
f 6667 7174 7177
f 7177 6668 6667
f 7178 7175 7171
f 7171 7169 7178
f 7179 7178 7169
f 7169 7168 7179
f 7178 7179 7180
f 7180 7181 7178
f 7175 7178 7181
f 7181 7176 7175
f 7182 7183 7184
f 7184 7185 7182
f 7186 7182 7185
f 7185 7187 7186
f 7182 7186 7176
f 7176 7181 7182
f 7183 7182 7181
f 7181 7180 7183
f 7188 7186 7187
f 7187 7189 7188
f 6671 7188 7189
f 7189 6672 6671
f 7188 6671 6668
f 6668 7177 7188
f 7186 7188 7177
f 7177 7176 7186
f 7190 6683 6672
f 6672 7189 7190
f 7191 7190 7189
f 7189 7187 7191
f 7190 7191 7192
f 7192 7193 7190
f 6683 7190 7193
f 7193 6684 6683
f 7194 7191 7187
f 7187 7185 7194
f 7195 7194 7185
f 7185 7184 7195
f 7194 7195 7196
f 7196 7197 7194
f 7191 7194 7197
f 7197 7192 7191
f 7198 7199 7200
f 7200 7201 7198
f 7202 7198 7201
f 7201 7203 7202
f 7198 7202 7192
f 7192 7197 7198
f 7199 7198 7197
f 7197 7196 7199
f 7204 7202 7203
f 7203 7205 7204
f 6687 7204 7205
f 7205 6688 6687
f 7204 6687 6684
f 6684 7193 7204
f 7202 7204 7193
f 7193 7192 7202
f 7206 6699 6688
f 6688 7205 7206
f 7207 7206 7205
f 7205 7203 7207
f 7206 7207 7208
f 7208 7209 7206
f 6699 7206 7209
f 7209 6700 6699
f 7210 7207 7203
f 7203 7201 7210
f 7211 7210 7201
f 7201 7200 7211
f 7210 7211 7212
f 7212 7213 7210
f 7207 7210 7213
f 7213 7208 7207
f 7214 7215 7216
f 7216 7217 7214
f 7218 7214 7217
f 7217 7219 7218
f 7214 7218 7208
f 7208 7213 7214
f 7215 7214 7213
f 7213 7212 7215
f 7220 7218 7219
f 7219 7221 7220
f 6703 7220 7221
f 7221 6704 6703
f 7220 6703 6700
f 6700 7209 7220
f 7218 7220 7209
f 7209 7208 7218
f 7222 6715 6704
f 6704 7221 7222
f 7223 7222 7221
f 7221 7219 7223
f 7222 7223 7224
f 7224 7225 7222
f 6715 7222 7225
f 7225 6716 6715
f 7226 7223 7219
f 7219 7217 7226
f 7227 7226 7217
f 7217 7216 7227
f 7226 7227 7228
f 7228 7229 7226
f 7223 7226 7229
f 7229 7224 7223
f 7230 7231 7232
f 7232 7233 7230
f 7234 7230 7233
f 7233 7235 7234
f 7230 7234 7224
f 7224 7229 7230
f 7231 7230 7229
f 7229 7228 7231
f 7236 7234 7235
f 7235 7237 7236
f 6719 7236 7237
f 7237 6720 6719
f 7236 6719 6716
f 6716 7225 7236
f 7234 7236 7225
f 7225 7224 7234
f 7238 6731 6720
f 6720 7237 7238
f 7239 7238 7237
f 7237 7235 7239
f 7238 7239 7240
f 7240 7241 7238
f 6731 7238 7241
f 7241 6732 6731
f 7242 7239 7235
f 7235 7233 7242
f 7243 7242 7233
f 7233 7232 7243
f 7242 7243 7244
f 7244 7245 7242
f 7239 7242 7245
f 7245 7240 7239
f 7246 7247 7248
f 7248 7249 7246
f 7250 7246 7249
f 7249 7251 7250
f 7246 7250 7240
f 7240 7245 7246
f 7247 7246 7245
f 7245 7244 7247
f 7252 7250 7251
f 7251 7253 7252
f 6735 7252 7253
f 7253 6736 6735
f 7252 6735 6732
f 6732 7241 7252
f 7250 7252 7241
f 7241 7240 7250
f 7254 6747 6736
f 6736 7253 7254
f 7255 7254 7253
f 7253 7251 7255
f 7254 7255 7256
f 7256 7257 7254
f 6747 7254 7257
f 7257 6748 6747
f 7258 7255 7251
f 7251 7249 7258
f 7259 7258 7249
f 7249 7248 7259
f 7258 7259 7260
f 7260 7261 7258
f 7255 7258 7261
f 7261 7256 7255
f 7262 7263 7264
f 7264 7265 7262
f 7266 7262 7265
f 7265 7267 7266
f 7262 7266 7256
f 7256 7261 7262
f 7263 7262 7261
f 7261 7260 7263
f 7268 7266 7267
f 7267 7269 7268
f 6751 7268 7269
f 7269 6752 6751
f 7268 6751 6748
f 6748 7257 7268
f 7266 7268 7257
f 7257 7256 7266
f 7270 6763 6752
f 6752 7269 7270
f 7271 7270 7269
f 7269 7267 7271
f 7270 7271 7272
f 7272 7273 7270
f 6763 7270 7273
f 7273 6764 6763
f 7274 7271 7267
f 7267 7265 7274
f 7275 7274 7265
f 7265 7264 7275
f 7274 7275 7276
f 7276 7277 7274
f 7271 7274 7277
f 7277 7272 7271
f 7278 7279 7280
f 7280 7281 7278
f 7282 7278 7281
f 7281 7283 7282
f 7278 7282 7272
f 7272 7277 7278
f 7279 7278 7277
f 7277 7276 7279
f 7284 7282 7283
f 7283 7285 7284
f 6767 7284 7285
f 7285 6768 6767
f 7284 6767 6764
f 6764 7273 7284
f 7282 7284 7273
f 7273 7272 7282
f 7286 6779 6768
f 6768 7285 7286
f 7287 7286 7285
f 7285 7283 7287
f 7286 7287 7288
f 7288 7289 7286
f 6779 7286 7289
f 7289 6780 6779
f 7290 7287 7283
f 7283 7281 7290
f 7291 7290 7281
f 7281 7280 7291
f 7290 7291 7292
f 7292 7293 7290
f 7287 7290 7293
f 7293 7288 7287
f 7294 7295 7296
f 7296 7297 7294
f 7298 7294 7297
f 7297 7299 7298
f 7294 7298 7288
f 7288 7293 7294
f 7295 7294 7293
f 7293 7292 7295
f 7300 7298 7299
f 7299 7301 7300
f 6783 7300 7301
f 7301 6784 6783
f 7300 6783 6780
f 6780 7289 7300
f 7298 7300 7289
f 7289 7288 7298
f 7302 6795 6784
f 6784 7301 7302
f 7303 7302 7301
f 7301 7299 7303
f 7302 7303 7304
f 7304 7305 7302
f 6795 7302 7305
f 7305 6796 6795
f 7306 7303 7299
f 7299 7297 7306
f 7307 7306 7297
f 7297 7296 7307
f 7306 7307 7308
f 7308 7309 7306
f 7303 7306 7309
f 7309 7304 7303
f 7310 7311 7312
f 7312 7313 7310
f 7314 7310 7313
f 7313 7315 7314
f 7310 7314 7304
f 7304 7309 7310
f 7311 7310 7309
f 7309 7308 7311
f 7316 7314 7315
f 7315 7317 7316
f 6799 7316 7317
f 7317 6800 6799
f 7316 6799 6796
f 6796 7305 7316
f 7314 7316 7305
f 7305 7304 7314
f 7318 6811 6800
f 6800 7317 7318
f 7319 7318 7317
f 7317 7315 7319
f 7318 7319 7320
f 7320 7321 7318
f 6811 7318 7321
f 7321 6812 6811
f 7322 7319 7315
f 7315 7313 7322
f 7323 7322 7313
f 7313 7312 7323
f 7322 7323 7324
f 7324 7325 7322
f 7319 7322 7325
f 7325 7320 7319
f 7326 7327 7328
f 7328 7329 7326
f 7330 7326 7329
f 7329 7331 7330
f 7326 7330 7320
f 7320 7325 7326
f 7327 7326 7325
f 7325 7324 7327
f 7332 7330 7331
f 7331 7333 7332
f 6815 7332 7333
f 7333 6816 6815
f 7332 6815 6812
f 6812 7321 7332
f 7330 7332 7321
f 7321 7320 7330
f 7334 6827 6816
f 6816 7333 7334
f 7335 7334 7333
f 7333 7331 7335
f 7334 7335 7336
f 7336 7337 7334
f 6827 7334 7337
f 7337 6828 6827
f 7338 7335 7331
f 7331 7329 7338
f 7339 7338 7329
f 7329 7328 7339
f 7338 7339 7340
f 7340 7341 7338
f 7335 7338 7341
f 7341 7336 7335
f 7342 7343 7344
f 7344 7345 7342
f 7346 7342 7345
f 7345 7347 7346
f 7342 7346 7336
f 7336 7341 7342
f 7343 7342 7341
f 7341 7340 7343
f 7348 7346 7347
f 7347 7349 7348
f 6831 7348 7349
f 7349 6832 6831
f 7348 6831 6828
f 6828 7337 7348
f 7346 7348 7337
f 7337 7336 7346
f 7350 6843 6832
f 6832 7349 7350
f 7351 7350 7349
f 7349 7347 7351
f 7350 7351 7352
f 7352 7353 7350
f 6843 7350 7353
f 7353 6844 6843
f 7354 7351 7347
f 7347 7345 7354
f 7355 7354 7345
f 7345 7344 7355
f 7354 7355 7356
f 7356 7357 7354
f 7351 7354 7357
f 7357 7352 7351
f 7358 7359 7360
f 7360 7361 7358
f 7362 7358 7361
f 7361 7363 7362
f 7358 7362 7352
f 7352 7357 7358
f 7359 7358 7357
f 7357 7356 7359
f 7364 7362 7363
f 7363 7365 7364
f 6847 7364 7365
f 7365 6848 6847
f 7364 6847 6844
f 6844 7353 7364
f 7362 7364 7353
f 7353 7352 7362
f 7366 6859 6848
f 6848 7365 7366
f 7367 7366 7365
f 7365 7363 7367
f 7366 7367 7368
f 7368 7369 7366
f 6859 7366 7369
f 7369 6860 6859
f 7370 7367 7363
f 7363 7361 7370
f 7371 7370 7361
f 7361 7360 7371
f 7370 7371 7372
f 7372 7373 7370
f 7367 7370 7373
f 7373 7368 7367
f 7374 7375 7376
f 7376 7377 7374
f 7378 7374 7377
f 7377 7379 7378
f 7374 7378 7368
f 7368 7373 7374
f 7375 7374 7373
f 7373 7372 7375
f 7380 7378 7379
f 7379 7381 7380
f 6863 7380 7381
f 7381 6864 6863
f 7380 6863 6860
f 6860 7369 7380
f 7378 7380 7369
f 7369 7368 7378
f 7382 6875 6864
f 6864 7381 7382
f 7383 7382 7381
f 7381 7379 7383
f 7382 7383 7384
f 7384 7385 7382
f 6875 7382 7385
f 7385 6876 6875
f 7386 7383 7379
f 7379 7377 7386
f 7387 7386 7377
f 7377 7376 7387
f 7386 7387 7388
f 7388 7389 7386
f 7383 7386 7389
f 7389 7384 7383
f 7390 7391 7392
f 7392 7393 7390
f 7394 7390 7393
f 7393 7395 7394
f 7390 7394 7384
f 7384 7389 7390
f 7391 7390 7389
f 7389 7388 7391
f 7396 7394 7395
f 7395 7397 7396
f 6879 7396 7397
f 7397 6880 6879
f 7396 6879 6876
f 6876 7385 7396
f 7394 7396 7385
f 7385 7384 7394
f 7398 6891 6880
f 6880 7397 7398
f 7399 7398 7397
f 7397 7395 7399
f 7398 7399 7400
f 7400 7401 7398
f 6891 7398 7401
f 7401 6892 6891
f 7402 7399 7395
f 7395 7393 7402
f 7403 7402 7393
f 7393 7392 7403
f 7402 7403 7404
f 7404 7405 7402
f 7399 7402 7405
f 7405 7400 7399
f 7406 7407 7408
f 7408 7409 7406
f 7410 7406 7409
f 7409 7411 7410
f 7406 7410 7400
f 7400 7405 7406
f 7407 7406 7405
f 7405 7404 7407
f 7412 7410 7411
f 7411 7413 7412
f 6895 7412 7413
f 7413 6896 6895
f 7412 6895 6892
f 6892 7401 7412
f 7410 7412 7401
f 7401 7400 7410
f 7414 6907 6896
f 6896 7413 7414
f 7415 7414 7413
f 7413 7411 7415
f 7414 7415 7416
f 7416 7417 7414
f 6907 7414 7417
f 7417 6908 6907
f 7418 7415 7411
f 7411 7409 7418
f 7419 7418 7409
f 7409 7408 7419
f 7418 7419 7420
f 7420 7421 7418
f 7415 7418 7421
f 7421 7416 7415
f 7422 7423 7424
f 7424 7425 7422
f 7426 7422 7425
f 7425 7427 7426
f 7422 7426 7416
f 7416 7421 7422
f 7423 7422 7421
f 7421 7420 7423
f 7428 7426 7427
f 7427 7429 7428
f 6911 7428 7429
f 7429 6912 6911
f 7428 6911 6908
f 6908 7417 7428
f 7426 7428 7417
f 7417 7416 7426
f 7430 6923 6912
f 6912 7429 7430
f 7431 7430 7429
f 7429 7427 7431
f 7430 7431 7432
f 7432 7433 7430
f 6923 7430 7433
f 7433 6924 6923
f 7434 7431 7427
f 7427 7425 7434
f 7435 7434 7425
f 7425 7424 7435
f 7434 7435 7436
f 7436 7437 7434
f 7431 7434 7437
f 7437 7432 7431
f 7438 7439 7440
f 7440 7441 7438
f 7442 7438 7441
f 7441 7443 7442
f 7438 7442 7432
f 7432 7437 7438
f 7439 7438 7437
f 7437 7436 7439
f 7444 7442 7443
f 7443 7445 7444
f 6927 7444 7445
f 7445 6928 6927
f 7444 6927 6924
f 6924 7433 7444
f 7442 7444 7433
f 7433 7432 7442
f 7446 6939 6928
f 6928 7445 7446
f 7447 7446 7445
f 7445 7443 7447
f 7446 7447 7448
f 7448 7449 7446
f 6939 7446 7449
f 7449 6940 6939
f 7450 7447 7443
f 7443 7441 7450
f 7451 7450 7441
f 7441 7440 7451
f 7450 7451 7452
f 7452 7453 7450
f 7447 7450 7453
f 7453 7448 7447
f 7454 7455 7456
f 7456 7457 7454
f 7458 7454 7457
f 7457 7459 7458
f 7454 7458 7448
f 7448 7453 7454
f 7455 7454 7453
f 7453 7452 7455
f 7460 7458 7459
f 7459 7461 7460
f 6943 7460 7461
f 7461 6944 6943
f 7460 6943 6940
f 6940 7449 7460
f 7458 7460 7449
f 7449 7448 7458
f 7462 6955 6944
f 6944 7461 7462
f 7463 7462 7461
f 7461 7459 7463
f 7462 7463 7464
f 7464 7465 7462
f 6955 7462 7465
f 7465 6956 6955
f 7466 7463 7459
f 7459 7457 7466
f 7467 7466 7457
f 7457 7456 7467
f 7466 7467 7468
f 7468 7469 7466
f 7463 7466 7469
f 7469 7464 7463
f 7470 7471 7472
f 7472 7473 7470
f 7474 7470 7473
f 7473 7475 7474
f 7470 7474 7464
f 7464 7469 7470
f 7471 7470 7469
f 7469 7468 7471
f 7476 7474 7475
f 7475 7477 7476
f 6959 7476 7477
f 7477 6960 6959
f 7476 6959 6956
f 6956 7465 7476
f 7474 7476 7465
f 7465 7464 7474
f 7478 6971 6960
f 6960 7477 7478
f 7479 7478 7477
f 7477 7475 7479
f 7478 7479 7480
f 7480 7481 7478
f 6971 7478 7481
f 7481 6972 6971
f 7482 7479 7475
f 7475 7473 7482
f 7483 7482 7473
f 7473 7472 7483
f 7482 7483 7484
f 7484 7485 7482
f 7479 7482 7485
f 7485 7480 7479
f 7486 7487 7488
f 7488 7489 7486
f 7490 7486 7489
f 7489 7491 7490
f 7486 7490 7480
f 7480 7485 7486
f 7487 7486 7485
f 7485 7484 7487
f 7492 7490 7491
f 7491 7493 7492
f 6975 7492 7493
f 7493 6976 6975
f 7492 6975 6972
f 6972 7481 7492
f 7490 7492 7481
f 7481 7480 7490
f 7494 6987 6976
f 6976 7493 7494
f 7495 7494 7493
f 7493 7491 7495
f 7494 7495 7496
f 7496 7497 7494
f 6987 7494 7497
f 7497 6988 6987
f 7498 7495 7491
f 7491 7489 7498
f 7499 7498 7489
f 7489 7488 7499
f 7498 7499 7500
f 7500 7501 7498
f 7495 7498 7501
f 7501 7496 7495
f 7502 7503 7504
f 7504 7505 7502
f 7506 7502 7505
f 7505 7507 7506
f 7502 7506 7496
f 7496 7501 7502
f 7503 7502 7501
f 7501 7500 7503
f 7508 7506 7507
f 7507 7509 7508
f 6991 7508 7509
f 7509 6992 6991
f 7508 6991 6988
f 6988 7497 7508
f 7506 7508 7497
f 7497 7496 7506
f 7510 7003 6992
f 6992 7509 7510
f 7511 7510 7509
f 7509 7507 7511
f 7510 7511 7512
f 7512 7513 7510
f 7003 7510 7513
f 7513 7004 7003
f 7514 7511 7507
f 7507 7505 7514
f 7515 7514 7505
f 7505 7504 7515
f 7514 7515 7516
f 7516 7517 7514
f 7511 7514 7517
f 7517 7512 7511
f 7518 7519 7520
f 7520 7521 7518
f 7522 7518 7521
f 7521 7523 7522
f 7518 7522 7512
f 7512 7517 7518
f 7519 7518 7517
f 7517 7516 7519
f 7524 7522 7523
f 7523 7525 7524
f 7007 7524 7525
f 7525 7008 7007
f 7524 7007 7004
f 7004 7513 7524
f 7522 7524 7513
f 7513 7512 7522
f 7526 7019 7008
f 7008 7525 7526
f 7527 7526 7525
f 7525 7523 7527
f 7526 7527 7528
f 7528 7529 7526
f 7019 7526 7529
f 7529 7020 7019
f 7530 7527 7523
f 7523 7521 7530
f 7531 7530 7521
f 7521 7520 7531
f 7530 7531 7532
f 7532 7533 7530
f 7527 7530 7533
f 7533 7528 7527
f 7534 7535 7536
f 7536 7537 7534
f 7538 7534 7537
f 7537 7539 7538
f 7534 7538 7528
f 7528 7533 7534
f 7535 7534 7533
f 7533 7532 7535
f 7540 7538 7539
f 7539 7541 7540
f 7023 7540 7541
f 7541 7024 7023
f 7540 7023 7020
f 7020 7529 7540
f 7538 7540 7529
f 7529 7528 7538
f 7542 7035 7024
f 7024 7541 7542
f 7543 7542 7541
f 7541 7539 7543
f 7542 7543 7544
f 7544 7545 7542
f 7035 7542 7545
f 7545 7036 7035
f 7546 7543 7539
f 7539 7537 7546
f 7547 7546 7537
f 7537 7536 7547
f 7546 7547 7548
f 7548 7549 7546
f 7543 7546 7549
f 7549 7544 7543
f 7550 7551 7552
f 7552 7553 7550
f 7554 7550 7553
f 7553 7555 7554
f 7550 7554 7544
f 7544 7549 7550
f 7551 7550 7549
f 7549 7548 7551
f 7556 7554 7555
f 7555 7557 7556
f 7039 7556 7557
f 7557 7040 7039
f 7556 7039 7036
f 7036 7545 7556
f 7554 7556 7545
f 7545 7544 7554
f 7558 7051 7040
f 7040 7557 7558
f 7559 7558 7557
f 7557 7555 7559
f 7558 7559 7560
f 7560 7561 7558
f 7051 7558 7561
f 7561 7052 7051
f 7562 7559 7555
f 7555 7553 7562
f 7563 7562 7553
f 7553 7552 7563
f 7562 7563 7564
f 7564 7565 7562
f 7559 7562 7565
f 7565 7560 7559
f 7566 7567 7568
f 7568 7569 7566
f 7570 7566 7569
f 7569 7571 7570
f 7566 7570 7560
f 7560 7565 7566
f 7567 7566 7565
f 7565 7564 7567
f 7572 7570 7571
f 7571 7573 7572
f 7055 7572 7573
f 7573 7056 7055
f 7572 7055 7052
f 7052 7561 7572
f 7570 7572 7561
f 7561 7560 7570
f 7574 7067 7056
f 7056 7573 7574
f 7575 7574 7573
f 7573 7571 7575
f 7574 7575 7576
f 7576 7577 7574
f 7067 7574 7577
f 7577 7068 7067
f 7578 7575 7571
f 7571 7569 7578
f 7579 7578 7569
f 7569 7568 7579
f 7578 7579 7580
f 7580 7581 7578
f 7575 7578 7581
f 7581 7576 7575
f 7582 7583 7584
f 7584 7585 7582
f 7586 7582 7585
f 7585 7587 7586
f 7582 7586 7576
f 7576 7581 7582
f 7583 7582 7581
f 7581 7580 7583
f 7588 7586 7587
f 7587 7589 7588
f 7071 7588 7589
f 7589 7072 7071
f 7588 7071 7068
f 7068 7577 7588
f 7586 7588 7577
f 7577 7576 7586
f 7590 7083 7072
f 7072 7589 7590
f 7591 7590 7589
f 7589 7587 7591
f 7590 7591 7592
f 7592 7593 7590
f 7083 7590 7593
f 7593 7084 7083
f 7594 7591 7587
f 7587 7585 7594
f 7595 7594 7585
f 7585 7584 7595
f 7594 7595 7596
f 7596 7597 7594
f 7591 7594 7597
f 7597 7592 7591
f 7598 7599 7600
f 7600 7601 7598
f 7602 7598 7601
f 7601 7603 7602
f 7598 7602 7592
f 7592 7597 7598
f 7599 7598 7597
f 7597 7596 7599
f 7604 7602 7603
f 7603 7605 7604
f 7087 7604 7605
f 7605 7088 7087
f 7604 7087 7084
f 7084 7593 7604
f 7602 7604 7593
f 7593 7592 7602
f 7606 7099 7088
f 7088 7605 7606
f 7607 7606 7605
f 7605 7603 7607
f 7606 7607 7608
f 7608 7609 7606
f 7099 7606 7609
f 7609 7100 7099
f 7610 7607 7603
f 7603 7601 7610
f 7611 7610 7601
f 7601 7600 7611
f 7610 7611 7612
f 7612 7613 7610
f 7607 7610 7613
f 7613 7608 7607
f 7614 7615 7115
f 7115 7113 7614
f 7616 7614 7113
f 7113 7109 7616
f 7614 7616 7608
f 7608 7613 7614
f 7615 7614 7613
f 7613 7612 7615
f 7617 7616 7109
f 7109 7107 7617
f 7103 7617 7107
f 7107 6603 7103
f 7617 7103 7100
f 7100 7609 7617
f 7616 7617 7609
f 7609 7608 7616
f 7618 7619 7620
f 7620 7621 7618
f 7622 7618 7621
f 7621 7623 7622
f 7618 7622 7624
f 7624 7625 7618
f 7619 7618 7625
f 7625 7626 7619
f 7627 7622 7623
f 7623 7628 7627
f 7119 7627 7628
f 7628 7120 7119
f 7627 7119 7116
f 7116 7629 7627
f 7622 7627 7629
f 7629 7624 7622
f 7630 7114 7115
f 7115 7631 7630
f 7625 7630 7631
f 7631 7626 7625
f 7630 7625 7624
f 7624 7629 7630
f 7114 7630 7629
f 7629 7116 7114
f 7632 7621 7620
f 7620 7633 7632
f 7634 7632 7633
f 7633 7635 7634
f 7632 7634 7636
f 7636 7637 7632
f 7621 7632 7637
f 7637 7623 7621
f 7638 7634 7635
f 7635 7639 7638
f 7135 7638 7639
f 7639 7136 7135
f 7638 7135 7132
f 7132 7640 7638
f 7634 7638 7640
f 7640 7636 7634
f 7641 7131 7120
f 7120 7628 7641
f 7637 7641 7628
f 7628 7623 7637
f 7641 7637 7636
f 7636 7640 7641
f 7131 7641 7640
f 7640 7132 7131
f 7642 7633 7620
f 7620 7643 7642
f 7644 7642 7643
f 7643 7645 7644
f 7642 7644 7646
f 7646 7647 7642
f 7633 7642 7647
f 7647 7635 7633
f 7648 7644 7645
f 7645 7649 7648
f 7151 7648 7649
f 7649 7152 7151
f 7648 7151 7148
f 7148 7650 7648
f 7644 7648 7650
f 7650 7646 7644
f 7651 7147 7136
f 7136 7639 7651
f 7647 7651 7639
f 7639 7635 7647
f 7651 7647 7646
f 7646 7650 7651
f 7147 7651 7650
f 7650 7148 7147
f 7652 7643 7620
f 7620 7653 7652
f 7654 7652 7653
f 7653 7655 7654
f 7652 7654 7656
f 7656 7657 7652
f 7643 7652 7657
f 7657 7645 7643
f 7658 7654 7655
f 7655 7659 7658
f 7167 7658 7659
f 7659 7168 7167
f 7658 7167 7164
f 7164 7660 7658
f 7654 7658 7660
f 7660 7656 7654
f 7661 7163 7152
f 7152 7649 7661
f 7657 7661 7649
f 7649 7645 7657
f 7661 7657 7656
f 7656 7660 7661
f 7163 7661 7660
f 7660 7164 7163
f 7662 7653 7620
f 7620 7663 7662
f 7664 7662 7663
f 7663 7665 7664
f 7662 7664 7666
f 7666 7667 7662
f 7653 7662 7667
f 7667 7655 7653
f 7668 7664 7665
f 7665 7669 7668
f 7183 7668 7669
f 7669 7184 7183
f 7668 7183 7180
f 7180 7670 7668
f 7664 7668 7670
f 7670 7666 7664
f 7671 7179 7168
f 7168 7659 7671
f 7667 7671 7659
f 7659 7655 7667
f 7671 7667 7666
f 7666 7670 7671
f 7179 7671 7670
f 7670 7180 7179
f 7672 7663 7620
f 7620 7673 7672
f 7674 7672 7673
f 7673 7675 7674
f 7672 7674 7676
f 7676 7677 7672
f 7663 7672 7677
f 7677 7665 7663
f 7678 7674 7675
f 7675 7679 7678
f 7199 7678 7679
f 7679 7200 7199
f 7678 7199 7196
f 7196 7680 7678
f 7674 7678 7680
f 7680 7676 7674
f 7681 7195 7184
f 7184 7669 7681
f 7677 7681 7669
f 7669 7665 7677
f 7681 7677 7676
f 7676 7680 7681
f 7195 7681 7680
f 7680 7196 7195
f 7682 7673 7620
f 7620 7683 7682
f 7684 7682 7683
f 7683 7685 7684
f 7682 7684 7686
f 7686 7687 7682
f 7673 7682 7687
f 7687 7675 7673
f 7688 7684 7685
f 7685 7689 7688
f 7215 7688 7689
f 7689 7216 7215
f 7688 7215 7212
f 7212 7690 7688
f 7684 7688 7690
f 7690 7686 7684
f 7691 7211 7200
f 7200 7679 7691
f 7687 7691 7679
f 7679 7675 7687
f 7691 7687 7686
f 7686 7690 7691
f 7211 7691 7690
f 7690 7212 7211
f 7692 7683 7620
f 7620 7693 7692
f 7694 7692 7693
f 7693 7695 7694
f 7692 7694 7696
f 7696 7697 7692
f 7683 7692 7697
f 7697 7685 7683
f 7698 7694 7695
f 7695 7699 7698
f 7231 7698 7699
f 7699 7232 7231
f 7698 7231 7228
f 7228 7700 7698
f 7694 7698 7700
f 7700 7696 7694
f 7701 7227 7216
f 7216 7689 7701
f 7697 7701 7689
f 7689 7685 7697
f 7701 7697 7696
f 7696 7700 7701
f 7227 7701 7700
f 7700 7228 7227
f 7702 7693 7620
f 7620 7703 7702
f 7704 7702 7703
f 7703 7705 7704
f 7702 7704 7706
f 7706 7707 7702
f 7693 7702 7707
f 7707 7695 7693
f 7708 7704 7705
f 7705 7709 7708
f 7247 7708 7709
f 7709 7248 7247
f 7708 7247 7244
f 7244 7710 7708
f 7704 7708 7710
f 7710 7706 7704
f 7711 7243 7232
f 7232 7699 7711
f 7707 7711 7699
f 7699 7695 7707
f 7711 7707 7706
f 7706 7710 7711
f 7243 7711 7710
f 7710 7244 7243
f 7712 7703 7620
f 7620 7713 7712
f 7714 7712 7713
f 7713 7715 7714
f 7712 7714 7716
f 7716 7717 7712
f 7703 7712 7717
f 7717 7705 7703
f 7718 7714 7715
f 7715 7719 7718
f 7263 7718 7719
f 7719 7264 7263
f 7718 7263 7260
f 7260 7720 7718
f 7714 7718 7720
f 7720 7716 7714
f 7721 7259 7248
f 7248 7709 7721
f 7717 7721 7709
f 7709 7705 7717
f 7721 7717 7716
f 7716 7720 7721
f 7259 7721 7720
f 7720 7260 7259
f 7722 7713 7620
f 7620 7723 7722
f 7724 7722 7723
f 7723 7725 7724
f 7722 7724 7726
f 7726 7727 7722
f 7713 7722 7727
f 7727 7715 7713
f 7728 7724 7725
f 7725 7729 7728
f 7279 7728 7729
f 7729 7280 7279
f 7728 7279 7276
f 7276 7730 7728
f 7724 7728 7730
f 7730 7726 7724
f 7731 7275 7264
f 7264 7719 7731
f 7727 7731 7719
f 7719 7715 7727
f 7731 7727 7726
f 7726 7730 7731
f 7275 7731 7730
f 7730 7276 7275
f 7732 7723 7620
f 7620 7733 7732
f 7734 7732 7733
f 7733 7735 7734
f 7732 7734 7736
f 7736 7737 7732
f 7723 7732 7737
f 7737 7725 7723
f 7738 7734 7735
f 7735 7739 7738
f 7295 7738 7739
f 7739 7296 7295
f 7738 7295 7292
f 7292 7740 7738
f 7734 7738 7740
f 7740 7736 7734
f 7741 7291 7280
f 7280 7729 7741
f 7737 7741 7729
f 7729 7725 7737
f 7741 7737 7736
f 7736 7740 7741
f 7291 7741 7740
f 7740 7292 7291
f 7742 7733 7620
f 7620 7743 7742
f 7744 7742 7743
f 7743 7745 7744
f 7742 7744 7746
f 7746 7747 7742
f 7733 7742 7747
f 7747 7735 7733
f 7748 7744 7745
f 7745 7749 7748
f 7311 7748 7749
f 7749 7312 7311
f 7748 7311 7308
f 7308 7750 7748
f 7744 7748 7750
f 7750 7746 7744
f 7751 7307 7296
f 7296 7739 7751
f 7747 7751 7739
f 7739 7735 7747
f 7751 7747 7746
f 7746 7750 7751
f 7307 7751 7750
f 7750 7308 7307
f 7752 7743 7620
f 7620 7753 7752
f 7754 7752 7753
f 7753 7755 7754
f 7752 7754 7756
f 7756 7757 7752
f 7743 7752 7757
f 7757 7745 7743
f 7758 7754 7755
f 7755 7759 7758
f 7327 7758 7759
f 7759 7328 7327
f 7758 7327 7324
f 7324 7760 7758
f 7754 7758 7760
f 7760 7756 7754
f 7761 7323 7312
f 7312 7749 7761
f 7757 7761 7749
f 7749 7745 7757
f 7761 7757 7756
f 7756 7760 7761
f 7323 7761 7760
f 7760 7324 7323
f 7762 7753 7620
f 7620 7763 7762
f 7764 7762 7763
f 7763 7765 7764
f 7762 7764 7766
f 7766 7767 7762
f 7753 7762 7767
f 7767 7755 7753
f 7768 7764 7765
f 7765 7769 7768
f 7343 7768 7769
f 7769 7344 7343
f 7768 7343 7340
f 7340 7770 7768
f 7764 7768 7770
f 7770 7766 7764
f 7771 7339 7328
f 7328 7759 7771
f 7767 7771 7759
f 7759 7755 7767
f 7771 7767 7766
f 7766 7770 7771
f 7339 7771 7770
f 7770 7340 7339
f 7772 7763 7620
f 7620 7773 7772
f 7774 7772 7773
f 7773 7775 7774
f 7772 7774 7776
f 7776 7777 7772
f 7763 7772 7777
f 7777 7765 7763
f 7778 7774 7775
f 7775 7779 7778
f 7359 7778 7779
f 7779 7360 7359
f 7778 7359 7356
f 7356 7780 7778
f 7774 7778 7780
f 7780 7776 7774
f 7781 7355 7344
f 7344 7769 7781
f 7777 7781 7769
f 7769 7765 7777
f 7781 7777 7776
f 7776 7780 7781
f 7355 7781 7780
f 7780 7356 7355
f 7782 7773 7620
f 7620 7783 7782
f 7784 7782 7783
f 7783 7785 7784
f 7782 7784 7786
f 7786 7787 7782
f 7773 7782 7787
f 7787 7775 7773
f 7788 7784 7785
f 7785 7789 7788
f 7375 7788 7789
f 7789 7376 7375
f 7788 7375 7372
f 7372 7790 7788
f 7784 7788 7790
f 7790 7786 7784
f 7791 7371 7360
f 7360 7779 7791
f 7787 7791 7779
f 7779 7775 7787
f 7791 7787 7786
f 7786 7790 7791
f 7371 7791 7790
f 7790 7372 7371
f 7792 7783 7620
f 7620 7793 7792
f 7794 7792 7793
f 7793 7795 7794
f 7792 7794 7796
f 7796 7797 7792
f 7783 7792 7797
f 7797 7785 7783
f 7798 7794 7795
f 7795 7799 7798
f 7391 7798 7799
f 7799 7392 7391
f 7798 7391 7388
f 7388 7800 7798
f 7794 7798 7800
f 7800 7796 7794
f 7801 7387 7376
f 7376 7789 7801
f 7797 7801 7789
f 7789 7785 7797
f 7801 7797 7796
f 7796 7800 7801
f 7387 7801 7800
f 7800 7388 7387
f 7802 7793 7620
f 7620 7803 7802
f 7804 7802 7803
f 7803 7805 7804
f 7802 7804 7806
f 7806 7807 7802
f 7793 7802 7807
f 7807 7795 7793
f 7808 7804 7805
f 7805 7809 7808
f 7407 7808 7809
f 7809 7408 7407
f 7808 7407 7404
f 7404 7810 7808
f 7804 7808 7810
f 7810 7806 7804
f 7811 7403 7392
f 7392 7799 7811
f 7807 7811 7799
f 7799 7795 7807
f 7811 7807 7806
f 7806 7810 7811
f 7403 7811 7810
f 7810 7404 7403
f 7812 7803 7620
f 7620 7813 7812
f 7814 7812 7813
f 7813 7815 7814
f 7812 7814 7816
f 7816 7817 7812
f 7803 7812 7817
f 7817 7805 7803
f 7818 7814 7815
f 7815 7819 7818
f 7423 7818 7819
f 7819 7424 7423
f 7818 7423 7420
f 7420 7820 7818
f 7814 7818 7820
f 7820 7816 7814
f 7821 7419 7408
f 7408 7809 7821
f 7817 7821 7809
f 7809 7805 7817
f 7821 7817 7816
f 7816 7820 7821
f 7419 7821 7820
f 7820 7420 7419
f 7822 7813 7620
f 7620 7823 7822
f 7824 7822 7823
f 7823 7825 7824
f 7822 7824 7826
f 7826 7827 7822
f 7813 7822 7827
f 7827 7815 7813
f 7828 7824 7825
f 7825 7829 7828
f 7439 7828 7829
f 7829 7440 7439
f 7828 7439 7436
f 7436 7830 7828
f 7824 7828 7830
f 7830 7826 7824
f 7831 7435 7424
f 7424 7819 7831
f 7827 7831 7819
f 7819 7815 7827
f 7831 7827 7826
f 7826 7830 7831
f 7435 7831 7830
f 7830 7436 7435
f 7832 7823 7620
f 7620 7833 7832
f 7834 7832 7833
f 7833 7835 7834
f 7832 7834 7836
f 7836 7837 7832
f 7823 7832 7837
f 7837 7825 7823
f 7838 7834 7835
f 7835 7839 7838
f 7455 7838 7839
f 7839 7456 7455
f 7838 7455 7452
f 7452 7840 7838
f 7834 7838 7840
f 7840 7836 7834
f 7841 7451 7440
f 7440 7829 7841
f 7837 7841 7829
f 7829 7825 7837
f 7841 7837 7836
f 7836 7840 7841
f 7451 7841 7840
f 7840 7452 7451
f 7842 7833 7620
f 7620 7843 7842
f 7844 7842 7843
f 7843 7845 7844
f 7842 7844 7846
f 7846 7847 7842
f 7833 7842 7847
f 7847 7835 7833
f 7848 7844 7845
f 7845 7849 7848
f 7471 7848 7849
f 7849 7472 7471
f 7848 7471 7468
f 7468 7850 7848
f 7844 7848 7850
f 7850 7846 7844
f 7851 7467 7456
f 7456 7839 7851
f 7847 7851 7839
f 7839 7835 7847
f 7851 7847 7846
f 7846 7850 7851
f 7467 7851 7850
f 7850 7468 7467
f 7852 7843 7620
f 7620 7853 7852
f 7854 7852 7853
f 7853 7855 7854
f 7852 7854 7856
f 7856 7857 7852
f 7843 7852 7857
f 7857 7845 7843
f 7858 7854 7855
f 7855 7859 7858
f 7487 7858 7859
f 7859 7488 7487
f 7858 7487 7484
f 7484 7860 7858
f 7854 7858 7860
f 7860 7856 7854
f 7861 7483 7472
f 7472 7849 7861
f 7857 7861 7849
f 7849 7845 7857
f 7861 7857 7856
f 7856 7860 7861
f 7483 7861 7860
f 7860 7484 7483
f 7862 7853 7620
f 7620 7863 7862
f 7864 7862 7863
f 7863 7865 7864
f 7862 7864 7866
f 7866 7867 7862
f 7853 7862 7867
f 7867 7855 7853
f 7868 7864 7865
f 7865 7869 7868
f 7503 7868 7869
f 7869 7504 7503
f 7868 7503 7500
f 7500 7870 7868
f 7864 7868 7870
f 7870 7866 7864
f 7871 7499 7488
f 7488 7859 7871
f 7867 7871 7859
f 7859 7855 7867
f 7871 7867 7866
f 7866 7870 7871
f 7499 7871 7870
f 7870 7500 7499
f 7872 7863 7620
f 7620 7873 7872
f 7874 7872 7873
f 7873 7875 7874
f 7872 7874 7876
f 7876 7877 7872
f 7863 7872 7877
f 7877 7865 7863
f 7878 7874 7875
f 7875 7879 7878
f 7519 7878 7879
f 7879 7520 7519
f 7878 7519 7516
f 7516 7880 7878
f 7874 7878 7880
f 7880 7876 7874
f 7881 7515 7504
f 7504 7869 7881
f 7877 7881 7869
f 7869 7865 7877
f 7881 7877 7876
f 7876 7880 7881
f 7515 7881 7880
f 7880 7516 7515
f 7882 7873 7620
f 7620 7883 7882
f 7884 7882 7883
f 7883 7885 7884
f 7882 7884 7886
f 7886 7887 7882
f 7873 7882 7887
f 7887 7875 7873
f 7888 7884 7885
f 7885 7889 7888
f 7535 7888 7889
f 7889 7536 7535
f 7888 7535 7532
f 7532 7890 7888
f 7884 7888 7890
f 7890 7886 7884
f 7891 7531 7520
f 7520 7879 7891
f 7887 7891 7879
f 7879 7875 7887
f 7891 7887 7886
f 7886 7890 7891
f 7531 7891 7890
f 7890 7532 7531
f 7892 7883 7620
f 7620 7893 7892
f 7894 7892 7893
f 7893 7895 7894
f 7892 7894 7896
f 7896 7897 7892
f 7883 7892 7897
f 7897 7885 7883
f 7898 7894 7895
f 7895 7899 7898
f 7551 7898 7899
f 7899 7552 7551
f 7898 7551 7548
f 7548 7900 7898
f 7894 7898 7900
f 7900 7896 7894
f 7901 7547 7536
f 7536 7889 7901
f 7897 7901 7889
f 7889 7885 7897
f 7901 7897 7896
f 7896 7900 7901
f 7547 7901 7900
f 7900 7548 7547
f 7902 7893 7620
f 7620 7903 7902
f 7904 7902 7903
f 7903 7905 7904
f 7902 7904 7906
f 7906 7907 7902
f 7893 7902 7907
f 7907 7895 7893
f 7908 7904 7905
f 7905 7909 7908
f 7567 7908 7909
f 7909 7568 7567
f 7908 7567 7564
f 7564 7910 7908
f 7904 7908 7910
f 7910 7906 7904
f 7911 7563 7552
f 7552 7899 7911
f 7907 7911 7899
f 7899 7895 7907
f 7911 7907 7906
f 7906 7910 7911
f 7563 7911 7910
f 7910 7564 7563
f 7912 7903 7620
f 7620 7913 7912
f 7914 7912 7913
f 7913 7915 7914
f 7912 7914 7916
f 7916 7917 7912
f 7903 7912 7917
f 7917 7905 7903
f 7918 7914 7915
f 7915 7919 7918
f 7583 7918 7919
f 7919 7584 7583
f 7918 7583 7580
f 7580 7920 7918
f 7914 7918 7920
f 7920 7916 7914
f 7921 7579 7568
f 7568 7909 7921
f 7917 7921 7909
f 7909 7905 7917
f 7921 7917 7916
f 7916 7920 7921
f 7579 7921 7920
f 7920 7580 7579
f 7922 7913 7620
f 7620 7923 7922
f 7924 7922 7923
f 7923 7925 7924
f 7922 7924 7926
f 7926 7927 7922
f 7913 7922 7927
f 7927 7915 7913
f 7928 7924 7925
f 7925 7929 7928
f 7599 7928 7929
f 7929 7600 7599
f 7928 7599 7596
f 7596 7930 7928
f 7924 7928 7930
f 7930 7926 7924
f 7931 7595 7584
f 7584 7919 7931
f 7927 7931 7919
f 7919 7915 7927
f 7931 7927 7926
f 7926 7930 7931
f 7595 7931 7930
f 7930 7596 7595
f 7932 7923 7620
f 7620 7619 7932
f 7933 7932 7619
f 7619 7626 7933
f 7932 7933 7934
f 7934 7935 7932
f 7923 7932 7935
f 7935 7925 7923
f 7936 7933 7626
f 7626 7631 7936
f 7615 7936 7631
f 7631 7115 7615
f 7936 7615 7612
f 7612 7937 7936
f 7933 7936 7937
f 7937 7934 7933
f 7938 7611 7600
f 7600 7929 7938
f 7935 7938 7929
f 7929 7925 7935
f 7938 7935 7934
f 7934 7937 7938
f 7611 7938 7937
f 7937 7612 7611
