# Palette-baked from RoboTwin texture for mujoco-react
v 0.034487486 6.9048838e-09 -0.414478
v 0.94548947 6.9048838e-09 0.604164
v 0.94548947 6.9048838e-09 0.604164
v 0.94548947 6.9048838e-09 0.604164
v 0.94595844 6.9048838e-09 0.604307
v 0.94595844 6.9048838e-09 0.604307
v 0.94595844 6.9048838e-09 0.604307
v 0.42211348 0.16297801 -0.56337702
v 0.5486365 0.205924 -0.59554201
v 0.59881955 0.20759101 -0.61349601
v -0.9478755 0.12904 -0.38939798
v 0.17262048 0.10525801 -0.13651699
v 0.14291447 0.042503007 -0.0069859931
v 0.14124149 0.080522008 -0.019637993
v 0.14124149 0.080522008 -0.019637993
v 0.42607051 0.10029301 -0.051773991
v 0.39056653 0.046975005 -0.022754993
v 0.39056653 0.046975005 -0.022754993
v 0.38709956 0.069102004 -0.0099119935
v 0.38709956 0.069102004 -0.0099119935
v 0.38709956 0.069102004 -0.0099119935
v 0.38320547 0.046574008 -0.030289993
v 0.38320547 0.046574008 -0.030289993
v 0.65726048 0.214267 -0.0052839932
v -0.94781953 0.14946401 0.065216005
v 0.40639347 0.040114008 0.057697006
v 0.40639347 0.040114008 0.057697006
v 0.17518348 0.033009008 0.090243004
v 0.17518348 0.033009008 0.090243004
v 0.49939746 0.091220006 0.078469008
v 0.49939746 0.091220006 0.078469008
v 0.41748554 0.060420007 0.082392007
v 0.90118557 0.11548201 0.15084001
v 0.87772948 0.13249901 0.183162
v 0.84206551 0.017659007 0.78111899
v 0.84935349 0.014594007 0.76757801
v 0.84935349 0.014594007 0.76757801
v 0.86584955 0.045561008 0.76539499
v 0.0074365139 6.9048838e-09 -0.41613698
v 0.0069615245 0.011695007 -0.412815
v 0.94301552 6.9048838e-09 0.58707398
v 0.94301552 6.9048838e-09 0.58707398
v 0.9467625 6.9048838e-09 0.63107198
v 0.9467625 6.9048838e-09 0.63107198
v 0.44898945 0.18175201 -0.54820001
v 0.44121951 0.18117601 -0.58327001
v 0.42711455 0.160547 -0.600214
v 0.40334553 0.13462301 -0.59312302
v 0.39600152 0.12456801 -0.56371897
v 0.41335255 0.14310801 -0.53829497
v 0.41190451 0.13665201 -0.61983597
v 0.54782349 0.20416501 -0.58783698
v 0.55852753 0.20189901 -0.58790398
v 0.55852753 0.20189901 -0.58790398
v 0.55585653 0.20305201 -0.59868699
v 0.55585653 0.20305201 -0.59868699
v 0.55249351 0.209718 -0.607988
v 0.54436547 0.21104001 -0.60001302
v 0.54028851 0.21108101 -0.59001297
v 0.60604447 0.207164 -0.60909498
v 0.61486346 0.21452801 -0.617589
v 0.60325652 0.21380101 -0.62377799
v 0.59248251 0.21406601 -0.62694001
v 0.59062451 0.20599201 -0.61473697
v 0.59497148 0.20199201 -0.604572
v -0.94779551 0.14452501 -0.402778
v -0.94781649 0.13139001 -0.41715801
v -0.94789648 0.11648801 -0.394972
v -0.94792652 0.11178701 -0.37650898
v -0.94788551 0.12981601 -0.37606898
v -0.94778848 0.15251401 -0.38555399
v 0.14940745 0.10377101 -0.11673899
v 0.15803653 0.10237201 -0.09492299
v 0.1804195 0.10368501 -0.10562899
v 0.20286554 0.10425001 -0.11336199
v 0.20004147 0.105257 -0.13926199
v 0.20399255 0.10598101 -0.16809499
v 0.1793825 0.10599601 -0.169764
v 0.14299947 0.10576501 -0.150796
v 0.12984449 0.10425001 -0.13058399
v 0.15018052 0.10606401 -0.17572099
v 0.65556842 0.20296201 -0.09272299
v 0.64922148 0.20519701 -0.083771996
v 0.64922148 0.20519701 -0.083771996
v 0.6601215 0.20833801 -0.069698997
v 0.6601215 0.20833801 -0.069698997
v 0.66487557 0.20289901 -0.090611994
v 0.14809054 0.047429007 -0.0012499931
v 0.14082354 0.052337006 -0.012603994
v 0.14082354 0.052337006 -0.012603994
v 0.13514346 0.046382006 -0.025097992
v 0.13514346 0.046382006 -0.025097992
v 0.13667256 0.027110007 -0.020939993
v 0.13667256 0.027110007 -0.020939993
v 0.14437753 0.028503006 -0.0020709932
v 0.14437753 0.028503006 -0.0020709932
v 0.14884955 0.043496005 0.0041780067
v 0.13860351 0.082109004 -0.026623992
v 0.13688356 0.071916007 -0.022215994
v 0.14400953 0.074490003 -0.013481993
v 0.14400953 0.074490003 -0.013481993
v 0.15420943 0.084818006 -0.017440993
v 0.15420943 0.084818006 -0.017440993
v 0.15169448 0.089993007 -0.025922993
v 0.15741652 0.077094004 -0.011452993
v 0.42892951 0.10547401 -0.081991993
v 0.40623957 0.102896 -0.078533992
v 0.4003945 0.098599009 -0.055108994
v 0.45118052 0.10830101 -0.061640993
v 0.45050949 0.11049201 -0.087649994
v 0.39345151 0.095289007 -0.039062992
v 0.40847152 0.094503008 -0.030291993
v 0.43270355 0.098171011 -0.022816993
v 0.45343846 0.10607301 -0.034826994
v 0.41792554 0.092745006 -0.011827993
v 0.3870495 0.049191006 -0.024860993
v 0.3870495 0.049191006 -0.024860993
v 0.38398248 0.046390008 -0.026965993
v 0.38398248 0.046390008 -0.026965993
v 0.38467151 0.046293005 -0.021055993
v 0.39112145 0.048728008 -0.012835993
v 0.39112145 0.048728008 -0.012835993
v 0.38901049 0.052769005 -0.014817993
v 0.38665646 0.046455007 -0.010575993
v 0.39508849 0.073073007 0.0043470068
v 0.39508849 0.073073007 0.0043470068
v 0.39764851 0.080819003 0.0027380069
v 0.38892847 0.079762004 -0.009440993
v 0.38892847 0.079762004 -0.009440993
v 0.39068848 0.062446006 -0.0077119931
v 0.39600855 0.065894008 0.0055110068
v 0.37877148 0.079559006 -0.016841993
v 0.37877148 0.079559006 -0.016841993
v 0.37661952 0.069848008 -0.017005993
v 0.38168651 0.059716009 -0.019217994
v 0.38168651 0.059716009 -0.019217994
v 0.38622254 0.056843005 -0.016922994
v 0.37394053 0.060541008 -0.022386992
v 0.37394053 0.060541008 -0.022386992
v 0.37839848 0.046469007 -0.031848993
v 0.37839848 0.046469007 -0.031848993
v 0.37839848 0.046469007 -0.031848993
v 0.37758857 0.046152007 -0.026613994
v 0.38386852 0.050997008 -0.025514994
v 0.37920052 0.052346006 -0.027204992
v 0.37920052 0.052346006 -0.027204992
v 0.69279248 0.21816401 0.0065350067
v 0.69693547 0.21929301 -0.014572993
v 0.69693547 0.21929301 -0.014572993
v 0.67071551 0.217895 -0.026996993
v 0.65484744 0.21579 -0.035910994
v 0.64134055 0.212384 -0.024782993
v 0.6140185 0.201536 -0.0066159931
v 0.62084442 0.20203401 0.011333006
v -0.94788247 0.15084201 0.051785007
v -0.94794852 0.13263801 0.052489005
v -0.94789147 0.13677901 0.071139008
v -0.94753951 0.164645 0.076922007
v -0.94753951 0.164645 0.076922007
v -0.94753247 0.173481 0.059953008
v -0.94753247 0.173481 0.059953008
v -0.94761652 0.15194501 0.091469005
v -0.94761652 0.15194501 0.091469005
v 0.39870554 0.036175005 0.055238008
v 0.39870554 0.036175005 0.055238008
v 0.40068048 0.020305008 0.060225006
v 0.40760452 0.021430006 0.064224005
v 0.40760452 0.021430006 0.064224005
v 0.40334445 0.048990007 0.041615006
v 0.39818054 0.044841006 0.042643007
v 0.41355354 0.042302009 0.071739011
v 0.41436046 0.057902008 0.072455004
v 0.41039652 0.054685008 0.057114005
v 0.40635353 0.057089008 0.040773008
v 0.41303951 0.022853008 0.073864006
v 0.17151755 0.035687007 0.085864007
v 0.16857654 0.028449006 0.085491009
v 0.16857654 0.028449006 0.085491009
v 0.17410046 0.027237007 0.091039009
v 0.17410046 0.027237007 0.091039009
v 0.1829105 0.036704008 0.092930004
v 0.1829105 0.036704008 0.092930004
v 0.18175048 0.041967008 0.085569009
v 0.18383449 0.029236007 0.095955007
v 0.48114151 0.078482009 0.081218004
v 0.48114151 0.078482009 0.081218004
v 0.48630553 0.047037005 0.090225004
v 0.49452347 0.048966005 0.092468008
v 0.49452347 0.048966005 0.092468008
v 0.50051945 0.048838008 0.10291101
v 0.51085848 0.08946301 0.092237003
v 0.50147551 0.10762501 0.058894008
v 0.47910947 0.092447005 0.069114007
v 0.47910947 0.092447005 0.069114007
v 0.41673654 0.046233006 0.084000006
v 0.42042249 0.050671007 0.09309601
v 0.42043847 0.06699001 0.086024009
v 0.41643053 0.06854701 0.073504008
v 0.90150243 0.114402 0.131916
v 0.88855749 0.13061301 0.130373
v 0.88851053 0.13064301 0.15990901
v 0.90115553 0.11405001 0.184586
v 0.91412956 0.098007008 0.16715801
v 0.91441852 0.092266008 0.135848
v 0.8797105 0.12108501 0.19925301
v 0.8691985 0.15382101 0.15431701
v 0.86185342 0.149598 0.17918101
v 0.85421258 0.14123601 0.201083
v 0.83608347 0.023514006 0.78008103
v 0.83608347 0.023514006 0.78008103
v 0.83608347 0.023514006 0.78008103
v 0.83795244 0.010995007 0.78314298
v 0.83795244 0.010995007 0.78314298
v 0.84458357 0.012036007 0.78161103
v 0.84458357 0.012036007 0.78161103
v 0.79416651 0.016275007 0.78007001
v 0.79416651 0.016275007 0.78007001
v 0.85228258 6.9048838e-09 0.76805604
v 0.85228258 6.9048838e-09 0.76805604
v 0.85228258 6.9048838e-09 0.76805604
v 0.85090858 6.9048838e-09 0.78007001
v 0.85090858 6.9048838e-09 0.78007001
v 0.85090858 6.9048838e-09 0.78007001
v 0.85699445 6.9048838e-09 0.763363
v 0.84759051 0.022828007 0.76342303
v 0.84759051 0.022828007 0.76342303
v 0.83773047 0.026420007 0.76412404
v 0.83773047 0.026420007 0.76412404
v 0.84072953 0.022605008 0.77052802
v 0.84144455 0.020895006 0.78007501
v 0.84144455 0.020895006 0.78007501
v 0.84913248 0.012701007 0.78007001
v 0.84913248 0.012701007 0.78007001
v 0.84913248 0.012701007 0.78007001
v 0.85660154 0.011890007 0.763318
v 0.85488445 0.020523006 0.76287001
v 0.85956246 0.049150009 0.76568198
v 0.85879046 0.037605006 0.76482302
v 0.86960548 0.039326008 0.76522601
v 0.87375742 0.054411005 0.76087999
v 0.86686748 0.060976006 0.76152098
v -0.57017452 0.07676401 0.18124701
v -0.57203251 0.050961006 0.18153501
v -0.57290548 0.025464008 0.181959
v -0.5729785 6.9048838e-09 0.18211401
v -0.57785553 0.051345006 0.19296201
v -0.57931352 0.025770007 0.19410901
v -0.57931352 0.025770007 0.19410901
v -0.57963848 6.9048838e-09 0.194379
v -0.57963848 6.9048838e-09 0.194379
v -0.58855951 0.026532007 0.20448601
v -0.5887295 6.9048838e-09 0.20500301
v -0.60118449 6.9048838e-09 0.21188401
v -0.9477815 6.9048838e-09 -0.369441
v -0.94780153 6.9048838e-09 -0.39613998
v -0.94772851 6.9048838e-09 -0.42321798
v -0.94777453 0.022200007 -0.42234999
v -0.94771951 0.024281006 -0.448699
v -0.94768548 6.9048838e-09 -0.44943899
v -0.94782948 0.020570006 -0.395587
v -0.9478175 0.019636007 -0.368945
v -0.94787049 0.038839009 -0.36775598
v -0.94789052 0.040563006 -0.39412698
v -0.9478305 0.043913007 -0.42057699
v -0.94787347 0.065106004 -0.41703901
v -0.94782251 0.071829006 -0.44260299
v -0.94777751 0.048275005 -0.44658399
v -0.94792253 0.060198005 -0.39130399
v -0.94791448 0.057882007 -0.36583099
v -0.94794148 0.076178007 -0.36352599
v -0.94794548 0.078643009 -0.38707
v -0.9478935 0.084794007 -0.41185001
v -0.9479025 0.10218701 -0.40421399
v -0.94783348 0.11440001 -0.42779198
v -0.94784248 0.094252005 -0.43636298
v -0.94794953 0.095813006 -0.38158998
v -0.94794548 0.094299003 -0.36091298
v -0.94792652 0.11304501 -0.35949001
v -0.94791949 0.115926 -0.34035099
v -0.94787848 0.13732001 -0.34246099
v -0.94788349 0.13378 -0.361103
v -0.94792849 0.095734008 -0.339908
v -0.94790453 0.097916007 -0.318185
v -0.94789553 0.11852401 -0.31918699
v -0.94791549 0.076635011 -0.340496
v -0.94788653 0.07795801 -0.317929
v -0.94786352 0.079199009 -0.29495299
v -0.94787848 0.099622004 -0.29559499
v -0.94788152 0.057642005 -0.341537
v -0.94785053 0.058351006 -0.318095
v -0.94782752 0.059180006 -0.29468298
v -0.94782048 0.059928007 -0.27100798
v -0.94784951 0.080256008 -0.27145699
v -0.94779748 0.038856007 -0.31841099
v -0.9477765 0.039333008 -0.29458898
v -0.94777048 0.039805006 -0.270726
v -0.94778752 0.040223006 -0.24673399
v -0.94783449 0.060546007 -0.24707799
v -0.94771749 0.019641006 -0.29457098
v -0.94771349 0.019862007 -0.270578
v -0.94772953 0.020057008 -0.246512
v -0.94779152 0.020210007 -0.222296
v -0.94784451 0.040529005 -0.222536
v -0.94767052 6.9048838e-09 -0.27051398
v -0.94768548 6.9048838e-09 -0.24639399
v -0.94775248 6.9048838e-09 -0.22214499
v -0.94782352 6.9048838e-09 -0.19782099
v -0.94785851 0.020315006 -0.197944
v -0.94786352 6.9048838e-09 -0.17330399
v -0.94786447 6.9048838e-09 -0.14884
v -0.94790453 0.020354006 -0.148948
v -0.94790047 0.020363007 -0.173475
v -0.9479565 0.040773008 -0.149124
v -0.94795549 0.040803008 -0.17368899
v -0.94790947 0.040721007 -0.19817299
v -0.94799352 0.061377008 -0.17392799
v -0.94795048 0.061266009 -0.19846699
v -0.94788653 0.060987007 -0.22285999
v -0.9479605 0.082028009 -0.198818
v -0.94790047 0.081667006 -0.22329099
v -0.94785649 0.081079006 -0.24755299
v -0.94788849 0.10260601 -0.22383299
v -0.94784749 0.10192201 -0.24820499
v -0.94785649 0.10093401 -0.27216598
v -0.9478125 0.12308301 -0.249028
v -0.94783252 0.12199201 -0.27315798
v -0.9478665 0.12053001 -0.29669398
v -0.94777548 0.143472 -0.27445
v -0.94781852 0.142009 -0.298311
v -0.94785953 0.14001201 -0.32110301
v -0.94769251 0.163956 -0.30035499
v -0.94773549 0.16227001 -0.323971
v -0.94776452 0.16004701 -0.34641299
v -0.94730449 0.18468201 -0.32728499
v -0.94730449 0.18468201 -0.32728499
v -0.94746047 0.18282901 -0.351459
v -0.94746047 0.18282901 -0.351459
v -0.94747752 0.179827 -0.37509298
v -0.94747752 0.179827 -0.37509298
v -0.94777948 0.15711901 -0.36688998
v -0.9475075 0.17439301 -0.39839199
v -0.9475075 0.17439301 -0.39839199
v -0.94381052 0.201726 -0.38333899
v -0.9445135 0.19560301 -0.410216
v -0.94498849 0.18273 -0.43514401
v -0.94759452 0.163938 -0.41951799
v -0.94759452 0.163938 -0.41951799
v -0.94533253 0.16414501 -0.45541799
v -0.94768047 0.14801201 -0.43705699
v -0.94768047 0.14801201 -0.43705699
v -0.94550151 0.14123301 -0.470581
v -0.94776052 0.128084 -0.450019
v -0.94776052 0.128084 -0.450019
v -0.94570851 0.114691 -0.48132899
v -0.94570851 0.114691 -0.48132899
v -0.94785053 0.104789 -0.45971
v -0.94785053 0.104789 -0.45971
v -0.94593948 0.086427011 -0.48870298
v -0.94593948 0.086427011 -0.48870298
v -0.94771552 0.079262003 -0.46656901
v -0.94607049 0.057815008 -0.49394399
v -0.94607049 0.057815008 -0.49394399
v -0.94763952 0.053120006 -0.47111398
v -0.94607848 0.028814007 -0.496842
v -0.94607848 0.028814007 -0.496842
v -0.94758552 0.026516007 -0.47369799
v -0.94622952 6.9048838e-09 -0.49736398
v -0.94764948 6.9048838e-09 -0.47451198
v -0.56731349 0.16425601 0.1709
v -0.56760448 0.134229 0.17861101
v -0.5688175 0.16893101 0.18002601
v -0.5688175 0.16893101 0.18002601
v -0.56949449 0.136703 0.18832801
v -0.56949449 0.136703 0.18832801
v -0.57150149 0.10551801 0.19084701
v -0.57150149 0.10551801 0.19084701
v -0.56850749 0.10431901 0.180758
v -0.57646149 0.17247 0.18586901
v -0.57679749 0.13898301 0.19452901
v -0.57958651 0.10730401 0.197246
v -0.58370149 0.078628004 0.199726
v -0.57552952 0.077337004 0.19141001
v -0.57552952 0.077337004 0.19141001
v -0.58709651 0.14095801 0.19629601
v -0.5894115 0.109588 0.20179
v -0.59481353 0.081014007 0.205182
v -0.59914052 0.054581005 0.20876801
v -0.5868665 0.052541006 0.20246701
v -0.60197347 0.11259901 0.20339
v -0.60814953 0.084505007 0.208727
v -0.61311549 0.056971006 0.21271901
v -0.61546248 0.028673006 0.21530201
v -0.60114348 0.027579008 0.21104501
v -0.62473053 0.088202007 0.211107
v -0.62983549 0.059393007 0.216021
v -0.6326955 0.029845007 0.218784
v -0.63345748 6.9048838e-09 0.22061901
v -0.61590552 6.9048838e-09 0.216646
v -0.65073949 0.061493006 0.218187
v -0.65316451 0.030785007 0.22004101
v -0.65382051 6.9048838e-09 0.22290701
v -0.67449051 0.031374007 0.22035201
v -0.67497748 6.9048838e-09 0.22309001
v -0.69664252 6.9048838e-09 0.222901
v -0.94767553 6.9048838e-09 -0.29456499
v -0.9476915 6.9048838e-09 -0.31872499
v -0.9477365 0.019421007 -0.31870198
v -0.9478305 0.038567007 -0.34257498
v -0.9477725 0.019269006 -0.34331998
v -0.94773149 6.9048838e-09 -0.34342098
v -0.94778049 6.9048838e-09 -0.099631995
v -0.94781649 6.9048838e-09 -0.124281
v -0.9478305 0.020138007 -0.099817991
v -0.94786853 0.020268006 -0.12437199
v -0.94786853 0.020268006 -0.12437199
v -0.94789553 0.040375005 -0.099990994
v -0.94789553 0.040375005 -0.099990994
v -0.94793051 0.040626008 -0.124543
v -0.94793051 0.040626008 -0.124543
v -0.94794649 0.060748007 -0.10017999
v -0.94798052 0.061116006 -0.124722
v -0.94800353 0.061329007 -0.14932299
v -0.94799352 0.081846006 -0.12488699
v -0.9480105 0.08211001 -0.149526
v -0.9480055 0.082168005 -0.17419799
v -0.94797951 0.10316901 -0.14971799
v -0.94797748 0.10321501 -0.174485
v -0.94793648 0.10303201 -0.19922699
v -0.94790852 0.12453201 -0.174778
v -0.94787651 0.12431101 -0.19968
v -0.94783652 0.12383401 -0.22446799
v -0.9477815 0.14588401 -0.20016199
v -0.94775152 0.14534301 -0.225183
v -0.94774252 0.14455101 -0.25000399
v -0.94759852 0.16706501 -0.225926
v -0.94760251 0.166261 -0.25106001
v -0.94763851 0.16524 -0.27594098
v -0.94715548 0.188076 -0.25213599
v -0.94715548 0.188076 -0.25213599
v -0.94718152 0.187222 -0.27750498
v -0.94718152 0.187222 -0.27750498
v -0.94733149 0.18610801 -0.30259198
v -0.94733149 0.18610801 -0.30259198
v -0.94098151 0.20812601 -0.279102
v -0.94154048 0.20731901 -0.30492398
v -0.9420445 0.20613401 -0.330708
v -0.93006349 0.22674301 -0.30738199
v -0.93058652 0.22568101 -0.33425
v -0.9312405 0.224011 -0.36193699
v -0.94285852 0.20461501 -0.35669199
v -0.93197149 0.22075401 -0.39106899
v -0.91600752 0.24128 -0.36703798
v -0.91717851 0.238094 -0.39810398
v -0.9182995 0.230367 -0.43057001
v -0.93267351 0.213247 -0.420647
v -0.91944951 0.214854 -0.461279
v -0.93347752 0.19916901 -0.448515
v -0.91975451 0.191815 -0.486889
v -0.91975451 0.191815 -0.486889
v -0.93337053 0.178376 -0.471558
v -0.92041153 0.16367401 -0.50592297
v -0.92041153 0.16367401 -0.50592297
v -0.93419552 0.152786 -0.488731
v -0.92160052 0.13151801 -0.51820701
v -0.92160052 0.13151801 -0.51820701
v -0.9347735 0.12355901 -0.50017703
v -0.92253947 0.09861201 -0.52680898
v -0.92253947 0.09861201 -0.52680898
v -0.93525553 0.092855006 -0.50813901
v -0.93525553 0.092855006 -0.50813901
v -0.92318249 0.065852009 -0.53307402
v -0.9356845 0.062036008 -0.513699
v -0.9356845 0.062036008 -0.513699
v -0.92298049 0.032894008 -0.536313
v -0.93589449 0.030921007 -0.51699901
v -0.93589449 0.030921007 -0.51699901
v -0.93589449 0.030921007 -0.51699901
v -0.92385852 6.9048838e-09 -0.53800297
v -0.93631649 6.9048838e-09 -0.51800901
v -0.93631649 6.9048838e-09 -0.51800901
v -0.90464449 6.9048838e-09 -0.552414
v -0.88176548 6.9048838e-09 -0.55988801
v -0.88130051 0.034932006 -0.556903
v -0.85727149 0.035084005 -0.55940902
v -0.8579005 6.9048838e-09 -0.563079
v -0.90387452 0.034301005 -0.54986298
v -0.90382552 0.068476006 -0.54665899
v -0.88084853 0.069687009 -0.55338901
v -0.87995452 0.10448501 -0.546709
v -0.8558445 0.105432 -0.55015302
v -0.85670549 0.070232004 -0.55673397
v -0.90300751 0.10262901 -0.54013598
v -0.90187949 0.136969 -0.53097397
v -0.87870049 0.139631 -0.53717601
v -0.87789452 0.17480001 -0.524185
v -0.85420352 0.17679101 -0.52831298
v -0.85481548 0.14093101 -0.54079902
v -0.9006325 0.170901 -0.51755601
v -0.8998825 0.20082901 -0.497697
v -0.8998825 0.20082901 -0.497697
v -0.8770175 0.205136 -0.50389302
v -0.87641251 0.230396 -0.47619799
v -0.87641251 0.230396 -0.47619799
v -0.85283852 0.23392601 -0.48017699
v -0.85283852 0.23392601 -0.48017699
v -0.85349548 0.207844 -0.50757402
v -0.8993305 0.225124 -0.47067299
v -0.8993305 0.225124 -0.47067299
v -0.89859051 0.24206601 -0.438086
v -0.8759445 0.247876 -0.443342
v -0.87444949 0.25513101 -0.40825599
v -0.85111952 0.25958103 -0.41220999
v -0.85218352 0.25176698 -0.44746599
v -0.89729249 0.25004601 -0.403788
v -0.89612353 0.253102 -0.371472
v -0.8735745 0.25990403 -0.37544599
v -0.8723855 0.26091498 -0.34439698
v -0.84939849 0.26683199 -0.34738499
v -0.85019648 0.26441902 -0.37903801
v -0.89488149 0.254044 -0.34115499
v -0.89408553 0.25432098 -0.31219798
v -0.87157148 0.261217 -0.31472901
v -0.9149605 0.24266101 -0.33776799
v -0.91430652 0.243368 -0.309811
v -0.91381049 0.243861 -0.28251699
v -0.89352852 0.25446802 -0.28420198
v -0.92965251 0.227476 -0.280799
v -0.92934048 0.227954 -0.25437498
v -0.91342449 0.24421701 -0.25556099
v -0.94051951 0.208627 -0.253232
v -0.9403075 0.20906901 -0.22729599
v -0.92911148 0.22823101 -0.22802599
v -0.94704551 0.18875901 -0.22661999
v -0.94704551 0.18875901 -0.22661999
v -0.9469555 0.189198 -0.201058
v -0.9469555 0.189198 -0.201058
v -0.94015348 0.20930201 -0.201419
v -0.9476195 0.16763501 -0.20063499
v -0.94766849 0.16797 -0.17530899
v -0.94716853 0.18943201 -0.175486
v -0.94716853 0.18943201 -0.175486
v -0.94781852 0.14616801 -0.17505999
v -0.94782752 0.14616901 -0.14997499
v -0.94767648 0.16800001 -0.149997
v -0.94791448 0.124502 -0.149875
v -0.94789851 0.12421101 -0.125056
v -0.9478125 0.14587601 -0.124998
v -0.94796252 0.10287601 -0.12500998
v -0.94793648 0.10236101 -0.10044199
v -0.94787753 0.12367 -0.10040599
v -0.9479605 0.081394009 -0.10034999
v -0.9479385 0.080754004 -0.07597699
v -0.9479205 0.10161301 -0.076097995
v -0.94791949 0.060247008 -0.07573799
v -0.94791651 0.059632007 -0.051406994
v -0.94794548 0.07992401 -0.051828992
v -0.94786751 0.040027007 -0.07547199
v -0.94785953 0.039632007 -0.050982993
v -0.94785953 0.039632007 -0.050982993
v -0.94786447 0.039244007 -0.026406992
v -0.94792449 0.058990005 -0.027119992
v -0.9477995 0.019968007 -0.075243995
v -0.9477905 0.019768007 -0.050625995
v -0.9477905 0.019768007 -0.050625995
v -0.94779152 0.019580007 -0.025850993
v -0.94779152 0.019580007 -0.025850993
v -0.9477905 0.019471006 -0.00072899315
v -0.9478665 0.038993008 -0.0015709931
v -0.9477365 6.9048838e-09 -0.050400995
v -0.94774753 6.9048838e-09 -0.025572993
v -0.94772148 6.9048838e-09 -0.00023499317
v -0.94778353 6.9048838e-09 0.025646007
v -0.94782847 0.019563006 0.025054008
v -0.94781852 6.9048838e-09 0.052426007
v -0.9478755 6.9048838e-09 0.079215005
v -0.94791752 0.020984007 0.078530006
v -0.94787151 0.020011008 0.051575005
v -0.94796848 0.041707005 0.076801009
v -0.9479335 0.039997008 0.049946006
v -0.94789749 0.039064009 0.023913007
v -0.94798052 0.059344009 0.047827005
v -0.94795448 0.058389008 0.022179008
v -0.94793153 0.058457006 -0.0027409932
v -0.94798553 0.077302009 0.019947007
v -0.94797248 0.077943005 -0.0041389931
v -0.94795853 0.078957006 -0.027920993
v -0.94797051 0.097808003 -0.0054329932
v -0.94795549 0.099376008 -0.028525993
v -0.94793153 0.10062101 -0.052103993
v -0.94791353 0.12038701 -0.028671993
v -0.94788551 0.12179001 -0.052063994
v -0.94786948 0.12287501 -0.076016992
v -0.94782048 0.143407 -0.051618993
v -0.94779551 0.14451401 -0.075697996
v -0.9477995 0.145326 -0.10020399
v -0.94767147 0.16642101 -0.075072996
v -0.9476645 0.167224 -0.099817991
v -0.94768453 0.16775401 -0.12481499
v -0.94710553 0.18891101 -0.099223994
v -0.94710553 0.18891101 -0.099223994
v -0.9471885 0.18933401 -0.12450899
v -0.9471885 0.18933401 -0.12450899
v -0.94730049 0.18947001 -0.14993699
v -0.94730049 0.18947001 -0.14993699
v -0.94013947 0.20938501 -0.12408699
v -0.94009948 0.20944601 -0.149803
v -0.94008148 0.20941801 -0.17558299
v -0.92915052 0.22855401 -0.14962
v -0.9290365 0.22847201 -0.175662
v -0.92898953 0.22836401 -0.201805
v -0.91291052 0.24478 -0.175716
v -0.91291052 0.24465901 -0.20220299
v -0.91310048 0.24448001 -0.22879499
v -0.89255548 0.254843 -0.20253499
v -0.89277148 0.25477099 -0.229546
v -0.89309251 0.25459599 -0.25671399
v -0.8703745 0.26154798 -0.230205
v -0.8706575 0.26146299 -0.25786999
v -0.87109548 0.26134402 -0.28593698
v -0.84808648 0.26678503 -0.258975
v -0.84833848 0.26674503 -0.28768501
v -0.84875047 0.26685601 -0.31705499
v -0.8251195 0.26723999 -0.28909799
v -0.82539248 0.26731002 -0.31898201
v -0.82586747 0.26733798 -0.34977299
v -0.80202353 0.26731104 -0.32049099
v -0.80226052 0.26731402 -0.35171798
v -0.8026225 0.26369101 -0.38358298
v -0.8264485 0.264458 -0.38169
v -0.80325949 0.25991899 -0.41711599
v -0.82718951 0.25996602 -0.41496798
v -0.8039245 0.25126201 -0.45147198
v -0.82792151 0.25192499 -0.44967398
v -0.80467451 0.233915 -0.48379099
v -0.80467451 0.233915 -0.48379099
v -0.8287015 0.234455 -0.482106
v -0.8287015 0.234455 -0.482106
v -0.80548048 0.20836401 -0.51045698
v -0.82957751 0.20857 -0.50935197
v -0.80612552 0.17767501 -0.531178
v -0.83022749 0.177404 -0.530056
v -0.80677152 0.14210801 -0.54269499
v -0.83079851 0.141597 -0.54191697
v -0.80749547 0.106171 -0.55135697
v -0.8316285 0.10584901 -0.55090499
v -0.80814952 0.070762008 -0.55864197
v -0.83237553 0.070523009 -0.55776101
v -0.8087495 0.035148006 -0.56162697
v -0.83298153 0.035141006 -0.56066698
v -0.80945247 6.9048838e-09 -0.56606597
v -0.83373648 6.9048838e-09 -0.56498998
v -0.55464453 6.9048838e-09 -0.047261994
v -0.5810855 0.2404 0.11690201
v -0.57906049 0.22613901 0.14444301
v -0.57906049 0.22613901 0.14444301
v -0.57802051 0.20139301 0.166912
v -0.58889252 0.227061 0.145052
v -0.58889252 0.227061 0.145052
v -0.58841753 0.20227501 0.16732401
v -0.5870375 0.17396201 0.187013
v -0.59992349 0.20280501 0.167299
v -0.59841251 0.17516001 0.18663701
v -0.59857148 0.14319801 0.19674501
v -0.61254549 0.17655501 0.185801
v -0.61350453 0.14596601 0.19677201
v -0.6180625 0.11635901 0.203952
v -0.63388753 0.14908901 0.19653401
v -0.63967347 0.12023101 0.20431401
v -0.64617652 0.091404006 0.21234901
v -0.66318148 0.12266301 0.204106
v -0.66852653 0.093261003 0.212492
v -0.67242348 0.062756009 0.218428
v -0.69144648 0.094330005 0.21233901
v -0.69467551 0.063474007 0.218344
v -0.6963135 0.031747006 0.22045001
v -0.7172755 0.063810006 0.21823001
v -0.7185415 0.031941008 0.22047201
v -0.7187525 6.9048838e-09 0.223276
v -0.74123651 0.032017007 0.22043401
v -0.74131852 6.9048838e-09 0.22367601
v -0.7642085 6.9048838e-09 0.22315301
v -0.94774652 6.9048838e-09 -0.075126991
v -0.94786549 6.9048838e-09 0.13218901
v -0.94792449 6.9048838e-09 0.10624301
v -0.9478575 0.024286008 0.13106501
v -0.94794452 0.022403007 0.10528401
v -0.9479295 0.048585005 0.12871701
v -0.94798952 0.044696007 0.10332201
v -0.9479475 0.072338007 0.125054
v -0.94801849 0.066523008 0.099982008
v -0.94800448 0.062018007 0.074027009
v -0.9480235 0.087559007 0.095020004
v -0.94801652 0.081549004 0.069888003
v -0.94800651 0.078111008 0.044798005
v -0.94800353 0.099551007 0.06412901
v -0.9480055 0.096488006 0.040792007
v -0.94798648 0.096452005 0.017517006
v -0.94798648 0.11517701 0.036872007
v -0.94796753 0.11630001 0.015686007
v -0.94793749 0.11849001 -0.0060649933
v -0.94792449 0.137141 0.015448008
v -0.94788551 0.13985001 -0.0057059932
v -0.94785547 0.14190601 -0.028173992
v -0.94778252 0.16200501 -0.0041369931
v -0.9477405 0.163957 -0.026950993
v -0.9477095 0.16535601 -0.050723992
v -0.94744849 0.18608101 -0.025297994
v -0.94744849 0.18608101 -0.025297994
v -0.9473505 0.18730301 -0.049490992
v -0.9473505 0.18730301 -0.049490992
v -0.94720453 0.188241 -0.07418099
v -0.94720453 0.188241 -0.07418099
v -0.9408825 0.20807901 -0.048049994
v -0.9405275 0.20874901 -0.073125996
v -0.94028252 0.209169 -0.098493993
v -0.92928249 0.22802201 -0.07197699
v -0.92931151 0.22842501 -0.09770599
v -0.92923248 0.22855701 -0.12361399
v -0.91318953 0.244652 -0.096881993
v -0.9130345 0.244717 -0.12306799
v -0.91295648 0.24479501 -0.14935699
v -0.89254647 0.25497103 -0.12242699
v -0.89246649 0.25496703 -0.148987
v -0.89245951 0.254915 -0.17568099
v -0.87008351 0.26172501 -0.148536
v -0.87018251 0.26174599 -0.175587
v -0.87028849 0.261648 -0.20279099
v -0.84751552 0.26684201 -0.175405
v -0.84767449 0.26657498 -0.20296299
v -0.84790748 0.26685303 -0.230783
v -0.82453048 0.267156 -0.20304599
v -0.82473052 0.26716602 -0.23125699
v -0.82491648 0.26720202 -0.25993198
v -0.80157453 0.26705503 -0.23164
v -0.80173451 0.26711398 -0.26062301
v -0.8018595 0.26721001 -0.29017898
v -0.77861249 0.26699203 -0.26110598
v -0.77866948 0.26714903 -0.290997
v -0.77869749 0.26728898 -0.32165399
v -0.75556052 0.26710004 -0.291563
v -0.75546253 0.26725799 -0.32253399
v -0.75530851 0.26731598 -0.354092
v -0.77874851 0.26732701 -0.353066
v -0.75520653 0.26322001 -0.38617501
v -0.7789045 0.26334798 -0.38513699
v -0.75547749 0.25971502 -0.419958
v -0.77937549 0.25980598 -0.41880998
v -0.75597149 0.25064099 -0.45407599
v -0.77996951 0.25081903 -0.45294899
v -0.75641048 0.23358001 -0.486092
v -0.75641048 0.23358001 -0.486092
v -0.78059649 0.23359901 -0.485089
v -0.78059649 0.23359901 -0.485089
v -0.75680947 0.20776501 -0.51203901
v -0.78117752 0.20806101 -0.51133102
v -0.75755447 0.17734 -0.53303701
v -0.78187251 0.17773601 -0.532152
v -0.75849348 0.14213401 -0.54423296
v -0.78267151 0.14230101 -0.54343802
v -0.7593925 0.10675101 -0.55339897
v -0.78343648 0.10647701 -0.55226398
v -0.76006752 0.071067005 -0.55971301
v -0.78404552 0.070919007 -0.55928099
v -0.76047951 0.035406008 -0.56466901
v -0.78461951 0.035254005 -0.56315702
v -0.76067948 6.9048838e-09 -0.56733197
v -0.78506649 6.9048838e-09 -0.56685501
v -0.7363795 6.9048838e-09 -0.56726801
v -0.52940953 6.9048838e-09 -0.079735994
v -0.54501349 6.9048838e-09 -0.066715993
v -0.54501349 6.9048838e-09 -0.066715993
v -0.53047651 0.018356007 -0.082768992
v -0.54595453 0.020641007 -0.069208995
v -0.53104448 0.036374006 -0.089022994
v -0.53100652 0.053884007 -0.098444991
v -0.53102052 0.070202008 -0.11013199
v -0.53080851 0.085005008 -0.12369999
v -0.54399848 0.10541101 -0.13301399
v -0.54309851 0.116092 -0.152109
v -0.55254751 0.12910901 -0.14430599
v -0.5589205 0.14569601 -0.13363399
v -0.55212551 0.13793801 -0.16632599
v -0.55983549 0.15489501 -0.157628
v -0.5642395 0.17384301 -0.14895499
v -0.56638551 0.19312701 -0.142455
v -0.5672965 0.210362 -0.138991
v -0.56750351 0.224922 -0.13750599
v -0.58427352 0.26114702 0.030815005
v -0.58321548 0.25895602 0.059467006
v -0.58200347 0.253299 0.088985004
v -0.59273648 0.25927502 0.059807006
v -0.59222549 0.25384402 0.08936201
v -0.59136748 0.24104601 0.11742001
v -0.60345048 0.25385702 0.08950901
v -0.60259551 0.24126501 0.11747501
v -0.60025549 0.22722501 0.14506601
v -0.60025549 0.22722501 0.14506601
v -0.61475152 0.24149901 0.11743401
v -0.61495149 0.227347 0.14513601
v -0.61495149 0.227347 0.14513601
v -0.6134665 0.203474 0.16700101
v -0.63272852 0.22759901 0.144878
v -0.63272852 0.22759901 0.144878
v -0.63116151 0.204354 0.166462
v -0.63135052 0.177947 0.18479301
v -0.65356249 0.20526101 0.16593301
v -0.65459353 0.17936201 0.183797
v -0.65802753 0.151508 0.196031
v -0.68006551 0.180627 0.182987
v -0.68305647 0.15308201 0.19569001
v -0.68720752 0.12412201 0.20394
v -0.70807052 0.154154 0.195398
v -0.71136552 0.12488201 0.20388401
v -0.71470451 0.094876006 0.212299
v -0.7355305 0.125302 0.20382801
v -0.7381435 0.095105007 0.21234001
v -0.7402215 0.063933007 0.21812901
v -0.76179451 0.095138006 0.212219
v -0.76348251 0.063910007 0.21791001
v -0.76422453 0.032029007 0.220367
v -0.7870155 0.06374801 0.21757801
v -0.78753048 0.031963006 0.22033101
v -0.78750449 6.9048838e-09 0.222947
v -0.8111465 0.031829007 0.22026701
v -0.81093848 6.9048838e-09 0.222847
v -0.83484751 6.9048838e-09 0.223232
v -0.93705553 6.9048838e-09 0.17658401
v -0.93705553 6.9048838e-09 0.17658401
v -0.94696748 6.9048838e-09 0.15536001
v -0.94696748 6.9048838e-09 0.15536001
v -0.93662548 0.027891006 0.17499101
v -0.94686753 0.026303006 0.15458401
v -0.94686753 0.026303006 0.15458401
v -0.93663251 0.055747006 0.17186101
v -0.94679248 0.052456006 0.15187801
v -0.94679248 0.052456006 0.15187801
v -0.93635452 0.083105005 0.167116
v -0.94672549 0.078167006 0.14784701
v -0.94672549 0.078167006 0.14784701
v -0.93567652 0.11021201 0.16053301
v -0.94625551 0.10327901 0.14156701
v -0.9479025 0.095361009 0.11971801
v -0.94781351 0.116882 0.11236601
v -0.94798648 0.10668501 0.08856301
v -0.94771349 0.13567801 0.102883
v -0.94793451 0.12312301 0.080359004
v -0.9479785 0.11639601 0.057536006
v -0.94795752 0.13421801 0.034742005
v -0.9478845 0.155522 0.036022007
v -0.94782549 0.15929401 0.017228007
v -0.94757152 0.178884 0.041533008
v -0.94757152 0.178884 0.041533008
v -0.94750148 0.182399 0.020647006
v -0.94750148 0.182399 0.020647006
v -0.94741452 0.18458401 -0.0017779932
v -0.94741452 0.18458401 -0.0017779932
v -0.94305551 0.20395601 0.024806008
v -0.9421255 0.205786 0.00090900692
v -0.94137949 0.20709501 -0.023341993
v -0.93080449 0.22524101 0.0040800069
v -0.93016952 0.226794 -0.021096993
v -0.9296385 0.22757801 -0.046455994
v -0.91419351 0.243514 -0.018746993
v -0.91369748 0.24411501 -0.044796992
v -0.9133895 0.244468 -0.070801996
v -0.89338148 0.25473899 -0.043024994
v -0.89297253 0.254888 -0.069520995
v -0.89271349 0.254969 -0.095963992
v -0.87036347 0.26164299 -0.067889996
v -0.87015247 0.26171803 -0.09477599
v -0.87007451 0.261724 -0.121617
v -0.84734148 0.26703 -0.09341199
v -0.84733349 0.266936 -0.120681
v -0.84737951 0.266954 -0.147984
v -0.8240605 0.267362 -0.11969099
v -0.82418448 0.26729798 -0.14736399
v -0.82434648 0.26724398 -0.175127
v -0.80097252 0.26726502 -0.14668599
v -0.80118048 0.26717401 -0.17477199
v -0.80138952 0.267079 -0.203034
v -0.77810049 0.267057 -0.17434199
v -0.77832949 0.26692998 -0.202944
v -0.7785055 0.26689303 -0.231813
v -0.75539452 0.266801 -0.20269799
v -0.7555545 0.26674801 -0.231813
v -0.75560552 0.266882 -0.26137599
v -0.7327615 0.26668501 -0.23164099
v -0.73276049 0.26678503 -0.26140198
v -0.73260152 0.26700801 -0.29183
v -0.71013051 0.266653 -0.261161
v -0.70982248 0.26677799 -0.291787
v -0.7092855 0.26691699 -0.32332999
v -0.73231947 0.26716501 -0.32312799
v -0.70859051 0.26700902 -0.35505098
v -0.7319265 0.26725501 -0.35478801
v -0.70794249 0.26259702 -0.38676
v -0.73158151 0.26305002 -0.38669899
v -0.70748949 0.259269 -0.420854
v -0.73152047 0.25963002 -0.42065001
v -0.70744449 0.25046599 -0.45554098
v -0.70744449 0.25046599 -0.45554098
v -0.73179448 0.25047898 -0.45495999
v -0.70756751 0.23341301 -0.48752299
v -0.70756751 0.23341301 -0.48752299
v -0.70756751 0.23341301 -0.48752299
v -0.73208451 0.233307 -0.48675901
v -0.73208451 0.233307 -0.48675901
v -0.70792848 0.207138 -0.51312399
v -0.73242849 0.207442 -0.51260698
v -0.70884651 0.176641 -0.53404498
v -0.73323649 0.17704001 -0.53365797
v -0.71012551 0.14180501 -0.54558396
v -0.73430347 0.14196001 -0.54496402
v -0.71125549 0.10680401 -0.55588299
v -0.73530549 0.10690801 -0.55462599
v -0.7118575 0.070875004 -0.56111699
v -0.73600852 0.071022004 -0.56008899
v -0.71214449 0.035490006 -0.56548798
v -0.73632449 0.035473008 -0.56547302
v -0.7122305 6.9048838e-09 -0.567056
v -0.6881665 0.035337009 -0.56440598
v -0.68844151 6.9048838e-09 -0.56551397
v -0.66565049 6.9048838e-09 -0.56720501
v -0.49067751 6.9048838e-09 -0.091618992
v -0.51140249 6.9048838e-09 -0.087469995
v -0.49096251 0.016637007 -0.09510199
v -0.51202053 0.017105008 -0.090821996
v -0.49131951 0.033349007 -0.100724
v -0.49165249 0.050316006 -0.10835499
v -0.51283848 0.051064007 -0.10524099
v -0.49190849 0.066512004 -0.11787199
v -0.5130735 0.067207009 -0.115633
v -0.49203449 0.081033006 -0.12932399
v -0.5132665 0.08184801 -0.127848
v -0.4918355 0.094026007 -0.14164399
v -0.4918355 0.094026007 -0.14164399
v -0.51320249 0.094567008 -0.14148
v -0.51320249 0.094567008 -0.14148
v -0.51320249 0.094567008 -0.14148
v -0.49089149 0.10372201 -0.156381
v -0.51223952 0.104229 -0.15720099
v -0.51223952 0.104229 -0.15720099
v -0.52937949 0.10735101 -0.156445
v -0.51014352 0.10973001 -0.174999
v -0.51014352 0.10973001 -0.174999
v -0.52737349 0.11464801 -0.17505799
v -0.5414905 0.12437001 -0.17234999
v -0.52486748 0.11963901 -0.19470799
v -0.53994048 0.130225 -0.19299999
v -0.5517875 0.14473201 -0.188291
v -0.53861451 0.134544 -0.21376699
v -0.55138952 0.14999901 -0.21030299
v -0.56054151 0.167969 -0.20552699
v -0.56042647 0.16229801 -0.181503
v -0.56531149 0.187151 -0.200758
v -0.5651105 0.18130101 -0.17474899
v -0.56698251 0.205428 -0.197421
v -0.5670085 0.20011601 -0.17001699
v -0.56731248 0.22058901 -0.19594499
v -0.56738353 0.21599101 -0.167606
v -0.56747651 0.23310101 -0.19558299
v -0.56753248 0.22962901 -0.166623
v -0.56768548 0.24145801 -0.19574799
v -0.56771749 0.23885901 -0.16662499
v -0.56769049 0.23572101 -0.13732399
v -0.56798053 0.246923 -0.166833
v -0.5679515 0.24425401 -0.137603
v -0.58104849 0.26596999 -0.081339993
v -0.58734453 0.26675403 -0.053128995
v -0.58589453 0.26644301 -0.024974992
v -0.5848105 0.26609802 0.0029950067
v -0.59489048 0.266931 -0.025180994
v -0.59424448 0.26637 0.0030110069
v -0.5938555 0.26139098 0.030972008
v -0.60422152 0.26644999 0.0029560067
v -0.60412949 0.26142901 0.031027008
v -0.60344052 0.25937599 0.059981007
v -0.61787951 0.261352 0.031062007
v -0.6175245 0.259372 0.060123008
v -0.61687452 0.25372499 0.089556009
v -0.63395548 0.25950402 0.060143005
v -0.6337055 0.25362402 0.089441009
v -0.6334675 0.241547 0.11753801
v -0.65397352 0.253564 0.089294009
v -0.65380448 0.24169801 0.117355
v -0.65375352 0.227769 0.144509
v -0.65375352 0.227769 0.144509
v -0.67758751 0.242007 0.11704501
v -0.6778425 0.22788301 0.14383
v -0.67851949 0.206211 0.16542101
v -0.70364249 0.22827801 0.14311901
v -0.70364249 0.22827801 0.14311901
v -0.70421052 0.20703101 0.16488801
v -0.70558453 0.18168701 0.182372
v -0.72983748 0.20780501 0.16438301
v -0.73094052 0.18253601 0.181959
v -0.73293149 0.154918 0.195344
v -0.7560935 0.18313901 0.18147601
v -0.75762248 0.15540001 0.195271
v -0.75964749 0.12545 0.20361601
v -0.78218949 0.15569201 0.19499101
v -0.7838105 0.12543601 0.20341
v -0.78560853 0.095014006 0.21201201
v -0.80796748 0.12526801 0.20329201
v -0.80952251 0.09478201 0.21178801
v -0.81077051 0.063458011 0.216959
v -0.83358651 0.094509006 0.211511
v -0.8346175 0.06315501 0.21623601
v -0.83491451 0.031643007 0.220181
v -0.8585915 0.062831007 0.21513601
v -0.85888952 0.031494007 0.21905401
v -0.8590225 6.9048838e-09 0.222183
v -0.88270348 0.031225007 0.215773
v -0.88297051 6.9048838e-09 0.219181
v -0.90642452 6.9048838e-09 0.21182601
v -0.92509651 6.9048838e-09 0.19650801
v -0.92509651 6.9048838e-09 0.19650801
v -0.92509651 6.9048838e-09 0.19650801
v -0.90556753 0.030681007 0.20921201
v -0.9243775 0.029483007 0.19491401
v -0.9243775 0.029483007 0.19491401
v -0.90563053 0.061186008 0.205953
v -0.92451948 0.058924008 0.19162501
v -0.92451948 0.058924008 0.19162501
v -0.90492052 0.091450006 0.200543
v -0.92422348 0.088002004 0.18657301
v -0.92422348 0.088002004 0.18657301
v -0.90378249 0.12093901 0.19267301
v -0.9234075 0.11649301 0.17931001
v -0.9234075 0.11649301 0.17931001
v -0.90322948 0.15043201 0.18386701
v -0.90322948 0.15043201 0.18386701
v -0.92256552 0.14464201 0.17081201
v -0.92256552 0.14464201 0.17081201
v -0.92182553 0.17112501 0.15779401
v -0.93442053 0.16020201 0.14047301
v -0.94558048 0.148598 0.12262901
v -0.93372953 0.18135701 0.124402
v -0.94521248 0.167438 0.10856
v -0.93356049 0.19885701 0.10437301
v -0.9449895 0.18294001 0.091191009
v -0.93308449 0.211557 0.080843009
v -0.9448545 0.194011 0.070789009
v -0.93212348 0.218832 0.055308007
v -0.94393849 0.200697 0.048325006
v -0.93133348 0.222855 0.029508008
v -0.91755849 0.23580901 0.062693007
v -0.91655451 0.24001101 0.034490008
v -0.91524351 0.24228501 0.007493007
v -0.89684951 0.25109702 0.039218009
v -0.8954705 0.25378501 0.011025007
v -0.89411253 0.25461704 -0.016266994
v -0.87302351 0.25970203 0.014683006
v -0.87174147 0.26110399 -0.013386993
v -0.87080252 0.26148802 -0.040840995
v -0.84880149 0.26654303 -0.010387993
v -0.84794849 0.26699799 -0.038400993
v -0.84751952 0.26701498 -0.066031992
v -0.82452548 0.26753801 -0.036127992
v -0.8241455 0.26748103 -0.064208992
v -0.82402349 0.26740003 -0.092017993
v -0.80073351 0.26753199 -0.062485993
v -0.80067849 0.26742399 -0.090652995
v -0.80078751 0.26733798 -0.11868499
v -0.77736449 0.26738 -0.08934699
v -0.77757549 0.26727903 -0.11766099
v -0.7778405 0.26718402 -0.14595099
v -0.7544055 0.26720703 -0.116621
v -0.75478548 0.26711601 -0.14519599
v -0.7551285 0.26696503 -0.17387
v -0.73186451 0.26708502 -0.144421
v -0.73229748 0.26694798 -0.1733
v -0.73260248 0.26676601 -0.20232899
v -0.70962453 0.266913 -0.172675
v -0.71000952 0.26676798 -0.20184299
v -0.71019047 0.26664901 -0.23127399
v -0.68764049 0.266675 -0.201252
v -0.68789649 0.266482 -0.23073499
v -0.68778151 0.26634103 -0.26065698
v -0.66603351 0.26677001 -0.23004
v -0.6659475 0.26668 -0.25988901
v -0.66526949 0.26667899 -0.290378
v -0.68728048 0.26624703 -0.29138198
v -0.6641345 0.266747 -0.32173198
v -0.68644953 0.26626503 -0.322882
v -0.66273749 0.26689398 -0.35375801
v -0.68540549 0.26623702 -0.35465598
v -0.66119349 0.26310503 -0.38624498
v -0.68441051 0.26130003 -0.386323
v -0.65989149 0.25938803 -0.420237
v -0.68345147 0.25835103 -0.420371
v -0.65927547 0.25057703 -0.45513201
v -0.68292648 0.24953601 -0.455075
v -0.68292648 0.24953601 -0.455075
v -0.65950549 0.23330601 -0.48773
v -0.65950549 0.23330601 -0.48773
v -0.68290353 0.23237801 -0.48703799
v -0.68290353 0.23237801 -0.48703799
v -0.68290353 0.23237801 -0.48703799
v -0.66011548 0.206723 -0.51378298
v -0.68340248 0.206551 -0.51304299
v -0.66107351 0.17560101 -0.534513
v -0.6844545 0.17598601 -0.53371
v -0.6625815 0.141036 -0.54688597
v -0.68604451 0.14128301 -0.54550999
v -0.66421348 0.10580101 -0.55649
v -0.68729049 0.10621501 -0.55538398
v -0.66519952 0.070284009 -0.562567
v -0.68791151 0.070546009 -0.56087202
v -0.66531748 0.035078008 -0.56555802
v -0.64368749 0.069812007 -0.56384099
v -0.64361149 0.034779008 -0.56656802
v -0.64369148 6.9048838e-09 -0.56882298
v -0.6258105 0.034448005 -0.56664002
v -0.62565547 6.9048838e-09 -0.56880599
v -0.6123625 6.9048838e-09 -0.56839198
v -0.44226748 6.9048838e-09 -0.092431992
v -0.46683651 6.9048838e-09 -0.092585996
v -0.44225448 0.017245008 -0.096156992
v -0.46696651 0.016828006 -0.096264996
v -0.44227749 0.034276009 -0.102033
v -0.44229847 0.051318008 -0.10950899
v -0.46726549 0.050644007 -0.109423
v -0.44230348 0.067682005 -0.11830499
v -0.4673045 0.067006007 -0.11845399
v -0.4421975 0.081934005 -0.12904599
v -0.46725249 0.08132901 -0.129511
v -0.4418515 0.094458006 -0.14052999
v -0.4418515 0.094458006 -0.14052999
v -0.46709049 0.094166011 -0.14127199
v -0.46709049 0.094166011 -0.14127199
v -0.44100249 0.10339601 -0.15409999
v -0.46621451 0.10348801 -0.15521599
v -0.43946546 0.10680401 -0.17014699
v -0.46430749 0.10705901 -0.171803
v -0.4887045 0.107765 -0.173685
v -0.46198249 0.10881401 -0.18960699
v -0.4859215 0.11023301 -0.19176599
v -0.4859215 0.11023301 -0.19176599
v -0.5073235 0.11316101 -0.19379599
v -0.5073235 0.11316101 -0.19379599
v -0.48297051 0.11157001 -0.210513
v -0.48297051 0.11157001 -0.210513
v -0.50383049 0.115339 -0.21298899
v -0.52222848 0.12302801 -0.214608
v -0.50087148 0.11653601 -0.232393
v -0.51995349 0.12536801 -0.23417099
v -0.5373385 0.137619 -0.234294
v -0.51845747 0.126974 -0.253739
v -0.53644753 0.13963501 -0.25463998
v -0.55043048 0.15655601 -0.25438699
v -0.5508765 0.153871 -0.23239799
v -0.56065547 0.17490701 -0.253582
v -0.5606575 0.17204 -0.22948299
v -0.56530648 0.194518 -0.25266001
v -0.56526649 0.19152001 -0.22673099
v -0.56689447 0.21243201 -0.25236198
v -0.56686848 0.20954101 -0.22492599
v -0.56721449 0.22634701 -0.252682
v -0.56722349 0.22392301 -0.22432099
v -0.56738752 0.23618101 -0.253223
v -0.56742048 0.235119 -0.22438699
v -0.56756151 0.243752 -0.25374401
v -0.56767249 0.24280801 -0.22474599
v -0.56792748 0.25116199 -0.25420898
v -0.56812352 0.25016099 -0.22507499
v -0.56795651 0.248886 -0.195999
v -0.56915551 0.25718999 -0.225391
v -0.56890053 0.25618303 -0.19624099
v -0.5688765 0.25464302 -0.167073
v -0.57250452 0.262214 -0.19650899
v -0.57197148 0.26132399 -0.16733399
v -0.57118249 0.25978398 -0.138238
v -0.57781649 0.26548404 -0.16762799
v -0.57712853 0.26427901 -0.138579
v -0.58544451 0.26647002 -0.16797699
v -0.58544451 0.26647002 -0.16797699
v -0.5846355 0.26609904 -0.13895199
v -0.58306849 0.26626003 -0.110085
v -0.59251148 0.26657701 -0.139312
v -0.59120053 0.26667601 -0.11043999
v -0.58926648 0.266702 -0.081688993
v -0.59971052 0.26682603 -0.11083099
v -0.59762251 0.26686502 -0.082053997
v -0.59579951 0.26695901 -0.053471994
v -0.60858148 0.267039 -0.082492992
v -0.60633951 0.26709104 -0.053849991
v -0.60478449 0.26707304 -0.025402993
v -0.62153548 0.267232 -0.054317992
v -0.61941451 0.26718903 -0.025700994
v -0.61846352 0.26656002 0.0028550071
v -0.63747251 0.267272 -0.026100993
v -0.63611048 0.26660299 0.0026320068
v -0.6344955 0.26135099 0.030993007
v -0.65685749 0.26666403 0.0021790068
v -0.65536952 0.26096499 0.030696008
v -0.65462053 0.25945902 0.059986006
v -0.67935848 0.25909102 0.029882006
v -0.6785965 0.25858599 0.059412006
v -0.67785448 0.25289398 0.088755004
v -0.70365548 0.259426 0.058726005
v -0.70339251 0.25374001 0.088046007
v -0.70336151 0.24253301 0.11625201
v -0.72879553 0.25440699 0.08711601
v -0.72898149 0.242872 0.11519501
v -0.72932249 0.22873901 0.14225
v -0.72932249 0.22873901 0.14225
v -0.75424647 0.243247 0.11394801
v -0.75465453 0.22919901 0.14122701
v -0.75465453 0.22919901 0.14122701
v -0.75517648 0.208507 0.16378301
v -0.75517648 0.208507 0.16378301
v -0.7796995 0.22964101 0.14008
v -0.78027248 0.20916 0.16310401
v -0.78027248 0.20916 0.16310401
v -0.78102052 0.18361001 0.18091801
v -0.80515552 0.209773 0.16240701
v -0.80515552 0.209773 0.16240701
v -0.8057695 0.18387301 0.180381
v -0.80667049 0.15573001 0.194803
v -0.8303985 0.18400301 0.179882
v -0.83109152 0.155515 0.19456501
v -0.83222151 0.124972 0.203133
v -0.85557848 0.15486601 0.19348201
v -0.85646051 0.12438401 0.20226401
v -0.85779452 0.094121009 0.21070501
v -0.88066852 0.12315701 0.19922501
v -0.88198251 0.093205005 0.20778
v -0.88260651 0.062285006 0.21253401
v -0.87989151 0.15324001 0.19042
v -0.85497153 0.183613 0.178847
v -0.8790825 0.18143001 0.17507701
v -0.9022755 0.178259 0.169392
v -0.9022755 0.178259 0.169392
v -0.87864751 0.207442 0.15642701
v -0.87864751 0.207442 0.15642701
v -0.9016875 0.20334001 0.15052301
v -0.9016875 0.20334001 0.15052301
v -0.92086852 0.19468601 0.139759
v -0.90050048 0.223488 0.126127
v -0.92000049 0.21388401 0.117102
v -0.89904851 0.237734 0.09814401
v -0.9188565 0.22776601 0.090738006
v -0.89806348 0.24701701 0.068573005
v -0.87634748 0.24214001 0.10291301
v -0.87556851 0.25264001 0.073189005
v -0.8741585 0.256199 0.043411005
v -0.85204148 0.25574601 0.077157006
v -0.85090351 0.26011002 0.047227006
v -0.84980452 0.26325899 0.018121006
v -0.82695651 0.26028103 0.050167006
v -0.82609248 0.262582 0.020809006
v -0.82519352 0.26723498 -0.0076599931
v -0.80202651 0.26211303 0.023214007
v -0.80144453 0.26715499 -0.0053279931
v -0.8009755 0.26756299 -0.034033991
v -0.77754849 0.26713401 -0.0034119932
v -0.77734751 0.26754701 -0.032216992
v -0.77729249 0.26749903 -0.060881995
v -0.75359648 0.26750898 -0.030635994
v -0.7537995 0.26740503 -0.059407994
v -0.75408453 0.26728302 -0.08806999
v -0.7302525 0.26713502 -0.058151994
v -0.73079348 0.267075 -0.08688499
v -0.73131752 0.26713103 -0.115628
v -0.70754951 0.266388 -0.085845992
v -0.7083475 0.26700503 -0.11471299
v -0.70906049 0.26702803 -0.14365199
v -0.68547553 0.26687801 -0.11384299
v -0.68639952 0.26693201 -0.14287999
v -0.68711048 0.26685899 -0.172006
v -0.6643725 0.26711398 -0.14214599
v -0.6651665 0.267075 -0.171307
v -0.66562951 0.26693702 -0.200553
v -0.64486152 0.26720202 -0.17058599
v -0.64550853 0.267142 -0.19980299
v -0.64586252 0.26711398 -0.22921999
v -0.62833953 0.26709902 -0.19903499
v -0.62856948 0.26710403 -0.22840199
v -0.6283645 0.26710099 -0.258093
v -0.64562953 0.26708603 -0.258982
v -0.62761849 0.267097 -0.28830698
v -0.64483851 0.267057 -0.28931299
v -0.6263845 0.267097 -0.319327
v -0.64351952 0.26708698 -0.320503
v -0.6248045 0.26712501 -0.35139599
v -0.64193749 0.267124 -0.35259798
v -0.62323451 0.26370603 -0.38415098
v -0.64016348 0.26347303 -0.38528898
v -0.62311047 0.259826 -0.41836599
v -0.6391505 0.25975603 -0.419395
v -0.6235615 0.25123101 -0.45393899
v -0.6392495 0.25082201 -0.454449
v -0.62365949 0.23360501 -0.487528
v -0.62365949 0.23360501 -0.487528
v -0.63986349 0.233509 -0.487683
v -0.63986349 0.233509 -0.487683
v -0.62325448 0.206505 -0.51422602
v -0.64025348 0.206614 -0.51404399
v -0.62367052 0.17473301 -0.53529698
v -0.64053953 0.17512801 -0.53489
v -0.62491351 0.139685 -0.54785401
v -0.6418525 0.14039101 -0.54755998
v -0.62590748 0.10448801 -0.55776399
v -0.64321953 0.10517201 -0.55745798
v -0.6261465 0.069312006 -0.56413001
v -0.61319852 0.10396801 -0.55792797
v -0.6134035 0.068885006 -0.56413597
v -0.61266851 0.034217007 -0.56662601
v -0.60313052 0.068569005 -0.56416899
v -0.6028415 0.034063008 -0.56658697
v -0.60243851 6.9048838e-09 -0.56846499
v -0.59506148 0.033913005 -0.56649899
v -0.59455752 6.9048838e-09 -0.568542
v -0.58757252 6.9048838e-09 -0.56871498
v -0.41759652 6.9048838e-09 -0.09115199
v -0.39288348 0.017990006 -0.09482199
v -0.41756451 0.017697006 -0.095562994
v -0.39267451 0.035520006 -0.10089699
v -0.41746151 0.035002008 -0.10154499
v -0.39252651 0.052666008 -0.10846899
v -0.4173885 0.052070007 -0.10904999
v -0.39236552 0.068909004 -0.117323
v -0.41730946 0.068341009 -0.11788099
v -0.39208251 0.083173007 -0.1274
v -0.4171105 0.082590006 -0.12829199
v -0.39157552 0.095118009 -0.13865499
v -0.39157552 0.095118009 -0.13865499
v -0.4166435 0.094808005 -0.13957299
v -0.4166435 0.094808005 -0.13957299
v -0.39070255 0.103687 -0.152181
v -0.4157685 0.10352301 -0.15310799
v -0.3895185 0.10657201 -0.16787399
v -0.41447252 0.10661601 -0.16885599
v -0.3881005 0.10720101 -0.18504299
v -0.41286951 0.10739001 -0.18618
v -0.43757755 0.10777101 -0.187702
v -0.41123253 0.10836401 -0.20474699
v -0.43564647 0.10906 -0.20628999
v -0.4596625 0.11010601 -0.20825599
v -0.43389946 0.109901 -0.225045
v -0.45752349 0.11068801 -0.227148
v -0.48013049 0.11240301 -0.229737
v -0.48013049 0.11240301 -0.229737
v -0.45559949 0.111049 -0.246125
v -0.4778395 0.11300901 -0.249047
v -0.4778395 0.11300901 -0.249047
v -0.49898049 0.11749601 -0.25182199
v -0.4761335 0.113318 -0.268078
v -0.4761335 0.113318 -0.268078
v -0.49761251 0.11822901 -0.27104199
v -0.51755452 0.127753 -0.27331698
v -0.49659249 0.11830401 -0.28997698
v -0.51722348 0.127478 -0.29273599
v -0.53587753 0.14043801 -0.29541498
v -0.53605348 0.14062601 -0.27507699
v -0.5501985 0.15791501 -0.298861
v -0.5502035 0.15797901 -0.27662098
v -0.56075352 0.17697801 -0.30247298
v -0.56072253 0.17656201 -0.27792799
v -0.56545049 0.19720301 -0.30583099
v -0.56537849 0.196444 -0.27895999
v -0.5670585 0.215578 -0.308716
v -0.56692851 0.21442601 -0.28015599
v -0.56728452 0.229422 -0.31064299
v -0.56725651 0.228016 -0.28139299
v -0.56741452 0.23797001 -0.31183499
v -0.56743753 0.23732001 -0.28228599
v -0.56757849 0.24532901 -0.31276798
v -0.56761152 0.244743 -0.28301999
v -0.5681175 0.25226003 -0.313636
v -0.56811053 0.251917 -0.283687
v -0.5700295 0.25849301 -0.314401
v -0.56979752 0.25849402 -0.28433999
v -0.56918949 0.25812203 -0.25464898
v -0.57370353 0.26382798 -0.28493899
v -0.5732615 0.26354903 -0.25508401
v -0.5729875 0.26280898 -0.22571599
v -0.5797435 0.26607502 -0.25550699
v -0.5797435 0.26607502 -0.25550699
v -0.57920152 0.26599401 -0.22604999
v -0.5785585 0.26576799 -0.19680199
v -0.5865795 0.26676798 -0.22639799
v -0.5865795 0.26676798 -0.22639799
v -0.58603048 0.26649404 -0.19711499
v -0.58603048 0.26649404 -0.19711499
v -0.59440351 0.26691604 -0.22675899
v -0.5940035 0.26678401 -0.19746399
v -0.59340149 0.26668602 -0.16832499
v -0.60219449 0.26691401 -0.19784899
v -0.60155052 0.26684201 -0.168717
v -0.6007725 0.26675898 -0.13972199
v -0.61357951 0.26695698 -0.16924699
v -0.61251253 0.26689702 -0.140249
v -0.61077249 0.26693499 -0.111311
v -0.62694448 0.26704699 -0.14084499
v -0.62557149 0.26708502 -0.11187799
v -0.6237275 0.26718998 -0.08302699
v -0.64263952 0.26725203 -0.112459
v -0.64085352 0.267335 -0.08357399
v -0.63907349 0.26733303 -0.054804992
v -0.6616075 0.26725101 -0.084144995
v -0.65995252 0.26728803 -0.055375993
v -0.65836251 0.26718301 -0.026642993
v -0.6831125 0.26641202 -0.056118995
v -0.6817385 0.26643598 -0.027350994
v -0.6803965 0.26588398 0.0014540069
v -0.70575649 0.26701903 -0.028207993
v -0.70483851 0.26663899 0.00068200682
v -0.70423752 0.26044202 0.029199006
v -0.7292555 0.266918 -0.00038199313
v -0.72888649 0.26163799 0.028250007
v -0.7287305 0.25973898 0.057685006
v -0.7534585 0.26190799 0.026905008
v -0.75361949 0.25987303 0.056306008
v -0.75390249 0.25476801 0.085782006
v -0.77827853 0.25999302 0.054652005
v -0.77876252 0.25504303 0.084231004
v -0.77922249 0.24380501 0.11259801
v -0.80341351 0.25555503 0.082374007
v -0.8039825 0.24431701 0.11099701
v -0.80456251 0.23011701 0.13888501
v -0.82847053 0.24478301 0.10911201
v -0.82919651 0.23044501 0.13739201
v -0.82988149 0.21020801 0.161614
v -0.82988149 0.21020801 0.161614
v -0.85360652 0.23031001 0.13520801
v -0.85451752 0.20981 0.16005901
v -0.85451752 0.20981 0.16005901
v -0.87760651 0.22825901 0.13155201
v -0.8527115 0.244615 0.10675601
v -0.82781547 0.25612301 0.08008901
v -0.80272847 0.26007199 0.052625008
v -0.77783448 0.26207501 0.025219006
v -0.75348848 0.26703703 -0.0017309932
v -0.72972351 0.26740998 -0.029287994
v -0.70667553 0.26639003 -0.057037994
v -0.68437248 0.26642102 -0.084911995
v -0.66318953 0.267223 -0.11306499
v -0.64398253 0.26719499 -0.14148
v -0.62786251 0.26708102 -0.16987699
v -0.61410451 0.26700902 -0.19837399
v -0.60237849 0.26697898 -0.22715899
v -0.61427152 0.26704198 -0.22770499
v -0.60213351 0.26698202 -0.25675699
v -0.61425549 0.26705199 -0.25734299
v -0.6020875 0.26695901 -0.28679499
v -0.61369151 0.26704699 -0.287442
v -0.60148448 0.266913 -0.317534
v -0.61262649 0.26703 -0.31829199
v -0.6012885 0.26698601 -0.34919998
v -0.61112553 0.26704901 -0.350117
v -0.60122252 0.26471204 -0.38230398
v -0.6107375 0.264256 -0.383194
v -0.60020351 0.25993198 -0.41654798
v -0.6104815 0.25990003 -0.41744301
v -0.60031152 0.25191098 -0.45286599
v -0.60031152 0.25191098 -0.45286599
v -0.61096251 0.25161803 -0.45343199
v -0.59953648 0.23359501 -0.486947
v -0.59953648 0.23359501 -0.486947
v -0.59953648 0.23359501 -0.486947
v -0.61042148 0.233639 -0.48731101
v -0.61042148 0.233639 -0.48731101
v -0.5995785 0.20649001 -0.51442397
v -0.60968351 0.20642801 -0.514386
v -0.59976649 0.173959 -0.53581202
v -0.61015052 0.174316 -0.53554398
v -0.60134751 0.13839 -0.54817802
v -0.6117385 0.139024 -0.54811901
v -0.60324252 0.103544 -0.55808401
v -0.59270251 0.13782701 -0.54812098
v -0.59477752 0.10320501 -0.55816102
v -0.5952335 0.068369009 -0.564206
v -0.58695853 0.10285201 -0.558074
v -0.58756047 0.068135008 -0.56397402
v -0.5877825 0.033809006 -0.56638896
v -0.58023453 0.067878008 -0.56379896
v -0.58082652 0.033617008 -0.56584197
v -0.58059651 6.9048838e-09 -0.56842601
v -0.57421452 0.033354007 -0.56424701
v -0.5737915 6.9048838e-09 -0.56627101
v -0.56843352 6.9048838e-09 -0.56154597
v -0.56843352 6.9048838e-09 -0.56154597
v -0.34377152 6.9048838e-09 -0.088829994
v -0.36832148 6.9048838e-09 -0.089883991
v -0.34363753 0.018304007 -0.093005992
v -0.36822647 0.018161006 -0.093945995
v -0.3433665 0.036043007 -0.099474996
v -0.36797553 0.035850007 -0.10018099
v -0.34308851 0.053362008 -0.10716599
v -0.36775547 0.053075008 -0.107853
v -0.34278852 0.069747008 -0.11603499
v -0.36752051 0.069372006 -0.11674699
v -0.34242648 0.08398401 -0.125662
v -0.36719751 0.083633006 -0.12652099
v -0.34187454 0.095658004 -0.137007
v -0.34187454 0.095658004 -0.137007
v -0.36665052 0.095358007 -0.137805
v -0.36665052 0.095358007 -0.137805
v -0.34105951 0.10409601 -0.15064399
v -0.36579746 0.10386301 -0.15136999
v -0.33999652 0.10642101 -0.16630499
v -0.3646825 0.10645901 -0.16704899
v -0.3387475 0.106993 -0.18365699
v -0.36336851 0.10707801 -0.18422499
v -0.33745152 0.10763901 -0.20221499
v -0.36202747 0.107811 -0.20272399
v -0.3866365 0.108013 -0.20352799
v -0.3608315 0.10883701 -0.22153999
v -0.38531351 0.10904101 -0.22224699
v -0.40973347 0.1094 -0.22338399
v -0.38423449 0.109901 -0.240918
v -0.40846449 0.11006001 -0.24201599
v -0.43236649 0.11031801 -0.24373899
v -0.40732354 0.11038201 -0.26057699
v -0.43092853 0.11049401 -0.26234299
v -0.45391551 0.11125001 -0.26495799
v -0.45391551 0.11125001 -0.26495799
v -0.42955548 0.110594 -0.28063399
v -0.45236549 0.11131701 -0.28336799
v -0.45236549 0.11131701 -0.28336799
v -0.47468349 0.11340601 -0.286717
v -0.4507305 0.11122501 -0.30118901
v -0.4507305 0.11122501 -0.30118901
v -0.47323349 0.11317201 -0.30462199
v -0.47323349 0.11317201 -0.30462199
v -0.4957855 0.11746 -0.30830199
v -0.47167552 0.112399 -0.32192799
v -0.47167552 0.112399 -0.32192799
v -0.49474749 0.11567001 -0.32569999
v -0.51715249 0.12326201 -0.33007598
v -0.51742548 0.12598701 -0.31182098
v -0.53621352 0.135956 -0.33567899
v -0.53601348 0.13909 -0.31564498
v -0.55038249 0.153173 -0.34305498
v -0.55032551 0.15638301 -0.32102901
v -0.5605095 0.172683 -0.351693
v -0.5607245 0.17592701 -0.32721201
v -0.56546348 0.19375901 -0.36048299
v -0.56550848 0.196564 -0.33307898
v -0.56691551 0.21270701 -0.366934
v -0.56699347 0.21508801 -0.33767
v -0.56726348 0.228064 -0.37103298
v -0.56726348 0.229606 -0.34052101
v -0.5674125 0.236368 -0.37320098
v -0.56737852 0.23814201 -0.34210399
v -0.56758451 0.24338201 -0.37460199
v -0.56753749 0.24528401 -0.34318799
v -0.5679425 0.25030899 -0.37579098
v -0.56807548 0.25214803 -0.34412998
v -0.56902349 0.25704503 -0.376912
v -0.56978852 0.25855398 -0.34498098
v -0.57306248 0.26171499 -0.37812498
v -0.57403952 0.26354504 -0.345768
v -0.57447851 0.262972 -0.315079
v -0.5803535 0.26559901 -0.346582
v -0.58071649 0.265109 -0.31570598
v -0.58026153 0.26619399 -0.28543198
v -0.58026153 0.26619399 -0.28543198
v -0.58739853 0.266352 -0.31632999
v -0.58739853 0.266352 -0.31632999
v -0.5873695 0.26674902 -0.285882
v -0.5873695 0.26674902 -0.285882
v -0.58702552 0.26661199 -0.25591499
v -0.58702552 0.26661199 -0.25591499
v -0.59471053 0.266868 -0.28632799
v -0.59451252 0.26683503 -0.256327
v -0.59440351 0.26676303 -0.316901
v -0.58711952 0.266366 -0.34744701
v -0.58711952 0.266366 -0.34744701
v -0.59395653 0.26682299 -0.34829998
v -0.58597648 0.26486498 -0.38023201
v -0.58597648 0.26486498 -0.38023201
v -0.59330148 0.265019 -0.38128099
v -0.5849005 0.25981301 -0.414823
v -0.5849005 0.25981301 -0.414823
v -0.59236449 0.25993401 -0.41571099
v -0.58425653 0.25213999 -0.45196599
v -0.58425653 0.25213999 -0.45196599
v -0.5918135 0.25209302 -0.45246199
v -0.5918135 0.25209302 -0.45246199
v -0.58332253 0.23328 -0.48635599
v -0.58332253 0.23328 -0.48635599
v -0.59077549 0.23347601 -0.48673698
v -0.59077549 0.23347601 -0.48673698
v -0.58293051 0.20645201 -0.51445502
v -0.59059948 0.20650801 -0.51443702
v -0.58356148 0.173262 -0.53595501
v -0.5909735 0.17365301 -0.53600901
v -0.58545351 0.13731501 -0.54797298
v -0.57590449 0.17273401 -0.53546798
v -0.57825851 0.13654901 -0.54710501
v -0.57943553 0.10235 -0.55726302
v -0.57234448 0.13525301 -0.54447299
v -0.57234448 0.13525301 -0.54447299
v -0.57260448 0.10135101 -0.55427498
v -0.57260448 0.10135101 -0.55427498
v -0.57335651 0.067349009 -0.56116998
v -0.57335651 0.067349009 -0.56116998
v -0.56909448 0.099706009 -0.54828697
v -0.56919849 0.066363007 -0.55577201
v -0.56919849 0.066363007 -0.55577201
v -0.56951553 0.032951009 -0.56007499
v -0.56951553 0.032951009 -0.56007499
v -0.56782651 0.065265007 -0.54909402
v -0.56786948 0.032507006 -0.55373001
v -0.56740451 6.9048838e-09 -0.55519599
v -0.56716752 0.031964008 -0.54702598
v -0.56680751 6.9048838e-09 -0.548545
v -0.5665195 6.9048838e-09 -0.54131901
v -0.29493552 6.9048838e-09 -0.086955994
v -0.31928247 6.9048838e-09 -0.08807499
v -0.29477447 0.018411007 -0.091314994
v -0.31913549 0.018364007 -0.092154995
v -0.29451251 0.036224008 -0.09783899
v -0.31885654 0.036168005 -0.098693997
v -0.29416353 0.053689007 -0.10562399
v -0.31855351 0.053562008 -0.10641599
v -0.29378253 0.07016401 -0.11452899
v -0.31821054 0.069990009 -0.11529099
v -0.29336852 0.084562004 -0.12416799
v -0.31781548 0.084247008 -0.12496399
v -0.29280949 0.096278004 -0.13562699
v -0.29280949 0.096278004 -0.13562699
v -0.31726551 0.095945008 -0.13637099
v -0.31726551 0.095945008 -0.13637099
v -0.29202551 0.104499 -0.14925699
v -0.3164795 0.10434901 -0.15002799
v -0.29100651 0.10655501 -0.16524899
v -0.31544846 0.10654601 -0.165767
v -0.28984851 0.10689801 -0.182861
v -0.31423646 0.10694601 -0.183221
v -0.28870249 0.10738501 -0.20161699
v -0.31301951 0.10751601 -0.20187499
v -0.28776246 0.10854201 -0.220662
v -0.31197149 0.10862301 -0.22083299
v -0.33638549 0.10870401 -0.22111699
v -0.31119853 0.109795 -0.239813
v -0.33549649 0.10979201 -0.239978
v -0.35987252 0.10982801 -0.24031399
v -0.33481747 0.11052401 -0.25876001
v -0.35905451 0.11042601 -0.258944
v -0.38329846 0.11039001 -0.259514
v -0.35822749 0.11081301 -0.277336
v -0.38232851 0.11068001 -0.27774701
v -0.40612149 0.11056001 -0.27881199
v -0.38116151 0.11082701 -0.29535601
v -0.40480548 0.11059601 -0.296287
v -0.42806548 0.110539 -0.29824799
v -0.40327054 0.11040201 -0.311674
v -0.4262495 0.110268 -0.314522
v -0.44893351 0.11089001 -0.31818199
v -0.42382449 0.108514 -0.33004099
v -0.42382449 0.108514 -0.33004099
v -0.44665551 0.10942901 -0.33440399
v -0.44665551 0.10942901 -0.33440399
v -0.46992052 0.11057301 -0.33852801
v -0.46992052 0.11057301 -0.33852801
v -0.4443745 0.10263201 -0.348712
v -0.4684765 0.105046 -0.35334501
v -0.49239451 0.10811001 -0.35751098
v -0.4935165 0.11270301 -0.34217501
v -0.51533949 0.11348401 -0.362836
v -0.51631051 0.11924001 -0.34715998
v -0.53546047 0.12396301 -0.37092498
v -0.53587252 0.13103101 -0.35409498
v -0.5506205 0.13923201 -0.382341
v -0.55048847 0.147476 -0.36374098
v -0.56024951 0.15798101 -0.39609399
v -0.56031948 0.16682 -0.375025
v -0.56508052 0.177871 -0.410335
v -0.56534451 0.187636 -0.38651401
v -0.56666249 0.19648601 -0.42247099
v -0.56679851 0.20699701 -0.39569899
v -0.56718552 0.211298 -0.43075299
v -0.56723851 0.22244601 -0.401941
v -0.56749052 0.22257 -0.43659499
v -0.56745851 0.23221701 -0.40525699
v -0.56774449 0.22978401 -0.44031
v -0.56762052 0.23924801 -0.40740401
v -0.5679965 0.23665401 -0.44358
v -0.56785148 0.24628 -0.40936899
v -0.56846148 0.24305201 -0.44670698
v -0.56826049 0.25332999 -0.41120699
v -0.5692445 0.24903001 -0.44972798
v -0.57107252 0.25862902 -0.412862
v -0.57660949 0.25195801 -0.45148
v -0.57660949 0.25195801 -0.45148
v -0.57809651 0.25957102 -0.41387999
v -0.57809651 0.25957102 -0.41387999
v -0.57890248 0.26403201 -0.37921
v -0.56935352 0.230515 -0.48354
v -0.57595348 0.233179 -0.48581299
v -0.57595348 0.233179 -0.48581299
v -0.56929952 0.204273 -0.51177299
v -0.56929952 0.204273 -0.51177299
v -0.57543248 0.20626201 -0.514193
v -0.57543248 0.20626201 -0.514193
v -0.56883848 0.171165 -0.53290701
v -0.56883848 0.171165 -0.53290701
v -0.56811851 0.199956 -0.50654101
v -0.56777251 0.16788001 -0.52677101
v -0.56893349 0.13322401 -0.539132
v -0.56743348 0.16422701 -0.51989198
v -0.56761152 0.13088901 -0.53250897
v -0.5678125 0.097911008 -0.54167801
v -0.5672515 0.12828101 -0.52520502
v -0.56720251 0.096085005 -0.534661
v -0.56731153 0.064067006 -0.542238
v -0.56708848 0.094220005 -0.52778
v -0.56702352 0.062859006 -0.53521401
v -0.56676352 0.031419005 -0.53968298
v -0.56688148 0.061334006 -0.52587897
v -0.56653351 0.030774007 -0.53106201
v -0.56614351 6.9048838e-09 -0.53303999
v -0.56627548 0.029599007 -0.51584101
v -0.56593949 6.9048838e-09 -0.51769197
v -0.5642935 6.9048838e-09 -0.49965599
v -0.24655551 6.9048838e-09 -0.08550299
v -0.27073854 6.9048838e-09 -0.086261995
v -0.24646348 0.018192006 -0.089572996
v -0.27054948 0.018324006 -0.090478994
v -0.24614948 0.036095008 -0.095970996
v -0.27025151 0.036176007 -0.096980996
v -0.24579352 0.053820007 -0.10389099
v -0.26991349 0.053771008 -0.10475599
v -0.24535948 0.070533007 -0.11296799
v -0.26950049 0.070346005 -0.11376999
v -0.24486047 0.085027009 -0.12242799
v -0.26905149 0.08482001 -0.12335299
v -0.24420553 0.096792005 -0.13404
v -0.24420553 0.096792005 -0.13404
v -0.26846451 0.096602008 -0.13485
v -0.26846451 0.096602008 -0.13485
v -0.24340349 0.10469901 -0.14815299
v -0.26767248 0.104619 -0.148699
v -0.24245054 0.10661801 -0.164371
v -0.26667851 0.10659201 -0.16475199
v -0.24140447 0.10681101 -0.18242
v -0.26556152 0.10686701 -0.18258999
v -0.24043447 0.10715501 -0.201381
v -0.26450449 0.10733101 -0.20143999
v -0.23962349 0.10832301 -0.22056699
v -0.2636385 0.10844601 -0.220587
v -0.23904151 0.10964501 -0.23978199
v -0.26300853 0.10971901 -0.23973399
v -0.28705353 0.10975201 -0.23974299
v -0.26258051 0.11063001 -0.25883299
v -0.28656548 0.11064701 -0.258726
v -0.31064451 0.11057901 -0.25869501
v -0.28618854 0.111077 -0.277383
v -0.31012851 0.11102201 -0.27726498
v -0.33414847 0.11092801 -0.277228
v -0.30965549 0.11129501 -0.29515401
v -0.33345348 0.11119801 -0.29493499
v -0.35731649 0.111035 -0.29489601
v -0.33286852 0.111288 -0.30979699
v -0.35645348 0.11108701 -0.309681
v -0.37994051 0.11076101 -0.31020099
v -0.35551554 0.10938401 -0.323764
v -0.35551554 0.10938401 -0.323764
v -0.37844652 0.10909801 -0.32458898
v -0.37844652 0.10909801 -0.32458898
v -0.37844652 0.10909801 -0.32458898
v -0.40119451 0.10866001 -0.326507
v -0.40119451 0.10866001 -0.326507
v -0.37678546 0.10051101 -0.33761901
v -0.37678546 0.10051101 -0.33761901
v -0.39893252 0.10061201 -0.34027198
v -0.39893252 0.10061201 -0.34027198
v -0.4212665 0.10124601 -0.34409699
v -0.39771152 0.090714008 -0.354276
v -0.39771152 0.090714008 -0.354276
v -0.41992551 0.092264004 -0.35764399
v -0.44320649 0.094632007 -0.361689
v -0.42043346 0.082651004 -0.37099099
v -0.42043346 0.082651004 -0.37099099
v -0.44367152 0.085090004 -0.37397701
v -0.44367152 0.085090004 -0.37397701
v -0.4678835 0.087766007 -0.37788698
v -0.4675895 0.097711004 -0.36646399
v -0.4919115 0.09050601 -0.38254899
v -0.49162951 0.10116901 -0.37138599
v -0.49162951 0.10116901 -0.37138599
v -0.51487648 0.094765007 -0.38876501
v -0.51487648 0.094765007 -0.38876501
v -0.51469851 0.10571501 -0.376845
v -0.51469851 0.10571501 -0.376845
v -0.53575653 0.10251201 -0.398341
v -0.53541148 0.11437 -0.38548398
v -0.5512625 0.11523101 -0.41295099
v -0.55087048 0.12846701 -0.398743
v -0.56038749 0.13146201 -0.43107
v -0.56025851 0.145989 -0.414924
v -0.56531447 0.14873701 -0.44964698
v -0.5650515 0.16496801 -0.43154198
v -0.56704849 0.16406401 -0.46590701
v -0.56679952 0.18230301 -0.44579899
v -0.5673095 0.175034 -0.47777
v -0.56723452 0.19594601 -0.45656699
v -0.56744349 0.184229 -0.48753101
v -0.5674665 0.20568401 -0.46423599
v -0.56756848 0.189942 -0.494468
v -0.5676465 0.21258101 -0.46997601
v -0.56769753 0.19486101 -0.500512
v -0.5678665 0.218784 -0.474971
v -0.5683105 0.22482601 -0.47948501
v -0.5673365 0.16040501 -0.51266098
v -0.56729048 0.15626101 -0.505081
v -0.56713748 0.125494 -0.51768202
v -0.56724352 0.14987801 -0.494663
v -0.56713748 0.12151301 -0.507824
v -0.56708348 0.091647007 -0.51814198
v -0.56708348 0.11547901 -0.49452898
v -0.56696349 0.087521009 -0.50409997
v -0.56670147 0.058831006 -0.511226
v -0.56536752 0.08142601 -0.486682
v -0.56515849 0.055144008 -0.49361598
v -0.56476551 0.027881008 -0.49793598
v -0.56015551 0.049592007 -0.47280899
v -0.55987251 0.025118006 -0.477552
v -0.55920249 6.9048838e-09 -0.479655
v -0.55920249 6.9048838e-09 -0.479655
v -0.5503965 0.021460006 -0.45737898
v -0.54925448 6.9048838e-09 -0.45985499
v -0.54925448 6.9048838e-09 -0.45985499
v -0.53429449 6.9048838e-09 -0.44233999
v -0.53429449 6.9048838e-09 -0.44233999
v -0.19865549 6.9048838e-09 -0.083441995
v -0.22254151 6.9048838e-09 -0.084329993
v -0.19848853 0.018065007 -0.087728992
v -0.22243851 0.018105008 -0.088613994
v -0.1982435 0.036046006 -0.094073996
v -0.22215348 0.036016006 -0.094988994
v -0.19788152 0.053984009 -0.10201599
v -0.22179049 0.053875007 -0.10297599
v -0.19740254 0.070825011 -0.111118
v -0.22132951 0.070723005 -0.11200999
v -0.19680554 0.085391007 -0.12075099
v -0.22076946 0.08518301 -0.12159999
v -0.19608647 0.096986003 -0.13280699
v -0.19608647 0.096986003 -0.13280699
v -0.22006649 0.096863009 -0.133388
v -0.22006649 0.096863009 -0.133388
v -0.19528049 0.104784 -0.147322
v -0.21925652 0.10475901 -0.14771399
v -0.19436848 0.10656001 -0.16387899
v -0.21835852 0.106603 -0.16407099
v -0.19340247 0.10668501 -0.182322
v -0.2173605 0.10675 -0.18233599
v -0.19252551 0.10699401 -0.20146199
v -0.21643347 0.10704301 -0.20138399
v -0.19179952 0.10818201 -0.220718
v -0.21569848 0.10822501 -0.22061799
v -0.1912775 0.109648 -0.23992699
v -0.21515054 0.10960401 -0.23984799
v -0.19089252 0.11059701 -0.25904399
v -0.2147705 0.11059801 -0.259027
v -0.23866349 0.11062501 -0.25895998
v -0.21452951 0.11110001 -0.277922
v -0.2384125 0.11108901 -0.27776799
v -0.26229054 0.11110801 -0.27755299
v -0.23827249 0.11136701 -0.29577199
v -0.26208848 0.11139001 -0.29557198
v -0.28588253 0.11134201 -0.295232
v -0.26197153 0.11147501 -0.31095698
v -0.28567153 0.11141301 -0.31046799
v -0.30929452 0.11130901 -0.31009999
v -0.28551048 0.10925601 -0.32462201
v -0.28551048 0.10925601 -0.32462201
v -0.30897349 0.10928201 -0.324074
v -0.30897349 0.10928201 -0.324074
v -0.33230752 0.10936601 -0.32370999
v -0.33230752 0.10936601 -0.32370999
v -0.30864054 0.100917 -0.33578598
v -0.33170348 0.10101101 -0.335511
v -0.35444349 0.10082701 -0.336007
v -0.33117253 0.090346009 -0.34963098
v -0.35362047 0.090144008 -0.35014099
v -0.37574154 0.090133004 -0.351715
v -0.35348451 0.079624005 -0.365686
v -0.37566954 0.079808004 -0.366795
v -0.39787954 0.080687009 -0.36863101
v -0.39787954 0.080687009 -0.36863101
v -0.37653351 0.070609003 -0.38063398
v -0.3991825 0.071099006 -0.381816
v -0.4221735 0.072206005 -0.383376
v -0.40091354 0.058956008 -0.39133999
v -0.42419153 0.059159007 -0.39228699
v -0.44746155 0.059850007 -0.39361599
v -0.44544047 0.073847003 -0.38526198
v -0.47062251 0.060731009 -0.39573699
v -0.4691675 0.075414009 -0.387766
v -0.49374151 0.06265901 -0.40024099
v -0.4928115 0.077429004 -0.39189899
v -0.5161975 0.066463009 -0.40794399
v -0.5156185 0.081506006 -0.39895201
v -0.5156185 0.081506006 -0.39895201
v -0.53651053 0.072414003 -0.41930199
v -0.53651053 0.072414003 -0.41930199
v -0.53639853 0.088464007 -0.40948999
v -0.53639853 0.088464007 -0.40948999
v -0.55151749 0.08224801 -0.43607301
v -0.55164552 0.099759005 -0.42541498
v -0.56060952 0.094652005 -0.45649299
v -0.56058449 0.114351 -0.44490698
v -0.56550151 0.10663301 -0.47718298
v -0.5654825 0.129435 -0.46498001
v -0.56707948 0.14160901 -0.48202801
v -0.56037849 0.072803006 -0.46576798
v -0.55111849 0.063048005 -0.44511199
v -0.55077952 0.042718008 -0.45241401
v -0.53626251 0.054883007 -0.427885
v -0.53626251 0.054883007 -0.427885
v -0.53597051 0.036482006 -0.434818
v -0.53597051 0.036482006 -0.434818
v -0.53534448 0.018073007 -0.43970901
v -0.53534448 0.018073007 -0.43970901
v -0.51648551 0.032520007 -0.42179701
v -0.51589352 0.015826007 -0.42682099
v -0.51522052 6.9048838e-09 -0.43007699
v -0.49443752 0.014682007 -0.41817299
v -0.15102953 6.9048838e-09 -0.081646994
v -0.1748085 6.9048838e-09 -0.082233995
v -0.15097147 0.018302007 -0.086000994
v -0.17467147 0.018157007 -0.086793996
v -0.15069848 0.036432005 -0.09242399
v -0.17442751 0.036192007 -0.093235992
v -0.15033048 0.054402009 -0.10034899
v -0.1740585 0.054168008 -0.101124
v -0.14983749 0.07119301 -0.10961999
v -0.17356348 0.070978008 -0.11032699
v -0.14926749 0.08562801 -0.119569
v -0.17297351 0.085506007 -0.12004799
v -0.14856952 0.097454004 -0.131689
v -0.14856952 0.097454004 -0.131689
v -0.17224354 0.097234003 -0.13221599
v -0.17224354 0.097234003 -0.13221599
v -0.14771652 0.10479701 -0.14668299
v -0.17142451 0.10481901 -0.14698699
v -0.14674652 0.10640201 -0.163645
v -0.17051548 0.10648701 -0.16376199
v -0.14574951 0.106529 -0.18244699
v -0.16955048 0.10659001 -0.18238299
v -0.14482552 0.106874 -0.20173299
v -0.16865951 0.10693001 -0.20158699
v -0.14406747 0.10825101 -0.22101699
v -0.1679225 0.108201 -0.22083999
v -0.14349949 0.10977601 -0.24022999
v -0.16738254 0.10965901 -0.24003699
v -0.14309049 0.110769 -0.25934699
v -0.16699851 0.110658 -0.25912601
v -0.1427905 0.11119901 -0.27827799
v -0.16673249 0.11114001 -0.27807
v -0.19063848 0.11110601 -0.27798098
v -0.16661048 0.11138801 -0.29666901
v -0.19054651 0.11138201 -0.29639
v -0.21442151 0.111361 -0.29605699
v -0.19054347 0.11137401 -0.312327
v -0.2143935 0.111453 -0.31186199
v -0.2382105 0.11143201 -0.31138599
v -0.21442652 0.108927 -0.32635599
v -0.21442652 0.108927 -0.32635599
v -0.23819852 0.10905901 -0.32574698
v -0.23819852 0.10905901 -0.32574698
v -0.26190454 0.10914601 -0.32521099
v -0.26190454 0.10914601 -0.32521099
v -0.23816353 0.10066301 -0.33752701
v -0.26180154 0.10075901 -0.336889
v -0.28530854 0.10084201 -0.336317
v -0.26171452 0.090292007 -0.35074699
v -0.28513151 0.090452008 -0.35017198
v -0.3083185 0.090441003 -0.349702
v -0.28509349 0.079860009 -0.36577898
v -0.30822152 0.079859003 -0.365401
v -0.33101648 0.079769008 -0.36530599
v -0.3083995 0.070786007 -0.379152
v -0.33130151 0.070647009 -0.379246
v -0.3540085 0.070502006 -0.37972
v -0.33173352 0.060585007 -0.39030498
v -0.3777715 0.059112009 -0.390652
v -0.40223151 0.044594008 -0.396575
v -0.44921049 0.029436007 -0.40548199
v -0.44865349 0.044698007 -0.39978698
v -0.47199652 0.029518006 -0.40857899
v -0.47151849 0.045228008 -0.40263799
v -0.4946295 0.030310007 -0.41354698
v -0.49441451 0.046821006 -0.40768698
v -0.5166415 0.049761008 -0.41551998
v -0.4720895 0.014264007 -0.41292998
v -0.4492965 0.014546007 -0.41027498
v -0.10403353 6.9048838e-09 -0.080192991
v -0.12743253 6.9048838e-09 -0.080924995
v -0.1039235 0.018555006 -0.084416993
v -0.1273765 0.018478006 -0.08516299
v -0.10369951 0.036842007 -0.091120996
v -0.12711948 0.036664005 -0.09173499
v -0.10333949 0.055018008 -0.099154994
v -0.12675649 0.054679006 -0.09973599
v -0.10283148 0.071952008 -0.10849699
v -0.12626451 0.071507007 -0.10906299
v -0.1022405 0.086621009 -0.11847699
v -0.1022405 0.086621009 -0.11847699
v -0.12568951 0.086105004 -0.11892899
v -0.12568951 0.086105004 -0.11892899
v -0.10149848 0.098155007 -0.13085499
v -0.12499148 0.097828008 -0.131184
v -0.12499148 0.097828008 -0.131184
v -0.10057151 0.104986 -0.14610599
v -0.12411052 0.104949 -0.146339
v -0.09949249 0.10640001 -0.16326499
v -0.12308353 0.10637101 -0.163489
v -0.098343492 0.10642901 -0.182457
v -0.1220125 0.10649801 -0.18246499
v -0.097280502 0.106791 -0.202071
v -0.12103647 0.106957 -0.20187399
v -0.096373498 0.10834901 -0.22159399
v -0.12022048 0.10831301 -0.22125599
v -0.095688522 0.10996201 -0.240955
v -0.1196115 0.10987101 -0.240531
v -0.095180511 0.110902 -0.260171
v -0.11915851 0.11085701 -0.25969398
v -0.094805479 0.11126701 -0.27909699
v -0.11882252 0.111223 -0.27863398
v -0.094564497 0.11143201 -0.297566
v -0.11862552 0.11140901 -0.297198
v -0.14262348 0.11142401 -0.29693601
v -0.11854148 0.111402 -0.31372499
v -0.14260852 0.11139501 -0.31322899
v -0.16660947 0.11133301 -0.31277099
v -0.14267749 0.10887401 -0.32825801
v -0.14267749 0.10887401 -0.32825801
v -0.16667348 0.10882701 -0.32766101
v -0.16667348 0.10882701 -0.32766101
v -0.19058549 0.10883901 -0.327016
v -0.19058549 0.10883901 -0.327016
v -0.16668248 0.100095 -0.33993998
v -0.19058251 0.100301 -0.33908001
v -0.21442252 0.10051001 -0.33824798
v -0.19058549 0.089701004 -0.35308701
v -0.21441251 0.089884005 -0.3522
v -0.23812753 0.090142004 -0.35143
v -0.2144475 0.079329006 -0.36782798
v -0.23815751 0.079589009 -0.36700401
v -0.26172048 0.079759009 -0.366335
v -0.23825949 0.070698008 -0.38056698
v -0.2618205 0.070820004 -0.379897
v -0.28520948 0.070823006 -0.37943399
v -0.26197249 0.061624005 -0.39136198
v -0.28539854 0.061396006 -0.39074799
v -0.30864549 0.061102007 -0.39034599
v -0.28549349 0.047644008 -0.39636999
v -0.30882549 0.047206007 -0.39602
v -0.33208054 0.046536006 -0.39576298
v -0.30904347 0.032557007 -0.40163299
v -0.33244246 0.032012008 -0.4014
v -0.30921954 0.016612006 -0.407222
v -0.30936849 6.9048838e-09 -0.41122699
v -0.28593951 6.9048838e-09 -0.41219699
v -0.057742476 6.9048838e-09 -0.07899899
v -0.080731511 6.9048838e-09 -0.079720996
v -0.057793498 0.018623007 -0.083281994
v -0.08070749 0.018567007 -0.083805993
v -0.057537496 0.037194006 -0.089860991
v -0.080506504 0.037006006 -0.090482995
v -0.05707252 0.055730008 -0.098076992
v -0.08010751 0.055379007 -0.098566994
v -0.056448519 0.072914004 -0.107697
v -0.079557478 0.072414003 -0.10811
v -0.055735528 0.087801009 -0.117718
v -0.055735528 0.087801009 -0.117718
v -0.078908503 0.087241009 -0.118109
v -0.078908503 0.087241009 -0.118109
v -0.054846525 0.098794006 -0.130477
v -0.078093469 0.098518007 -0.13062799
v -0.05379349 0.105271 -0.14579599
v -0.077123523 0.10513501 -0.14591199
v -0.052589476 0.10643401 -0.16296199
v -0.076010525 0.10643701 -0.16306999
v -0.051194489 0.106309 -0.182588
v -0.074757516 0.106382 -0.182478
v -0.049796522 0.106777 -0.20268899
v -0.073552489 0.10680401 -0.20232499
v -0.048586488 0.10842801 -0.22254099
v -0.072510481 0.108394 -0.222013
v -0.047641516 0.110103 -0.24218799
v -0.071704507 0.110006 -0.24150799
v -0.046942532 0.11096501 -0.261619
v -0.071122527 0.11095501 -0.260804
v -0.046439528 0.11134501 -0.280662
v -0.070700526 0.111302 -0.27974299
v -0.046132505 0.11153501 -0.29907399
v -0.070443511 0.11147901 -0.298105
v -0.045995474 0.111517 -0.31518799
v -0.070290506 0.111403 -0.31460699
v -0.094455481 0.11124001 -0.31416801
v -0.070224524 0.10862101 -0.329826
v -0.070224524 0.10862101 -0.329826
v -0.094433486 0.10881101 -0.32939398
v -0.094433486 0.10881101 -0.32939398
v -0.11857748 0.10887401 -0.328859
v -0.11857748 0.10887401 -0.328859
v -0.094461501 0.099804007 -0.34202299
v -0.11864251 0.099826008 -0.34140199
v -0.14270949 0.099937007 -0.34070501
v -0.11864352 0.089234009 -0.35546598
v -0.14271748 0.089288004 -0.354727
v -0.16669053 0.089430004 -0.35389799
v -0.14267051 0.078804009 -0.36998498
v -0.1666925 0.078945003 -0.36925599
v -0.19061351 0.079144008 -0.368534
v -0.16668147 0.070400007 -0.382265
v -0.19068247 0.070480004 -0.38182798
v -0.21452749 0.070602007 -0.381237
v -0.19075549 0.061301008 -0.39284399
v -0.21466249 0.061329007 -0.392308
v -0.2383725 0.061391007 -0.39175898
v -0.21467948 0.048086006 -0.397782
v -0.23842752 0.047980007 -0.39727399
v -0.26203251 0.047864009 -0.396779
v -0.2385025 0.033408009 -0.40286198
v -0.26212549 0.033314008 -0.40237299
v -0.28564554 0.033029009 -0.40193999
v -0.26223153 0.017054006 -0.408178
v -0.28576046 0.016876006 -0.407617
v -0.26246554 6.9048838e-09 -0.412361
v -0.23860651 0.017089007 -0.40874699
v -0.2386905 6.9048838e-09 -0.4129
v -0.21486253 6.9048838e-09 -0.413472
v -0.012995481 6.9048838e-09 -0.078281991
v -0.035222471 6.9048838e-09 -0.078656994
v -0.012913525 0.018625006 -0.08219599
v -0.035130501 0.018634006 -0.082768992
v -0.01246351 0.037381008 -0.088751994
v -0.03480351 0.037349008 -0.089311995
v -0.011718512 0.056394007 -0.097187996
v -0.034244478 0.056067009 -0.097660996
v -0.010822475 0.073960006 -0.10697699
v -0.033531487 0.073439009 -0.10730999
v -0.0099084973 0.088867009 -0.11710599
v -0.0099084973 0.088867009 -0.11710599
v -0.03273648 0.088335007 -0.11741599
v -0.03273648 0.088335007 -0.11741599
v -0.0088185072 0.099493004 -0.130009
v -0.0317415 0.099157006 -0.130255
v -0.0075144768 0.10539401 -0.14554499
v -0.030580521 0.10526001 -0.145687
v -0.0060005188 0.106373 -0.16291
v -0.029250503 0.10641601 -0.16292499
v -0.004096508 0.10622801 -0.18311599
v -0.027650476 0.106263 -0.18283099
v -0.0021175146 0.106539 -0.203578
v -0.02601552 0.106658 -0.20313099
v -0.00036752224 0.10838201 -0.223766
v -0.024554491 0.108413 -0.22316299
v 0.001006484 0.11013201 -0.24378899
v -0.023402512 0.11015101 -0.24298099
v 0.002001524 0.11095601 -0.26362398
v -0.022574484 0.110998 -0.26261699
v 0.0026865005 0.11138301 -0.28304899
v -0.021989524 0.111357 -0.28181699
v 0.0030515194 0.11161601 -0.30171499
v -0.021651506 0.111577 -0.300327
v 0.0031884909 0.11167601 -0.317298
v -0.021532476 0.11151001 -0.316098
v 0.0032675266 0.10867101 -0.331552
v 0.0032675266 0.10867101 -0.331552
v -0.021464527 0.10866601 -0.33077899
v -0.021464527 0.10866601 -0.33077899
v -0.045938492 0.108495 -0.33015898
v -0.045938492 0.108495 -0.33015898
v -0.021277487 0.10017001 -0.34320599
v -0.045823514 0.099943005 -0.34297299
v -0.070207477 0.09984301 -0.34258699
v -0.045601487 0.089465007 -0.35716799
v -0.0701015 0.089337006 -0.356668
v -0.0944345 0.089277007 -0.356134
v -0.069817483 0.079048008 -0.37160099
v -0.094262481 0.07885801 -0.37122399
v -0.11854649 0.078743003 -0.37067899
v -0.093983471 0.070626006 -0.38385698
v -0.11836952 0.070502006 -0.38340899
v -0.14257747 0.070387006 -0.38286698
v -0.11819547 0.061297007 -0.39395899
v -0.14250749 0.061198007 -0.39351499
v -0.16669351 0.061260007 -0.39290899
v -0.14239752 0.048565008 -0.399295
v -0.16665852 0.048391007 -0.398783
v -0.1907385 0.048179008 -0.39824501
v -0.16663951 0.033800006 -0.40409899
v -0.1907565 0.033602007 -0.40379098
v -0.21473247 0.033482008 -0.40338901
v -0.19082952 0.017209006 -0.409823
v -0.21480447 0.017143007 -0.40931699
v -0.19099849 6.9048838e-09 -0.41421899
v -0.1667065 0.017227007 -0.41025698
v -0.1668005 6.9048838e-09 -0.41461998
v -0.14273649 6.9048838e-09 -0.415499
v 0.029979527 6.9048838e-09 -0.077050991
v 0.008708477 6.9048838e-09 -0.077693991
v 0.030186474 0.018070007 -0.081163995
v 0.0089355111 0.018509006 -0.081689991
v 0.031009495 0.036863007 -0.087556995
v 0.0095105171 0.037228007 -0.088159993
v 0.032222509 0.056867007 -0.096287996
v 0.010454476 0.056673005 -0.096739992
v 0.033628523 0.075186007 -0.10645099
v 0.01158452 0.074572004 -0.10668999
v 0.034987509 0.089847006 -0.116574
v 0.034987509 0.089847006 -0.116574
v 0.012694478 0.089361005 -0.11684199
v 0.012694478 0.089361005 -0.11684199
v 0.036621511 0.10028701 -0.12962799
v 0.013985515 0.099867009 -0.12978099
v 0.038503468 0.10555801 -0.145349
v 0.015499473 0.10548101 -0.145402
v 0.040779471 0.10635201 -0.16297099
v 0.017306507 0.106415 -0.16298199
v 0.043691516 0.10616301 -0.18342499
v 0.019600511 0.10620901 -0.183322
v 0.046559513 0.10651201 -0.204071
v 0.022009492 0.10655401 -0.203897
v 0.049012482 0.10832601 -0.22455299
v 0.024110496 0.108316 -0.22428299
v 0.050861478 0.110135 -0.244912
v 0.025750518 0.11007601 -0.244479
v 0.052046478 0.11102801 -0.265192
v 0.026873529 0.11099701 -0.26450199
v 0.052769482 0.11141501 -0.28509098
v 0.027581513 0.111403 -0.284188
v 0.053146541 0.11164201 -0.303886
v 0.027986526 0.11166501 -0.30306798
v 0.053285539 0.111549 -0.31918699
v 0.028139472 0.111697 -0.31834498
v 0.053388536 0.10810301 -0.33312801
v 0.053388536 0.10810301 -0.33312801
v 0.028248489 0.10846201 -0.33235198
v 0.028248489 0.10846201 -0.33235198
v 0.05361551 0.099620007 -0.344991
v 0.028484523 0.10013001 -0.344201
v 0.0034965277 0.10030301 -0.34359699
v 0.028962493 0.088980004 -0.359065
v 0.0039315224 0.089487009 -0.35819399
v -0.020927489 0.089602008 -0.357631
v 0.0046064854 0.078848004 -0.37336299
v -0.02036953 0.079193003 -0.37252298
v -0.045187473 0.07922601 -0.37195501
v -0.019742489 0.070589006 -0.385124
v -0.044680476 0.07066901 -0.384574
v -0.06942749 0.070665009 -0.38420001
v -0.044202507 0.060793009 -0.39479199
v -0.069062531 0.061097007 -0.39451
v -0.093719482 0.061246008 -0.39422899
v -0.068731487 0.048150007 -0.40046299
v -0.0934605 0.048539005 -0.40006298
v -0.11800051 0.048680007 -0.399764
v -0.093240499 0.033674005 -0.40529299
v -0.11785352 0.033965006 -0.40471798
v -0.14233547 0.033982009 -0.40436199
v -0.11792552 0.017176006 -0.411154
v -0.14245254 0.017252007 -0.41075099
v -0.11817449 6.9048838e-09 -0.41605601
v -0.093214512 0.016973007 -0.41152999
v -0.093393505 6.9048838e-09 -0.416426
v -0.068403482 6.9048838e-09 -0.41664499
v 0.069723547 6.9048838e-09 -0.075065993
v 0.050399482 6.9048838e-09 -0.075972997
v 0.070224464 0.017281007 -0.07936199
v 0.05083251 0.017564006 -0.080387995
v 0.071285546 0.036245007 -0.085989997
v 0.05191052 0.036420006 -0.086909994
v 0.072732508 0.056710009 -0.094711997
v 0.053344548 0.056856006 -0.09566199
v 0.074846447 0.075471006 -0.104674
v 0.055013478 0.07556501 -0.105956
v 0.077464521 0.090511009 -0.11496799
v 0.077464521 0.090511009 -0.11496799
v 0.056778491 0.090287007 -0.11620799
v 0.056778491 0.090287007 -0.11620799
v 0.080901444 0.10085201 -0.12834099
v 0.059002459 0.10064501 -0.12938099
v 0.084949553 0.10541601 -0.143859
v 0.061576545 0.10558601 -0.14516999
v 0.089558542 0.106235 -0.161755
v 0.064706504 0.10636301 -0.16282599
v 0.094309509 0.10616401 -0.182339
v 0.068439543 0.10618401 -0.18323
v 0.098148525 0.10651401 -0.20324899
v 0.071844518 0.106511 -0.203934
v 0.10084444 0.10833701 -0.22407199
v 0.074544489 0.10834601 -0.22451799
v 0.10263044 0.110094 -0.24487099
v 0.076465547 0.11015401 -0.24508099
v 0.10351652 0.11103701 -0.26560998
v 0.077595532 0.111026 -0.265517
v 0.10390455 0.11145501 -0.28583899
v 0.07822746 0.11142901 -0.28561199
v 0.10403949 0.11167501 -0.304636
v 0.078513443 0.11165701 -0.30441698
v 0.10400254 0.11156501 -0.32041401
v 0.078580439 0.111623 -0.319895
v 0.10399455 0.107159 -0.334501
v 0.10399455 0.107159 -0.334501
v 0.078661501 0.10765201 -0.333877
v 0.078661501 0.10765201 -0.333877
v 0.10406047 0.097788006 -0.34672898
v 0.078840554 0.098781005 -0.34594101
v 0.1041885 0.08600501 -0.36192799
v 0.079186499 0.087048009 -0.36115301
v 0.05408448 0.088130005 -0.360145
v 0.079619467 0.07630001 -0.376376
v 0.054713547 0.077281006 -0.37546599
v 0.029681504 0.078187004 -0.37438199
v 0.055251539 0.068860009 -0.387559
v 0.030355513 0.069742009 -0.386677
v 0.0052984953 0.07026501 -0.385809
v 0.030978501 0.058316007 -0.39536899
v 0.0059434772 0.059504006 -0.39532501
v -0.019169509 0.060294006 -0.39509198
v 0.0065515041 0.045762006 -0.40091598
v -0.018671513 0.046770006 -0.40095899
v -0.043784499 0.047511008 -0.40082198
v -0.018257499 0.031472009 -0.40637898
v -0.043438494 0.032342006 -0.40615299
v -0.068446517 0.033091009 -0.40584499
v -0.043245494 0.016209006 -0.41187599
v -0.068324506 0.016632007 -0.41172299
v -0.043259501 6.9048838e-09 -0.416688
v -0.018027484 0.015340007 -0.41208199
v -0.017991483 6.9048838e-09 -0.41656399
v 0.099641502 6.9048838e-09 -0.070582993
v 0.086015522 6.9048838e-09 -0.073718995
v 0.10007244 0.018416006 -0.073708996
v 0.086413443 0.017652007 -0.077258997
v 0.10086745 0.037633006 -0.080478996
v 0.10086745 0.037633006 -0.080478996
v 0.087093532 0.036630008 -0.084095992
v 0.10206944 0.057866007 -0.088817991
v 0.10206944 0.057866007 -0.088817991
v 0.088333547 0.056850009 -0.092672996
v 0.1046955 0.076651007 -0.096870996
v 0.1046955 0.076651007 -0.096870996
v 0.091096461 0.075592004 -0.102084
v 0.091096461 0.075592004 -0.102084
v 0.1095615 0.091205008 -0.105161
v 0.094866455 0.090624005 -0.11163199
v 0.094866455 0.090624005 -0.11163199
v 0.11820847 0.10027501 -0.11580399
v 0.10089749 0.100324 -0.124093
v 0.10820454 0.10495301 -0.13959099
v 0.11525053 0.10607801 -0.15858099
v 0.12139648 0.106125 -0.179969
v 0.15415245 0.10645901 -0.19941999
v 0.12564749 0.106658 -0.201786
v 0.15581554 0.10808101 -0.221948
v 0.12811655 0.108238 -0.22319899
v 0.15619153 0.109969 -0.244057
v 0.12931448 0.109919 -0.24447399
v 0.15591246 0.11100401 -0.26572099
v 0.12969249 0.11096401 -0.265618
v 0.15550345 0.11149801 -0.28654099
v 0.12974244 0.11146401 -0.28605899
v 0.15514547 0.111687 -0.30517599
v 0.12961847 0.11169901 -0.30481899
v 0.1548695 0.11140601 -0.320784
v 0.12945646 0.111467 -0.32067999
v 0.15459853 0.10565601 -0.334905
v 0.15459853 0.10565601 -0.334905
v 0.12935644 0.10647601 -0.33486798
v 0.12935644 0.10647601 -0.33486798
v 0.15412349 0.095571004 -0.34748298
v 0.12919754 0.096708007 -0.347276
v 0.15341848 0.084136009 -0.362268
v 0.1289795 0.085065007 -0.36225998
v 0.15265554 0.073856004 -0.37698299
v 0.12868446 0.074560009 -0.37700599
v 0.10428053 0.075407006 -0.37683299
v 0.12842554 0.065238006 -0.388455
v 0.10433048 0.066503003 -0.38855898
v 0.079940498 0.067641005 -0.38817701
v 0.1042425 0.053712007 -0.39553398
v 0.08009547 0.055143006 -0.39555198
v 0.055710495 0.056769006 -0.39548698
v 0.080295503 0.040369008 -0.401281
v 0.056199491 0.042334005 -0.401225
v 0.031679511 0.044282008 -0.401025
v 0.0566625 0.024447007 -0.40761
v 0.032679498 0.027525008 -0.40710899
v 0.0070675015 0.030024007 -0.406712
v 0.056857526 6.9048838e-09 -0.41364399
v 0.080517471 0.022016007 -0.40776101
v 0.080542505 6.9048838e-09 -0.41329399
v 0.10440248 6.9048838e-09 -0.412628
v 0.12071353 6.9048838e-09 -0.051476993
v 0.12071353 6.9048838e-09 -0.051476993
v 0.11102051 6.9048838e-09 -0.062982991
v 0.11102051 6.9048838e-09 -0.062982991
v 0.11102051 6.9048838e-09 -0.062982991
v 0.12101454 0.022380007 -0.054662991
v 0.11164647 0.020174006 -0.065965995
v 0.11164647 0.020174006 -0.065965995
v 0.12047154 0.043607008 -0.061814994
v 0.11210352 0.040115006 -0.072795995
v 0.11210352 0.040115006 -0.072795995
v 0.12128955 0.063185006 -0.069304995
v 0.11296445 0.060524005 -0.081247993
v 0.12379152 0.080232009 -0.074992992
v 0.11593252 0.078566007 -0.087946996
v 0.13046354 0.093206003 -0.07974299
v 0.12164253 0.09297201 -0.094394997
v 0.14251155 0.099469006 -0.086293995
v 0.13291854 0.10086401 -0.10346899
v 0.13485748 0.091995008 -0.062001992
v 0.1479705 0.097486004 -0.066578992
v 0.16275448 0.09915401 -0.072293997
v 0.16508645 0.096958004 -0.053001992
v 0.1856125 0.097852007 -0.059318993
v 0.18319255 0.10092501 -0.07983999
v 0.14940745 0.09590701 -0.048538994
v 0.15041047 0.093343005 -0.035061993
v 0.16680449 0.094988003 -0.039242994
v 0.13664454 0.089401007 -0.045548994
v 0.13788551 0.085416004 -0.033829994
v 0.13383251 0.072884008 -0.030707993
v 0.13132554 0.076136008 -0.043030992
v 0.13127047 0.062212005 -0.037499994
v 0.13127047 0.062212005 -0.037499994
v 0.13552946 0.061595008 -0.023241993
v 0.13552946 0.061595008 -0.023241993
v 0.12867051 0.079101004 -0.058510993
v 0.12718147 0.064467005 -0.054360993
v 0.1277985 0.046495005 -0.046709992
v 0.12904853 0.024721008 -0.040068991
v 0.12904853 0.024721008 -0.040068991
v 0.12956649 6.9048838e-09 -0.036799993
v 0.12956649 6.9048838e-09 -0.036799993
v 0.13716048 6.9048838e-09 -0.019687993
v 0.14433748 6.9048838e-09 -0.0029619932
v 0.15191346 6.9048838e-09 0.022252006
v 0.14898151 6.9048838e-09 0.010090007
v 0.15178949 0.018735006 0.022638006
v 0.15178949 0.018735006 0.022638006
v 0.14891547 0.023769006 0.010914007
v 0.14891547 0.023769006 0.010914007
v 0.15206653 0.031647008 0.023087006
v 0.15206653 0.031647008 0.023087006
v 0.15023547 0.037083007 0.012499006
v 0.15498251 0.042136006 0.022399006
v 0.15454549 0.045114007 0.012121007
v 0.15387756 0.047873005 0.004466007
v 0.16128153 0.049075007 0.010372007
v 0.1594525 0.050325006 0.0030030068
v 0.1570155 0.052837007 -0.0023229932
v 0.1570155 0.052837007 -0.0023229932
v 0.15202552 0.050758008 -0.00088899315
v 0.15202552 0.050758008 -0.00088899315
v 0.15402156 0.058038007 -0.0064999931
v 0.14730555 0.055723008 -0.006965993
v 0.14730555 0.055723008 -0.006965993
v 0.14929646 0.06639801 -0.0084279925
v 0.14929646 0.06639801 -0.0084279925
v 0.14060849 0.063744009 -0.014073993
v 0.14060849 0.063744009 -0.014073993
v 0.16227156 0.059399009 -0.0089009926
v 0.16056448 0.067772008 -0.0091379927
v 0.17323452 0.060395006 -0.014045993
v 0.17359143 0.068944007 -0.014327994
v 0.17303246 0.07799501 -0.016102992
v 0.19081146 0.070625007 -0.019455994
v 0.19141549 0.079762004 -0.021843994
v 0.19012052 0.087997004 -0.027348993
v 0.19012052 0.087997004 -0.027348993
v 0.17075747 0.086316004 -0.021136994
v 0.17075747 0.086316004 -0.021136994
v 0.18859345 0.093633004 -0.035758995
v 0.16867548 0.091634005 -0.029614992
v 0.18691546 0.095948003 -0.046029992
v 0.21068054 0.094751008 -0.041725993
v 0.20951647 0.096848004 -0.052555993
v 0.20834357 0.098922007 -0.065799996
v 0.23355848 0.09773501 -0.057739992
v 0.23277146 0.10018601 -0.071959995
v 0.23085254 0.10323501 -0.095083997
v 0.20674151 0.10232101 -0.088249996
v 0.22782248 0.10455301 -0.11939599
v 0.25648147 0.103696 -0.10089699
v 0.2548545 0.10476901 -0.12446899
v 0.25373346 0.10548101 -0.14673899
v 0.22610456 0.10532501 -0.142188
v 0.25455052 0.10611801 -0.170471
v 0.22824055 0.10599001 -0.167797
v 0.25665551 0.10682901 -0.19660899
v 0.23230046 0.10665101 -0.194858
v 0.20796651 0.10656301 -0.19521099
v 0.23349553 0.10796501 -0.220525
v 0.20880753 0.10787801 -0.21997999
v 0.18301147 0.107949 -0.22067599
v 0.18225449 0.10644101 -0.19680099
v 0.20814043 0.10981601 -0.244243
v 0.18265849 0.109914 -0.243866
v 0.20714957 0.11105101 -0.26741698
v 0.18182856 0.11102301 -0.26627198
v 0.20633751 0.11157101 -0.28883198
v 0.18107146 0.11153501 -0.28747401
v 0.20579153 0.11181401 -0.30647901
v 0.18054253 0.11179201 -0.305787
v 0.20535654 0.11102801 -0.32131299
v 0.20535654 0.11102801 -0.32131299
v 0.20535654 0.11102801 -0.32131299
v 0.18014449 0.111334 -0.320952
v 0.18014449 0.111334 -0.320952
v 0.20467848 0.10348101 -0.33440799
v 0.20467848 0.10348101 -0.33440799
v 0.17966646 0.10461801 -0.334721
v 0.17966646 0.10461801 -0.334721
v 0.17966646 0.10461801 -0.334721
v 0.20328146 0.093026005 -0.34755498
v 0.17879754 0.09430901 -0.34752101
v 0.20099956 0.08188501 -0.36292499
v 0.17745155 0.083179004 -0.36234
v 0.19884354 0.07247901 -0.37707499
v 0.17607552 0.073240004 -0.37684599
v 0.19762355 0.063179009 -0.388506
v 0.17518145 0.063918009 -0.38840699
v 0.15206748 0.064610004 -0.38857698
v 0.17454654 0.050951008 -0.394602
v 0.15158552 0.051629007 -0.39498401
v 0.12810653 0.052508008 -0.39533898
v 0.1512695 0.037167005 -0.40030798
v 0.12789947 0.037872005 -0.40078598
v 0.10420853 0.038908008 -0.40116
v 0.12794644 0.019803006 -0.40693399
v 0.10432655 0.020535007 -0.40743598
v 0.12806755 6.9048838e-09 -0.41198
v 0.15115649 0.019334007 -0.40631798
v 0.15138048 6.9048838e-09 -0.41126999
v 0.17396349 6.9048838e-09 -0.410254
v 0.15633649 6.9048838e-09 0.052101009
v 0.15413743 6.9048838e-09 0.036396008
v 0.15635246 0.013938007 0.052105006
v 0.15417045 0.015701007 0.036797006
v 0.15639955 0.025262007 0.052448008
v 0.15639955 0.025262007 0.052448008
v 0.15422446 0.027922006 0.037002008
v 0.15422446 0.027922006 0.037002008
v 0.15769249 0.036586005 0.052573007
v 0.15577656 0.039434008 0.036393005
v 0.16430551 0.045549005 0.050858006
v 0.16318554 0.047399007 0.034104008
v 0.16245049 0.048376005 0.019923007
v 0.17343849 0.049968008 0.030893005
v 0.17158455 0.050457008 0.016674006
v 0.16981047 0.050885007 0.0077280067
v 0.18142444 0.050850008 0.013297006
v 0.17943555 0.051173005 0.0041880067
v 0.17695445 0.051730007 -0.0041159932
v 0.16704649 0.051720008 0.00028600683
v 0.17421955 0.053460006 -0.011131993
v 0.17421955 0.053460006 -0.011131993
v 0.16425544 0.053458005 -0.0057549933
v 0.16425544 0.053458005 -0.0057549933
v 0.19051653 0.051484007 -0.010418993
v 0.18815655 0.053409006 -0.018096993
v 0.18815655 0.053409006 -0.018096993
v 0.18880945 0.061614007 -0.019608993
v 0.20769948 0.053699005 -0.025721993
v 0.20769948 0.053699005 -0.025721993
v 0.20934647 0.062453005 -0.024951993
v 0.21166247 0.071279004 -0.024421994
v 0.23504549 0.073886007 -0.027562993
v 0.23532146 0.08380501 -0.029797994
v 0.21244949 0.081469007 -0.026664993
v 0.23491746 0.091488004 -0.036865994
v 0.23491746 0.091488004 -0.036865994
v 0.21175843 0.089646004 -0.032514993
v 0.21175843 0.089646004 -0.032514993
v 0.23420554 0.095644005 -0.046874993
v 0.25873357 0.093571007 -0.040924992
v 0.25873357 0.093571007 -0.040924992
v 0.25847954 0.096450008 -0.051265992
v 0.2582255 0.098638006 -0.062086992
v 0.28304344 0.097232006 -0.054529995
v 0.28332549 0.099463008 -0.065387994
v 0.28350252 0.10236001 -0.082718991
v 0.25774556 0.10150101 -0.077479996
v 0.28301245 0.10403701 -0.10614499
v 0.30918556 0.103016 -0.087328993
v 0.30934054 0.10429601 -0.111031
v 0.30902952 0.10515501 -0.13484599
v 0.28221446 0.10496901 -0.12958899
v 0.30860454 0.10597201 -0.15843499
v 0.28161055 0.10569001 -0.15247399
v 0.30819052 0.106842 -0.182136
v 0.28159851 0.106392 -0.17578299
v 0.30784649 0.10799301 -0.20666099
v 0.28193253 0.107246 -0.20105299
v 0.30769247 0.10955101 -0.23136799
v 0.28204352 0.10871401 -0.226394
v 0.25738055 0.10821301 -0.22280599
v 0.28219444 0.11017901 -0.25117397
v 0.25715142 0.10995901 -0.247761
v 0.23274845 0.10984801 -0.245474
v 0.25684351 0.11106801 -0.27155799
v 0.23202044 0.11105501 -0.269155
v 0.25668555 0.11164301 -0.29325798
v 0.23144847 0.11158701 -0.29075
v 0.2567485 0.11158801 -0.309495
v 0.2567485 0.11158801 -0.309495
v 0.25673753 0.10891701 -0.32358199
v 0.25673753 0.10891701 -0.32358199
v 0.23077649 0.11020001 -0.32232299
v 0.25495952 0.099918008 -0.334874
v 0.22996455 0.10216701 -0.33400699
v 0.24982446 0.088211007 -0.35151899
v 0.2272225 0.091060005 -0.348663
v 0.24495953 0.07764101 -0.36798298
v 0.22348255 0.079972006 -0.36462799
v 0.2417205 0.069829009 -0.38159698
v 0.22066849 0.07131701 -0.37851998
v 0.24014455 0.060326006 -0.390672
v 0.21927553 0.061871007 -0.389094
v 0.2394405 0.047321007 -0.395381
v 0.21853751 0.048723008 -0.39426199
v 0.19693154 0.050078008 -0.39433098
v 0.21790546 0.034402005 -0.39928898
v 0.19636554 0.035684008 -0.39938998
v 0.17411453 0.036563005 -0.39984998
v 0.19606847 0.018427007 -0.405186
v 0.17394251 0.018934008 -0.40570998
v 0.19593245 6.9048838e-09 -0.409309
v 0.21743649 0.017728006 -0.40495598
v 0.21718651 6.9048838e-09 -0.40884501
v 0.16264647 6.9048838e-09 0.077037007
v 0.15921348 6.9048838e-09 0.06640701
v 0.16271847 0.011329007 0.07710401
v 0.15925246 0.012316007 0.066450007
v 0.16283947 0.021903006 0.077340007
v 0.16283947 0.021903006 0.077340007
v 0.15950745 0.023497008 0.06648501
v 0.15950745 0.023497008 0.06648501
v 0.16363746 0.030765006 0.077925004
v 0.16104847 0.033789005 0.066593006
v 0.16925246 0.039854009 0.077899009
v 0.16695446 0.043062005 0.065958008
v 0.17968947 0.045226008 0.076305009
v 0.17736548 0.047753006 0.063409008
v 0.17498356 0.048950005 0.047462005
v 0.18917948 0.048749007 0.059483007
v 0.18643147 0.049736008 0.043256007
v 0.18413049 0.050447006 0.027164007
v 0.20077854 0.049974006 0.036998007
v 0.19819146 0.050397009 0.021919006
v 0.19567949 0.050712008 0.0089930072
v 0.21609956 0.050091006 0.014090007
v 0.21360248 0.050370008 0.0019600068
v 0.21112746 0.050654005 -0.0087259933
v 0.19307953 0.051000006 -0.0012299932
v 0.20905048 0.051290005 -0.018125992
v 0.23275548 0.050112005 -0.016412992
v 0.23172456 0.051161006 -0.025955994
v 0.23176855 0.057117008 -0.031217992
v 0.23176855 0.057117008 -0.031217992
v 0.25552648 0.049909007 -0.031453993
v 0.25552648 0.049909007 -0.031453993
v 0.25627548 0.058413006 -0.033179995
v 0.25783747 0.067088008 -0.030099994
v 0.27979249 0.060823008 -0.033539992
v 0.28162152 0.069588006 -0.031152993
v 0.28266948 0.079431005 -0.031609993
v 0.25880247 0.076607004 -0.029953994
v 0.28275853 0.088264003 -0.036161993
v 0.28275853 0.088264003 -0.036161993
v 0.25891954 0.08616101 -0.033532992
v 0.28285056 0.094539009 -0.044254992
v 0.28285056 0.094539009 -0.044254992
v 0.3058725 0.08996401 -0.036918994
v 0.3058725 0.08996401 -0.036918994
v 0.30649954 0.095093004 -0.045890994
v 0.30737144 0.09773501 -0.056173991
v 0.32943755 0.095744006 -0.046469994
v 0.33116943 0.098129004 -0.057010993
v 0.33299154 0.101009 -0.07058499
v 0.30832952 0.10020801 -0.068006992
v 0.33465952 0.10349601 -0.091536991
v 0.35785657 0.10176601 -0.073337995
v 0.3600015 0.10400101 -0.09562999
v 0.36086053 0.10487001 -0.120685
v 0.33529955 0.10456101 -0.11579199
v 0.3610875 0.10568801 -0.145991
v 0.33534151 0.10538201 -0.14021799
v 0.36069447 0.10763801 -0.17116399
v 0.33499449 0.10637401 -0.16459699
v 0.36012453 0.11036 -0.195942
v 0.33446354 0.10787901 -0.18888599
v 0.35950357 0.11157601 -0.220644
v 0.33390146 0.109813 -0.21334599
v 0.35913652 0.11212501 -0.24492799
v 0.33353251 0.11065301 -0.23770599
v 0.35866743 0.11244301 -0.26911598
v 0.33334154 0.11109801 -0.26174399
v 0.30778652 0.11054201 -0.25588799
v 0.33317453 0.11142001 -0.285694
v 0.30801946 0.111201 -0.27962798
v 0.28215247 0.11112901 -0.27489299
v 0.30795056 0.11132201 -0.30087799
v 0.28228146 0.11155 -0.29628098
v 0.30787748 0.10963201 -0.317393
v 0.2828595 0.11114001 -0.31214499
v 0.2828595 0.11114001 -0.31214499
v 0.30536944 0.100141 -0.33286798
v 0.28212351 0.105321 -0.32636899
v 0.28212351 0.105321 -0.32636899
v 0.28212351 0.105321 -0.32636899
v 0.30039054 0.092045009 -0.34965399
v 0.27803653 0.095202006 -0.33974898
v 0.27124447 0.085223004 -0.356426
v 0.28168255 0.070000008 -0.394301
v 0.26172954 0.069244005 -0.38672999
v 0.28023952 0.059436008 -0.40195298
v 0.26033956 0.059299007 -0.39470801
v 0.27961653 0.045698006 -0.406452
v 0.25981051 0.046302006 -0.399279
v 0.2786395 0.030582007 -0.41074499
v 0.25905544 0.031550005 -0.403909
v 0.23876148 0.032862008 -0.400372
v 0.25805956 0.015907006 -0.4086
v 0.23806447 0.016858008 -0.40563399
v 0.2772035 0.014976007 -0.414767
v 0.29249054 6.9048838e-09 -0.428657
v 0.1753245 6.9048838e-09 0.092681006
v 0.16782147 6.9048838e-09 0.085607007
v 0.16782147 6.9048838e-09 0.085607007
v 0.17498952 0.010930007 0.092475004
v 0.16772348 0.010948007 0.085493006
v 0.16772348 0.010948007 0.085493006
v 0.17438453 0.020412007 0.092078008
v 0.16777855 0.020949006 0.085485004
v 0.16777855 0.020949006 0.085485004
v 0.16777855 0.020949006 0.085485004
v 0.1853705 0.011418007 0.097644009
v 0.18465954 0.021216007 0.097260006
v 0.19831043 0.011946007 0.099523008
v 0.19784456 0.022422006 0.098965004
v 0.19727355 0.032021008 0.097033009
v 0.21465045 0.023318008 0.097367004
v 0.21413654 0.033474006 0.094547004
v 0.2128635 0.041125007 0.087760009
v 0.2128635 0.041125007 0.087760009
v 0.19650847 0.040028006 0.092149004
v 0.19650847 0.040028006 0.092149004
v 0.21087152 0.045556005 0.078092009
v 0.19486851 0.044460006 0.083104007
v 0.2082215 0.047966007 0.066803008
v 0.19267148 0.047289006 0.072651006
v 0.20455843 0.049257006 0.052798007
v 0.22599655 0.048162006 0.058299005
v 0.22231048 0.049256008 0.043756008
v 0.2188285 0.049758006 0.028052006
v 0.24127752 0.048941009 0.033717006
v 0.23819846 0.049343009 0.018744007
v 0.23593754 0.049608007 0.0058420068
v 0.25972444 0.048721008 0.010000007
v 0.25798148 0.048913006 -0.0018339931
v 0.25690252 0.049009006 -0.012641993
v 0.23415047 0.049846008 -0.0058069932
v 0.2561205 0.049016006 -0.022614993
v 0.2802065 0.047985006 -0.017822994
v 0.27917951 0.047793008 -0.027181992
v 0.27889854 0.051622007 -0.034938995
v 0.27889854 0.051622007 -0.034938995
v 0.30131656 0.046625007 -0.031404994
v 0.30131656 0.046625007 -0.031404994
v 0.30102748 0.053007007 -0.036201995
v 0.30102748 0.053007007 -0.036201995
v 0.30264348 0.061757006 -0.032818992
v 0.32362348 0.054374006 -0.035563994
v 0.32456654 0.061768007 -0.030792993
v 0.3262015 0.072728008 -0.028183993
v 0.30483443 0.070907004 -0.030489992
v 0.32654351 0.083577007 -0.029763993
v 0.32654351 0.083577007 -0.029763993
v 0.30550343 0.081390008 -0.031495996
v 0.32772857 0.091903009 -0.036397994
v 0.32772857 0.091903009 -0.036397994
v 0.34703654 0.086298004 -0.027901994
v 0.34703654 0.086298004 -0.027901994
v 0.34927946 0.093487009 -0.035819992
v 0.35195857 0.096067004 -0.046323992
v 0.36963147 0.093307003 -0.033753995
v 0.37384444 0.095926009 -0.044117995
v 0.37804252 0.09861701 -0.056721993
v 0.35473853 0.098452009 -0.057301994
v 0.38237554 0.10235 -0.075640991
v 0.40900654 0.10463101 -0.104183
v 0.38504547 0.10444201 -0.099798992
v 0.41042644 0.104734 -0.13111299
v 0.38627952 0.105129 -0.12578599
v 0.41067249 0.10572401 -0.159008
v 0.38651043 0.106098 -0.152255
v 0.40986544 0.10979701 -0.185802
v 0.38586956 0.10949901 -0.17811999
v 0.40902549 0.114861 -0.211256
v 0.38506156 0.112069 -0.20360899
v 0.40810651 0.11942501 -0.23599999
v 0.38445753 0.11417101 -0.22846399
v 0.4074505 0.12042401 -0.261087
v 0.38392252 0.11482601 -0.25301298
v 0.40629047 0.120258 -0.2863
v 0.38300449 0.11487401 -0.277569
v 0.40398353 0.12015101 -0.311342
v 0.38127249 0.11491501 -0.30197498
v 0.35749346 0.11236901 -0.29320198
v 0.37822646 0.11493301 -0.325957
v 0.35563856 0.11218001 -0.31639999
v 0.33247048 0.11116201 -0.30800399
v 0.35276443 0.109772 -0.337502
v 0.33080751 0.10696301 -0.32626799
v 0.34797651 0.10466 -0.35835499
v 0.32726651 0.099800006 -0.344533
v 0.34126848 0.097516008 -0.378903
v 0.30202156 0.071649007 -0.40504
v 0.31734854 0.060702007 -0.42890298
v 0.29959852 0.059987009 -0.412646
v 0.31476849 0.044993006 -0.43405598
v 0.29875952 0.045071006 -0.416967
v 0.31205148 0.028850008 -0.43845201
v 0.2971155 0.029215006 -0.42123199
v 0.30891544 0.014056006 -0.442516
v 0.29442853 0.014191007 -0.42594299
v 0.30642253 6.9048838e-09 -0.44485301
v 0.32004744 6.9048838e-09 -0.464816
v 0.3341015 6.9048838e-09 -0.48896199
v 0.23495346 6.9048838e-09 0.09206301
v 0.21492344 6.9048838e-09 0.098343007
v 0.19856054 6.9048838e-09 0.099917009
v 0.21478349 0.012133007 0.09802901
v 0.18566853 6.9048838e-09 0.097747006
v 0.23499554 0.012150007 0.091887005
v 0.23513454 0.023649007 0.091127008
v 0.25617152 0.012100006 0.08368101
v 0.25629848 0.023885006 0.083011009
v 0.25536448 0.034668006 0.079495005
v 0.25536448 0.034668006 0.079495005
v 0.23444647 0.033997007 0.087765008
v 0.23444647 0.033997007 0.087765008
v 0.25265652 0.041997008 0.07117901
v 0.2324025 0.041920006 0.080508009
v 0.2324025 0.041920006 0.080508009
v 0.2324025 0.041920006 0.080508009
v 0.24902445 0.045911007 0.060437005
v 0.24902445 0.045911007 0.060437005
v 0.22937948 0.045826007 0.070166007
v 0.22937948 0.045826007 0.070166007
v 0.24508649 0.047936007 0.048269007
v 0.26983243 0.045701008 0.050745007
v 0.26983243 0.045701008 0.050745007
v 0.26609749 0.047404006 0.038331006
v 0.26241356 0.048277006 0.024049006
v 0.28830045 0.046738006 0.029845007
v 0.28532952 0.047562007 0.015906006
v 0.28306252 0.047921006 0.0029810066
v 0.30880743 0.046954006 0.0090900073
v 0.30651551 0.047188006 -0.002869993
v 0.30460745 0.047147006 -0.012993993
v 0.28149146 0.048044007 -0.0078519937
v 0.30287343 0.046890005 -0.022591993
v 0.32542151 0.046568006 -0.017668992
v 0.32413548 0.046412006 -0.027199993
v 0.32349747 0.046557005 -0.034821995
v 0.32349747 0.046557005 -0.034821995
v 0.34408051 0.046258006 -0.030809993
v 0.34408051 0.046258006 -0.030809993
v 0.34450155 0.050284006 -0.035591993
v 0.34450155 0.050284006 -0.035591993
v 0.34513348 0.057035007 -0.031092994
v 0.36157852 0.051800005 -0.032441992
v 0.36285144 0.059269007 -0.026003994
v 0.36328751 0.068626009 -0.021430993
v 0.34563452 0.06540101 -0.026506994
v 0.36408955 0.078914009 -0.021017993
v 0.34576756 0.076082006 -0.024496993
v 0.36622852 0.087518007 -0.025727993
v 0.36622852 0.087518007 -0.025727993
v 0.38228852 0.087011009 -0.021588992
v 0.38228852 0.087011009 -0.021588992
v 0.38717848 0.091984004 -0.028958993
v 0.39391643 0.086599007 -0.013421993
v 0.39997548 0.090424009 -0.020024993
v 0.41036648 0.089651003 -0.0057379929
v 0.40333146 0.086452007 -0.00065599318
v 0.41082948 0.085415006 0.017663008
v 0.41800457 0.088654004 0.013767007
v 0.40513247 0.080355003 0.020304007
v 0.41251653 0.078722008 0.039174005
v 0.4178105 0.083201006 0.037235007
v 0.40148145 0.073880009 0.021746008
v 0.40148145 0.073880009 0.021746008
v 0.40871555 0.072594009 0.040402006
v 0.41402155 0.073400006 0.058348008
v 0.41816145 0.078802004 0.057752006
v 0.40118343 0.066696011 0.022688007
v 0.40118343 0.066696011 0.022688007
v 0.40714055 0.065147005 0.040740006
v 0.41169149 0.065317005 0.058199007
v 0.41968757 0.074369006 0.074050009
v 0.42354554 0.070547007 0.088716008
v 0.42354554 0.070547007 0.088716008
v 0.42813045 0.073088005 0.089665011
v 0.42813045 0.073088005 0.089665011
v 0.42340654 0.078411005 0.074441008
v 0.43407947 0.075442009 0.089710005
v 0.43407947 0.075442009 0.089710005
v 0.42853457 0.080697007 0.073870003
v 0.42343456 0.082213007 0.056537006
v 0.43469852 0.082493007 0.072542004
v 0.42940146 0.084594004 0.054967009
v 0.42403346 0.086858004 0.034718007
v 0.43609351 0.08722201 0.052783009
v 0.43104547 0.089571007 0.031448007
v 0.42536253 0.091382004 0.0091880066
v 0.44192547 0.092973009 0.025908006
v 0.43733853 0.096203007 0.0020130069
v 0.45891052 0.10001401 0.016364006
v 0.45633048 0.10314101 -0.0090319933
v 0.48036247 0.10910901 0.0044230069
v 0.47830755 0.11309101 -0.020240992
v 0.47593051 0.11586401 -0.045045994
v 0.50026053 0.129563 -0.030279994
v 0.49717051 0.13280201 -0.053966992
v 0.49434954 0.13555701 -0.078157991
v 0.47370344 0.11873501 -0.070089996
v 0.49194247 0.13816901 -0.10291599
v 0.47162551 0.12127601 -0.095352992
v 0.49001449 0.14124101 -0.127886
v 0.46930748 0.123776 -0.12130199
v 0.45039648 0.11115601 -0.114113
v 0.46812648 0.12712601 -0.14720699
v 0.45015746 0.11197801 -0.14158399
v 0.43165451 0.10563201 -0.13627699
v 0.4301185 0.10631301 -0.10846099
v 0.45015949 0.11671001 -0.168871
v 0.43233746 0.10742 -0.16488099
v 0.4526245 0.12305 -0.19610299
v 0.43245953 0.11396201 -0.19268899
v 0.45362455 0.13000001 -0.22252399
v 0.43202645 0.12102601 -0.217712
v 0.45229453 0.134956 -0.248926
v 0.43089145 0.12659301 -0.24282499
v 0.45087546 0.136931 -0.27578399
v 0.42990154 0.12778801 -0.26869398
v 0.4485845 0.13811301 -0.30276799
v 0.42827648 0.12794401 -0.294743
v 0.44489056 0.13895501 -0.32996199
v 0.42543846 0.12817101 -0.32080901
v 0.43959552 0.139484 -0.35722399
v 0.42089349 0.12828001 -0.34677598
v 0.40024251 0.12015601 -0.33620399
v 0.41522247 0.12696201 -0.372628
v 0.39503151 0.11927801 -0.36063999
v 0.37426847 0.11397601 -0.349096
v 0.39016849 0.11244601 -0.384157
v 0.36929148 0.10841801 -0.37166399
v 0.38377744 0.10459401 -0.407664
v 0.37544256 0.095506005 -0.430462
v 0.3651585 0.087295003 -0.448313
v 0.35491449 0.077867009 -0.46281201
v 0.34754747 0.063931003 -0.47267199
v 0.34366351 0.047045007 -0.47870898
v 0.34046656 0.029991006 -0.483767
v 0.35233051 0.033445008 -0.51129997
v 0.34865457 0.016176008 -0.51465702
v 0.34591752 6.9048838e-09 -0.51633
v 0.34591752 6.9048838e-09 -0.51633
v 0.35445052 0.019560007 -0.544671
v 0.35239452 6.9048838e-09 -0.54593998
v 0.35239452 6.9048838e-09 -0.54593998
v 0.29775745 6.9048838e-09 0.06852401
v 0.27706248 6.9048838e-09 0.075639009
v 0.2561565 6.9048838e-09 0.083709009
v 0.27694851 0.012184007 0.07537701
v 0.29769248 0.012547007 0.068331003
v 0.29750544 0.024536006 0.067572005
v 0.27692646 0.024139008 0.074717008
v 0.29652244 0.035230007 0.063358009
v 0.29652244 0.035230007 0.063358009
v 0.29652244 0.035230007 0.063358009
v 0.27568454 0.034466006 0.070244007
v 0.27568454 0.034466006 0.070244007
v 0.29428548 0.042324007 0.054350007
v 0.29428548 0.042324007 0.054350007
v 0.27326649 0.042075008 0.062034003
v 0.27326649 0.042075008 0.062034003
v 0.29136151 0.045346007 0.042570006
v 0.31575948 0.042796008 0.047930006
v 0.31371349 0.045191009 0.035804007
v 0.31135255 0.046368007 0.022808006
v 0.33429343 0.045410007 0.030309007
v 0.33249956 0.046243008 0.016886007
v 0.32956249 0.046580005 0.0036170068
v 0.34947246 0.046210006 0.012206007
v 0.34703153 0.046379007 -0.00093599316
v 0.34507746 0.046361007 -0.011704993
v 0.32716256 0.046662007 -0.0075789932
v 0.34412152 0.046277005 -0.021718994
v 0.35967547 0.046190009 -0.015418993
v 0.35956746 0.046140008 -0.024481993
v 0.3604905 0.046281006 -0.03237199
v 0.3604905 0.046281006 -0.03237199
v 0.37025243 0.046118006 -0.025924994
v 0.37125856 0.046382006 -0.032559995
v 0.37125856 0.046382006 -0.032559995
v 0.37219948 0.052886005 -0.029316993
v 0.37219948 0.052886005 -0.029316993
v 0.36995953 0.046112008 -0.017515993
v 0.3779375 0.046126008 -0.018989993
v 0.37906951 0.046184007 -0.0085649937
v 0.37054247 0.046178006 -0.0066669933
v 0.37292343 0.046152007 0.006058007
v 0.38118047 0.046216007 0.0035930066
v 0.36087948 0.046228006 -0.0044089928
v 0.36268252 0.046180006 0.009089007
v 0.36607844 0.045816008 0.022899007
v 0.37708253 0.045938008 0.019777007
v 0.3521685 0.045590006 0.026191007
v 0.35439652 0.043771006 0.038996007
v 0.36903948 0.044440009 0.036010008
v 0.33629853 0.043246008 0.042747006
v 0.33786756 0.037521008 0.053345006
v 0.33786756 0.037521008 0.053345006
v 0.35623449 0.038967006 0.050457008
v 0.35623449 0.038967006 0.050457008
v 0.31744057 0.036387008 0.057994008
v 0.31744057 0.036387008 0.057994008
v 0.31829351 0.025427006 0.062632009
v 0.33863848 0.026652006 0.058390006
v 0.33891851 0.013722007 0.059527006
v 0.35805255 0.014659007 0.056889005
v 0.35744947 0.027922006 0.055895008
v 0.31857854 0.012966007 0.063723005
v 0.31868654 6.9048838e-09 0.063952006
v 0.33902651 6.9048838e-09 0.059594005
v 0.35832649 6.9048838e-09 0.056897007
v 0.38597554 6.9048838e-09 0.057551008
v 0.37498647 6.9048838e-09 0.056483008
v 0.38526756 0.017803008 0.057189006
v 0.37434953 0.016085006 0.056357007
v 0.38412946 0.032063007 0.054944009
v 0.37292653 0.029815007 0.055221006
v 0.38285357 0.041715007 0.046417005
v 0.38285357 0.041715007 0.046417005
v 0.37124544 0.040576007 0.048127007
v 0.37124544 0.040576007 0.048127007
v 0.38043147 0.044865008 0.033636007
v 0.39160448 0.042966008 0.044055007
v 0.39160448 0.042966008 0.044055007
v 0.38880652 0.045584008 0.030759007
v 0.3846485 0.046137005 0.017075006
v 0.39548749 0.047276005 0.028504007
v 0.39167446 0.047305007 0.014319007
v 0.38831955 0.046547007 0.0011040068
v 0.39685148 0.052161008 0.011171007
v 0.39288145 0.050394006 -0.0015489932
v 0.39288145 0.050394006 -0.0015489932
v 0.39744145 0.059238005 0.0078410069
v 0.39744145 0.059238005 0.0078410069
v 0.39292151 0.056342006 -0.0045549935
v 0.39292151 0.056342006 -0.0045549935
v 0.40160948 0.060140006 0.024430007
v 0.40160948 0.060140006 0.024430007
v 0.40004748 0.052613009 0.026281007
v 0.39268953 0.034145005 0.054799005
v 0.39268953 0.034145005 0.054799005
v 0.39355153 0.018905006 0.058514006
v 0.39407951 6.9048838e-09 0.058846008
v 0.40168744 6.9048838e-09 0.060755007
v 0.40836853 6.9048838e-09 0.066253006
v 0.40836853 6.9048838e-09 0.066253006
v 0.40836853 6.9048838e-09 0.066253006
v 0.4128775 6.9048838e-09 0.075217009
v 0.4128775 6.9048838e-09 0.075217009
v 0.41595954 6.9048838e-09 0.085914008
v 0.41595954 6.9048838e-09 0.085914008
v 0.4163565 0.024939006 0.084911004
v 0.41937143 0.027579008 0.095500007
v 0.41868955 6.9048838e-09 0.096304007
v 0.41868955 6.9048838e-09 0.096304007
v 0.42398244 6.9048838e-09 0.10520601
v 0.42398244 6.9048838e-09 0.10520601
v 0.42398244 6.9048838e-09 0.10520601
v 0.42507654 0.029970007 0.10305901
v 0.42507654 0.029970007 0.10305901
v 0.43292946 6.9048838e-09 0.11035701
v 0.44288355 6.9048838e-09 0.10997
v 0.44269246 0.033278007 0.10718801
v 0.43317348 0.031854007 0.107297
v 0.44011849 0.058830008 0.10071801
v 0.43216747 0.056800008 0.100945
v 0.42554146 0.053986005 0.098451003
v 0.42554146 0.053986005 0.098451003
v 0.44831043 0.061042007 0.098013006
v 0.44105345 0.077331007 0.088754006
v 0.44105345 0.077331007 0.088754006
v 0.45249754 0.035253007 0.10400601
v 0.46210653 0.038493007 0.10010101
v 0.45696145 0.064704008 0.093948007
v 0.45298952 6.9048838e-09 0.10714
v 0.46304649 6.9048838e-09 0.10357301
v 0.47195846 6.9048838e-09 0.099668004
v 0.47029549 0.041670006 0.095416009
v 0.47962552 6.9048838e-09 0.09658201
v 0.48630852 6.9048838e-09 0.096361004
v 0.47821456 0.044566005 0.091690004
v 0.47312742 0.073423006 0.084299006
v 0.46530443 0.069267005 0.088884003
v 0.46759051 0.087313004 0.074099004
v 0.46759051 0.087313004 0.074099004
v 0.45791954 0.083819009 0.079453006
v 0.45791954 0.083819009 0.079453006
v 0.44904751 0.080359004 0.084841006
v 0.44904751 0.080359004 0.084841006
v 0.45171243 0.088519007 0.065275006
v 0.44176155 0.084716007 0.07006301
v 0.44666344 0.090871006 0.048143007
v 0.46368748 0.09275201 0.059533007
v 0.46100849 0.096843004 0.040495008
v 0.47977847 0.10037801 0.051638007
v 0.48086554 0.10558901 0.029070007
v 0.50460953 0.11622 0.038319007
v 0.50460654 0.121916 0.016194006
v 0.50270158 0.126083 -0.006913993
v 0.52769357 0.14405701 0.005136007
v 0.52483946 0.14663801 -0.016752992
v 0.52165252 0.14908201 -0.039236993
v 0.54786748 0.16698901 -0.025676994
v 0.54376847 0.16840601 -0.047512993
v 0.54002553 0.16988701 -0.070165992
v 0.51836854 0.15142101 -0.062279992
v 0.53682548 0.17165101 -0.093536995
v 0.51521045 0.15399501 -0.085871994
v 0.53441352 0.173692 -0.11742299
v 0.51265842 0.156625 -0.11003499
v 0.53272051 0.176348 -0.14168999
v 0.51119453 0.15927301 -0.134527
v 0.53150755 0.17950501 -0.166494
v 0.51056057 0.16282301 -0.159273
v 0.48964649 0.144747 -0.15301599
v 0.51017851 0.16680001 -0.18482
v 0.48990554 0.14968801 -0.178288
v 0.46987146 0.131953 -0.17294899
v 0.49002248 0.15456101 -0.204946
v 0.47152144 0.137913 -0.19915199
v 0.48965448 0.158941 -0.232439
v 0.47194654 0.14335501 -0.226953
v 0.48816651 0.162476 -0.26034999
v 0.47079653 0.14764801 -0.25450599
v 0.48574048 0.16521601 -0.288598
v 0.46874446 0.150509 -0.28221199
v 0.48215848 0.16714501 -0.31719798
v 0.4656195 0.15252501 -0.31017599
v 0.47731453 0.16813101 -0.34601501
v 0.4612295 0.153629 -0.338413
v 0.47111446 0.16802801 -0.375009
v 0.45542151 0.15373801 -0.366763
v 0.46361452 0.16669801 -0.40438199
v 0.44814748 0.15201901 -0.395165
v 0.43297154 0.137998 -0.38444498
v 0.4393695 0.14892301 -0.42416701
v 0.42524153 0.133623 -0.41181999
v 0.4098205 0.12010701 -0.39770299
v 0.41627949 0.12703501 -0.43862298
v 0.40238243 0.11154401 -0.42198101
v 0.40613943 0.118737 -0.46473598
v 0.39322251 0.103145 -0.446448
v 0.39429647 0.108615 -0.48950601
v 0.3822785 0.09430901 -0.46861699
v 0.38192052 0.095309004 -0.50937301
v 0.37062556 0.083669007 -0.48504201
v 0.37102348 0.078988008 -0.52450502
v 0.36123651 0.069346003 -0.49776798
v 0.36301953 0.060078006 -0.535151
v 0.35562855 0.051981006 -0.50573498
v 0.35765654 0.039568007 -0.54122102
v 0.36818451 0.068834007 -0.56388897
v 0.36152953 0.045949008 -0.57118297
v 0.35751349 0.022790007 -0.57501698
v 0.36500853 0.051192008 -0.60001302
v 0.36102444 0.025528006 -0.60421199
v 0.35871953 6.9048838e-09 -0.605721
v 0.35871953 6.9048838e-09 -0.605721
v 0.35517448 6.9048838e-09 -0.57613498
v 0.35517448 6.9048838e-09 -0.57613498
v 0.50139743 6.9048838e-09 0.13368601
v 0.49810749 6.9048838e-09 0.12165201
v 0.49522549 6.9048838e-09 0.109685
v 0.49221653 6.9048838e-09 0.10030801
v 0.49221653 6.9048838e-09 0.10030801
v 0.50410551 0.048378006 0.115816
v 0.50710946 0.047671005 0.12973
v 0.52130252 0.088773005 0.12480401
v 0.51710945 0.089154005 0.10755201
v 0.54356152 0.12655801 0.11978801
v 0.54059345 0.1278 0.101303
v 0.53665048 0.12957101 0.083622009
v 0.56944758 0.158353 0.09427201
v 0.56634349 0.15975 0.075381003
v 0.56275946 0.16116801 0.055628005
v 0.53216451 0.131191 0.065565005
v 0.55957443 0.162826 0.035636008
v 0.53159243 0.136436 0.046377007
v 0.55592757 0.16438301 0.015661007
v 0.53014547 0.140815 0.026200008
v 0.55194145 0.16574501 -0.0046829931
v 0.58362252 0.18490301 0.0056830067
v 0.57795554 0.184744 -0.013844993
v 0.57230848 0.184744 -0.033946995
v 0.60508651 0.199945 -0.023785993
v 0.59710556 0.19908901 -0.042387992
v 0.59031051 0.19876301 -0.063030988
v 0.56708151 0.18523501 -0.055239994
v 0.58494347 0.199028 -0.08518599
v 0.5626635 0.18616901 -0.077718996
v 0.58069044 0.200038 -0.10842899
v 0.55902559 0.187537 -0.101046
v 0.57731849 0.20139201 -0.13231999
v 0.55620652 0.189613 -0.12489399
v 0.57383353 0.20286401 -0.15632299
v 0.55474252 0.19224201 -0.149345
v 0.57072145 0.204427 -0.180685
v 0.55324346 0.19463201 -0.17424199
v 0.56659251 0.205292 -0.20536499
v 0.55138451 0.19692001 -0.199664
v 0.53048354 0.182962 -0.192123
v 0.54948252 0.199218 -0.22602399
v 0.52971154 0.18639001 -0.21878599
v 0.50954252 0.17071101 -0.21140799
v 0.52833253 0.18920501 -0.245977
v 0.50850147 0.174179 -0.23886099
v 0.5262875 0.19167601 -0.273489
v 0.50660855 0.17718601 -0.26670998
v 0.52270156 0.19327001 -0.30178601
v 0.50360352 0.17961101 -0.295151
v 0.51840454 0.19427301 -0.33041298
v 0.4994815 0.18132001 -0.323892
v 0.51290351 0.19477801 -0.35884598
v 0.49425751 0.18206601 -0.352759
v 0.50626642 0.194581 -0.387283
v 0.48774153 0.18177001 -0.38169199
v 0.49857253 0.193671 -0.41588101
v 0.47994143 0.180464 -0.410842
v 0.48964649 0.19179301 -0.44458699
v 0.47065049 0.178084 -0.44051799
v 0.45428652 0.16391 -0.434167
v 0.45944053 0.17463401 -0.47213098
v 0.44338149 0.15989101 -0.46561998
v 0.42915553 0.14386201 -0.45371699
v 0.43025857 0.15377501 -0.50125098
v 0.41735548 0.13649 -0.48403698
v 0.40402848 0.12554 -0.51280898
v 0.39011854 0.11005901 -0.53558302
v 0.38245553 0.10136601 -0.58087301
v 0.37767345 0.090664007 -0.55244797
v 0.37233955 0.076453008 -0.592507
v 0.37941748 0.081312008 -0.62104899
v 0.37236744 0.054316007 -0.62892902
v 0.38960749 0.10786701 -0.60953301
v 0.39954847 0.11068301 -0.63607901
v 0.39049751 0.08369901 -0.64824897
v 0.40473944 0.085188009 -0.67416596
v 0.39913446 0.057262007 -0.68320298
v 0.39913446 0.057262007 -0.68320298
v 0.38405949 0.056201007 -0.65661597
v 0.41249853 0.11228201 -0.661143
v 0.42902356 0.112923 -0.68479002
v 0.42902356 0.112923 -0.68479002
v 0.42240745 0.085931011 -0.69854897
v 0.42240745 0.085931011 -0.69854897
v 0.42305857 0.13764501 -0.64455497
v 0.43793553 0.137646 -0.66759402
v 0.45626253 0.136703 -0.68916202
v 0.45626253 0.136703 -0.68916202
v 0.44972247 0.112087 -0.70600599
v 0.44972247 0.112087 -0.70600599
v 0.43607849 0.15975401 -0.62562501
v 0.44881648 0.15955101 -0.64903802
v 0.46467954 0.15872501 -0.67064202
v 0.48441452 0.15659 -0.68931097
v 0.48441452 0.15659 -0.68931097
v 0.47850949 0.13507301 -0.70797801
v 0.47850949 0.13507301 -0.70797801
v 0.46112257 0.177743 -0.63043702
v 0.47518951 0.17738901 -0.65167099
v 0.49241644 0.175392 -0.67039698
v 0.51250547 0.17271201 -0.685269
v 0.50720054 0.15393901 -0.70407701
v 0.50720054 0.15393901 -0.70407701
v 0.48595947 0.192688 -0.63483
v 0.50143653 0.19134301 -0.65257698
v 0.51902753 0.18999001 -0.66776401
v 0.53758949 0.19149201 -0.68203199
v 0.53758949 0.19149201 -0.68203199
v 0.53277642 0.17540701 -0.70092797
v 0.53277642 0.17540701 -0.70092797
v 0.51036149 0.204025 -0.637429
v 0.52589041 0.20349601 -0.65223801
v 0.54344648 0.203564 -0.66436899
v 0.56291753 0.20297101 -0.672005
v 0.56291753 0.20297101 -0.672005
v 0.55985552 0.19079001 -0.69050002
v 0.55985552 0.19079001 -0.69050002
v 0.53296953 0.21174201 -0.63915896
v 0.54867154 0.21132101 -0.649351
v 0.56557256 0.21077201 -0.655523
v 0.5831005 0.20977901 -0.65766001
v 0.5831005 0.20977901 -0.65766001
v 0.58375949 0.20158701 -0.67374402
v 0.58375949 0.20158701 -0.67374402
v 0.58375949 0.20158701 -0.67374402
v 0.55345148 0.215027 -0.63585901
v 0.56759745 0.214929 -0.64168698
v 0.58228952 0.21455501 -0.64328802
v 0.58228952 0.21455501 -0.64328802
v 0.59606844 0.214164 -0.64154202
v 0.59606844 0.214164 -0.64154202
v 0.60018545 0.20897901 -0.65506601
v 0.5701105 0.21502401 -0.62785101
v 0.5701105 0.21502401 -0.62785101
v 0.58169252 0.21442801 -0.62869501
v 0.57248348 0.20789501 -0.61508602
v 0.57248348 0.20789501 -0.61508602
v 0.58211046 0.20699301 -0.615408
v 0.57585245 0.20207001 -0.601924
v 0.58560449 0.201746 -0.602754
v 0.59294754 0.20109901 -0.59250998
v 0.60541147 0.20177701 -0.59658498
v 0.58105356 0.20124501 -0.59017301
v 0.56596047 0.20248701 -0.60096198
v 0.56596047 0.20248701 -0.60096198
v 0.56973344 0.201524 -0.58878297
v 0.57594448 0.20106401 -0.57536197
v 0.56235451 0.20131801 -0.57525897
v 0.56235451 0.20131801 -0.57525897
v 0.56856853 0.200956 -0.55911702
v 0.54948348 0.202719 -0.575867
v 0.55397755 0.201967 -0.55994397
v 0.56044751 0.20140801 -0.54137498
v 0.56679052 0.200945 -0.52144498
v 0.54293543 0.20933501 -0.56191802
v 0.54788142 0.20747501 -0.54275298
v 0.55252343 0.204831 -0.52183002
v 0.55850154 0.20245901 -0.50003898
v 0.57234842 0.20062901 -0.50036097
v 0.5360505 0.21515901 -0.54501897
v 0.5360505 0.21515901 -0.54501897
v 0.54269248 0.214147 -0.52323002
v 0.54848558 0.21179901 -0.50035203
v 0.55312151 0.210388 -0.476668
v 0.56274754 0.20197801 -0.47707498
v 0.52844948 0.21611701 -0.524342
v 0.53533655 0.21572301 -0.50037998
v 0.54123849 0.215312 -0.475916
v 0.54123849 0.215312 -0.475916
v 0.5457955 0.21448101 -0.45069
v 0.5457955 0.21448101 -0.45069
v 0.55648047 0.20889801 -0.45178899
v 0.52821547 0.21354601 -0.47533
v 0.53371745 0.21354301 -0.44943699
v 0.53908259 0.213245 -0.42262298
v 0.55049855 0.213136 -0.42443299
v 0.55049855 0.213136 -0.42443299
v 0.51548558 0.20888601 -0.47514698
v 0.52190751 0.20896001 -0.44837898
v 0.52781945 0.20896001 -0.42097899
v 0.53381747 0.20905301 -0.39351198
v 0.54479748 0.213027 -0.395657
v 0.50897247 0.202914 -0.44722399
v 0.51630253 0.203592 -0.41925198
v 0.52293044 0.203821 -0.39122298
v 0.52903551 0.20397401 -0.36329699
v 0.53940052 0.20909701 -0.365991
v 0.54378253 0.20852201 -0.338433
v 0.5540325 0.21242401 -0.341232
v 0.54998249 0.212742 -0.36854699
v 0.53407949 0.20362301 -0.335399
v 0.53841048 0.20293401 -0.307071
v 0.54813749 0.207763 -0.31062299
v 0.55360657 0.207451 -0.28357899
v 0.56335551 0.21190301 -0.28738299
v 0.55795747 0.21153501 -0.31397799
v 0.54317957 0.20211701 -0.27950099
v 0.54711443 0.20103301 -0.25285798
v 0.55900449 0.207293 -0.25747198
v 0.5627405 0.20635901 -0.23104599
v 0.57326847 0.211032 -0.235037
v 0.56880456 0.211814 -0.26127198
v 0.58382148 0.21222401 -0.238839
v 0.58382148 0.21222401 -0.238839
v 0.5790295 0.212979 -0.264961
v 0.5790295 0.212979 -0.264961
v 0.57345849 0.21229401 -0.29114899
v 0.57345849 0.21229401 -0.29114899
v 0.58590752 0.207047 -0.26775399
v 0.58060652 0.20607901 -0.29379898
v 0.57590753 0.20566401 -0.31971899
v 0.56794745 0.21158701 -0.317074
v 0.56794745 0.21158701 -0.317074
v 0.57254845 0.205678 -0.346515
v 0.56453949 0.211933 -0.34408501
v 0.56453949 0.211933 -0.34408501
v 0.56838042 0.205337 -0.37318799
v 0.56044751 0.211969 -0.37108201
v 0.56044751 0.211969 -0.37108201
v 0.5644415 0.205816 -0.39980999
v 0.55605441 0.212613 -0.397935
v 0.55605441 0.212613 -0.397935
v 0.55974847 0.206981 -0.42616498
v 0.57427353 0.20118101 -0.40164798
v 0.57000643 0.20129801 -0.42761299
v 0.56634957 0.20165701 -0.45271701
v 0.58329254 0.200091 -0.429324
v 0.58329254 0.200091 -0.429324
v 0.58008951 0.20023601 -0.45405799
v 0.57661051 0.20045301 -0.477916
v 0.61627346 0.200461 -0.52803302
v 0.62945348 0.20121501 -0.53186101
v 0.63865751 0.21681501 -0.59484398
v 0.62719756 0.216423 -0.60818601
v 0.65129644 0.214799 -0.60271299
v 0.63863951 0.21435401 -0.616988
v 0.62421948 0.21384901 -0.62819302
v 0.62421948 0.21384901 -0.62819302
v 0.64836651 0.20882401 -0.62580699
v 0.63260752 0.208425 -0.63809198
v 0.61673349 0.20847 -0.648058
v 0.60986751 0.21371201 -0.63617301
v 0.60986751 0.21371201 -0.63617301
v 0.64159352 0.19874401 -0.65007997
v 0.62318152 0.19867101 -0.66063201
v 0.60404044 0.200084 -0.66949898
v 0.63082248 0.18421701 -0.67809498
v 0.6082415 0.18663701 -0.68744498
v 0.6082415 0.18663701 -0.68744498
v 0.58418256 0.189197 -0.69250101
v 0.58418256 0.189197 -0.69250101
v 0.6121425 0.17023 -0.70581001
v 0.6121425 0.17023 -0.70581001
v 0.58456546 0.173435 -0.71125901
v 0.55731052 0.175255 -0.7094
v 0.58560747 0.15493901 -0.72868097
v 0.55622655 0.156976 -0.72772902
v 0.52983457 0.156203 -0.71884596
v 0.52983457 0.156203 -0.71884596
v 0.55639058 0.13563101 -0.74399197
v 0.52900749 0.13468701 -0.73481899
v 0.50462347 0.132431 -0.72134197
v 0.52896553 0.11071501 -0.74941897
v 0.50268549 0.108716 -0.73675501
v 0.47430247 0.11080301 -0.72432297
v 0.5013935 0.083313003 -0.75006402
v 0.47152954 0.084602006 -0.737611
v 0.44509846 0.085242003 -0.71953702
v 0.47052354 0.056944005 -0.74754101
v 0.44220454 0.057296008 -0.72945297
v 0.41803247 0.057668008 -0.70796698
v 0.41803247 0.057668008 -0.70796698
v 0.44103557 0.028636007 -0.73456997
v 0.41560751 0.028853007 -0.713355
v 0.39589852 0.028673006 -0.68817002
v 0.39589852 0.028673006 -0.68817002
v 0.41432244 6.9048838e-09 -0.71526498
v 0.39430445 6.9048838e-09 -0.68998802
v 0.39430445 6.9048838e-09 -0.68998802
v 0.39430445 6.9048838e-09 -0.68998802
v 0.37869352 6.9048838e-09 -0.66291296
v 0.37869352 6.9048838e-09 -0.66291296
v 0.38048249 0.028093006 -0.66124898
v 0.36660153 6.9048838e-09 -0.63483399
v 0.36660153 6.9048838e-09 -0.63483399
v 0.36861247 0.027197007 -0.63320297
v 0.50913447 6.9048838e-09 0.17098701
v 0.50421351 6.9048838e-09 0.150462
v 0.51484448 0.046005007 0.16972201
v 0.51081949 0.046849009 0.148753
v 0.52823359 0.087711006 0.166775
v 0.52519852 0.088211007 0.14535901
v 0.54817051 0.124892 0.161584
v 0.54603845 0.125588 0.14010201
v 0.57365853 0.15567201 0.15471001
v 0.57246357 0.156837 0.13334401
v 0.57141858 0.157645 0.113111
v 0.60059649 0.182529 0.12675501
v 0.59897643 0.18482901 0.10722001
v 0.59888047 0.18327501 0.088265009
v 0.6282075 0.206854 0.103066
v 0.62936848 0.20255001 0.083717003
v 0.62906247 0.199375 0.063885003
v 0.59698349 0.18251401 0.068746008
v 0.62590748 0.200653 0.039676007
v 0.59324449 0.18350601 0.047302008
v 0.58878452 0.18450101 0.025495008
v 0.66191751 0.20921601 0.061698005
v 0.65981251 0.21132101 0.032763008
v 0.69432455 0.213925 0.062929004
v 0.69305545 0.21593401 0.037456006
v 0.7262165 0.213943 0.064412005
v 0.7262165 0.213943 0.064412005
v 0.72486144 0.214956 0.041325007
v 0.72486144 0.214956 0.041325007
v 0.72374851 0.21626201 0.015549006
v 0.72374851 0.21626201 0.015549006
v 0.7555235 0.21151601 0.043252006
v 0.75370151 0.211886 0.019455006
v 0.75229746 0.211325 -0.002784993
v 0.72395355 0.216112 -0.0068629934
v 0.72395355 0.216112 -0.0068629934
v 0.75131541 0.21050201 -0.023374993
v 0.72465152 0.215661 -0.026448993
v 0.70182258 0.219234 -0.032096993
v 0.70182258 0.219234 -0.032096993
v 0.72615153 0.21501701 -0.044162992
v 0.70627552 0.21776801 -0.047501992
v 0.70627552 0.21776801 -0.047501992
v 0.68814152 0.21927001 -0.050230995
v 0.68068653 0.21970701 -0.037915993
v 0.67040652 0.21892801 -0.051402994
v 0.66366345 0.218115 -0.043158993
v 0.65717942 0.21569401 -0.054721992
v 0.65068656 0.215385 -0.049571995
v 0.64234358 0.214054 -0.043795992
v 0.63856548 0.21372201 -0.059575994
v 0.62938052 0.21225001 -0.055603992
v 0.61725956 0.20772101 -0.050200991
v 0.62893349 0.20998301 -0.035582993
v 0.61821848 0.210803 -0.072787993
v 0.60709852 0.20628901 -0.069092996
v 0.61014944 0.210389 -0.094165996
v 0.59992558 0.20610301 -0.090559997
v 0.60417253 0.21073 -0.117112
v 0.59428149 0.206441 -0.11338999
v 0.59938949 0.21139601 -0.14092499
v 0.58955842 0.20704101 -0.137036
v 0.59553152 0.21209301 -0.16476299
v 0.59553152 0.21209301 -0.16476299
v 0.58542544 0.20779301 -0.16083999
v 0.59237057 0.212246 -0.18883999
v 0.59237057 0.212246 -0.18883999
v 0.58170551 0.209096 -0.18488899
v 0.58873051 0.21259801 -0.213534
v 0.58873051 0.21259801 -0.213534
v 0.57788652 0.21052001 -0.20966099
v 0.60247248 0.209452 -0.19262099
v 0.59708554 0.208148 -0.21681999
v 0.59136945 0.20769101 -0.24186899
v 0.60301048 0.20147401 -0.21949199
v 0.59785551 0.20148 -0.244464
v 0.59302455 0.20130301 -0.27024299
v 0.60808045 0.19979401 -0.24772699
v 0.60808045 0.19979401 -0.24772699
v 0.60331541 0.199909 -0.27329099
v 0.60331541 0.199909 -0.27329099
v 0.59939653 0.199861 -0.29914001
v 0.59939653 0.199861 -0.29914001
v 0.58887547 0.20106101 -0.29625198
v 0.59603852 0.19972701 -0.32498699
v 0.59603852 0.19972701 -0.32498699
v 0.58496243 0.20094001 -0.32218701
v 0.5927065 0.19972101 -0.35123098
v 0.5927065 0.19972101 -0.35123098
v 0.58160549 0.200946 -0.34873798
v 0.58944756 0.19974101 -0.37760699
v 0.58944756 0.19974101 -0.37760699
v 0.57795852 0.20084801 -0.37527201
v 0.58640152 0.199843 -0.403786
v 0.58640152 0.199843 -0.403786
v 0.60330349 0.19963101 -0.38038799
v 0.60108143 0.199733 -0.40637499
v 0.59898549 0.19985001 -0.43167898
v 0.61823255 0.199798 -0.40954599
v 0.61652642 0.19989201 -0.43475801
v 0.63221246 0.20005901 -0.437888
v 0.62987953 0.200183 -0.462266
v 0.63520449 0.20110601 -0.511186
v 0.65110749 0.20236701 -0.49195901
v 0.64621454 0.20265801 -0.51456702
v 0.64037949 0.20272401 -0.53549302
v 0.65227944 0.21199501 -0.51663697
v 0.64684254 0.212623 -0.53792602
v 0.64145046 0.21178201 -0.55734402
v 0.65839058 0.21487901 -0.54120499
v 0.65839058 0.21487901 -0.54120499
v 0.65398949 0.21484901 -0.56148702
v 0.64794952 0.21548501 -0.57944
v 0.66770655 0.21254401 -0.56636798
v 0.66132957 0.21377701 -0.585733
v 0.68133956 0.207451 -0.57229
v 0.67457753 0.20901801 -0.59317601
v 0.66297847 0.20932101 -0.61107099
v 0.69076151 0.20020801 -0.60375202
v 0.67651051 0.20016401 -0.62240797
v 0.65954643 0.19945301 -0.63782102
v 0.69218045 0.18567801 -0.63721997
v 0.67312747 0.185174 -0.65415698
v 0.65248352 0.18428901 -0.66757298
v 0.68563753 0.167693 -0.67025697
v 0.66238958 0.16725001 -0.68511397
v 0.66238958 0.16725001 -0.68511397
v 0.63791543 0.16735901 -0.69616598
v 0.63791543 0.16735901 -0.69616598
v 0.67122656 0.14814901 -0.70109999
v 0.67122656 0.14814901 -0.70109999
v 0.6438815 0.148367 -0.71282798
v 0.61543947 0.15117301 -0.72249597
v 0.64961344 0.12723601 -0.72764498
v 0.61910254 0.13012601 -0.737845
v 0.58746248 0.13374601 -0.744479
v 0.62291342 0.106777 -0.75085199
v 0.55795652 0.11113801 -0.75793201
v 0.59267253 0.083660007 -0.769674
v 0.52955848 0.084169008 -0.76198602
v 0.56019956 0.056885008 -0.778988
v 0.52978355 0.056330007 -0.76999897
v 0.50143057 0.056229006 -0.75889999
v 0.52960747 0.028094007 -0.77488101
v 0.50101954 0.028335007 -0.76456499
v 0.47011751 0.028577007 -0.75289696
v 0.50004846 6.9048838e-09 -0.76770598
v 0.46889955 6.9048838e-09 -0.75562298
v 0.43993646 6.9048838e-09 -0.736866
v 0.52802449 6.9048838e-09 0.21293201
v 0.51671654 6.9048838e-09 0.192699
v 0.53303152 0.041813008 0.21121101
v 0.52218252 0.044332005 0.19117601
v 0.54399449 0.081240006 0.208838
v 0.53412551 0.085598007 0.18870001
v 0.56327647 0.11470101 0.20350401
v 0.55376846 0.12142201 0.18349601
v 0.58691651 0.14243901 0.19729501
v 0.57884449 0.15063301 0.17667101
v 0.61246043 0.16530801 0.19203401
v 0.60569352 0.174732 0.17099401
v 0.60213858 0.17984301 0.148037
v 0.63496751 0.19232401 0.16593401
v 0.63264257 0.196795 0.14204301
v 0.63066345 0.201313 0.12125201
v 0.66391355 0.20747401 0.13732201
v 0.66242558 0.21233401 0.11644401
v 0.66107947 0.218132 0.099171005
v 0.69494551 0.217776 0.115182
v 0.69461256 0.222477 0.098474003
v 0.69480354 0.21718501 0.081755005
v 0.66198856 0.212731 0.081875004
v 0.72791451 0.22370401 0.099364005
v 0.72791451 0.22370401 0.099364005
v 0.72741848 0.21848601 0.08324001
v 0.72741848 0.21848601 0.08324001
v 0.76105553 0.22088 0.10008001
v 0.76105553 0.22088 0.10008001
v 0.75971049 0.21581 0.084330007
v 0.75748748 0.21115401 0.065521009
v 0.79043549 0.20788401 0.08456701
v 0.78724056 0.20427001 0.065046005
v 0.78465945 0.20345201 0.042921007
v 0.81409842 0.19178101 0.063010007
v 0.81120044 0.190797 0.040795006
v 0.80818754 0.18987401 0.018105008
v 0.78210551 0.20297001 0.019830007
v 0.80527252 0.18910401 -0.0041719931
v 0.77961642 0.20209301 -0.0023289933
v 0.80232555 0.18820101 -0.025862994
v 0.77733749 0.20120601 -0.023659993
v 0.79931742 0.187407 -0.047324993
v 0.77505857 0.20043601 -0.044245992
v 0.7502895 0.20963101 -0.042676993
v 0.77269346 0.19986601 -0.065039992
v 0.74926454 0.20890401 -0.062397994
v 0.72862941 0.21419901 -0.062027995
v 0.74777657 0.20830801 -0.083558992
v 0.73031551 0.213375 -0.08205799
v 0.73031551 0.213375 -0.08205799
v 0.71430045 0.21488701 -0.081325993
v 0.71430045 0.21488701 -0.081325993
v 0.71069747 0.21602601 -0.062974989
v 0.71069747 0.21602601 -0.062974989
v 0.70021755 0.20930001 -0.077990994
v 0.69329554 0.215 -0.061939992
v 0.6841765 0.20709601 -0.073899992
v 0.6841765 0.20709601 -0.073899992
v 0.67584258 0.215735 -0.060400993
v 0.67584258 0.215735 -0.060400993
v 0.66948348 0.208526 -0.069816992
v 0.66948348 0.208526 -0.069816992
v 0.66948348 0.208526 -0.069816992
v 0.66344744 0.21376801 -0.060609993
v 0.66344744 0.21376801 -0.060609993
v 0.66344744 0.21376801 -0.060609993
v 0.65420943 0.21169801 -0.065338992
v 0.65420943 0.21169801 -0.065338992
v 0.64704651 0.21342701 -0.062650993
v 0.64704651 0.21342701 -0.062650993
v 0.64346558 0.20924801 -0.081466995
v 0.6364035 0.212777 -0.07927499
v 0.6364035 0.212777 -0.07927499
v 0.62786549 0.213108 -0.076161996
v 0.62794548 0.211409 -0.10100999
v 0.62794548 0.211409 -0.10100999
v 0.61963147 0.212236 -0.097624995
v 0.61963147 0.212236 -0.097624995
v 0.62156254 0.208184 -0.124263
v 0.61372548 0.21237701 -0.12086
v 0.61372548 0.21237701 -0.12086
v 0.61503345 0.205558 -0.14747699
v 0.60896248 0.21236101 -0.144706
v 0.60896248 0.21236101 -0.144706
v 0.61090857 0.20247801 -0.17123699
v 0.60514551 0.211601 -0.16854399
v 0.60514551 0.211601 -0.16854399
v 0.60728651 0.201855 -0.19510399
v 0.62089258 0.20041101 -0.17489
v 0.62089258 0.20041101 -0.17489
v 0.61737651 0.19991601 -0.19869199
v 0.61737651 0.19991601 -0.19869199
v 0.61320049 0.19985601 -0.22293699
v 0.61320049 0.19985601 -0.22293699
v 0.62908846 0.199697 -0.20252
v 0.62494045 0.19954 -0.22659099
v 0.61977059 0.199414 -0.25121999
v 0.63864249 0.19959201 -0.23049699
v 0.63443142 0.199506 -0.25506601
v 0.63053352 0.199485 -0.28041899
v 0.61502248 0.19949301 -0.276557
v 0.62773043 0.19951701 -0.30629399
v 0.6116305 0.19954401 -0.302369
v 0.62538451 0.19957101 -0.332037
v 0.60871655 0.19958301 -0.32818198
v 0.62297148 0.199623 -0.35785398
v 0.60585243 0.19960901 -0.354166
v 0.6204825 0.199698 -0.383802
v 0.64130849 0.19961701 -0.36166701
v 0.63767058 0.19974801 -0.38727701
v 0.63448554 0.19992501 -0.41277298
v 0.6520465 0.199864 -0.39030999
v 0.64834744 0.200103 -0.415696
v 0.64549249 0.20037301 -0.44072199
v 0.66054851 0.20145401 -0.41837898
v 0.65709752 0.201324 -0.44323498
v 0.65426952 0.20196001 -0.46784499
v 0.66373247 0.20932201 -0.44488499
v 0.67025143 0.21386701 -0.47272998
v 0.66724747 0.21382801 -0.497177
v 0.66281658 0.214376 -0.51994199
v 0.66281658 0.214376 -0.51994199
v 0.67883652 0.21197701 -0.50065899
v 0.67464358 0.21228801 -0.52369297
v 0.67112249 0.212401 -0.54527098
v 0.68832248 0.20664801 -0.52819997
v 0.68502551 0.20682101 -0.550466
v 0.72759551 0.182448 -0.56971097
v 0.72073156 0.18453 -0.593427
v 0.70875448 0.185644 -0.61679399
v 0.73972851 0.166124 -0.60499001
v 0.72491652 0.167409 -0.629453
v 0.7066415 0.167702 -0.65151501
v 0.73948449 0.148083 -0.64092296
v 0.71957952 0.14817001 -0.664545
v 0.69672853 0.14822401 -0.68484801
v 0.73120147 0.127195 -0.67598498
v 0.70668441 0.12714 -0.697716
v 0.70668441 0.12714 -0.697716
v 0.67926055 0.12701601 -0.71513498
v 0.67926055 0.12701601 -0.71513498
v 0.71516758 0.10378001 -0.70748901
v 0.71516758 0.10378001 -0.70748901
v 0.68629557 0.103686 -0.72602701
v 0.65484053 0.10386001 -0.73954999
v 0.69227844 0.07895501 -0.73472601
v 0.65981251 0.07954701 -0.74990797
v 0.62627345 0.08136601 -0.76143301
v 0.66303247 0.053640008 -0.75637597
v 0.62879258 0.054857008 -0.76901197
v 0.59428746 0.056279007 -0.77788699
v 0.63010055 0.027532008 -0.77288002
v 0.59530348 0.028248006 -0.78307599
v 0.56057149 0.028429007 -0.78412598
v 0.59548849 6.9048838e-09 -0.78470898
v 0.56076652 6.9048838e-09 -0.78576499
v 0.52984744 6.9048838e-09 -0.776344
v 0.55135947 6.9048838e-09 0.251724
v 0.54010648 6.9048838e-09 0.23195401
v 0.5559625 0.036607008 0.25012201
v 0.54469258 0.039206006 0.23030101
v 0.56462246 0.071612008 0.24854101
v 0.55435258 0.076304004 0.22833301
v 0.58278853 0.10079401 0.243505
v 0.57318956 0.10750901 0.223176
v 0.60304648 0.127018 0.239307
v 0.59503943 0.13449001 0.21812201
v 0.6259535 0.148752 0.23580301
v 0.61928946 0.15667401 0.21387301
v 0.65134746 0.16512801 0.23333901
v 0.64559752 0.17365301 0.21057601
v 0.64001757 0.182714 0.18816201
v 0.67413145 0.18401101 0.207623
v 0.6693235 0.19461401 0.185441
v 0.66563052 0.20403001 0.16206501
v 0.69962746 0.20235401 0.18366501
v 0.69710749 0.209947 0.160044
v 0.69572252 0.21291301 0.135518
v 0.72926241 0.21387801 0.159418
v 0.72813147 0.216122 0.135671
v 0.7278015 0.21957901 0.11612701
v 0.76098949 0.21340701 0.13601901
v 0.76098949 0.21340701 0.13601901
v 0.76079756 0.217315 0.116841
v 0.76079756 0.217315 0.116841
v 0.79334742 0.20481001 0.136158
v 0.79299349 0.209764 0.117139
v 0.79317242 0.21296501 0.10103101
v 0.82361156 0.19810401 0.11632801
v 0.82322842 0.20062201 0.09903001
v 0.81826955 0.19568501 0.082333006
v 0.84803659 0.180663 0.09577401
v 0.84343749 0.17811601 0.07916601
v 0.83914047 0.17563801 0.059552006
v 0.86230546 0.156066 0.056297008
v 0.83592552 0.17481501 0.037707008
v 0.85455352 0.154568 0.012090007
v 0.83240253 0.17367601 0.015287006
v 0.85048753 0.15367401 -0.010285993
v 0.82900649 0.172849 -0.007027993
v 0.84636551 0.15282501 -0.032589994
v 0.82545859 0.171984 -0.029058993
v 0.84227449 0.15214801 -0.054877993
v 0.82192856 0.17133801 -0.051061992
v 0.8381775 0.151599 -0.077240996
v 0.81831342 0.17077501 -0.073116995
v 0.79617947 0.18679701 -0.06882599
v 0.81450647 0.170221 -0.095494993
v 0.79275757 0.18623501 -0.09095899
v 0.76974648 0.199331 -0.086716995
v 0.74586755 0.207699 -0.10631199
v 0.7285195 0.21258001 -0.12727599
v 0.73043853 0.21271901 -0.104381
v 0.73043853 0.21271901 -0.104381
v 0.71391946 0.21357301 -0.12548
v 0.71551043 0.213624 -0.10291599
v 0.7022205 0.20706801 -0.12399099
v 0.70278555 0.20670101 -0.10095699
v 0.69157559 0.20181 -0.12233799
v 0.68987948 0.202516 -0.09830799
v 0.67896551 0.20157601 -0.11996799
v 0.67666548 0.20263901 -0.094143994
v 0.6657545 0.20159401 -0.11648199
v 0.67881542 0.20095001 -0.143335
v 0.66503054 0.200827 -0.140112
v 0.65116554 0.20058201 -0.13579199
v 0.65349048 0.201608 -0.11191799
v 0.63875157 0.20041101 -0.13122199
v 0.63875157 0.20041101 -0.13122199
v 0.64290959 0.20176901 -0.107251
v 0.64290959 0.20176901 -0.107251
v 0.62791854 0.20162101 -0.12710099
v 0.62791854 0.20162101 -0.12710099
v 0.63240057 0.204105 -0.10275699
v 0.63524944 0.20007001 -0.155066
v 0.62390047 0.200883 -0.150978
v 0.62390047 0.200883 -0.150978
v 0.63243943 0.19993401 -0.17884399
v 0.64812142 0.200155 -0.15925699
v 0.64547449 0.199928 -0.18283899
v 0.64260942 0.19973601 -0.20649499
v 0.66005045 0.20000501 -0.186554
v 0.65773755 0.1998 -0.210327
v 0.65490347 0.199689 -0.234488
v 0.67225653 0.19978201 -0.213441
v 0.67014056 0.199652 -0.237951
v 0.66727549 0.199679 -0.262366
v 0.65152949 0.199643 -0.25894201
v 0.66355258 0.19967501 -0.28749201
v 0.64804047 0.19958401 -0.284309
v 0.66088253 0.199632 -0.31309399
v 0.64543754 0.19956301 -0.31019399
v 0.65844947 0.19972001 -0.33874899
v 0.64357144 0.199588 -0.33584499
v 0.65556842 0.19959201 -0.36467499
v 0.67064458 0.200553 -0.34114298
v 0.66736346 0.20078301 -0.367048
v 0.66408855 0.20091701 -0.392984
v 0.67684156 0.206301 -0.36899599
v 0.6732195 0.20754801 -0.394968
v 0.66985053 0.208092 -0.420564
v 0.68371052 0.21255201 -0.397264
v 0.68371052 0.21255201 -0.397264
v 0.68033057 0.21288401 -0.42304599
v 0.68033057 0.21288401 -0.42304599
v 0.67493945 0.21365601 -0.448048
v 0.67493945 0.21365601 -0.448048
v 0.69236141 0.210712 -0.426272
v 0.68720657 0.21125601 -0.45177901
v 0.68242949 0.21178001 -0.47634098
v 0.69968349 0.20611101 -0.45550099
v 0.69516951 0.20658001 -0.480349
v 0.69170243 0.206586 -0.50479901
v 0.73531848 0.18278001 -0.491041
v 0.73371059 0.181912 -0.51792002
v 0.73148257 0.18149501 -0.54438597
v 0.75445348 0.16612701 -0.52232701
v 0.75293356 0.16551101 -0.55042797
v 0.74915153 0.165002 -0.57875901
v 0.77422243 0.14934501 -0.55430502
v 0.76762944 0.14656901 -0.58429599
v 0.75542957 0.146695 -0.61405396
v 0.78100544 0.12660901 -0.58999497
v 0.76847845 0.12671001 -0.62161899
v 0.75180751 0.126982 -0.65036601
v 0.77919549 0.10423701 -0.62776101
v 0.76234657 0.104169 -0.65783101
v 0.74086148 0.10402701 -0.68470597
v 0.77088958 0.079542004 -0.66300499
v 0.74882752 0.079297006 -0.69090801
v 0.74882752 0.079297006 -0.69090801
v 0.72231752 0.079053007 -0.71506298
v 0.72231752 0.079053007 -0.71506298
v 0.75447446 0.053389005 -0.695261
v 0.75447446 0.053389005 -0.695261
v 0.72746354 0.053236008 -0.72026896
v 0.69677454 0.053291008 -0.740973
v 0.72994047 0.026783006 -0.72325498
v 0.69868356 0.026804008 -0.74417597
v 0.66462857 0.027023006 -0.76007801
v 0.69949156 6.9048838e-09 -0.74593097
v 0.66511852 6.9048838e-09 -0.76181901
v 0.63058954 6.9048838e-09 -0.77485502
v 0.57180744 6.9048838e-09 0.29253399
v 0.5619145 6.9048838e-09 0.27186802
v 0.57588452 0.032191008 0.291237
v 0.56629544 0.034261007 0.27040002
v 0.58397347 0.063099004 0.289639
v 0.57435042 0.067193009 0.26901102
v 0.60008746 0.089497007 0.28566301
v 0.59147853 0.095004007 0.26449102
v 0.6179325 0.11377901 0.282478
v 0.61063451 0.12010901 0.26071301
v 0.63778549 0.135175 0.28039202
v 0.63192946 0.14166901 0.258064
v 0.6620875 0.14930201 0.27818599
v 0.65683049 0.157029 0.255936
v 0.68905252 0.15659401 0.27570599
v 0.68425649 0.16499801 0.25331801
v 0.67929941 0.17393801 0.23045801
v 0.71189743 0.17226301 0.25210202
v 0.70757943 0.181574 0.22894901
v 0.70337158 0.19171101 0.20591301
v 0.73592955 0.188088 0.22861201
v 0.73308951 0.19813301 0.20516601
v 0.7309435 0.20749801 0.18283601
v 0.76342446 0.19648901 0.20286101
v 0.76342446 0.19648901 0.20286101
v 0.76327544 0.20500001 0.18064001
v 0.76327544 0.20500001 0.18064001
v 0.76227552 0.21076001 0.158472
v 0.76227552 0.21076001 0.158472
v 0.79455858 0.197537 0.17858
v 0.79536754 0.20358901 0.15758501
v 0.82158643 0.189123 0.179378
v 0.82620746 0.19422001 0.15729301
v 0.82425851 0.194553 0.134929
v 0.84887058 0.17606901 0.156045
v 0.84830552 0.17570601 0.13208401
v 0.84815949 0.177735 0.11274201
v 0.8694945 0.153696 0.129379
v 0.8708505 0.15643901 0.11017701
v 0.87262148 0.16032201 0.092447005
v 0.88979751 0.13364901 0.11043901
v 0.89237744 0.13739201 0.092814006
v 0.88691849 0.13523501 0.074795008
v 0.90811449 0.11492901 0.093883008
v 0.9028365 0.11215801 0.074505009
v 0.89811951 0.110309 0.052916005
v 0.88212353 0.133889 0.054241005
v 0.89369446 0.10931801 0.030060006
v 0.87784058 0.13323201 0.031922005
v 0.88902456 0.10851301 0.0070860069
v 0.87360448 0.132651 0.0092810066
v 0.88419658 0.10779601 -0.015803993
v 0.86929649 0.13201301 -0.013361993
v 0.8795715 0.107315 -0.038672995
v 0.86484653 0.13135101 -0.035931993
v 0.87486655 0.10684901 -0.061471995
v 0.86015445 0.130619 -0.058442995
v 0.87022644 0.10646401 -0.084290996
v 0.8556605 0.13008101 -0.081047989
v 0.86551744 0.10614301 -0.10721
v 0.85114342 0.12964901 -0.103788
v 0.83390349 0.15104301 -0.099800996
v 0.84659058 0.12922801 -0.12673199
v 0.82963449 0.150608 -0.122656
v 0.72371155 0.21207301 -0.17389899
v 0.72582442 0.21259601 -0.15038499
v 0.71033949 0.21309301 -0.171959
v 0.71186453 0.213596 -0.14842799
v 0.69991952 0.20681301 -0.17013499
v 0.70138448 0.207008 -0.14695999
v 0.68978649 0.20109601 -0.168459
v 0.69127649 0.20143901 -0.145413
v 0.67703253 0.200469 -0.16638699
v 0.6874755 0.200397 -0.19180599
v 0.67455453 0.200036 -0.18947899
v 0.66270357 0.20034501 -0.16327499
v 0.68504459 0.200367 -0.21586399
v 0.69771749 0.20654401 -0.19374999
v 0.69530052 0.206917 -0.217776
v 0.69334441 0.20660301 -0.242348
v 0.68324143 0.20020601 -0.240466
v 0.69060856 0.207284 -0.26720399
v 0.68057543 0.20082401 -0.265297
v 0.68716449 0.20859501 -0.29192698
v 0.67728251 0.20115501 -0.29009598
v 0.68429643 0.20783301 -0.31740499
v 0.67431551 0.200881 -0.315366
v 0.6803475 0.20672801 -0.343225
v 0.69454449 0.212813 -0.31943798
v 0.69058543 0.212245 -0.345449
v 0.6866315 0.21180201 -0.37125701
v 0.6866315 0.21180201 -0.37125701
v 0.69595152 0.210682 -0.40020999
v 0.73707658 0.18374501 -0.464241
v 0.75905758 0.16731201 -0.44052899
v 0.75691551 0.166959 -0.46728998
v 0.75534552 0.16644301 -0.49446899
v 0.77577752 0.14806701 -0.469266
v 0.77521151 0.14833501 -0.49666899
v 0.77603251 0.149755 -0.525015
v 0.7951985 0.129887 -0.49864399
v 0.79675251 0.131914 -0.52827102
v 0.79173142 0.12990001 -0.55923301
v 0.81098658 0.109639 -0.53228801
v 0.80381757 0.10790201 -0.564237
v 0.79128557 0.10464501 -0.59554702
v 0.81074947 0.082927004 -0.56813997
v 0.79966348 0.081199005 -0.59974802
v 0.7876305 0.07984601 -0.63205397
v 0.80459744 0.054998007 -0.60274297
v 0.79373556 0.054083008 -0.63547099
v 0.77667648 0.053631008 -0.66667598
v 0.79682642 0.027332006 -0.63741797
v 0.77972049 0.026987007 -0.66887802
v 0.75724453 0.026848007 -0.69797301
v 0.75724453 0.026848007 -0.69797301
v 0.78121752 6.9048838e-09 -0.67015702
v 0.78121752 6.9048838e-09 -0.67015702
v 0.78121752 6.9048838e-09 -0.67015702
v 0.75851041 6.9048838e-09 -0.69944602
v 0.73096257 6.9048838e-09 -0.72484899
v 0.59059149 6.9048838e-09 0.33536902
v 0.58135444 6.9048838e-09 0.31374201
v 0.59364945 0.028792007 0.33428001
v 0.58494347 0.030350007 0.312442
v 0.60030049 0.056673005 0.33266902
v 0.59251243 0.059573006 0.310891
v 0.61535054 0.080928005 0.32881001
v 0.60817951 0.08463601 0.30712101
v 0.63239843 0.103484 0.32571802
v 0.62545151 0.10800501 0.30419099
v 0.64964253 0.12429101 0.32441902
v 0.64395744 0.12919301 0.302448
v 0.66720849 0.142588 0.30026501
v 0.69369441 0.14941201 0.29777402
v 0.72418958 0.15027101 0.31921899
v 0.72016841 0.15649001 0.297335
v 0.71608847 0.16397201 0.27508
v 0.74656755 0.16211201 0.29864702
v 0.74656755 0.16211201 0.29864702
v 0.74311751 0.169908 0.27595901
v 0.74311751 0.169908 0.27595901
v 0.73933548 0.17858601 0.25253502
v 0.76892751 0.166832 0.27487901
v 0.76892751 0.166832 0.27487901
v 0.76610547 0.176136 0.251118
v 0.76610547 0.176136 0.251118
v 0.76402646 0.18626501 0.22697301
v 0.76402646 0.18626501 0.22697301
v 0.78945953 0.17162801 0.24948001
v 0.78839642 0.18140301 0.22565301
v 0.79075843 0.19010001 0.20115501
v 0.80927652 0.17588401 0.22482701
v 0.8128565 0.183091 0.20195001
v 0.82645541 0.15626001 0.22106701
v 0.83097452 0.162761 0.19982201
v 0.8423025 0.17163001 0.179278
v 0.85178953 0.134652 0.21975301
v 0.85225946 0.12915 0.238544
v 0.88077742 0.10875401 0.23502101
v 0.8802225 0.11354201 0.21705501
v 0.82670957 0.14959101 0.24220601
v 0.83144242 0.14359601 0.26316801
v 0.85452944 0.12395201 0.258028
v 0.81007749 0.16753 0.24751401
v 0.81378251 0.15844901 0.269306
v 0.81797248 0.15058601 0.29048499
v 0.83693248 0.13852501 0.28424901
v 0.79240257 0.16250001 0.27264202
v 0.79611641 0.154191 0.29449999
v 0.79992753 0.14735101 0.315927
v 0.82238752 0.144189 0.31207299
v 0.77214652 0.15835701 0.297391
v 0.77559751 0.15106 0.31873
v 0.77912956 0.145556 0.340222
v 0.80350643 0.14163701 0.33758801
v 0.74987549 0.15584901 0.32065099
v 0.74987549 0.15584901 0.32065099
v 0.75367242 0.15021601 0.341858
v 0.75367242 0.15021601 0.341858
v 0.75739557 0.145381 0.36321899
v 0.75739557 0.145381 0.36321899
v 0.7826075 0.141017 0.361734
v 0.73251551 0.141562 0.36267802
v 0.73649353 0.137308 0.38426501
v 0.76096648 0.139936 0.38439199
v 0.76096648 0.139936 0.38439199
v 0.71711642 0.12593001 0.405036
v 0.73969048 0.131972 0.405074
v 0.73969048 0.131972 0.405074
v 0.71459943 0.13569 0.42172402
v 0.64671046 0.049449008 0.51217902
v 0.65510446 0.071772009 0.51233399
v 0.63644153 0.025397006 0.48869002
v 0.64058548 0.025108008 0.51179802
v 0.64058548 0.025108008 0.51179802
v 0.64597052 0.024889007 0.53501499
v 0.65061051 0.049207006 0.53557503
v 0.63566142 6.9048838e-09 0.488491
v 0.64038044 6.9048838e-09 0.51189101
v 0.64038044 6.9048838e-09 0.51189101
v 0.64332658 6.9048838e-09 0.53515202
v 0.64332658 6.9048838e-09 0.53515202
v 0.64714843 6.9048838e-09 0.55824399
v 0.64714843 6.9048838e-09 0.55824399
v 0.64885253 0.024538007 0.55816102
v 0.65228754 6.9048838e-09 0.58179498
v 0.65228754 6.9048838e-09 0.58179498
v 0.65886551 0.024566008 0.60450202
v 0.65451056 0.024306007 0.58151299
v 0.66322547 0.047760006 0.60367703
v 0.65989751 0.047142006 0.58074498
v 0.65520447 0.047724009 0.55832398
v 0.66943842 0.068865009 0.58027798
v 0.66613048 0.068961009 0.55831498
v 0.66087943 0.070407011 0.53565603
v 0.6804505 0.088538006 0.55730999
v 0.67324251 0.090792008 0.53520298
v 0.66734153 0.092165008 0.51165903
v 0.6880675 0.11013301 0.53303802
v 0.68280345 0.11027501 0.50957203
v 0.67843443 0.11092201 0.48624602
v 0.70232552 0.12476201 0.506419
v 0.69793648 0.12589601 0.48370701
v 0.69424444 0.12759 0.46216202
v 0.72010952 0.13693501 0.48111302
v 0.71662551 0.13923001 0.46008101
v 0.71410948 0.14035401 0.44031
v 0.74032456 0.14761901 0.45783299
v 0.7385475 0.14873701 0.438494
v 0.73849052 0.14272401 0.420459
v 0.73849052 0.14272401 0.420459
v 0.7640745 0.15165801 0.43659201
v 0.76334351 0.14628701 0.41906002
v 0.76334351 0.14628701 0.41906002
v 0.76314455 0.13429801 0.40507001
v 0.76314455 0.13429801 0.40507001
v 0.78831655 0.14583701 0.41836601
v 0.78831655 0.14583701 0.41836601
v 0.78831655 0.14583701 0.41836601
v 0.78687054 0.133166 0.405063
v 0.78687054 0.133166 0.405063
v 0.78687054 0.133166 0.405063
v 0.78516549 0.136839 0.38341102
v 0.78516549 0.136839 0.38341102
v 0.80974442 0.130481 0.405067
v 0.80974442 0.130481 0.405067
v 0.80893141 0.133944 0.38262799
v 0.80700248 0.137123 0.35992
v 0.83137351 0.13134401 0.38216799
v 0.82984143 0.13489901 0.35822201
v 0.82617241 0.138813 0.334245
v 0.84840041 0.12591001 0.35440099
v 0.84525651 0.129584 0.32979101
v 0.84121352 0.13333201 0.30632702
v 0.86191052 0.11337101 0.325964
v 0.85951251 0.11590501 0.30155802
v 0.85729152 0.11950301 0.27863601
v 0.88035852 0.099268004 0.300549
v 0.88091248 0.10169901 0.27714601
v 0.88096243 0.10476301 0.25554401
v 0.89983946 0.087593004 0.27831501
v 0.90146357 0.09186101 0.255227
v 0.9022705 0.09708301 0.23293401
v 0.91409951 0.077388003 0.25380501
v 0.91540343 0.083671004 0.229588
v 0.91625744 0.091053009 0.20233601
v 0.90267748 0.10334001 0.21111001
v 0.9190715 0.062593006 0.223819
v 0.92054254 0.066598006 0.195986
v 0.92192441 0.066758007 0.16562401
v 0.9219225 0.034223005 0.19271401
v 0.92448252 0.032863006 0.165497
v 0.92654651 0.031131007 0.138712
v 0.92272455 0.062876008 0.137775
v 0.92980748 0.029960006 0.114764
v 0.92513543 0.060621008 0.11484601
v 0.91651446 0.089556009 0.11380301
v 0.93009251 0.060355008 0.094515003
v 0.9205125 0.089293011 0.094336011
v 0.90397853 0.11332001 0.112225
v 0.92604047 0.059181008 0.073326007
v 0.91550952 0.08682701 0.074161008
v 0.9207595 0.058094006 0.050738007
v 0.9111895 0.085296005 0.051782008
v 0.91558558 0.057236008 0.027228007
v 0.9062795 0.084116004 0.028599007
v 0.91062552 0.056592006 0.0037500067
v 0.90147358 0.08327201 0.0052630068
v 0.90567452 0.056058008 -0.019643994
v 0.89664847 0.082613006 -0.017958993
v 0.90074247 0.055671006 -0.042936992
v 0.8919825 0.08219301 -0.041109994
v 0.89545649 0.055222008 -0.066057995
v 0.88685757 0.081678011 -0.064070992
v 0.89046842 0.054965008 -0.089207992
v 0.88167745 0.08123301 -0.086998992
v 0.8853485 0.054805007 -0.11233699
v 0.87702757 0.08110401 -0.110085
v 0.88011748 0.054605007 -0.135491
v 0.87220246 0.080901004 -0.13324399
v 0.86078447 0.10582401 -0.130273
v 0.8674745 0.080813006 -0.15656699
v 0.8562265 0.10568301 -0.153552
v 0.84217054 0.12899901 -0.149931
v 0.72114247 0.21174401 -0.19770299
v 0.70581549 0.213411 -0.219552
v 0.70830542 0.212383 -0.19556899
v 0.70358151 0.21248901 -0.244259
v 0.70110852 0.212254 -0.269086
v 0.69781142 0.21293601 -0.29398701
v 0.76477057 0.16787501 -0.38743898
v 0.76156741 0.16761801 -0.41386598
v 0.78276855 0.148697 -0.39047199
v 0.7797175 0.14842601 -0.416379
v 0.77754146 0.14830601 -0.44263598
v 0.79650551 0.127156 -0.41889998
v 0.79476351 0.127461 -0.444848
v 0.79393345 0.12816601 -0.471149
v 0.80866748 0.103774 -0.447882
v 0.80888253 0.10527001 -0.47440898
v 0.80958349 0.10754101 -0.50228399
v 0.81721348 0.079912007 -0.47897899
v 0.81516248 0.081267007 -0.50732297
v 0.81693941 0.082902007 -0.53678101
v 0.81982547 0.054648008 -0.51151901
v 0.8191095 0.055588007 -0.54084998
v 0.8129825 0.055788007 -0.57100898
v 0.82003146 0.027846007 -0.54367602
v 0.81605345 0.028114008 -0.57399899
v 0.80834943 0.027745007 -0.60532302
v 0.81771642 6.9048838e-09 -0.57520199
v 0.81007653 6.9048838e-09 -0.60639
v 0.79850048 6.9048838e-09 -0.638776
v 0.79850048 6.9048838e-09 -0.638776
v 0.88196248 6.9048838e-09 -0.16113099
v 0.88734347 6.9048838e-09 -0.13798699
v 0.88734347 6.9048838e-09 -0.13798699
v 0.89258558 6.9048838e-09 -0.11469699
v 0.89258558 6.9048838e-09 -0.11469699
v 0.89755052 6.9048838e-09 -0.091341995
v 0.89755052 6.9048838e-09 -0.091341995
v 0.90301758 6.9048838e-09 -0.068200991
v 0.90301758 6.9048838e-09 -0.068200991
v 0.90836746 6.9048838e-09 -0.044959992
v 0.90836746 6.9048838e-09 -0.044959992
v 0.91296154 6.9048838e-09 -0.021473993
v 0.91837746 6.9048838e-09 0.0018690068
v 0.91837746 6.9048838e-09 0.0018690068
v 0.92437059 6.9048838e-09 0.025038008
v 0.92437059 6.9048838e-09 0.025038008
v 0.92901045 6.9048838e-09 0.048870008
v 0.92901045 6.9048838e-09 0.048870008
v 0.93598551 6.9048838e-09 0.071460009
v 0.93929058 6.9048838e-09 0.093301006
v 0.9328025 6.9048838e-09 0.11501001
v 0.93566042 0.030235007 0.093702003
v 0.92826754 6.9048838e-09 0.138769
v 0.92627555 6.9048838e-09 0.16539201
v 0.92258853 6.9048838e-09 0.191879
v 0.92073351 6.9048838e-09 0.21787901
v 0.92035657 0.033507008 0.21928801
v 0.91903847 0.030940007 0.24513501
v 0.91952151 6.9048838e-09 0.24361801
v 0.91771847 0.057299007 0.24943101
v 0.91596347 0.052195005 0.27467802
v 0.91761953 0.028020008 0.271256
v 0.91199547 0.071717009 0.27796301
v 0.90978748 0.06749101 0.302405
v 0.91401058 0.047854006 0.30008101
v 0.89801246 0.084615007 0.30193302
v 0.89670259 0.082596004 0.326556
v 0.90781552 0.064660005 0.32739401
v 0.88028342 0.097628005 0.32505402
v 0.88078648 0.096548006 0.35033402
v 0.89579147 0.081406005 0.352018
v 0.86423355 0.11121301 0.35094401
v 0.86650258 0.10908701 0.37751901
v 0.88114244 0.095169008 0.377415
v 0.85142356 0.12252001 0.379776
v 0.85019141 0.11813801 0.40506899
v 0.85019141 0.11813801 0.40506899
v 0.86701542 0.107085 0.40507001
v 0.86701542 0.107085 0.40507001
v 0.83081752 0.12570301 0.40506202
v 0.83081752 0.12570301 0.40506202
v 0.83528548 0.138115 0.415517
v 0.83528548 0.138115 0.415517
v 0.85599548 0.12842201 0.414745
v 0.85599548 0.12842201 0.414745
v 0.81241757 0.143289 0.41732001
v 0.81241757 0.143289 0.41732001
v 0.81435043 0.14950801 0.43322602
v 0.81435043 0.14950801 0.43322602
v 0.83790046 0.14269401 0.43172401
v 0.78934246 0.15095501 0.43478501
v 0.78934246 0.15095501 0.43478501
v 0.79070753 0.15020101 0.45328701
v 0.81587654 0.14962801 0.451933
v 0.81587654 0.14962801 0.451933
v 0.76575142 0.150729 0.45536199
v 0.76822251 0.14889301 0.47676602
v 0.79309851 0.14745601 0.47471499
v 0.74394041 0.14403701 0.47866702
v 0.74776751 0.14189 0.50136
v 0.77191752 0.14456101 0.49947399
v 0.72448546 0.135112 0.50361502
v 0.72935158 0.13423401 0.52677
v 0.75202948 0.14182201 0.524575
v 0.7076785 0.124157 0.52948701
v 0.71379143 0.12341901 0.55289704
v 0.73477751 0.13401 0.55058801
v 0.69461447 0.109285 0.55567199
v 0.69952053 0.10938301 0.57842404
v 0.71908957 0.12296801 0.57636601
v 0.68427855 0.088245004 0.57940602
v 0.68973356 0.087335005 0.60067701
v 0.70307046 0.10899701 0.60084802
v 0.67212647 0.06944301 0.602521
v 0.67711145 0.069538005 0.62449002
v 0.69082552 0.088931009 0.62352502
v 0.66814142 0.048260007 0.62593502
v 0.67178255 0.049296007 0.64816999
v 0.68143255 0.070431009 0.64725304
v 0.66252047 0.024988007 0.62725604
v 0.66614753 0.025318006 0.64909202
v 0.67003149 0.025521006 0.67028403
v 0.67660552 0.049406007 0.66969699
v 0.66037947 6.9048838e-09 0.62780899
v 0.66037947 6.9048838e-09 0.62780899
v 0.66295558 6.9048838e-09 0.649979
v 0.66295558 6.9048838e-09 0.649979
v 0.66714746 6.9048838e-09 0.67082298
v 0.67058653 6.9048838e-09 0.69120002
v 0.67386252 0.025964007 0.69086999
v 0.67705947 6.9048838e-09 0.71049899
v 0.68860847 6.9048838e-09 0.725999
v 0.69111353 0.024172006 0.72491801
v 0.67936748 0.025740007 0.70974702
v 0.69752556 0.046827007 0.72396499
v 0.68571144 0.049955007 0.70912099
v 0.67971951 0.050210007 0.690543
v 0.69576448 0.071076006 0.70814699
v 0.69000548 0.071879007 0.69014698
v 0.68614048 0.070755005 0.66922903
v 0.70307046 0.090289004 0.68937999
v 0.69880658 0.089861006 0.66886598
v 0.6947965 0.089259006 0.64641201
v 0.71520752 0.10611001 0.66830301
v 0.71123558 0.10604401 0.64586699
v 0.70654947 0.10725601 0.62330699
v 0.73120242 0.119922 0.64500302
v 0.72752959 0.12066301 0.62236202
v 0.72357148 0.122219 0.59972
v 0.74901253 0.13147201 0.62100101
v 0.74484354 0.13262101 0.59777904
v 0.74024051 0.13355801 0.57426304
v 0.76779157 0.13842101 0.595824
v 0.76267749 0.14097601 0.57193798
v 0.75697356 0.141817 0.54807603
v 0.78565949 0.14149401 0.569637
v 0.78077251 0.142461 0.54556602
v 0.7761535 0.14247701 0.52245402
v 0.80446249 0.14219801 0.54395199
v 0.80045253 0.14320901 0.52070099
v 0.79657346 0.14461201 0.49764001
v 0.82438046 0.14218301 0.51934403
v 0.82438046 0.14218301 0.51934403
v 0.82089645 0.142919 0.496025
v 0.82089645 0.142919 0.496025
v 0.81810051 0.14692701 0.473636
v 0.81810051 0.14692701 0.473636
v 0.84481448 0.13992001 0.49486402
v 0.84187943 0.14176001 0.472
v 0.83961147 0.143059 0.45058802
v 0.86282951 0.131676 0.47085002
v 0.86116344 0.13293001 0.44954002
v 0.85917455 0.13234501 0.43064502
v 0.87999946 0.11964301 0.44901001
v 0.87802845 0.11940001 0.430123
v 0.87433153 0.115995 0.41426802
v 0.87433153 0.115995 0.41426802
v 0.89487559 0.10429401 0.42989501
v 0.89060956 0.101312 0.41429701
v 0.89060956 0.101312 0.41429701
v 0.88119751 0.093117006 0.405092
v 0.88119751 0.093117006 0.405092
v 0.90478545 0.084449008 0.41396901
v 0.90478545 0.084449008 0.41396901
v 0.89340144 0.07743001 0.40507901
v 0.89340144 0.07743001 0.40507901
v 0.89446455 0.07956101 0.37832099
v 0.9034645 0.059659008 0.405076
v 0.9034645 0.059659008 0.405076
v 0.90467554 0.060934007 0.37880901
v 0.90648657 0.062814005 0.35301501
v 0.91069156 0.040932007 0.37851402
v 0.91188151 0.042458005 0.352157
v 0.91253048 0.044616006 0.325928
v 0.91547149 0.021548007 0.35097501
v 0.91568047 0.022979006 0.32415101
v 0.91640049 0.024925007 0.29760802
v 0.91778141 6.9048838e-09 0.32306001
v 0.9177615 6.9048838e-09 0.29649702
v 0.91844052 6.9048838e-09 0.26985902
v 0.60815948 6.9048838e-09 0.37877402
v 0.59945256 6.9048838e-09 0.35788
v 0.61066943 0.026956007 0.37754402
v 0.60249847 0.027563008 0.35658902
v 0.61606556 0.052920006 0.37478399
v 0.6081025 0.054111008 0.35435802
v 0.62976748 0.076158009 0.36971602
v 0.62253958 0.077827007 0.349727
v 0.6456185 0.097452007 0.36715701
v 0.63902348 0.10001101 0.346701
v 0.65580755 0.12029 0.34576601
v 0.62650949 0.051212005 0.39088002
v 0.63084847 0.024428006 0.40506601
v 0.62097555 6.9048838e-09 0.422133
v 0.62240452 6.9048838e-09 0.441818
v 0.62675947 6.9048838e-09 0.465442
v 0.71161157 6.9048838e-09 0.75021803
v 0.70053846 6.9048838e-09 0.73873502
v 0.70053846 6.9048838e-09 0.73873502
v 0.71383351 0.020005006 0.74948204
v 0.71383351 0.020005006 0.74948204
v 0.7029745 0.022145007 0.737894
v 0.7029745 0.022145007 0.737894
v 0.71933252 0.039151005 0.74919099
v 0.70890647 0.043251008 0.73681802
v 0.72795445 0.056393009 0.74799502
v 0.71802956 0.061573006 0.73570299
v 0.70717746 0.066495009 0.722799
v 0.72966152 0.076924004 0.73474103
v 0.71914452 0.08320801 0.72174799
v 0.70865756 0.08899501 0.70732003
v 0.73382252 0.097672008 0.72111899
v 0.72423548 0.104582 0.70667303
v 0.71917254 0.106029 0.68867302
v 0.7443375 0.11784801 0.70535499
v 0.73943645 0.11966 0.68779904
v 0.73529452 0.11963101 0.66755998
v 0.76336151 0.128757 0.68625998
v 0.75841349 0.128783 0.66581899
v 0.75326759 0.12982801 0.64375502
v 0.78263742 0.13245301 0.66393799
v 0.77728158 0.13411 0.64220899
v 0.77236754 0.13609001 0.61937803
v 0.80080444 0.13401 0.64047301
v 0.79561144 0.13649601 0.61773002
v 0.79058248 0.13977201 0.59395802
v 0.81809741 0.13755101 0.61630303
v 0.81809741 0.13755101 0.61630303
v 0.81294352 0.140953 0.59262103
v 0.81294352 0.140953 0.59262103
v 0.80852348 0.141808 0.56810099
v 0.80852348 0.141808 0.56810099
v 0.83470756 0.137208 0.59134799
v 0.83101946 0.140725 0.56744003
v 0.83101946 0.140725 0.56744003
v 0.82775241 0.14190601 0.54320002
v 0.82775241 0.14190601 0.54320002
v 0.85254246 0.133671 0.566926
v 0.84923452 0.135159 0.54280102
v 0.84648257 0.13677101 0.51845801
v 0.86918348 0.12592001 0.54199898
v 0.86687952 0.12778901 0.51768398
v 0.86490148 0.12980801 0.49383199
v 0.88563353 0.11635101 0.51724201
v 0.88391644 0.117754 0.49332902
v 0.88181847 0.11872001 0.47030002
v 0.89975458 0.10251601 0.49311802
v 0.89844149 0.10373001 0.470052
v 0.89688355 0.10444701 0.44877002
v 0.91142446 0.085488006 0.46973202
v 0.91024858 0.086094007 0.44868201
v 0.90875345 0.086159006 0.42984501
v 0.92139345 0.066365004 0.44849202
v 0.91958243 0.066116005 0.42992902
v 0.91562349 0.06478101 0.414424
v 0.91562349 0.06478101 0.414424
v 0.92692643 0.044458006 0.43027601
v 0.9230755 0.043761007 0.41471902
v 0.9230755 0.043761007 0.41471902
v 0.91132456 0.040489007 0.40507001
v 0.91132456 0.040489007 0.40507001
v 0.92791444 0.022057006 0.41469499
v 0.92791444 0.022057006 0.41469499
v 0.91669852 0.020400006 0.40506801
v 0.91669852 0.020400006 0.40506801
v 0.91450459 0.020520007 0.378041
v 0.91985053 6.9048838e-09 0.40507001
v 0.91985053 6.9048838e-09 0.40507001
v 0.91985053 6.9048838e-09 0.40507001
v 0.91716343 6.9048838e-09 0.377794
v 0.91716343 6.9048838e-09 0.377794
v 0.91781551 6.9048838e-09 0.350128
v 0.91781551 6.9048838e-09 0.350128
v 0.62881249 6.9048838e-09 0.40507001
v 0.62881249 6.9048838e-09 0.40507001
v 0.6204235 6.9048838e-09 0.39190501
v 0.62178856 0.025774008 0.39184302
v 0.72930056 6.9048838e-09 0.76529104
v 0.72006851 6.9048838e-09 0.75921702
v 0.73044044 0.016557006 0.76472002
v 0.7224645 0.018210007 0.75852799
v 0.7224645 0.018210007 0.75852799
v 0.7348935 0.032828007 0.76469404
v 0.72744256 0.035881005 0.75802398
v 0.72744256 0.035881005 0.75802398
v 0.74262351 0.048191007 0.76420903
v 0.74262351 0.048191007 0.76420903
v 0.73551351 0.052192006 0.75738603
v 0.73551351 0.052192006 0.75738603
v 0.75312251 0.061488006 0.764346
v 0.75312251 0.061488006 0.764346
v 0.74657148 0.065994009 0.75709999
v 0.73903447 0.070932008 0.74743503
v 0.76026756 0.076999009 0.75689
v 0.75291544 0.083025008 0.74676698
v 0.7438615 0.090101004 0.733922
v 0.76918846 0.091897003 0.74629998
v 0.7606805 0.100843 0.73290801
v 0.7519905 0.10988101 0.71983498
v 0.78015453 0.108252 0.731341
v 0.77318841 0.11879901 0.71797901
v 0.76761049 0.126771 0.70368701
v 0.79559642 0.12335001 0.71664
v 0.79116541 0.13140701 0.70254499
v 0.78731948 0.13283201 0.68478799
v 0.81422359 0.13315201 0.70122498
v 0.81028348 0.13445701 0.68344301
v 0.80595142 0.13342501 0.66247499
v 0.83223444 0.134413 0.68208402
v 0.83223444 0.134413 0.68208402
v 0.82806045 0.13497101 0.66121602
v 0.82806045 0.13497101 0.66121602
v 0.82336348 0.13514501 0.63898599
v 0.82336348 0.13514501 0.63898599
v 0.84877747 0.131272 0.660151
v 0.8449325 0.133448 0.63768798
v 0.83994156 0.13496701 0.61462998
v 0.86423045 0.126083 0.63661098
v 0.85995942 0.12780601 0.61337203
v 0.85612851 0.13081701 0.59015298
v 0.87857443 0.11862101 0.61226398
v 0.87506157 0.120735 0.58903402
v 0.87198752 0.12354401 0.56584203
v 0.89300352 0.11009001 0.58746302
v 0.89002448 0.11240101 0.56418502
v 0.88733345 0.11466101 0.54096299
v 0.90349752 0.09596201 0.56257099
v 0.90202743 0.098253004 0.53986502
v 0.90076643 0.100352 0.51685303
v 0.91420442 0.079536006 0.53885603
v 0.91229051 0.081216007 0.51602298
v 0.91241652 0.084155008 0.492553
v 0.92435843 0.063174009 0.51470798
v 0.92335445 0.065095007 0.49172002
v 0.92294556 0.066188008 0.46923402
v 0.93058652 0.043971006 0.490657
v 0.93036753 0.044802006 0.468889
v 0.92870349 0.044682007 0.44852501
v 0.93327647 0.022283006 0.46869001
v 0.93325847 0.022378007 0.44865102
v 0.93202645 0.022344006 0.430525
v 0.93548852 6.9048838e-09 0.44859001
v 0.93548852 6.9048838e-09 0.44859001
v 0.93411857 6.9048838e-09 0.430563
v 0.93411857 6.9048838e-09 0.430563
v 0.9306975 6.9048838e-09 0.41452301
v 0.9306975 6.9048838e-09 0.41452301
v 0.9306975 6.9048838e-09 0.41452301
v 0.74887449 6.9048838e-09 0.76668203
v 0.73924452 6.9048838e-09 0.76707304
v 0.74998146 0.012819007 0.76678503
v 0.74002343 0.014602007 0.76696199
v 0.75338656 0.025979007 0.76679403
v 0.74412447 0.029287007 0.76687199
v 0.76037341 0.038039006 0.766886
v 0.75133449 0.043466005 0.76674402
v 0.7699185 0.047941007 0.76694399
v 0.76137453 0.055025008 0.76671898
v 0.78130049 0.054915007 0.76703298
v 0.77384549 0.063505009 0.76669002
v 0.76660949 0.071523003 0.76435399
v 0.76660949 0.071523003 0.76435399
v 0.7877875 0.068797007 0.76662302
v 0.78175253 0.077859007 0.76409501
v 0.78175253 0.077859007 0.76409501
v 0.7760095 0.084605008 0.75683302
v 0.7760095 0.084605008 0.75683302
v 0.79748446 0.081381008 0.76378202
v 0.7929545 0.089070007 0.75659603
v 0.7929545 0.089070007 0.75659603
v 0.78714651 0.097853005 0.74549502
v 0.80976552 0.090792008 0.75603598
v 0.80976552 0.090792008 0.75603598
v 0.80579454 0.100448 0.74476498
v 0.80579454 0.100448 0.74476498
v 0.80073744 0.11195301 0.73041499
v 0.82356054 0.10021701 0.74367702
v 0.82356054 0.10021701 0.74367702
v 0.82107955 0.112114 0.73001701
v 0.82107955 0.112114 0.73001701
v 0.8178665 0.12432001 0.716187
v 0.8178665 0.12432001 0.716187
v 0.83950454 0.109313 0.72931904
v 0.83950454 0.109313 0.72931904
v 0.83844644 0.12172001 0.71566302
v 0.83844644 0.12172001 0.71566302
v 0.83844644 0.12172001 0.71566302
v 0.8360365 0.130998 0.700221
v 0.8360365 0.130998 0.700221
v 0.8561905 0.116423 0.71442103
v 0.85550958 0.12586601 0.69887704
v 0.85247248 0.12921201 0.68063599
v 0.87256652 0.11891401 0.69758803
v 0.87055641 0.122132 0.67930299
v 0.86770445 0.124184 0.65890104
v 0.88665348 0.11343801 0.67795199
v 0.88445252 0.114921 0.65752602
v 0.88188249 0.11681401 0.635427
v 0.89967948 0.10468601 0.656322
v 0.8977235 0.10600301 0.63423902
v 0.89555651 0.10781201 0.61096001
v 0.91186851 0.092180006 0.63321102
v 0.90956455 0.09324801 0.60973501
v 0.90665847 0.09455201 0.58593702
v 0.92280442 0.076951005 0.60885298
v 0.91905957 0.077086009 0.58480901
v 0.91626745 0.077986009 0.561409
v 0.93037051 0.059471007 0.584337
v 0.92916042 0.060349006 0.56057501
v 0.92684346 0.061311007 0.53762001
v 0.93476051 0.039941005 0.56038702
v 0.93299657 0.041124009 0.53630501
v 0.9316265 0.042637005 0.51319301
v 0.9384535 0.020882007 0.53542602
v 0.93404156 0.021091007 0.51247799
v 0.93203145 0.021705007 0.490024
v 0.93828255 6.9048838e-09 0.51176798
v 0.93828255 6.9048838e-09 0.51176798
v 0.93656641 6.9048838e-09 0.49002501
v 0.93656641 6.9048838e-09 0.49002501
v 0.93655151 6.9048838e-09 0.46859699
v 0.93655151 6.9048838e-09 0.46859699
v 0.76852447 6.9048838e-09 0.76607901
v 0.75930351 6.9048838e-09 0.76574999
v 0.76904851 0.0098030074 0.76645601
v 0.76009256 0.011298007 0.76602101
v 0.77149647 0.019271007 0.76657999
v 0.76290947 0.022515006 0.76618701
v 0.77708346 0.027418006 0.76590198
v 0.76887649 0.032717008 0.76614702
v 0.7854045 0.033165008 0.76442403
v 0.77805144 0.040532008 0.76600301
v 0.7947275 0.036708008 0.76361501
v 0.78851551 0.045296006 0.76583099
v 0.80441242 0.038683008 0.763111
v 0.79958552 0.048104007 0.765365
v 0.79360753 0.058880009 0.76677501
v 0.81092447 0.048881005 0.76472199
v 0.8065185 0.060320009 0.76648903
v 0.80202442 0.071102008 0.76652199
v 0.8189705 0.059762008 0.76613402
v 0.81578952 0.071297005 0.76626998
v 0.81289941 0.082256004 0.76341099
v 0.82873541 0.069516011 0.76602101
v 0.82741457 0.080738008 0.76274902
v 0.82567149 0.089925006 0.75506103
v 0.83997256 0.077293009 0.762371
v 0.83998257 0.086760007 0.75413603
v 0.83998257 0.086760007 0.75413603
v 0.83983248 0.097325005 0.74256504
v 0.83983248 0.097325005 0.74256504
v 0.85194355 0.082160003 0.75327003
v 0.85194355 0.082160003 0.75327003
v 0.85350651 0.092847005 0.74148202
v 0.85350651 0.092847005 0.74148202
v 0.85525256 0.10471601 0.72817498
v 0.85525256 0.10471601 0.72817498
v 0.86535746 0.08733701 0.74011403
v 0.86872452 0.098821007 0.72664499
v 0.87136549 0.10979801 0.71274298
v 0.88071758 0.091591008 0.72459
v 0.88471049 0.10195801 0.71082103
v 0.88784951 0.11095401 0.69624901
v 0.89768654 0.092457004 0.709131
v 0.9025355 0.10118401 0.694897
v 0.90158051 0.103494 0.676579
v 0.91606051 0.088097006 0.692783
v 0.91570145 0.09021201 0.67524201
v 0.91389042 0.091209009 0.65529901
v 0.9280495 0.073903009 0.67415798
v 0.92625052 0.074641004 0.65459102
v 0.92456657 0.075803004 0.63251203
v 0.93583649 0.056020007 0.65431702
v 0.93364555 0.057048008 0.63225001
v 0.93210346 0.058492009 0.60844803
v 0.94052953 0.037677009 0.63192099
v 0.93894058 0.038812008 0.60771501
v 0.93725759 0.039962009 0.58442199
v 0.9422155 0.014010007 0.60382998
v 0.9422155 0.014010007 0.60382998
v 0.94009858 0.019319007 0.58408499
v 0.93956047 0.020364007 0.55982304
v 0.94101554 6.9048838e-09 0.55931503
v 0.94101554 6.9048838e-09 0.55931503
v 0.93954247 6.9048838e-09 0.53520501
v 0.93954247 6.9048838e-09 0.53520501
v 0.78344446 6.9048838e-09 0.77200902
v 0.78344446 6.9048838e-09 0.77200902
v 0.78344446 6.9048838e-09 0.77200902
v 0.77663451 6.9048838e-09 0.76824099
v 0.78369957 0.0068940069 0.77244002
v 0.78369957 0.0068940069 0.77244002
v 0.77721852 0.0081270067 0.768556
v 0.78631145 0.013846007 0.77278602
v 0.78631145 0.013846007 0.77278602
v 0.77979141 0.015752006 0.76838601
v 0.78968245 0.019124007 0.77128798
v 0.78968245 0.019124007 0.77128798
v 0.78489143 0.022076007 0.76758099
v 0.78489143 0.022076007 0.76758099
v 0.79571444 0.021773007 0.77193099
v 0.79201347 0.026078006 0.76631999
v 0.79201347 0.026078006 0.76631999
v 0.80426842 0.024907008 0.77183902
v 0.80012649 0.028882006 0.76574999
v 0.80012649 0.028882006 0.76574999
v 0.81209952 0.026321007 0.77191699
v 0.80866653 0.030064007 0.76506603
v 0.80866653 0.030064007 0.76506603
v 0.82095951 0.027059007 0.77203602
v 0.81763047 0.030523008 0.76424199
v 0.81763047 0.030523008 0.76424199
v 0.81455249 0.039144006 0.76268601
v 0.82756454 0.029474007 0.76404899
v 0.82756454 0.029474007 0.76404899
v 0.82756454 0.029474007 0.76404899
v 0.82486647 0.037514009 0.76240003
v 0.82221943 0.047603007 0.76405603
v 0.83539754 0.033993006 0.76264203
v 0.83291548 0.044287007 0.76371104
v 0.83040458 0.057063006 0.76586002
v 0.84249955 0.039794005 0.76346403
v 0.83967549 0.052291006 0.76556301
v 0.83942252 0.06582801 0.76587403
v 0.84692341 0.046519008 0.765122
v 0.84818155 0.061089005 0.76583201
v 0.85036546 0.072637007 0.76199502
v 0.85490447 0.055448007 0.765755
v 0.85920745 0.067016006 0.76157498
v 0.86223251 0.076566003 0.75242001
v 0.86223251 0.076566003 0.75242001
v 0.87150341 0.070162006 0.75177902
v 0.87150341 0.070162006 0.75177902
v 0.87617141 0.080770008 0.73859
v 0.87985152 0.062768005 0.750669
v 0.87985152 0.062768005 0.750669
v 0.8862465 0.07264901 0.73716503
v 0.89221245 0.082885005 0.722763
v 0.89552051 0.063288003 0.73591703
v 0.90297753 0.072036006 0.72115803
v 0.91004854 0.080499008 0.70766699
v 0.91212147 0.059519008 0.72012502
v 0.92069751 0.066218004 0.70630801
v 0.92759949 0.072023004 0.69159502
v 0.92883354 0.050067008 0.70510703
v 0.93632942 0.053760007 0.69059902
v 0.93762451 0.055359006 0.673702
v 0.94227654 0.034901008 0.69024003
v 0.94388443 0.035909008 0.67390102
v 0.94227058 0.036660008 0.65429103
v 0.94699842 0.017176006 0.67450601
v 0.94640452 0.017818008 0.65424901
v 0.94436449 0.017789006 0.63149303
v 0.9480235 6.9048838e-09 0.67467302
v 0.9475885 6.9048838e-09 0.65407699
v 0.80916351 6.9048838e-09 0.78548104
v 0.79945856 6.9048838e-09 0.78407198
v 0.79940552 0.0071940068 0.78344798
v 0.80896252 0.0080930069 0.78471899
v 0.80716258 0.018051008 0.78201103
v 0.8129825 0.023672007 0.78011501
v 0.8129825 0.023672007 0.78011501
v 0.82597142 0.010370007 0.78442502
v 0.82351643 0.024237007 0.780173
v 0.82351643 0.024237007 0.780173
v 0.83271748 0.025832007 0.77320701
v 0.83271748 0.025832007 0.77320701
v 0.82651955 6.9048838e-09 0.78536701
v 0.8364225 6.9048838e-09 0.78428501
v 0.81781846 6.9048838e-09 0.78576499
v 0.87654251 6.9048838e-09 0.76404399
v 0.86588746 6.9048838e-09 0.76299798
v 0.87540942 0.0093940068 0.76410002
v 0.86498648 0.0099850073 0.76310802
v 0.87233955 0.018168006 0.76416802
v 0.86254448 0.018835006 0.76314801
v 0.86760253 0.025563007 0.76422501
v 0.85915858 0.026716007 0.763331
v 0.85228747 0.028545007 0.76295602
v 0.85574847 0.033840008 0.76389098
v 0.84963948 0.036277007 0.76357102
v 0.84515744 0.030854007 0.76261699
v 0.85296947 0.041023009 0.76470202
v 0.86234742 0.032600008 0.764498
v 0.88036448 0.027911007 0.76357102
v 0.87545151 0.034385007 0.76474303
v 0.89127856 0.031779006 0.757653
v 0.88593847 0.040218007 0.75849998
v 0.88012749 0.047632005 0.75970298
v 0.89445359 0.045875005 0.748218
v 0.89445359 0.045875005 0.748218
v 0.88759142 0.054766007 0.74944401
v 0.88759142 0.054766007 0.74944401
v 0.90355247 0.052688006 0.73487198
v 0.90022045 0.035863008 0.74715602
v 0.90022045 0.035863008 0.74715602
v 0.91004354 0.040658008 0.73405099
v 0.91965753 0.045578007 0.71920002
v 0.9148075 0.027592007 0.73333001
v 0.9250775 0.030512007 0.71831703
v 0.93448049 0.032826006 0.70430303
v 0.92814642 0.015037007 0.71782804
v 0.9375785 0.015858008 0.70414603
v 0.94602448 0.016684007 0.691136
v 0.93903142 6.9048838e-09 0.70472598
v 0.93903142 6.9048838e-09 0.70472598
v 0.94687253 6.9048838e-09 0.69195801
v 0.89865357 6.9048838e-09 0.75679201
v 0.8876825 6.9048838e-09 0.76315904
v 0.89743143 0.011109007 0.75633901
v 0.88692242 0.010063007 0.76298803
v 0.89482456 0.021873007 0.75667298
v 0.88438255 0.019599007 0.76341599
v 0.90773755 0.012394007 0.74631602
v 0.90773755 0.012394007 0.74631602
v 0.90472943 0.024618007 0.74659801
v 0.90472943 0.024618007 0.74659801
v 0.91782957 0.013805007 0.73287898
v 0.90926653 6.9048838e-09 0.746647
v 0.90926653 6.9048838e-09 0.746647
v 0.91933149 6.9048838e-09 0.73306704
v 0.91933149 6.9048838e-09 0.73306704
v 0.92981154 6.9048838e-09 0.71791202
v 0.92981154 6.9048838e-09 0.71791202
v 0.93137842 0.029664006 0.072661005
v 0.92718452 0.029414007 0.049591009
v 0.92094749 0.028881008 0.026204007
v 0.91571647 0.028546007 0.0026590067
v 0.91068655 0.028270006 -0.020751992
v 0.90559047 0.028033007 -0.044073991
v 0.9003585 0.027794007 -0.067317992
v 0.89514047 0.027608007 -0.090567991
v 0.88997346 0.027539007 -0.11375299
v 0.88475257 0.027466007 -0.13697599
v 0.87525648 0.054556008 -0.15880799
v 0.84672552 0.10529001 -0.20055699
v 0.84189349 0.10506801 -0.22428799
v 0.8283245 0.128415 -0.22074699
v 0.76826948 0.167996 -0.36134398
v 0.78990346 0.148872 -0.339405
v 0.78608757 0.148773 -0.36476198
v 0.80583555 0.127422 -0.34278199
v 0.80212647 0.12723 -0.36789298
v 0.79903251 0.12714501 -0.39326
v 0.81535047 0.10353301 -0.37083098
v 0.81220943 0.10329501 -0.39612699
v 0.80990249 0.10328801 -0.42178398
v 0.82240945 0.078070007 -0.39905998
v 0.81997353 0.078054003 -0.42501
v 0.81850153 0.078667007 -0.45161298
v 0.82679552 0.052163009 -0.428123
v 0.82477349 0.052652005 -0.45524999
v 0.82238048 0.053537007 -0.48300898
v 0.82795149 0.026217006 -0.45792398
v 0.82564455 0.026797008 -0.485991
v 0.82309049 0.027499007 -0.51459497
v 0.82725245 6.9048838e-09 -0.48742399
v 0.82491547 6.9048838e-09 -0.51615399
v 0.82100648 6.9048838e-09 -0.54497302
v 0.84251052 6.9048838e-09 -0.352938
v 0.84691554 6.9048838e-09 -0.328051
v 0.85204154 6.9048838e-09 -0.303747
v 0.8446365 0.026607007 -0.32723999
v 0.84954244 0.026799006 -0.30279198
v 0.85463148 0.026953006 -0.27864999
v 0.8568005 6.9048838e-09 -0.27952
v 0.86166555 6.9048838e-09 -0.25550398
v 0.85941344 0.027036007 -0.254619
v 0.86717552 6.9048838e-09 -0.23177399
v 0.81466049 0.12802 -0.29334
v 0.8230775 0.10412001 -0.32104298
v 0.81015545 0.12775201 -0.31793401
v 0.79416543 0.14909801 -0.314394
v 0.81896251 0.103824 -0.34580898
v 0.82534558 0.078282006 -0.37354198
v 0.83630949 0.052745007 -0.35065198
v 0.83251244 0.052398007 -0.375889
v 0.82929546 0.052141007 -0.40167201
v 0.8366515 0.026210006 -0.377529
v 0.83358949 0.026105007 -0.40358999
v 0.83099943 0.026095007 -0.430406
v 0.83589548 6.9048838e-09 -0.40465701
v 0.83340448 6.9048838e-09 -0.43146399
v 0.83340448 6.9048838e-09 -0.43146399
v 0.83085448 6.9048838e-09 -0.45917898
v 0.83085448 6.9048838e-09 -0.45917898
v 0.83909851 6.9048838e-09 -0.37847
v 0.84028047 0.026389007 -0.35208499
v 0.84048551 0.053069007 -0.32583401
v 0.87731558 6.9048838e-09 -0.184599
v 0.87227947 6.9048838e-09 -0.20810099
v 0.50014347 0.20157501 -0.47506601
v 0.47878951 0.188969 -0.474114
v 0.48910743 0.1992 -0.50407201
v 0.46572548 0.18520501 -0.50772101
v 0.44477755 0.169181 -0.51116699
v 0.47484857 0.195857 -0.53602201
v 0.50784248 0.20830001 -0.50179297
v 0.49729747 0.206 -0.52922601
v 0.48543149 0.204556 -0.55707198
v 0.46172351 0.19642401 -0.56776696
v 0.48147851 0.205006 -0.58126599
v 0.46337146 0.19322601 -0.59364098
v 0.44992453 0.17765501 -0.60800701
v 0.47325045 0.19254701 -0.61465597
v 0.48651749 0.20438701 -0.60115898
v 0.4970265 0.20455201 -0.62027097
v 0.50086957 0.211427 -0.59139502
v 0.50817353 0.21184301 -0.60922897
v 0.51922256 0.21196401 -0.62549502
v 0.51917249 0.21457 -0.60089898
v 0.52832943 0.215156 -0.61560798
v 0.54020554 0.215341 -0.62713599
v 0.53699952 0.21472901 -0.60695702
v 0.53699952 0.21472901 -0.60695702
v 0.54699546 0.214488 -0.61683697
v 0.54699546 0.214488 -0.61683697
v 0.55819541 0.21477401 -0.62382102
v 0.55819541 0.21477401 -0.62382102
v 0.56226152 0.208718 -0.61285198
v 0.56226152 0.208718 -0.61285198
v 0.52985245 0.214742 -0.59469998
v 0.52985245 0.214742 -0.59469998
v 0.5280115 0.21467601 -0.58081698
v 0.5280115 0.21467601 -0.58081698
v 0.53981358 0.21045901 -0.57786697
v 0.51462847 0.214357 -0.58512902
v 0.51500255 0.21452501 -0.56779802
v 0.53015357 0.214947 -0.56466901
v 0.53015357 0.214947 -0.56466901
v 0.49928051 0.21122301 -0.57278001
v 0.50426155 0.21113701 -0.55082202
v 0.52061158 0.21524 -0.54740101
v 0.51368958 0.21259801 -0.52595198
v 0.78771645 0.0067710071 0.78007001
v 0.78771645 0.0067710071 0.78007001
v 0.80447251 0.021678006 0.78007001
v 0.80447251 0.021678006 0.78007001
v -0.39298552 6.9048838e-09 -0.090872996
v 0.65575951 6.9048838e-09 0.60538298
v 0.65575951 6.9048838e-09 0.60538298
v 0.78634149 6.9048838e-09 0.78007001
v 0.78634149 6.9048838e-09 0.78007001
v 0.78634149 6.9048838e-09 0.78007001
v 0.42211348 -0.16297899 -0.56337702
v 0.5486365 -0.20592499 -0.59554201
v 0.59881955 -0.207592 -0.61349601
v -0.9478755 -0.12904099 -0.38939798
v 0.17262048 -0.10525899 -0.13651699
v 0.14291447 -0.042502992 -0.0069859931
v 0.14124149 -0.080521993 -0.019637993
v 0.14124149 -0.080521993 -0.019637993
v 0.42607051 -0.10029399 -0.051773991
v 0.39056653 -0.046975993 -0.022754993
v 0.39056653 -0.046975993 -0.022754993
v 0.38709956 -0.069101997 -0.0099119935
v 0.38709956 -0.069101997 -0.0099119935
v 0.38709956 -0.069101997 -0.0099119935
v 0.38320547 -0.046573993 -0.030289993
v 0.38320547 -0.046573993 -0.030289993
v 0.65726048 -0.21426699 -0.0052839932
v -0.94781953 -0.14946499 0.065216005
v 0.40639347 -0.040114991 0.057697006
v 0.40639347 -0.040114991 0.057697006
v 0.17518348 -0.033009995 0.090243004
v 0.17518348 -0.033009995 0.090243004
v 0.49939746 -0.09122099 0.078469008
v 0.49939746 -0.09122099 0.078469008
v 0.90118557 -0.11548299 0.15084001
v 0.87772948 -0.13249999 0.183162
v 0.84206551 -0.017659994 0.78111899
v 0.84935349 -0.014593993 0.76757801
v 0.84935349 -0.014593993 0.76757801
v 0.86584955 -0.045560993 0.76539499
v -0.56687552 -0.15098499 0.10334401
v 0.0069615245 -0.011694993 -0.412815
v 0.44121951 -0.18117599 -0.58327001
v 0.42711455 -0.16054799 -0.600214
v 0.40334553 -0.13462299 -0.59312302
v 0.39600152 -0.12456799 -0.56371897
v 0.41190451 -0.13665199 -0.61983597
v 0.54782349 -0.204165 -0.58783698
v 0.55852753 -0.20189899 -0.58790398
v 0.55585653 -0.203052 -0.59868699
v 0.55249351 -0.20971799 -0.607988
v 0.54436547 -0.21103999 -0.60001302
v 0.54028851 -0.211081 -0.59001297
v 0.60604447 -0.20716499 -0.60909498
v 0.61486346 -0.21452799 -0.617589
v 0.61486346 -0.21452799 -0.617589
v 0.60325652 -0.213801 -0.62377799
v 0.60325652 -0.213801 -0.62377799
v 0.59248251 -0.214066 -0.62694001
v 0.59248251 -0.214066 -0.62694001
v 0.59062451 -0.205992 -0.61473697
v 0.59497148 -0.20199299 -0.604572
v 0.59497148 -0.20199299 -0.604572
v -0.94779551 -0.14452499 -0.402778
v -0.94781649 -0.13138999 -0.41715801
v -0.94789648 -0.11648799 -0.394972
v -0.94792652 -0.11178699 -0.37650898
v -0.94788551 -0.129816 -0.37606898
v -0.94778848 -0.152514 -0.38555399
v 0.14940745 -0.10377099 -0.11673899
v 0.14940745 -0.10377099 -0.11673899
v 0.15803653 -0.10237199 -0.09492299
v 0.15803653 -0.10237199 -0.09492299
v 0.1804195 -0.10368499 -0.10562899
v 0.20286554 -0.10424999 -0.11336199
v 0.20004147 -0.105258 -0.13926199
v 0.20399255 -0.10598099 -0.16809499
v 0.1793825 -0.105997 -0.169764
v 0.14299947 -0.10576499 -0.150796
v 0.12984449 -0.10424999 -0.13058399
v 0.12984449 -0.10424999 -0.13058399
v 0.15018052 -0.10606499 -0.17572099
v 0.65556842 -0.20296299 -0.09272299
v 0.64922148 -0.20519699 -0.083771996
v 0.6601215 -0.20833799 -0.069698997
v 0.66487557 -0.20289899 -0.090611994
v -0.56337851 -0.13087399 -0.042441994
v -0.56509948 -0.152311 -0.031742994
v -0.56643653 -0.142786 -0.0051449933
v 0.14809054 -0.047428992 -0.0012499931
v 0.14082354 -0.052337993 -0.012603994
v 0.13514346 -0.046381991 -0.025097992
v 0.13667256 -0.027109994 -0.020939993
v 0.14437753 -0.028502993 -0.0020709932
v 0.14884955 -0.043495994 0.0041780067
v 0.13860351 -0.082108997 -0.026623992
v 0.13688356 -0.071915992 -0.022215994
v 0.14400953 -0.074489996 -0.013481993
v 0.14400953 -0.074489996 -0.013481993
v 0.15420943 -0.084817991 -0.017440993
v 0.15420943 -0.084817991 -0.017440993
v 0.15169448 -0.089993991 -0.025922993
v 0.15741652 -0.077093996 -0.011452993
v 0.42892951 -0.105474 -0.081991993
v 0.40623957 -0.10289599 -0.078533992
v 0.40623957 -0.10289599 -0.078533992
v 0.4003945 -0.098599993 -0.055108994
v 0.4003945 -0.098599993 -0.055108994
v 0.45118052 -0.10830099 -0.061640993
v 0.45050949 -0.11049199 -0.087649994
v 0.39345151 -0.095288992 -0.039062992
v 0.40847152 -0.094502993 -0.030291993
v 0.43270355 -0.098170996 -0.022816993
v 0.45343846 -0.10607399 -0.034826994
v 0.41792554 -0.09274599 -0.011827993
v 0.3870495 -0.049190994 -0.024860993
v 0.3870495 -0.049190994 -0.024860993
v 0.38398248 -0.046389993 -0.026965993
v 0.38398248 -0.046389993 -0.026965993
v 0.38398248 -0.046389993 -0.026965993
v 0.38398248 -0.046389993 -0.026965993
v 0.38467151 -0.046292994 -0.021055993
v 0.38467151 -0.046292994 -0.021055993
v 0.39112145 -0.048727993 -0.012835993
v 0.39112145 -0.048727993 -0.012835993
v 0.38901049 -0.052768994 -0.014817993
v 0.38665646 -0.046454992 -0.010575993
v 0.38665646 -0.046454992 -0.010575993
v 0.39508849 -0.073072992 0.0043470068
v 0.39508849 -0.073072992 0.0043470068
v 0.39764851 -0.080818996 0.0027380069
v 0.38892847 -0.079761989 -0.009440993
v 0.38892847 -0.079761989 -0.009440993
v 0.39068848 -0.062445994 -0.0077119931
v 0.39600855 -0.065893993 0.0055110068
v 0.39600855 -0.065893993 0.0055110068
v 0.37877148 -0.079559997 -0.016841993
v 0.37877148 -0.079559997 -0.016841993
v 0.37661952 -0.069848992 -0.017005993
v 0.38168651 -0.059716992 -0.019217994
v 0.38168651 -0.059716992 -0.019217994
v 0.38622254 -0.056843992 -0.016922994
v 0.37394053 -0.060540993 -0.022386992
v 0.37394053 -0.060540993 -0.022386992
v 0.37839848 -0.046468992 -0.031848993
v 0.37839848 -0.046468992 -0.031848993
v 0.37839848 -0.046468992 -0.031848993
v 0.37839848 -0.046468992 -0.031848993
v 0.37758857 -0.046151992 -0.026613994
v 0.37758857 -0.046151992 -0.026613994
v 0.38386852 -0.050997995 -0.025514994
v 0.37920052 -0.052346993 -0.027204992
v 0.37920052 -0.052346993 -0.027204992
v 0.69279248 -0.218164 0.0065350067
v 0.69279248 -0.218164 0.0065350067
v 0.69693547 -0.219294 -0.014572993
v 0.69693547 -0.219294 -0.014572993
v 0.67071551 -0.217896 -0.026996993
v 0.67071551 -0.217896 -0.026996993
v 0.65484744 -0.21579099 -0.035910994
v 0.64134055 -0.212385 -0.024782993
v 0.6140185 -0.201536 -0.0066159931
v 0.62084442 -0.20203499 0.011333006
v -0.94788247 -0.150842 0.051785007
v -0.94794852 -0.13263799 0.052489005
v -0.94789147 -0.13677999 0.071139008
v -0.94753951 -0.164646 0.076922007
v -0.94753247 -0.17348099 0.059953008
v -0.94761652 -0.15194499 0.091469005
v 0.39870554 -0.036174994 0.055238008
v 0.39870554 -0.036174994 0.055238008
v 0.40068048 -0.020304993 0.060225006
v 0.40760452 -0.021430993 0.064224005
v 0.40760452 -0.021430993 0.064224005
v 0.39818054 -0.044840991 0.042643007
v 0.41355354 -0.042301994 0.071739011
v 0.41303951 -0.022853993 0.073864006
v 0.17151755 -0.035686992 0.085864007
v 0.16857654 -0.028449994 0.085491009
v 0.16857654 -0.028449994 0.085491009
v 0.17410046 -0.027237993 0.091039009
v 0.17410046 -0.027237993 0.091039009
v 0.1829105 -0.036703993 0.092930004
v 0.1829105 -0.036703993 0.092930004
v 0.18175048 -0.041967992 0.085569009
v 0.18383449 -0.029235993 0.095955007
v 0.48114151 -0.078481995 0.081218004
v 0.48630553 -0.047037993 0.090225004
v 0.49452347 -0.048965994 0.092468008
v 0.51085848 -0.089462996 0.092237003
v 0.50147551 -0.10762499 0.058894008
v 0.47910947 -0.09244699 0.069114007
v 0.47910947 -0.09244699 0.069114007
v 0.41673654 -0.046232995 0.084000006
v 0.42042249 -0.050670993 0.09309601
v 0.90150243 -0.11440299 0.131916
v 0.88855749 -0.130614 0.130373
v 0.88851053 -0.13064399 0.15990901
v 0.90115553 -0.11404999 0.184586
v 0.91412956 -0.098006994 0.16715801
v 0.91441852 -0.092266992 0.135848
v 0.8797105 -0.121085 0.19925301
v 0.8691985 -0.15382099 0.15431701
v 0.86185342 -0.14959799 0.17918101
v 0.85421258 -0.14123599 0.201083
v 0.83608347 -0.023513993 0.78008103
v 0.83608347 -0.023513993 0.78008103
v 0.83795244 -0.010994993 0.78314298
v 0.83795244 -0.010994993 0.78314298
v 0.84458357 -0.012036993 0.78161103
v 0.84458357 -0.012036993 0.78161103
v 0.79416651 -0.016274992 0.78007001
v 0.84759051 -0.022827992 0.76342303
v 0.84759051 -0.022827992 0.76342303
v 0.83773047 -0.026419993 0.76412404
v 0.83773047 -0.026419993 0.76412404
v 0.84072953 -0.022605993 0.77052802
v 0.84144455 -0.020894993 0.78007501
v 0.84144455 -0.020894993 0.78007501
v 0.84913248 -0.012700993 0.78007001
v 0.84913248 -0.012700993 0.78007001
v 0.84913248 -0.012700993 0.78007001
v 0.84913248 -0.012700993 0.78007001
v 0.85660154 -0.011889993 0.763318
v 0.85488445 -0.020523993 0.76287001
v 0.85956246 -0.049149994 0.76568198
v 0.85879046 -0.037604991 0.76482302
v 0.86960548 -0.039326992 0.76522601
v 0.87375742 -0.054410994 0.76087999
v 0.86686748 -0.060976993 0.76152098
v -0.56684852 -0.161286 0.093363009
v -0.56684351 -0.18032899 0.108472
v -0.56684852 -0.16319899 0.12075001
v -0.56693351 -0.14445299 0.13031301
v -0.56684351 -0.175303 0.08097101
v -0.56703949 -0.12401399 0.13397901
v -0.56712949 -0.12797399 0.154632
v -0.56728548 -0.10298699 0.15498501
v -0.56763649 -0.10343499 0.169247
v -0.56820852 -0.076995991 0.16870201
v -0.57017452 -0.076764993 0.18124701
v -0.57203251 -0.050960992 0.18153501
v -0.57785553 -0.051345993 0.19296201
v -0.57785553 -0.051345993 0.19296201
v -0.57931352 -0.025770994 0.19410901
v -0.57931352 -0.025770994 0.19410901
v -0.58855951 -0.026531992 0.20448601
v -0.94777453 -0.022200992 -0.42234999
v -0.94771951 -0.024280993 -0.448699
v -0.94782948 -0.020569993 -0.395587
v -0.9478175 -0.019636992 -0.368945
v -0.94787049 -0.038838994 -0.36775598
v -0.94789052 -0.040562995 -0.39412698
v -0.9478305 -0.043912992 -0.42057699
v -0.94787347 -0.06510599 -0.41703901
v -0.94782251 -0.07182999 -0.44260299
v -0.94777751 -0.048274994 -0.44658399
v -0.94792253 -0.060198992 -0.39130399
v -0.94791448 -0.057881992 -0.36583099
v -0.94794148 -0.076177992 -0.36352599
v -0.94794548 -0.078642994 -0.38707
v -0.9478935 -0.084794991 -0.41185001
v -0.9479025 -0.10218699 -0.40421399
v -0.94783348 -0.11440099 -0.42779198
v -0.94784248 -0.094252996 -0.43636298
v -0.94794953 -0.09581399 -0.38158998
v -0.94794548 -0.094299994 -0.36091298
v -0.94792652 -0.11304499 -0.35949001
v -0.94791949 -0.11592599 -0.34035099
v -0.94787848 -0.13732 -0.34246099
v -0.94788349 -0.13378099 -0.361103
v -0.94792849 -0.095733993 -0.339908
v -0.94790453 -0.097915992 -0.318185
v -0.94789553 -0.11852499 -0.31918699
v -0.94791549 -0.076635994 -0.340496
v -0.94788653 -0.077957995 -0.317929
v -0.94786352 -0.079199992 -0.29495299
v -0.94787848 -0.099622995 -0.29559499
v -0.94788152 -0.057642993 -0.341537
v -0.94785053 -0.058351994 -0.318095
v -0.94782752 -0.059180994 -0.29468298
v -0.94782048 -0.059927993 -0.27100798
v -0.94784951 -0.080255993 -0.27145699
v -0.94779748 -0.038856994 -0.31841099
v -0.9477765 -0.039333992 -0.29458898
v -0.94777048 -0.039805993 -0.270726
v -0.94778752 -0.040222991 -0.24673399
v -0.94783449 -0.060545992 -0.24707799
v -0.94771749 -0.019640993 -0.29457098
v -0.94771349 -0.019861992 -0.270578
v -0.94772953 -0.020056993 -0.246512
v -0.94779152 -0.020210993 -0.222296
v -0.94784451 -0.040528994 -0.222536
v -0.94785851 -0.020314993 -0.197944
v -0.94790453 -0.020354994 -0.148948
v -0.94790047 -0.020362994 -0.173475
v -0.9479565 -0.040773991 -0.149124
v -0.94795549 -0.040803991 -0.17368899
v -0.94790947 -0.040720992 -0.19817299
v -0.94799352 -0.061377995 -0.17392799
v -0.94795048 -0.061265994 -0.19846699
v -0.94788653 -0.060987994 -0.22285999
v -0.9479605 -0.082027994 -0.198818
v -0.94790047 -0.081667989 -0.22329099
v -0.94785649 -0.08107999 -0.24755299
v -0.94788849 -0.10260699 -0.22383299
v -0.94784749 -0.10192199 -0.24820499
v -0.94785649 -0.10093399 -0.27216598
v -0.9478125 -0.12308399 -0.249028
v -0.94783252 -0.12199299 -0.27315798
v -0.9478665 -0.12053099 -0.29669398
v -0.94777548 -0.14347199 -0.27445
v -0.94781852 -0.14200899 -0.298311
v -0.94785953 -0.14001299 -0.32110301
v -0.94769251 -0.16395599 -0.30035499
v -0.94773549 -0.16226999 -0.323971
v -0.94776452 -0.16004699 -0.34641299
v -0.94730449 -0.184683 -0.32728499
v -0.94746047 -0.18282999 -0.351459
v -0.94747752 -0.17982699 -0.37509298
v -0.94777948 -0.15711999 -0.36688998
v -0.9475075 -0.174393 -0.39839199
v -0.94381052 -0.20172599 -0.38333899
v -0.9445135 -0.195603 -0.410216
v -0.94498849 -0.18273099 -0.43514401
v -0.94759452 -0.163939 -0.41951799
v -0.94533253 -0.16414599 -0.45541799
v -0.94768047 -0.148012 -0.43705699
v -0.94550151 -0.141233 -0.470581
v -0.94776052 -0.12808399 -0.450019
v -0.94570851 -0.114691 -0.48132899
v -0.94785053 -0.104789 -0.45971
v -0.94593948 -0.086427994 -0.48870298
v -0.94771552 -0.079261996 -0.46656901
v -0.94607049 -0.057815991 -0.49394399
v -0.94763952 -0.053120993 -0.47111398
v -0.94607848 -0.028813994 -0.496842
v -0.94758552 -0.026515992 -0.47369799
v -0.56711549 -0.175588 0.038650006
v -0.56703752 -0.19792299 0.044934008
v -0.56691349 -0.18758799 0.064605005
v -0.56712151 -0.215967 0.050001007
v -0.56698751 -0.20694999 0.07218001
v -0.56689149 -0.19515599 0.092103004
v -0.5671705 -0.221472 0.077532008
v -0.56705451 -0.20997399 0.10020701
v -0.5669415 -0.194896 0.12059901
v -0.56684953 -0.17586599 0.13658501
v -0.56731051 -0.21969 0.10547501
v -0.56712252 -0.20557 0.12849301
v -0.56693852 -0.18527499 0.14792901
v -0.56703752 -0.159466 0.16135901
v -0.56693453 -0.15287799 0.14867
v -0.56762052 -0.214084 0.135066
v -0.56762052 -0.214084 0.135066
v -0.56714851 -0.19185199 0.15573601
v -0.56714851 -0.19185199 0.15573601
v -0.56731349 -0.16425599 0.1709
v -0.56760448 -0.13422999 0.17861101
v -0.5673095 -0.131522 0.16875
v -0.56945348 -0.198129 0.16325401
v -0.56945348 -0.198129 0.16325401
v -0.56945348 -0.198129 0.16325401
v -0.5688175 -0.16893099 0.18002601
v -0.5688175 -0.16893099 0.18002601
v -0.56949449 -0.136703 0.18832801
v -0.56949449 -0.136703 0.18832801
v -0.57150149 -0.10551799 0.19084701
v -0.57150149 -0.10551799 0.19084701
v -0.56850749 -0.10431999 0.180758
v -0.57646149 -0.17247099 0.18586901
v -0.57679749 -0.13898399 0.19452901
v -0.57958651 -0.10730499 0.197246
v -0.58370149 -0.078627996 0.199726
v -0.57552952 -0.077336997 0.19141001
v -0.57552952 -0.077336997 0.19141001
v -0.58709651 -0.140958 0.19629601
v -0.5894115 -0.10958799 0.20179
v -0.59481353 -0.081014991 0.205182
v -0.59914052 -0.054580994 0.20876801
v -0.5868665 -0.052540991 0.20246701
v -0.60197347 -0.11259999 0.20339
v -0.60814953 -0.084504992 0.208727
v -0.61311549 -0.056970995 0.21271901
v -0.61546248 -0.028672993 0.21530201
v -0.60114348 -0.027579993 0.21104501
v -0.62473053 -0.088202991 0.211107
v -0.62983549 -0.059392992 0.216021
v -0.6326955 -0.029844994 0.218784
v -0.65073949 -0.061492994 0.218187
v -0.65316451 -0.030785993 0.22004101
v -0.67449051 -0.031373993 0.22035201
v -0.9477365 -0.019421993 -0.31870198
v -0.9478305 -0.038567994 -0.34257498
v -0.9477725 -0.019269994 -0.34331998
v -0.9478305 -0.020137994 -0.099817991
v -0.9478305 -0.020137994 -0.099817991
v -0.94786853 -0.020267993 -0.12437199
v -0.94786853 -0.020267993 -0.12437199
v -0.94789553 -0.040374994 -0.099990994
v -0.94793051 -0.040625993 -0.124543
v -0.94793051 -0.040625993 -0.124543
v -0.94794649 -0.060747992 -0.10017999
v -0.94798052 -0.061115991 -0.124722
v -0.94800353 -0.061328992 -0.14932299
v -0.94799352 -0.08184699 -0.12488699
v -0.9480105 -0.082110994 -0.149526
v -0.9480055 -0.082167991 -0.17419799
v -0.94797951 -0.10316899 -0.14971799
v -0.94797748 -0.10321499 -0.174485
v -0.94793648 -0.10303299 -0.19922699
v -0.94790852 -0.12453199 -0.174778
v -0.94787651 -0.12431199 -0.19968
v -0.94783652 -0.12383499 -0.22446799
v -0.9477815 -0.14588399 -0.20016199
v -0.94775152 -0.14534399 -0.225183
v -0.94774252 -0.14455199 -0.25000399
v -0.94759852 -0.16706499 -0.225926
v -0.94760251 -0.16626199 -0.25106001
v -0.94763851 -0.16523999 -0.27594098
v -0.94715548 -0.18807699 -0.25213599
v -0.94718152 -0.18722199 -0.27750498
v -0.94733149 -0.18610799 -0.30259198
v -0.94098151 -0.20812599 -0.279102
v -0.94154048 -0.20731899 -0.30492398
v -0.9420445 -0.20613499 -0.330708
v -0.93006349 -0.226744 -0.30738199
v -0.93058652 -0.22568099 -0.33425
v -0.9312405 -0.22401099 -0.36193699
v -0.94285852 -0.204616 -0.35669199
v -0.93197149 -0.220755 -0.39106899
v -0.91600752 -0.24127999 -0.36703798
v -0.91717851 -0.23809399 -0.39810398
v -0.9182995 -0.23036699 -0.43057001
v -0.93267351 -0.21324699 -0.420647
v -0.91944951 -0.21485399 -0.461279
v -0.93347752 -0.19916999 -0.448515
v -0.91975451 -0.19181499 -0.486889
v -0.91975451 -0.19181499 -0.486889
v -0.93337053 -0.17837599 -0.471558
v -0.92041153 -0.163674 -0.50592297
v -0.92041153 -0.163674 -0.50592297
v -0.93419552 -0.152787 -0.488731
v -0.92160052 -0.13151799 -0.51820701
v -0.92160052 -0.13151799 -0.51820701
v -0.9347735 -0.12355899 -0.50017703
v -0.92253947 -0.098612994 -0.52680898
v -0.92253947 -0.098612994 -0.52680898
v -0.93525553 -0.092854992 -0.50813901
v -0.92318249 -0.065852992 -0.53307402
v -0.92318249 -0.065852992 -0.53307402
v -0.9356845 -0.062036995 -0.513699
v -0.9356845 -0.062036995 -0.513699
v -0.92298049 -0.032894991 -0.536313
v -0.93589449 -0.030921994 -0.51699901
v -0.93589449 -0.030921994 -0.51699901
v -0.88130051 -0.034931991 -0.556903
v -0.85727149 -0.035084993 -0.55940902
v -0.90387452 -0.034300994 -0.54986298
v -0.90382552 -0.068475991 -0.54665899
v -0.88084853 -0.069686994 -0.55338901
v -0.87995452 -0.104486 -0.546709
v -0.8558445 -0.10543299 -0.55015302
v -0.85670549 -0.070231996 -0.55673397
v -0.90300751 -0.10262899 -0.54013598
v -0.90187949 -0.13697 -0.53097397
v -0.87870049 -0.13963099 -0.53717601
v -0.87789452 -0.17479999 -0.524185
v -0.85420352 -0.176791 -0.52831298
v -0.85481548 -0.14093199 -0.54079902
v -0.9006325 -0.170902 -0.51755601
v -0.8998825 -0.20083 -0.497697
v -0.8998825 -0.20083 -0.497697
v -0.8770175 -0.20513599 -0.50389302
v -0.8770175 -0.20513599 -0.50389302
v -0.87641251 -0.23039699 -0.47619799
v -0.87641251 -0.23039699 -0.47619799
v -0.85283852 -0.233926 -0.48017699
v -0.85283852 -0.233926 -0.48017699
v -0.85283852 -0.233926 -0.48017699
v -0.85349548 -0.20784399 -0.50757402
v -0.8993305 -0.225125 -0.47067299
v -0.89859051 -0.242066 -0.438086
v -0.8759445 -0.24787599 -0.443342
v -0.87444949 -0.25513101 -0.40825599
v -0.85111952 -0.25958097 -0.41220999
v -0.85111952 -0.25958097 -0.41220999
v -0.85218352 -0.25176799 -0.44746599
v -0.85218352 -0.25176799 -0.44746599
v -0.89729249 -0.25004601 -0.403788
v -0.89612353 -0.253102 -0.371472
v -0.8735745 -0.25990397 -0.37544599
v -0.8723855 -0.26091498 -0.34439698
v -0.84939849 -0.26683199 -0.34738499
v -0.84939849 -0.26683199 -0.34738499
v -0.85019648 -0.26441997 -0.37903801
v -0.85019648 -0.26441997 -0.37903801
v -0.89488149 -0.25404501 -0.34115499
v -0.89408553 -0.25432199 -0.31219798
v -0.87157148 -0.26121801 -0.31472901
v -0.9149605 -0.242662 -0.33776799
v -0.91430652 -0.243369 -0.309811
v -0.91381049 -0.24386199 -0.28251699
v -0.89352852 -0.25446796 -0.28420198
v -0.92965251 -0.22747599 -0.280799
v -0.92934048 -0.227955 -0.25437498
v -0.91342449 -0.24421799 -0.25556099
v -0.94051951 -0.208627 -0.253232
v -0.9403075 -0.20907 -0.22729599
v -0.92911148 -0.228232 -0.22802599
v -0.94704551 -0.18876 -0.22661999
v -0.9469555 -0.18919799 -0.201058
v -0.94015348 -0.20930199 -0.201419
v -0.9476195 -0.16763499 -0.20063499
v -0.94766849 -0.16796999 -0.17530899
v -0.94716853 -0.189432 -0.175486
v -0.94781852 -0.14616899 -0.17505999
v -0.94782752 -0.14616999 -0.14997499
v -0.94767648 -0.168 -0.149997
v -0.94791448 -0.124502 -0.149875
v -0.94789851 -0.124212 -0.125056
v -0.9478125 -0.14587699 -0.124998
v -0.94796252 -0.10287599 -0.12500998
v -0.94793648 -0.10236099 -0.10044199
v -0.94787753 -0.12366999 -0.10040599
v -0.9479605 -0.081393994 -0.10034999
v -0.9479385 -0.08075399 -0.07597699
v -0.9479205 -0.10161399 -0.076097995
v -0.94791949 -0.060247991 -0.07573799
v -0.94791651 -0.059631992 -0.051406994
v -0.94794548 -0.079923995 -0.051828992
v -0.94786751 -0.040026993 -0.07547199
v -0.94785953 -0.039631993 -0.050982993
v -0.94785953 -0.039631993 -0.050982993
v -0.94786447 -0.039244995 -0.026406992
v -0.94786447 -0.039244995 -0.026406992
v -0.94792449 -0.058989994 -0.027119992
v -0.9477995 -0.019967994 -0.075243995
v -0.9477905 -0.019767992 -0.050625995
v -0.9477905 -0.019767992 -0.050625995
v -0.94779152 -0.019580994 -0.025850993
v -0.94797248 -0.077943996 -0.0041389931
v -0.94795853 -0.078956991 -0.027920993
v -0.94797051 -0.097807996 -0.0054329932
v -0.94795549 -0.099376991 -0.028525993
v -0.94793153 -0.10062099 -0.052103993
v -0.94791353 -0.12038799 -0.028671993
v -0.94788551 -0.12178999 -0.052063994
v -0.94786948 -0.12287499 -0.076016992
v -0.94782048 -0.14340699 -0.051618993
v -0.94779551 -0.14451499 -0.075697996
v -0.9477995 -0.14532599 -0.10020399
v -0.94767147 -0.166421 -0.075072996
v -0.9476645 -0.16722399 -0.099817991
v -0.94768453 -0.16775399 -0.12481499
v -0.94710553 -0.18891099 -0.099223994
v -0.9471885 -0.18933399 -0.12450899
v -0.94730049 -0.18947099 -0.14993699
v -0.94013947 -0.20938499 -0.12408699
v -0.94009948 -0.209446 -0.149803
v -0.94008148 -0.209418 -0.17558299
v -0.92915052 -0.228554 -0.14962
v -0.9290365 -0.22847199 -0.175662
v -0.92898953 -0.22836399 -0.201805
v -0.91291052 -0.24477999 -0.175716
v -0.91291052 -0.24465899 -0.20220299
v -0.91310048 -0.24448 -0.22879499
v -0.89255548 -0.254843 -0.20253499
v -0.89277148 -0.25477099 -0.229546
v -0.89309251 -0.25459701 -0.25671399
v -0.8703745 -0.261549 -0.230205
v -0.84808648 -0.26678598 -0.258975
v -0.84833848 -0.26674497 -0.28768501
v -0.84875047 -0.26685601 -0.31705499
v -0.84875047 -0.26685601 -0.31705499
v -0.8251195 -0.26723999 -0.28909799
v -0.82539248 -0.26730996 -0.31898201
v -0.82586747 -0.26733899 -0.34977299
v -0.80202353 -0.26731098 -0.32049099
v -0.80226052 -0.26731497 -0.35171798
v -0.8026225 -0.26369101 -0.38358298
v -0.8264485 -0.264458 -0.38169
v -0.80325949 -0.25991899 -0.41711599
v -0.82718951 -0.25996602 -0.41496798
v -0.8039245 -0.25126302 -0.45147198
v -0.82792151 -0.25192499 -0.44967398
v -0.80467451 -0.23391499 -0.48379099
v -0.80467451 -0.23391499 -0.48379099
v -0.8287015 -0.23445499 -0.482106
v -0.8287015 -0.23445499 -0.482106
v -0.80548048 -0.20836399 -0.51045698
v -0.82957751 -0.20856999 -0.50935197
v -0.80612552 -0.17767599 -0.531178
v -0.83022749 -0.17740399 -0.530056
v -0.80677152 -0.14210799 -0.54269499
v -0.83079851 -0.14159699 -0.54191697
v -0.80749547 -0.10617099 -0.55135697
v -0.8316285 -0.10584899 -0.55090499
v -0.80814952 -0.070762992 -0.55864197
v -0.83237553 -0.070523992 -0.55776101
v -0.8087495 -0.035147995 -0.56162697
v -0.83298153 -0.035140995 -0.56066698
v -0.55500853 -0.024667993 -0.050102994
v -0.55505049 -0.048728991 -0.057590995
v -0.55472249 -0.071037993 -0.069190994
v -0.55472249 -0.071037993 -0.069190994
v -0.55404752 -0.089341991 -0.084805995
v -0.55404752 -0.089341991 -0.084805995
v -0.55922347 -0.10749699 -0.064553991
v -0.55922347 -0.10749699 -0.064553991
v -0.55320251 -0.10482899 -0.10293299
v -0.55837649 -0.12267699 -0.086883992
v -0.55837649 -0.12267699 -0.086883992
v -0.56201249 -0.14418699 -0.07062199
v -0.56201249 -0.14418699 -0.07062199
v -0.55822349 -0.135086 -0.11000299
v -0.56194049 -0.15554699 -0.097289994
v -0.56194049 -0.15554699 -0.097289994
v -0.56412047 -0.175358 -0.088251993
v -0.56412047 -0.175358 -0.088251993
v -0.5639115 -0.16416699 -0.060556993
v -0.56575948 -0.19423099 -0.08301799
v -0.56538647 -0.18438399 -0.055479992
v -0.56614351 -0.17481799 -0.028024994
v -0.56698048 -0.16686399 -0.003703993
v -0.56666851 -0.20519499 -0.052432992
v -0.56688148 -0.198258 -0.026240993
v -0.56720549 -0.19154999 -0.002288993
v -0.56723452 -0.184242 0.019268006
v -0.56722349 -0.15946299 0.015692007
v -0.56732953 -0.21878399 -0.024948994
v -0.56727648 -0.213001 -0.00043099315
v -0.56716651 -0.206141 0.022965007
v -0.56738549 -0.22897099 0.0008010068
v -0.5672515 -0.22307999 0.025722006
v -0.56754351 -0.23961899 0.0014820069
v -0.5674175 -0.23461099 0.027375007
v -0.56733853 -0.229288 0.053013008
v -0.56777751 -0.243874 0.028487006
v -0.56777751 -0.243874 0.028487006
v -0.56762248 -0.239107 0.055111006
v -0.56762248 -0.239107 0.055111006
v -0.56744349 -0.231611 0.081186004
v -0.56860149 -0.248753 0.057060007
v -0.56860149 -0.248753 0.057060007
v -0.56820548 -0.241457 0.084701009
v -0.56820548 -0.241457 0.084701009
v -0.56828648 -0.22929899 0.11062901
v -0.56828648 -0.22929899 0.11062901
v -0.57227552 -0.25034702 0.087702006
v -0.57192451 -0.23738 0.11504401
v -0.57010651 -0.221801 0.14122301
v -0.5810855 -0.24039999 0.11690201
v -0.57906049 -0.22613899 0.14444301
v -0.57906049 -0.22613899 0.14444301
v -0.57802051 -0.20139299 0.166912
v -0.57802051 -0.20139299 0.166912
v -0.58889252 -0.22706099 0.145052
v -0.58889252 -0.22706099 0.145052
v -0.58841753 -0.20227599 0.16732401
v -0.5870375 -0.173962 0.187013
v -0.59992349 -0.202805 0.167299
v -0.59841251 -0.17516099 0.18663701
v -0.59857148 -0.143198 0.19674501
v -0.61254549 -0.17655599 0.185801
v -0.61350453 -0.14596699 0.19677201
v -0.6180625 -0.11635999 0.203952
v -0.63388753 -0.14908999 0.19653401
v -0.63967347 -0.12023199 0.20431401
v -0.64617652 -0.091403991 0.21234901
v -0.66318148 -0.12266399 0.204106
v -0.66852653 -0.093261994 0.212492
v -0.67242348 -0.062755994 0.218428
v -0.69144648 -0.094330996 0.21233901
v -0.69467551 -0.063473992 0.218344
v -0.6963135 -0.031747993 0.22045001
v -0.7172755 -0.063809991 0.21823001
v -0.7185415 -0.031940993 0.22047201
v -0.74123651 -0.032016993 0.22043401
v -0.9478575 -0.024285993 0.13106501
v -0.94794452 -0.022403993 0.10528401
v -0.9479295 -0.048584994 0.12871701
v -0.9480055 -0.09648899 0.040792007
v -0.94798648 -0.09645199 0.017517006
v -0.94798648 -0.115178 0.036872007
v -0.94796753 -0.11629999 0.015686007
v -0.94793749 -0.11849099 -0.0060649933
v -0.94792449 -0.13714199 0.015448008
v -0.94788551 -0.13984999 -0.0057059932
v -0.94785547 -0.14190699 -0.028173992
v -0.94778252 -0.16200499 -0.0041369931
v -0.9477405 -0.163957 -0.026950993
v -0.9477095 -0.165356 -0.050723992
v -0.94744849 -0.18608199 -0.025297994
v -0.9473505 -0.18730299 -0.049490992
v -0.94720453 -0.18824199 -0.07418099
v -0.9408825 -0.208079 -0.048049994
v -0.9405275 -0.208749 -0.073125996
v -0.94028252 -0.209169 -0.098493993
v -0.92928249 -0.22802199 -0.07197699
v -0.92931151 -0.228425 -0.09770599
v -0.92923248 -0.22855799 -0.12361399
v -0.91318953 -0.24465199 -0.096881993
v -0.9130345 -0.244718 -0.12306799
v -0.91295648 -0.24479499 -0.14935699
v -0.89254647 -0.25497198 -0.12242699
v -0.89246649 -0.25496697 -0.148987
v -0.89245951 -0.25491601 -0.17568099
v -0.87008351 -0.26172602 -0.148536
v -0.87018251 -0.26174599 -0.175587
v -0.87028849 -0.261648 -0.20279099
v -0.84751552 -0.26684201 -0.175405
v -0.84751552 -0.26684201 -0.175405
v -0.84767449 -0.26657498 -0.20296299
v -0.84767449 -0.26657498 -0.20296299
v -0.84790748 -0.26685297 -0.230783
v -0.82453048 -0.267156 -0.20304599
v -0.82473052 -0.26716602 -0.23125699
v -0.82491648 -0.26720202 -0.25993198
v -0.80157453 -0.26705498 -0.23164
v -0.80173451 -0.26711398 -0.26062301
v -0.8018595 -0.26721102 -0.29017898
v -0.77861249 -0.26699197 -0.26110598
v -0.77866948 -0.26714998 -0.290997
v -0.77869749 -0.26728898 -0.32165399
v -0.75556052 -0.26709998 -0.291563
v -0.75546253 -0.26725799 -0.32253399
v -0.75530851 -0.267317 -0.354092
v -0.77874851 -0.26732796 -0.353066
v -0.75520653 -0.26322001 -0.38617501
v -0.7789045 -0.26334798 -0.38513699
v -0.75597149 -0.250642 -0.45407599
v -0.77996951 -0.25081897 -0.45294899
v -0.75641048 -0.23357999 -0.486092
v -0.75641048 -0.23357999 -0.486092
v -0.78059649 -0.23359899 -0.485089
v -0.78059649 -0.23359899 -0.485089
v -0.75680947 -0.207765 -0.51203901
v -0.78117752 -0.20806099 -0.51133102
v -0.75755447 -0.17733999 -0.53303701
v -0.78187251 -0.177737 -0.532152
v -0.75849348 -0.14213499 -0.54423296
v -0.78267151 -0.14230099 -0.54343802
v -0.7593925 -0.10675099 -0.55339897
v -0.78343648 -0.10647799 -0.55226398
v -0.76006752 -0.07106699 -0.55971301
v -0.78404552 -0.070918992 -0.55928099
v -0.76047951 -0.035405993 -0.56466901
v -0.78461951 -0.035253994 -0.56315702
v -0.53047651 -0.018355994 -0.082768992
v -0.54595453 -0.020640993 -0.069208995
v -0.54595453 -0.020640993 -0.069208995
v -0.54595453 -0.020640993 -0.069208995
v -0.53104448 -0.036373992 -0.089022994
v -0.54633349 -0.041046992 -0.076230995
v -0.54633349 -0.041046992 -0.076230995
v -0.53100652 -0.053883992 -0.098444991
v -0.53100652 -0.053883992 -0.098444991
v -0.54570848 -0.060066994 -0.086908996
v -0.54570848 -0.060066994 -0.086908996
v -0.53102052 -0.070202991 -0.11013199
v -0.53102052 -0.070202991 -0.11013199
v -0.5451805 -0.077251993 -0.100004
v -0.53080851 -0.085004993 -0.12369999
v -0.53080851 -0.085004993 -0.12369999
v -0.5446465 -0.092363991 -0.115527
v -0.53028351 -0.097508997 -0.13923599
v -0.54399848 -0.10541099 -0.13301399
v -0.5528205 -0.11800599 -0.12290999
v -0.54309851 -0.116092 -0.152109
v -0.55254751 -0.12910999 -0.14430599
v -0.5589205 -0.145696 -0.13363399
v -0.55212551 -0.13793799 -0.16632599
v -0.55983549 -0.15489499 -0.157628
v -0.5642395 -0.17384399 -0.14895499
v -0.5642395 -0.17384399 -0.14895499
v -0.56299549 -0.16526899 -0.12292799
v -0.56638551 -0.19312699 -0.142455
v -0.56638551 -0.19312699 -0.142455
v -0.56519151 -0.18481699 -0.11539499
v -0.56519151 -0.18481699 -0.11539499
v -0.5672965 -0.21036299 -0.138991
v -0.5666495 -0.20334399 -0.11068399
v -0.56750351 -0.22492199 -0.13750599
v -0.5673185 -0.21913299 -0.10849499
v -0.56692648 -0.21235099 -0.08016099
v -0.56758553 -0.23204999 -0.10803299
v -0.56741351 -0.227496 -0.079165995
v -0.56731248 -0.22277699 -0.051112995
v -0.5676415 -0.23860799 -0.079437993
v -0.56758648 -0.23619199 -0.051299993
v -0.56750548 -0.233357 -0.024610993
v -0.56783652 -0.24555199 -0.051775992
v -0.56783652 -0.24555199 -0.051775992
v -0.56770748 -0.242964 -0.024650993
v -0.56866252 -0.254435 -0.052165993
v -0.56866252 -0.254435 -0.052165993
v -0.5682745 -0.25197399 -0.024668993
v -0.5682745 -0.25197399 -0.024668993
v -0.56794453 -0.24863799 0.0019620068
v -0.56794453 -0.24863799 0.0019620068
v -0.57061851 -0.26006097 -0.024761993
v -0.5698365 -0.25751799 0.0024260068
v -0.56930751 -0.252886 0.029526006
v -0.57583451 -0.26437098 0.002965007
v -0.5753125 -0.25941497 0.030431006
v -0.57402748 -0.25693202 0.058703005
v -0.58427352 -0.26114702 0.030815005
v -0.58321548 -0.25895697 0.059467006
v -0.58200347 -0.253299 0.088985004
v -0.59273648 -0.25927502 0.059807006
v -0.59222549 -0.25384402 0.08936201
v -0.59136748 -0.241046 0.11742001
v -0.60345048 -0.25385702 0.08950901
v -0.60025549 -0.22722599 0.14506601
v -0.61495149 -0.22734699 0.14513601
v -0.6134665 -0.203475 0.16700101
v -0.63272852 -0.22759899 0.144878
v -0.63116151 -0.20435499 0.166462
v -0.63135052 -0.177947 0.18479301
v -0.65356249 -0.20526099 0.16593301
v -0.65459353 -0.179362 0.183797
v -0.65802753 -0.15150799 0.196031
v -0.68006551 -0.18062799 0.182987
v -0.68305647 -0.153083 0.19569001
v -0.68720752 -0.12412199 0.20394
v -0.70807052 -0.15415499 0.195398
v -0.71136552 -0.124883 0.20388401
v -0.71470451 -0.094875991 0.212299
v -0.7355305 -0.125303 0.20382801
v -0.7381435 -0.095104992 0.21234001
v -0.7402215 -0.063932993 0.21812901
v -0.76179451 -0.095138989 0.212219
v -0.76348251 -0.063909993 0.21791001
v -0.76422453 -0.032028992 0.220367
v -0.7870155 -0.063747995 0.21757801
v -0.78753048 -0.031962994 0.22033101
v -0.8111465 -0.031829994 0.22026701
v -0.93662548 -0.027891994 0.17499101
v -0.94686753 -0.026303994 0.15458401
v -0.93663251 -0.055746995 0.17186101
v -0.94679248 -0.052455992 0.15187801
v -0.93635452 -0.08310499 0.167116
v -0.94672549 -0.078166991 0.14784701
v -0.93567652 -0.110213 0.16053301
v -0.94625551 -0.10327899 0.14156701
v -0.94585651 -0.127143 0.13354501
v -0.94781351 -0.116882 0.11236601
v -0.94771349 -0.13567799 0.102883
v -0.94793451 -0.12312299 0.080359004
v -0.9479785 -0.116396 0.057536006
v -0.94795752 -0.13421899 0.034742005
v -0.9478845 -0.15552199 0.036022007
v -0.94782549 -0.15929399 0.017228007
v -0.94757152 -0.178884 0.041533008
v -0.94750148 -0.18239899 0.020647006
v -0.94741452 -0.18458399 -0.0017779932
v -0.94305551 -0.20395699 0.024806008
v -0.9421255 -0.20578699 0.00090900692
v -0.94137949 -0.207096 -0.023341993
v -0.93080449 -0.22524199 0.0040800069
v -0.93016952 -0.22679499 -0.021096993
v -0.9296385 -0.227578 -0.046455994
v -0.91419351 -0.24351399 -0.018746993
v -0.91369748 -0.244115 -0.044796992
v -0.9133895 -0.24446899 -0.070801996
v -0.89338148 -0.25474 -0.043024994
v -0.89297253 -0.25488901 -0.069520995
v -0.89271349 -0.254969 -0.095963992
v -0.87036347 -0.26164299 -0.067889996
v -0.87015247 -0.26171899 -0.09477599
v -0.87007451 -0.261724 -0.121617
v -0.84734148 -0.26703 -0.09341199
v -0.84734148 -0.26703 -0.09341199
v -0.84733349 -0.26693702 -0.120681
v -0.84733349 -0.26693702 -0.120681
v -0.84737951 -0.26695502 -0.147984
v -0.84737951 -0.26695502 -0.147984
v -0.8240605 -0.267362 -0.11969099
v -0.82418448 -0.26729798 -0.14736399
v -0.82434648 -0.26724398 -0.175127
v -0.80097252 -0.26726502 -0.14668599
v -0.80118048 -0.26717502 -0.17477199
v -0.80138952 -0.267079 -0.203034
v -0.77810049 -0.267057 -0.17434199
v -0.77832949 -0.26692998 -0.202944
v -0.7785055 -0.26689297 -0.231813
v -0.75539452 -0.266801 -0.20269799
v -0.7555545 -0.26674896 -0.231813
v -0.75560552 -0.266882 -0.26137599
v -0.7327615 -0.26668501 -0.23164099
v -0.73276049 -0.26678497 -0.26140198
v -0.73260152 -0.26700801 -0.29183
v -0.71013051 -0.266653 -0.261161
v -0.70982248 -0.26677799 -0.291787
v -0.7092855 -0.26691699 -0.32332999
v -0.73231947 -0.26716501 -0.32312799
v -0.70859051 -0.26700902 -0.35505098
v -0.7319265 -0.26725602 -0.35478801
v -0.70794249 -0.26259696 -0.38676
v -0.73158151 -0.26305097 -0.38669899
v -0.70744449 -0.250467 -0.45554098
v -0.73179448 -0.25048 -0.45495999
v -0.70756751 -0.233413 -0.48752299
v -0.70756751 -0.233413 -0.48752299
v -0.73208451 -0.23330799 -0.48675901
v -0.73208451 -0.23330799 -0.48675901
v -0.70792848 -0.20713799 -0.51312399
v -0.73242849 -0.207443 -0.51260698
v -0.70884651 -0.17664099 -0.53404498
v -0.73323649 -0.17704 -0.53365797
v -0.71012551 -0.14180499 -0.54558396
v -0.73430347 -0.14196 -0.54496402
v -0.71125549 -0.10680399 -0.55588299
v -0.73530549 -0.10690799 -0.55462599
v -0.7118575 -0.070874996 -0.56111699
v -0.73600852 -0.071021996 -0.56008899
v -0.71214449 -0.035489991 -0.56548798
v -0.73632449 -0.035473995 -0.56547302
v -0.6881665 -0.035336994 -0.56440598
v -0.49096251 -0.016636994 -0.09510199
v -0.51202053 -0.017104993 -0.090821996
v -0.49131951 -0.033348992 -0.100724
v -0.51250249 -0.034126993 -0.096764997
v -0.49165249 -0.050316993 -0.10835499
v -0.51283848 -0.051063992 -0.10524099
v -0.49190849 -0.066511996 -0.11787199
v -0.5130735 -0.067206994 -0.115633
v -0.49203449 -0.081032991 -0.12932399
v -0.5132665 -0.081848994 -0.127848
v -0.5132665 -0.081848994 -0.127848
v -0.4918355 -0.094025992 -0.14164399
v -0.51320249 -0.094566993 -0.14148
v -0.51320249 -0.094566993 -0.14148
v -0.49089149 -0.10372299 -0.156381
v -0.49089149 -0.10372299 -0.156381
v -0.51223952 -0.104229 -0.15720099
v -0.51223952 -0.104229 -0.15720099
v -0.52937949 -0.10735099 -0.156445
v -0.51014352 -0.10972999 -0.174999
v -0.52737349 -0.11464899 -0.17505799
v -0.5414905 -0.12436999 -0.17234999
v -0.52486748 -0.11963899 -0.19470799
v -0.53994048 -0.13022499 -0.19299999
v -0.5517875 -0.144732 -0.188291
v -0.53861451 -0.134545 -0.21376699
v -0.55138952 -0.14999899 -0.21030299
v -0.56054151 -0.16796999 -0.20552699
v -0.56042647 -0.16229799 -0.181503
v -0.56531149 -0.187152 -0.200758
v -0.56531149 -0.187152 -0.200758
v -0.5651105 -0.181301 -0.17474899
v -0.5651105 -0.181301 -0.17474899
v -0.56698251 -0.20542799 -0.197421
v -0.5670085 -0.20011599 -0.17001699
v -0.56731248 -0.220589 -0.19594499
v -0.56738353 -0.21599099 -0.167606
v -0.56747651 -0.233101 -0.19558299
v -0.56753248 -0.22962999 -0.166623
v -0.56768548 -0.241459 -0.19574799
v -0.56771749 -0.238859 -0.16662499
v -0.56769049 -0.23572199 -0.13732399
v -0.56798053 -0.246923 -0.166833
v -0.56798053 -0.246923 -0.166833
v -0.5679515 -0.24425499 -0.137603
v -0.5678795 -0.241339 -0.10838399
v -0.56858051 -0.25245702 -0.137917
v -0.56858051 -0.25245702 -0.137917
v -0.56868649 -0.24999799 -0.10885999
v -0.56868649 -0.24999799 -0.10885999
v -0.5680595 -0.24783999 -0.080028996
v -0.5680595 -0.24783999 -0.080028996
v -0.57048851 -0.25810599 -0.109309
v -0.56923151 -0.25646198 -0.080541991
v -0.5755015 -0.26404601 -0.10971499
v -0.57362449 -0.26309699 -0.080937997
v -0.57185149 -0.26193702 -0.052482992
v -0.58104849 -0.26596999 -0.081339993
v -0.57905447 -0.26567799 -0.052813992
v -0.57741952 -0.264961 -0.024835993
v -0.58734453 -0.26675397 -0.053128995
v -0.58589453 -0.26644301 -0.024974992
v -0.5848105 -0.26609802 0.0029950067
v -0.59489048 -0.266931 -0.025180994
v -0.59424448 -0.26637 0.0030110069
v -0.5938555 -0.261392 0.030972008
v -0.60422152 -0.266451 0.0029560067
v -0.60412949 -0.26142901 0.031027008
v -0.60344052 -0.25937599 0.059981007
v -0.61787951 -0.261352 0.031062007
v -0.6175245 -0.259372 0.060123008
v -0.61687452 -0.25372499 0.089556009
v -0.63395548 -0.25950402 0.060143005
v -0.6337055 -0.25362498 0.089441009
v -0.65397352 -0.25356501 0.089294009
v -0.65380448 -0.241698 0.117355
v -0.65375352 -0.22776899 0.144509
v -0.65375352 -0.22776899 0.144509
v -0.67758751 -0.24200699 0.11704501
v -0.6778425 -0.227883 0.14383
v -0.6778425 -0.227883 0.14383
v -0.67851949 -0.206212 0.16542101
v -0.70364249 -0.22827899 0.14311901
v -0.70364249 -0.22827899 0.14311901
v -0.70421052 -0.207031 0.16488801
v -0.70558453 -0.181687 0.182372
v -0.72983748 -0.20780499 0.16438301
v -0.73094052 -0.18253699 0.181959
v -0.73293149 -0.154918 0.195344
v -0.7560935 -0.183139 0.18147601
v -0.75762248 -0.15540099 0.195271
v -0.75964749 -0.12545 0.20361601
v -0.78218949 -0.155692 0.19499101
v -0.7838105 -0.12543599 0.20341
v -0.78560853 -0.095014989 0.21201201
v -0.80796748 -0.125269 0.20329201
v -0.80952251 -0.094782993 0.21178801
v -0.81077051 -0.063458994 0.216959
v -0.83358651 -0.094508991 0.211511
v -0.8346175 -0.063155994 0.21623601
v -0.83491451 -0.031642992 0.220181
v -0.8585915 -0.062830992 0.21513601
v -0.85888952 -0.031493992 0.21905401
v -0.88270348 -0.031224994 0.215773
v -0.90556753 -0.030680994 0.20921201
v -0.9243775 -0.029483993 0.19491401
v -0.9243775 -0.029483993 0.19491401
v -0.90563053 -0.061185993 0.205953
v -0.92451948 -0.058923993 0.19162501
v -0.92451948 -0.058923993 0.19162501
v -0.90492052 -0.091450997 0.200543
v -0.92422348 -0.088001996 0.18657301
v -0.92422348 -0.088001996 0.18657301
v -0.90378249 -0.12093999 0.19267301
v -0.9234075 -0.11649299 0.17931001
v -0.9234075 -0.11649299 0.17931001
v -0.90322948 -0.15043299 0.18386701
v -0.90322948 -0.15043299 0.18386701
v -0.92256552 -0.144642 0.17081201
v -0.92256552 -0.144642 0.17081201
v -0.9351185 -0.13625999 0.15215601
v -0.92182553 -0.17112499 0.15779401
v -0.93442053 -0.160202 0.14047301
v -0.94558048 -0.148599 0.12262901
v -0.93372953 -0.181357 0.124402
v -0.94521248 -0.167438 0.10856
v -0.93356049 -0.19885799 0.10437301
v -0.9449895 -0.18293999 0.091191009
v -0.93308449 -0.21155699 0.080843009
v -0.9448545 -0.19401099 0.070789009
v -0.93212348 -0.218833 0.055308007
v -0.94393849 -0.20069699 0.048325006
v -0.93133348 -0.22285499 0.029508008
v -0.91755849 -0.23581 0.062693007
v -0.91655451 -0.24001099 0.034490008
v -0.91524351 -0.242285 0.007493007
v -0.89684951 -0.25109696 0.039218009
v -0.8954705 -0.25378597 0.011025007
v -0.89411253 -0.25461698 -0.016266994
v -0.87302351 -0.25970298 0.014683006
v -0.87174147 -0.26110399 -0.013386993
v -0.87080252 -0.26148802 -0.040840995
v -0.84880149 -0.26654297 -0.010387993
v -0.84880149 -0.26654297 -0.010387993
v -0.84794849 -0.26699799 -0.038400993
v -0.84794849 -0.26699799 -0.038400993
v -0.84751952 -0.26701599 -0.066031992
v -0.84751952 -0.26701599 -0.066031992
v -0.82452548 -0.26753896 -0.036127992
v -0.8241455 -0.26748097 -0.064208992
v -0.82402349 -0.26740098 -0.092017993
v -0.80073351 -0.26753199 -0.062485993
v -0.80067849 -0.26742399 -0.090652995
v -0.80078751 -0.26733798 -0.11868499
v -0.77736449 -0.26738 -0.08934699
v -0.77757549 -0.26727897 -0.11766099
v -0.7778405 -0.26718497 -0.14595099
v -0.7544055 -0.26720798 -0.116621
v -0.75478548 -0.26711601 -0.14519599
v -0.7551285 -0.26696497 -0.17387
v -0.73186451 -0.26708502 -0.144421
v -0.73229748 -0.266949 -0.1733
v -0.73260248 -0.26676697 -0.20232899
v -0.70962453 -0.26691401 -0.172675
v -0.71000952 -0.26676899 -0.20184299
v -0.71019047 -0.26665002 -0.23127399
v -0.68764049 -0.266675 -0.201252
v -0.68789649 -0.266482 -0.23073499
v -0.68778151 -0.26634198 -0.26065698
v -0.66603351 -0.26677001 -0.23004
v -0.6659475 -0.26668 -0.25988901
v -0.66526949 -0.26667899 -0.290378
v -0.68728048 -0.26624697 -0.29138198
v -0.6641345 -0.266747 -0.32173198
v -0.68644953 -0.26626599 -0.322882
v -0.66273749 -0.26689398 -0.35375801
v -0.68540549 -0.26623702 -0.35465598
v -0.66119349 -0.26310498 -0.38624498
v -0.68441051 -0.26130098 -0.386323
v -0.65927547 -0.25057697 -0.45513201
v -0.68292648 -0.24953599 -0.455075
v -0.65950549 -0.23330699 -0.48773
v -0.65950549 -0.23330699 -0.48773
v -0.68290353 -0.23237799 -0.48703799
v -0.68290353 -0.23237799 -0.48703799
v -0.66011548 -0.20672299 -0.51378298
v -0.68340248 -0.206552 -0.51304299
v -0.66107351 -0.17560099 -0.534513
v -0.6844545 -0.17598599 -0.53371
v -0.6625815 -0.14103599 -0.54688597
v -0.68604451 -0.14128299 -0.54550999
v -0.66421348 -0.10580099 -0.55649
v -0.68729049 -0.10621499 -0.55538398
v -0.66519952 -0.070283994 -0.562567
v -0.68791151 -0.070545994 -0.56087202
v -0.66531748 -0.035077993 -0.56555802
v -0.64368749 -0.069812991 -0.56384099
v -0.64361149 -0.034779992 -0.56656802
v -0.6258105 -0.034448992 -0.56664002
v -0.44225448 -0.017244993 -0.096156992
v -0.46696651 -0.016827993 -0.096264996
v -0.44227749 -0.034275994 -0.102033
v -0.46713251 -0.033584993 -0.10205299
v -0.44229847 -0.051318992 -0.10950899
v -0.46726549 -0.050644994 -0.109423
v -0.44230348 -0.067681991 -0.11830499
v -0.4673045 -0.067005992 -0.11845399
v -0.4421975 -0.08193399 -0.12904599
v -0.46725249 -0.081329994 -0.129511
v -0.4418515 -0.094457991 -0.14052999
v -0.46709049 -0.094166994 -0.14127199
v -0.44100249 -0.10339699 -0.15409999
v -0.44100249 -0.10339699 -0.15409999
v -0.46621451 -0.10348799 -0.15521599
v -0.46621451 -0.10348799 -0.15521599
v -0.43946546 -0.10680399 -0.17014699
v -0.46430749 -0.10705899 -0.171803
v -0.4887045 -0.107765 -0.173685
v -0.46198249 -0.10881399 -0.18960699
v -0.4859215 -0.11023299 -0.19176599
v -0.5073235 -0.113162 -0.19379599
v -0.48297051 -0.11156999 -0.210513
v -0.50383049 -0.115339 -0.21298899
v -0.52222848 -0.123028 -0.214608
v -0.50087148 -0.11653699 -0.232393
v -0.51995349 -0.125369 -0.23417099
v -0.5373385 -0.13761999 -0.234294
v -0.51845747 -0.126975 -0.253739
v -0.53644753 -0.139636 -0.25463998
v -0.55043048 -0.156556 -0.25438699
v -0.5508765 -0.153871 -0.23239799
v -0.56065547 -0.174907 -0.253582
v -0.5606575 -0.17203999 -0.22948299
v -0.56530648 -0.194518 -0.25266001
v -0.56530648 -0.194518 -0.25266001
v -0.56526649 -0.19152099 -0.22673099
v -0.56526649 -0.19152099 -0.22673099
v -0.56689447 -0.212432 -0.25236198
v -0.56686848 -0.20954199 -0.22492599
v -0.56721449 -0.226347 -0.252682
v -0.56722349 -0.223923 -0.22432099
v -0.56738752 -0.23618099 -0.253223
v -0.56742048 -0.235119 -0.22438699
v -0.56756151 -0.24375299 -0.25374401
v -0.56767249 -0.242808 -0.22474599
v -0.56792748 -0.25116301 -0.25420898
v -0.56792748 -0.25116301 -0.25420898
v -0.56812352 -0.25016099 -0.22507499
v -0.56812352 -0.25016099 -0.22507499
v -0.56795651 -0.24888599 -0.195999
v -0.56795651 -0.24888599 -0.195999
v -0.56915551 -0.257191 -0.225391
v -0.56890053 -0.25618297 -0.19624099
v -0.5688765 -0.25464296 -0.167073
v -0.5688765 -0.25464296 -0.167073
v -0.57250452 -0.262214 -0.19650899
v -0.57197148 -0.26132399 -0.16733399
v -0.57118249 -0.259785 -0.138238
v -0.57781649 -0.26548499 -0.16762799
v -0.57712853 -0.26427901 -0.138579
v -0.58544451 -0.26647097 -0.16797699
v -0.5846355 -0.26609898 -0.13895199
v -0.58306849 -0.26626098 -0.110085
v -0.59251148 -0.26657802 -0.139312
v -0.59120053 -0.26667601 -0.11043999
v -0.58926648 -0.266702 -0.081688993
v -0.59971052 -0.26682597 -0.11083099
v -0.59762251 -0.26686502 -0.082053997
v -0.59579951 -0.26695997 -0.053471994
v -0.60858148 -0.26704001 -0.082492992
v -0.60633951 -0.26709098 -0.053849991
v -0.60478449 -0.26707399 -0.025402993
v -0.62153548 -0.26723301 -0.054317992
v -0.61941451 -0.26718897 -0.025700994
v -0.61846352 -0.26656002 0.0028550071
v -0.63747251 -0.267272 -0.026100993
v -0.63611048 -0.26660299 0.0026320068
v -0.6344955 -0.261352 0.030993007
v -0.65685749 -0.26666397 0.0021790068
v -0.65536952 -0.260966 0.030696008
v -0.65462053 -0.25945902 0.059986006
v -0.67935848 -0.25909197 0.029882006
v -0.6785965 -0.258587 0.059412006
v -0.67785448 -0.25289398 0.088755004
v -0.67785448 -0.25289398 0.088755004
v -0.70365548 -0.259426 0.058726005
v -0.70339251 -0.25374097 0.088046007
v -0.70339251 -0.25374097 0.088046007
v -0.70336151 -0.242533 0.11625201
v -0.72879553 -0.25440699 0.08711601
v -0.72879553 -0.25440699 0.08711601
v -0.72898149 -0.242872 0.11519501
v -0.72932249 -0.22873899 0.14225
v -0.72932249 -0.22873899 0.14225
v -0.75424647 -0.24324699 0.11394801
v -0.75465453 -0.22919899 0.14122701
v -0.75465453 -0.22919899 0.14122701
v -0.75517648 -0.208508 0.16378301
v -0.7796995 -0.22964099 0.14008
v -0.7796995 -0.22964099 0.14008
v -0.78027248 -0.209161 0.16310401
v -0.78102052 -0.18360999 0.18091801
v -0.80515552 -0.20977299 0.16240701
v -0.80515552 -0.20977299 0.16240701
v -0.8057695 -0.183874 0.180381
v -0.80667049 -0.15573099 0.194803
v -0.8303985 -0.184003 0.179882
v -0.83109152 -0.155515 0.19456501
v -0.83222151 -0.12497199 0.203133
v -0.85557848 -0.154866 0.19348201
v -0.85646051 -0.12438399 0.20226401
v -0.85779452 -0.094120994 0.21070501
v -0.88066852 -0.12315799 0.19922501
v -0.88198251 -0.09320499 0.20778
v -0.88260651 -0.062285993 0.21253401
v -0.87989151 -0.15324 0.19042
v -0.85497153 -0.18361299 0.178847
v -0.8790825 -0.18143 0.17507701
v -0.9022755 -0.17826 0.169392
v -0.9022755 -0.17826 0.169392
v -0.87864751 -0.207442 0.15642701
v -0.9016875 -0.20334099 0.15052301
v -0.92086852 -0.194686 0.139759
v -0.90050048 -0.22348799 0.126127
v -0.92000049 -0.213884 0.117102
v -0.89904851 -0.23773399 0.09814401
v -0.9188565 -0.22776599 0.090738006
v -0.89806348 -0.24701799 0.068573005
v -0.87634748 -0.24214099 0.10291301
v -0.87556851 -0.25264102 0.073189005
v -0.8741585 -0.256199 0.043411005
v -0.85204148 -0.25574601 0.077157006
v -0.85090351 -0.26011002 0.047227006
v -0.85090351 -0.26011002 0.047227006
v -0.84980452 -0.26325899 0.018121006
v -0.84980452 -0.26325899 0.018121006
v -0.82695651 -0.26028198 0.050167006
v -0.82695651 -0.26028198 0.050167006
v -0.82609248 -0.262582 0.020809006
v -0.82519352 -0.26723599 -0.0076599931
v -0.80202651 -0.26211399 0.023214007
v -0.80144453 -0.267156 -0.0053279931
v -0.8009755 -0.26756299 -0.034033991
v -0.77754849 -0.26713401 -0.0034119932
v -0.77734751 -0.26754797 -0.032216992
v -0.77729249 -0.26749998 -0.060881995
v -0.75359648 -0.26750898 -0.030635994
v -0.7537995 -0.26740599 -0.059407994
v -0.75408453 -0.26728302 -0.08806999
v -0.7302525 -0.26713496 -0.058151994
v -0.73079348 -0.26707602 -0.08688499
v -0.73131752 -0.26713198 -0.115628
v -0.70754951 -0.266388 -0.085845992
v -0.7083475 -0.26700497 -0.11471299
v -0.70906049 -0.26702797 -0.14365199
v -0.68547553 -0.26687801 -0.11384299
v -0.68639952 -0.26693201 -0.14287999
v -0.68711048 -0.26685899 -0.172006
v -0.6643725 -0.267115 -0.14214599
v -0.6651665 -0.267075 -0.171307
v -0.66562951 -0.26693702 -0.200553
v -0.64486152 -0.26720297 -0.17058599
v -0.64550853 -0.267142 -0.19980299
v -0.64586252 -0.26711398 -0.22921999
v -0.62833953 -0.26709902 -0.19903499
v -0.62856948 -0.26710498 -0.22840199
v -0.6283645 -0.26710099 -0.258093
v -0.64562953 -0.26708597 -0.258982
v -0.62761849 -0.267097 -0.28830698
v -0.64483851 -0.267057 -0.28931299
v -0.6263845 -0.26709801 -0.319327
v -0.64351952 -0.26708698 -0.320503
v -0.6248045 -0.26712596 -0.35139599
v -0.64193749 -0.267124 -0.35259798
v -0.62323451 -0.26370597 -0.38415098
v -0.64016348 -0.26347399 -0.38528898
v -0.6235615 -0.25123197 -0.45393899
v -0.6392495 -0.25082201 -0.454449
v -0.62365949 -0.233606 -0.487528
v -0.62365949 -0.233606 -0.487528
v -0.63986349 -0.23350899 -0.487683
v -0.63986349 -0.23350899 -0.487683
v -0.62325448 -0.20650499 -0.51422602
v -0.64025348 -0.20661399 -0.51404399
v -0.62367052 -0.174733 -0.53529698
v -0.64053953 -0.175128 -0.53489
v -0.62491351 -0.13968499 -0.54785401
v -0.6418525 -0.14039099 -0.54755998
v -0.62590748 -0.10448899 -0.55776399
v -0.64321953 -0.10517299 -0.55745798
v -0.6261465 -0.069311991 -0.56413001
v -0.61319852 -0.10396899 -0.55792797
v -0.6134035 -0.068884991 -0.56413597
v -0.61266851 -0.034217995 -0.56662601
v -0.60313052 -0.068569995 -0.56416899
v -0.6028415 -0.034062993 -0.56658697
v -0.59506148 -0.033913992 -0.56649899
v -0.39288348 -0.017989993 -0.09482199
v -0.41756451 -0.017696993 -0.095562994
v -0.39267451 -0.035519995 -0.10089699
v -0.41746151 -0.035001993 -0.10154499
v -0.39252651 -0.052666992 -0.10846899
v -0.4173885 -0.052069992 -0.10904999
v -0.39236552 -0.068908989 -0.117323
v -0.41730946 -0.068340994 -0.11788099
v -0.39208251 -0.083172992 -0.1274
v -0.4171105 -0.082589991 -0.12829199
v -0.39157552 -0.095117994 -0.13865499
v -0.4166435 -0.094808996 -0.13957299
v -0.39070255 -0.103687 -0.152181
v -0.39070255 -0.103687 -0.152181
v -0.4157685 -0.10352299 -0.15310799
v -0.4157685 -0.10352299 -0.15310799
v -0.3895185 -0.10657199 -0.16787399
v -0.41447252 -0.10661599 -0.16885599
v -0.3881005 -0.107201 -0.18504299
v -0.41286951 -0.10738999 -0.18618
v -0.43757755 -0.10777099 -0.187702
v -0.41123253 -0.10836399 -0.20474699
v -0.43564647 -0.10905999 -0.20628999
v -0.4596625 -0.11010599 -0.20825599
v -0.43389946 -0.10990199 -0.225045
v -0.45752349 -0.11068899 -0.227148
v -0.48013049 -0.112404 -0.229737
v -0.45559949 -0.11104999 -0.246125
v -0.4778395 -0.11300899 -0.249047
v -0.49898049 -0.11749599 -0.25182199
v -0.4761335 -0.11331899 -0.268078
v -0.49761251 -0.11822899 -0.27104199
v -0.51755452 -0.12775299 -0.27331698
v -0.49659249 -0.11830499 -0.28997698
v -0.51722348 -0.12747799 -0.29273599
v -0.53587753 -0.14043799 -0.29541498
v -0.53605348 -0.140627 -0.27507699
v -0.5501985 -0.157915 -0.298861
v -0.5502035 -0.15798 -0.27662098
v -0.56075352 -0.17697799 -0.30247298
v -0.56072253 -0.17656299 -0.27792799
v -0.56545049 -0.19720399 -0.30583099
v -0.56545049 -0.19720399 -0.30583099
v -0.56537849 -0.19644399 -0.27895999
v -0.56537849 -0.19644399 -0.27895999
v -0.5670585 -0.21557799 -0.308716
v -0.56692851 -0.214426 -0.28015599
v -0.56728452 -0.22942199 -0.31064299
v -0.56725651 -0.22801699 -0.28139299
v -0.56741452 -0.23797099 -0.31183499
v -0.56743753 -0.23732099 -0.28228599
v -0.56757849 -0.24532899 -0.31276798
v -0.56761152 -0.24474399 -0.28301999
v -0.5681175 -0.25226098 -0.313636
v -0.5681175 -0.25226098 -0.313636
v -0.56811053 -0.251917 -0.283687
v -0.56811053 -0.251917 -0.283687
v -0.5700295 -0.25849301 -0.314401
v -0.56979752 -0.25849402 -0.28433999
v -0.56918949 -0.25812197 -0.25464898
v -0.57370353 -0.26382798 -0.28493899
v -0.5732615 -0.26354897 -0.25508401
v -0.5729875 -0.26280999 -0.22571599
v -0.5797435 -0.26607502 -0.25550699
v -0.57920152 -0.26599401 -0.22604999
v -0.5785585 -0.265769 -0.19680199
v -0.5865795 -0.26676899 -0.22639799
v -0.58603048 -0.26649398 -0.19711499
v -0.59440351 -0.26691598 -0.22675899
v -0.5940035 -0.26678401 -0.19746399
v -0.59340149 -0.26668602 -0.16832499
v -0.60219449 -0.26691496 -0.19784899
v -0.60155052 -0.26684201 -0.168717
v -0.6007725 -0.26675999 -0.13972199
v -0.61357951 -0.266958 -0.16924699
v -0.61251253 -0.26689702 -0.140249
v -0.61077249 -0.266936 -0.111311
v -0.62694448 -0.26704699 -0.14084499
v -0.62557149 -0.26708502 -0.11187799
v -0.6237275 -0.26718998 -0.08302699
v -0.64263952 -0.26725298 -0.112459
v -0.64085352 -0.267335 -0.08357399
v -0.63907349 -0.26733297 -0.054804992
v -0.6616075 -0.26725101 -0.084144995
v -0.65995252 -0.26728797 -0.055375993
v -0.65836251 -0.26718402 -0.026642993
v -0.6831125 -0.26641202 -0.056118995
v -0.6817385 -0.26643699 -0.027350994
v -0.6803965 -0.265885 0.0014540069
v -0.70575649 -0.26701897 -0.028207993
v -0.70483851 -0.26664001 0.00068200682
v -0.70423752 -0.26044202 0.029199006
v -0.7292555 -0.266918 -0.00038199313
v -0.72888649 -0.26163799 0.028250007
v -0.7287305 -0.25973898 0.057685006
v -0.7534585 -0.26190901 0.026905008
v -0.75361949 -0.25987297 0.056306008
v -0.75390249 -0.25476897 0.085782006
v -0.75390249 -0.25476897 0.085782006
v -0.77827853 -0.25999397 0.054652005
v -0.77876252 -0.25504297 0.084231004
v -0.77876252 -0.25504297 0.084231004
v -0.77922249 -0.24380499 0.11259801
v -0.80341351 -0.25555497 0.082374007
v -0.80341351 -0.25555497 0.082374007
v -0.8039825 -0.24431799 0.11099701
v -0.80456251 -0.23011699 0.13888501
v -0.80456251 -0.23011699 0.13888501
v -0.82847053 -0.244784 0.10911201
v -0.82919651 -0.230445 0.13739201
v -0.82988149 -0.210209 0.161614
v -0.82988149 -0.210209 0.161614
v -0.85360652 -0.23030999 0.13520801
v -0.85451752 -0.20980999 0.16005901
v -0.85451752 -0.20980999 0.16005901
v -0.87760651 -0.22826 0.13155201
v -0.8527115 -0.24461599 0.10675601
v -0.82781547 -0.25612402 0.08008901
v -0.82781547 -0.25612402 0.08008901
v -0.80272847 -0.26007199 0.052625008
v -0.77783448 -0.26207501 0.025219006
v -0.75348848 -0.26703697 -0.0017309932
v -0.72972351 -0.26740998 -0.029287994
v -0.70667553 -0.26639098 -0.057037994
v -0.68437248 -0.26642102 -0.084911995
v -0.66318953 -0.267223 -0.11306499
v -0.64398253 -0.267196 -0.14148
v -0.62786251 -0.26708198 -0.16987699
v -0.61410451 -0.26700997 -0.19837399
v -0.60237849 -0.26697898 -0.22715899
v -0.61427152 -0.26704299 -0.22770499
v -0.60213351 -0.26698297 -0.25675699
v -0.61425549 -0.26705301 -0.25734299
v -0.6020875 -0.26695997 -0.28679499
v -0.61369151 -0.26704699 -0.287442
v -0.60148448 -0.266913 -0.317534
v -0.61262649 -0.26703 -0.31829199
v -0.6012885 -0.26698601 -0.34919998
v -0.61112553 -0.26704901 -0.350117
v -0.60122252 -0.26471299 -0.38230398
v -0.6107375 -0.264256 -0.383194
v -0.60031152 -0.25191098 -0.45286599
v -0.61096251 -0.25161898 -0.45343199
v -0.59953648 -0.233595 -0.486947
v -0.59953648 -0.233595 -0.486947
v -0.61042148 -0.23364 -0.48731101
v -0.61042148 -0.23364 -0.48731101
v -0.5995785 -0.20649099 -0.51442397
v -0.60968351 -0.20642799 -0.514386
v -0.59976649 -0.17395899 -0.53581202
v -0.61015052 -0.17431699 -0.53554398
v -0.60134751 -0.13838999 -0.54817802
v -0.6117385 -0.13902399 -0.54811901
v -0.60324252 -0.103544 -0.55808401
v -0.59270251 -0.13782699 -0.54812098
v -0.59477752 -0.103205 -0.55816102
v -0.5952335 -0.068369992 -0.564206
v -0.58695853 -0.10285299 -0.558074
v -0.58756047 -0.068134993 -0.56397402
v -0.5877825 -0.033808991 -0.56638896
v -0.58023453 -0.067878991 -0.56379896
v -0.58082652 -0.033616994 -0.56584197
v -0.57421452 -0.033353992 -0.56424701
v -0.34363753 -0.018304992 -0.093005992
v -0.36822647 -0.018160993 -0.093945995
v -0.3433665 -0.036043994 -0.099474996
v -0.36797553 -0.035849992 -0.10018099
v -0.34308851 -0.053362992 -0.10716599
v -0.36775547 -0.053074993 -0.107853
v -0.34278852 -0.069747992 -0.11603499
v -0.36752051 -0.069371991 -0.11674699
v -0.34242648 -0.083983995 -0.125662
v -0.36719751 -0.083632991 -0.12652099
v -0.34187454 -0.095658995 -0.137007
v -0.34187454 -0.095658995 -0.137007
v -0.36665052 -0.095357992 -0.137805
v -0.36665052 -0.095357992 -0.137805
v -0.34105951 -0.10409699 -0.15064399
v -0.34105951 -0.10409699 -0.15064399
v -0.36579746 -0.10386299 -0.15136999
v -0.36579746 -0.10386299 -0.15136999
v -0.33999652 -0.10642099 -0.16630499
v -0.3646825 -0.10645899 -0.16704899
v -0.3387475 -0.10699299 -0.18365699
v -0.36336851 -0.10707899 -0.18422499
v -0.33745152 -0.10763899 -0.20221499
v -0.36202747 -0.107811 -0.20272399
v -0.3866365 -0.108013 -0.20352799
v -0.3608315 -0.10883699 -0.22153999
v -0.38531351 -0.10904099 -0.22224699
v -0.40973347 -0.109401 -0.22338399
v -0.38423449 -0.109901 -0.240918
v -0.40846449 -0.11005999 -0.24201599
v -0.43236649 -0.110319 -0.24373899
v -0.40732354 -0.110383 -0.26057699
v -0.43092853 -0.110494 -0.26234299
v -0.45391551 -0.11124999 -0.26495799
v -0.42955548 -0.11059399 -0.28063399
v -0.45236549 -0.11131699 -0.28336799
v -0.47468349 -0.113406 -0.286717
v -0.4507305 -0.11122599 -0.30118901
v -0.47323349 -0.11317199 -0.30462199
v -0.4957855 -0.11745999 -0.30830199
v -0.47167552 -0.11239899 -0.32192799
v -0.49474749 -0.11567 -0.32569999
v -0.51715249 -0.12326299 -0.33007598
v -0.51742548 -0.12598699 -0.31182098
v -0.53621352 -0.13595599 -0.33567899
v -0.53601348 -0.13908999 -0.31564498
v -0.55038249 -0.153174 -0.34305498
v -0.55032551 -0.15638299 -0.32102901
v -0.5605095 -0.172684 -0.351693
v -0.5607245 -0.175928 -0.32721201
v -0.56546348 -0.19375999 -0.36048299
v -0.56546348 -0.19375999 -0.36048299
v -0.56550848 -0.19656399 -0.33307898
v -0.56550848 -0.19656399 -0.33307898
v -0.56691551 -0.212707 -0.366934
v -0.56699347 -0.21508799 -0.33767
v -0.56726348 -0.228065 -0.37103298
v -0.56726348 -0.22960599 -0.34052101
v -0.5674125 -0.236369 -0.37320098
v -0.56737852 -0.238143 -0.34210399
v -0.56758451 -0.24338299 -0.37460199
v -0.56753749 -0.24528399 -0.34318799
v -0.5679425 -0.25031 -0.37579098
v -0.5679425 -0.25031 -0.37579098
v -0.56807548 -0.25214797 -0.34412998
v -0.56807548 -0.25214797 -0.34412998
v -0.56902349 -0.25704598 -0.376912
v -0.56978852 -0.25855398 -0.34498098
v -0.57306248 -0.26171601 -0.37812498
v -0.57403952 -0.26354599 -0.345768
v -0.57447851 -0.262972 -0.315079
v -0.5803535 -0.26559901 -0.346582
v -0.58071649 -0.26511002 -0.31570598
v -0.58026153 -0.26619399 -0.28543198
v -0.58739853 -0.26635301 -0.31632999
v -0.5873695 -0.26674896 -0.285882
v -0.58702552 -0.26661199 -0.25591499
v -0.59471053 -0.266868 -0.28632799
v -0.59451252 -0.26683599 -0.256327
v -0.59440351 -0.26676399 -0.316901
v -0.58711952 -0.266366 -0.34744701
v -0.59395653 -0.26682299 -0.34829998
v -0.58597648 -0.26486599 -0.38023201
v -0.59330148 -0.265019 -0.38128099
v -0.58425653 -0.25213999 -0.45196599
v -0.5918135 -0.25209302 -0.45246199
v -0.58332253 -0.23327999 -0.48635599
v -0.58332253 -0.23327999 -0.48635599
v -0.59077549 -0.233476 -0.48673698
v -0.59077549 -0.233476 -0.48673698
v -0.58293051 -0.206452 -0.51445502
v -0.58293051 -0.206452 -0.51445502
v -0.59059948 -0.20650899 -0.51443702
v -0.58356148 -0.173263 -0.53595501
v -0.5909735 -0.17365299 -0.53600901
v -0.58545351 -0.13731599 -0.54797298
v -0.57590449 -0.17273399 -0.53546798
v -0.57825851 -0.136549 -0.54710501
v -0.57943553 -0.10235 -0.55726302
v -0.57234448 -0.135254 -0.54447299
v -0.57234448 -0.135254 -0.54447299
v -0.57234448 -0.135254 -0.54447299
v -0.57260448 -0.10135199 -0.55427498
v -0.57260448 -0.10135199 -0.55427498
v -0.57335651 -0.067348994 -0.56116998
v -0.57335651 -0.067348994 -0.56116998
v -0.56909448 -0.099705994 -0.54828697
v -0.56909448 -0.099705994 -0.54828697
v -0.56919849 -0.066362992 -0.55577201
v -0.56919849 -0.066362992 -0.55577201
v -0.56919849 -0.066362992 -0.55577201
v -0.56951553 -0.032950994 -0.56007499
v -0.56951553 -0.032950994 -0.56007499
v -0.56782651 -0.065264992 -0.54909402
v -0.56786948 -0.032506995 -0.55373001
v -0.56716752 -0.031963993 -0.54702598
v -0.29477447 -0.018410994 -0.091314994
v -0.31913549 -0.018363994 -0.092154995
v -0.29451251 -0.036224995 -0.09783899
v -0.31885654 -0.036167994 -0.098693997
v -0.29416353 -0.053688992 -0.10562399
v -0.31855351 -0.053561993 -0.10641599
v -0.29378253 -0.070164993 -0.11452899
v -0.31821054 -0.069990993 -0.11529099
v -0.29336852 -0.084561996 -0.12416799
v -0.31781548 -0.084247991 -0.12496399
v -0.29280949 -0.096277989 -0.13562699
v -0.29280949 -0.096277989 -0.13562699
v -0.31726551 -0.095945992 -0.13637099
v -0.31726551 -0.095945992 -0.13637099
v -0.29202551 -0.1045 -0.14925699
v -0.29202551 -0.1045 -0.14925699
v -0.3164795 -0.10434899 -0.15002799
v -0.3164795 -0.10434899 -0.15002799
v -0.29100651 -0.10655499 -0.16524899
v -0.31544846 -0.10654599 -0.165767
v -0.28984851 -0.10689799 -0.182861
v -0.31423646 -0.10694699 -0.183221
v -0.28870249 -0.10738499 -0.20161699
v -0.31301951 -0.107517 -0.20187499
v -0.28776246 -0.108542 -0.220662
v -0.31197149 -0.10862299 -0.22083299
v -0.33638549 -0.10870399 -0.22111699
v -0.31119853 -0.109795 -0.239813
v -0.33549649 -0.10979299 -0.239978
v -0.35987252 -0.10982899 -0.24031399
v -0.33481747 -0.11052399 -0.25876001
v -0.35905451 -0.11042599 -0.258944
v -0.38329846 -0.11038999 -0.259514
v -0.35822749 -0.11081299 -0.277336
v -0.38232851 -0.11067999 -0.27774701
v -0.40612149 -0.11055999 -0.27881199
v -0.38116151 -0.11082699 -0.29535601
v -0.40480548 -0.11059699 -0.296287
v -0.42806548 -0.110539 -0.29824799
v -0.40327054 -0.110402 -0.311674
v -0.4262495 -0.110269 -0.314522
v -0.44893351 -0.11088999 -0.31818199
v -0.42382449 -0.108514 -0.33004099
v -0.44665551 -0.10942899 -0.33440399
v -0.46992052 -0.11057299 -0.33852801
v -0.4443745 -0.10263199 -0.348712
v -0.4684765 -0.10504699 -0.35334501
v -0.49239451 -0.10811 -0.35751098
v -0.4935165 -0.112703 -0.34217501
v -0.51533949 -0.113484 -0.362836
v -0.51631051 -0.11923999 -0.34715998
v -0.53546047 -0.123964 -0.37092498
v -0.53587252 -0.13103099 -0.35409498
v -0.5506205 -0.13923199 -0.382341
v -0.55048847 -0.14747599 -0.36374098
v -0.56024951 -0.15798099 -0.39609399
v -0.56031948 -0.16681999 -0.375025
v -0.56508052 -0.17787199 -0.410335
v -0.56508052 -0.17787199 -0.410335
v -0.56534451 -0.18763699 -0.38651401
v -0.56534451 -0.18763699 -0.38651401
v -0.56666249 -0.196486 -0.42247099
v -0.56679851 -0.20699799 -0.39569899
v -0.56718552 -0.21129799 -0.43075299
v -0.56723851 -0.22244599 -0.401941
v -0.56749052 -0.222571 -0.43659499
v -0.56745851 -0.232217 -0.40525699
v -0.56774449 -0.229784 -0.44031
v -0.56762052 -0.23924799 -0.40740401
v -0.5679965 -0.236655 -0.44358
v -0.56785148 -0.246281 -0.40936899
v -0.56846148 -0.24305199 -0.44670698
v -0.56846148 -0.24305199 -0.44670698
v -0.56826049 -0.25332999 -0.41120699
v -0.5692445 -0.24902999 -0.44972798
v -0.57660949 -0.25195897 -0.45148
v -0.57890248 -0.26403201 -0.37921
v -0.56935352 -0.23051599 -0.48354
v -0.57595348 -0.23317999 -0.48581299
v -0.56929952 -0.204273 -0.51177299
v -0.56929952 -0.204273 -0.51177299
v -0.56929952 -0.204273 -0.51177299
v -0.57543248 -0.20626199 -0.514193
v -0.57543248 -0.20626199 -0.514193
v -0.56883848 -0.17116499 -0.53290701
v -0.56883848 -0.17116499 -0.53290701
v -0.56811851 -0.199956 -0.50654101
v -0.56811851 -0.199956 -0.50654101
v -0.56777251 -0.16788 -0.52677101
v -0.56893349 -0.133224 -0.539132
v -0.56893349 -0.133224 -0.539132
v -0.56743348 -0.16422699 -0.51989198
v -0.56761152 -0.130889 -0.53250897
v -0.5678125 -0.097910993 -0.54167801
v -0.5672515 -0.128281 -0.52520502
v -0.56720251 -0.09608499 -0.534661
v -0.56731153 -0.064066991 -0.542238
v -0.56708848 -0.09421999 -0.52778
v -0.56702352 -0.062858991 -0.53521401
v -0.56676352 -0.031418994 -0.53968298
v -0.56688148 -0.061333992 -0.52587897
v -0.56653351 -0.030774994 -0.53106201
v -0.56627548 -0.029598992 -0.51584101
v -0.24646348 -0.018191993 -0.089572996
v -0.27054948 -0.018323993 -0.090478994
v -0.24614948 -0.036094993 -0.095970996
v -0.27025151 -0.036175992 -0.096980996
v -0.24579352 -0.053819992 -0.10389099
v -0.26991349 -0.053770993 -0.10475599
v -0.24535948 -0.070533991 -0.11296799
v -0.26950049 -0.07034599 -0.11376999
v -0.24486047 -0.085027993 -0.12242799
v -0.26905149 -0.084819995 -0.12335299
v -0.24420553 -0.09679199 -0.13404
v -0.24420553 -0.09679199 -0.13404
v -0.26846451 -0.096601993 -0.13485
v -0.26846451 -0.096601993 -0.13485
v -0.24340349 -0.10469999 -0.14815299
v -0.24340349 -0.10469999 -0.14815299
v -0.26767248 -0.10461999 -0.148699
v -0.26767248 -0.10461999 -0.148699
v -0.24245054 -0.10661799 -0.164371
v -0.26667851 -0.10659299 -0.16475199
v -0.24140447 -0.10681099 -0.18242
v -0.26556152 -0.10686799 -0.18258999
v -0.24043447 -0.107155 -0.201381
v -0.26450449 -0.10733099 -0.20143999
v -0.23962349 -0.10832299 -0.22056699
v -0.2636385 -0.10844599 -0.220587
v -0.23904151 -0.10964499 -0.23978199
v -0.26300853 -0.10971899 -0.23973399
v -0.28705353 -0.10975199 -0.23974299
v -0.26258051 -0.11062999 -0.25883299
v -0.28656548 -0.11064799 -0.258726
v -0.31064451 -0.11057999 -0.25869501
v -0.28618854 -0.111077 -0.277383
v -0.31012851 -0.11102299 -0.27726498
v -0.33414847 -0.11092799 -0.277228
v -0.30965549 -0.11129499 -0.29515401
v -0.33345348 -0.11119799 -0.29493499
v -0.35731649 -0.111035 -0.29489601
v -0.33286852 -0.111288 -0.30979699
v -0.35645348 -0.11108799 -0.309681
v -0.37994051 -0.11076099 -0.31020099
v -0.35551554 -0.10938399 -0.323764
v -0.37844652 -0.10909899 -0.32458898
v -0.40119451 -0.108661 -0.326507
v -0.37678546 -0.10051199 -0.33761901
v -0.39893252 -0.10061299 -0.34027198
v -0.4212665 -0.10124699 -0.34409699
v -0.39771152 -0.090713993 -0.354276
v -0.41992551 -0.092264995 -0.35764399
v -0.44320649 -0.094632991 -0.361689
v -0.42043346 -0.082650997 -0.37099099
v -0.44367152 -0.085089996 -0.37397701
v -0.44367152 -0.085089996 -0.37397701
v -0.4678835 -0.087765992 -0.37788698
v -0.4678835 -0.087765992 -0.37788698
v -0.4675895 -0.097711995 -0.36646399
v -0.4919115 -0.090506993 -0.38254899
v -0.4919115 -0.090506993 -0.38254899
v -0.49162951 -0.10116899 -0.37138599
v -0.51487648 -0.094765991 -0.38876501
v -0.51487648 -0.094765991 -0.38876501
v -0.51469851 -0.10571499 -0.376845
v -0.53575653 -0.10251199 -0.398341
v -0.53541148 -0.11437 -0.38548398
v -0.5512625 -0.11523099 -0.41295099
v -0.55087048 -0.12846699 -0.398743
v -0.56038749 -0.13146199 -0.43107
v -0.56025851 -0.14598899 -0.414924
v -0.56531447 -0.148738 -0.44964698
v -0.56531447 -0.148738 -0.44964698
v -0.5650515 -0.164968 -0.43154198
v -0.5650515 -0.164968 -0.43154198
v -0.56704849 -0.16406499 -0.46590701
v -0.56679952 -0.182303 -0.44579899
v -0.5673095 -0.17503399 -0.47777
v -0.56723452 -0.19594699 -0.45656699
v -0.56744349 -0.18422899 -0.48753101
v -0.5674665 -0.20568399 -0.46423599
v -0.56756848 -0.18994199 -0.494468
v -0.5676465 -0.21258199 -0.46997601
v -0.56769753 -0.19486099 -0.500512
v -0.5678665 -0.21878399 -0.474971
v -0.5683105 -0.22482599 -0.47948501
v -0.5683105 -0.22482599 -0.47948501
v -0.5673365 -0.160405 -0.51266098
v -0.56729048 -0.156261 -0.505081
v -0.56713748 -0.12549399 -0.51768202
v -0.56724352 -0.14987899 -0.494663
v -0.56713748 -0.12151299 -0.507824
v -0.56708348 -0.09164799 -0.51814198
v -0.56708348 -0.11547899 -0.49452898
v -0.56696349 -0.087520994 -0.50409997
v -0.56670147 -0.058830991 -0.511226
v -0.56536752 -0.081425995 -0.486682
v -0.56515849 -0.055143993 -0.49361598
v -0.56476551 -0.027880993 -0.49793598
v -0.56015551 -0.049591992 -0.47280899
v -0.56015551 -0.049591992 -0.47280899
v -0.55987251 -0.025117993 -0.477552
v -0.55987251 -0.025117993 -0.477552
v -0.5503965 -0.021460993 -0.45737898
v -0.5503965 -0.021460993 -0.45737898
v -0.19848853 -0.018064993 -0.087728992
v -0.22243851 -0.018104993 -0.088613994
v -0.1982435 -0.036045995 -0.094073996
v -0.22215348 -0.036015995 -0.094988994
v -0.19788152 -0.053983994 -0.10201599
v -0.22179049 -0.053874992 -0.10297599
v -0.19740254 -0.070825994 -0.111118
v -0.22132951 -0.07072299 -0.11200999
v -0.19680554 -0.085391991 -0.12075099
v -0.22076946 -0.085182995 -0.12159999
v -0.19608647 -0.096986994 -0.13280699
v -0.19608647 -0.096986994 -0.13280699
v -0.22006649 -0.096862994 -0.133388
v -0.22006649 -0.096862994 -0.133388
v -0.19528049 -0.10478399 -0.147322
v -0.19528049 -0.10478399 -0.147322
v -0.21925652 -0.10475999 -0.14771399
v -0.21925652 -0.10475999 -0.14771399
v -0.19436848 -0.10655999 -0.16387899
v -0.21835852 -0.10660399 -0.16407099
v -0.19340247 -0.106686 -0.182322
v -0.2173605 -0.10675 -0.18233599
v -0.19252551 -0.106994 -0.20146199
v -0.21643347 -0.107044 -0.20138399
v -0.19179952 -0.10818199 -0.220718
v -0.21569848 -0.108225 -0.22061799
v -0.1912775 -0.109648 -0.23992699
v -0.21515054 -0.10960499 -0.23984799
v -0.19089252 -0.11059799 -0.25904399
v -0.2147705 -0.11059799 -0.259027
v -0.23866349 -0.11062599 -0.25895998
v -0.21452951 -0.1111 -0.277922
v -0.2384125 -0.11108999 -0.27776799
v -0.26229054 -0.11110799 -0.27755299
v -0.23827249 -0.11136699 -0.29577199
v -0.26208848 -0.11139099 -0.29557198
v -0.28588253 -0.111343 -0.295232
v -0.26197153 -0.111476 -0.31095698
v -0.28567153 -0.11141299 -0.31046799
v -0.30929452 -0.11130899 -0.31009999
v -0.28551048 -0.10925699 -0.32462201
v -0.30897349 -0.10928299 -0.324074
v -0.33230752 -0.10936699 -0.32370999
v -0.30864054 -0.10091799 -0.33578598
v -0.33170348 -0.10101099 -0.335511
v -0.35444349 -0.10082699 -0.336007
v -0.33117253 -0.090345994 -0.34963098
v -0.35362047 -0.090143993 -0.35014099
v -0.37574154 -0.090132996 -0.351715
v -0.35348451 -0.07962399 -0.365686
v -0.37566954 -0.079807997 -0.366795
v -0.39787954 -0.080687992 -0.36863101
v -0.37653351 -0.070608996 -0.38063398
v -0.37653351 -0.070608996 -0.38063398
v -0.3991825 -0.071099997 -0.381816
v -0.3991825 -0.071099997 -0.381816
v -0.4221735 -0.072206996 -0.383376
v -0.40091354 -0.058955994 -0.39133999
v -0.42419153 -0.059158992 -0.39228699
v -0.44746155 -0.059849992 -0.39361599
v -0.44544047 -0.073847994 -0.38526198
v -0.44544047 -0.073847994 -0.38526198
v -0.47062251 -0.060731992 -0.39573699
v -0.4691675 -0.075413994 -0.387766
v -0.49374151 -0.062659994 -0.40024099
v -0.4928115 -0.077428997 -0.39189899
v -0.5161975 -0.066462994 -0.40794399
v -0.5161975 -0.066462994 -0.40794399
v -0.5156185 -0.08150699 -0.39895201
v -0.5156185 -0.08150699 -0.39895201
v -0.53651053 -0.072413996 -0.41930199
v -0.53651053 -0.072413996 -0.41930199
v -0.53639853 -0.088463992 -0.40948999
v -0.55151749 -0.082248993 -0.43607301
v -0.55164552 -0.09975899 -0.42541498
v -0.56060952 -0.094652995 -0.45649299
v -0.56060952 -0.094652995 -0.45649299
v -0.56058449 -0.11435099 -0.44490698
v -0.56058449 -0.11435099 -0.44490698
v -0.56550151 -0.10663399 -0.47718298
v -0.5654825 -0.12943499 -0.46498001
v -0.5654825 -0.12943499 -0.46498001
v -0.56707948 -0.141609 -0.48202801
v -0.56037849 -0.072802991 -0.46576798
v -0.55111849 -0.06304799 -0.44511199
v -0.55077952 -0.042717993 -0.45241401
v -0.53626251 -0.054882992 -0.427885
v -0.53626251 -0.054882992 -0.427885
v -0.53597051 -0.036481991 -0.434818
v -0.53597051 -0.036481991 -0.434818
v -0.53534448 -0.018072993 -0.43970901
v -0.53534448 -0.018072993 -0.43970901
v -0.51648551 -0.032519992 -0.42179701
v -0.51589352 -0.015825992 -0.42682099
v -0.49443752 -0.014682993 -0.41817299
v -0.15097147 -0.018301994 -0.086000994
v -0.17467147 -0.018156992 -0.086793996
v -0.15069848 -0.036431994 -0.09242399
v -0.17442751 -0.036191992 -0.093235992
v -0.15033048 -0.054401994 -0.10034899
v -0.1740585 -0.054167993 -0.101124
v -0.14983749 -0.071192995 -0.10961999
v -0.17356348 -0.070977993 -0.11032699
v -0.14926749 -0.085628994 -0.119569
v -0.17297351 -0.085505992 -0.12004799
v -0.14856952 -0.097454995 -0.131689
v -0.14856952 -0.097454995 -0.131689
v -0.17224354 -0.097233996 -0.13221599
v -0.17224354 -0.097233996 -0.13221599
v -0.14771652 -0.104798 -0.14668299
v -0.14771652 -0.104798 -0.14668299
v -0.17142451 -0.10481999 -0.14698699
v -0.17142451 -0.10481999 -0.14698699
v -0.14674652 -0.10640299 -0.163645
v -0.17051548 -0.10648699 -0.16376199
v -0.14574951 -0.10652899 -0.18244699
v -0.16955048 -0.10659 -0.18238299
v -0.14482552 -0.106874 -0.20173299
v -0.16865951 -0.10693 -0.20158699
v -0.14406747 -0.108252 -0.22101699
v -0.1679225 -0.10820099 -0.22083999
v -0.14349949 -0.10977599 -0.24022999
v -0.16738254 -0.10965899 -0.24003699
v -0.14309049 -0.110769 -0.25934699
v -0.16699851 -0.110659 -0.25912601
v -0.1427905 -0.11119999 -0.27827799
v -0.16673249 -0.11113999 -0.27807
v -0.19063848 -0.11110599 -0.27798098
v -0.16661048 -0.111389 -0.29666901
v -0.19054651 -0.11138199 -0.29639
v -0.21442151 -0.11136099 -0.29605699
v -0.19054347 -0.111375 -0.312327
v -0.2143935 -0.111454 -0.31186199
v -0.2382105 -0.11143199 -0.31138599
v -0.21442652 -0.108927 -0.32635599
v -0.23819852 -0.10905899 -0.32574698
v -0.26190454 -0.10914599 -0.32521099
v -0.23816353 -0.10066299 -0.33752701
v -0.26180154 -0.10075899 -0.336889
v -0.28530854 -0.10084199 -0.336317
v -0.26171452 -0.09029299 -0.35074699
v -0.28513151 -0.090451993 -0.35017198
v -0.3083185 -0.090440996 -0.349702
v -0.28509349 -0.079860993 -0.36577898
v -0.30822152 -0.079858996 -0.365401
v -0.33101648 -0.079768993 -0.36530599
v -0.3083995 -0.070785992 -0.379152
v -0.33130151 -0.070646994 -0.379246
v -0.3540085 -0.070501991 -0.37972
v -0.3540085 -0.070501991 -0.37972
v -0.33173352 -0.060584992 -0.39030498
v -0.35474151 -0.059834994 -0.39038798
v -0.3777715 -0.059112992 -0.390652
v -0.40223151 -0.044593994 -0.396575
v -0.42617851 -0.029584993 -0.403492
v -0.42553753 -0.044469994 -0.397854
v -0.44921049 -0.029435992 -0.40548199
v -0.44865349 -0.044697993 -0.39978698
v -0.47199652 -0.029518994 -0.40857899
v -0.47151849 -0.045227993 -0.40263799
v -0.4946295 -0.030309994 -0.41354698
v -0.49441451 -0.046821993 -0.40768698
v -0.5166415 -0.049760994 -0.41551998
v -0.4720895 -0.014263993 -0.41292998
v -0.4492965 -0.014545993 -0.41027498
v -0.42634052 -0.014896994 -0.40845901
v -0.1039235 -0.018555993 -0.084416993
v -0.1273765 -0.018478993 -0.08516299
v -0.10369951 -0.036841992 -0.091120996
v -0.12711948 -0.036664993 -0.09173499
v -0.10333949 -0.055017993 -0.099154994
v -0.12675649 -0.054679994 -0.09973599
v -0.10283148 -0.071951993 -0.10849699
v -0.12626451 -0.07150799 -0.10906299
v -0.1022405 -0.086620994 -0.11847699
v -0.12568951 -0.086104997 -0.11892899
v -0.10149848 -0.09815599 -0.13085499
v -0.10149848 -0.09815599 -0.13085499
v -0.12499148 -0.097828992 -0.131184
v -0.12499148 -0.097828992 -0.131184
v -0.10057151 -0.10498599 -0.14610599
v -0.10057151 -0.10498599 -0.14610599
v -0.12411052 -0.10494899 -0.146339
v -0.12411052 -0.10494899 -0.146339
v -0.09949249 -0.10639999 -0.16326499
v -0.12308353 -0.10637199 -0.163489
v -0.098343492 -0.10642999 -0.182457
v -0.1220125 -0.10649899 -0.18246499
v -0.097280502 -0.10679099 -0.202071
v -0.12103647 -0.10695799 -0.20187399
v -0.096373498 -0.108349 -0.22159399
v -0.12022048 -0.10831299 -0.22125599
v -0.095688522 -0.10996199 -0.240955
v -0.1196115 -0.10987099 -0.240531
v -0.095180511 -0.11090299 -0.260171
v -0.11915851 -0.11085699 -0.25969398
v -0.094805479 -0.11126699 -0.27909699
v -0.11882252 -0.11122299 -0.27863398
v -0.094564497 -0.11143299 -0.297566
v -0.11862552 -0.11140899 -0.297198
v -0.14262348 -0.11142399 -0.29693601
v -0.11854148 -0.111403 -0.31372499
v -0.14260852 -0.11139499 -0.31322899
v -0.16660947 -0.11133299 -0.31277099
v -0.14267749 -0.10887399 -0.32825801
v -0.16667348 -0.10882699 -0.32766101
v -0.19058549 -0.10884 -0.327016
v -0.16668248 -0.100095 -0.33993998
v -0.19058251 -0.10030099 -0.33908001
v -0.21442252 -0.10050999 -0.33824798
v -0.19058549 -0.089700989 -0.35308701
v -0.21441251 -0.089883991 -0.3522
v -0.23812753 -0.090141997 -0.35143
v -0.2144475 -0.07932999 -0.36782798
v -0.23815751 -0.079589993 -0.36700401
v -0.26172048 -0.079759993 -0.366335
v -0.23825949 -0.070697993 -0.38056698
v -0.2618205 -0.070819996 -0.379897
v -0.28520948 -0.07082399 -0.37943399
v -0.26197249 -0.061623994 -0.39136198
v -0.26197249 -0.061623994 -0.39136198
v -0.28539854 -0.061396994 -0.39074799
v -0.28539854 -0.061396994 -0.39074799
v -0.30864549 -0.061102994 -0.39034599
v -0.30864549 -0.061102994 -0.39034599
v -0.28549349 -0.047644991 -0.39636999
v -0.30882549 -0.047205992 -0.39602
v -0.30904347 -0.032557994 -0.40163299
v -0.30921954 -0.016611993 -0.407222
v -0.08070749 -0.018566994 -0.083805993
v -0.057537496 -0.037193991 -0.089860991
v -0.080506504 -0.037005994 -0.090482995
v -0.05707252 -0.055729993 -0.098076992
v -0.08010751 -0.055378992 -0.098566994
v -0.056448519 -0.072914995 -0.107697
v -0.079557478 -0.072413996 -0.10811
v -0.055735528 -0.087801993 -0.117718
v -0.055735528 -0.087801993 -0.117718
v -0.078908503 -0.087240994 -0.118109
v -0.054846525 -0.098793991 -0.130477
v -0.054846525 -0.098793991 -0.130477
v -0.078093469 -0.09851899 -0.13062799
v -0.078093469 -0.09851899 -0.13062799
v -0.05379349 -0.105272 -0.14579599
v -0.05379349 -0.105272 -0.14579599
v -0.077123523 -0.10513499 -0.14591199
v -0.077123523 -0.10513499 -0.14591199
v -0.052589476 -0.10643499 -0.16296199
v -0.076010525 -0.10643699 -0.16306999
v -0.051194489 -0.106309 -0.182588
v -0.074757516 -0.10638199 -0.182478
v -0.049796522 -0.10677699 -0.20268899
v -0.073552489 -0.10680399 -0.20232499
v -0.048586488 -0.10842799 -0.22254099
v -0.072510481 -0.10839399 -0.222013
v -0.047641516 -0.110103 -0.24218799
v -0.071704507 -0.11000599 -0.24150799
v -0.046942532 -0.11096499 -0.261619
v -0.071122527 -0.11095499 -0.260804
v -0.046439528 -0.11134499 -0.280662
v -0.070700526 -0.11130299 -0.27974299
v -0.046132505 -0.111536 -0.29907399
v -0.070443511 -0.11147899 -0.298105
v -0.045995474 -0.11151699 -0.31518799
v -0.070290506 -0.111403 -0.31460699
v -0.094455481 -0.11124099 -0.31416801
v -0.070224524 -0.10862099 -0.329826
v -0.094433486 -0.10881199 -0.32939398
v -0.11857748 -0.10887399 -0.328859
v -0.094461501 -0.09980499 -0.34202299
v -0.11864251 -0.099825993 -0.34140199
v -0.14270949 -0.099936992 -0.34070501
v -0.11864352 -0.089233994 -0.35546598
v -0.14271748 -0.089287996 -0.354727
v -0.16669053 -0.089429989 -0.35389799
v -0.14267051 -0.078803994 -0.36998498
v -0.1666925 -0.078945994 -0.36925599
v -0.19061351 -0.079144992 -0.368534
v -0.16668147 -0.070399992 -0.382265
v -0.19068247 -0.070479997 -0.38182798
v -0.21452749 -0.070601992 -0.381237
v -0.19075549 -0.061301991 -0.39284399
v -0.19075549 -0.061301991 -0.39284399
v -0.21466249 -0.061328992 -0.392308
v -0.2383725 -0.061390992 -0.39175898
v -0.2383725 -0.061390992 -0.39175898
v -0.21467948 -0.048085991 -0.397782
v -0.23842752 -0.047980994 -0.39727399
v -0.26203251 -0.047863994 -0.396779
v -0.2385025 -0.033407994 -0.40286198
v -0.26212549 -0.033313993 -0.40237299
v -0.28564554 -0.033028994 -0.40193999
v -0.26223153 -0.017054994 -0.408178
v -0.28576046 -0.016876994 -0.407617
v -0.23860651 -0.017089993 -0.40874699
v -0.012913525 -0.018624993 -0.08219599
v -0.035130501 -0.018633993 -0.082768992
v -0.01246351 -0.037380993 -0.088751994
v -0.03480351 -0.037348993 -0.089311995
v -0.011718512 -0.056393992 -0.097187996
v -0.034244478 -0.056066994 -0.097660996
v -0.010822475 -0.073959991 -0.10697699
v -0.033531487 -0.073439993 -0.10730999
v -0.0099084973 -0.088866994 -0.11710599
v -0.0099084973 -0.088866994 -0.11710599
v -0.03273648 -0.088334993 -0.11741599
v -0.03273648 -0.088334993 -0.11741599
v -0.0088185072 -0.099493995 -0.130009
v -0.0317415 -0.099156991 -0.130255
v -0.0075144768 -0.10539399 -0.14554499
v -0.0075144768 -0.10539399 -0.14554499
v -0.030580521 -0.10525999 -0.145687
v -0.030580521 -0.10525999 -0.145687
v -0.0060005188 -0.10637299 -0.16291
v -0.029250503 -0.10641599 -0.16292499
v -0.004096508 -0.10622899 -0.18311599
v -0.027650476 -0.106263 -0.18283099
v -0.0021175146 -0.106539 -0.203578
v -0.02601552 -0.106658 -0.20313099
v -0.00036752224 -0.10838199 -0.223766
v -0.024554491 -0.108413 -0.22316299
v 0.001006484 -0.11013299 -0.24378899
v -0.023402512 -0.11015199 -0.24298099
v 0.002001524 -0.11095599 -0.26362398
v -0.022574484 -0.11099799 -0.26261699
v 0.0026865005 -0.11138299 -0.28304899
v -0.021989524 -0.11135799 -0.28181699
v 0.0030515194 -0.11161699 -0.30171499
v -0.021651506 -0.111578 -0.300327
v 0.0031884909 -0.11167699 -0.317298
v -0.021532476 -0.11151099 -0.316098
v 0.0032675266 -0.10867199 -0.331552
v -0.021464527 -0.10866699 -0.33077899
v -0.045938492 -0.108496 -0.33015898
v -0.021277487 -0.10016999 -0.34320599
v -0.045823514 -0.09994299 -0.34297299
v -0.070207477 -0.099842995 -0.34258699
v -0.045601487 -0.089465991 -0.35716799
v -0.0701015 -0.089336991 -0.356668
v -0.0944345 -0.089276992 -0.356134
v -0.069817483 -0.079048991 -0.37160099
v -0.094262481 -0.078857996 -0.37122399
v -0.11854649 -0.078743994 -0.37067899
v -0.093983471 -0.070625991 -0.38385698
v -0.11836952 -0.070502996 -0.38340899
v -0.14257747 -0.070386991 -0.38286698
v -0.11819547 -0.061296992 -0.39395899
v -0.11819547 -0.061296992 -0.39395899
v -0.14250749 -0.061197992 -0.39351499
v -0.14250749 -0.061197992 -0.39351499
v -0.16669351 -0.061259992 -0.39290899
v -0.16669351 -0.061259992 -0.39290899
v -0.14239752 -0.048564993 -0.399295
v -0.16665852 -0.048390992 -0.398783
v -0.16663951 -0.033800993 -0.40409899
v -0.1907565 -0.033601992 -0.40379098
v -0.21473247 -0.033482995 -0.40338901
v -0.19082952 -0.017208993 -0.409823
v -0.21480447 -0.017142992 -0.40931699
v -0.1667065 -0.017226992 -0.41025698
v 0.030186474 -0.018069994 -0.081163995
v 0.0089355111 -0.018508993 -0.081689991
v 0.031009495 -0.036862992 -0.087556995
v 0.0095105171 -0.037227992 -0.088159993
v 0.032222509 -0.056866992 -0.096287996
v 0.010454476 -0.056673992 -0.096739992
v 0.033628523 -0.075185992 -0.10645099
v 0.01158452 -0.074571989 -0.10668999
v 0.034987509 -0.089847989 -0.116574
v 0.034987509 -0.089847989 -0.116574
v 0.012694478 -0.08936099 -0.11684199
v 0.012694478 -0.08936099 -0.11684199
v 0.036621511 -0.100288 -0.12962799
v 0.013985515 -0.099866994 -0.12978099
v 0.038503468 -0.10555799 -0.145349
v 0.038503468 -0.10555799 -0.145349
v 0.015499473 -0.10548099 -0.145402
v 0.015499473 -0.10548099 -0.145402
v 0.040779471 -0.10635199 -0.16297099
v 0.017306507 -0.106415 -0.16298199
v 0.043691516 -0.106163 -0.18342499
v 0.019600511 -0.10620899 -0.183322
v 0.046559513 -0.10651299 -0.204071
v 0.022009492 -0.10655399 -0.203897
v 0.049012482 -0.108326 -0.22455299
v 0.024110496 -0.10831599 -0.22428299
v 0.050861478 -0.11013599 -0.244912
v 0.025750518 -0.11007699 -0.244479
v 0.052046478 -0.11102799 -0.265192
v 0.026873529 -0.11099699 -0.26450199
v 0.052769482 -0.11141599 -0.28509098
v 0.027581513 -0.111403 -0.284188
v 0.053146541 -0.11164299 -0.303886
v 0.027986526 -0.111665 -0.30306798
v 0.053285539 -0.11155 -0.31918699
v 0.028139472 -0.111697 -0.31834498
v 0.053388536 -0.10810299 -0.33312801
v 0.028248489 -0.10846199 -0.33235198
v 0.05361551 -0.09962099 -0.344991
v 0.028484523 -0.10013099 -0.344201
v 0.0034965277 -0.10030399 -0.34359699
v 0.028962493 -0.088980995 -0.359065
v 0.0039315224 -0.089486994 -0.35819399
v -0.020927489 -0.089601994 -0.357631
v 0.0046064854 -0.078847989 -0.37336299
v -0.02036953 -0.079192996 -0.37252298
v -0.045187473 -0.079225995 -0.37195501
v -0.019742489 -0.070588991 -0.385124
v -0.044680476 -0.070669994 -0.384574
v -0.06942749 -0.070664994 -0.38420001
v -0.093719482 -0.061246995 -0.39422899
v -0.068731487 -0.048149992 -0.40046299
v -0.0934605 -0.048538994 -0.40006298
v -0.11800051 -0.048679993 -0.399764
v -0.093240499 -0.033673994 -0.40529299
v -0.11785352 -0.033964992 -0.40471798
v -0.11792552 -0.017175993 -0.411154
v -0.14245254 -0.017251993 -0.41075099
v -0.093214512 -0.016972993 -0.41152999
v 0.070224464 -0.017280994 -0.07936199
v 0.05083251 -0.017564993 -0.080387995
v 0.071285546 -0.036244992 -0.085989997
v 0.05191052 -0.036420994 -0.086909994
v 0.072732508 -0.056709994 -0.094711997
v 0.053344548 -0.056855991 -0.09566199
v 0.074846447 -0.07547199 -0.104674
v 0.055013478 -0.075565994 -0.105956
v 0.077464521 -0.090511993 -0.11496799
v 0.077464521 -0.090511993 -0.11496799
v 0.056778491 -0.090287991 -0.11620799
v 0.056778491 -0.090287991 -0.11620799
v 0.080901444 -0.100853 -0.12834099
v 0.059002459 -0.10064499 -0.12938099
v 0.084949553 -0.10541699 -0.143859
v 0.084949553 -0.10541699 -0.143859
v 0.061576545 -0.10558699 -0.14516999
v 0.061576545 -0.10558699 -0.14516999
v 0.089558542 -0.106236 -0.161755
v 0.064706504 -0.10636399 -0.16282599
v 0.094309509 -0.10616399 -0.182339
v 0.068439543 -0.106185 -0.18323
v 0.098148525 -0.10651399 -0.20324899
v 0.071844518 -0.106511 -0.203934
v 0.10084444 -0.10833699 -0.22407199
v 0.074544489 -0.10834699 -0.22451799
v 0.10263044 -0.110094 -0.24487099
v 0.076465547 -0.110154 -0.24508099
v 0.10351652 -0.11103699 -0.26560998
v 0.077595532 -0.111026 -0.265517
v 0.10390455 -0.11145599 -0.28583899
v 0.07822746 -0.11143 -0.28561199
v 0.10403949 -0.11167499 -0.304636
v 0.078513443 -0.11165799 -0.30441698
v 0.10400254 -0.11156599 -0.32041401
v 0.078580439 -0.111623 -0.319895
v 0.10399455 -0.10715999 -0.334501
v 0.078661501 -0.10765199 -0.333877
v 0.10406047 -0.09778899 -0.34672898
v 0.078840554 -0.09878099 -0.34594101
v 0.1041885 -0.086004995 -0.36192799
v 0.079186499 -0.087047994 -0.36115301
v 0.05408448 -0.088130996 -0.360145
v 0.079619467 -0.076299995 -0.376376
v 0.054713547 -0.077280991 -0.37546599
v 0.029681504 -0.078186996 -0.37438199
v 0.055251539 -0.068859994 -0.387559
v 0.055251539 -0.068859994 -0.387559
v 0.030355513 -0.069741994 -0.386677
v 0.030355513 -0.069741994 -0.386677
v 0.0052984953 -0.070265993 -0.385809
v 0.030978501 -0.058315992 -0.39536899
v 0.0065515041 -0.045761991 -0.40091598
v -0.018671513 -0.046769992 -0.40095899
v -0.043784499 -0.047511995 -0.40082198
v -0.018257499 -0.031472992 -0.40637898
v -0.043438494 -0.032342993 -0.40615299
v -0.068446517 -0.033090994 -0.40584499
v -0.043245494 -0.016208993 -0.41187599
v -0.068324506 -0.016632993 -0.41172299
v -0.018027484 -0.015339993 -0.41208199
v 0.10007244 -0.018415993 -0.073708996
v 0.086413443 -0.017651994 -0.077258997
v 0.10086745 -0.037633993 -0.080478996
v 0.10086745 -0.037633993 -0.080478996
v 0.087093532 -0.036629993 -0.084095992
v 0.10206944 -0.057865992 -0.088817991
v 0.10206944 -0.057865992 -0.088817991
v 0.088333547 -0.056849994 -0.092672996
v 0.1046955 -0.076650992 -0.096870996
v 0.1046955 -0.076650992 -0.096870996
v 0.091096461 -0.075591996 -0.102084
v 0.1095615 -0.091205992 -0.105161
v 0.1095615 -0.091205992 -0.105161
v 0.094866455 -0.09062399 -0.11163199
v 0.094866455 -0.09062399 -0.11163199
v 0.11820847 -0.10027599 -0.11580399
v 0.10089749 -0.100325 -0.124093
v 0.10820454 -0.10495299 -0.13959099
v 0.10820454 -0.10495299 -0.13959099
v 0.11525053 -0.10607899 -0.15858099
v 0.12139648 -0.106126 -0.179969
v 0.15415245 -0.10645899 -0.19941999
v 0.12564749 -0.106659 -0.201786
v 0.15581554 -0.10808099 -0.221948
v 0.12811655 -0.108238 -0.22319899
v 0.15619153 -0.10997 -0.244057
v 0.12931448 -0.10992 -0.24447399
v 0.15591246 -0.11100399 -0.26572099
v 0.12969249 -0.11096399 -0.265618
v 0.15550345 -0.11149799 -0.28654099
v 0.12974244 -0.11146399 -0.28605899
v 0.15514547 -0.111688 -0.30517599
v 0.12961847 -0.11169899 -0.30481899
v 0.1548695 -0.11140699 -0.320784
v 0.12945646 -0.11146799 -0.32067999
v 0.15459853 -0.10565599 -0.334905
v 0.12935644 -0.10647699 -0.33486798
v 0.15412349 -0.095570996 -0.34748298
v 0.12919754 -0.096707992 -0.347276
v 0.15341848 -0.084135994 -0.362268
v 0.1289795 -0.085064992 -0.36225998
v 0.15265554 -0.073856995 -0.37698299
v 0.12868446 -0.074559994 -0.37700599
v 0.10428053 -0.075406991 -0.37683299
v 0.12842554 -0.06523899 -0.388455
v 0.12842554 -0.06523899 -0.388455
v 0.10433048 -0.066503994 -0.38855898
v 0.10433048 -0.066503994 -0.38855898
v 0.079940498 -0.067641996 -0.38817701
v 0.079940498 -0.067641996 -0.38817701
v 0.1042425 -0.053711992 -0.39553398
v 0.08009547 -0.055142991 -0.39555198
v 0.055710495 -0.056768995 -0.39548698
v 0.080295503 -0.040369995 -0.401281
v 0.056199491 -0.042334992 -0.401225
v 0.031679511 -0.044282991 -0.401025
v 0.0566625 -0.024446992 -0.40761
v 0.032679498 -0.027525993 -0.40710899
v 0.0070675015 -0.030023994 -0.406712
v 0.080517471 -0.022015993 -0.40776101
v 0.12101454 -0.022380993 -0.054662991
v 0.11164647 -0.020174993 -0.065965995
v 0.11164647 -0.020174993 -0.065965995
v 0.12047154 -0.043607995 -0.061814994
v 0.11210352 -0.040114991 -0.072795995
v 0.11210352 -0.040114991 -0.072795995
v 0.12128955 -0.06318599 -0.069304995
v 0.11296445 -0.060523994 -0.081247993
v 0.12379152 -0.080231994 -0.074992992
v 0.11593252 -0.078566991 -0.087946996
v 0.13046354 -0.093206994 -0.07974299
v 0.12164253 -0.092971995 -0.094394997
v 0.14251155 -0.09946999 -0.086293995
v 0.13291854 -0.10086499 -0.10346899
v 0.13485748 -0.091994993 -0.062001992
v 0.1479705 -0.097485997 -0.066578992
v 0.16275448 -0.099153996 -0.072293997
v 0.16275448 -0.099153996 -0.072293997
v 0.16508645 -0.096957996 -0.053001992
v 0.16508645 -0.096957996 -0.053001992
v 0.1856125 -0.09785299 -0.059318993
v 0.18319255 -0.10092499 -0.07983999
v 0.14940745 -0.095906995 -0.048538994
v 0.15041047 -0.09334299 -0.035061993
v 0.16680449 -0.094987996 -0.039242994
v 0.16680449 -0.094987996 -0.039242994
v 0.13664454 -0.089400992 -0.045548994
v 0.13788551 -0.085416995 -0.033829994
v 0.13383251 -0.072883993 -0.030707993
v 0.13132554 -0.076135993 -0.043030992
v 0.13127047 -0.062211994 -0.037499994
v 0.13552946 -0.061594993 -0.023241993
v 0.12867051 -0.079100996 -0.058510993
v 0.12718147 -0.064466991 -0.054360993
v 0.1277985 -0.046495993 -0.046709992
v 0.12904853 -0.024720993 -0.040068991
v 0.15178949 -0.018735994 0.022638006
v 0.14891547 -0.023768993 0.010914007
v 0.15206653 -0.031646993 0.023087006
v 0.15023547 -0.037082992 0.012499006
v 0.15498251 -0.042135995 0.022399006
v 0.15454549 -0.045114994 0.012121007
v 0.15387756 -0.047872994 0.004466007
v 0.16128153 -0.049074993 0.010372007
v 0.1594525 -0.050324991 0.0030030068
v 0.1594525 -0.050324991 0.0030030068
v 0.1570155 -0.052836992 -0.0023229932
v 0.1570155 -0.052836992 -0.0023229932
v 0.1570155 -0.052836992 -0.0023229932
v 0.15202552 -0.050757993 -0.00088899315
v 0.15202552 -0.050757993 -0.00088899315
v 0.15402156 -0.058038995 -0.0064999931
v 0.14730555 -0.055722993 -0.006965993
v 0.14730555 -0.055722993 -0.006965993
v 0.14929646 -0.066397995 -0.0084279925
v 0.14929646 -0.066397995 -0.0084279925
v 0.14060849 -0.063743994 -0.014073993
v 0.14060849 -0.063743994 -0.014073993
v 0.16227156 -0.059398994 -0.0089009926
v 0.16056448 -0.067771994 -0.0091379927
v 0.17323452 -0.060395993 -0.014045993
v 0.17359143 -0.068943992 -0.014327994
v 0.17303246 -0.077994995 -0.016102992
v 0.19081146 -0.070625991 -0.019455994
v 0.19141549 -0.079762995 -0.021843994
v 0.19012052 -0.087996989 -0.027348993
v 0.19012052 -0.087996989 -0.027348993
v 0.17075747 -0.086315989 -0.021136994
v 0.17075747 -0.086315989 -0.021136994
v 0.17075747 -0.086315989 -0.021136994
v 0.18859345 -0.093632996 -0.035758995
v 0.16867548 -0.09163399 -0.029614992
v 0.16867548 -0.09163399 -0.029614992
v 0.18691546 -0.095947996 -0.046029992
v 0.21068054 -0.094751991 -0.041725993
v 0.20951647 -0.096847996 -0.052555993
v 0.20834357 -0.098921992 -0.065799996
v 0.23355848 -0.097734995 -0.057739992
v 0.23277146 -0.10018599 -0.071959995
v 0.23085254 -0.10323499 -0.095083997
v 0.20674151 -0.10232099 -0.088249996
v 0.22782248 -0.10455399 -0.11939599
v 0.25648147 -0.103696 -0.10089699
v 0.2548545 -0.10476999 -0.12446899
v 0.25373346 -0.10548199 -0.14673899
v 0.22610456 -0.10532499 -0.142188
v 0.25455052 -0.10611899 -0.170471
v 0.22824055 -0.10598999 -0.167797
v 0.25665551 -0.10682999 -0.19660899
v 0.23230046 -0.10665099 -0.194858
v 0.20796651 -0.10656299 -0.19521099
v 0.23349553 -0.10796599 -0.220525
v 0.20880753 -0.10787799 -0.21997999
v 0.18301147 -0.107949 -0.22067599
v 0.18225449 -0.10644099 -0.19680099
v 0.20814043 -0.10981599 -0.244243
v 0.18265849 -0.10991399 -0.243866
v 0.20714957 -0.11105099 -0.26741698
v 0.18182856 -0.11102399 -0.26627198
v 0.20633751 -0.11157099 -0.28883198
v 0.18107146 -0.11153499 -0.28747401
v 0.20579153 -0.11181499 -0.30647901
v 0.18054253 -0.11179199 -0.305787
v 0.20535654 -0.11102899 -0.32131299
v 0.18014449 -0.11133499 -0.320952
v 0.20467848 -0.10348199 -0.33440799
v 0.17966646 -0.10461799 -0.334721
v 0.20328146 -0.09302599 -0.34755498
v 0.17879754 -0.094309993 -0.34752101
v 0.20099956 -0.081884995 -0.36292499
v 0.17745155 -0.08317899 -0.36234
v 0.19884354 -0.072478995 -0.37707499
v 0.17607552 -0.073240995 -0.37684599
v 0.19762355 -0.063178994 -0.388506
v 0.19762355 -0.063178994 -0.388506
v 0.17518145 -0.063918993 -0.38840699
v 0.17518145 -0.063918993 -0.38840699
v 0.15206748 -0.06460999 -0.38857698
v 0.15206748 -0.06460999 -0.38857698
v 0.17454654 -0.050950993 -0.394602
v 0.15158552 -0.051629994 -0.39498401
v 0.12810653 -0.052508995 -0.39533898
v 0.1512695 -0.037167992 -0.40030798
v 0.12789947 -0.037871994 -0.40078598
v 0.10420853 -0.038907994 -0.40116
v 0.12794644 -0.019803993 -0.40693399
v 0.10432655 -0.020534992 -0.40743598
v 0.15115649 -0.019334992 -0.40631798
v 0.15635246 -0.013937993 0.052105006
v 0.15417045 -0.015701992 0.036797006
v 0.15639955 -0.025261993 0.052448008
v 0.15422446 -0.027921993 0.037002008
v 0.15769249 -0.036585994 0.052573007
v 0.15577656 -0.039433993 0.036393005
v 0.16430551 -0.045548994 0.050858006
v 0.16318554 -0.047398992 0.034104008
v 0.16245049 -0.048376992 0.019923007
v 0.17343849 -0.049967993 0.030893005
v 0.17343849 -0.049967993 0.030893005
v 0.17158455 -0.050457992 0.016674006
v 0.17158455 -0.050457992 0.016674006
v 0.16981047 -0.050884992 0.0077280067
v 0.16981047 -0.050884992 0.0077280067
v 0.18142444 -0.050849993 0.013297006
v 0.17943555 -0.051173992 0.0041880067
v 0.17695445 -0.051729992 -0.0041159932
v 0.16704649 -0.051720992 0.00028600683
v 0.16704649 -0.051720992 0.00028600683
v 0.17421955 -0.053460993 -0.011131993
v 0.17421955 -0.053460993 -0.011131993
v 0.16425544 -0.053458992 -0.0057549933
v 0.16425544 -0.053458992 -0.0057549933
v 0.19051653 -0.051483992 -0.010418993
v 0.18815655 -0.053408992 -0.018096993
v 0.18815655 -0.053408992 -0.018096993
v 0.18880945 -0.061614994 -0.019608993
v 0.20769948 -0.053698994 -0.025721993
v 0.20769948 -0.053698994 -0.025721993
v 0.20934647 -0.062453993 -0.024951993
v 0.21166247 -0.071279995 -0.024421994
v 0.23364145 -0.064574994 -0.028361993
v 0.23504549 -0.073885992 -0.027562993
v 0.23532146 -0.083804995 -0.029797994
v 0.21244949 -0.081468992 -0.026664993
v 0.23491746 -0.091487996 -0.036865994
v 0.23491746 -0.091487996 -0.036865994
v 0.23491746 -0.091487996 -0.036865994
v 0.21175843 -0.089645997 -0.032514993
v 0.21175843 -0.089645997 -0.032514993
v 0.23420554 -0.09564399 -0.046874993
v 0.23420554 -0.09564399 -0.046874993
v 0.25873357 -0.093571991 -0.040924992
v 0.25873357 -0.093571991 -0.040924992
v 0.25873357 -0.093571991 -0.040924992
v 0.25847954 -0.096450992 -0.051265992
v 0.25847954 -0.096450992 -0.051265992
v 0.2582255 -0.098638996 -0.062086992
v 0.28304344 -0.097231992 -0.054529995
v 0.28304344 -0.097231992 -0.054529995
v 0.28332549 -0.099463992 -0.065387994
v 0.28350252 -0.10236 -0.082718991
v 0.25774556 -0.101501 -0.077479996
v 0.28301245 -0.10403699 -0.10614499
v 0.30918556 -0.103016 -0.087328993
v 0.30934054 -0.10429599 -0.111031
v 0.30902952 -0.10515499 -0.13484599
v 0.28221446 -0.10496899 -0.12958899
v 0.30860454 -0.10597299 -0.15843499
v 0.28161055 -0.10568999 -0.15247399
v 0.30819052 -0.106842 -0.182136
v 0.30819052 -0.106842 -0.182136
v 0.28159851 -0.10639299 -0.17578299
v 0.30784649 -0.10799299 -0.20666099
v 0.30784649 -0.10799299 -0.20666099
v 0.28193253 -0.107246 -0.20105299
v 0.30769247 -0.10955099 -0.23136799
v 0.30769247 -0.10955099 -0.23136799
v 0.28204352 -0.10871499 -0.226394
v 0.25738055 -0.10821299 -0.22280599
v 0.28219444 -0.11017899 -0.25117397
v 0.25715142 -0.10995899 -0.247761
v 0.23274845 -0.10984799 -0.245474
v 0.25684351 -0.11106899 -0.27155799
v 0.23202044 -0.11105599 -0.269155
v 0.25668555 -0.11164399 -0.29325798
v 0.23144847 -0.111587 -0.29075
v 0.2567485 -0.11158799 -0.309495
v 0.23108548 -0.11162699 -0.307659
v 0.25673753 -0.10891699 -0.32358199
v 0.23077649 -0.11020099 -0.32232299
v 0.25495952 -0.099917993 -0.334874
v 0.22996455 -0.102167 -0.33400699
v 0.24982446 -0.088210993 -0.35151899
v 0.2272225 -0.091060996 -0.348663
v 0.24495953 -0.077640995 -0.36798298
v 0.22348255 -0.07997299 -0.36462799
v 0.2417205 -0.069828995 -0.38159698
v 0.2417205 -0.069828995 -0.38159698
v 0.22066849 -0.071316995 -0.37851998
v 0.22066849 -0.071316995 -0.37851998
v 0.24014455 -0.060325991 -0.390672
v 0.21927553 -0.061870992 -0.389094
v 0.21927553 -0.061870992 -0.389094
v 0.2394405 -0.047320992 -0.395381
v 0.21853751 -0.048722994 -0.39426199
v 0.19693154 -0.050078992 -0.39433098
v 0.21790546 -0.034401994 -0.39928898
v 0.19636554 -0.035683993 -0.39938998
v 0.17411453 -0.036563993 -0.39984998
v 0.19606847 -0.018427992 -0.405186
v 0.17394251 -0.018933993 -0.40570998
v 0.21743649 -0.017727993 -0.40495598
v 0.16271847 -0.011329993 0.07710401
v 0.15925246 -0.012315993 0.066450007
v 0.16283947 -0.021902993 0.077340007
v 0.15950745 -0.023496993 0.06648501
v 0.16363746 -0.030764993 0.077925004
v 0.16104847 -0.033789992 0.066593006
v 0.16925246 -0.039854992 0.077899009
v 0.16695446 -0.043061994 0.065958008
v 0.17968947 -0.045226995 0.076305009
v 0.17736548 -0.047752991 0.063409008
v 0.17498356 -0.048950993 0.047462005
v 0.18917948 -0.048748992 0.059483007
v 0.18917948 -0.048748992 0.059483007
v 0.18643147 -0.049735993 0.043256007
v 0.18643147 -0.049735993 0.043256007
v 0.18413049 -0.050446995 0.027164007
v 0.18413049 -0.050446995 0.027164007
v 0.20077854 -0.049973994 0.036998007
v 0.19819146 -0.050396994 0.021919006
v 0.19567949 -0.050712992 0.0089930072
v 0.21609956 -0.050091993 0.014090007
v 0.21360248 -0.050369993 0.0019600068
v 0.21112746 -0.050653994 -0.0087259933
v 0.19307953 -0.051000994 -0.0012299932
v 0.20905048 -0.051289994 -0.018125992
v 0.23275548 -0.050112993 -0.016412992
v 0.23172456 -0.051161993 -0.025955994
v 0.23172456 -0.051161993 -0.025955994
v 0.23176855 -0.057116993 -0.031217992
v 0.23176855 -0.057116993 -0.031217992
v 0.25552648 -0.049908992 -0.031453993
v 0.25552648 -0.049908992 -0.031453993
v 0.25627548 -0.058412991 -0.033179995
v 0.25783747 -0.067088991 -0.030099994
v 0.27979249 -0.060822994 -0.033539992
v 0.28162152 -0.069587991 -0.031152993
v 0.28266948 -0.079431996 -0.031609993
v 0.25880247 -0.076607995 -0.029953994
v 0.28275853 -0.088263996 -0.036161993
v 0.28275853 -0.088263996 -0.036161993
v 0.25891954 -0.086161993 -0.033532992
v 0.28285056 -0.094538994 -0.044254992
v 0.28285056 -0.094538994 -0.044254992
v 0.28285056 -0.094538994 -0.044254992
v 0.3058725 -0.089964993 -0.036918994
v 0.3058725 -0.089964993 -0.036918994
v 0.30649954 -0.095093995 -0.045890994
v 0.30737144 -0.097734995 -0.056173991
v 0.30737144 -0.097734995 -0.056173991
v 0.32943755 -0.095743991 -0.046469994
v 0.33116943 -0.098129995 -0.057010993
v 0.33116943 -0.098129995 -0.057010993
v 0.33299154 -0.101009 -0.07058499
v 0.30832952 -0.10020799 -0.068006992
v 0.33465952 -0.10349599 -0.091536991
v 0.35785657 -0.10176599 -0.073337995
v 0.3600015 -0.10400099 -0.09562999
v 0.36086053 -0.10486999 -0.120685
v 0.33529955 -0.10456199 -0.11579199
v 0.3610875 -0.105689 -0.145991
v 0.33534151 -0.105382 -0.14021799
v 0.36069447 -0.10763899 -0.17116399
v 0.36069447 -0.10763899 -0.17116399
v 0.33499449 -0.106374 -0.16459699
v 0.33499449 -0.106374 -0.16459699
v 0.36012453 -0.11036099 -0.195942
v 0.33446354 -0.10788 -0.18888599
v 0.33446354 -0.10788 -0.18888599
v 0.35950357 -0.11157599 -0.220644
v 0.33390146 -0.109814 -0.21334599
v 0.35913652 -0.11212499 -0.24492799
v 0.33353251 -0.11065299 -0.23770599
v 0.33353251 -0.11065299 -0.23770599
v 0.35866743 -0.11244399 -0.26911598
v 0.33334154 -0.11109799 -0.26174399
v 0.33334154 -0.11109799 -0.26174399
v 0.30778652 -0.11054299 -0.25588799
v 0.33317453 -0.111421 -0.285694
v 0.33317453 -0.111421 -0.285694
v 0.30801946 -0.111201 -0.27962798
v 0.28215247 -0.11112899 -0.27489299
v 0.30795056 -0.11132199 -0.30087799
v 0.28228146 -0.11155099 -0.29628098
v 0.30787748 -0.10963199 -0.317393
v 0.30787748 -0.10963199 -0.317393
v 0.2828595 -0.11113999 -0.31214499
v 0.30536944 -0.100141 -0.33286798
v 0.30536944 -0.100141 -0.33286798
v 0.28212351 -0.10532099 -0.32636899
v 0.30039054 -0.092044994 -0.34965399
v 0.27803653 -0.095201991 -0.33974898
v 0.2912305 -0.083572991 -0.367091
v 0.27124447 -0.085222997 -0.356426
v 0.26515454 -0.076094992 -0.37376499
v 0.28168255 -0.070000991 -0.394301
v 0.26172954 -0.06924399 -0.38672999
v 0.26172954 -0.06924399 -0.38672999
v 0.28023952 -0.059435993 -0.40195298
v 0.26033956 -0.059298992 -0.39470801
v 0.27961653 -0.045698993 -0.406452
v 0.25981051 -0.046301994 -0.399279
v 0.2786395 -0.030582992 -0.41074499
v 0.25905544 -0.031549994 -0.403909
v 0.23876148 -0.032861993 -0.400372
v 0.25805956 -0.015907994 -0.4086
v 0.23806447 -0.016857993 -0.40563399
v 0.2772035 -0.014975993 -0.414767
v 0.17498952 -0.010930993 0.092475004
v 0.16772348 -0.010948993 0.085493006
v 0.16772348 -0.010948993 0.085493006
v 0.17438453 -0.020411992 0.092078008
v 0.16777855 -0.020948993 0.085485004
v 0.16777855 -0.020948993 0.085485004
v 0.1853705 -0.011417993 0.097644009
v 0.18465954 -0.021215994 0.097260006
v 0.19831043 -0.011945993 0.099523008
v 0.19784456 -0.022421993 0.098965004
v 0.19727355 -0.032021992 0.097033009
v 0.21465045 -0.023317993 0.097367004
v 0.21413654 -0.033474993 0.094547004
v 0.2128635 -0.041124992 0.087760009
v 0.2128635 -0.041124992 0.087760009
v 0.19650847 -0.040028993 0.092149004
v 0.19650847 -0.040028993 0.092149004
v 0.19650847 -0.040028993 0.092149004
v 0.21087152 -0.045555994 0.078092009
v 0.19486851 -0.044459995 0.083104007
v 0.19486851 -0.044459995 0.083104007
v 0.2082215 -0.047965992 0.066803008
v 0.19267148 -0.047288992 0.072651006
v 0.19267148 -0.047288992 0.072651006
v 0.20455843 -0.049256992 0.052798007
v 0.22599655 -0.048162993 0.058299005
v 0.22231048 -0.049255993 0.043756008
v 0.2188285 -0.049757995 0.028052006
v 0.24127752 -0.048941992 0.033717006
v 0.23819846 -0.049342994 0.018744007
v 0.23593754 -0.049607992 0.0058420068
v 0.25972444 -0.048720993 0.010000007
v 0.25798148 -0.048912995 -0.0018339931
v 0.25690252 -0.049008992 -0.012641993
v 0.23415047 -0.049846992 -0.0058069932
v 0.2561205 -0.049015991 -0.022614993
v 0.2802065 -0.047984995 -0.017822994
v 0.27917951 -0.047793992 -0.027181992
v 0.27917951 -0.047793992 -0.027181992
v 0.27889854 -0.051622994 -0.034938995
v 0.27889854 -0.051622994 -0.034938995
v 0.30131656 -0.046625994 -0.031404994
v 0.30131656 -0.046625994 -0.031404994
v 0.30102748 -0.053007994 -0.036201995
v 0.30264348 -0.061757993 -0.032818992
v 0.32362348 -0.054373994 -0.035563994
v 0.32456654 -0.061768994 -0.030792993
v 0.3262015 -0.072727993 -0.028183993
v 0.30483443 -0.070907995 -0.030489992
v 0.32654351 -0.083577991 -0.029763993
v 0.30550343 -0.081389993 -0.031495996
v 0.32772857 -0.091902994 -0.036397994
v 0.32772857 -0.091902994 -0.036397994
v 0.34703654 -0.086297996 -0.027901994
v 0.34703654 -0.086297996 -0.027901994
v 0.34927946 -0.093487993 -0.035819992
v 0.34927946 -0.093487993 -0.035819992
v 0.35195857 -0.096066996 -0.046323992
v 0.36963147 -0.093307994 -0.033753995
v 0.37384444 -0.095925994 -0.044117995
v 0.37804252 -0.098616995 -0.056721993
v 0.37804252 -0.098616995 -0.056721993
v 0.35473853 -0.098451994 -0.057301994
v 0.35473853 -0.098451994 -0.057301994
v 0.38237554 -0.10235 -0.075640991
v 0.40900654 -0.10463099 -0.104183
v 0.40900654 -0.10463099 -0.104183
v 0.38504547 -0.10444199 -0.099798992
v 0.41042644 -0.104734 -0.13111299
v 0.41042644 -0.104734 -0.13111299
v 0.38627952 -0.105129 -0.12578599
v 0.41067249 -0.10572399 -0.159008
v 0.41067249 -0.10572399 -0.159008
v 0.38651043 -0.10609899 -0.152255
v 0.40986544 -0.10979699 -0.185802
v 0.40986544 -0.10979699 -0.185802
v 0.38586956 -0.10949899 -0.17811999
v 0.38586956 -0.10949899 -0.17811999
v 0.40902549 -0.114861 -0.211256
v 0.40902549 -0.114861 -0.211256
v 0.38506156 -0.11206999 -0.20360899
v 0.38506156 -0.11206999 -0.20360899
v 0.40810651 -0.11942599 -0.23599999
v 0.38445753 -0.11417099 -0.22846399
v 0.4074505 -0.12042399 -0.261087
v 0.38392252 -0.11482599 -0.25301298
v 0.40629047 -0.12025899 -0.2863
v 0.38300449 -0.11487399 -0.277569
v 0.40398353 -0.12015099 -0.311342
v 0.38127249 -0.11491499 -0.30197498
v 0.35749346 -0.11236999 -0.29320198
v 0.35749346 -0.11236999 -0.29320198
v 0.37822646 -0.11493299 -0.325957
v 0.35563856 -0.11218099 -0.31639999
v 0.35563856 -0.11218099 -0.31639999
v 0.33247048 -0.11116299 -0.30800399
v 0.33247048 -0.11116299 -0.30800399
v 0.35276443 -0.109772 -0.337502
v 0.33080751 -0.10696299 -0.32626799
v 0.33080751 -0.10696299 -0.32626799
v 0.34797651 -0.10465999 -0.35835499
v 0.32726651 -0.099799991 -0.344533
v 0.34126848 -0.097515993 -0.378903
v 0.32039148 -0.093363993 -0.36398301
v 0.30202156 -0.071648993 -0.40504
v 0.31734854 -0.060701992 -0.42890298
v 0.29959852 -0.059987992 -0.412646
v 0.31476849 -0.044992995 -0.43405598
v 0.29875952 -0.045070995 -0.416967
v 0.31205148 -0.028849993 -0.43845201
v 0.2971155 -0.029214993 -0.42123199
v 0.29442853 -0.014190993 -0.42594299
v 0.32247645 -0.014267993 -0.462906
v 0.21478349 -0.012133993 0.09802901
v 0.23499554 -0.012149993 0.091887005
v 0.23513454 -0.023649992 0.091127008
v 0.25617152 -0.012099993 0.08368101
v 0.25629848 -0.023885993 0.083011009
v 0.25536448 -0.034667995 0.079495005
v 0.25536448 -0.034667995 0.079495005
v 0.23444647 -0.033996992 0.087765008
v 0.23444647 -0.033996992 0.087765008
v 0.25265652 -0.041997992 0.07117901
v 0.2324025 -0.041919991 0.080508009
v 0.2324025 -0.041919991 0.080508009
v 0.24902445 -0.045910992 0.060437005
v 0.22937948 -0.045825992 0.070166007
v 0.24508649 -0.047935992 0.048269007
v 0.26983243 -0.045700993 0.050745007
v 0.26609749 -0.047403995 0.038331006
v 0.26241356 -0.048276994 0.024049006
v 0.28830045 -0.046737991 0.029845007
v 0.28532952 -0.047561992 0.015906006
v 0.28306252 -0.047921993 0.0029810066
v 0.30880743 -0.046954993 0.0090900073
v 0.30651551 -0.047187991 -0.002869993
v 0.30460745 -0.047146995 -0.012993993
v 0.28149146 -0.048043992 -0.0078519937
v 0.30287343 -0.046889994 -0.022591993
v 0.32542151 -0.046567991 -0.017668992
v 0.32413548 -0.046412993 -0.027199993
v 0.32413548 -0.046412993 -0.027199993
v 0.32349747 -0.046556994 -0.034821995
v 0.32349747 -0.046556994 -0.034821995
v 0.32349747 -0.046556994 -0.034821995
v 0.34408051 -0.046257991 -0.030809993
v 0.34408051 -0.046257991 -0.030809993
v 0.34408051 -0.046257991 -0.030809993
v 0.34450155 -0.050284993 -0.035591993
v 0.34450155 -0.050284993 -0.035591993
v 0.34513348 -0.057035994 -0.031092994
v 0.36157852 -0.051800992 -0.032441992
v 0.36285144 -0.059268992 -0.026003994
v 0.36328751 -0.068626992 -0.021430993
v 0.34563452 -0.065401994 -0.026506994
v 0.36408955 -0.078913994 -0.021017993
v 0.34576756 -0.076081991 -0.024496993
v 0.36622852 -0.08751899 -0.025727993
v 0.36622852 -0.08751899 -0.025727993
v 0.38228852 -0.087010995 -0.021588992
v 0.38228852 -0.087010995 -0.021588992
v 0.38717848 -0.091984995 -0.028958993
v 0.39391643 -0.086599991 -0.013421993
v 0.39997548 -0.090423994 -0.020024993
v 0.41036648 -0.089650996 -0.0057379929
v 0.40333146 -0.086451992 -0.00065599318
v 0.41082948 -0.085414991 0.017663008
v 0.41800457 -0.088654995 0.013767007
v 0.40513247 -0.080354996 0.020304007
v 0.40148145 -0.073880993 0.021746008
v 0.40118343 -0.066696994 0.022688007
v 0.40118343 -0.066696994 0.022688007
v 0.42354554 -0.070547991 0.088716008
v 0.42813045 -0.073088996 0.089665011
v 0.43407947 -0.075441994 0.089710005
v 0.43104547 -0.089570992 0.031448007
v 0.42536253 -0.091381989 0.0091880066
v 0.44192547 -0.092972994 0.025908006
v 0.43733853 -0.096202992 0.0020130069
v 0.45891052 -0.10001399 0.016364006
v 0.45633048 -0.10314199 -0.0090319933
v 0.48036247 -0.10910999 0.0044230069
v 0.47830755 -0.11309099 -0.020240992
v 0.47593051 -0.11586399 -0.045045994
v 0.50026053 -0.12956299 -0.030279994
v 0.49717051 -0.13280299 -0.053966992
v 0.49434954 -0.13555799 -0.078157991
v 0.47370344 -0.11873599 -0.070089996
v 0.49194247 -0.13816899 -0.10291599
v 0.47162551 -0.12127599 -0.095352992
v 0.49001449 -0.141241 -0.127886
v 0.46930748 -0.12377699 -0.12130199
v 0.45039648 -0.11115699 -0.114113
v 0.46812648 -0.12712599 -0.14720699
v 0.45015746 -0.11197799 -0.14158399
v 0.43165451 -0.10563199 -0.13627699
v 0.4301185 -0.10631299 -0.10846099
v 0.45015949 -0.11670999 -0.168871
v 0.43233746 -0.10741999 -0.16488099
v 0.4526245 -0.12305 -0.19610299
v 0.43245953 -0.11396199 -0.19268899
v 0.45362455 -0.13000099 -0.22252399
v 0.43202645 -0.12102599 -0.217712
v 0.45229453 -0.13495699 -0.248926
v 0.43089145 -0.12659399 -0.24282499
v 0.45087546 -0.13693099 -0.27578399
v 0.42990154 -0.12778799 -0.26869398
v 0.4485845 -0.13811299 -0.30276799
v 0.42827648 -0.12794399 -0.294743
v 0.44489056 -0.138955 -0.32996199
v 0.42543846 -0.128172 -0.32080901
v 0.43959552 -0.13948399 -0.35722399
v 0.42089349 -0.128281 -0.34677598
v 0.40024251 -0.12015599 -0.33620399
v 0.41522247 -0.12696199 -0.372628
v 0.39503151 -0.11927799 -0.36063999
v 0.37426847 -0.11397599 -0.349096
v 0.34754747 -0.063930996 -0.47267199
v 0.34366351 -0.047044992 -0.47870898
v 0.32899052 -0.045128994 -0.45457301
v 0.34046656 -0.029990993 -0.483767
v 0.32576448 -0.029136993 -0.459346
v 0.33689052 -0.014446993 -0.487165
v 0.35233051 -0.033444993 -0.51129997
v 0.34865457 -0.016175993 -0.51465702
v 0.35445052 -0.019559992 -0.544671
v 0.27694851 -0.012184993 0.07537701
v 0.29769248 -0.012546993 0.068331003
v 0.29750544 -0.024535993 0.067572005
v 0.27692646 -0.024139993 0.074717008
v 0.29652244 -0.035230994 0.063358009
v 0.29652244 -0.035230994 0.063358009
v 0.27568454 -0.034465995 0.070244007
v 0.27568454 -0.034465995 0.070244007
v 0.29428548 -0.042323992 0.054350007
v 0.27326649 -0.042074993 0.062034003
v 0.29136151 -0.045345992 0.042570006
v 0.31575948 -0.042795993 0.047930006
v 0.31371349 -0.045191992 0.035804007
v 0.31135255 -0.046367992 0.022808006
v 0.33429343 -0.045409992 0.030309007
v 0.33249956 -0.046242993 0.016886007
v 0.32956249 -0.046580993 0.0036170068
v 0.34947246 -0.046210993 0.012206007
v 0.34703153 -0.046378992 -0.00093599316
v 0.34507746 -0.046360992 -0.011704993
v 0.32716256 -0.046661992 -0.0075789932
v 0.34412152 -0.046276994 -0.021718994
v 0.35967547 -0.046189994 -0.015418993
v 0.35956746 -0.046139993 -0.024481993
v 0.3604905 -0.046280991 -0.03237199
v 0.3604905 -0.046280991 -0.03237199
v 0.37025243 -0.046117995 -0.025924994
v 0.37125856 -0.046381991 -0.032559995
v 0.37125856 -0.046381991 -0.032559995
v 0.37219948 -0.052885994 -0.029316993
v 0.37219948 -0.052885994 -0.029316993
v 0.36995953 -0.046111993 -0.017515993
v 0.3779375 -0.046125993 -0.018989993
v 0.37906951 -0.046184994 -0.0085649937
v 0.37054247 -0.046177994 -0.0066669933
v 0.37292343 -0.046151992 0.006058007
v 0.38118047 -0.046215992 0.0035930066
v 0.38118047 -0.046215992 0.0035930066
v 0.36087948 -0.046227992 -0.0044089928
v 0.36268252 -0.046179995 0.009089007
v 0.36607844 -0.045816991 0.022899007
v 0.37708253 -0.045938995 0.019777007
v 0.37708253 -0.045938995 0.019777007
v 0.3521685 -0.045590993 0.026191007
v 0.35439652 -0.043771993 0.038996007
v 0.35439652 -0.043771993 0.038996007
v 0.36903948 -0.044439994 0.036010008
v 0.36903948 -0.044439994 0.036010008
v 0.33629853 -0.043245994 0.042747006
v 0.33629853 -0.043245994 0.042747006
v 0.33786756 -0.037521992 0.053345006
v 0.33786756 -0.037521992 0.053345006
v 0.33786756 -0.037521992 0.053345006
v 0.35623449 -0.038967993 0.050457008
v 0.35623449 -0.038967993 0.050457008
v 0.31744057 -0.036387995 0.057994008
v 0.31744057 -0.036387995 0.057994008
v 0.31829351 -0.025426993 0.062632009
v 0.33863848 -0.026651993 0.058390006
v 0.33891851 -0.013721993 0.059527006
v 0.35805255 -0.014659993 0.056889005
v 0.35744947 -0.027921993 0.055895008
v 0.31857854 -0.012965993 0.063723005
v 0.38526756 -0.017803993 0.057189006
v 0.37434953 -0.016084993 0.056357007
v 0.38412946 -0.032063995 0.054944009
v 0.37292653 -0.029815992 0.055221006
v 0.38285357 -0.041715994 0.046417005
v 0.38285357 -0.041715994 0.046417005
v 0.37124544 -0.040575992 0.048127007
v 0.37124544 -0.040575992 0.048127007
v 0.38043147 -0.044864994 0.033636007
v 0.38043147 -0.044864994 0.033636007
v 0.39160448 -0.042966992 0.044055007
v 0.39160448 -0.042966992 0.044055007
v 0.38880652 -0.045583993 0.030759007
v 0.3846485 -0.046137992 0.017075006
v 0.3846485 -0.046137992 0.017075006
v 0.39548749 -0.047276992 0.028504007
v 0.39167446 -0.047304992 0.014319007
v 0.38831955 -0.046547994 0.0011040068
v 0.38831955 -0.046547994 0.0011040068
v 0.39685148 -0.052160993 0.011171007
v 0.39288145 -0.050394993 -0.0015489932
v 0.39288145 -0.050394993 -0.0015489932
v 0.39744145 -0.059238993 0.0078410069
v 0.39744145 -0.059238993 0.0078410069
v 0.39292151 -0.056341995 -0.0045549935
v 0.39292151 -0.056341995 -0.0045549935
v 0.40160948 -0.060139991 0.024430007
v 0.40160948 -0.060139991 0.024430007
v 0.40004748 -0.052612994 0.026281007
v 0.39268953 -0.034145992 0.054799005
v 0.39268953 -0.034145992 0.054799005
v 0.39355153 -0.018904993 0.058514006
v 0.4163565 -0.024939993 0.084911004
v 0.41937143 -0.027579993 0.095500007
v 0.42507654 -0.029969994 0.10305901
v 0.42507654 -0.029969994 0.10305901
v 0.44269246 -0.033277992 0.10718801
v 0.43317348 -0.031853992 0.107297
v 0.44011849 -0.058829993 0.10071801
v 0.43216747 -0.056800991 0.100945
v 0.42554146 -0.053985994 0.098451003
v 0.44831043 -0.061041992 0.098013006
v 0.44105345 -0.077330992 0.088754006
v 0.45249754 -0.035253994 0.10400601
v 0.46210653 -0.038493995 0.10010101
v 0.45696145 -0.064703993 0.093948007
v 0.47029549 -0.041669995 0.095416009
v 0.47821456 -0.044565994 0.091690004
v 0.47312742 -0.073423997 0.084299006
v 0.46530443 -0.06926699 0.088884003
v 0.46759051 -0.087312996 0.074099004
v 0.45791954 -0.083818994 0.079453006
v 0.44904751 -0.08035899 0.084841006
v 0.46368748 -0.092751995 0.059533007
v 0.46100849 -0.096843995 0.040495008
v 0.47977847 -0.10037799 0.051638007
v 0.48086554 -0.10558899 0.029070007
v 0.50460953 -0.116221 0.038319007
v 0.50460654 -0.121916 0.016194006
v 0.50270158 -0.12608299 -0.006913993
v 0.52769357 -0.14405799 0.005136007
v 0.52483946 -0.14663799 -0.016752992
v 0.52165252 -0.14908199 -0.039236993
v 0.54786748 -0.166989 -0.025676994
v 0.54376847 -0.16840599 -0.047512993
v 0.54002553 -0.16988799 -0.070165992
v 0.51836854 -0.15142199 -0.062279992
v 0.53682548 -0.17165099 -0.093536995
v 0.51521045 -0.15399499 -0.085871994
v 0.53441352 -0.17369199 -0.11742299
v 0.51265842 -0.15662499 -0.11003499
v 0.53272051 -0.17634799 -0.14168999
v 0.51119453 -0.159274 -0.134527
v 0.53150755 -0.17950499 -0.166494
v 0.51056057 -0.16282299 -0.159273
v 0.48964649 -0.14474699 -0.15301599
v 0.51017851 -0.16679999 -0.18482
v 0.48990554 -0.14968799 -0.178288
v 0.46987146 -0.13195299 -0.17294899
v 0.49002248 -0.154561 -0.204946
v 0.47152144 -0.13791299 -0.19915199
v 0.48965448 -0.158942 -0.232439
v 0.47194654 -0.143355 -0.226953
v 0.48816651 -0.16247599 -0.26034999
v 0.47079653 -0.14764899 -0.25450599
v 0.48574048 -0.165216 -0.288598
v 0.46874446 -0.15051 -0.28221199
v 0.48215848 -0.167145 -0.31719798
v 0.4656195 -0.15252599 -0.31017599
v 0.47731453 -0.16813199 -0.34601501
v 0.4612295 -0.15362899 -0.338413
v 0.47111446 -0.168028 -0.375009
v 0.45542151 -0.15373799 -0.366763
v 0.46361452 -0.16669799 -0.40438199
v 0.44814748 -0.15201999 -0.395165
v 0.43297154 -0.137998 -0.38444498
v 0.37102348 -0.078988992 -0.52450502
v 0.36123651 -0.069346994 -0.49776798
v 0.36301953 -0.060078993 -0.535151
v 0.35562855 -0.051980995 -0.50573498
v 0.35765654 -0.039567992 -0.54122102
v 0.36818451 -0.06883499 -0.56388897
v 0.36152953 -0.045948993 -0.57118297
v 0.35751349 -0.022790993 -0.57501698
v 0.36500853 -0.051191993 -0.60001302
v 0.36102444 -0.025528993 -0.60421199
v 0.52130252 -0.08877299 0.12480401
v 0.51710945 -0.08915399 0.10755201
v 0.54356152 -0.12655799 0.11978801
v 0.54059345 -0.12779999 0.101303
v 0.53665048 -0.12957099 0.083622009
v 0.56944758 -0.15835299 0.09427201
v 0.56634349 -0.15975 0.075381003
v 0.56275946 -0.16116899 0.055628005
v 0.53216451 -0.131191 0.065565005
v 0.55957443 -0.16282599 0.035636008
v 0.53159243 -0.136436 0.046377007
v 0.55592757 -0.16438299 0.015661007
v 0.53014547 -0.14081499 0.026200008
v 0.55194145 -0.16574499 -0.0046829931
v 0.58362252 -0.18490399 0.0056830067
v 0.57795554 -0.184745 -0.013844993
v 0.57230848 -0.184745 -0.033946995
v 0.60508651 -0.19994499 -0.023785993
v 0.59710556 -0.19908999 -0.042387992
v 0.59031051 -0.198763 -0.063030988
v 0.56708151 -0.18523499 -0.055239994
v 0.58494347 -0.199028 -0.08518599
v 0.5626635 -0.18617 -0.077718996
v 0.58069044 -0.20003799 -0.10842899
v 0.55902559 -0.187538 -0.101046
v 0.57731849 -0.20139199 -0.13231999
v 0.55620652 -0.189613 -0.12489399
v 0.57383353 -0.20286399 -0.15632299
v 0.55474252 -0.192242 -0.149345
v 0.57072145 -0.20442799 -0.180685
v 0.55324346 -0.19463299 -0.17424199
v 0.56659251 -0.20529199 -0.20536499
v 0.55138451 -0.19691999 -0.199664
v 0.53048354 -0.182962 -0.192123
v 0.54948252 -0.19921899 -0.22602399
v 0.52971154 -0.186391 -0.21878599
v 0.50954252 -0.170711 -0.21140799
v 0.52833253 -0.18920599 -0.245977
v 0.50850147 -0.17417899 -0.23886099
v 0.5262875 -0.19167599 -0.273489
v 0.50660855 -0.177186 -0.26670998
v 0.52270156 -0.19327 -0.30178601
v 0.50360352 -0.179611 -0.295151
v 0.51840454 -0.19427299 -0.33041298
v 0.4994815 -0.18132 -0.323892
v 0.51290351 -0.19477899 -0.35884598
v 0.49425751 -0.18206599 -0.352759
v 0.50626642 -0.194582 -0.387283
v 0.48774153 -0.18177 -0.38169199
v 0.49857253 -0.19367099 -0.41588101
v 0.47994143 -0.180465 -0.410842
v 0.38245553 -0.10136599 -0.58087301
v 0.37767345 -0.090663992 -0.55244797
v 0.37233955 -0.076452993 -0.592507
v 0.37941748 -0.081311993 -0.62104899
v 0.37236744 -0.054315992 -0.62892902
v 0.38960749 -0.107867 -0.60953301
v 0.39954847 -0.11068299 -0.63607901
v 0.39049751 -0.083698995 -0.64824897
v 0.40473944 -0.085187994 -0.67416596
v 0.39913446 -0.057261992 -0.68320298
v 0.39913446 -0.057261992 -0.68320298
v 0.38405949 -0.056200992 -0.65661597
v 0.41249853 -0.11228299 -0.661143
v 0.42902356 -0.11292399 -0.68479002
v 0.42240745 -0.085930996 -0.69854897
v 0.42240745 -0.085930996 -0.69854897
v 0.42305857 -0.13764499 -0.64455497
v 0.43793553 -0.13764699 -0.66759402
v 0.45626253 -0.136703 -0.68916202
v 0.44972247 -0.11208799 -0.70600599
v 0.44972247 -0.11208799 -0.70600599
v 0.43607849 -0.15975399 -0.62562501
v 0.44881648 -0.15955099 -0.64903802
v 0.46467954 -0.15872499 -0.67064202
v 0.48441452 -0.15659 -0.68931097
v 0.48441452 -0.15659 -0.68931097
v 0.47850949 -0.13507299 -0.70797801
v 0.47850949 -0.13507299 -0.70797801
v 0.46112257 -0.17774299 -0.63043702
v 0.47518951 -0.177389 -0.65167099
v 0.49241644 -0.17539199 -0.67039698
v 0.51250547 -0.172712 -0.685269
v 0.50720054 -0.15393899 -0.70407701
v 0.50720054 -0.15393899 -0.70407701
v 0.48595947 -0.19268799 -0.63483
v 0.50143653 -0.19134299 -0.65257698
v 0.53277642 -0.17540799 -0.70092797
v 0.53277642 -0.17540799 -0.70092797
v 0.56291753 -0.202971 -0.672005
v 0.55985552 -0.19079 -0.69050002
v 0.54867154 -0.21132199 -0.649351
v 0.56557256 -0.21077199 -0.655523
v 0.5831005 -0.20977899 -0.65766001
v 0.58375949 -0.20158799 -0.67374402
v 0.55345148 -0.21502799 -0.63585901
v 0.56759745 -0.214929 -0.64168698
v 0.58228952 -0.21455599 -0.64328802
v 0.59606844 -0.21416399 -0.64154202
v 0.60018545 -0.208979 -0.65506601
v 0.5701105 -0.21502499 -0.62785101
v 0.58169252 -0.21442799 -0.62869501
v 0.58169252 -0.21442799 -0.62869501
v 0.57248348 -0.207895 -0.61508602
v 0.58211046 -0.206993 -0.615408
v 0.58211046 -0.206993 -0.615408
v 0.57585245 -0.20207 -0.601924
v 0.58560449 -0.20174599 -0.602754
v 0.59294754 -0.20109899 -0.59250998
v 0.59294754 -0.20109899 -0.59250998
v 0.60541147 -0.20177799 -0.59658498
v 0.60541147 -0.20177799 -0.59658498
v 0.58105356 -0.20124599 -0.59017301
v 0.59009451 -0.20084399 -0.57719398
v 0.60420948 -0.20089199 -0.58083397
v 0.60420948 -0.20089199 -0.58083397
v 0.56596047 -0.20248699 -0.60096198
v 0.56973344 -0.20152399 -0.58878297
v 0.57594448 -0.20106399 -0.57536197
v 0.58427852 -0.200738 -0.55949599
v 0.60017353 -0.20064099 -0.56246299
v 0.56235451 -0.201318 -0.57525897
v 0.56856853 -0.20095599 -0.55911702
v 0.57588059 -0.20074199 -0.54102701
v 0.59283251 -0.20050099 -0.54255801
v 0.54948348 -0.20271899 -0.575867
v 0.55397755 -0.20196699 -0.55994397
v 0.56044751 -0.201408 -0.54137498
v 0.56679052 -0.20094499 -0.52144498
v 0.58281451 -0.20046799 -0.52206302
v 0.54293543 -0.209336 -0.56191802
v 0.54788142 -0.20747499 -0.54275298
v 0.55252343 -0.20483199 -0.52183002
v 0.55850154 -0.20245999 -0.50003898
v 0.57234842 -0.20062999 -0.50036097
v 0.5360505 -0.215159 -0.54501897
v 0.54269248 -0.21414699 -0.52323002
v 0.54848558 -0.211799 -0.50035203
v 0.55312151 -0.21038899 -0.476668
v 0.56274754 -0.201979 -0.47707498
v 0.52844948 -0.21611699 -0.524342
v 0.52844948 -0.21611699 -0.524342
v 0.53533655 -0.21572399 -0.50037998
v 0.53533655 -0.21572399 -0.50037998
v 0.54123849 -0.21531199 -0.475916
v 0.54123849 -0.21531199 -0.475916
v 0.5457955 -0.214481 -0.45069
v 0.5457955 -0.214481 -0.45069
v 0.55648047 -0.20889799 -0.45178899
v 0.52162749 -0.213422 -0.500772
v 0.52821547 -0.21354599 -0.47533
v 0.53371745 -0.213543 -0.44943699
v 0.53371745 -0.213543 -0.44943699
v 0.53908259 -0.21324599 -0.42262298
v 0.53908259 -0.21324599 -0.42262298
v 0.55049855 -0.21313599 -0.42443299
v 0.51548558 -0.208887 -0.47514698
v 0.52190751 -0.20896 -0.44837898
v 0.53381747 -0.20905399 -0.39351198
v 0.54479748 -0.213028 -0.395657
v 0.50897247 -0.202915 -0.44722399
v 0.51630253 -0.20359299 -0.41925198
v 0.52293044 -0.20382099 -0.39122298
v 0.52903551 -0.20397399 -0.36329699
v 0.53940052 -0.209098 -0.365991
v 0.54378253 -0.20852199 -0.338433
v 0.5540325 -0.21242499 -0.341232
v 0.54998249 -0.212743 -0.36854699
v 0.54998249 -0.212743 -0.36854699
v 0.53407949 -0.203623 -0.335399
v 0.53841048 -0.202934 -0.307071
v 0.54813749 -0.207764 -0.31062299
v 0.55360657 -0.20745099 -0.28357899
v 0.56335551 -0.21190299 -0.28738299
v 0.55795747 -0.21153499 -0.31397799
v 0.54317957 -0.202117 -0.27950099
v 0.54711443 -0.201033 -0.25285798
v 0.55900449 -0.20729299 -0.25747198
v 0.5627405 -0.206359 -0.23104599
v 0.57326847 -0.21103199 -0.235037
v 0.56880456 -0.21181399 -0.26127198
v 0.58382148 -0.21222399 -0.238839
v 0.58382148 -0.21222399 -0.238839
v 0.5790295 -0.21297899 -0.264961
v 0.5790295 -0.21297899 -0.264961
v 0.57345849 -0.212295 -0.29114899
v 0.57345849 -0.212295 -0.29114899
v 0.58590752 -0.207048 -0.26775399
v 0.58060652 -0.20607899 -0.29379898
v 0.57254845 -0.20567799 -0.346515
v 0.56838042 -0.20533799 -0.37318799
v 0.56044751 -0.21196899 -0.37108201
v 0.5644415 -0.20581599 -0.39980999
v 0.55605441 -0.212614 -0.397935
v 0.55974847 -0.20698099 -0.42616498
v 0.57427353 -0.20118199 -0.40164798
v 0.57000643 -0.201298 -0.42761299
v 0.56634957 -0.201657 -0.45271701
v 0.58329254 -0.20009099 -0.429324
v 0.58008951 -0.20023599 -0.45405799
v 0.57661051 -0.200453 -0.477916
v 0.59643549 -0.19994499 -0.45609498
v 0.59326845 -0.20009699 -0.47951898
v 0.58867949 -0.200251 -0.50158101
v 0.61090046 -0.20008199 -0.48226699
v 0.60629052 -0.20019799 -0.50419402
v 0.60020643 -0.20030299 -0.524351
v 0.62210447 -0.20042099 -0.50766897
v 0.62210447 -0.20042099 -0.50766897
v 0.61627346 -0.200461 -0.52803302
v 0.61627346 -0.200461 -0.52803302
v 0.60901743 -0.20049199 -0.54634798
v 0.60901743 -0.20049199 -0.54634798
v 0.62945348 -0.201215 -0.53186101
v 0.62257451 -0.201169 -0.55062199
v 0.62257451 -0.201169 -0.55062199
v 0.61441249 -0.20107199 -0.56708902
v 0.61441249 -0.20107199 -0.56708902
v 0.63395053 -0.20267199 -0.554501
v 0.62659448 -0.20253399 -0.57147998
v 0.61728841 -0.20211399 -0.58554602
v 0.63499242 -0.21099599 -0.57447499
v 0.62624246 -0.21105999 -0.58881998
v 0.61611444 -0.20885099 -0.60124999
v 0.63865751 -0.21681499 -0.59484398
v 0.63865751 -0.21681499 -0.59484398
v 0.62719756 -0.21642399 -0.60818601
v 0.62719756 -0.21642399 -0.60818601
v 0.65129644 -0.21479899 -0.60271299
v 0.63863951 -0.21435399 -0.616988
v 0.62421948 -0.21384899 -0.62819302
v 0.64836651 -0.20882499 -0.62580699
v 0.63260752 -0.208425 -0.63809198
v 0.61673349 -0.208471 -0.648058
v 0.60986751 -0.21371299 -0.63617301
v 0.64159352 -0.198744 -0.65007997
v 0.62318152 -0.198671 -0.66063201
v 0.60404044 -0.20008399 -0.66949898
v 0.63082248 -0.18421799 -0.67809498
v 0.6082415 -0.186637 -0.68744498
v 0.58418256 -0.18919699 -0.69250101
v 0.6121425 -0.17022999 -0.70581001
v 0.58456546 -0.17343499 -0.71125901
v 0.58456546 -0.17343499 -0.71125901
v 0.55731052 -0.17525499 -0.7094
v 0.55731052 -0.17525499 -0.7094
v 0.58560747 -0.15493999 -0.72868097
v 0.58560747 -0.15493999 -0.72868097
v 0.55622655 -0.156976 -0.72772902
v 0.52983457 -0.15620299 -0.71884596
v 0.52983457 -0.15620299 -0.71884596
v 0.55639058 -0.13563199 -0.74399197
v 0.52900749 -0.13468699 -0.73481899
v 0.50462347 -0.132431 -0.72134197
v 0.52896553 -0.11071499 -0.74941897
v 0.50268549 -0.10871699 -0.73675501
v 0.47430247 -0.11080299 -0.72432297
v 0.47430247 -0.11080299 -0.72432297
v 0.5013935 -0.083312996 -0.75006402
v 0.47152954 -0.084602997 -0.737611
v 0.44509846 -0.085241996 -0.71953702
v 0.44509846 -0.085241996 -0.71953702
v 0.47052354 -0.056944992 -0.74754101
v 0.44220454 -0.057295993 -0.72945297
v 0.41803247 -0.057668991 -0.70796698
v 0.41803247 -0.057668991 -0.70796698
v 0.44103557 -0.028635994 -0.73456997
v 0.41560751 -0.028852994 -0.713355
v 0.39589852 -0.028672993 -0.68817002
v 0.39589852 -0.028672993 -0.68817002
v 0.38048249 -0.028092993 -0.66124898
v 0.36861247 -0.027197992 -0.63320297
v 0.54817051 -0.12489299 0.161584
v 0.54603845 -0.125588 0.14010201
v 0.57365853 -0.155672 0.15471001
v 0.57246357 -0.156838 0.13334401
v 0.57141858 -0.15764499 0.113111
v 0.60059649 -0.18252899 0.12675501
v 0.59897643 -0.184829 0.10722001
v 0.59888047 -0.183275 0.088265009
v 0.6282075 -0.20685399 0.103066
v 0.62936848 -0.20254999 0.083717003
v 0.62906247 -0.19937499 0.063885003
v 0.59698349 -0.182514 0.068746008
v 0.62590748 -0.200654 0.039676007
v 0.59324449 -0.183507 0.047302008
v 0.58878452 -0.18450099 0.025495008
v 0.66191751 -0.209216 0.061698005
v 0.65981251 -0.211321 0.032763008
v 0.69432455 -0.21392599 0.062929004
v 0.69432455 -0.21392599 0.062929004
v 0.69305545 -0.21593399 0.037456006
v 0.69305545 -0.21593399 0.037456006
v 0.7262165 -0.21394299 0.064412005
v 0.72486144 -0.214956 0.041325007
v 0.72374851 -0.216263 0.015549006
v 0.7555235 -0.21151599 0.043252006
v 0.75370151 -0.21188599 0.019455006
v 0.75229746 -0.21132599 -0.002784993
v 0.72395355 -0.21611299 -0.0068629934
v 0.75131541 -0.210503 -0.023374993
v 0.72465152 -0.21566099 -0.026448993
v 0.70182258 -0.21923499 -0.032096993
v 0.72615153 -0.21501699 -0.044162992
v 0.70627552 -0.217768 -0.047501992
v 0.68814152 -0.21926999 -0.050230995
v 0.68814152 -0.21926999 -0.050230995
v 0.68068653 -0.219707 -0.037915993
v 0.68068653 -0.219707 -0.037915993
v 0.67040652 -0.21892899 -0.051402994
v 0.67040652 -0.21892899 -0.051402994
v 0.66366345 -0.218116 -0.043158993
v 0.65717942 -0.215694 -0.054721992
v 0.65717942 -0.215694 -0.054721992
v 0.65068656 -0.21538499 -0.049571995
v 0.64234358 -0.21405499 -0.043795992
v 0.63856548 -0.21372299 -0.059575994
v 0.63856548 -0.21372299 -0.059575994
v 0.62938052 -0.21224999 -0.055603992
v 0.61725956 -0.20772199 -0.050200991
v 0.62893349 -0.20998399 -0.035582993
v 0.61821848 -0.210804 -0.072787993
v 0.60709852 -0.20628899 -0.069092996
v 0.61014944 -0.21038899 -0.094165996
v 0.59992558 -0.206103 -0.090559997
v 0.60417253 -0.21072999 -0.117112
v 0.59428149 -0.206441 -0.11338999
v 0.59938949 -0.21139699 -0.14092499
v 0.59938949 -0.21139699 -0.14092499
v 0.58955842 -0.207041 -0.137036
v 0.59553152 -0.21209399 -0.16476299
v 0.59553152 -0.21209399 -0.16476299
v 0.58542544 -0.207794 -0.16083999
v 0.59237057 -0.21224599 -0.18883999
v 0.59237057 -0.21224599 -0.18883999
v 0.58170551 -0.209096 -0.18488899
v 0.58873051 -0.212598 -0.213534
v 0.58873051 -0.212598 -0.213534
v 0.57788652 -0.210521 -0.20966099
v 0.60247248 -0.20945199 -0.19262099
v 0.59708554 -0.20814799 -0.21681999
v 0.59136945 -0.207691 -0.24186899
v 0.60301048 -0.201474 -0.21949199
v 0.59785551 -0.20147999 -0.244464
v 0.59302455 -0.20130399 -0.27024299
v 0.60808045 -0.19979499 -0.24772699
v 0.60331541 -0.19990899 -0.27329099
v 0.59939653 -0.19986099 -0.29914001
v 0.58887547 -0.20106199 -0.29625198
v 0.5927065 -0.19972199 -0.35123098
v 0.58160549 -0.20094599 -0.34873798
v 0.58944756 -0.19974199 -0.37760699
v 0.57795852 -0.200848 -0.37527201
v 0.58640152 -0.19984299 -0.403786
v 0.60330349 -0.19963099 -0.38038799
v 0.60108143 -0.19973399 -0.40637499
v 0.59898549 -0.19984999 -0.43167898
v 0.61823255 -0.19979899 -0.40954599
v 0.61652642 -0.199892 -0.43475801
v 0.61424953 -0.19996899 -0.45905399
v 0.63221246 -0.200059 -0.437888
v 0.62987953 -0.20018399 -0.462266
v 0.62644953 -0.200316 -0.48552698
v 0.62644953 -0.200316 -0.48552698
v 0.64312547 -0.20059599 -0.46524498
v 0.64312547 -0.20059599 -0.46524498
v 0.63995343 -0.20088999 -0.488866
v 0.63995343 -0.20088999 -0.488866
v 0.63520449 -0.201106 -0.511186
v 0.65110749 -0.20236699 -0.49195901
v 0.64621454 -0.202658 -0.51456702
v 0.64037949 -0.20272399 -0.53549302
v 0.65227944 -0.21199499 -0.51663697
v 0.64684254 -0.212623 -0.53792602
v 0.64145046 -0.21178299 -0.55734402
v 0.65839058 -0.21487899 -0.54120499
v 0.65839058 -0.21487899 -0.54120499
v 0.65398949 -0.214849 -0.56148702
v 0.65398949 -0.214849 -0.56148702
v 0.64794952 -0.21548499 -0.57944
v 0.64794952 -0.21548499 -0.57944
v 0.66770655 -0.21254399 -0.56636798
v 0.66132957 -0.21377799 -0.585733
v 0.68133956 -0.207452 -0.57229
v 0.67457753 -0.20901899 -0.59317601
v 0.66297847 -0.20932099 -0.61107099
v 0.69076151 -0.20020799 -0.60375202
v 0.67651051 -0.20016399 -0.62240797
v 0.65954643 -0.19945399 -0.63782102
v 0.69218045 -0.18567899 -0.63721997
v 0.67312747 -0.18517399 -0.65415698
v 0.65248352 -0.18428899 -0.66757298
v 0.68563753 -0.16769299 -0.67025697
v 0.66238958 -0.16724999 -0.68511397
v 0.63791543 -0.16735899 -0.69616598
v 0.67122656 -0.148149 -0.70109999
v 0.6438815 -0.14836699 -0.71282798
v 0.61543947 -0.15117399 -0.72249597
v 0.61543947 -0.15117399 -0.72249597
v 0.64961344 -0.12723599 -0.72764498
v 0.64961344 -0.12723599 -0.72764498
v 0.61910254 -0.130126 -0.737845
v 0.61910254 -0.130126 -0.737845
v 0.58746248 -0.133747 -0.744479
v 0.62291342 -0.10677699 -0.75085199
v 0.5901975 -0.10973899 -0.75805199
v 0.55795652 -0.11113799 -0.75793201
v 0.59267253 -0.083659992 -0.769674
v 0.55965549 -0.084814996 -0.77045798
v 0.52955848 -0.084169991 -0.76198602
v 0.56019956 -0.056884993 -0.778988
v 0.52978355 -0.056329992 -0.76999897
v 0.50143057 -0.056229994 -0.75889999
v 0.52960747 -0.028093994 -0.77488101
v 0.50101954 -0.028334994 -0.76456499
v 0.47011751 -0.028576992 -0.75289696
v 0.56327647 -0.11470199 0.20350401
v 0.55376846 -0.12142299 0.18349601
v 0.58691651 -0.14243899 0.19729501
v 0.57884449 -0.15063399 0.17667101
v 0.61246043 -0.165308 0.19203401
v 0.60569352 -0.174732 0.17099401
v 0.60213858 -0.17984299 0.148037
v 0.63496751 -0.192325 0.16593401
v 0.63264257 -0.196796 0.14204301
v 0.63066345 -0.20131299 0.12125201
v 0.66391355 -0.20747399 0.13732201
v 0.66242558 -0.21233499 0.11644401
v 0.66107947 -0.21813199 0.099171005
v 0.69494551 -0.217776 0.115182
v 0.69461256 -0.22247699 0.098474003
v 0.69461256 -0.22247699 0.098474003
v 0.69480354 -0.21718499 0.081755005
v 0.69480354 -0.21718499 0.081755005
v 0.66198856 -0.21273099 0.081875004
v 0.72791451 -0.223704 0.099364005
v 0.72791451 -0.223704 0.099364005
v 0.72741848 -0.218486 0.08324001
v 0.76105553 -0.22087999 0.10008001
v 0.75971049 -0.215811 0.084330007
v 0.75748748 -0.211155 0.065521009
v 0.79043549 -0.207884 0.08456701
v 0.78724056 -0.20426999 0.065046005
v 0.78465945 -0.20345299 0.042921007
v 0.81409842 -0.191781 0.063010007
v 0.81120044 -0.19079699 0.040795006
v 0.80818754 -0.18987399 0.018105008
v 0.78210551 -0.20297 0.019830007
v 0.80527252 -0.18910399 -0.0041719931
v 0.77961642 -0.20209299 -0.0023289933
v 0.80232555 -0.188201 -0.025862994
v 0.77733749 -0.201206 -0.023659993
v 0.79931742 -0.18740699 -0.047324993
v 0.77505857 -0.200436 -0.044245992
v 0.7502895 -0.20963199 -0.042676993
v 0.77269346 -0.199866 -0.065039992
v 0.74926454 -0.208904 -0.062397994
v 0.72862941 -0.21419999 -0.062027995
v 0.74777657 -0.208308 -0.083558992
v 0.73031551 -0.21337499 -0.08205799
v 0.71430045 -0.21488699 -0.081325993
v 0.71430045 -0.21488699 -0.081325993
v 0.71069747 -0.21602599 -0.062974989
v 0.71069747 -0.21602599 -0.062974989
v 0.70021755 -0.2093 -0.077990994
v 0.69329554 -0.21499999 -0.061939992
v 0.69329554 -0.21499999 -0.061939992
v 0.6841765 -0.207096 -0.073899992
v 0.6841765 -0.207096 -0.073899992
v 0.67584258 -0.21573599 -0.060400993
v 0.67584258 -0.21573599 -0.060400993
v 0.67584258 -0.21573599 -0.060400993
v 0.67584258 -0.21573599 -0.060400993
v 0.66948348 -0.208526 -0.069816992
v 0.66344744 -0.21376799 -0.060609993
v 0.66344744 -0.21376799 -0.060609993
v 0.65420943 -0.211698 -0.065338992
v 0.64704651 -0.21342699 -0.062650993
v 0.64704651 -0.21342699 -0.062650993
v 0.64346558 -0.20924799 -0.081466995
v 0.6364035 -0.21277699 -0.07927499
v 0.62786549 -0.21310799 -0.076161996
v 0.62786549 -0.21310799 -0.076161996
v 0.62794548 -0.21140999 -0.10100999
v 0.61963147 -0.21223599 -0.097624995
v 0.61963147 -0.21223599 -0.097624995
v 0.62156254 -0.20818399 -0.124263
v 0.61372548 -0.212377 -0.12086
v 0.61372548 -0.212377 -0.12086
v 0.61503345 -0.20555799 -0.14747699
v 0.60896248 -0.21236099 -0.144706
v 0.60896248 -0.21236099 -0.144706
v 0.61090857 -0.20247799 -0.17123699
v 0.60514551 -0.21160099 -0.16854399
v 0.60728651 -0.20185499 -0.19510399
v 0.62089258 -0.20041099 -0.17489
v 0.61737651 -0.19991599 -0.19869199
v 0.61320049 -0.199856 -0.22293699
v 0.62908846 -0.19969799 -0.20252
v 0.62494045 -0.19953999 -0.22659099
v 0.61977059 -0.199415 -0.25121999
v 0.63864249 -0.19959199 -0.23049699
v 0.63443142 -0.199507 -0.25506601
v 0.63053352 -0.19948499 -0.28041899
v 0.61502248 -0.19949299 -0.276557
v 0.62773043 -0.199517 -0.30629399
v 0.6116305 -0.199544 -0.302369
v 0.62538451 -0.199571 -0.332037
v 0.60871655 -0.19958399 -0.32818198
v 0.62297148 -0.19962399 -0.35785398
v 0.60585243 -0.19960999 -0.354166
v 0.6204825 -0.19969799 -0.383802
v 0.64130849 -0.199617 -0.36166701
v 0.63767058 -0.19974799 -0.38727701
v 0.63448554 -0.19992499 -0.41277298
v 0.6520465 -0.199865 -0.39030999
v 0.6520465 -0.199865 -0.39030999
v 0.64834744 -0.200104 -0.415696
v 0.64834744 -0.200104 -0.415696
v 0.64549249 -0.20037299 -0.44072199
v 0.64549249 -0.20037299 -0.44072199
v 0.66054851 -0.201454 -0.41837898
v 0.65709752 -0.201325 -0.44323498
v 0.65426952 -0.20196 -0.46784499
v 0.66373247 -0.20932199 -0.44488499
v 0.65962547 -0.210051 -0.46968699
v 0.65694851 -0.211542 -0.49407399
v 0.67025143 -0.21386699 -0.47272998
v 0.67025143 -0.21386699 -0.47272998
v 0.66724747 -0.213829 -0.497177
v 0.66724747 -0.213829 -0.497177
v 0.66281658 -0.21437699 -0.51994199
v 0.66281658 -0.21437699 -0.51994199
v 0.67883652 -0.21197699 -0.50065899
v 0.67464358 -0.21228799 -0.52369297
v 0.67112249 -0.21240199 -0.54527098
v 0.68832248 -0.20664799 -0.52819997
v 0.68502551 -0.20682099 -0.550466
v 0.70844346 -0.196834 -0.53544801
v 0.70491749 -0.19730499 -0.55875099
v 0.69964248 -0.19885699 -0.58151001
v 0.72759551 -0.182448 -0.56971097
v 0.72073156 -0.18453099 -0.593427
v 0.70875448 -0.18564399 -0.61679399
v 0.73972851 -0.16612399 -0.60499001
v 0.72491652 -0.16740899 -0.629453
v 0.7066415 -0.16770199 -0.65151501
v 0.73948449 -0.148084 -0.64092296
v 0.71957952 -0.14817099 -0.664545
v 0.69672853 -0.148224 -0.68484801
v 0.73120147 -0.12719499 -0.67598498
v 0.70668441 -0.12714 -0.697716
v 0.67926055 -0.12701599 -0.71513498
v 0.67926055 -0.12701599 -0.71513498
v 0.71516758 -0.10377999 -0.70748901
v 0.71516758 -0.10377999 -0.70748901
v 0.68629557 -0.103687 -0.72602701
v 0.68629557 -0.103687 -0.72602701
v 0.65484053 -0.10385999 -0.73954999
v 0.69227844 -0.078954995 -0.73472601
v 0.65981251 -0.079546995 -0.74990797
v 0.62627345 -0.081365995 -0.76143301
v 0.66303247 -0.053640991 -0.75637597
v 0.62879258 -0.054857992 -0.76901197
v 0.59428746 -0.056278992 -0.77788699
v 0.63010055 -0.027531993 -0.77288002
v 0.59530348 -0.028247993 -0.78307599
v 0.56057149 -0.028428992 -0.78412598
v 0.60304648 -0.12701899 0.239307
v 0.59503943 -0.134491 0.21812201
v 0.6259535 -0.14875199 0.23580301
v 0.61928946 -0.156675 0.21387301
v 0.65134746 -0.16512799 0.23333901
v 0.64559752 -0.17365299 0.21057601
v 0.64001757 -0.182714 0.18816201
v 0.67413145 -0.184012 0.207623
v 0.6693235 -0.19461499 0.185441
v 0.66563052 -0.20403099 0.16206501
v 0.69962746 -0.202355 0.18366501
v 0.69710749 -0.20994799 0.160044
v 0.69572252 -0.21291299 0.135518
v 0.72926241 -0.21387799 0.159418
v 0.72926241 -0.21387799 0.159418
v 0.72813147 -0.21612199 0.135671
v 0.72813147 -0.21612199 0.135671
v 0.7278015 -0.219579 0.11612701
v 0.7278015 -0.219579 0.11612701
v 0.76098949 -0.21340799 0.13601901
v 0.76079756 -0.21731499 0.116841
v 0.79334742 -0.20480999 0.136158
v 0.79299349 -0.20976399 0.117139
v 0.79317242 -0.212966 0.10103101
v 0.82361156 -0.19810499 0.11632801
v 0.82322842 -0.20062299 0.09903001
v 0.81826955 -0.195685 0.082333006
v 0.84803659 -0.18066299 0.09577401
v 0.84343749 -0.17811699 0.07916601
v 0.83914047 -0.17563799 0.059552006
v 0.86696547 -0.15764 0.07588201
v 0.86230546 -0.156067 0.056297008
v 0.85844857 -0.15532999 0.034525007
v 0.83592552 -0.174815 0.037707008
v 0.85455352 -0.154569 0.012090007
v 0.83240253 -0.173677 0.015287006
v 0.85048753 -0.15367499 -0.010285993
v 0.82900649 -0.172849 -0.007027993
v 0.84636551 -0.152826 -0.032589994
v 0.82545859 -0.17198399 -0.029058993
v 0.84227449 -0.15214799 -0.054877993
v 0.82192856 -0.17133799 -0.051061992
v 0.8381775 -0.15159899 -0.077240996
v 0.81831342 -0.170775 -0.073116995
v 0.79617947 -0.18679699 -0.06882599
v 0.81450647 -0.17022099 -0.095494993
v 0.79275757 -0.186235 -0.09095899
v 0.76974648 -0.199331 -0.086716995
v 0.78903157 -0.18579999 -0.11366499
v 0.76616746 -0.199123 -0.10939699
v 0.74586755 -0.20769899 -0.10631199
v 0.76211947 -0.19900899 -0.13254999
v 0.74279147 -0.207674 -0.12941599
v 0.7285195 -0.21258099 -0.12727599
v 0.73043853 -0.21271899 -0.104381
v 0.71391946 -0.21357299 -0.12548
v 0.71391946 -0.21357299 -0.12548
v 0.71551043 -0.21362399 -0.10291599
v 0.71551043 -0.21362399 -0.10291599
v 0.7022205 -0.20706899 -0.12399099
v 0.70278555 -0.206701 -0.10095699
v 0.69157559 -0.20180999 -0.12233799
v 0.69157559 -0.20180999 -0.12233799
v 0.68987948 -0.20251599 -0.09830799
v 0.68987948 -0.20251599 -0.09830799
v 0.67896551 -0.20157599 -0.11996799
v 0.67666548 -0.20264 -0.094143994
v 0.6657545 -0.201594 -0.11648199
v 0.67881542 -0.20095 -0.143335
v 0.66503054 -0.20082799 -0.140112
v 0.65116554 -0.200582 -0.13579199
v 0.65349048 -0.20160799 -0.11191799
v 0.63875157 -0.20041099 -0.13122199
v 0.64290959 -0.20176899 -0.107251
v 0.62791854 -0.201621 -0.12710099
v 0.63240057 -0.20410499 -0.10275699
v 0.63524944 -0.20007099 -0.155066
v 0.62390047 -0.20088299 -0.150978
v 0.63243943 -0.19993399 -0.17884399
v 0.64812142 -0.20015599 -0.15925699
v 0.64547449 -0.199929 -0.18283899
v 0.64260942 -0.199736 -0.20649499
v 0.66005045 -0.20000599 -0.186554
v 0.65773755 -0.1998 -0.210327
v 0.65490347 -0.19968899 -0.234488
v 0.67225653 -0.199782 -0.213441
v 0.67014056 -0.19965199 -0.237951
v 0.67014056 -0.19965199 -0.237951
v 0.66727549 -0.19967899 -0.262366
v 0.66727549 -0.19967899 -0.262366
v 0.65152949 -0.19964299 -0.25894201
v 0.66355258 -0.19967599 -0.28749201
v 0.66355258 -0.19967599 -0.28749201
v 0.64804047 -0.19958499 -0.284309
v 0.66088253 -0.19963199 -0.31309399
v 0.66088253 -0.19963199 -0.31309399
v 0.64543754 -0.199563 -0.31019399
v 0.65844947 -0.19972 -0.33874899
v 0.65844947 -0.19972 -0.33874899
v 0.64357144 -0.19958799 -0.33584499
v 0.65556842 -0.19959199 -0.36467499
v 0.65556842 -0.19959199 -0.36467499
v 0.67064458 -0.200553 -0.34114298
v 0.66736346 -0.200784 -0.367048
v 0.66408855 -0.20091699 -0.392984
v 0.67684156 -0.20630099 -0.36899599
v 0.6732195 -0.20754799 -0.394968
v 0.66985053 -0.20809199 -0.420564
v 0.68371052 -0.212552 -0.397264
v 0.68033057 -0.21288399 -0.42304599
v 0.68033057 -0.21288399 -0.42304599
v 0.67493945 -0.21365699 -0.448048
v 0.67493945 -0.21365699 -0.448048
v 0.69236141 -0.21071199 -0.426272
v 0.68720657 -0.211256 -0.45177901
v 0.68242949 -0.21178 -0.47634098
v 0.69968349 -0.206112 -0.45550099
v 0.69516951 -0.20658 -0.480349
v 0.71338254 -0.19745599 -0.48556098
v 0.71074849 -0.19705099 -0.51093799
v 0.73531848 -0.182781 -0.491041
v 0.73371059 -0.18191199 -0.51792002
v 0.73148257 -0.181495 -0.54438597
v 0.75445348 -0.16612799 -0.52232701
v 0.75293356 -0.165511 -0.55042797
v 0.74915153 -0.16500199 -0.57875901
v 0.77422243 -0.14934599 -0.55430502
v 0.76762944 -0.146569 -0.58429599
v 0.75542957 -0.14669499 -0.61405396
v 0.78100544 -0.126609 -0.58999497
v 0.76847845 -0.12671 -0.62161899
v 0.75180751 -0.12698199 -0.65036601
v 0.77919549 -0.10423699 -0.62776101
v 0.76234657 -0.104169 -0.65783101
v 0.74086148 -0.104027 -0.68470597
v 0.77088958 -0.079542994 -0.66300499
v 0.74882752 -0.079296991 -0.69090801
v 0.74882752 -0.079296991 -0.69090801
v 0.72231752 -0.079052992 -0.71506298
v 0.72231752 -0.079052992 -0.71506298
v 0.75447446 -0.053388994 -0.695261
v 0.75447446 -0.053388994 -0.695261
v 0.72746354 -0.053235993 -0.72026896
v 0.69677454 -0.053290993 -0.740973
v 0.72994047 -0.026782993 -0.72325498
v 0.69868356 -0.026804993 -0.74417597
v 0.66462857 -0.027023993 -0.76007801
v 0.6179325 -0.11377999 0.282478
v 0.61063451 -0.12010899 0.26071301
v 0.63778549 -0.13517499 0.28039202
v 0.63192946 -0.14166899 0.258064
v 0.6620875 -0.14930199 0.27818599
v 0.65683049 -0.15702999 0.255936
v 0.68905252 -0.15659499 0.27570599
v 0.68425649 -0.16499799 0.25331801
v 0.67929941 -0.17393799 0.23045801
v 0.71189743 -0.17226399 0.25210202
v 0.70757943 -0.18157399 0.22894901
v 0.70337158 -0.19171199 0.20591301
v 0.73592955 -0.188089 0.22861201
v 0.73592955 -0.188089 0.22861201
v 0.73308951 -0.19813299 0.20516601
v 0.73308951 -0.19813299 0.20516601
v 0.7309435 -0.207499 0.18283601
v 0.7309435 -0.207499 0.18283601
v 0.76342446 -0.19648899 0.20286101
v 0.76327544 -0.205 0.18064001
v 0.76227552 -0.21076 0.158472
v 0.79455858 -0.19753699 0.17858
v 0.79536754 -0.20358899 0.15758501
v 0.82158643 -0.18912399 0.179378
v 0.82620746 -0.19421999 0.15729301
v 0.82425851 -0.19455399 0.134929
v 0.84887058 -0.17606999 0.156045
v 0.84830552 -0.175706 0.13208401
v 0.84815949 -0.17773499 0.11274201
v 0.8694945 -0.15369599 0.129379
v 0.8708505 -0.15643899 0.11017701
v 0.87262148 -0.160322 0.092447005
v 0.88979751 -0.13364899 0.11043901
v 0.89237744 -0.137393 0.092814006
v 0.88691849 -0.135235 0.074795008
v 0.90811449 -0.11492899 0.093883008
v 0.9028365 -0.11215899 0.074505009
v 0.89811951 -0.11031 0.052916005
v 0.88212353 -0.13388899 0.054241005
v 0.89369446 -0.10931899 0.030060006
v 0.87784058 -0.133232 0.031922005
v 0.88902456 -0.108514 0.0070860069
v 0.87360448 -0.132652 0.0092810066
v 0.88419658 -0.10779699 -0.015803993
v 0.86929649 -0.13201299 -0.013361993
v 0.8795715 -0.10731599 -0.038672995
v 0.86484653 -0.13135099 -0.035931993
v 0.87486655 -0.10684899 -0.061471995
v 0.86015445 -0.13061999 -0.058442995
v 0.87022644 -0.10646399 -0.084290996
v 0.8556605 -0.130081 -0.081047989
v 0.86551744 -0.106144 -0.10721
v 0.85114342 -0.129649 -0.103788
v 0.83390349 -0.151043 -0.099800996
v 0.84659058 -0.12922899 -0.12673199
v 0.82963449 -0.15060899 -0.122656
v 0.81051952 -0.16978899 -0.118265
v 0.82540756 -0.15034099 -0.14581299
v 0.80639452 -0.16939399 -0.14141899
v 0.78517348 -0.185628 -0.13687299
v 0.8022415 -0.16915499 -0.16485299
v 0.78111655 -0.18547599 -0.160266
v 0.75807744 -0.198983 -0.155782
v 0.7769205 -0.18536699 -0.18386699
v 0.75428551 -0.19891599 -0.17930999
v 0.73657256 -0.207287 -0.17604199
v 0.73943251 -0.207592 -0.152568
v 0.72371155 -0.212073 -0.17389899
v 0.72582442 -0.212597 -0.15038499
v 0.71033949 -0.213094 -0.171959
v 0.71033949 -0.213094 -0.171959
v 0.71186453 -0.21359599 -0.14842799
v 0.71186453 -0.21359599 -0.14842799
v 0.69991952 -0.20681299 -0.17013499
v 0.70138448 -0.20700799 -0.14695999
v 0.68978649 -0.201096 -0.168459
v 0.68978649 -0.201096 -0.168459
v 0.69127649 -0.20143999 -0.145413
v 0.69127649 -0.20143999 -0.145413
v 0.67703253 -0.20046899 -0.16638699
v 0.6874755 -0.200397 -0.19180599
v 0.6874755 -0.200397 -0.19180599
v 0.67455453 -0.20003599 -0.18947899
v 0.66270357 -0.20034599 -0.16327499
v 0.68504459 -0.20036699 -0.21586399
v 0.68504459 -0.20036699 -0.21586399
v 0.69771749 -0.206545 -0.19374999
v 0.69530052 -0.20691699 -0.217776
v 0.69334441 -0.20660299 -0.242348
v 0.68324143 -0.200206 -0.240466
v 0.68324143 -0.200206 -0.240466
v 0.69060856 -0.20728499 -0.26720399
v 0.68057543 -0.20082399 -0.265297
v 0.68716449 -0.20859599 -0.29192698
v 0.67728251 -0.20115499 -0.29009598
v 0.68429643 -0.20783399 -0.31740499
v 0.67431551 -0.20088099 -0.315366
v 0.6803475 -0.20672899 -0.343225
v 0.69454449 -0.21281299 -0.31943798
v 0.69454449 -0.21281299 -0.31943798
v 0.69058543 -0.21224599 -0.345449
v 0.69058543 -0.21224599 -0.345449
v 0.6866315 -0.21180199 -0.37125701
v 0.70250756 -0.21092799 -0.34791699
v 0.69895154 -0.210623 -0.37394199
v 0.7117855 -0.20570099 -0.37676901
v 0.70793849 -0.20557699 -0.40311798
v 0.70423657 -0.20573099 -0.429654
v 0.72283345 -0.19768099 -0.406562
v 0.71923751 -0.19778 -0.433382
v 0.71598655 -0.19777799 -0.45979199
v 0.73950547 -0.18448 -0.43749198
v 0.73707658 -0.183746 -0.464241
v 0.75905758 -0.16731299 -0.44052899
v 0.75691551 -0.16695999 -0.46728998
v 0.75534552 -0.16644299 -0.49446899
v 0.77577752 -0.148067 -0.469266
v 0.77521151 -0.14833499 -0.49666899
v 0.77603251 -0.149756 -0.525015
v 0.7951985 -0.129888 -0.49864399
v 0.79675251 -0.13191399 -0.52827102
v 0.79173142 -0.12990099 -0.55923301
v 0.81098658 -0.10963999 -0.53228801
v 0.80381757 -0.107903 -0.564237
v 0.79128557 -0.10464599 -0.59554702
v 0.81074947 -0.082926996 -0.56813997
v 0.79966348 -0.081199996 -0.59974802
v 0.7876305 -0.079845995 -0.63205397
v 0.80459744 -0.054997992 -0.60274297
v 0.79373556 -0.054082993 -0.63547099
v 0.77667648 -0.053631995 -0.66667598
v 0.79682642 -0.027331993 -0.63741797
v 0.79682642 -0.027331993 -0.63741797
v 0.77972049 -0.026986994 -0.66887802
v 0.77972049 -0.026986994 -0.66887802
v 0.75724453 -0.026848992 -0.69797301
v 0.75724453 -0.026848992 -0.69797301
v 0.64964253 -0.12429199 0.32441902
v 0.64395744 -0.12919299 0.302448
v 0.67240745 -0.136896 0.32201001
v 0.66720849 -0.14258799 0.30026501
v 0.69827443 -0.14377899 0.31958699
v 0.69369441 -0.14941299 0.29777402
v 0.72418958 -0.150271 0.31921899
v 0.72016841 -0.156491 0.297335
v 0.71608847 -0.16397299 0.27508
v 0.74656755 -0.162113 0.29864702
v 0.74656755 -0.162113 0.29864702
v 0.74311751 -0.16990799 0.27595901
v 0.74311751 -0.16990799 0.27595901
v 0.73933548 -0.17858599 0.25253502
v 0.73933548 -0.17858599 0.25253502
v 0.76892751 -0.166832 0.27487901
v 0.76610547 -0.17613599 0.251118
v 0.76402646 -0.18626499 0.22697301
v 0.78945953 -0.171628 0.24948001
v 0.78839642 -0.181403 0.22565301
v 0.79075843 -0.1901 0.20115501
v 0.80927652 -0.17588399 0.22482701
v 0.8128565 -0.183091 0.20195001
v 0.82645541 -0.15626 0.22106701
v 0.83097452 -0.16276099 0.19982201
v 0.8423025 -0.17163 0.179278
v 0.85178953 -0.13465299 0.21975301
v 0.85225946 -0.12914999 0.238544
v 0.88077742 -0.10875499 0.23502101
v 0.8802225 -0.11354199 0.21705501
v 0.82670957 -0.149592 0.24220601
v 0.83144242 -0.14359699 0.26316801
v 0.85452944 -0.12395199 0.258028
v 0.81007749 -0.16753 0.24751401
v 0.81378251 -0.15844999 0.269306
v 0.81797248 -0.15058599 0.29048499
v 0.83693248 -0.13852599 0.28424901
v 0.79240257 -0.16249999 0.27264202
v 0.79611641 -0.15419099 0.29449999
v 0.79992753 -0.147351 0.315927
v 0.82238752 -0.14419 0.31207299
v 0.77214652 -0.15835699 0.297391
v 0.77559751 -0.15106 0.31873
v 0.77912956 -0.14555599 0.340222
v 0.80350643 -0.141638 0.33758801
v 0.74987549 -0.15584899 0.32065099
v 0.74987549 -0.15584899 0.32065099
v 0.75367242 -0.150216 0.341858
v 0.75367242 -0.150216 0.341858
v 0.75739557 -0.14538099 0.36321899
v 0.75739557 -0.14538099 0.36321899
v 0.7826075 -0.14101699 0.361734
v 0.72827452 -0.145514 0.34087402
v 0.73251551 -0.141563 0.36267802
v 0.73649353 -0.13730799 0.38426501
v 0.76096648 -0.139937 0.38439199
v 0.76096648 -0.139937 0.38439199
v 0.70321041 -0.139201 0.34139201
v 0.70821959 -0.13552299 0.36272299
v 0.71320647 -0.13154699 0.38423902
v 0.71711642 -0.12593099 0.405036
v 0.73969048 -0.131972 0.405074
v 0.73969048 -0.131972 0.405074
v 0.68423659 -0.128914 0.364757
v 0.69026858 -0.125855 0.38589901
v 0.69531649 -0.11792799 0.40507001
v 0.69203049 -0.12585799 0.422425
v 0.71459943 -0.13568999 0.42172402
v 0.66849858 -0.11318699 0.38710201
v 0.67574948 -0.10591999 0.40506801
v 0.67139655 -0.11191499 0.42294002
v 0.67109543 -0.113718 0.44293401
v 0.69146544 -0.12894499 0.441807
v 0.65880543 -0.089740992 0.405074
v 0.65363842 -0.094572991 0.42308402
v 0.65401751 -0.095327996 0.44348601
v 0.6578055 -0.094220996 0.46526501
v 0.67429644 -0.11241599 0.46400902
v 0.63993055 -0.073687993 0.42275602
v 0.64051157 -0.073986992 0.44330001
v 0.64484245 -0.073251992 0.46556902
v 0.6492855 -0.072873995 0.488895
v 0.6622625 -0.093165994 0.48805299
v 0.63082951 -0.050329994 0.44261602
v 0.63519949 -0.050243992 0.465451
v 0.64030749 -0.050066993 0.48886901
v 0.64671046 -0.049448993 0.51217902
v 0.65510446 -0.071771994 0.51233399
v 0.62965256 -0.025376992 0.465152
v 0.63644153 -0.025396993 0.48869002
v 0.64058548 -0.025108993 0.51179802
v 0.64597052 -0.024888992 0.53501499
v 0.65061051 -0.049206994 0.53557503
v 0.64885253 -0.024537994 0.55816102
v 0.65886551 -0.024565993 0.60450202
v 0.65451056 -0.024305994 0.58151299
v 0.66322547 -0.047760993 0.60367703
v 0.65989751 -0.047142994 0.58074498
v 0.65520447 -0.047723994 0.55832398
v 0.66943842 -0.068865992 0.58027798
v 0.66613048 -0.068960994 0.55831498
v 0.66087943 -0.070406996 0.53565603
v 0.6804505 -0.088537991 0.55730999
v 0.67324251 -0.090792991 0.53520298
v 0.66734153 -0.092164993 0.51165903
v 0.6880675 -0.11013299 0.53303802
v 0.68280345 -0.11027599 0.50957203
v 0.67843443 -0.11092299 0.48624602
v 0.70232552 -0.12476199 0.506419
v 0.69793648 -0.12589699 0.48370701
v 0.69424444 -0.12758999 0.46216202
v 0.72010952 -0.136935 0.48111302
v 0.71662551 -0.139231 0.46008101
v 0.71410948 -0.14035399 0.44031
v 0.74032456 -0.14761999 0.45783299
v 0.7385475 -0.148737 0.438494
v 0.73849052 -0.14272399 0.420459
v 0.73849052 -0.14272399 0.420459
v 0.7640745 -0.151658 0.43659201
v 0.7640745 -0.151658 0.43659201
v 0.76334351 -0.14628799 0.41906002
v 0.76334351 -0.14628799 0.41906002
v 0.76314455 -0.134298 0.40507001
v 0.76314455 -0.134298 0.40507001
v 0.78831655 -0.14583699 0.41836601
v 0.78831655 -0.14583699 0.41836601
v 0.78687054 -0.133166 0.405063
v 0.78687054 -0.133166 0.405063
v 0.78516549 -0.13683899 0.38341102
v 0.80974442 -0.13048199 0.405067
v 0.80974442 -0.13048199 0.405067
v 0.80893141 -0.13394399 0.38262799
v 0.80700248 -0.13712399 0.35992
v 0.83137351 -0.13134399 0.38216799
v 0.82984143 -0.13489899 0.35822201
v 0.82617241 -0.13881299 0.334245
v 0.84840041 -0.125911 0.35440099
v 0.84525651 -0.129584 0.32979101
v 0.84121352 -0.133332 0.30632702
v 0.86191052 -0.11337099 0.325964
v 0.85951251 -0.11590599 0.30155802
v 0.85729152 -0.11950299 0.27863601
v 0.88035852 -0.099267989 0.300549
v 0.88091248 -0.10169899 0.27714601
v 0.88096243 -0.10476299 0.25554401
v 0.89983946 -0.087592997 0.27831501
v 0.90146357 -0.091860995 0.255227
v 0.9022705 -0.097082995 0.23293401
v 0.91409951 -0.077387996 0.25380501
v 0.91540343 -0.083670996 0.229588
v 0.91625744 -0.091052994 0.20233601
v 0.90267748 -0.10334099 0.21111001
v 0.9190715 -0.062592991 0.223819
v 0.9190715 -0.062592991 0.223819
v 0.92054254 -0.066597991 0.195986
v 0.92054254 -0.066597991 0.195986
v 0.92192441 -0.066757992 0.16562401
v 0.92192441 -0.066757992 0.16562401
v 0.9219225 -0.034222994 0.19271401
v 0.92448252 -0.032862995 0.165497
v 0.92654651 -0.031130994 0.138712
v 0.92272455 -0.062876992 0.137775
v 0.92272455 -0.062876992 0.137775
v 0.92980748 -0.029959993 0.114764
v 0.92513543 -0.060620993 0.11484601
v 0.91651446 -0.089555994 0.11380301
v 0.9205125 -0.089293994 0.094336011
v 0.90397853 -0.11331999 0.112225
v 0.91558558 -0.057235993 0.027228007
v 0.91062552 -0.056592993 0.0037500067
v 0.90567452 -0.056057993 -0.019643994
v 0.89664847 -0.082612991 -0.017958993
v 0.90074247 -0.055671994 -0.042936992
v 0.8919825 -0.082192995 -0.041109994
v 0.89545649 -0.055221993 -0.066057995
v 0.88685757 -0.081678994 -0.064070992
v 0.89046842 -0.054964993 -0.089207992
v 0.88167745 -0.081232995 -0.086998992
v 0.8853485 -0.054804992 -0.11233699
v 0.87702757 -0.081104994 -0.110085
v 0.88011748 -0.054605994 -0.135491
v 0.87220246 -0.080901995 -0.13324399
v 0.86078447 -0.10582499 -0.130273
v 0.8674745 -0.080813996 -0.15656699
v 0.8562265 -0.10568399 -0.153552
v 0.84217054 -0.12899999 -0.149931
v 0.85161144 -0.10556699 -0.17700399
v 0.83768851 -0.12883599 -0.17334899
v 0.82119149 -0.15020199 -0.16925099
v 0.83303553 -0.12863299 -0.196962
v 0.81674951 -0.150014 -0.192913
v 0.79792351 -0.16893499 -0.188513
v 0.8124215 -0.15003699 -0.21680099
v 0.79350954 -0.168727 -0.21236899
v 0.77254158 -0.185316 -0.207681
v 0.78898555 -0.16844499 -0.23647
v 0.76857144 -0.18517299 -0.23183699
v 0.74675757 -0.19882099 -0.22723699
v 0.75044256 -0.19893299 -0.20317499
v 0.73031551 -0.20686899 -0.22402199
v 0.73383242 -0.20691 -0.200013
v 0.7182855 -0.21162999 -0.221784
v 0.72114247 -0.211744 -0.19770299
v 0.70581549 -0.21341099 -0.219552
v 0.70581549 -0.21341099 -0.219552
v 0.70830542 -0.212384 -0.19556899
v 0.70830542 -0.212384 -0.19556899
v 0.71573752 -0.211172 -0.246445
v 0.70358151 -0.21248999 -0.244259
v 0.70358151 -0.21248999 -0.244259
v 0.71309549 -0.21090899 -0.27140799
v 0.70110852 -0.21225399 -0.269086
v 0.70110852 -0.21225399 -0.269086
v 0.70978147 -0.210943 -0.29638699
v 0.69781142 -0.212937 -0.29398701
v 0.69781142 -0.212937 -0.29398701
v 0.70627552 -0.21098199 -0.321834
v 0.72136241 -0.20620699 -0.29883999
v 0.71838647 -0.20599899 -0.324489
v 0.71530348 -0.20559299 -0.35051501
v 0.73255545 -0.19835499 -0.32745999
v 0.72950047 -0.197984 -0.35347798
v 0.72637254 -0.19786799 -0.37996998
v 0.74875242 -0.18488999 -0.35744098
v 0.74554151 -0.18483399 -0.38382098
v 0.7424255 -0.18479899 -0.41059399
v 0.76477057 -0.16787599 -0.38743898
v 0.76156741 -0.16761899 -0.41386598
v 0.78276855 -0.14869699 -0.39047199
v 0.7797175 -0.148426 -0.416379
v 0.77754146 -0.148307 -0.44263598
v 0.79650551 -0.12715699 -0.41889998
v 0.79476351 -0.12746099 -0.444848
v 0.79393345 -0.12816599 -0.471149
v 0.80866748 -0.103774 -0.447882
v 0.80888253 -0.10526999 -0.47440898
v 0.80958349 -0.10754099 -0.50228399
v 0.81721348 -0.079911992 -0.47897899
v 0.81516248 -0.081266992 -0.50732297
v 0.81693941 -0.082901992 -0.53678101
v 0.81982547 -0.054647993 -0.51151901
v 0.81982547 -0.054647993 -0.51151901
v 0.8191095 -0.055587992 -0.54084998
v 0.8191095 -0.055587992 -0.54084998
v 0.8129825 -0.055787992 -0.57100898
v 0.8129825 -0.055787992 -0.57100898
v 0.82003146 -0.027845994 -0.54367602
v 0.81605345 -0.028113993 -0.57399899
v 0.81605345 -0.028113993 -0.57399899
v 0.80834943 -0.027744994 -0.60532302
v 0.80834943 -0.027744994 -0.60532302
v 0.93566042 -0.030234993 0.093702003
v 0.92035657 -0.033507992 0.21928801
v 0.91903847 -0.030939993 0.24513501
v 0.91771847 -0.057298992 0.24943101
v 0.91771847 -0.057298992 0.24943101
v 0.91596347 -0.052194994 0.27467802
v 0.91596347 -0.052194994 0.27467802
v 0.91761953 -0.028020993 0.271256
v 0.91199547 -0.071716994 0.27796301
v 0.90978748 -0.067491993 0.302405
v 0.91401058 -0.047853991 0.30008101
v 0.91401058 -0.047853991 0.30008101
v 0.89801246 -0.084615991 0.30193302
v 0.89670259 -0.082596995 0.326556
v 0.90781552 -0.06465999 0.32739401
v 0.88028342 -0.097628996 0.32505402
v 0.88078648 -0.096548989 0.35033402
v 0.89579147 -0.08140599 0.352018
v 0.86423355 -0.11121399 0.35094401
v 0.86650258 -0.109088 0.37751901
v 0.88114244 -0.095168993 0.377415
v 0.85142356 -0.12251999 0.379776
v 0.85019141 -0.11813799 0.40506899
v 0.85019141 -0.11813799 0.40506899
v 0.86701542 -0.10708499 0.40507001
v 0.83081752 -0.12570399 0.40506202
v 0.83081752 -0.12570399 0.40506202
v 0.83528548 -0.13811499 0.415517
v 0.83528548 -0.13811499 0.415517
v 0.85599548 -0.12842199 0.414745
v 0.85599548 -0.12842199 0.414745
v 0.81241757 -0.143289 0.41732001
v 0.81241757 -0.143289 0.41732001
v 0.81435043 -0.149508 0.43322602
v 0.83790046 -0.142694 0.43172401
v 0.78934246 -0.15095499 0.43478501
v 0.79070753 -0.15020099 0.45328701
v 0.81587654 -0.149629 0.451933
v 0.76575142 -0.15072899 0.45536199
v 0.76575142 -0.15072899 0.45536199
v 0.76822251 -0.148894 0.47676602
v 0.76822251 -0.148894 0.47676602
v 0.79309851 -0.14745599 0.47471499
v 0.74394041 -0.14403799 0.47866702
v 0.74776751 -0.14189099 0.50136
v 0.77191752 -0.14456199 0.49947399
v 0.77191752 -0.14456199 0.49947399
v 0.72448546 -0.13511299 0.50361502
v 0.72935158 -0.13423499 0.52677
v 0.75202948 -0.141822 0.524575
v 0.75202948 -0.141822 0.524575
v 0.7076785 -0.124157 0.52948701
v 0.71379143 -0.12341899 0.55289704
v 0.73477751 -0.134011 0.55058801
v 0.69461447 -0.10928499 0.55567199
v 0.69952053 -0.10938299 0.57842404
v 0.71908957 -0.122968 0.57636601
v 0.68427855 -0.08824499 0.57940602
v 0.68973356 -0.087334991 0.60067701
v 0.70307046 -0.10899699 0.60084802
v 0.67212647 -0.069443993 0.602521
v 0.67711145 -0.06953799 0.62449002
v 0.69082552 -0.088931993 0.62352502
v 0.66814142 -0.048259992 0.62593502
v 0.67178255 -0.049296994 0.64816999
v 0.68143255 -0.070430994 0.64725304
v 0.66252047 -0.024987994 0.62725604
v 0.66614753 -0.025317993 0.64909202
v 0.70654947 -0.107256 0.62330699
v 0.72752959 -0.12066399 0.62236202
v 0.72357148 -0.122219 0.59972
v 0.74484354 -0.13262099 0.59777904
v 0.74024051 -0.13355799 0.57426304
v 0.76779157 -0.138421 0.595824
v 0.76267749 -0.140976 0.57193798
v 0.76267749 -0.140976 0.57193798
v 0.75697356 -0.14181799 0.54807603
v 0.75697356 -0.14181799 0.54807603
v 0.78565949 -0.14149399 0.569637
v 0.78565949 -0.14149399 0.569637
v 0.78077251 -0.142462 0.54556602
v 0.7761535 -0.14247699 0.52245402
v 0.7761535 -0.14247699 0.52245402
v 0.80446249 -0.142198 0.54395199
v 0.80045253 -0.14320999 0.52070099
v 0.79657346 -0.144612 0.49764001
v 0.82438046 -0.14218299 0.51934403
v 0.82089645 -0.14291899 0.496025
v 0.81810051 -0.146927 0.473636
v 0.84481448 -0.13992 0.49486402
v 0.84187943 -0.14176099 0.472
v 0.83961147 -0.143059 0.45058802
v 0.86282951 -0.13167599 0.47085002
v 0.86116344 -0.13293 0.44954002
v 0.85917455 -0.13234499 0.43064502
v 0.87999946 -0.119643 0.44901001
v 0.87802845 -0.11940099 0.430123
v 0.87433153 -0.115996 0.41426802
v 0.89487559 -0.10429399 0.42989501
v 0.89060956 -0.101312 0.41429701
v 0.89060956 -0.101312 0.41429701
v 0.88119751 -0.09311799 0.405092
v 0.88119751 -0.09311799 0.405092
v 0.90478545 -0.084448993 0.41396901
v 0.90478545 -0.084448993 0.41396901
v 0.89340144 -0.077429995 0.40507901
v 0.89340144 -0.077429995 0.40507901
v 0.89446455 -0.079560995 0.37832099
v 0.9034645 -0.059658993 0.405076
v 0.9034645 -0.059658993 0.405076
v 0.90467554 -0.060933992 0.37880901
v 0.90648657 -0.062814996 0.35301501
v 0.91069156 -0.040931992 0.37851402
v 0.91188151 -0.042457994 0.352157
v 0.91253048 -0.044615991 0.325928
v 0.91547149 -0.021547994 0.35097501
v 0.91547149 -0.021547994 0.35097501
v 0.91568047 -0.022979993 0.32415101
v 0.91568047 -0.022979993 0.32415101
v 0.91640049 -0.024925994 0.29760802
v 0.91640049 -0.024925994 0.29760802
v 0.6456185 -0.097452991 0.36715701
v 0.67786342 -0.13246699 0.34347799
v 0.65224451 -0.09428899 0.38643199
v 0.63738948 -0.074370995 0.38778201
v 0.64503652 -0.070894994 0.40507001
v 0.63578552 -0.048603993 0.40507001
v 0.6294995 -0.050396994 0.422254
v 0.63084847 -0.024428993 0.40506601
v 0.62368447 -0.025368992 0.42192501
v 0.62447852 -0.025371993 0.441827
v 0.71383351 -0.020004993 0.74948204
v 0.7029745 -0.022145994 0.737894
v 0.78263742 -0.13245299 0.66393799
v 0.77728158 -0.13410999 0.64220899
v 0.77236754 -0.13609099 0.61937803
v 0.80080444 -0.13400999 0.64047301
v 0.79561144 -0.13649699 0.61773002
v 0.79058248 -0.139772 0.59395802
v 0.79058248 -0.139772 0.59395802
v 0.81809741 -0.13755099 0.61630303
v 0.81294352 -0.14095399 0.59262103
v 0.80852348 -0.14180799 0.56810099
v 0.83470756 -0.137208 0.59134799
v 0.83101946 -0.14072499 0.56744003
v 0.82775241 -0.14190699 0.54320002
v 0.85254246 -0.133672 0.566926
v 0.84923452 -0.13515899 0.54280102
v 0.84648257 -0.13677099 0.51845801
v 0.86918348 -0.12592 0.54199898
v 0.86687952 -0.12778999 0.51768398
v 0.86490148 -0.12980799 0.49383199
v 0.88563353 -0.11635099 0.51724201
v 0.88391644 -0.11775399 0.49332902
v 0.88181847 -0.11872 0.47030002
v 0.89975458 -0.102516 0.49311802
v 0.89844149 -0.10372999 0.470052
v 0.89688355 -0.10444699 0.44877002
v 0.91142446 -0.08548899 0.46973202
v 0.91024858 -0.08609499 0.44868201
v 0.90875345 -0.086158991 0.42984501
v 0.92139345 -0.066365995 0.44849202
v 0.91958243 -0.066116996 0.42992902
v 0.91562349 -0.064781994 0.414424
v 0.91562349 -0.064781994 0.414424
v 0.92692643 -0.044457994 0.43027601
v 0.9230755 -0.043760993 0.41471902
v 0.9230755 -0.043760993 0.41471902
v 0.91132456 -0.040489994 0.40507001
v 0.91132456 -0.040489994 0.40507001
v 0.92791444 -0.022057993 0.41469499
v 0.92791444 -0.022057993 0.41469499
v 0.91669852 -0.020399993 0.40506801
v 0.91669852 -0.020399993 0.40506801
v 0.91450459 -0.020520993 0.378041
v 0.62178856 -0.025773993 0.39184302
v 0.73044044 -0.016557993 0.76472002
v 0.7224645 -0.018209994 0.75852799
v 0.7348935 -0.032828994 0.76469404
v 0.72744256 -0.035881992 0.75802398
v 0.74262351 -0.048190992 0.76420903
v 0.73551351 -0.052191991 0.75738603
v 0.75312251 -0.061487991 0.764346
v 0.79559642 -0.12335099 0.71664
v 0.81422359 -0.13315199 0.70122498
v 0.81028348 -0.13445699 0.68344301
v 0.80595142 -0.133426 0.66247499
v 0.80595142 -0.133426 0.66247499
v 0.83223444 -0.13441399 0.68208402
v 0.82806045 -0.13497199 0.66121602
v 0.82336348 -0.13514499 0.63898599
v 0.84877747 -0.13127299 0.660151
v 0.8449325 -0.13344799 0.63768798
v 0.83994156 -0.134968 0.61462998
v 0.86423045 -0.12608299 0.63661098
v 0.85995942 -0.12780599 0.61337203
v 0.85612851 -0.13081799 0.59015298
v 0.87857443 -0.11862199 0.61226398
v 0.87506157 -0.12073499 0.58903402
v 0.87198752 -0.12354499 0.56584203
v 0.89300352 -0.11009099 0.58746302
v 0.89002448 -0.11240099 0.56418502
v 0.88733345 -0.11466099 0.54096299
v 0.90349752 -0.095961995 0.56257099
v 0.90202743 -0.098252997 0.53986502
v 0.90076643 -0.100352 0.51685303
v 0.91420442 -0.079536997 0.53885603
v 0.91229051 -0.081215993 0.51602298
v 0.91241652 -0.084155992 0.492553
v 0.92435843 -0.063173994 0.51470798
v 0.92335445 -0.065094993 0.49172002
v 0.92294556 -0.066187993 0.46923402
v 0.93058652 -0.043970995 0.490657
v 0.93058652 -0.043970995 0.490657
v 0.93036753 -0.044801991 0.468889
v 0.93036753 -0.044801991 0.468889
v 0.92870349 -0.044681992 0.44852501
v 0.93327647 -0.022283994 0.46869001
v 0.93327647 -0.022283994 0.46869001
v 0.93325847 -0.022377994 0.44865102
v 0.93325847 -0.022377994 0.44865102
v 0.93202645 -0.022343993 0.430525
v 0.93202645 -0.022343993 0.430525
v 0.74998146 -0.012819993 0.76678503
v 0.74002343 -0.014601993 0.76696199
v 0.75338656 -0.025979994 0.76679403
v 0.74412447 -0.029286994 0.76687199
v 0.76037341 -0.038038991 0.766886
v 0.75133449 -0.043465994 0.76674402
v 0.7699185 -0.047941994 0.76694399
v 0.76137453 -0.055024993 0.76671898
v 0.78130049 -0.054915994 0.76703298
v 0.77384549 -0.063505992 0.76669002
v 0.76660949 -0.071523994 0.76435399
v 0.7877875 -0.068797991 0.76662302
v 0.78175253 -0.077858992 0.76409501
v 0.7760095 -0.084604993 0.75683302
v 0.79748446 -0.081381992 0.76378202
v 0.7929545 -0.089070991 0.75659603
v 0.80976552 -0.090791993 0.75603598
v 0.80579454 -0.10044799 0.74476498
v 0.80073744 -0.111954 0.73041499
v 0.82356054 -0.10021799 0.74367702
v 0.82107955 -0.11211399 0.73001701
v 0.8178665 -0.12431999 0.716187
v 0.8178665 -0.12431999 0.716187
v 0.83950454 -0.109313 0.72931904
v 0.83950454 -0.109313 0.72931904
v 0.83844644 -0.12172099 0.71566302
v 0.83844644 -0.12172099 0.71566302
v 0.8360365 -0.130998 0.700221
v 0.8561905 -0.116423 0.71442103
v 0.85550958 -0.125866 0.69887704
v 0.85247248 -0.12921199 0.68063599
v 0.87256652 -0.11891399 0.69758803
v 0.87055641 -0.122132 0.67930299
v 0.86770445 -0.12418399 0.65890104
v 0.88665348 -0.113438 0.67795199
v 0.88445252 -0.114921 0.65752602
v 0.88188249 -0.11681499 0.635427
v 0.89967948 -0.10468599 0.656322
v 0.8977235 -0.10600299 0.63423902
v 0.89555651 -0.10781199 0.61096001
v 0.91186851 -0.092179991 0.63321102
v 0.90956455 -0.093247995 0.60973501
v 0.90665847 -0.094552994 0.58593702
v 0.92280442 -0.07695099 0.60885298
v 0.91905957 -0.077085994 0.58480901
v 0.91626745 -0.077985995 0.561409
v 0.93037051 -0.059470993 0.584337
v 0.92916042 -0.060348991 0.56057501
v 0.92684346 -0.061310992 0.53762001
v 0.93476051 -0.039940994 0.56038702
v 0.93299657 -0.041123994 0.53630501
v 0.9316265 -0.042636994 0.51319301
v 0.9316265 -0.042636994 0.51319301
v 0.9384535 -0.020881994 0.53542602
v 0.9384535 -0.020881994 0.53542602
v 0.93404156 -0.021091994 0.51247799
v 0.93404156 -0.021091994 0.51247799
v 0.93203145 -0.021704992 0.490024
v 0.93203145 -0.021704992 0.490024
v 0.76904851 -0.0098029934 0.76645601
v 0.76009256 -0.011298993 0.76602101
v 0.77149647 -0.019270994 0.76657999
v 0.76290947 -0.022515994 0.76618701
v 0.77708346 -0.027417993 0.76590198
v 0.76887649 -0.032716993 0.76614702
v 0.7854045 -0.033164993 0.76442403
v 0.77805144 -0.040531993 0.76600301
v 0.7947275 -0.036708992 0.76361501
v 0.78851551 -0.045296993 0.76583099
v 0.80441242 -0.038682994 0.763111
v 0.79958552 -0.048103992 0.765365
v 0.79360753 -0.058880992 0.76677501
v 0.81092447 -0.048880994 0.76472199
v 0.8065185 -0.060319994 0.76648903
v 0.80202442 -0.071102992 0.76652199
v 0.8189705 -0.059762992 0.76613402
v 0.81578952 -0.071297996 0.76626998
v 0.81289941 -0.082255997 0.76341099
v 0.82873541 -0.069516994 0.76602101
v 0.82741457 -0.080738991 0.76274902
v 0.82567149 -0.089924991 0.75506103
v 0.83997256 -0.077292994 0.762371
v 0.83998257 -0.08676099 0.75413603
v 0.83998257 -0.08676099 0.75413603
v 0.83983248 -0.09732499 0.74256504
v 0.83983248 -0.09732499 0.74256504
v 0.85194355 -0.082159996 0.75327003
v 0.85194355 -0.082159996 0.75327003
v 0.85350651 -0.09284699 0.74148202
v 0.85525256 -0.104716 0.72817498
v 0.86535746 -0.087336995 0.74011403
v 0.86872452 -0.09882199 0.72664499
v 0.87136549 -0.10979799 0.71274298
v 0.88071758 -0.091590993 0.72459
v 0.88471049 -0.10195799 0.71082103
v 0.88784951 -0.11095399 0.69624901
v 0.89768654 -0.092456996 0.709131
v 0.9025355 -0.101184 0.694897
v 0.90158051 -0.103494 0.676579
v 0.91606051 -0.08809799 0.692783
v 0.91570145 -0.090211995 0.67524201
v 0.91389042 -0.091208994 0.65529901
v 0.9280495 -0.073903993 0.67415798
v 0.92625052 -0.074640997 0.65459102
v 0.92456657 -0.075802997 0.63251203
v 0.93583649 -0.056020994 0.65431702
v 0.93364555 -0.057047993 0.63225001
v 0.93210346 -0.058491994 0.60844803
v 0.94052953 -0.037677992 0.63192099
v 0.93894058 -0.038811993 0.60771501
v 0.93725759 -0.039961994 0.58442199
v 0.9422155 -0.014010993 0.60382998
v 0.9422155 -0.014010993 0.60382998
v 0.94009858 -0.019318992 0.58408499
v 0.93956047 -0.020363994 0.55982304
v 0.93956047 -0.020363994 0.55982304
v 0.78369957 -0.0068939929 0.77244002
v 0.78369957 -0.0068939929 0.77244002
v 0.77721852 -0.008127993 0.768556
v 0.78631145 -0.013846993 0.77278602
v 0.78631145 -0.013846993 0.77278602
v 0.77979141 -0.015751993 0.76838601
v 0.78968245 -0.019124992 0.77128798
v 0.78968245 -0.019124992 0.77128798
v 0.78489143 -0.022076992 0.76758099
v 0.78489143 -0.022076992 0.76758099
v 0.79571444 -0.021773994 0.77193099
v 0.79201347 -0.026078993 0.76631999
v 0.79201347 -0.026078993 0.76631999
v 0.80426842 -0.024906993 0.77183902
v 0.80012649 -0.028881993 0.76574999
v 0.80012649 -0.028881993 0.76574999
v 0.81209952 -0.026320994 0.77191699
v 0.80866653 -0.030064993 0.76506603
v 0.80866653 -0.030064993 0.76506603
v 0.82095951 -0.027058993 0.77203602
v 0.82095951 -0.027058993 0.77203602
v 0.81763047 -0.030522993 0.76424199
v 0.81763047 -0.030522993 0.76424199
v 0.81763047 -0.030522993 0.76424199
v 0.81455249 -0.039143994 0.76268601
v 0.82756454 -0.029473994 0.76404899
v 0.82756454 -0.029473994 0.76404899
v 0.82486647 -0.037514992 0.76240003
v 0.82221943 -0.047602993 0.76405603
v 0.83539754 -0.033993993 0.76264203
v 0.83291548 -0.044286992 0.76371104
v 0.83040458 -0.057062995 0.76586002
v 0.84249955 -0.039793994 0.76346403
v 0.83967549 -0.052290995 0.76556301
v 0.83942252 -0.065827996 0.76587403
v 0.84692341 -0.046518993 0.765122
v 0.84818155 -0.061088994 0.76583201
v 0.85036546 -0.072636992 0.76199502
v 0.85490447 -0.055447992 0.765755
v 0.85920745 -0.067015991 0.76157498
v 0.86223251 -0.076565996 0.75242001
v 0.86223251 -0.076565996 0.75242001
v 0.87150341 -0.070161991 0.75177902
v 0.87150341 -0.070161991 0.75177902
v 0.87617141 -0.080770992 0.73859
v 0.87985152 -0.062768996 0.750669
v 0.87985152 -0.062768996 0.750669
v 0.8862465 -0.072649993 0.73716503
v 0.89221245 -0.08288499 0.722763
v 0.89552051 -0.063287996 0.73591703
v 0.90297753 -0.072035991 0.72115803
v 0.91004854 -0.080499992 0.70766699
v 0.91212147 -0.059519991 0.72012502
v 0.92069751 -0.066217996 0.70630801
v 0.92759949 -0.072022989 0.69159502
v 0.92883354 -0.050067995 0.70510703
v 0.93632942 -0.053759992 0.69059902
v 0.93762451 -0.055358995 0.673702
v 0.94227654 -0.034901991 0.69024003
v 0.94388443 -0.035908993 0.67390102
v 0.94227058 -0.036659993 0.65429103
v 0.94699842 -0.017175993 0.67450601
v 0.94699842 -0.017175993 0.67450601
v 0.94640452 -0.017818993 0.65424901
v 0.94640452 -0.017818993 0.65424901
v 0.94436449 -0.017788993 0.63149303
v 0.94436449 -0.017788993 0.63149303
v 0.79940552 -0.0071939933 0.78344798
v 0.80896252 -0.0080939932 0.78471899
v 0.80716258 -0.018050993 0.78201103
v 0.81709844 -0.0095139928 0.78481603
v 0.8129825 -0.023671994 0.78011501
v 0.8129825 -0.023671994 0.78011501
v 0.82597142 -0.010369993 0.78442502
v 0.82351643 -0.024236994 0.780173
v 0.82351643 -0.024236994 0.780173
v 0.82351643 -0.024236994 0.780173
v 0.83271748 -0.025831994 0.77320701
v 0.87540942 -0.0093939928 0.76410002
v 0.86498648 -0.0099849934 0.76310802
v 0.87233955 -0.018167993 0.76416802
v 0.86254448 -0.018834993 0.76314801
v 0.86760253 -0.025563993 0.76422501
v 0.85915858 -0.026715994 0.763331
v 0.85228747 -0.028545992 0.76295602
v 0.85574847 -0.033839993 0.76389098
v 0.84963948 -0.036277995 0.76357102
v 0.84515744 -0.030853992 0.76261699
v 0.85296947 -0.041022994 0.76470202
v 0.86234742 -0.032600991 0.764498
v 0.88036448 -0.027911993 0.76357102
v 0.87545151 -0.034384992 0.76474303
v 0.89127856 -0.031779993 0.757653
v 0.88593847 -0.040217992 0.75849998
v 0.88012749 -0.047631994 0.75970298
v 0.89445359 -0.045874994 0.748218
v 0.89445359 -0.045874994 0.748218
v 0.88759142 -0.054765992 0.74944401
v 0.88759142 -0.054765992 0.74944401
v 0.90355247 -0.052688994 0.73487198
v 0.90355247 -0.052688994 0.73487198
v 0.90022045 -0.035862993 0.74715602
v 0.91004354 -0.040657993 0.73405099
v 0.91004354 -0.040657993 0.73405099
v 0.91965753 -0.045577992 0.71920002
v 0.9148075 -0.027592992 0.73333001
v 0.9148075 -0.027592992 0.73333001
v 0.9250775 -0.030511994 0.71831703
v 0.9250775 -0.030511994 0.71831703
v 0.93448049 -0.032825992 0.70430303
v 0.93448049 -0.032825992 0.70430303
v 0.92814642 -0.015036993 0.71782804
v 0.9375785 -0.015857993 0.70414603
v 0.9375785 -0.015857993 0.70414603
v 0.9375785 -0.015857993 0.70414603
v 0.94602448 -0.016684992 0.691136
v 0.94602448 -0.016684992 0.691136
v 0.89743143 -0.011108994 0.75633901
v 0.88692242 -0.010062994 0.76298803
v 0.89482456 -0.021872994 0.75667298
v 0.88438255 -0.019599993 0.76341599
v 0.90773755 -0.012393993 0.74631602
v 0.90472943 -0.024618993 0.74659801
v 0.91782957 -0.013804993 0.73287898
v 0.92718452 -0.029413993 0.049591009
v 0.92094749 -0.028881993 0.026204007
v 0.91571647 -0.028546993 0.0026590067
v 0.91571647 -0.028546993 0.0026590067
v 0.91068655 -0.028269993 -0.020751992
v 0.91068655 -0.028269993 -0.020751992
v 0.90559047 -0.028032994 -0.044073991
v 0.90559047 -0.028032994 -0.044073991
v 0.9003585 -0.027793992 -0.067317992
v 0.89514047 -0.027607992 -0.090567991
v 0.88997346 -0.027539993 -0.11375299
v 0.88475257 -0.027465994 -0.13697599
v 0.87961656 -0.027418993 -0.16026799
v 0.87525648 -0.054555994 -0.15880799
v 0.87437445 -0.027298992 -0.18360399
v 0.87042958 -0.054379992 -0.18225199
v 0.86242849 -0.080531992 -0.17996499
v 0.86529046 -0.054216992 -0.20576599
v 0.85751754 -0.080349997 -0.20351799
v 0.84672552 -0.10529 -0.20055699
v 0.85282642 -0.080236994 -0.22726999
v 0.84189349 -0.105069 -0.22428799
v 0.8283245 -0.12841599 -0.22074699
v 0.83730251 -0.10496999 -0.24824099
v 0.82368749 -0.12825999 -0.244737
v 0.8077305 -0.149721 -0.240844
v 0.81917852 -0.128179 -0.268942
v 0.80312043 -0.14950399 -0.265127
v 0.7846505 -0.16843899 -0.260892
v 0.79863745 -0.149352 -0.28965399
v 0.78017253 -0.168248 -0.28553998
v 0.76001447 -0.184983 -0.281106
v 0.76442152 -0.18517199 -0.256329
v 0.73950654 -0.19867499 -0.27683198
v 0.74315554 -0.19884399 -0.251753
v 0.72485143 -0.206294 -0.27381799
v 0.72772342 -0.20662299 -0.24871199
v 0.73584753 -0.198606 -0.301898
v 0.75592953 -0.18502399 -0.30612999
v 0.75207049 -0.18505399 -0.331505
v 0.77586049 -0.168084 -0.31044099
v 0.77191049 -0.168037 -0.335648
v 0.76826948 -0.16799699 -0.36134398
v 0.78990346 -0.14887299 -0.339405
v 0.78608757 -0.148773 -0.36476198
v 0.80583555 -0.12742299 -0.34278199
v 0.80212647 -0.12723099 -0.36789298
v 0.79903251 -0.12714599 -0.39326
v 0.81535047 -0.10353399 -0.37083098
v 0.81220943 -0.103296 -0.39612699
v 0.80990249 -0.10328799 -0.42178398
v 0.82240945 -0.078069992 -0.39905998
v 0.81997353 -0.078053996 -0.42501
v 0.81850153 -0.078666992 -0.45161298
v 0.82679552 -0.052163992 -0.428123
v 0.82477349 -0.052651994 -0.45524999
v 0.82238048 -0.053536993 -0.48300898
v 0.82795149 -0.026217993 -0.45792398
v 0.82795149 -0.026217993 -0.45792398
v 0.82564455 -0.026797993 -0.485991
v 0.82564455 -0.026797993 -0.485991
v 0.82309049 -0.027499992 -0.51459497
v 0.82309049 -0.027499992 -0.51459497
v 0.8446365 -0.026606994 -0.32723999
v 0.8446365 -0.026606994 -0.32723999
v 0.84954244 -0.026799994 -0.30279198
v 0.84954244 -0.026799994 -0.30279198
v 0.85463148 -0.026952993 -0.27864999
v 0.85941344 -0.027035993 -0.254619
v 0.86462241 -0.027152993 -0.23083
v 0.85037452 -0.053701993 -0.27726299
v 0.86993247 -0.027283993 -0.20724
v 0.84272248 -0.079686992 -0.27509099
v 0.83239442 -0.10470899 -0.27229598
v 0.83804947 -0.079454996 -0.29932499
v 0.82758743 -0.10439199 -0.296547
v 0.81466049 -0.12801999 -0.29334
v 0.8230775 -0.10411999 -0.32104298
v 0.81015545 -0.12775299 -0.31793401
v 0.79416543 -0.14909799 -0.314394
v 0.81896251 -0.10382399 -0.34580898
v 0.83322853 -0.079025991 -0.32373598
v 0.82892042 -0.078611992 -0.34844199
v 0.82534558 -0.078281991 -0.37354198
v 0.83630949 -0.052744992 -0.35065198
v 0.83251244 -0.052397992 -0.375889
v 0.82929546 -0.052140992 -0.40167201
v 0.8366515 -0.026209993 -0.377529
v 0.8366515 -0.026209993 -0.377529
v 0.83358949 -0.026104992 -0.40358999
v 0.83358949 -0.026104992 -0.40358999
v 0.83099943 -0.026095994 -0.430406
v 0.83099943 -0.026095994 -0.430406
v 0.84028047 -0.026388993 -0.35208499
v 0.84028047 -0.026388993 -0.35208499
v 0.84048551 -0.053068992 -0.32583401
v 0.84534556 -0.053418994 -0.301424
v 0.50014347 -0.20157599 -0.47506601
v 0.48910743 -0.19919999 -0.50407201
v 0.47484857 -0.19585799 -0.53602201
v 0.50784248 -0.20830099 -0.50179297
v 0.49729747 -0.206001 -0.52922601
v 0.48543149 -0.20455599 -0.55707198
v 0.46172351 -0.19642499 -0.56776696
v 0.48147851 -0.20500599 -0.58126599
v 0.46337146 -0.19322599 -0.59364098
v 0.44992453 -0.177655 -0.60800701
v 0.47325045 -0.19254699 -0.61465597
v 0.48651749 -0.20438699 -0.60115898
v 0.4970265 -0.20455299 -0.62027097
v 0.50086957 -0.21142699 -0.59139502
v 0.51917249 -0.21456999 -0.60089898
v 0.52832943 -0.21515599 -0.61560798
v 0.54020554 -0.215342 -0.62713599
v 0.53699952 -0.214729 -0.60695702
v 0.54699546 -0.214488 -0.61683697
v 0.55819541 -0.214775 -0.62382102
v 0.56226152 -0.20871799 -0.61285198
v 0.52985245 -0.21474299 -0.59469998
v 0.5280115 -0.21467599 -0.58081698
v 0.53981358 -0.21045999 -0.57786697
v 0.51462847 -0.21435699 -0.58512902
v 0.51500255 -0.214525 -0.56779802
v 0.53015357 -0.214947 -0.56466901
v 0.50426155 -0.211137 -0.55082202
v 0.52061158 -0.215241 -0.54740101
v 0.52061158 -0.215241 -0.54740101
v 0.51368958 -0.212598 -0.52595198
v 0.78771645 -0.0067719929 0.78007001
v 0.78771645 -0.0067719929 0.78007001
v 0.80447251 -0.021678993 0.78007001
v 0.80447251 -0.021678993 0.78007001
f 8 45 46
f 8 46 47
f 8 48 49
f 8 49 50
f 8 47 51
f 8 51 48
f 9 52 54
f 9 54 56
f 9 56 57
f 9 57 58
f 9 58 59
f 9 59 52
f 10 60 61
f 10 61 62
f 10 62 63
f 10 63 64
f 10 64 65
f 10 65 60
f 11 66 67
f 11 67 68
f 11 68 69
f 11 69 70
f 11 70 71
f 11 71 66
f 12 72 73
f 12 73 74
f 12 74 75
f 12 75 76
f 12 76 77
f 12 77 78
f 12 79 80
f 12 80 72
f 12 78 81
f 12 81 79
f 82 83 85
f 82 85 87
f 13 88 89
f 13 89 91
f 95 97 88
f 95 88 13
f 13 91 93
f 13 93 95
f 14 98 99
f 14 99 100
f 14 102 104
f 14 104 98
f 15 101 105
f 15 105 103
f 16 106 107
f 16 107 108
f 16 109 110
f 16 110 106
f 16 108 111
f 16 111 112
f 16 113 114
f 16 114 109
f 16 112 115
f 16 115 113
f 17 116 118
f 17 118 120
f 18 122 123
f 18 123 117
f 17 120 124
f 17 124 121
f 19 125 127
f 19 127 128
f 20 130 131
f 20 131 126
f 21 129 133
f 21 133 134
f 20 135 137
f 20 137 130
f 21 134 139
f 21 139 136
f 22 140 143
f 22 143 118
f 23 144 145
f 23 145 141
f 23 119 117
f 23 117 144
f 24 147 148
f 24 148 150
f 24 150 151
f 24 151 152
f 24 152 153
f 24 153 154
f 25 155 156
f 25 156 157
f 25 159 161
f 25 161 155
f 25 157 163
f 25 163 159
f 27 165 166
f 27 166 168
f 26 169 170
f 26 170 164
f 26 171 172
f 26 172 173
f 26 173 174
f 26 174 169
f 26 167 175
f 26 175 171
f 28 176 177
f 28 177 179
f 28 181 183
f 28 183 176
f 29 180 184
f 29 184 182
f 31 186 187
f 31 187 189
f 30 188 190
f 30 190 191
f 30 192 193
f 30 193 185
f 32 172 171
f 32 171 195
f 32 195 196
f 32 196 197
f 32 197 198
f 32 198 172
f 33 199 200
f 33 200 201
f 203 204 199
f 203 199 33
f 33 201 202
f 33 202 203
f 34 205 202
f 34 202 201
f 34 201 206
f 34 206 207
f 34 207 208
f 34 208 205
f 35 211 213
f 35 213 215
f 37 226 228
f 37 228 229
f 37 229 230
f 37 230 232
f 37 232 221
f 37 221 220
f 36 218 224
f 36 224 235
f 36 235 236
f 36 236 225
f 38 237 238
f 38 238 239
f 38 240 241
f 38 241 237
f 244 247 249
f 244 249 245
f 250 248 251
f 250 251 252
f 256 257 258
f 256 258 259
f 256 255 260
f 260 261 262
f 260 262 263
f 260 263 264
f 260 255 254
f 260 254 261
f 264 265 266
f 264 266 267
f 264 267 258
f 264 258 257
f 264 263 268
f 268 269 270
f 268 270 271
f 268 271 272
f 268 263 262
f 268 262 269
f 272 273 274
f 272 274 275
f 272 275 266
f 272 266 265
f 272 271 276
f 276 277 278
f 276 278 69
f 276 69 68
f 276 68 273
f 276 271 270
f 276 270 277
f 278 279 280
f 278 280 281
f 278 281 70
f 278 70 69
f 278 277 282
f 278 282 279
f 282 283 284
f 282 284 279
f 282 277 270
f 282 270 285
f 282 285 286
f 282 286 283
f 286 287 288
f 286 288 283
f 286 285 289
f 286 289 290
f 286 290 291
f 286 291 287
f 291 292 293
f 291 293 287
f 291 290 294
f 291 294 295
f 291 295 296
f 291 296 292
f 296 297 298
f 296 298 292
f 296 295 299
f 296 299 300
f 296 300 301
f 296 301 297
f 301 302 303
f 301 303 297
f 301 300 304
f 301 304 305
f 301 305 306
f 301 306 302
f 306 307 308
f 306 308 302
f 309 310 311
f 309 311 312
f 309 312 308
f 309 308 307
f 312 311 313
f 312 313 314
f 312 314 315
f 312 315 308
f 315 314 316
f 315 316 317
f 315 317 318
f 315 318 303
f 315 303 302
f 315 302 308
f 318 317 319
f 318 319 320
f 318 320 321
f 318 321 298
f 318 298 297
f 318 297 303
f 321 320 322
f 321 322 323
f 321 323 324
f 321 324 293
f 321 293 292
f 321 292 298
f 324 323 325
f 324 325 326
f 324 326 327
f 324 327 288
f 324 288 287
f 324 287 293
f 327 326 328
f 327 328 329
f 327 329 330
f 327 330 284
f 327 284 283
f 327 283 288
f 330 329 331
f 330 331 332
f 330 332 333
f 330 333 280
f 330 280 279
f 330 279 284
f 333 332 335
f 333 335 337
f 333 337 339
f 333 339 340
f 333 340 281
f 333 281 280
f 340 339 342
f 340 342 71
f 340 71 70
f 340 70 281
f 341 338 343
f 341 343 344
f 341 344 345
f 341 345 346
f 342 347 66
f 342 66 71
f 346 345 348
f 346 348 349
f 347 350 67
f 347 67 66
f 349 348 351
f 349 351 352
f 350 353 274
f 350 274 67
f 352 351 354
f 352 354 356
f 353 357 275
f 353 275 274
f 357 355 359
f 357 359 360
f 357 360 266
f 357 266 275
f 360 359 362
f 360 362 363
f 360 363 267
f 360 267 266
f 363 362 365
f 363 365 366
f 363 366 258
f 363 258 267
f 366 365 367
f 366 367 368
f 366 368 259
f 366 259 258
f 369 371 373
f 369 373 370
f 373 375 377
f 373 377 370
f 374 372 378
f 374 378 379
f 374 379 380
f 374 380 376
f 380 381 383
f 380 383 376
f 380 379 384
f 380 384 385
f 380 385 386
f 380 386 381
f 386 387 388
f 386 388 381
f 386 385 389
f 386 389 390
f 386 390 391
f 386 391 387
f 391 392 393
f 391 393 387
f 391 390 394
f 391 394 395
f 391 395 396
f 391 396 392
f 396 397 398
f 396 398 392
f 396 395 399
f 396 399 400
f 396 400 401
f 396 401 397
f 401 400 402
f 401 402 403
f 405 304 300
f 405 300 299
f 405 299 407
f 405 407 406
f 407 299 295
f 407 295 294
f 407 294 408
f 407 408 409
f 407 409 410
f 407 410 406
f 410 409 261
f 410 261 254
f 409 408 262
f 409 262 261
f 408 294 290
f 408 290 289
f 408 289 269
f 408 269 262
f 412 411 413
f 412 413 415
f 412 415 311
f 412 311 310
f 415 413 417
f 414 416 418
f 415 419 313
f 415 313 311
f 419 417 420
f 419 420 421
f 419 421 422
f 419 422 313
f 422 421 423
f 422 423 424
f 422 424 425
f 422 425 316
f 422 316 314
f 422 314 313
f 425 424 426
f 425 426 427
f 425 427 428
f 425 428 319
f 425 319 317
f 425 317 316
f 428 427 429
f 428 429 430
f 428 430 431
f 428 431 322
f 428 322 320
f 428 320 319
f 431 430 432
f 431 432 433
f 431 433 434
f 431 434 325
f 431 325 323
f 431 323 322
f 434 433 435
f 434 435 436
f 434 436 437
f 434 437 328
f 434 328 326
f 434 326 325
f 437 436 439
f 437 439 441
f 437 441 443
f 437 443 331
f 437 331 329
f 437 329 328
f 442 440 444
f 442 444 445
f 442 445 446
f 442 446 334
f 443 335 332
f 443 332 331
f 446 445 447
f 446 447 448
f 446 448 449
f 446 449 450
f 446 450 336
f 446 336 334
f 450 449 451
f 450 451 343
f 450 343 338
f 450 338 336
f 451 449 452
f 451 452 453
f 451 453 454
f 451 454 455
f 451 455 344
f 451 344 343
f 455 454 456
f 455 456 457
f 455 457 345
f 455 345 344
f 457 456 458
f 457 458 460
f 457 460 348
f 457 348 345
f 460 458 461
f 460 461 463
f 460 463 351
f 460 351 348
f 463 461 464
f 463 464 466
f 463 466 354
f 463 354 351
f 466 464 467
f 466 467 469
f 466 469 358
f 466 358 354
f 470 468 471
f 470 471 473
f 469 472 361
f 469 361 358
f 473 471 474
f 473 474 477
f 472 475 364
f 472 364 361
f 477 474 478
f 477 478 480
f 476 479 367
f 476 367 365
f 482 483 484
f 482 484 485
f 482 481 486
f 482 486 483
f 486 487 488
f 486 488 483
f 486 481 478
f 486 478 474
f 486 474 471
f 486 471 487
f 488 489 490
f 488 490 491
f 488 491 484
f 488 484 483
f 488 487 492
f 488 492 489
f 492 493 494
f 492 494 489
f 492 487 471
f 492 471 468
f 492 468 465
f 492 465 493
f 494 495 496
f 494 496 497
f 494 497 490
f 494 490 489
f 494 493 498
f 494 498 495
f 498 500 501
f 498 501 495
f 498 493 465
f 498 465 462
f 498 462 459
f 498 459 500
f 501 503 505
f 501 505 506
f 501 506 496
f 501 496 495
f 501 500 508
f 501 508 503
f 507 509 510
f 507 510 502
f 507 499 458
f 507 458 456
f 507 456 454
f 507 454 509
f 510 511 512
f 510 512 513
f 510 513 504
f 510 504 502
f 510 509 514
f 510 514 511
f 514 515 516
f 514 516 511
f 514 509 454
f 514 454 453
f 514 453 452
f 514 452 515
f 516 517 518
f 516 518 519
f 516 519 512
f 516 512 511
f 516 515 520
f 516 520 517
f 520 521 522
f 520 522 517
f 520 515 452
f 520 452 523
f 520 523 524
f 520 524 521
f 524 525 526
f 524 526 521
f 524 523 448
f 524 448 447
f 524 447 527
f 524 527 525
f 527 528 529
f 527 529 525
f 527 447 445
f 527 445 444
f 527 444 530
f 527 530 528
f 530 531 532
f 530 532 528
f 530 440 438
f 530 438 533
f 530 533 531
f 533 535 537
f 533 537 531
f 534 439 436
f 534 436 435
f 534 435 538
f 534 538 536
f 538 539 541
f 538 541 536
f 538 435 433
f 538 433 432
f 538 432 542
f 538 542 539
f 542 543 544
f 542 544 539
f 542 432 430
f 542 430 429
f 542 429 545
f 542 545 543
f 545 546 547
f 545 547 543
f 545 429 427
f 545 427 426
f 545 426 548
f 545 548 546
f 548 549 550
f 548 550 546
f 548 426 424
f 548 424 423
f 548 423 551
f 548 551 549
f 551 552 553
f 551 553 549
f 551 423 421
f 551 421 420
f 551 420 554
f 551 554 552
f 554 556 552
f 554 420 417
f 554 417 557
f 554 557 558
f 558 560 561
f 558 557 562
f 558 562 563
f 559 564 566
f 558 565 560
f 565 567 568
f 565 568 560
f 565 563 569
f 565 569 570
f 565 570 571
f 565 571 567
f 571 572 573
f 571 573 567
f 574 575 576
f 574 576 577
f 574 577 573
f 577 576 578
f 577 578 579
f 577 579 580
f 577 580 573
f 580 579 581
f 580 581 582
f 580 582 583
f 580 583 568
f 580 568 567
f 580 567 573
f 583 582 584
f 583 584 585
f 583 585 586
f 583 586 561
f 583 561 560
f 583 560 568
f 586 585 587
f 586 587 588
f 586 588 589
f 586 555 561
f 589 588 590
f 589 590 591
f 589 591 592
f 589 592 553
f 589 553 552
f 589 552 556
f 592 591 593
f 592 593 594
f 592 594 595
f 592 595 550
f 592 550 549
f 592 549 553
f 595 594 596
f 595 596 597
f 595 597 598
f 595 598 547
f 595 547 546
f 595 546 550
f 598 597 600
f 598 600 602
f 598 602 604
f 598 604 544
f 598 544 543
f 598 543 547
f 603 601 605
f 603 605 606
f 603 606 607
f 603 607 540
f 604 541 539
f 604 539 544
f 607 606 608
f 607 608 609
f 607 609 610
f 607 610 537
f 607 537 535
f 607 535 540
f 610 609 611
f 610 611 612
f 610 612 613
f 610 613 532
f 610 532 531
f 610 531 537
f 613 612 614
f 613 614 615
f 613 615 616
f 613 616 529
f 613 529 528
f 613 528 532
f 616 615 617
f 616 617 618
f 616 618 619
f 616 619 526
f 616 526 525
f 616 525 529
f 619 618 620
f 619 620 621
f 619 621 622
f 619 622 522
f 619 522 521
f 619 521 526
f 622 621 623
f 622 623 624
f 622 624 625
f 622 625 518
f 622 518 517
f 622 517 522
f 625 624 626
f 625 626 627
f 625 627 628
f 625 628 629
f 625 629 519
f 625 519 518
f 629 628 630
f 629 630 631
f 629 631 512
f 629 512 519
f 631 630 632
f 631 632 633
f 631 633 513
f 631 513 512
f 633 632 634
f 633 634 636
f 633 636 504
f 633 504 513
f 637 635 638
f 637 638 639
f 637 639 506
f 637 506 505
f 639 638 640
f 639 640 641
f 639 641 496
f 639 496 506
f 641 640 642
f 641 642 643
f 641 643 497
f 641 497 496
f 643 642 644
f 643 644 645
f 643 645 490
f 643 490 497
f 645 644 646
f 645 646 647
f 645 647 491
f 645 491 490
f 647 646 648
f 647 648 649
f 647 649 484
f 647 484 491
f 649 648 650
f 649 650 651
f 649 651 485
f 649 485 484
f 656 655 658
f 656 658 659
f 656 659 660
f 656 660 378
f 660 384 379
f 660 379 378
f 660 659 661
f 660 661 662
f 660 662 663
f 660 663 384
f 663 389 385
f 663 385 384
f 663 662 664
f 663 664 665
f 663 665 666
f 663 666 389
f 666 394 390
f 666 390 389
f 666 665 667
f 666 667 668
f 666 668 669
f 666 669 394
f 669 399 395
f 669 395 394
f 669 668 670
f 669 670 671
f 669 671 672
f 669 672 399
f 672 402 400
f 672 400 399
f 672 671 673
f 672 673 674
f 672 674 675
f 672 675 402
f 675 404 403
f 675 403 402
f 675 674 676
f 675 676 677
f 675 677 678
f 675 678 404
f 678 677 679
f 678 679 680
f 682 569 563
f 682 563 562
f 682 562 413
f 682 413 411
f 684 683 685
f 684 685 686
f 684 686 576
f 684 576 575
f 686 685 687
f 686 687 688
f 686 688 578
f 686 578 576
f 688 687 689
f 688 689 690
f 688 690 691
f 688 691 578
f 691 690 692
f 691 692 693
f 691 693 694
f 691 694 581
f 691 581 579
f 691 579 578
f 694 693 695
f 694 695 696
f 694 696 697
f 694 697 584
f 694 584 582
f 694 582 581
f 697 696 698
f 697 698 699
f 697 699 700
f 697 700 587
f 697 587 585
f 697 585 584
f 700 699 701
f 700 701 702
f 700 702 703
f 700 703 590
f 700 590 588
f 700 588 587
f 703 702 704
f 703 704 705
f 703 705 706
f 703 706 593
f 703 593 591
f 703 591 590
f 706 705 708
f 706 708 710
f 706 710 712
f 706 712 596
f 706 596 594
f 706 594 593
f 711 709 713
f 711 713 714
f 711 714 715
f 711 715 599
f 712 600 597
f 712 597 596
f 715 714 716
f 715 716 717
f 715 717 718
f 715 718 605
f 715 605 601
f 715 601 599
f 718 717 719
f 718 719 720
f 718 720 721
f 718 721 608
f 718 608 606
f 718 606 605
f 721 720 722
f 721 722 723
f 721 723 724
f 721 724 611
f 721 611 609
f 721 609 608
f 724 723 725
f 724 725 726
f 724 726 727
f 724 727 614
f 724 614 612
f 724 612 611
f 727 726 728
f 727 728 729
f 727 729 730
f 727 730 617
f 727 617 615
f 727 615 614
f 730 729 731
f 730 731 732
f 730 732 733
f 730 733 620
f 730 620 618
f 730 618 617
f 733 732 734
f 733 734 735
f 733 735 736
f 733 736 623
f 733 623 621
f 733 621 620
f 736 735 737
f 736 737 738
f 736 738 739
f 736 739 626
f 736 626 624
f 736 624 623
f 739 738 740
f 739 740 741
f 739 741 742
f 739 742 743
f 739 743 627
f 739 627 626
f 743 742 744
f 743 744 745
f 743 745 628
f 743 628 627
f 745 744 746
f 745 746 747
f 745 747 630
f 745 630 628
f 747 746 748
f 747 748 749
f 747 749 632
f 747 632 630
f 749 748 750
f 749 750 752
f 749 752 634
f 749 634 632
f 753 751 754
f 753 754 755
f 753 755 638
f 753 638 635
f 755 754 756
f 755 756 757
f 755 757 640
f 755 640 638
f 757 756 758
f 757 758 759
f 757 759 642
f 757 642 640
f 759 758 760
f 759 760 761
f 759 761 644
f 759 644 642
f 761 760 762
f 761 762 763
f 761 763 646
f 761 646 644
f 763 762 764
f 763 764 765
f 763 765 648
f 763 648 646
f 765 764 766
f 765 766 767
f 765 767 650
f 765 650 648
f 771 769 772
f 771 772 773
f 773 772 774
f 781 782 783
f 781 783 784
f 790 789 791
f 790 791 792
f 790 792 793
f 790 793 653
f 793 657 654
f 793 654 653
f 793 792 794
f 793 794 795
f 793 795 796
f 793 796 657
f 797 661 659
f 797 659 658
f 796 795 798
f 796 798 799
f 797 800 801
f 797 801 661
f 801 664 662
f 801 662 661
f 801 800 803
f 801 803 804
f 801 804 805
f 801 805 664
f 805 667 665
f 805 665 664
f 805 804 806
f 805 806 807
f 805 807 808
f 805 808 667
f 808 670 668
f 808 668 667
f 808 807 809
f 808 809 810
f 808 810 811
f 808 811 670
f 811 673 671
f 811 671 670
f 811 810 812
f 811 812 813
f 811 813 814
f 811 814 673
f 814 676 674
f 814 674 673
f 814 813 815
f 814 815 816
f 814 816 817
f 814 817 676
f 817 679 677
f 817 677 676
f 817 816 818
f 817 818 819
f 817 819 820
f 817 820 679
f 820 681 680
f 820 680 679
f 820 819 821
f 820 821 822
f 820 822 823
f 820 823 681
f 823 822 824
f 823 824 825
f 829 827 831
f 829 831 832
f 830 833 685
f 830 685 683
f 832 831 834
f 832 834 835
f 833 836 687
f 833 687 685
f 835 834 837
f 835 837 838
f 836 839 689
f 836 689 687
f 838 837 840
f 839 841 842
f 839 842 689
f 842 843 844
f 842 844 692
f 842 692 690
f 842 690 689
f 844 843 845
f 844 845 846
f 844 846 847
f 844 847 695
f 844 695 693
f 844 693 692
f 847 846 157
f 847 157 156
f 847 156 848
f 847 848 698
f 847 698 696
f 847 696 695
f 848 156 155
f 848 155 849
f 848 849 850
f 848 850 701
f 848 701 699
f 848 699 698
f 850 849 852
f 850 852 854
f 850 854 856
f 850 856 704
f 850 704 702
f 850 702 701
f 855 853 857
f 855 857 858
f 855 858 859
f 855 859 707
f 856 708 705
f 856 705 704
f 859 858 860
f 859 860 861
f 859 861 862
f 859 862 713
f 859 713 709
f 859 709 707
f 862 861 863
f 862 863 864
f 862 864 865
f 862 865 716
f 862 716 714
f 862 714 713
f 865 864 866
f 865 867 868
f 865 868 719
f 865 719 717
f 865 717 716
f 868 867 869
f 868 869 870
f 868 871 722
f 868 722 720
f 868 720 719
f 871 870 872
f 871 872 873
f 871 873 874
f 871 874 725
f 871 725 723
f 871 723 722
f 874 873 875
f 874 875 876
f 874 876 877
f 874 877 728
f 874 728 726
f 874 726 725
f 877 876 878
f 877 878 879
f 877 879 880
f 877 880 731
f 877 731 729
f 877 729 728
f 880 879 881
f 880 881 882
f 880 882 883
f 880 883 734
f 880 734 732
f 880 732 731
f 883 882 884
f 883 884 885
f 883 885 886
f 883 886 737
f 883 737 735
f 883 735 734
f 886 885 887
f 886 887 888
f 886 888 889
f 886 889 740
f 886 740 738
f 886 738 737
f 889 888 890
f 889 890 891
f 889 891 892
f 889 892 893
f 889 893 741
f 889 741 740
f 893 892 894
f 893 894 895
f 893 895 742
f 893 742 741
f 895 894 896
f 895 896 897
f 895 897 744
f 895 744 742
f 897 896 898
f 897 898 899
f 897 899 746
f 897 746 744
f 899 898 900
f 899 900 902
f 899 902 748
f 899 748 746
f 902 900 903
f 902 903 906
f 902 906 750
f 902 750 748
f 907 905 908
f 907 908 909
f 907 909 754
f 907 754 751
f 909 908 910
f 909 910 911
f 909 911 756
f 909 756 754
f 911 910 912
f 911 912 913
f 911 913 758
f 911 758 756
f 913 912 914
f 913 914 915
f 913 915 760
f 913 760 758
f 915 914 916
f 915 916 917
f 915 917 762
f 915 762 760
f 917 916 918
f 917 918 919
f 917 919 764
f 917 764 762
f 919 918 920
f 919 920 768
f 919 768 766
f 919 766 764
f 920 918 921
f 920 921 922
f 925 924 926
f 925 926 927
f 925 927 772
f 925 772 769
f 927 926 928
f 927 774 772
f 930 929 931
f 930 931 932
f 930 932 776
f 930 776 775
f 932 931 933
f 932 933 934
f 932 934 777
f 932 777 776
f 934 933 936
f 934 936 939
f 937 935 940
f 937 940 941
f 938 942 943
f 943 942 945
f 943 945 946
f 943 946 947
f 943 947 779
f 943 779 778
f 947 946 948
f 947 948 949
f 947 949 950
f 947 950 782
f 947 782 780
f 947 780 779
f 950 949 951
f 950 951 952
f 950 952 953
f 950 953 954
f 950 954 783
f 950 783 782
f 954 953 955
f 954 955 956
f 954 956 784
f 954 784 783
f 956 955 957
f 956 957 958
f 956 958 785
f 956 785 784
f 958 957 959
f 958 959 960
f 958 960 786
f 960 959 961
f 960 961 962
f 960 962 787
f 962 961 963
f 962 963 964
f 962 964 965
f 965 964 966
f 971 970 972
f 971 972 973
f 971 973 974
f 971 974 788
f 974 791 789
f 974 789 788
f 974 973 975
f 974 975 976
f 974 976 977
f 974 977 791
f 977 794 792
f 977 792 791
f 977 976 978
f 977 978 979
f 977 979 980
f 977 980 794
f 980 798 795
f 980 795 794
f 980 979 981
f 980 981 982
f 980 982 983
f 980 983 798
f 983 802 799
f 983 799 798
f 983 982 984
f 983 984 985
f 983 985 986
f 983 986 802
f 987 806 804
f 987 804 803
f 986 985 988
f 987 989 990
f 987 990 806
f 990 809 807
f 990 807 806
f 990 989 992
f 990 992 993
f 990 993 994
f 990 994 809
f 994 812 810
f 994 810 809
f 994 993 995
f 994 995 996
f 994 996 997
f 994 997 812
f 997 815 813
f 997 813 812
f 997 996 998
f 997 998 999
f 997 999 1000
f 997 1000 815
f 1000 818 816
f 1000 816 815
f 1000 999 1001
f 1000 1001 1002
f 1000 1002 1003
f 1000 1003 818
f 1003 821 819
f 1003 819 818
f 1003 1002 1004
f 1003 1004 1005
f 1003 1005 1006
f 1003 1006 821
f 1006 824 822
f 1006 822 821
f 1006 1005 1007
f 1006 1007 1008
f 1006 1008 1009
f 1006 1009 824
f 1009 826 825
f 1009 825 824
f 1009 1008 1010
f 1009 1010 1011
f 1009 1011 1012
f 1009 1012 826
f 1012 1011 1013
f 1012 1013 1014
f 1018 1015 1019
f 1018 1019 1021
f 1016 1020 831
f 1016 831 827
f 1021 1019 1022
f 1021 1022 1024
f 1020 1023 834
f 1020 834 831
f 1024 1022 1025
f 1024 1025 1027
f 1023 1026 837
f 1023 837 834
f 1027 1025 1028
f 1027 1028 1030
f 1026 1029 840
f 1026 840 837
f 1030 1028 1032
f 1030 1032 1034
f 1037 1038 1039
f 1037 1039 162
f 1039 1041 158
f 1039 158 162
f 1041 1040 1042
f 1041 1042 1043
f 1041 1043 160
f 1041 160 158
f 1043 1042 1044
f 1043 1044 1045
f 1043 1045 851
f 1043 851 160
f 1045 1044 1046
f 1045 1046 857
f 1045 857 853
f 1045 853 851
f 1046 1044 1047
f 1046 1047 1048
f 1046 1048 1049
f 1046 1049 860
f 1046 860 858
f 1046 858 857
f 1049 1048 1050
f 1049 1050 1051
f 1049 1051 1052
f 1049 863 861
f 1049 861 860
f 1052 864 863
f 1055 1054 1056
f 1055 1056 1057
f 1055 1057 1058
f 1055 1058 869
f 1055 869 867
f 1055 867 866
f 1058 1057 1059
f 1058 1059 1060
f 1058 1060 1061
f 1058 1061 872
f 1058 872 870
f 1058 870 869
f 1061 1060 1062
f 1061 1062 1063
f 1061 1063 1064
f 1061 1064 875
f 1061 875 873
f 1061 873 872
f 1064 1063 1065
f 1064 1065 1066
f 1064 1066 1067
f 1064 1067 878
f 1064 878 876
f 1064 876 875
f 1067 1066 1068
f 1067 1068 1069
f 1067 1069 1070
f 1067 1070 881
f 1067 881 879
f 1067 879 878
f 1070 1069 1071
f 1070 1071 1072
f 1070 1072 1073
f 1070 1073 884
f 1070 884 882
f 1070 882 881
f 1073 1072 1074
f 1073 1074 1075
f 1073 1075 1076
f 1073 1076 887
f 1073 887 885
f 1073 885 884
f 1076 1075 1077
f 1076 1077 1078
f 1076 1078 1079
f 1076 1079 890
f 1076 890 888
f 1076 888 887
f 1079 1078 1080
f 1079 1080 1081
f 1079 1081 1082
f 1079 1082 1083
f 1079 1083 891
f 1079 891 890
f 1083 1082 1084
f 1083 1084 1085
f 1083 1085 892
f 1083 892 891
f 1085 1084 1086
f 1085 1086 1087
f 1085 1087 894
f 1085 894 892
f 1087 1086 1088
f 1087 1088 1089
f 1087 1089 896
f 1087 896 894
f 1089 1088 1090
f 1089 1090 1091
f 1089 1091 898
f 1089 898 896
f 1091 1090 1092
f 1091 1092 1093
f 1091 1093 900
f 1091 900 898
f 1093 1092 1095
f 1093 1095 1097
f 1094 1098 904
f 1094 904 901
f 1099 1096 1100
f 1099 1100 1101
f 1099 1101 908
f 1099 908 905
f 1101 1100 1102
f 1101 1102 1103
f 1101 1103 910
f 1101 910 908
f 1103 1102 1104
f 1103 1104 1105
f 1103 1105 912
f 1103 912 910
f 1105 1104 1106
f 1105 1106 1107
f 1105 1107 914
f 1105 914 912
f 1107 1106 1108
f 1107 1108 1109
f 1107 1109 916
f 1107 916 914
f 1109 1108 1110
f 1109 1110 921
f 1109 921 918
f 1109 918 916
f 1110 1108 1111
f 1110 1111 1112
f 1110 1112 1113
f 1110 1113 923
f 1110 923 922
f 1110 922 921
f 1113 1112 1114
f 1113 1114 1115
f 1118 1117 1119
f 1118 1119 1120
f 1118 1120 926
f 1118 926 924
f 1120 1119 1121
f 1120 928 926
f 1123 1122 1124
f 1123 1124 1125
f 1123 1125 931
f 1123 931 929
f 1125 1124 1126
f 1125 1126 1127
f 1125 1127 933
f 1125 933 931
f 1127 1126 1129
f 1127 1129 1131
f 1127 1131 936
f 1127 936 933
f 1130 1128 1132
f 1130 1132 1133
f 1130 1133 940
f 1130 940 935
f 1133 1132 1134
f 1133 1134 1135
f 1133 1135 1136
f 1133 1136 940
f 1136 1135 1137
f 1136 1137 1138
f 1136 1138 1140
f 1136 1140 944
f 1136 944 941
f 1136 941 940
f 1141 1139 1143
f 1141 1143 1144
f 1141 1144 1145
f 1141 1145 948
f 1141 948 946
f 1141 946 945
f 1145 1144 1146
f 1145 1146 1147
f 1145 1147 1148
f 1145 1148 951
f 1145 951 949
f 1145 949 948
f 1148 1147 1149
f 1148 1149 1150
f 1148 1150 1151
f 1148 1151 1152
f 1148 1152 952
f 1148 952 951
f 1152 1151 1153
f 1152 1153 1154
f 1152 1154 953
f 1152 953 952
f 1154 1153 1155
f 1154 1155 1156
f 1154 1156 955
f 1154 955 953
f 1156 1155 1157
f 1156 1157 1158
f 1156 1158 957
f 1156 957 955
f 1158 1157 1159
f 1158 1159 1160
f 1158 1160 959
f 1158 959 957
f 1160 1159 1161
f 1160 1161 1162
f 1160 1162 961
f 1160 961 959
f 1162 1161 1163
f 1162 1163 1164
f 1162 1164 963
f 1162 963 961
f 1164 1163 1165
f 1164 1165 1166
f 1164 1166 1167
f 1164 1167 963
f 1167 966 964
f 1167 964 963
f 1167 1166 1168
f 1167 1168 1169
f 1167 1169 1170
f 1167 1170 966
f 1170 967 966
f 1170 1169 1171
f 1170 1171 1172
f 1170 1172 1173
f 1173 1172 1174
f 1175 1174 1176
f 1179 1178 1180
f 1179 1180 1181
f 1179 1181 1182
f 1179 1182 968
f 1182 1181 1183
f 1182 1183 1184
f 1182 1184 1185
f 1182 1185 969
f 1185 972 970
f 1185 970 969
f 1185 1184 1186
f 1185 1186 1187
f 1185 1187 1188
f 1185 1188 972
f 1188 975 973
f 1188 973 972
f 1188 1187 1189
f 1188 1189 1190
f 1188 1190 1191
f 1188 1191 975
f 1191 978 976
f 1191 976 975
f 1191 1190 1192
f 1191 1192 1193
f 1191 1193 1194
f 1191 1194 978
f 1194 981 979
f 1194 979 978
f 1194 1193 1195
f 1194 1195 1196
f 1194 1196 1197
f 1194 1197 981
f 1197 984 982
f 1197 982 981
f 1197 1196 1198
f 1197 1198 1199
f 1197 1199 1200
f 1197 1200 984
f 1200 988 985
f 1200 985 984
f 1200 1199 1201
f 1200 1201 1202
f 1200 1202 1203
f 1200 1203 988
f 1203 1204 1205
f 1203 1205 1206
f 1203 1206 991
f 1207 995 993
f 1207 993 992
f 1206 1205 1208
f 1206 1208 1209
f 1207 1210 1212
f 1207 1212 995
f 1212 998 996
f 1212 996 995
f 1211 1209 1213
f 1211 1213 1214
f 1212 1215 1216
f 1212 1216 998
f 1216 1001 999
f 1216 999 998
f 1216 1215 1218
f 1216 1218 1219
f 1216 1219 1220
f 1216 1220 1001
f 1220 1004 1002
f 1220 1002 1001
f 1220 1219 1221
f 1220 1221 1222
f 1220 1222 1223
f 1220 1223 1004
f 1223 1007 1005
f 1223 1005 1004
f 1223 1222 1224
f 1223 1224 1225
f 1223 1225 1226
f 1223 1226 1007
f 1226 1010 1008
f 1226 1008 1007
f 1226 1225 1227
f 1226 1227 1228
f 1226 1228 1229
f 1226 1229 1010
f 1229 1013 1011
f 1229 1011 1010
f 1229 1228 1025
f 1229 1025 1022
f 1229 1022 1019
f 1229 1019 1013
f 1228 1227 1028
f 1228 1028 1025
f 1227 1225 1224
f 1227 1224 1230
f 1227 1230 1032
f 1227 1032 1028
f 1230 1224 1231
f 1230 1231 1232
f 1230 1232 1234
f 1230 1234 1032
f 1234 1232 1236
f 1234 1236 1238
f 1233 1237 1239
f 1233 1239 1035
f 1233 1035 1033
f 1233 1033 1031
f 1239 1237 1240
f 1239 1240 1241
f 1239 1241 1040
f 1239 1040 1038
f 1239 1038 1036
f 1239 1036 1035
f 1241 1240 1242
f 1241 1242 1243
f 1241 1243 1042
f 1241 1042 1040
f 1243 1242 1244
f 1243 1244 1047
f 1243 1047 1044
f 1243 1044 1042
f 1244 1242 1245
f 1244 1245 1246
f 1244 1246 1247
f 1244 1247 1050
f 1244 1050 1048
f 1244 1048 1047
f 1247 1246 1248
f 1247 1248 1249
f 1247 1053 1051
f 1247 1051 1050
f 1250 1251 1252
f 1250 1252 1253
f 1250 1253 1056
f 1250 1056 1054
f 1250 1054 1053
f 1253 1252 1254
f 1253 1254 1255
f 1253 1255 1256
f 1253 1256 1059
f 1253 1059 1057
f 1253 1057 1056
f 1256 1255 1257
f 1256 1257 1258
f 1256 1258 1259
f 1256 1259 1062
f 1256 1062 1060
f 1256 1060 1059
f 1259 1258 1260
f 1259 1260 1261
f 1259 1261 1262
f 1259 1262 1065
f 1259 1065 1063
f 1259 1063 1062
f 1262 1261 1263
f 1262 1263 1264
f 1262 1264 1265
f 1262 1265 1068
f 1262 1068 1066
f 1262 1066 1065
f 1265 1264 1266
f 1265 1266 1267
f 1265 1267 1268
f 1265 1268 1071
f 1265 1071 1069
f 1265 1069 1068
f 1268 1267 1269
f 1268 1269 1270
f 1268 1270 1271
f 1268 1271 1074
f 1268 1074 1072
f 1268 1072 1071
f 1271 1270 1272
f 1271 1272 1273
f 1271 1273 1274
f 1271 1274 1077
f 1271 1077 1075
f 1271 1075 1074
f 1274 1273 1275
f 1274 1275 1276
f 1274 1276 1277
f 1274 1277 1080
f 1274 1080 1078
f 1274 1078 1077
f 1277 1276 1278
f 1277 1278 1279
f 1277 1279 1280
f 1277 1280 1281
f 1277 1281 1081
f 1277 1081 1080
f 1281 1280 1282
f 1281 1282 1283
f 1281 1283 1082
f 1281 1082 1081
f 1283 1282 1284
f 1283 1284 1285
f 1283 1285 1084
f 1283 1084 1082
f 1285 1284 1286
f 1285 1286 1287
f 1285 1287 1086
f 1285 1086 1084
f 1287 1286 1288
f 1287 1288 1289
f 1287 1289 1088
f 1287 1088 1086
f 1289 1288 1290
f 1289 1290 1291
f 1289 1291 1090
f 1289 1090 1088
f 1291 1290 1292
f 1291 1292 1293
f 1291 1293 1092
f 1291 1092 1090
f 1293 1292 1294
f 1293 1294 1296
f 1293 1296 1095
f 1293 1095 1092
f 1297 1295 1298
f 1297 1298 1299
f 1297 1299 1100
f 1297 1100 1096
f 1299 1298 1300
f 1299 1300 1301
f 1299 1301 1102
f 1299 1102 1100
f 1301 1300 1302
f 1301 1302 1303
f 1301 1303 1104
f 1301 1104 1102
f 1303 1302 1304
f 1303 1304 1305
f 1303 1305 1106
f 1303 1106 1104
f 1305 1304 1306
f 1305 1306 1111
f 1305 1111 1108
f 1305 1108 1106
f 1306 1304 1307
f 1306 1307 1308
f 1306 1308 1309
f 1306 1309 1114
f 1306 1114 1112
f 1306 1112 1111
f 1309 1308 1310
f 1309 1310 1311
f 1309 1311 1312
f 1309 1312 1116
f 1309 1116 1115
f 1309 1115 1114
f 1312 1311 1313
f 1312 1313 1314
f 1316 4996 1317
f 1316 1317 1318
f 1316 1318 1119
f 1316 1119 1117
f 1320 1321 1322
f 1322 1321 1323
f 1322 1323 1324
f 1322 1324 1124
f 1322 1124 1122
f 1324 1323 1325
f 1324 1325 1326
f 1324 1326 1126
f 1324 1126 1124
f 1326 1325 1328
f 1326 1328 1330
f 1326 1330 1129
f 1326 1129 1126
f 1329 1327 1331
f 1329 1331 1332
f 1329 1332 1132
f 1329 1132 1128
f 1332 1331 1333
f 1332 1333 1334
f 1332 1334 1134
f 1332 1134 1132
f 1334 1333 1335
f 1334 1335 1336
f 1334 1336 1337
f 1334 1337 1134
f 1337 1336 1338
f 1337 1338 1339
f 1337 1339 1340
f 1337 1340 1137
f 1337 1137 1135
f 1337 1135 1134
f 1340 1339 1341
f 1340 1341 1342
f 1340 1342 1343
f 1340 1343 1142
f 1340 1142 1138
f 1340 1138 1137
f 1343 1342 1345
f 1343 1345 1346
f 1344 1347 1348
f 1344 1348 1146
f 1344 1146 1144
f 1344 1144 1143
f 1348 1347 1350
f 1348 1350 1351
f 1348 1351 1352
f 1348 1352 1149
f 1348 1149 1147
f 1348 1147 1146
f 1352 1351 1353
f 1352 1353 1354
f 1352 1354 1355
f 1352 1355 1356
f 1352 1356 1150
f 1352 1150 1149
f 1356 1355 1357
f 1356 1357 1358
f 1356 1358 1151
f 1356 1151 1150
f 1358 1357 1359
f 1358 1359 1360
f 1358 1360 1153
f 1358 1153 1151
f 1360 1359 1361
f 1360 1361 1362
f 1360 1362 1155
f 1360 1155 1153
f 1362 1361 1363
f 1362 1363 1364
f 1362 1364 1157
f 1362 1157 1155
f 1364 1363 1365
f 1364 1365 1366
f 1364 1366 1159
f 1364 1159 1157
f 1366 1365 1367
f 1366 1367 1368
f 1366 1368 1161
f 1366 1161 1159
f 1368 1367 1369
f 1368 1369 1370
f 1368 1370 1163
f 1368 1163 1161
f 1370 1369 1371
f 1370 1371 1372
f 1370 1372 1165
f 1370 1165 1163
f 1372 1371 1373
f 1372 1373 1374
f 1372 1374 1375
f 1372 1375 1165
f 1375 1168 1166
f 1375 1166 1165
f 1375 1374 1376
f 1375 1376 1377
f 1375 1377 1378
f 1375 1378 1168
f 1378 1171 1169
f 1378 1169 1168
f 1378 1377 1379
f 1378 1379 1381
f 1378 1381 1382
f 1378 1382 1171
f 1382 1174 1172
f 1382 1172 1171
f 1382 1381 1383
f 1382 1383 1385
f 1382 1385 1176
f 1382 1176 1174
f 1386 1384 1387
f 1386 1387 1388
f 1386 1388 1389
f 1386 1389 1177
f 1389 1180 1178
f 1389 1178 1177
f 1389 1388 1390
f 1389 1390 1391
f 1389 1391 1392
f 1389 1392 1180
f 1392 1183 1181
f 1392 1181 1180
f 1392 1391 1393
f 1392 1393 1394
f 1392 1394 1395
f 1392 1395 1183
f 1395 1186 1184
f 1395 1184 1183
f 1395 1394 1396
f 1395 1396 1397
f 1395 1397 1398
f 1395 1398 1186
f 1398 1189 1187
f 1398 1187 1186
f 1398 1397 1399
f 1398 1399 1400
f 1398 1400 1401
f 1398 1401 1189
f 1401 1192 1190
f 1401 1190 1189
f 1401 1400 1402
f 1401 1402 1403
f 1401 1403 1404
f 1401 1404 1192
f 1404 1195 1193
f 1404 1193 1192
f 1404 1403 1405
f 1404 1405 1406
f 1404 1406 1407
f 1404 1407 1195
f 1407 1198 1196
f 1407 1196 1195
f 1407 1406 1408
f 1407 1408 1409
f 1407 1409 1410
f 1407 1410 1198
f 1410 1201 1199
f 1410 1199 1198
f 1410 1409 1411
f 1410 1411 1412
f 1410 1412 1413
f 1410 1413 1201
f 1413 1204 1202
f 1413 1202 1201
f 1413 1412 1414
f 1413 1414 1415
f 1416 1208 1205
f 1416 1205 1204
f 1416 1417 1418
f 1419 1213 1209
f 1419 1418 1420
f 1419 1420 1421
f 1419 1421 1422
f 1422 1217 1214
f 1422 1214 1213
f 1422 1421 1423
f 1422 1423 1424
f 1422 1424 1425
f 1422 1425 1217
f 1426 1221 1219
f 1426 1219 1218
f 1425 1424 1427
f 1425 1427 1428
f 1426 1429 1231
f 1426 1231 1221
f 1428 1427 1430
f 1428 1430 1235
f 1429 1236 1232
f 1429 1232 1231
f 1430 1427 1431
f 1430 1431 1245
f 1430 1245 1242
f 1430 1242 1240
f 1430 1240 1237
f 1430 1237 1235
f 1431 1427 1424
f 1431 1424 1423
f 1431 1432 1248
f 1431 1248 1246
f 1431 1246 1245
f 1432 1423 1421
f 1432 1421 1420
f 1432 1433 1251
f 1432 1249 1248
f 1433 1420 1418
f 1433 1418 1417
f 1433 1417 1434
f 1433 1434 1254
f 1433 1254 1252
f 1433 1252 1251
f 1434 1417 1415
f 1434 1415 1414
f 1434 1414 1435
f 1434 1435 1257
f 1434 1257 1255
f 1434 1255 1254
f 1435 1414 1412
f 1435 1412 1411
f 1435 1411 1436
f 1435 1436 1260
f 1435 1260 1258
f 1435 1258 1257
f 1436 1411 1409
f 1436 1409 1408
f 1436 1408 1437
f 1436 1437 1263
f 1436 1263 1261
f 1436 1261 1260
f 1437 1408 1406
f 1437 1406 1405
f 1437 1405 1438
f 1437 1438 1266
f 1437 1266 1264
f 1437 1264 1263
f 1438 1405 1403
f 1438 1403 1402
f 1438 1402 1439
f 1438 1439 1269
f 1438 1269 1267
f 1438 1267 1266
f 1439 1402 1400
f 1439 1400 1399
f 1439 1399 1440
f 1439 1440 1272
f 1439 1272 1270
f 1439 1270 1269
f 1440 1399 1397
f 1440 1397 1396
f 1440 1396 1441
f 1440 1441 1275
f 1440 1275 1273
f 1440 1273 1272
f 1441 1396 1394
f 1441 1394 1393
f 1441 1393 1442
f 1441 1442 1278
f 1441 1278 1276
f 1441 1276 1275
f 1442 1393 1391
f 1442 1391 1390
f 1442 1390 1443
f 1442 1443 1444
f 1442 1444 1279
f 1442 1279 1278
f 1444 1443 1445
f 1444 1445 1446
f 1444 1446 1280
f 1444 1280 1279
f 1446 1445 1447
f 1446 1447 1448
f 1446 1448 1282
f 1446 1282 1280
f 1448 1447 1449
f 1448 1449 1450
f 1448 1450 1284
f 1448 1284 1282
f 1450 1449 1451
f 1450 1451 1452
f 1450 1452 1286
f 1450 1286 1284
f 1452 1451 1453
f 1452 1453 1454
f 1452 1454 1288
f 1452 1288 1286
f 1454 1453 1455
f 1454 1455 1456
f 1454 1456 1290
f 1454 1290 1288
f 1456 1455 1458
f 1456 1458 1459
f 1456 1459 1292
f 1456 1292 1290
f 1459 1458 1461
f 1459 1461 1463
f 1459 1463 1294
f 1459 1294 1292
f 1464 1462 1465
f 1464 1465 1466
f 1464 1466 1298
f 1464 1298 1295
f 1466 1465 1467
f 1466 1467 1468
f 1466 1468 1300
f 1466 1300 1298
f 1468 1467 1469
f 1468 1469 1470
f 1468 1470 1302
f 1468 1302 1300
f 1470 1469 1471
f 1470 1471 1307
f 1470 1307 1304
f 1470 1304 1302
f 1471 1469 1472
f 1471 1472 1473
f 1471 1473 1474
f 1471 1474 1310
f 1471 1310 1308
f 1471 1308 1307
f 1474 1473 1475
f 1474 1475 1476
f 1474 1476 1477
f 1474 1477 1313
f 1474 1313 1311
f 1474 1311 1310
f 1477 1476 1478
f 1477 1478 1479
f 1477 1479 1480
f 1477 1480 1315
f 1477 1315 1314
f 1477 1314 1313
f 1480 1479 1481
f 1480 1481 1482
f 1486 1485 1487
f 1486 1487 1488
f 1488 1487 1489
f 1488 1489 1490
f 1488 1490 1319
f 1490 1489 1491
f 1490 1491 1492
f 1490 1492 1321
f 1490 1321 1319
f 1492 1491 1493
f 1492 1493 1494
f 1492 1494 1323
f 1492 1323 1321
f 1494 1493 1495
f 1494 1495 1496
f 1494 1496 1325
f 1494 1325 1323
f 1496 1495 1498
f 1496 1498 1500
f 1496 1500 1328
f 1496 1328 1325
f 1499 1497 1501
f 1499 1501 1502
f 1499 1502 1331
f 1499 1331 1327
f 1502 1501 1503
f 1502 1503 1504
f 1502 1504 1333
f 1502 1333 1331
f 1504 1503 1505
f 1504 1505 1506
f 1504 1506 1335
f 1504 1335 1333
f 1506 1505 1507
f 1506 1507 1508
f 1506 1508 1509
f 1506 1509 1335
f 1509 1508 1510
f 1509 1510 1511
f 1509 1511 1512
f 1509 1512 1338
f 1509 1338 1336
f 1509 1336 1335
f 1512 1511 1513
f 1512 1513 1514
f 1512 1514 1515
f 1512 1515 1341
f 1512 1341 1339
f 1512 1339 1338
f 1515 1514 1516
f 1515 1516 1517
f 1515 1517 1518
f 1515 1518 1345
f 1515 1345 1342
f 1515 1342 1341
f 1518 1517 1520
f 1518 1520 1521
f 1519 1522 1523
f 1519 1523 1350
f 1518 1349 1346
f 1518 1346 1345
f 1523 1522 1525
f 1523 1525 1527
f 1523 1527 1528
f 1523 1528 1353
f 1523 1353 1351
f 1523 1351 1350
f 1528 1527 1530
f 1528 1530 1531
f 1528 1531 1532
f 1528 1532 1533
f 1528 1533 1354
f 1528 1354 1353
f 1533 1532 1534
f 1533 1534 1535
f 1533 1535 1355
f 1533 1355 1354
f 1535 1534 1536
f 1535 1536 1537
f 1535 1537 1357
f 1535 1357 1355
f 1537 1536 1538
f 1537 1538 1539
f 1537 1539 1359
f 1537 1359 1357
f 1539 1538 1540
f 1539 1540 1541
f 1539 1541 1361
f 1539 1361 1359
f 1541 1540 1542
f 1541 1542 1543
f 1541 1543 1363
f 1541 1363 1361
f 1543 1542 1544
f 1543 1544 1545
f 1543 1545 1365
f 1543 1365 1363
f 1545 1544 1546
f 1545 1546 1547
f 1545 1547 1367
f 1545 1367 1365
f 1547 1546 1548
f 1547 1548 1549
f 1547 1549 1369
f 1547 1369 1367
f 1549 1548 1550
f 1549 1550 1551
f 1549 1551 1371
f 1549 1371 1369
f 1551 1550 1552
f 1551 1552 1553
f 1551 1553 1373
f 1551 1373 1371
f 1553 1552 1554
f 1553 1554 1555
f 1553 1555 1556
f 1553 1556 1373
f 1556 1376 1374
f 1556 1374 1373
f 1556 1555 1557
f 1556 1557 1558
f 1556 1558 1559
f 1556 1559 1376
f 1559 1379 1377
f 1559 1377 1376
f 1559 1558 1561
f 1559 1561 1563
f 1560 1564 1566
f 1560 1566 1380
f 1565 1383 1381
f 1565 1381 1379
f 1566 1564 1567
f 1566 1567 1568
f 1566 1568 1387
f 1566 1387 1384
f 1568 1567 1447
f 1568 1447 1445
f 1568 1445 1443
f 1568 1443 1387
f 1567 1564 1562
f 1567 1562 1569
f 1567 1569 1449
f 1567 1449 1447
f 1569 1562 1571
f 1569 1571 1572
f 1569 1572 1451
f 1569 1451 1449
f 1572 1571 1574
f 1572 1574 1575
f 1572 1575 1453
f 1572 1453 1451
f 1575 1574 1577
f 1575 1577 1578
f 1575 1578 1455
f 1575 1455 1453
f 1578 1577 1580
f 1578 1580 1582
f 1578 1582 1458
f 1578 1458 1455
f 1581 1579 1583
f 1581 1583 1585
f 1581 1585 1460
f 1581 1460 1457
f 1586 1584 1587
f 1586 1587 1588
f 1586 1588 1465
f 1586 1465 1462
f 1588 1587 1589
f 1588 1589 1590
f 1588 1590 1467
f 1588 1467 1465
f 1590 1589 1591
f 1590 1591 1472
f 1590 1472 1469
f 1590 1469 1467
f 1591 1589 1592
f 1591 1592 1593
f 1591 1593 1594
f 1591 1594 1475
f 1591 1475 1473
f 1591 1473 1472
f 1594 1593 1596
f 1594 1596 1598
f 1594 1598 1600
f 1594 1600 1478
f 1594 1478 1476
f 1594 1476 1475
f 1599 1597 1601
f 1599 1601 1602
f 1600 1603 1605
f 1600 1605 1481
f 1600 1481 1479
f 1600 1479 1478
f 1604 1602 1606
f 1604 1606 1607
f 1604 1607 1608
f 1604 1608 1483
f 1605 1484 1482
f 1605 1482 1481
f 1608 1607 1609
f 1608 1609 1610
f 1613 1612 1614
f 1613 1614 1615
f 1613 1615 1487
f 1613 1487 1485
f 1615 1614 1616
f 1615 1616 1617
f 1615 1617 1489
f 1615 1489 1487
f 1617 1616 1618
f 1617 1618 1619
f 1617 1619 1491
f 1617 1491 1489
f 1619 1618 1620
f 1619 1620 1621
f 1619 1621 1493
f 1619 1493 1491
f 1621 1620 1622
f 1621 1622 1623
f 1621 1623 1495
f 1621 1495 1493
f 1623 1622 1625
f 1623 1625 1627
f 1623 1627 1498
f 1623 1498 1495
f 1626 1624 1628
f 1626 1628 1629
f 1626 1629 1501
f 1626 1501 1497
f 1629 1628 1630
f 1629 1630 1631
f 1629 1631 1503
f 1629 1503 1501
f 1631 1630 1632
f 1631 1632 1633
f 1631 1633 1505
f 1631 1505 1503
f 1633 1632 1634
f 1633 1634 1635
f 1633 1635 1507
f 1633 1507 1505
f 1635 1634 1636
f 1635 1636 1637
f 1635 1637 1638
f 1635 1638 1507
f 1638 1637 1639
f 1638 1639 1640
f 1638 1640 1641
f 1638 1641 1510
f 1638 1510 1508
f 1638 1508 1507
f 1641 1640 1642
f 1641 1642 1643
f 1641 1643 1644
f 1641 1644 1513
f 1641 1513 1511
f 1641 1511 1510
f 1644 1643 1645
f 1644 1645 1646
f 1644 1646 1647
f 1644 1647 1516
f 1644 1516 1514
f 1644 1514 1513
f 1647 1646 1648
f 1647 1648 1649
f 1647 1649 1650
f 1647 1650 1520
f 1647 1520 1517
f 1647 1517 1516
f 1650 1649 1651
f 1650 1651 1652
f 1650 1652 1653
f 1650 1653 1524
f 1650 1524 1521
f 1650 1521 1520
f 1653 1652 1654
f 1653 1654 1656
f 1653 1656 1658
f 1653 1658 1529
f 1653 1529 1526
f 1653 1526 1524
f 1659 1657 1660
f 1659 1660 1661
f 1659 1661 1662
f 1659 1662 1663
f 1659 1663 1531
f 1659 1531 1530
f 1663 1662 1664
f 1663 1664 1665
f 1663 1665 1532
f 1663 1532 1531
f 1665 1664 1666
f 1665 1666 1667
f 1665 1667 1534
f 1665 1534 1532
f 1667 1666 1668
f 1667 1668 1669
f 1667 1669 1536
f 1667 1536 1534
f 1669 1668 1670
f 1669 1670 1671
f 1669 1671 1538
f 1669 1538 1536
f 1671 1670 1672
f 1671 1672 1673
f 1671 1673 1540
f 1671 1540 1538
f 1673 1672 1674
f 1673 1674 1675
f 1673 1675 1542
f 1673 1542 1540
f 1675 1674 1676
f 1675 1676 1677
f 1675 1677 1544
f 1675 1544 1542
f 1677 1676 1678
f 1677 1678 1679
f 1677 1679 1546
f 1677 1546 1544
f 1679 1678 1680
f 1679 1680 1681
f 1679 1681 1548
f 1679 1548 1546
f 1681 1680 1682
f 1681 1682 1683
f 1681 1683 1550
f 1681 1550 1548
f 1683 1682 1684
f 1683 1684 1685
f 1683 1685 1552
f 1683 1552 1550
f 1685 1684 1686
f 1685 1686 1687
f 1685 1687 1554
f 1685 1554 1552
f 1687 1686 1688
f 1687 1688 1690
f 1687 1690 1692
f 1687 1692 1554
f 1692 1557 1555
f 1692 1555 1554
f 1692 1690 1576
f 1692 1576 1573
f 1692 1573 1570
f 1692 1570 1557
f 1691 1689 1580
f 1691 1580 1577
f 1688 1686 1693
f 1688 1693 1694
f 1688 1694 1583
f 1688 1583 1579
f 1694 1693 1696
f 1694 1696 1698
f 1695 1699 1587
f 1695 1587 1584
f 1699 1697 1701
f 1699 1701 1592
f 1699 1592 1589
f 1699 1589 1587
f 1700 1696 1702
f 1700 1702 1703
f 1700 1703 1704
f 1700 1704 1595
f 1701 1596 1593
f 1701 1593 1592
f 1704 1703 1705
f 1704 1705 1706
f 1704 1706 1707
f 1704 1707 1601
f 1704 1601 1597
f 1704 1597 1595
f 1707 1706 1708
f 1707 1708 1709
f 1707 1709 1710
f 1707 1710 1606
f 1707 1606 1602
f 1707 1602 1601
f 1710 1709 1711
f 1710 1711 1712
f 1710 1712 1713
f 1710 1713 1609
f 1710 1609 1607
f 1710 1607 1606
f 1713 1712 1714
f 1713 1714 1715
f 1713 1715 1716
f 1713 1716 1611
f 1713 1611 1610
f 1713 1610 1609
f 1716 1715 1717
f 1716 1717 1718
f 1721 1720 1722
f 1721 1722 1723
f 1721 1723 1614
f 1721 1614 1612
f 1723 1722 1724
f 1723 1724 1725
f 1723 1725 1616
f 1723 1616 1614
f 1725 1724 1726
f 1725 1726 1727
f 1725 1727 1618
f 1725 1618 1616
f 1727 1726 1728
f 1727 1728 1729
f 1727 1729 1620
f 1727 1620 1618
f 1729 1728 1730
f 1729 1730 1731
f 1729 1731 1622
f 1729 1622 1620
f 1731 1730 1733
f 1731 1733 1735
f 1731 1735 1625
f 1731 1625 1622
f 1734 1732 1736
f 1734 1736 1737
f 1734 1737 1628
f 1734 1628 1624
f 1737 1736 1738
f 1737 1738 1739
f 1737 1739 1630
f 1737 1630 1628
f 1739 1738 1740
f 1739 1740 1741
f 1739 1741 1632
f 1739 1632 1630
f 1741 1740 1742
f 1741 1742 1743
f 1741 1743 1634
f 1741 1634 1632
f 1743 1742 1744
f 1743 1744 1745
f 1743 1745 1636
f 1743 1636 1634
f 1745 1744 1746
f 1745 1746 1747
f 1745 1747 1748
f 1745 1748 1636
f 1748 1747 1749
f 1748 1749 1750
f 1748 1750 1751
f 1748 1751 1639
f 1748 1639 1637
f 1748 1637 1636
f 1751 1750 1752
f 1751 1752 1753
f 1751 1753 1754
f 1751 1754 1642
f 1751 1642 1640
f 1751 1640 1639
f 1754 1753 1755
f 1754 1755 1756
f 1754 1756 1757
f 1754 1757 1645
f 1754 1645 1643
f 1754 1643 1642
f 1757 1756 1758
f 1757 1758 1759
f 1757 1759 1760
f 1757 1760 1648
f 1757 1648 1646
f 1757 1646 1645
f 1760 1759 1761
f 1760 1761 1763
f 1760 1763 1766
f 1760 1766 1651
f 1760 1651 1649
f 1760 1649 1648
f 1767 1764 1768
f 1767 1768 1770
f 1767 1770 1772
f 1767 1772 1655
f 1766 1654 1652
f 1766 1652 1651
f 1772 1770 1773
f 1772 1773 1775
f 1772 1775 1776
f 1772 1776 1660
f 1772 1660 1657
f 1772 1657 1655
f 1776 1775 1777
f 1776 1777 1779
f 1776 1782 1661
f 1776 1661 1660
f 1782 1784 1662
f 1782 1662 1661
f 1785 1783 1787
f 1785 1787 1789
f 1784 1788 1664
f 1784 1664 1662
f 1788 1786 1790
f 1788 1790 1791
f 1788 1791 1666
f 1788 1666 1664
f 1791 1790 1792
f 1791 1792 1793
f 1791 1793 1668
f 1791 1668 1666
f 1793 1794 1795
f 1793 1795 1670
f 1793 1670 1668
f 1795 1794 1796
f 1795 1796 1797
f 1795 1797 1672
f 1795 1672 1670
f 1797 1796 1798
f 1797 1798 1799
f 1797 1799 1674
f 1797 1674 1672
f 1799 1798 1800
f 1799 1800 1801
f 1799 1801 1676
f 1799 1676 1674
f 1801 1800 1802
f 1801 1802 1803
f 1801 1803 1678
f 1801 1678 1676
f 1803 1802 1804
f 1803 1804 1805
f 1803 1805 1680
f 1803 1680 1678
f 1805 1804 1806
f 1805 1806 1807
f 1805 1807 1682
f 1805 1682 1680
f 1807 1806 1702
f 1807 1702 1808
f 1807 1808 1684
f 1807 1684 1682
f 1808 1702 1696
f 1808 1696 1693
f 1808 1693 1686
f 1808 1686 1684
f 1806 1804 1809
f 1806 1809 1705
f 1806 1705 1703
f 1806 1703 1702
f 1809 1804 1802
f 1809 1802 1810
f 1809 1810 1811
f 1809 1811 1708
f 1809 1708 1706
f 1809 1706 1705
f 1811 1810 1812
f 1811 1812 1813
f 1811 1813 1814
f 1811 1814 1711
f 1811 1711 1709
f 1811 1709 1708
f 1814 1813 1815
f 1814 1815 1816
f 1814 1816 1817
f 1814 1817 1714
f 1814 1714 1712
f 1814 1712 1711
f 1817 1816 1818
f 1817 1818 1819
f 1817 1819 1820
f 1817 1820 1717
f 1817 1717 1715
f 1817 1715 1714
f 1820 1819 1821
f 1820 1821 1822
f 1820 1822 1823
f 1820 1823 1719
f 1820 1719 1718
f 1820 1718 1717
f 1823 1822 1825
f 1823 1825 1826
f 1831 1830 1832
f 1831 1832 1833
f 1831 1833 1722
f 1831 1722 1720
f 1833 1832 1834
f 1833 1834 1835
f 1833 1835 1724
f 1833 1724 1722
f 1835 1834 1836
f 1835 1836 1837
f 1835 1837 1726
f 1835 1726 1724
f 1837 1836 1838
f 1837 1838 1839
f 1837 1839 1728
f 1837 1728 1726
f 1839 1838 1840
f 1839 1840 1841
f 1839 1841 1730
f 1839 1730 1728
f 1841 1840 1843
f 1841 1843 1845
f 1841 1845 1733
f 1841 1733 1730
f 1844 1842 1846
f 1844 1846 1847
f 1844 1847 1736
f 1844 1736 1732
f 1847 1846 1848
f 1847 1848 1849
f 1847 1849 1738
f 1847 1738 1736
f 1849 1848 1850
f 1849 1850 1851
f 1849 1851 1740
f 1849 1740 1738
f 1851 1850 1852
f 1851 1852 1853
f 1851 1853 1742
f 1851 1742 1740
f 1853 1852 1854
f 1853 1854 1855
f 1853 1855 1744
f 1853 1744 1742
f 1855 1854 1856
f 1855 1856 1857
f 1855 1857 1746
f 1855 1746 1744
f 1857 1856 1858
f 1857 1858 1859
f 1857 1859 1860
f 1857 1860 1746
f 1860 1859 1861
f 1860 1861 1862
f 1860 1862 1863
f 1860 1863 1749
f 1860 1749 1747
f 1860 1747 1746
f 1863 1862 1864
f 1863 1864 1865
f 1863 1865 1866
f 1863 1866 1752
f 1863 1752 1750
f 1863 1750 1749
f 1866 1865 1867
f 1866 1867 1868
f 1866 1868 1869
f 1866 1869 1755
f 1866 1755 1753
f 1866 1753 1752
f 1869 1868 1870
f 1869 1870 1872
f 1869 1872 1874
f 1869 1874 1758
f 1869 1758 1756
f 1869 1756 1755
f 1875 1873 1876
f 1875 1876 1877
f 1875 1877 1878
f 1875 1878 1762
f 1874 1761 1759
f 1874 1759 1758
f 1878 1880 1881
f 1878 1881 1769
f 1878 1769 1765
f 1878 1765 1762
f 1881 1880 1882
f 1881 1882 1883
f 1881 1883 1885
f 1881 1885 1774
f 1881 1774 1771
f 1881 1771 1769
f 1885 1883 1886
f 1885 1886 1887
f 1885 1887 1888
f 1885 1888 1778
f 1884 1777 1775
f 1884 1775 1773
f 1888 1887 1889
f 1888 1889 1890
f 1888 1891 1892
f 1888 1780 1778
f 1892 1891 1893
f 1892 1893 1894
f 1892 1894 1781
f 1894 1893 1895
f 1894 1895 1896
f 1894 1896 1783
f 1894 1783 1781
f 1896 1895 1897
f 1896 1897 1899
f 1896 1899 1787
f 1896 1787 1783
f 1899 1897 1901
f 1899 1901 1903
f 1898 1902 1790
f 1898 1790 1786
f 1902 1900 1904
f 1905 1904 1906
f 1905 1906 1907
f 1905 1907 1794
f 1905 1794 1792
f 1907 1906 1908
f 1907 1908 1909
f 1907 1909 1796
f 1907 1796 1794
f 1909 1908 1815
f 1909 1815 1910
f 1909 1910 1798
f 1909 1798 1796
f 1910 1815 1813
f 1910 1813 1812
f 1910 1812 1800
f 1910 1800 1798
f 1908 1906 1911
f 1908 1911 1818
f 1908 1818 1816
f 1908 1816 1815
f 1911 1906 1904
f 1911 1904 1912
f 1911 1912 1913
f 1911 1913 1821
f 1911 1821 1819
f 1911 1819 1818
f 1913 1912 1914
f 1913 1914 1916
f 1913 1916 1918
f 1913 1918 1825
f 1913 1825 1822
f 1913 1822 1821
f 1919 1917 1920
f 1919 1920 1921
f 1919 1921 1922
f 1918 1828 1826
f 1925 1924 1926
f 1925 1926 1927
f 1925 1927 1832
f 1925 1832 1830
f 1927 1926 1928
f 1927 1928 1929
f 1927 1929 1834
f 1927 1834 1832
f 1929 1928 1930
f 1929 1930 1931
f 1929 1931 1836
f 1929 1836 1834
f 1931 1930 1932
f 1931 1932 1933
f 1931 1933 1838
f 1931 1838 1836
f 1933 1932 1934
f 1933 1934 1935
f 1933 1935 1840
f 1933 1840 1838
f 1935 1934 1937
f 1935 1937 1939
f 1935 1939 1843
f 1935 1843 1840
f 1938 1936 1940
f 1938 1940 1941
f 1938 1941 1846
f 1938 1846 1842
f 1941 1940 1942
f 1941 1942 1943
f 1941 1943 1848
f 1941 1848 1846
f 1943 1942 1944
f 1943 1944 1945
f 1943 1945 1850
f 1943 1850 1848
f 1945 1944 1946
f 1945 1946 1947
f 1945 1947 1852
f 1945 1852 1850
f 1947 1946 1948
f 1947 1948 1949
f 1947 1949 1854
f 1947 1854 1852
f 1949 1948 1950
f 1949 1950 1951
f 1949 1951 1856
f 1949 1856 1854
f 1951 1950 1952
f 1951 1952 1953
f 1951 1953 1858
f 1951 1858 1856
f 1953 1952 1954
f 1953 1954 1955
f 1953 1955 1956
f 1953 1956 1858
f 1956 1955 1957
f 1956 1957 1958
f 1956 1958 1959
f 1956 1959 1861
f 1956 1861 1859
f 1956 1859 1858
f 1959 1958 1960
f 1959 1960 1961
f 1959 1961 1962
f 1959 1962 1864
f 1959 1864 1862
f 1959 1862 1861
f 1962 1961 1963
f 1962 1963 1965
f 1962 1965 1967
f 1962 1967 1867
f 1962 1867 1865
f 1962 1865 1864
f 1968 1966 1969
f 1968 1969 1970
f 1968 1970 1971
f 1968 1971 1871
f 1967 1870 1868
f 1967 1868 1867
f 1971 1970 1972
f 1971 1972 1973
f 1971 1973 1974
f 1971 1974 1876
f 1971 1876 1873
f 1971 1873 1871
f 1974 1973 1975
f 1974 1975 1976
f 1974 1976 1977
f 1974 1977 1879
f 1974 1879 1877
f 1974 1877 1876
f 1977 1976 1978
f 1977 1978 1979
f 1980 1982 1886
f 1980 1886 1883
f 1980 1883 1882
f 1982 1983 1889
f 1982 1889 1887
f 1982 1887 1886
f 1985 1984 1986
f 1985 1986 1987
f 1985 1987 1893
f 1985 1893 1891
f 1987 1986 1988
f 1987 1988 1989
f 1987 1989 1895
f 1987 1895 1893
f 1989 1988 1920
f 1989 1920 1990
f 1989 1990 1897
f 1989 1897 1895
f 1990 1920 1917
f 1990 1917 1915
f 1990 1915 1901
f 1990 1901 1897
f 1988 1986 1991
f 1988 1991 1923
f 1988 1923 1921
f 1988 1921 1920
f 1991 1986 1984
f 1991 1984 1992
f 1994 1993 1995
f 1994 1995 1996
f 1994 1996 1926
f 1994 1926 1924
f 1996 1995 1997
f 1996 1997 1998
f 1996 1998 1928
f 1996 1928 1926
f 1998 1997 1999
f 1998 1999 2000
f 1998 2000 1930
f 1998 1930 1928
f 2000 1999 2001
f 2000 2001 2002
f 2000 2002 1932
f 2000 1932 1930
f 2002 2001 2004
f 2002 2004 2006
f 2002 2006 1934
f 2002 1934 1932
f 2005 2003 2007
f 2005 2007 2008
f 2006 2009 1937
f 2006 1937 1934
f 2008 2007 2010
f 2008 2010 2011
f 2008 2011 1940
f 2008 1940 1936
f 2011 2010 2012
f 2011 2012 2013
f 2011 2013 1942
f 2011 1942 1940
f 2013 2012 2014
f 2013 2014 2015
f 2013 2015 1944
f 2013 1944 1942
f 2015 2014 2016
f 2015 2016 2017
f 2015 2017 1946
f 2015 1946 1944
f 2017 2016 2018
f 2017 2018 2019
f 2017 2019 1948
f 2017 1948 1946
f 2019 2018 2020
f 2019 2020 2021
f 2019 2021 1950
f 2019 1950 1948
f 2021 2020 2022
f 2021 2022 2023
f 2021 2023 1952
f 2021 1952 1950
f 2023 2022 2024
f 2023 2024 2025
f 2023 2025 1954
f 2023 1954 1952
f 2025 2024 2026
f 2025 2026 2027
f 2025 2027 2028
f 2025 2028 1954
f 2028 2027 2029
f 2028 2029 2030
f 2028 2030 2031
f 2028 2031 1957
f 2028 1957 1955
f 2028 1955 1954
f 2031 2030 2032
f 2031 2032 2034
f 2031 2034 2036
f 2031 2036 1960
f 2031 1960 1958
f 2031 1958 1957
f 2037 2035 2038
f 2037 2038 2039
f 2037 2039 2040
f 2037 2040 1964
f 2036 1963 1961
f 2036 1961 1960
f 2040 2039 2041
f 2040 2041 2042
f 2040 2042 2043
f 2040 2043 1969
f 2040 1969 1966
f 2040 1966 1964
f 2043 2042 2044
f 2043 2044 2045
f 2043 2045 2046
f 2043 2046 1972
f 2043 1972 1970
f 2043 1970 1969
f 2046 2045 2047
f 2046 2047 2048
f 2046 2048 2049
f 2046 2049 1975
f 2046 1975 1973
f 2046 1973 1972
f 2049 2048 2050
f 2049 2050 2051
f 2049 2051 2052
f 2049 2052 1978
f 2049 1978 1976
f 2049 1976 1975
f 2052 2051 2053
f 2052 2053 2054
f 2052 2054 2055
f 2052 2055 1981
f 2052 1981 1979
f 2052 1979 1978
f 2055 2054 2056
f 2055 2056 2057
f 2062 2061 2063
f 2062 2063 2064
f 2062 2064 1995
f 2062 1995 1993
f 2064 2063 2065
f 2064 2065 2066
f 2064 2066 1997
f 2064 1997 1995
f 2066 2065 2067
f 2066 2067 2068
f 2066 2068 1999
f 2066 1999 1997
f 2068 2067 2069
f 2068 2069 2070
f 2068 2070 2001
f 2068 2001 1999
f 2070 2069 2072
f 2070 2072 2074
f 2070 2074 2004
f 2070 2004 2001
f 2073 2071 2075
f 2073 2075 2076
f 2073 2076 2007
f 2073 2007 2003
f 2076 2075 2077
f 2076 2077 2078
f 2076 2078 2010
f 2076 2010 2007
f 2078 2077 2079
f 2078 2079 2080
f 2078 2080 2012
f 2078 2012 2010
f 2080 2079 2081
f 2080 2081 2082
f 2080 2082 2014
f 2080 2014 2012
f 2082 2081 2083
f 2082 2083 2084
f 2082 2084 2016
f 2082 2016 2014
f 2084 2083 2085
f 2084 2085 2086
f 2084 2086 2018
f 2084 2018 2016
f 2086 2085 2087
f 2086 2087 2088
f 2086 2088 2020
f 2086 2020 2018
f 2088 2087 2089
f 2088 2089 2090
f 2088 2090 2022
f 2088 2022 2020
f 2090 2089 2091
f 2090 2091 2092
f 2090 2092 2024
f 2090 2024 2022
f 2092 2091 2093
f 2092 2093 2094
f 2092 2094 2026
f 2092 2026 2024
f 2094 2093 2095
f 2094 2095 2096
f 2094 2096 2097
f 2094 2097 2026
f 2097 2096 2098
f 2097 2098 2100
f 2097 2100 2102
f 2097 2102 2029
f 2097 2029 2027
f 2097 2027 2026
f 2103 2101 2104
f 2103 2104 2105
f 2103 2105 2106
f 2103 2106 2033
f 2102 2032 2030
f 2102 2030 2029
f 2106 2105 2107
f 2106 2107 2108
f 2106 2108 2109
f 2106 2109 2038
f 2106 2038 2035
f 2106 2035 2033
f 2109 2108 2110
f 2109 2110 2111
f 2109 2111 2112
f 2109 2112 2041
f 2109 2041 2039
f 2109 2039 2038
f 2112 2111 2113
f 2112 2113 2114
f 2112 2114 2115
f 2112 2115 2044
f 2112 2044 2042
f 2112 2042 2041
f 2115 2114 2116
f 2115 2116 2117
f 2115 2117 2118
f 2115 2118 2047
f 2115 2047 2045
f 2115 2045 2044
f 2118 2117 2119
f 2118 2119 2120
f 2118 2120 2121
f 2118 2121 2050
f 2118 2050 2048
f 2118 2048 2047
f 2121 2120 2122
f 2121 2122 2123
f 2121 2123 2124
f 2121 2124 2053
f 2121 2053 2051
f 2121 2051 2050
f 2124 2123 2125
f 2124 2125 2126
f 2124 2126 2058
f 2124 2058 2056
f 2124 2056 2054
f 2124 2054 2053
f 2126 2125 2127
f 2126 2127 2060
f 2126 2060 2059
f 2127 2125 2128
f 2127 2128 2129
f 2132 2131 2133
f 2132 2133 2134
f 2132 2134 2063
f 2132 2063 2061
f 2134 2133 2135
f 2134 2135 2136
f 2134 2136 2065
f 2134 2065 2063
f 2136 2135 2137
f 2136 2137 2138
f 2136 2138 2067
f 2136 2067 2065
f 2138 2137 2139
f 2138 2139 2140
f 2138 2140 2069
f 2138 2069 2067
f 2140 2139 2142
f 2140 2142 2144
f 2140 2144 2072
f 2140 2072 2069
f 2143 2141 2145
f 2143 2145 2146
f 2143 2146 2075
f 2143 2075 2071
f 2146 2145 2147
f 2146 2147 2148
f 2146 2148 2077
f 2146 2077 2075
f 2148 2147 2149
f 2148 2149 2150
f 2148 2150 2079
f 2148 2079 2077
f 2150 2149 2151
f 2150 2151 2152
f 2150 2152 2081
f 2150 2081 2079
f 2152 2151 2153
f 2152 2153 2154
f 2152 2154 2083
f 2152 2083 2081
f 2154 2153 2155
f 2154 2155 2156
f 2154 2156 2085
f 2154 2085 2083
f 2156 2155 2157
f 2156 2157 2158
f 2156 2158 2087
f 2156 2087 2085
f 2158 2157 2159
f 2158 2159 2160
f 2158 2160 2089
f 2158 2089 2087
f 2160 2159 2161
f 2160 2161 2162
f 2160 2162 2091
f 2160 2091 2089
f 2162 2161 2163
f 2162 2163 2164
f 2162 2164 2093
f 2162 2093 2091
f 2164 2163 2165
f 2164 2165 2166
f 2164 2166 2095
f 2164 2095 2093
f 2166 2165 2167
f 2166 2167 2169
f 2166 2169 2171
f 2166 2171 2095
f 2172 2170 2173
f 2172 2173 2174
f 2172 2174 2175
f 2172 2175 2099
f 2171 2098 2096
f 2171 2096 2095
f 2175 2174 2176
f 2175 2176 2177
f 2175 2177 2178
f 2175 2178 2104
f 2175 2104 2101
f 2175 2101 2099
f 2178 2177 2179
f 2178 2179 2180
f 2178 2180 2181
f 2178 2181 2107
f 2178 2107 2105
f 2178 2105 2104
f 2181 2180 2182
f 2181 2182 2183
f 2181 2183 2184
f 2181 2184 2110
f 2181 2110 2108
f 2181 2108 2107
f 2184 2183 2185
f 2184 2185 2186
f 2184 2186 2187
f 2184 2187 2113
f 2184 2113 2111
f 2184 2111 2110
f 2187 2186 2188
f 2187 2188 2189
f 2187 2189 2190
f 2187 2190 2116
f 2187 2116 2114
f 2187 2114 2113
f 2190 2189 2191
f 2190 2191 2192
f 2190 2192 2193
f 2190 2193 2119
f 2190 2119 2117
f 2190 2117 2116
f 2193 2192 2194
f 2193 2194 2195
f 2193 2195 2128
f 2193 2128 2122
f 2193 2122 2120
f 2193 2120 2119
f 2195 2194 2196
f 2195 2196 2130
f 2195 2130 2129
f 2195 2129 2128
f 2196 2194 2197
f 2196 2197 2198
f 2201 2200 2202
f 2201 2202 2203
f 2201 2203 2133
f 2201 2133 2131
f 2203 2202 2204
f 2203 2204 2205
f 2203 2205 2135
f 2203 2135 2133
f 2205 2204 2206
f 2205 2206 2207
f 2205 2207 2137
f 2205 2137 2135
f 2207 2206 2208
f 2207 2208 2209
f 2207 2209 2139
f 2207 2139 2137
f 2209 2208 2211
f 2209 2211 2213
f 2209 2213 2142
f 2209 2142 2139
f 2212 2210 2214
f 2212 2214 2215
f 2212 2215 2145
f 2212 2145 2141
f 2215 2214 2216
f 2215 2216 2217
f 2215 2217 2147
f 2215 2147 2145
f 2217 2216 2218
f 2217 2218 2219
f 2217 2219 2149
f 2217 2149 2147
f 2219 2218 2220
f 2219 2220 2221
f 2219 2221 2151
f 2219 2151 2149
f 2221 2220 2222
f 2221 2222 2223
f 2221 2223 2153
f 2221 2153 2151
f 2223 2222 2224
f 2223 2224 2225
f 2223 2225 2155
f 2223 2155 2153
f 2225 2224 2226
f 2225 2226 2227
f 2225 2227 2157
f 2225 2157 2155
f 2227 2226 2228
f 2227 2228 2229
f 2227 2229 2159
f 2227 2159 2157
f 2229 2228 2230
f 2229 2230 2231
f 2229 2231 2161
f 2229 2161 2159
f 2231 2230 2232
f 2231 2232 2233
f 2231 2233 2163
f 2231 2163 2161
f 2233 2232 2234
f 2233 2234 2235
f 2233 2235 2165
f 2233 2165 2163
f 2235 2234 2236
f 2235 2236 2238
f 2235 2238 2167
f 2235 2167 2165
f 2239 2237 2240
f 2239 2240 2241
f 2239 2241 2242
f 2239 2242 2168
f 2242 2241 2243
f 2242 2243 2244
f 2242 2244 2245
f 2242 2245 2173
f 2242 2173 2170
f 2242 2170 2168
f 2245 2244 2246
f 2245 2246 2247
f 2245 2247 2248
f 2245 2248 2176
f 2245 2176 2174
f 2245 2174 2173
f 2248 2247 2249
f 2248 2249 2250
f 2248 2250 2251
f 2248 2251 2179
f 2248 2179 2177
f 2248 2177 2176
f 2251 2250 2252
f 2251 2252 2253
f 2251 2253 2254
f 2251 2254 2182
f 2251 2182 2180
f 2251 2180 2179
f 2254 2253 2255
f 2254 2255 2256
f 2254 2256 2257
f 2254 2257 2185
f 2254 2185 2183
f 2254 2183 2182
f 2257 2256 2258
f 2257 2258 2259
f 2257 2259 2260
f 2257 2260 2188
f 2257 2188 2186
f 2257 2186 2185
f 2260 2259 2261
f 2260 2261 2262
f 2260 2262 2197
f 2260 2197 2191
f 2260 2191 2189
f 2260 2189 2188
f 2262 2261 2263
f 2262 2263 2199
f 2262 2199 2198
f 2262 2198 2197
f 2263 2261 2264
f 2263 2264 2265
f 2268 2267 2269
f 2268 2269 2270
f 2268 2270 2202
f 2268 2202 2200
f 2270 2269 2271
f 2270 2271 2272
f 2270 2272 2204
f 2270 2204 2202
f 2272 2271 2273
f 2272 2273 2274
f 2272 2274 2206
f 2272 2206 2204
f 2274 2273 2275
f 2274 2275 2276
f 2274 2276 2208
f 2274 2208 2206
f 2276 2275 2278
f 2276 2278 2280
f 2276 2280 2211
f 2276 2211 2208
f 2279 2277 2281
f 2279 2281 2282
f 2279 2282 2214
f 2279 2214 2210
f 2282 2281 2283
f 2282 2283 2284
f 2282 2284 2216
f 2282 2216 2214
f 2284 2283 2285
f 2284 2285 2286
f 2284 2286 2218
f 2284 2218 2216
f 2286 2285 2287
f 2286 2287 2288
f 2286 2288 2220
f 2286 2220 2218
f 2288 2287 2289
f 2288 2289 2290
f 2288 2290 2222
f 2288 2222 2220
f 2290 2289 2291
f 2290 2291 2292
f 2290 2292 2224
f 2290 2224 2222
f 2292 2291 2293
f 2292 2293 2294
f 2292 2294 2226
f 2292 2226 2224
f 2294 2293 2295
f 2294 2295 2296
f 2294 2296 2228
f 2294 2228 2226
f 2296 2295 2297
f 2296 2297 2298
f 2296 2298 2230
f 2296 2230 2228
f 2298 2297 2299
f 2298 2299 2300
f 2298 2300 2232
f 2298 2232 2230
f 2300 2299 2301
f 2300 2301 2302
f 2300 2302 2234
f 2300 2234 2232
f 2302 2301 2303
f 2302 2303 2305
f 2302 2305 2236
f 2302 2236 2234
f 2306 2304 2307
f 2306 2307 2308
f 2306 2308 2240
f 2306 2240 2237
f 2308 2307 2309
f 2308 2309 2310
f 2308 2310 2311
f 2308 2311 2240
f 2311 2310 2312
f 2311 2312 2313
f 2311 2313 2314
f 2311 2314 2243
f 2311 2243 2241
f 2311 2241 2240
f 2314 2313 2315
f 2314 2315 2316
f 2314 2316 2317
f 2314 2317 2246
f 2314 2246 2244
f 2314 2244 2243
f 2317 2316 2318
f 2317 2318 2319
f 2317 2319 2320
f 2317 2320 2249
f 2317 2249 2247
f 2317 2247 2246
f 2320 2319 2321
f 2320 2321 2322
f 2320 2322 2323
f 2320 2323 2252
f 2320 2252 2250
f 2320 2250 2249
f 2323 2322 2324
f 2323 2324 2325
f 2323 2325 2326
f 2323 2326 2255
f 2323 2255 2253
f 2323 2253 2252
f 2326 2325 2327
f 2326 2327 2328
f 2326 2328 2264
f 2326 2264 2258
f 2326 2258 2256
f 2326 2256 2255
f 2328 2327 2329
f 2328 2329 2266
f 2328 2266 2265
f 2328 2265 2264
f 2329 2327 2330
f 2329 2330 2331
f 2333 2332 2334
f 2333 2334 2335
f 2333 2335 2269
f 2333 2269 2267
f 2335 2334 2337
f 2335 2337 2338
f 2335 2338 2271
f 2335 2271 2269
f 2338 2337 2340
f 2338 2340 2341
f 2338 2341 2273
f 2338 2273 2271
f 2341 2340 2343
f 2341 2343 2345
f 2341 2345 2275
f 2341 2275 2273
f 2344 2342 2346
f 2344 2346 2347
f 2345 2348 2278
f 2345 2278 2275
f 2347 2346 2349
f 2347 2349 2350
f 2347 2350 2281
f 2347 2281 2277
f 2350 2349 80
f 2350 80 2351
f 2350 2351 2283
f 2350 2283 2281
f 2351 80 79
f 2351 79 2352
f 2351 2352 2285
f 2351 2285 2283
f 2352 79 81
f 2352 81 2353
f 2352 2353 2287
f 2352 2287 2285
f 2353 81 2354
f 2353 2354 2355
f 2353 2355 2289
f 2353 2289 2287
f 2355 2354 2356
f 2355 2356 2357
f 2355 2357 2291
f 2355 2291 2289
f 2357 2356 2358
f 2357 2358 2359
f 2357 2359 2293
f 2357 2293 2291
f 2359 2358 2360
f 2359 2360 2361
f 2359 2361 2295
f 2359 2295 2293
f 2361 2360 2362
f 2361 2362 2363
f 2361 2363 2297
f 2361 2297 2295
f 2363 2362 2364
f 2363 2364 2365
f 2363 2365 2299
f 2363 2299 2297
f 2365 2364 2366
f 2365 2366 2367
f 2365 2367 2301
f 2365 2301 2299
f 2367 2366 2368
f 2367 2368 2370
f 2367 2370 2303
f 2367 2303 2301
f 2371 2369 2372
f 2371 2372 2373
f 2371 2373 2307
f 2371 2307 2304
f 2373 2372 2374
f 2373 2374 2375
f 2373 2375 2309
f 2373 2309 2307
f 2375 2374 2376
f 2375 2376 2377
f 2375 2377 2378
f 2375 2378 2309
f 2378 2377 2379
f 2378 2379 2380
f 2378 2380 2381
f 2378 2381 2312
f 2378 2312 2310
f 2378 2310 2309
f 2381 2380 2382
f 2381 2382 2383
f 2381 2383 2384
f 2381 2384 2315
f 2381 2315 2313
f 2381 2313 2312
f 2384 2383 2385
f 2384 2385 2386
f 2384 2386 2387
f 2384 2387 2318
f 2384 2318 2316
f 2384 2316 2315
f 2387 2386 2388
f 2387 2388 2389
f 2387 2389 2390
f 2387 2390 2321
f 2387 2321 2319
f 2387 2319 2318
f 2390 2389 1
f 2390 1 40
f 2390 40 2330
f 2390 2330 2324
f 2390 2324 2322
f 2390 2322 2321
f 2389 2388 2391
f 2389 2391 1
f 2391 2388 2392
f 2391 2392 2393
f 2397 2395 2400
f 2397 2400 2401
f 2398 2402 2334
f 2398 2334 2332
f 2401 2400 2403
f 2401 2403 2404
f 2402 2405 2337
f 2402 2337 2334
f 2404 2403 2406
f 2404 2406 2407
f 2404 2407 2339
f 2404 2339 2336
f 2407 2406 2408
f 2407 2408 2409
f 2407 2409 2342
f 2407 2342 2339
f 2409 2408 2410
f 2409 2410 2411
f 2409 2411 2346
f 2409 2346 2342
f 2411 2410 2412
f 2411 2412 2413
f 2411 2413 2349
f 2411 2349 2346
f 2413 2412 73
f 2413 73 72
f 2413 72 80
f 2413 80 2349
f 2412 2410 2414
f 2412 2414 2415
f 2412 2415 2416
f 2412 2416 73
f 2416 2417 2418
f 2416 2418 2419
f 2416 2419 74
f 2416 74 73
f 2416 2415 2420
f 2416 2420 2417
f 2420 2421 2422
f 2420 2422 2417
f 2420 2415 2414
f 2420 2414 2423
f 2420 2423 2424
f 2420 2424 2421
f 2424 2425 99
f 2424 99 98
f 2424 98 104
f 2424 104 2421
f 2424 2423 2426
f 2424 2426 2425
f 2426 2427 2429
f 2426 2429 2425
f 2426 2423 2414
f 2426 2414 2431
f 2426 2431 2432
f 2426 2432 2427
f 2432 2433 91
f 2432 91 2427
f 2432 2431 2408
f 2432 2408 2406
f 2432 2406 2403
f 2432 2403 2433
f 2433 2434 93
f 2433 93 91
f 2433 2403 2400
f 2433 2400 2434
f 2435 2437 2438
f 2435 2438 94
f 2434 2400 2395
f 2434 2395 2436
f 2438 2439 96
f 2438 96 94
f 2441 2440 2443
f 2441 2443 2445
f 2441 2445 96
f 2441 96 2439
f 2444 2442 2446
f 2444 2446 2448
f 2444 2448 97
f 2444 97 95
f 2448 2446 2449
f 2448 2449 2450
f 2448 2450 2451
f 2448 2451 97
f 2451 2450 2452
f 2451 2452 2453
f 2451 2453 2454
f 2451 2454 2456
f 2451 2456 88
f 2451 88 97
f 2457 2455 2458
f 2457 2458 2460
f 2456 2459 89
f 2456 89 88
f 2460 2458 2462
f 2460 2462 2464
f 2459 2463 2429
f 2459 2429 89
f 2463 2461 100
f 2463 100 99
f 2463 99 2425
f 2463 2425 2429
f 2462 2458 2465
f 2462 2465 2466
f 2462 2466 105
f 2462 105 101
f 2466 2465 2467
f 2466 2467 2468
f 2466 2468 2469
f 2466 2469 105
f 2469 2468 2470
f 2469 2470 2471
f 2469 2471 2473
f 2469 2473 2475
f 2469 2475 103
f 2469 103 105
f 2474 2472 2476
f 2474 2476 2477
f 2474 2477 104
f 2474 104 102
f 2477 2476 2478
f 2477 2478 2422
f 2477 2422 2421
f 2477 2421 104
f 2478 2476 2479
f 2478 2479 2480
f 2478 2480 2481
f 2478 2481 2418
f 2478 2418 2417
f 2478 2417 2422
f 2481 2480 2482
f 2481 2482 2483
f 2481 2483 2484
f 2481 2484 2485
f 2481 2485 2419
f 2481 2419 2418
f 2485 2484 2486
f 2485 2486 75
f 2485 75 74
f 2485 74 2419
f 2486 2484 2487
f 2486 2487 2488
f 2486 2488 2489
f 2486 2489 2490
f 2486 2490 76
f 2486 76 75
f 2490 2489 2491
f 2490 2491 2492
f 2490 2492 77
f 2490 77 76
f 2492 2491 2493
f 2492 2493 2494
f 2492 2494 2495
f 2492 2495 77
f 2495 2494 2496
f 2495 2496 2497
f 2495 2497 2498
f 2495 2498 2499
f 2495 2499 78
f 2495 78 77
f 2499 2498 2356
f 2499 2356 2354
f 2499 2354 81
f 2499 81 78
f 2498 2497 2500
f 2498 2500 2501
f 2498 2501 2358
f 2498 2358 2356
f 2501 2500 2502
f 2501 2502 2503
f 2501 2503 2360
f 2501 2360 2358
f 2503 2502 2504
f 2503 2504 2505
f 2503 2505 2362
f 2503 2362 2360
f 2505 2504 2506
f 2505 2506 2507
f 2505 2507 2364
f 2505 2364 2362
f 2507 2508 2511
f 2507 2511 2366
f 2507 2366 2364
f 2512 2509 2513
f 2512 2513 2516
f 2511 2515 2368
f 2511 2368 2366
f 2517 2514 2518
f 2517 2518 2519
f 2517 2519 2372
f 2517 2372 2369
f 2519 2518 2520
f 2519 2520 2521
f 2519 2521 2374
f 2519 2374 2372
f 2521 2520 2522
f 2521 2522 2523
f 2521 2523 2376
f 2521 2376 2374
f 2523 2522 2524
f 2523 2524 2525
f 2523 2525 2526
f 2523 2526 2376
f 2526 2525 2527
f 2526 2527 2528
f 2526 2528 2529
f 2526 2529 2379
f 2526 2379 2377
f 2526 2377 2376
f 2529 2528 2530
f 2529 2530 2531
f 2529 2531 2532
f 2529 2532 2382
f 2529 2382 2380
f 2529 2380 2379
f 2532 2531 2533
f 2532 2533 2534
f 2532 2534 2392
f 2532 2392 2385
f 2532 2385 2383
f 2532 2383 2382
f 2534 2533 2535
f 2534 2535 2394
f 2534 2394 2393
f 2534 2393 2392
f 2535 2533 2536
f 2535 2536 2537
f 2540 2539 2541
f 2540 2541 2542
f 2540 2542 2443
f 2540 2443 2440
f 2542 2541 2544
f 2542 2544 2546
f 2542 2546 2447
f 2542 2447 2443
f 2545 2543 2547
f 2545 2547 2548
f 2545 2548 2449
f 2545 2449 2446
f 2548 2547 2549
f 2548 2549 2550
f 2548 2550 2551
f 2548 2551 2449
f 2551 2550 2552
f 2551 2552 2553
f 2551 2553 2554
f 2551 2554 2452
f 2551 2452 2450
f 2551 2450 2449
f 2554 2553 2555
f 2554 2555 2556
f 2554 2556 2557
f 2554 2557 2558
f 2554 2558 2453
f 2554 2453 2452
f 2558 2557 2559
f 2558 2559 2561
f 2558 2561 2454
f 2558 2454 2453
f 2562 2560 2467
f 2562 2467 2465
f 2562 2465 2458
f 2562 2458 2455
f 2559 2557 2563
f 2559 2563 2564
f 2560 2565 2566
f 2560 2566 2467
f 2566 2565 2568
f 2566 2568 2569
f 2566 2569 2570
f 2566 2570 2470
f 2566 2470 2468
f 2566 2468 2467
f 2570 2573 2471
f 2570 2471 2470
f 2573 2577 2473
f 2573 2473 2471
f 2576 2574 2578
f 2576 2578 2479
f 2576 2479 2476
f 2576 2476 2472
f 2578 2574 2579
f 2578 2579 2581
f 2578 2581 2582
f 2578 2582 2482
f 2578 2482 2480
f 2578 2480 2479
f 2582 2581 2583
f 2582 2583 2584
f 2582 2584 2585
f 2582 2585 2586
f 2582 2586 2483
f 2582 2483 2482
f 2586 2585 2587
f 2586 2587 2487
f 2586 2487 2484
f 2586 2484 2483
f 2587 2585 2588
f 2587 2588 2589
f 2587 2589 2590
f 2587 2590 2591
f 2587 2591 2488
f 2587 2488 2487
f 2591 2590 2592
f 2591 2592 2593
f 2591 2593 2489
f 2591 2489 2488
f 2593 2592 2594
f 2593 2594 2595
f 2593 2595 2491
f 2593 2491 2489
f 2595 2594 2596
f 2595 2596 2597
f 2595 2597 2493
f 2595 2493 2491
f 2597 2596 2598
f 2597 2598 2599
f 2597 2599 2600
f 2597 2600 2493
f 2600 2599 2601
f 2600 2601 2602
f 2600 2602 2603
f 2600 2603 2496
f 2600 2496 2494
f 2600 2494 2493
f 2603 2602 2604
f 2603 2604 2605
f 2603 2605 2502
f 2603 2502 2500
f 2603 2500 2497
f 2603 2497 2496
f 2605 2604 2606
f 2605 2606 2607
f 2605 2607 2504
f 2605 2504 2502
f 2607 2506 2504
f 2612 2611 2613
f 2612 2613 2614
f 2612 2614 2514
f 2612 2514 2510
f 2614 2613 2615
f 2614 2615 2616
f 2614 2616 2518
f 2614 2518 2514
f 2616 2615 2617
f 2616 2617 2618
f 2616 2618 2520
f 2616 2520 2518
f 2618 2620 2522
f 2618 2522 2520
f 2620 2619 2621
f 2620 2621 2622
f 2620 2622 2524
f 2620 2524 2522
f 2622 2621 2623
f 2622 2623 2624
f 2622 2624 2625
f 2622 2625 2524
f 2625 2624 2626
f 2625 2626 2627
f 2625 2627 2628
f 2625 2628 2527
f 2625 2527 2525
f 2625 2525 2524
f 2628 2627 2629
f 2628 2629 2630
f 2628 2630 2536
f 2628 2536 2530
f 2628 2530 2528
f 2628 2528 2527
f 2630 2629 2631
f 2630 2631 2538
f 2630 2538 2537
f 2630 2537 2536
f 2631 2629 2632
f 2631 2632 2633
f 2635 2634 2636
f 2635 2636 2637
f 2635 2637 2541
f 2635 2541 2539
f 2637 2636 2639
f 2637 2639 2641
f 2637 2641 2544
f 2637 2544 2541
f 2640 2638 2642
f 2640 2642 2643
f 2640 2643 2547
f 2640 2547 2543
f 2643 2642 2644
f 2643 2644 2645
f 2643 2645 2549
f 2643 2549 2547
f 2645 2644 2646
f 2645 2646 2647
f 2645 2647 2648
f 2645 2648 2549
f 2648 2647 2649
f 2648 2649 2650
f 2648 2650 2651
f 2648 2651 2552
f 2648 2552 2550
f 2648 2550 2549
f 2651 2650 2652
f 2651 2652 2653
f 2651 2653 2654
f 2651 2654 2555
f 2651 2555 2553
f 2651 2553 2552
f 2654 2653 2655
f 2654 2655 2656
f 2654 2656 2657
f 2654 2657 2658
f 2654 2658 2556
f 2654 2556 2555
f 2658 2657 2659
f 2658 2659 2563
f 2658 2563 2557
f 2658 2557 2556
f 2659 2657 2660
f 2659 2660 2661
f 2659 2661 2662
f 2659 2662 2567
f 2659 2567 2564
f 2659 2564 2563
f 2663 2665 2666
f 2663 2666 2667
f 2667 2666 2668
f 2667 2668 2669
f 2667 2669 2670
f 2667 2670 2671
f 2667 2671 2571
f 2671 2670 2673
f 2671 2673 2674
f 2671 2674 2572
f 2674 2673 2676
f 2674 2676 2580
f 2674 2580 2575
f 2675 2672 2677
f 2675 2677 2679
f 2675 2679 2680
f 2675 2680 2583
f 2675 2583 2581
f 2675 2581 2579
f 2680 2684 2584
f 2680 2584 2583
f 2684 2683 2685
f 2684 2685 2588
f 2684 2588 2585
f 2684 2585 2584
f 2685 2683 2686
f 2685 2686 2687
f 2685 2687 2688
f 2685 2688 2689
f 2685 2689 2589
f 2685 2589 2588
f 2689 2688 2690
f 2689 2690 2691
f 2689 2691 2590
f 2689 2590 2589
f 2691 2690 2692
f 2691 2692 2693
f 2691 2693 2592
f 2691 2592 2590
f 2693 2692 2694
f 2693 2694 2695
f 2693 2695 2594
f 2693 2594 2592
f 2695 2694 2696
f 2695 2696 2697
f 2695 2697 2596
f 2695 2596 2594
f 2697 2696 2698
f 2697 2698 2699
f 2697 2699 2598
f 2697 2598 2596
f 2699 2698 2700
f 2699 2700 2701
f 2699 2701 2702
f 2699 2702 2598
f 2702 2701 2703
f 2702 2703 2704
f 2702 2704 2705
f 2702 2705 2601
f 2702 2601 2599
f 2702 2599 2598
f 2705 2704 2706
f 2705 2706 2707
f 2705 2707 2606
f 2705 2606 2604
f 2705 2604 2602
f 2705 2602 2601
f 2707 2706 2708
f 2707 2708 2709
f 2707 2709 2608
f 2707 2608 2606
f 2709 2708 2711
f 2709 2711 2712
f 2710 2713 2610
f 2710 2610 2609
f 2714 2716 2613
f 2714 2613 2611
f 2716 2717 2615
f 2716 2615 2613
f 2719 2718 2720
f 2719 2720 2721
f 2719 2721 2621
f 2719 2621 2619
f 2721 2720 2722
f 2721 2722 2723
f 2721 2723 2623
f 2721 2623 2621
f 2723 2722 2724
f 2723 2724 2725
f 2723 2725 2726
f 2723 2726 2623
f 2726 2725 2727
f 2726 2727 2728
f 2726 2728 2632
f 2726 2632 2626
f 2726 2626 2624
f 2726 2624 2623
f 2728 2633 2632
f 2732 2731 2734
f 2732 2734 2735
f 2733 2736 2636
f 2733 2636 2634
f 2735 2734 2737
f 2735 2737 2739
f 2736 2740 2639
f 2736 2639 2636
f 2739 2737 180
f 2739 180 178
f 2738 177 2642
f 2738 2642 2638
f 2737 2734 2741
f 2737 2741 2742
f 2737 2742 184
f 2737 184 180
f 2742 2741 2743
f 2742 2743 2744
f 2742 2744 2745
f 2742 2745 184
f 2745 2744 2746
f 2745 2746 2747
f 2745 2747 2749
f 2745 2749 2751
f 2745 2751 182
f 2745 182 184
f 2750 2748 2752
f 2750 2752 2753
f 2750 2753 183
f 2750 183 181
f 2753 2752 2754
f 2753 2754 2755
f 2753 2755 2646
f 2753 2646 183
f 2755 2754 2756
f 2755 2756 2649
f 2755 2649 2647
f 2755 2647 2646
f 2756 2754 2757
f 2756 2757 2758
f 2756 2758 2759
f 2756 2759 2652
f 2756 2652 2650
f 2756 2650 2649
f 2759 2758 2760
f 2759 2760 2761
f 2759 2761 2762
f 2759 2762 2655
f 2759 2655 2653
f 2759 2653 2652
f 2762 2761 2763
f 2762 2763 2764
f 2762 2764 2765
f 2762 2765 2766
f 2762 2766 2656
f 2762 2656 2655
f 2766 2765 2767
f 2766 2767 2660
f 2766 2660 2657
f 2766 2657 2656
f 2767 2765 2768
f 2767 2768 2769
f 2767 2769 2770
f 2767 2770 2664
f 2767 2664 2661
f 2767 2661 2660
f 2770 2769 2772
f 2770 2772 2774
f 2771 2775 2776
f 2771 2776 2668
f 2771 2668 2666
f 2771 2666 2665
f 2776 2775 2777
f 2776 2777 2778
f 2776 2778 2779
f 2776 2779 2780
f 2776 2780 2669
f 2776 2669 2668
f 2780 2779 2782
f 2780 2782 2783
f 2780 2783 2670
f 2780 2670 2669
f 2783 2782 2785
f 2783 2785 2678
f 2783 2678 2673
f 2783 2673 2670
f 2784 2781 2786
f 2784 2786 2788
f 2784 2788 2789
f 2784 2789 2681
f 2784 2681 2679
f 2789 2788 2790
f 2789 2790 2791
f 2789 2791 2792
f 2789 2792 2793
f 2789 2793 2682
f 2789 2682 2681
f 2793 2792 2794
f 2793 2794 2686
f 2793 2686 2683
f 2793 2683 2682
f 2794 2792 108
f 2794 108 107
f 2794 107 2795
f 2794 2795 2796
f 2794 2796 2687
f 2794 2687 2686
f 2796 2795 2797
f 2796 2797 2798
f 2796 2798 2688
f 2796 2688 2687
f 2798 2797 2799
f 2798 2799 2800
f 2798 2800 2690
f 2798 2690 2688
f 2800 2799 2801
f 2800 2801 2802
f 2800 2802 2692
f 2800 2692 2690
f 2802 2801 2803
f 2802 2803 2804
f 2802 2804 2694
f 2802 2694 2692
f 2804 2803 2805
f 2804 2805 2806
f 2804 2806 2696
f 2804 2696 2694
f 2806 2805 2807
f 2806 2807 2808
f 2806 2808 2698
f 2806 2698 2696
f 2808 2807 2809
f 2808 2809 2810
f 2808 2810 2700
f 2808 2700 2698
f 2810 2809 2811
f 2810 2811 2812
f 2810 2812 2813
f 2810 2813 2700
f 2813 2812 2814
f 2813 2814 2815
f 2813 2815 2816
f 2813 2816 2703
f 2813 2703 2701
f 2813 2701 2700
f 2816 2815 2817
f 2816 2817 2818
f 2816 2818 2708
f 2816 2708 2706
f 2816 2706 2704
f 2816 2704 2703
f 2818 2817 2819
f 2818 2819 2820
f 2818 2820 2711
f 2818 2711 2708
f 2820 2819 2821
f 2820 2715 2711
f 2822 2824 2720
f 2822 2720 2718
f 2824 2823 2825
f 2824 2825 2826
f 2824 2826 2722
f 2824 2722 2720
f 2826 2825 2827
f 2826 2827 2828
f 2826 2828 2724
f 2826 2724 2722
f 2828 2827 2829
f 2828 2829 2830
f 2828 2830 2729
f 2828 2729 2724
f 2830 2829 2831
f 2830 2831 2730
f 2836 2835 2837
f 2836 2837 2743
f 2836 2743 2741
f 2836 2741 2838
f 2838 2741 2734
f 2838 2734 2731
f 2837 2835 2834
f 2837 2834 2839
f 2837 2839 2840
f 2837 2840 2746
f 2837 2746 2744
f 2837 2744 2743
f 2840 2839 2841
f 2840 2841 2842
f 2840 2842 2843
f 2840 2843 2845
f 2840 2845 2747
f 2840 2747 2746
f 2846 2844 2847
f 2846 2847 2849
f 2845 2850 2749
f 2845 2749 2747
f 2849 2847 2852
f 2849 2852 2854
f 2848 2853 2752
f 2848 2752 2748
f 2853 2851 2855
f 2853 2855 2757
f 2853 2757 2754
f 2853 2754 2752
f 2855 2851 2856
f 2855 2856 2858
f 2855 2858 2859
f 2855 2859 2760
f 2855 2760 2758
f 2855 2758 2757
f 2859 2858 2860
f 2859 2860 2861
f 2859 2861 2862
f 2859 2862 2763
f 2859 2763 2761
f 2859 2761 2760
f 2862 2861 2863
f 2862 2863 2864
f 2862 2864 2865
f 2862 2865 2866
f 2862 2866 2764
f 2862 2764 2763
f 2866 2865 2867
f 2866 2867 2768
f 2866 2768 2765
f 2866 2765 2764
f 2867 2865 2868
f 2867 2868 2869
f 2867 2869 2870
f 2867 2870 2772
f 2867 2772 2769
f 2867 2769 2768
f 2870 2869 2872
f 2870 2872 2874
f 2871 2875 2876
f 2871 2876 2777
f 2871 2777 2775
f 2871 2775 2773
f 2876 2875 2877
f 2876 2877 2878
f 2876 2878 2879
f 2876 2879 2880
f 2876 2880 2778
f 2876 2778 2777
f 2880 2879 2881
f 2880 2881 2882
f 2880 2882 2779
f 2880 2779 2778
f 2882 2881 2884
f 2882 2884 2787
f 2882 2787 2782
f 2882 2782 2779
f 2884 2881 133
f 2884 133 2886
f 2883 2885 2887
f 2883 2887 2790
f 2883 2790 2788
f 2883 2788 2786
f 2887 2885 2888
f 2887 2888 2889
f 2887 2889 112
f 2887 112 111
f 2887 111 2791
f 2887 2791 2790
f 2889 2890 115
f 2889 115 112
f 2889 2888 2891
f 2889 2891 2890
f 2891 2892 2893
f 2891 2893 2890
f 2891 2888 128
f 2891 128 127
f 2891 127 2894
f 2891 2894 2892
f 2894 2895 2896
f 2894 2896 2892
f 2894 127 125
f 2894 125 2897
f 2894 2897 2899
f 2894 2899 2895
f 2899 2900 2901
f 2899 2901 2895
f 2899 2897 2902
f 2899 2902 2904
f 2899 2904 2905
f 2899 2905 2900
f 2905 198 2906
f 2905 2906 2900
f 2905 2904 174
f 2905 174 173
f 2905 173 172
f 2905 172 198
f 2906 2907 2909
f 2906 2909 2911
f 2906 2911 2901
f 2906 2901 2900
f 2906 198 197
f 2906 197 2907
f 2911 2909 2912
f 2911 2912 2914
f 2911 2914 2915
f 2911 2915 2901
f 2915 2914 2916
f 2915 2916 2917
f 2915 2917 2918
f 2915 2918 2896
f 2915 2896 2895
f 2915 2895 2901
f 2918 2917 2919
f 2918 2919 2920
f 2918 2920 2921
f 2918 2921 2893
f 2918 2893 2892
f 2918 2892 2896
f 2921 2920 2922
f 2921 2922 2923
f 2921 2923 113
f 2921 113 115
f 2921 115 2890
f 2921 2890 2893
f 2923 2922 2924
f 2923 2924 2925
f 2923 2925 114
f 2923 114 113
f 2925 2924 2926
f 2925 2926 2927
f 2925 2927 2928
f 2925 2928 114
f 2928 2927 2929
f 2928 2929 2930
f 2928 2930 2931
f 2928 2931 2932
f 2928 2932 109
f 2928 109 114
f 2932 2931 2933
f 2932 2933 2934
f 2932 2934 110
f 2932 110 109
f 2934 2933 2935
f 2934 2935 2936
f 2934 2936 2937
f 2934 2937 110
f 2937 2936 2938
f 2937 2938 2939
f 2937 2939 2940
f 2937 2940 2941
f 2937 2941 106
f 2937 106 110
f 2941 2940 2797
f 2941 2797 2795
f 2941 2795 107
f 2941 107 106
f 2940 2939 2942
f 2940 2942 2943
f 2940 2943 2799
f 2940 2799 2797
f 2943 2942 2944
f 2943 2944 2945
f 2943 2945 2801
f 2943 2801 2799
f 2945 2944 2946
f 2945 2946 2947
f 2945 2947 2803
f 2945 2803 2801
f 2947 2946 2948
f 2947 2948 2949
f 2947 2949 2805
f 2947 2805 2803
f 2949 2948 2950
f 2949 2950 2951
f 2949 2951 2807
f 2949 2807 2805
f 2951 2950 2952
f 2951 2952 2953
f 2951 2953 2809
f 2951 2809 2807
f 2953 2952 2954
f 2953 2954 2955
f 2953 2955 2811
f 2953 2811 2809
f 2955 2954 2956
f 2955 2956 2957
f 2955 2957 2958
f 2955 2958 2811
f 2958 2957 2959
f 2958 2959 2960
f 2958 2960 2961
f 2958 2961 2814
f 2958 2814 2812
f 2958 2812 2811
f 2961 2960 2962
f 2961 2962 2963
f 2961 2963 2819
f 2961 2819 2817
f 2961 2817 2815
f 2961 2815 2814
f 2963 2962 2964
f 2963 2821 2819
f 2973 2975 2976
f 2980 2979 2981
f 2980 2981 2841
f 2980 2841 2839
f 2980 2839 2834
f 2981 2979 2978
f 2981 2978 2982
f 2981 2982 2983
f 2981 2983 2984
f 2981 2984 2842
f 2981 2842 2841
f 2984 2983 2986
f 2984 2986 2988
f 2984 2988 2843
f 2984 2843 2842
f 2989 2987 2991
f 2989 2991 2993
f 2989 2993 2847
f 2989 2847 2844
f 2992 2990 2994
f 2992 2994 2856
f 2993 2857 2852
f 2993 2852 2847
f 2994 2990 2995
f 2994 2995 2996
f 2994 2996 2997
f 2994 2997 2860
f 2994 2860 2858
f 2994 2858 2856
f 2997 2996 2998
f 2997 2998 2999
f 2997 2999 3000
f 2997 3000 2863
f 2997 2863 2861
f 2997 2861 2860
f 3000 2999 3001
f 3000 3001 3002
f 3000 3002 3003
f 3000 3003 3004
f 3000 3004 2864
f 3000 2864 2863
f 3004 3003 3005
f 3004 3005 2868
f 3004 2868 2865
f 3004 2865 2864
f 3005 3003 3006
f 3005 3006 3007
f 3005 3007 3008
f 3005 3008 2872
f 3005 2872 2869
f 3005 2869 2868
f 3008 3007 3010
f 3008 3010 3011
f 3009 3012 3014
f 3009 3014 2877
f 3009 2877 2875
f 3009 2875 2873
f 3014 3012 142
f 3014 142 146
f 3013 145 135
f 3013 135 138
f 3014 139 2878
f 3014 2878 2877
f 3011 3010 143
f 3011 143 140
f 3010 3015 3016
f 3010 3016 143
f 3010 3007 3006
f 3010 3006 3015
f 3016 3017 124
f 3016 124 120
f 3016 120 118
f 3016 118 143
f 3016 3015 3018
f 3016 3018 3017
f 3018 3019 3020
f 3018 3020 3017
f 3018 3015 3006
f 3018 3006 3021
f 3018 3021 3022
f 3018 3022 3019
f 3022 3023 3024
f 3022 3024 3019
f 3022 3021 3002
f 3022 3002 3001
f 3022 3001 3025
f 3022 3025 3023
f 3025 3026 3027
f 3025 3027 3023
f 3025 3001 2999
f 3025 2999 2998
f 3025 2998 3028
f 3025 3028 3026
f 3028 3029 3031
f 3028 3031 3026
f 3028 2998 2996
f 3028 2996 2995
f 3028 2995 3033
f 3028 3033 3029
f 3034 3035 3036
f 3034 3036 3030
f 3033 2995 2990
f 3033 2990 2985
f 3034 2986 2983
f 3034 2983 3035
f 3036 3037 3038
f 3036 3038 3039
f 3036 3039 3032
f 3036 3032 3030
f 3036 3035 3040
f 3036 3040 3037
f 3040 3041 3042
f 3040 3042 3037
f 3040 3035 2983
f 3040 2983 2982
f 3040 2982 2978
f 3040 2978 3041
f 3042 3043 3038
f 3042 3038 3037
f 3045 3044 3046
f 3045 3046 3047
f 3045 3047 3038
f 3045 3038 3043
f 3047 3046 3048
f 3047 3048 3049
f 3047 3049 3039
f 3047 3039 3038
f 3049 3048 3051
f 3049 3051 3053
f 3049 3053 3032
f 3049 3032 3039
f 3052 3050 3054
f 3052 3054 3027
f 3052 3027 3026
f 3052 3026 3031
f 3054 3050 3055
f 3054 3055 3057
f 3054 3057 3058
f 3054 3058 3024
f 3054 3024 3023
f 3054 3023 3027
f 3058 3057 3059
f 3058 3059 3060
f 3058 3060 3061
f 3058 3061 3020
f 3058 3020 3019
f 3058 3019 3024
f 3061 3060 3062
f 3061 3062 3063
f 3061 3063 121
f 3061 121 124
f 3061 124 3017
f 3061 3017 3020
f 3063 3062 3065
f 3063 3065 3067
f 3064 3068 123
f 3064 123 122
f 3068 3066 131
f 3068 131 130
f 3068 130 137
f 3068 137 123
f 3066 3070 2903
f 3066 2903 131
f 3065 3062 3071
f 3065 3071 3069
f 3071 169 174
f 3071 174 3069
f 3071 3062 3060
f 3071 3060 3059
f 3071 3059 170
f 3071 170 169
f 3069 174 2904
f 3069 2904 2902
f 3059 3057 3055
f 3059 3055 170
f 3055 3072 164
f 3055 164 170
f 3056 3051 3048
f 3056 3048 3073
f 3073 3074 166
f 3073 166 165
f 3073 3048 3046
f 3073 3046 3074
f 3074 3075 3076
f 3074 3076 166
f 3074 3046 3044
f 3074 3044 3075
f 3076 3078 168
f 3076 168 166
f 3077 3080 175
f 3077 175 167
f 3080 3082 3084
f 3080 3084 175
f 3084 3085 196
f 3084 196 195
f 3084 195 171
f 3084 171 175
f 3084 3082 3086
f 3084 3086 3085
f 3086 3088 3091
f 3086 3091 3085
f 3093 3094 3095
f 3093 3095 3096
f 3093 3096 3092
f 3093 3092 3090
f 3096 3095 3097
f 3096 3097 3098
f 3096 3098 3100
f 3096 3100 3092
f 3100 3098 2910
f 3100 2910 2908
f 3099 2907 197
f 3099 197 196
f 3099 196 3085
f 3099 3085 3091
f 3098 3097 2913
f 3098 2913 2910
f 3097 3101 3103
f 3097 3103 2913
f 3097 3095 3104
f 3097 3104 3101
f 3104 3105 3106
f 3104 3106 3101
f 3104 3095 3094
f 3104 3094 3107
f 3104 3107 3108
f 3104 3108 3105
f 3108 3109 3110
f 3108 3110 3105
f 3111 3112 187
f 3111 187 3113
f 3111 3113 3110
f 3111 3110 3109
f 3113 187 186
f 3113 186 3114
f 3113 3114 3115
f 3113 3115 3110
f 3115 3114 3117
f 3115 3117 3119
f 3115 3119 3121
f 3115 3121 3106
f 3115 3106 3105
f 3115 3105 3110
f 3120 3118 3122
f 3120 3122 3123
f 3120 3123 2916
f 3120 2916 3102
f 3121 3103 3101
f 3121 3101 3106
f 3123 3122 3124
f 3123 3124 2919
f 3123 2919 2917
f 3123 2917 2916
f 3124 3122 3125
f 3124 3125 3126
f 3124 3126 2924
f 3124 2924 2922
f 3124 2922 2920
f 3124 2920 2919
f 3126 3125 3127
f 3126 3127 3128
f 3126 3128 2926
f 3126 2926 2924
f 3128 3127 3129
f 3128 3129 3130
f 3128 3130 3131
f 3128 3131 2926
f 3131 3130 3132
f 3131 3132 3133
f 3131 3133 3134
f 3131 3134 2929
f 3131 2929 2927
f 3131 2927 2926
f 3134 3133 3135
f 3134 3135 3136
f 3134 3136 3137
f 3134 3137 3138
f 3134 3138 2930
f 3134 2930 2929
f 3138 3137 3139
f 3138 3139 3140
f 3138 3140 2931
f 3138 2931 2930
f 3140 3139 3141
f 3140 3141 3142
f 3140 3142 2933
f 3140 2933 2931
f 3142 3141 3143
f 3142 3143 3144
f 3142 3144 2935
f 3142 2935 2933
f 3144 3143 3145
f 3144 3145 3146
f 3144 3146 3147
f 3144 3147 2935
f 3147 3146 3148
f 3147 3148 3149
f 3147 3149 3150
f 3147 3150 2938
f 3147 2938 2936
f 3147 2936 2935
f 3150 3149 3151
f 3150 3151 3152
f 3150 3152 2944
f 3150 2944 2942
f 3150 2942 2939
f 3150 2939 2938
f 3152 3151 3153
f 3152 3153 3154
f 3152 3154 2946
f 3152 2946 2944
f 3154 3153 3155
f 3154 3155 3156
f 3154 3156 2948
f 3154 2948 2946
f 3156 3155 3157
f 3156 3157 3158
f 3156 3158 2950
f 3156 2950 2948
f 3158 3157 3159
f 3158 3159 3160
f 3158 3160 2952
f 3158 2952 2950
f 3160 3159 3161
f 3160 3161 3162
f 3160 3162 2954
f 3160 2954 2952
f 3162 3161 3163
f 3162 3163 3164
f 3162 3164 2956
f 3162 2956 2954
f 3164 3163 3165
f 3164 3165 3166
f 3164 3166 3167
f 3164 3167 2956
f 3167 3166 3168
f 3167 3168 3169
f 3167 3169 3170
f 3167 3170 2959
f 3167 2959 2957
f 3167 2957 2956
f 3170 3169 3171
f 3170 3171 3172
f 3170 3172 2964
f 3170 2964 2962
f 3170 2962 2960
f 3170 2960 2959
f 3172 3171 3173
f 3172 3173 3174
f 3172 3174 2965
f 3172 2965 2964
f 3174 3173 3175
f 3174 3175 3176
f 3174 3176 2966
f 3174 2966 2965
f 3176 3175 3177
f 3176 3177 3178
f 3176 3178 2967
f 3176 2967 2966
f 3178 3177 3179
f 3178 3179 3180
f 3178 3180 2968
f 3178 2968 2967
f 3180 3179 3181
f 3180 3181 3182
f 3180 3182 2969
f 3182 3181 3183
f 3182 3183 2971
f 3182 2971 2970
f 3183 3181 3184
f 3183 3184 3185
f 3183 3185 3186
f 3183 3186 2975
f 3183 2975 2972
f 3183 2972 2971
f 3186 3185 3187
f 3186 3187 3188
f 3186 3188 3189
f 3186 3189 3191
f 3186 3191 2976
f 3186 2976 2975
f 3195 3194 3198
f 3195 3198 190
f 3195 190 188
f 3195 188 3196
f 3198 3199 3200
f 3198 3200 3201
f 3198 3201 191
f 3198 191 190
f 3198 3194 3193
f 3198 3193 3199
f 3201 3200 3202
f 3201 3202 3203
f 3201 3203 3204
f 3201 3204 191
f 3204 3203 3205
f 3204 3205 3206
f 3204 3206 3207
f 3204 3207 3208
f 3204 3208 30
f 3204 30 191
f 3208 3207 3209
f 3208 3209 3210
f 3208 3210 192
f 3208 192 30
f 3210 3209 3211
f 3210 3211 3212
f 3210 3212 3129
f 3210 3129 192
f 3212 3211 3213
f 3212 3213 3132
f 3212 3132 3130
f 3212 3130 3129
f 3213 3211 3214
f 3213 3214 3215
f 3213 3215 3216
f 3213 3216 3135
f 3213 3135 3133
f 3213 3133 3132
f 3216 3215 3217
f 3216 3217 3218
f 3216 3218 3219
f 3216 3219 3220
f 3216 3220 3136
f 3216 3136 3135
f 3220 3219 3221
f 3220 3221 3222
f 3220 3222 3137
f 3220 3137 3136
f 3222 3221 3223
f 3222 3223 3224
f 3222 3224 3139
f 3222 3139 3137
f 3224 3223 3225
f 3224 3225 3226
f 3224 3226 3141
f 3224 3141 3139
f 3226 3225 3227
f 3226 3227 3228
f 3226 3228 3143
f 3226 3143 3141
f 3228 3227 3229
f 3228 3229 3230
f 3228 3230 3145
f 3228 3145 3143
f 3230 3229 3231
f 3230 3231 3232
f 3230 3232 3233
f 3230 3233 3145
f 3233 3232 3234
f 3233 3234 3235
f 3233 3235 3236
f 3233 3236 3148
f 3233 3148 3146
f 3233 3146 3145
f 3236 3235 3237
f 3236 3237 3238
f 3236 3238 3153
f 3236 3153 3151
f 3236 3151 3149
f 3236 3149 3148
f 3238 3237 3239
f 3238 3239 3240
f 3238 3240 3155
f 3238 3155 3153
f 3240 3239 3241
f 3240 3241 3242
f 3240 3242 3157
f 3240 3157 3155
f 3242 3241 3243
f 3242 3243 3244
f 3242 3244 3159
f 3242 3159 3157
f 3244 3243 3245
f 3244 3245 3246
f 3244 3246 3161
f 3244 3161 3159
f 3246 3245 3247
f 3246 3247 3248
f 3246 3248 3163
f 3246 3163 3161
f 3248 3247 3249
f 3248 3249 3250
f 3248 3250 3165
f 3248 3165 3163
f 3250 3249 3251
f 3250 3251 3252
f 3250 3252 3253
f 3250 3253 3165
f 3253 3252 3254
f 3253 3254 3255
f 3253 3255 3256
f 3253 3256 3168
f 3253 3168 3166
f 3253 3166 3165
f 3256 3255 3257
f 3256 3257 3258
f 3256 3258 3173
f 3256 3173 3171
f 3256 3171 3169
f 3256 3169 3168
f 3258 3257 50
f 3258 50 3259
f 3258 3259 3175
f 3258 3175 3173
f 3259 50 49
f 3259 49 3260
f 3259 3260 3177
f 3259 3177 3175
f 3260 49 3261
f 3260 3261 3262
f 3260 3262 3179
f 3260 3179 3177
f 3262 3261 3263
f 3262 3263 3184
f 3262 3184 3181
f 3262 3181 3179
f 3263 3264 3265
f 3263 3265 3187
f 3263 3187 3185
f 3263 3185 3184
f 3263 3261 3266
f 3263 3266 3264
f 3266 3267 3268
f 3266 3268 3264
f 3266 3261 49
f 3266 49 48
f 3266 48 51
f 3266 51 3267
f 3268 3269 3270
f 3268 3270 3272
f 3268 3272 3265
f 3268 3265 3264
f 3268 3267 3273
f 3268 3273 3269
f 3273 3274 3276
f 3273 3276 3269
f 3273 3267 51
f 3273 51 3278
f 3273 3278 3279
f 3273 3279 3274
f 3279 3280 3282
f 3279 3282 3274
f 3279 3278 3284
f 3279 3284 3285
f 3279 3285 3286
f 3279 3286 3280
f 3286 3287 3289
f 3286 3289 3280
f 3286 3285 3291
f 3286 3291 3292
f 3286 3292 3293
f 3286 3293 3287
f 3293 3294 3295
f 3293 3295 3287
f 3293 3292 3297
f 3293 3297 3298
f 3293 3298 3299
f 3293 3299 3294
f 3299 3300 3302
f 3299 3302 3294
f 3299 3298 3304
f 3299 3304 3305
f 3299 3305 3306
f 3299 3306 3300
f 3306 3307 3309
f 3306 3309 3300
f 3306 3305 3311
f 3306 3311 3312
f 3306 3312 3313
f 3306 3313 3307
f 3313 3314 3316
f 3313 3316 3307
f 3313 3312 3319
f 3313 3319 3320
f 3313 3320 3321
f 3313 3321 3314
f 3322 3324 3325
f 3322 3325 3315
f 3321 3320 3326
f 3321 3326 3328
f 3321 3328 63
f 3321 63 3323
f 3328 3326 3329
f 3328 3329 3331
f 3328 3331 64
f 3328 64 63
f 3331 3329 3332
f 3331 3332 3333
f 3331 3333 65
f 3331 65 64
f 3333 3334 3335
f 3333 3335 65
f 3333 3332 3336
f 3333 3336 3334
f 3336 3332 3337
f 3336 3337 3339
f 3336 3339 3340
f 3340 3339 53
f 3340 53 3341
f 3343 3342 3344
f 3343 3344 3345
f 3346 3345 3348
f 3346 3348 3349
f 3346 3349 3350
f 3346 3350 3347
f 3350 3351 3352
f 3350 3352 3347
f 3350 3349 3354
f 3350 3354 3355
f 3350 3355 3356
f 3350 3356 3351
f 3356 3357 3358
f 3356 3358 3351
f 3356 3355 3359
f 3356 3359 3360
f 3356 3360 3362
f 3356 3362 3357
f 3362 3364 3365
f 3362 3365 3357
f 3361 3366 3367
f 3361 3367 3363
f 3367 3368 3369
f 3367 3369 3363
f 3367 3366 3371
f 3367 3371 3372
f 3367 3372 3373
f 3367 3373 3368
f 3373 3374 3375
f 3373 3375 3368
f 3373 3372 3376
f 3373 3376 3377
f 3373 3377 3378
f 3373 3378 3374
f 3378 3379 3380
f 3378 3380 3374
f 3378 3377 3249
f 3378 3249 3247
f 3378 3247 3245
f 3378 3245 3379
f 3380 3381 3382
f 3380 3382 3383
f 3380 3383 3375
f 3380 3375 3374
f 3380 3379 3384
f 3380 3384 3381
f 3384 3385 3386
f 3384 3386 3381
f 3384 3379 3245
f 3384 3245 3243
f 3384 3243 3241
f 3384 3241 3385
f 3386 3387 3388
f 3386 3388 3389
f 3386 3389 3382
f 3386 3382 3381
f 3386 3385 3390
f 3386 3390 3387
f 3390 3391 3392
f 3390 3392 3387
f 3390 3385 3241
f 3390 3241 3239
f 3390 3239 3237
f 3390 3237 3391
f 3392 3393 3394
f 3392 3394 3395
f 3392 3395 3388
f 3392 3388 3387
f 3392 3391 3234
f 3392 3234 3393
f 3395 3394 3396
f 3395 3396 3398
f 3395 3398 3400
f 3395 3400 3388
f 3401 3399 3402
f 3401 3402 3403
f 3401 3403 3404
f 3401 3404 3406
f 3400 3405 3389
f 3400 3389 3388
f 3406 3404 3407
f 3406 3407 3409
f 3405 3408 3382
f 3405 3382 3389
f 3409 3407 3410
f 3409 3410 3412
f 3408 3411 3383
f 3408 3383 3382
f 3412 3410 3413
f 3412 3413 3415
f 3411 3414 3375
f 3411 3375 3383
f 3415 3413 3416
f 3415 3416 3370
f 3414 3369 3368
f 3414 3368 3375
f 3416 3413 3417
f 3416 3417 3418
f 3416 3418 3419
f 3416 3419 3365
f 3416 3365 3364
f 3416 3364 3370
f 3419 3418 3421
f 3419 3421 3422
f 3419 3422 3423
f 3419 3423 3358
f 3419 3358 3357
f 3419 3357 3365
f 3423 3352 3351
f 3423 3351 3358
f 3427 3426 3428
f 3427 3428 3429
f 3431 3429 3432
f 3431 3432 3433
f 3431 3433 3434
f 3431 3434 3436
f 3430 3435 62
f 3430 62 61
f 3436 3434 3325
f 3436 3325 3324
f 3435 3323 63
f 3435 63 62
f 3434 3433 3437
f 3434 3437 3438
f 3434 3438 3439
f 3434 3439 3325
f 3439 3438 3440
f 3439 3440 3442
f 3439 3442 3444
f 3439 3444 3318
f 3439 3318 3315
f 3439 3315 3325
f 3443 3441 3445
f 3443 3445 3447
f 3443 3447 3448
f 3443 3448 3310
f 3443 3310 3308
f 3443 3308 3317
f 3448 3447 3449
f 3448 3449 3450
f 3448 3450 3452
f 3448 3452 3303
f 3448 3303 3301
f 3448 3301 3310
f 3452 3450 3453
f 3452 3453 3454
f 3452 3454 3455
f 3452 3455 3296
f 3451 3295 3294
f 3451 3294 3302
f 3455 3454 3456
f 3455 3456 3457
f 3455 3457 3458
f 3455 3458 3290
f 3455 3290 3288
f 3455 3288 3296
f 3458 3457 3459
f 3458 3459 3460
f 3458 3460 3461
f 3458 3461 3283
f 3458 3283 3281
f 3458 3281 3290
f 3461 3460 3462
f 3461 3462 3463
f 3461 3463 3465
f 3461 3465 3277
f 3461 3277 3275
f 3461 3275 3283
f 3465 3463 3466
f 3465 3466 3467
f 3465 3467 3469
f 3465 3469 3271
f 3464 3270 3269
f 3464 3269 3276
f 3469 3467 3470
f 3469 3470 3473
f 3468 3471 3474
f 3468 3474 3476
f 3468 3476 3272
f 3468 3272 3270
f 3476 3474 3477
f 3476 3477 3479
f 3476 3479 3265
f 3476 3265 3272
f 3479 3477 3189
f 3479 3189 3188
f 3479 3188 3187
f 3479 3187 3265
f 3481 3480 3482
f 3481 3482 3483
f 3481 3483 3199
f 3481 3199 3193
f 3483 3482 3484
f 3483 3485 3200
f 3483 3200 3199
f 3485 3487 3202
f 3487 3486 3488
f 3487 3488 3489
f 3487 3489 3490
f 3487 3490 3202
f 3490 3489 3491
f 3490 3491 3492
f 3490 3492 3493
f 3490 3493 3205
f 3490 3205 3203
f 3490 3203 3202
f 3493 3492 3494
f 3493 3494 3495
f 3493 3495 3496
f 3493 3496 3497
f 3493 3497 3206
f 3493 3206 3205
f 3497 3496 3498
f 3497 3498 3499
f 3497 3499 3207
f 3497 3207 3206
f 3499 3498 154
f 3499 154 3500
f 3499 3500 3209
f 3499 3209 3207
f 3500 154 153
f 3500 153 3214
f 3500 3214 3211
f 3500 3211 3209
f 3498 3496 3501
f 3498 3501 3502
f 3498 3502 24
f 3498 24 154
f 3502 3501 3503
f 3502 3503 3504
f 3502 3504 147
f 3502 147 24
f 3504 3503 3505
f 3504 3505 3507
f 3504 3507 3509
f 3504 3509 147
f 3510 3508 3511
f 3510 3511 3512
f 3510 3512 3513
f 3510 3513 3515
f 3509 3514 148
f 3509 148 147
f 3515 3513 3516
f 3515 3516 3517
f 3515 3517 3519
f 3515 3519 149
f 3519 3517 3520
f 3519 3520 3522
f 3518 3521 3523
f 3518 3523 3524
f 3518 3524 150
f 3518 150 148
f 3524 3523 3525
f 3524 3525 3526
f 3524 3526 151
f 3524 151 150
f 3526 3525 3527
f 3526 3527 3528
f 3526 3528 3529
f 3526 3529 151
f 3529 3528 3530
f 3529 3530 3531
f 3529 3531 3532
f 3529 3532 3533
f 3529 3533 152
f 3529 152 151
f 3533 3532 3218
f 3533 3218 3217
f 3533 3217 153
f 3533 153 152
f 3532 3531 3534
f 3532 3534 3535
f 3532 3535 3219
f 3532 3219 3218
f 3535 3534 3536
f 3535 3536 3537
f 3535 3537 3221
f 3535 3221 3219
f 3537 3536 3538
f 3537 3538 3539
f 3537 3539 3223
f 3537 3223 3221
f 3539 3538 3540
f 3539 3540 3541
f 3539 3541 3225
f 3539 3225 3223
f 3541 3540 3542
f 3541 3542 3544
f 3541 3544 3227
f 3541 3227 3225
f 3544 3542 3545
f 3544 3545 3547
f 3544 3547 3229
f 3544 3229 3227
f 3547 3545 3548
f 3547 3548 3550
f 3547 3550 3231
f 3547 3231 3229
f 3550 3548 3396
f 3550 3396 3394
f 3550 3394 3393
f 3550 3393 3231
f 3549 3546 3551
f 3549 3551 3552
f 3549 3552 3553
f 3549 3553 3397
f 3553 3552 3554
f 3553 3554 3555
f 3553 3555 3556
f 3553 3556 3402
f 3553 3402 3399
f 3553 3399 3397
f 3556 3555 3558
f 3556 3558 3560
f 3556 3560 3562
f 3556 3562 3563
f 3556 3563 3403
f 3556 3403 3402
f 3563 3562 3565
f 3563 3565 3566
f 3563 3566 3404
f 3563 3404 3403
f 3566 3565 3568
f 3566 3568 3569
f 3566 3569 3407
f 3566 3407 3404
f 3569 3568 3571
f 3569 3571 3572
f 3569 3572 3410
f 3569 3410 3407
f 3572 3571 3574
f 3572 3574 3417
f 3572 3417 3413
f 3572 3413 3410
f 3573 3570 3575
f 3573 3575 3576
f 3573 3576 3577
f 3573 3577 3420
f 3574 3421 3418
f 3574 3418 3417
f 3577 3576 3578
f 3582 3583 3584
f 3582 3584 3585
f 3582 3585 3425
f 3582 3425 3424
f 3585 3584 3586
f 3585 3586 3587
f 3585 3587 3588
f 3588 3587 3589
f 3592 3591 3593
f 3592 3593 3594
f 3592 3594 3428
f 3592 3428 3426
f 3594 3593 3595
f 3594 3595 3596
f 3594 3596 3597
f 3594 3597 3428
f 3597 3596 3598
f 3597 3598 3599
f 3597 3599 3600
f 3597 3600 3432
f 3597 3432 3429
f 3597 3429 3428
f 3600 3599 3601
f 3600 3601 3602
f 3600 3602 3603
f 3600 3603 3437
f 3600 3437 3433
f 3600 3433 3432
f 3603 3606 3608
f 3603 3608 3440
f 3603 3440 3438
f 3603 3438 3437
f 3607 3605 3609
f 3607 3609 3611
f 3607 3611 3612
f 3607 3612 3445
f 3608 3446 3442
f 3608 3442 3440
f 3612 3611 3613
f 3612 3613 3614
f 3612 3614 3615
f 3612 3615 3449
f 3612 3449 3447
f 3612 3447 3445
f 3615 3453 3450
f 3615 3450 3449
f 3617 3456 3454
f 3617 3454 3453
f 3619 3622 3459
f 3619 3459 3457
f 3619 3457 3456
f 3622 3621 3623
f 3622 3623 3624
f 3622 3624 3625
f 3622 3625 3462
f 3622 3462 3460
f 3622 3460 3459
f 3625 3624 3626
f 3625 3626 3627
f 3625 3627 3628
f 3625 3628 3466
f 3625 3466 3463
f 3625 3463 3462
f 3628 3470 3467
f 3628 3467 3466
f 3630 3629 3631
f 3630 3631 3632
f 3630 3632 3482
f 3630 3482 3480
f 3632 3631 3633
f 3632 3633 3634
f 3632 3634 3484
f 3632 3484 3482
f 3634 3633 3635
f 3634 3635 3636
f 3634 3486 3484
f 3638 3637 3639
f 3638 3639 3640
f 3638 3640 3641
f 3638 3641 3488
f 3641 3640 3642
f 3641 3642 3643
f 3641 3643 3644
f 3641 3644 3491
f 3641 3491 3489
f 3641 3489 3488
f 3644 3643 3645
f 3644 3645 3646
f 3644 3646 3647
f 3644 3647 3494
f 3644 3494 3492
f 3644 3492 3491
f 3647 3646 3648
f 3647 3648 3649
f 3647 3649 3650
f 3647 3650 3651
f 3647 3651 3495
f 3647 3495 3494
f 3651 3650 3503
f 3651 3503 3501
f 3651 3501 3496
f 3651 3496 3495
f 3650 3649 3652
f 3650 3652 3654
f 3650 3654 3505
f 3650 3505 3503
f 3655 3653 3657
f 3655 3657 3658
f 3655 3658 3659
f 3655 3659 3506
f 3659 3658 3660
f 3659 3660 3661
f 3659 3661 3662
f 3659 3662 3511
f 3659 3511 3508
f 3659 3508 3506
f 3662 3661 3663
f 3662 3663 3664
f 3662 3664 3665
f 3662 3665 3666
f 3662 3666 3512
f 3662 3512 3511
f 3666 3665 3667
f 3666 3667 3668
f 3666 3668 3513
f 3666 3513 3512
f 3668 3667 3669
f 3668 3669 3670
f 3668 3670 3516
f 3668 3516 3513
f 3670 3669 3671
f 3670 3671 3672
f 3670 3672 3673
f 3670 3673 3516
f 3673 3672 3674
f 3673 3674 3675
f 3673 3675 3676
f 3673 3676 3520
f 3673 3520 3517
f 3673 3517 3516
f 3676 3675 3677
f 3676 3677 3679
f 3676 3679 3681
f 3676 3681 3683
f 3676 3683 3522
f 3676 3522 3520
f 3682 3680 3684
f 3682 3684 3685
f 3682 3685 3523
f 3682 3523 3521
f 3685 3684 3686
f 3685 3686 3688
f 3685 3688 3525
f 3685 3525 3523
f 3689 3687 3691
f 3689 3691 3694
f 3688 3693 3527
f 3688 3527 3525
f 3695 3692 86
f 3695 86 3697
f 3693 3696 3698
f 3693 3698 3527
f 3699 3697 3700
f 3699 3700 3702
f 3698 3701 3703
f 3698 3703 3530
f 3698 3530 3528
f 3698 3528 3527
f 3703 3701 3704
f 3703 3704 3706
f 3703 3706 3536
f 3703 3536 3534
f 3703 3534 3531
f 3703 3531 3530
f 3707 3705 3708
f 3707 3708 3710
f 3706 3709 3538
f 3706 3538 3536
f 3710 3708 3711
f 3710 3711 3713
f 3709 3712 3540
f 3709 3540 3538
f 3713 3711 3714
f 3713 3714 3716
f 3712 3715 3542
f 3712 3542 3540
f 3716 3714 3717
f 3716 3717 3551
f 3716 3551 3546
f 3716 3546 3543
f 3717 3714 3719
f 3717 3719 3721
f 3717 3721 3723
f 3717 3723 3554
f 3717 3554 3552
f 3717 3552 3551
f 3722 3720 3724
f 3722 3724 3725
f 3722 3725 3726
f 3722 3726 3557
f 3723 3558 3555
f 3723 3555 3554
f 3726 3725 3727
f 3726 3727 3728
f 3726 3728 3729
f 3726 3729 3730
f 3726 3730 3559
f 3726 3559 3557
f 3730 3729 3731
f 3730 3731 3732
f 3730 3732 3561
f 3730 3561 3559
f 3732 3731 3733
f 3732 3733 3734
f 3732 3734 3564
f 3732 3564 3561
f 3734 3733 3735
f 3734 3735 3736
f 3734 3736 3567
f 3734 3567 3564
f 3736 3735 3737
f 3736 3737 3575
f 3736 3575 3570
f 3736 3570 3567
f 3737 3735 3738
f 3737 3738 3739
f 3737 3739 3740
f 3737 3740 3578
f 3737 3578 3576
f 3737 3576 3575
f 3740 3739 3741
f 3740 3741 3742
f 3740 3742 3743
f 3740 3743 3580
f 3740 3579 3578
f 3743 3742 3744
f 3743 3744 3745
f 3743 3745 3746
f 3743 3581 3580
f 3746 3745 3747
f 3751 3749 3752
f 3751 3752 3753
f 3751 3753 3754
f 3751 3754 3590
f 3750 3589 3587
f 3750 3587 3586
f 3754 3753 3755
f 3754 3755 3756
f 3754 3756 3595
f 3754 3595 3593
f 3754 3593 3591
f 3754 3591 3590
f 3759 3758 3760
f 3759 3760 3761
f 3759 3761 3762
f 3759 3762 3601
f 3759 3599 3598
f 3762 3761 3763
f 3762 3763 3764
f 3762 3764 3765
f 3762 3765 3604
f 3762 3604 3602
f 3762 3602 3601
f 3765 3764 3766
f 3765 3766 3768
f 3765 3768 3770
f 3765 3770 3610
f 3765 3610 3606
f 3765 3606 3604
f 3769 3767 3771
f 3769 3771 3773
f 3769 3773 3774
f 3769 3774 3613
f 3769 3613 3611
f 3769 3611 3609
f 3774 3773 3775
f 3774 3775 3776
f 3774 3776 3777
f 3774 3777 3616
f 3774 3616 3614
f 3774 3614 3613
f 3777 3776 3778
f 3777 3778 3779
f 3777 3779 3780
f 3777 3780 3618
f 3780 3779 3781
f 3780 3781 3782
f 3780 3782 3783
f 3780 3783 3620
f 3783 3782 3784
f 3783 3784 3785
f 3783 3785 3786
f 3783 3786 3623
f 3783 3623 3621
f 3786 3626 3624
f 3786 3624 3623
f 3788 3787 3789
f 3788 3789 3790
f 3788 3790 3631
f 3788 3631 3629
f 3790 3789 3791
f 3790 3791 3792
f 3790 3792 3633
f 3790 3633 3631
f 3792 3791 3793
f 3792 3793 3794
f 3792 3794 3635
f 3792 3635 3633
f 3794 3793 3795
f 3794 3795 3796
f 3794 3796 3637
f 3794 3637 3635
f 3796 3795 3797
f 3796 3797 3798
f 3796 3798 3639
f 3796 3639 3637
f 3798 3799 3800
f 3798 3800 3801
f 3798 3801 3639
f 3801 3800 3802
f 3801 3802 3803
f 3801 3803 3804
f 3801 3804 3642
f 3801 3642 3640
f 3801 3640 3639
f 3804 3803 3805
f 3804 3805 3806
f 3804 3806 3807
f 3804 3807 3645
f 3804 3645 3643
f 3804 3643 3642
f 3807 3809 3810
f 3807 3810 3648
f 3807 3648 3646
f 3807 3646 3645
f 3810 3809 3811
f 3810 3811 3813
f 3810 3813 3656
f 3810 3656 3652
f 3810 3652 3649
f 3810 3649 3648
f 3814 3812 3815
f 3814 3815 3816
f 3814 3816 3817
f 3814 3817 3657
f 3817 3816 3818
f 3817 3818 3819
f 3817 3819 3820
f 3817 3820 3660
f 3817 3660 3658
f 3817 3658 3657
f 3820 3819 3821
f 3820 3821 3822
f 3820 3822 3823
f 3820 3823 3663
f 3820 3663 3661
f 3820 3661 3660
f 3823 3664 3663
f 3825 3827 3665
f 3825 3665 3664
f 3827 3826 3828
f 3827 3828 3829
f 3827 3829 3667
f 3827 3667 3665
f 3829 3828 3830
f 3829 3830 3831
f 3829 3831 3669
f 3829 3669 3667
f 3831 3830 3832
f 3831 3832 3833
f 3831 3833 3671
f 3831 3671 3669
f 3833 3832 3834
f 3833 3834 3835
f 3833 3835 3836
f 3833 3836 3671
f 3836 3835 3837
f 3836 3837 3838
f 3836 3838 3839
f 3836 3839 3674
f 3836 3674 3672
f 3836 3672 3671
f 3839 3677 3675
f 3839 3675 3674
f 3840 3843 3679
f 3840 3679 3677
f 3842 3841 3844
f 3842 3844 3845
f 3842 3845 3680
f 3842 3680 3678
f 3845 3844 3846
f 3845 3846 3847
f 3845 3847 3684
f 3845 3684 3680
f 3847 3846 3848
f 3847 3848 3849
f 3847 3849 3686
f 3847 3686 3684
f 3849 3848 3850
f 3849 3850 3851
f 3849 3851 3690
f 3849 3690 3686
f 3851 3850 3852
f 3851 3852 87
f 3851 87 85
f 3851 85 3690
f 3852 3850 3853
f 3852 3853 3854
f 3852 3854 3855
f 3852 3855 3856
f 3852 3856 82
f 3852 82 87
f 3856 3855 3857
f 3856 3857 3859
f 3856 3859 83
f 3856 83 82
f 3860 3858 3862
f 3860 3862 3863
f 3860 3863 3700
f 3860 3700 84
f 3863 3862 3708
f 3863 3708 3705
f 3863 3705 3702
f 3863 3702 3700
f 3861 3857 3864
f 3861 3864 3865
f 3862 3866 3711
f 3862 3711 3708
f 3865 3864 3867
f 3865 3867 3718
f 3866 3719 3714
f 3866 3714 3711
f 3867 3864 3868
f 3867 3868 3869
f 3867 3869 3870
f 3867 3870 3724
f 3867 3724 3720
f 3867 3720 3718
f 3870 3869 3871
f 3870 3871 3872
f 3870 3872 3873
f 3870 3873 3727
f 3870 3727 3725
f 3870 3725 3724
f 3873 3872 3874
f 3873 3874 3875
f 3873 3875 3876
f 3873 3876 3877
f 3873 3877 3728
f 3873 3728 3727
f 3877 3876 3878
f 3877 3878 3879
f 3877 3879 3729
f 3877 3729 3728
f 3879 3878 3880
f 3879 3880 3881
f 3879 3881 3731
f 3879 3731 3729
f 3881 3880 3882
f 3881 3882 3883
f 3881 3883 3733
f 3881 3733 3731
f 3883 3882 3884
f 3883 3884 3738
f 3883 3738 3735
f 3883 3735 3733
f 3884 3882 3885
f 3884 3885 3886
f 3884 3886 3887
f 3884 3887 3741
f 3884 3741 3739
f 3884 3739 3738
f 3887 3886 3888
f 3887 3888 3889
f 3887 3889 3890
f 3887 3890 3744
f 3887 3744 3742
f 3887 3742 3741
f 3890 3889 3891
f 3890 3891 3893
f 3890 3893 3895
f 3890 3895 3747
f 3890 3747 3745
f 3890 3745 3744
f 3896 3894 3897
f 3896 3897 3898
f 3896 3898 3899
f 3896 3899 3748
f 3899 3898 3900
f 3899 3900 3901
f 3899 3901 3902
f 3899 3902 3752
f 3899 3752 3749
f 3899 3749 3748
f 3902 3755 3753
f 3902 3753 3752
f 3905 3904 3906
f 3905 3906 3907
f 3905 3907 3908
f 3905 3908 3757
f 3908 3907 3909
f 3908 3909 3910
f 3908 3910 3911
f 3908 3911 3760
f 3908 3760 3758
f 3908 3758 3757
f 3911 3910 3912
f 3911 3912 3913
f 3911 3913 3914
f 3911 3914 3763
f 3911 3763 3761
f 3911 3761 3760
f 3914 3913 3915
f 3914 3915 3916
f 3914 3916 3917
f 3914 3917 3766
f 3914 3766 3764
f 3914 3764 3763
f 3917 3916 3918
f 3917 3918 3920
f 3917 3920 3922
f 3917 3922 3772
f 3917 3772 3768
f 3917 3768 3766
f 3921 3919 3923
f 3921 3923 3925
f 3921 3925 3926
f 3921 3926 3775
f 3921 3775 3773
f 3921 3773 3771
f 3926 3927 3928
f 3926 3928 3929
f 3926 3929 3778
f 3926 3778 3776
f 3926 3776 3775
f 3929 3928 3930
f 3929 3930 3931
f 3929 3931 3932
f 3929 3932 3781
f 3929 3781 3779
f 3929 3779 3778
f 3932 3784 3782
f 3932 3782 3781
f 3934 3933 3935
f 3934 3935 3936
f 3934 3936 3789
f 3934 3789 3787
f 3936 3935 3937
f 3936 3937 3938
f 3936 3938 3791
f 3936 3791 3789
f 3938 3937 3939
f 3938 3939 3940
f 3938 3940 3793
f 3938 3793 3791
f 3940 3939 3941
f 3940 3941 3942
f 3940 3942 3795
f 3940 3795 3793
f 3942 3941 3943
f 3942 3943 3944
f 3942 3944 3797
f 3942 3797 3795
f 3944 3943 3945
f 3944 3945 3946
f 3944 3946 3799
f 3946 3945 3947
f 3946 3947 3948
f 3946 3948 3949
f 3946 3949 3799
f 3949 3948 3950
f 3949 3950 3951
f 3949 3951 3952
f 3949 3952 3802
f 3949 3802 3800
f 3949 3800 3799
f 3952 3951 3953
f 3952 3953 3954
f 3952 3954 3955
f 3952 3955 3805
f 3952 3805 3803
f 3952 3803 3802
f 3955 3954 3956
f 3955 3956 3958
f 3955 3958 3960
f 3955 3960 3808
f 3955 3808 3806
f 3955 3806 3805
f 3961 3959 3962
f 3961 3962 3963
f 3961 3963 3815
f 3961 3815 3812
f 3960 3811 3809
f 3960 3809 3808
f 3963 3962 3964
f 3963 3964 3965
f 3963 3965 3966
f 3963 3966 3815
f 3966 3965 3967
f 3966 3967 3968
f 3966 3968 3969
f 3966 3969 3818
f 3966 3818 3816
f 3966 3816 3815
f 3969 3968 3970
f 3969 3970 3971
f 3969 3971 3972
f 3969 3972 3821
f 3969 3821 3819
f 3969 3819 3818
f 3972 3822 3821
f 3975 3974 3976
f 3975 3976 3977
f 3975 3977 3978
f 3975 3978 3979
f 3975 3979 3824
f 3979 3978 3980
f 3979 3980 3981
f 3981 3980 3982
f 3981 3982 3983
f 3981 3983 3826
f 3983 3982 3984
f 3983 3984 3985
f 3983 3985 3828
f 3985 3984 3986
f 3985 3986 3987
f 3985 3987 3830
f 3985 3830 3828
f 3987 3986 3988
f 3987 3988 3989
f 3987 3989 3832
f 3987 3832 3830
f 3989 3988 3990
f 3989 3990 3991
f 3989 3991 3834
f 3989 3834 3832
f 3991 3990 3992
f 3991 3992 3993
f 3991 3993 3994
f 3991 3994 3834
f 3994 3993 3995
f 3994 3995 3996
f 3994 3837 3835
f 3994 3835 3834
f 3998 3997 3999
f 3998 3999 4000
f 3998 4000 3844
f 3998 3844 3841
f 4000 3999 4001
f 4000 4001 4002
f 4000 4002 3846
f 4000 3846 3844
f 4002 4001 4003
f 4002 4003 4004
f 4002 4004 3848
f 4002 3848 3846
f 4004 4003 4005
f 4004 4005 3853
f 4004 3853 3850
f 4004 3850 3848
f 4005 4003 4006
f 4005 4006 4007
f 4005 4007 3871
f 4005 3871 4008
f 4005 4008 3854
f 4005 3854 3853
f 4008 3871 3869
f 4008 3869 3868
f 4008 3868 3855
f 4008 3855 3854
f 4007 4006 4009
f 4007 4009 3874
f 4007 3874 3872
f 4007 3872 3871
f 4009 4006 4010
f 4009 4010 4011
f 4009 4011 4012
f 4009 4012 4013
f 4009 4013 3875
f 4009 3875 3874
f 4013 4012 4014
f 4013 4014 4015
f 4013 4015 3876
f 4013 3876 3875
f 4015 4014 4016
f 4015 4016 4017
f 4015 4017 3878
f 4015 3878 3876
f 4017 4016 4018
f 4017 4018 4019
f 4017 4019 3880
f 4017 3880 3878
f 4019 4018 4020
f 4019 4020 3885
f 4019 3885 3882
f 4019 3882 3880
f 4020 4018 4021
f 4020 4021 4022
f 4020 4022 4023
f 4020 4023 3888
f 4020 3888 3886
f 4020 3886 3885
f 4024 4025 3892
f 4023 3891 3889
f 4023 3889 3888
f 4025 3894 3892
f 4026 4027 4028
f 4026 4028 4029
f 4026 4029 3903
f 4029 4028 4030
f 4029 4030 4031
f 4029 4031 4032
f 4029 4032 3906
f 4029 3906 3904
f 4029 3904 3903
f 4032 4031 4033
f 4032 4033 4034
f 4032 4034 4035
f 4032 4035 3909
f 4032 3909 3907
f 4032 3907 3906
f 4035 4034 4036
f 4035 4036 4037
f 4035 4037 4038
f 4035 4038 3912
f 4035 3912 3910
f 4035 3910 3909
f 4038 4037 4039
f 4038 4039 4040
f 4038 4040 4041
f 4038 4041 3915
f 4038 3915 3913
f 4038 3913 3912
f 4041 4040 4042
f 4041 4042 4043
f 4041 4043 4044
f 4041 4044 3918
f 4041 3918 3916
f 4041 3916 3915
f 4044 4043 4045
f 4044 4045 4046
f 4044 3924 3920
f 4044 3920 3918
f 4048 4046 4051
f 4047 4052 4053
f 4047 4053 3927
f 4047 3927 3925
f 4047 3925 3923
f 4053 3930 3928
f 4053 3928 3927
f 4055 4054 4056
f 4055 4056 4057
f 4055 4057 3935
f 4055 3935 3933
f 4057 4056 4058
f 4057 4058 4059
f 4057 4059 3937
f 4057 3937 3935
f 4059 4058 4060
f 4059 4060 4061
f 4059 4061 3939
f 4059 3939 3937
f 4061 4060 4062
f 4061 4062 4063
f 4061 4063 3941
f 4061 3941 3939
f 4063 4062 4064
f 4063 4064 4065
f 4063 4065 3943
f 4063 3943 3941
f 4065 4066 3945
f 4065 3945 3943
f 4066 4067 3947
f 4066 3947 3945
f 4067 4068 4069
f 4067 4069 4070
f 4067 4070 3947
f 4070 4069 4071
f 4070 4071 4073
f 4070 4073 4075
f 4070 4075 3950
f 4070 3950 3948
f 4075 4073 4076
f 4075 4076 4078
f 4075 4078 4080
f 4075 4080 3953
f 4075 3953 3951
f 4075 3951 3950
f 4081 4079 4082
f 4081 4082 4083
f 4081 4083 4084
f 4081 4084 3957
f 4080 3956 3954
f 4080 3954 3953
f 4084 4083 4085
f 4084 4085 4086
f 4084 4086 3964
f 4084 3964 3962
f 4084 3962 3959
f 4084 3959 3957
f 4086 4085 4087
f 4086 4087 4088
f 4086 4088 4089
f 4086 4089 3964
f 4089 4088 208
f 4089 208 207
f 4089 207 206
f 4089 206 3967
f 4089 3967 3965
f 4089 3965 3964
f 4088 4087 4090
f 4088 4090 208
f 4090 4091 4092
f 4090 4092 4093
f 4090 4093 205
f 4090 205 208
f 4090 4087 4094
f 4090 4094 4091
f 4094 4095 4096
f 4094 4096 4091
f 4094 4087 4085
f 4094 4085 4097
f 4094 4097 4098
f 4094 4098 4095
f 4098 4099 4100
f 4098 4100 4095
f 4098 4097 4082
f 4098 4082 4101
f 4098 4101 4102
f 4098 4102 4099
f 4102 4103 4104
f 4102 4104 4099
f 4102 4101 4077
f 4102 4077 4105
f 4102 4105 4106
f 4102 4106 4103
f 4106 4107 4108
f 4106 4108 4103
f 4106 4105 4072
f 4106 4072 4110
f 4106 4110 4112
f 4106 4112 4107
f 4112 4114 4115
f 4112 4115 4107
f 4111 4109 4068
f 4111 4116 4113
f 4116 4117 4118
f 4116 4118 4113
f 4127 4129 4130
f 4127 4130 4124
f 4128 4126 4131
f 4128 4131 4133
f 4127 4132 4134
f 4127 4134 4129
f 4134 4136 4138
f 4134 4138 4129
f 4139 4997 4141
f 4139 4141 4142
f 4139 4142 4138
f 4139 4138 4136
f 4142 4141 4143
f 4142 4143 4144
f 4142 4144 4145
f 4142 4145 4138
f 4145 4144 4146
f 4145 4146 4147
f 4145 4147 4148
f 4145 4148 4130
f 4145 4130 4129
f 4145 4129 4138
f 4148 4147 4149
f 4148 4149 4150
f 4148 4150 4151
f 4148 4151 4125
f 4148 4124 4130
f 4151 4150 4152
f 4151 4152 4153
f 4154 4153 4155
f 4154 4155 4156
f 4157 4156 4158
f 4157 4158 4159
f 4157 4159 4160
f 4160 4159 4161
f 4160 4161 4162
f 4160 4162 4163
f 4160 4163 4123
f 4163 4162 4165
f 4163 4165 4166
f 4164 4167 4169
f 4164 4169 4122
f 4163 4121 4120
f 4163 4120 4123
f 4169 4167 4172
f 4169 4172 4175
f 4168 4173 4176
f 4168 4176 4118
f 4168 4118 4117
f 4168 4117 4121
f 4177 4174 4178
f 4177 4178 4180
f 4177 4180 4181
f 4177 4181 4115
f 4177 4115 4114
f 4177 4114 4119
f 4181 4180 4182
f 4181 4182 4183
f 4181 4183 4184
f 4181 4184 4108
f 4181 4108 4107
f 4181 4107 4115
f 4184 4183 4185
f 4184 4185 4186
f 4184 4186 4187
f 4184 4187 4104
f 4184 4104 4103
f 4184 4103 4108
f 4187 4186 4188
f 4187 4188 4189
f 4187 4189 4190
f 4187 4190 4100
f 4187 4100 4099
f 4187 4099 4104
f 4190 4189 4191
f 4190 4191 4192
f 4190 4192 4193
f 4190 4193 4096
f 4190 4096 4095
f 4190 4095 4100
f 4193 4192 4194
f 4193 4194 4195
f 4193 4195 4196
f 4193 4196 4092
f 4193 4092 4091
f 4193 4091 4096
f 4196 4195 4197
f 4196 4197 4198
f 4196 4198 4199
f 4196 4199 4200
f 4196 4200 4093
f 4196 4093 4092
f 4200 4199 203
f 4200 203 202
f 4200 202 205
f 4200 205 4093
f 4199 4198 4201
f 4199 4201 4202
f 4199 4202 4203
f 4199 4203 203
f 4203 4202 4204
f 4203 4204 4205
f 4203 4205 4206
f 4203 4206 4207
f 4203 4207 204
f 4203 204 203
f 4207 4206 4208
f 4207 4208 4209
f 4207 4209 4210
f 4207 4210 204
f 4210 4209 4211
f 4210 4211 4212
f 4210 4212 3976
f 4210 3976 4213
f 4210 4213 199
f 4210 199 204
f 4213 3976 3974
f 4213 3974 3973
f 4213 3973 200
f 4213 200 199
f 4212 4211 4214
f 4212 4214 4215
f 4212 4215 3977
f 4212 3977 3976
f 4215 4214 4216
f 4215 4216 4217
f 4215 4217 3978
f 4215 3978 3977
f 4217 4216 4218
f 4217 4218 4219
f 4217 4219 3980
f 4217 3980 3978
f 4219 4218 4220
f 4219 4220 4221
f 4219 4221 3982
f 4219 3982 3980
f 4221 4220 4222
f 4221 4222 4223
f 4221 4223 3984
f 4221 3984 3982
f 4223 4222 4224
f 4223 4224 4225
f 4223 4225 3986
f 4223 3986 3984
f 4225 4224 4226
f 4225 4226 4227
f 4225 4227 3988
f 4225 3988 3986
f 4227 4226 4228
f 4227 4228 4229
f 4227 4229 3990
f 4227 3990 3988
f 4229 4228 4230
f 4229 4230 4231
f 4229 4231 3992
f 4229 3992 3990
f 4231 4230 4232
f 4231 4232 4233
f 4231 4233 4234
f 4231 4234 3992
f 4234 4233 4235
f 4234 4235 4236
f 4234 4236 4237
f 4234 4237 3995
f 4234 3995 3993
f 4234 3993 3992
f 4237 3996 3995
f 4238 4240 3999
f 4238 3999 3997
f 4240 4239 4011
f 4240 4011 4010
f 4240 4010 4001
f 4240 4001 3999
f 4239 4241 4012
f 4239 4012 4011
f 4241 4242 4014
f 4241 4014 4012
f 4242 4243 4016
f 4242 4016 4014
f 4243 4021 4018
f 4243 4018 4016
f 4245 4244 4246
f 4245 4246 4247
f 4245 4247 4248
f 4245 4248 4027
f 4248 4247 4249
f 4248 4249 4250
f 4248 4250 4251
f 4248 4251 4030
f 4248 4030 4028
f 4248 4028 4027
f 4251 4250 4252
f 4251 4252 4253
f 4251 4253 4254
f 4251 4254 4033
f 4251 4033 4031
f 4251 4031 4030
f 4254 4253 4255
f 4254 4255 4256
f 4254 4256 4257
f 4254 4257 4036
f 4254 4036 4034
f 4254 4034 4033
f 4257 4256 4258
f 4257 4258 4259
f 4257 4259 4260
f 4257 4260 4039
f 4257 4039 4037
f 4257 4037 4036
f 4260 4259 4261
f 4260 4261 4262
f 4260 4262 4263
f 4260 4263 4042
f 4260 4042 4040
f 4260 4040 4039
f 4263 4262 4264
f 4263 4264 4265
f 4263 4265 4267
f 4263 4267 4045
f 4263 4045 4043
f 4263 4043 4042
f 4267 4051 4046
f 4267 4046 4045
f 4288 4287 4289
f 4288 4289 4208
f 4288 4208 4206
f 4288 4206 4290
f 4290 4206 4205
f 4290 4205 4291
f 4291 4205 4204
f 4291 4204 4292
f 4292 4204 4294
f 4292 4294 4293
f 4294 4295 4296
f 4294 4296 4293
f 4294 4204 4202
f 4294 4202 4201
f 4294 4201 4297
f 4294 4297 4295
f 4297 4298 4299
f 4297 4299 4295
f 4297 4201 4198
f 4297 4198 4197
f 4297 4197 4300
f 4297 4300 4298
f 4300 4301 4302
f 4300 4302 4298
f 4300 4197 4195
f 4300 4195 4194
f 4300 4194 4303
f 4300 4303 4301
f 4303 4304 4305
f 4303 4305 4301
f 4303 4194 4192
f 4303 4192 4191
f 4303 4191 4306
f 4303 4306 4304
f 4306 4307 4308
f 4306 4308 4304
f 4306 4191 4189
f 4306 4189 4188
f 4306 4188 4309
f 4306 4309 4307
f 4309 4310 4311
f 4309 4311 4307
f 4309 4188 4186
f 4309 4186 4185
f 4309 4185 4312
f 4309 4312 4310
f 4312 4313 4315
f 4312 4315 4310
f 4312 4185 4183
f 4312 4183 4182
f 4312 4182 4317
f 4312 4317 4313
f 4318 4320 4322
f 4318 4322 4314
f 4317 4182 4180
f 4317 4180 4178
f 4318 4179 4324
f 4318 4324 4320
f 4323 4326 4327
f 4323 4327 4319
f 4324 4179 4175
f 4324 4175 4172
f 4323 4171 4329
f 4323 4329 4326
f 4328 4330 4331
f 4328 4331 4325
f 4328 4170 4166
f 4328 4166 4165
f 4328 4165 4333
f 4328 4333 4330
f 4333 4334 4335
f 4333 4335 4330
f 4333 4165 4162
f 4333 4162 4161
f 4333 4161 4336
f 4333 4336 4334
f 4336 4337 4338
f 4336 4338 4334
f 4336 4161 4159
f 4336 4159 4158
f 4336 4158 4339
f 4336 4339 4337
f 4339 4340 4341
f 4339 4341 4337
f 4339 4158 4156
f 4339 4156 4155
f 4339 4155 4342
f 4339 4342 4340
f 4342 4343 4344
f 4342 4344 4340
f 4342 4155 4153
f 4342 4153 4152
f 4342 4152 4345
f 4342 4345 4343
f 4345 4346 4347
f 4345 4347 4343
f 4345 4152 4150
f 4345 4150 4149
f 4345 4149 4348
f 4345 4348 4346
f 4348 4349 4350
f 4348 4350 4346
f 4348 4149 4147
f 4348 4147 4146
f 4348 4146 4351
f 4348 4351 4349
f 4351 4352 4353
f 4351 4353 4349
f 4351 4146 4144
f 4351 4144 4143
f 4351 4143 4354
f 4351 4354 4352
f 4354 4355 4356
f 4354 4356 4352
f 4354 4143 4141
f 4354 4141 4357
f 4354 4357 4358
f 4354 4358 4355
f 4358 4359 4360
f 4358 4360 4355
f 4358 4357 4361
f 4358 4361 4363
f 4358 4363 4365
f 4358 4365 4359
f 4365 4366 4367
f 4365 4367 4359
f 4368 4369 4370
f 4368 4370 4371
f 4368 4371 4367
f 4368 4367 4366
f 4371 4370 4372
f 4371 4372 4373
f 4371 4373 4374
f 4371 4374 4367
f 4374 4373 4375
f 4374 4375 4376
f 4374 4376 4377
f 4374 4377 4360
f 4374 4360 4359
f 4374 4359 4367
f 4377 4376 4378
f 4377 4378 4379
f 4377 4379 4380
f 4377 4380 4356
f 4377 4356 4355
f 4377 4355 4360
f 4380 4379 4381
f 4380 4381 4382
f 4380 4382 4383
f 4380 4383 4353
f 4380 4353 4352
f 4380 4352 4356
f 4383 4382 4384
f 4383 4384 4385
f 4383 4385 4386
f 4383 4386 4350
f 4383 4350 4349
f 4383 4349 4353
f 4386 4385 4387
f 4386 4387 4388
f 4386 4388 4389
f 4386 4389 4347
f 4386 4347 4346
f 4386 4346 4350
f 4389 4388 4390
f 4389 4390 4391
f 4389 4391 4392
f 4389 4392 4344
f 4389 4344 4343
f 4389 4343 4347
f 4392 4391 4393
f 4392 4393 4394
f 4392 4394 4395
f 4392 4395 4341
f 4392 4341 4340
f 4392 4340 4344
f 4395 4394 4396
f 4395 4396 4397
f 4395 4397 4398
f 4395 4398 4338
f 4395 4338 4337
f 4395 4337 4341
f 4398 4397 4399
f 4398 4399 4401
f 4398 4401 4403
f 4398 4403 4335
f 4398 4335 4334
f 4398 4334 4338
f 4404 4402 4405
f 4404 4405 4406
f 4404 4406 4407
f 4404 4407 4332
f 4403 4331 4330
f 4403 4330 4335
f 4407 4406 4408
f 4407 4408 4409
f 4407 4409 4410
f 4407 4410 4327
f 4407 4327 4326
f 4407 4326 4332
f 4410 4409 4411
f 4410 4411 4412
f 4410 4412 4413
f 4410 4413 4321
f 4410 4321 4319
f 4410 4319 4327
f 4413 4412 4415
f 4413 4415 4416
f 4414 4417 4419
f 4414 4419 4316
f 4414 4316 4314
f 4414 4314 4322
f 4419 4417 4421
f 4419 4421 4423
f 4418 4422 4424
f 4418 4424 4311
f 4418 4311 4310
f 4418 4310 4315
f 4424 4422 4425
f 4424 4425 4427
f 4424 4427 4428
f 4424 4428 4308
f 4424 4308 4307
f 4424 4307 4311
f 4428 4427 4429
f 4428 4429 4430
f 4428 4430 4431
f 4428 4431 4305
f 4428 4305 4304
f 4428 4304 4308
f 4431 4430 4432
f 4431 4432 4433
f 4431 4433 4434
f 4431 4434 4302
f 4431 4302 4301
f 4431 4301 4305
f 4434 4433 4435
f 4434 4435 4436
f 4434 4436 4437
f 4434 4437 4299
f 4434 4299 4298
f 4434 4298 4302
f 4437 4296 4295
f 4437 4295 4299
f 4439 4438 4440
f 4439 4440 4441
f 4439 4441 4056
f 4439 4056 4054
f 4441 4440 4442
f 4441 4442 4443
f 4441 4443 4058
f 4441 4058 4056
f 4443 4442 4444
f 4443 4444 4445
f 4443 4060 4058
f 4445 4444 4446
f 4445 4447 4062
f 4445 4062 4060
f 4447 4448 4064
f 4447 4064 4062
f 4456 4454 4458
f 4456 4458 4460
f 4455 4459 4370
f 4455 4370 4369
f 4459 4457 4461
f 4459 4461 4462
f 4459 4462 4372
f 4459 4372 4370
f 4462 4461 4463
f 4462 4463 4464
f 4462 4464 4465
f 4462 4465 4372
f 4465 4464 4466
f 4465 4466 4467
f 4465 4467 4468
f 4465 4468 4375
f 4465 4375 4373
f 4465 4373 4372
f 4468 4467 4469
f 4468 4469 4470
f 4468 4470 4471
f 4468 4471 4378
f 4468 4378 4376
f 4468 4376 4375
f 4471 4470 4472
f 4471 4472 4473
f 4471 4473 4474
f 4471 4474 4381
f 4471 4381 4379
f 4471 4379 4378
f 4474 4473 4475
f 4474 4475 4476
f 4474 4476 4477
f 4474 4477 4384
f 4474 4384 4382
f 4474 4382 4381
f 4477 4476 4478
f 4477 4478 4479
f 4477 4479 4480
f 4477 4480 4387
f 4477 4387 4385
f 4477 4385 4384
f 4480 4479 4481
f 4480 4481 4482
f 4480 4482 4483
f 4480 4483 4390
f 4480 4390 4388
f 4480 4388 4387
f 4483 4482 4484
f 4483 4484 4486
f 4483 4486 4488
f 4483 4488 4393
f 4483 4393 4391
f 4483 4391 4390
f 4489 4487 4490
f 4489 4490 4492
f 4488 4491 4493
f 4488 4493 4396
f 4488 4396 4394
f 4488 4394 4393
f 4494 4492 4495
f 4494 4495 4496
f 4494 4496 4497
f 4494 4497 4400
f 4493 4399 4397
f 4493 4397 4396
f 4497 4496 4498
f 4497 4498 4499
f 4497 4499 4500
f 4497 4500 4405
f 4497 4405 4402
f 4497 4402 4400
f 4500 4499 4501
f 4500 4501 4502
f 4500 4502 4503
f 4500 4503 4408
f 4500 4408 4406
f 4500 4406 4405
f 4503 4502 4504
f 4503 4504 4505
f 4503 4505 4506
f 4503 4506 4411
f 4503 4411 4409
f 4503 4409 4408
f 4506 4505 4507
f 4506 4507 4508
f 4506 4508 4509
f 4506 4509 4415
f 4506 4415 4412
f 4506 4412 4411
f 4509 4508 4510
f 4509 4510 4511
f 4509 4511 4512
f 4509 4512 4420
f 4509 4420 4416
f 4509 4416 4415
f 4512 4511 4514
f 4512 4514 4515
f 4513 4516 4518
f 4513 4518 4426
f 4513 4426 4423
f 4513 4423 4421
f 4518 4516 4520
f 4518 4520 4522
f 4517 4521 4523
f 4517 4523 4429
f 4517 4429 4427
f 4517 4427 4425
f 4523 4521 4525
f 4523 4525 4528
f 4523 4528 4530
f 4523 4530 4432
f 4523 4432 4430
f 4523 4430 4429
f 4530 4435 4433
f 4530 4433 4432
f 4533 4531 4450
f 4533 4450 4534
f 4533 4534 4440
f 4533 4440 4438
f 4534 4449 4442
f 4534 4442 4440
f 4536 4535 4537
f 4536 4537 4539
f 4536 4539 4458
f 4536 4458 4454
f 4539 4537 4540
f 4539 4540 4542
f 4538 4541 4461
f 4538 4461 4457
f 4542 4540 4544
f 4542 4544 4546
f 4541 4545 4463
f 4541 4463 4461
f 4545 4543 4547
f 4545 4547 4549
f 4545 4549 4550
f 4545 4550 4463
f 4550 4549 4551
f 4550 4551 4552
f 4550 4552 4553
f 4550 4553 4466
f 4550 4466 4464
f 4550 4464 4463
f 4553 4552 4554
f 4553 4554 4555
f 4553 4555 4556
f 4553 4556 4469
f 4553 4469 4467
f 4553 4467 4466
f 4556 4555 4557
f 4556 4557 4558
f 4556 4558 4559
f 4556 4559 4472
f 4556 4472 4470
f 4556 4470 4469
f 4559 4558 4560
f 4559 4560 4561
f 4559 4561 4562
f 4559 4562 4475
f 4559 4475 4473
f 4559 4473 4472
f 4562 4561 4563
f 4562 4563 4564
f 4562 4564 4565
f 4562 4565 4478
f 4562 4478 4476
f 4562 4476 4475
f 4565 4564 4566
f 4565 4566 4568
f 4565 4568 4570
f 4565 4570 4481
f 4565 4481 4479
f 4565 4479 4478
f 4571 4569 4572
f 4571 4572 4573
f 4571 4573 4574
f 4571 4574 4485
f 4570 4484 4482
f 4570 4482 4481
f 4574 4573 4575
f 4574 4575 4576
f 4574 4576 4577
f 4574 4577 4490
f 4574 4490 4487
f 4574 4487 4485
f 4577 4576 4578
f 4577 4578 4579
f 4577 4579 4580
f 4577 4580 4495
f 4577 4495 4492
f 4577 4492 4490
f 4580 4579 4581
f 4580 4581 4582
f 4580 4582 4583
f 4580 4583 4498
f 4580 4498 4496
f 4580 4496 4495
f 4583 4582 4584
f 4583 4584 4585
f 4583 4585 4586
f 4583 4586 4501
f 4583 4501 4499
f 4583 4499 4498
f 4586 4585 4587
f 4586 4587 4588
f 4586 4588 4589
f 4586 4589 4504
f 4586 4504 4502
f 4586 4502 4501
f 4589 4588 4590
f 4589 4590 4591
f 4589 4591 4592
f 4589 4592 4507
f 4589 4507 4505
f 4589 4505 4504
f 4592 4591 4593
f 4592 4593 4594
f 4592 4594 4595
f 4592 4595 4510
f 4592 4510 4508
f 4592 4508 4507
f 4595 4594 4596
f 4595 4596 4597
f 4595 4597 4598
f 4595 4598 4514
f 4595 4514 4511
f 4595 4511 4510
f 4598 4597 4600
f 4598 4600 4602
f 4598 4602 4604
f 4598 4604 4519
f 4598 4519 4515
f 4598 4515 4514
f 4605 4526 4522
f 4605 4522 4520
f 4607 4606 4608
f 4607 4608 4609
f 4607 4609 4537
f 4607 4537 4535
f 4609 4608 4610
f 4609 4610 4611
f 4609 4611 4540
f 4609 4540 4537
f 4611 4610 4612
f 4611 4612 4613
f 4611 4613 4544
f 4611 4544 4540
f 4613 4612 4614
f 4613 4614 4615
f 4613 4615 4548
f 4613 4548 4544
f 4615 4614 4616
f 4615 4616 4617
f 4615 4617 4619
f 4615 4619 4548
f 4619 4617 4620
f 4619 4620 4622
f 4618 4621 4623
f 4618 4623 4551
f 4618 4551 4549
f 4618 4549 4547
f 4624 4622 4625
f 4624 4625 4627
f 4623 4626 4628
f 4623 4628 4554
f 4623 4554 4552
f 4623 4552 4551
f 4628 4626 4629
f 4628 4629 4631
f 4628 4631 4633
f 4628 4633 4557
f 4628 4557 4555
f 4628 4555 4554
f 4633 4631 4634
f 4633 4634 4636
f 4633 4636 4638
f 4633 4638 4560
f 4633 4560 4558
f 4633 4558 4557
f 4639 4637 4640
f 4639 4640 4643
f 4638 4642 4645
f 4638 4645 4563
f 4638 4563 4561
f 4638 4561 4560
f 4646 4644 4647
f 4646 4647 4648
f 4646 4648 4649
f 4646 4649 4567
f 4645 4566 4564
f 4645 4564 4563
f 4649 4648 4650
f 4649 4650 4651
f 4649 4651 4652
f 4649 4652 4572
f 4649 4572 4569
f 4649 4569 4567
f 4652 4651 4653
f 4652 4653 4654
f 4652 4654 4655
f 4652 4655 4575
f 4652 4575 4573
f 4652 4573 4572
f 4655 4654 4656
f 4655 4656 4657
f 4655 4657 4658
f 4655 4658 4578
f 4655 4578 4576
f 4655 4576 4575
f 4658 4657 4659
f 4658 4659 4660
f 4658 4660 4661
f 4658 4661 4581
f 4658 4581 4579
f 4658 4579 4578
f 4661 4660 4662
f 4661 4662 4663
f 4661 4663 4664
f 4661 4664 4584
f 4661 4584 4582
f 4661 4582 4581
f 4664 4663 4665
f 4664 4665 4666
f 4664 4666 4667
f 4664 4667 4587
f 4664 4587 4585
f 4664 4585 4584
f 4667 4666 4668
f 4667 4668 4669
f 4667 4669 4670
f 4667 4670 4590
f 4667 4590 4588
f 4667 4588 4587
f 4670 4669 4671
f 4670 4671 4672
f 4670 4672 4673
f 4670 4673 4593
f 4670 4593 4591
f 4670 4591 4590
f 4673 4672 4675
f 4673 4675 4677
f 4673 4677 4679
f 4673 4679 4596
f 4673 4596 4594
f 4673 4594 4593
f 4679 4600 4597
f 4679 4597 4596
f 4681 4680 4682
f 4681 4682 4683
f 4681 4683 4608
f 4681 4608 4606
f 4683 4682 4684
f 4683 4684 4685
f 4683 4685 4610
f 4683 4610 4608
f 4685 4684 4686
f 4685 4686 4687
f 4685 4687 4612
f 4685 4612 4610
f 4687 4686 4688
f 4687 4688 4689
f 4687 4689 4614
f 4687 4614 4612
f 4689 4688 4690
f 4689 4690 4691
f 4689 4691 4616
f 4689 4616 4614
f 4691 4690 4692
f 4691 4692 4693
f 4691 4693 4694
f 4691 4694 4616
f 4694 4693 4695
f 4694 4695 4696
f 4694 4696 4697
f 4694 4697 4620
f 4694 4620 4617
f 4694 4617 4616
f 4697 4696 4698
f 4697 4698 4699
f 4697 4699 4700
f 4697 4700 4625
f 4697 4625 4622
f 4697 4622 4620
f 4700 4699 4701
f 4700 4701 4702
f 4700 4702 4703
f 4700 4703 4630
f 4700 4630 4627
f 4700 4627 4625
f 4703 4702 4704
f 4703 4704 4705
f 4703 4705 4707
f 4703 4707 4635
f 4703 4635 4632
f 4703 4632 4630
f 4708 4706 4710
f 4708 4710 4712
f 4707 4711 4713
f 4707 4713 4640
f 4707 4640 4637
f 4707 4637 4635
f 4714 4712 4715
f 4714 4715 4716
f 4714 4716 4717
f 4714 4717 4647
f 4714 4647 4644
f 4714 4644 4641
f 4717 4716 4718
f 4717 4718 4719
f 4717 4719 4720
f 4717 4720 4650
f 4717 4650 4648
f 4717 4648 4647
f 4720 4719 4721
f 4720 4721 4722
f 4720 4722 4723
f 4720 4723 4653
f 4720 4653 4651
f 4720 4651 4650
f 4723 4722 4724
f 4723 4724 4725
f 4723 4725 4726
f 4723 4726 4656
f 4723 4656 4654
f 4723 4654 4653
f 4726 4725 4727
f 4726 4727 4728
f 4726 4728 4729
f 4726 4729 4659
f 4726 4659 4657
f 4726 4657 4656
f 4729 4728 4730
f 4729 4730 4731
f 4729 4731 4732
f 4729 4732 4662
f 4729 4662 4660
f 4729 4660 4659
f 4732 4731 4733
f 4732 4733 4734
f 4732 4734 4735
f 4732 4735 4665
f 4732 4665 4663
f 4732 4663 4662
f 4735 4734 4737
f 4735 4737 4738
f 4735 4738 4739
f 4735 4739 4668
f 4735 4668 4666
f 4735 4666 4665
f 4739 4738 42
f 4739 42 4741
f 4739 4741 4743
f 4739 4743 4671
f 4739 4671 4669
f 4739 4669 4668
f 4743 4675 4672
f 4743 4672 4671
f 4747 4744 4748
f 4747 4748 4750
f 4747 4750 4682
f 4747 4682 4680
f 4750 4748 4751
f 4750 4751 4753
f 4750 4753 4684
f 4750 4684 4682
f 4753 4751 4754
f 4753 4754 4756
f 4753 4756 4686
f 4753 4686 4684
f 4757 4755 4758
f 4757 4758 4760
f 4756 4759 4688
f 4756 4688 4686
f 4760 4758 4761
f 4760 4761 4763
f 4759 4762 4690
f 4759 4690 4688
f 4763 4761 4764
f 4763 4764 4766
f 4762 4765 4692
f 4762 4692 4690
f 4766 4764 4767
f 4766 4767 4769
f 4765 4768 4770
f 4765 4770 4692
f 4770 4768 4771
f 4770 4771 4774
f 4770 4774 4775
f 4770 4775 4695
f 4770 4695 4693
f 4770 4693 4692
f 4775 4774 4776
f 4775 4776 4777
f 4775 4777 4778
f 4775 4778 4698
f 4775 4698 4696
f 4775 4696 4695
f 4778 4777 4779
f 4778 4779 4780
f 4778 4780 4781
f 4778 4781 4701
f 4778 4701 4699
f 4778 4699 4698
f 4781 4780 4782
f 4781 4782 4783
f 4781 4783 4784
f 4781 4784 4704
f 4781 4704 4702
f 4781 4702 4701
f 4784 4783 4785
f 4784 4785 4786
f 4784 4786 4787
f 4784 4787 4709
f 4784 4709 4705
f 4784 4705 4704
f 4787 4786 241
f 4787 241 4789
f 4788 4790 4791
f 4788 4791 4715
f 4788 4715 4712
f 4788 4712 4710
f 4791 4790 4793
f 4791 4793 4794
f 4791 4794 4795
f 4791 4795 4718
f 4791 4718 4716
f 4791 4716 4715
f 4795 4794 4796
f 4795 4796 4797
f 4795 4797 4798
f 4795 4798 4721
f 4795 4721 4719
f 4795 4719 4718
f 4798 4797 4799
f 4798 4799 4800
f 4798 4800 4801
f 4798 4801 4724
f 4798 4724 4722
f 4798 4722 4721
f 4801 4800 4802
f 4801 4802 4803
f 4801 4803 4804
f 4801 4804 4727
f 4801 4727 4725
f 4801 4725 4724
f 4804 4803 4805
f 4804 4805 4806
f 4804 4806 4807
f 4804 4807 4730
f 4804 4730 4728
f 4804 4728 4727
f 4807 4806 4808
f 4807 4808 4809
f 4807 4809 4810
f 4807 4810 4733
f 4807 4733 4731
f 4807 4731 4730
f 4809 4808 4811
f 4809 4811 4812
f 4809 4812 44
f 4809 44 4810
f 4815 4814 4813
f 4815 4813 4816
f 4815 4816 4817
f 4815 4817 217
f 4818 4821 4767
f 4818 4767 4764
f 4822 4820 213
f 4822 213 211
f 4821 210 4824
f 4821 4824 4767
f 4823 229 228
f 4823 228 4772
f 4824 4773 4769
f 4824 4769 4767
f 4820 4825 4826
f 4820 4826 213
f 4826 223 234
f 4826 234 213
f 4829 4828 4830
f 4829 4830 4831
f 4829 4831 235
f 4829 235 224
f 4831 4830 4832
f 4831 4832 4833
f 4831 4833 236
f 4831 236 235
f 4833 4832 4834
f 4833 4834 4835
f 4833 4835 4836
f 4833 4836 236
f 4836 4835 4837
f 4836 4837 4838
f 4836 4838 4779
f 4836 4779 4839
f 4836 4839 225
f 4836 225 236
f 4839 4779 4777
f 4839 4777 4776
f 4839 4776 227
f 4839 227 225
f 4838 4837 4840
f 4838 4840 4782
f 4838 4782 4780
f 4838 4780 4779
f 4840 4837 4841
f 4840 4841 238
f 4840 238 237
f 4840 237 4785
f 4840 4785 4783
f 4840 4783 4782
f 4841 4837 4835
f 4841 4835 4834
f 4841 4834 4842
f 4841 4842 4843
f 4841 4843 239
f 4841 239 238
f 4843 4842 4844
f 4843 4844 4845
f 4843 4845 4846
f 4843 4846 239
f 4846 4845 4847
f 4846 4847 4849
f 4846 4849 4792
f 4846 4792 240
f 4846 240 38
f 4846 38 239
f 4850 4848 4851
f 4850 4851 4796
f 4850 4796 4794
f 4850 4794 4793
f 4851 4848 4853
f 4851 4853 4854
f 4851 4854 4855
f 4851 4855 4799
f 4851 4799 4797
f 4851 4797 4796
f 4855 4854 4856
f 4855 4856 4857
f 4855 4857 4858
f 4855 4858 4802
f 4855 4802 4800
f 4855 4800 4799
f 4858 4857 4859
f 4858 4859 4860
f 4858 4860 4861
f 4858 4861 4805
f 4858 4805 4803
f 4858 4803 4802
f 4861 4860 4863
f 4861 4863 4864
f 4861 4864 4811
f 4861 4811 4808
f 4861 4808 4806
f 4861 4806 4805
f 4866 4865 4867
f 4866 4867 4868
f 4866 4868 4830
f 4866 4830 4828
f 4868 4867 4869
f 4868 4869 4870
f 4868 4870 4832
f 4868 4832 4830
f 4870 4869 4844
f 4870 4844 4842
f 4870 4842 4834
f 4870 4834 4832
f 4869 4867 4871
f 4869 4871 4873
f 4869 4873 4852
f 4869 4852 4844
f 4874 4872 4875
f 4874 4875 4856
f 4874 4856 4854
f 4874 4854 4853
f 4875 4872 4877
f 4875 4877 4879
f 4875 4879 4881
f 4875 4881 4859
f 4875 4859 4857
f 4875 4857 4856
f 4881 4863 4860
f 4881 4860 4859
f 4876 4871 4867
f 4876 4867 4865
f 4852 4847 4845
f 4852 4845 4844
f 4792 4789 241
f 4792 241 240
f 4786 4785 237
f 4786 237 241
f 4776 4774 4771
f 4776 4771 227
f 4734 4733 4810
f 4734 4810 4737
f 4449 4444 4442
f 4361 4357 4141
f 4361 4141 4997
f 4289 4287 4286
f 4289 4286 4882
f 4289 4882 4214
f 4289 4214 4211
f 4289 4211 4209
f 4289 4209 4208
f 4882 4286 4285
f 4882 4285 4883
f 4882 4883 4216
f 4882 4216 4214
f 4883 4285 4283
f 4883 4283 4884
f 4883 4884 4218
f 4883 4218 4216
f 4884 4283 4281
f 4884 4281 4885
f 4884 4885 4220
f 4884 4220 4218
f 4885 4281 4279
f 4885 4279 4886
f 4885 4886 4222
f 4885 4222 4220
f 4886 4279 4278
f 4886 4278 4887
f 4886 4887 4224
f 4886 4224 4222
f 4887 4278 4276
f 4887 4276 4888
f 4887 4888 4226
f 4887 4226 4224
f 4888 4276 4274
f 4888 4274 4889
f 4888 4889 4228
f 4888 4228 4226
f 4889 4274 4272
f 4889 4272 4890
f 4889 4890 4230
f 4889 4230 4228
f 4890 4272 4270
f 4890 4270 4891
f 4890 4891 4232
f 4890 4232 4230
f 4892 4235 4233
f 4892 4233 4232
f 4893 4894 4895
f 4896 4898 4246
f 4896 4246 4244
f 4898 4897 4899
f 4898 4899 4900
f 4898 4900 4901
f 4898 4901 4246
f 4901 4900 4902
f 4901 4902 4903
f 4901 4903 4904
f 4901 4904 4249
f 4901 4249 4247
f 4901 4247 4246
f 4904 4903 4905
f 4904 4905 4906
f 4904 4906 4907
f 4904 4907 4252
f 4904 4252 4250
f 4904 4250 4249
f 4907 4906 4908
f 4907 4908 4909
f 4907 4909 4910
f 4907 4910 4255
f 4907 4255 4253
f 4907 4253 4252
f 4910 4909 4911
f 4910 4911 4912
f 4910 4912 4913
f 4910 4913 4258
f 4910 4258 4256
f 4910 4256 4255
f 4913 4912 4914
f 4913 4914 4915
f 4913 4915 4916
f 4913 4916 4261
f 4913 4261 4259
f 4913 4259 4258
f 4916 4264 4262
f 4916 4262 4261
f 4919 4918 4920
f 4919 4920 4921
f 4919 4921 4922
f 4919 4922 4923
f 4923 4922 4925
f 4923 4925 4924
f 4925 4926 4924
f 4927 4928 4929
f 4930 4929 4899
f 4929 4928 4931
f 4929 4931 4899
f 4931 4902 4900
f 4931 4900 4899
f 4932 4934 4935
f 4932 4935 4905
f 4932 4905 4903
f 4932 4903 4902
f 4935 4934 4936
f 4935 4936 4937
f 4935 4937 4938
f 4935 4938 4908
f 4935 4908 4906
f 4935 4906 4905
f 4938 4937 4939
f 4938 4939 4941
f 4938 4941 4943
f 4938 4943 4911
f 4938 4911 4909
f 4938 4909 4908
f 4943 4914 4912
f 4943 4912 4911
f 4944 4939 4937
f 4944 4937 4936
f 4944 4936 4945
f 4944 4945 4917
f 4945 4920 4918
f 4945 4918 4917
f 4945 4936 4934
f 4945 4934 4933
f 4945 4933 4946
f 4945 4946 4920
f 4946 4921 4920
f 4109 4071 4069
f 4109 4069 4068
f 4105 4077 4074
f 4105 4074 4072
f 4101 4082 4079
f 4101 4079 4077
f 4097 4085 4083
f 4097 4083 4082
f 4010 4006 4003
f 4010 4003 4001
f 3973 3970 200
f 3970 206 201
f 3970 201 200
f 3970 3968 3967
f 3970 3967 206
f 3868 3864 3857
f 3868 3857 3855
f 3700 3697 86
f 3700 86 84
f 3393 3234 3232
f 3393 3232 3231
f 3391 3237 3235
f 3391 3235 3234
f 3377 3376 3251
f 3377 3251 3249
f 3376 3372 3371
f 3376 3371 4949
f 3376 4949 4950
f 3376 4950 3251
f 4950 4949 4951
f 4950 4951 4952
f 4950 4952 4953
f 4950 4953 3254
f 4950 3254 3252
f 4950 3252 3251
f 4953 4952 45
f 4953 45 8
f 4953 8 50
f 4953 50 3257
f 4953 3257 3255
f 4953 3255 3254
f 4952 4951 4954
f 4952 4954 45
f 4954 4951 4955
f 4954 4955 4956
f 4954 4956 4957
f 4954 4957 4958
f 4954 4958 46
f 4954 46 45
f 4958 4957 4959
f 4958 4959 4960
f 4958 4960 4961
f 4958 4961 46
f 4961 3291 3285
f 4961 3285 3284
f 4961 3284 47
f 4961 47 46
f 4961 4960 4962
f 4961 4962 3291
f 4962 3297 3292
f 4962 3292 3291
f 4962 4960 4959
f 4962 4959 4963
f 4962 4963 4964
f 4962 4964 3297
f 4964 3304 3298
f 4964 3298 3297
f 4964 4963 4965
f 4964 4965 4966
f 4964 4966 4967
f 4964 4967 3304
f 4967 3311 3305
f 4967 3305 3304
f 4967 4966 4968
f 4967 4968 4969
f 4967 4969 4970
f 4967 4970 3311
f 4970 3319 3312
f 4970 3312 3311
f 4970 4969 4971
f 4970 4971 4973
f 4970 4973 4975
f 4970 4975 3319
f 4975 3326 3320
f 4975 3320 3319
f 4976 4974 57
f 4976 57 4978
f 4976 4978 3330
f 4976 3330 3327
f 4978 57 56
f 4978 56 3338
f 4977 3337 3332
f 4977 3332 3329
f 4974 4972 58
f 4974 58 57
f 4971 4969 4968
f 4971 4968 4979
f 4972 4980 59
f 4972 59 58
f 4980 4982 4983
f 4980 4983 59
f 4979 4968 4984
f 4979 4984 4981
f 4984 4985 4986
f 4984 4986 4981
f 4984 4968 4966
f 4984 4966 4965
f 4984 4965 4988
f 4984 4988 4985
f 4988 4989 4990
f 4988 4990 4985
f 4988 4965 4963
f 4988 4963 4959
f 4988 4959 4957
f 4988 4957 4989
f 4990 3353 4986
f 4990 4986 4985
f 4990 4989 4991
f 4991 4989 4957
f 4991 4957 4956
f 4987 3354 3349
f 4987 3349 3348
f 4987 3348 4983
f 4987 4983 4982
f 4983 3348 3345
f 4983 3345 3344
f 4983 3344 52
f 4983 52 59
f 4955 4951 4949
f 4955 4949 3371
f 3344 3342 54
f 3344 54 52
f 3339 3337 55
f 3339 55 53
f 3284 3278 51
f 3284 51 47
f 3217 3215 3214
f 3217 3214 153
f 3197 189 187
f 3197 187 3112
f 3129 3127 193
f 3129 193 192
f 3127 3125 3116
f 3127 3116 193
f 3125 3122 3118
f 3125 3118 3116
f 3117 3114 186
f 3117 186 194
f 3102 2916 2914
f 3102 2914 2912
f 3021 3006 3003
f 3021 3003 3002
f 2903 2898 126
f 2903 126 131
f 2888 2885 132
f 2888 132 128
f 2881 2879 134
f 2881 134 133
f 2879 2878 139
f 2879 139 134
f 2792 2791 111
f 2792 111 108
f 2729 2727 2725
f 2729 2725 2724
f 2646 2644 176
f 2646 176 183
f 2644 2642 177
f 2644 177 176
f 2632 2629 2627
f 2632 2627 2626
f 2536 2533 2531
f 2536 2531 2530
f 2431 2414 2410
f 2431 2410 2408
f 2430 2428 92
f 2430 92 90
f 2392 2388 2386
f 2392 2386 2385
f 2331 2330 40
f 2331 40 39
f 2330 2327 2325
f 2330 2325 2324
f 2264 2261 2259
f 2264 2259 2258
f 2197 2194 2192
f 2197 2192 2191
f 2128 2125 2123
f 2128 2123 2122
f 2058 2057 2056
f 1914 1912 1904
f 1914 1904 1900
f 1812 1810 1802
f 1812 1802 1800
f 1570 1561 1558
f 1570 1558 1557
f 1443 1390 1388
f 1443 1388 1387
f 1231 1224 1222
f 1231 1222 1221
f 1019 1015 1014
f 1019 1014 1013
f 852 849 155
f 852 155 161
f 846 845 163
f 846 163 157
f 562 557 417
f 562 417 413
f 523 452 449
f 523 449 448
f 398 253 393
f 398 393 392
f 393 253 252
f 393 252 251
f 393 251 388
f 393 388 387
f 388 251 248
f 388 248 246
f 388 246 383
f 388 383 381
f 382 243 242
f 382 242 377
f 382 377 375
f 289 285 270
f 289 270 269
f 274 273 68
f 274 68 67
f 145 144 137
f 145 137 135
f 144 117 123
f 144 123 137
f 1 39 40
f 216 4758 4755
f 216 4755 4752
f 4737 4810 44
f 4737 44 7
f 4736 5 2
f 4737 4 42
f 4737 42 4738
f 215 234 231
f 215 231 35
f 214 212 233
f 230 229 4823
f 230 4823 209
f 231 211 35
f 4817 4819 4995
f 4818 4764 4761
f 4818 4761 4994
f 4817 4995 217
f 4994 4761 4758
f 4994 4758 216
f 217 4993 4815
f 216 4752 4749
f 216 4749 4992
f 4814 4815 4993
f 4814 4993 5001
f 4992 4749 4745
f 4992 4745 4999
f 5036 5038 5035
f 5036 5035 5002
f 5041 5040 5039
f 5041 5039 5003
f 5043 5042 5041
f 5043 5041 5003
f 5039 5044 5043
f 5039 5043 5003
f 5048 5046 5045
f 5048 5045 5004
f 5052 5050 5048
f 5052 5048 5004
f 5045 5053 5052
f 5045 5052 5004
f 5057 5056 5055
f 5057 5055 5005
f 5059 5058 5057
f 5059 5057 5005
f 5055 5060 5059
f 5055 5059 5005
f 5065 5063 5061
f 5065 5061 5006
f 5067 5066 5065
f 5067 5065 5006
f 5069 5068 5067
f 5069 5067 5006
f 5061 5071 5070
f 5061 5070 5006
f 5070 5073 5069
f 5070 5069 5006
f 5077 5076 5075
f 5077 5075 5074
f 5083 5082 5081
f 5083 5081 5007
f 5007 5081 5086
f 5007 5086 5085
f 5085 5084 5083
f 5085 5083 5007
f 5090 5088 5087
f 5090 5087 5009
f 5087 5093 5092
f 5087 5092 5009
f 5091 5094 5089
f 5091 5089 5008
f 5098 5096 5095
f 5098 5095 5010
f 5095 5101 5100
f 5095 5100 5010
f 5103 5102 5098
f 5103 5098 5010
f 5100 5105 5104
f 5100 5104 5010
f 5104 5106 5103
f 5104 5103 5010
f 5114 5111 5108
f 5114 5108 5012
f 5107 5117 5115
f 5107 5115 5011
f 5116 5119 5114
f 5116 5114 5012
f 5123 5122 5121
f 5123 5121 5014
f 5120 5126 5125
f 5120 5125 5013
f 5130 5129 5124
f 5130 5124 5015
f 5125 5133 5131
f 5125 5131 5013
f 5132 5135 5130
f 5132 5130 5015
f 5112 5141 5138
f 5112 5138 5017
f 5137 5143 5142
f 5137 5142 5016
f 5142 5107 5110
f 5142 5110 5016
f 5149 5147 5145
f 5149 5145 5018
f 5152 5151 5149
f 5152 5149 5018
f 5154 5153 5152
f 5154 5152 5018
f 5157 5156 5155
f 5157 5155 5019
f 5155 5159 5158
f 5155 5158 5019
f 5158 5160 5157
f 5158 5157 5019
f 5164 5163 5161
f 5164 5161 5020
f 5167 5168 5165
f 5167 5165 5021
f 5173 5171 5169
f 5173 5169 5023
f 5169 5176 5175
f 5169 5175 5023
f 5174 5177 5172
f 5174 5172 5022
f 5180 5179 5178
f 5180 5178 5025
f 5189 5188 5187
f 5189 5187 5026
f 5026 5187 5192
f 5026 5192 5191
f 5191 5190 5189
f 5191 5189 5026
f 5189 5190 5193
f 5189 5193 5027
f 5195 5194 5189
f 5195 5189 5027
f 5193 5196 5195
f 5193 5195 5027
f 5202 5200 5198
f 5202 5198 5028
f 5208 5207 5205
f 5208 5205 5030
f 5211 5209 5208
f 5211 5208 5030
f 219 222 5211
f 219 5211 5030
f 5215 224 218
f 5215 218 5029
f 5204 5216 5215
f 5204 5215 5029
f 5219 5218 5217
f 5219 5217 5031
f 5217 5221 5220
f 5217 5220 5031
f 5224 5223 5222
f 5224 5222 5032
f 5229 5228 5227
f 5231 5230 5229
f 5233 5232 5231
f 5236 5234 5233
f 245 249 5236
f 252 5238 5237
f 252 5237 250
f 259 5240 5239
f 5239 5241 255
f 5244 5243 5242
f 5244 5242 5241
f 5239 5244 5241
f 5242 254 255
f 5242 255 5241
f 5248 5247 5246
f 5239 5240 5248
f 5246 5249 5244
f 5246 5244 5245
f 5252 5251 5250
f 5252 5250 5249
f 5246 5253 5252
f 5246 5252 5249
f 5250 5243 5244
f 5250 5244 5249
f 5256 5254 5253
f 5246 5247 5256
f 5246 5256 5253
f 5254 5257 5252
f 5254 5252 5253
f 5058 5259 5258
f 5058 5258 5257
f 5254 5057 5058
f 5254 5058 5257
f 5258 5251 5252
f 5258 5252 5257
f 5262 5261 5260
f 5262 5260 5259
f 5058 5059 5262
f 5058 5262 5259
f 5260 5263 5258
f 5260 5258 5259
f 5260 5265 5264
f 5260 5264 5263
f 5266 5251 5258
f 5266 5258 5263
f 5264 5267 5266
f 5264 5266 5263
f 5264 5269 5268
f 5264 5268 5267
f 5271 5270 5266
f 5271 5266 5267
f 5268 5272 5271
f 5268 5271 5267
f 5268 5274 5273
f 5268 5273 5272
f 5276 5275 5271
f 5276 5271 5272
f 5273 5277 5276
f 5273 5276 5272
f 5273 5279 5278
f 5273 5278 5277
f 5281 5280 5276
f 5281 5276 5277
f 5278 5282 5281
f 5278 5281 5277
f 5278 5284 5283
f 5278 5283 5282
f 305 304 5281
f 305 5281 5282
f 5283 306 305
f 5283 305 5282
f 5283 5285 307
f 5283 307 306
f 5287 5286 310
f 5287 310 309
f 307 5285 5287
f 307 5287 309
f 5289 5288 5286
f 5289 5286 5287
f 5285 5290 5289
f 5285 5289 5287
f 5292 5291 5289
f 5292 5289 5290
f 5284 5293 5292
f 5284 5292 5290
f 5285 5283 5284
f 5285 5284 5290
f 5295 5294 5292
f 5295 5292 5293
f 5279 5296 5295
f 5279 5295 5293
f 5284 5278 5279
f 5284 5279 5293
f 5298 5297 5295
f 5298 5295 5296
f 5274 5299 5298
f 5274 5298 5296
f 5279 5273 5274
f 5279 5274 5296
f 5301 5300 5298
f 5301 5298 5299
f 5269 5302 5301
f 5269 5301 5299
f 5274 5268 5269
f 5274 5269 5299
f 5304 5303 5301
f 5304 5301 5302
f 5265 5305 5304
f 5265 5304 5302
f 5269 5264 5265
f 5269 5265 5302
f 5307 5306 5304
f 5307 5304 5305
f 5261 5308 5307
f 5261 5307 5305
f 5265 5260 5261
f 5265 5261 5305
f 5310 5309 5307
f 5310 5307 5308
f 5312 5311 5310
f 5312 5310 5308
f 5261 5262 5312
f 5261 5312 5308
f 5060 5313 5311
f 5060 5311 5312
f 5262 5059 5060
f 5262 5060 5312
f 5315 5314 5311
f 5315 5311 5313
f 5317 5316 5315
f 5317 5315 5313
f 5060 5055 5317
f 5060 5317 5313
f 5055 5056 5319
f 5055 5319 5317
f 5321 5320 5318
f 5321 5318 5319
f 5323 5322 5320
f 5323 5320 5321
f 5255 5256 5323
f 5255 5323 5321
f 5325 5324 5322
f 5325 5322 5323
f 5256 5247 5325
f 5256 5325 5323
f 5327 5326 5324
f 5327 5324 5325
f 5247 5248 5327
f 5247 5327 5325
f 5329 5328 5326
f 5329 5326 5327
f 5248 5240 5329
f 5248 5329 5327
f 368 367 5328
f 368 5328 5329
f 5240 259 368
f 5240 368 5329
f 5332 5331 5330
f 5334 5333 5331
f 5334 5331 5332
f 5226 5335 5334
f 5226 5334 5332
f 5226 5222 5223
f 5226 5223 5335
f 5337 5336 5334
f 5337 5334 5335
f 5223 5338 5337
f 5223 5337 5335
f 5223 5224 5339
f 5223 5339 5338
f 5341 5340 5337
f 5341 5337 5338
f 5339 5342 5341
f 5339 5341 5338
f 5339 5344 5343
f 5339 5343 5342
f 5347 5345 5341
f 5347 5341 5342
f 5343 5349 5347
f 5343 5347 5342
f 5343 5351 5350
f 5343 5350 5349
f 5355 5352 5347
f 5355 5347 5349
f 5350 5357 5355
f 5350 5355 5349
f 5350 5361 5359
f 5350 5359 5357
f 5363 5362 5356
f 5363 5356 5358
f 5360 5364 5363
f 5360 5363 5358
f 5360 5367 5365
f 5360 5365 5364
f 5369 5368 5363
f 5369 5363 5364
f 5365 5370 5369
f 5365 5369 5364
f 5365 5372 5371
f 5365 5371 5370
f 5374 5373 5369
f 5374 5369 5370
f 5371 5375 5374
f 5371 5374 5370
f 5371 5377 5376
f 5371 5376 5375
f 5379 5378 5374
f 5379 5374 5375
f 5376 5380 5379
f 5376 5379 5375
f 5376 398 397
f 5376 397 5380
f 5382 5381 5379
f 5382 5379 5380
f 397 401 5382
f 397 5382 5380
f 403 5383 5382
f 403 5382 401
f 5280 5281 304
f 5280 304 405
f 406 5384 5280
f 406 5280 405
f 5275 5276 5280
f 5275 5280 5384
f 5386 5385 5275
f 5386 5275 5384
f 406 410 5386
f 406 5386 5384
f 254 5242 5386
f 254 5386 410
f 5242 5243 5385
f 5242 5385 5386
f 5270 5271 5275
f 5270 5275 5385
f 5243 5250 5270
f 5243 5270 5385
f 5389 5387 411
f 5389 411 412
f 310 5286 5389
f 310 5389 412
f 5392 5391 5387
f 5393 5388 5390
f 5286 5288 5392
f 5286 5392 5389
f 5395 5394 5391
f 5395 5391 5392
f 5288 5396 5395
f 5288 5395 5392
f 5398 5397 5395
f 5398 5395 5396
f 5291 5399 5398
f 5291 5398 5396
f 5288 5289 5291
f 5288 5291 5396
f 5401 5400 5398
f 5401 5398 5399
f 5294 5402 5401
f 5294 5401 5399
f 5291 5292 5294
f 5291 5294 5399
f 5404 5403 5401
f 5404 5401 5402
f 5297 5405 5404
f 5297 5404 5402
f 5294 5295 5297
f 5294 5297 5402
f 5407 5406 5404
f 5407 5404 5405
f 5300 5408 5407
f 5300 5407 5405
f 5297 5298 5300
f 5297 5300 5405
f 5410 5409 5407
f 5410 5407 5408
f 5303 5411 5410
f 5303 5410 5408
f 5300 5301 5303
f 5300 5303 5408
f 5413 5412 5410
f 5413 5410 5411
f 5306 5414 5413
f 5306 5413 5411
f 5303 5304 5306
f 5303 5306 5411
f 5416 5415 5413
f 5416 5413 5414
f 5309 5417 5416
f 5309 5416 5414
f 5306 5307 5309
f 5306 5309 5414
f 5419 5418 5416
f 5419 5416 5417
f 5421 5420 5419
f 5421 5419 5417
f 5309 5310 5421
f 5309 5421 5417
f 5314 5422 5420
f 5314 5420 5421
f 5310 5311 5314
f 5310 5314 5421
f 5424 5423 5420
f 5424 5420 5422
f 5426 5425 5424
f 5426 5424 5422
f 5314 5315 5426
f 5314 5426 5422
f 5428 5427 5425
f 5431 5429 5427
f 5431 5427 5428
f 5316 5318 5431
f 5316 5431 5428
f 5434 5432 5429
f 5434 5429 5431
f 5318 5320 5434
f 5318 5434 5431
f 5437 5435 5432
f 5437 5432 5434
f 5320 5322 5437
f 5320 5437 5434
f 5440 5438 5435
f 5440 5435 5437
f 5322 5324 5440
f 5322 5440 5437
f 5443 5441 5438
f 5443 5438 5440
f 5324 5326 5443
f 5324 5443 5440
f 5447 5445 5442
f 5447 5442 5444
f 5326 5328 5446
f 5326 5446 5443
f 480 478 5445
f 480 5445 5447
f 5328 367 479
f 5328 479 5446
f 485 5449 5448
f 485 5448 482
f 5448 5450 481
f 5448 481 482
f 5448 5452 5451
f 5448 5451 5450
f 5445 478 481
f 5445 481 5450
f 5451 5442 5445
f 5451 5445 5450
f 5455 5454 5453
f 5455 5453 5452
f 5448 5449 5455
f 5448 5455 5452
f 5453 5456 5451
f 5453 5451 5452
f 5453 5458 5457
f 5453 5457 5456
f 5439 5442 5451
f 5439 5451 5456
f 5457 5436 5439
f 5457 5439 5456
f 5461 5460 5459
f 5461 5459 5458
f 5453 5454 5461
f 5453 5461 5458
f 5459 5462 5457
f 5459 5457 5458
f 5459 5466 5464
f 5459 5464 5462
f 5433 5436 5457
f 5433 5457 5462
f 5464 5430 5433
f 5464 5433 5462
f 5472 5470 5468
f 5472 5468 5466
f 5459 5460 5472
f 5459 5472 5466
f 5467 5473 5463
f 5467 5463 5465
f 5467 5475 5474
f 5467 5474 5473
f 5427 5429 5463
f 5427 5463 5473
f 5474 5425 5427
f 5474 5427 5473
f 5479 5477 5476
f 5479 5476 5475
f 5467 5469 5479
f 5467 5479 5475
f 5476 5481 5474
f 5476 5474 5475
f 5476 5483 5482
f 5476 5482 5481
f 5424 5425 5474
f 5424 5474 5481
f 5482 5423 5424
f 5482 5424 5481
f 5487 5485 5484
f 5487 5484 5483
f 5476 5477 5487
f 5476 5487 5483
f 5484 5489 5482
f 5484 5482 5483
f 5484 5491 5490
f 5484 5490 5489
f 5492 5423 5482
f 5492 5482 5489
f 5490 5492 5489
f 5490 5495 5494
f 5418 5419 5492
f 5418 5492 5493
f 5494 5496 5418
f 5494 5418 5493
f 5494 5498 5497
f 5494 5497 5496
f 5415 5416 5418
f 5415 5418 5496
f 5497 5499 5415
f 5497 5415 5496
f 5497 5501 5500
f 5497 5500 5499
f 5412 5413 5415
f 5412 5415 5499
f 5500 5502 5412
f 5500 5412 5499
f 5500 5504 5503
f 5500 5503 5502
f 5409 5410 5412
f 5409 5412 5502
f 5503 5505 5409
f 5503 5409 5502
f 5503 5507 5506
f 5503 5506 5505
f 5406 5407 5409
f 5406 5409 5505
f 5506 5508 5406
f 5506 5406 5505
f 5506 5510 5509
f 5506 5509 5508
f 5403 5404 5406
f 5403 5406 5508
f 5509 5511 5403
f 5509 5403 5508
f 5509 5513 5512
f 5509 5512 5511
f 5400 5401 5403
f 5400 5403 5511
f 5512 5514 5400
f 5512 5400 5511
f 5512 5516 5515
f 5512 5515 5514
f 5397 5398 5400
f 5397 5400 5514
f 5515 5517 5397
f 5515 5397 5514
f 5515 5519 5518
f 5515 5518 5517
f 5394 5395 5397
f 5394 5397 5517
f 5518 5520 5394
f 5518 5394 5517
f 5518 5522 5521
f 5518 5521 5520
f 5523 5391 5394
f 5523 5394 5520
f 5521 5524 5523
f 5521 5523 5520
f 5521 5528 5526
f 5521 5526 5524
f 5530 5529 5523
f 5530 5523 5524
f 5526 5532 5530
f 5527 5531 5525
f 570 569 5530
f 570 5530 5532
f 5528 5534 5533
f 5536 5535 5533
f 5536 5533 5534
f 5522 5537 5536
f 5522 5536 5534
f 5528 5521 5522
f 5528 5522 5534
f 5539 5538 5536
f 5539 5536 5537
f 5519 5540 5539
f 5519 5539 5537
f 5522 5518 5519
f 5522 5519 5537
f 5542 5541 5539
f 5542 5539 5540
f 5516 5543 5542
f 5516 5542 5540
f 5519 5515 5516
f 5519 5516 5540
f 5545 5544 5542
f 5545 5542 5543
f 5513 5546 5545
f 5513 5545 5543
f 5516 5512 5513
f 5516 5513 5543
f 5548 5547 5545
f 5548 5545 5546
f 5510 5549 5548
f 5510 5548 5546
f 5513 5509 5510
f 5513 5510 5546
f 5551 5550 5548
f 5551 5548 5549
f 5507 5552 5551
f 5507 5551 5549
f 5510 5506 5507
f 5510 5507 5549
f 5554 5553 5551
f 5554 5551 5552
f 5504 5555 5554
f 5504 5554 5552
f 5507 5503 5504
f 5507 5504 5552
f 5557 5556 5554
f 5557 5554 5555
f 5501 5558 5557
f 5501 5557 5555
f 5504 5500 5501
f 5504 5501 5555
f 5560 5559 5557
f 5560 5557 5558
f 5498 5561 5560
f 5498 5560 5558
f 5501 5497 5498
f 5501 5498 5558
f 5498 5494 5495
f 5498 5495 5561
f 5568 5567 5564
f 5568 5564 5566
f 5486 5569 5568
f 5486 5568 5566
f 5491 5484 5485
f 5491 5485 5565
f 5571 5570 5568
f 5571 5568 5569
f 5573 5572 5571
f 5573 5571 5569
f 5486 5488 5573
f 5486 5573 5569
f 5575 5572 5573
f 5488 5478 5575
f 5488 5575 5573
f 5577 5576 5574
f 5478 5480 5577
f 5478 5577 5575
f 5581 5579 5576
f 5581 5576 5577
f 5480 5471 5581
f 5480 5581 5577
f 5583 5582 5578
f 5583 5578 5580
f 5470 5472 5583
f 5470 5583 5580
f 5585 5584 5582
f 5585 5582 5583
f 5472 5460 5585
f 5472 5585 5583
f 5587 5586 5584
f 5587 5584 5585
f 5460 5461 5587
f 5460 5587 5585
f 5589 5588 5586
f 5589 5586 5587
f 5461 5454 5589
f 5461 5589 5587
f 5591 5590 5588
f 5591 5588 5589
f 5454 5455 5591
f 5454 5591 5589
f 5593 5592 5590
f 5593 5590 5591
f 5455 5449 5593
f 5455 5593 5591
f 651 650 5592
f 651 5592 5593
f 5449 485 651
f 5449 651 5593
f 5600 5598 5596
f 5604 5602 5599
f 5604 5599 5601
f 5078 5605 5603
f 5078 5603 5600
f 5609 5607 5604
f 5609 5604 5606
f 5612 5610 5608
f 5612 5608 5605
f 5078 5079 5612
f 5078 5612 5605
f 5614 5613 5610
f 5614 5610 5612
f 5079 5615 5614
f 5079 5614 5612
f 5079 5080 5616
f 5079 5616 5615
f 5618 5617 5614
f 5618 5614 5615
f 5616 5619 5618
f 5616 5618 5615
f 5616 5621 5620
f 5616 5620 5619
f 5623 5622 5618
f 5623 5618 5619
f 5620 5624 5623
f 5620 5623 5619
f 5620 5330 5331
f 5620 5331 5624
f 5626 5625 5623
f 5626 5623 5624
f 5331 5333 5626
f 5331 5626 5624
f 5628 5627 5625
f 5628 5625 5626
f 5333 5629 5628
f 5333 5628 5626
f 5333 5334 5336
f 5333 5336 5629
f 5632 5630 5628
f 5632 5628 5629
f 5336 5634 5632
f 5336 5632 5629
f 5336 5337 5340
f 5336 5340 5634
f 5637 5635 5632
f 5637 5632 5634
f 5340 5639 5637
f 5340 5637 5634
f 5340 5341 5345
f 5340 5345 5639
f 5642 5641 5638
f 5642 5638 5640
f 5346 5643 5642
f 5346 5642 5640
f 5346 5348 5354
f 5346 5354 5643
f 5646 5644 5642
f 5646 5642 5643
f 5354 5648 5646
f 5354 5646 5643
f 5353 5356 5362
f 5353 5362 5647
f 5651 5649 5645
f 5651 5645 5647
f 5362 5652 5651
f 5362 5651 5647
f 5362 5363 5368
f 5362 5368 5652
f 5654 5653 5651
f 5654 5651 5652
f 5368 5655 5654
f 5368 5654 5652
f 5368 5369 5373
f 5368 5373 5655
f 5657 5656 5654
f 5657 5654 5655
f 5373 5658 5657
f 5373 5657 5655
f 5373 5374 5378
f 5373 5378 5658
f 5660 5659 5657
f 5660 5657 5658
f 5378 5661 5660
f 5378 5660 5658
f 5378 5379 5381
f 5378 5381 5661
f 5663 5662 5660
f 5663 5660 5661
f 5381 5664 5663
f 5381 5663 5661
f 5381 5382 5383
f 5381 5383 5664
f 5666 5665 5663
f 5666 5663 5664
f 5383 5667 5666
f 5383 5666 5664
f 5383 403 404
f 5383 404 5667
f 5669 5668 5666
f 5669 5666 5667
f 404 678 5669
f 404 5669 5667
f 680 5670 5669
f 680 5669 678
f 5529 5530 569
f 5529 569 682
f 411 5387 5529
f 411 5529 682
f 5672 5671 683
f 5672 683 684
f 575 5672 684
f 5677 5676 5674
f 5535 5678 5677
f 5535 5677 5675
f 5680 5679 5677
f 5680 5677 5678
f 5538 5681 5680
f 5538 5680 5678
f 5535 5536 5538
f 5535 5538 5678
f 5683 5682 5680
f 5683 5680 5681
f 5541 5684 5683
f 5541 5683 5681
f 5538 5539 5541
f 5538 5541 5681
f 5686 5685 5683
f 5686 5683 5684
f 5544 5687 5686
f 5544 5686 5684
f 5541 5542 5544
f 5541 5544 5684
f 5689 5688 5686
f 5689 5686 5687
f 5547 5690 5689
f 5547 5689 5687
f 5544 5545 5547
f 5544 5547 5687
f 5692 5691 5689
f 5692 5689 5690
f 5550 5693 5692
f 5550 5692 5690
f 5547 5548 5550
f 5547 5550 5690
f 5695 5694 5692
f 5695 5692 5693
f 5553 5696 5695
f 5553 5695 5693
f 5550 5551 5553
f 5550 5553 5693
f 5698 5697 5695
f 5698 5695 5696
f 5556 5699 5698
f 5556 5698 5696
f 5553 5554 5556
f 5553 5556 5696
f 5701 5700 5698
f 5559 5702 5701
f 5559 5701 5699
f 5556 5557 5559
f 5556 5559 5699
f 5705 5703 5701
f 5705 5701 5702
f 5562 5705 5702
f 5559 5560 5562
f 5559 5562 5702
f 5709 5708 5706
f 5709 5706 5707
f 5563 5710 5709
f 5563 5709 5707
f 5712 5711 5709
f 5712 5709 5710
f 5567 5713 5712
f 5567 5712 5710
f 5563 5564 5567
f 5563 5567 5710
f 5715 5714 5712
f 5715 5712 5713
f 5570 5716 5715
f 5570 5715 5713
f 5567 5568 5570
f 5567 5570 5713
f 5718 5717 5715
f 5718 5715 5716
f 5720 5719 5718
f 5720 5718 5716
f 5570 5571 5720
f 5570 5720 5716
f 5722 5721 5719
f 5722 5719 5720
f 5571 5572 5722
f 5571 5722 5720
f 5574 5576 5724
f 5728 5726 5723
f 5728 5723 5724
f 5576 5579 5728
f 5576 5728 5724
f 5730 5729 5725
f 5730 5725 5727
f 5578 5582 5730
f 5578 5730 5727
f 5732 5731 5729
f 5732 5729 5730
f 5582 5584 5732
f 5582 5732 5730
f 5734 5733 5731
f 5734 5731 5732
f 5584 5586 5734
f 5584 5734 5732
f 5736 5735 5733
f 5736 5733 5734
f 5586 5588 5736
f 5586 5736 5734
f 5738 5737 5735
f 5738 5735 5736
f 5588 5590 5738
f 5588 5738 5736
f 5740 5739 5737
f 5740 5737 5738
f 5590 5592 5740
f 5590 5740 5738
f 767 766 5739
f 767 5739 5740
f 5592 650 767
f 5592 767 5740
f 5743 5741 769
f 5743 769 771
f 652 5742 770
f 5746 5745 5741
f 5746 5741 5743
f 5594 5595 5747
f 5594 5747 5744
f 5750 5748 5745
f 5750 5745 5746
f 5595 5597 5751
f 5595 5751 5747
f 5754 5753 5749
f 5754 5749 5751
f 5597 5599 5754
f 5597 5754 5751
f 5757 5756 5753
f 5757 5753 5754
f 5599 5602 5757
f 5599 5757 5754
f 5759 5758 5756
f 5759 5756 5757
f 5602 5760 5759
f 5602 5759 5757
f 5762 5761 5759
f 5762 5759 5760
f 5607 5763 5762
f 5607 5762 5760
f 5602 5604 5607
f 5602 5607 5760
f 5765 5764 5762
f 5765 5762 5763
f 5768 5767 5765
f 5768 5765 5763
f 5607 5609 5768
f 5607 5768 5763
f 5772 5770 5767
f 5772 5767 5768
f 5609 5611 5772
f 5609 5772 5768
f 5774 5773 5769
f 5774 5769 5771
f 5610 5613 5774
f 5610 5774 5771
f 5776 5775 5773
f 5776 5773 5774
f 5613 5777 5776
f 5613 5776 5774
f 5613 5614 5617
f 5613 5617 5777
f 5779 5778 5776
f 5779 5776 5777
f 5617 5780 5779
f 5617 5779 5777
f 5617 5618 5622
f 5617 5622 5780
f 5782 5781 5779
f 5782 5779 5780
f 5622 5783 5782
f 5622 5782 5780
f 5622 5623 5625
f 5622 5625 5783
f 5786 5784 5782
f 5786 5782 5783
f 5625 5627 5786
f 5625 5786 5783
f 5789 5787 5784
f 5789 5784 5786
f 5627 5791 5789
f 5627 5789 5786
f 5627 5628 5630
f 5627 5630 5791
f 5794 5793 5790
f 5794 5790 5792
f 5631 5795 5794
f 5631 5794 5792
f 5631 5633 5636
f 5631 5636 5795
f 5797 5796 5794
f 5797 5794 5795
f 5636 5798 5797
f 5636 5797 5795
f 5636 5638 5641
f 5636 5641 5798
f 5800 5799 5797
f 5800 5797 5798
f 5641 5801 5800
f 5641 5800 5798
f 5641 5642 5644
f 5641 5644 5801
f 5803 5802 5800
f 5803 5800 5801
f 5644 5804 5803
f 5644 5803 5801
f 5644 5646 5650
f 5644 5650 5804
f 5649 5651 5653
f 5649 5653 5806
f 5653 5808 5807
f 5653 5807 5806
f 5653 5654 5656
f 5653 5656 5808
f 5810 5809 5807
f 5810 5807 5808
f 5656 5811 5810
f 5656 5810 5808
f 5656 5657 5659
f 5656 5659 5811
f 5813 5812 5810
f 5813 5810 5811
f 5659 5814 5813
f 5659 5813 5811
f 5659 5660 5662
f 5659 5662 5814
f 5816 5815 5813
f 5816 5813 5814
f 5662 5817 5816
f 5662 5816 5814
f 5662 5663 5665
f 5662 5665 5817
f 5819 5818 5816
f 5819 5816 5817
f 5665 5820 5819
f 5665 5819 5817
f 5665 5666 5668
f 5665 5668 5820
f 5822 5821 5819
f 5822 5819 5820
f 5668 5823 5822
f 5668 5822 5820
f 5668 5669 5670
f 5668 5670 5823
f 5825 5824 5822
f 5825 5822 5823
f 5670 5826 5825
f 5670 5825 5823
f 5670 680 681
f 5670 681 5826
f 5828 5827 5825
f 5828 5825 5826
f 681 823 5828
f 681 5828 5826
f 825 5829 5828
f 825 5828 823
f 5831 5830 828
f 5831 828 830
f 683 5671 5831
f 683 5831 830
f 5833 5832 5830
f 5833 5830 5831
f 5671 5833 5831
f 5835 5834 5832
f 5835 5832 5833
f 5673 5835 5833
f 5837 5836 5834
f 5837 5834 5835
f 5156 5157 5841
f 5156 5841 5842
f 5676 5843 5156
f 5676 5156 5842
f 5844 5155 5156
f 5844 5156 5843
f 5679 5845 5844
f 5679 5844 5843
f 5676 5677 5679
f 5676 5679 5843
f 5847 5846 5844
f 5847 5844 5845
f 5682 5848 5847
f 5682 5847 5845
f 5679 5680 5682
f 5679 5682 5845
f 5850 5849 5847
f 5850 5847 5848
f 5685 5851 5850
f 5685 5850 5848
f 5682 5683 5685
f 5682 5685 5848
f 5853 5852 5850
f 5853 5850 5851
f 5688 5854 5853
f 5688 5853 5851
f 5685 5686 5688
f 5685 5688 5851
f 5856 5855 5853
f 5856 5853 5854
f 5691 5857 5856
f 5691 5856 5854
f 5688 5689 5691
f 5688 5691 5854
f 5859 5858 5856
f 5859 5856 5857
f 5694 5860 5859
f 5694 5859 5857
f 5691 5692 5694
f 5691 5694 5857
f 5862 5861 5859
f 5862 5859 5860
f 5697 5863 5862
f 5697 5862 5860
f 5694 5695 5697
f 5694 5697 5860
f 5866 5864 5862
f 5866 5862 5863
f 5700 5868 5866
f 5700 5866 5863
f 5697 5698 5700
f 5697 5700 5863
f 5871 5870 5867
f 5871 5867 5869
f 5704 5872 5871
f 5704 5871 5869
f 5700 5701 5703
f 5700 5703 5868
f 5874 5873 5871
f 5874 5871 5872
f 5708 5875 5874
f 5704 5706 5708
f 5704 5708 5872
f 5877 5876 5874
f 5877 5874 5875
f 5711 5878 5877
f 5711 5877 5875
f 5708 5709 5711
f 5708 5711 5875
f 5880 5879 5877
f 5880 5877 5878
f 5714 5881 5880
f 5714 5880 5878
f 5711 5712 5714
f 5711 5714 5878
f 5883 5882 5880
f 5883 5880 5881
f 5717 5884 5883
f 5717 5883 5881
f 5714 5715 5717
f 5714 5717 5881
f 5886 5885 5883
f 5886 5883 5884
f 5888 5887 5886
f 5888 5886 5884
f 5717 5718 5888
f 5717 5888 5884
f 5890 5889 5887
f 5890 5887 5888
f 5718 5719 5890
f 5718 5890 5888
f 5892 5891 5889
f 5892 5889 5890
f 5719 5721 5892
f 5719 5892 5890
f 5898 5896 5893
f 5898 5893 5894
f 5723 5726 5898
f 5723 5898 5894
f 5900 5899 5895
f 5900 5895 5897
f 5725 5729 5900
f 5725 5900 5897
f 5902 5901 5899
f 5902 5899 5900
f 5729 5731 5902
f 5729 5902 5900
f 5904 5903 5901
f 5904 5901 5902
f 5731 5733 5904
f 5731 5904 5902
f 5906 5905 5903
f 5906 5903 5904
f 5733 5735 5906
f 5733 5906 5904
f 5908 5907 5905
f 5908 5905 5906
f 5735 5737 5908
f 5735 5908 5906
f 5910 5909 5907
f 5910 5907 5908
f 5737 5739 5910
f 5737 5910 5908
f 768 920 5909
f 768 5909 5910
f 5739 766 768
f 5739 768 5910
f 922 5911 5909
f 922 5909 920
f 5913 5912 924
f 5913 924 925
f 769 5741 5913
f 769 5913 925
f 5915 5914 5912
f 5915 5912 5913
f 5741 5745 5915
f 5741 5915 5913
f 5917 5916 5914
f 5917 5914 5915
f 5745 5748 5917
f 5745 5917 5915
f 5919 5918 5916
f 5919 5916 5917
f 5748 5752 5919
f 5748 5919 5917
f 5921 5920 5918
f 5921 5918 5919
f 5752 5755 5921
f 5752 5921 5919
f 5756 5758 5924
f 5756 5924 5922
f 5929 5927 5923
f 5929 5923 5925
f 5758 5930 5928
f 5758 5928 5924
f 5932 5931 5928
f 5932 5928 5930
f 5761 5933 5932
f 5761 5932 5930
f 5758 5759 5761
f 5758 5761 5930
f 5935 5934 5932
f 5935 5932 5933
f 5764 5936 5935
f 5764 5935 5933
f 5761 5762 5764
f 5761 5764 5933
f 5938 5937 5935
f 5938 5935 5936
f 5940 5939 5938
f 5940 5938 5936
f 5764 5765 5940
f 5764 5940 5936
f 5944 5942 5939
f 5944 5939 5940
f 5765 5767 5944
f 5765 5944 5940
f 5946 5945 5941
f 5946 5941 5943
f 5766 5769 5946
f 5766 5946 5943
f 5948 5947 5945
f 5948 5945 5946
f 5769 5773 5948
f 5769 5948 5946
f 5950 5949 5947
f 5950 5947 5948
f 5773 5775 5950
f 5773 5950 5948
f 5952 5951 5949
f 5952 5949 5950
f 5775 5953 5952
f 5775 5952 5950
f 5775 5776 5778
f 5775 5778 5953
f 5956 5954 5952
f 5956 5952 5953
f 5778 5957 5956
f 5778 5956 5953
f 5778 5779 5781
f 5778 5781 5957
f 5960 5958 5956
f 5960 5956 5957
f 5781 5962 5960
f 5781 5960 5957
f 5781 5782 5784
f 5781 5784 5962
f 5965 5964 5961
f 5965 5961 5963
f 5785 5788 5965
f 5785 5965 5963
f 5967 5966 5964
f 5967 5964 5965
f 5788 5968 5967
f 5788 5967 5965
f 5788 5790 5793
f 5788 5793 5968
f 5970 5969 5967
f 5970 5967 5968
f 5793 5971 5970
f 5793 5970 5968
f 5793 5794 5796
f 5793 5796 5971
f 5973 5972 5970
f 5973 5970 5971
f 5796 5974 5973
f 5796 5973 5971
f 5796 5797 5799
f 5796 5799 5974
f 5976 5975 5973
f 5976 5973 5974
f 5799 5977 5976
f 5799 5976 5974
f 5799 5800 5802
f 5799 5802 5977
f 5979 5978 5976
f 5979 5976 5977
f 5802 5980 5979
f 5802 5979 5977
f 5802 5803 5805
f 5802 5805 5980
f 5982 5981 5979
f 5982 5979 5980
f 5805 5983 5982
f 5805 5982 5980
f 5985 5984 5982
f 5985 5982 5983
f 5809 5810 5812
f 5809 5812 5989
f 5991 5990 5987
f 5991 5987 5988
f 5812 5993 5992
f 5812 5992 5989
f 5812 5813 5815
f 5812 5815 5993
f 5996 5995 5992
f 5996 5992 5993
f 5815 5997 5996
f 5815 5996 5993
f 5815 5816 5818
f 5815 5818 5997
f 5999 5998 5996
f 5999 5996 5997
f 5818 6000 5999
f 5818 5999 5997
f 5818 5819 5821
f 5818 5821 6000
f 6002 6001 5999
f 6002 5999 6000
f 5821 6003 6002
f 5821 6002 6000
f 5821 5822 5824
f 5821 5824 6003
f 6005 6004 6002
f 6005 6002 6003
f 5824 6006 6005
f 5824 6005 6003
f 5824 5825 5827
f 5824 5827 6006
f 6008 6007 6005
f 6008 6005 6006
f 5827 6009 6008
f 5827 6008 6006
f 5827 5828 5829
f 5827 5829 6009
f 6011 6010 6008
f 6011 6008 6009
f 5829 6012 6011
f 5829 6011 6009
f 5829 825 826
f 5829 826 6012
f 6014 6013 6011
f 6014 6011 6012
f 826 1012 6014
f 826 6014 6012
f 1014 6015 6014
f 1014 6014 1012
f 6018 6016 1015
f 6018 1015 1018
f 828 5830 6017
f 828 6017 1017
f 6021 6019 6016
f 6021 6016 6018
f 5830 5832 6020
f 5830 6020 6017
f 6024 6022 6019
f 6024 6019 6021
f 5832 5834 6023
f 5832 6023 6020
f 6027 6025 6022
f 6027 6022 6024
f 5834 5836 6026
f 5834 6026 6023
f 6031 6029 6025
f 6031 6025 6027
f 5836 6032 6030
f 5836 6030 6026
f 6034 6033 6030
f 6034 6030 6032
f 5838 6035 6034
f 5838 6034 6032
f 5836 5837 5838
f 5836 5838 6032
f 6037 6036 6034
f 6037 6034 6035
f 5840 5160 6037
f 5840 6037 6035
f 5838 5839 5840
f 5838 5840 6035
f 6039 6038 6036
f 6039 6036 6037
f 5160 5158 6039
f 5160 6039 6037
f 6041 6040 6038
f 6041 6038 6039
f 5158 5159 6041
f 5158 6041 6039
f 6043 6042 6040
f 6043 6040 6041
f 5159 5846 6043
f 5159 6043 6041
f 5849 6044 6042
f 5849 6042 6043
f 5846 5847 5849
f 5846 5849 6043
f 6046 6045 6042
f 6046 6042 6044
f 5852 6047 6046
f 5852 6046 6044
f 5849 5850 5852
f 5849 5852 6044
f 6049 6048 6046
f 6049 6046 6047
f 5855 6050 6049
f 5855 6049 6047
f 5852 5853 5855
f 5852 5855 6047
f 6052 6051 6049
f 6052 6049 6050
f 5858 6053 6052
f 5858 6052 6050
f 5855 5856 5858
f 5855 5858 6050
f 6056 6054 6052
f 6056 6052 6053
f 5861 6058 6056
f 5861 6056 6053
f 5858 5859 5861
f 5858 5861 6053
f 6061 6060 6057
f 6061 6057 6059
f 5865 6062 6061
f 5865 6061 6059
f 5861 5862 5864
f 5861 5864 6058
f 6064 6063 6061
f 6064 6061 6062
f 5870 6065 6064
f 5870 6064 6062
f 5865 5867 5870
f 5865 5870 6062
f 6067 6066 6064
f 6067 6064 6065
f 5873 6068 6067
f 5873 6067 6065
f 5870 5871 5873
f 5870 5873 6065
f 6070 6069 6067
f 6070 6067 6068
f 5876 6071 6070
f 5876 6070 6068
f 5873 5874 5876
f 5873 5876 6068
f 6073 6072 6070
f 6073 6070 6071
f 5879 6074 6073
f 5879 6073 6071
f 5876 5877 5879
f 5876 5879 6071
f 6076 6075 6073
f 6076 6073 6074
f 5882 6077 6076
f 5882 6076 6074
f 5879 5880 5882
f 5879 5882 6074
f 6079 6078 6076
f 6079 6076 6077
f 5885 6080 6079
f 5885 6079 6077
f 5882 5883 5885
f 5882 5885 6077
f 6082 6081 6079
f 6082 6079 6080
f 6084 6083 6082
f 6084 6082 6080
f 5885 5886 6084
f 5885 6084 6080
f 6086 6085 6083
f 6086 6083 6084
f 5886 5887 6086
f 5886 6086 6084
f 6088 6087 6085
f 6088 6085 6086
f 5887 5889 6088
f 5887 6088 6086
f 6090 6089 6087
f 6090 6087 6088
f 5889 6090 6088
f 6096 6093 6091
f 6096 6091 6092
f 5893 5896 6096
f 5893 6096 6092
f 6098 6097 6094
f 6098 6094 6095
f 5895 5899 6098
f 5895 6098 6095
f 6100 6099 6097
f 6100 6097 6098
f 5899 5901 6100
f 5899 6100 6098
f 6102 6101 6099
f 6102 6099 6100
f 5901 5903 6102
f 5901 6102 6100
f 6104 6103 6101
f 6104 6101 6102
f 5903 5905 6104
f 5903 6104 6102
f 6106 6105 6103
f 6106 6103 6104
f 5905 5907 6106
f 5905 6106 6104
f 5911 6107 6105
f 5911 6105 6106
f 5907 5909 5911
f 5907 5911 6106
f 6109 6108 6105
f 6109 6105 6107
f 923 1113 6109
f 923 6109 6107
f 5911 922 923
f 5911 923 6107
f 1115 6110 6109
f 1115 6109 1113
f 6112 6111 1117
f 6112 1117 1118
f 924 5912 6112
f 924 6112 1118
f 6114 6113 6111
f 6114 6111 6112
f 5912 5914 6114
f 5912 6114 6112
f 6116 6115 6113
f 6116 6113 6114
f 5914 5916 6116
f 5914 6116 6114
f 6118 6117 6115
f 6118 6115 6116
f 5916 5918 6118
f 5916 6118 6116
f 6120 6119 6117
f 6120 6117 6118
f 5918 5920 6120
f 5918 6120 6118
f 6126 6124 6121
f 6126 6121 6122
f 5923 5927 6126
f 5923 6126 6122
f 6128 6127 6123
f 6128 6123 6125
f 5926 6129 6128
f 5926 6128 6125
f 6131 6130 6128
f 6131 6128 6129
f 5931 6132 6131
f 5931 6131 6129
f 5926 5928 5931
f 5926 5931 6129
f 6134 6133 6131
f 6134 6131 6132
f 5934 6135 6134
f 5934 6134 6132
f 5931 5932 5934
f 5931 5934 6132
f 6137 6136 6134
f 6137 6134 6135
f 5937 6138 6137
f 5937 6137 6135
f 5934 5935 5937
f 5934 5937 6135
f 6140 6139 6137
f 6140 6137 6138
f 6142 6141 6140
f 6142 6140 6138
f 5937 5938 6142
f 5937 6142 6138
f 6144 6143 6141
f 6144 6141 6142
f 5938 5939 6144
f 5938 6144 6142
f 6148 6146 6143
f 6148 6143 6144
f 5939 5942 6148
f 5939 6148 6144
f 6150 6149 6145
f 6150 6145 6147
f 5941 5945 6150
f 5941 6150 6147
f 6152 6151 6149
f 6152 6149 6150
f 5945 5947 6152
f 5945 6152 6150
f 6154 6153 6151
f 6154 6151 6152
f 5947 5949 6154
f 5947 6154 6152
f 6156 6155 6153
f 6156 6153 6154
f 5949 5951 6156
f 5949 6156 6154
f 6159 6157 6155
f 6159 6155 6156
f 5951 6161 6159
f 5951 6159 6156
f 5951 5952 5954
f 5951 5954 6161
f 6164 6163 6160
f 6164 6160 6162
f 5955 6166 6164
f 5955 6164 6162
f 5954 5956 5958
f 5954 5958 6165
f 6168 6167 6164
f 6168 6164 6166
f 5959 6169 6168
f 5959 6168 6166
f 5959 5961 5964
f 5959 5964 6169
f 6171 6170 6168
f 6171 6168 6169
f 5964 5966 6171
f 5964 6171 6169
f 6173 6172 6170
f 6173 6170 6171
f 5966 6174 6173
f 5966 6173 6171
f 5966 5967 5969
f 5966 5969 6174
f 6176 6175 6173
f 6176 6173 6174
f 5969 6177 6176
f 5969 6176 6174
f 5969 5970 5972
f 5969 5972 6177
f 6179 6178 6176
f 6179 6176 6177
f 5972 6180 6179
f 5972 6179 6177
f 5972 5973 5975
f 5972 5975 6180
f 6182 6181 6179
f 6182 6179 6180
f 5975 6183 6182
f 5975 6182 6180
f 5975 5976 5978
f 5975 5978 6183
f 6185 6184 6182
f 6185 6182 6183
f 5978 6186 6185
f 5978 6185 6183
f 5978 5979 5981
f 5978 5981 6186
f 6188 6187 6185
f 6188 6185 6186
f 5981 6189 6188
f 5981 6188 6186
f 5981 5982 5984
f 5981 5984 6189
f 6191 6190 6188
f 6191 6188 6189
f 5984 6192 6191
f 5984 6191 6189
f 5984 5985 5986
f 5984 5986 6192
f 6199 6197 6194
f 6199 6194 6196
f 5990 6200 6198
f 5990 6198 6195
f 5990 5991 5994
f 5990 5994 6200
f 6203 6201 6198
f 6203 6198 6200
f 5994 6204 6203
f 5994 6203 6200
f 5995 5996 5998
f 5995 5998 6205
f 6207 6206 6203
f 6207 6203 6204
f 5998 6209 6208
f 5998 6208 6205
f 5998 5999 6001
f 5998 6001 6209
f 6212 6211 6208
f 6212 6208 6209
f 6001 6213 6212
f 6001 6212 6209
f 6001 6002 6004
f 6001 6004 6213
f 6216 6215 6212
f 6216 6212 6213
f 6004 6217 6216
f 6004 6216 6213
f 6004 6005 6007
f 6004 6007 6217
f 6219 6218 6216
f 6219 6216 6217
f 6007 6220 6219
f 6007 6219 6217
f 6007 6008 6010
f 6007 6010 6220
f 6222 6221 6219
f 6222 6219 6220
f 6010 6223 6222
f 6010 6222 6220
f 6010 6011 6013
f 6010 6013 6223
f 6225 6224 6222
f 6225 6222 6223
f 6013 6226 6225
f 6013 6225 6223
f 6013 6014 6015
f 6013 6015 6226
f 6019 6022 6225
f 6019 6225 6226
f 6015 6016 6019
f 6015 6019 6226
f 6022 6025 6224
f 6022 6224 6225
f 6227 6221 6222
f 6227 6222 6224
f 6025 6029 6227
f 6025 6227 6224
f 6229 6228 6221
f 6229 6221 6227
f 6029 6231 6229
f 6029 6229 6227
f 6033 6234 6233
f 6033 6233 6230
f 6028 6030 6033
f 6028 6033 6230
f 6036 6038 6236
f 6036 6236 6234
f 6033 6034 6036
f 6033 6036 6234
f 6238 6237 6235
f 6038 6040 6238
f 6038 6238 6236
f 6045 6239 6237
f 6045 6237 6238
f 6040 6042 6045
f 6040 6045 6238
f 6241 6240 6237
f 6241 6237 6239
f 6048 6242 6241
f 6048 6241 6239
f 6045 6046 6048
f 6045 6048 6239
f 6244 6243 6241
f 6244 6241 6242
f 6051 6246 6244
f 6051 6244 6242
f 6048 6049 6051
f 6048 6051 6242
f 6250 6249 6245
f 6250 6245 6247
f 6055 6251 6250
f 6055 6250 6247
f 6051 6052 6054
f 6051 6054 6246
f 6253 6252 6250
f 6060 6254 6253
f 6055 6057 6060
f 6055 6060 6251
f 6256 6255 6253
f 6256 6253 6254
f 6063 6257 6256
f 6063 6256 6254
f 6060 6061 6063
f 6060 6063 6254
f 6259 6258 6256
f 6259 6256 6257
f 6066 6260 6259
f 6066 6259 6257
f 6063 6064 6066
f 6063 6066 6257
f 6262 6261 6259
f 6262 6259 6260
f 6069 6263 6262
f 6069 6262 6260
f 6066 6067 6069
f 6066 6069 6260
f 6265 6264 6262
f 6265 6262 6263
f 6072 6266 6265
f 6072 6265 6263
f 6069 6070 6072
f 6069 6072 6263
f 6268 6267 6265
f 6268 6265 6266
f 6075 6269 6268
f 6075 6268 6266
f 6072 6073 6075
f 6072 6075 6266
f 6271 6270 6268
f 6271 6268 6269
f 6078 6272 6271
f 6078 6271 6269
f 6075 6076 6078
f 6075 6078 6269
f 6274 6273 6271
f 6274 6271 6272
f 6081 6275 6274
f 6081 6274 6272
f 6078 6079 6081
f 6078 6081 6272
f 6277 6276 6274
f 6277 6274 6275
f 6279 6278 6277
f 6279 6277 6275
f 6081 6082 6279
f 6081 6279 6275
f 6281 6280 6278
f 6281 6278 6279
f 6082 6083 6281
f 6082 6281 6279
f 6283 6282 6280
f 6283 6280 6281
f 6083 6085 6283
f 6083 6283 6281
f 6285 6284 6282
f 6285 6282 6283
f 6085 6087 6285
f 6085 6285 6283
f 6287 6284 6285
f 6087 6089 6287
f 6087 6287 6285
f 6292 6290 6288
f 6292 6288 6289
f 6091 6093 6292
f 6091 6292 6289
f 6295 6294 6291
f 6295 6291 6293
f 6094 6097 6295
f 6094 6295 6293
f 6297 6296 6294
f 6297 6294 6295
f 6097 6099 6297
f 6097 6297 6295
f 6299 6298 6296
f 6299 6296 6297
f 6099 6101 6299
f 6099 6299 6297
f 6301 6300 6298
f 6301 6298 6299
f 6101 6103 6301
f 6101 6301 6299
f 6108 6302 6300
f 6108 6300 6301
f 6103 6105 6108
f 6103 6108 6301
f 6304 6303 6300
f 6304 6300 6302
f 6110 6305 6304
f 6110 6304 6302
f 6108 6109 6110
f 6108 6110 6302
f 6307 6306 6304
f 6307 6304 6305
f 1116 1312 6307
f 1116 6307 6305
f 6110 1115 1116
f 6110 1116 6305
f 1314 6308 6307
f 1314 6307 1312
f 6310 6309 4996
f 6310 4996 1316
f 1117 6111 6310
f 1117 6310 1316
f 6312 6311 6309
f 6312 6309 6310
f 6111 6113 6312
f 6111 6312 6310
f 6314 6313 6311
f 6314 6311 6312
f 6113 6115 6314
f 6113 6314 6312
f 6316 6315 6313
f 6316 6313 6314
f 6115 6117 6316
f 6115 6316 6314
f 6117 6119 6318
f 6117 6318 6316
f 6324 6322 6319
f 6324 6319 6320
f 6121 6124 6324
f 6121 6324 6320
f 6326 6325 6321
f 6326 6321 6323
f 6123 6127 6326
f 6123 6326 6323
f 6328 6327 6325
f 6328 6325 6326
f 6127 6329 6328
f 6127 6328 6326
f 6331 6330 6328
f 6331 6328 6329
f 6130 6332 6331
f 6130 6331 6329
f 6127 6128 6130
f 6127 6130 6329
f 6334 6333 6331
f 6334 6331 6332
f 6133 6335 6334
f 6133 6334 6332
f 6130 6131 6133
f 6130 6133 6332
f 6337 6336 6334
f 6337 6334 6335
f 6136 6338 6337
f 6136 6337 6335
f 6133 6134 6136
f 6133 6136 6335
f 6340 6339 6337
f 6340 6337 6338
f 6139 6341 6340
f 6139 6340 6338
f 6136 6137 6139
f 6136 6139 6338
f 6343 6342 6340
f 6343 6340 6341
f 6345 6344 6343
f 6345 6343 6341
f 6139 6140 6345
f 6139 6345 6341
f 6347 6346 6344
f 6347 6344 6345
f 6140 6141 6347
f 6140 6347 6345
f 6349 6348 6346
f 6349 6346 6347
f 6141 6143 6349
f 6141 6349 6347
f 6353 6351 6348
f 6353 6348 6349
f 6143 6146 6353
f 6143 6353 6349
f 6355 6354 6350
f 6355 6350 6352
f 6145 6149 6355
f 6145 6355 6352
f 6357 6356 6354
f 6357 6354 6355
f 6149 6151 6357
f 6149 6357 6355
f 6359 6358 6356
f 6359 6356 6357
f 6151 6153 6359
f 6151 6359 6357
f 6361 6360 6358
f 6361 6358 6359
f 6153 6155 6361
f 6153 6361 6359
f 6364 6362 6360
f 6364 6360 6361
f 6155 6157 6364
f 6155 6364 6361
f 6367 6366 6363
f 6367 6363 6365
f 6158 6368 6367
f 6158 6367 6365
f 6158 6160 6163
f 6158 6163 6368
f 6370 6369 6367
f 6370 6367 6368
f 6163 6371 6370
f 6163 6370 6368
f 6163 6164 6167
f 6163 6167 6371
f 6373 6372 6370
f 6373 6370 6371
f 6167 6374 6373
f 6167 6373 6371
f 6167 6168 6170
f 6167 6170 6374
f 6376 6375 6373
f 6376 6373 6374
f 6170 6172 6376
f 6170 6376 6374
f 6378 6377 6375
f 6378 6375 6376
f 6172 6379 6378
f 6172 6378 6376
f 6172 6173 6175
f 6172 6175 6379
f 6381 6380 6378
f 6381 6378 6379
f 6175 6382 6381
f 6175 6381 6379
f 6175 6176 6178
f 6175 6178 6382
f 6384 6383 6381
f 6384 6381 6382
f 6178 6385 6384
f 6178 6384 6382
f 6178 6179 6181
f 6178 6181 6385
f 6387 6386 6384
f 6387 6384 6385
f 6181 6388 6387
f 6181 6387 6385
f 6181 6182 6184
f 6181 6184 6388
f 6390 6389 6387
f 6390 6387 6388
f 6184 6391 6390
f 6184 6390 6388
f 6184 6185 6187
f 6184 6187 6391
f 6393 6392 6390
f 6393 6390 6391
f 6187 6394 6393
f 6187 6393 6391
f 6187 6188 6190
f 6187 6190 6394
f 6396 6395 6393
f 6396 6393 6394
f 6190 6397 6396
f 6190 6396 6394
f 6399 6398 6396
f 6399 6396 6397
f 6193 6400 6399
f 6193 6399 6397
f 6193 6194 6197
f 6193 6197 6400
f 6402 6401 6399
f 6402 6399 6400
f 6197 6403 6402
f 6197 6402 6400
f 6197 6199 6202
f 6197 6202 6403
f 6405 6404 6402
f 6405 6402 6403
f 6202 6407 6405
f 6202 6405 6403
f 6201 6203 6206
f 6201 6206 6406
f 6410 6408 6405
f 6410 6405 6407
f 6206 6411 6409
f 6206 6409 6406
f 6206 6207 6210
f 6206 6210 6411
f 6414 6412 6409
f 6414 6409 6411
f 6210 6415 6414
f 6210 6414 6411
f 6211 6212 6215
f 6211 6215 6416
f 6418 6417 6414
f 6418 6414 6415
f 6214 6419 6418
f 6214 6418 6415
f 6215 6216 6218
f 6215 6218 6420
f 6422 6421 6418
f 6422 6418 6419
f 6218 6228 6423
f 6218 6423 6420
f 6228 6232 6423
f 6240 6425 6421
f 6240 6421 6424
f 6235 6237 6240
f 6417 6418 6421
f 6417 6421 6425
f 6243 6426 6417
f 6243 6417 6425
f 6240 6241 6243
f 6240 6243 6425
f 6412 6414 6417
f 6412 6417 6426
f 6249 6428 6413
f 6249 6413 6427
f 6243 6244 6248
f 6243 6248 6426
f 6408 6410 6413
f 6408 6413 6428
f 6252 6429 6408
f 6252 6408 6428
f 6249 6250 6252
f 6249 6252 6428
f 6404 6405 6408
f 6404 6408 6429
f 6255 6430 6404
f 6255 6404 6429
f 6252 6253 6255
f 6252 6255 6429
f 6401 6402 6404
f 6401 6404 6430
f 6258 6431 6401
f 6258 6401 6430
f 6255 6256 6258
f 6255 6258 6430
f 6398 6399 6401
f 6398 6401 6431
f 6261 6432 6398
f 6261 6398 6431
f 6258 6259 6261
f 6258 6261 6431
f 6395 6396 6398
f 6395 6398 6432
f 6264 6433 6395
f 6264 6395 6432
f 6261 6262 6264
f 6261 6264 6432
f 6392 6393 6395
f 6392 6395 6433
f 6267 6434 6392
f 6267 6392 6433
f 6264 6265 6267
f 6264 6267 6433
f 6389 6390 6392
f 6389 6392 6434
f 6270 6435 6389
f 6270 6389 6434
f 6267 6268 6270
f 6267 6270 6434
f 6386 6387 6389
f 6386 6389 6435
f 6273 6436 6386
f 6273 6386 6435
f 6270 6271 6273
f 6270 6273 6435
f 6383 6384 6386
f 6383 6386 6436
f 6276 6437 6383
f 6276 6383 6436
f 6273 6274 6276
f 6273 6276 6436
f 6380 6381 6383
f 6380 6383 6437
f 6439 6438 6380
f 6439 6380 6437
f 6276 6277 6439
f 6276 6439 6437
f 6441 6440 6438
f 6441 6438 6439
f 6277 6278 6441
f 6277 6441 6439
f 6443 6442 6440
f 6443 6440 6441
f 6278 6280 6443
f 6278 6443 6441
f 6445 6444 6442
f 6445 6442 6443
f 6280 6282 6445
f 6280 6445 6443
f 6447 6446 6444
f 6447 6444 6445
f 6282 6284 6447
f 6282 6447 6445
f 6449 6448 6446
f 6449 6446 6447
f 6284 6286 6449
f 6284 6449 6447
f 6454 6452 6450
f 6454 6450 6451
f 6288 6290 6454
f 6288 6454 6451
f 6457 6456 6453
f 6457 6453 6455
f 6291 6294 6457
f 6291 6457 6455
f 6459 6458 6456
f 6459 6456 6457
f 6294 6296 6459
f 6294 6459 6457
f 6461 6460 6458
f 6461 6458 6459
f 6296 6298 6461
f 6296 6461 6459
f 6303 6462 6460
f 6303 6460 6461
f 6298 6300 6303
f 6298 6303 6461
f 6464 6463 6460
f 6464 6460 6462
f 6306 6465 6464
f 6306 6464 6462
f 6303 6304 6306
f 6303 6306 6462
f 6467 6466 6464
f 6467 6464 6465
f 6308 6468 6467
f 6308 6467 6465
f 6306 6307 6308
f 6306 6308 6465
f 6470 6469 6467
f 6470 6467 6468
f 1315 1480 6470
f 1315 6470 6468
f 6308 1314 1315
f 6308 1315 6468
f 1482 6471 6470
f 1482 6470 1480
f 6473 6472 1485
f 6473 1485 1486
f 4996 6309 6473
f 4996 6473 1486
f 6475 6472 6473
f 6309 6311 6475
f 6309 6475 6473
f 6311 6313 6477
f 6311 6477 6475
f 6313 6315 6479
f 6481 6480 6478
f 6481 6478 6479
f 6315 6481 6479
f 6484 6480 6481
f 6317 6484 6481
f 6489 6487 6483
f 6489 6483 6485
f 6319 6322 6489
f 6319 6489 6485
f 6491 6490 6486
f 6491 6486 6488
f 6321 6325 6491
f 6321 6491 6488
f 6493 6492 6490
f 6493 6490 6491
f 6325 6327 6493
f 6325 6493 6491
f 6495 6494 6492
f 6495 6492 6493
f 6327 6496 6495
f 6327 6495 6493
f 6498 6497 6495
f 6498 6495 6496
f 6330 6499 6498
f 6330 6498 6496
f 6327 6328 6330
f 6327 6330 6496
f 6501 6500 6498
f 6501 6498 6499
f 6333 6502 6501
f 6333 6501 6499
f 6330 6331 6333
f 6330 6333 6499
f 6504 6503 6501
f 6504 6501 6502
f 6336 6505 6504
f 6336 6504 6502
f 6333 6334 6336
f 6333 6336 6502
f 6507 6506 6504
f 6507 6504 6505
f 6339 6508 6507
f 6339 6507 6505
f 6336 6337 6339
f 6336 6339 6505
f 6510 6509 6507
f 6510 6507 6508
f 6342 6511 6510
f 6342 6510 6508
f 6339 6340 6342
f 6339 6342 6508
f 6513 6512 6510
f 6513 6510 6511
f 6515 6514 6513
f 6515 6513 6511
f 6342 6343 6515
f 6342 6515 6511
f 6517 6516 6514
f 6517 6514 6515
f 6343 6344 6517
f 6343 6517 6515
f 6519 6518 6516
f 6519 6516 6517
f 6344 6346 6519
f 6344 6519 6517
f 6521 6520 6518
f 6521 6518 6519
f 6346 6348 6521
f 6346 6521 6519
f 6525 6523 6520
f 6525 6520 6521
f 6348 6351 6525
f 6348 6525 6521
f 6527 6526 6522
f 6527 6522 6524
f 6350 6354 6527
f 6350 6527 6524
f 6529 6528 6526
f 6529 6526 6527
f 6354 6356 6529
f 6354 6529 6527
f 6531 6528 6529
f 6356 6358 6531
f 6356 6531 6529
f 6358 6360 6533
f 6358 6533 6531
f 6360 6362 6536
f 6360 6536 6533
f 6539 6538 6535
f 6539 6535 6537
f 6363 6366 6539
f 6363 6539 6537
f 6541 6540 6538
f 6541 6538 6539
f 6366 6542 6541
f 6366 6541 6539
f 6366 6367 6369
f 6366 6369 6542
f 6544 6543 6541
f 6544 6541 6542
f 6369 6545 6544
f 6369 6544 6542
f 6369 6370 6372
f 6369 6372 6545
f 6547 6546 6544
f 6547 6544 6545
f 6372 6548 6547
f 6372 6547 6545
f 6372 6373 6375
f 6372 6375 6548
f 6550 6549 6547
f 6550 6547 6548
f 6375 6377 6550
f 6375 6550 6548
f 6440 6442 6549
f 6440 6549 6550
f 6377 6438 6440
f 6377 6440 6550
f 6551 6546 6547
f 6551 6547 6549
f 6442 6444 6551
f 6442 6551 6549
f 6553 6552 6546
f 6553 6546 6551
f 6444 6446 6553
f 6444 6553 6551
f 6555 6554 6552
f 6555 6552 6553
f 6446 6448 6555
f 6446 6555 6553
f 6560 6558 6556
f 6560 6556 6557
f 6450 6452 6560
f 6450 6560 6557
f 6564 6563 6559
f 6564 6559 6561
f 6453 6456 6564
f 6453 6564 6561
f 6566 6565 6563
f 6566 6563 6564
f 6456 6458 6566
f 6456 6566 6564
f 6463 6567 6565
f 6463 6565 6566
f 6458 6460 6463
f 6458 6463 6566
f 6569 6568 6565
f 6569 6565 6567
f 6466 6570 6569
f 6466 6569 6567
f 6463 6464 6466
f 6463 6466 6567
f 6575 6573 6569
f 6575 6569 6570
f 6469 6577 6575
f 6469 6575 6570
f 6466 6467 6469
f 6466 6469 6570
f 6581 6579 6574
f 6581 6574 6576
f 6471 6584 6582
f 6471 6582 6577
f 6469 6470 6471
f 6469 6471 6577
f 6586 6585 6580
f 6586 6580 6583
f 1483 1608 6586
f 1483 6586 6583
f 6471 1482 1484
f 6471 1484 6584
f 1610 6587 6586
f 1610 6586 1608
f 6589 6588 1612
f 6589 1612 1613
f 1485 6472 6589
f 1485 6589 1613
f 6591 6590 6588
f 6591 6588 6589
f 6472 6474 6591
f 6472 6591 6589
f 6593 6592 6590
f 6593 6590 6591
f 6474 6593 6591
f 6595 6594 6592
f 6595 6592 6593
f 6476 6478 6595
f 6476 6595 6593
f 6597 6596 6594
f 6597 6594 6595
f 6478 6480 6597
f 6478 6597 6595
f 6600 6598 6596
f 6600 6596 6597
f 6480 6482 6600
f 6480 6600 6597
f 6605 6603 6599
f 6605 6599 6601
f 6483 6487 6605
f 6483 6605 6601
f 6607 6606 6602
f 6607 6602 6604
f 6486 6490 6607
f 6486 6607 6604
f 6609 6608 6606
f 6609 6606 6607
f 6490 6492 6609
f 6490 6609 6607
f 6611 6610 6608
f 6611 6608 6609
f 6492 6494 6611
f 6492 6611 6609
f 6613 6612 6610
f 6613 6610 6611
f 6494 6614 6613
f 6494 6613 6611
f 6616 6615 6613
f 6616 6613 6614
f 6497 6617 6616
f 6497 6616 6614
f 6494 6495 6497
f 6494 6497 6614
f 6619 6618 6616
f 6619 6616 6617
f 6500 6620 6619
f 6500 6619 6617
f 6497 6498 6500
f 6497 6500 6617
f 6622 6621 6619
f 6622 6619 6620
f 6503 6623 6622
f 6503 6622 6620
f 6500 6501 6503
f 6500 6503 6620
f 6625 6624 6622
f 6625 6622 6623
f 6506 6626 6625
f 6506 6625 6623
f 6503 6504 6506
f 6503 6506 6623
f 6628 6627 6625
f 6628 6625 6626
f 6509 6629 6628
f 6509 6628 6626
f 6506 6507 6509
f 6506 6509 6626
f 6631 6630 6628
f 6631 6628 6629
f 6512 6632 6631
f 6512 6631 6629
f 6509 6510 6512
f 6509 6512 6629
f 6634 6633 6631
f 6634 6631 6632
f 6636 6635 6634
f 6636 6634 6632
f 6512 6513 6636
f 6512 6636 6632
f 6638 6637 6635
f 6638 6635 6636
f 6513 6514 6638
f 6513 6638 6636
f 6640 6639 6637
f 6640 6637 6638
f 6514 6516 6640
f 6514 6640 6638
f 6642 6641 6639
f 6642 6639 6640
f 6516 6518 6642
f 6516 6642 6640
f 6644 6643 6641
f 6644 6641 6642
f 6518 6520 6644
f 6518 6644 6642
f 6648 6646 6643
f 6648 6643 6644
f 6520 6523 6648
f 6520 6648 6644
f 6650 6645 6647
f 6522 6526 6650
f 6522 6650 6647
f 6652 6651 6649
f 6652 6649 6650
f 6526 6652 6650
f 6654 6653 6651
f 6654 6651 6652
f 6656 6655 6653
f 6656 6653 6654
f 6530 6532 6656
f 6530 6656 6654
f 6658 6657 6655
f 6658 6655 6656
f 6532 6534 6658
f 6532 6658 6656
f 6661 6659 6657
f 6661 6657 6658
f 6540 6541 6543
f 6540 6543 6664
f 6543 6552 6554
f 6543 6554 6664
f 6666 6665 6662
f 6666 6662 6663
f 6556 6558 6666
f 6556 6666 6663
f 6670 6668 6665
f 6670 6665 6666
f 6558 6562 6670
f 6558 6670 6666
f 6568 6673 6669
f 6568 6669 6671
f 6563 6565 6568
f 6563 6568 6671
f 6676 6674 6667
f 6676 6667 6672
f 6571 6677 6676
f 6571 6676 6672
f 6568 6569 6573
f 6568 6573 6673
f 6680 6676 6677
f 6578 6681 6680
f 6578 6680 6677
f 6572 6574 6579
f 6572 6579 6678
f 6683 6682 6680
f 6683 6680 6681
f 6585 6684 6683
f 6585 6683 6681
f 6578 6580 6585
f 6578 6585 6681
f 6686 6685 6683
f 6686 6683 6684
f 6587 6687 6686
f 6587 6686 6684
f 6585 6586 6587
f 6585 6587 6684
f 6689 6688 6686
f 6689 6686 6687
f 1611 1716 6689
f 1611 6689 6687
f 6587 1610 1611
f 6587 1611 6687
f 1718 6690 6689
f 1718 6689 1716
f 6692 6691 1720
f 6692 1720 1721
f 1612 6588 6692
f 1612 6692 1721
f 6694 6693 6691
f 6694 6691 6692
f 6588 6590 6694
f 6588 6694 6692
f 6696 6695 6693
f 6696 6693 6694
f 6590 6592 6696
f 6590 6696 6694
f 6698 6697 6695
f 6698 6695 6696
f 6592 6594 6698
f 6592 6698 6696
f 6700 6699 6697
f 6700 6697 6698
f 6594 6596 6700
f 6594 6700 6698
f 6703 6701 6699
f 6703 6699 6700
f 6596 6598 6703
f 6596 6703 6700
f 6708 6706 6702
f 6708 6702 6704
f 6599 6603 6708
f 6599 6708 6704
f 6710 6709 6705
f 6710 6705 6707
f 6602 6606 6710
f 6602 6710 6707
f 6712 6711 6709
f 6712 6709 6710
f 6606 6608 6712
f 6606 6712 6710
f 6714 6713 6711
f 6714 6711 6712
f 6608 6610 6714
f 6608 6714 6712
f 6716 6715 6713
f 6716 6713 6714
f 6610 6612 6716
f 6610 6716 6714
f 6718 6717 6715
f 6718 6715 6716
f 6612 6719 6718
f 6612 6718 6716
f 6721 6720 6718
f 6721 6718 6719
f 6615 6722 6721
f 6615 6721 6719
f 6612 6613 6615
f 6612 6615 6719
f 6724 6723 6721
f 6724 6721 6722
f 6618 6725 6724
f 6618 6724 6722
f 6615 6616 6618
f 6615 6618 6722
f 6727 6726 6724
f 6727 6724 6725
f 6621 6728 6727
f 6621 6727 6725
f 6618 6619 6621
f 6618 6621 6725
f 6730 6729 6727
f 6730 6727 6728
f 6624 6731 6730
f 6624 6730 6728
f 6621 6622 6624
f 6621 6624 6728
f 6733 6732 6730
f 6733 6730 6731
f 6627 6734 6733
f 6627 6733 6731
f 6624 6625 6627
f 6624 6627 6731
f 6736 6735 6733
f 6736 6733 6734
f 6630 6737 6736
f 6630 6736 6734
f 6627 6628 6630
f 6627 6630 6734
f 6739 6738 6736
f 6739 6736 6737
f 6633 6740 6739
f 6633 6739 6737
f 6630 6631 6633
f 6630 6633 6737
f 6743 6741 6739
f 6743 6739 6740
f 6746 6745 6743
f 6746 6743 6740
f 6633 6634 6746
f 6633 6746 6740
f 6749 6748 6745
f 6749 6745 6746
f 6634 6635 6749
f 6634 6749 6746
f 6752 6751 6748
f 6752 6748 6749
f 6635 6637 6752
f 6635 6752 6749
f 6754 6753 6751
f 6754 6751 6752
f 6637 6639 6754
f 6637 6754 6752
f 6756 6755 6753
f 6756 6753 6754
f 6639 6641 6756
f 6639 6756 6754
f 6758 6757 6755
f 6758 6755 6756
f 6641 6643 6758
f 6641 6758 6756
f 6762 6760 6757
f 6762 6757 6758
f 6643 6646 6762
f 6643 6762 6758
f 6764 6763 6759
f 6764 6759 6761
f 6645 6649 6764
f 6645 6764 6761
f 6766 6765 6763
f 6766 6763 6764
f 6649 6651 6766
f 6649 6766 6764
f 6768 6767 6765
f 6768 6765 6766
f 6651 6653 6768
f 6651 6768 6766
f 6770 6769 6767
f 6770 6767 6768
f 6653 6655 6770
f 6653 6770 6768
f 6772 6771 6769
f 6772 6769 6770
f 6655 6657 6772
f 6655 6772 6770
f 6773 6674 6771
f 6773 6771 6772
f 6657 6659 6773
f 6657 6773 6772
f 6665 6668 6675
f 6665 6675 6774
f 6660 6662 6665
f 6660 6665 6774
f 6679 6775 6769
f 6679 6769 6771
f 6674 6676 6679
f 6674 6679 6771
f 6776 6767 6769
f 6776 6769 6775
f 6682 6776 6775
f 6679 6680 6682
f 6679 6682 6775
f 6685 6780 6779
f 6682 6683 6685
f 6682 6685 6777
f 6782 6779 6780
f 6688 6783 6782
f 6688 6782 6780
f 6685 6686 6688
f 6685 6688 6780
f 6785 6784 6782
f 6785 6782 6783
f 6690 6786 6785
f 6690 6785 6783
f 6688 6689 6690
f 6688 6690 6783
f 6789 6787 6785
f 6789 6785 6786
f 1719 1823 6789
f 1719 6789 6786
f 6690 1718 1719
f 6690 1719 6786
f 1827 6792 6790
f 1827 6790 1824
f 6794 6793 1830
f 6794 1830 1831
f 1720 6691 6794
f 1720 6794 1831
f 6796 6795 6793
f 6796 6793 6794
f 6691 6693 6796
f 6691 6796 6794
f 6798 6797 6795
f 6798 6795 6796
f 6693 6695 6798
f 6693 6798 6796
f 6800 6799 6797
f 6800 6797 6798
f 6695 6697 6800
f 6695 6800 6798
f 6802 6801 6799
f 6802 6799 6800
f 6697 6699 6802
f 6697 6802 6800
f 6805 6803 6801
f 6805 6801 6802
f 6699 6701 6805
f 6699 6805 6802
f 6810 6808 6804
f 6810 6804 6806
f 6702 6706 6810
f 6702 6810 6806
f 6812 6811 6807
f 6812 6807 6809
f 6705 6709 6812
f 6705 6812 6809
f 6814 6813 6811
f 6814 6811 6812
f 6709 6711 6814
f 6709 6814 6812
f 6816 6815 6813
f 6816 6813 6814
f 6711 6713 6816
f 6711 6816 6814
f 6818 6817 6815
f 6818 6815 6816
f 6713 6715 6818
f 6713 6818 6816
f 6820 6819 6817
f 6820 6817 6818
f 6715 6717 6820
f 6715 6820 6818
f 6822 6821 6819
f 6822 6819 6820
f 6717 6823 6822
f 6717 6822 6820
f 6825 6824 6822
f 6825 6822 6823
f 6720 6826 6825
f 6720 6825 6823
f 6717 6718 6720
f 6717 6720 6823
f 6828 6827 6825
f 6828 6825 6826
f 6723 6829 6828
f 6723 6828 6826
f 6720 6721 6723
f 6720 6723 6826
f 6831 6830 6828
f 6831 6828 6829
f 6726 6832 6831
f 6726 6831 6829
f 6723 6724 6726
f 6723 6726 6829
f 6834 6833 6831
f 6834 6831 6832
f 6729 6835 6834
f 6729 6834 6832
f 6726 6727 6729
f 6726 6729 6832
f 6837 6836 6834
f 6837 6834 6835
f 6732 6838 6837
f 6732 6837 6835
f 6729 6730 6732
f 6729 6732 6835
f 6840 6839 6837
f 6840 6837 6838
f 6735 6841 6840
f 6735 6840 6838
f 6732 6733 6735
f 6732 6735 6838
f 6843 6842 6840
f 6843 6840 6841
f 6738 6844 6843
f 6738 6843 6841
f 6735 6736 6738
f 6735 6738 6841
f 6848 6846 6843
f 6848 6843 6844
f 6741 6849 6848
f 6741 6848 6844
f 6738 6739 6741
f 6738 6741 6844
f 6851 6850 6847
f 6853 6852 6851
f 6741 6743 6854
f 6741 6854 6849
f 6856 6855 6852
f 6856 6852 6853
f 6742 6744 6856
f 6742 6856 6853
f 6858 6857 6855
f 6858 6855 6856
f 6744 6747 6858
f 6744 6858 6856
f 6861 6859 6857
f 6861 6857 6858
f 6747 6750 6861
f 6747 6861 6858
f 6865 6864 6860
f 6865 6860 6862
f 6751 6753 6865
f 6751 6865 6862
f 6867 6866 6864
f 6867 6864 6865
f 6753 6755 6867
f 6753 6867 6865
f 6871 6869 6866
f 6871 6866 6867
f 6755 6757 6871
f 6755 6871 6867
f 6873 6872 6868
f 6873 6868 6870
f 6757 6760 6874
f 6757 6874 6871
f 6875 6781 6872
f 6875 6872 6873
f 6759 6763 6875
f 6759 6875 6873
f 6778 6779 6781
f 6778 6781 6875
f 6763 6765 6778
f 6763 6778 6875
f 6781 6784 6872
f 6877 6866 6869
f 6877 6869 6876
f 6788 6878 6877
f 6788 6877 6876
f 6882 6880 6877
f 6882 6877 6878
f 6792 6884 6882
f 6792 6882 6878
f 6788 6790 6792
f 6788 6792 6878
f 6886 6885 6881
f 6886 6881 6883
f 1829 6886 6883
f 6791 1829 6883
f 6889 6888 1924
f 6889 1924 1925
f 1830 6793 6889
f 6891 6890 6888
f 6891 6888 6889
f 6793 6795 6891
f 6793 6891 6889
f 6893 6892 6890
f 6893 6890 6891
f 6795 6797 6893
f 6795 6893 6891
f 6895 6894 6892
f 6895 6892 6893
f 6797 6799 6895
f 6797 6895 6893
f 6897 6896 6894
f 6897 6894 6895
f 6799 6801 6897
f 6799 6897 6895
f 6900 6898 6896
f 6900 6896 6897
f 6801 6803 6900
f 6801 6900 6897
f 6905 6903 6899
f 6905 6899 6901
f 6804 6808 6905
f 6804 6905 6901
f 6907 6906 6902
f 6907 6902 6904
f 6807 6811 6907
f 6807 6907 6904
f 6909 6908 6906
f 6909 6906 6907
f 6811 6813 6909
f 6811 6909 6907
f 6911 6910 6908
f 6911 6908 6909
f 6813 6815 6911
f 6813 6911 6909
f 6913 6912 6910
f 6913 6910 6911
f 6815 6817 6913
f 6815 6913 6911
f 6915 6914 6912
f 6915 6912 6913
f 6817 6819 6915
f 6817 6915 6913
f 6917 6916 6914
f 6917 6914 6915
f 6819 6821 6917
f 6819 6917 6915
f 6919 6918 6916
f 6919 6916 6917
f 6821 6920 6919
f 6821 6919 6917
f 6922 6921 6919
f 6922 6919 6920
f 6824 6923 6922
f 6824 6922 6920
f 6821 6822 6824
f 6821 6824 6920
f 6925 6924 6922
f 6925 6922 6923
f 6827 6926 6925
f 6827 6925 6923
f 6824 6825 6827
f 6824 6827 6923
f 6928 6927 6925
f 6928 6925 6926
f 6830 6929 6928
f 6830 6928 6926
f 6827 6828 6830
f 6827 6830 6926
f 6931 6930 6928
f 6931 6928 6929
f 6833 6932 6931
f 6833 6931 6929
f 6830 6831 6833
f 6830 6833 6929
f 6934 6933 6931
f 6934 6931 6932
f 6836 6935 6934
f 6836 6934 6932
f 6833 6834 6836
f 6833 6836 6932
f 6937 6936 6934
f 6937 6934 6935
f 6839 6938 6937
f 6839 6937 6935
f 6836 6837 6839
f 6836 6839 6935
f 6940 6939 6937
f 6940 6937 6938
f 6842 6942 6940
f 6842 6940 6938
f 6839 6840 6842
f 6839 6842 6938
f 6845 6945 6944
f 6845 6944 6941
f 6842 6843 6846
f 6842 6846 6942
f 6845 6847 6850
f 6845 6850 6945
f 6850 6948 6946
f 6950 6949 6947
f 6950 6947 6948
f 6851 6852 6950
f 6851 6950 6948
f 6952 6951 6949
f 6952 6949 6950
f 6852 6855 6952
f 6852 6952 6950
f 6954 6953 6951
f 6954 6951 6952
f 6855 6857 6954
f 6855 6954 6952
f 6955 6885 6953
f 6955 6953 6954
f 6857 6859 6955
f 6857 6955 6954
f 6879 6881 6885
f 6879 6885 6955
f 6859 6863 6879
f 6859 6879 6955
f 6887 6956 6951
f 6887 6951 6953
f 6885 6886 6887
f 6885 6887 6953
f 6957 6949 6951
f 6957 6951 6956
f 6960 6959 1993
f 6960 1993 1994
f 1924 6888 6960
f 1924 6960 1994
f 6888 6890 6962
f 6964 6963 6961
f 6890 6892 6964
f 6890 6964 6962
f 6966 6965 6963
f 6966 6963 6964
f 6892 6894 6966
f 6892 6966 6964
f 6968 6967 6965
f 6968 6965 6966
f 6894 6896 6968
f 6894 6968 6966
f 6971 6969 6967
f 6971 6967 6968
f 6896 6898 6971
f 6896 6971 6968
f 6976 6974 6970
f 6976 6970 6972
f 6899 6903 6976
f 6899 6976 6972
f 6978 6977 6973
f 6978 6973 6975
f 6902 6906 6978
f 6902 6978 6975
f 6980 6979 6977
f 6980 6977 6978
f 6906 6908 6980
f 6906 6980 6978
f 6982 6981 6979
f 6982 6979 6980
f 6908 6910 6982
f 6908 6982 6980
f 6984 6983 6981
f 6984 6981 6982
f 6910 6912 6984
f 6910 6984 6982
f 6986 6985 6983
f 6986 6983 6984
f 6912 6914 6986
f 6912 6986 6984
f 6988 6987 6985
f 6988 6985 6986
f 6914 6916 6988
f 6914 6988 6986
f 6990 6989 6987
f 6990 6987 6988
f 6916 6918 6990
f 6916 6990 6988
f 6992 6991 6989
f 6992 6989 6990
f 6918 6993 6992
f 6918 6992 6990
f 6995 6994 6992
f 6995 6992 6993
f 6921 6996 6995
f 6921 6995 6993
f 6918 6919 6921
f 6918 6921 6993
f 6998 6997 6995
f 6998 6995 6996
f 6924 6999 6998
f 6924 6998 6996
f 6921 6922 6924
f 6921 6924 6996
f 7001 7000 6998
f 7001 6998 6999
f 6927 7002 7001
f 6927 7001 6999
f 6924 6925 6927
f 6924 6927 6999
f 7004 7003 7001
f 7004 7001 7002
f 6930 7005 7004
f 6930 7004 7002
f 6927 6928 6930
f 6927 6930 7002
f 7007 7006 7004
f 7007 7004 7005
f 6933 7008 7007
f 6933 7007 7005
f 6930 6931 6933
f 6930 6933 7005
f 7010 7009 7007
f 7010 7007 7008
f 6936 7011 7010
f 6936 7010 7008
f 6933 6934 6936
f 6933 6936 7008
f 7015 7013 7010
f 7015 7010 7011
f 6939 7017 7015
f 6939 7015 7011
f 6936 6937 6939
f 6936 6939 7011
f 7019 7018 7014
f 7019 7014 7016
f 6939 6940 6943
f 6939 6943 7017
f 1993 7022 2062
f 7026 7025 7023
f 7026 7023 7024
f 6961 6963 7026
f 6961 7026 7024
f 7028 7027 7025
f 7028 7025 7026
f 6963 6965 7028
f 6963 7028 7026
f 7031 7029 7027
f 7031 7027 7028
f 6965 6967 7031
f 6965 7031 7028
f 7034 7032 7029
f 7034 7029 7031
f 6967 6969 7034
f 6967 7034 7031
f 7039 7037 7033
f 7039 7033 7035
f 6970 6974 7039
f 6970 7039 7035
f 7041 7040 7036
f 7041 7036 7038
f 6973 6977 7041
f 6973 7041 7038
f 7043 7042 7040
f 7043 7040 7041
f 6977 6979 7043
f 6977 7043 7041
f 7045 7044 7042
f 7045 7042 7043
f 6979 6981 7045
f 6979 7045 7043
f 7047 7046 7044
f 7047 7044 7045
f 6981 6983 7047
f 6981 7047 7045
f 7049 7048 7046
f 7049 7046 7047
f 6983 6985 7049
f 6983 7049 7047
f 7051 7050 7048
f 7051 7048 7049
f 6985 6987 7051
f 6985 7051 7049
f 7053 7052 7050
f 7053 7050 7051
f 6987 6989 7053
f 6987 7053 7051
f 7055 7054 7052
f 7055 7052 7053
f 6989 6991 7055
f 6989 7055 7053
f 7057 7056 7054
f 7057 7054 7055
f 6991 7058 7057
f 6991 7057 7055
f 7060 7059 7057
f 7060 7057 7058
f 6994 7061 7060
f 6994 7060 7058
f 6991 6992 6994
f 6991 6994 7058
f 7063 7062 7060
f 7063 7060 7061
f 6997 7064 7063
f 6997 7063 7061
f 6994 6995 6997
f 6994 6997 7061
f 7066 7065 7063
f 7066 7063 7064
f 7000 7067 7066
f 7000 7066 7064
f 6997 6998 7000
f 6997 7000 7064
f 7069 7068 7066
f 7069 7066 7067
f 7003 7070 7069
f 7003 7069 7067
f 7000 7001 7003
f 7000 7003 7067
f 7072 7071 7069
f 7072 7069 7070
f 7006 7073 7072
f 7006 7072 7070
f 7003 7004 7006
f 7003 7006 7070
f 7076 7075 7072
f 7076 7072 7073
f 7009 7078 7076
f 7009 7076 7073
f 7006 7007 7009
f 7006 7009 7073
f 7012 7081 7080
f 7012 7080 7077
f 7009 7010 7013
f 7009 7013 7078
f 7083 7082 7080
f 7083 7080 7081
f 7018 7084 7083
f 7018 7083 7081
f 7012 7014 7018
f 7012 7018 7081
f 7086 7085 7083
f 7086 7083 7084
f 7020 7021 7086
f 7020 7086 7084
f 7018 7019 7020
f 7018 7020 7084
f 2060 2127 7085
f 2060 7085 7086
f 7021 2060 7086
f 2129 7087 7085
f 2129 7085 2127
f 7089 7088 2131
f 7089 2131 2132
f 7091 7090 7088
f 7091 7088 7089
f 7093 7092 7090
f 7093 7090 7091
f 7023 7025 7093
f 7023 7093 7091
f 7095 7094 7092
f 7095 7092 7093
f 7025 7027 7095
f 7025 7095 7093
f 7098 7096 7094
f 7098 7094 7095
f 7027 7029 7098
f 7027 7098 7095
f 7101 7100 7097
f 7101 7097 7099
f 7030 7033 7101
f 7030 7101 7099
f 7105 7103 7100
f 7105 7100 7101
f 7033 7037 7105
f 7033 7105 7101
f 7107 7106 7102
f 7107 7102 7104
f 7036 7040 7107
f 7036 7107 7104
f 7109 7108 7106
f 7109 7106 7107
f 7040 7042 7109
f 7040 7109 7107
f 7111 7110 7108
f 7111 7108 7109
f 7042 7044 7111
f 7042 7111 7109
f 7113 7112 7110
f 7113 7110 7111
f 7044 7046 7113
f 7044 7113 7111
f 7115 7114 7112
f 7115 7112 7113
f 7046 7048 7115
f 7046 7115 7113
f 7117 7116 7114
f 7117 7114 7115
f 7048 7050 7117
f 7048 7117 7115
f 7119 7118 7116
f 7119 7116 7117
f 7050 7052 7119
f 7050 7119 7117
f 7121 7120 7118
f 7121 7118 7119
f 7052 7054 7121
f 7052 7121 7119
f 7123 7122 7120
f 7123 7120 7121
f 7054 7056 7123
f 7054 7123 7121
f 7125 7124 7122
f 7125 7122 7123
f 7056 7126 7125
f 7056 7125 7123
f 7128 7127 7125
f 7128 7125 7126
f 7059 7129 7128
f 7059 7128 7126
f 7056 7057 7059
f 7056 7059 7126
f 7131 7130 7128
f 7131 7128 7129
f 7062 7132 7131
f 7062 7131 7129
f 7059 7060 7062
f 7059 7062 7129
f 7134 7133 7131
f 7134 7131 7132
f 7065 7135 7134
f 7065 7134 7132
f 7062 7063 7065
f 7062 7065 7132
f 7137 7136 7134
f 7137 7134 7135
f 7068 7138 7137
f 7068 7137 7135
f 7065 7066 7068
f 7065 7068 7135
f 7142 7140 7137
f 7142 7137 7138
f 7071 7144 7142
f 7071 7142 7138
f 7068 7069 7071
f 7068 7071 7138
f 7146 7145 7141
f 7146 7141 7143
f 7074 7146 7143
f 7071 7072 7075
f 7071 7075 7144
f 7151 7150 7148
f 7151 7148 7149
f 7082 7087 7151
f 7082 7151 7149
f 7079 7080 7082
f 7079 7082 7149
f 2130 2196 7150
f 2130 7150 7151
f 7087 2129 2130
f 7087 2130 7151
f 2198 7152 7150
f 2198 7150 2196
f 7154 7153 2200
f 7154 2200 2201
f 2131 7088 7154
f 2131 7154 2201
f 7156 7155 7153
f 7156 7153 7154
f 7088 7090 7156
f 7088 7156 7154
f 7158 7157 7155
f 7158 7155 7156
f 7090 7092 7158
f 7090 7158 7156
f 7160 7159 7157
f 7160 7157 7158
f 7092 7094 7160
f 7092 7160 7158
f 7163 7161 7159
f 7163 7159 7160
f 7094 7096 7163
f 7094 7163 7160
f 7166 7165 7162
f 7166 7162 7164
f 7097 7100 7166
f 7097 7166 7164
f 7170 7168 7165
f 7170 7165 7166
f 7100 7103 7170
f 7100 7170 7166
f 7172 7171 7167
f 7172 7167 7169
f 7102 7106 7172
f 7102 7172 7169
f 7174 7173 7171
f 7174 7171 7172
f 7106 7108 7174
f 7106 7174 7172
f 7176 7175 7173
f 7176 7173 7174
f 7108 7110 7176
f 7108 7176 7174
f 7178 7177 7175
f 7178 7175 7176
f 7110 7112 7178
f 7110 7178 7176
f 7180 7179 7177
f 7180 7177 7178
f 7112 7114 7180
f 7112 7180 7178
f 7182 7181 7179
f 7182 7179 7180
f 7114 7116 7182
f 7114 7182 7180
f 7184 7183 7181
f 7184 7181 7182
f 7116 7118 7184
f 7116 7184 7182
f 7186 7185 7183
f 7186 7183 7184
f 7118 7120 7186
f 7118 7186 7184
f 7188 7187 7185
f 7188 7185 7186
f 7120 7122 7188
f 7120 7188 7186
f 7190 7189 7187
f 7190 7187 7188
f 7122 7124 7190
f 7122 7190 7188
f 7192 7191 7189
f 7192 7189 7190
f 7124 7193 7192
f 7124 7192 7190
f 7195 7194 7192
f 7195 7192 7193
f 7127 7196 7195
f 7127 7195 7193
f 7124 7125 7127
f 7124 7127 7193
f 7198 7197 7195
f 7198 7195 7196
f 7130 7199 7198
f 7130 7198 7196
f 7127 7128 7130
f 7127 7130 7196
f 7201 7200 7198
f 7201 7198 7199
f 7133 7202 7201
f 7133 7201 7199
f 7130 7131 7133
f 7130 7133 7199
f 7133 7134 7136
f 7133 7136 7202
f 7139 7206 7205
f 7136 7137 7140
f 7136 7140 7203
f 7208 7205 7206
f 7145 7208 7206
f 7139 7141 7145
f 7139 7145 7206
f 7210 7209 7208
f 7147 7152 7210
f 7145 7146 7147
f 2199 2263 7209
f 2199 7209 7210
f 7152 2198 2199
f 7152 2199 7210
f 2265 7211 7209
f 2265 7209 2263
f 7213 7212 2267
f 7213 2267 2268
f 2200 7153 7213
f 2200 7213 2268
f 7215 7214 7212
f 7215 7212 7213
f 7153 7155 7215
f 7153 7215 7213
f 7217 7216 7214
f 7217 7214 7215
f 7155 7157 7217
f 7155 7217 7215
f 7219 7218 7216
f 7219 7216 7217
f 7157 7159 7219
f 7157 7219 7217
f 7222 7220 7218
f 7222 7218 7219
f 7159 7161 7222
f 7159 7222 7219
f 7225 7224 7221
f 7225 7221 7223
f 7162 7165 7225
f 7162 7225 7223
f 7229 7227 7224
f 7229 7224 7225
f 7165 7168 7229
f 7165 7229 7225
f 7231 7230 7226
f 7231 7226 7228
f 7167 7171 7231
f 7167 7231 7228
f 7233 7232 7230
f 7233 7230 7231
f 7171 7173 7233
f 7171 7233 7231
f 7235 7234 7232
f 7235 7232 7233
f 7173 7175 7235
f 7173 7235 7233
f 7237 7236 7234
f 7237 7234 7235
f 7175 7177 7237
f 7175 7237 7235
f 7239 7238 7236
f 7239 7236 7237
f 7177 7179 7239
f 7177 7239 7237
f 7241 7240 7238
f 7241 7238 7239
f 7179 7181 7241
f 7179 7241 7239
f 7243 7242 7240
f 7243 7240 7241
f 7181 7183 7243
f 7181 7243 7241
f 7245 7244 7242
f 7245 7242 7243
f 7183 7185 7245
f 7183 7245 7243
f 7247 7246 7244
f 7247 7244 7245
f 7185 7187 7247
f 7185 7247 7245
f 7249 7248 7246
f 7249 7246 7247
f 7187 7189 7249
f 7187 7249 7247
f 7251 7250 7248
f 7251 7248 7249
f 7189 7191 7251
f 7189 7251 7249
f 7253 7252 7250
f 7253 7250 7251
f 7191 7254 7253
f 7191 7253 7251
f 7256 7255 7253
f 7256 7253 7254
f 7194 7257 7256
f 7194 7256 7254
f 7191 7192 7194
f 7191 7194 7254
f 7261 7259 7256
f 7261 7256 7257
f 7197 7262 7261
f 7197 7261 7257
f 7194 7195 7197
f 7194 7197 7257
f 7197 7198 7200
f 7197 7200 7262
f 7268 7267 7265
f 7268 7265 7266
f 7204 7269 7268
f 7204 7268 7266
f 7271 7268 7269
f 7207 7271 7269
f 7204 7207 7269
f 2266 2329 7270
f 2266 7270 7271
f 7211 2265 2266
f 7211 2266 7271
f 2331 7272 7270
f 2331 7270 2329
f 7274 7273 2332
f 7274 2332 2333
f 2267 7212 7274
f 2267 7274 2333
f 7277 7275 7273
f 7277 7273 7274
f 7212 7214 7277
f 7212 7277 7274
f 7280 7278 7275
f 7280 7275 7277
f 7214 7216 7280
f 7214 7280 7277
f 7283 7281 7278
f 7283 7278 7280
f 7216 7218 7283
f 7216 7283 7280
f 7286 7284 7281
f 7286 7281 7283
f 7218 7220 7286
f 7218 7286 7283
f 7289 7288 7285
f 7289 7285 7287
f 7221 7224 7289
f 7221 7289 7287
f 7291 5072 7288
f 7291 7288 7289
f 7224 7227 7291
f 7224 7291 7289
f 7292 5070 5071
f 7292 5071 7290
f 7226 7230 7292
f 7226 7292 7290
f 7293 5073 5070
f 7293 5070 7292
f 7230 7232 7293
f 7230 7293 7292
f 7295 7294 5073
f 7232 7234 7295
f 7297 7296 7294
f 7234 7236 7297
f 7299 7298 7296
f 7299 7296 7297
f 7236 7238 7299
f 7236 7299 7297
f 7301 7300 7298
f 7301 7298 7299
f 7238 7240 7301
f 7238 7301 7299
f 7303 7302 7300
f 7303 7300 7301
f 7240 7242 7303
f 7240 7303 7301
f 7305 7304 7302
f 7305 7302 7303
f 7242 7244 7305
f 7242 7305 7303
f 7307 7306 7304
f 7307 7304 7305
f 7244 7246 7307
f 7244 7307 7305
f 7309 7308 7306
f 7309 7306 7307
f 7246 7248 7309
f 7246 7309 7307
f 7311 7310 7308
f 7311 7308 7309
f 7248 7250 7311
f 7248 7311 7309
f 7313 7312 7310
f 7313 7310 7311
f 7250 7252 7313
f 7250 7313 7311
f 7315 7314 7312
f 7315 7312 7313
f 7252 7316 7315
f 7252 7315 7313
f 7320 7318 7315
f 7320 7315 7316
f 7255 7322 7320
f 7255 7320 7316
f 7252 7253 7255
f 7252 7255 7316
f 7324 7323 7319
f 7324 7319 7321
f 7258 7325 7324
f 7258 7324 7321
f 7255 7256 7259
f 7255 7259 7322
f 7327 7326 7324
f 7327 7324 7325
f 7263 7328 7327
f 7263 7327 7325
f 7258 7260 7263
f 7258 7263 7325
f 7330 7329 7327
f 7330 7327 7328
f 7264 7331 7330
f 7264 7330 7328
f 7263 7264 7328
f 5033 1 7330
f 5033 7330 7331
f 7267 7272 5033
f 7267 5033 7331
f 7264 7265 7267
f 7264 7267 7331
f 1 2391 7329
f 2393 7329 2391
f 7335 7333 2396
f 7335 2396 2399
f 2332 7273 7334
f 2332 7334 2398
f 7338 7336 7333
f 7338 7333 7335
f 7273 7275 7337
f 7273 7337 7334
f 7340 7339 7336
f 7340 7336 7338
f 7276 7279 7340
f 7276 7340 7338
f 7342 7341 7339
f 7342 7339 7340
f 7279 7282 7342
f 7279 7342 7340
f 7344 7343 7341
f 7344 7341 7342
f 7282 7285 7344
f 7282 7344 7342
f 7346 7345 7343
f 7346 7343 7344
f 7285 7288 7346
f 7285 7346 7344
f 5062 5064 7345
f 5062 7345 7346
f 7288 5072 5062
f 7288 5062 7346
f 7348 7347 7343
f 7348 7343 7345
f 5064 7350 7348
f 5064 7348 7345
f 7354 7353 7351
f 7354 7351 7349
f 5063 5065 7354
f 5063 7354 7349
f 7352 7355 7348
f 7352 7348 7350
f 7352 7358 7356
f 7352 7356 7355
f 7359 7347 7348
f 7359 7348 7355
f 7356 7360 7359
f 7356 7359 7355
f 5087 5088 7361
f 5087 7361 7360
f 7356 5093 5087
f 7356 5087 7360
f 7361 7362 7359
f 7361 7359 7360
f 7361 7364 7363
f 7361 7363 7362
f 7365 7347 7359
f 7365 7359 7362
f 7363 7366 7365
f 7363 7365 7362
f 7363 5083 7367
f 7363 7367 7366
f 7339 7341 7365
f 7339 7365 7366
f 7367 7336 7339
f 7367 7339 7366
f 5083 5084 7368
f 5083 7368 7367
f 7368 7333 7336
f 7368 7336 7367
f 5084 2438 2437
f 5084 2437 7368
f 2437 2396 7333
f 2437 7333 7368
f 5084 5085 2439
f 5084 2439 2438
f 7370 7369 2440
f 7370 2440 2441
f 2439 5085 7370
f 2439 7370 2441
f 7372 7371 7369
f 7372 7369 7370
f 5085 5086 7372
f 5085 7372 7370
f 7374 7373 7371
f 7374 7371 7372
f 5086 7375 7374
f 5086 7374 7372
f 7378 7376 7374
f 7378 7374 7375
f 7383 7381 7378
f 7383 7378 7375
f 5086 5081 7383
f 5086 7383 7375
f 7385 7384 7380
f 7385 7380 7382
f 5081 5082 7386
f 5081 7386 7383
f 7389 7387 7384
f 7389 7384 7385
f 5082 7364 7390
f 5082 7390 7386
f 5088 5090 7388
f 5088 7388 7390
f 7364 7361 5088
f 7364 5088 7390
f 7392 7391 7384
f 7392 7384 7387
f 5089 5094 7392
f 5089 7392 7387
f 7394 7393 7391
f 7394 7391 7392
f 5094 7395 7394
f 5094 7394 7392
f 7397 7396 7394
f 7397 7394 7395
f 7400 7398 7397
f 7400 7397 7395
f 5094 5091 7400
f 5094 7400 7395
f 7404 7403 7399
f 7404 7399 7401
f 5092 5093 7405
f 5092 7405 7402
f 7357 7406 7403
f 7357 7403 7404
f 5093 7356 7358
f 5093 7358 7405
f 7408 7407 7403
f 7408 7403 7406
f 7353 7409 7408
f 7353 7408 7406
f 7357 7351 7353
f 7357 7353 7406
f 7411 7410 7408
f 7411 7408 7409
f 7413 7412 7411
f 7413 7411 7409
f 7353 7354 7413
f 7353 7413 7409
f 5066 7414 7412
f 5066 7412 7413
f 7354 5065 5066
f 7354 5066 7413
f 7416 7415 7412
f 7416 7412 7414
f 7418 7417 7416
f 7418 7416 7414
f 5066 5067 7418
f 5066 7418 7414
f 7420 7419 7417
f 7420 7417 7418
f 5067 5068 7420
f 5067 7420 7418
f 7422 7421 7419
f 7422 7419 7420
f 5068 7423 7422
f 5068 7422 7420
f 7425 7424 7422
f 7425 7422 7423
f 7427 7426 7425
f 7427 7425 7423
f 5068 5069 7427
f 5068 7427 7423
f 7294 7296 7426
f 7294 7426 7427
f 5069 5073 7294
f 5069 7294 7427
f 7429 7428 7425
f 7429 7425 7426
f 7296 7298 7429
f 7296 7429 7426
f 7431 7430 7428
f 7431 7428 7429
f 7298 7300 7431
f 7298 7431 7429
f 7433 7432 7430
f 7433 7430 7431
f 7300 7302 7433
f 7300 7433 7431
f 7435 7434 7432
f 7435 7432 7433
f 7302 7304 7435
f 7302 7435 7433
f 7437 7436 7434
f 7437 7434 7435
f 7304 7306 7437
f 7304 7437 7435
f 7439 7438 7436
f 7439 7436 7437
f 7306 7308 7439
f 7306 7439 7437
f 7441 7440 7438
f 7441 7438 7439
f 7308 7310 7441
f 7308 7441 7439
f 7443 7442 7440
f 7443 7440 7441
f 7310 7312 7443
f 7310 7443 7441
f 7445 7444 7442
f 7445 7442 7443
f 7312 7314 7445
f 7312 7445 7443
f 7449 7447 7444
f 7449 7444 7445
f 7314 7451 7449
f 7314 7449 7445
f 7453 7452 7448
f 7453 7448 7450
f 7317 7454 7453
f 7317 7453 7450
f 7314 7315 7318
f 7314 7318 7451
f 7456 7455 7453
f 7456 7453 7454
f 7323 7457 7456
f 7323 7456 7454
f 7317 7319 7323
f 7317 7323 7454
f 7459 7458 7456
f 7459 7456 7457
f 7326 7332 7459
f 7326 7459 7457
f 7323 7324 7326
f 7323 7326 7457
f 7462 7461 2539
f 7462 2539 2540
f 2440 7369 7462
f 2440 7462 2540
f 7464 7463 7461
f 7464 7461 7462
f 7369 7371 7464
f 7369 7464 7462
f 7466 7465 7463
f 7466 7463 7464
f 7371 7373 7466
f 7371 7466 7464
f 7468 7467 7465
f 7468 7465 7466
f 7373 7469 7468
f 7373 7468 7466
f 7473 7471 7468
f 7473 7468 7469
f 7376 7475 7473
f 7376 7473 7469
f 7373 7374 7376
f 7373 7376 7469
f 7477 7476 7472
f 7477 7472 7474
f 7479 7478 7477
f 7479 7477 7474
f 7376 7378 7480
f 7376 7480 7475
f 7483 7481 7478
f 7483 7478 7479
f 7377 7379 7483
f 7377 7483 7479
f 7391 7393 7482
f 7391 7482 7484
f 7380 7384 7391
f 7380 7391 7484
f 7486 7485 7478
f 7486 7478 7481
f 7393 7488 7487
f 7393 7487 7482
f 7491 7490 7487
f 7491 7487 7488
f 7396 7492 7491
f 7396 7491 7488
f 7393 7394 7396
f 7393 7396 7488
f 7494 7493 7491
f 7494 7491 7492
f 7496 7495 7494
f 7496 7494 7492
f 7396 7397 7496
f 7396 7496 7492
f 7500 7498 7495
f 7500 7495 7496
f 7397 7398 7500
f 7397 7500 7496
f 7407 7503 7499
f 7407 7499 7501
f 7399 7403 7407
f 7399 7407 7501
f 7507 7504 7497
f 7507 7497 7502
f 7410 7509 7508
f 7410 7508 7503
f 7407 7408 7410
f 7407 7410 7503
f 7512 7511 7508
f 7512 7508 7509
f 7514 7513 7512
f 7514 7512 7509
f 7410 7411 7514
f 7410 7514 7509
f 7415 7515 7513
f 7415 7513 7514
f 7411 7412 7415
f 7411 7415 7514
f 7517 7516 7513
f 7517 7513 7515
f 7519 7518 7517
f 7519 7517 7515
f 7415 7416 7519
f 7415 7519 7515
f 7521 7520 7518
f 7521 7518 7519
f 7416 7417 7521
f 7416 7521 7519
f 7524 7523 7520
f 7524 7520 7521
f 7417 7419 7524
f 7417 7524 7521
f 7527 7526 7523
f 7527 7523 7524
f 7419 7421 7527
f 7419 7527 7524
f 7530 7529 7526
f 7530 7526 7527
f 7421 7531 7530
f 7421 7530 7527
f 7533 7532 7530
f 7533 7530 7531
f 7424 7534 7533
f 7424 7533 7531
f 7421 7422 7424
f 7421 7424 7531
f 7536 7535 7533
f 7536 7533 7534
f 7428 7430 7536
f 7428 7536 7534
f 7424 7425 7428
f 7424 7428 7534
f 7538 7537 7535
f 7538 7535 7536
f 7430 7432 7538
f 7430 7538 7536
f 7540 7539 7537
f 7540 7537 7538
f 7432 7434 7540
f 7432 7540 7538
f 7542 7541 7539
f 7542 7539 7540
f 7434 7436 7542
f 7434 7542 7540
f 7544 7543 7541
f 7544 7541 7542
f 7436 7438 7544
f 7436 7544 7542
f 7546 7545 7543
f 7546 7543 7544
f 7438 7440 7546
f 7438 7546 7544
f 7548 7547 7545
f 7548 7545 7546
f 7440 7442 7548
f 7440 7548 7546
f 7552 7550 7547
f 7552 7547 7548
f 7442 7444 7552
f 7442 7552 7548
f 7554 7553 7549
f 7554 7549 7551
f 7444 7447 7555
f 7444 7555 7552
f 7557 7556 7553
f 7557 7553 7554
f 7446 7558 7557
f 7446 7557 7554
f 7560 7559 7557
f 7560 7557 7558
f 7452 7561 7560
f 7452 7560 7558
f 7446 7448 7452
f 7446 7452 7558
f 7563 7562 7560
f 7563 7560 7561
f 7455 7460 7563
f 7455 7563 7561
f 7452 7453 7455
f 7452 7455 7561
f 7566 7565 2634
f 7566 2634 2635
f 2539 7461 7566
f 2539 7566 2635
f 7568 7567 7565
f 7568 7565 7566
f 7461 7463 7568
f 7461 7568 7566
f 7570 7569 7567
f 7570 7567 7568
f 7463 7465 7570
f 7463 7570 7568
f 7572 7571 7569
f 7572 7569 7570
f 7465 7467 7572
f 7465 7572 7570
f 7574 7573 7571
f 7574 7571 7572
f 7467 7575 7574
f 7467 7574 7572
f 7579 7577 7574
f 7579 7574 7575
f 7471 7581 7579
f 7471 7579 7575
f 7467 7468 7471
f 7467 7471 7575
f 7583 7582 7578
f 7583 7578 7580
f 7476 7584 7583
f 7476 7583 7580
f 7470 7472 7476
f 7470 7476 7580
f 7586 7585 7583
f 7586 7583 7584
f 7588 7587 7586
f 7588 7586 7584
f 7476 7477 7588
f 7476 7588 7584
f 7485 7589 7587
f 7485 7587 7588
f 7477 7478 7485
f 7477 7485 7588
f 7591 7590 7587
f 7591 7587 7589
f 7489 7593 7591
f 7489 7591 7589
f 7485 7486 7489
f 7485 7489 7589
f 7597 7596 7592
f 7597 7592 7594
f 7493 7598 7597
f 7493 7597 7594
f 7490 7491 7493
f 7490 7493 7594
f 7600 7599 7597
f 7600 7597 7598
f 7602 7601 7600
f 7602 7600 7598
f 7493 7494 7602
f 7493 7602 7598
f 7605 7604 7601
f 7605 7601 7602
f 7494 7495 7605
f 7494 7605 7602
f 7505 7607 7604
f 7505 7604 7605
f 7495 7498 7505
f 7495 7505 7605
f 7611 7609 7603
f 7611 7603 7606
f 7510 7612 7611
f 7510 7611 7606
f 7506 7508 7511
f 7506 7511 7608
f 7615 7614 7611
f 7615 7611 7612
f 7618 7617 7616
f 7618 7616 7613
f 7511 7512 7618
f 7511 7618 7613
f 7516 7619 7617
f 7516 7617 7618
f 7512 7513 7516
f 7512 7516 7618
f 7621 7620 7617
f 7621 7617 7619
f 7623 7622 7621
f 7623 7621 7619
f 7516 7517 7623
f 7516 7623 7619
f 7625 7624 7622
f 7625 7622 7623
f 7517 7518 7625
f 7517 7625 7623
f 7629 7627 7624
f 7629 7624 7625
f 7518 7520 7629
f 7518 7629 7625
f 7631 7630 7626
f 7631 7626 7628
f 7520 7523 7632
f 7520 7632 7629
f 7634 7633 7630
f 7634 7630 7631
f 7522 7634 7631
f 7636 7635 7633
f 7636 7633 7634
f 7525 7528 7636
f 7525 7636 7634
f 7639 7638 7635
f 7639 7635 7636
f 7529 7641 7640
f 7529 7640 7637
f 7644 7643 7640
f 7644 7640 7641
f 7532 7645 7644
f 7532 7644 7641
f 7529 7530 7532
f 7529 7532 7641
f 7647 7646 7644
f 7647 7644 7645
f 7535 7537 7647
f 7535 7647 7645
f 7532 7533 7535
f 7532 7535 7645
f 7650 7649 7646
f 7650 7646 7647
f 7537 7539 7650
f 7537 7650 7647
f 7653 7652 7649
f 7653 7649 7650
f 7539 7541 7653
f 7539 7653 7650
f 7655 7654 7652
f 7655 7652 7653
f 7541 7543 7655
f 7541 7655 7653
f 7657 7656 7654
f 7657 7654 7655
f 7543 7545 7657
f 7543 7657 7655
f 7545 7547 7658
f 7545 7658 7657
f 7547 7550 7661
f 7547 7661 7658
f 7663 7662 7659
f 7663 7659 7660
f 7549 7553 7663
f 7549 7663 7660
f 7665 7664 7662
f 7665 7662 7663
f 7553 7556 7665
f 7553 7665 7663
f 7667 7666 7664
f 7667 7664 7665
f 7556 7668 7667
f 7556 7667 7665
f 7670 7669 7667
f 7670 7667 7668
f 7559 7564 7670
f 7559 7670 7668
f 7556 7557 7559
f 7556 7559 7668
f 7673 7672 2731
f 7673 2731 2732
f 2634 7565 7674
f 2634 7674 2733
f 7676 7675 7672
f 7676 7672 7673
f 7565 7567 7677
f 7565 7677 7674
f 5170 5172 7675
f 5170 7675 7676
f 7567 7569 5171
f 7567 5171 7677
f 7679 7678 7672
f 7679 7672 7675
f 5172 5177 7679
f 5172 7679 7675
f 7681 7680 7678
f 7681 7678 7679
f 5177 7682 7681
f 5177 7681 7679
f 7684 7683 7681
f 7684 7681 7682
f 7688 7686 7684
f 7688 7684 7682
f 5177 5174 7688
f 5177 7688 7682
f 7691 7690 7685
f 7691 7685 7687
f 5175 5176 7692
f 5175 7692 7689
f 7694 7693 7690
f 7694 7690 7691
f 5176 7573 7695
f 5176 7695 7692
f 7576 7696 7693
f 7576 7693 7694
f 7573 7574 7577
f 7573 7577 7695
f 7698 7697 7693
f 7698 7693 7696
f 7582 7699 7698
f 7582 7698 7696
f 7576 7578 7582
f 7576 7582 7696
f 7701 7700 7698
f 7701 7698 7699
f 7585 7702 7701
f 7585 7701 7699
f 7582 7583 7585
f 7582 7585 7699
f 7704 7703 7701
f 7704 7701 7702
f 7706 7705 7704
f 7706 7704 7702
f 7585 7586 7706
f 7585 7706 7702
f 7590 7707 7705
f 7590 7705 7706
f 7586 7587 7590
f 7586 7590 7706
f 7709 7708 7705
f 7709 7705 7707
f 7595 7711 7709
f 7595 7709 7707
f 7590 7591 7595
f 7590 7595 7707
f 7715 7714 7710
f 7715 7710 7712
f 7599 7716 7715
f 7599 7715 7712
f 7596 7597 7599
f 7596 7599 7712
f 7718 7717 7715
f 7718 7715 7716
f 7720 7719 7718
f 7720 7718 7716
f 7599 7600 7720
f 7599 7720 7716
f 7722 7721 7719
f 7722 7719 7720
f 7600 7601 7722
f 7600 7722 7720
f 7610 7724 7721
f 7610 7721 7722
f 7601 7604 7610
f 7601 7610 7722
f 7728 7726 7721
f 7728 7721 7724
f 7614 7729 7727
f 7614 7727 7723
f 7609 7611 7614
f 7609 7614 7723
f 7731 7730 7727
f 7731 7727 7729
f 7734 7732 7731
f 7734 7731 7729
f 7614 7615 7734
f 7614 7734 7729
f 7620 7736 7733
f 7620 7733 7735
f 7616 7617 7620
f 7616 7620 7735
f 5097 5099 7733
f 5097 7733 7736
f 7739 7738 5097
f 7739 5097 7736
f 7620 7621 7739
f 7620 7739 7736
f 7742 7741 7738
f 7742 7738 7739
f 7621 7622 7742
f 7621 7742 7739
f 7745 7744 7741
f 7745 7741 7742
f 7622 7624 7745
f 7622 7745 7742
f 7749 7747 7744
f 7749 7744 7745
f 7624 7627 7749
f 7624 7749 7745
f 7753 7751 7747
f 7753 7747 7749
f 7626 7630 7752
f 7626 7752 7748
f 7755 7754 7750
f 7755 7750 7752
f 7630 7633 7755
f 7630 7755 7752
f 7757 7756 7754
f 7757 7754 7755
f 7633 7635 7757
f 7633 7757 7755
f 7759 7758 7756
f 7759 7756 7757
f 7635 7638 7759
f 7635 7759 7757
f 7761 7760 7758
f 7761 7758 7759
f 7638 7762 7761
f 7638 7761 7759
f 7765 7764 7761
f 7765 7761 7762
f 7643 7768 7766
f 7643 7766 7763
f 7638 7639 7642
f 7638 7642 7762
f 7770 7769 7765
f 7770 7765 7767
f 7646 7649 7771
f 7646 7771 7768
f 7643 7644 7646
f 7643 7646 7768
f 7773 7772 7769
f 7773 7769 7770
f 7648 7651 7773
f 7648 7773 7770
f 7775 7774 7772
f 7775 7772 7773
f 7659 7662 7778
f 7659 7778 7776
f 7780 7779 7777
f 7780 7777 7778
f 7662 7664 7780
f 7662 7780 7778
f 7782 7781 7779
f 7782 7779 7780
f 7664 7666 7782
f 7664 7782 7780
f 7666 7783 7782
f 7680 7785 2835
f 7680 2835 2836
f 2838 7678 7680
f 2838 7680 2836
f 2731 7672 7678
f 2731 7678 2838
f 7786 2834 2835
f 7786 2835 7785
f 7683 7787 7786
f 7683 7786 7785
f 7680 7681 7683
f 7680 7683 7785
f 7789 7788 7786
f 7789 7786 7787
f 7793 7791 7789
f 7793 7789 7787
f 7683 7684 7793
f 7683 7793 7787
f 7795 7794 7790
f 7795 7790 7792
f 7684 7686 7796
f 7684 7796 7793
f 7798 7797 7794
f 7798 7794 7795
f 7685 7690 7798
f 7685 7798 7795
f 7697 7799 7797
f 7697 7797 7798
f 7690 7693 7697
f 7690 7697 7798
f 7801 7800 7797
f 7801 7797 7799
f 7700 7802 7801
f 7700 7801 7799
f 7697 7698 7700
f 7697 7700 7799
f 7804 7803 7801
f 7804 7801 7802
f 7703 7805 7804
f 7703 7804 7802
f 7700 7701 7703
f 7700 7703 7802
f 7807 7806 7804
f 7807 7804 7805
f 7809 7808 7807
f 7809 7807 7805
f 7703 7704 7809
f 7703 7809 7805
f 7708 7810 7808
f 7708 7808 7809
f 7704 7705 7708
f 7704 7708 7809
f 7812 7811 7808
f 7812 7808 7810
f 7713 7814 7812
f 7713 7812 7810
f 7708 7709 7713
f 7708 7713 7810
f 7820 7818 7813
f 7820 7813 7815
f 7717 7822 7821
f 7717 7821 7816
f 7714 7715 7717
f 7714 7717 7816
f 7824 7823 7821
f 7824 7821 7822
f 7826 7825 7824
f 7826 7824 7822
f 7717 7718 7826
f 7717 7826 7822
f 7828 7827 7825
f 7828 7825 7826
f 7718 7719 7828
f 7718 7828 7826
f 7726 7830 7827
f 7726 7827 7828
f 7719 7721 7726
f 7719 7726 7828
f 7832 5129 7827
f 7832 7827 7830
f 7730 7833 7831
f 7730 7831 7829
f 7725 7727 7730
f 7725 7730 7829
f 7835 7834 7831
f 7835 7831 7833
f 5102 5103 7835
f 5102 7835 7833
f 7730 7731 5102
f 7730 5102 7833
f 5103 5106 7836
f 5103 7836 7835
f 7836 7837 7834
f 7836 7834 7835
f 7836 7839 7838
f 7836 7838 7837
f 5122 5123 7834
f 5122 7834 7837
f 7838 7840 5122
f 7838 5122 7837
f 7841 5121 5122
f 7841 5122 7840
f 7839 7848 7847
f 7850 7849 7847
f 7850 7847 7848
f 5106 5104 7850
f 5106 7850 7848
f 7839 7836 5106
f 7839 5106 7848
f 7852 7851 7849
f 7852 7849 7850
f 5104 5105 7852
f 5104 7852 7850
f 7854 7853 7851
f 7854 7851 7852
f 5105 7855 7854
f 5105 7854 7852
f 7857 7856 7854
f 7857 7854 7855
f 7859 7858 7857
f 7859 7857 7855
f 5105 5100 7859
f 5105 7859 7855
f 7861 7860 7858
f 7861 7858 7859
f 5100 5101 7861
f 5100 7861 7859
f 7863 7862 7860
f 7863 7860 7861
f 5101 7864 7863
f 5101 7863 7861
f 7866 7865 7863
f 7866 7863 7864
f 7868 7867 7866
f 7868 7866 7864
f 5101 5095 7868
f 5101 7868 7864
f 7737 7740 7867
f 7737 7867 7868
f 5095 5096 7737
f 5095 7737 7868
f 7870 7869 7866
f 7870 7866 7867
f 7740 7743 7870
f 7740 7870 7867
f 7872 7871 7869
f 7872 7869 7870
f 7743 7746 7872
f 7743 7872 7870
f 7874 7873 7871
f 7874 7871 7872
f 7746 7750 7874
f 7746 7874 7872
f 7876 7875 7873
f 7876 7873 7874
f 7750 7754 7876
f 7750 7876 7874
f 7878 7877 7875
f 7878 7875 7876
f 7754 7756 7878
f 7754 7878 7876
f 7880 7879 7877
f 7880 7877 7878
f 7756 7758 7880
f 7756 7880 7878
f 7882 7881 7879
f 7882 7879 7880
f 7758 7760 7882
f 7758 7882 7880
f 7884 7883 7881
f 7884 7881 7882
f 7760 7885 7884
f 7760 7884 7882
f 7887 7886 7884
f 7887 7884 7885
f 7764 7888 7887
f 7764 7887 7885
f 7760 7761 7764
f 7760 7764 7885
f 7764 7765 7769
f 7764 7769 7888
f 7891 7890 7889
f 7893 7892 7890
f 7893 7890 7891
f 7784 7894 7892
f 7784 7892 7893
f 7896 7895 7892
f 7896 7892 7894
f 2833 2974 7896
f 2833 7896 7894
f 7784 2832 2833
f 7784 2833 7894
f 2977 7897 7896
f 2977 7896 2974
f 7788 7898 2979
f 7788 2979 2980
f 2834 7786 7788
f 2834 7788 2980
f 7899 2978 2979
f 7899 2979 7898
f 7901 7900 7899
f 7901 7899 7898
f 7788 7789 7901
f 7788 7901 7898
f 7905 7903 7900
f 7905 7900 7901
f 7789 7791 7905
f 7789 7905 7901
f 7907 7906 7902
f 7907 7902 7904
f 7790 7794 7907
f 7790 7907 7904
f 7800 7908 7906
f 7800 7906 7907
f 7794 7797 7800
f 7794 7800 7907
f 7910 7909 7906
f 7910 7906 7908
f 7803 7911 7910
f 7803 7910 7908
f 7800 7801 7803
f 7800 7803 7908
f 7913 7912 7910
f 7913 7910 7911
f 7806 7914 7913
f 7806 7913 7911
f 7803 7804 7806
f 7803 7806 7911
f 7916 7915 7913
f 7916 7913 7914
f 7918 7917 7916
f 7918 7916 7914
f 7806 7807 7918
f 7806 7918 7914
f 7811 7919 7917
f 7811 7917 7918
f 7807 7808 7811
f 7807 7811 7918
f 7921 7920 7917
f 7921 7917 7919
f 7817 7922 7921
f 7817 7921 7919
f 7811 7812 7817
f 7811 7817 7919
f 7925 7924 7921
f 7925 7921 7922
f 7823 7928 7926
f 7823 7926 7923
f 7819 7821 7823
f 7819 7823 7923
f 5144 5139 7926
f 5144 7926 7928
f 5134 5131 5143
f 5134 5143 7927
f 7823 7824 5135
f 7823 5135 7928
f 5136 5140 7924
f 5136 7924 7925
f 5140 7930 7929
f 5140 7929 7924
f 7929 7920 7921
f 7929 7921 7924
f 5113 5118 7931
f 5113 7931 7930
f 5140 5109 5113
f 5140 5113 7930
f 7931 7932 7929
f 7931 7929 7930
f 7931 7934 7933
f 7931 7933 7932
f 7936 7920 7929
f 7936 7929 7932
f 7933 7937 7936
f 7933 7936 7932
f 7933 7939 7938
f 7933 7938 7937
f 7915 7916 7936
f 7915 7936 7937
f 7938 7941 7915
f 7938 7915 7937
f 7938 7944 7942
f 7938 7942 7941
f 7912 7913 7915
f 7912 7915 7941
f 7942 7946 7912
f 7942 7912 7941
f 7943 7952 7950
f 7943 7950 7947
f 7909 7910 7912
f 7909 7912 7946
f 7948 7953 7909
f 7948 7909 7946
f 7949 7956 7955
f 7949 7955 7954
f 7902 7906 7909
f 7902 7909 7953
f 7955 7900 7903
f 7955 7903 7954
f 7959 7958 7957
f 7959 7957 7956
f 7949 7951 7959
f 7949 7959 7956
f 7957 7960 7955
f 7957 7955 7956
f 7957 3042 3041
f 7957 3041 7960
f 7899 7900 7955
f 7899 7955 7960
f 3041 2978 7899
f 3041 7899 7960
f 7957 7958 3043
f 7957 3043 3042
f 7962 7961 3044
f 7962 3044 3045
f 3043 7958 7962
f 3043 7962 3045
f 7964 7963 7961
f 7964 7961 7962
f 7958 7959 7964
f 7958 7964 7962
f 7967 7965 7963
f 7967 7963 7964
f 7959 7951 7967
f 7959 7967 7964
f 7945 7970 7966
f 7945 7966 7968
f 7952 7943 7945
f 7952 7945 7968
f 7973 7966 7970
f 7940 7975 7973
f 7940 7973 7970
f 7944 7938 7939
f 7944 7939 7969
f 7977 7973 7975
f 7935 7979 7977
f 7935 7977 7975
f 7939 7933 7934
f 7939 7934 7974
f 7982 7980 7977
f 7982 7977 7979
f 5119 5116 7982
f 5119 7982 7979
f 7934 7931 5118
f 7934 5118 7978
f 7986 7984 7980
f 7986 7980 7982
f 5115 5117 7985
f 5115 7985 7981
f 5125 5126 7983
f 5125 7983 7985
f 5117 5133 5125
f 5117 5125 7985
f 5126 7842 7987
f 5126 7987 7983
f 7988 7989 7980
f 7988 7980 7984
f 7976 7977 7980
f 7976 7980 7989
f 5166 5162 7991
f 5166 7991 7972
f 7990 7963 7965
f 7990 7965 7971
f 5161 5163 7992
f 5161 7992 7990
f 7992 7961 7963
f 7992 7963 7990
f 5163 3076 3075
f 5163 3075 7992
f 3075 3044 7961
f 3075 7961 7992
f 5163 5164 3078
f 5163 3078 3076
f 5165 5168 3081
f 5165 3081 3079
f 5168 7993 3083
f 5168 3083 3081
f 5185 7994 7993
f 5168 5167 5185
f 5168 5185 7993
f 7994 3087 3083
f 7994 3083 7993
f 7994 7995 3089
f 7994 3089 3087
f 7998 7997 3094
f 7998 3094 3093
f 3090 7996 7998
f 3090 7998 3093
f 8000 7999 7997
f 8000 7997 7998
f 7996 8001 8000
f 7996 8000 7998
f 7844 7845 8000
f 7844 8000 8001
f 7995 7994 5186
f 7845 7846 7999
f 7845 7999 8000
f 7846 8003 8002
f 7846 8002 7999
f 8002 8004 7997
f 8002 7997 7999
f 8002 8006 8005
f 8002 8005 8004
f 3107 3094 7997
f 3107 7997 8004
f 8005 3108 3107
f 8005 3107 8004
f 8005 8007 3109
f 8005 3109 3108
f 8008 5179 3112
f 8008 3112 3111
f 3109 8007 8008
f 3109 8008 3111
f 8009 5178 5179
f 8009 5179 8008
f 8007 8010 8009
f 8007 8009 8008
f 8012 8011 8009
f 8012 8009 8010
f 8006 8013 8012
f 8006 8012 8010
f 8007 8005 8006
f 8007 8006 8010
f 8006 8002 8003
f 8006 8003 8013
f 7849 7851 8015
f 8017 8016 8014
f 8017 8014 8015
f 7851 7853 8017
f 7851 8017 8015
f 8019 8018 8016
f 8019 8016 8017
f 7853 8020 8019
f 7853 8019 8017
f 8022 8021 8019
f 8022 8019 8020
f 7856 8023 8022
f 7856 8022 8020
f 7853 7854 7856
f 7853 7856 8020
f 8025 8024 8022
f 8025 8022 8023
f 8027 8026 8025
f 8027 8025 8023
f 7856 7857 8027
f 7856 8027 8023
f 8029 8028 8026
f 8029 8026 8027
f 7857 7858 8029
f 7857 8029 8027
f 8031 8030 8028
f 8031 8028 8029
f 7858 7860 8031
f 7858 8031 8029
f 8033 8032 8030
f 8033 8030 8031
f 7860 7862 8033
f 7860 8033 8031
f 8035 8034 8032
f 8035 8032 8033
f 7862 8036 8035
f 7862 8035 8033
f 8038 8037 8035
f 8038 8035 8036
f 7865 8039 8038
f 7865 8038 8036
f 7862 7863 7865
f 7862 7865 8036
f 8041 8040 8038
f 8041 8038 8039
f 7869 7871 8041
f 7869 8041 8039
f 7865 7866 7869
f 7865 7869 8039
f 8043 8042 8040
f 8043 8040 8041
f 7871 7873 8043
f 7871 8043 8041
f 8045 8044 8042
f 8045 8042 8043
f 7873 7875 8045
f 7873 8045 8043
f 8047 8046 8044
f 8047 8044 8045
f 7875 7877 8047
f 7875 8047 8045
f 8049 8048 8046
f 8049 8046 8047
f 7877 7879 8049
f 7877 8049 8047
f 8051 8050 8048
f 8051 8048 8049
f 7879 7881 8051
f 7879 8051 8049
f 8053 8052 8050
f 8053 8050 8051
f 7881 7883 8053
f 7881 8053 8051
f 8055 8054 8052
f 8055 8052 8053
f 7883 8056 8055
f 7883 8055 8053
f 7883 7884 7886
f 7883 7886 8056
f 8060 8059 8057
f 8060 8057 8058
f 7889 7890 8060
f 7889 8060 8058
f 7895 8061 8059
f 7895 8059 8060
f 7890 7892 7895
f 7890 7895 8060
f 8063 8062 8059
f 8063 8059 8061
f 7897 8064 8063
f 7897 8063 8061
f 7895 7896 7897
f 7895 7897 8061
f 8066 8065 8063
f 8066 8063 8064
f 3192 3190 8066
f 3192 8066 8064
f 7897 2977 3192
f 7897 3192 8064
f 8070 8069 8067
f 5181 8071 8070
f 5181 8070 8068
f 8073 8072 8070
f 8073 8070 8071
f 8075 8074 8073
f 8075 8073 8071
f 5181 5024 8075
f 5181 8075 8071
f 8077 8076 8074
f 8077 8074 8075
f 5024 5182 8077
f 5024 8077 8075
f 8079 8078 8076
f 8079 8076 8077
f 5182 8018 8079
f 5182 8079 8077
f 8021 8080 8078
f 8021 8078 8079
f 8018 8019 8021
f 8018 8021 8079
f 8082 8081 8078
f 8082 8078 8080
f 8024 8083 8082
f 8024 8082 8080
f 8021 8022 8024
f 8021 8024 8080
f 8085 8084 8082
f 8085 8082 8083
f 8087 8086 8085
f 8087 8085 8083
f 8024 8025 8087
f 8024 8087 8083
f 8089 8088 8086
f 8089 8086 8087
f 8025 8026 8089
f 8025 8089 8087
f 8091 8090 8088
f 8091 8088 8089
f 8026 8028 8091
f 8026 8091 8089
f 8093 8092 8090
f 8093 8090 8091
f 8028 8030 8093
f 8028 8093 8091
f 8095 8094 8092
f 8095 8092 8093
f 8030 8032 8095
f 8030 8095 8093
f 8097 8096 8094
f 8097 8094 8095
f 8032 8034 8097
f 8032 8097 8095
f 8099 8098 8096
f 8099 8096 8097
f 8034 8100 8099
f 8034 8099 8097
f 8102 8101 8099
f 8102 8099 8100
f 8037 8103 8102
f 8037 8102 8100
f 8034 8035 8037
f 8034 8037 8100
f 8105 8104 8102
f 8105 8102 8103
f 8040 8042 8105
f 8040 8105 8103
f 8037 8038 8040
f 8037 8040 8103
f 8107 8106 8104
f 8107 8104 8105
f 8042 8044 8107
f 8042 8107 8105
f 8109 8108 8106
f 8109 8106 8107
f 8044 8046 8109
f 8044 8109 8107
f 8111 8110 8108
f 8111 8108 8109
f 8046 8048 8111
f 8046 8111 8109
f 8113 8112 8110
f 8113 8110 8111
f 8048 8050 8113
f 8048 8113 8111
f 8115 8114 8112
f 8115 8112 8113
f 8050 8052 8115
f 8050 8115 8113
f 8117 8116 8114
f 8117 8114 8115
f 8052 8054 8117
f 8052 8117 8115
f 8119 8118 5037
f 8062 8120 8118
f 8062 8118 8119
f 8057 8059 8062
f 8057 8062 8119
f 8065 8122 8121
f 8065 8121 8120
f 8062 8063 8065
f 8062 8065 8120
f 8121 8123 8118
f 8121 8118 8120
f 8121 8125 8124
f 8121 8124 8123
f 5036 5037 8118
f 5036 8118 8123
f 8124 5038 5036
f 8124 5036 8123
f 8129 8127 8126
f 8129 8126 8125
f 8121 8122 8129
f 8121 8129 8125
f 8126 8130 8124
f 8126 8124 8125
f 8126 8132 8131
f 8126 8131 8130
f 8134 5038 8124
f 8134 8124 8130
f 8131 8135 8134
f 8131 8134 8130
f 8131 8137 8136
f 8131 8136 8135
f 8140 8139 8134
f 8140 8134 8135
f 8136 8141 8140
f 8136 8140 8135
f 8136 8144 8142
f 8136 8142 8141
f 8147 8146 8140
f 8147 8140 8141
f 8142 8148 8147
f 8142 8147 8141
f 8142 8150 8149
f 8142 8149 8148
f 8153 8152 8147
f 8153 8147 8148
f 8149 8153 8148
f 8156 8161 8160
f 8163 8162 8158
f 8163 8158 8159
f 8160 8166 8165
f 8169 8167 8163
f 8169 8163 8164
f 8165 5051 8169
f 8172 8167 8169
f 5050 5052 8171
f 5050 8171 8168
f 5054 8178 8176
f 5054 8176 8174
f 8176 8173 8174
f 8184 8183 8173
f 8184 8173 8179
f 8180 8185 8184
f 8180 8184 8179
f 8180 8186 8185
f 8188 5040 8184
f 8188 8184 8185
f 8186 8189 8188
f 8186 8188 8185
f 8186 8191 8190
f 8186 8190 8189
f 8193 8192 8188
f 8193 8188 8189
f 8190 8194 8193
f 8190 8193 8189
f 8190 8196 8195
f 8190 8195 8194
f 8198 8197 8193
f 8198 8193 8194
f 8195 8199 8198
f 8195 8198 8194
f 8195 8201 8200
f 8195 8200 8199
f 8203 8202 8198
f 8203 8198 8199
f 8200 8204 8203
f 8200 8203 8199
f 8200 8206 8205
f 8200 8205 8204
f 8210 8208 8203
f 8210 8203 8204
f 8205 8212 8210
f 8205 8210 8204
f 8205 8215 8214
f 8205 8214 8212
f 8217 8216 8209
f 8217 8209 8211
f 8213 8218 8217
f 8213 8217 8211
f 8214 8222 8221
f 8214 8221 8219
f 8224 8223 8217
f 8224 8217 8218
f 8220 8224 8218
f 8228 8227 8224
f 8225 8229 8228
f 8225 8231 8230
f 8225 8230 8229
f 8114 8116 8228
f 8114 8228 8229
f 8230 8112 8114
f 8230 8114 8229
f 8234 8233 8232
f 8234 8232 8231
f 8225 8234 8231
f 8232 8236 8230
f 8232 8230 8231
f 8232 8238 8237
f 8232 8237 8236
f 8110 8112 8230
f 8110 8230 8236
f 8237 8108 8110
f 8237 8110 8236
f 8241 8240 8239
f 8241 8239 8238
f 8232 8233 8241
f 8232 8241 8238
f 8239 8242 8237
f 8239 8237 8238
f 8239 8244 8243
f 8239 8243 8242
f 8106 8108 8237
f 8106 8237 8242
f 8243 8104 8106
f 8243 8106 8242
f 8247 8246 8245
f 8247 8245 8244
f 8239 8240 8247
f 8239 8247 8244
f 8245 8101 8243
f 8245 8243 8244
f 8250 8248 8246
f 8250 8246 8247
f 8240 8252 8250
f 8240 8250 8247
f 8255 8254 8251
f 8255 8251 8253
f 8258 8257 8256
f 8260 8259 8257
f 8260 8257 8258
f 8235 8226 8260
f 8235 8260 8258
f 8222 8261 8259
f 8222 8259 8260
f 8226 8221 8222
f 8226 8222 8260
f 8263 8262 8259
f 8263 8259 8261
f 8215 8264 8263
f 8215 8263 8261
f 8222 8214 8215
f 8222 8215 8261
f 8266 8265 8263
f 8266 8263 8264
f 8206 8267 8266
f 8206 8266 8264
f 8215 8205 8206
f 8215 8206 8264
f 8269 8268 8266
f 8269 8266 8267
f 8201 8270 8269
f 8201 8269 8267
f 8206 8200 8201
f 8206 8201 8267
f 8272 8271 8269
f 8272 8269 8270
f 8196 8273 8272
f 8196 8272 8270
f 8201 8195 8196
f 8201 8196 8270
f 8277 8275 8272
f 8277 8272 8273
f 8191 8279 8277
f 8191 8277 8273
f 8196 8190 8191
f 8196 8191 8273
f 8281 8280 8276
f 8281 8276 8278
f 8187 8284 8282
f 8187 8282 8279
f 8191 8186 8187
f 8191 8187 8279
f 8286 8285 8281
f 8286 8281 8283
f 8181 8287 8286
f 8181 8286 8283
f 8187 8180 8182
f 8187 8182 8284
f 8289 8288 8286
f 8289 8286 8287
f 8177 8290 8289
f 8177 8289 8287
f 8181 8175 8177
f 8181 8177 8287
f 8293 8291 8289
f 8293 8289 8290
f 5045 5046 8293
f 5045 8293 8290
f 8177 5053 5045
f 8177 5045 8290
f 8296 8295 8292
f 8296 8292 8294
f 5047 8297 8296
f 5047 8296 8294
f 8299 8298 8296
f 8299 8296 8297
f 8301 8300 8299
f 8301 8299 8297
f 5047 5049 8301
f 5047 8301 8297
f 8165 8166 8300
f 8165 8300 8301
f 5049 5051 8165
f 5049 8165 8301
f 8303 8302 8299
f 8303 8299 8300
f 8166 8304 8303
f 8166 8303 8300
f 8306 8305 8303
f 8306 8303 8304
f 8161 8307 8306
f 8161 8306 8304
f 8166 8160 8161
f 8166 8161 8304
f 8309 8308 8306
f 8309 8306 8307
f 8157 8311 8309
f 8157 8309 8307
f 8161 8156 8157
f 8161 8157 8307
f 8315 8314 8310
f 8315 8310 8312
f 8155 8317 8315
f 8155 8315 8312
f 8319 8318 8315
f 8319 8315 8317
f 8151 8320 8319
f 8151 8319 8317
f 8154 8149 8150
f 8154 8150 8316
f 8322 8321 8319
f 8322 8319 8320
f 8145 8324 8322
f 8145 8322 8320
f 8151 8143 8145
f 8151 8145 8320
f 8326 8325 8322
f 8326 8322 8324
f 8138 8328 8326
f 8138 8326 8324
f 8144 8136 8137
f 8144 8137 8323
f 8330 8329 8326
f 8330 8326 8328
f 8133 8332 8330
f 8133 8330 8328
f 8137 8131 8132
f 8137 8132 8327
f 8334 8333 8330
f 8334 8330 8332
f 8128 8336 8334
f 8128 8334 8332
f 8132 8126 8127
f 8132 8127 8331
f 3473 3470 8334
f 3473 8334 8336
f 8337 3475 3472
f 8337 3472 8335
f 8127 8129 8337
f 8127 8337 8335
f 8338 3478 3475
f 8338 3475 8337
f 8129 8122 8338
f 8129 8338 8337
f 8066 3190 3478
f 8066 3478 8338
f 8122 8065 8066
f 8122 8066 8338
f 8067 8069 8340
f 8342 8341 8339
f 8342 8339 8340
f 8069 8343 8342
f 8069 8342 8340
f 8345 8344 8342
f 8345 8342 8343
f 8072 8346 8345
f 8072 8345 8343
f 8069 8070 8072
f 8069 8072 8343
f 8348 8347 8345
f 8348 8345 8346
f 8350 8349 8348
f 8350 8348 8346
f 8072 8073 8350
f 8072 8350 8346
f 8352 8351 8349
f 8352 8349 8350
f 8073 8074 8352
f 8073 8352 8350
f 8353 5154 8351
f 8353 8351 8352
f 8074 8076 8353
f 8074 8353 8352
f 8081 5153 5154
f 8081 5154 8353
f 8076 8078 8081
f 8076 8081 8353
f 8355 8354 8349
f 8355 8349 8351
f 5154 5018 8355
f 5154 8355 8351
f 8358 8356 8354
f 8358 8354 8355
f 5018 5145 8358
f 5018 8358 8355
f 8361 8360 8357
f 8361 8357 8359
f 5146 8362 8361
f 5146 8361 8359
f 8364 8363 8361
f 8364 8361 8362
f 8366 8365 8364
f 8366 8364 8362
f 5146 5148 8366
f 5146 8366 8362
f 8368 8367 8365
f 8368 8365 8366
f 5148 8369 8368
f 5148 8368 8366
f 8371 8370 8368
f 8371 8368 8369
f 8375 8373 8371
f 8375 8371 8369
f 5148 5150 8375
f 5148 8375 8369
f 8378 8376 8372
f 8378 8372 8374
f 5149 5151 8378
f 5149 8378 8374
f 8381 8379 8376
f 8381 8376 8378
f 5151 8382 8381
f 5151 8381 8378
f 8385 8383 8381
f 8385 8381 8382
f 8387 8386 8385
f 8387 8385 8382
f 5151 5152 8387
f 5151 8387 8382
f 8084 8085 8386
f 8084 8386 8387
f 5152 5153 8084
f 5152 8084 8387
f 8389 8388 8385
f 8389 8385 8386
f 8085 8086 8389
f 8085 8389 8386
f 8391 8390 8388
f 8391 8388 8389
f 8086 8088 8391
f 8086 8391 8389
f 8393 8392 8390
f 8393 8390 8391
f 8088 8090 8393
f 8088 8393 8391
f 8396 8394 8392
f 8396 8392 8393
f 8090 8092 8396
f 8090 8396 8393
f 8399 8397 8394
f 8399 8394 8396
f 8092 8094 8399
f 8092 8399 8396
f 8402 8400 8397
f 8402 8397 8399
f 8094 8096 8402
f 8094 8402 8399
f 8405 8403 8400
f 8405 8400 8402
f 8096 8098 8405
f 8096 8405 8402
f 8246 8248 8403
f 8246 8403 8405
f 8098 8245 8246
f 8098 8246 8405
f 8407 8406 8401
f 8407 8401 8404
f 8249 8408 8407
f 8249 8407 8404
f 8410 8409 8407
f 8410 8407 8408
f 8254 8411 8410
f 8254 8410 8408
f 8249 8251 8254
f 8249 8254 8408
f 8413 8412 8410
f 8413 8410 8411
f 8415 8414 8413
f 8415 8413 8411
f 8254 8255 8415
f 8254 8415 8411
f 8419 8418 8416
f 8419 8416 8417
f 8256 8257 8419
f 8256 8419 8417
f 8262 8420 8418
f 8262 8418 8419
f 8257 8259 8262
f 8257 8262 8419
f 8422 8421 8418
f 8422 8418 8420
f 8265 8423 8422
f 8265 8422 8420
f 8262 8263 8265
f 8262 8265 8420
f 8425 8424 8422
f 8425 8422 8423
f 8268 8426 8425
f 8268 8425 8423
f 8265 8266 8268
f 8265 8268 8423
f 8428 8427 8425
f 8428 8425 8426
f 8271 8430 8428
f 8271 8428 8426
f 8268 8269 8271
f 8268 8271 8426
f 8434 8432 8428
f 8434 8428 8430
f 8274 8435 8433
f 8274 8433 8429
f 8271 8272 8275
f 8271 8275 8430
f 8437 8436 8433
f 8437 8433 8435
f 8280 8438 8437
f 8280 8437 8435
f 8274 8276 8280
f 8274 8280 8435
f 8440 8439 8437
f 8440 8437 8438
f 8285 8441 8440
f 8285 8440 8438
f 8280 8281 8285
f 8280 8285 8438
f 8444 8442 8440
f 8444 8440 8441
f 8288 8446 8444
f 8288 8444 8441
f 8285 8286 8288
f 8285 8288 8441
f 8449 8448 8445
f 8449 8445 8447
f 8292 8295 8449
f 8292 8449 8447
f 8288 8289 8291
f 8288 8291 8446
f 8451 8448 8449
f 8295 8451 8449
f 8454 8453 8451
f 8295 8296 8298
f 8295 8298 8452
f 8457 8456 8454
f 8457 8454 8455
f 8302 8458 8457
f 8302 8457 8455
f 8298 8299 8302
f 8460 8459 8457
f 8460 8457 8458
f 8305 8461 8460
f 8305 8460 8458
f 8302 8303 8305
f 8463 8462 8460
f 8463 8460 8461
f 8308 8464 8463
f 8308 8463 8461
f 8305 8306 8308
f 8468 8466 8463
f 8468 8463 8464
f 8314 8470 8469
f 8314 8469 8465
f 8308 8309 8313
f 8472 8471 8469
f 8472 8469 8470
f 8318 8473 8472
f 8318 8472 8470
f 8314 8315 8318
f 8314 8318 8470
f 8475 8474 8472
f 8475 8472 8473
f 8321 8476 8475
f 8321 8475 8473
f 8318 8319 8321
f 8318 8321 8473
f 8478 8477 8475
f 8478 8475 8476
f 8325 8479 8478
f 8325 8478 8476
f 8321 8322 8325
f 8321 8325 8476
f 8481 8480 8478
f 8481 8478 8479
f 8329 8482 8481
f 8329 8481 8479
f 8325 8326 8329
f 8325 8329 8479
f 3627 3626 8481
f 3627 8481 8482
f 8333 3628 3627
f 8333 3627 8482
f 8329 8330 8333
f 8329 8333 8482
f 8333 8334 3470
f 8333 3470 3628
f 8486 8485 8483
f 8486 8483 8484
f 8339 8341 8486
f 8339 8486 8484
f 8488 8487 8485
f 8488 8485 8486
f 8341 8489 8488
f 8341 8488 8486
f 8491 8490 8488
f 8491 8488 8489
f 8344 8492 8491
f 8344 8491 8489
f 8341 8342 8344
f 8341 8344 8489
f 8494 8493 8491
f 8494 8491 8492
f 8347 8495 8494
f 8347 8494 8492
f 8344 8345 8347
f 8344 8347 8492
f 8497 8496 8494
f 8497 8494 8495
f 8501 8499 8497
f 8501 8497 8495
f 8347 8348 8501
f 8347 8501 8495
f 8354 8356 8499
f 8354 8499 8501
f 8348 8349 8354
f 8348 8354 8501
f 8504 8503 8498
f 8504 8498 8500
f 8357 8360 8504
f 8357 8504 8500
f 8506 8505 8503
f 8506 8503 8504
f 8360 8507 8506
f 8360 8506 8504
f 8509 8508 8506
f 8509 8506 8507
f 8363 8510 8509
f 8363 8509 8507
f 8360 8361 8363
f 8360 8363 8507
f 8512 8511 8509
f 8512 8509 8510
f 8514 8513 8512
f 8514 8512 8510
f 8363 8364 8514
f 8363 8514 8510
f 8516 8515 8513
f 8516 8513 8514
f 8364 8365 8516
f 8364 8516 8514
f 8518 8517 8515
f 8518 8515 8516
f 8365 8367 8518
f 8365 8518 8516
f 8520 8519 8517
f 8520 8517 8518
f 8367 8521 8520
f 8367 8520 8518
f 8523 8522 8520
f 8523 8520 8521
f 8370 8524 8523
f 8370 8523 8521
f 8367 8368 8370
f 8367 8370 8521
f 8526 8525 8523
f 8526 8523 8524
f 8530 8528 8526
f 8530 8526 8524
f 8370 8371 8530
f 8370 8530 8524
f 8532 8531 8527
f 8532 8527 8529
f 8371 8373 8533
f 8371 8533 8530
f 8536 8534 8531
f 8536 8531 8532
f 8373 8377 8539
f 8373 8539 8533
f 8542 8540 8535
f 8542 8535 8538
f 8376 8379 8541
f 8376 8541 8537
f 8543 5076 8540
f 8543 8540 8542
f 8380 8545 8543
f 8380 8543 8542
f 8547 8546 8543
f 8547 8543 8545
f 8384 8549 8547
f 8384 8547 8545
f 8379 8381 8383
f 8379 8383 8544
f 8552 8550 8547
f 8552 8547 8549
f 8388 8390 8551
f 8388 8551 8548
f 8383 8385 8388
f 8383 8388 8548
f 8555 8553 8550
f 8555 8550 8552
f 8390 8392 8554
f 8390 8554 8551
f 8558 8556 8553
f 8558 8553 8555
f 8392 8394 8557
f 8392 8557 8554
f 8560 8559 8556
f 8560 8556 8558
f 8395 8398 8560
f 8395 8560 8558
f 8406 8561 8559
f 8406 8559 8560
f 8398 8401 8406
f 8398 8406 8560
f 8563 8562 8559
f 8563 8559 8561
f 8409 8564 8563
f 8409 8563 8561
f 8406 8407 8409
f 8406 8409 8561
f 8566 8565 8563
f 8566 8563 8564
f 8412 8567 8566
f 8412 8566 8564
f 8409 8410 8412
f 8409 8412 8564
f 8569 8568 8566
f 8569 8566 8567
f 8571 8570 8569
f 8571 8569 8567
f 8412 8413 8571
f 8412 8571 8567
f 8573 8572 8570
f 8573 8570 8571
f 8413 8414 8573
f 8413 8573 8571
f 8575 8574 8572
f 8575 8572 8573
f 8414 8575 8573
f 8577 8576 8574
f 8577 8574 8575
f 8421 8578 8576
f 8421 8576 8577
f 8416 8418 8421
f 8416 8421 8577
f 8580 8579 8576
f 8580 8576 8578
f 8424 8581 8580
f 8424 8580 8578
f 8421 8422 8424
f 8421 8424 8578
f 8585 8583 8580
f 8585 8580 8581
f 8427 8587 8585
f 8427 8585 8581
f 8424 8425 8427
f 8424 8427 8581
f 8589 8588 8584
f 8589 8584 8586
f 8431 8590 8589
f 8431 8589 8586
f 8427 8428 8432
f 8427 8432 8587
f 8592 8591 8589
f 8592 8589 8590
f 8436 8593 8592
f 8436 8592 8590
f 8431 8433 8436
f 8431 8436 8590
f 8596 8594 8592
f 8596 8592 8593
f 8439 8598 8596
f 8439 8596 8593
f 8436 8437 8439
f 8436 8439 8593
f 8601 8600 8597
f 8601 8597 8599
f 8443 8602 8601
f 8443 8601 8599
f 8439 8440 8442
f 8439 8442 8598
f 8604 8601 8602
f 8448 8604 8602
f 8443 8445 8448
f 8443 8448 8602
f 8606 8605 8603
f 8606 8603 8604
f 8450 8607 8606
f 8450 8606 8604
f 8609 8608 8606
f 8609 8606 8607
f 8453 8610 8609
f 8453 8609 8607
f 8450 8451 8453
f 8450 8453 8607
f 8612 8611 8609
f 8612 8609 8610
f 8456 8613 8612
f 8456 8612 8610
f 8453 8454 8456
f 8453 8456 8610
f 8615 8614 8612
f 8615 8612 8613
f 8459 8616 8615
f 8459 8615 8613
f 8456 8457 8459
f 8456 8459 8613
f 8618 8617 8615
f 8618 8615 8616
f 8462 8619 8618
f 8462 8618 8616
f 8459 8460 8462
f 8459 8462 8616
f 8623 8621 8618
f 8623 8618 8619
f 8467 8625 8624
f 8467 8624 8620
f 8462 8463 8466
f 8462 8466 8619
f 8627 8626 8624
f 8627 8624 8625
f 8471 8628 8627
f 8471 8627 8625
f 8467 8469 8471
f 8467 8471 8625
f 8630 8629 8627
f 8630 8627 8628
f 8474 8631 8630
f 8474 8630 8628
f 8471 8472 8474
f 8471 8474 8628
f 8633 8632 8630
f 8633 8630 8631
f 8477 8634 8633
f 8477 8633 8631
f 8474 8475 8477
f 8474 8477 8631
f 3785 3784 8633
f 3785 8633 8634
f 8480 3786 3785
f 8480 3785 8634
f 8477 8478 8480
f 8477 8480 8634
f 8480 8481 3626
f 8480 3626 3786
f 8483 8485 8636
f 8638 8637 8635
f 8638 8635 8636
f 8485 8487 8638
f 8485 8638 8636
f 8640 8639 8637
f 8640 8637 8638
f 8487 8641 8640
f 8487 8640 8638
f 8643 8642 8640
f 8643 8640 8641
f 8490 8644 8643
f 8490 8643 8641
f 8487 8488 8490
f 8487 8490 8641
f 8646 8645 8643
f 8646 8643 8644
f 8493 8647 8646
f 8493 8646 8644
f 8490 8491 8493
f 8490 8493 8644
f 8650 8648 8646
f 8650 8646 8647
f 8496 8652 8650
f 8496 8650 8647
f 8493 8494 8496
f 8493 8496 8647
f 8655 8654 8651
f 8655 8651 8653
f 8503 8505 8655
f 8503 8655 8653
f 8496 8497 8502
f 8496 8502 8652
f 8657 8656 8654
f 8657 8654 8655
f 8505 8658 8657
f 8505 8657 8655
f 8660 8659 8657
f 8660 8657 8658
f 8508 8661 8660
f 8508 8660 8658
f 8505 8506 8508
f 8505 8508 8658
f 8663 8662 8660
f 8663 8660 8661
f 8511 8664 8663
f 8511 8663 8661
f 8508 8509 8511
f 8508 8511 8661
f 8666 8665 8663
f 8666 8663 8664
f 8668 8667 8666
f 8668 8666 8664
f 8511 8512 8668
f 8511 8668 8664
f 8670 8669 8667
f 8670 8667 8668
f 8512 8513 8670
f 8512 8670 8668
f 8672 8671 8669
f 8672 8669 8670
f 8513 8515 8672
f 8513 8672 8670
f 8674 8673 8671
f 8674 8671 8672
f 8515 8517 8674
f 8515 8674 8672
f 8676 8675 8673
f 8676 8673 8674
f 8517 8519 8676
f 8517 8676 8674
f 8678 8677 8675
f 8678 8675 8676
f 8519 8679 8678
f 8519 8678 8676
f 8681 8680 8678
f 8681 8678 8679
f 8522 8682 8681
f 8522 8681 8679
f 8519 8520 8522
f 8519 8522 8679
f 8684 8683 8681
f 8684 8681 8682
f 8525 8685 8684
f 8525 8684 8682
f 8522 8523 8525
f 8522 8525 8682
f 8687 8686 8684
f 8687 8684 8685
f 8689 8688 8687
f 8689 8687 8685
f 8525 8526 8689
f 8525 8689 8685
f 8693 8691 8688
f 8693 8688 8689
f 8526 8528 8693
f 8526 8693 8689
f 8695 8694 8690
f 8695 8690 8692
f 8527 8531 8695
f 8527 8695 8692
f 8698 8696 8694
f 8698 8694 8695
f 8531 8534 8698
f 8531 8698 8695
f 8701 8700 8697
f 8701 8697 8699
f 8535 8540 8701
f 8535 8701 8699
f 5077 8702 8700
f 5077 8700 8701
f 8540 5076 5077
f 8540 5077 8701
f 8704 8703 8700
f 8704 8700 8702
f 8706 8705 8704
f 8706 8704 8702
f 5077 5074 8706
f 5077 8706 8702
f 8708 8707 8705
f 8708 8705 8706
f 5074 5075 8708
f 5074 8708 8706
f 8710 8709 8707
f 8710 8707 8708
f 5075 8546 8710
f 5075 8710 8708
f 8550 8553 8709
f 8550 8709 8710
f 8546 8547 8550
f 8546 8550 8710
f 8712 8711 8707
f 8712 8707 8709
f 8553 8556 8712
f 8553 8712 8709
f 8562 8713 8711
f 8562 8711 8712
f 8556 8559 8562
f 8556 8562 8712
f 8715 8714 8711
f 8715 8711 8713
f 8565 8716 8715
f 8565 8715 8713
f 8562 8563 8565
f 8562 8565 8713
f 8718 8717 8715
f 8718 8715 8716
f 8568 8719 8718
f 8568 8718 8716
f 8565 8566 8568
f 8565 8568 8716
f 8722 8720 8718
f 8722 8718 8719
f 8725 8724 8722
f 8725 8722 8719
f 8568 8569 8725
f 8568 8725 8719
f 8728 8727 8724
f 8728 8724 8725
f 8569 8570 8728
f 8569 8728 8725
f 8731 8730 8727
f 8731 8727 8728
f 8570 8572 8731
f 8570 8731 8728
f 8734 8733 8730
f 8734 8730 8731
f 8572 8574 8734
f 8572 8734 8731
f 8579 8736 8733
f 8579 8733 8734
f 8574 8576 8579
f 8574 8579 8734
f 8738 8737 8732
f 8738 8732 8735
f 8582 8739 8738
f 8582 8738 8735
f 8579 8580 8583
f 8579 8583 8736
f 8741 8740 8738
f 8741 8738 8739
f 8588 8742 8741
f 8588 8741 8739
f 8582 8584 8588
f 8582 8588 8739
f 8744 8743 8741
f 8744 8741 8742
f 8591 8746 8744
f 8591 8744 8742
f 8588 8589 8591
f 8588 8591 8742
f 8749 8748 8745
f 8749 8745 8747
f 8595 8750 8749
f 8595 8749 8747
f 8591 8592 8594
f 8591 8594 8746
f 8600 8752 8750
f 8595 8597 8600
f 8595 8600 8750
f 8754 8753 8752
f 8603 8605 8754
f 8600 8601 8603
f 8756 8755 8753
f 8756 8753 8754
f 8605 8757 8756
f 8605 8756 8754
f 8759 8758 8756
f 8759 8756 8757
f 8608 8760 8759
f 8608 8759 8757
f 8605 8606 8608
f 8605 8608 8757
f 8762 8761 8759
f 8762 8759 8760
f 8611 8763 8762
f 8611 8762 8760
f 8608 8609 8611
f 8608 8611 8760
f 8765 8764 8762
f 8765 8762 8763
f 8614 8766 8765
f 8614 8765 8763
f 8611 8612 8614
f 8611 8614 8763
f 8768 8767 8765
f 8768 8765 8766
f 8617 8769 8768
f 8617 8768 8766
f 8614 8615 8617
f 8614 8617 8766
f 8771 8770 8768
f 8771 8768 8769
f 8621 8773 8771
f 8621 8771 8769
f 8617 8618 8621
f 8617 8621 8769
f 8777 8776 8772
f 8777 8772 8774
f 8626 8778 8777
f 8626 8777 8774
f 8622 8624 8626
f 8622 8626 8774
f 8780 8779 8777
f 8780 8777 8778
f 8629 8781 8780
f 8629 8780 8778
f 8626 8627 8629
f 8626 8629 8778
f 3931 3930 8780
f 3931 8780 8781
f 8632 3932 3931
f 8632 3931 8781
f 8629 8630 8632
f 8629 8632 8781
f 8632 8633 3784
f 8632 3784 3932
f 8785 8784 8782
f 8635 8637 8785
f 8635 8785 8783
f 8787 8786 8784
f 8787 8784 8785
f 8637 8639 8787
f 8637 8787 8785
f 8789 8788 8786
f 8789 8786 8787
f 8639 8790 8789
f 8639 8789 8787
f 8792 8791 8789
f 8792 8789 8790
f 8642 8793 8792
f 8642 8792 8790
f 8639 8640 8642
f 8639 8642 8790
f 8796 8794 8792
f 8796 8792 8793
f 8645 8798 8796
f 8645 8796 8793
f 8642 8643 8645
f 8642 8645 8793
f 8801 8800 8797
f 8801 8797 8799
f 8649 8802 8801
f 8649 8801 8799
f 8645 8646 8648
f 8645 8648 8798
f 8804 8803 8801
f 8804 8801 8802
f 8654 8656 8804
f 8654 8804 8802
f 8649 8651 8654
f 8649 8654 8802
f 8806 8805 8803
f 8806 8803 8804
f 8656 8807 8806
f 8656 8806 8804
f 8809 8808 8806
f 8809 8806 8807
f 8659 8810 8809
f 8659 8809 8807
f 8656 8657 8659
f 8656 8659 8807
f 8812 8811 8809
f 8812 8809 8810
f 8662 8813 8812
f 8662 8812 8810
f 8659 8660 8662
f 8659 8662 8810
f 8815 8814 8812
f 8815 8812 8813
f 8665 8816 8815
f 8665 8815 8813
f 8662 8663 8665
f 8662 8665 8813
f 8818 8817 8815
f 8818 8815 8816
f 8820 8819 8818
f 8820 8818 8816
f 8665 8666 8820
f 8665 8820 8816
f 8822 8821 8819
f 8822 8819 8820
f 8666 8667 8822
f 8666 8822 8820
f 8824 8823 8821
f 8824 8821 8822
f 8667 8669 8824
f 8667 8824 8822
f 8826 8825 8823
f 8826 8823 8824
f 8669 8671 8826
f 8669 8826 8824
f 8828 8827 8825
f 8828 8825 8826
f 8671 8673 8828
f 8671 8828 8826
f 8830 8829 8827
f 8830 8827 8828
f 8673 8675 8830
f 8673 8830 8828
f 8832 8831 8829
f 8832 8829 8830
f 8675 8677 8832
f 8675 8832 8830
f 8834 8833 8831
f 8834 8831 8832
f 8677 8835 8834
f 8677 8834 8832
f 8837 8836 8834
f 8837 8834 8835
f 8680 8838 8837
f 8680 8837 8835
f 8677 8678 8680
f 8677 8680 8835
f 8840 8839 8837
f 8840 8837 8838
f 8683 8841 8840
f 8683 8840 8838
f 8680 8681 8683
f 8680 8683 8838
f 8843 8842 8840
f 8843 8840 8841
f 8686 8844 8843
f 8686 8843 8841
f 8683 8684 8686
f 8683 8686 8841
f 8846 8845 8843
f 8846 8843 8844
f 8848 8847 8846
f 8848 8846 8844
f 8686 8687 8848
f 8686 8848 8844
f 8850 8849 8847
f 8850 8847 8848
f 8687 8688 8850
f 8687 8850 8848
f 8854 8852 8849
f 8854 8849 8850
f 8688 8691 8854
f 8688 8854 8850
f 8856 8855 8851
f 8856 8851 8853
f 8690 8694 8856
f 8690 8856 8853
f 8859 8857 8855
f 8859 8855 8856
f 8694 8696 8859
f 8694 8859 8856
f 8703 8861 8858
f 8703 8858 8860
f 8697 8700 8703
f 8697 8703 8860
f 8864 8863 8858
f 8864 8858 8861
f 8865 8717 8864
f 8865 8864 8861
f 8703 8704 8865
f 8703 8865 8861
f 8714 8715 8717
f 8714 8717 8865
f 8704 8705 8714
f 8704 8714 8865
f 8720 8867 8863
f 8720 8863 8864
f 8717 8718 8720
f 8717 8720 8864
f 8869 8868 8862
f 8869 8862 8866
f 8871 8870 8869
f 8871 8869 8866
f 8720 8722 8872
f 8720 8872 8867
f 8874 8873 8870
f 8874 8870 8871
f 8721 8723 8874
f 8721 8874 8871
f 8876 8875 8873
f 8876 8873 8874
f 8723 8726 8876
f 8723 8876 8874
f 8878 8877 8875
f 8878 8875 8876
f 8726 8729 8878
f 8726 8878 8876
f 8737 8879 8877
f 8737 8877 8878
f 8729 8732 8737
f 8729 8737 8878
f 8882 8880 8877
f 8882 8877 8879
f 8740 8884 8882
f 8740 8882 8879
f 8737 8738 8740
f 8737 8740 8879
f 8886 8885 8883
f 8740 8741 8743
f 8740 8743 8884
f 8888 8887 8886
f 8891 8890 8888
f 8891 8888 8889
f 8751 8892 8891
f 8894 8893 8891
f 8894 8891 8892
f 8753 8755 8894
f 8753 8894 8892
f 8751 8753 8892
f 8896 8895 8893
f 8896 8893 8894
f 8755 8897 8896
f 8755 8896 8894
f 8899 8898 8896
f 8899 8896 8897
f 8758 8900 8899
f 8758 8899 8897
f 8755 8756 8758
f 8755 8758 8897
f 8902 8901 8899
f 8902 8899 8900
f 8761 8903 8902
f 8761 8902 8900
f 8758 8759 8761
f 8758 8761 8900
f 8905 8904 8902
f 8905 8902 8903
f 8764 8906 8905
f 8764 8905 8903
f 8761 8762 8764
f 8761 8764 8903
f 8908 8907 8905
f 8908 8905 8906
f 8767 8909 8908
f 8767 8908 8906
f 8764 8765 8767
f 8764 8767 8906
f 8911 8910 8908
f 8911 8908 8909
f 8770 8912 8911
f 8770 8911 8909
f 8767 8768 8770
f 8767 8770 8909
f 8915 8913 8911
f 8915 8911 8912
f 8775 8917 8915
f 8775 8915 8912
f 8770 8771 8775
f 8770 8775 8912
f 4052 4050 8916
f 4052 8916 8918
f 8779 4053 4052
f 8779 4052 8918
f 8776 8777 8779
f 8776 8779 8918
f 8779 8780 3930
f 8779 3930 4053
f 8922 8921 8919
f 8922 8919 8920
f 8784 8786 8922
f 8784 8922 8920
f 8924 8923 8921
f 8924 8921 8922
f 8786 8788 8924
f 8786 8924 8922
f 8926 8925 8923
f 8926 8923 8924
f 8788 8927 8926
f 8788 8926 8924
f 8930 8928 8926
f 8930 8926 8927
f 8791 8932 8930
f 8791 8930 8927
f 8788 8789 8791
f 8788 8791 8927
f 8935 8934 8931
f 8935 8931 8933
f 8795 8936 8935
f 8795 8935 8933
f 8791 8792 8794
f 8791 8794 8932
f 8938 8937 8935
f 8938 8935 8936
f 8800 8939 8938
f 8800 8938 8936
f 8795 8797 8800
f 8795 8800 8936
f 8941 8940 8938
f 8941 8938 8939
f 8803 8805 8941
f 8803 8941 8939
f 8800 8801 8803
f 8800 8803 8939
f 8943 8942 8940
f 8943 8940 8941
f 8805 8944 8943
f 8805 8943 8941
f 5195 5196 8943
f 5195 8943 8944
f 8808 5194 5195
f 8808 5195 8944
f 8805 8806 8808
f 8805 8808 8944
f 5196 8945 8942
f 5196 8942 8943
f 8948 8947 8946
f 8948 8946 8945
f 5196 5193 8948
f 5196 8948 8945
f 8946 8949 8942
f 8946 8942 8945
f 8946 8951 8950
f 8946 8950 8949
f 8952 8940 8942
f 8952 8942 8949
f 8950 8953 8952
f 8950 8952 8949
f 8950 8955 8954
f 8950 8954 8953
f 8956 8937 8952
f 8956 8952 8953
f 8954 8957 8956
f 8954 8956 8953
f 8954 8959 8958
f 8954 8958 8957
f 8960 8934 8956
f 8960 8956 8957
f 8958 8961 8960
f 8958 8960 8957
f 8958 8963 8962
f 8958 8962 8961
f 8965 8929 8960
f 8965 8960 8961
f 8962 8967 8965
f 8962 8965 8961
f 8962 8970 8969
f 8962 8969 8967
f 8971 8925 8964
f 8971 8964 8966
f 8968 8972 8971
f 8968 8971 8966
f 8968 8974 8973
f 8968 8973 8972
f 8977 8976 8971
f 8977 8971 8972
f 8973 8978 8977
f 8973 8977 8972
f 8973 8980 8979
f 8973 8979 8978
f 8983 8982 8977
f 8983 8977 8978
f 8979 8983 8978
f 8979 8986 8985
f 8979 8985 8984
f 8988 8987 8983
f 8985 8989 8988
f 8985 8988 8984
f 8985 8991 8990
f 8985 8990 8989
f 8993 8992 8988
f 8993 8988 8989
f 8990 8994 8993
f 8990 8993 8989
f 8998 8997 8993
f 8998 8993 8994
f 8995 9001 9000
f 8995 9000 8999
f 9003 9002 8998
f 9003 8998 8999
f 9000 9004 9003
f 9000 9003 8999
f 9000 9006 9005
f 9000 9005 9004
f 9008 9007 9003
f 9008 9003 9004
f 9005 9009 9008
f 9005 9008 9004
f 9005 9011 9010
f 9005 9010 9009
f 4133 4131 9008
f 4133 9008 9009
f 9010 4135 4133
f 9010 4133 9009
f 9010 9012 4137
f 9010 4137 4135
f 9014 9013 4998
f 9014 4998 4140
f 4137 9012 9014
f 4137 9014 4140
f 9016 9015 9013
f 9016 9013 9014
f 9012 9017 9016
f 9012 9016 9014
f 9019 9018 9016
f 9019 9016 9017
f 9011 9020 9019
f 9011 9019 9017
f 9012 9010 9011
f 9012 9011 9017
f 9022 9021 9019
f 9022 9019 9020
f 9006 9023 9022
f 9006 9022 9020
f 9011 9005 9006
f 9011 9006 9020
f 9025 9024 9022
f 9025 9022 9023
f 9001 9026 9025
f 9001 9025 9023
f 9006 9000 9001
f 9006 9001 9023
f 9028 9027 9025
f 9028 9025 9026
f 8996 9029 9028
f 8996 9028 9026
f 9001 8996 9026
f 9031 9030 9028
f 9031 9028 9029
f 8991 9032 9031
f 8991 9031 9029
f 8996 8990 8991
f 8996 8991 9029
f 9034 9033 9031
f 9034 9031 9032
f 8986 9035 9034
f 8986 9034 9032
f 8991 8985 8986
f 8991 8986 9032
f 9039 9037 9034
f 9039 9034 9035
f 8981 9042 9040
f 8981 9040 9036
f 8986 8979 8980
f 8986 8980 9035
f 9045 9043 9040
f 9045 9040 9042
f 8975 9047 9045
f 8975 9045 9042
f 8980 8973 8974
f 8980 8974 9041
f 9050 9048 9045
f 9050 9045 9047
f 8970 9051 9050
f 8970 9050 9047
f 8975 8969 8970
f 8975 8970 9047
f 9053 9052 9050
f 9053 9050 9051
f 8963 9054 9053
f 8963 9053 9051
f 8970 8962 8963
f 8970 8963 9051
f 9056 9055 9053
f 9056 9053 9054
f 8959 9057 9056
f 8959 9056 9054
f 8963 8958 8959
f 8963 8959 9054
f 9059 9058 9056
f 9059 9056 9057
f 8955 9060 9059
f 8955 9059 9057
f 8959 8954 8955
f 8959 8955 9057
f 9062 9061 9059
f 9062 9059 9060
f 8951 9063 9062
f 8951 9062 9060
f 8955 8950 8951
f 8955 8951 9060
f 9065 9064 9062
f 9065 9062 9063
f 8947 9066 9065
f 8947 9065 9063
f 8951 8946 8947
f 8951 8947 9063
f 9068 9067 9065
f 9068 9065 9066
f 9070 9069 9068
f 9070 9068 9066
f 8947 8948 9070
f 8947 9070 9066
f 5190 5191 9069
f 5190 9069 9070
f 8948 5193 5190
f 8948 5190 9070
f 9073 9071 9068
f 9073 9068 9069
f 5191 9075 9073
f 5191 9073 9069
f 9078 9077 9074
f 9078 9074 9076
f 9081 9079 9078
f 9081 9078 9076
f 5191 5192 9080
f 5191 9080 9075
f 5192 9084 9083
f 9086 8817 9085
f 9086 9085 9084
f 5192 5187 9086
f 5192 9086 9084
f 8814 8815 8817
f 8814 8817 9086
f 5187 5188 8814
f 5187 8814 9086
f 8823 8825 9090
f 9092 9091 9089
f 9092 9089 9090
f 8825 8827 9092
f 8825 9092 9090
f 9094 9093 9091
f 9094 9091 9092
f 8827 8829 9094
f 8827 9094 9092
f 9096 9095 9093
f 9096 9093 9094
f 8829 8831 9096
f 8829 9096 9094
f 9098 9097 9095
f 9098 9095 9096
f 8831 8833 9098
f 8831 9098 9096
f 9100 9099 9097
f 9100 9097 9098
f 8833 9101 9100
f 8833 9100 9098
f 9103 9102 9100
f 9103 9100 9101
f 8836 9104 9103
f 8836 9103 9101
f 8833 8834 8836
f 8833 8836 9101
f 9106 9105 9103
f 9106 9103 9104
f 8839 9107 9106
f 8836 8837 8839
f 9109 9108 9106
f 9109 9106 9107
f 8842 9110 9109
f 8842 9109 9107
f 8839 8840 8842
f 8839 8842 9107
f 9112 9111 9109
f 9112 9109 9110
f 8845 9113 9112
f 8845 9112 9110
f 8842 8843 8845
f 8842 8845 9110
f 9115 9114 9112
f 9115 9112 9113
f 9117 9116 9115
f 9117 9115 9113
f 8845 8846 9117
f 8845 9117 9113
f 9119 9118 9116
f 9119 9116 9117
f 8846 8847 9119
f 8846 9119 9117
f 9121 9120 9118
f 9121 9118 9119
f 8847 8849 9121
f 8847 9121 9119
f 9125 9123 9120
f 9125 9120 9121
f 8849 8852 9125
f 8849 9125 9121
f 8868 8869 9122
f 8868 9122 9124
f 8851 8855 8868
f 8851 8868 9124
f 9128 9126 9120
f 9128 9120 9123
f 8869 8870 9127
f 8869 9127 9122
f 9131 9129 9126
f 9131 9126 9128
f 8870 8873 9130
f 8870 9130 9127
f 9134 9132 9129
f 9134 9129 9131
f 8873 8875 9133
f 8873 9133 9130
f 8881 9135 9132
f 8881 9132 9134
f 8875 8877 8880
f 8875 8880 9133
f 9137 9136 9132
f 9137 9132 9135
f 8885 9138 9137
f 8885 9137 9135
f 8881 8883 8885
f 8881 8885 9135
f 9140 9139 9137
f 9140 9137 9138
f 8887 9141 9140
f 8887 9140 9138
f 8885 8886 8887
f 8885 8887 9138
f 9143 9142 9140
f 9143 9140 9141
f 8890 9144 9143
f 8890 9143 9141
f 8887 8888 8890
f 8887 8890 9141
f 9146 9145 9143
f 9146 9143 9144
f 8893 8895 9146
f 8893 9146 9144
f 8890 8891 8893
f 8890 8893 9144
f 9148 9147 9145
f 9148 9145 9146
f 8895 9149 9148
f 8895 9148 9146
f 9151 9150 9148
f 9151 9148 9149
f 8898 9152 9151
f 8898 9151 9149
f 8895 8896 8898
f 8895 8898 9149
f 9154 9153 9151
f 9154 9151 9152
f 8901 9155 9154
f 8901 9154 9152
f 8898 8899 8901
f 8898 8901 9152
f 9157 9156 9154
f 9157 9154 9155
f 8904 9158 9157
f 8904 9157 9155
f 8901 8902 8904
f 8901 8904 9155
f 9161 9159 9157
f 9161 9157 9158
f 8907 9163 9161
f 8907 9161 9158
f 8904 8905 8907
f 8904 8907 9158
f 9167 9165 9162
f 9167 9162 9164
f 8910 9168 9166
f 8910 9166 9163
f 8907 8908 8910
f 8907 8910 9163
f 4265 4264 9167
f 4265 9167 9169
f 8914 4267 4265
f 8914 4265 9169
f 8910 8911 8913
f 8910 8913 9168
f 8913 8915 4049
f 8913 4049 4266
f 9082 9170 4287
f 9082 4287 4288
f 4290 9079 9082
f 4290 9082 4288
f 4291 9078 9079
f 4291 9079 4290
f 4292 9077 9078
f 4292 9078 4291
f 4293 9171 9077
f 4293 9077 4292
f 4293 4296 9172
f 4293 9172 9171
f 9072 9074 9077
f 9072 9077 9171
f 9172 9174 9072
f 9172 9072 9171
f 9172 9177 9176
f 9172 9176 9174
f 9067 9068 9071
f 9067 9071 9173
f 9175 9178 9067
f 9175 9067 9173
f 9175 9180 9179
f 9175 9179 9178
f 9064 9065 9067
f 9064 9067 9178
f 9179 9182 9064
f 9179 9064 9178
f 9179 9184 9183
f 9179 9183 9182
f 9061 9064 9182
f 9183 9185 9061
f 9183 9061 9182
f 9183 9187 9186
f 9183 9186 9185
f 9058 9059 9061
f 9058 9061 9185
f 9186 9188 9058
f 9186 9058 9185
f 9186 9190 9189
f 9186 9189 9188
f 9055 9056 9058
f 9055 9058 9188
f 9189 9191 9055
f 9189 9055 9188
f 9189 9192 9191
f 9052 9053 9055
f 9052 9055 9191
f 9192 9195 9052
f 9192 9052 9191
f 9193 9200 9198
f 9193 9198 9196
f 9048 9050 9052
f 9048 9052 9195
f 9198 9202 9049
f 9198 9049 9196
f 9197 9204 9203
f 9197 9203 9201
f 9044 9046 9049
f 9044 9049 9202
f 9203 9205 9043
f 9203 9043 9201
f 9203 9207 9206
f 9203 9206 9205
f 9038 9040 9043
f 9038 9043 9205
f 9206 9209 9038
f 9206 9038 9205
f 9206 9212 9211
f 9206 9211 9209
f 9033 9034 9037
f 9033 9037 9208
f 9210 9213 9033
f 9210 9033 9208
f 9210 9215 9214
f 9210 9214 9213
f 9030 9031 9033
f 9030 9033 9213
f 9214 9217 9030
f 9214 9030 9213
f 9214 9219 9218
f 9214 9218 9217
f 9027 9028 9030
f 9027 9030 9217
f 9218 9221 9027
f 9218 9027 9217
f 9218 9223 9222
f 9218 9222 9221
f 9024 9025 9027
f 9024 9027 9221
f 9222 9224 9024
f 9222 9024 9221
f 9222 9226 9225
f 9222 9225 9224
f 9021 9022 9024
f 9021 9024 9224
f 9225 9227 9021
f 9225 9021 9224
f 9225 9229 9228
f 9225 9228 9227
f 9018 9019 9021
f 9018 9021 9227
f 9228 9230 9018
f 9228 9018 9227
f 9228 9232 9231
f 9228 9231 9230
f 9015 9016 9018
f 9015 9018 9230
f 9231 9233 9015
f 9231 9015 9230
f 9231 9235 9234
f 9231 9234 9233
f 9236 9013 9015
f 9236 9015 9233
f 9234 9237 9236
f 9234 9236 9233
f 4364 4362 9236
f 4364 9236 9237
f 9235 9231 9232
f 9229 9240 9239
f 9229 9239 9238
f 9232 9228 9229
f 9232 9229 9238
f 9226 9242 9241
f 9226 9241 9240
f 9229 9225 9226
f 9229 9226 9240
f 9244 9243 9241
f 9244 9241 9242
f 9223 9246 9244
f 9223 9244 9242
f 9226 9222 9223
f 9226 9223 9242
f 9250 9249 9245
f 9250 9245 9247
f 9220 9252 9250
f 9220 9250 9247
f 9223 9218 9219
f 9223 9219 9246
f 9254 9253 9250
f 9254 9250 9252
f 9216 9255 9254
f 9216 9254 9252
f 9219 9214 9215
f 9219 9215 9251
f 9257 9256 9254
f 9257 9254 9255
f 9212 9258 9257
f 9212 9257 9255
f 9216 9211 9212
f 9216 9212 9255
f 9260 9259 9257
f 9260 9257 9258
f 9207 9261 9260
f 9207 9260 9258
f 9212 9206 9207
f 9212 9207 9258
f 9263 9262 9260
f 9263 9260 9261
f 9204 9264 9263
f 9204 9263 9261
f 9207 9203 9204
f 9207 9204 9261
f 9266 9265 9263
f 9266 9263 9264
f 9204 9197 9199
f 9204 9199 9264
f 9269 9268 9266
f 9194 9272 9270
f 9194 9270 9267
f 9200 9194 9267
f 9276 9274 9270
f 9276 9270 9272
f 9190 9277 9275
f 9190 9275 9271
f 9280 9278 9275
f 9280 9275 9277
f 9187 9281 9280
f 9187 9280 9277
f 9190 9186 9187
f 9190 9187 9277
f 9283 9282 9280
f 9283 9280 9281
f 9184 9284 9283
f 9184 9283 9281
f 9187 9183 9184
f 9187 9184 9281
f 9287 9285 9283
f 9287 9283 9284
f 9180 9289 9287
f 9180 9287 9284
f 9184 9179 9180
f 9184 9180 9284
f 4436 4435 9288
f 4436 9288 9290
f 9177 4437 4436
f 9177 4436 9290
f 9181 9176 9177
f 9181 9177 9290
f 9177 9172 4296
f 9177 4296 4437
f 8919 8921 9292
f 8976 8977 8982
f 8976 8982 9292
f 8921 8923 8976
f 8921 8976 9292
f 8987 9293 9291
f 8987 8988 8992
f 8987 8992 9293
f 8992 9295 9294
f 8992 9294 9293
f 8992 8993 8997
f 8992 8997 9295
f 8997 9297 9296
f 8997 9296 9295
f 8997 8998 9002
f 8997 9002 9297
f 9299 9298 9296
f 9299 9296 9297
f 9002 9300 9299
f 9002 9299 9297
f 9002 9003 9007
f 9002 9007 9300
f 4452 4451 9299
f 4452 9299 9300
f 9007 4453 4452
f 9007 4452 9300
f 9302 9301 4454
f 9302 4454 4456
f 9307 9306 9304
f 9307 9304 9305
f 9249 9312 9311
f 9249 9311 9309
f 9243 9244 9248
f 9243 9248 9308
f 9314 9313 9311
f 9314 9311 9312
f 9253 9315 9314
f 9253 9314 9312
f 9249 9250 9253
f 9249 9253 9312
f 9317 9316 9314
f 9317 9314 9315
f 9256 9318 9317
f 9256 9317 9315
f 9253 9254 9256
f 9253 9256 9315
f 9320 9319 9317
f 9320 9317 9318
f 9259 9321 9320
f 9259 9320 9318
f 9256 9257 9259
f 9256 9259 9318
f 9323 9322 9320
f 9323 9320 9321
f 9262 9324 9323
f 9262 9323 9321
f 9259 9260 9262
f 9259 9262 9321
f 9326 9325 9323
f 9326 9323 9324
f 9265 9327 9326
f 9265 9326 9324
f 9262 9263 9265
f 9262 9265 9324
f 9329 9328 9326
f 9329 9326 9327
f 9268 9330 9329
f 9268 9329 9327
f 9265 9268 9327
f 9332 9331 9329
f 9332 9329 9330
f 9273 9333 9332
f 9273 9332 9330
f 9268 9269 9273
f 9268 9273 9330
f 9336 9335 9332
f 9336 9332 9333
f 9279 9339 9337
f 9279 9337 9334
f 9274 9276 9279
f 9274 9279 9334
f 9343 9341 9337
f 9343 9337 9339
f 9282 9344 9342
f 9282 9342 9338
f 9278 9280 9282
f 9278 9282 9338
f 4527 4524 9342
f 4527 9342 9344
f 9285 4529 4527
f 9285 4527 9344
f 9282 9283 9285
f 9282 9285 9344
f 9286 9288 4435
f 9286 4435 4530
f 9345 9298 4532
f 9298 9299 4451
f 9298 4451 4532
f 9347 9346 4535
f 9347 4535 4536
f 4454 9301 9347
f 4454 9347 4536
f 9349 9348 9346
f 9349 9346 9347
f 9351 9350 9348
f 9351 9348 9349
f 9359 9358 9355
f 9359 9355 9357
f 9303 9304 9306
f 9303 9306 9356
f 9362 9361 9359
f 9362 9359 9360
f 9310 9363 9362
f 9310 9362 9360
f 9365 9364 9362
f 9365 9362 9363
f 9313 9366 9365
f 9313 9365 9363
f 9310 9311 9313
f 9310 9313 9363
f 9368 9367 9365
f 9368 9365 9366
f 9316 9369 9368
f 9316 9368 9366
f 9313 9314 9316
f 9313 9316 9366
f 9371 9370 9368
f 9371 9368 9369
f 9319 9372 9371
f 9319 9371 9369
f 9316 9317 9319
f 9316 9319 9369
f 9374 9373 9371
f 9374 9371 9372
f 9322 9375 9374
f 9322 9374 9372
f 9319 9320 9322
f 9319 9322 9372
f 9377 9376 9374
f 9377 9374 9375
f 9325 9378 9377
f 9325 9377 9375
f 9322 9323 9325
f 9322 9325 9375
f 9380 9379 9377
f 9380 9377 9378
f 9328 9381 9380
f 9328 9380 9378
f 9325 9326 9328
f 9325 9328 9378
f 9385 9383 9380
f 9385 9380 9381
f 9331 9386 9385
f 9331 9385 9381
f 9328 9329 9331
f 9328 9331 9381
f 9389 9388 9385
f 9389 9385 9386
f 9335 9391 9389
f 9335 9389 9386
f 9331 9332 9335
f 9331 9335 9386
f 4602 4600 9390
f 4602 9390 9392
f 9340 4603 4601
f 9340 4601 9391
f 9335 9336 9340
f 9335 9340 9391
f 9341 9343 4526
f 9341 4526 4605
f 9394 9393 4606
f 9394 4606 4607
f 4535 9346 9394
f 4535 9394 4607
f 9396 9395 9393
f 9396 9393 9394
f 9346 9348 9396
f 9346 9396 9394
f 9398 9397 9395
f 9398 9395 9396
f 9348 9350 9398
f 9348 9398 9396
f 9400 9399 9397
f 9400 9397 9398
f 9350 9352 9400
f 9350 9400 9398
f 9402 9401 9399
f 9402 9399 9400
f 9352 9403 9402
f 9352 9402 9400
f 9405 9404 9402
f 9405 9402 9403
f 9408 9407 9405
f 9408 9405 9406
f 9413 9412 9410
f 9413 9410 9411
f 9353 9414 9413
f 9353 9413 9411
f 9418 9416 9413
f 9418 9413 9414
f 9354 9420 9419
f 9354 9419 9415
f 9422 9421 9419
f 9422 9419 9420
f 9358 9423 9422
f 9358 9422 9420
f 9354 9355 9358
f 9354 9358 9420
f 9425 9424 9422
f 9425 9422 9423
f 9361 9426 9425
f 9361 9425 9423
f 9358 9359 9361
f 9358 9361 9423
f 9428 9427 9425
f 9428 9425 9426
f 9364 9429 9428
f 9364 9428 9426
f 9361 9362 9364
f 9361 9364 9426
f 9431 9430 9428
f 9431 9428 9429
f 9367 9432 9431
f 9367 9431 9429
f 9364 9365 9367
f 9364 9367 9429
f 9434 9433 9431
f 9434 9431 9432
f 9370 9435 9434
f 9370 9434 9432
f 9367 9368 9370
f 9367 9370 9432
f 9437 9436 9434
f 9437 9434 9435
f 9373 9438 9437
f 9373 9437 9435
f 9370 9371 9373
f 9370 9373 9435
f 9440 9439 9437
f 9440 9437 9438
f 9376 9441 9440
f 9376 9440 9438
f 9373 9374 9376
f 9373 9376 9438
f 9443 9442 9440
f 9443 9440 9441
f 9379 9445 9443
f 9379 9443 9441
f 9376 9377 9379
f 9376 9379 9441
f 9449 9446 9443
f 9449 9443 9445
f 9382 9450 9448
f 9382 9448 9444
f 9379 9380 9383
f 9379 9383 9445
f 4676 4674 9449
f 4676 9449 9451
f 9388 4678 4676
f 9388 4676 9451
f 9382 9384 9387
f 9382 9387 9450
f 9388 9389 4599
f 9388 4599 4678
f 9453 9452 4680
f 9453 4680 4681
f 4606 9393 9453
f 4606 9453 4681
f 9455 9454 9452
f 9455 9452 9453
f 9393 9395 9455
f 9393 9455 9453
f 9457 9456 9454
f 9457 9454 9455
f 9395 9397 9457
f 9395 9457 9455
f 9459 9458 9456
f 9459 9456 9457
f 9397 9399 9459
f 9397 9459 9457
f 9461 9460 9458
f 9461 9458 9459
f 9399 9401 9461
f 9399 9461 9459
f 9463 9462 9460
f 9463 9460 9461
f 9401 9464 9463
f 9401 9463 9461
f 9466 9465 9463
f 9466 9463 9464
f 9404 9467 9466
f 9404 9466 9464
f 9401 9402 9404
f 9401 9404 9464
f 9469 9468 9466
f 9469 9466 9467
f 9407 9470 9469
f 9407 9469 9467
f 9404 9405 9407
f 9404 9407 9467
f 9472 9471 9469
f 9472 9469 9470
f 9409 9473 9472
f 9409 9472 9470
f 9407 9408 9409
f 9407 9409 9470
f 9475 9474 9472
f 9475 9472 9473
f 9412 9477 9475
f 9412 9475 9473
f 9409 9410 9412
f 9409 9412 9473
f 9481 9480 9476
f 9481 9476 9478
f 9417 9482 9481
f 9417 9481 9478
f 9412 9413 9416
f 9412 9416 9477
f 9484 9483 9481
f 9484 9481 9482
f 9421 9485 9484
f 9421 9484 9482
f 9417 9419 9421
f 9417 9421 9482
f 9487 9486 9484
f 9487 9484 9485
f 9424 9488 9487
f 9424 9487 9485
f 9421 9422 9424
f 9421 9424 9485
f 9490 9489 9487
f 9490 9487 9488
f 9427 9491 9490
f 9427 9490 9488
f 9424 9425 9427
f 9424 9427 9488
f 9493 9492 9490
f 9493 9490 9491
f 9430 9494 9493
f 9430 9493 9491
f 9427 9428 9430
f 9427 9430 9491
f 9496 9495 9493
f 9496 9493 9494
f 9433 9497 9496
f 9433 9496 9494
f 9430 9431 9433
f 9430 9433 9494
f 9499 9498 9496
f 9499 9496 9497
f 9436 9500 9499
f 9436 9499 9497
f 9433 9434 9436
f 9433 9436 9497
f 9502 9501 9499
f 9502 9499 9500
f 9439 9503 9502
f 9439 9502 9500
f 9436 9437 9439
f 9436 9439 9500
f 9506 9505 9502
f 9506 9502 9503
f 9442 9507 9506
f 9442 9506 9503
f 9439 9440 9442
f 9439 9442 9503
f 4740 41 9506
f 4740 9506 9507
f 9447 4743 4741
f 9447 4741 9508
f 9442 9443 9446
f 9442 9446 9507
f 9446 9449 4674
f 9446 4674 4742
f 9511 9509 4744
f 9511 4744 4747
f 4680 9452 9511
f 4680 9511 4747
f 9514 9512 9509
f 9514 9509 9511
f 9452 9454 9514
f 9452 9514 9511
f 9517 9515 9512
f 9517 9512 9514
f 9454 9456 9517
f 9454 9517 9514
f 9521 9519 9516
f 9521 9516 9518
f 9456 9458 9520
f 9456 9520 9517
f 9524 9522 9519
f 9524 9519 9521
f 9458 9460 9523
f 9458 9523 9520
f 9527 9525 9522
f 9527 9522 9524
f 9460 9462 9526
f 9460 9526 9523
f 9532 9529 9525
f 9532 9525 9527
f 9462 9533 9530
f 9462 9530 9526
f 9536 9534 9530
f 9536 9530 9533
f 9465 9537 9536
f 9465 9536 9533
f 9462 9463 9465
f 9462 9465 9533
f 9539 9538 9536
f 9539 9536 9537
f 9468 9540 9539
f 9468 9539 9537
f 9465 9466 9468
f 9465 9468 9537
f 9542 9541 9539
f 9542 9539 9540
f 9471 9543 9542
f 9471 9542 9540
f 9468 9469 9471
f 9468 9471 9540
f 9545 9544 9542
f 9545 9542 9543
f 9474 9546 9545
f 9474 9545 9543
f 9471 9472 9474
f 9471 9474 9543
f 9548 9547 9545
f 9548 9545 9546
f 9479 9549 9548
f 9479 9548 9546
f 9474 9475 9479
f 9474 9479 9546
f 9551 5221 9548
f 9551 9548 9549
f 9483 9553 9552
f 9483 9552 9550
f 9480 9481 9483
f 9480 9483 9550
f 9556 9555 9552
f 9556 9552 9553
f 9486 9557 9556
f 9486 9556 9553
f 9483 9484 9486
f 9483 9486 9553
f 9559 9558 9556
f 9559 9556 9557
f 9489 9560 9559
f 9489 9559 9557
f 9486 9487 9489
f 9486 9489 9557
f 9562 9561 9559
f 9562 9559 9560
f 9492 9563 9562
f 9492 9562 9560
f 9489 9490 9492
f 9489 9492 9560
f 9565 9564 9562
f 9565 9562 9563
f 9495 9566 9565
f 9495 9565 9563
f 9492 9493 9495
f 9492 9495 9563
f 9568 9567 9565
f 9568 9565 9566
f 9498 9569 9568
f 9498 9568 9566
f 9495 9496 9498
f 9495 9498 9566
f 9572 9570 9568
f 9572 9568 9569
f 9501 9574 9572
f 9501 9572 9569
f 9498 9499 9501
f 9498 9501 9569
f 4812 4811 9571
f 4812 9571 9573
f 9575 44 4812
f 9575 4812 9573
f 9581 9579 9577
f 9581 9577 9578
f 9585 9582 9579
f 9585 9579 9581
f 9525 9529 9584
f 9525 9584 9580
f 5198 5200 9582
f 5198 9582 9585
f 9528 9586 5197
f 9528 5197 9583
f 9535 5207 5208
f 9535 5208 9586
f 9528 9531 9535
f 9528 9535 9586
f 5200 4826 4825
f 5200 4825 9582
f 4825 4827 9579
f 4825 9579 9582
f 5200 5214 223
f 5200 223 4826
f 9588 9587 4828
f 9588 4828 4829
f 224 5215 9588
f 224 9588 4829
f 9590 9589 9587
f 9590 9587 9588
f 5215 5216 9590
f 5215 9590 9588
f 9592 9591 9589
f 9592 9589 9590
f 5216 9593 9592
f 5216 9592 9590
f 9595 9594 9592
f 9595 9592 9593
f 9596 9541 9595
f 9596 9595 9593
f 5216 5204 9596
f 5216 9596 9593
f 9538 9539 9541
f 9538 9541 9596
f 5204 5206 9538
f 5204 9538 9596
f 9544 9597 9594
f 9544 9594 9595
f 9541 9542 9544
f 9541 9544 9595
f 5218 9598 9594
f 5218 9594 9597
f 9547 5217 5218
f 9547 5218 9597
f 9544 9545 9547
f 9544 9547 9597
f 9591 9592 9594
f 9591 9594 9598
f 9600 9599 9591
f 9600 9591 9598
f 5218 5219 9600
f 5218 9600 9598
f 9602 9601 9599
f 9602 9599 9600
f 5219 9603 9602
f 5219 9602 9600
f 9606 9604 9602
f 9606 9602 9603
f 5220 9554 9606
f 5220 9606 9603
f 5219 5031 5220
f 5219 5220 9603
f 9558 9609 9605
f 9558 9605 9607
f 9555 9556 9558
f 9555 9558 9607
f 9611 9610 9604
f 9611 9604 9608
f 9561 9613 9612
f 9561 9612 9609
f 9558 9559 9561
f 9558 9561 9609
f 9617 9615 9612
f 9617 9612 9613
f 9564 9619 9617
f 9564 9617 9613
f 9561 9562 9564
f 9561 9564 9613
f 9621 9620 9616
f 9621 9616 9618
f 9567 9624 9622
f 9567 9622 9619
f 9564 9565 9567
f 9564 9567 9619
f 4864 4863 9623
f 4864 9623 9625
f 9571 4811 4864
f 9571 4864 9625
f 9567 9568 9570
f 9567 9570 9624
f 9627 9626 4865
f 9627 4865 4866
f 4828 9587 9627
f 4828 9627 4866
f 9629 9628 9626
f 9629 9626 9627
f 9587 9589 9629
f 9587 9629 9627
f 9599 9601 9628
f 9599 9628 9629
f 9589 9591 9599
f 9589 9599 9629
f 9631 9630 9626
f 9631 9626 9628
f 9601 9610 9631
f 9601 9631 9628
f 9614 9632 9630
f 9614 9630 9631
f 9610 9611 9614
f 9610 9614 9631
f 4878 4876 9630
f 4878 9630 9632
f 9620 4880 4878
f 9620 4878 9632
f 9614 9616 9620
f 9614 9620 9632
f 9620 9621 4862
f 9620 4862 4880
f 4865 9626 9630
f 4865 9630 4876
f 9601 9602 9604
f 9601 9604 9610
f 5220 5221 9551
f 5220 9551 9554
f 5221 5217 9547
f 5221 9547 9548
f 5206 9534 9536
f 5206 9536 9538
f 9505 9574 9501
f 9505 9501 9502
f 4998 9013 9236
f 4998 9236 4362
f 9634 4282 4284
f 9634 4284 9633
f 9635 4280 4282
f 9635 4282 9634
f 9087 9088 9635
f 9087 9635 9634
f 9638 4279 4281
f 9638 4281 9636
f 9088 9089 9637
f 9088 9637 9635
f 9640 4278 4279
f 9640 4279 9638
f 9089 9091 9639
f 9089 9639 9637
f 9641 4275 4277
f 9641 4277 9639
f 9091 9093 9641
f 9091 9641 9639
f 9642 4273 4275
f 9642 4275 9641
f 9093 9095 9642
f 9093 9642 9641
f 9643 4271 4273
f 9643 4273 9642
f 9095 9097 9643
f 9095 9643 9642
f 9644 4269 4271
f 9644 4271 9643
f 9097 9099 9644
f 9097 9644 9643
f 9645 4268 4269
f 9645 4269 9644
f 9099 9646 9645
f 9099 9645 9644
f 9648 9647 9645
f 9648 9645 9646
f 9102 9649 9648
f 9102 9648 9646
f 9099 9100 9102
f 9099 9102 9646
f 9651 9650 9648
f 9651 9648 9649
f 9105 9652 9651
f 9105 9651 9649
f 9102 9103 9105
f 9102 9105 9649
f 9654 9651 9652
f 9108 9654 9652
f 9105 9106 9108
f 9105 9108 9652
f 9111 9658 9657
f 9108 9109 9111
f 9108 9111 9655
f 9114 9661 9660
f 9114 9660 9658
f 9111 9112 9114
f 9111 9114 9658
f 9663 9662 9660
f 9663 9660 9661
f 9665 9664 9663
f 9665 9663 9661
f 9114 9115 9665
f 9114 9665 9661
f 9667 9666 9664
f 9667 9664 9665
f 9115 9116 9667
f 9115 9667 9665
f 9669 9668 9666
f 9669 9666 9667
f 9116 9118 9669
f 9116 9669 9667
f 9126 9129 9668
f 9126 9668 9669
f 9118 9120 9126
f 9118 9126 9669
f 9136 9670 9666
f 9136 9666 9668
f 9129 9132 9136
f 9129 9136 9668
f 9671 9664 9666
f 9671 9666 9670
f 9139 9672 9671
f 9139 9671 9670
f 9136 9137 9139
f 9136 9139 9670
f 9674 9673 9671
f 9674 9671 9672
f 9142 9675 9674
f 9142 9674 9672
f 9139 9140 9142
f 9139 9142 9672
f 9677 9676 9674
f 9677 9674 9675
f 9145 9147 9677
f 9145 9677 9675
f 9142 9143 9145
f 9142 9145 9675
f 9679 9678 9676
f 9679 9676 9677
f 9147 9680 9679
f 9147 9679 9677
f 9682 9681 9679
f 9682 9679 9680
f 9150 9683 9682
f 9150 9682 9680
f 9147 9148 9150
f 9147 9150 9680
f 9685 9684 9682
f 9685 9682 9683
f 9153 9686 9685
f 9153 9685 9683
f 9150 9151 9153
f 9150 9153 9683
f 9688 9687 9685
f 9688 9685 9686
f 9156 9689 9688
f 9156 9688 9686
f 9153 9154 9156
f 9153 9156 9686
f 9692 9690 9688
f 9692 9688 9689
f 9159 9694 9692
f 9159 9692 9689
f 9156 9157 9159
f 9156 9159 9689
f 4915 4914 9693
f 4915 9693 9695
f 9165 4916 4915
f 9165 4915 9695
f 9160 9162 9165
f 9160 9165 9695
f 9165 9167 4264
f 9165 4264 4916
f 9699 9697 4918
f 4923 9700 9699
f 4923 9699 4919
f 4924 9701 9700
f 4924 9700 4923
f 4924 4926 9702
f 4924 9702 9701
f 9656 9706 9705
f 9653 9654 9656
f 9708 9707 9705
f 9708 9705 9706
f 9659 9709 9708
f 9659 9708 9706
f 9711 9710 9708
f 9711 9708 9709
f 9662 9712 9711
f 9662 9711 9709
f 9659 9662 9709
f 9676 9678 9711
f 9676 9711 9712
f 9673 9674 9676
f 9673 9676 9712
f 9662 9663 9673
f 9662 9673 9712
f 9678 9713 9710
f 9678 9710 9711
f 9715 9714 9710
f 9715 9710 9713
f 9681 9716 9715
f 9681 9715 9713
f 9678 9679 9681
f 9678 9681 9713
f 9718 9717 9715
f 9718 9715 9716
f 9684 9719 9718
f 9684 9718 9716
f 9681 9682 9684
f 9681 9684 9716
f 9722 9720 9718
f 9722 9718 9719
f 9687 9724 9722
f 9687 9722 9719
f 9684 9685 9687
f 9684 9687 9719
f 4941 4939 9723
f 4941 9723 9725
f 9690 4942 4940
f 9690 4940 9724
f 9687 9688 9690
f 9687 9690 9724
f 9691 9693 4914
f 9691 4914 4943
f 9721 9723 4939
f 9721 4939 4944
f 4917 9727 9721
f 4917 9721 4944
f 4917 4918 9697
f 4917 9697 9727
f 9717 9718 9720
f 9717 9720 9726
f 9696 9728 9717
f 9696 9717 9726
f 9696 9698 9729
f 9696 9729 9728
f 9714 9715 9717
f 9714 9717 9728
f 9729 9707 9714
f 9729 9714 9728
f 9698 9703 9729
f 9703 9707 9729
f 9707 9708 9710
f 9707 9710 9714
f 4948 4947 9647
f 4948 9647 9704
f 9647 9648 9650
f 9647 9650 9704
f 4268 9645 9647
f 4268 9647 4947
f 9663 9664 9671
f 9663 9671 9673
f 8923 8925 8971
f 8923 8971 8976
f 8925 8926 8928
f 8925 8928 8964
f 8929 8931 8934
f 8929 8934 8960
f 8934 8935 8937
f 8934 8937 8956
f 8937 8938 8940
f 8937 8940 8952
f 8855 8857 8862
f 8855 8862 8868
f 5188 8811 8812
f 5188 8812 8814
f 5188 5189 5194
f 5188 5194 8811
f 5194 8808 8809
f 5194 8809 8811
f 8705 8707 8711
f 8705 8711 8714
f 5075 5076 8543
f 5075 8543 8546
f 8098 8099 8101
f 8098 8101 8245
f 8101 8102 8104
f 8101 8104 8243
f 9730 8223 8224
f 9730 8224 8227
f 9734 9733 9731
f 9734 9731 9732
f 9736 9735 9734
f 9736 9734 9732
f 9738 9737 9735
f 9738 9735 9736
f 8139 8140 8146
f 8139 8146 9739
f 5034 5035 8139
f 5034 8139 9739
f 8146 9740 9738
f 8146 9738 9739
f 8146 8147 8152
f 8146 8152 9740
f 9741 9737 9738
f 9741 9738 9740
f 8152 9742 9741
f 8152 9741 9740
f 9748 9747 9745
f 9748 9745 9746
f 8162 9749 9748
f 8162 9748 9746
f 8162 8163 8167
f 8162 8167 9749
f 9750 5042 9748
f 9750 9748 9749
f 8167 8170 9750
f 8167 9750 9749
f 8183 5041 5042
f 8183 5042 9750
f 8170 8183 9750
f 5042 5043 9747
f 5042 9747 9748
f 9751 9744 9745
f 9751 9745 9747
f 5043 5044 9751
f 5043 9751 9747
f 5044 9753 9752
f 5044 9752 9751
f 9752 9754 9744
f 9752 9744 9751
f 9752 9756 9755
f 9752 9755 9754
f 9737 9741 9743
f 9757 9735 9737
f 8202 8203 8208
f 8202 8208 9759
f 9755 9756 8202
f 9755 8202 9759
f 8207 9760 9757
f 8207 9757 9758
f 8207 8209 8216
f 8207 8216 9760
f 9734 9735 9757
f 8216 9733 9734
f 8216 9734 9760
f 8197 8198 8202
f 8197 8202 9756
f 9752 9753 8197
f 9752 8197 9756
f 8192 8193 8197
f 8192 8197 9753
f 5044 5039 8192
f 5044 8192 9753
f 8216 8217 8223
f 8216 8223 9733
f 8223 9731 9733
f 5039 5040 8188
f 5039 8188 8192
f 5040 5041 8183
f 5040 8183 8184
f 5035 5038 8134
f 5035 8134 8139
f 5153 8081 8082
f 5153 8082 8084
f 3112 5179 5180
f 3112 5180 3197
f 5182 5183 8016
f 5182 8016 8018
f 5184 5178 8009
f 5184 8009 8011
f 7916 7917 7920
f 7916 7920 7936
f 5127 5121 7841
f 5127 7841 7843
f 5123 5128 7831
f 5123 7831 7834
f 5129 5130 7825
f 5129 7825 7827
f 5130 5135 7824
f 5130 7824 7825
f 5098 5102 7731
f 5098 7731 7732
f 7666 7667 7669
f 7666 7669 7671
f 5176 5169 7571
f 5176 7571 7573
f 5169 5171 7569
f 5169 7569 7571
f 7559 7560 7562
f 7559 7562 7564
f 7455 7456 7458
f 7455 7458 7460
f 7341 7343 7347
f 7341 7347 7365
f 5082 5083 7363
f 5082 7363 7364
f 7326 7327 7329
f 7326 7329 7332
f 39 5033 7272
f 39 7272 2331
f 7267 7268 7270
f 7267 7270 7272
f 7207 7209 7211
f 7147 7150 7152
f 7082 7083 7085
f 7082 7085 7087
f 6947 6949 6957
f 6947 6957 6958
f 6864 6866 6877
f 6864 6877 6880
f 6765 6767 6776
f 6765 6776 6778
f 6543 6544 6546
f 6543 6546 6552
f 6377 6378 6380
f 6377 6380 6438
f 6218 6219 6221
f 6218 6221 6228
f 6015 1014 1015
f 6015 1015 6016
f 5159 5155 5844
f 5159 5844 5846
f 5157 5160 5840
f 5157 5840 5841
f 5387 5391 5523
f 5387 5523 5529
f 5419 5420 5423
f 5419 5423 5492
f 5376 5377 253
f 5376 253 398
f 5238 252 253
f 5238 253 5377
f 5371 5372 5238
f 5371 5238 5377
f 5235 5237 5238
f 5235 5238 5372
f 5365 5367 5235
f 5365 5235 5372
f 5232 5233 5234
f 5232 5234 5366
f 5359 5361 5232
f 5359 5232 5366
f 5230 5231 5232
f 5230 5232 5361
f 5350 5351 5230
f 5350 5230 5361
f 5228 5229 5230
f 5228 5230 5351
f 5343 5344 5228
f 5343 5228 5351
f 5225 5227 5228
f 5225 5228 5344
f 5339 5224 5225
f 5339 5225 5344
f 5250 5251 5266
f 5250 5266 5270
f 5056 5057 5254
f 5056 5254 5255
f 5131 5133 5142
f 5131 5142 5143
f 5133 5117 5107
f 5133 5107 5142
f 5033 39 1
f 9513 9516 9519
f 9513 9519 5203
f 6 43 9574
f 6 9574 9505
f 2 5 9504
f 41 3 9505
f 9506 41 9505
f 5028 5210 5213
f 5028 5213 5202
f 5212 5199 5201
f 9586 5208 5209
f 5197 9586 5209
f 5028 5198 5210
f 9764 9581 9578
f 9763 9522 9525
f 9763 9525 9580
f 5203 9519 9522
f 5203 9522 9763
f 9761 9510 9513
f 9761 9513 5203
f 5001 9762 9576
f 5001 9576 4814
f 5000 4746 9510
f 5000 9510 9761
