# Palette-baked from RoboTwin texture for mujoco-react
v 0.94405806 7.1850081e-10 0.015741002
v 0.94405806 7.1850081e-10 0.015741002
v 0.94405806 7.1850081e-10 0.015741002
v -0.73678899 0.014886001 0.13060001
v -0.78706896 0.017871 0.130551
v -0.78706896 0.017871 0.130551
v -0.75880796 0.011321001 0.140921
v -0.75880796 0.011321001 0.140921
v -0.75880796 0.011321001 0.140921
v -0.77373397 0.016473001 0.136415
v -0.77373397 0.016473001 0.136415
v -0.77012801 0.033995003 0.141697
v -0.76878399 0.015779002 0.13874
v 0.94529808 7.1850081e-10 0.014689002
v 0.94447899 0.00090900069 0.015319002
v 0.94447899 0.00090900069 0.015319002
v 0.94089806 0.0012790008 0.016042002
v 0.94088304 7.1850081e-10 0.016279003
v 0.94088304 7.1850081e-10 0.016279003
v -0.79631597 7.1850081e-10 -0.13275799
v -0.80616397 7.1850081e-10 -0.130358
v -0.85694098 0.070128001 -0.096989997
v -0.85822397 0.029976001 -0.108291
v -0.84413999 0.027960001 -0.117871
v -0.84135497 0.122768 -0.013557998
v -0.82477897 0.12686799 -0.0093969982
v -0.84431899 0.120618 0.028996002
v 0.94153702 0.0054780007 -0.0096369982
v 0.94322205 0.0034310007 -0.0094209984
v -0.83692598 0.123427 0.039011002
v -0.84660101 0.119327 0.043662
v -0.74294996 0.015766 0.134205
v -0.74391496 0.016843 0.130622
v -0.73672396 0.016314 0.1277
v -0.736902 0.010433001 0.13174701
v -0.74273098 0.010621001 0.135447
v -0.78003299 0.01864 0.135269
v -0.78003299 0.01864 0.135269
v -0.80057299 0.023004001 0.135545
v -0.80311197 0.014937 0.134331
v -0.76352096 0.017794 0.127867
v -0.76352096 0.017794 0.127867
v -0.761383 0.016987002 0.132993
v -0.761383 0.016987002 0.132993
v -0.800363 0.015597001 0.130527
v -0.79316896 0.018344 0.120054
v -0.77660501 0.018252 0.122583
v -0.77055198 0.025626 0.141451
v -0.76974499 0.020681001 0.14120699
v -0.75947797 0.012079 0.139634
v -0.75947797 0.012079 0.139634
v -0.79577398 7.1850081e-10 0.13286701
v -0.80428398 7.1850081e-10 0.13065
v -0.75487101 7.1850081e-10 0.14036
v -0.75487101 7.1850081e-10 0.14036
v -0.751818 7.1850081e-10 0.13968
v -0.75266397 0.0065900008 0.139576
v -0.75482601 7.1850081e-10 0.14076801
v -0.75886196 0.01736 0.14136
v -0.75886196 0.01736 0.14136
v -0.75826496 0.016265001 0.136234
v -0.75510198 0.013890001 0.138559
v -0.76104099 0.013598001 0.139312
v -0.76104099 0.013598001 0.139312
v -0.78078699 0.025975 0.13983001
v -0.760131 0.034841001 0.14218999
v -0.754816 0.021152001 0.141773
v -0.78342897 0.033538003 0.139704
v -0.79964 0.036063001 0.13583601
v -0.8211 0.12877101 -0.023594998
v -0.83560497 0.12512501 -0.026139999
v -0.85061401 0.077262998 -0.100527
v -0.86221898 0.081955999 -0.084073
v -0.85617095 0.08698 -0.08704
v -0.85335797 0.116147 0.036033001
v -0.79846799 0.027548 0.136141
v -0.84421796 0.014382001 -0.118078
v -0.858495 0.014921001 -0.109872
v -0.74877399 7.1850081e-10 -0.139088
v -0.75206 7.1850081e-10 -0.139792
v -0.74490297 7.1850081e-10 -0.137491
v -0.74002099 7.1850081e-10 -0.134691
v -0.73455995 7.1850081e-10 -0.129384
v -0.73761898 7.1850081e-10 0.133479
v -0.73748499 0.0052370005 0.133017
v -0.74262297 0.0053290008 0.13607401
v -0.74733901 7.1850081e-10 0.13845401
v -0.74779099 0.0056630005 0.138208
v -0.75382996 0.010754 0.13922401
v -0.74854797 0.010541 0.13777201
v -0.74936897 0.014537001 0.13729501
v -0.75069296 0.016541 0.13417201
v -0.75179499 0.017434001 0.129805
v -0.74447799 0.017558001 0.126268
v -0.75225997 0.018077001 0.12431701
v -0.74447298 0.017960001 0.121489
v -0.73715198 0.01733 0.120016
v -0.73695099 0.016945001 0.123785
v -0.59044796 0.13577799 -0.032615997
v -0.57862896 0.134766 -0.032612
v -0.56681198 0.133403 -0.032863997
v -0.55525798 0.13177501 -0.033686999
v -0.59033501 0.14168499 -0.032090999
v -0.578493 0.140983 -0.032675996
v -0.56658697 0.139452 -0.033023998
v -0.55471796 0.138441 -0.033064999
v -0.54183501 0.141047 0.028779002
v -0.52939898 0.13964 0.029082002
v -0.5169 0.13698 0.031223001
v -0.44176197 0.120055 -0.043649998
v -0.59023696 0.134703 0.032668002
v -0.590137 0.14094301 0.032871
v -0.578376 0.134082 0.032719001
v -0.57826501 0.13988 0.033138003
v -0.55429298 0.13874701 0.033180002
v -0.54227698 0.137605 0.033288002
v -0.53069198 0.135089 0.033683002
v -0.43799597 0.117837 -0.027822997
v -0.42523003 0.114776 -0.028550997
v -0.42807299 0.117407 -0.045527998
v -0.41269302 0.112969 -0.029393999
v -0.41486502 0.115056 -0.047780998
v -0.40179098 0.11278 -0.049389999
v -0.40081596 0.111518 -0.029812999
v -0.42481101 7.1850081e-10 0.113425
v -0.35617995 7.1850081e-10 0.112925
v -0.217206 7.1850081e-10 -0.095666997
v -0.22883201 7.1850081e-10 -0.100337
v -0.19331801 0.013743001 -0.087386996
v -0.20524395 0.014192001 -0.090865999
v -0.19359499 7.1850081e-10 -0.087972
v -0.20548797 7.1850081e-10 -0.091518998
v -0.16925895 0.013392 -0.082780994
v -0.18131602 0.013465 -0.084504001
v -0.16951501 7.1850081e-10 -0.083077997
v -0.18162096 7.1850081e-10 -0.084977001
v 0.015178025 7.1850081e-10 -0.034289997
v 0.015178025 7.1850081e-10 -0.034289997
v 0.017890036 7.1850081e-10 -0.033457
v 0.017890036 7.1850081e-10 -0.033457
v 0.021357 7.1850081e-10 -0.034061998
v 0.021357 7.1850081e-10 -0.034061998
v 0.02541101 7.1850081e-10 -0.034518998
v 0.02541101 7.1850081e-10 -0.034518998
v 0.018023014 0.0039670006 -0.032463998
v 0.021526039 0.0036750007 -0.032869998
v 0.025476992 0.0035290008 -0.033304997
v 0.021704018 0.0074310009 -0.031622
v 0.025595009 0.0070680007 -0.031921998
v 0.031234026 0.0066200006 -0.032060999
v 0.031190991 0.0032750007 -0.033326998
v 0.031249046 7.1850081e-10 -0.034516998
v 0.031249046 7.1850081e-10 -0.034516998
v 0.038686991 0.0031030008 -0.033260997
v 0.038619041 7.1850081e-10 -0.034437999
v 0.038619041 7.1850081e-10 -0.034437999
v 0.015204012 0.0044980007 -0.033839997
v 0.015504003 0.0088840006 -0.032984
v 0.01828903 0.0079120006 -0.031424999
v 0.015879035 0.013462001 -0.031552996
v 0.018564999 0.012192001 -0.030009998
v 0.021977007 0.011442001 -0.029980998
v 0.018817008 0.016771 -0.028077997
v 0.022240996 0.016000001 -0.027958998
v 0.02611804 0.015256001 -0.027973998
v 0.025755048 0.010847 -0.030161997
v 0.031394005 0.014540001 -0.028230999
v 0.031392038 0.010264001 -0.030393999
v 0.038938999 0.013895 -0.028588999
v 0.03885901 0.0097780004 -0.030530998
v 0.038735032 0.0063010007 -0.031992998
v 0.047921002 0.0095070004 -0.030547999
v 0.047904015 0.0061660009 -0.031939998
v 0.047890007 0.0030670008 -0.033182997
v 0.058842063 0.0060720006 -0.031849999
v 0.058798075 0.0030060008 -0.033092
v 0.05875504 7.1850081e-10 -0.034300998
v 0.05875504 7.1850081e-10 -0.034300998
v 0.047872007 7.1850081e-10 -0.034375999
v 0.047872007 7.1850081e-10 -0.034375999
v 0.016005039 0.018130001 -0.029208997
v 0.015977025 0.022711001 -0.025742998
v 0.018939018 0.02122 -0.024734998
v 0.015854001 0.026847001 -0.021378998
v 0.018974006 0.025321001 -0.020524997
v 0.022535026 0.024634 -0.020371998
v 0.022418022 0.020451 -0.024625998
v 0.026654005 0.024190001 -0.020482998
v 0.026338995 0.019842001 -0.024743998
v 0.031444013 0.023793001 -0.020757997
v 0.031468987 0.019244 -0.025078999
v 0.039192021 0.023398001 -0.021305999
v 0.039048016 0.018583002 -0.025582999
v 0.048122048 0.022899 -0.021757998
v 0.048049033 0.018006001 -0.025886998
v 0.047973037 0.013472001 -0.028695999
v 0.058977008 0.017547 -0.026202999
v 0.058930993 0.013101 -0.028796999
v 0.058884978 0.0093090003 -0.030503998
v 0.070924997 0.012719001 -0.028825998
v 0.070912004 0.0090840012 -0.030483998
v 0.070906043 0.0059100008 -0.031834997
v 0.083276033 0.0088390009 -0.030499998
v 0.083276987 0.0057510007 -0.031827997
v 0.08327198 0.0028200008 -0.033078
v 0.070893049 0.0029050007 -0.033092
v 0.083253026 7.1850081e-10 -0.034266997
v 0.083253026 7.1850081e-10 -0.034266997
v 0.070865989 7.1850081e-10 -0.034302
v 0.070865989 7.1850081e-10 -0.034302
v 0.016093016 0.030514 -0.016688999
v 0.01592803 0.032799002 -0.011843998
v 0.018869042 0.030833 -0.011103998
v 0.018956006 0.028558001 -0.015731998
v 0.022374034 0.030049 -0.010818998
v 0.022512019 0.027923001 -0.015527998
v 0.026650012 0.029743001 -0.010756998
v 0.02671802 0.027538002 -0.015459999
v 0.031964004 0.029543001 -0.010871998
v 0.031641006 0.027286001 -0.015583998
v 0.039418995 0.029343002 -0.011185998
v 0.039324999 0.027087001 -0.016025998
v 0.048162997 0.029119 -0.011578999
v 0.04815501 0.026716001 -0.016554998
v 0.058873057 0.028922001 -0.011967998
v 0.058936 0.026327001 -0.017065998
v 0.058982968 0.022378001 -0.022129998
v 0.070898056 0.025895001 -0.017394999
v 0.070940971 0.021961 -0.022366999
v 0.070940971 0.017081 -0.026236998
v 0.08327198 0.021857001 -0.022498999
v 0.083273053 0.016828001 -0.026364999
v 0.083271027 0.012402001 -0.028935999
v 0.095692039 0.016655 -0.026356999
v 0.095695019 0.012113 -0.028913999
v 0.095700979 0.0087220008 -0.030457998
v 0.10817301 0.011960001 -0.028986998
v 0.108181 0.008785001 -0.030333998
v 0.10819101 0.0058200005 -0.031614996
v 0.095713019 0.0057120007 -0.031765997
v 0.108199 0.0029030007 -0.032880999
v 0.09572804 0.0028300008 -0.033007998
v 0.10818803 7.1850081e-10 -0.034156997
v 0.10818803 7.1850081e-10 -0.034156997
v 0.095715046 7.1850081e-10 -0.034212999
v 0.095715046 7.1850081e-10 -0.034212999
v 0.015424013 0.034630999 -0.0022959982
v 0.015842021 0.034192 -0.0070229983
v 0.018216014 0.032685 -0.0021199982
v 0.018700004 0.032283001 -0.006585998
v 0.021975994 0.032877002 -0.0021119982
v 0.022181988 0.031753 -0.0063699982
v 0.02651 0.033049002 -0.0021389981
v 0.026582003 0.031424999 -0.0062929983
v 0.032173038 0.032910001 -0.0021599983
v 0.032115042 0.031288002 -0.0063879983
v 0.039480031 0.032779999 -0.0022499983
v 0.039463043 0.031132001 -0.0065649981
v 0.048191011 0.032677002 -0.0023229981
v 0.048162043 0.030951001 -0.006800998
v 0.05886507 0.032561 -0.0024249982
v 0.058856964 0.030762 -0.007071998
v 0.07080996 0.032478001 -0.0025349981
v 0.070818067 0.030635001 -0.0072759981
v 0.070850015 0.028630001 -0.012256999
v 0.083222985 0.030507 -0.0073189982
v 0.083232999 0.028475001 -0.012336998
v 0.083255053 0.025760001 -0.017537998
v 0.095682979 0.028424 -0.012166998
v 0.095679045 0.025712 -0.017343998
v 0.095685005 0.021879001 -0.022329997
v 0.10812998 0.025859 -0.017008997
v 0.10813701 0.022096001 -0.022016998
v 0.10815704 0.016930001 -0.026346998
v 0.12061703 0.022394001 -0.021578997
v 0.12064004 0.017355001 -0.025764998
v 0.12065506 0.012525001 -0.028589997
v 0.13312995 0.017956 -0.025100999
v 0.13313305 0.013360001 -0.028033998
v 0.13311601 0.009575001 -0.029698998
v 0.12066305 0.009087001 -0.030059999
v 0.13310599 0.0063540009 -0.031083997
v 0.12066603 0.0060560009 -0.031370997
v 0.13310206 0.0031810007 -0.032493997
v 0.12066197 0.0030250007 -0.032697
v 0.13310707 7.1850081e-10 -0.033931997
v 0.13310707 7.1850081e-10 -0.033931997
v 0.12063098 7.1850081e-10 -0.034040999
v 0.12063098 7.1850081e-10 -0.034040999
v 0.015428007 0.034456 0.0024900017
v 0.018342018 0.032683 0.0021680018
v 0.022074044 0.033102002 0.0021060018
v 0.026512027 0.033192001 0.0019770018
v 0.032193005 0.033043999 0.0019740018
v 0.039489031 0.032912001 0.0020410018
v 0.048237026 0.032825999 0.0020910017
v 0.058888078 0.032745 0.0021100019
v 0.07081902 0.032706 0.0021030018
v 0.083247066 0.030774001 0.0067970017
v 0.083230972 0.032639001 0.0020850019
v 0.083230972 0.032639001 0.0020850019
v 0.083224058 0.032398 -0.0025639981
v 0.095682979 0.032586001 0.0019970019
v 0.095682979 0.032586001 0.0019970019
v 0.095677972 0.032313 -0.0025589983
v 0.095681071 0.030451002 -0.0072279982
v 0.108127 0.032230001 -0.0025929981
v 0.10812402 0.030408001 -0.0071449983
v 0.108127 0.028461 -0.011940998
v 0.12056804 0.030327002 -0.0070919981
v 0.120574 0.028502 -0.011769998
v 0.12059402 0.026021 -0.016655998
v 0.13303101 0.028436001 -0.011606998
v 0.13305795 0.026164001 -0.016381998
v 0.13310099 0.022652 -0.021167997
v 0.14551902 0.026210001 -0.016131999
v 0.14555204 0.022786001 -0.020774998
v 0.14557397 0.018447001 -0.024693998
v 0.15797198 0.022857001 -0.020550998
v 0.15799296 0.018656 -0.024350999
v 0.15800607 0.014420001 -0.027315998
v 0.145576 0.014063001 -0.027641999
v 0.15801501 0.010474001 -0.029077997
v 0.14556396 0.010093001 -0.029373998
v 0.15801597 0.0068100006 -0.030633999
v 0.14555705 0.0066310009 -0.030832998
v 0.15801406 0.0034150006 -0.032224
v 0.14555597 0.0033240006 -0.032346997
v 0.15801203 7.1850081e-10 -0.033863999
v 0.15801203 7.1850081e-10 -0.033863999
v 0.14556205 7.1850081e-10 -0.033904999
v 0.14556205 7.1850081e-10 -0.033904999
v 0.083283067 0.028771 0.011838002
v 0.095735073 0.026017001 0.016909001
v 0.095713973 0.028722001 0.011608002
v 0.095695019 0.030739 0.0066430019
v 0.10812998 0.028797001 0.011181002
v 0.10812306 0.030767001 0.006374002
v 0.108127 0.032584 0.0018620018
v 0.108127 0.032584 0.0018620018
v 0.12057602 0.032559 0.0016670018
v 0.120574 0.032090001 -0.0026669982
v 0.13301706 0.032593999 0.0014270018
v 0.13301301 0.031975001 -0.0027469981
v 0.13301504 0.030256001 -0.0070369984
v 0.145468 0.031872999 -0.0028799982
v 0.14547205 0.030202001 -0.0070069982
v 0.14548898 0.028499002 -0.011478998
v 0.157951 0.030091001 -0.0071139983
v 0.15795398 0.028389001 -0.011450998
v 0.15796006 0.026213001 -0.015995998
v 0.17041206 0.028287001 -0.011567998
v 0.17041099 0.026166001 -0.016045999
v 0.17041302 0.022883 -0.020565998
v 0.18286908 0.026041001 -0.016199999
v 0.18287408 0.022757001 -0.020663999
v 0.18288195 0.018594 -0.024303999
v 0.17042804 0.018737001 -0.024297997
v 0.18288696 0.014459001 -0.027253998
v 0.17044401 0.014626001 -0.027287997
v 0.182886 0.010517001 -0.028926998
v 0.17045295 0.010639001 -0.028973999
v 0.182881 0.0068070008 -0.030437998
v 0.17046905 0.0068590008 -0.030470999
v 0.18287599 0.0033260006 -0.032116998
v 0.17045796 0.0033950007 -0.032125
v 0.18287301 7.1850081e-10 -0.03382
v 0.18287301 7.1850081e-10 -0.03382
v 0.17039597 7.1850081e-10 -0.033836998
v 0.17039597 7.1850081e-10 -0.033836998
v 0.108145 0.026240001 0.016356003
v 0.12055302 0.026601002 0.015692001
v 0.12055397 0.028957 0.010664002
v 0.13300002 0.027093001 0.014982002
v 0.13299906 0.029131001 0.010069001
v 0.14546597 0.032684002 0.0011350018
v 0.15795302 0.032762002 0.00083800178
v 0.15795398 0.031727001 -0.0030719982
v 0.17044699 0.032804001 0.00059300178
v 0.17044008 0.031550001 -0.0032709981
v 0.17042398 0.029947001 -0.0072879982
v 0.18290401 0.031401001 -0.0034069982
v 0.18289101 0.029815001 -0.0073999981
v 0.18287706 0.028197 -0.011710999
v 0.19534504 0.029728001 -0.0073959981
v 0.19533598 0.028039001 -0.011735998
v 0.19533408 0.025918001 -0.016276998
v 0.20778906 0.028075 -0.011578999
v 0.20778596 0.025926001 -0.016120998
v 0.20778704 0.022472002 -0.020668998
v 0.19534397 0.022569001 -0.020724999
v 0.20777404 0.018181 -0.024396999
v 0.19534504 0.018372001 -0.024379998
v 0.20775199 0.013927001 -0.027195998
v 0.195333 0.014211001 -0.027266998
v 0.20774496 0.010073001 -0.028890999
v 0.19532096 0.010276001 -0.028880998
v 0.20776105 0.0064940006 -0.030434998
v 0.19530702 0.0066540008 -0.030435998
v 0.20775807 0.0032010006 -0.032066997
v 0.19530106 0.0032730007 -0.032100998
v 0.20776808 7.1850081e-10 -0.033768997
v 0.20776808 7.1850081e-10 -0.033768997
v 0.19530106 7.1850081e-10 -0.033813
v 0.19530106 7.1850081e-10 -0.033813
v 0.13301003 0.023729 0.020176001
v 0.14550698 0.019795001 0.023855003
v 0.14548504 0.024204001 0.019263001
v 0.14547598 0.027378 0.014201002
v 0.157951 0.024703002 0.018441001
v 0.15793908 0.027626 0.013465002
v 0.18291497 0.032824002 0.00038000182
v 0.19537008 0.032804001 -0.0001489982
v 0.19535697 0.031258002 -0.0035099981
v 0.20783103 0.032634001 -0.0002789982
v 0.20783103 0.032634001 -0.0002789982
v 0.20781696 0.031129001 -0.0035199982
v 0.20780098 0.029642001 -0.0072959983
v 0.22029603 0.030976001 -0.0036139982
v 0.22029305 0.029539 -0.0072529982
v 0.22026908 0.027987001 -0.011382998
v 0.23272598 0.029432001 -0.0073329983
v 0.23269403 0.027936 -0.011339998
v 0.23262608 0.026000001 -0.015692998
v 0.22020602 0.026003001 -0.015875999
v 0.23255706 0.022506 -0.020434998
v 0.22014797 0.022468001 -0.020543998
v 0.23252606 0.018114001 -0.024624998
v 0.220137 0.018019 -0.024341999
v 0.23254204 0.013718001 -0.027663998
v 0.22014904 0.013704001 -0.027171997
v 0.23259997 0.0097900005 -0.028838998
v 0.220186 0.0099250004 -0.028833998
v 0.23267102 0.0063500009 -0.030275999
v 0.22023201 0.0064550005 -0.030406998
v 0.23271596 0.0031120006 -0.031908996
v 0.22027004 0.0031650008 -0.031988997
v 0.23273206 7.1850081e-10 -0.033627998
v 0.23273206 7.1850081e-10 -0.033627998
v 0.220281 7.1850081e-10 -0.033686999
v 0.220281 7.1850081e-10 -0.033686999
v 0.15796602 0.020459 0.023069002
v 0.17039704 0.025125001 0.017757002
v 0.19535196 0.029807001 0.007482002
v 0.20780301 0.028348001 0.011128002
v 0.20781195 0.029878 0.0069650016
v 0.20782101 0.031346999 0.0032310018
v 0.22029197 0.029963002 0.0064300019
v 0.22029507 0.031365 0.0028970018
v 0.22030103 0.03246 -0.00042999818
v 0.22030103 0.03246 -0.00042999818
v 0.23275506 0.031454999 0.0025460019
v 0.23275006 0.032298002 -0.0006649982
v 0.23275006 0.032298002 -0.0006649982
v 0.23273706 0.030836001 -0.0038209981
v 0.24512804 0.032118 -0.00078399817
v 0.24512804 0.032118 -0.00078399817
v 0.24509001 0.030672001 -0.0039439984
v 0.24505103 0.029304001 -0.007387998
v 0.25739205 0.030580001 -0.0039399983
v 0.25733602 0.029216001 -0.007348998
v 0.257267 0.02778 -0.011219998
v 0.24500704 0.027868001 -0.011313998
v 0.25719702 0.026087001 -0.015445998
v 0.24494898 0.025958002 -0.015553998
v 0.25711703 0.022584001 -0.020250998
v 0.24489796 0.022483001 -0.020323997
v 0.25708997 0.018084001 -0.024629999
v 0.24488401 0.018031001 -0.024681998
v 0.25709701 0.013775 -0.027671998
v 0.24491501 0.013732 -0.027651997
v 0.25712001 0.0096190004 -0.028784998
v 0.24496901 0.0096570011 -0.028815998
v 0.25715697 0.0061390009 -0.030167999
v 0.24502301 0.0061990009 -0.030237999
v 0.25719297 0.0029650007 -0.031711999
v 0.24506605 0.0030200006 -0.031824999
v 0.25719798 7.1850081e-10 -0.033372
v 0.25719798 7.1850081e-10 -0.033372
v 0.24509108 7.1850081e-10 -0.033496998
v 0.24509108 7.1850081e-10 -0.033496998
v 0.20779002 0.026391001 0.015746001
v 0.22027397 0.026889 0.014537002
v 0.22028601 0.028517 0.010269002
v 0.23274398 0.027251001 0.013450001
v 0.23275805 0.028747 0.0094870022
v 0.23275602 0.030074 0.0059490018
v 0.24512303 0.028783001 0.0090890015
v 0.24513304 0.030073 0.005702002
v 0.24513507 0.03142 0.0023730018
v 0.25741398 0.029949 0.0057210019
v 0.25743902 0.031297002 0.0023900019
v 0.25743806 0.032007001 -0.00078099821
v 0.25743806 0.032007001 -0.00078099821
v 0.269701 0.031101001 0.0023930019
v 0.26970708 0.031818002 -0.00078499818
v 0.26970708 0.031818002 -0.00078499818
v 0.26965904 0.030397 -0.0039569982
v 0.28187406 0.031644002 -0.00090399821
v 0.28187406 0.031644002 -0.00090399821
v 0.28184104 0.030244 -0.0041639982
v 0.28179395 0.028900001 -0.0075999983
v 0.26959908 0.029067 -0.007356998
v 0.28173506 0.027589001 -0.011420998
v 0.26952708 0.027841 -0.011152999
v 0.28165197 0.025858 -0.015577998
v 0.269436 0.026126001 -0.015411998
v 0.28156006 0.022488 -0.020232998
v 0.26933897 0.022649001 -0.020146998
v 0.281497 0.018226001 -0.024482999
v 0.26927602 0.018219002 -0.024507998
v 0.28147209 0.014029001 -0.027539998
v 0.26924503 0.013830001 -0.027628997
v 0.28146005 0.0098070009 -0.028563999
v 0.26923597 0.0095770005 -0.028693998
v 0.28146303 0.0062250006 -0.029846998
v 0.26924503 0.0061080009 -0.029993998
v 0.28147304 0.0029840006 -0.031392999
v 0.26925898 0.0029420007 -0.031541999
v 0.28148496 7.1850081e-10 -0.033067998
v 0.28148496 7.1850081e-10 -0.033067998
v 0.26925409 7.1850081e-10 -0.033191998
v 0.26925409 7.1850081e-10 -0.033191998
v 0.18287706 7.1850081e-10 0.034017
v 0.19530308 7.1850081e-10 0.034005001
v 0.20776105 0.0040680007 0.031802002
v 0.245103 0.02737 0.012851002
v 0.26956701 0.027481001 0.012557002
v 0.26962399 0.028585 0.0090690022
v 0.269665 0.029817 0.0057580019
v 0.28179204 0.028485 0.009134002
v 0.28183699 0.029729001 0.0057340018
v 0.28186905 0.031033 0.0023230019
v 0.29386902 0.029726001 0.005524002
v 0.29389405 0.031062001 0.0020600017
v 0.29389405 0.031062001 0.0020600017
v 0.29389906 0.031394999 -0.0012099982
v 0.29389906 0.031394999 -0.0012099982
v 0.305884 0.03119 0.0015490018
v 0.305884 0.03119 0.0015490018
v 0.305884 0.031024002 -0.0017399982
v 0.305861 0.029625 -0.0052639982
v 0.29387701 0.029994002 -0.0045889984
v 0.30583608 0.028270001 -0.0088939983
v 0.29385006 0.028628001 -0.0080809984
v 0.30581403 0.026914001 -0.012933998
v 0.29381096 0.0274 -0.011999998
v 0.30579197 0.02455 -0.017390998
v 0.293751 0.025367001 -0.016250998
v 0.30578005 0.020857001 -0.021725997
v 0.29369605 0.021934001 -0.020748999
v 0.30580199 0.017099001 -0.025528999
v 0.29366899 0.017862001 -0.024821999
v 0.30583107 0.01338 -0.027611999
v 0.29366601 0.013939001 -0.027534999
v 0.30585504 0.0095240008 -0.028531998
v 0.29367399 0.009854001 -0.028491998
v 0.30588102 0.0061230008 -0.029761998
v 0.29369104 0.0062930007 -0.029789997
v 0.30590904 0.0029380007 -0.031168997
v 0.29370999 0.0030140008 -0.031267997
v 0.30591702 7.1850081e-10 -0.032826997
v 0.30591702 7.1850081e-10 -0.032826997
v 0.29372895 7.1850081e-10 -0.032975998
v 0.29372895 7.1850081e-10 -0.032975998
v 0.20777905 7.1850081e-10 0.033945002
v 0.220276 7.1850081e-10 0.033864003
v 0.22025406 0.0041940007 0.031608
v 0.23284602 7.1850081e-10 0.033773001
v 0.23276699 0.0043920008 0.031397
v 0.269279 0.015597001 0.027391002
v 0.26936102 0.020977002 0.021974001
v 0.26947999 0.025462002 0.016719002
v 0.28150105 0.020930002 0.021989001
v 0.28163004 0.025138 0.016896002
v 0.28172505 0.027255001 0.012666002
v 0.29372799 0.025029 0.017024001
v 0.29379809 0.027268 0.012680002
v 0.29383802 0.028452002 0.0090290019
v 0.305812 0.027148001 0.012473002
v 0.30583298 0.028486 0.0085600019
v 0.30585802 0.029821001 0.0049940017
v 0.31783807 0.02861 0.0079140021
v 0.31785703 0.029975001 0.0042190016
v 0.31787908 0.031435002 0.00084500184
v 0.31787908 0.031435002 0.00084500184
v 0.32989609 0.030249001 0.0032930018
v 0.32992208 0.031433001 -0.00044199819
v 0.32992208 0.031433001 -0.00044199819
v 0.32991004 0.029975001 -0.0037989982
v 0.31787407 0.030558001 -0.0026049982
v 0.32990801 0.028555 -0.0074969982
v 0.31785905 0.029121 -0.0062079984
v 0.32994401 0.027181001 -0.011764999
v 0.31784904 0.027827 -0.010105998
v 0.32999909 0.025111001 -0.016342998
v 0.31784999 0.026344001 -0.014389998
v 0.33007395 0.021625001 -0.020908998
v 0.31788206 0.023396 -0.019093998
v 0.33015704 0.017743001 -0.024751998
v 0.31793499 0.019328 -0.023170998
v 0.33021104 0.014590001 -0.027233997
v 0.31798708 0.016076 -0.026561998
v 0.33025396 0.011272001 -0.027997999
v 0.31802905 0.012397001 -0.027746998
v 0.33029699 0.0080310004 -0.028799998
v 0.31805909 0.0088380007 -0.028626999
v 0.33033299 0.0052990005 -0.029979998
v 0.31808901 0.0057710009 -0.029844997
v 0.33036399 0.0025230008 -0.031177998
v 0.31811607 0.0027660008 -0.031159999
v 0.33038306 7.1850081e-10 -0.032603998
v 0.33038306 7.1850081e-10 -0.032603998
v 0.31813204 7.1850081e-10 -0.032723997
v 0.31813204 7.1850081e-10 -0.032723997
v 0.24536502 7.1850081e-10 0.033644002
v 0.25750196 7.1850081e-10 0.033502001
v 0.25740397 0.0048260009 0.030910002
v 0.269449 7.1850081e-10 0.033321001
v 0.269449 7.1850081e-10 0.033321001
v 0.26935709 0.0048700008 0.030744001
v 0.26928604 0.010056001 0.028704002
v 0.28138006 0.0049100006 0.030634001
v 0.28134906 0.010128001 0.028697003
v 0.28137898 0.015597001 0.027383002
v 0.29356301 0.010124001 0.028582001
v 0.29356599 0.015597001 0.027370002
v 0.29364407 0.020868002 0.022026002
v 0.305758 0.015597001 0.027297001
v 0.30574703 0.020846 0.021995002
v 0.30577898 0.025037 0.016965002
v 0.31780005 0.020835001 0.021931002
v 0.31781399 0.025098002 0.016729001
v 0.31783104 0.027335001 0.012048001
v 0.32987404 0.025124 0.016605001
v 0.32988107 0.02733 0.011621002
v 0.32988405 0.02878 0.0071770018
v 0.34205103 0.027313001 0.011500002
v 0.34207201 0.028828001 0.0067410017
v 0.34209907 0.030424001 0.0025610018
v 0.34209907 0.030424001 0.0025610018
v 0.35430205 0.028773 0.006587002
v 0.35434496 0.030491 0.0021250017
v 0.35434496 0.030491 0.0021250017
v 0.35435402 0.030453 -0.0020589982
v 0.34211195 0.030908002 -0.0012679982
v 0.34211195 0.030908002 -0.0012679982
v 0.35433495 0.028785001 -0.0062879981
v 0.34210503 0.029369 -0.0050509982
v 0.35433698 0.027303001 -0.010864998
v 0.34211302 0.027931001 -0.0091389986
v 0.35434699 0.025434 -0.015622998
v 0.34214604 0.026452001 -0.013690998
v 0.35437 0.022225 -0.020118998
v 0.34221208 0.023764001 -0.018417997
v 0.35440505 0.018427001 -0.023879997
v 0.34227705 0.019844001 -0.022536999
v 0.35444403 0.01529 -0.026883999
v 0.34233105 0.016482001 -0.025965998
v 0.35446608 0.012327 -0.027526999
v 0.34238398 0.013311001 -0.027386999
v 0.354491 0.0093780011 -0.028241998
v 0.34242105 0.010178001 -0.028131999
v 0.354514 0.0068180007 -0.029130999
v 0.34245598 0.0073170005 -0.029013999
v 0.35453904 0.0044710007 -0.030151999
v 0.34248805 0.0048210006 -0.030099997
v 0.35456097 0.0021090007 -0.031199999
v 0.34251499 0.0022730008 -0.031209998
v 0.35456204 7.1850081e-10 -0.032385997
v 0.35456204 7.1850081e-10 -0.032385997
v 0.34251404 7.1850081e-10 -0.032491997
v 0.34251404 7.1850081e-10 -0.032491997
v 0.28144109 7.1850081e-10 0.033192001
v 0.28144109 7.1850081e-10 0.033192001
v 0.29367006 7.1850081e-10 0.03308
v 0.29367006 7.1850081e-10 0.03308
v 0.29361308 0.0049250009 0.030528001
v 0.305951 7.1850081e-10 0.032915004
v 0.305951 7.1850081e-10 0.032915004
v 0.30588496 0.0048830006 0.030433001
v 0.30580604 0.010105001 0.028542003
v 0.31795502 0.0048950007 0.030336002
v 0.31788003 0.010103 0.028464003
v 0.31782806 0.015597001 0.027273001
v 0.32994807 0.010148001 0.028408002
v 0.32990205 0.015597001 0.027230002
v 0.32987106 0.020780001 0.021946002
v 0.34202802 0.015597001 0.027113002
v 0.34200203 0.020671001 0.021960001
v 0.34202099 0.024953 0.016739001
v 0.354159 0.020587001 0.021976002
v 0.35420203 0.024767 0.016906003
v 0.35425806 0.027169 0.011602002
v 0.36637104 0.024649 0.017050002
v 0.36644208 0.027061 0.011722002
v 0.36649704 0.028706001 0.0065080016
v 0.37862301 0.027063001 0.011699002
v 0.37867796 0.028685 0.0063170018
v 0.37873006 0.030544002 0.0013900019
v 0.37873006 0.030544002 0.0013900019
v 0.36655009 0.030524001 0.0017740018
v 0.36655009 0.030524001 0.0017740018
v 0.37870896 0.029577 -0.0035489982
v 0.36655998 0.030047001 -0.0028369981
v 0.37866104 0.027823001 -0.008609998
v 0.36652601 0.028246 -0.0074779983
v 0.37860405 0.026258001 -0.013798998
v 0.36649799 0.026699001 -0.012435998
v 0.37855995 0.023471002 -0.018600998
v 0.36647499 0.024342 -0.017276999
v 0.37854207 0.019778 -0.022488998
v 0.36646605 0.020834001 -0.021442998
v 0.378546 0.016600002 -0.025736999
v 0.36646903 0.017415 -0.024893999
v 0.37856603 0.013691001 -0.027167998
v 0.36648798 0.014439001 -0.027028998
v 0.37858701 0.010855 -0.027791997
v 0.36650908 0.011596001 -0.027675997
v 0.37860703 0.0081980005 -0.028451998
v 0.36653399 0.0087800007 -0.028338999
v 0.37862408 0.0060740006 -0.029316999
v 0.36655998 0.0064390008 -0.029220998
v 0.37864399 0.0039670006 -0.030208997
v 0.36658502 0.0042260005 -0.030176999
v 0.37866402 0.0018690007 -0.031099997
v 0.36660898 0.0019970008 -0.031142998
v 0.37866604 7.1850081e-10 -0.032130998
v 0.37866604 7.1850081e-10 -0.032130998
v 0.366611 7.1850081e-10 -0.032265998
v 0.366611 7.1850081e-10 -0.032265998
v 0.31800902 7.1850081e-10 0.032795001
v 0.31800902 7.1850081e-10 0.032795001
v 0.33006704 7.1850081e-10 0.032659002
v 0.33006704 7.1850081e-10 0.032659002
v 0.33001196 0.0049290005 0.030244002
v 0.34217799 7.1850081e-10 0.032516003
v 0.34217799 7.1850081e-10 0.032516003
v 0.34212697 0.0049420008 0.030122003
v 0.34207106 0.010164001 0.028311001
v 0.354267 0.0049350006 0.030045003
v 0.35419703 0.01015 0.028224003
v 0.35415804 0.015597001 0.027053002
v 0.36632502 0.010083001 0.028118001
v 0.36628902 0.015597001 0.027029002
v 0.36630595 0.020543002 0.021981001
v 0.37840903 0.015597001 0.027027002
v 0.37845504 0.020534001 0.021984002
v 0.37854099 0.024639001 0.017100003
v 0.39060199 0.020573001 0.021998001
v 0.39070606 0.024929 0.017085003
v 0.39079607 0.027115 0.011465002
v 0.40285301 0.024643 0.016716002
v 0.40293801 0.027121 0.011108002
v 0.40300906 0.028750001 0.0053510019
v 0.39084601 0.028679 0.0059200018
v 0.40305102 0.030549001 -0.00019299818
v 0.40305102 0.030549001 -0.00019299818
v 0.39089298 0.030565001 0.00084100181
v 0.39089298 0.030565001 0.00084100181
v 0.40300202 0.028720001 -0.005268998
v 0.39086199 0.029239001 -0.0043689981
v 0.40295708 0.027171001 -0.010685998
v 0.39077699 0.027444001 -0.0096549978
v 0.40289903 0.025239 -0.015996998
v 0.39072299 0.025781 -0.014961998
v 0.40286005 0.021833001 -0.020414999
v 0.39068604 0.022708001 -0.019606998
v 0.402843 0.018246001 -0.024026997
v 0.390674 0.018977001 -0.023319999
v 0.40283906 0.015240001 -0.026799997
v 0.39068198 0.015926002 -0.026461998
v 0.40283096 0.012495001 -0.027395999
v 0.39069104 0.013049001 -0.027335998
v 0.40283203 0.0098060006 -0.028056998
v 0.39070404 0.010233001 -0.027929999
v 0.40284204 0.0074340007 -0.028745998
v 0.39071596 0.0077680009 -0.028627997
v 0.40285504 0.0054630009 -0.029532999
v 0.39073002 0.0056920005 -0.029404998
v 0.40287006 0.0035490007 -0.030291999
v 0.39074504 0.0036820008 -0.030223997
v 0.40288699 0.0016720007 -0.031032998
v 0.39076304 0.0017470007 -0.031066999
v 0.40288806 7.1850081e-10 -0.031889997
v 0.40288806 7.1850081e-10 -0.031889997
v 0.390764 7.1850081e-10 -0.032020997
v 0.390764 7.1850081e-10 -0.032020997
v 0.35432506 7.1850081e-10 0.032399002
v 0.35432506 7.1850081e-10 0.032399002
v 0.36645806 7.1850081e-10 0.032260001
v 0.36645806 7.1850081e-10 0.032260001
v 0.36639202 0.0048480006 0.029869001
v 0.37854803 7.1850081e-10 0.032107003
v 0.37854803 7.1850081e-10 0.032107003
v 0.37848604 0.0048500006 0.029896002
v 0.37842906 0.010046001 0.028161002
v 0.39057803 0.0047260006 0.029807001
v 0.39054501 0.0099520003 0.028183002
v 0.39053595 0.015597001 0.027034001
v 0.40270507 0.0099210003 0.028176002
v 0.40270805 0.015597001 0.026959002
v 0.40276098 0.020513 0.021849003
v 0.41486299 0.015597001 0.026935002
v 0.41491997 0.020579001 0.021745002
v 0.41501701 0.024710001 0.016520001
v 0.42711604 0.020614 0.021656001
v 0.42721105 0.024815001 0.016324002
v 0.427302 0.027206 0.010401002
v 0.41509902 0.027062001 0.010743001
v 0.42736709 0.028841 0.0044030016
v 0.41516197 0.028846001 0.0048910016
v 0.42739499 0.029738002 -0.0013779982
v 0.42739499 0.029738002 -0.0013779982
v 0.41521895 0.030132001 -0.00078899821
v 0.41521895 0.030132001 -0.00078899821
v 0.42734897 0.027987001 -0.0070039984
v 0.41518605 0.028344002 -0.0061339983
v 0.42729104 0.026416 -0.012763998
v 0.41514003 0.026761001 -0.011701998
v 0.42723703 0.023574 -0.017827999
v 0.41507995 0.024358001 -0.016891997
v 0.42721999 0.020087 -0.021962998
v 0.41504002 0.020909 -0.021181999
v 0.42722595 0.016997 -0.025245998
v 0.41502404 0.017607002 -0.024633998
v 0.42722797 0.014272001 -0.026971998
v 0.41501796 0.014754001 -0.026883999
v 0.42723703 0.011645 -0.027544998
v 0.41501296 0.012074001 -0.027489997
v 0.427248 0.0091050006 -0.028179998
v 0.41500998 0.0094080009 -0.028091999
v 0.42726004 0.0069530006 -0.028820999
v 0.41501403 0.0071720006 -0.028787998
v 0.42727005 0.0050970009 -0.029478999
v 0.41502404 0.0052050008 -0.029495997
v 0.42728305 0.0033180008 -0.030153999
v 0.41503704 0.0033790008 -0.030207999
v 0.427297 0.0015950007 -0.030858999
v 0.41505802 0.0016150008 -0.030929998
v 0.42729509 7.1850081e-10 -0.031595998
v 0.42729509 7.1850081e-10 -0.031595998
v 0.41506803 7.1850081e-10 -0.031724997
v 0.41506803 7.1850081e-10 -0.031724997
v 0.39061904 7.1850081e-10 0.032015003
v 0.39061904 7.1850081e-10 0.032015003
v 0.402794 7.1850081e-10 0.031867001
v 0.402794 7.1850081e-10 0.031867001
v 0.40273106 0.0047230008 0.029797003
v 0.41495597 7.1850081e-10 0.0317
v 0.41495597 7.1850081e-10 0.0317
v 0.41490996 0.0048740008 0.029772002
v 0.414873 0.010069001 0.028174002
v 0.42712402 0.0049080006 0.029640002
v 0.42708409 0.010104001 0.028090002
v 0.42706704 0.015597001 0.026928002
v 0.43931401 0.010091001 0.028080001
v 0.43929708 0.015597001 0.026892003
v 0.43932605 0.020577 0.021703001
v 0.45147204 0.015597001 0.026880002
v 0.45150304 0.020577 0.021793002
v 0.45157397 0.024855001 0.016335001
v 0.43940103 0.024818001 0.016252002
v 0.45165002 0.027161 0.010037002
v 0.43949103 0.027174002 0.010137002
v 0.45173001 0.028847001 0.0037100017
v 0.45173001 0.028847001 0.0037100017
v 0.43956399 0.028879 0.0039680018
v 0.45174801 0.029170001 -0.0024089981
v 0.45174801 0.029170001 -0.0024089981
v 0.43957007 0.029422 -0.0019879981
v 0.43957007 0.029422 -0.0019879981
v 0.45169902 0.027498001 -0.0084149987
v 0.43949699 0.027688 -0.007834998
v 0.45164204 0.025883 -0.014331998
v 0.43944609 0.026079001 -0.013693999
v 0.45161903 0.022931 -0.019187998
v 0.43941009 0.023172 -0.018731998
v 0.45162404 0.019334001 -0.022799999
v 0.43939805 0.019557001 -0.022570997
v 0.45163906 0.016401 -0.025814999
v 0.43942201 0.016558001 -0.025663998
v 0.451653 0.013725 -0.027023999
v 0.43944609 0.013868 -0.027015999
v 0.45166004 0.011194001 -0.027594998
v 0.43946397 0.011319 -0.027609998
v 0.45166898 0.0087480005 -0.028176999
v 0.43948102 0.0088270009 -0.028202998
v 0.45167899 0.0067470009 -0.028788999
v 0.43949401 0.0067970008 -0.028824998
v 0.45168698 0.0049890005 -0.029418997
v 0.43950701 0.0050280006 -0.029474998
v 0.45169604 0.0032530008 -0.030055998
v 0.43952 0.0032780007 -0.030125998
v 0.45170498 0.0015650007 -0.030722998
v 0.43953001 0.0015710007 -0.030791998
v 0.45170498 7.1850081e-10 -0.031401999
v 0.45170498 7.1850081e-10 -0.031401999
v 0.43953598 7.1850081e-10 -0.031489
v 0.43953598 7.1850081e-10 -0.031489
v 0.42719996 7.1850081e-10 0.031566001
v 0.42719996 7.1850081e-10 0.031566001
v 0.43937409 7.1850081e-10 0.031431001
v 0.43937409 7.1850081e-10 0.031431001
v 0.439345 0.0049030008 0.029613001
v 0.45150805 7.1850081e-10 0.031365003
v 0.45150805 7.1850081e-10 0.031365003
v 0.45148802 0.0048730006 0.029559001
v 0.45147002 0.010049 0.028025001
v 0.46355498 0.0048740008 0.029487003
v 0.46356308 0.010042001 0.027942002
v 0.463606 0.015597001 0.026765002
v 0.47581708 0.010040001 0.027841002
v 0.47585702 0.015597001 0.026718002
v 0.47595501 0.020448001 0.021752002
v 0.46368396 0.020521 0.021754002
v 0.47608507 0.024711 0.016425002
v 0.46378195 0.024794001 0.016363002
v 0.47619402 0.026971001 0.010097002
v 0.46387804 0.027096001 0.010020002
v 0.476264 0.028635001 0.0037290019
v 0.476264 0.028635001 0.0037290019
v 0.46395099 0.028746001 0.0036400019
v 0.46395099 0.028746001 0.0036400019
v 0.47626305 0.028981 -0.0023659982
v 0.47626305 0.028981 -0.0023659982
v 0.46396697 0.029015001 -0.0025279983
v 0.47620809 0.027360002 -0.0083089983
v 0.46391594 0.027368002 -0.0085849985
v 0.47613895 0.025859 -0.014075998
v 0.46386206 0.025761001 -0.014465998
v 0.47608602 0.023215001 -0.018749999
v 0.46383607 0.022877 -0.019146997
v 0.476053 0.019913001 -0.022063999
v 0.46383297 0.019408001 -0.022613999
v 0.47604406 0.017048001 -0.024962999
v 0.46384203 0.016532 -0.025560997
v 0.47603905 0.014532001 -0.026683997
v 0.46384799 0.013947001 -0.026864998
v 0.47602808 0.012116001 -0.027237998
v 0.46385002 0.011454001 -0.027424999
v 0.47601807 0.009707001 -0.027790999
v 0.46385503 0.0090500005 -0.028013999
v 0.47600698 0.0074000009 -0.028350998
v 0.46386003 0.0069470005 -0.028633999
v 0.47599804 0.0055220006 -0.029059999
v 0.46386504 0.0051510008 -0.029272998
v 0.47598708 0.0036780008 -0.029767998
v 0.46387208 0.0033920007 -0.029926999
v 0.47598004 0.0018520007 -0.030469999
v 0.46388102 0.0016580008 -0.030612998
v 0.47597206 7.1850081e-10 -0.031180998
v 0.47597206 7.1850081e-10 -0.031180998
v 0.463889 7.1850081e-10 -0.031306997
v 0.463889 7.1850081e-10 -0.031306997
v 0.46360099 7.1850081e-10 0.031289004
v 0.46360099 7.1850081e-10 0.031289004
v 0.47583902 7.1850081e-10 0.031138001
v 0.47583902 7.1850081e-10 0.031138001
v 0.47581708 0.0048850006 0.029337002
v 0.48830307 7.1850081e-10 0.030986002
v 0.48830307 7.1850081e-10 0.030986002
v 0.48826301 0.0049120006 0.029312002
v 0.48823297 0.010086001 0.027858002
v 0.500736 0.0050710007 0.029230002
v 0.50069106 0.010248001 0.027868003
v 0.50068402 0.015597001 0.026746001
v 0.48823798 0.015597001 0.026761001
v 0.50074494 0.020248001 0.021961002
v 0.48831809 0.020374 0.021849003
v 0.50087106 0.024425 0.016851002
v 0.48844802 0.024645001 0.016608002
v 0.50101197 0.026689 0.010759002
v 0.48859 0.026918001 0.010364002
v 0.50110495 0.028065002 0.0046140016
v 0.48868906 0.028433001 0.004048002
v 0.50112307 0.028632 -0.0012179982
v 0.50112307 0.028632 -0.0012179982
v 0.48870504 0.028991001 -0.0019579981
v 0.48870504 0.028991001 -0.0019579981
v 0.501091 0.027681001 -0.0066659981
v 0.48862803 0.027488001 -0.0076209982
v 0.50101697 0.026369 -0.011874998
v 0.48853302 0.026142001 -0.013173998
v 0.50091898 0.024518 -0.016558997
v 0.48845708 0.023912001 -0.017949998
v 0.50085294 0.021743001 -0.020191997
v 0.488433 0.020780001 -0.021279998
v 0.50082195 0.018729001 -0.023249999
v 0.488415 0.017806001 -0.024211999
v 0.50082803 0.01633 -0.025722997
v 0.48840606 0.015329001 -0.026554998
v 0.50084901 0.013708001 -0.026892997
v 0.48841405 0.012847001 -0.027059998
v 0.50087607 0.011113001 -0.027468998
v 0.48842299 0.010374 -0.027602999
v 0.5008961 0.0085620005 -0.028034998
v 0.48843503 0.0079690004 -0.028167998
v 0.500911 0.0062790005 -0.028710999
v 0.48844504 0.0058990009 -0.028866999
v 0.50091898 0.0041610007 -0.029423999
v 0.48845303 0.0039110007 -0.029563999
v 0.50092995 0.0020590008 -0.030130997
v 0.488451 0.0019570007 -0.030290999
v 0.50092602 7.1850081e-10 -0.030829998
v 0.50092602 7.1850081e-10 -0.030829998
v 0.48844004 7.1850081e-10 -0.031021997
v 0.48844004 7.1850081e-10 -0.031021997
v 0.50078499 7.1850081e-10 0.030814001
v 0.50078499 7.1850081e-10 0.030814001
v 0.51325095 7.1850081e-10 0.030713001
v 0.51325095 7.1850081e-10 0.030713001
v 0.51320708 0.0052110008 0.029149001
v 0.52571201 7.1850081e-10 0.030597001
v 0.52571201 7.1850081e-10 0.030597001
v 0.73740804 7.1850081e-10 -0.028868997
v 0.73740804 7.1850081e-10 -0.028868997
v 0.749861 7.1850081e-10 -0.028685998
v 0.749861 7.1850081e-10 -0.028685998
v 0.76229703 7.1850081e-10 -0.028866999
v 0.76229703 7.1850081e-10 -0.028866999
v 0.77475202 7.1850081e-10 -0.028665999
v 0.74988306 0.0031220007 -0.028315999
v 0.76233804 0.0031550007 -0.028458998
v 0.787251 7.1850081e-10 -0.028760998
v 0.79963803 7.1850081e-10 -0.028733999
v 0.56317198 7.1850081e-10 0.030300003
v 0.56317198 7.1850081e-10 0.030300003
v 0.55069304 7.1850081e-10 0.030375002
v 0.55069304 7.1850081e-10 0.030375002
v 0.53819311 7.1850081e-10 0.030467002
v 0.53819311 7.1850081e-10 0.030467002
v 0.55065811 0.0051540006 0.028986001
v 0.53816807 0.0051770005 0.029039001
v 0.5256871 0.0051920009 0.029075002
v 0.53814709 0.010378 0.027825002
v 0.52566803 0.010388001 0.027835002
v 0.51317 0.010374 0.027832001
v 0.52566099 0.015597001 0.026824001
v 0.51316297 0.015597001 0.026816001
v 0.52569306 0.020026 0.022219002
v 0.51322603 0.020140002 0.022116002
v 0.52576399 0.024014 0.017282002
v 0.513327 0.024265001 0.017117001
v 0.52585602 0.026516 0.011630001
v 0.51344502 0.02668 0.011226002
v 0.52591598 0.027813001 0.0058130017
v 0.51350904 0.027962001 0.005214002
v 0.52593601 0.028477 0.0004040018
v 0.52593601 0.028477 0.0004040018
v 0.51352704 0.028582001 -0.0004329982
v 0.51352704 0.028582001 -0.0004329982
v 0.52593303 0.027998 -0.0045379982
v 0.513502 0.027885001 -0.0055719982
v 0.52589405 0.027078001 -0.0091949981
v 0.51344597 0.026789 -0.010515998
v 0.525841 0.025986001 -0.013567998
v 0.51337397 0.025343001 -0.015114998
v 0.52580297 0.024049001 -0.017353998
v 0.51331794 0.023031 -0.018954998
v 0.525787 0.021543 -0.020451998
v 0.51330101 0.020141 -0.021933999
v 0.52577698 0.018952001 -0.023159998
v 0.51329696 0.017558001 -0.024546998
v 0.52578795 0.016506001 -0.025641998
v 0.51330602 0.014983001 -0.026666999
v 0.52579796 0.013520001 -0.026956998
v 0.51333606 0.012061001 -0.027226998
v 0.52581704 0.010484001 -0.027576998
v 0.51336205 0.0093090003 -0.027831998
v 0.52583504 0.0075270007 -0.028252998
v 0.51338804 0.0067400006 -0.028485999
v 0.52585804 0.0048770006 -0.029023997
v 0.51340699 0.0043960009 -0.029215999
v 0.52586806 0.0024040006 -0.029780999
v 0.51341701 0.0021830008 -0.029953998
v 0.52585101 7.1850081e-10 -0.030584998
v 0.52585101 7.1850081e-10 -0.030584998
v 0.51341307 7.1850081e-10 -0.030734999
v 0.51341307 7.1850081e-10 -0.030734999
v 0.700104 7.1850081e-10 -0.029028999
v 0.700104 7.1850081e-10 -0.029028999
v 0.712569 7.1850081e-10 -0.028783998
v 0.712569 7.1850081e-10 -0.028783998
v 0.72499907 7.1850081e-10 -0.028814998
v 0.72499907 7.1850081e-10 -0.028814998
v 0.71258199 0.0032210008 -0.028371999
v 0.72500801 0.0031500007 -0.028373998
v 0.737445 0.0031190007 -0.028416999
v 0.72501004 0.0062780008 -0.027962998
v 0.73744595 0.0062160008 -0.027990999
v 0.74989307 0.0062220008 -0.027976999
v 0.73744094 0.0092620011 -0.027531998
v 0.74989307 0.0092280004 -0.027551997
v 0.76236808 0.009207001 -0.027565999
v 0.74988902 0.012215001 -0.027118998
v 0.76235306 0.012189001 -0.027144998
v 0.81204808 7.1850081e-10 -0.028582998
v 0.60067201 7.1850081e-10 0.029115003
v 0.60067201 7.1850081e-10 0.029115003
v 0.58883798 7.1850081e-10 0.029468002
v 0.58883798 7.1850081e-10 0.029468002
v 0.5758661 7.1850081e-10 0.030207003
v 0.5758661 7.1850081e-10 0.030207003
v 0.58831108 0.0051330007 0.028641002
v 0.57573903 0.0048060007 0.028959002
v 0.56313598 0.0050540008 0.028994001
v 0.57553303 0.010181 0.027785001
v 0.56309807 0.010273001 0.027800001
v 0.55062497 0.010364001 0.027806003
v 0.5630821 0.015597001 0.026777001
v 0.5506171 0.015597001 0.026862001
v 0.53813994 0.015597001 0.026857002
v 0.55062699 0.019979 0.022410002
v 0.53817201 0.019975001 0.022322001
v 0.55066097 0.024021002 0.017716002
v 0.53821695 0.023955001 0.017502002
v 0.55070293 0.026430001 0.012270002
v 0.53828108 0.026444001 0.011996002
v 0.55073893 0.027534001 0.006742002
v 0.53832901 0.027646001 0.006318002
v 0.55076706 0.028220002 0.0016470018
v 0.55076706 0.028220002 0.0016470018
v 0.53835094 0.028323 0.0011230018
v 0.53835094 0.028323 0.0011230018
v 0.55077302 0.028110001 -0.0030839981
v 0.53834105 0.027973 -0.0036969981
v 0.55075002 0.027368002 -0.0074839983
v 0.53832495 0.027257001 -0.0081919981
v 0.55071795 0.026579 -0.011578999
v 0.53828299 0.026278 -0.012361998
v 0.55070698 0.025397001 -0.015371998
v 0.53825402 0.024763001 -0.016115999
v 0.55070198 0.023366001 -0.018547999
v 0.53824401 0.022639001 -0.019313999
v 0.55069399 0.020856 -0.021229997
v 0.53824699 0.020093001 -0.022001998
v 0.55070102 0.018373001 -0.023798998
v 0.53825009 0.017596001 -0.024576997
v 0.55071402 0.015972001 -0.026222998
v 0.53826404 0.014962001 -0.026709998
v 0.55072403 0.012722 -0.027119998
v 0.53828204 0.011770001 -0.027330998
v 0.55074108 0.0094190007 -0.027784998
v 0.53829706 0.0086090006 -0.027960999
v 0.55075395 0.0062260008 -0.028554998
v 0.53830397 0.0056550009 -0.028765999
v 0.5507611 0.0030940007 -0.029419998
v 0.53830707 0.0027510007 -0.029614998
v 0.55074298 7.1850081e-10 -0.030343998
v 0.55074298 7.1850081e-10 -0.030343998
v 0.5382961 7.1850081e-10 -0.030452998
v 0.5382961 7.1850081e-10 -0.030452998
v 0.6627351 7.1850081e-10 -0.029034998
v 0.6627351 7.1850081e-10 -0.029034998
v 0.67518103 7.1850081e-10 -0.028913999
v 0.67518103 7.1850081e-10 -0.028913999
v 0.68766201 7.1850081e-10 -0.028839998
v 0.68766201 7.1850081e-10 -0.028839998
v 0.67519903 0.0032160007 -0.028592998
v 0.687657 0.0032610006 -0.028429998
v 0.70011902 0.0033010007 -0.028567998
v 0.68766201 0.0065240008 -0.028035998
v 0.70011294 0.0065420009 -0.028017998
v 0.71257102 0.0064150007 -0.027978998
v 0.70011199 0.0096940007 -0.027521998
v 0.71256399 0.0095160007 -0.027486999
v 0.72500598 0.0093500009 -0.027486999
v 0.71255803 0.01257 -0.026996998
v 0.72499704 0.012378001 -0.027023999
v 0.73743403 0.012274001 -0.027086997
v 0.72498906 0.015330001 -0.026566999
v 0.73742807 0.015197 -0.026647998
v 0.74988401 0.015124001 -0.026696999
v 0.73743308 0.017497001 -0.024738999
v 0.74988604 0.017416 -0.024852999
v 0.76233494 0.017414 -0.024906999
v 0.63785005 7.1850081e-10 0.029176002
v 0.63785005 7.1850081e-10 0.029176002
v 0.625422 7.1850081e-10 0.028856002
v 0.625422 7.1850081e-10 0.028856002
v 0.61299694 7.1850081e-10 0.029359002
v 0.61299694 7.1850081e-10 0.029359002
v 0.62537396 0.0052190009 0.028265001
v 0.61293304 0.0052460008 0.028486002
v 0.60053599 0.0053520007 0.028440002
v 0.61289394 0.010414001 0.027548002
v 0.60045099 0.010442001 0.027545001
v 0.58786809 0.010335001 0.027683001
v 0.60039699 0.015597001 0.026621003
v 0.58782899 0.015597001 0.026660001
v 0.57544601 0.015597001 0.026757002
v 0.58787501 0.019907001 0.022282002
v 0.57547402 0.019899001 0.022350002
v 0.56306994 0.019903 0.022355001
v 0.57553399 0.023743 0.017689003
v 0.56310201 0.023793001 0.017688002
v 0.57558501 0.026296001 0.012443001
v 0.563146 0.026211001 0.012377001
v 0.57561004 0.027368002 0.0070070019
v 0.56316793 0.027380001 0.006955002
v 0.57562506 0.028028 0.0020570017
v 0.57562506 0.028028 0.0020570017
v 0.56317902 0.028000001 0.0019740018
v 0.56317902 0.028000001 0.0019740018
v 0.57563102 0.027985001 -0.0025449982
v 0.5631851 0.027898001 -0.0026619982
v 0.57562602 0.027375001 -0.0068139983
v 0.56317794 0.027356001 -0.006982998
v 0.575616 0.026632002 -0.010796999
v 0.56317794 0.026505001 -0.010993998
v 0.57559001 0.025638001 -0.014539998
v 0.5631541 0.025536001 -0.014772998
v 0.57558095 0.023737 -0.017751997
v 0.56314003 0.023671001 -0.018009998
v 0.57558596 0.021469001 -0.020576999
v 0.56313908 0.021268001 -0.020753998
v 0.57559204 0.019009002 -0.023150999
v 0.56314194 0.018787 -0.023327999
v 0.57560503 0.016545001 -0.025583997
v 0.56315005 0.016340001 -0.025768999
v 0.57562399 0.013456001 -0.026900997
v 0.56316507 0.013215001 -0.026982998
v 0.57564294 0.010068 -0.027543997
v 0.56319499 0.009858001 -0.027650999
v 0.57566202 0.0066880006 -0.028296998
v 0.56321001 0.0065380009 -0.028412998
v 0.57567704 0.0033380007 -0.029178998
v 0.56321502 0.0032680007 -0.029335998
v 0.57565701 7.1850081e-10 -0.030166999
v 0.57565701 7.1850081e-10 -0.030166999
v 0.56320202 7.1850081e-10 -0.030261999
v 0.56320202 7.1850081e-10 -0.030261999
v 0.62550902 7.1850081e-10 -0.028661998
v 0.62550902 7.1850081e-10 -0.028661998
v 0.63785398 7.1850081e-10 -0.029028999
v 0.63785398 7.1850081e-10 -0.029028999
v 0.65025604 7.1850081e-10 -0.029146999
v 0.65025604 7.1850081e-10 -0.029146999
v 0.63787401 0.0033860006 -0.028524999
v 0.65027797 0.0032850008 -0.028656999
v 0.6627301 0.0032050007 -0.028568998
v 0.65029001 0.0064930008 -0.028079998
v 0.66274405 0.0063820006 -0.028092999
v 0.67520607 0.0064100008 -0.028079998
v 0.66275108 0.0095040007 -0.027558997
v 0.67520905 0.0095810005 -0.027578998
v 0.68766105 0.0096940007 -0.027530998
v 0.67521298 0.012707001 -0.027047997
v 0.68765903 0.012826 -0.027007999
v 0.70011199 0.012798001 -0.027014999
v 0.68766105 0.015853001 -0.026303997
v 0.70011604 0.015814001 -0.026361998
v 0.71255195 0.015603 -0.026503999
v 0.70011902 0.017997 -0.024297997
v 0.71255696 0.017816002 -0.024388999
v 0.72499299 0.017630002 -0.024557998
v 0.71256006 0.020016002 -0.022200998
v 0.72499907 0.019830002 -0.022369998
v 0.73744202 0.019672001 -0.022572998
v 0.72500503 0.021962 -0.020091997
v 0.73745203 0.021788001 -0.020319998
v 0.74989402 0.021646 -0.020471998
v 0.74988997 0.019566001 -0.022712998
v 0.76233101 0.021652 -0.020524997
v 0.67520499 7.1850081e-10 0.029248001
v 0.67520499 7.1850081e-10 0.029248001
v 0.66280103 7.1850081e-10 0.029151002
v 0.66280103 7.1850081e-10 0.029151002
v 0.65032399 7.1850081e-10 0.029170001
v 0.65032399 7.1850081e-10 0.029170001
v 0.66270101 0.0052190009 0.028466001
v 0.65028203 0.0052130008 0.028448002
v 0.63783395 0.0052210009 0.028403001
v 0.65025795 0.010411001 0.027581003
v 0.63781798 0.010410001 0.027555002
v 0.62535894 0.010410001 0.027509002
v 0.63781607 0.015597001 0.026687002
v 0.62535298 0.015597001 0.026643002
v 0.61287796 0.015597001 0.026639001
v 0.62537396 0.020259 0.022027003
v 0.61288798 0.020115001 0.022143003
v 0.60040295 0.019988 0.022221003
v 0.61292398 0.024061 0.017265001
v 0.60045397 0.023861 0.017473001
v 0.58794999 0.023758002 0.017610002
v 0.60050094 0.026229002 0.012088002
v 0.58801901 0.026178 0.012319001
v 0.60053599 0.027263001 0.0066420017
v 0.58806503 0.0273 0.0069200019
v 0.60056293 0.027847001 0.0016370018
v 0.60056293 0.027847001 0.0016370018
v 0.58809507 0.02792 0.0019380018
v 0.58809507 0.02792 0.0019380018
v 0.60056901 0.027687 -0.0029489982
v 0.58810401 0.027817002 -0.0026489983
v 0.60055804 0.027150001 -0.0071889982
v 0.58808804 0.027283 -0.0068989983
v 0.60052097 0.026359001 -0.011113998
v 0.58807003 0.026518 -0.010850999
v 0.60050094 0.025383001 -0.014774999
v 0.58805501 0.025582001 -0.014568998
v 0.60048306 0.023542 -0.017880999
v 0.58805203 0.023734001 -0.017756999
v 0.6004771 0.021335 -0.020641997
v 0.58804703 0.021465002 -0.020549998
v 0.60048211 0.018941 -0.023167998
v 0.588045 0.019036001 -0.023096997
v 0.60049498 0.016509 -0.025511999
v 0.58805501 0.016577 -0.025490997
v 0.60052907 0.013474001 -0.026745997
v 0.58807194 0.013509001 -0.026822999
v 0.600577 0.010140001 -0.027369998
v 0.58810008 0.01013 -0.027477998
v 0.60062003 0.0067770006 -0.028088998
v 0.58812702 0.0067550009 -0.028213998
v 0.60064399 0.0034180006 -0.028965998
v 0.58814704 0.0033820006 -0.029109998
v 0.60063601 7.1850081e-10 -0.029881999
v 0.60063601 7.1850081e-10 -0.029881999
v 0.58814001 7.1850081e-10 -0.030039998
v 0.58814001 7.1850081e-10 -0.030039998
v 0.61309206 7.1850081e-10 -0.029164998
v 0.61309206 7.1850081e-10 -0.029164998
v 0.61311305 0.0034220007 -0.028683998
v 0.62549293 0.0033790008 -0.028261999
v 0.61310303 0.0068040006 -0.028006999
v 0.62548006 0.0067880009 -0.027863998
v 0.63786805 0.0066940007 -0.027960999
v 0.62545502 0.010079001 -0.027339999
v 0.63786101 0.0099110007 -0.027424999
v 0.6503011 0.0096390005 -0.027522998
v 0.63785601 0.013067001 -0.026898999
v 0.65031099 0.012749 -0.026973998
v 0.66274703 0.012619001 -0.027028998
v 0.65031707 0.015818 -0.026271999
v 0.66274607 0.015716001 -0.026405998
v 0.67521107 0.015767001 -0.026388999
v 0.66275799 0.017948002 -0.024338998
v 0.67521203 0.01798 -0.024326999
v 0.68766403 0.018040001 -0.024255998
v 0.67521703 0.020188 -0.022144997
v 0.68766797 0.020239001 -0.022084998
v 0.70012105 0.020205 -0.022118999
v 0.68767297 0.022430001 -0.019835997
v 0.700122 0.022389 -0.019862998
v 0.71256196 0.022168001 -0.019923998
v 0.700122 0.024162 -0.017169999
v 0.71256506 0.023974001 -0.017282998
v 0.72500908 0.023829 -0.017528998
v 0.71257007 0.025526 -0.014344999
v 0.72501504 0.025393 -0.014686998
v 0.73747003 0.025343001 -0.015035998
v 0.73746204 0.023721 -0.017833998
v 0.749915 0.025084 -0.015199998
v 0.74990094 0.02352 -0.017991997
v 0.76233709 0.025078001 -0.015234998
v 0.76232994 0.023473 -0.017999997
v 0.71255004 7.1850081e-10 0.028910002
v 0.71255004 7.1850081e-10 0.028910002
v 0.70009601 7.1850081e-10 0.029215002
v 0.70009601 7.1850081e-10 0.029215002
v 0.68765008 7.1850081e-10 0.029008001
v 0.68765008 7.1850081e-10 0.029008001
v 0.70006502 0.0052320007 0.028449003
v 0.68759799 0.0052180006 0.028414002
v 0.67515695 0.0052190009 0.028517002
v 0.68757093 0.010413 0.027640002
v 0.67512405 0.010416001 0.027660001
v 0.66268194 0.010412001 0.027599001
v 0.67511809 0.015597001 0.026746001
v 0.662678 0.015597001 0.026711002
v 0.65025508 0.015597001 0.026670001
v 0.66271901 0.020543002 0.021719001
v 0.65028894 0.020500001 0.021787003
v 0.63784301 0.020412 0.021908002
v 0.65032899 0.024575001 0.016357001
v 0.63787603 0.024446001 0.016645001
v 0.62540603 0.024218 0.016961003
v 0.63789809 0.026529001 0.010614002
v 0.62544596 0.026280001 0.011162002
v 0.61296701 0.026361 0.011696002
v 0.62546301 0.027218001 0.005520002
v 0.61301005 0.027278 0.0061400016
v 0.62547696 0.027766 0.00039600182
v 0.62547696 0.027766 0.00039600182
v 0.613029 0.027797 0.0011050018
v 0.613029 0.027797 0.0011050018
v 0.62544096 0.027347 -0.0041859983
v 0.61302197 0.027627001 -0.0034579982
v 0.62541902 0.026821001 -0.0083789984
v 0.61299801 0.027002001 -0.0076869982
v 0.62538898 0.026023 -0.012197998
v 0.61295605 0.026313001 -0.011565998
v 0.62536395 0.024871001 -0.015669998
v 0.61292398 0.025174001 -0.015141998
v 0.62535501 0.023108 -0.018656999
v 0.61290002 0.023365 -0.018204998
v 0.62535799 0.020909 -0.021216998
v 0.61288798 0.021157 -0.020868998
v 0.62536895 0.018624 -0.023565998
v 0.61289608 0.018813001 -0.023327999
v 0.625386 0.016325001 -0.025728999
v 0.61293209 0.016438 -0.025606997
v 0.62542307 0.013319001 -0.026795998
v 0.61299002 0.013434 -0.026765998
v 0.61305106 0.010140001 -0.027355999
v 0.63785398 0.016069001 -0.026037998
v 0.63784897 0.018358001 -0.023903998
v 0.65031707 0.018078001 -0.024184998
v 0.63784599 0.020652 -0.021609997
v 0.65031803 0.020354001 -0.021937998
v 0.66276801 0.020197 -0.022120997
v 0.65031898 0.022602001 -0.019635998
v 0.66277599 0.022415001 -0.019834999
v 0.67522299 0.022373 -0.019876998
v 0.66278601 0.024225 -0.017086998
v 0.67523301 0.024173001 -0.017137999
v 0.68767798 0.024203001 -0.017117998
v 0.67524803 0.025751 -0.014031998
v 0.68768501 0.025672 -0.013984998
v 0.70012701 0.025647001 -0.014115999
v 0.68769801 0.026387 -0.010320998
v 0.70013702 0.02644 -0.010533998
v 0.71258008 0.026246 -0.010818998
v 0.70014203 0.027005 -0.0067309984
v 0.71258008 0.026867 -0.0071309982
v 0.72503102 0.026760001 -0.0075669982
v 0.7250191 0.026161 -0.011197998
v 0.73749804 0.026689 -0.0079699978
v 0.73747694 0.026157001 -0.011602998
v 0.74995506 0.026613001 -0.0081979986
v 0.74993694 0.025974 -0.011831998
v 0.76237202 0.026608001 -0.0082099978
v 0.83661211 0.027625 -0.0011809982
v 0.84924996 0.027927 0.00072300178
v 0.74992406 7.1850081e-10 0.028937003
v 0.74992406 7.1850081e-10 0.028937003
v 0.73740399 7.1850081e-10 0.029092003
v 0.73740399 7.1850081e-10 0.029092003
v 0.72502506 7.1850081e-10 0.028960003
v 0.72502506 7.1850081e-10 0.028960003
v 0.73739493 0.0052040005 0.028373001
v 0.72493708 0.0052120006 0.028338002
v 0.71251404 0.0052090008 0.028319001
v 0.72491109 0.010409 0.027558003
v 0.71248102 0.010409 0.027558003
v 0.700032 0.010414001 0.027623001
v 0.71247208 0.015597001 0.026718002
v 0.70002604 0.015597001 0.026770001
v 0.68756306 0.015597001 0.026753001
v 0.70003903 0.020848 0.021559002
v 0.687585 0.020684 0.021608002
v 0.67513502 0.020603001 0.021685002
v 0.68762195 0.024822 0.015874002
v 0.67518508 0.024766 0.016043002
v 0.6627661 0.024676001 0.016168002
v 0.6752311 0.026686002 0.009564002
v 0.66278303 0.026659001 0.0098030018
v 0.65034807 0.026555 0.010132002
v 0.66279495 0.027503001 0.0037450017
v 0.66279495 0.027503001 0.0037450017
v 0.65034497 0.027424 0.0042310017
v 0.65034497 0.027424 0.0042310017
v 0.63790703 0.027432 0.004850002
v 0.63790703 0.027432 0.004850002
v 0.65033901 0.027734 -0.0011249982
v 0.63789809 0.027765 -0.00044799817
v 0.63789809 0.027765 -0.00044799817
v 0.65033996 0.027254 -0.0057379981
v 0.63787997 0.027387001 -0.0050379983
v 0.6503371 0.026587 -0.0098829987
v 0.63786709 0.026729001 -0.0092289979
v 0.65032709 0.025797 -0.013640998
v 0.63785601 0.025952 -0.013020998
v 0.65032399 0.024376001 -0.016837997
v 0.63784897 0.024635 -0.016374998
v 0.63784504 0.022941001 -0.019309998
v 0.66279602 0.025731001 -0.013971998
v 0.6628021 0.026541 -0.010243998
v 0.67525995 0.026551001 -0.010333998
v 0.66280603 0.027213002 -0.0061649983
v 0.67526996 0.027157001 -0.0063299984
v 0.687711 0.027049001 -0.0064439983
v 0.67527103 0.027652001 -0.0019569981
v 0.68771303 0.027498001 -0.0022509983
v 0.70014298 0.027509 -0.0026179983
v 0.68770111 0.027447 0.0028870017
v 0.68770111 0.027447 0.0028870017
v 0.70013607 0.027536001 0.0023430018
v 0.70013607 0.027536001 0.0023430018
v 0.71257901 0.027475001 0.0016900018
v 0.71257901 0.027475001 0.0016900018
v 0.71258199 0.027320001 -0.0030369982
v 0.72504199 0.027494 0.0010580018
v 0.72504199 0.027494 0.0010580018
v 0.72503603 0.027261 -0.0035099981
v 0.73750603 0.027496001 0.00058600178
v 0.73750603 0.027496001 0.00058600178
v 0.73750603 0.027204001 -0.003922998
v 0.74995899 0.027458001 0.00031600179
v 0.74995899 0.027458001 0.00031600179
v 0.74995697 0.027067 -0.0041319984
v 0.76239204 0.027432 0.00032200181
v 0.76239204 0.027432 0.00032200181
v 0.77481496 0.027369 0.0008480018
v 0.78722394 0.027281001 0.0019980017
v 0.79962301 0.027140001 0.0035710018
v 0.81196201 0.026911 0.0054120016
v 0.81193697 0.027366001 -0.00045599818
v 0.82428896 0.026783001 0.0073220017
v 0.82423198 0.027393 0.0016170018
v 0.83675003 0.026691001 0.0088540018
v 0.83661807 0.027356001 0.0036900018
v 0.84950304 0.026616002 0.0099270018
v 0.84933507 0.0275 0.005282002
v 0.86223996 0.025155 0.010584001
v 0.86233103 0.026315 0.0065710018
v 0.86237001 0.026818002 0.0025150019
v 0.87560999 0.023447001 0.0075880019
v 0.87548304 0.023825001 0.0032820017
v 0.88710701 0.020342 0.0035800019
v 0.78739405 7.1850081e-10 0.028976003
v 0.78739405 7.1850081e-10 0.028976003
v 0.77490103 7.1850081e-10 0.028870001
v 0.77490103 7.1850081e-10 0.028870001
v 0.76238799 7.1850081e-10 0.029134002
v 0.76238799 7.1850081e-10 0.029134002
v 0.774809 0.0052080005 0.028318001
v 0.76233494 0.0052160006 0.028416002
v 0.74983799 0.0051960009 0.028341001
v 0.76227796 0.010403001 0.027665002
v 0.74980903 0.010398 0.027639002
v 0.73736501 0.010406001 0.027601002
v 0.74980509 0.015597001 0.026871001
v 0.73735607 0.015597001 0.026821002
v 0.72490609 0.015597001 0.026748002
v 0.73739803 0.020935001 0.021222001
v 0.72495699 0.020896001 0.021241002
v 0.712497 0.020882001 0.021381002
v 0.72502005 0.025209 0.015103002
v 0.71255195 0.025120001 0.015375001
v 0.70008004 0.025020001 0.015680002
v 0.71258008 0.026719 0.0083730016
v 0.70011699 0.02671 0.0088810017
v 0.68766999 0.026660001 0.009289002
v 0.67525709 0.027549 0.0033360019
v 0.67525709 0.027549 0.0033360019
v 0.66280401 0.027719 -0.0016239982
v 0.72504508 0.026745001 0.007902002
v 0.73746598 0.025302 0.014950002
v 0.73749804 0.026767001 0.007575002
v 0.74989104 0.025313001 0.014929002
v 0.74993408 0.026744001 0.0074540018
v 0.76233208 0.025243001 0.015075002
v 0.76236808 0.026711 0.0076030018
v 0.77478397 0.025048001 0.015426002
v 0.7748121 0.026631001 0.0081240023
v 0.78722608 0.024742 0.016027002
v 0.78723502 0.026516 0.0090700015
v 0.79965699 0.024387 0.016803002
v 0.79963601 0.026371 0.010311002
v 0.81211007 0.023871001 0.017507002
v 0.81201208 0.026002001 0.011709002
v 0.82462609 0.023626002 0.018189002
v 0.82443202 0.025894001 0.013048002
v 0.83728099 0.023183001 0.018675001
v 0.83702695 0.025655001 0.014013002
v 0.849805 0.022375001 0.018762002
v 0.84969401 0.025229001 0.014553002
v 0.86207199 0.020921001 0.018381001
v 0.86224604 0.02373 0.014721001
v 0.87428296 0.018843001 0.017798001
v 0.87461197 0.021291001 0.014624001
v 0.87494004 0.022518001 0.010906002
v 0.88675201 0.019081 0.014538002
v 0.88695705 0.019620001 0.011076001
v 0.88708293 0.020134 0.0076700016
v 0.89912403 0.017149001 0.011063002
v 0.89913201 0.017382002 0.007817002
v 0.91060305 0.014627 0.0077560018
v 0.94045103 0.0084500005 -0.0020979983
v 0.94090998 0.0082630003 -0.0044179983
v 0.9440161 0.0056460006 -0.0013839982
v 0.94408906 0.0052200006 -0.0036529982
v 0.94419503 0.0047240006 -0.005766998
v 0.941185 0.0075270007 -0.0064799981
v 0.943838 0.0039200005 -0.0075629982
v 0.94154894 0.0065350006 -0.0081589986
v 0.94541395 0.0023610007 -0.0057159984
v 0.94493604 0.0021010006 -0.007842998
v 0.9440161 0.0017720007 -0.0099079981
v 0.94572198 7.1850081e-10 -0.0081259981
v 0.94460595 7.1850081e-10 -0.010475998
v 0.82479501 7.1850081e-10 0.028924001
v 0.82479501 7.1850081e-10 0.028924001
v 0.81237209 7.1850081e-10 0.028727002
v 0.81237209 7.1850081e-10 0.028727002
v 0.79986298 7.1850081e-10 0.028946001
v 0.79986298 7.1850081e-10 0.028946001
v 0.81229007 0.0052250009 0.028145002
v 0.79979599 0.0052100006 0.028276002
v 0.78727996 0.0052100006 0.028329002
v 0.7997421 0.010408001 0.027555002
v 0.787238 0.010406001 0.027614001
v 0.77475607 0.010409 0.027642002
v 0.78722501 0.015597001 0.026904002
v 0.77474201 0.015597001 0.026910001
v 0.76226699 0.015597001 0.026917001
v 0.77475297 0.020755 0.021513002
v 0.76229107 0.020893 0.021337003
v 0.74983609 0.020935001 0.021250002
v 0.78722107 0.020552 0.021781001
v 0.79972398 0.015597001 0.026862001
v 0.79969108 0.020322001 0.022095002
v 0.81225204 0.015597001 0.026731001
v 0.81219804 0.020026 0.022339001
v 0.82482493 0.015597001 0.026578002
v 0.82477295 0.019824 0.022523003
v 0.83742011 0.015581001 0.026078003
v 0.83734596 0.019461 0.022499003
v 0.84963703 0.014700001 0.025164003
v 0.84976399 0.018811001 0.022345001
v 0.86177504 0.014052001 0.024599003
v 0.86193001 0.017736001 0.021759002
v 0.87376201 0.012622001 0.022974001
v 0.87401104 0.016007001 0.020634001
v 0.88595104 0.011195 0.021486001
v 0.88616204 0.014262001 0.019595001
v 0.88642395 0.017078001 0.017207002
v 0.89863098 0.012806001 0.018666001
v 0.89892805 0.015543001 0.016865002
v 0.89911211 0.016913 0.014351002
v 0.91058803 0.013242001 0.016145002
v 0.91069996 0.014104 0.013713002
v 0.9106611 0.014387 0.010773002
v 0.92002094 0.011713001 0.013139002
v 0.91990697 0.012004001 0.010534002
v 0.919788 0.012281001 0.0078210011
v 0.92714393 0.010648001 0.010153002
v 0.92699599 0.010869001 0.0077410019
v 0.92695904 0.010981001 0.005121002
v 0.93333709 0.0095860008 0.0076200017
v 0.93350708 0.0098610008 0.0055370019
v 0.93373501 0.0099830003 0.0033070019
v 0.93924403 0.0084930006 0.005952002
v 0.93948305 0.0087240003 0.003996002
v 0.94343901 0.0061350008 0.0046320017
v 0.94343901 0.0061350008 0.0046320017
v 0.94365299 0.0060240007 0.0027570019
v 0.94390905 0.0059400005 0.00077600183
v 0.94597101 0.0030760006 0.0032280018
v 0.94621909 0.0030540007 0.0012330018
v 0.94621909 0.0028560008 -0.0010639982
v 0.94702804 7.1850081e-10 0.0013320018
v 0.94695294 7.1850081e-10 -0.0010059982
v 0.94698608 7.1850081e-10 -0.0035409981
v 0.94601905 0.0026390008 -0.0034809981
v 0.94628108 7.1850081e-10 -0.005917998
v 0.947142 7.1850081e-10 0.0034040017
v 0.86132002 7.1850081e-10 0.028217001
v 0.86132002 7.1850081e-10 0.028217001
v 0.84902894 7.1850081e-10 0.029011002
v 0.84902894 7.1850081e-10 0.029011002
v 0.83697498 7.1850081e-10 0.028885001
v 0.83697498 7.1850081e-10 0.028885001
v 0.84914196 0.0051250006 0.028110001
v 0.83701408 0.0053050006 0.028133001
v 0.82477701 0.0052540009 0.028171001
v 0.83719194 0.010482001 0.027238002
v 0.82478011 0.010486001 0.027374001
v 0.81226099 0.010424001 0.027454002
v 0.84940207 0.010075001 0.026895002
v 0.86133301 0.0048260009 0.027487002
v 0.86150396 0.0095280008 0.026330002
v 0.87361002 0.0044580009 0.026141001
v 0.87363493 0.0086660003 0.024801001
v 0.88584507 0.0039850008 0.023934001
v 0.88585401 0.007836001 0.023077002
v 0.89816606 0.0036210008 0.022798002
v 0.89812303 0.0069290008 0.021741001
v 0.89832401 0.0099060005 0.020241002
v 0.90945709 0.0058000009 0.020179002
v 0.90972006 0.0084250011 0.019046001
v 0.910133 0.010961001 0.017715001
v 0.91921604 0.0073360009 0.018353002
v 0.91963708 0.0093640005 0.017008001
v 0.9200381 0.011467 0.015496002
v 0.92717099 0.0086210007 0.016505001
v 0.92740095 0.0099830003 0.014908002
v 0.92732608 0.010337001 0.012588002
v 0.93351209 0.0084770005 0.013858002
v 0.93339503 0.0090410011 0.011741002
v 0.93331897 0.0093280012 0.0096640019
v 0.93839502 0.0071200007 0.011225002
v 0.93869197 0.0076100007 0.0095260022
v 0.93895805 0.0081490008 0.0078380015
v 0.94184005 0.0052070008 0.0094140014
v 0.94184005 0.0052070008 0.0094140014
v 0.94243896 0.0057460009 0.0079150014
v 0.94243896 0.0057460009 0.0079150014
v 0.94306505 0.0060430006 0.0063590016
v 0.94306505 0.0060430006 0.0063590016
v 0.94413102 0.0027790007 0.0079760021
v 0.94478703 0.0029220008 0.0065670018
v 0.94551098 0.0030430008 0.0050710016
v 0.94573009 7.1850081e-10 0.0067820018
v 0.94650602 7.1850081e-10 0.0053060018
v 0.94500804 7.1850081e-10 0.0081570018
v 0.89825499 7.1850081e-10 0.023637002
v 0.89825499 7.1850081e-10 0.023637002
v 0.88592207 7.1850081e-10 0.024488002
v 0.88592207 7.1850081e-10 0.024488002
v 0.873685 7.1850081e-10 0.026822003
v 0.873685 7.1850081e-10 0.026822003
v 0.90939605 0.0028400007 0.020982001
v 0.91888106 7.1850081e-10 0.020567002
v 0.91888106 7.1850081e-10 0.020567002
v 0.918841 0.0025850008 0.020155001
v 0.91891706 0.0050160009 0.019378003
v 0.92645299 0.0024060006 0.019043002
v 0.92649901 0.0044980007 0.018499002
v 0.926741 0.0067070005 0.017640002
v 0.93249905 0.0040140008 0.017535001
v 0.93283093 0.0058570006 0.016777001
v 0.933321 0.0073780008 0.015524002
v 0.93751001 0.0044830008 0.015753001
v 0.93792498 0.0056330008 0.014457001
v 0.93819499 0.0064980006 0.012955002
v 0.941185 0.0039320006 0.013704002
v 0.941185 0.0039320006 0.013704002
v 0.94138396 0.0043990007 0.012330002
v 0.94138396 0.0043990007 0.012330002
v 0.94160604 0.0048120008 0.010889002
v 0.94160604 0.0048120008 0.010889002
v 0.943084 0.0022270007 0.011986001
v 0.94321501 0.0025200008 0.010701002
v 0.94356203 0.0026140008 0.0093620019
v 0.94424999 7.1850081e-10 0.010765002
v 0.9446131 7.1850081e-10 0.0095070014
v 0.943923 7.1850081e-10 0.011900002
v 0.9264251 7.1850081e-10 0.019332001
v 0.9264251 7.1850081e-10 0.019332001
v 0.93237007 7.1850081e-10 0.018354002
v 0.93237007 7.1850081e-10 0.018354002
v 0.93237507 0.0020900008 0.017999003
v 0.93709302 7.1850081e-10 0.017253002
v 0.93709302 7.1850081e-10 0.017253002
v 0.93708003 0.0016790007 0.016975002
v 0.937204 0.0033140008 0.016557002
v 0.94102502 0.0023940008 0.015753001
v 0.94108593 0.0032150007 0.014809002
v 0.94108593 0.0032150007 0.014809002
v 0.94393003 0.0015120007 0.014845002
v 0.94393003 0.0015120007 0.014845002
v 0.94336593 0.0018090007 0.013998002
v 0.94336593 0.0018090007 0.013998002
v 0.94299901 0.0018870007 0.013129001
v 0.94464195 7.1850081e-10 0.013536002
v 0.94419897 7.1850081e-10 0.012756002
v 0.94504797 7.1850081e-10 0.014249002
v -0.75202698 0.018422 0.118324
v -0.76173598 0.018420001 0.121073
v -0.81859398 7.1850081e-10 -0.124966
v -0.821868 0.018679 0.087262005
v -0.83441597 0.015597001 0.090910003
v -0.81748301 0.018703001 0.101649
v -0.83007097 0.015597001 0.108449
v -0.80777699 0.018683001 0.113134
v -0.81779796 0.015597001 0.123089
v -0.74250597 7.1850081e-10 0.13637601
v 0.90938199 7.1850081e-10 0.021591002
v 0.90938199 7.1850081e-10 0.021591002
v -0.82007396 7.1850081e-10 0.124031
v -0.80422199 -0.014872999 -0.134113
v -0.79236001 -0.015596999 -0.13275799
v -0.79236001 -0.015596999 -0.13275799
v -0.87518698 -0.105274 -0.023910997
v -0.824453 -0.083894998 0.08749
v -0.75880796 -0.011320999 0.140921
v 0.94447899 -0.0009089993 0.015319002
v 0.94447899 -0.0009089993 0.015319002
v 0.94089806 -0.0012789993 0.016042002
v -0.808456 -0.024093999 -0.134554
v -0.79418796 -0.025336999 -0.136539
v -0.79036897 -0.020865999 -0.135245
v -0.795739 -0.014783999 -0.13371
v -0.78656 -0.018755 -0.133536
v -0.78266096 -0.017951999 -0.129297
v -0.78266096 -0.017951999 -0.129297
v -0.78907901 -0.018234 -0.121011
v -0.80014598 -0.018226 -0.118648
v -0.80529201 -0.015596999 -0.12914699
v -0.77840799 -0.01832 -0.12147599
v -0.86479098 -0.063080996 -0.092079997
v -0.85694098 -0.070128001 -0.096989997
v -0.82232797 -0.018575 -0.097219996
v -0.818178 -0.018400999 -0.106761
v -0.81026 -0.01835 -0.11431
v -0.80479497 -0.019081999 -0.104949
v -0.879704 -0.095279001 -0.044958998
v -0.86094797 -0.114726 -0.010279998
v -0.85482097 -0.117044 -0.021969998
v -0.85482097 -0.117044 -0.021969998
v -0.86574 -0.109522 -0.034427997
v -0.86574 -0.109522 -0.034427997
v -0.87020898 -0.099242002 -0.050035
v 0.94153702 -0.0054779993 -0.0096369982
v 0.94322205 -0.0034309993 -0.0094209984
v -0.82678998 -0.088460997 0.080856003
v -0.82491398 -0.07863 0.100087
v -0.81787801 -0.081739999 0.090245001
v -0.81643897 -0.088234998 0.080319002
v -0.86223501 -0.063229002 0.094000004
v -0.85512698 -0.069876999 0.099039003
v -0.800363 -0.015596999 0.130527
v -0.75266397 -0.0065899994 0.139576
v -0.80615896 -0.055153001 0.12038101
v -0.80163097 -0.065733001 0.117656
v -0.80994099 -0.070914999 0.111358
v -0.81509697 -0.060977999 0.116047
v -0.78809798 -0.070964999 0.111758
v -0.79629099 -0.073549002 0.10443
v -0.80439299 -0.076376997 0.098673999
v -0.81145996 -0.078948997 0.094097003
v -0.81750798 -0.074882999 0.105673
v -0.79106599 -0.083798997 0.086819001
v -0.79975498 -0.085928001 0.083742999
v -0.80830598 -0.087348998 0.081631005
v -0.799784 -0.097953998 0.068134002
v -0.80912799 -0.096504003 0.069594003
v -0.818138 -0.095040001 0.071238004
v -0.82925296 -0.094536997 0.072851002
v -0.79041797 -0.098628998 0.067702003
v -0.84729099 -0.118677 -0.033039998
v -0.85203898 -0.116694 -0.049311999
v -0.85061401 -0.077262998 -0.100527
v -0.86221898 -0.081955999 -0.084073
v -0.85617095 -0.08698 -0.08704
v -0.85849899 -0.096905001 -0.073630996
v -0.85720897 -0.107349 -0.06112
v -0.86396897 -0.092887998 -0.069818996
v -0.86307096 -0.103787 -0.05607
v -0.85828 -0.113359 -0.042999998
v -0.85828 -0.113359 -0.042999998
v -0.87098497 -0.088119 -0.065285996
v -0.86952096 -0.076651998 -0.079967
v -0.86761498 -0.106448 0.040079001
v -0.86092097 -0.110976 0.047102001
v -0.85429198 -0.114017 0.053106003
v -0.86272299 -0.101774 0.060127001
v -0.85729796 -0.105399 0.064966999
v -0.85724998 -0.096005999 0.077064
v -0.83173996 -0.072732002 0.106273
v -0.82966298 -0.057932999 0.112513
v -0.82366496 -0.0669 0.111473
v -0.78116697 -0.099027999 0.067661002
v -0.827456 -0.025262 -0.128041
v -0.82732201 -0.014001 -0.12809099
v -0.74744397 -0.0089309989 -0.13713999
v -0.75115997 -0.0088609997 -0.138537
v -0.74200201 -0.0087469993 -0.134057
v -0.74788696 -0.014807999 -0.13223399
v -0.75343096 -0.014424999 -0.13473099
v -0.73656601 -0.0086529991 -0.12929499
v -0.741593 -0.015760999 -0.127756
v -0.74890596 -0.017695999 -0.124531
v -0.755723 -0.017043 -0.12933999
v -0.73609197 -0.015104999 -0.118765
v -0.74384099 -0.017902 -0.117485
v -0.752496 -0.018521 -0.115955
v -0.75774801 -0.018133 -0.12262
v -0.76233196 -0.018776 -0.114074
v -0.74779099 -0.0056629991 0.138208
v -0.79535496 -0.019080998 -0.108309
v -0.78479499 -0.018964 -0.11059
v -0.77347296 -0.018849999 -0.112317
v -0.76774597 -0.018321998 -0.121766
v -0.77257699 -0.017769 -0.12813
v -0.77257699 -0.017769 -0.12813
v -0.76344496 -0.017583 -0.128041
v -0.77678096 -0.017934 -0.133343
v -0.77678096 -0.017934 -0.133343
v -0.76785898 -0.017018 -0.133001
v -0.76785898 -0.017018 -0.133001
v -0.76081097 -0.016447999 -0.133656
v -0.77151096 -0.017523 -0.138034
v -0.77151096 -0.017523 -0.138034
v -0.76383901 -0.015967999 -0.13724799
v -0.76383901 -0.015967999 -0.13724799
v -0.75680596 -0.014477999 -0.13743
v -0.75680596 -0.014477999 -0.13743
v -0.76458699 -0.019047 -0.140866
v -0.75883698 -0.015174999 -0.140095
v -0.75883698 -0.015174999 -0.140095
v -0.75387901 -0.0090859989 -0.139597
v -0.75387901 -0.0090859989 -0.139597
v -0.75809395 -0.018157 -0.141092
v -0.75390798 -0.010619999 -0.14047299
v -0.75240397 -0.012405 -0.140884
v -0.92635 -0.050967999 -0.073322996
v -0.92663497 -0.062273998 -0.063825995
v -0.93347698 -0.055059999 -0.055779997
v -0.867787 -0.087977 0.069639005
v -0.86831701 -0.097724997 0.055151001
v -0.86241096 -0.091955997 0.073431998
v -0.86607897 -0.076747 0.083179004
v -0.86043596 -0.081886999 0.087291002
v -0.71316099 -0.027817 0.143179
v -0.71301699 -0.040466998 0.14259501
v -0.73022997 -0.133532 0.033278003
v -0.74171197 -0.13288701 0.033610001
v -0.74209297 -0.138679 0.033468001
v -0.78314996 -0.031454999 -0.139513
v -0.79646099 -0.032226998 -0.13652501
v -0.78167599 -0.025947999 -0.13924299
v -0.77218199 -0.028511999 -0.141184
v -0.77211899 -0.023002999 -0.14081299
v -0.77994698 -0.021136999 -0.13760799
v -0.76361495 -0.023320999 -0.14145
v -0.76260501 -0.027714999 -0.141736
v -0.75638896 -0.021074999 -0.141537
v -0.75471497 -0.024041999 -0.14183199
v -0.75052398 -0.014638999 -0.14119899
v -0.484368 -0.048514999 -0.125543
v -0.48151997 -0.028664999 -0.123536
v -0.68709201 -0.030334 0.142984
v -0.686786 -0.041903999 0.14248
v -0.69984096 -0.041210998 0.142575
v -0.70698196 -0.134597 0.032889001
v -0.71858495 -0.134213 0.032977004
v -0.70704299 -0.141271 0.032649003
v -0.71862298 -0.140724 0.033193003
v -0.73030597 -0.139428 0.033360001
v -0.45998597 -0.053073999 -0.12224
v -0.47228798 -0.050529998 -0.125191
v -0.45894697 -0.034975 -0.117302
v -0.46985197 -0.031594001 -0.12041
v -0.66150296 -0.031909999 0.142869
v -0.661403 -0.043120001 0.142355
v -0.67390496 -0.042496998 0.14239401
v -0.43638998 -0.055510998 -0.117284
v -0.44825098 -0.055048998 -0.119686
v -0.43598199 -0.036452997 -0.114338
v -0.44740397 -0.036752999 -0.115593
v -0.63651597 -0.032899998 0.142896
v -0.63662601 -0.043997001 0.142433
v -0.64902496 -0.043603998 0.14236601
v -0.41187894 -0.053317998 -0.114934
v -0.42418396 -0.055078998 -0.116001
v -0.41349298 -0.032416001 -0.113518
v -0.42468798 -0.035342 -0.113783
v -0.59881496 -0.032364 0.142373
v -0.61153299 -0.033204 0.142662
v -0.61173695 -0.044624001 0.142463
v -0.62422401 -0.044342 0.142478
v -0.59906399 -0.044512998 0.14229201
v -0.44192302 -0.119789 0.045058001
v -0.43854398 -0.118424 0.030954001
v -0.42873096 -0.117431 0.047438003
v -0.42544299 -0.115032 0.031665001
v -0.41323298 -0.113067 0.032132003
v -0.41556197 -0.115248 0.050009001
v -0.40240395 -0.11314 0.051437002
v -0.401371 -0.111542 0.032410003
v -0.38959497 -0.11114 0.051746003
v -0.38972199 -0.110264 0.032278001
v -0.43614101 -0.033994 0.114344
v -0.42474401 -0.053792 0.115881
v -0.4249 -0.032412998 0.113861
v -0.41376102 -0.029616999 0.113665
v -0.41249502 -0.051119998 0.114824
v -0.40258396 -0.026432 0.113526
v -0.40076101 -0.047775 0.113819
v -0.38929498 -0.044014998 0.113084
v -0.39149797 -0.023770999 0.113422
v -0.3678 -0.019641999 0.1132
v -0.355335 -0.018279999 0.11304
v -0.21777201 -0.092178002 -0.035039999
v -0.21741295 -0.085804 -0.047992997
v -0.217058 -0.076494001 -0.059028998
v -0.22867197 -0.079755001 -0.061900999
v -0.21698797 -0.065606996 -0.06848
v -0.21722496 -0.053704001 -0.076542996
v -0.228881 -0.056224998 -0.080694996
v -0.217372 -0.041370001 -0.084043995
v -0.22916299 -0.043203998 -0.088290997
v -0.21724898 -0.028570998 -0.090709001
v -0.22897601 -0.029749999 -0.095215999
v -0.21697098 -0.014661999 -0.094985001
v -0.22863197 -0.015198999 -0.099562995
v -0.19413596 -0.086443998 -0.032975998
v -0.19371599 -0.080142997 -0.044096999
v -0.205603 -0.082690999 -0.045937996
v -0.19338197 -0.070954002 -0.053314999
v -0.20532399 -0.073463999 -0.056011997
v -0.19336897 -0.060337998 -0.061332997
v -0.20526695 -0.062786996 -0.064748995
v -0.19339597 -0.049451999 -0.069070995
v -0.20539999 -0.051408 -0.072609998
v -0.193425 -0.038194001 -0.076365001
v -0.20543802 -0.039660998 -0.079991996
v -0.19330096 -0.026643999 -0.083237998
v -0.20528996 -0.027571 -0.086745001
v -0.19331801 -0.013742999 -0.087386996
v -0.20524395 -0.014191999 -0.090865999
v -0.18123096 -0.069080003 -0.051172998
v -0.168634 -0.036729001 -0.071722999
v -0.18112797 -0.037255 -0.073642999
v -0.16890395 -0.025892999 -0.078805
v -0.18113798 -0.026102999 -0.080554001
v -0.16925895 -0.013392 -0.082780994
v -0.18131602 -0.013464999 -0.084504001
v -0.07040596 -0.091412999 -0.045523997
v -0.066118002 -0.077646002 -0.054227997
v -0.07840395 -0.075968996 -0.053245999
v -0.063731968 -0.063796997 -0.063828997
v -0.076105952 -0.062820002 -0.062289998
v 0.018023014 -0.0039669992 -0.032463998
v 0.021526039 -0.0036749993 -0.032869998
v 0.025476992 -0.0035279994 -0.033304997
v 0.021704018 -0.0074309991 -0.031622
v 0.025595009 -0.0070679993 -0.031921998
v 0.031234026 -0.0066189994 -0.032060999
v 0.031190991 -0.0032739993 -0.033326998
v 0.038686991 -0.0031029992 -0.033260997
v -0.047820985 -0.094016999 -0.047688
v -0.058932006 -0.093367003 -0.046371996
v -0.043704987 -0.079082996 -0.057065997
v -0.054396987 -0.078598 -0.055581998
v -0.051988959 -0.064503998 -0.065436997
v 0.015204012 -0.0044979993 -0.033839997
v 0.015504003 -0.0088839997 -0.032984
v 0.01828903 -0.0079119997 -0.031424999
v 0.015879035 -0.013462 -0.031552996
v 0.018564999 -0.012192 -0.030009998
v 0.021977007 -0.011441999 -0.029980998
v 0.018817008 -0.016771 -0.028077997
v 0.022240996 -0.015998999 -0.027958998
v 0.02611804 -0.015255 -0.027973998
v 0.025755048 -0.010846999 -0.030161997
v 0.031394005 -0.014539999 -0.028230999
v 0.031392038 -0.010263 -0.030393999
v 0.038938999 -0.013894999 -0.028588999
v 0.03885901 -0.0097779995 -0.030530998
v 0.038735032 -0.0063009993 -0.031992998
v 0.047921002 -0.0095069995 -0.030547999
v 0.047904015 -0.0061649992 -0.031939998
v 0.047890007 -0.0030669994 -0.033182997
v 0.058842063 -0.0060709994 -0.031849999
v 0.058798075 -0.0030049994 -0.033092
v -0.029927969 -0.093599997 -0.049240999
v -0.027747989 -0.078975998 -0.058950998
v -0.03461796 -0.079348996 -0.058371998
v -0.033438981 -0.065418996 -0.068383001
v 0.016005039 -0.018128999 -0.029208997
v 0.015977025 -0.022710999 -0.025742998
v 0.018939018 -0.021218998 -0.024734998
v 0.015854001 -0.026845999 -0.021378998
v 0.018974006 -0.025320999 -0.020524997
v 0.022535026 -0.024633 -0.020371998
v 0.022418022 -0.020451 -0.024625998
v 0.026654005 -0.024189999 -0.020482998
v 0.026338995 -0.019841999 -0.024743998
v 0.031444013 -0.023792999 -0.020757997
v 0.031468987 -0.019243 -0.025078999
v 0.039192021 -0.023397999 -0.021305999
v 0.039048016 -0.018583 -0.025582999
v 0.048122048 -0.022899 -0.021757998
v 0.048049033 -0.018005999 -0.025886998
v 0.047973037 -0.013471999 -0.028695999
v 0.058977008 -0.017547 -0.026202999
v 0.058930993 -0.013099999 -0.028796999
v 0.058884978 -0.0093079992 -0.030503998
v 0.070924997 -0.012718999 -0.028825998
v 0.070912004 -0.0090839993 -0.030483998
v 0.070906043 -0.0059099994 -0.031834997
v 0.083276033 -0.0088389991 -0.030499998
v 0.083276987 -0.0057509993 -0.031827997
v 0.08327198 -0.0028199994 -0.033078
v 0.070893049 -0.0029049993 -0.033092
v -0.017175972 -0.088243999 -0.046759997
v -0.022641957 -0.091779001 -0.048528999
v -0.016348004 -0.075104997 -0.056667998
v -0.021632969 -0.077514 -0.058435999
v -0.020874977 -0.064770997 -0.069008999
v 0.016093016 -0.030514 -0.016688999
v 0.01592803 -0.032798998 -0.011843998
v 0.018869042 -0.030832998 -0.011103998
v 0.018956006 -0.028557999 -0.015731998
v 0.022374034 -0.030048 -0.010818998
v 0.022512019 -0.027922999 -0.015527998
v 0.026650012 -0.029741999 -0.010756998
v 0.02671802 -0.027536999 -0.015459999
v 0.031964004 -0.029541999 -0.010871998
v 0.031641006 -0.027285999 -0.015583998
v 0.039418995 -0.029343 -0.011185998
v 0.039324999 -0.027086999 -0.016025998
v 0.048162997 -0.029119 -0.011578999
v 0.04815501 -0.026714999 -0.016554998
v 0.058873057 -0.028921999 -0.011967998
v 0.058936 -0.026325999 -0.017065998
v 0.058982968 -0.022377999 -0.022129998
v 0.070898056 -0.025895 -0.017394999
v 0.070940971 -0.021961 -0.022366999
v 0.070940971 -0.01708 -0.026236998
v 0.08327198 -0.021856999 -0.022498999
v 0.083273053 -0.016827999 -0.026364999
v 0.083271027 -0.012401999 -0.028935999
v 0.095692039 -0.016655 -0.026356999
v 0.095695019 -0.012111999 -0.028913999
v 0.095700979 -0.0087219989 -0.030457998
v 0.10817301 -0.011959 -0.028986998
v 0.108181 -0.0087849991 -0.030333998
v 0.10819101 -0.0058199991 -0.031614996
v 0.095713019 -0.0057119993 -0.031765997
v 0.108199 -0.0029029993 -0.032880999
v 0.09572804 -0.0028299992 -0.033007998
v 0.015842021 -0.034190997 -0.0070229983
v 0.018216014 -0.032685 -0.0021199982
v 0.018700004 -0.032283001 -0.006585998
v 0.021975994 -0.032876998 -0.0021119982
v 0.022181988 -0.031753 -0.0063699982
v 0.02651 -0.033048 -0.0021389981
v 0.026582003 -0.031424001 -0.0062929983
v 0.032173038 -0.032910001 -0.0021599983
v 0.032115042 -0.031287998 -0.0063879983
v 0.039480031 -0.032779999 -0.0022499983
v 0.039463043 -0.031132 -0.0065649981
v 0.048191011 -0.032676999 -0.0023229981
v 0.048162043 -0.030950999 -0.006800998
v 0.05886507 -0.032561 -0.0024249982
v 0.058856964 -0.030762 -0.007071998
v 0.07080996 -0.032478001 -0.0025349981
v 0.070818067 -0.030634999 -0.0072759981
v 0.070850015 -0.02863 -0.012256999
v 0.083222985 -0.030507 -0.0073189982
v 0.083232999 -0.028473999 -0.012336998
v 0.083255053 -0.025759999 -0.017537998
v 0.095682979 -0.028423999 -0.012166998
v 0.095679045 -0.025712 -0.017343998
v 0.095685005 -0.021878999 -0.022329997
v 0.10812998 -0.025859 -0.017008997
v 0.10813701 -0.022095999 -0.022016998
v 0.10815704 -0.016928999 -0.026346998
v 0.12061703 -0.022392999 -0.021578997
v 0.12064004 -0.017353998 -0.025764998
v 0.12065506 -0.012523999 -0.028589997
v 0.13312995 -0.017955 -0.025100999
v 0.13313305 -0.013358999 -0.028033998
v 0.13311601 -0.0095749991 -0.029698998
v 0.12066305 -0.0090869991 -0.030059999
v 0.13310599 -0.0063529992 -0.031083997
v 0.12066603 -0.0060559991 -0.031370997
v 0.13310206 -0.0031799993 -0.032493997
v 0.12066197 -0.0030249993 -0.032697
v 0.083224058 -0.032398 -0.0025639981
v 0.095682979 -0.032584999 0.0019970019
v 0.095677972 -0.032313 -0.0025589983
v 0.095681071 -0.030451 -0.0072279982
v 0.108127 -0.032230001 -0.0025929981
v 0.10812402 -0.030406998 -0.0071449983
v 0.108127 -0.028461 -0.011940998
v 0.12056804 -0.030327 -0.0070919981
v 0.120574 -0.028501999 -0.011769998
v 0.12059402 -0.026021 -0.016655998
v 0.13303101 -0.028436 -0.011606998
v 0.13305795 -0.026163999 -0.016381998
v 0.13310099 -0.022652 -0.021167997
v 0.14551902 -0.026209999 -0.016131999
v 0.14555204 -0.022785999 -0.020774998
v 0.14557397 -0.018446999 -0.024693998
v 0.15797198 -0.022855999 -0.020550998
v 0.15799296 -0.018654998 -0.024350999
v 0.15800607 -0.014419999 -0.027315998
v 0.145576 -0.014062999 -0.027641999
v 0.15801501 -0.010473999 -0.029077997
v 0.14556396 -0.010092999 -0.029373998
v 0.15801597 -0.0068099992 -0.030633999
v 0.14555705 -0.0066309995 -0.030832998
v 0.15801406 -0.0034149992 -0.032224
v 0.14555597 -0.0033239992 -0.032346997
v 0.108127 -0.032584 0.0018620018
v 0.12057602 -0.032559 0.0016670018
v 0.120574 -0.032090001 -0.0026669982
v 0.13301706 -0.032593999 0.0014270018
v 0.13301301 -0.031973999 -0.0027469981
v 0.13301504 -0.030254999 -0.0070369984
v 0.145468 -0.031872999 -0.0028799982
v 0.14547205 -0.030201999 -0.0070069982
v 0.14548898 -0.028499 -0.011478998
v 0.157951 -0.030090999 -0.0071139983
v 0.15795398 -0.028388999 -0.011450998
v 0.15796006 -0.026213 -0.015995998
v 0.17041206 -0.028285999 -0.011567998
v 0.17041099 -0.026165999 -0.016045999
v 0.17041302 -0.022882 -0.020565998
v 0.18286908 -0.026039999 -0.016199999
v 0.18287408 -0.022756999 -0.020663999
v 0.18288195 -0.018593999 -0.024303999
v 0.17042804 -0.018736999 -0.024297997
v 0.18288696 -0.014458 -0.027253998
v 0.17044401 -0.014625999 -0.027287997
v 0.182886 -0.010516999 -0.028926998
v 0.17045295 -0.010638999 -0.028973999
v 0.182881 -0.0068069994 -0.030437998
v 0.17046905 -0.0068589994 -0.030470999
v 0.18287599 -0.0033259992 -0.032116998
v 0.17045796 -0.0033939993 -0.032125
v 0.14546597 -0.032683998 0.0011350018
v 0.15795302 -0.032761998 0.00083800178
v 0.15795398 -0.031725999 -0.0030719982
v 0.17044699 -0.032802999 0.00059300178
v 0.17044008 -0.031549998 -0.0032709981
v 0.17042398 -0.029945999 -0.0072879982
v 0.18290401 -0.031399999 -0.0034069982
v 0.18289101 -0.029813999 -0.0073999981
v 0.18287706 -0.028197 -0.011710999
v 0.19534504 -0.029727999 -0.0073959981
v 0.19533598 -0.028037999 -0.011735998
v 0.19533408 -0.025917999 -0.016276998
v 0.20778906 -0.028074 -0.011578999
v 0.20778596 -0.025926 -0.016120998
v 0.20778704 -0.022472 -0.020668998
v 0.19534397 -0.022568999 -0.020724999
v 0.20777404 -0.01818 -0.024396999
v 0.19534504 -0.018370999 -0.024379998
v 0.20775199 -0.013925999 -0.027195998
v 0.195333 -0.01421 -0.027266998
v 0.20774496 -0.010073 -0.028890999
v 0.19532096 -0.010275999 -0.028880998
v 0.20776105 -0.0064939992 -0.030434998
v 0.19530702 -0.0066539994 -0.030435998
v 0.20775807 -0.0031999992 -0.032066997
v 0.19530106 -0.0032729993 -0.032100998
v 0.18291497 -0.032823998 0.00038000182
v 0.19537008 -0.032804001 -0.0001489982
v 0.19535697 -0.031258002 -0.0035099981
v 0.20783103 -0.032633997 -0.0002789982
v 0.20783103 -0.032633997 -0.0002789982
v 0.20781696 -0.031127999 -0.0035199982
v 0.20780098 -0.029641999 -0.0072959983
v 0.22029603 -0.030975999 -0.0036139982
v 0.22029305 -0.029538998 -0.0072529982
v 0.22026908 -0.027987 -0.011382998
v 0.23272598 -0.029431999 -0.0073329983
v 0.23269403 -0.027935 -0.011339998
v 0.23262608 -0.025999999 -0.015692998
v 0.22020602 -0.026002999 -0.015875999
v 0.23255706 -0.022505999 -0.020434998
v 0.22014797 -0.022466999 -0.020543998
v 0.23252606 -0.018113999 -0.024624998
v 0.220137 -0.018019 -0.024341999
v 0.23254204 -0.013716999 -0.027663998
v 0.22014904 -0.013702999 -0.027171997
v 0.23259997 -0.0097889993 -0.028838998
v 0.220186 -0.0099249994 -0.028833998
v 0.23267102 -0.0063499995 -0.030275999
v 0.22023201 -0.0064549991 -0.030406998
v 0.23271596 -0.0031119992 -0.031908996
v 0.22027004 -0.0031649992 -0.031988997
v 0.20782101 -0.031346999 0.0032310018
v 0.22029507 -0.031363998 0.0028970018
v 0.22030103 -0.03246 -0.00042999818
v 0.23275006 -0.032297999 -0.0006649982
v 0.23273706 -0.030834999 -0.0038209981
v 0.24512804 -0.032118 -0.00078399817
v 0.24509001 -0.030671999 -0.0039439984
v 0.24505103 -0.029304 -0.007387998
v 0.25739205 -0.030579999 -0.0039399983
v 0.25733602 -0.029215999 -0.007348998
v 0.257267 -0.027779 -0.011219998
v 0.24500704 -0.027867999 -0.011313998
v 0.25719702 -0.026085999 -0.015445998
v 0.24494898 -0.025958 -0.015553998
v 0.25711703 -0.022583999 -0.020250998
v 0.24489796 -0.022482999 -0.020323997
v 0.25708997 -0.018083999 -0.024629999
v 0.24488401 -0.018030999 -0.024681998
v 0.25709701 -0.013773999 -0.027671998
v 0.24491501 -0.013730999 -0.027651997
v 0.25712001 -0.0096179992 -0.028784998
v 0.24496901 -0.0096569993 -0.028815998
v 0.25715697 -0.0061389995 -0.030167999
v 0.24502301 -0.0061989995 -0.030237999
v 0.25719297 -0.0029639993 -0.031711999
v 0.24506605 -0.0030199992 -0.031824999
v 0.25743806 -0.032006998 -0.00078099821
v 0.269701 -0.031101 0.0023930019
v 0.26970708 -0.031817999 -0.00078499818
v 0.26970708 -0.031817999 -0.00078499818
v 0.26965904 -0.030397 -0.0039569982
v 0.28187406 -0.031643 -0.00090399821
v 0.28187406 -0.031643 -0.00090399821
v 0.28184104 -0.030243 -0.0041639982
v 0.28179395 -0.028899999 -0.0075999983
v 0.26959908 -0.029066999 -0.007356998
v 0.28173506 -0.027588999 -0.011420998
v 0.26952708 -0.027841 -0.011152999
v 0.28165197 -0.025857 -0.015577998
v 0.269436 -0.026125999 -0.015411998
v 0.28156006 -0.022487 -0.020232998
v 0.26933897 -0.022648999 -0.020146998
v 0.281497 -0.018226 -0.024482999
v 0.26927602 -0.018219 -0.024507998
v 0.28147209 -0.014028999 -0.027539998
v 0.26924503 -0.01383 -0.027628997
v 0.28146005 -0.009806999 -0.028563999
v 0.26923597 -0.0095769996 -0.028693998
v 0.28146303 -0.0062239994 -0.029846998
v 0.26924503 -0.0061079995 -0.029993998
v 0.28147304 -0.0029839992 -0.031392999
v 0.26925898 -0.0029419994 -0.031541999
v 0.195297 -0.0038919994 0.031985004
v 0.26962399 -0.028585 0.0090690022
v 0.269665 -0.029816 0.0057580019
v 0.28179204 -0.028485 0.009134002
v 0.28183699 -0.029727999 0.0057340018
v 0.28186905 -0.031032 0.0023230019
v 0.29386902 -0.029725999 0.005524002
v 0.29389405 -0.031061999 0.0020600017
v 0.29389906 -0.031394999 -0.0012099982
v 0.29389906 -0.031394999 -0.0012099982
v 0.305884 -0.031189999 0.0015490018
v 0.305884 -0.031189999 0.0015490018
v 0.305884 -0.031024 -0.0017399982
v 0.305884 -0.031024 -0.0017399982
v 0.305861 -0.029624999 -0.0052639982
v 0.29387701 -0.029993 -0.0045889984
v 0.30583608 -0.028269999 -0.0088939983
v 0.29385006 -0.028626999 -0.0080809984
v 0.30581403 -0.026912998 -0.012933998
v 0.29381096 -0.027399 -0.011999998
v 0.30579197 -0.02455 -0.017390998
v 0.293751 -0.025366999 -0.016250998
v 0.30578005 -0.020855999 -0.021725997
v 0.29369605 -0.021933999 -0.020748999
v 0.30580199 -0.017098999 -0.025528999
v 0.29366899 -0.017860999 -0.024821999
v 0.30583107 -0.013379999 -0.027611999
v 0.29366601 -0.013939 -0.027534999
v 0.30585504 -0.0095229996 -0.028531998
v 0.29367399 -0.0098539991 -0.028491998
v 0.30588102 -0.0061229994 -0.029761998
v 0.29369104 -0.0062919995 -0.029789997
v 0.30590904 -0.0029369993 -0.031168997
v 0.29370999 -0.0030129992 -0.031267997
v 0.269279 -0.015596999 0.027391002
v 0.28150105 -0.02093 0.021989001
v 0.28163004 -0.025138 0.016896002
v 0.28172505 -0.027254999 0.012666002
v 0.29372799 -0.025029 0.017024001
v 0.29379809 -0.027268 0.012680002
v 0.29383802 -0.028452 0.0090290019
v 0.305812 -0.027147999 0.012473002
v 0.30583298 -0.028485999 0.0085600019
v 0.30585802 -0.029820999 0.0049940017
v 0.31783807 -0.028609999 0.0079140021
v 0.31785703 -0.029974999 0.0042190016
v 0.31787908 -0.031434 0.00084500184
v 0.31787908 -0.031434 0.00084500184
v 0.32989609 -0.030247999 0.0032930018
v 0.32992208 -0.031432997 -0.00044199819
v 0.32992208 -0.031432997 -0.00044199819
v 0.32991004 -0.029974999 -0.0037989982
v 0.31787407 -0.030557999 -0.0026049982
v 0.32990801 -0.028555 -0.0074969982
v 0.31785905 -0.02912 -0.0062079984
v 0.32994401 -0.027181 -0.011764999
v 0.31784904 -0.027826998 -0.010105998
v 0.32999909 -0.025109999 -0.016342998
v 0.31784999 -0.026343999 -0.014389998
v 0.33007395 -0.021623999 -0.020908998
v 0.31788206 -0.023395998 -0.019093998
v 0.33015704 -0.017742999 -0.024751998
v 0.31793499 -0.019328 -0.023170998
v 0.33021104 -0.014589999 -0.027233997
v 0.31798708 -0.016075999 -0.026561998
v 0.33025396 -0.011271999 -0.027997999
v 0.31802905 -0.012397 -0.027746998
v 0.33029699 -0.0080309995 -0.028799998
v 0.31805909 -0.0088369995 -0.028626999
v 0.33033299 -0.0052989991 -0.029979998
v 0.31808901 -0.0057699992 -0.029844997
v 0.33036399 -0.0025229992 -0.031177998
v 0.31811607 -0.0027659992 -0.031159999
v 0.26935709 -0.0048699994 0.030744001
v 0.26928604 -0.010055999 0.028704002
v 0.28138006 -0.0049099992 0.030634001
v 0.28134906 -0.010127999 0.028697003
v 0.28137898 -0.015596999 0.027383002
v 0.29356301 -0.010123 0.028582001
v 0.29356599 -0.015596999 0.027370002
v 0.29364407 -0.020866999 0.022026002
v 0.305758 -0.015596999 0.027297001
v 0.30574703 -0.020845 0.021995002
v 0.30577898 -0.025037 0.016965002
v 0.31780005 -0.020834999 0.021931002
v 0.31781399 -0.025098 0.016729001
v 0.31783104 -0.027333999 0.012048001
v 0.32987404 -0.025123 0.016605001
v 0.32988107 -0.027329 0.011621002
v 0.32988405 -0.028779998 0.0071770018
v 0.34205103 -0.027313 0.011500002
v 0.34207201 -0.028827999 0.0067410017
v 0.34209907 -0.030423999 0.0025610018
v 0.35430205 -0.028772999 0.006587002
v 0.35434496 -0.030491 0.0021250017
v 0.35435402 -0.030452 -0.0020589982
v 0.35435402 -0.030452 -0.0020589982
v 0.34211195 -0.030908 -0.0012679982
v 0.34211195 -0.030908 -0.0012679982
v 0.35433495 -0.028785 -0.0062879981
v 0.34210503 -0.029368 -0.0050509982
v 0.35433698 -0.027302999 -0.010864998
v 0.34211302 -0.027930999 -0.0091389986
v 0.35434699 -0.025433999 -0.015622998
v 0.34214604 -0.026451999 -0.013690998
v 0.35437 -0.022225 -0.020118998
v 0.34221208 -0.023763999 -0.018417997
v 0.35440505 -0.018426999 -0.023879997
v 0.34227705 -0.019843999 -0.022536999
v 0.35444403 -0.01529 -0.026883999
v 0.34233105 -0.016481999 -0.025965998
v 0.35446608 -0.012327 -0.027526999
v 0.34238398 -0.013309999 -0.027386999
v 0.354491 -0.009376999 -0.028241998
v 0.34242105 -0.010178 -0.028131999
v 0.354514 -0.0068169991 -0.029130999
v 0.34245598 -0.0073169991 -0.029013999
v 0.35453904 -0.0044709994 -0.030151999
v 0.34248805 -0.0048199994 -0.030099997
v 0.35456097 -0.0021089993 -0.031199999
v 0.34251499 -0.0022729994 -0.031209998
v 0.29361308 -0.0049239993 0.030528001
v 0.30588496 -0.0048829992 0.030433001
v 0.30580604 -0.010104999 0.028542003
v 0.31795502 -0.0048949993 0.030336002
v 0.31788003 -0.010102999 0.028464003
v 0.31782806 -0.015596999 0.027273001
v 0.32994807 -0.010147999 0.028408002
v 0.32990205 -0.015596999 0.027230002
v 0.32987106 -0.020779999 0.021946002
v 0.34202802 -0.015596999 0.027113002
v 0.34200203 -0.020669999 0.021960001
v 0.34202099 -0.024952998 0.016739001
v 0.354159 -0.020585999 0.021976002
v 0.35420203 -0.024766998 0.016906003
v 0.35425806 -0.027168 0.011602002
v 0.36637104 -0.024649 0.017050002
v 0.36644208 -0.027060999 0.011722002
v 0.36649704 -0.028705999 0.0065080016
v 0.37862301 -0.027062999 0.011699002
v 0.37867796 -0.028684 0.0063170018
v 0.37873006 -0.030543 0.0013900019
v 0.37873006 -0.030543 0.0013900019
v 0.36655009 -0.030523999 0.0017740018
v 0.36655009 -0.030523999 0.0017740018
v 0.37870896 -0.029577 -0.0035489982
v 0.36655998 -0.030046999 -0.0028369981
v 0.36655998 -0.030046999 -0.0028369981
v 0.37866104 -0.027821999 -0.008609998
v 0.36652601 -0.028245999 -0.0074779983
v 0.37860405 -0.026257999 -0.013798998
v 0.36649799 -0.026697999 -0.012435998
v 0.37855995 -0.023469999 -0.018600998
v 0.36647499 -0.024341999 -0.017276999
v 0.37854207 -0.019778 -0.022488998
v 0.36646605 -0.020833999 -0.021442998
v 0.378546 -0.0166 -0.025736999
v 0.36646903 -0.017415 -0.024893999
v 0.37856603 -0.013691 -0.027167998
v 0.36648798 -0.014438999 -0.027028998
v 0.37858701 -0.010855 -0.027791997
v 0.36650908 -0.011595999 -0.027675997
v 0.37860703 -0.0081979996 -0.028451998
v 0.36653399 -0.0087799989 -0.028338999
v 0.37862408 -0.0060739992 -0.029316999
v 0.36655998 -0.0064389994 -0.029220998
v 0.37864399 -0.0039659995 -0.030208997
v 0.36658502 -0.0042259991 -0.030176999
v 0.37866402 -0.0018689993 -0.031099997
v 0.36660898 -0.0019969994 -0.031142998
v 0.33001196 -0.0049289991 0.030244002
v 0.34212697 -0.0049419994 0.030122003
v 0.34207106 -0.010163999 0.028311001
v 0.354267 -0.0049349992 0.030045003
v 0.35419703 -0.01015 0.028224003
v 0.35415804 -0.015596999 0.027053002
v 0.36632502 -0.010082999 0.028118001
v 0.36628902 -0.015596999 0.027029002
v 0.36630595 -0.020543 0.021981001
v 0.37840903 -0.015596999 0.027027002
v 0.37845504 -0.020533999 0.021984002
v 0.37854099 -0.024638999 0.017100003
v 0.39060199 -0.020572999 0.021998001
v 0.39070606 -0.024928 0.017085003
v 0.39079607 -0.027114999 0.011465002
v 0.40285301 -0.024642998 0.016716002
v 0.40293801 -0.027121 0.011108002
v 0.40300906 -0.028749999 0.0053510019
v 0.39084601 -0.028678998 0.0059200018
v 0.40305102 -0.030548999 -0.00019299818
v 0.40305102 -0.030548999 -0.00019299818
v 0.39089298 -0.030563999 0.00084100181
v 0.39089298 -0.030563999 0.00084100181
v 0.40300202 -0.028719999 -0.005268998
v 0.39086199 -0.029238999 -0.0043689981
v 0.40295708 -0.027170999 -0.010685998
v 0.39077699 -0.027442999 -0.0096549978
v 0.40289903 -0.025239 -0.015996998
v 0.39072299 -0.02578 -0.014961998
v 0.40286005 -0.021832999 -0.020414999
v 0.39068604 -0.022707999 -0.019606998
v 0.402843 -0.018245999 -0.024026997
v 0.390674 -0.018976999 -0.023319999
v 0.40283906 -0.015238999 -0.026799997
v 0.39068198 -0.015926 -0.026461998
v 0.40283096 -0.012494999 -0.027395999
v 0.39069104 -0.013048999 -0.027335998
v 0.40283203 -0.0098059997 -0.028056998
v 0.39070404 -0.010232999 -0.027929999
v 0.40284204 -0.0074339993 -0.028745998
v 0.39071596 -0.0077669993 -0.028627997
v 0.40285504 -0.0054629995 -0.029532999
v 0.39073002 -0.0056919991 -0.029404998
v 0.40287006 -0.0035489993 -0.030291999
v 0.39074504 -0.0036819992 -0.030223997
v 0.40288699 -0.0016709993 -0.031032998
v 0.39076304 -0.0017459993 -0.031066999
v 0.36639202 -0.0048479992 0.029869001
v 0.37848604 -0.0048489994 0.029896002
v 0.37842906 -0.010046 0.028161002
v 0.39057803 -0.0047259992 0.029807001
v 0.39054501 -0.0099519994 0.028183002
v 0.39053595 -0.015596999 0.027034001
v 0.40270507 -0.0099209994 0.028176002
v 0.40270805 -0.015596999 0.026959002
v 0.40276098 -0.020513 0.021849003
v 0.41486299 -0.015596999 0.026935002
v 0.41491997 -0.020578999 0.021745002
v 0.41501701 -0.02471 0.016520001
v 0.42711604 -0.020614 0.021656001
v 0.42721105 -0.024814999 0.016324002
v 0.427302 -0.027206 0.010401002
v 0.41509902 -0.027061999 0.010743001
v 0.42736709 -0.02884 0.0044030016
v 0.41516197 -0.028845999 0.0048910016
v 0.42739499 -0.029736999 -0.0013779982
v 0.42739499 -0.029736999 -0.0013779982
v 0.41521895 -0.030131999 -0.00078899821
v 0.41521895 -0.030131999 -0.00078899821
v 0.42734897 -0.027987 -0.0070039984
v 0.41518605 -0.028344 -0.0061339983
v 0.42729104 -0.026416 -0.012763998
v 0.41514003 -0.026760999 -0.011701998
v 0.42723703 -0.023573 -0.017827999
v 0.41507995 -0.024357999 -0.016891997
v 0.42721999 -0.020087 -0.021962998
v 0.41504002 -0.020908 -0.021181999
v 0.42722595 -0.016996 -0.025245998
v 0.41502404 -0.017607 -0.024633998
v 0.42722797 -0.014272 -0.026971998
v 0.41501796 -0.014752999 -0.026883999
v 0.42723703 -0.011644999 -0.027544998
v 0.41501296 -0.012073999 -0.027489997
v 0.427248 -0.0091039995 -0.028179998
v 0.41500998 -0.009407999 -0.028091999
v 0.42726004 -0.0069519994 -0.028820999
v 0.41501403 -0.0071719992 -0.028787998
v 0.42727005 -0.0050969995 -0.029478999
v 0.41502404 -0.0052049994 -0.029495997
v 0.42728305 -0.0033169992 -0.030153999
v 0.41503704 -0.0033789992 -0.030207999
v 0.427297 -0.0015949993 -0.030858999
v 0.41505802 -0.0016139993 -0.030929998
v 0.40273106 -0.0047219992 0.029797003
v 0.41490996 -0.0048729992 0.029772002
v 0.414873 -0.010069 0.028174002
v 0.42712402 -0.0049069994 0.029640002
v 0.42708409 -0.010104 0.028090002
v 0.42706704 -0.015596999 0.026928002
v 0.43931401 -0.010090999 0.028080001
v 0.43929708 -0.015596999 0.026892003
v 0.43932605 -0.020576999 0.021703001
v 0.45147204 -0.015596999 0.026880002
v 0.45150304 -0.020576999 0.021793002
v 0.45157397 -0.024854999 0.016335001
v 0.43940103 -0.024817999 0.016252002
v 0.45165002 -0.027160998 0.010037002
v 0.43949103 -0.027174 0.010137002
v 0.45173001 -0.028847 0.0037100017
v 0.43956399 -0.028878 0.0039680018
v 0.45174801 -0.029169999 -0.0024089981
v 0.45174801 -0.029169999 -0.0024089981
v 0.43957007 -0.029422 -0.0019879981
v 0.43957007 -0.029422 -0.0019879981
v 0.45169902 -0.027497999 -0.0084149987
v 0.43949699 -0.027687 -0.007834998
v 0.45164204 -0.025882998 -0.014331998
v 0.43944609 -0.026078999 -0.013693999
v 0.45161903 -0.02293 -0.019187998
v 0.43941009 -0.023171999 -0.018731998
v 0.45162404 -0.019334 -0.022799999
v 0.43939805 -0.019556999 -0.022570997
v 0.45163906 -0.0164 -0.025814999
v 0.43942201 -0.016557999 -0.025663998
v 0.451653 -0.013725 -0.027023999
v 0.43944609 -0.013867999 -0.027015999
v 0.45166004 -0.011192999 -0.027594998
v 0.43946397 -0.011318999 -0.027609998
v 0.45166898 -0.0087469993 -0.028176999
v 0.43948102 -0.008826999 -0.028202998
v 0.45167899 -0.0067469995 -0.028788999
v 0.43949401 -0.0067959991 -0.028824998
v 0.45168698 -0.0049889991 -0.029418997
v 0.43950701 -0.0050279992 -0.029474998
v 0.45169604 -0.0032529994 -0.030055998
v 0.43952 -0.0032769993 -0.030125998
v 0.45170498 -0.0015639993 -0.030722998
v 0.43953001 -0.0015709993 -0.030791998
v 0.439345 -0.0049019991 0.029613001
v 0.45148802 -0.0048719994 0.029559001
v 0.45147002 -0.010048999 0.028025001
v 0.46355498 -0.0048729992 0.029487003
v 0.46356308 -0.010042 0.027942002
v 0.463606 -0.015596999 0.026765002
v 0.47581708 -0.010039999 0.027841002
v 0.47585702 -0.015596999 0.026718002
v 0.47595501 -0.020447999 0.021752002
v 0.46368396 -0.020521 0.021754002
v 0.47608507 -0.02471 0.016425002
v 0.46378195 -0.024793999 0.016363002
v 0.47619402 -0.026970999 0.010097002
v 0.46387804 -0.027096 0.010020002
v 0.476264 -0.028634999 0.0037290019
v 0.46395099 -0.028746 0.0036400019
v 0.47626305 -0.02898 -0.0023659982
v 0.47626305 -0.02898 -0.0023659982
v 0.46396697 -0.029014999 -0.0025279983
v 0.46396697 -0.029014999 -0.0025279983
v 0.47620809 -0.027358999 -0.0083089983
v 0.46391594 -0.027367 -0.0085849985
v 0.47613895 -0.025858 -0.014075998
v 0.46386206 -0.025760999 -0.014465998
v 0.47608602 -0.023213999 -0.018749999
v 0.46383607 -0.022876998 -0.019146997
v 0.476053 -0.019911999 -0.022063999
v 0.46383297 -0.019407999 -0.022613999
v 0.47604406 -0.017047999 -0.024962999
v 0.46384203 -0.016531 -0.025560997
v 0.47603905 -0.014531999 -0.026683997
v 0.46384799 -0.013946999 -0.026864998
v 0.47602808 -0.012114999 -0.027237998
v 0.46385002 -0.011453999 -0.027424999
v 0.47601807 -0.0097069992 -0.027790999
v 0.46385503 -0.0090499995 -0.028013999
v 0.47600698 -0.0073989993 -0.028350998
v 0.46386003 -0.0069469991 -0.028633999
v 0.47599804 -0.0055209994 -0.029059999
v 0.46386504 -0.0051499992 -0.029272998
v 0.47598708 -0.0036779994 -0.029767998
v 0.46387208 -0.0033919993 -0.029926999
v 0.47598004 -0.0018509993 -0.030469999
v 0.46388102 -0.0016579992 -0.030612998
v 0.47581708 -0.0048849992 0.029337002
v 0.48826301 -0.0049119992 0.029312002
v 0.48823297 -0.010085999 0.027858002
v 0.500736 -0.0050709993 0.029230002
v 0.50069106 -0.010247 0.027868003
v 0.50068402 -0.015596999 0.026746001
v 0.48823798 -0.015596999 0.026761001
v 0.50074494 -0.020248 0.021961002
v 0.48831809 -0.020373 0.021849003
v 0.50087106 -0.024425 0.016851002
v 0.48844802 -0.024644999 0.016608002
v 0.50101197 -0.026688 0.010759002
v 0.48859 -0.026918 0.010364002
v 0.50110495 -0.028063999 0.0046140016
v 0.48868906 -0.028431999 0.004048002
v 0.50112307 -0.028632 -0.0012179982
v 0.50112307 -0.028632 -0.0012179982
v 0.48870504 -0.028990999 -0.0019579981
v 0.48870504 -0.028990999 -0.0019579981
v 0.501091 -0.027680999 -0.0066659981
v 0.48862803 -0.027487999 -0.0076209982
v 0.50101697 -0.026368 -0.011874998
v 0.48853302 -0.026141999 -0.013173998
v 0.50091898 -0.024517 -0.016558997
v 0.48845708 -0.023912 -0.017949998
v 0.50085294 -0.021743 -0.020191997
v 0.488433 -0.020779999 -0.021279998
v 0.50082195 -0.018727999 -0.023249999
v 0.488415 -0.017805999 -0.024211999
v 0.50082803 -0.01633 -0.025722997
v 0.48840606 -0.015329 -0.026554998
v 0.50084901 -0.013706999 -0.026892997
v 0.48841405 -0.012846999 -0.027059998
v 0.50087607 -0.011111999 -0.027468998
v 0.48842299 -0.010373999 -0.027602999
v 0.5008961 -0.0085619995 -0.028034998
v 0.48843503 -0.0079689994 -0.028167998
v 0.500911 -0.0062789991 -0.028710999
v 0.48844504 -0.0058979993 -0.028866999
v 0.50091898 -0.0041609993 -0.029423999
v 0.48845303 -0.0039109993 -0.029563999
v 0.50092995 -0.0020579994 -0.030130997
v 0.488451 -0.0019569993 -0.030290999
v 0.51320708 -0.0052099992 0.029149001
v 0.74988306 -0.0031219993 -0.028315999
v 0.76233804 -0.0031549993 -0.028458998
v 0.77480602 -0.0030869993 -0.028314998
v 0.76236808 -0.0062189992 -0.027988998
v 0.77484202 -0.0061749993 -0.027980998
v 0.78730094 -0.0062659993 -0.027924998
v 0.78726304 -0.0031309994 -0.028324999
v 0.79970002 -0.0032609992 -0.028313998
v 0.55065811 -0.0051539992 0.028986001
v 0.53816807 -0.0051759994 0.029039001
v 0.5256871 -0.0051919995 0.029075002
v 0.53814709 -0.010377999 0.027825002
v 0.52566803 -0.010387999 0.027835002
v 0.51317 -0.010373999 0.027832001
v 0.52566099 -0.015596999 0.026824001
v 0.51316297 -0.015596999 0.026816001
v 0.52569306 -0.020025998 0.022219002
v 0.51322603 -0.02014 0.022116002
v 0.52576399 -0.024014 0.017282002
v 0.513327 -0.024264999 0.017117001
v 0.52585602 -0.026516 0.011630001
v 0.51344502 -0.02668 0.011226002
v 0.52591598 -0.027812999 0.0058130017
v 0.51350904 -0.027960999 0.005214002
v 0.52593601 -0.028477 0.0004040018
v 0.52593601 -0.028477 0.0004040018
v 0.51352704 -0.028581999 -0.0004329982
v 0.51352704 -0.028581999 -0.0004329982
v 0.52593303 -0.027997999 -0.0045379982
v 0.513502 -0.027884999 -0.0055719982
v 0.52589405 -0.027077999 -0.0091949981
v 0.51344597 -0.026788998 -0.010515998
v 0.525841 -0.025985999 -0.013567998
v 0.51337397 -0.025342999 -0.015114998
v 0.52580297 -0.024048999 -0.017353998
v 0.51331794 -0.023031 -0.018954998
v 0.525787 -0.021543 -0.020451998
v 0.51330101 -0.020141 -0.021933999
v 0.52577698 -0.018950999 -0.023159998
v 0.51329696 -0.017557999 -0.024546998
v 0.52578795 -0.016505999 -0.025641998
v 0.51330602 -0.014982999 -0.026666999
v 0.52579796 -0.013518999 -0.026956998
v 0.51333606 -0.01206 -0.027226998
v 0.52581704 -0.010484 -0.027576998
v 0.51336205 -0.0093089994 -0.027831998
v 0.52583504 -0.0075269993 -0.028252998
v 0.51338804 -0.0067399992 -0.028485999
v 0.52585804 -0.0048769992 -0.029023997
v 0.51340699 -0.0043959995 -0.029215999
v 0.52586806 -0.0024039992 -0.029780999
v 0.51341701 -0.0021829994 -0.029953998
v 0.71258199 -0.0032209994 -0.028371999
v 0.72500801 -0.0031499993 -0.028373998
v 0.737445 -0.0031189993 -0.028416999
v 0.72501004 -0.0062779994 -0.027962998
v 0.73744595 -0.0062149991 -0.027990999
v 0.74989307 -0.0062219994 -0.027976999
v 0.73744094 -0.0092619993 -0.027531998
v 0.74989307 -0.0092269992 -0.027551997
v 0.76236808 -0.0092069991 -0.027565999
v 0.74988902 -0.012215 -0.027118998
v 0.76235306 -0.012188999 -0.027144998
v 0.77482402 -0.012213999 -0.027134998
v 0.77484703 -0.0092079993 -0.027544998
v 0.78727996 -0.012429999 -0.027075998
v 0.78730702 -0.0093599996 -0.027478999
v 0.79973495 -0.012885 -0.026945999
v 0.79974604 -0.009686999 -0.027358998
v 0.812204 -0.010140999 -0.027236998
v 0.81217396 -0.0068139993 -0.027715998
v 0.81210411 -0.0034029994 -0.028141998
v 0.82458103 -0.0071459995 -0.027641999
v 0.82451904 -0.0036009992 -0.028274998
v 0.58831108 -0.0051329993 0.028641002
v 0.57573903 -0.0048059993 0.028959002
v 0.56313598 -0.0050529991 0.028994001
v 0.57553303 -0.010181 0.027785001
v 0.56309807 -0.010272999 0.027800001
v 0.55062497 -0.010363999 0.027806003
v 0.5630821 -0.015596999 0.026777001
v 0.5506171 -0.015596999 0.026862001
v 0.53813994 -0.015596999 0.026857002
v 0.55062699 -0.019979 0.022410002
v 0.53817201 -0.019974999 0.022322001
v 0.55066097 -0.024019999 0.017716002
v 0.53821695 -0.023954999 0.017502002
v 0.55070293 -0.02643 0.012270002
v 0.53828108 -0.026443999 0.011996002
v 0.55073893 -0.027533999 0.006742002
v 0.53832901 -0.027646 0.006318002
v 0.55076706 -0.028219 0.0016470018
v 0.53835094 -0.028322998 0.0011230018
v 0.53835094 -0.028322998 0.0011230018
v 0.55077302 -0.028109999 -0.0030839981
v 0.55077302 -0.028109999 -0.0030839981
v 0.53834105 -0.027972 -0.0036969981
v 0.53834105 -0.027972 -0.0036969981
v 0.55075002 -0.027368 -0.0074839983
v 0.53832495 -0.027255999 -0.0081919981
v 0.55071795 -0.026578 -0.011578999
v 0.53828299 -0.026277 -0.012361998
v 0.55070698 -0.025396999 -0.015371998
v 0.53825402 -0.024761999 -0.016115999
v 0.55070198 -0.023365999 -0.018547999
v 0.53824401 -0.022638999 -0.019313999
v 0.55069399 -0.020855999 -0.021229997
v 0.53824699 -0.020091999 -0.022001998
v 0.55070102 -0.018371999 -0.023798998
v 0.53825009 -0.017594999 -0.024576997
v 0.55071402 -0.015972 -0.026222998
v 0.53826404 -0.014961999 -0.026709998
v 0.55072403 -0.012722 -0.027119998
v 0.53828204 -0.011769999 -0.027330998
v 0.55074108 -0.0094189988 -0.027784998
v 0.53829706 -0.0086089997 -0.027960999
v 0.55075395 -0.0062259994 -0.028554998
v 0.53830397 -0.0056539993 -0.028765999
v 0.5507611 -0.0030939993 -0.029419998
v 0.53830707 -0.0027499993 -0.029614998
v 0.67519903 -0.0032159993 -0.028592998
v 0.687657 -0.0032599992 -0.028429998
v 0.70011902 -0.0033009993 -0.028567998
v 0.68766201 -0.0065239994 -0.028035998
v 0.70011294 -0.0065419991 -0.028017998
v 0.71257102 -0.0064149993 -0.027978998
v 0.70011199 -0.0096939988 -0.027521998
v 0.71256399 -0.0095159989 -0.027486999
v 0.72500598 -0.009349999 -0.027486999
v 0.71255803 -0.012568999 -0.026996998
v 0.72499704 -0.012378 -0.027023999
v 0.73743403 -0.012273999 -0.027086997
v 0.72498906 -0.015329999 -0.026566999
v 0.73742807 -0.015195999 -0.026647998
v 0.74988401 -0.015124 -0.026696999
v 0.73743308 -0.017496999 -0.024738999
v 0.74988604 -0.017415999 -0.024852999
v 0.76233494 -0.017413 -0.024906999
v 0.76234102 -0.015101999 -0.026741998
v 0.77478898 -0.017475 -0.024856998
v 0.774804 -0.015151999 -0.026732998
v 0.78722703 -0.017705999 -0.024637999
v 0.787256 -0.015397999 -0.026697999
v 0.799698 -0.018146999 -0.024211999
v 0.799721 -0.015934 -0.026318999
v 0.81219709 -0.018666999 -0.023648998
v 0.81221497 -0.016379999 -0.025787998
v 0.812217 -0.013439 -0.026797999
v 0.82478011 -0.016927999 -0.025190998
v 0.82474101 -0.013990999 -0.026590997
v 0.82465899 -0.010620999 -0.027063997
v 0.62537396 -0.0052179992 0.028265001
v 0.61293304 -0.0052459994 0.028486002
v 0.60053599 -0.0053519993 0.028440002
v 0.61289394 -0.010412999 0.027548002
v 0.60045099 -0.010441 0.027545001
v 0.58786809 -0.010334999 0.027683001
v 0.60039699 -0.015596999 0.026621003
v 0.58782899 -0.015596999 0.026660001
v 0.57544601 -0.015596999 0.026757002
v 0.58787501 -0.019907 0.022282002
v 0.57547402 -0.019898999 0.022350002
v 0.56306994 -0.019902999 0.022355001
v 0.57553399 -0.023743 0.017689003
v 0.56310201 -0.023791999 0.017688002
v 0.57558501 -0.026294999 0.012443001
v 0.563146 -0.026210999 0.012377001
v 0.57561004 -0.027368 0.0070070019
v 0.56316793 -0.027379999 0.006955002
v 0.57562506 -0.028028 0.0020570017
v 0.56317902 -0.027998999 0.0019740018
v 0.57563102 -0.027983999 -0.0025449982
v 0.57563102 -0.027983999 -0.0025449982
v 0.5631851 -0.027897999 -0.0026619982
v 0.5631851 -0.027897999 -0.0026619982
v 0.57562602 -0.027375 -0.0068139983
v 0.56317794 -0.027355999 -0.006982998
v 0.575616 -0.026632 -0.010796999
v 0.56317794 -0.026504999 -0.010993998
v 0.57559001 -0.025637999 -0.014539998
v 0.5631541 -0.025535999 -0.014772998
v 0.57558095 -0.023736998 -0.017751997
v 0.56314003 -0.023670999 -0.018009998
v 0.57558596 -0.021468999 -0.020576999
v 0.56313908 -0.021267999 -0.020753998
v 0.57559204 -0.019009 -0.023150999
v 0.56314194 -0.018786998 -0.023327999
v 0.57560503 -0.016545 -0.025583997
v 0.56315005 -0.016339999 -0.025768999
v 0.57562399 -0.013455999 -0.026900997
v 0.56316507 -0.013214999 -0.026982998
v 0.57564294 -0.010067999 -0.027543997
v 0.56319499 -0.0098579992 -0.027650999
v 0.57566202 -0.0066869995 -0.028296998
v 0.56321001 -0.0065369993 -0.028412998
v 0.57567704 -0.0033369993 -0.029178998
v 0.56321502 -0.0032679993 -0.029335998
v 0.63787401 -0.0033859992 -0.028524999
v 0.65027797 -0.0032849992 -0.028656999
v 0.6627301 -0.0032049993 -0.028568998
v 0.65029001 -0.0064929994 -0.028079998
v 0.66274405 -0.0063819992 -0.028092999
v 0.67520607 -0.0064099994 -0.028079998
v 0.66275108 -0.0095039997 -0.027558997
v 0.67520905 -0.0095809996 -0.027578998
v 0.68766105 -0.0096929995 -0.027530998
v 0.67521298 -0.012707 -0.027047997
v 0.68765903 -0.012825999 -0.027007999
v 0.70011199 -0.012796999 -0.027014999
v 0.68766105 -0.015851999 -0.026303997
v 0.70011604 -0.015812999 -0.026361998
v 0.71255195 -0.015602999 -0.026503999
v 0.70011902 -0.017996999 -0.024297997
v 0.71255696 -0.017816 -0.024388999
v 0.72499299 -0.01763 -0.024557998
v 0.71256006 -0.020016 -0.022200998
v 0.72499907 -0.01983 -0.022369998
v 0.73744202 -0.019670999 -0.022572998
v 0.72500503 -0.021962 -0.020091997
v 0.73745203 -0.021787999 -0.020319998
v 0.74989402 -0.021645999 -0.020471998
v 0.74988997 -0.019564999 -0.022712998
v 0.76233101 -0.021652 -0.020524997
v 0.76233304 -0.019561999 -0.022763997
v 0.77474904 -0.021777999 -0.020426998
v 0.77476895 -0.019665999 -0.022673998
v 0.78718603 -0.022047998 -0.020212999
v 0.78720105 -0.019931 -0.022445999
v 0.79965401 -0.022554999 -0.019843997
v 0.79967403 -0.020365 -0.022043997
v 0.81214905 -0.023109 -0.019094998
v 0.81217706 -0.020905999 -0.021402998
v 0.82472503 -0.021579999 -0.020634998
v 0.82476604 -0.019299999 -0.022984998
v 0.66270101 -0.0052189995 0.028466001
v 0.65028203 -0.0052129994 0.028448002
v 0.63783395 -0.0052209995 0.028403001
v 0.65025795 -0.010410999 0.027581003
v 0.63781798 -0.01041 0.027555002
v 0.62535894 -0.01041 0.027509002
v 0.63781607 -0.015596999 0.026687002
v 0.62535298 -0.015596999 0.026643002
v 0.61287796 -0.015596999 0.026639001
v 0.62537396 -0.020258998 0.022027003
v 0.61288798 -0.020114999 0.022143003
v 0.60040295 -0.019987999 0.022221003
v 0.61292398 -0.024061 0.017265001
v 0.60045397 -0.02386 0.017473001
v 0.58794999 -0.023758 0.017610002
v 0.60050094 -0.026229 0.012088002
v 0.58801901 -0.026176998 0.012319001
v 0.60053599 -0.027262999 0.0066420017
v 0.58806503 -0.0273 0.0069200019
v 0.60056293 -0.027846999 0.0016370018
v 0.58809507 -0.027919 0.0019380018
v 0.60056901 -0.027687 -0.0029489982
v 0.60056901 -0.027687 -0.0029489982
v 0.58810401 -0.027817 -0.0026489983
v 0.58810401 -0.027817 -0.0026489983
v 0.60055804 -0.02715 -0.0071889982
v 0.58808804 -0.027283 -0.0068989983
v 0.60052097 -0.026358999 -0.011113998
v 0.58807003 -0.026517 -0.010850999
v 0.60050094 -0.025382999 -0.014774999
v 0.58805501 -0.025581999 -0.014568998
v 0.60048306 -0.023542 -0.017880999
v 0.58805203 -0.023734 -0.017756999
v 0.6004771 -0.021335 -0.020641997
v 0.58804703 -0.021465 -0.020549998
v 0.60048211 -0.01894 -0.023167998
v 0.588045 -0.019034998 -0.023096997
v 0.60049498 -0.016509 -0.025511999
v 0.58805501 -0.016577 -0.025490997
v 0.60052907 -0.013474 -0.026745997
v 0.58807194 -0.013509 -0.026822999
v 0.600577 -0.010139 -0.027369998
v 0.58810008 -0.010129999 -0.027477998
v 0.60062003 -0.0067769992 -0.028088998
v 0.58812702 -0.0067549995 -0.028213998
v 0.60064399 -0.0034169992 -0.028965998
v 0.58814704 -0.0033819992 -0.029109998
v 0.61311305 -0.0034219993 -0.028683998
v 0.62549293 -0.0033789992 -0.028261999
v 0.61310303 -0.0068029994 -0.028006999
v 0.62548006 -0.0067879991 -0.027863998
v 0.63786805 -0.0066939993 -0.027960999
v 0.62545502 -0.010078999 -0.027339999
v 0.63786101 -0.0099109989 -0.027424999
v 0.6503011 -0.0096379993 -0.027522998
v 0.63785601 -0.013067 -0.026898999
v 0.65031099 -0.012749 -0.026973998
v 0.66274703 -0.012618 -0.027028998
v 0.65031707 -0.015818 -0.026271999
v 0.66274607 -0.015716 -0.026405998
v 0.67521107 -0.015766999 -0.026388999
v 0.66275799 -0.017948 -0.024338998
v 0.67521203 -0.01798 -0.024326999
v 0.68766403 -0.01804 -0.024255998
v 0.67521703 -0.020188 -0.022144997
v 0.68766797 -0.020238999 -0.022084998
v 0.70012105 -0.020204999 -0.022118999
v 0.68767297 -0.022429999 -0.019835997
v 0.700122 -0.022388998 -0.019862998
v 0.71256196 -0.022166999 -0.019923998
v 0.700122 -0.024162 -0.017169999
v 0.71256506 -0.023974 -0.017282998
v 0.72500908 -0.023829 -0.017528998
v 0.71257007 -0.025526 -0.014344999
v 0.72501504 -0.025393 -0.014686998
v 0.73747003 -0.025341999 -0.015035998
v 0.73746204 -0.023721 -0.017833998
v 0.749915 -0.025084 -0.015199998
v 0.74990094 -0.023519998 -0.017991997
v 0.76233709 -0.025077999 -0.015234998
v 0.76232994 -0.023473 -0.017999997
v 0.77473795 -0.025212999 -0.015113998
v 0.77473903 -0.023642 -0.017914997
v 0.78716803 -0.025487999 -0.014813998
v 0.78717601 -0.023893999 -0.017679999
v 0.79961097 -0.025799999 -0.014126998
v 0.7996341 -0.024433998 -0.017232997
v 0.81205404 -0.025936 -0.012949998
v 0.81210506 -0.024844 -0.016278999
v 0.8245641 -0.025367999 -0.015088998
v 0.70006502 -0.0052319993 0.028449003
v 0.68759799 -0.0052179992 0.028414002
v 0.67515695 -0.0052189995 0.028517002
v 0.68757093 -0.010411999 0.027640002
v 0.67512405 -0.010415999 0.027660001
v 0.66268194 -0.010411999 0.027599001
v 0.67511809 -0.015596999 0.026746001
v 0.662678 -0.015596999 0.026711002
v 0.65025508 -0.015596999 0.026670001
v 0.66271901 -0.020543 0.021719001
v 0.65028894 -0.020498998 0.021787003
v 0.63784301 -0.020412 0.021908002
v 0.65032899 -0.024574999 0.016357001
v 0.63787603 -0.024444999 0.016645001
v 0.62540603 -0.024217999 0.016961003
v 0.63789809 -0.026528999 0.010614002
v 0.62544596 -0.026279999 0.011162002
v 0.61296701 -0.026361 0.011696002
v 0.62546301 -0.027216999 0.005520002
v 0.61301005 -0.027277999 0.0061400016
v 0.62547696 -0.027765999 0.00039600182
v 0.62547696 -0.027765999 0.00039600182
v 0.613029 -0.027796999 0.0011050018
v 0.613029 -0.027796999 0.0011050018
v 0.62544096 -0.027346998 -0.0041859983
v 0.61302197 -0.027626999 -0.0034579982
v 0.61302197 -0.027626999 -0.0034579982
v 0.62541902 -0.026819998 -0.0083789984
v 0.61299801 -0.027001999 -0.0076869982
v 0.62538898 -0.026021998 -0.012197998
v 0.61295605 -0.026312999 -0.011565998
v 0.62536395 -0.024870999 -0.015669998
v 0.61292398 -0.025172999 -0.015141998
v 0.62535501 -0.023107 -0.018656999
v 0.61290002 -0.023364998 -0.018204998
v 0.62535799 -0.020908 -0.021216998
v 0.61288798 -0.021156998 -0.020868998
v 0.62536895 -0.018623998 -0.023565998
v 0.61289608 -0.018811999 -0.023327999
v 0.625386 -0.016323999 -0.025728999
v 0.61293209 -0.016437 -0.025606997
v 0.62542307 -0.013319 -0.026795998
v 0.61299002 -0.013433999 -0.026765998
v 0.61305106 -0.010139999 -0.027355999
v 0.63785398 -0.016068999 -0.026037998
v 0.63784897 -0.018358 -0.023903998
v 0.65031707 -0.018077999 -0.024184998
v 0.63784599 -0.020652 -0.021609997
v 0.65031803 -0.020353999 -0.021937998
v 0.66276801 -0.020196998 -0.022120997
v 0.65031898 -0.022601999 -0.019635998
v 0.66277599 -0.022414999 -0.019834999
v 0.67522299 -0.022372 -0.019876998
v 0.66278601 -0.024224998 -0.017086998
v 0.67523301 -0.024172999 -0.017137999
v 0.68767798 -0.024202999 -0.017117998
v 0.67524803 -0.02575 -0.014031998
v 0.68768501 -0.025672 -0.013984998
v 0.70012701 -0.025646999 -0.014115999
v 0.68769801 -0.026385998 -0.010320998
v 0.70013702 -0.02644 -0.010533998
v 0.71258008 -0.026246 -0.010818998
v 0.70014203 -0.027005 -0.0067309984
v 0.71258008 -0.026866999 -0.0071309982
v 0.72503102 -0.026759999 -0.0075669982
v 0.7250191 -0.02616 -0.011197998
v 0.73749804 -0.026688999 -0.0079699978
v 0.73747694 -0.026156999 -0.011602998
v 0.74995506 -0.026612999 -0.0081979986
v 0.74993694 -0.025973 -0.011831998
v 0.76237202 -0.026608 -0.0082099978
v 0.76235402 -0.02609 -0.011887998
v 0.77477205 -0.026632 -0.0079569984
v 0.77475798 -0.026029 -0.011640999
v 0.78718793 -0.026714999 -0.0073419982
v 0.78717196 -0.026221 -0.011218999
v 0.79959404 -0.026844999 -0.0063049984
v 0.799595 -0.026374999 -0.010387998
v 0.81196201 -0.026974998 -0.0048709982
v 0.81196201 -0.026974998 -0.0048709982
v 0.81200004 -0.026494 -0.0090819979
v 0.82425296 -0.027300999 -0.0031199981
v 0.82433903 -0.026765998 -0.0073849983
v 0.83661211 -0.027625 -0.0011809982
v 0.84924996 -0.027926 0.00072300178
v 0.84931505 -0.027626999 -0.0037259981
v 0.86238003 -0.026772 -0.0024059983
v 0.87563002 -0.023561999 -0.0052289981
v 0.88701308 -0.020302 -0.0070709982
v 0.89890504 -0.017336 -0.009519998
v 0.73739493 -0.0052039991 0.028373001
v 0.72493708 -0.0052119992 0.028338002
v 0.71251404 -0.0052089994 0.028319001
v 0.72491109 -0.010408999 0.027558003
v 0.71248102 -0.010408999 0.027558003
v 0.700032 -0.010414 0.027623001
v 0.71247208 -0.015596999 0.026718002
v 0.70002604 -0.015596999 0.026770001
v 0.68756306 -0.015596999 0.026753001
v 0.70003903 -0.020847999 0.021559002
v 0.687585 -0.020684 0.021608002
v 0.67513502 -0.020601999 0.021685002
v 0.68762195 -0.024821999 0.015874002
v 0.67518508 -0.024766 0.016043002
v 0.6627661 -0.024675999 0.016168002
v 0.6752311 -0.026684999 0.009564002
v 0.66278303 -0.026657999 0.0098030018
v 0.65034807 -0.026555 0.010132002
v 0.66279495 -0.027502999 0.0037450017
v 0.65034497 -0.027424 0.0042310017
v 0.63790703 -0.027431998 0.004850002
v 0.65033901 -0.027733998 -0.0011249982
v 0.65033901 -0.027733998 -0.0011249982
v 0.63789809 -0.027764998 -0.00044799817
v 0.63789809 -0.027764998 -0.00044799817
v 0.65033996 -0.027253998 -0.0057379981
v 0.63787997 -0.027386999 -0.0050379983
v 0.6503371 -0.026587 -0.0098829987
v 0.63786709 -0.026728999 -0.0092289979
v 0.65032709 -0.025797 -0.013640998
v 0.63785601 -0.025952 -0.013020998
v 0.65032399 -0.024375999 -0.016837997
v 0.63784897 -0.024635 -0.016374998
v 0.63784504 -0.022939999 -0.019309998
v 0.66279602 -0.025730999 -0.013971998
v 0.6628021 -0.026540998 -0.010243998
v 0.67525995 -0.026549999 -0.010333998
v 0.66280603 -0.027213 -0.0061649983
v 0.67526996 -0.027155999 -0.0063299984
v 0.687711 -0.027047999 -0.0064439983
v 0.67527103 -0.027651999 -0.0019569981
v 0.67527103 -0.027651999 -0.0019569981
v 0.68771303 -0.027496999 -0.0022509983
v 0.68771303 -0.027496999 -0.0022509983
v 0.70014298 -0.027509 -0.0026179983
v 0.70014298 -0.027509 -0.0026179983
v 0.68770111 -0.027447 0.0028870017
v 0.70013607 -0.027534999 0.0023430018
v 0.71257901 -0.027474999 0.0016900018
v 0.71258199 -0.027318999 -0.0030369982
v 0.71258199 -0.027318999 -0.0030369982
v 0.72504199 -0.027493998 0.0010580018
v 0.72503603 -0.027261 -0.0035099981
v 0.72503603 -0.027261 -0.0035099981
v 0.73750603 -0.027495999 0.00058600178
v 0.73750603 -0.027495999 0.00058600178
v 0.73750603 -0.027203999 -0.003922998
v 0.73750603 -0.027203999 -0.003922998
v 0.74995899 -0.027457999 0.00031600179
v 0.74995899 -0.027457999 0.00031600179
v 0.74995697 -0.027067 -0.0041319984
v 0.76239204 -0.027431998 0.00032200181
v 0.76239204 -0.027431998 0.00032200181
v 0.76239002 -0.027162999 -0.0040969984
v 0.76239002 -0.027162999 -0.0040969984
v 0.77481496 -0.027369 0.0008480018
v 0.77480102 -0.027076999 -0.0037509983
v 0.77480102 -0.027076999 -0.0037509983
v 0.78722394 -0.027279999 0.0019980017
v 0.78720701 -0.027185999 -0.0030619982
v 0.78720701 -0.027185999 -0.0030619982
v 0.79962301 -0.027139999 0.0035710018
v 0.79960597 -0.027277999 -0.0019749983
v 0.81196201 -0.026911 0.0054120016
v 0.81193697 -0.027365999 -0.00045599818
v 0.81193697 -0.027365999 -0.00045599818
v 0.82428896 -0.026781999 0.0073220017
v 0.82423198 -0.027393 0.0016170018
v 0.83675003 -0.026689999 0.0088540018
v 0.83661807 -0.027355999 0.0036900018
v 0.84950304 -0.026616 0.0099270018
v 0.84933507 -0.0275 0.005282002
v 0.86223996 -0.025154 0.010584001
v 0.86233103 -0.026315 0.0065710018
v 0.86237001 -0.026817 0.0025150019
v 0.87560999 -0.023446999 0.0075880019
v 0.87548304 -0.023824999 0.0032820017
v 0.87544906 -0.023992999 -0.0010369982
v 0.88710701 -0.020341 0.0035800019
v 0.88709903 -0.020442 0.00052900182
v 0.88710904 -0.020429999 -0.0033459982
v 0.89908504 -0.017539999 0.0010260018
v 0.899032 -0.017533999 -0.0025299981
v 0.89896905 -0.0175 -0.0061199982
v 0.91042507 -0.014753999 -0.0017259982
v 0.91042507 -0.014694 -0.0049769981
v 0.91043794 -0.014566999 -0.0080319978
v 0.91990507 -0.012354999 -0.0038009982
v 0.92017496 -0.012212999 -0.006620998
v 0.92039406 -0.011992999 -0.0094569977
v 0.927876 -0.010813 -0.0050389981
v 0.92829704 -0.010625999 -0.0075959982
v 0.774809 -0.0052079991 0.028318001
v 0.76233494 -0.0052149994 0.028416002
v 0.74983799 -0.0051959991 0.028341001
v 0.76227796 -0.010402999 0.027665002
v 0.74980903 -0.010398 0.027639002
v 0.73736501 -0.010406 0.027601002
v 0.74980509 -0.015596999 0.026871001
v 0.73735607 -0.015596999 0.026821002
v 0.72490609 -0.015596999 0.026748002
v 0.73739803 -0.020934999 0.021222001
v 0.72495699 -0.020895999 0.021241002
v 0.712497 -0.020880999 0.021381002
v 0.72502005 -0.025208998 0.015103002
v 0.71255195 -0.025119999 0.015375001
v 0.70008004 -0.02502 0.015680002
v 0.71258008 -0.026719 0.0083730016
v 0.70011699 -0.02671 0.0088810017
v 0.68766999 -0.026659999 0.009289002
v 0.67525709 -0.027548999 0.0033360019
v 0.66280401 -0.027718998 -0.0016239982
v 0.66280401 -0.027718998 -0.0016239982
v 0.72504508 -0.026743999 0.007902002
v 0.73746598 -0.025301998 0.014950002
v 0.73749804 -0.026766999 0.007575002
v 0.74989104 -0.025312999 0.014929002
v 0.74993408 -0.026743999 0.0074540018
v 0.76233208 -0.025242999 0.015075002
v 0.76236808 -0.026711 0.0076030018
v 0.77478397 -0.025047999 0.015426002
v 0.7748121 -0.026631 0.0081240023
v 0.78722608 -0.024742 0.016027002
v 0.78723502 -0.026516 0.0090700015
v 0.79965699 -0.024387 0.016803002
v 0.79963601 -0.026370998 0.010311002
v 0.81211007 -0.023870999 0.017507002
v 0.81201208 -0.026001999 0.011709002
v 0.82462609 -0.023624999 0.018189002
v 0.82443202 -0.025893999 0.013048002
v 0.83728099 -0.023182999 0.018675001
v 0.83702695 -0.025655 0.014013002
v 0.849805 -0.022374999 0.018762002
v 0.84969401 -0.025229 0.014553002
v 0.86207199 -0.020920999 0.018381001
v 0.86224604 -0.023728998 0.014721001
v 0.87428296 -0.018842999 0.017798001
v 0.87461197 -0.021290999 0.014624001
v 0.87494004 -0.022518 0.010906002
v 0.88675201 -0.01908 0.014538002
v 0.88695705 -0.019619999 0.011076001
v 0.88708293 -0.020134 0.0076700016
v 0.89912403 -0.017148999 0.011063002
v 0.89913201 -0.017382 0.007817002
v 0.89911699 -0.017463999 0.0043360018
v 0.91060305 -0.014626999 0.0077560018
v 0.91052806 -0.014698999 0.0046340018
v 0.91046202 -0.014767 0.0014660018
v 0.91969597 -0.012376999 0.0049170018
v 0.91963208 -0.012459 0.0020140018
v 0.91967499 -0.012487999 -0.00084299821
v 0.92708004 -0.011031999 0.0026340019
v 0.92725194 -0.011047999 8.5001811e-05
v 0.92750704 -0.010966999 -0.0025289983
v 0.93397903 -0.0099439994 0.0010880018
v 0.934286 -0.009872999 -0.0011489982
v 0.93468201 -0.0098049995 -0.0034649982
v 0.93998003 -0.0083729997 1.7001807e-05
v 0.94045103 -0.0084499996 -0.0020979983
v 0.94045103 -0.0084499996 -0.0020979983
v 0.94090998 -0.0082629994 -0.0044179983
v 0.9440161 -0.0056449994 -0.0013839982
v 0.9440161 -0.0056449994 -0.0013839982
v 0.94408906 -0.0052199992 -0.0036529982
v 0.94419503 -0.0047239992 -0.005766998
v 0.941185 -0.0075269993 -0.0064799981
v 0.943838 -0.0039199991 -0.0075629982
v 0.94154894 -0.0065349992 -0.0081589986
v 0.94541395 -0.0023609994 -0.0057159984
v 0.94493604 -0.0020999992 -0.007842998
v 0.9440161 -0.0017709993 -0.0099079981
v 0.81229007 -0.0052249995 0.028145002
v 0.79979599 -0.0052099992 0.028276002
v 0.78727996 -0.0052099992 0.028329002
v 0.7997421 -0.010407999 0.027555002
v 0.787238 -0.010404999 0.027614001
v 0.77475607 -0.010408999 0.027642002
v 0.78722501 -0.015596999 0.026904002
v 0.77474201 -0.015596999 0.026910001
v 0.76226699 -0.015596999 0.026917001
v 0.77475297 -0.020754999 0.021513002
v 0.76229107 -0.020893 0.021337003
v 0.74983609 -0.020934999 0.021250002
v 0.78722107 -0.020551 0.021781001
v 0.79972398 -0.015596999 0.026862001
v 0.79969108 -0.020321999 0.022095002
v 0.81225204 -0.015596999 0.026731001
v 0.81219804 -0.020025998 0.022339001
v 0.82482493 -0.015596999 0.026578002
v 0.82477295 -0.019824 0.022523003
v 0.83742011 -0.015581 0.026078003
v 0.83734596 -0.019460998 0.022499003
v 0.84963703 -0.014699999 0.025164003
v 0.84976399 -0.018809998 0.022345001
v 0.86177504 -0.014051 0.024599003
v 0.86193001 -0.017734999 0.021759002
v 0.87376201 -0.012622 0.022974001
v 0.87401104 -0.016006999 0.020634001
v 0.88595104 -0.011194999 0.021486001
v 0.88616204 -0.014261999 0.019595001
v 0.88642395 -0.017077999 0.017207002
v 0.89863098 -0.012804999 0.018666001
v 0.89892805 -0.015542999 0.016865002
v 0.89911211 -0.016912999 0.014351002
v 0.91058803 -0.013241999 0.016145002
v 0.91069996 -0.014103999 0.013713002
v 0.9106611 -0.014386999 0.010773002
v 0.92002094 -0.011711999 0.013139002
v 0.91990697 -0.012002999 0.010534002
v 0.919788 -0.012281 0.0078210011
v 0.92714393 -0.010647999 0.010153002
v 0.92699599 -0.010868999 0.0077410019
v 0.92695904 -0.010980999 0.005121002
v 0.93333709 -0.009585999 0.0076200017
v 0.93350708 -0.0098599996 0.0055370019
v 0.93373501 -0.0099819992 0.0033070019
v 0.93924403 -0.0084929997 0.005952002
v 0.93948305 -0.0087239994 0.003996002
v 0.93968904 -0.0084849996 0.0020560019
v 0.94343901 -0.0061349995 0.0046320017
v 0.94343901 -0.0061349995 0.0046320017
v 0.94365299 -0.0060239993 0.0027570019
v 0.94365299 -0.0060239993 0.0027570019
v 0.94390905 -0.0059389994 0.00077600183
v 0.94390905 -0.0059389994 0.00077600183
v 0.94597101 -0.0030749992 0.0032280018
v 0.94621909 -0.0030529993 0.0012330018
v 0.94621909 -0.0028559994 -0.0010639982
v 0.94601905 -0.0026389994 -0.0034809981
v 0.84914196 -0.0051249992 0.028110001
v 0.83701408 -0.0053049992 0.028133001
v 0.82477701 -0.0052539995 0.028171001
v 0.83719194 -0.010481999 0.027238002
v 0.82478011 -0.010485999 0.027374001
v 0.81226099 -0.010423999 0.027454002
v 0.84940207 -0.010073999 0.026895002
v 0.86133301 -0.0048259995 0.027487002
v 0.86150396 -0.009527999 0.026330002
v 0.87361002 -0.0044569992 0.026141001
v 0.87363493 -0.0086659994 0.024801001
v 0.88584507 -0.0039849994 0.023934001
v 0.88585401 -0.0078359991 0.023077002
v 0.89816606 -0.0036199994 0.022798002
v 0.89812303 -0.0069279992 0.021741001
v 0.89832401 -0.0099059995 0.020241002
v 0.90945709 -0.0057989992 0.020179002
v 0.90972006 -0.0084249992 0.019046001
v 0.910133 -0.010960999 0.017715001
v 0.91921604 -0.007335999 0.018353002
v 0.91963708 -0.0093639996 0.017008001
v 0.9200381 -0.011467 0.015496002
v 0.92717099 -0.0086209988 0.016505001
v 0.92740095 -0.0099829994 0.014908002
v 0.92732608 -0.010336999 0.012588002
v 0.93351209 -0.0084769996 0.013858002
v 0.93339503 -0.009039999 0.011741002
v 0.93331897 -0.0093279993 0.0096640019
v 0.93839502 -0.0071189995 0.011225002
v 0.93869197 -0.0076099993 0.0095260022
v 0.93895805 -0.008148999 0.0078380015
v 0.94184005 -0.0052069994 0.0094140014
v 0.94184005 -0.0052069994 0.0094140014
v 0.94243896 -0.005745999 0.0079150014
v 0.94243896 -0.005745999 0.0079150014
v 0.94306505 -0.0060429992 0.0063590016
v 0.94306505 -0.0060429992 0.0063590016
v 0.94413102 -0.0027789993 0.0079760021
v 0.94478703 -0.0029219992 0.0065670018
v 0.94551098 -0.0030429992 0.0050710016
v 0.90939605 -0.0028399993 0.020982001
v 0.918841 -0.0025849992 0.020155001
v 0.91891706 -0.0050159991 0.019378003
v 0.92645299 -0.0024049992 0.019043002
v 0.92649901 -0.0044979993 0.018499002
v 0.926741 -0.0067069991 0.017640002
v 0.93249905 -0.0040139994 0.017535001
v 0.93283093 -0.0058569992 0.016777001
v 0.933321 -0.0073779994 0.015524002
v 0.93751001 -0.0044829994 0.015753001
v 0.93792498 -0.0056319991 0.014457001
v 0.93819499 -0.0064979992 0.012955002
v 0.941185 -0.0039319992 0.013704002
v 0.941185 -0.0039319992 0.013704002
v 0.94138396 -0.0043979995 0.012330002
v 0.94138396 -0.0043979995 0.012330002
v 0.94160604 -0.0048119994 0.010889002
v 0.94160604 -0.0048119994 0.010889002
v 0.943084 -0.0022259993 0.011986001
v 0.94321501 -0.0025189994 0.010701002
v 0.94356203 -0.0026139992 0.0093620019
v 0.93237507 -0.0020899994 0.017999003
v 0.93708003 -0.0016779993 0.016975002
v 0.937204 -0.0033139994 0.016557002
v 0.94102502 -0.0023939994 0.015753001
v 0.94108593 -0.0032149993 0.014809002
v 0.94108593 -0.0032149993 0.014809002
v 0.94393003 -0.0015119993 0.014845002
v 0.94393003 -0.0015119993 0.014845002
v 0.94336593 -0.0018089993 0.013998002
v 0.94336593 -0.0018089993 0.013998002
v 0.94299901 -0.0018859992 0.013129001
v -0.92620498 -0.038723998 -0.080623001
v -0.93383396 -0.034679998 -0.070138998
v -0.83293301 -0.015596999 -0.100634
v -0.82763499 -0.015596999 -0.113606
v -0.81716198 -0.015596999 -0.123368
v -0.78233397 -0.080937997 0.090924002
f 3 16 17
f 3 17 19
f 4 32 33
f 4 33 34
f 4 35 36
f 4 36 32
f 5 37 39
f 5 39 40
f 5 41 43
f 5 43 37
f 6 45 46
f 6 46 47
f 9 57 56
f 9 56 55
f 7 54 58
f 7 58 59
f 11 38 44
f 11 44 61
f 11 61 62
f 11 62 64
f 10 63 13
f 10 13 65
f 12 60 67
f 12 67 66
f 13 49 68
f 13 68 65
f 13 63 49
f 63 50 49
f 70 71 25
f 70 25 26
f 72 22 73
f 72 73 74
f 75 31 30
f 75 30 27
f 76 39 37
f 76 37 10
f 76 10 65
f 76 65 69
f 77 78 23
f 77 23 24
f 85 86 36
f 85 36 35
f 85 84 1771
f 85 1771 86
f 1771 87 88
f 1771 88 86
f 88 57 89
f 88 89 90
f 88 90 36
f 88 36 86
f 88 87 56
f 88 56 57
f 90 89 62
f 90 62 91
f 90 91 32
f 90 32 36
f 91 62 61
f 91 61 92
f 91 92 33
f 91 33 32
f 92 61 44
f 92 44 93
f 92 93 94
f 92 94 33
f 94 93 95
f 94 95 96
f 94 96 97
f 94 97 98
f 94 98 34
f 94 34 33
f 103 104 100
f 103 100 99
f 104 105 101
f 104 101 100
f 105 106 102
f 105 102 101
f 112 111 113
f 112 113 114
f 115 116 107
f 117 109 108
f 118 119 120
f 118 120 110
f 120 119 121
f 120 121 122
f 124 123 122
f 124 122 121
f 130 129 131
f 130 132 127
f 134 133 135
f 134 135 136
f 134 136 131
f 134 131 129
f 141 139 145
f 141 145 146
f 141 146 147
f 141 147 143
f 147 146 148
f 147 148 149
f 147 149 150
f 147 150 151
f 147 151 152
f 147 152 143
f 152 151 154
f 152 154 155
f 157 158 159
f 157 159 145
f 157 145 139
f 157 139 137
f 159 158 160
f 159 160 161
f 159 161 162
f 159 162 148
f 159 148 146
f 159 146 145
f 162 161 163
f 162 163 164
f 162 164 165
f 162 165 166
f 162 166 149
f 162 149 148
f 166 165 167
f 166 167 168
f 166 168 150
f 166 150 149
f 168 167 169
f 168 169 170
f 168 170 171
f 168 171 150
f 171 170 172
f 171 172 173
f 171 173 174
f 171 174 154
f 171 154 151
f 171 151 150
f 174 173 175
f 174 175 176
f 174 176 177
f 174 177 179
f 174 179 155
f 174 155 154
f 181 182 183
f 181 183 163
f 181 163 161
f 181 161 160
f 183 182 184
f 183 184 185
f 183 185 186
f 183 186 187
f 183 187 164
f 183 164 163
f 187 186 188
f 187 188 189
f 187 189 165
f 187 165 164
f 189 188 190
f 189 190 191
f 189 191 167
f 189 167 165
f 191 190 192
f 191 192 193
f 191 193 169
f 191 169 167
f 193 192 194
f 193 194 195
f 193 195 196
f 193 196 169
f 196 195 197
f 196 197 198
f 196 198 199
f 196 199 172
f 196 172 170
f 196 170 169
f 199 198 200
f 199 200 201
f 199 201 202
f 199 202 175
f 199 175 173
f 199 173 172
f 202 201 203
f 202 203 204
f 202 204 205
f 202 205 206
f 202 206 176
f 202 176 175
f 206 205 207
f 206 207 209
f 206 209 177
f 206 177 176
f 211 212 213
f 211 213 214
f 211 214 185
f 211 185 184
f 214 213 215
f 214 215 216
f 214 216 186
f 214 186 185
f 216 215 217
f 216 217 218
f 216 218 188
f 216 188 186
f 218 217 219
f 218 219 220
f 218 220 190
f 218 190 188
f 220 219 221
f 220 221 222
f 220 222 192
f 220 192 190
f 222 221 223
f 222 223 224
f 222 224 194
f 222 194 192
f 224 223 225
f 224 225 226
f 224 226 227
f 224 227 194
f 227 226 228
f 227 228 229
f 227 229 230
f 227 230 197
f 227 197 195
f 227 195 194
f 230 229 231
f 230 231 232
f 230 232 233
f 230 233 200
f 230 200 198
f 230 198 197
f 233 232 234
f 233 234 235
f 233 235 236
f 233 236 203
f 233 203 201
f 233 201 200
f 236 235 237
f 236 237 238
f 236 238 239
f 236 239 240
f 236 240 204
f 236 204 203
f 240 239 241
f 240 241 242
f 240 242 205
f 240 205 204
f 242 241 243
f 242 243 245
f 242 245 207
f 242 207 205
f 248 247 249
f 248 249 250
f 248 250 213
f 248 213 212
f 250 249 251
f 250 251 252
f 250 252 215
f 250 215 213
f 252 251 253
f 252 253 254
f 252 254 217
f 252 217 215
f 254 253 255
f 254 255 256
f 254 256 219
f 254 219 217
f 256 255 257
f 256 257 258
f 256 258 221
f 256 221 219
f 258 257 259
f 258 259 260
f 258 260 223
f 258 223 221
f 260 259 261
f 260 261 262
f 260 262 225
f 260 225 223
f 262 261 263
f 262 263 264
f 262 264 265
f 262 265 225
f 265 264 266
f 265 266 267
f 265 267 268
f 265 268 228
f 265 228 226
f 265 226 225
f 268 267 269
f 268 269 270
f 268 270 271
f 268 271 231
f 268 231 229
f 268 229 228
f 271 270 272
f 271 272 273
f 271 273 274
f 271 274 234
f 271 234 232
f 271 232 231
f 274 273 275
f 274 275 276
f 274 276 277
f 274 277 237
f 274 237 235
f 274 235 234
f 277 276 278
f 277 278 279
f 277 279 280
f 277 280 281
f 277 281 238
f 277 238 237
f 281 280 282
f 281 282 283
f 281 283 239
f 281 239 238
f 283 282 284
f 283 284 285
f 283 285 241
f 283 241 239
f 285 284 286
f 285 286 288
f 285 288 243
f 285 243 241
f 290 291 249
f 290 249 247
f 291 292 251
f 291 251 249
f 292 293 253
f 292 253 251
f 293 294 255
f 293 255 253
f 294 295 257
f 294 257 255
f 295 296 259
f 295 259 257
f 296 297 261
f 296 261 259
f 297 298 263
f 297 263 261
f 298 300 302
f 298 302 263
f 302 300 303
f 302 303 305
f 302 305 306
f 302 306 266
f 302 266 264
f 302 264 263
f 306 305 307
f 306 307 308
f 306 308 309
f 306 309 269
f 306 269 267
f 306 267 266
f 309 308 310
f 309 310 311
f 309 311 312
f 309 312 272
f 309 272 270
f 309 270 269
f 312 311 313
f 312 313 314
f 312 314 315
f 312 315 275
f 312 275 273
f 312 273 272
f 315 314 316
f 315 316 317
f 315 317 318
f 315 318 278
f 315 278 276
f 315 276 275
f 318 317 319
f 318 319 320
f 318 320 321
f 318 321 322
f 318 322 279
f 318 279 278
f 322 321 323
f 322 323 324
f 322 324 280
f 322 280 279
f 324 323 325
f 324 325 326
f 324 326 282
f 324 282 280
f 326 325 327
f 326 327 328
f 326 328 284
f 326 284 282
f 328 327 329
f 328 329 331
f 328 331 286
f 328 286 284
f 333 334 335
f 333 335 336
f 333 336 299
f 336 335 337
f 336 337 338
f 336 338 340
f 336 340 304
f 336 304 301
f 336 301 299
f 339 341 342
f 339 342 307
f 339 307 305
f 339 305 303
f 342 341 343
f 342 343 344
f 342 344 345
f 342 345 310
f 342 310 308
f 342 308 307
f 345 344 346
f 345 346 347
f 345 347 348
f 345 348 313
f 345 313 311
f 345 311 310
f 348 347 349
f 348 349 350
f 348 350 351
f 348 351 316
f 348 316 314
f 348 314 313
f 351 350 352
f 351 352 353
f 351 353 354
f 351 354 319
f 351 319 317
f 351 317 316
f 354 353 355
f 354 355 356
f 354 356 357
f 354 357 358
f 354 358 320
f 354 320 319
f 358 357 359
f 358 359 360
f 358 360 321
f 358 321 320
f 360 359 361
f 360 361 362
f 360 362 323
f 360 323 321
f 362 361 363
f 362 363 364
f 362 364 325
f 362 325 323
f 364 363 365
f 364 365 366
f 364 366 327
f 364 327 325
f 366 365 367
f 366 367 369
f 366 369 329
f 366 329 327
f 371 372 373
f 371 373 337
f 371 337 335
f 371 335 334
f 373 338 337
f 376 377 378
f 376 378 346
f 376 346 344
f 376 344 343
f 378 377 379
f 378 379 380
f 378 380 381
f 378 381 349
f 378 349 347
f 378 347 346
f 381 380 382
f 381 382 383
f 381 383 384
f 381 384 352
f 381 352 350
f 381 350 349
f 384 383 385
f 384 385 386
f 384 386 387
f 384 387 355
f 384 355 353
f 384 353 352
f 387 386 388
f 387 388 389
f 387 389 390
f 387 390 391
f 387 391 356
f 387 356 355
f 391 390 392
f 391 392 393
f 391 393 357
f 391 357 356
f 393 392 394
f 393 394 395
f 393 395 359
f 393 359 357
f 395 394 396
f 395 396 397
f 395 397 361
f 395 361 359
f 397 396 398
f 397 398 399
f 397 399 363
f 397 363 361
f 399 398 400
f 399 400 401
f 399 401 365
f 399 365 363
f 401 400 402
f 401 402 404
f 401 404 367
f 401 367 365
f 406 407 408
f 406 408 409
f 406 409 374
f 406 374 372
f 409 375 374
f 412 413 414
f 412 414 382
f 412 382 380
f 412 380 379
f 414 413 415
f 414 415 417
f 414 417 418
f 414 418 385
f 414 385 383
f 414 383 382
f 418 417 419
f 418 419 420
f 418 420 421
f 418 421 388
f 418 388 386
f 418 386 385
f 421 420 422
f 421 422 423
f 421 423 424
f 421 424 425
f 421 425 389
f 421 389 388
f 425 424 426
f 425 426 427
f 425 427 390
f 425 390 389
f 427 426 428
f 427 428 429
f 427 429 392
f 427 392 390
f 429 428 430
f 429 430 431
f 429 431 394
f 429 394 392
f 431 430 432
f 431 432 433
f 431 433 396
f 431 396 394
f 433 432 434
f 433 434 435
f 433 435 398
f 433 398 396
f 435 434 436
f 435 436 437
f 435 437 400
f 435 400 398
f 437 436 438
f 437 438 440
f 437 440 402
f 437 402 400
f 442 443 410
f 442 410 408
f 443 411 410
f 444 445 446
f 447 446 448
f 447 448 449
f 447 449 451
f 447 451 416
f 451 449 452
f 451 452 454
f 450 453 455
f 450 455 419
f 450 419 417
f 450 417 415
f 455 453 456
f 455 456 458
f 455 458 459
f 455 459 422
f 455 422 420
f 455 420 419
f 459 458 460
f 459 460 461
f 459 461 462
f 459 462 463
f 459 463 423
f 459 423 422
f 463 462 464
f 463 464 465
f 463 465 424
f 463 424 423
f 465 464 466
f 465 466 467
f 465 467 426
f 465 426 424
f 467 466 468
f 467 468 469
f 467 469 428
f 467 428 426
f 469 468 470
f 469 470 471
f 469 471 430
f 469 430 428
f 471 470 472
f 471 472 473
f 471 473 432
f 471 432 430
f 473 472 474
f 473 474 475
f 473 475 434
f 473 434 432
f 475 474 476
f 475 476 477
f 475 477 436
f 475 436 434
f 477 476 478
f 477 478 480
f 477 480 438
f 477 438 436
f 482 483 484
f 482 484 445
f 484 483 485
f 484 485 486
f 484 486 487
f 484 487 448
f 484 448 446
f 484 446 445
f 487 486 488
f 487 488 489
f 487 489 490
f 487 490 452
f 487 452 449
f 487 449 448
f 490 489 491
f 490 491 492
f 490 492 494
f 490 494 457
f 490 457 454
f 490 454 452
f 494 492 495
f 494 495 497
f 493 496 498
f 493 498 460
f 493 460 458
f 493 458 456
f 498 496 499
f 498 499 501
f 498 501 502
f 498 502 503
f 498 503 461
f 498 461 460
f 503 502 504
f 503 504 505
f 503 505 462
f 503 462 461
f 505 504 506
f 505 506 507
f 505 507 464
f 505 464 462
f 507 506 508
f 507 508 509
f 507 509 466
f 507 466 464
f 509 508 510
f 509 510 511
f 509 511 468
f 509 468 466
f 511 510 512
f 511 512 513
f 511 513 470
f 511 470 468
f 513 512 514
f 513 514 515
f 513 515 472
f 513 472 470
f 515 514 516
f 515 516 517
f 515 517 474
f 515 474 472
f 517 516 518
f 517 518 519
f 517 519 476
f 517 476 474
f 519 518 520
f 519 520 522
f 519 522 478
f 519 478 476
f 527 488 486
f 527 486 485
f 530 529 531
f 530 531 532
f 530 532 533
f 530 533 495
f 530 495 492
f 530 492 491
f 533 532 534
f 533 534 536
f 533 536 538
f 533 538 500
f 533 500 497
f 533 497 495
f 537 535 539
f 537 539 541
f 537 541 542
f 537 542 543
f 537 543 501
f 537 501 499
f 543 542 544
f 543 544 545
f 543 545 502
f 543 502 501
f 545 544 546
f 545 546 547
f 545 547 504
f 545 504 502
f 547 546 548
f 547 548 549
f 547 549 506
f 547 506 504
f 549 548 550
f 549 550 551
f 549 551 508
f 549 508 506
f 551 550 552
f 551 552 553
f 551 553 510
f 551 510 508
f 553 552 554
f 553 554 555
f 553 555 512
f 553 512 510
f 555 554 556
f 555 556 557
f 555 557 514
f 555 514 512
f 557 556 558
f 557 558 559
f 557 559 516
f 557 516 514
f 559 558 560
f 559 560 561
f 559 561 518
f 559 518 516
f 561 560 562
f 561 562 564
f 561 564 520
f 561 520 518
f 566 567 568
f 566 568 526
f 568 567 569
f 568 569 570
f 573 572 574
f 573 574 575
f 573 575 576
f 573 576 528
f 576 575 577
f 576 577 578
f 576 578 579
f 576 579 531
f 576 531 529
f 576 529 528
f 579 578 580
f 579 580 581
f 579 581 582
f 579 582 534
f 579 534 532
f 579 532 531
f 582 581 583
f 582 583 584
f 582 584 586
f 582 586 540
f 582 540 536
f 582 536 534
f 586 584 587
f 586 587 589
f 585 588 590
f 585 590 591
f 585 591 541
f 585 541 539
f 591 590 592
f 591 592 593
f 591 593 542
f 591 542 541
f 593 592 594
f 593 594 595
f 593 595 544
f 593 544 542
f 595 594 596
f 595 596 597
f 595 597 546
f 595 546 544
f 597 596 598
f 597 598 599
f 597 599 548
f 597 548 546
f 599 598 600
f 599 600 601
f 599 601 550
f 599 550 548
f 601 600 602
f 601 602 603
f 601 603 552
f 601 552 550
f 603 602 604
f 603 604 605
f 603 605 554
f 603 554 552
f 605 604 606
f 605 606 607
f 605 607 556
f 605 556 554
f 607 606 608
f 607 608 609
f 607 609 558
f 607 558 556
f 609 608 610
f 609 610 611
f 609 611 560
f 609 560 558
f 611 610 612
f 611 612 614
f 611 614 562
f 611 562 560
f 616 617 618
f 616 570 569
f 618 617 620
f 622 624 625
f 622 625 571
f 625 624 626
f 625 626 627
f 625 627 628
f 625 628 574
f 625 574 572
f 625 572 571
f 628 627 629
f 628 629 630
f 628 630 631
f 628 631 577
f 628 577 575
f 628 575 574
f 631 630 632
f 631 632 633
f 631 633 634
f 631 634 580
f 631 580 578
f 631 578 577
f 634 633 635
f 634 635 636
f 634 636 637
f 634 637 583
f 634 583 581
f 634 581 580
f 637 636 638
f 637 638 639
f 637 639 641
f 637 641 587
f 637 587 584
f 637 584 583
f 641 639 642
f 641 642 644
f 640 643 645
f 640 645 646
f 641 647 589
f 641 589 587
f 646 645 648
f 646 648 649
f 646 649 590
f 646 590 588
f 649 648 650
f 649 650 651
f 649 651 592
f 649 592 590
f 651 650 652
f 651 652 653
f 651 653 594
f 651 594 592
f 653 652 654
f 653 654 655
f 653 655 596
f 653 596 594
f 655 654 656
f 655 656 657
f 655 657 598
f 655 598 596
f 657 656 658
f 657 658 659
f 657 659 600
f 657 600 598
f 659 658 660
f 659 660 661
f 659 661 602
f 659 602 600
f 661 660 662
f 661 662 663
f 661 663 604
f 661 604 602
f 663 662 664
f 663 664 665
f 663 665 606
f 663 606 604
f 665 664 666
f 665 666 667
f 665 667 608
f 665 608 606
f 667 666 668
f 667 668 669
f 667 669 610
f 667 610 608
f 669 668 670
f 669 670 672
f 669 672 612
f 669 612 610
f 675 677 678
f 675 678 623
f 675 623 621
f 675 621 620
f 678 677 680
f 678 680 681
f 678 681 682
f 678 682 626
f 678 626 624
f 678 624 623
f 682 681 683
f 682 683 684
f 682 684 685
f 682 685 629
f 682 629 627
f 682 627 626
f 685 684 686
f 685 686 687
f 685 687 688
f 685 688 632
f 685 632 630
f 685 630 629
f 688 687 689
f 688 689 690
f 688 690 691
f 688 691 635
f 688 635 633
f 688 633 632
f 691 690 692
f 691 692 693
f 691 693 694
f 691 694 638
f 691 638 636
f 691 636 635
f 694 693 695
f 694 695 696
f 694 696 697
f 694 697 642
f 694 642 639
f 694 639 638
f 697 696 698
f 697 698 699
f 697 699 701
f 697 701 703
f 697 703 644
f 697 644 642
f 702 700 704
f 702 704 705
f 702 705 645
f 702 645 643
f 705 704 706
f 705 706 707
f 705 707 648
f 705 648 645
f 707 706 708
f 707 708 709
f 707 709 650
f 707 650 648
f 709 708 710
f 709 710 711
f 709 711 652
f 709 652 650
f 711 710 712
f 711 712 713
f 711 713 654
f 711 654 652
f 713 712 714
f 713 714 715
f 713 715 656
f 713 656 654
f 715 714 716
f 715 716 717
f 715 717 658
f 715 658 656
f 717 716 718
f 717 718 719
f 717 719 660
f 717 660 658
f 719 718 720
f 719 720 721
f 719 721 662
f 719 662 660
f 721 720 722
f 721 722 723
f 721 723 664
f 721 664 662
f 723 722 724
f 723 724 725
f 723 725 666
f 723 666 664
f 725 724 726
f 725 726 727
f 725 727 668
f 725 668 666
f 727 726 728
f 727 728 730
f 727 730 670
f 727 670 668
f 733 735 736
f 733 736 683
f 733 683 681
f 733 681 680
f 736 735 738
f 736 738 739
f 736 739 740
f 736 740 686
f 736 686 684
f 736 684 683
f 740 739 741
f 740 741 742
f 740 742 743
f 740 743 689
f 740 689 687
f 740 687 686
f 743 742 744
f 743 744 745
f 743 745 746
f 743 746 692
f 743 692 690
f 743 690 689
f 746 745 747
f 746 747 748
f 746 748 749
f 746 749 695
f 746 695 693
f 746 693 692
f 749 748 750
f 749 750 751
f 749 751 752
f 749 752 698
f 749 698 696
f 749 696 695
f 752 751 753
f 752 753 754
f 752 754 755
f 752 755 756
f 752 756 699
f 752 699 698
f 756 755 758
f 756 758 760
f 756 760 701
f 756 701 699
f 759 757 761
f 759 761 762
f 759 762 704
f 759 704 700
f 762 761 763
f 762 763 764
f 762 764 706
f 762 706 704
f 764 763 765
f 764 765 766
f 764 766 708
f 764 708 706
f 766 765 767
f 766 767 768
f 766 768 710
f 766 710 708
f 768 767 769
f 768 769 770
f 768 770 712
f 768 712 710
f 770 769 771
f 770 771 772
f 770 772 714
f 770 714 712
f 772 771 773
f 772 773 774
f 772 774 716
f 772 716 714
f 774 773 775
f 774 775 776
f 774 776 718
f 774 718 716
f 776 775 777
f 776 777 778
f 776 778 720
f 776 720 718
f 778 777 779
f 778 779 780
f 778 780 722
f 778 722 720
f 780 779 781
f 780 781 782
f 780 782 724
f 780 724 722
f 782 781 783
f 782 783 784
f 782 784 726
f 782 726 724
f 784 783 785
f 784 785 787
f 784 787 728
f 784 728 726
f 790 792 793
f 790 793 741
f 790 741 739
f 790 739 738
f 793 792 795
f 793 795 796
f 793 796 797
f 793 797 744
f 793 744 742
f 793 742 741
f 797 796 798
f 797 798 799
f 797 799 800
f 797 800 747
f 797 747 745
f 797 745 744
f 800 799 801
f 800 801 802
f 800 802 803
f 800 803 750
f 800 750 748
f 800 748 747
f 803 802 804
f 803 804 805
f 803 805 806
f 803 806 753
f 803 753 751
f 803 751 750
f 806 805 807
f 806 807 808
f 806 808 809
f 806 809 810
f 806 810 754
f 806 754 753
f 810 809 811
f 810 811 812
f 810 812 755
f 810 755 754
f 812 811 814
f 812 814 816
f 812 816 758
f 812 758 755
f 815 813 817
f 815 817 818
f 815 818 761
f 815 761 757
f 818 817 819
f 818 819 820
f 818 820 763
f 818 763 761
f 820 819 821
f 820 821 822
f 820 822 765
f 820 765 763
f 822 821 823
f 822 823 824
f 822 824 767
f 822 767 765
f 824 823 825
f 824 825 826
f 824 826 769
f 824 769 767
f 826 825 827
f 826 827 828
f 826 828 771
f 826 771 769
f 828 827 829
f 828 829 830
f 828 830 773
f 828 773 771
f 830 829 831
f 830 831 832
f 830 832 775
f 830 775 773
f 832 831 833
f 832 833 834
f 832 834 777
f 832 777 775
f 834 833 835
f 834 835 836
f 834 836 779
f 834 779 777
f 836 835 837
f 836 837 838
f 836 838 781
f 836 781 779
f 838 837 839
f 838 839 840
f 838 840 783
f 838 783 781
f 840 839 841
f 840 841 843
f 840 843 785
f 840 785 783
f 846 848 849
f 846 849 798
f 846 798 796
f 846 796 795
f 849 848 851
f 849 851 852
f 849 852 853
f 849 853 801
f 849 801 799
f 849 799 798
f 853 852 854
f 853 854 855
f 853 855 856
f 853 856 804
f 853 804 802
f 853 802 801
f 856 855 857
f 856 857 858
f 856 858 859
f 856 859 807
f 856 807 805
f 856 805 804
f 859 858 860
f 859 860 861
f 859 861 862
f 859 862 863
f 859 863 808
f 859 808 807
f 863 862 864
f 863 864 865
f 863 865 809
f 863 809 808
f 865 864 867
f 865 867 868
f 865 868 811
f 865 811 809
f 868 867 870
f 868 870 872
f 868 872 814
f 868 814 811
f 871 869 873
f 871 873 874
f 871 874 817
f 871 817 813
f 874 873 875
f 874 875 876
f 874 876 819
f 874 819 817
f 876 875 877
f 876 877 878
f 876 878 821
f 876 821 819
f 878 877 879
f 878 879 880
f 878 880 823
f 878 823 821
f 880 879 881
f 880 881 882
f 880 882 825
f 880 825 823
f 882 881 883
f 882 883 884
f 882 884 827
f 882 827 825
f 884 883 885
f 884 885 886
f 884 886 829
f 884 829 827
f 886 885 887
f 886 887 888
f 886 888 831
f 886 831 829
f 888 887 889
f 888 889 890
f 888 890 833
f 888 833 831
f 890 889 891
f 890 891 892
f 890 892 835
f 890 835 833
f 892 891 893
f 892 893 894
f 892 894 837
f 892 837 835
f 894 893 895
f 894 895 896
f 894 896 839
f 894 839 837
f 896 895 897
f 896 897 899
f 896 899 841
f 896 841 839
f 902 904 905
f 902 905 854
f 902 854 852
f 902 852 851
f 905 904 907
f 905 907 908
f 905 908 909
f 905 909 857
f 905 857 855
f 905 855 854
f 909 908 910
f 909 910 911
f 909 911 912
f 909 912 860
f 909 860 858
f 909 858 857
f 912 911 913
f 912 913 914
f 912 914 915
f 912 915 916
f 912 916 861
f 912 861 860
f 916 915 917
f 916 917 918
f 916 918 862
f 916 862 861
f 918 917 919
f 918 919 920
f 918 920 864
f 918 864 862
f 920 919 922
f 920 922 924
f 920 924 867
f 920 867 864
f 923 921 925
f 923 925 927
f 923 927 869
f 923 869 866
f 927 925 928
f 927 928 929
f 927 929 873
f 927 873 869
f 929 928 930
f 929 930 931
f 929 931 875
f 929 875 873
f 931 930 932
f 931 932 933
f 931 933 877
f 931 877 875
f 933 932 934
f 933 934 935
f 933 935 879
f 933 879 877
f 935 934 936
f 935 936 937
f 935 937 881
f 935 881 879
f 937 936 938
f 937 938 939
f 937 939 883
f 937 883 881
f 939 938 940
f 939 940 941
f 939 941 885
f 939 885 883
f 941 940 942
f 941 942 943
f 941 943 887
f 941 887 885
f 943 942 944
f 943 944 945
f 943 945 889
f 943 889 887
f 945 944 946
f 945 946 947
f 945 947 891
f 945 891 889
f 947 946 948
f 947 948 949
f 947 949 893
f 947 893 891
f 949 948 950
f 949 950 951
f 949 951 895
f 949 895 893
f 951 950 952
f 951 952 954
f 951 954 897
f 951 897 895
f 957 959 960
f 957 960 910
f 957 910 908
f 957 908 907
f 960 959 962
f 960 962 963
f 960 963 964
f 960 964 913
f 960 913 911
f 960 911 910
f 964 963 965
f 964 965 966
f 964 966 967
f 964 967 968
f 964 968 914
f 964 914 913
f 968 967 969
f 968 969 970
f 968 970 915
f 968 915 914
f 970 969 971
f 970 971 972
f 970 972 917
f 970 917 915
f 972 971 973
f 972 973 974
f 972 974 919
f 972 919 917
f 974 973 975
f 974 975 976
f 974 976 922
f 974 922 919
f 976 975 978
f 976 978 980
f 976 980 926
f 976 926 922
f 979 977 981
f 979 981 982
f 979 982 928
f 979 928 925
f 982 981 983
f 982 983 984
f 982 984 930
f 982 930 928
f 984 983 985
f 984 985 986
f 984 986 932
f 984 932 930
f 986 985 987
f 986 987 988
f 986 988 934
f 986 934 932
f 988 987 989
f 988 989 990
f 988 990 936
f 988 936 934
f 990 989 991
f 990 991 992
f 990 992 938
f 990 938 936
f 992 991 993
f 992 993 994
f 992 994 940
f 992 940 938
f 994 993 995
f 994 995 996
f 994 996 942
f 994 942 940
f 996 995 997
f 996 997 998
f 996 998 944
f 996 944 942
f 998 997 999
f 998 999 1000
f 998 1000 946
f 998 946 944
f 1000 999 1001
f 1000 1001 1002
f 1000 1002 948
f 1000 948 946
f 1002 1001 1003
f 1002 1003 1004
f 1002 1004 950
f 1002 950 948
f 1004 1003 1005
f 1004 1005 1007
f 1004 1007 952
f 1004 952 950
f 1010 1012 1013
f 1010 1013 965
f 1010 965 963
f 1010 963 962
f 1020 1018 1023
f 1032 1030 1033
f 1032 1033 1034
f 1032 1034 1035
f 1032 1035 1015
f 1035 1013 1012
f 1035 1012 1015
f 1035 1034 1036
f 1035 1036 1037
f 1035 1037 1038
f 1035 1038 1013
f 1038 966 965
f 1038 965 1013
f 1038 1037 1039
f 1038 1039 1040
f 1038 1040 967
f 1038 967 966
f 1040 1039 1041
f 1040 1041 1042
f 1040 1042 969
f 1040 969 967
f 1042 1041 1043
f 1042 1043 1044
f 1042 1044 971
f 1042 971 969
f 1044 1043 1045
f 1044 1045 1046
f 1044 1046 973
f 1044 973 971
f 1046 1045 1047
f 1046 1047 1048
f 1046 1048 975
f 1046 975 973
f 1048 1047 1050
f 1048 1050 1052
f 1048 1052 978
f 1048 978 975
f 1051 1049 1053
f 1051 1053 1054
f 1051 1054 981
f 1051 981 977
f 1054 1053 1055
f 1054 1055 1056
f 1054 1056 983
f 1054 983 981
f 1056 1055 1057
f 1056 1057 1058
f 1056 1058 985
f 1056 985 983
f 1058 1057 1059
f 1058 1059 1060
f 1058 1060 987
f 1058 987 985
f 1060 1059 1061
f 1060 1061 1062
f 1060 1062 989
f 1060 989 987
f 1062 1061 1063
f 1062 1063 1064
f 1062 1064 991
f 1062 991 989
f 1064 1063 1065
f 1064 1065 1066
f 1064 1066 993
f 1064 993 991
f 1066 1065 1067
f 1066 1067 1068
f 1066 1068 995
f 1066 995 993
f 1068 1067 1069
f 1068 1069 1070
f 1068 1070 997
f 1068 997 995
f 1070 1069 1071
f 1070 1071 1072
f 1070 1072 999
f 1070 999 997
f 1072 1071 1073
f 1072 1073 1074
f 1072 1074 1001
f 1072 1001 999
f 1074 1073 1075
f 1074 1075 1076
f 1074 1076 1003
f 1074 1003 1001
f 1076 1075 1077
f 1076 1077 1079
f 1076 1079 1005
f 1076 1005 1003
f 1085 1083 1087
f 1085 1087 1088
f 1085 1088 1089
f 1085 1089 1016
f 1089 1088 1090
f 1089 1090 1091
f 1089 1091 1092
f 1089 1092 1023
f 1089 1023 1018
f 1089 1018 1016
f 1092 1091 1093
f 1092 1093 1094
f 1092 1094 1095
f 1092 1024 1023
f 1095 1094 1096
f 1104 1102 1105
f 1104 1105 1106
f 1104 1106 1107
f 1104 1107 1028
f 1107 1033 1030
f 1107 1030 1028
f 1107 1106 1108
f 1107 1108 1109
f 1107 1109 1110
f 1107 1110 1033
f 1110 1036 1034
f 1110 1034 1033
f 1110 1109 1111
f 1110 1111 1112
f 1110 1112 1113
f 1110 1113 1036
f 1113 1039 1037
f 1113 1037 1036
f 1113 1112 1114
f 1113 1114 1115
f 1113 1115 1041
f 1113 1041 1039
f 1115 1114 1116
f 1115 1116 1117
f 1115 1117 1043
f 1115 1043 1041
f 1117 1116 1118
f 1117 1118 1119
f 1117 1119 1045
f 1117 1045 1043
f 1119 1118 1120
f 1119 1120 1121
f 1119 1121 1047
f 1119 1047 1045
f 1121 1120 1123
f 1121 1123 1125
f 1121 1125 1050
f 1121 1050 1047
f 1124 1122 1126
f 1124 1126 1127
f 1124 1127 1053
f 1124 1053 1049
f 1127 1126 1128
f 1127 1128 1129
f 1127 1129 1055
f 1127 1055 1053
f 1129 1128 1130
f 1129 1130 1131
f 1129 1131 1057
f 1129 1057 1055
f 1131 1130 1132
f 1131 1132 1133
f 1131 1133 1059
f 1131 1059 1057
f 1133 1132 1134
f 1133 1134 1135
f 1133 1135 1061
f 1133 1061 1059
f 1135 1134 1136
f 1135 1136 1137
f 1135 1137 1063
f 1135 1063 1061
f 1137 1136 1138
f 1137 1138 1139
f 1137 1139 1065
f 1137 1065 1063
f 1139 1138 1140
f 1139 1140 1141
f 1139 1141 1067
f 1139 1067 1065
f 1141 1140 1142
f 1141 1142 1143
f 1141 1143 1069
f 1141 1069 1067
f 1143 1142 1144
f 1143 1144 1145
f 1143 1145 1071
f 1143 1071 1069
f 1145 1144 1146
f 1145 1146 1147
f 1145 1147 1073
f 1145 1073 1071
f 1147 1146 1148
f 1147 1148 1149
f 1147 1149 1075
f 1147 1075 1073
f 1149 1148 1150
f 1149 1150 1152
f 1149 1152 1077
f 1149 1077 1075
f 1158 1156 1160
f 1158 1160 1161
f 1158 1161 1162
f 1158 1162 1081
f 1162 1161 1163
f 1162 1163 1164
f 1162 1164 1165
f 1162 1165 1087
f 1162 1087 1083
f 1162 1083 1081
f 1165 1164 1166
f 1165 1166 1167
f 1165 1167 1168
f 1165 1168 1090
f 1165 1090 1088
f 1165 1088 1087
f 1168 1167 1169
f 1168 1169 1170
f 1168 1170 1171
f 1168 1171 1093
f 1168 1093 1091
f 1168 1091 1090
f 1171 1170 1172
f 1171 1172 1173
f 1171 1173 1174
f 1171 1174 1096
f 1171 1096 1094
f 1171 1094 1093
f 1174 1173 1175
f 1174 1175 1176
f 1174 1176 1177
f 1174 1097 1096
f 1183 1181 1184
f 1183 1184 1185
f 1183 1185 1186
f 1183 1186 1100
f 1186 1105 1102
f 1186 1102 1100
f 1186 1185 1187
f 1186 1187 1188
f 1186 1188 1189
f 1186 1189 1105
f 1189 1108 1106
f 1189 1106 1105
f 1189 1188 1190
f 1189 1190 1191
f 1189 1191 1192
f 1189 1192 1108
f 1192 1111 1109
f 1192 1109 1108
f 1192 1191 1193
f 1192 1193 1194
f 1192 1194 1195
f 1192 1195 1111
f 1195 1114 1112
f 1195 1112 1111
f 1195 1194 1196
f 1195 1196 1197
f 1195 1197 1116
f 1195 1116 1114
f 1197 1196 1198
f 1197 1198 1199
f 1197 1199 1118
f 1197 1118 1116
f 1199 1198 1200
f 1199 1200 1201
f 1199 1201 1120
f 1199 1120 1118
f 1201 1200 1203
f 1201 1203 1205
f 1201 1205 1123
f 1201 1123 1120
f 1204 1202 1206
f 1204 1206 1207
f 1204 1207 1126
f 1204 1126 1122
f 1207 1206 1208
f 1207 1208 1209
f 1207 1209 1128
f 1207 1128 1126
f 1209 1208 1210
f 1209 1210 1211
f 1209 1211 1130
f 1209 1130 1128
f 1211 1210 1212
f 1211 1212 1213
f 1211 1213 1132
f 1211 1132 1130
f 1213 1212 1214
f 1213 1214 1215
f 1213 1215 1134
f 1213 1134 1132
f 1215 1214 1216
f 1215 1216 1217
f 1215 1217 1136
f 1215 1136 1134
f 1217 1216 1218
f 1217 1218 1219
f 1217 1219 1138
f 1217 1138 1136
f 1219 1218 1220
f 1219 1220 1221
f 1219 1221 1140
f 1219 1140 1138
f 1221 1220 1222
f 1221 1222 1223
f 1221 1223 1142
f 1221 1142 1140
f 1223 1222 1224
f 1223 1224 1225
f 1223 1225 1144
f 1223 1144 1142
f 1225 1224 1226
f 1225 1226 1227
f 1225 1227 1146
f 1225 1146 1144
f 1227 1226 1228
f 1227 1228 1229
f 1227 1229 1148
f 1227 1148 1146
f 1229 1228 1230
f 1229 1230 1232
f 1229 1232 1150
f 1229 1150 1148
f 1238 1236 1240
f 1238 1240 1241
f 1238 1241 1242
f 1238 1242 1154
f 1242 1241 1243
f 1242 1243 1244
f 1242 1244 1245
f 1242 1245 1160
f 1242 1160 1156
f 1242 1156 1154
f 1245 1244 1246
f 1245 1246 1247
f 1245 1247 1248
f 1245 1248 1163
f 1245 1163 1161
f 1245 1161 1160
f 1248 1247 1249
f 1248 1249 1250
f 1248 1250 1251
f 1248 1251 1166
f 1248 1166 1164
f 1248 1164 1163
f 1251 1250 1252
f 1251 1252 1253
f 1251 1253 1254
f 1251 1254 1169
f 1251 1169 1167
f 1251 1167 1166
f 1254 1253 1255
f 1254 1255 1256
f 1254 1256 1257
f 1254 1257 1172
f 1254 1172 1170
f 1254 1170 1169
f 1257 1256 1258
f 1257 1258 1259
f 1257 1259 1260
f 1257 1260 1175
f 1257 1175 1173
f 1257 1173 1172
f 1260 1259 1261
f 1260 1261 1262
f 1260 1262 1263
f 1260 1263 1264
f 1260 1264 1176
f 1260 1176 1175
f 1264 1263 1265
f 1264 1177 1176
f 1271 1269 1272
f 1271 1272 1273
f 1271 1273 1274
f 1271 1274 1179
f 1274 1184 1181
f 1274 1181 1179
f 1274 1273 1275
f 1274 1275 1276
f 1274 1276 1277
f 1274 1277 1184
f 1277 1187 1185
f 1277 1185 1184
f 1277 1276 1278
f 1277 1278 1279
f 1277 1279 1280
f 1277 1280 1187
f 1280 1190 1188
f 1280 1188 1187
f 1280 1279 1281
f 1280 1281 1282
f 1280 1282 1283
f 1280 1283 1190
f 1283 1193 1191
f 1283 1191 1190
f 1283 1282 1284
f 1283 1284 1285
f 1283 1285 1286
f 1283 1286 1193
f 1286 1196 1194
f 1286 1194 1193
f 1286 1285 1287
f 1286 1287 1288
f 1286 1288 1198
f 1286 1198 1196
f 1288 1287 1289
f 1288 1289 1290
f 1288 1290 1200
f 1288 1200 1198
f 1290 1289 1292
f 1290 1292 1294
f 1290 1294 1203
f 1290 1203 1200
f 1293 1291 1295
f 1293 1295 1296
f 1293 1296 1206
f 1293 1206 1202
f 1296 1295 1297
f 1296 1297 1298
f 1296 1298 1208
f 1296 1208 1206
f 1298 1297 1299
f 1298 1299 1300
f 1298 1300 1210
f 1298 1210 1208
f 1300 1299 1301
f 1300 1301 1302
f 1300 1302 1212
f 1300 1212 1210
f 1302 1301 1303
f 1302 1303 1304
f 1302 1304 1214
f 1302 1214 1212
f 1304 1303 1305
f 1304 1305 1306
f 1304 1306 1216
f 1304 1216 1214
f 1306 1305 1307
f 1306 1307 1308
f 1306 1308 1218
f 1306 1218 1216
f 1308 1307 1309
f 1308 1309 1310
f 1308 1310 1220
f 1308 1220 1218
f 1310 1309 1311
f 1310 1311 1312
f 1310 1312 1222
f 1310 1222 1220
f 1312 1311 1313
f 1312 1313 1314
f 1312 1314 1224
f 1312 1224 1222
f 1314 1313 1315
f 1314 1315 1316
f 1314 1316 1226
f 1314 1226 1224
f 1316 1315 1317
f 1316 1317 1318
f 1316 1318 1228
f 1316 1228 1226
f 1318 1317 1319
f 1318 1319 1321
f 1318 1321 1230
f 1318 1230 1228
f 1323 1319 1317
f 1323 1317 1325
f 1323 1325 1326
f 1323 1326 1234
f 1326 1325 1327
f 1326 1327 1328
f 1326 1328 1329
f 1326 1329 1240
f 1326 1240 1236
f 1326 1236 1234
f 1329 1328 1330
f 1329 1330 1331
f 1329 1331 1332
f 1329 1332 1243
f 1329 1243 1241
f 1329 1241 1240
f 1332 1331 1333
f 1332 1333 1334
f 1332 1334 1335
f 1332 1335 1246
f 1332 1246 1244
f 1332 1244 1243
f 1335 1334 1336
f 1335 1336 1337
f 1335 1337 1338
f 1335 1338 1249
f 1335 1249 1247
f 1335 1247 1246
f 1338 1337 1339
f 1338 1339 1340
f 1338 1340 1341
f 1338 1341 1252
f 1338 1252 1250
f 1338 1250 1249
f 1341 1340 1342
f 1341 1342 1343
f 1341 1343 1344
f 1341 1344 1255
f 1341 1255 1253
f 1341 1253 1252
f 1344 1343 1345
f 1344 1345 1346
f 1344 1346 1347
f 1344 1347 1258
f 1344 1258 1256
f 1344 1256 1255
f 1347 1346 1348
f 1347 1348 1349
f 1347 1349 1350
f 1347 1350 1261
f 1347 1261 1259
f 1347 1259 1258
f 1350 1349 1351
f 1350 1351 1352
f 1350 1352 1353
f 1350 1353 1354
f 1350 1354 1262
f 1350 1262 1261
f 1354 1353 1355
f 1354 1355 1356
f 1354 1356 1263
f 1354 1263 1262
f 1356 1355 1357
f 1356 1357 1358
f 1356 1358 1265
f 1356 1265 1263
f 1364 1362 1365
f 1364 1365 1366
f 1364 1366 1367
f 1364 1367 1267
f 1367 1272 1269
f 1367 1269 1267
f 1367 1366 1368
f 1367 1368 1369
f 1367 1369 1370
f 1367 1370 1272
f 1370 1275 1273
f 1370 1273 1272
f 1370 1369 1371
f 1370 1371 1372
f 1370 1372 1373
f 1370 1373 1275
f 1373 1278 1276
f 1373 1276 1275
f 1373 1372 1374
f 1373 1374 1375
f 1373 1375 1376
f 1373 1376 1278
f 1376 1281 1279
f 1376 1279 1278
f 1376 1375 1377
f 1376 1377 1378
f 1376 1378 1379
f 1376 1379 1281
f 1379 1284 1282
f 1379 1282 1281
f 1379 1378 1380
f 1379 1380 1381
f 1379 1381 1382
f 1379 1382 1284
f 1382 1287 1285
f 1382 1285 1284
f 1382 1381 1383
f 1382 1383 1384
f 1382 1384 1289
f 1382 1289 1287
f 1384 1383 1386
f 1384 1386 1388
f 1384 1388 1292
f 1384 1292 1289
f 1387 1385 1389
f 1387 1389 1390
f 1387 1390 1295
f 1387 1295 1291
f 1390 1389 1391
f 1390 1391 1392
f 1390 1392 1297
f 1390 1297 1295
f 1392 1391 1393
f 1392 1393 1394
f 1392 1394 1299
f 1392 1299 1297
f 1394 1393 1395
f 1394 1395 1396
f 1394 1396 1301
f 1394 1301 1299
f 1396 1395 1397
f 1396 1397 1398
f 1396 1398 1303
f 1396 1303 1301
f 1398 1397 1399
f 1398 1399 1400
f 1398 1400 1305
f 1398 1305 1303
f 1400 1399 1401
f 1400 1401 1402
f 1400 1402 1307
f 1400 1307 1305
f 1402 1401 1403
f 1402 1403 1404
f 1402 1404 1309
f 1402 1309 1307
f 1404 1403 1405
f 1404 1405 1406
f 1404 1406 1311
f 1404 1311 1309
f 1406 1405 1330
f 1406 1330 1407
f 1406 1407 1313
f 1406 1313 1311
f 1407 1330 1328
f 1407 1328 1327
f 1407 1327 1315
f 1407 1315 1313
f 1405 1403 1408
f 1405 1408 1333
f 1405 1333 1331
f 1405 1331 1330
f 1408 1403 1401
f 1408 1401 1409
f 1408 1409 1410
f 1408 1410 1336
f 1408 1336 1334
f 1408 1334 1333
f 1410 1409 1411
f 1410 1411 1412
f 1410 1412 1413
f 1410 1413 1339
f 1410 1339 1337
f 1410 1337 1336
f 1413 1412 1414
f 1413 1414 1415
f 1413 1415 1416
f 1413 1416 1342
f 1413 1342 1340
f 1413 1340 1339
f 1416 1415 1417
f 1416 1417 1418
f 1416 1418 1419
f 1416 1419 1345
f 1416 1345 1343
f 1416 1343 1342
f 1419 1418 1420
f 1419 1420 1421
f 1419 1421 1422
f 1419 1422 1348
f 1419 1348 1346
f 1419 1346 1345
f 1422 1421 1423
f 1422 1423 1424
f 1422 1424 1425
f 1422 1425 1351
f 1422 1351 1349
f 1422 1349 1348
f 1425 1424 1426
f 1425 1426 1427
f 1425 1427 1428
f 1425 1428 1429
f 1425 1429 1352
f 1425 1352 1351
f 1429 1428 1430
f 1429 1430 1431
f 1429 1431 1353
f 1429 1353 1352
f 1431 1430 1432
f 1431 1432 1433
f 1431 1433 1355
f 1431 1355 1353
f 1433 1432 1434
f 1433 1357 1355
f 1442 1440 1443
f 1442 1443 1444
f 1442 1444 1445
f 1442 1445 1360
f 1445 1365 1362
f 1445 1362 1360
f 1445 1444 1446
f 1445 1446 1447
f 1445 1447 1448
f 1445 1448 1365
f 1448 1368 1366
f 1448 1366 1365
f 1448 1447 1449
f 1448 1449 1450
f 1448 1450 1451
f 1448 1451 1368
f 1451 1371 1369
f 1451 1369 1368
f 1451 1450 1452
f 1451 1452 1453
f 1451 1453 1454
f 1451 1454 1371
f 1454 1374 1372
f 1454 1372 1371
f 1454 1453 1455
f 1454 1455 1456
f 1454 1456 1457
f 1454 1457 1374
f 1457 1377 1375
f 1457 1375 1374
f 1457 1456 1458
f 1457 1458 1459
f 1457 1459 1460
f 1457 1460 1377
f 1460 1380 1378
f 1460 1378 1377
f 1460 1459 1462
f 1460 1462 1464
f 1460 1464 1466
f 1460 1466 1380
f 1466 1383 1381
f 1466 1381 1380
f 1465 1463 1467
f 1465 1467 1468
f 1466 1469 1386
f 1466 1386 1383
f 1468 1467 1470
f 1468 1470 1471
f 1468 1471 1389
f 1468 1389 1385
f 1471 1470 1472
f 1471 1472 1473
f 1471 1473 1391
f 1471 1391 1389
f 1473 1472 1474
f 1473 1474 1475
f 1473 1475 1393
f 1473 1393 1391
f 1475 1474 1476
f 1475 1476 1477
f 1475 1477 1395
f 1475 1395 1393
f 1477 1476 1414
f 1477 1414 1478
f 1477 1478 1397
f 1477 1397 1395
f 1478 1414 1412
f 1478 1412 1411
f 1478 1411 1399
f 1478 1399 1397
f 1476 1474 1479
f 1476 1479 1417
f 1476 1417 1415
f 1476 1415 1414
f 1479 1474 1472
f 1479 1472 1480
f 1479 1480 1481
f 1479 1481 1420
f 1479 1420 1418
f 1479 1418 1417
f 1481 1480 1482
f 1481 1482 1483
f 1481 1483 1484
f 1481 1484 1423
f 1481 1423 1421
f 1481 1421 1420
f 1484 1483 1485
f 1484 1485 1486
f 1484 1486 1487
f 1484 1487 1426
f 1484 1426 1424
f 1484 1424 1423
f 1487 1486 1488
f 1487 1488 1490
f 1487 1490 1492
f 1487 1492 1494
f 1487 1494 1427
f 1487 1427 1426
f 1494 1492 1495
f 1494 1495 1497
f 1494 1497 1428
f 1494 1428 1427
f 1497 1495 1498
f 1497 1498 1500
f 1497 1500 1430
f 1497 1430 1428
f 1500 1498 1501
f 1500 1501 1503
f 1500 1503 1432
f 1500 1432 1430
f 1503 1501 1504
f 1503 1434 1432
f 1510 1509 1511
f 1510 1511 1512
f 1512 1511 1513
f 1512 1513 1514
f 1514 1513 1515
f 1514 1515 1516
f 1514 1516 1436
f 1514 1436 1435
f 1516 1515 1517
f 1516 1517 1518
f 1516 1518 1519
f 1516 1519 1436
f 1519 1518 1520
f 1519 1520 1521
f 1528 1526 1529
f 1528 1529 1530
f 1528 1530 1531
f 1528 1531 1438
f 1531 1443 1440
f 1531 1440 1438
f 1531 1530 1532
f 1531 1532 1533
f 1531 1533 1534
f 1531 1534 1443
f 1534 1446 1444
f 1534 1444 1443
f 1534 1533 1535
f 1534 1535 1536
f 1534 1536 1537
f 1534 1537 1446
f 1537 1449 1447
f 1537 1447 1446
f 1537 1536 1538
f 1537 1538 1539
f 1537 1539 1540
f 1537 1540 1449
f 1540 1452 1450
f 1540 1450 1449
f 1540 1539 1541
f 1540 1541 1542
f 1540 1542 1543
f 1540 1543 1452
f 1543 1455 1453
f 1543 1453 1452
f 1543 1542 1544
f 1543 1544 1545
f 1543 1545 1546
f 1543 1546 1455
f 1546 1458 1456
f 1546 1456 1455
f 1546 1545 1491
f 1546 1491 1489
f 1546 1489 1548
f 1546 1548 1458
f 1548 1462 1459
f 1548 1459 1458
f 1547 1488 1486
f 1547 1486 1485
f 1547 1485 1549
f 1547 1549 1461
f 1549 1467 1463
f 1549 1463 1461
f 1549 1485 1483
f 1549 1483 1482
f 1549 1482 1470
f 1549 1470 1467
f 1545 1544 1493
f 1545 1493 1491
f 1544 1542 1541
f 1544 1541 1550
f 1544 1550 1496
f 1544 1496 1493
f 1550 1541 1551
f 1550 1551 1552
f 1550 1552 1499
f 1550 1499 1496
f 1552 1551 1553
f 1552 1553 1554
f 1552 1554 1502
f 1552 1502 1499
f 1554 1553 1555
f 1554 1555 1556
f 1554 1556 1505
f 1554 1505 1502
f 1556 1555 1557
f 1556 1557 1558
f 1556 1558 1506
f 1556 1506 1505
f 1558 1557 1559
f 1558 1559 1560
f 1558 1560 1507
f 1558 1507 1506
f 1560 1559 1561
f 1560 1561 1562
f 1560 1562 1508
f 1560 1508 1507
f 1562 1561 1563
f 1562 1563 1564
f 1562 1564 1509
f 1562 1509 1508
f 1564 1563 1565
f 1564 1565 1566
f 1564 1566 1511
f 1564 1511 1509
f 1566 1565 1567
f 1566 1567 1568
f 1566 1568 1513
f 1566 1513 1511
f 1568 1567 1569
f 1568 1569 1570
f 1568 1570 1515
f 1568 1515 1513
f 1570 1569 1571
f 1570 1571 1572
f 1570 1572 1517
f 1570 1517 1515
f 1572 1571 1573
f 1572 1573 1574
f 1572 1574 1575
f 1572 1575 1517
f 1575 1574 1576
f 1575 1576 1577
f 1575 1577 1578
f 1575 1578 1520
f 1575 1520 1518
f 1575 1518 1517
f 1578 1577 1579
f 1578 1579 1580
f 1578 1522 1521
f 1578 1521 1520
f 1583 1582 1584
f 1583 1584 1585
f 1583 1585 1586
f 1583 1586 1587
f 1587 1586 1588
f 1587 1588 1589
f 1589 1588 29
f 1589 29 28
f 1588 1586 1590
f 1588 1590 1591
f 1588 1591 1592
f 1588 1592 29
f 1592 1591 1593
f 1592 1593 1594
f 1600 1598 1601
f 1600 1601 1602
f 1600 1602 1603
f 1600 1603 1524
f 1603 1529 1526
f 1603 1526 1524
f 1603 1602 1604
f 1603 1604 1605
f 1603 1605 1606
f 1603 1606 1529
f 1606 1532 1530
f 1606 1530 1529
f 1606 1605 1607
f 1606 1607 1608
f 1606 1608 1609
f 1606 1609 1532
f 1609 1535 1533
f 1609 1533 1532
f 1609 1608 1610
f 1609 1610 1611
f 1609 1611 1612
f 1609 1612 1535
f 1612 1538 1536
f 1612 1536 1535
f 1612 1611 1555
f 1612 1555 1553
f 1612 1553 1551
f 1612 1551 1538
f 1611 1610 1557
f 1611 1557 1555
f 1610 1608 1607
f 1610 1607 1613
f 1610 1613 1559
f 1610 1559 1557
f 1613 1607 1614
f 1613 1614 1615
f 1613 1615 1561
f 1613 1561 1559
f 1615 1614 1616
f 1615 1616 1617
f 1615 1617 1563
f 1615 1563 1561
f 1617 1616 1618
f 1617 1618 1619
f 1617 1619 1565
f 1617 1565 1563
f 1619 1618 1620
f 1619 1620 1621
f 1619 1621 1567
f 1619 1567 1565
f 1621 1620 1622
f 1621 1622 1623
f 1621 1623 1569
f 1621 1569 1567
f 1623 1622 1624
f 1623 1624 1625
f 1623 1625 1571
f 1623 1571 1569
f 1625 1624 1626
f 1625 1626 1627
f 1625 1627 1573
f 1625 1573 1571
f 1627 1626 1628
f 1627 1628 1629
f 1627 1629 1630
f 1627 1630 1573
f 1630 1629 1631
f 1630 1631 1632
f 1630 1632 1633
f 1630 1633 1576
f 1630 1576 1574
f 1630 1574 1573
f 1633 1632 1634
f 1633 1634 1635
f 1633 1635 1636
f 1633 1636 1579
f 1633 1579 1577
f 1633 1577 1576
f 1636 1635 1637
f 1636 1637 1638
f 1636 1638 1639
f 1636 1639 1581
f 1636 1581 1580
f 1636 1580 1579
f 1639 1638 1640
f 1639 1640 1641
f 1642 1641 1643
f 1642 1643 1644
f 1645 1644 1646
f 1645 1646 1647
f 1651 1650 1652
f 1651 1652 1653
f 1651 1653 1654
f 1651 1654 1584
f 1654 1653 1655
f 1654 1655 1656
f 1654 1656 1657
f 1654 1657 1658
f 1654 1658 1585
f 1654 1585 1584
f 1658 1657 1659
f 1658 1659 1590
f 1658 1590 1586
f 1658 1586 1585
f 1659 1593 1591
f 1659 1591 1590
f 1666 1664 1667
f 1666 1667 1668
f 1666 1668 1669
f 1666 1669 1596
f 1669 1601 1598
f 1669 1598 1596
f 1669 1668 1670
f 1669 1670 1671
f 1669 1671 1672
f 1669 1672 1601
f 1672 1604 1602
f 1672 1602 1601
f 1672 1671 1618
f 1672 1618 1616
f 1672 1616 1614
f 1672 1614 1604
f 1671 1670 1620
f 1671 1620 1618
f 1670 1668 1667
f 1670 1667 1673
f 1670 1673 1622
f 1670 1622 1620
f 1673 1667 1674
f 1673 1674 1675
f 1673 1675 1624
f 1673 1624 1622
f 1675 1674 1676
f 1675 1676 1677
f 1675 1677 1626
f 1675 1626 1624
f 1677 1676 1678
f 1677 1678 1679
f 1677 1679 1628
f 1677 1628 1626
f 1679 1678 1680
f 1679 1680 1681
f 1679 1681 1682
f 1679 1682 1628
f 1682 1681 1683
f 1682 1683 1684
f 1682 1684 1685
f 1682 1685 1631
f 1682 1631 1629
f 1682 1629 1628
f 1685 1684 1686
f 1685 1686 1687
f 1685 1687 1688
f 1685 1688 1634
f 1685 1634 1632
f 1685 1632 1631
f 1688 1687 1689
f 1688 1689 1690
f 1688 1690 1691
f 1688 1691 1637
f 1688 1637 1635
f 1688 1635 1634
f 1691 1690 1692
f 1691 1692 1693
f 1691 1693 1694
f 1691 1694 1640
f 1691 1640 1638
f 1691 1638 1637
f 1694 1693 1695
f 1694 1695 1696
f 1694 1696 1697
f 1694 1697 1643
f 1694 1643 1641
f 1694 1641 1640
f 1697 1696 1699
f 1697 1699 1701
f 1697 1701 1703
f 1697 1703 1646
f 1697 1646 1644
f 1697 1644 1643
f 1702 1700 1704
f 1702 1704 1705
f 1702 1705 1706
f 1702 1706 1648
f 1703 1649 1647
f 1703 1647 1646
f 1706 1705 1707
f 1706 1707 1708
f 1706 1708 1660
f 1706 1660 1652
f 1706 1652 1650
f 1706 1650 1648
f 1715 1713 1678
f 1715 1678 1676
f 1715 1676 1674
f 1715 1674 1662
f 1713 1711 1680
f 1713 1680 1678
f 1711 1773 1716
f 1711 1716 1680
f 1716 1773 1718
f 1716 1718 1719
f 1716 1719 1720
f 1716 1720 1683
f 1716 1683 1681
f 1716 1681 1680
f 1720 1719 1721
f 1720 1721 1722
f 1720 1722 1723
f 1720 1723 1686
f 1720 1686 1684
f 1720 1684 1683
f 1723 1722 1724
f 1723 1724 1725
f 1723 1725 1726
f 1723 1726 1689
f 1723 1689 1687
f 1723 1687 1686
f 1726 1725 1727
f 1726 1727 1728
f 1726 1728 1729
f 1726 1729 1692
f 1726 1692 1690
f 1726 1690 1689
f 1729 1728 1731
f 1729 1731 1733
f 1729 1733 1735
f 1729 1735 1695
f 1729 1695 1693
f 1729 1693 1692
f 1734 1732 1736
f 1734 1736 1737
f 1734 1737 1738
f 1734 1738 1698
f 1735 1699 1696
f 1735 1696 1695
f 1738 1737 1739
f 1738 1739 1740
f 1738 1740 1709
f 1738 1709 1704
f 1738 1704 1700
f 1738 1700 1698
f 1743 1745 1746
f 1743 1746 1721
f 1743 1721 1719
f 1743 1719 1718
f 1746 1745 1748
f 1746 1748 1749
f 1746 1749 1750
f 1746 1750 1724
f 1746 1724 1722
f 1746 1722 1721
f 1750 1749 17
f 1750 17 1751
f 1750 1751 1753
f 1750 1753 1727
f 1750 1727 1725
f 1750 1725 1724
f 1753 1751 1755
f 1753 1755 1757
f 1752 1756 1758
f 1752 1758 1730
f 1753 1731 1728
f 1753 1728 1727
f 1758 1756 1759
f 1758 1759 1760
f 1758 1760 1741
f 1758 1741 1736
f 1758 1736 1732
f 1758 1732 1730
f 1761 1754 15
f 1761 15 14
f 1761 1759 1756
f 1761 1756 1754
f 1755 1751 17
f 1755 17 16
f 1749 1748 19
f 1749 19 17
f 1741 1739 1737
f 1741 1737 1736
f 1709 1707 1705
f 1709 1705 1704
f 1674 1667 1664
f 1674 1664 1662
f 1660 1655 1653
f 1660 1653 1652
f 1614 1607 1605
f 1614 1605 1604
f 1551 1541 1539
f 1551 1539 1538
f 1482 1480 1472
f 1482 1472 1470
f 1411 1409 1401
f 1411 1401 1399
f 1327 1325 1317
f 1327 1317 1315
f 1762 95 42
f 1762 42 1763
f 1765 1767 1768
f 1765 1768 1766
f 1768 1767 1769
f 1768 1769 1770
f 1774 1770 45
f 1774 45 53
f 1770 1769 46
f 1770 46 45
f 1763 42 6
f 1763 6 47
f 95 93 44
f 95 44 42
f 64 62 89
f 64 89 51
f 51 89 57
f 51 57 9
f 2 14 15
f 8 48 50
f 48 49 50
f 52 45 6
f 52 53 45
f 18 1783 1781
f 18 1781 1
f 1786 1785 1784
f 1786 1784 1775
f 1787 1788 1786
f 1787 1786 1775
f 1789 1788 1776
f 1788 1787 1776
f 1793 1792 1791
f 1793 1791 1777
f 1791 1794 1790
f 1791 1790 1777
f 20 21 1793
f 20 1793 1777
f 1805 1803 1802
f 1805 1802 1778
f 1801 1807 1805
f 1801 1805 1778
f 1810 1813 1812
f 1810 1812 1779
f 55 56 1817
f 55 1817 1780
f 1818 1821 1820
f 1818 1820 1819
f 1820 1824 1823
f 1820 1823 1819
f 1820 1826 1825
f 1820 1825 1824
f 1828 1827 1823
f 1828 1823 1824
f 1825 1829 1828
f 1825 1828 1824
f 1825 1812 1813
f 1825 1813 1829
f 1831 1830 1828
f 1831 1828 1829
f 1813 1832 1831
f 1813 1831 1829
f 1813 1810 1833
f 1839 1838 1796
f 1839 1796 1837
f 1843 1842 1840
f 1843 1840 1841
f 1836 1844 1843
f 1836 1843 1841
f 1805 1807 1843
f 1805 1843 1844
f 1835 1804 1806
f 1835 1806 1845
f 1807 1846 1842
f 1807 1842 1843
f 1847 1838 1842
f 1847 1842 1846
f 1852 1851 1849
f 1852 1849 1850
f 1811 1826 1856
f 1811 1856 1854
f 1821 1855 1856
f 1826 1820 1821
f 1826 1821 1856
f 1859 1775 1784
f 1859 1784 1858
f 79 1861 1860
f 79 1860 81
f 1860 1862 82
f 1860 82 81
f 1860 1864 1863
f 1860 1863 1862
f 1865 83 82
f 1865 82 1862
f 1863 1866 1865
f 1863 1865 1862
f 1863 1868 1867
f 1863 1867 1866
f 1867 1870 1869
f 1867 1869 1866
f 1867 1872 1871
f 1867 1871 1870
f 1817 56 87
f 1817 87 1874
f 1794 1791 1876
f 1794 1876 1877
f 1880 1790 1794
f 1880 1794 1878
f 1872 1881 1880
f 1872 1880 1878
f 1873 1871 1872
f 1873 1872 1878
f 1885 1883 1880
f 1885 1880 1881
f 1868 1886 1885
f 1868 1885 1881
f 1872 1867 1868
f 1872 1868 1881
f 1890 1888 1885
f 1890 1885 1886
f 1864 1892 1890
f 1864 1890 1886
f 1868 1863 1864
f 1868 1864 1886
f 1894 1893 1889
f 1894 1889 1891
f 1861 1897 1895
f 1861 1895 1892
f 1864 1860 1861
f 1864 1861 1892
f 1899 1898 1894
f 1899 1894 1896
f 1861 79 80
f 1861 80 1897
f 1851 1906 1904
f 1851 1904 1905
f 1848 1849 1851
f 1848 1851 1905
f 1908 1907 1904
f 1908 1904 1906
f 1851 1852 1853
f 1851 1853 1906
f 1815 1814 1907
f 1815 1907 1908
f 1785 1916 1914
f 1785 1914 1915
f 1918 1917 1914
f 1918 1914 1916
f 1919 1887 1918
f 1919 1918 1916
f 1785 1786 1919
f 1785 1919 1916
f 1882 1884 1887
f 1882 1887 1919
f 1786 1788 1882
f 1786 1882 1919
f 1893 1920 1917
f 1893 1917 1918
f 1887 1889 1893
f 1887 1893 1918
f 1898 1922 1921
f 1898 1921 1920
f 1893 1894 1898
f 1893 1898 1920
f 1900 1924 1923
f 1900 1923 1922
f 1898 1899 1900
f 1898 1900 1922
f 1929 1928 1927
f 1909 1910 1929
f 1933 1932 1930
f 1933 1930 1931
f 1911 1934 1933
f 1911 1933 1931
f 1911 1912 1913
f 1911 1913 1934
f 1938 1937 1935
f 1938 1935 1936
f 1925 1926 1938
f 1925 1938 1936
f 1941 1940 1939
f 1927 1928 1941
f 1945 1944 1942
f 1945 1942 1943
f 1935 1937 1945
f 1935 1945 1943
f 1948 1947 1946
f 1939 1940 1948
f 1952 1951 1949
f 1952 1949 1950
f 1942 1944 1952
f 1942 1952 1950
f 1956 1955 1954
f 1946 1947 1956
f 1953 1955 1957
f 1961 1960 1958
f 1961 1958 1959
f 1962 1965 1964
f 1962 1964 1963
f 1960 1961 1962
f 1960 1962 1963
f 1967 1966 1964
f 1967 1964 1965
f 1971 125 1970
f 1969 1972 1971
f 1969 1971 1970
f 1968 1969 1970
f 1974 1973 1971
f 1974 1971 1972
f 1973 1974 1975
f 1973 1975 1976
f 1977 1978 126
f 1982 1981 1980
f 1985 1984 1983
f 1987 1986 1984
f 1989 1988 1986
f 1991 1990 1988
f 128 127 1990
f 1994 1993 1992
f 1979 1980 1994
f 1996 1995 1993
f 1996 1993 1994
f 1980 1981 1996
f 1980 1996 1994
f 1998 1995 1996
f 1981 1983 1998
f 1981 1998 1996
f 2000 1999 1997
f 2000 1997 1998
f 1983 1984 2000
f 1983 2000 1998
f 2002 2001 1999
f 2002 1999 2000
f 1984 1986 2002
f 1984 2002 2000
f 2004 2003 2001
f 2004 2001 2002
f 1986 1988 2004
f 1986 2004 2002
f 2006 2005 2003
f 2006 2003 2004
f 1988 1990 2006
f 1988 2006 2004
f 132 131 2005
f 132 2005 2006
f 1990 127 132
f 1990 132 2006
f 1993 1995 2007
f 1999 2001 2009
f 2011 2010 2008
f 2001 2003 2011
f 2001 2011 2009
f 2013 2012 2010
f 2013 2010 2011
f 2003 2005 2013
f 2003 2013 2011
f 136 2012 2013
f 2005 131 136
f 2005 136 2013
f 2016 2015 2014
f 2018 2017 2015
f 2018 2015 2016
f 2020 2019 140
f 2020 140 142
f 144 2021 2020
f 144 2020 142
f 2023 2022 2020
f 2023 2020 2021
f 2025 2024 2023
f 2025 2023 2021
f 144 153 2025
f 144 2025 2021
f 156 2026 2025
f 156 2025 153
f 2030 2029 2027
f 2014 2015 2030
f 2014 2030 2028
f 2031 2029 2030
f 2015 2017 2031
f 2015 2031 2030
f 2019 2034 2033
f 2019 2033 2032
f 138 140 2019
f 138 2019 2032
f 2036 2035 2033
f 2036 2033 2034
f 2022 2037 2036
f 2022 2036 2034
f 2019 2020 2022
f 2019 2022 2034
f 2039 2038 2036
f 2039 2036 2037
f 2041 2040 2039
f 2041 2039 2037
f 2022 2023 2041
f 2022 2041 2037
f 2043 2042 2040
f 2043 2040 2041
f 2023 2024 2043
f 2023 2043 2041
f 2045 2044 2042
f 2045 2042 2043
f 2024 2046 2045
f 2024 2045 2043
f 2048 2047 2045
f 2048 2045 2046
f 2026 2049 2048
f 2026 2048 2046
f 2024 2025 2026
f 2024 2026 2046
f 2051 2050 2048
f 2051 2048 2049
f 180 178 2051
f 180 2051 2049
f 2026 156 180
f 2026 180 2049
f 2054 2053 2052
f 2027 2029 2054
f 2055 2053 2054
f 2029 2055 2054
f 2038 2058 2057
f 2038 2057 2056
f 2035 2036 2038
f 2035 2038 2056
f 2060 2059 2057
f 2060 2057 2058
f 2062 2061 2060
f 2062 2060 2058
f 2038 2039 2062
f 2038 2062 2058
f 2064 2063 2061
f 2064 2061 2062
f 2039 2040 2064
f 2039 2064 2062
f 2066 2065 2063
f 2066 2063 2064
f 2040 2042 2066
f 2040 2066 2064
f 2068 2067 2065
f 2068 2065 2066
f 2042 2044 2068
f 2042 2068 2066
f 2070 2069 2067
f 2070 2067 2068
f 2044 2071 2070
f 2044 2070 2068
f 2073 2072 2070
f 2073 2070 2071
f 2047 2074 2073
f 2047 2073 2071
f 2044 2045 2047
f 2044 2047 2071
f 2076 2075 2073
f 2076 2073 2074
f 2050 2077 2076
f 2050 2076 2074
f 2047 2048 2050
f 2047 2050 2074
f 2079 2078 2076
f 2079 2076 2077
f 2081 2080 2079
f 2081 2079 2077
f 2050 2051 2081
f 2050 2081 2077
f 210 208 2080
f 210 2080 2081
f 2051 178 210
f 2051 210 2081
f 2085 2084 2082
f 2085 2082 2083
f 2052 2053 2085
f 2052 2085 2083
f 2086 2084 2085
f 2053 2086 2085
f 2090 2089 2088
f 2090 2088 2087
f 2059 2060 2090
f 2059 2090 2087
f 2092 2091 2089
f 2092 2089 2090
f 2060 2061 2092
f 2060 2092 2090
f 2094 2093 2091
f 2094 2091 2092
f 2061 2063 2094
f 2061 2094 2092
f 2096 2095 2093
f 2096 2093 2094
f 2063 2065 2096
f 2063 2096 2094
f 2098 2097 2095
f 2098 2095 2096
f 2065 2067 2098
f 2065 2098 2096
f 2100 2099 2097
f 2100 2097 2098
f 2067 2069 2100
f 2067 2100 2098
f 2102 2101 2099
f 2102 2099 2100
f 2069 2103 2102
f 2069 2102 2100
f 2105 2104 2102
f 2105 2102 2103
f 2072 2106 2105
f 2072 2105 2103
f 2069 2070 2072
f 2069 2072 2103
f 2108 2107 2105
f 2108 2105 2106
f 2075 2109 2108
f 2075 2108 2106
f 2072 2073 2075
f 2072 2075 2106
f 2111 2110 2108
f 2111 2108 2109
f 2078 2112 2111
f 2078 2111 2109
f 2075 2076 2078
f 2075 2078 2109
f 2114 2113 2111
f 2114 2111 2112
f 2116 2115 2114
f 2116 2114 2112
f 2078 2079 2116
f 2078 2116 2112
f 2118 2117 2115
f 2118 2115 2116
f 2079 2080 2118
f 2079 2118 2116
f 246 244 2117
f 246 2117 2118
f 2080 208 246
f 2080 246 2118
f 2088 2089 2121
f 2088 2121 2119
f 2123 2122 2120
f 2123 2120 2121
f 2089 2091 2123
f 2089 2123 2121
f 2125 2124 2122
f 2125 2122 2123
f 2091 2093 2125
f 2091 2125 2123
f 2127 2126 2124
f 2127 2124 2125
f 2093 2095 2127
f 2093 2127 2125
f 2129 2128 2126
f 2129 2126 2127
f 2095 2097 2129
f 2095 2129 2127
f 2131 2130 2128
f 2131 2128 2129
f 2097 2099 2131
f 2097 2131 2129
f 2133 2132 2130
f 2133 2130 2131
f 2099 2101 2133
f 2099 2133 2131
f 2135 2134 2132
f 2135 2132 2133
f 2101 2136 2135
f 2101 2135 2133
f 2138 2137 2135
f 2138 2135 2136
f 2104 2139 2138
f 2104 2138 2136
f 2101 2102 2104
f 2101 2104 2136
f 2141 2140 2138
f 2141 2138 2139
f 2107 2142 2141
f 2107 2141 2139
f 2104 2105 2107
f 2104 2107 2139
f 2144 2143 2141
f 2144 2141 2142
f 2110 2145 2144
f 2110 2144 2142
f 2107 2108 2110
f 2107 2110 2142
f 2147 2146 2144
f 2147 2144 2145
f 2113 2148 2147
f 2113 2147 2145
f 2110 2111 2113
f 2110 2113 2145
f 2150 2149 2147
f 2150 2147 2148
f 2152 2151 2150
f 2152 2150 2148
f 2113 2114 2152
f 2113 2152 2148
f 2154 2153 2151
f 2154 2151 2152
f 2114 2115 2154
f 2114 2154 2152
f 2156 2155 2153
f 2156 2153 2154
f 2115 2117 2156
f 2115 2156 2154
f 289 287 2155
f 289 2155 2156
f 2117 244 289
f 2117 289 2156
f 2137 2160 2159
f 2137 2159 2157
f 2134 2135 2137
f 2134 2137 2157
f 2162 2161 2159
f 2162 2159 2160
f 2140 2163 2162
f 2140 2162 2160
f 2137 2138 2140
f 2137 2140 2160
f 2165 2164 2162
f 2165 2162 2163
f 2143 2166 2165
f 2143 2165 2163
f 2140 2141 2143
f 2140 2143 2163
f 2168 2167 2165
f 2168 2165 2166
f 2146 2169 2168
f 2146 2168 2166
f 2143 2144 2146
f 2143 2146 2166
f 2171 2170 2168
f 2171 2168 2169
f 2149 2172 2171
f 2149 2171 2169
f 2146 2147 2149
f 2146 2149 2169
f 2174 2173 2171
f 2174 2171 2172
f 2176 2175 2174
f 2176 2174 2172
f 2149 2150 2176
f 2149 2176 2172
f 2178 2177 2175
f 2178 2175 2176
f 2150 2151 2178
f 2150 2178 2176
f 2180 2179 2177
f 2180 2177 2178
f 2151 2153 2180
f 2151 2180 2178
f 2182 2181 2179
f 2182 2179 2180
f 2153 2155 2182
f 2153 2182 2180
f 332 330 2181
f 332 2181 2182
f 2155 287 332
f 2155 332 2182
f 2161 2185 2184
f 2161 2184 2183
f 2158 2159 2161
f 2158 2161 2183
f 2187 2186 2184
f 2187 2184 2185
f 2164 2188 2187
f 2164 2187 2185
f 2161 2162 2164
f 2161 2164 2185
f 2190 2189 2187
f 2190 2187 2188
f 2167 2191 2190
f 2167 2190 2188
f 2164 2165 2167
f 2164 2167 2188
f 2193 2192 2190
f 2193 2190 2191
f 2170 2194 2193
f 2170 2193 2191
f 2167 2168 2170
f 2167 2170 2191
f 2196 2195 2193
f 2196 2193 2194
f 2173 2197 2196
f 2173 2196 2194
f 2170 2171 2173
f 2170 2173 2194
f 2199 2198 2196
f 2199 2196 2197
f 2201 2200 2199
f 2201 2199 2197
f 2173 2174 2201
f 2173 2201 2197
f 2203 2202 2200
f 2203 2200 2201
f 2174 2175 2203
f 2174 2203 2201
f 2205 2204 2202
f 2205 2202 2203
f 2175 2177 2205
f 2175 2205 2203
f 2207 2206 2204
f 2207 2204 2205
f 2177 2179 2207
f 2177 2207 2205
f 2209 2208 2206
f 2209 2206 2207
f 2179 2181 2209
f 2179 2209 2207
f 370 368 2208
f 370 2208 2209
f 2181 330 370
f 2181 370 2209
f 2189 2212 2211
f 2189 2211 2210
f 2186 2187 2189
f 2186 2189 2210
f 2214 2213 2211
f 2214 2211 2212
f 2192 2215 2214
f 2192 2214 2212
f 2189 2190 2192
f 2189 2192 2212
f 2217 2216 2214
f 2217 2214 2215
f 2195 2218 2217
f 2195 2217 2215
f 2192 2193 2195
f 2192 2195 2215
f 2220 2219 2217
f 2220 2217 2218
f 2198 2221 2220
f 2198 2220 2218
f 2195 2196 2198
f 2195 2198 2218
f 2223 2222 2220
f 2223 2220 2221
f 2225 2224 2223
f 2225 2223 2221
f 2198 2199 2225
f 2198 2225 2221
f 2227 2226 2224
f 2227 2224 2225
f 2199 2200 2227
f 2199 2227 2225
f 2229 2228 2226
f 2229 2226 2227
f 2200 2202 2229
f 2200 2229 2227
f 2231 2230 2228
f 2231 2228 2229
f 2202 2204 2231
f 2202 2231 2229
f 2233 2232 2230
f 2233 2230 2231
f 2204 2206 2233
f 2204 2233 2231
f 2235 2234 2232
f 2235 2232 2233
f 2206 2208 2235
f 2206 2235 2233
f 405 403 2234
f 405 2234 2235
f 2208 368 405
f 2208 405 2235
f 2216 2238 2237
f 2216 2237 2236
f 2213 2214 2216
f 2213 2216 2236
f 2241 2240 2237
f 2241 2237 2238
f 2219 2242 2241
f 2219 2241 2238
f 2216 2217 2219
f 2216 2219 2238
f 2244 2243 2241
f 2244 2241 2242
f 2222 2245 2244
f 2222 2244 2242
f 2219 2220 2222
f 2219 2222 2242
f 2247 2246 2244
f 2247 2244 2245
f 2249 2248 2247
f 2249 2247 2245
f 2222 2223 2249
f 2222 2249 2245
f 2251 2250 2248
f 2251 2248 2249
f 2223 2224 2251
f 2223 2251 2249
f 2253 2252 2250
f 2253 2250 2251
f 2224 2226 2253
f 2224 2253 2251
f 2255 2254 2252
f 2255 2252 2253
f 2226 2228 2255
f 2226 2255 2253
f 2257 2256 2254
f 2257 2254 2255
f 2228 2230 2257
f 2228 2257 2255
f 2259 2258 2256
f 2259 2256 2257
f 2230 2232 2259
f 2230 2259 2257
f 2261 2260 2258
f 2261 2258 2259
f 2232 2234 2261
f 2232 2261 2259
f 441 439 2260
f 441 2260 2261
f 2234 403 441
f 2234 441 2261
f 2239 2263 2262
f 2243 2266 2265
f 2243 2265 2264
f 2240 2241 2243
f 2240 2243 2264
f 2268 2267 2265
f 2268 2265 2266
f 2246 2269 2268
f 2246 2268 2266
f 2243 2244 2246
f 2243 2246 2266
f 2271 2270 2268
f 2271 2268 2269
f 2273 2272 2271
f 2273 2271 2269
f 2246 2247 2273
f 2246 2273 2269
f 2275 2274 2272
f 2275 2272 2273
f 2247 2248 2275
f 2247 2275 2273
f 2277 2276 2274
f 2277 2274 2275
f 2248 2250 2277
f 2248 2277 2275
f 2279 2278 2276
f 2279 2276 2277
f 2250 2252 2279
f 2250 2279 2277
f 2281 2280 2278
f 2281 2278 2279
f 2252 2254 2281
f 2252 2281 2279
f 2283 2282 2280
f 2283 2280 2281
f 2254 2256 2283
f 2254 2283 2281
f 2285 2284 2282
f 2285 2282 2283
f 2256 2258 2285
f 2256 2285 2283
f 2287 2286 2284
f 2287 2284 2285
f 2258 2260 2287
f 2258 2287 2285
f 481 479 2286
f 481 2286 2287
f 2260 439 481
f 2260 481 2287
f 2270 2292 2291
f 2270 2291 2288
f 2267 2268 2270
f 2267 2270 2288
f 2295 2294 2291
f 2295 2291 2292
f 2297 2296 2295
f 2297 2295 2292
f 2270 2271 2297
f 2270 2297 2292
f 2299 2298 2296
f 2299 2296 2297
f 2271 2272 2299
f 2271 2299 2297
f 2301 2300 2298
f 2301 2298 2299
f 2272 2274 2301
f 2272 2301 2299
f 2303 2302 2300
f 2303 2300 2301
f 2274 2276 2303
f 2274 2303 2301
f 2305 2304 2302
f 2305 2302 2303
f 2276 2278 2305
f 2276 2305 2303
f 2307 2306 2304
f 2307 2304 2305
f 2278 2280 2307
f 2278 2307 2305
f 2309 2308 2306
f 2309 2306 2307
f 2280 2282 2309
f 2280 2309 2307
f 2311 2310 2308
f 2311 2308 2309
f 2282 2284 2311
f 2282 2311 2309
f 2313 2312 2310
f 2313 2310 2311
f 2284 2286 2313
f 2284 2313 2311
f 523 521 2312
f 523 2312 2313
f 2286 479 523
f 2286 523 2313
f 2314 525 524
f 2318 2317 2315
f 2318 2315 2316
f 2289 2319 2318
f 2289 2318 2316
f 2321 2320 2318
f 2321 2318 2319
f 2293 2322 2321
f 2293 2321 2319
f 2289 2290 2293
f 2289 2293 2319
f 2326 2324 2321
f 2326 2321 2322
f 2329 2328 2327
f 2329 2327 2323
f 2294 2295 2329
f 2294 2329 2323
f 2331 2330 2328
f 2331 2328 2329
f 2295 2296 2331
f 2295 2331 2329
f 2333 2332 2330
f 2333 2330 2331
f 2296 2298 2333
f 2296 2333 2331
f 2335 2334 2332
f 2335 2332 2333
f 2298 2300 2335
f 2298 2335 2333
f 2337 2336 2334
f 2337 2334 2335
f 2300 2302 2337
f 2300 2337 2335
f 2339 2338 2336
f 2339 2336 2337
f 2302 2304 2339
f 2302 2339 2337
f 2341 2340 2338
f 2341 2338 2339
f 2304 2306 2341
f 2304 2341 2339
f 2343 2342 2340
f 2343 2340 2341
f 2306 2308 2343
f 2306 2343 2341
f 2345 2344 2342
f 2345 2342 2343
f 2308 2310 2345
f 2308 2345 2343
f 2347 2346 2344
f 2347 2344 2345
f 2310 2312 2347
f 2310 2347 2345
f 565 563 2346
f 565 2346 2347
f 2312 521 565
f 2312 565 2347
f 2353 2352 2350
f 2353 2350 2351
f 2317 2354 2353
f 2317 2353 2351
f 2356 2355 2353
f 2356 2353 2354
f 2320 2357 2356
f 2320 2356 2354
f 2317 2318 2320
f 2317 2320 2354
f 2359 2358 2356
f 2359 2356 2357
f 2324 2360 2359
f 2324 2359 2357
f 2320 2321 2324
f 2320 2324 2357
f 2363 2362 2359
f 2363 2359 2360
f 2366 2365 2364
f 2366 2364 2361
f 2325 2327 2366
f 2325 2366 2361
f 2368 2367 2365
f 2368 2365 2366
f 2327 2328 2368
f 2327 2368 2366
f 2370 2369 2367
f 2370 2367 2368
f 2328 2330 2370
f 2328 2370 2368
f 2372 2371 2369
f 2372 2369 2370
f 2330 2332 2372
f 2330 2372 2370
f 2374 2373 2371
f 2374 2371 2372
f 2332 2334 2374
f 2332 2374 2372
f 2376 2375 2373
f 2376 2373 2374
f 2334 2336 2376
f 2334 2376 2374
f 2378 2377 2375
f 2378 2375 2376
f 2336 2338 2378
f 2336 2378 2376
f 2380 2379 2377
f 2380 2377 2378
f 2338 2340 2380
f 2338 2380 2378
f 2382 2381 2379
f 2382 2379 2380
f 2340 2342 2382
f 2340 2382 2380
f 2384 2383 2381
f 2384 2381 2382
f 2342 2344 2384
f 2342 2384 2382
f 2386 2385 2383
f 2386 2383 2384
f 2344 2346 2386
f 2344 2386 2384
f 615 613 2385
f 615 2385 2386
f 2346 563 615
f 2346 615 2386
f 2390 2389 2387
f 2348 2391 2390
f 2348 2390 2388
f 2393 2392 2390
f 2393 2390 2391
f 2349 2394 2393
f 2349 2393 2391
f 2396 2395 2393
f 2396 2393 2394
f 2352 2397 2396
f 2352 2396 2394
f 2349 2350 2352
f 2349 2352 2394
f 2399 2398 2396
f 2399 2396 2397
f 2355 2400 2399
f 2355 2399 2397
f 2352 2353 2355
f 2352 2355 2397
f 2402 2401 2399
f 2402 2399 2400
f 2358 2403 2402
f 2358 2402 2400
f 2355 2356 2358
f 2355 2358 2400
f 2405 2404 2402
f 2405 2402 2403
f 2362 2406 2405
f 2362 2405 2403
f 2358 2359 2362
f 2358 2362 2403
f 2408 2407 2405
f 2408 2405 2406
f 2411 2409 2408
f 2411 2408 2406
f 2362 2363 2411
f 2362 2411 2406
f 2414 2413 2410
f 2414 2410 2412
f 2364 2365 2414
f 2364 2414 2412
f 2416 2415 2413
f 2416 2413 2414
f 2365 2367 2416
f 2365 2416 2414
f 2418 2417 2415
f 2418 2415 2416
f 2367 2369 2418
f 2367 2418 2416
f 2420 2419 2417
f 2420 2417 2418
f 2369 2371 2420
f 2369 2420 2418
f 2422 2421 2419
f 2422 2419 2420
f 2371 2373 2422
f 2371 2422 2420
f 2424 2423 2421
f 2424 2421 2422
f 2373 2375 2424
f 2373 2424 2422
f 2426 2425 2423
f 2426 2423 2424
f 2375 2377 2426
f 2375 2426 2424
f 2428 2427 2425
f 2428 2425 2426
f 2377 2379 2428
f 2377 2428 2426
f 2430 2429 2427
f 2430 2427 2428
f 2379 2381 2430
f 2379 2430 2428
f 2432 2431 2429
f 2432 2429 2430
f 2381 2383 2432
f 2381 2432 2430
f 2434 2433 2431
f 2434 2431 2432
f 2383 2385 2434
f 2383 2434 2432
f 673 671 2433
f 673 2433 2434
f 2385 613 673
f 2385 673 2434
f 2389 2435 676
f 2389 676 674
f 619 2387 2389
f 619 2389 674
f 2436 679 676
f 2436 676 2435
f 2392 2437 2436
f 2392 2436 2435
f 2389 2390 2392
f 2389 2392 2435
f 2439 2438 2436
f 2439 2436 2437
f 2395 2440 2439
f 2395 2439 2437
f 2392 2393 2395
f 2392 2395 2437
f 2442 2441 2439
f 2442 2439 2440
f 2398 2443 2442
f 2398 2442 2440
f 2395 2396 2398
f 2395 2398 2440
f 2445 2444 2442
f 2445 2442 2443
f 2401 2446 2445
f 2401 2445 2443
f 2398 2399 2401
f 2398 2401 2443
f 2448 2447 2445
f 2448 2445 2446
f 2404 2449 2448
f 2404 2448 2446
f 2401 2402 2404
f 2401 2404 2446
f 2451 2450 2448
f 2451 2448 2449
f 2407 2452 2451
f 2407 2451 2449
f 2404 2405 2407
f 2404 2407 2449
f 2454 2453 2451
f 2454 2451 2452
f 2457 2455 2454
f 2457 2454 2452
f 2407 2408 2457
f 2407 2457 2452
f 2461 2459 2456
f 2461 2456 2458
f 2408 2409 2460
f 2408 2460 2457
f 2463 2462 2459
f 2463 2459 2461
f 2410 2413 2463
f 2410 2463 2461
f 2465 2464 2462
f 2465 2462 2463
f 2413 2415 2465
f 2413 2465 2463
f 2467 2466 2464
f 2467 2464 2465
f 2415 2417 2467
f 2415 2467 2465
f 2469 2468 2466
f 2469 2466 2467
f 2417 2419 2469
f 2417 2469 2467
f 2471 2470 2468
f 2471 2468 2469
f 2419 2421 2471
f 2419 2471 2469
f 2473 2472 2470
f 2473 2470 2471
f 2421 2423 2473
f 2421 2473 2471
f 2475 2474 2472
f 2475 2472 2473
f 2423 2425 2475
f 2423 2475 2473
f 2477 2476 2474
f 2477 2474 2475
f 2425 2427 2477
f 2425 2477 2475
f 2479 2478 2476
f 2479 2476 2477
f 2427 2429 2479
f 2427 2479 2477
f 2481 2480 2478
f 2481 2478 2479
f 2429 2431 2481
f 2429 2481 2479
f 2483 2482 2480
f 2483 2480 2481
f 2431 2433 2483
f 2431 2483 2481
f 731 729 2482
f 731 2482 2483
f 2433 671 731
f 2433 731 2483
f 2438 2484 734
f 2438 734 732
f 679 2436 2438
f 679 2438 732
f 2485 737 734
f 2485 734 2484
f 2441 2486 2485
f 2441 2485 2484
f 2438 2439 2441
f 2438 2441 2484
f 2488 2487 2485
f 2488 2485 2486
f 2444 2489 2488
f 2444 2488 2486
f 2441 2442 2444
f 2441 2444 2486
f 2491 2490 2488
f 2491 2488 2489
f 2447 2492 2491
f 2447 2491 2489
f 2444 2445 2447
f 2444 2447 2489
f 2494 2493 2491
f 2494 2491 2492
f 2450 2495 2494
f 2450 2494 2492
f 2447 2448 2450
f 2447 2450 2492
f 2497 2496 2494
f 2497 2494 2495
f 2453 2498 2497
f 2453 2497 2495
f 2450 2451 2453
f 2450 2453 2495
f 2500 2499 2497
f 2500 2497 2498
f 2502 2501 2500
f 2502 2500 2498
f 2453 2454 2502
f 2453 2502 2498
f 2505 2503 2501
f 2505 2501 2502
f 2454 2455 2505
f 2454 2505 2502
f 2508 2507 2504
f 2508 2504 2506
f 2456 2459 2508
f 2456 2508 2506
f 2510 2509 2507
f 2510 2507 2508
f 2459 2462 2510
f 2459 2510 2508
f 2512 2511 2509
f 2512 2509 2510
f 2462 2464 2512
f 2462 2512 2510
f 2514 2513 2511
f 2514 2511 2512
f 2464 2466 2514
f 2464 2514 2512
f 2516 2515 2513
f 2516 2513 2514
f 2466 2468 2516
f 2466 2516 2514
f 2518 2517 2515
f 2518 2515 2516
f 2468 2470 2518
f 2468 2518 2516
f 2520 2519 2517
f 2520 2517 2518
f 2470 2472 2520
f 2470 2520 2518
f 2522 2521 2519
f 2522 2519 2520
f 2472 2474 2522
f 2472 2522 2520
f 2524 2523 2521
f 2524 2521 2522
f 2474 2476 2524
f 2474 2524 2522
f 2526 2525 2523
f 2526 2523 2524
f 2476 2478 2526
f 2476 2526 2524
f 2528 2527 2525
f 2528 2525 2526
f 2478 2480 2528
f 2478 2528 2526
f 2530 2529 2527
f 2530 2527 2528
f 2480 2482 2530
f 2480 2530 2528
f 788 786 2529
f 788 2529 2530
f 2482 729 788
f 2482 788 2530
f 2487 2531 791
f 2487 791 789
f 737 2485 2487
f 737 2487 789
f 2532 794 791
f 2532 791 2531
f 2490 2533 2532
f 2490 2532 2531
f 2487 2488 2490
f 2487 2490 2531
f 2535 2534 2532
f 2535 2532 2533
f 2493 2536 2535
f 2493 2535 2533
f 2490 2491 2493
f 2490 2493 2533
f 2538 2537 2535
f 2538 2535 2536
f 2496 2539 2538
f 2496 2538 2536
f 2493 2494 2496
f 2493 2496 2536
f 2541 2540 2538
f 2541 2538 2539
f 2499 2542 2541
f 2499 2541 2539
f 2496 2497 2499
f 2496 2499 2539
f 2544 2543 2541
f 2544 2541 2542
f 2546 2545 2544
f 2546 2544 2542
f 2499 2500 2546
f 2499 2546 2542
f 2548 2547 2545
f 2548 2545 2546
f 2500 2501 2548
f 2500 2548 2546
f 2551 2549 2547
f 2551 2547 2548
f 2501 2503 2551
f 2501 2551 2548
f 2554 2553 2550
f 2554 2550 2552
f 2504 2507 2554
f 2504 2554 2552
f 2556 2555 2553
f 2556 2553 2554
f 2507 2509 2556
f 2507 2556 2554
f 2558 2557 2555
f 2558 2555 2556
f 2509 2511 2558
f 2509 2558 2556
f 2560 2559 2557
f 2560 2557 2558
f 2511 2513 2560
f 2511 2560 2558
f 2562 2561 2559
f 2562 2559 2560
f 2513 2515 2562
f 2513 2562 2560
f 2564 2563 2561
f 2564 2561 2562
f 2515 2517 2564
f 2515 2564 2562
f 2566 2565 2563
f 2566 2563 2564
f 2517 2519 2566
f 2517 2566 2564
f 2568 2567 2565
f 2568 2565 2566
f 2519 2521 2568
f 2519 2568 2566
f 2570 2569 2567
f 2570 2567 2568
f 2521 2523 2570
f 2521 2570 2568
f 2572 2571 2569
f 2572 2569 2570
f 2523 2525 2572
f 2523 2572 2570
f 2574 2573 2571
f 2574 2571 2572
f 2525 2527 2574
f 2525 2574 2572
f 2576 2575 2573
f 2576 2573 2574
f 2527 2529 2576
f 2527 2576 2574
f 844 842 2575
f 844 2575 2576
f 2529 786 844
f 2529 844 2576
f 2534 2577 847
f 2534 847 845
f 794 2532 2534
f 794 2534 845
f 2578 850 847
f 2578 847 2577
f 2537 2579 2578
f 2537 2578 2577
f 2534 2535 2537
f 2534 2537 2577
f 2581 2580 2578
f 2581 2578 2579
f 2540 2582 2581
f 2540 2581 2579
f 2537 2538 2540
f 2537 2540 2579
f 2584 2583 2581
f 2584 2581 2582
f 2543 2585 2584
f 2543 2584 2582
f 2540 2541 2543
f 2540 2543 2582
f 2587 2586 2584
f 2587 2584 2585
f 2589 2588 2587
f 2589 2587 2585
f 2543 2544 2589
f 2543 2589 2585
f 2591 2590 2588
f 2591 2588 2589
f 2544 2545 2591
f 2544 2591 2589
f 2593 2592 2590
f 2593 2590 2591
f 2545 2547 2593
f 2545 2593 2591
f 2596 2594 2592
f 2596 2592 2593
f 2547 2549 2596
f 2547 2596 2593
f 2599 2598 2595
f 2599 2595 2597
f 2550 2553 2599
f 2550 2599 2597
f 2601 2600 2598
f 2601 2598 2599
f 2553 2555 2601
f 2553 2601 2599
f 2603 2602 2600
f 2603 2600 2601
f 2555 2557 2603
f 2555 2603 2601
f 2605 2604 2602
f 2605 2602 2603
f 2557 2559 2605
f 2557 2605 2603
f 2607 2606 2604
f 2607 2604 2605
f 2559 2561 2607
f 2559 2607 2605
f 2609 2608 2606
f 2609 2606 2607
f 2561 2563 2609
f 2561 2609 2607
f 2611 2610 2608
f 2611 2608 2609
f 2563 2565 2611
f 2563 2611 2609
f 2613 2612 2610
f 2613 2610 2611
f 2565 2567 2613
f 2565 2613 2611
f 2615 2614 2612
f 2615 2612 2613
f 2567 2569 2615
f 2567 2615 2613
f 2617 2616 2614
f 2617 2614 2615
f 2569 2571 2617
f 2569 2617 2615
f 2619 2618 2616
f 2619 2616 2617
f 2571 2573 2619
f 2571 2619 2617
f 2621 2620 2618
f 2621 2618 2619
f 2573 2575 2621
f 2573 2621 2619
f 900 898 2620
f 900 2620 2621
f 2575 842 900
f 2575 900 2621
f 2580 2622 903
f 2580 903 901
f 850 2578 2580
f 850 2580 901
f 2623 906 903
f 2623 903 2622
f 2583 2624 2623
f 2583 2623 2622
f 2580 2581 2583
f 2580 2583 2622
f 2626 2625 2623
f 2626 2623 2624
f 2586 2627 2626
f 2586 2626 2624
f 2583 2584 2586
f 2583 2586 2624
f 2629 2628 2626
f 2629 2626 2627
f 2631 2630 2629
f 2631 2629 2627
f 2586 2587 2631
f 2586 2631 2627
f 2633 2632 2630
f 2633 2630 2631
f 2587 2588 2633
f 2587 2633 2631
f 2635 2634 2632
f 2635 2632 2633
f 2588 2590 2635
f 2588 2635 2633
f 2637 2636 2634
f 2637 2634 2635
f 2590 2592 2637
f 2590 2637 2635
f 2640 2638 2636
f 2640 2636 2637
f 2592 2594 2640
f 2592 2640 2637
f 2643 2642 2639
f 2643 2639 2641
f 2595 2598 2643
f 2595 2643 2641
f 2645 2644 2642
f 2645 2642 2643
f 2598 2600 2645
f 2598 2645 2643
f 2647 2646 2644
f 2647 2644 2645
f 2600 2602 2647
f 2600 2647 2645
f 2649 2648 2646
f 2649 2646 2647
f 2602 2604 2649
f 2602 2649 2647
f 2651 2650 2648
f 2651 2648 2649
f 2604 2606 2651
f 2604 2651 2649
f 2653 2652 2650
f 2653 2650 2651
f 2606 2608 2653
f 2606 2653 2651
f 2655 2654 2652
f 2655 2652 2653
f 2608 2610 2655
f 2608 2655 2653
f 2657 2656 2654
f 2657 2654 2655
f 2610 2612 2657
f 2610 2657 2655
f 2659 2658 2656
f 2659 2656 2657
f 2612 2614 2659
f 2612 2659 2657
f 2661 2660 2658
f 2661 2658 2659
f 2614 2616 2661
f 2614 2661 2659
f 2663 2662 2660
f 2663 2660 2661
f 2616 2618 2663
f 2616 2663 2661
f 2665 2664 2662
f 2665 2662 2663
f 2618 2620 2665
f 2618 2665 2663
f 955 953 2664
f 955 2664 2665
f 2620 898 955
f 2620 955 2665
f 2625 2666 958
f 2625 958 956
f 906 2623 2625
f 906 2625 956
f 2667 961 958
f 2667 958 2666
f 2628 2668 2667
f 2628 2667 2666
f 2625 2626 2628
f 2625 2628 2666
f 2670 2669 2667
f 2670 2667 2668
f 2672 2671 2670
f 2672 2670 2668
f 2628 2629 2672
f 2628 2672 2668
f 2674 2673 2671
f 2674 2671 2672
f 2629 2630 2674
f 2629 2674 2672
f 2676 2675 2673
f 2676 2673 2674
f 2630 2632 2676
f 2630 2676 2674
f 2678 2677 2675
f 2678 2675 2676
f 2632 2634 2678
f 2632 2678 2676
f 2680 2679 2677
f 2680 2677 2678
f 2634 2636 2680
f 2634 2680 2678
f 2683 2681 2679
f 2683 2679 2680
f 2636 2638 2683
f 2636 2683 2680
f 2686 2685 2682
f 2686 2682 2684
f 2639 2642 2686
f 2639 2686 2684
f 2688 2687 2685
f 2688 2685 2686
f 2642 2644 2688
f 2642 2688 2686
f 2690 2689 2687
f 2690 2687 2688
f 2644 2646 2690
f 2644 2690 2688
f 2692 2691 2689
f 2692 2689 2690
f 2646 2648 2692
f 2646 2692 2690
f 2694 2693 2691
f 2694 2691 2692
f 2648 2650 2694
f 2648 2694 2692
f 2696 2695 2693
f 2696 2693 2694
f 2650 2652 2696
f 2650 2696 2694
f 2698 2697 2695
f 2698 2695 2696
f 2652 2654 2698
f 2652 2698 2696
f 2700 2699 2697
f 2700 2697 2698
f 2654 2656 2700
f 2654 2700 2698
f 2702 2701 2699
f 2702 2699 2700
f 2656 2658 2702
f 2656 2702 2700
f 2704 2703 2701
f 2704 2701 2702
f 2658 2660 2704
f 2658 2704 2702
f 2706 2705 2703
f 2706 2703 2704
f 2660 2662 2706
f 2660 2706 2704
f 2708 2707 2705
f 2708 2705 2706
f 2662 2664 2708
f 2662 2708 2706
f 1008 1006 2707
f 1008 2707 2708
f 2664 953 1008
f 2664 1008 2708
f 2669 2709 1011
f 2669 1011 1009
f 961 2667 2669
f 961 2669 1009
f 2711 2710 1019
f 2711 1019 1021
f 1022 2712 2711
f 1022 2711 1021
f 2714 2713 2711
f 2714 2711 2712
f 2716 2715 2714
f 2716 2714 2712
f 1022 1025 2716
f 1022 2716 2712
f 1026 2716 1025
f 2719 2718 1029
f 2719 1029 1031
f 1014 2720 2719
f 1014 2719 1031
f 1014 1011 2709
f 1014 2709 2720
f 2722 2721 2719
f 2722 2719 2720
f 2709 2723 2722
f 2709 2722 2720
f 2709 2669 2670
f 2709 2670 2723
f 2725 2724 2722
f 2725 2722 2723
f 2670 2671 2725
f 2670 2725 2723
f 2727 2726 2724
f 2727 2724 2725
f 2671 2673 2727
f 2671 2727 2725
f 2729 2728 2726
f 2729 2726 2727
f 2673 2675 2729
f 2673 2729 2727
f 2731 2730 2728
f 2731 2728 2729
f 2675 2677 2731
f 2675 2731 2729
f 2733 2732 2730
f 2733 2730 2731
f 2677 2679 2733
f 2677 2733 2731
f 2736 2734 2732
f 2736 2732 2733
f 2679 2681 2736
f 2679 2736 2733
f 2739 2738 2735
f 2739 2735 2737
f 2682 2685 2739
f 2682 2739 2737
f 2741 2740 2738
f 2741 2738 2739
f 2685 2687 2741
f 2685 2741 2739
f 2743 2742 2740
f 2743 2740 2741
f 2687 2689 2743
f 2687 2743 2741
f 2745 2744 2742
f 2745 2742 2743
f 2689 2691 2745
f 2689 2745 2743
f 2747 2746 2744
f 2747 2744 2745
f 2691 2693 2747
f 2691 2747 2745
f 2749 2748 2746
f 2749 2746 2747
f 2693 2695 2749
f 2693 2749 2747
f 2751 2750 2748
f 2751 2748 2749
f 2695 2697 2751
f 2695 2751 2749
f 2753 2752 2750
f 2753 2750 2751
f 2697 2699 2753
f 2697 2753 2751
f 2755 2754 2752
f 2755 2752 2753
f 2699 2701 2755
f 2699 2755 2753
f 2757 2756 2754
f 2757 2754 2755
f 2701 2703 2757
f 2701 2757 2755
f 2759 2758 2756
f 2759 2756 2757
f 2703 2705 2759
f 2703 2759 2757
f 2761 2760 2758
f 2761 2758 2759
f 2705 2707 2761
f 2705 2761 2759
f 1080 1078 2760
f 1080 2760 2761
f 2707 1006 1080
f 2707 1080 2761
f 2763 2762 1084
f 2763 1084 1086
f 1017 2764 2763
f 1017 2763 1086
f 2766 2765 2763
f 2766 2763 2764
f 2710 2767 2766
f 2710 2766 2764
f 1017 1019 2710
f 1017 2710 2764
f 2769 2768 2766
f 2769 2766 2767
f 2713 2770 2769
f 2713 2769 2767
f 2710 2711 2713
f 2710 2713 2767
f 2772 2771 2769
f 2772 2769 2770
f 2774 2773 2772
f 2774 2772 2770
f 2713 2714 2774
f 2713 2774 2770
f 2776 2775 2773
f 2776 2773 2774
f 2714 2715 2776
f 2714 2776 2774
f 2778 2775 2776
f 2715 2778 2776
f 2780 2779 2778
f 2717 2781 2780
f 2715 2716 2717
f 2783 2782 2780
f 2783 2780 2781
f 1098 2783 2781
f 2717 1098 2781
f 2785 2784 1101
f 2785 1101 1103
f 1027 2786 2785
f 1027 2785 1103
f 1027 1029 2718
f 1027 2718 2786
f 2788 2787 2785
f 2788 2785 2786
f 2718 2789 2788
f 2718 2788 2786
f 2718 2719 2721
f 2718 2721 2789
f 2791 2790 2788
f 2791 2788 2789
f 2721 2792 2791
f 2721 2791 2789
f 2721 2722 2724
f 2721 2724 2792
f 2794 2793 2791
f 2794 2791 2792
f 2724 2726 2794
f 2724 2794 2792
f 2796 2795 2793
f 2796 2793 2794
f 2726 2728 2796
f 2726 2796 2794
f 2798 2797 2795
f 2798 2795 2796
f 2728 2730 2798
f 2728 2798 2796
f 2800 2799 2797
f 2800 2797 2798
f 2730 2732 2800
f 2730 2800 2798
f 2802 2801 2799
f 2802 2799 2800
f 2732 2734 2802
f 2732 2802 2800
f 2806 2804 2801
f 2806 2801 2802
f 2735 2738 2807
f 2735 2807 2803
f 2809 2808 2805
f 2809 2805 2807
f 2738 2740 2809
f 2738 2809 2807
f 2811 2810 2808
f 2811 2808 2809
f 2740 2742 2811
f 2740 2811 2809
f 2813 2812 2810
f 2813 2810 2811
f 2742 2744 2813
f 2742 2813 2811
f 2815 2814 2812
f 2815 2812 2813
f 2744 2746 2815
f 2744 2815 2813
f 2817 2816 2814
f 2817 2814 2815
f 2746 2748 2817
f 2746 2817 2815
f 2819 2818 2816
f 2819 2816 2817
f 2748 2750 2819
f 2748 2819 2817
f 2821 2820 2818
f 2821 2818 2819
f 2750 2752 2821
f 2750 2821 2819
f 2823 2822 2820
f 2823 2820 2821
f 2752 2754 2823
f 2752 2823 2821
f 2825 2824 2822
f 2825 2822 2823
f 2754 2756 2825
f 2754 2825 2823
f 2827 2826 2824
f 2827 2824 2825
f 2756 2758 2827
f 2756 2827 2825
f 2829 2828 2826
f 2829 2826 2827
f 2758 2760 2829
f 2758 2829 2827
f 1153 1151 2828
f 1153 2828 2829
f 2760 1078 1153
f 2760 1153 2829
f 2831 2830 1157
f 2831 1157 1159
f 1082 2832 2831
f 1082 2831 1159
f 2834 2833 2831
f 2834 2831 2832
f 2762 2835 2834
f 2762 2834 2832
f 1082 1084 2762
f 1082 2762 2832
f 2837 2836 2834
f 2837 2834 2835
f 2765 2838 2837
f 2765 2837 2835
f 2762 2763 2765
f 2762 2765 2835
f 2840 2839 2837
f 2840 2837 2838
f 2768 2841 2840
f 2768 2840 2838
f 2765 2766 2768
f 2765 2768 2838
f 2843 2842 2840
f 2843 2840 2841
f 2771 2844 2843
f 2771 2843 2841
f 2768 2769 2771
f 2768 2771 2841
f 2846 2845 2843
f 2846 2843 2844
f 2848 2847 2846
f 2848 2846 2844
f 2771 2772 2848
f 2771 2848 2844
f 2850 2849 2847
f 2850 2847 2848
f 2772 2850 2848
f 2852 2851 2849
f 2852 2849 2850
f 2773 2775 2852
f 2854 2853 2851
f 2854 2851 2852
f 2775 2854 2852
f 2856 2855 2853
f 2777 2857 2856
f 2859 2858 2856
f 2859 2856 2857
f 2779 2860 2859
f 2779 2859 2857
f 2777 2779 2857
f 2779 2780 2782
f 2779 2782 2860
f 2862 2861 1180
f 2862 1180 1182
f 1099 2863 2862
f 1099 2862 1182
f 1099 1101 2784
f 1099 2784 2863
f 2865 2864 2862
f 2865 2862 2863
f 2784 2866 2865
f 2784 2865 2863
f 2784 2785 2787
f 2784 2787 2866
f 2868 2867 2865
f 2868 2865 2866
f 2787 2869 2868
f 2787 2868 2866
f 2787 2788 2790
f 2787 2790 2869
f 2871 2870 2868
f 2871 2868 2869
f 2790 2872 2871
f 2790 2871 2869
f 2790 2791 2793
f 2790 2793 2872
f 2874 2873 2871
f 2874 2871 2872
f 2793 2795 2874
f 2793 2874 2872
f 2876 2875 2873
f 2876 2873 2874
f 2795 2797 2876
f 2795 2876 2874
f 2878 2877 2875
f 2878 2875 2876
f 2797 2799 2878
f 2797 2878 2876
f 2880 2879 2877
f 2880 2877 2878
f 2799 2801 2880
f 2799 2880 2878
f 2883 2881 2879
f 2883 2879 2880
f 2801 2804 2883
f 2801 2883 2880
f 2886 2885 2882
f 2886 2882 2884
f 2805 2808 2886
f 2805 2886 2884
f 2888 2887 2885
f 2888 2885 2886
f 2808 2810 2888
f 2808 2888 2886
f 2890 2889 2887
f 2890 2887 2888
f 2810 2812 2890
f 2810 2890 2888
f 2892 2891 2889
f 2892 2889 2890
f 2812 2814 2892
f 2812 2892 2890
f 2894 2893 2891
f 2894 2891 2892
f 2814 2816 2894
f 2814 2894 2892
f 2896 2895 2893
f 2896 2893 2894
f 2816 2818 2896
f 2816 2896 2894
f 2898 2897 2895
f 2898 2895 2896
f 2818 2820 2898
f 2818 2898 2896
f 2900 2899 2897
f 2900 2897 2898
f 2820 2822 2900
f 2820 2900 2898
f 2902 2901 2899
f 2902 2899 2900
f 2822 2824 2902
f 2822 2902 2900
f 2904 2903 2901
f 2904 2901 2902
f 2824 2826 2904
f 2824 2904 2902
f 2906 2905 2903
f 2906 2903 2904
f 2826 2828 2906
f 2826 2906 2904
f 1233 1231 2905
f 1233 2905 2906
f 2828 1151 1233
f 2828 1233 2906
f 2908 2907 1237
f 2908 1237 1239
f 1155 2909 2908
f 1155 2908 1239
f 2911 2910 2908
f 2911 2908 2909
f 2830 2912 2911
f 2830 2911 2909
f 1155 1157 2830
f 1155 2830 2909
f 2914 2913 2911
f 2914 2911 2912
f 2833 2915 2914
f 2833 2914 2912
f 2830 2831 2833
f 2830 2833 2912
f 2917 2916 2914
f 2917 2914 2915
f 2836 2918 2917
f 2836 2917 2915
f 2833 2834 2836
f 2833 2836 2915
f 2920 2919 2917
f 2920 2917 2918
f 2839 2921 2920
f 2839 2920 2918
f 2836 2837 2839
f 2836 2839 2918
f 2923 2922 2920
f 2923 2920 2921
f 2842 2924 2923
f 2842 2923 2921
f 2839 2840 2842
f 2839 2842 2921
f 2926 2925 2923
f 2926 2923 2924
f 2845 2927 2926
f 2845 2926 2924
f 2842 2843 2845
f 2842 2845 2924
f 2929 2928 2926
f 2929 2926 2927
f 2931 2930 2929
f 2931 2929 2927
f 2845 2846 2931
f 2845 2931 2927
f 2933 2932 2930
f 2933 2930 2931
f 2846 2847 2933
f 2846 2933 2931
f 2935 2934 2932
f 2935 2932 2933
f 2847 2849 2935
f 2847 2935 2933
f 2937 2936 2934
f 2937 2934 2935
f 2849 2851 2937
f 2849 2937 2935
f 2939 2938 2936
f 2939 2936 2937
f 2851 2853 2939
f 2851 2939 2937
f 2941 2940 2938
f 2941 2938 2939
f 2853 2855 2941
f 2853 2941 2939
f 2942 2940 2941
f 2855 2942 2941
f 2855 2856 2858
f 2855 2858 2943
f 2945 2944 1268
f 2945 1268 1270
f 1178 2946 2945
f 1178 2945 1270
f 1178 1180 2861
f 1178 2861 2946
f 2948 2947 2945
f 2948 2945 2946
f 2861 2949 2948
f 2861 2948 2946
f 2861 2862 2864
f 2861 2864 2949
f 2951 2950 2948
f 2951 2948 2949
f 2864 2952 2951
f 2864 2951 2949
f 2864 2865 2867
f 2864 2867 2952
f 2954 2953 2951
f 2954 2951 2952
f 2867 2955 2954
f 2867 2954 2952
f 2867 2868 2870
f 2867 2870 2955
f 2957 2956 2954
f 2957 2954 2955
f 2870 2958 2957
f 2870 2957 2955
f 2870 2871 2873
f 2870 2873 2958
f 2960 2959 2957
f 2960 2957 2958
f 2873 2875 2960
f 2873 2960 2958
f 2962 2961 2959
f 2962 2959 2960
f 2875 2877 2962
f 2875 2962 2960
f 2964 2963 2961
f 2964 2961 2962
f 2877 2879 2964
f 2877 2964 2962
f 2967 2965 2963
f 2967 2963 2964
f 2879 2881 2967
f 2879 2967 2964
f 2970 2969 2966
f 2970 2966 2968
f 2882 2885 2970
f 2882 2970 2968
f 2972 2971 2969
f 2972 2969 2970
f 2885 2887 2972
f 2885 2972 2970
f 2974 2973 2971
f 2974 2971 2972
f 2887 2889 2974
f 2887 2974 2972
f 2976 2975 2973
f 2976 2973 2974
f 2889 2891 2976
f 2889 2976 2974
f 2978 2977 2975
f 2978 2975 2976
f 2891 2893 2978
f 2891 2978 2976
f 2980 2979 2977
f 2980 2977 2978
f 2893 2895 2980
f 2893 2980 2978
f 2982 2981 2979
f 2982 2979 2980
f 2895 2897 2982
f 2895 2982 2980
f 2984 2983 2981
f 2984 2981 2982
f 2897 2899 2984
f 2897 2984 2982
f 2986 2985 2983
f 2986 2983 2984
f 2899 2901 2986
f 2899 2986 2984
f 2988 2987 2985
f 2988 2985 2986
f 2901 2903 2988
f 2901 2988 2986
f 2990 2989 2987
f 2990 2987 2988
f 2903 2905 2990
f 2903 2990 2988
f 1322 1320 2989
f 1322 2989 2990
f 2905 1231 1322
f 2905 1322 2990
f 2991 2989 1320
f 2991 1320 1324
f 1235 2992 2991
f 1235 2991 1324
f 2994 2993 2991
f 2994 2991 2992
f 2907 2995 2994
f 2907 2994 2992
f 1235 1237 2907
f 1235 2907 2992
f 2997 2996 2994
f 2997 2994 2995
f 2910 2998 2997
f 2910 2997 2995
f 2907 2908 2910
f 2907 2910 2995
f 3000 2999 2997
f 3000 2997 2998
f 2913 3001 3000
f 2913 3000 2998
f 2910 2911 2913
f 2910 2913 2998
f 3003 3002 3000
f 3003 3000 3001
f 2916 3004 3003
f 2916 3003 3001
f 2913 2914 2916
f 2913 2916 3001
f 3006 3005 3003
f 3006 3003 3004
f 2919 3007 3006
f 2919 3006 3004
f 2916 2917 2919
f 2916 2919 3004
f 3009 3008 3006
f 3009 3006 3007
f 2922 3010 3009
f 2922 3009 3007
f 2919 2920 2922
f 2919 2922 3007
f 3012 3011 3009
f 3012 3009 3010
f 2925 3013 3012
f 2925 3012 3010
f 2922 2923 2925
f 2922 2925 3010
f 3015 3014 3012
f 3015 3012 3013
f 2928 3016 3015
f 2928 3015 3013
f 2925 2926 2928
f 2925 2928 3013
f 3018 3017 3015
f 3018 3015 3016
f 3020 3019 3018
f 3020 3018 3016
f 2928 2929 3020
f 2928 3020 3016
f 3022 3021 3019
f 3022 3019 3020
f 2929 2930 3022
f 2929 3022 3020
f 3024 3023 3021
f 3024 3021 3022
f 2930 2932 3024
f 2930 3024 3022
f 3026 3025 3023
f 3026 3023 3024
f 2932 2934 3026
f 2932 3026 3024
f 3028 3027 3025
f 3028 3025 3026
f 2934 2936 3028
f 2934 3028 3026
f 3030 3029 3027
f 3030 3027 3028
f 2936 2938 3030
f 2936 3030 3028
f 3032 3031 3029
f 3032 3029 3030
f 2938 2940 3032
f 2938 3032 3030
f 3033 3031 3032
f 2940 3033 3032
f 3035 3034 1361
f 3035 1361 1363
f 1266 3036 3035
f 1266 3035 1363
f 1266 1268 2944
f 1266 2944 3036
f 3038 3037 3035
f 3038 3035 3036
f 2944 3039 3038
f 2944 3038 3036
f 2944 2945 2947
f 2944 2947 3039
f 3041 3040 3038
f 3041 3038 3039
f 2947 3042 3041
f 2947 3041 3039
f 2947 2948 2950
f 2947 2950 3042
f 3044 3043 3041
f 3044 3041 3042
f 2950 3045 3044
f 2950 3044 3042
f 2950 2951 2953
f 2950 2953 3045
f 3047 3046 3044
f 3047 3044 3045
f 2953 3048 3047
f 2953 3047 3045
f 2953 2954 2956
f 2953 2956 3048
f 3050 3049 3047
f 3050 3047 3048
f 2956 3051 3050
f 2956 3050 3048
f 2956 2957 2959
f 2956 2959 3051
f 3053 3052 3050
f 3053 3050 3051
f 2959 2961 3053
f 2959 3053 3051
f 3056 3054 3052
f 3056 3052 3053
f 2961 2963 3056
f 2961 3056 3053
f 3060 3058 3055
f 3060 3055 3057
f 2963 2965 3059
f 2963 3059 3056
f 3062 3061 3058
f 3062 3058 3060
f 2966 2969 3062
f 2966 3062 3060
f 3064 3063 3061
f 3064 3061 3062
f 2969 2971 3064
f 2969 3064 3062
f 3066 3065 3063
f 3066 3063 3064
f 2971 2973 3066
f 2971 3066 3064
f 3068 3067 3065
f 3068 3065 3066
f 2973 2975 3068
f 2973 3068 3066
f 3070 3069 3067
f 3070 3067 3068
f 2975 2977 3070
f 2975 3070 3068
f 3072 3071 3069
f 3072 3069 3070
f 2977 2979 3072
f 2977 3072 3070
f 3074 3073 3071
f 3074 3071 3072
f 2979 2981 3074
f 2979 3074 3072
f 3076 3075 3073
f 3076 3073 3074
f 2981 2983 3076
f 2981 3076 3074
f 3077 2996 3075
f 3077 3075 3076
f 2983 2985 3077
f 2983 3077 3076
f 2993 2994 2996
f 2993 2996 3077
f 2985 2987 2993
f 2985 2993 3077
f 2999 3078 3073
f 2999 3073 3075
f 2996 2997 2999
f 2996 2999 3075
f 3079 3071 3073
f 3079 3073 3078
f 3002 3080 3079
f 3002 3079 3078
f 2999 3000 3002
f 2999 3002 3078
f 3082 3081 3079
f 3082 3079 3080
f 3005 3083 3082
f 3005 3082 3080
f 3002 3003 3005
f 3002 3005 3080
f 3085 3084 3082
f 3085 3082 3083
f 3008 3086 3085
f 3008 3085 3083
f 3005 3006 3008
f 3005 3008 3083
f 3088 3087 3085
f 3088 3085 3086
f 3011 3089 3088
f 3011 3088 3086
f 3008 3009 3011
f 3008 3011 3086
f 3091 3090 3088
f 3091 3088 3089
f 3014 3092 3091
f 3014 3091 3089
f 3011 3012 3014
f 3011 3014 3089
f 3094 3093 3091
f 3094 3091 3092
f 3017 3095 3094
f 3017 3094 3092
f 3014 3015 3017
f 3014 3017 3092
f 3097 3096 3094
f 3097 3094 3095
f 3099 3098 3097
f 3099 3097 3095
f 3017 3018 3099
f 3017 3099 3095
f 3101 3100 3098
f 3101 3098 3099
f 3018 3019 3101
f 3018 3101 3099
f 3103 3102 3100
f 3103 3100 3101
f 3019 3021 3103
f 3019 3103 3101
f 3105 3104 3102
f 3105 3102 3103
f 3021 3023 3105
f 3021 3105 3103
f 3107 3106 3104
f 3107 3104 3105
f 3023 3025 3107
f 3023 3107 3105
f 3109 3108 3106
f 3109 3106 3107
f 3025 3027 3109
f 3025 3109 3107
f 3111 3108 3109
f 3027 3029 3111
f 3027 3111 3109
f 3114 3113 3110
f 3029 3031 3114
f 3029 3114 3111
f 3116 3113 3114
f 3031 3116 3114
f 3125 3124 1439
f 3125 1439 1441
f 1359 3126 3125
f 1359 3125 1441
f 1359 1361 3034
f 1359 3034 3126
f 3128 3127 3125
f 3128 3125 3126
f 3034 3129 3128
f 3034 3128 3126
f 3034 3035 3037
f 3034 3037 3129
f 3131 3130 3128
f 3131 3128 3129
f 3037 3132 3131
f 3037 3131 3129
f 3037 3038 3040
f 3037 3040 3132
f 3134 3133 3131
f 3134 3131 3132
f 3040 3135 3134
f 3040 3134 3132
f 3040 3041 3043
f 3040 3043 3135
f 3137 3136 3134
f 3137 3134 3135
f 3043 3138 3137
f 3043 3137 3135
f 3043 3044 3046
f 3043 3046 3138
f 3140 3139 3137
f 3140 3137 3138
f 3046 3141 3140
f 3046 3140 3138
f 3046 3047 3049
f 3046 3049 3141
f 3143 3142 3140
f 3143 3140 3141
f 3049 3144 3143
f 3049 3143 3141
f 3049 3050 3052
f 3049 3052 3144
f 3147 3145 3143
f 3147 3143 3144
f 3052 3054 3147
f 3052 3147 3144
f 3150 3149 3146
f 3150 3146 3148
f 3055 3058 3150
f 3055 3150 3148
f 3152 3151 3149
f 3152 3149 3150
f 3058 3061 3152
f 3058 3152 3150
f 3154 3153 3151
f 3154 3151 3152
f 3061 3063 3154
f 3061 3154 3152
f 3156 3155 3153
f 3156 3153 3154
f 3063 3065 3156
f 3063 3156 3154
f 3157 3084 3155
f 3157 3155 3156
f 3065 3067 3157
f 3065 3157 3156
f 3081 3082 3084
f 3081 3084 3157
f 3067 3069 3081
f 3067 3081 3157
f 3087 3158 3153
f 3087 3153 3155
f 3084 3085 3087
f 3084 3087 3155
f 3159 3151 3153
f 3159 3153 3158
f 3090 3160 3159
f 3090 3159 3158
f 3087 3088 3090
f 3087 3090 3158
f 3162 3161 3159
f 3162 3159 3160
f 3093 3163 3162
f 3093 3162 3160
f 3090 3091 3093
f 3090 3093 3160
f 3167 3165 3162
f 3167 3162 3163
f 3096 3169 3167
f 3096 3167 3163
f 3093 3094 3096
f 3093 3096 3163
f 3171 3170 3166
f 3171 3166 3168
f 3173 3172 3171
f 3173 3171 3168
f 3096 3097 3174
f 3096 3174 3169
f 3176 3175 3172
f 3176 3172 3173
f 3097 3098 3177
f 3097 3177 3174
f 3180 3178 3175
f 3180 3175 3176
f 3098 3100 3181
f 3098 3181 3177
f 3184 3183 3179
f 3184 3179 3181
f 3100 3102 3184
f 3100 3184 3181
f 3188 3186 3183
f 3188 3183 3184
f 3102 3104 3188
f 3102 3188 3184
f 3190 3189 3185
f 3190 3185 3187
f 3104 3106 3191
f 3104 3191 3188
f 3193 3192 3189
f 3193 3189 3190
f 3106 3108 3194
f 3106 3194 3191
f 3196 3195 3192
f 3196 3192 3193
f 3198 3197 3195
f 3198 3195 3196
f 3110 3113 3199
f 3201 3200 3197
f 3201 3197 3198
f 3112 3115 3201
f 3112 3201 3198
f 3203 3202 3200
f 3203 3200 3201
f 3115 3117 3203
f 3115 3203 3201
f 3205 3204 3202
f 3205 3202 3203
f 3117 3118 3205
f 3117 3205 3203
f 3207 3206 3204
f 3207 3204 3205
f 3118 3208 3207
f 3118 3207 3205
f 3210 3209 3207
f 3210 3207 3208
f 3120 3211 3210
f 3120 3210 3208
f 3118 3119 3120
f 3118 3120 3208
f 3213 3212 3210
f 3213 3210 3211
f 3121 3214 3213
f 3121 3213 3211
f 3216 3215 3213
f 3216 3213 3214
f 3122 3217 3216
f 3122 3216 3214
f 3219 3218 3216
f 3219 3216 3217
f 3123 3220 3219
f 3123 3219 3217
f 3222 3221 3219
f 3222 3219 3220
f 3225 3224 3222
f 3225 3222 3223
f 3227 3226 1525
f 3227 1525 1527
f 1437 3228 3227
f 1437 3227 1527
f 1437 1439 3124
f 1437 3124 3228
f 3230 3229 3227
f 3230 3227 3228
f 3124 3231 3230
f 3124 3230 3228
f 3124 3125 3127
f 3124 3127 3231
f 3233 3232 3230
f 3233 3230 3231
f 3127 3234 3233
f 3127 3233 3231
f 3127 3128 3130
f 3127 3130 3234
f 3236 3235 3233
f 3236 3233 3234
f 3130 3237 3236
f 3130 3236 3234
f 3130 3131 3133
f 3130 3133 3237
f 3239 3238 3236
f 3239 3236 3237
f 3133 3240 3239
f 3133 3239 3237
f 3133 3134 3136
f 3133 3136 3240
f 3242 3241 3239
f 3242 3239 3240
f 3136 3243 3242
f 3136 3242 3240
f 3136 3137 3139
f 3136 3139 3243
f 3170 3171 3242
f 3170 3242 3243
f 3139 3244 3170
f 3139 3170 3243
f 3139 3140 3142
f 3139 3142 3244
f 3164 3166 3170
f 3164 3170 3244
f 3142 3245 3164
f 3142 3164 3244
f 3142 3143 3145
f 3142 3145 3245
f 3161 3162 3165
f 3161 3165 3246
f 3146 3149 3161
f 3146 3161 3246
f 3171 3172 3241
f 3171 3241 3242
f 3247 3238 3239
f 3247 3239 3241
f 3172 3175 3247
f 3172 3247 3241
f 3249 3248 3238
f 3249 3238 3247
f 3175 3178 3249
f 3175 3249 3247
f 3251 3250 3248
f 3251 3248 3249
f 3178 3182 3251
f 3178 3251 3249
f 3253 3252 3250
f 3253 3250 3251
f 3182 3185 3253
f 3182 3253 3251
f 3255 3254 3252
f 3255 3252 3253
f 3185 3189 3255
f 3185 3255 3253
f 3257 3256 3254
f 3257 3254 3255
f 3189 3192 3257
f 3189 3257 3255
f 3259 3258 3256
f 3259 3256 3257
f 3192 3195 3259
f 3192 3259 3257
f 3261 3260 3258
f 3261 3258 3259
f 3195 3197 3261
f 3195 3261 3259
f 3263 3262 3260
f 3263 3260 3261
f 3197 3200 3263
f 3197 3263 3261
f 3265 3264 3262
f 3265 3262 3263
f 3200 3202 3265
f 3200 3265 3263
f 3267 3266 3264
f 3267 3264 3265
f 3202 3204 3267
f 3202 3267 3265
f 3269 3268 3266
f 3269 3266 3267
f 3204 3206 3269
f 3204 3269 3267
f 3271 3270 3268
f 3271 3268 3269
f 3206 3272 3271
f 3206 3271 3269
f 3274 3273 3271
f 3274 3271 3272
f 3209 3275 3274
f 3209 3274 3272
f 3206 3207 3209
f 3206 3209 3272
f 3277 3276 3274
f 3277 3274 3275
f 3212 3278 3277
f 3212 3277 3275
f 3209 3210 3212
f 3209 3212 3275
f 3280 3279 3277
f 3280 3277 3278
f 3215 3281 3280
f 3215 3280 3278
f 3212 3213 3215
f 3212 3215 3278
f 3283 3282 3280
f 3283 3280 3281
f 3218 3284 3283
f 3218 3283 3281
f 3215 3216 3218
f 3215 3218 3281
f 3286 3285 3283
f 3286 3283 3284
f 3221 3287 3286
f 3221 3286 3284
f 3218 3219 3221
f 3218 3221 3284
f 3289 3288 3286
f 3289 3286 3287
f 3224 3290 3289
f 3224 3289 3287
f 3221 3222 3224
f 3221 3224 3287
f 3292 3291 3289
f 3292 3289 3290
f 3297 3296 3293
f 3297 3293 3294
f 3299 3298 3297
f 3299 3297 3294
f 3301 3300 3298
f 3301 3298 3299
f 1808 1809 3300
f 1808 3300 3301
f 3303 3302 3298
f 3303 3298 3300
f 1809 3304 3303
f 1809 3303 3300
f 1594 1593 3303
f 1594 3303 3304
f 3306 3305 1597
f 3306 1597 1599
f 1523 3307 3306
f 1523 3306 1599
f 1523 1525 3226
f 1523 3226 3307
f 3309 3308 3306
f 3309 3306 3307
f 3226 3310 3309
f 3226 3309 3307
f 3226 3227 3229
f 3226 3229 3310
f 3312 3311 3309
f 3312 3309 3310
f 3229 3313 3312
f 3229 3312 3310
f 3229 3230 3232
f 3229 3232 3313
f 3315 3314 3312
f 3315 3312 3313
f 3232 3316 3315
f 3232 3315 3313
f 3232 3233 3235
f 3232 3235 3316
f 3250 3252 3315
f 3250 3315 3316
f 3235 3248 3250
f 3235 3250 3316
f 3252 3254 3314
f 3252 3314 3315
f 3317 3311 3312
f 3317 3312 3314
f 3254 3256 3317
f 3254 3317 3314
f 3319 3318 3311
f 3319 3311 3317
f 3256 3258 3319
f 3256 3319 3317
f 3321 3320 3318
f 3321 3318 3319
f 3258 3260 3321
f 3258 3321 3319
f 3323 3322 3320
f 3323 3320 3321
f 3260 3262 3323
f 3260 3323 3321
f 3325 3324 3322
f 3325 3322 3323
f 3262 3264 3325
f 3262 3325 3323
f 3327 3326 3324
f 3327 3324 3325
f 3264 3266 3327
f 3264 3327 3325
f 3329 3328 3326
f 3329 3326 3327
f 3266 3268 3329
f 3266 3329 3327
f 3331 3330 3328
f 3331 3328 3329
f 3268 3270 3331
f 3268 3331 3329
f 3333 3332 3330
f 3333 3330 3331
f 3270 3334 3333
f 3270 3333 3331
f 3336 3335 3333
f 3336 3333 3334
f 3273 3337 3336
f 3273 3336 3334
f 3270 3271 3273
f 3270 3273 3334
f 3339 3338 3336
f 3339 3336 3337
f 3276 3340 3339
f 3276 3339 3337
f 3273 3274 3276
f 3273 3276 3337
f 3342 3341 3339
f 3342 3339 3340
f 3279 3343 3342
f 3279 3342 3340
f 3276 3277 3279
f 3276 3279 3340
f 3345 3344 3342
f 3345 3342 3343
f 3282 3346 3345
f 3282 3345 3343
f 3279 3280 3282
f 3279 3282 3343
f 3348 3347 3345
f 3348 3345 3346
f 3285 3349 3348
f 3285 3348 3346
f 3282 3283 3285
f 3282 3285 3346
f 3351 3350 3348
f 3351 3348 3349
f 3288 3352 3351
f 3288 3351 3349
f 3285 3286 3288
f 3285 3288 3349
f 3355 3353 3351
f 3355 3351 3352
f 3291 3357 3355
f 3291 3355 3352
f 3288 3289 3291
f 3288 3291 3352
f 3360 3359 3356
f 3360 3356 3358
f 3296 3361 3360
f 3296 3360 3358
f 3291 3292 3295
f 3291 3295 3357
f 1656 1655 3360
f 1656 3360 3361
f 3362 1657 1656
f 3362 1656 3361
f 3296 3297 3362
f 3296 3362 3361
f 3302 1659 1657
f 3302 1657 3362
f 3297 3298 3302
f 3297 3302 3362
f 3302 3303 1593
f 3302 1593 1659
f 3364 3363 1663
f 3364 1663 1665
f 1595 3365 3364
f 1595 3364 1665
f 1595 1597 3305
f 1595 3305 3365
f 3367 3366 3364
f 3367 3364 3365
f 3305 3368 3367
f 3305 3367 3365
f 3305 3306 3308
f 3305 3308 3368
f 3320 3322 3367
f 3320 3367 3368
f 3308 3318 3320
f 3308 3320 3368
f 3322 3324 3366
f 3322 3366 3367
f 3369 3363 3364
f 3369 3364 3366
f 3324 3326 3369
f 3324 3369 3366
f 3371 3370 3363
f 3371 3363 3369
f 3326 3328 3371
f 3326 3371 3369
f 3373 3372 3370
f 3373 3370 3371
f 3328 3330 3373
f 3328 3373 3371
f 3375 3374 3372
f 3375 3372 3373
f 3330 3332 3375
f 3330 3375 3373
f 3377 3376 3374
f 3377 3374 3375
f 3332 3378 3377
f 3332 3377 3375
f 3380 3379 3377
f 3380 3377 3378
f 3335 3381 3380
f 3335 3380 3378
f 3332 3333 3335
f 3332 3335 3378
f 3383 3382 3380
f 3383 3380 3381
f 3338 3384 3383
f 3338 3383 3381
f 3335 3336 3338
f 3335 3338 3381
f 3386 3385 3383
f 3386 3383 3384
f 3341 3387 3386
f 3341 3386 3384
f 3338 3339 3341
f 3338 3341 3384
f 3389 3388 3386
f 3389 3386 3387
f 3344 3390 3389
f 3344 3389 3387
f 3341 3342 3344
f 3341 3344 3387
f 3392 3391 3389
f 3392 3389 3390
f 3347 3393 3392
f 3347 3392 3390
f 3344 3345 3347
f 3344 3347 3390
f 3396 3394 3392
f 3396 3392 3393
f 3350 3398 3396
f 3350 3396 3393
f 3347 3348 3350
f 3347 3350 3393
f 3401 3400 3397
f 3401 3397 3399
f 3354 3402 3401
f 3354 3401 3399
f 3350 3351 3353
f 3350 3353 3398
f 1708 1707 3401
f 1708 3401 3402
f 3359 1660 1708
f 3359 1708 3402
f 3354 3356 3359
f 3354 3359 3402
f 3372 3374 1712
f 3372 1712 1714
f 1661 3370 3372
f 1661 3372 1714
f 3374 3376 1710
f 3374 1710 1712
f 3376 3403 1772
f 3376 1772 1710
f 3404 1717 1772
f 3404 1772 3403
f 3379 3405 3404
f 3379 3404 3403
f 3376 3377 3379
f 3376 3379 3403
f 3407 3406 3404
f 3407 3404 3405
f 3382 3408 3407
f 3382 3407 3405
f 3379 3380 3382
f 3379 3382 3405
f 3410 3409 3407
f 3410 3407 3408
f 3385 3411 3410
f 3385 3410 3408
f 3382 3383 3385
f 3382 3385 3408
f 3413 3412 3410
f 3413 3410 3411
f 3388 3414 3413
f 3388 3413 3411
f 3385 3386 3388
f 3385 3388 3411
f 3417 3415 3413
f 3417 3413 3414
f 3391 3419 3417
f 3391 3417 3414
f 3388 3389 3391
f 3388 3391 3414
f 3422 3421 3418
f 3422 3418 3420
f 3395 3423 3422
f 3395 3422 3420
f 3391 3392 3394
f 3391 3394 3419
f 1740 1739 3422
f 1740 3422 3423
f 3400 1709 1740
f 3400 1740 3423
f 3395 3397 3400
f 3395 3400 3423
f 3406 3424 1744
f 3406 1744 1742
f 1717 3404 3406
f 1717 3406 1742
f 3425 1747 1744
f 3425 1744 3424
f 3409 3426 3425
f 3409 3425 3424
f 3406 3407 3409
f 3406 3409 3424
f 3427 1783 3425
f 3427 3425 3426
f 3412 3428 3427
f 3412 3427 3426
f 3409 3410 3412
f 3409 3412 3426
f 3432 3430 3427
f 3432 3427 3428
f 3416 3434 3433
f 3416 3433 3429
f 3412 3413 3415
f 3412 3415 3428
f 1760 1759 3433
f 1760 3433 3434
f 3421 1741 1760
f 3421 1760 3434
f 3416 3418 3421
f 3416 3421 3434
f 14 1782 3431
f 14 3431 1761
f 3431 3433 1759
f 3431 1759 1761
f 1781 1783 3427
f 1781 3427 3430
f 1783 18 1747
f 1783 1747 3425
f 3421 3422 1739
f 3421 1739 1741
f 3400 3401 1707
f 3400 1707 1709
f 1661 1663 3363
f 1661 3363 3370
f 3359 3360 1655
f 3359 1655 1660
f 3308 3309 3311
f 3308 3311 3318
f 3235 3236 3238
f 3235 3238 3248
f 3149 3151 3159
f 3149 3159 3161
f 3069 3071 3079
f 3069 3079 3081
f 2987 2989 2991
f 2987 2991 2993
f 1901 3436 3435
f 1901 1902 1903
f 1788 1789 1879
f 1788 1879 1882
f 1791 1792 1875
f 1791 1875 1876
f 1792 1799 1800
f 1792 1800 1875
f 1798 1799 3439
f 1798 3439 3438
f 3437 1797 1798
f 3437 1798 3438
f 1793 21 1764
f 1793 1764 3439
f 1799 1792 1793
f 1799 1793 3439
f 3440 1827 1834
f 3440 1834 1857
f 1822 1827 3440
f 1795 1796 1838
f 1795 1838 1847
f 1838 1839 1840
f 1838 1840 1842
f 1827 1828 1830
f 1827 1830 1834
f 1811 1812 1825
f 1811 1825 1826
f 1782 14 2
f 1816 53 52
