# Palette-baked from RoboTwin texture for mujoco-react
v 0.484348 0.063439503 -0.68021551
v 0.484348 0.063439503 -0.68021551
v 0.50384501 0.0562125 -0.67433652
v 0.50384501 0.0562125 -0.67433652
v 0.48448101 0.1640375 -0.68392351
v 0.48448101 0.1640375 -0.68392351
v 0.48448101 0.1640375 -0.68392351
v 0.49331301 0.16564851 -0.67210349
v 0.26816201 0.093733497 -0.20371349
v 0.26816201 0.093733497 -0.20371349
v -0.47649997 0.069385499 -0.1660905
v -0.47649997 0.069385499 -0.1660905
v -0.47476199 0.063971497 -0.1712435
v -0.47476199 0.063971497 -0.1712435
v -0.48463398 0.091448501 -0.1447835
v -0.47882098 0.1065105 -0.1449395
v -0.47882098 0.1065105 -0.1449395
v -0.482559 0.088148497 -0.1514755
v -0.482559 0.088148497 -0.1514755
v -0.482559 0.088148497 -0.1514755
v -0.47960398 0.0969005 -0.1534255
v -0.47960398 0.0969005 -0.1534255
v -0.47960398 0.0969005 -0.1534255
v -0.47960398 0.0969005 -0.1534255
v -0.474756 0.095421501 -0.1566525
v -0.474756 0.095421501 -0.1566525
v -0.474756 0.095421501 -0.1566525
v -0.47332898 0.081848502 -0.1628785
v -0.47332898 0.081848502 -0.1628785
v -0.485257 0.092773497 -0.1605145
v -0.36991099 0.1250295 -0.13640749
v 0.023975011 0.097189501 -0.1699885
v 0.036577012 0.097682498 -0.1646255
v 0.036577012 0.097682498 -0.1646255
v 0.17243302 0.1069335 -0.1305975
v 0.17209402 0.090846501 -0.1326635
v 0.17209402 0.090846501 -0.1326635
v 0.12971701 0.1139035 -0.1457565
v 0.12290801 0.1118915 -0.1291175
v 0.12290801 0.1118915 -0.1291175
v 0.12019001 0.1064055 -0.1277625
v 0.12019001 0.1064055 -0.1277625
v 0.03501901 0.1058655 -0.1508545
v 0.075754009 0.1122745 -0.13728249
v 0.075754009 0.1122745 -0.13728249
v 0.27597502 0.1347775 -0.1413255
v 0.469464 0.1020275 -0.1288375
v -0.55803099 0.1200405 -0.11557849
v -0.54479101 0.1160815 -0.1124665
v -0.54534897 0.1096395 -0.1184095
v -0.54622796 0.1179465 -0.1206575
v -0.70731798 0.1192785 -0.083251499
v -0.59726498 0.1009895 -0.094468497
v -0.59726498 0.1009895 -0.094468497
v -0.59726498 0.1009895 -0.094468497
v -0.60979196 0.1216545 -0.078669496
v -0.60979196 0.1216545 -0.078669496
v -0.61484799 0.12897851 -0.069032498
v -0.60117397 0.1017705 -0.075226493
v -0.60117397 0.1017705 -0.075226493
v -0.60532501 0.1046455 -0.074116498
v -0.60532501 0.1046455 -0.074116498
v -0.60532501 0.1046455 -0.074116498
v -0.60532501 0.1046455 -0.074116498
v -0.60532501 0.1046455 -0.074116498
v -0.59268197 0.1214395 -0.071231499
v -0.59270898 0.1207705 -0.065769494
v -0.59270898 0.1207705 -0.065769494
v 0.12679201 0.1152005 -0.1086925
v 0.12679201 0.1152005 -0.1086925
v 0.12679201 0.1152005 -0.1086925
v 0.12585101 0.1107645 -0.1041275
v 0.12585101 0.1107645 -0.1041275
v 0.12585101 0.1107645 -0.1041275
v 0.12884201 0.1203445 -0.1188195
v 0.12884201 0.1203445 -0.1188195
v 0.172488 0.1250515 -0.10568149
v 0.172488 0.1250515 -0.10568149
v 0.172488 0.1250515 -0.10568149
v 0.16710801 0.12704749 -0.10178649
v 0.16710801 0.12704749 -0.10178649
v 0.16710801 0.12704749 -0.10178649
v 0.11963401 0.1032185 -0.1175575
v 0.11963401 0.1032185 -0.1175575
v -0.022075988 0.1335955 -0.0760445
v 0.69785902 0.1122855 -0.11002649
v -0.707176 0.1168885 -0.061029498
v -0.70383498 0.1235255 -0.050057497
v -0.70383498 0.1235255 -0.050057497
v -0.48590699 0.1219705 -0.060486495
v -0.48577198 0.1294935 -0.049265496
v 0.16964 0.1261545 -0.0085404972
v 0.18710601 0.1212675 -0.018939497
v 0.17030302 0.1264385 0.0018505033
v 0.17964301 0.1204335 0.0035415031
v 0.17964301 0.1204335 0.0035415031
v -0.87458602 0.1312215 0.1999855
v 0.35259402 0.097040497 0.2293455
v 0.335455 0.0552525 0.24679551
v 0.76699904 0.1139985 0.30040351
v -0.85353598 0.063348502 0.36294749
v 0.75736299 0.058269501 0.69116649
v 0.85349903 0.076817498 0.69096151
v 0.48356402 0.068849497 -0.68088248
v 0.48638302 0.068798497 -0.68535152
v 0.48763302 0.062927499 -0.68146548
v 0.48763302 0.062927499 -0.68146548
v 0.48386502 0.062485501 -0.67541352
v 0.48386502 0.062485501 -0.67541352
v 0.48196 0.068609498 -0.67518249
v 0.487151 0.0593355 -0.67637649
v 0.487151 0.0593355 -0.67637649
v 0.49938902 0.055600502 -0.6744245
v 0.49966902 0.059128501 -0.67930147
v 0.49966902 0.059128501 -0.67930147
v 0.50491199 0.0596685 -0.6771405
v 0.50491199 0.0596685 -0.6771405
v 0.51213804 0.0587615 -0.67083552
v 0.51213804 0.0587615 -0.67083552
v 0.50829801 0.054392502 -0.66839352
v 0.50829801 0.054392502 -0.66839352
v 0.503041 0.052879501 -0.66548648
v 0.48337901 0.1595785 -0.68559548
v 0.48337901 0.1595785 -0.68559548
v 0.48059002 0.1592595 -0.6800085
v 0.48196101 0.1637055 -0.6792585
v 0.48196101 0.1637055 -0.6792585
v 0.48649701 0.1642065 -0.67813149
v 0.48797801 0.16273651 -0.68283448
v 0.48797801 0.16273651 -0.68283448
v 0.488161 0.1593435 -0.68622348
v 0.488161 0.1593435 -0.68622348
v 0.489786 0.1653455 -0.67200652
v 0.49186403 0.16613249 -0.66568449
v 0.49623802 0.1661175 -0.66828552
v 0.50034502 0.16556551 -0.67185947
v 0.494995 0.1644575 -0.67546651
v 0.49059302 0.1640625 -0.67703047
v 0.26204801 0.097553499 -0.1984065
v 0.26204801 0.097553499 -0.1984065
v 0.27184701 0.1074095 -0.1938985
v 0.27184701 0.1074095 -0.1938985
v 0.27829602 0.098038502 -0.20232549
v 0.268029 0.0837235 -0.2069795
v 0.25728703 0.085301504 -0.2011735
v -0.48759899 0.060785498 -0.17282049
v -0.48808399 0.077945501 -0.1663485
v -0.481067 0.0815745 -0.1582015
v -0.481067 0.0815745 -0.1582015
v -0.481067 0.0815745 -0.1582015
v -0.45786798 0.079685502 -0.1726395
v -0.45786798 0.079685502 -0.1726395
v -0.45711598 0.058625501 -0.17465949
v -0.494533 0.1096265 -0.1521185
v -0.49746698 0.098712496 -0.1605695
v -0.51155201 0.1009725 -0.15814149
v -0.51155201 0.1009725 -0.15814149
v -0.48300099 0.098302498 -0.14679949
v -0.48346299 0.1060855 -0.1399705
v -0.484723 0.097933501 -0.13827449
v -0.482844 0.0917705 -0.13649249
v -0.48122898 0.087869503 -0.1457915
v -0.48122898 0.087869503 -0.1457915
v -0.483832 0.1126065 -0.14219449
v -0.47335398 0.1092215 -0.1328975
v -0.47335398 0.1092215 -0.1328975
v -0.47102198 0.1156195 -0.13627249
v -0.47487798 0.1069675 -0.15313649
v -0.47668499 0.089160502 -0.1460415
v -0.47668499 0.089160502 -0.1460415
v -0.475115 0.086724497 -0.1528405
v -0.475115 0.086724497 -0.1528405
v -0.474971 0.0949255 -0.14946349
v -0.474971 0.0949255 -0.14946349
v -0.474971 0.0949255 -0.14946349
v -0.47473198 0.098766498 -0.13998349
v -0.47473198 0.098766498 -0.13998349
v -0.47450599 0.1018705 -0.12987649
v -0.47450599 0.1018705 -0.12987649
v -0.47839499 0.1008235 -0.1575015
v -0.47839499 0.1008235 -0.1575015
v -0.47839499 0.1008235 -0.1575015
v -0.48460799 0.1040025 -0.1559325
v -0.46729898 0.094679497 -0.16435049
v -0.46938899 0.1065425 -0.1555755
v -0.46938899 0.1065425 -0.1555755
v -0.46122298 0.1061555 -0.1591785
v -0.45441899 0.094148502 -0.1678015
v -0.45441899 0.094148502 -0.1678015
v -0.50015602 0.081784502 -0.1677855
v -0.50015602 0.081784502 -0.1677855
v -0.364373 0.1233455 -0.1295535
v -0.36790898 0.1168705 -0.14742349
v -0.362122 0.1113965 -0.14286549
v -0.54701701 0.1009125 -0.1275705
v -0.54701701 0.1009125 -0.1275705
v -0.54701701 0.1009125 -0.1275705
v -0.55482998 0.097515501 -0.1176285
v -0.55482998 0.097515501 -0.1176285
v -0.549557 0.093168497 -0.1131235
v -0.54434398 0.097606502 -0.1164005
v -0.54434398 0.097606502 -0.1164005
v 0.019409012 0.1077855 -0.16322149
v 0.030192012 0.0971255 -0.1547945
v 0.033048011 0.097884499 -0.15243949
v 0.022407012 0.1154245 -0.15101549
v 0.030276012 0.099686503 -0.1411985
v 0.042381011 0.1094765 -0.1577145
v 0.056757011 0.1090575 -0.1576525
v 0.053169012 0.097532503 -0.1671215
v 0.173112 0.095330499 -0.1338395
v 0.17084602 0.099322498 -0.1360855
v 0.17084602 0.099322498 -0.1360855
v 0.17084602 0.099322498 -0.1360855
v 0.16971901 0.095125496 -0.13358049
v 0.16971901 0.095125496 -0.13358049
v 0.17145102 0.1124015 -0.12163749
v 0.17145102 0.1124015 -0.12163749
v 0.17017701 0.1049885 -0.1201975
v 0.17017701 0.1049885 -0.1201975
v 0.17034601 0.1016035 -0.1303505
v 0.17034601 0.1016035 -0.1303505
v 0.17323101 0.1028115 -0.13127349
v 0.172929 0.092149504 -0.12712349
v 0.172929 0.092149504 -0.12712349
v 0.16951701 0.0952245 -0.1278235
v 0.16951701 0.0952245 -0.1278235
v 0.11532101 0.1124305 -0.1336675
v 0.11532101 0.1124305 -0.1336675
v 0.14404701 0.1217815 -0.1365615
v 0.10913301 0.1104465 -0.14980249
v 0.10704601 0.1184895 -0.1395465
v 0.10704601 0.1184895 -0.1395465
v 0.13563901 0.098164499 -0.15998749
v 0.11210001 0.096048497 -0.1604365
v 0.11530701 0.1124605 -0.1182585
v 0.11530701 0.1124605 -0.1182585
v 0.03657401 0.1131825 -0.14502349
v 0.049249012 0.1182065 -0.14789149
v 0.03333801 0.1026095 -0.1420085
v 0.093104012 0.1178735 -0.1412255
v 0.091141008 0.1085895 -0.15317349
v 0.07336501 0.1075975 -0.15431349
v 0.064012013 0.1174445 -0.1448525
v 0.064012013 0.1174445 -0.1448525
v 0.072856009 0.1206185 -0.1285675
v 0.072856009 0.1206185 -0.1285675
v 0.076251008 0.1115005 -0.1224655
v 0.076251008 0.1115005 -0.1224655
v 0.084492013 0.1157945 -0.11889049
v 0.088114008 0.1221125 -0.1247485
v 0.10011701 0.1267855 -0.1277625
v 0.10011701 0.1267855 -0.1277625
v 0.14252801 0.1273925 -0.1212455
v 0.13889301 0.12988649 -0.1072735
v 0.13889301 0.12988649 -0.1072735
v 0.23970601 0.1333985 -0.1244765
v 0.24401601 0.1341655 -0.1120865
v 0.27664801 0.1347775 -0.1226815
v 0.29126701 0.1307265 -0.1653385
v 0.27416 0.1248755 -0.1743255
v 0.256962 0.13102651 -0.1551865
v 0.30833802 0.12850951 -0.1402185
v 0.313407 0.1242305 -0.15579249
v 0.305361 0.13018049 -0.1241255
v 0.23190001 0.1266735 -0.1358975
v 0.46061301 0.1016155 -0.13025349
v 0.45821601 0.1017705 -0.12171549
v 0.469688 0.1026575 -0.1208465
v 0.47865802 0.098708503 -0.1183375
v 0.477512 0.096327499 -0.1252875
v 0.48676601 0.089815497 -0.12078749
v 0.486303 0.086544499 -0.12516849
v -0.60981598 0.1040665 -0.098196499
v -0.60981598 0.1040665 -0.098196499
v -0.60981598 0.1040665 -0.098196499
v -0.60984901 0.1004735 -0.0955735
v -0.60984901 0.1004735 -0.0955735
v -0.60984901 0.1004735 -0.0955735
v -0.60446098 0.1041905 -0.098747499
v -0.60446098 0.1041905 -0.098747499
v -0.60446098 0.1041905 -0.098747499
v -0.60191801 0.099609502 -0.095057495
v -0.60191801 0.099609502 -0.095057495
v -0.60191801 0.099609502 -0.095057495
v -0.75821397 0.1074615 -0.089940496
v -0.78133401 0.1078385 -0.080215499
v -0.73951802 0.1046965 -0.1007585
v -0.558018 0.1213715 -0.10428949
v -0.55240896 0.1111215 -0.11793949
v -0.54692999 0.1111385 -0.12287749
v -0.54692999 0.1111385 -0.12287749
v -0.54730001 0.1150765 -0.1195605
v -0.54730001 0.1150765 -0.1195605
v -0.538452 0.1247895 -0.1154385
v -0.54481396 0.1039675 -0.11785249
v -0.54682401 0.1048525 -0.12617749
v -0.54682401 0.1048525 -0.12617749
v -0.71211496 0.1121925 -0.066418499
v -0.70827201 0.1150495 -0.069889493
v -0.70827201 0.1150495 -0.069889493
v -0.70883498 0.1154415 -0.075593494
v -0.71293601 0.1162065 -0.071339495
v -0.702741 0.1237125 -0.073888496
v -0.702741 0.1237125 -0.073888496
v -0.59887502 0.1032105 -0.0891065
v -0.59887502 0.1032105 -0.0891065
v -0.59887502 0.1032105 -0.0891065
v -0.60485896 0.1079535 -0.090678498
v -0.60410199 0.1056285 -0.0961245
v -0.60410199 0.1056285 -0.0961245
v -0.601827 0.099695496 -0.088865496
v -0.601827 0.099695496 -0.088865496
v -0.61235496 0.1216835 -0.060744498
v -0.61235496 0.1216835 -0.060744498
v -0.61098799 0.1137345 -0.067178495
v -0.61098799 0.1137345 -0.067178495
v -0.61074498 0.1087355 -0.070309497
v -0.61074498 0.1087355 -0.070309497
v -0.61074498 0.1087355 -0.070309497
v -0.61021498 0.1169115 -0.080032498
v -0.61021498 0.1169115 -0.080032498
v -0.61021498 0.1169115 -0.080032498
v -0.60634199 0.1127415 -0.081345499
v -0.60634199 0.1127415 -0.081345499
v -0.60659799 0.1147085 -0.076422498
v -0.60663196 0.1169855 -0.072406493
v -0.61748096 0.1275705 -0.045772497
v -0.606114 0.1200655 -0.064780496
v -0.60565302 0.1072635 -0.073404498
v -0.60565302 0.1072635 -0.073404498
v -0.60375497 0.1057935 -0.077761494
v -0.60085097 0.1043775 -0.083029494
v -0.60085097 0.1043775 -0.083029494
v -0.60205302 0.1002815 -0.082127497
v -0.60205302 0.1002815 -0.082127497
v -0.61024699 0.1017495 -0.083791494
v -0.61024699 0.1017495 -0.083791494
v -0.60651401 0.1089675 -0.067756496
v -0.60651401 0.1089675 -0.067756496
v -0.60651401 0.1089675 -0.067756496
v -0.592316 0.1210745 -0.059990495
v -0.59164998 0.1267245 -0.075781494
v -0.58935496 0.12804151 -0.067255497
v -0.58935496 0.12804151 -0.067255497
v -0.59191397 0.1236405 -0.048808496
v -0.60543302 0.1219025 -0.053713497
v -0.58811501 0.1293125 -0.057969496
v 0.13100301 0.1282815 -0.0881835
v 0.13100301 0.1282815 -0.0881835
v 0.150267 0.13369749 -0.087228499
v 0.12746601 0.1156905 -0.087520495
v 0.12746601 0.1156905 -0.087520495
v 0.11476201 0.1192785 -0.1058015
v 0.11476201 0.1192785 -0.1058015
v 0.11589501 0.1124955 -0.087406494
v 0.11589501 0.1124955 -0.087406494
v 0.11180401 0.1227695 -0.12462249
v 0.11180401 0.1227695 -0.12462249
v 0.17030302 0.1098655 -0.10695349
v 0.17030302 0.1098655 -0.10695349
v 0.17023201 0.1120255 -0.096415497
v 0.17023201 0.1120255 -0.096415497
v 0.18140601 0.1265305 -0.094240494
v 0.15899701 0.1270555 -0.1221365
v 0.19047901 0.12860949 -0.0966295
v 0.18251102 0.1260535 -0.1095195
v 0.17459302 0.1234505 -0.1213445
v 0.168777 0.1262785 -0.084808499
v 0.168777 0.1262785 -0.084808499
v 0.17006901 0.1118935 -0.080333494
v -0.01805299 0.1331615 -0.0897085
v -0.04048299 0.1337485 -0.088198498
v -0.041870989 0.1337585 -0.067627497
v -0.03293699 0.1336375 -0.051019497
v -0.0073229889 0.13239349 -0.065331496
v 0.0047820113 0.13336051 -0.091268495
v 0.67125699 0.1092335 -0.1050835
v 0.67448899 0.1099635 -0.091269493
v 0.70078298 0.1127945 -0.089461498
v 0.68612 0.1106605 -0.1195805
v 0.66765103 0.1079645 -0.1132125
v 0.73216203 0.1159505 -0.1037715
v 0.73433802 0.1163705 -0.1209265
v 0.71012202 0.1134215 -0.1270715
v 0.69973502 0.1120355 -0.13168649
v 0.733138 0.1161565 -0.083361499
v -0.712387 0.1131405 -0.057809498
v -0.712387 0.1131405 -0.057809498
v -0.70112696 0.1256005 -0.062484495
v -0.55571398 0.1104665 -0.022795497
v -0.55238 0.1113225 -0.023900498
v -0.48345298 0.1221775 -0.046559498
v -0.48345298 0.1221775 -0.046559498
v -0.48110098 0.1153595 -0.060766496
v -0.48048598 0.1131355 -0.0698625
v -0.48048598 0.1131355 -0.0698625
v -0.48048598 0.1131355 -0.0698625
v -0.485457 0.1149625 -0.070659496
v -0.477754 0.1198835 -0.057580497
v -0.477754 0.1198835 -0.057580497
v -0.474868 0.1263065 -0.059103496
v -0.47360998 0.1327585 -0.059208497
v -0.06022599 0.1335825 -0.071044497
v 0.171165 0.1209815 -0.0046494966
v 0.16994801 0.1233915 -0.019602496
v 0.16799001 0.1303765 -0.022075497
v 0.16799001 0.1303765 -0.022075497
v 0.15619501 0.1334835 -0.022577496
v 0.16903101 0.1285315 -0.0061244969
v 0.17221601 0.1211155 0.0023575032
v 0.17001201 0.1279245 0.0030655032
v 0.17001201 0.1279245 0.0030655032
v 0.16728202 0.1330065 0.0025615031
v 0.18761601 0.13089851 -0.0024404968
v 0.18774101 0.1296145 -0.0060094967
v 0.18625601 0.1249895 -0.0036434969
v 0.18662801 0.1149365 -0.033837497
v 0.18215401 0.1087475 -0.032547496
v 0.18460602 0.1168135 -0.015973497
v 0.18575501 0.1220405 -0.006831497
v 0.18807201 0.1272935 -0.015338497
v 0.18798602 0.1224145 -0.034942497
v 0.16266201 0.1332545 -0.006932497
v 0.17765801 0.1160375 -0.0084104966
v 0.17492801 0.1170755 -0.0052954969
v 0.18140002 0.1179445 -0.0063264966
v -0.86929497 0.1224595 0.1926785
v -0.875824 0.1269435 0.1786195
v -0.85591796 0.1278425 0.20687151
v -0.855266 0.1213255 0.2004575
v 0.35578001 0.084255502 0.22924051
v 0.377222 0.081682503 0.2129415
v 0.37937 0.090398498 0.2117715
v 0.33413702 0.1052305 0.23510151
v 0.31972 0.089549497 0.25203949
v 0.33207202 0.083134502 0.25057849
v 0.38269302 0.098112501 0.2074035
v 0.35845101 0.1071935 0.21827051
v 0.34235302 0.1124475 0.22307551
v 0.330042 0.060700499 0.25324151
v 0.32567 0.043941502 0.25664949
v 0.33267102 0.042590499 0.2482495
v 0.34185201 0.0436465 0.2372095
v 0.34255302 0.061739501 0.23931551
v 0.338727 0.074338503 0.24545351
v 0.79475001 0.1182085 0.30861649
v 0.80798003 0.1236735 0.28464949
v -0.85372397 0.054635499 0.36296651
v -0.84345898 0.054868501 0.36445349
v -0.84646699 0.066201501 0.3637825
v -0.862326 0.069745503 0.36138251
v -0.867529 0.058984499 0.3605305
v -0.85516098 0.077562504 0.3620185
v 0.752404 0.046347499 0.6911675
v 0.77015999 0.044492498 0.69117352
v 0.76991501 0.060270499 0.69117853
v 0.74364802 0.071227498 0.6911315
v 0.73074403 0.056381501 0.69110849
v 0.75870302 0.080967501 0.69115248
v 0.84077904 0.080392502 0.69101849
v 0.84344503 0.062957503 0.69110051
v 0.86105904 0.066300496 0.69101152
v 0.86235902 0.088272497 0.69053552
v 0.84683701 0.097377501 0.69050148
v 0.87612101 0.076429501 0.69055352
v 0.88823798 0.060898501 0.69053248
v 0.90124699 0.067840502 0.68727651
v 0.88729402 0.085408501 0.68743053
v 0.87087503 0.099364497 0.68773147
v 0.87106404 0.0533005 0.69099352
v 0.87884203 0.037152499 0.6909785
v 0.89769998 0.042442501 0.6904715
v 0.84970799 0.048646498 0.69111148
v 0.85596201 0.033086501 0.69111148
v 0.859979 0.016746501 0.69110349
v 0.88377103 0.019095499 0.69097152
v 0.83147702 0.0476605 0.69113949
v 0.83542803 0.0314955 0.69113752
v 0.83811399 0.015772499 0.69113353
v 0.81717899 0.030771499 0.6911495
v 0.81863102 0.015320499 0.69114551
v 0.81926903 4.9984919e-07 0.69114152
v 0.83904698 4.9984919e-07 0.69113448
v 0.86144999 4.9984919e-07 0.69110551
v 0.88582 4.9984919e-07 0.69099548
v 0.91973802 4.9984919e-07 0.68701252
v 0.90436599 4.9984919e-07 0.69038948
v 0.91843799 0.023791499 0.68670949
v 0.90336999 0.021668499 0.69029948
v 0.91193798 0.0469785 0.68698052
v 0.93066499 0.0255295 0.67936352
v 0.923825 0.050765499 0.67954853
v 0.91193798 0.0737115 0.67977253
v 0.93128702 0.053047501 0.66723052
v 0.91916403 0.077664502 0.66797653
v 0.90262899 0.098663501 0.66888151
v 0.90262899 0.098663501 0.66888151
v 0.89642903 0.093183503 0.68028149
v 0.88285401 0.1155575 0.66975853
v 0.88285401 0.1155575 0.66975853
v 0.878117 0.1089695 0.68077353
v 0.86036798 0.12796549 0.6703625
v 0.86036798 0.12796549 0.6703625
v 0.85741499 0.1205515 0.6810725
v 0.85741499 0.1205515 0.6810725
v 0.85277399 0.1097415 0.68789348
v 0.83482602 0.12824249 0.68161449
v 0.83482602 0.12824249 0.68161449
v 0.83248803 0.1168455 0.68807951
v 0.82980099 0.1038745 0.6904715
v 0.80999103 0.1206995 0.6881465
v 0.80991998 0.1072975 0.69054052
v 0.80997398 0.090097502 0.69108149
v 0.82690701 0.086192504 0.69106051
v 0.81159201 0.066949502 0.69115451
v 0.827391 0.064990498 0.69113651
v 0.814827 0.047558501 0.69115248
v 0.79615501 0.066962503 0.69117448
v 0.799068 0.0469785 0.69116351
v 0.80012301 0.0304245 0.6911625
v 0.78424904 0.0455635 0.6911715
v 0.78361699 0.029972499 0.69117448
v 0.78260502 0.0148865 0.6911805
v 0.80048499 0.0150125 0.69116452
v 0.78236201 4.9984919e-07 0.69118753
v 0.800697 4.9984919e-07 0.69116649
v 0.94073102 4.9984919e-07 0.66724852
v 0.93229601 4.9984919e-07 0.67982247
v 0.93820903 0.026461501 0.66700152
v 0.94376299 4.9984919e-07 0.65196952
v 0.94376299 4.9984919e-07 0.65196952
v 0.940945 0.026749499 0.65201953
v 0.940945 0.026749499 0.65201953
v 0.93395802 0.053669501 0.65213647
v 0.94277701 0.0270555 0.6343675
v 0.92187199 0.0790755 0.65327653
v 0.90618703 0.1016505 0.63822153
v 0.904856 0.1006205 0.65468249
v 0.904856 0.1006205 0.65468249
v 0.88514903 0.1193425 0.63968948
v 0.88443699 0.1180705 0.65604451
v 0.86156198 0.1327205 0.64102849
v 0.86129501 0.1310485 0.6571115
v 0.83550003 0.14060549 0.64252552
v 0.83599201 0.13909049 0.65812048
v 0.83618799 0.13644549 0.67151448
v 0.80933401 0.1430435 0.65928653
v 0.810146 0.1406665 0.67240348
v 0.81028798 0.13238551 0.6821495
v 0.81028798 0.13238551 0.6821495
v 0.78296599 0.1407765 0.6728535
v 0.78465101 0.1325095 0.6824635
v 0.78465101 0.1325095 0.6824635
v 0.78676799 0.1208015 0.6883395
v 0.758643 0.1282195 0.68252048
v 0.76303199 0.1168935 0.68862548
v 0.76817802 0.1039395 0.6907635
v 0.788959 0.1073555 0.69066051
v 0.77470002 0.086886503 0.69116548
v 0.79192999 0.089991502 0.69113049
v 0.78178498 0.064545497 0.69118348
v 0.74840501 0.096004501 0.69082949
v 0.740419 0.1078435 0.68878451
v 0.71950099 0.093854502 0.68909851
v 0.73010799 0.083687499 0.69090548
v 0.702378 0.074021503 0.68933848
v 0.71474603 0.0662385 0.6908395
v 0.690424 0.050582498 0.68945351
v 0.70412901 0.0454445 0.69094649
v 0.722271 0.038976502 0.6911135
v 0.697772 0.0230985 0.69094053
v 0.71709403 0.019755499 0.69110051
v 0.74074301 0.016754501 0.69117048
v 0.74508598 0.032557499 0.69116548
v 0.76356104 0.0152815 0.69118449
v 0.766278 0.029957499 0.69117752
v 0.73933801 4.9984919e-07 0.69117752
v 0.76255599 4.9984919e-07 0.69119051
v 0.9456 4.9984919e-07 0.6340895
v 0.94658402 4.9984919e-07 0.61248448
v 0.94452301 0.0274575 0.61347553
v 0.94741604 4.9984919e-07 0.58873048
v 0.94586703 0.0278935 0.59036449
v 0.90853903 0.1040745 0.59749749
v 0.90733203 0.1027545 0.61945352
v 0.88680103 0.1221535 0.59888753
v 0.88592002 0.1206585 0.62092051
v 0.86173102 0.1350095 0.60007849
v 0.86160401 0.1339165 0.62211552
v 0.83458701 0.1426875 0.60105851
v 0.83497301 0.1416765 0.62345651
v 0.806398 0.14541949 0.60195848
v 0.80738702 0.1447935 0.62440851
v 0.808386 0.14399549 0.6440815
v 0.779102 0.1447285 0.62504348
v 0.78059402 0.14413451 0.64488748
v 0.78178099 0.14324351 0.66003451
v 0.75189504 0.1403145 0.6447815
v 0.75338402 0.13940249 0.66017148
v 0.75533 0.1362595 0.67298451
v 0.72534302 0.1290125 0.66006151
v 0.72821602 0.1261265 0.67316851
v 0.73350599 0.1183275 0.68272349
v 0.703208 0.1089755 0.67384449
v 0.68317804 0.0256395 0.68954751
v 0.68174103 4.9984919e-07 0.68991747
v 0.69513503 4.9984919e-07 0.69091448
v 0.71511504 4.9984919e-07 0.69112352
v 0.948226 4.9984919e-07 0.56494352
v 0.94734499 4.9984919e-07 0.54381552
v 0.94588199 0.029142499 0.54515448
v 0.94681004 0.0284795 0.56702152
v 0.90993002 0.1065325 0.5500305
v 0.90965304 0.1055725 0.57394353
v 0.88795003 0.1249135 0.55074152
v 0.88766101 0.1238215 0.57508352
v 0.86200103 0.1373935 0.55149952
v 0.86189601 0.1361255 0.57589951
v 0.833774 0.1446455 0.55213949
v 0.83421901 0.14370351 0.57662949
v 0.80432704 0.14755949 0.55267248
v 0.80538699 0.1462215 0.57732853
v 0.77379003 0.14698251 0.55328253
v 0.77565202 0.1458585 0.57795849
v 0.77739504 0.14530849 0.60262248
v 0.74535599 0.14163449 0.57887551
v 0.74778399 0.1412795 0.60341153
v 0.75005999 0.1408945 0.62571248
v 0.71934304 0.1304855 0.60442653
v 0.721674 0.1300575 0.62630448
v 0.72356501 0.1297145 0.64461651
v 0.69627801 0.1118245 0.62704453
v 0.69817498 0.1116035 0.64494249
v 0.70003101 0.1111125 0.66037551
v 0.67754903 0.087683499 0.64559552
v 0.67945102 0.087362498 0.66094849
v 0.92288104 4.9984919e-07 0.50414249
v 0.93688402 4.9984919e-07 0.52518651
v 0.91973904 0.026394499 0.50503752
v 0.93447903 0.0283195 0.52604952
v 0.91344503 0.051356498 0.50547352
v 0.874778 0.1082925 0.50614348
v 0.88244 0.1178975 0.52775553
v 0.853793 0.1206025 0.50667253
v 0.859117 0.1314535 0.52792647
v 0.829321 0.12904049 0.50739649
v 0.83215502 0.1396165 0.52860048
v 0.80207601 0.1327575 0.50780949
v 0.80310699 0.1431175 0.5291045
v 0.77382204 0.1315975 0.50810751
v 0.77308002 0.14206851 0.52965352
v 0.74662998 0.1250775 0.50802752
v 0.74381503 0.1361905 0.53005651
v 0.743211 0.1423455 0.55432448
v 0.716616 0.1243595 0.53008351
v 0.71436998 0.13101751 0.55511752
v 0.71670499 0.13083351 0.58008352
v 0.68870899 0.1127495 0.55564049
v 0.69137999 0.1123565 0.58094749
v 0.69399199 0.1120185 0.60526952
v 0.67052999 0.0879215 0.58132651
v 0.67322698 0.087826498 0.60576352
v 0.67560402 0.0877655 0.62756249
v 0.89815798 4.9984919e-07 0.4551315
v 0.90893701 4.9984919e-07 0.4807395
v 0.89382699 0.0232445 0.4561125
v 0.90524998 0.0244775 0.4815875
v 0.88711199 0.045975499 0.45706251
v 0.87399301 0.0818865 0.45699149
v 0.86135998 0.092724502 0.4580535
v 0.86711201 0.099163502 0.48282552
v 0.84551904 0.1023825 0.45864451
v 0.84892604 0.1106125 0.4832525
v 0.82532302 0.1103785 0.45895949
v 0.82656303 0.1186785 0.48392451
v 0.80177298 0.1144195 0.4590055
v 0.80153403 0.1224535 0.4842535
v 0.77694699 0.1131725 0.45876351
v 0.77527902 0.1211425 0.4842425
v 0.75286403 0.1069645 0.45825249
v 0.74995902 0.1148675 0.4837625
v 0.73123303 0.097392499 0.45752451
v 0.72709998 0.1040735 0.48313549
v 0.72213301 0.1134125 0.50757548
v 0.707656 0.0896485 0.48231849
v 0.70044604 0.097158499 0.50690249
v 0.69272301 0.1065085 0.52989349
v 0.66797802 0.087968498 0.55589548
v 0.88720801 4.9984919e-07 0.4015815
v 0.89132103 4.9984919e-07 0.4283585
v 0.88203201 0.023224499 0.4023245
v 0.88632503 0.022905501 0.42930451
v 0.87620899 0.046605501 0.40325549
v 0.868269 0.0798245 0.40499851
v 0.869706 0.079975501 0.4312875
v 0.85755602 0.089715503 0.40536949
v 0.85830602 0.090208501 0.43207249
v 0.844156 0.096750498 0.40536252
v 0.84395602 0.098024502 0.43245649
v 0.82725504 0.1033685 0.4051075
v 0.82563302 0.1052565 0.43254149
v 0.80510303 0.1079995 0.40458351
v 0.80307999 0.1096745 0.4323625
v 0.780938 0.1074335 0.40387651
v 0.77878401 0.1087795 0.43191952
v 0.75763801 0.1013905 0.40340751
v 0.75528601 0.1026035 0.43141851
v 0.73742601 0.092820503 0.40338451
v 0.73474702 0.094088502 0.43085051
v 0.72066602 0.080422498 0.4037725
v 0.72066602 0.080422498 0.4037725
v 0.71800503 0.0816385 0.43039551
v 0.71355 0.084612496 0.45658651
v 0.88834402 4.9984919e-07 0.34894451
v 0.88638702 4.9984919e-07 0.37503052
v 0.882875 0.0249385 0.3492215
v 0.88100001 0.0240175 0.3755855
v 0.87774703 0.049085502 0.35003549
v 0.87075499 0.082036503 0.35196552
v 0.86879703 0.080463499 0.3783505
v 0.86097398 0.092352502 0.35176352
v 0.858735 0.090623498 0.37832749
v 0.84784403 0.099740498 0.3509075
v 0.84564003 0.097454503 0.37792951
v 0.831588 0.1065825 0.3493855
v 0.82929 0.1040035 0.37725151
v 0.810559 0.1120285 0.34657851
v 0.807533 0.1089795 0.3760075
v 0.78715602 0.1119045 0.34238851
v 0.78351399 0.1085375 0.37458152
v 0.76292703 0.1058485 0.3405405
v 0.76002404 0.1023325 0.3740885
v 0.737331 0.0948845 0.3466205
v 0.73822901 0.093170501 0.37541249
v 0.71897903 0.082404502 0.3508065
v 0.72090903 0.080549501 0.37712249
v 0.72090903 0.080549501 0.37712249
v 0.70788303 0.061401501 0.35303849
v 0.70982 0.060631499 0.37851351
v 0.70954099 0.060670499 0.40465149
v 0.69684604 0.037966501 0.38004652
v 0.69680902 0.038087498 0.40560451
v 0.68600199 0.018599499 0.38122451
v 0.68089101 4.9984919e-07 0.3818365
v 0.678449 4.9984919e-07 0.35810849
v 0.87867901 0.089052498 0.30195349
v 0.87465504 0.085405499 0.32656151
v 0.868507 0.1005545 0.30216151
v 0.86416402 0.095835499 0.3262395
v 0.85537103 0.1090015 0.30130249
v 0.85095504 0.1037235 0.32513949
v 0.84054402 0.1158685 0.29863051
v 0.83509502 0.1109795 0.32267049
v 0.82482299 0.1210175 0.2928935
v 0.81604299 0.1168105 0.3172625
v 0.85140201 0.1211245 0.2754595
v 0.71425703 0.084138498 0.3255125
v 0.694796 0.038043499 0.35536751
v 0.683898 0.0183775 0.35717049
v 0.90811804 0.057589501 0.2475595
v 0.903083 0.080930501 0.25162849
v 0.89671901 0.097687498 0.25493652
v 0.88808802 0.1085785 0.2558175
v 0.87489304 0.1048325 0.27898949
v 0.863143 0.1141455 0.27824551
v 0.902814 0.1218275 0.2326615
v 0.93031701 0.030404501 0.2252765
v 0.943625 0.058185499 0.2054785
v 0.92665401 0.059114501 0.2238145
v 0.94086501 0.0834575 0.20614651
v 0.922245 0.083660498 0.2268945
v 0.93755803 0.1010045 0.2080685
v 0.91714701 0.1004025 0.2309245
v 0.93239501 0.1141235 0.2082485
v 0.91057399 0.1122555 0.2329815
v 0.924858 0.1237365 0.2069145
v 0.93910798 0.1119925 0.1784585
v 0.93248901 0.1217455 0.1767455
v 0.50560501 0.058631498 0.18249351
v 0.50618199 0.043362498 0.1824705
v 0.48724401 0.0583455 0.1808565
v 0.48735502 0.0430375 0.18060151
v 0.48770401 0.023937499 0.18052651
v 0.487939 4.9984919e-07 0.1805805
v 0.94770703 0.0274745 0.18561551
v 0.94756404 0.0564075 0.18286851
v 0.946942 0.082473502 0.1813605
v 0.94411001 0.1000555 0.18034251
v 0.504572 0.077257499 0.1819115
v 0.487111 0.0843255 0.1787495
v 0.487122 0.077118501 0.1806705
v 0.48715901 0.0688335 0.1808605
v 0.470341 0.077804498 0.1849875
v 0.469881 0.069022499 0.1851225
v 0.469578 0.0582995 0.1852475
v 0.45156902 0.068062499 0.1890835
v 0.45121101 0.057860501 0.1891855
v 0.450876 0.042885501 0.1892875
v 0.46941602 0.0429755 0.18530451
v 0.45061001 0.0235215 0.18938151
v 0.469511 0.0237075 0.1855375
v 0.450665 4.9984919e-07 0.1893685
v 0.46983901 4.9984919e-07 0.1857685
v 0.85415503 0.12625951 0.022668503
v 0.82675901 0.1249585 0.021135503
v 0.79704103 0.1232805 0.017867504
v 0.76643804 0.1211965 0.013379503
v 0.48690403 0.088776499 0.17302451
v 0.46989402 0.092170499 0.17750651
v 0.470357 0.0858735 0.1824955
v 0.45100802 0.0912835 0.1817885
v 0.45169502 0.0853545 0.1871905
v 0.451828 0.077031501 0.18878751
v 0.43293202 0.082908496 0.1903885
v 0.432982 0.075423501 0.1923175
v 0.43260702 0.067272499 0.19276351
v 0.41511202 0.076573499 0.1968215
v 0.414157 0.068930499 0.1974525
v 0.413073 0.059696499 0.19787051
v 0.43215701 0.057991501 0.1929535
v 0.41166902 0.044285499 0.1982325
v 0.431508 0.0431065 0.19309551
v 0.41055202 0.023520499 0.1984365
v 0.430859 0.023302499 0.1932445
v 0.41017202 4.9984919e-07 0.1980575
v 0.43058702 4.9984919e-07 0.1932375
v 0.85414299 0.1264825 -0.031759497
v 0.85445198 0.1263655 -0.0047114966
v 0.82797602 0.1254735 -0.030765496
v 0.82765701 0.1252135 -0.0049214968
v 0.79868904 0.1236795 -0.031576497
v 0.79816404 0.1234615 -0.006963497
v 0.767652 0.1209955 -0.034545496
v 0.76734301 0.1211415 -0.010809497
v 0.73600098 0.1168045 -0.039212495
v 0.73613402 0.1170225 -0.015631497
v 0.70483604 0.1134205 -0.044699498
v 0.675199 0.1103835 -0.0012794968
v 0.64631 0.1058805 -0.029566497
v 0.645376 0.1059015 -0.0050514969
v 0.64389101 0.1059075 0.019313503
v 0.61493 0.1023015 -0.0081574968
v 0.613736 0.1024575 0.016539503
v 0.61195502 0.1024765 0.040855505
v 0.58345398 0.098215498 0.014566503
v 0.582436 0.098275498 0.039283503
v 0.58106801 0.098245502 0.063825503
v 0.55221298 0.096425503 0.038698502
v 0.55211899 0.096554503 0.063682504
v 0.432354 0.088850498 0.1858715
v 0.41527402 0.088641502 0.1902345
v 0.41568401 0.083596498 0.1952315
v 0.400244 0.092531502 0.1946805
v 0.39977702 0.088208497 0.1994185
v 0.39830902 0.0816985 0.2022455
v 0.39632401 0.074194498 0.2035455
v 0.374733 0.067383498 0.21356051
v 0.39413902 0.063909501 0.2043055
v 0.37266102 0.0474535 0.21383551
v 0.39179602 0.046232499 0.20488751
v 0.37164801 0.0242525 0.2138655
v 0.390652 0.0240355 0.20517151
v 0.371342 4.9984919e-07 0.2138335
v 0.39017901 4.9984919e-07 0.2052215
v 0.91481099 0.1031225 -0.096985497
v 0.91128799 0.1137585 -0.096019499
v 0.90578499 0.1234265 -0.094585493
v 0.87068799 0.12700351 -0.088078499
v 0.873225 0.1270815 -0.060969498
v 0.851769 0.12655351 -0.084710494
v 0.853268 0.12654351 -0.058414496
v 0.82761702 0.1258425 -0.081276499
v 0.82807103 0.1257375 -0.056130499
v 0.79865304 0.1241685 -0.079163499
v 0.79880503 0.1239045 -0.055684496
v 0.76689902 0.1209755 -0.079813495
v 0.76746401 0.1209915 -0.057637498
v 0.73507503 0.1165435 -0.061906498
v 0.70355204 0.1131855 -0.067889497
v 0.67568299 0.1101825 -0.072189495
v 0.64599898 0.1053195 -0.091334499
v 0.646391 0.1055625 -0.0745885
v 0.64662501 0.1057725 -0.053207498
v 0.61637601 0.1017695 -0.076908499
v 0.61614802 0.1019765 -0.056283496
v 0.61568901 0.1021755 -0.032913499
v 0.58521304 0.098182499 -0.058920495
v 0.58471802 0.098199502 -0.035537496
v 0.584169 0.098196499 -0.010491497
v 0.55224803 0.095980503 -0.036994498
v 0.55192199 0.096099503 -0.011736496
v 0.55188999 0.096265502 0.013611503
v 0.51980999 0.092775501 -0.011900497
v 0.520192 0.092873499 0.013622503
v 0.52110299 0.093050502 0.038959503
v 0.49698302 0.090889499 0.014069503
v 0.49738002 0.0907555 0.039569505
v 0.48363101 0.092270501 0.040209502
v 0.384536 0.1029285 0.2017325
v 0.36216301 0.1120505 0.2109075
v 0.34877402 0.1221095 0.2073455
v 0.34595102 0.1174535 0.21531551
v 0.33624002 0.1275765 0.2093955
v 0.332636 0.1228435 0.2170485
v 0.327663 0.1174625 0.2254345
v 0.31893402 0.1085545 0.2367115
v 0.30720702 0.092512503 0.24970251
v 0.31006801 0.069546498 0.26065251
v 0.30528802 0.047844499 0.26251751
v 0.316084 0.045913499 0.26160851
v 0.32139102 0.065741502 0.25899652
v 0.30300802 0.024480499 0.26299751
v 0.313537 0.023758499 0.26215249
v 0.32262701 0.023132499 0.25727251
v 0.31289402 4.9984919e-07 0.26216751
v 0.32182202 4.9984919e-07 0.25716951
v 0.328612 4.9984919e-07 0.24958849
v 0.32961702 0.0228815 0.24961549
v 0.337908 4.9984919e-07 0.2379785
v 0.33910802 0.0231885 0.2379325
v 0.35381302 0.023814499 0.2243965
v 0.35512701 0.046563499 0.22497651
v 0.353174 4.9984919e-07 0.22415851
v 0.908815 0.1001265 -0.1260415
v 0.898222 0.1074975 -0.15356049
v 0.90599599 0.1111755 -0.12511849
v 0.89411399 0.1185425 -0.15212649
v 0.90087202 0.1211615 -0.1236225
v 0.88567904 0.1258285 -0.1492105
v 0.87404004 0.1269035 -0.1450845
v 0.88036802 0.12707651 -0.1182095
v 0.86109599 0.12684751 -0.1406295
v 0.86649004 0.1269065 -0.1146165
v 0.844785 0.1266185 -0.13571149
v 0.84901199 0.12654451 -0.1104975
v 0.824433 0.1263205 -0.1303345
v 0.82659802 0.12597249 -0.1059365
v 0.797066 0.1258435 -0.1242745
v 0.79817304 0.1247505 -0.1019435
v 0.76652101 0.1220955 -0.1209735
v 0.76628903 0.1211885 -0.1010345
v 0.79498199 0.1268805 -0.14670649
v 0.73849699 0.1180905 -0.14092849
v 0.70779404 0.1129855 -0.1467915
v 0.70126 0.1096565 -0.1641375
v 0.69906399 0.1099385 -0.1495205
v 0.69906399 0.1099385 -0.1495205
v 0.692682 0.1098835 -0.13580249
v 0.692682 0.1098835 -0.13580249
v 0.69249901 0.1022145 -0.15072949
v 0.68788901 0.1026345 -0.13924649
v 0.67855003 0.1017405 -0.1310335
v 0.67855003 0.1017405 -0.1310335
v 0.68092999 0.1086605 -0.12609449
v 0.68092999 0.1086605 -0.12609449
v 0.66339204 0.099845499 -0.1286985
v 0.66497901 0.1056135 -0.12168749
v 0.64412203 0.0973965 -0.1277975
v 0.64409199 0.1032575 -0.1211945
v 0.64475402 0.1045255 -0.1119895
v 0.61767998 0.1000715 -0.1220345
v 0.61739799 0.1014245 -0.11317249
v 0.61715302 0.1016625 -0.1039855
v 0.64576903 0.1050795 -0.1027955
v 0.61663201 0.1017165 -0.092671499
v 0.58644798 0.097964503 -0.10512049
v 0.58607301 0.098081499 -0.0946595
v 0.58565 0.098156497 -0.078675494
v 0.55367002 0.095880501 -0.094615497
v 0.55301604 0.095911503 -0.079094499
v 0.55253801 0.095928498 -0.060225498
v 0.52109304 0.092641503 -0.078619495
v 0.52026603 0.092635497 -0.060243499
v 0.51983199 0.092688501 -0.037246495
v 0.49768302 0.090671502 -0.060245495
v 0.49692401 0.090750501 -0.036957499
v 0.49682403 0.090753503 -0.011599497
v 0.48468801 0.092098497 -0.036558498
v 0.484382 0.0921335 -0.011265497
v 0.48402101 0.092253499 0.014540503
v 0.47869301 0.099632502 -0.010861496
v 0.477779 0.099710502 0.015059503
v 0.47691402 0.099901497 0.040948503
v 0.467673 0.1018035 0.015449503
v 0.46570301 0.1006345 0.041433502
v 0.302497 4.9984919e-07 0.26310849
v 0.87795898 0.1007445 -0.2073935
v 0.88898298 0.1039375 -0.18105149
v 0.87508401 0.1131545 -0.20553149
v 0.88549402 0.1156595 -0.1792675
v 0.86977902 0.1239155 -0.2026235
v 0.87819299 0.1246415 -0.17603549
v 0.83931801 0.1268535 -0.1606195
v 0.82073 0.1268335 -0.15441349
v 0.70139304 0.1100415 -0.1808075
v 0.694747 0.1010935 -0.1642345
v 0.618489 0.0939615 -0.1278705
v 0.58829299 0.090945497 -0.12929849
v 0.58735499 0.096323498 -0.12320349
v 0.556227 0.089204498 -0.12885749
v 0.555208 0.094767503 -0.12343349
v 0.55482301 0.0956055 -0.11474749
v 0.58684 0.097634502 -0.11446249
v 0.55446401 0.095819503 -0.1055335
v 0.52480099 0.0926385 -0.11297549
v 0.52386704 0.092775501 -0.1043255
v 0.522176 0.092708498 -0.093758494
v 0.50035599 0.090308502 -0.1048535
v 0.499163 0.090451501 -0.093902498
v 0.498431 0.090547502 -0.078930497
v 0.485589 0.091897503 -0.095035493
v 0.48533303 0.091854498 -0.079680495
v 0.48511001 0.091953501 -0.060099497
v 0.47937202 0.0994775 -0.080154493
v 0.47936201 0.099554501 -0.059897497
v 0.47909501 0.099613503 -0.036175497
v 0.47002402 0.1030025 -0.059817497
v 0.46952501 0.1027105 -0.035868496
v 0.469046 0.1023075 -0.010554497
v 0.45809802 0.1010175 -0.035746496
v 0.45724303 0.1004665 -0.010278497
v 0.45524001 0.0996975 0.015736504
v 0.43846902 0.097958498 -0.0097124968
v 0.435855 0.097314499 0.016367503
v 0.43180001 0.096535496 0.042896502
v 0.411661 0.095235497 0.017912503
v 0.86555502 0.0973875 -0.2324705
v 0.849444 0.1084065 -0.25433651
v 0.86279401 0.1106765 -0.2305955
v 0.846109 0.1202405 -0.2520645
v 0.85874203 0.1221975 -0.2281975
v 0.528312 0.077986501 -0.1287895
v 0.52658901 0.086063497 -0.12709349
v 0.52658901 0.086063497 -0.12709349
v 0.50446799 0.077924497 -0.12696549
v 0.503939 0.0842935 -0.1246165
v 0.503939 0.0842935 -0.1246165
v 0.50295302 0.088234499 -0.11945949
v 0.52538201 0.091537498 -0.1212205
v 0.50169602 0.089859501 -0.1127695
v 0.48639601 0.091801502 -0.11465149
v 0.48598301 0.0924915 -0.1065145
v 0.47893602 0.099461503 -0.10891449
v 0.47902602 0.099421501 -0.096254498
v 0.469933 0.1029585 -0.11051749
v 0.47018 0.1030575 -0.0970245
v 0.47029802 0.1031005 -0.080439501
v 0.45872402 0.1019345 -0.0976175
v 0.45924503 0.1018845 -0.080760494
v 0.45885003 0.1015385 -0.059957497
v 0.44110501 0.0984575 -0.0812805
v 0.441046 0.098490499 -0.059962496
v 0.44026801 0.098329499 -0.035427496
v 0.41553003 0.095756501 -0.058576498
v 0.41534102 0.095681503 -0.033827499
v 0.41379201 0.095547497 -0.008216497
v 0.389393 0.1024125 -0.030826496
v 0.389575 0.1031175 -0.0056984969
v 0.38933 0.1036485 0.020030504
v 0.363372 0.1146085 -0.0030134968
v 0.33441702 0.1260515 0.025120502
v 0.333058 0.1246645 -0.00029949681
v 0.302773 0.1345765 0.0034485031
v 0.33180901 0.1233565 -0.025892496
v 0.30311 0.1336135 -0.023098497
v 0.274387 0.13511249 -0.020020496
v 0.27125001 0.13510551 0.0061715031
v 0.24491601 0.13491049 -0.018166497
v 0.23943602 0.1349865 0.0049675032
v 0.22097401 0.1348215 -0.018067496
v 0.24834602 0.1348625 -0.042637497
v 0.22556601 0.1347405 -0.039968498
v 0.21142201 0.1343575 -0.038589496
v 0.20674701 0.1343165 -0.018140497
v 0.20241301 0.1339485 -0.037497498
v 0.19809902 0.1338065 -0.017275497
v 0.19377801 0.1333385 -0.036084495
v 0.19181401 0.13319451 -0.017317496
v 0.19181401 0.13319451 -0.017317496
v 0.18873802 0.1292405 -0.035744496
v 0.18873802 0.1292405 -0.035744496
v 0.18844701 0.1305795 -0.016127497
v 0.19334601 0.1331725 -0.057153497
v 0.18809901 0.12641551 -0.056581497
v 0.18809901 0.12641551 -0.056581497
v 0.18742502 0.1174935 -0.056345496
v 0.18715701 0.1138665 -0.076360494
v 0.18601902 0.1027855 -0.074644499
v 0.18458901 0.1074005 -0.055338498
v 0.18443801 0.1226505 -0.075946495
v 0.18752602 0.1096555 -0.0936305
v 0.18849701 0.1305175 -0.076574497
v 0.19816701 0.13330451 -0.079134494
v 0.20282501 0.1337505 -0.058564495
v 0.21270502 0.13413949 -0.060301498
v 0.20870201 0.1336295 -0.081701495
v 0.22409602 0.1340715 -0.0855335
v 0.217847 0.1330995 -0.1031895
v 0.201193 0.1317865 -0.099568494
v 0.22685902 0.1345005 -0.063011497
v 0.24955001 0.1347665 -0.068005495
v 0.24827801 0.13454451 -0.092536494
v 0.27749601 0.1348515 -0.1000285
v 0.27746001 0.1349895 -0.073671497
v 0.30347401 0.1317165 -0.0770275
v 0.30362102 0.13115551 -0.1028675
v 0.27630702 0.1350725 -0.046586499
v 0.303498 0.1326185 -0.049953498
v 0.33052 0.1221385 -0.051944498
v 0.33013201 0.1208615 -0.077591494
v 0.359449 0.1105695 -0.076962493
v 0.359954 0.1087265 -0.097945496
v 0.33116901 0.1191865 -0.1010915
v 0.36034203 0.1119685 -0.052993495
v 0.388704 0.1017255 -0.055257495
v 0.38769102 0.1005465 -0.077731498
v 0.36181301 0.1132555 -0.028163496
v 0.41499802 0.095475502 -0.080192499
v 0.41497901 0.095111497 -0.097985499
v 0.38757902 0.098996498 -0.096467495
v 0.41502902 0.094814502 -0.1118195
v 0.38855901 0.097360499 -0.1119535
v 0.36186701 0.1065715 -0.1144915
v 0.390082 0.095944501 -0.12261949
v 0.36466402 0.1045405 -0.12665449
v 0.33655801 0.1148755 -0.1350425
v 0.33341902 0.1173225 -0.1198845
v 0.367616 0.1022105 -0.1362325
v 0.340736 0.1117145 -0.14610749
v 0.36988601 0.097699501 -0.1447805
v 0.34452301 0.1070035 -0.15522949
v 0.34452301 0.1070035 -0.15522949
v 0.31833902 0.1152855 -0.1674525
v 0.31833902 0.1152855 -0.1674525
v 0.34616402 0.097960502 -0.1615015
v 0.32255 0.1042555 -0.17500649
v 0.30490702 0.1045625 -0.1873595
v 0.29888901 0.1175115 -0.1785555
v 0.29888901 0.1175115 -0.1785555
v 0.29117101 0.1019065 -0.19698049
v 0.29117101 0.1019065 -0.19698049
v 0.284087 0.1140745 -0.18754549
v 0.284087 0.1140745 -0.18754549
v 0.26272801 0.1150105 -0.1816885
v 0.26272801 0.1150105 -0.1816885
v 0.25320002 0.1033995 -0.18752649
v 0.24103001 0.1067585 -0.1708115
v 0.24760601 0.1201985 -0.1635665
v 0.24760601 0.1201985 -0.1635665
v 0.22469202 0.1057825 -0.15567049
v 0.22469202 0.1057825 -0.15567049
v 0.22760001 0.1175205 -0.1457435
v 0.22760001 0.1175205 -0.1457435
v 0.20530801 0.1071425 -0.1490905
v 0.20530801 0.1071425 -0.1490905
v 0.20559901 0.1172415 -0.1378175
v 0.20837401 0.1240105 -0.1266865
v 0.18678302 0.1170735 -0.1344175
v 0.190455 0.1236075 -0.1231175
v 0.19510601 0.12750749 -0.1120405
v 0.21325901 0.1290555 -0.1152105
v 0.16738102 0.1186115 -0.13459849
v 0.18518001 0.1077085 -0.1456255
v 0.16243801 0.1110115 -0.1466005
v 0.18538901 0.093828499 -0.1570475
v 0.091729008 0.096016496 -0.16393049
v 0.070838012 0.095758498 -0.1651115
v -0.033999987 0.076616503 -0.1819745
v -0.032567989 0.095308498 -0.1756835
v -0.026578989 0.1097685 -0.1649185
v -0.026578989 0.1097685 -0.1649185
v -0.0032799887 0.1088695 -0.1664395
v -0.04781799 0.074706502 -0.1817075
v -0.04347799 0.0921745 -0.1710265
v -0.041640989 0.1064505 -0.16008049
v -0.041640989 0.1064505 -0.16008049
v -0.04837599 0.1148265 -0.1425475
v -0.037333988 0.1192415 -0.1480065
v -0.017767988 0.1204595 -0.15088549
v -0.026769988 0.1272815 -0.1298265
v -0.0051399888 0.1265845 -0.13209949
v 0.014307011 0.1261245 -0.13398549
v 0.0047460115 0.1190355 -0.1525625
v 0.026612012 0.1187645 -0.1330265
v 0.021338012 0.1305915 -0.11337949
v 0.039723013 0.1255935 -0.1113545
v 0.03449101 0.1141485 -0.12918049
v 0.054664012 0.1307665 -0.11103249
v 0.044115011 0.1248375 -0.13219149
v 0.07021901 0.1276785 -0.1092585
v 0.07021901 0.1276785 -0.1092585
v 0.05922401 0.12573449 -0.1319385
v 0.07594201 0.1170645 -0.10630549
v 0.07594201 0.1170645 -0.10630549
v 0.07594201 0.1170645 -0.10630549
v 0.074289009 0.1250395 -0.087359495
v 0.074289009 0.1250395 -0.087359495
v 0.081863008 0.1165345 -0.084843494
v 0.081863008 0.1165345 -0.084843494
v 0.086334012 0.1243175 -0.087381497
v 0.086334012 0.1243175 -0.087381497
v 0.083992012 0.1133325 -0.1059925
v 0.083992012 0.1133325 -0.1059925
v 0.083992012 0.1133325 -0.1059925
v 0.095653012 0.13353249 -0.088310495
v 0.095653012 0.13353249 -0.088310495
v 0.08770901 0.1237875 -0.1077685
v 0.08770901 0.1237875 -0.1077685
v 0.10659401 0.1333255 -0.088469498
v 0.10659401 0.1333255 -0.088469498
v 0.097617008 0.13298149 -0.1088215
v 0.11492901 0.1226855 -0.088244498
v 0.11492901 0.1226855 -0.088244498
v 0.11492901 0.1226855 -0.088244498
v 0.11076701 0.13017251 -0.1088175
v 0.11076701 0.13017251 -0.1088175
v 0.11530101 0.1237875 -0.066111498
v 0.11530101 0.1237875 -0.066111498
v 0.11530101 0.1237875 -0.066111498
v 0.11612601 0.1149725 -0.065318495
v 0.11612601 0.1149725 -0.065318495
v 0.12821302 0.1154065 -0.065630496
v 0.12829001 0.1197485 -0.043129496
v 0.13463201 0.1287775 -0.042449497
v 0.15033101 0.13368849 -0.042444497
v 0.13099901 0.12696549 -0.065911494
v 0.16264701 0.13332149 -0.041184496
v 0.16264701 0.13332149 -0.041184496
v 0.14687501 0.1337785 -0.064947493
v 0.169796 0.1219055 -0.038471498
v 0.169796 0.1219055 -0.038471498
v 0.16196901 0.1333915 -0.063258499
v 0.16196901 0.1333915 -0.063258499
v 0.17044002 0.1121745 -0.035390496
v 0.17015801 0.1194875 -0.060862496
v 0.17015801 0.1194875 -0.060862496
v 0.17573401 0.1060185 -0.032937497
v 0.17014101 0.1075555 -0.057279497
v 0.17789102 0.1008855 -0.054883495
v 0.17548001 0.098695502 -0.075845495
v 0.17548001 0.098695502 -0.075845495
v 0.17055601 0.099388503 -0.092130497
v 0.17055601 0.099388503 -0.092130497
v 0.18267001 0.098965503 -0.091543496
v 0.18267001 0.098965503 -0.091543496
v 0.17943302 0.0952195 -0.1064085
v 0.17943302 0.0952195 -0.1064085
v 0.16983101 0.098614499 -0.1056345
v 0.16983101 0.098614499 -0.1056345
v 0.18525001 0.1045705 -0.1089275
v 0.17555201 0.093263499 -0.1183365
v 0.16935101 0.0970525 -0.1183375
v 0.16935101 0.0970525 -0.1183375
v 0.17586002 0.1111295 -0.015108497
v 0.17115301 0.1164045 -0.017303497
v 0.14518902 0.1333295 -0.023127496
v 0.11586001 0.1167455 -0.042125497
v 0.11586001 0.1167455 -0.042125497
v 0.11467301 0.1237735 -0.043583497
v 0.11467301 0.1237735 -0.043583497
v 0.12579001 0.1219055 -0.022029497
v 0.11447601 0.1260985 -0.024654496
v 0.13235301 0.1303415 -0.0063854968
v 0.10892801 0.13314851 -0.026874498
v 0.10892801 0.13314851 -0.026874498
v 0.12233801 0.1316925 -0.0085524973
v 0.097771011 0.1337125 -0.026868496
v 0.82041302 0.1067895 -0.29875949
v 0.83530799 0.1071005 -0.27691549
v 0.81783703 0.1183935 -0.2965875
v 0.83226499 0.1188595 -0.2747145
v 0.811775 0.12717751 -0.29207349
v 0.82516399 0.1274175 -0.26978651
v 0.417045 0.0886475 -0.1382505
v 0.444599 0.0917935 -0.13855749
v 0.41601101 0.093780503 -0.1308105
v 0.44102502 0.096853502 -0.13129349
v 0.41550401 0.094520502 -0.1216805
v 0.44008902 0.0976125 -0.1216975
v 0.43998402 0.097958498 -0.1115435
v 0.458211 0.1019485 -0.1111045
v 0.44057 0.098250501 -0.098848499
v 0.391588 0.094143502 -0.1311345
v 0.39276701 0.090016499 -0.1383315
v 0.27088901 0.048600499 -0.20221549
v 0.26953602 0.067875497 -0.2066455
v 0.259965 0.0494195 -0.1978125
v 0.25819701 0.069460496 -0.2011895
v 0.25074202 0.051861499 -0.18985949
v 0.24877702 0.072113499 -0.1909315
v 0.24827601 0.088829502 -0.19035849
v 0.238359 0.073676497 -0.17835949
v 0.23768701 0.091321498 -0.1758915
v 0.22393501 0.073525503 -0.1680515
v 0.22305501 0.091422498 -0.16385649
v 0.20568001 0.073484503 -0.16383649
v 0.20496301 0.092375502 -0.1586325
v 0.20496301 0.092375502 -0.1586325
v 0.22704801 0.0511945 -0.1700215
v 0.20748501 0.050476499 -0.1654125
v 0.20913301 0.025425499 -0.1656435
v -0.059626989 0.025742499 -0.18872149
v -0.094603986 0.0966895 -0.1785135
v -0.044581987 0.1269155 -0.12778249
v -0.060947988 0.1333275 -0.1054095
v -0.04164499 0.13280649 -0.1072135
v -0.01878099 0.13280851 -0.10838249
v 0.0042990111 0.1321425 -0.1113655
v 0.021457011 0.13311949 -0.091457494
v 0.015843011 0.1336405 -0.068558499
v 0.029213011 0.1288145 -0.068790495
v 0.029647011 0.1222345 -0.089849494
v 0.031277012 0.1185545 -0.067252494
v 0.037618011 0.1285235 -0.066801496
v 0.035686012 0.1224575 -0.089158498
v 0.052526012 0.13329449 -0.066810496
v 0.04647401 0.13250449 -0.0888445
v 0.06811101 0.1317585 -0.066962495
v 0.06185301 0.1328015 -0.088567495
v 0.076673009 0.1246215 -0.065951496
v 0.073839009 0.1298555 -0.046330497
v 0.086006008 0.1307555 -0.046707496
v 0.09760201 0.13351551 -0.046714496
v 0.086606011 0.12791149 -0.066303499
v 0.10786601 0.1332365 -0.046213496
v 0.097038008 0.1335385 -0.066883497
v 0.10753001 0.1333335 -0.0665415
v 0.10753001 0.1333335 -0.0665415
v 0.05965801 0.1332265 -0.046961498
v 0.17336801 0.078075498 0.1886275
v 0.19293301 0.079281501 0.18929051
v 0.17435001 0.063910499 0.1931735
v 0.19429901 0.065667503 0.1929335
v 0.17553401 0.0464665 0.1946525
v 0.19620401 0.047728501 0.1933195
v 0.17634901 0.0243585 0.1945945
v 0.19757901 0.0249545 0.19371751
v 0.17663901 4.9984919e-07 0.19454551
v 0.19779901 4.9984919e-07 0.19423251
v -0.070273988 4.9984919e-07 -0.1824365
v -0.05965399 4.9984919e-07 -0.1886075
v -0.070263989 0.0254995 -0.1870255
v -0.10227999 4.9984919e-07 -0.18868549
v -0.10151499 0.025509499 -0.18879649
v -0.09983699 0.050832499 -0.18908149
v -0.081792988 0.050809499 -0.18960249
v -0.12500998 4.9984919e-07 -0.1909305
v -0.12479899 0.0258235 -0.1905105
v -0.12478199 0.051207501 -0.18956749
v -0.12431499 0.075733498 -0.18685649
v -0.096974991 0.075434498 -0.1871855
v -0.15125299 0.0260335 -0.19064049
v -0.15250899 0.051581498 -0.18898049
v -0.15522599 0.075876497 -0.1862095
v -0.15793198 0.096667498 -0.1767045
v -0.12449899 0.096593499 -0.1777395
v -0.17887399 0.0521615 -0.1911995
v -0.18415499 0.076818503 -0.18898049
v -0.189735 0.098482497 -0.17894749
v -0.19186498 0.1150645 -0.1643465
v -0.15897098 0.1135215 -0.1632455
v -0.20964399 0.076466501 -0.18831949
v -0.21414499 0.097565502 -0.1778855
v -0.22651999 0.091110498 -0.1683995
v -0.22652499 0.1043855 -0.15518349
v -0.22652599 0.1153795 -0.1406685
v -0.060690988 0.1337975 -0.087120496
v 0.0057360111 0.1341285 -0.042762496
v 0.031291012 0.1298355 -0.045582496
v 0.043907013 0.13325951 -0.047028497
v 0.13355902 0.0752865 0.1893535
v 0.15357101 0.076552503 0.1884875
v 0.13414301 0.0616435 0.1932345
v 0.15418401 0.062441498 0.1934645
v 0.13426001 0.045762502 0.1934955
v 0.15452601 0.045613501 0.1944695
v 0.13438001 0.024183501 0.1932275
v 0.15503602 0.0240655 0.1945945
v 0.13454901 4.9984919e-07 0.1933445
v 0.15532102 4.9984919e-07 0.19466551
v -0.150861 4.9984919e-07 -0.19099949
v -0.17542198 4.9984919e-07 -0.1932475
v -0.17617899 0.026275501 -0.1925045
v -0.19793598 4.9984919e-07 -0.1917195
v -0.19888099 0.025997499 -0.19127649
v -0.20257699 0.0517965 -0.1905455
v -0.21930999 0.0256205 -0.19041349
v -0.22193299 0.0508455 -0.1890415
v -0.226524 0.0730915 -0.17996649
v -0.23755398 0.050681502 -0.1893785
v -0.23773699 0.075545497 -0.1862275
v -0.23682199 0.097372502 -0.17730549
v -0.25570899 0.075506501 -0.18706849
v -0.255557 0.097634502 -0.1781195
v -0.23568499 0.1140865 -0.16322249
v -0.23810498 0.1264385 -0.14480549
v 0.024106011 0.084880501 0.2064195
v 0.047672011 0.084843501 0.19933851
v 0.049661011 0.076258503 0.20969151
v 0.072043009 0.076119497 0.2031455
v 0.092680015 0.074732497 0.1963875
v 0.071890011 0.062586501 0.2068025
v 0.093281008 0.061896499 0.20147951
v 0.11370501 0.0616225 0.1959655
v 0.11317301 0.075209498 0.1923885
v 0.092821009 0.046889499 0.2024415
v 0.11356301 0.0464155 0.19618851
v 0.09228801 0.0249705 0.20208651
v 0.11331301 0.024455501 0.19614451
v 0.092119008 4.9984919e-07 0.2022585
v 0.11334801 4.9984919e-07 0.19606951
v -0.21872799 4.9984919e-07 -0.1909415
v -0.23842698 4.9984919e-07 -0.1906025
v -0.23809899 0.0253505 -0.1903045
v -0.25923699 4.9984919e-07 -0.1899735
v -0.25873399 0.0252345 -0.18979549
v -0.25753498 0.0505745 -0.1892305
v -0.28092998 0.025238499 -0.1903435
v -0.28059599 0.050603501 -0.1898275
v -0.28060099 0.075614497 -0.1884235
v -0.28173098 0.097366497 -0.1788265
v -0.304555 0.0504985 -0.1887925
v -0.30755398 0.074780501 -0.18608449
v -0.31195098 0.0961385 -0.17728549
v -0.331002 0.0749145 -0.1845015
v -0.33765098 0.0950495 -0.1753885
v -0.36182499 0.099987499 -0.15716049
v -0.362066 0.089925498 -0.1691895
v -0.37135699 0.093041502 -0.17384049
v -0.36792299 0.1060625 -0.1622265
v -0.38982198 0.093287498 -0.1743165
v -0.38982198 0.093287498 -0.1743165
v -0.38544899 0.1077145 -0.1642935
v -0.41527298 0.092933498 -0.1724565
v -0.43372798 0.1055945 -0.1605525
v -0.465765 0.13024449 -0.11051349
v -0.47034499 0.13287251 -0.091020495
v -0.471984 0.13288251 -0.074281499
v -0.471259 0.1234785 -0.1096765
v -0.47284698 0.1251765 -0.0911685
v -0.47387698 0.1251805 -0.072998494
v -0.47420099 0.1167575 -0.089661494
v -0.47535598 0.1176825 -0.071537495
v -0.47535598 0.1176825 -0.071537495
v -0.47707298 0.1092225 -0.087598495
v -0.47707298 0.1092225 -0.087598495
v -0.473407 0.1148615 -0.10783549
v -0.47538498 0.1066855 -0.1057215
v -0.47538498 0.1066855 -0.1057215
v -0.48166499 0.1024455 -0.10451049
v -0.484927 0.1092225 -0.0876645
v -0.025110988 0.074655503 0.2275645
v 0.00089601125 0.076409496 0.22392951
v 0.025961012 0.076378502 0.2170465
v 0.025961012 0.076378502 0.2170465
v 0.0013140113 0.062837496 0.2283445
v 0.026175011 0.063360497 0.2212605
v 0.049812011 0.063114502 0.21391051
v 0.025994012 0.048237499 0.2223375
v 0.04911701 0.047840498 0.21450551
v 0.071332008 0.047218502 0.20771851
v 0.048445012 0.026292499 0.2141965
v 0.070740014 0.0256355 0.20777251
v 0.048344012 4.9984919e-07 0.2143105
v 0.070635013 4.9984919e-07 0.2078325
v -0.281333 4.9984919e-07 -0.1904905
v -0.30341998 4.9984919e-07 -0.18898049
v -0.30350599 0.025201499 -0.1889635
v -0.325378 4.9984919e-07 -0.1895605
v -0.32533598 0.0253825 -0.18939349
v -0.326646 0.0506115 -0.1890545
v -0.34555799 0.026198501 -0.18872949
v -0.344769 0.0517365 -0.18838349
v -0.34797198 0.075524502 -0.18229949
v -0.36276999 0.0529605 -0.1829875
v -0.361633 0.074985497 -0.1797615
v -0.37868398 0.0529445 -0.18316349
v -0.37533697 0.075546503 -0.18154949
v -0.39770499 0.052740499 -0.1819855
v -0.39770499 0.052740499 -0.1819855
v -0.39448699 0.075478502 -0.18104349
v -0.39448699 0.075478502 -0.18104349
v -0.41949698 0.053198501 -0.1808425
v -0.41949698 0.053198501 -0.1808425
v -0.41747898 0.074897498 -0.1762995
v -0.41747898 0.074897498 -0.1762995
v -0.44021899 0.055042502 -0.1779805
v -0.44021899 0.055042502 -0.1779805
v -0.43934298 0.076672502 -0.17430149
v -0.43934298 0.076672502 -0.17430149
v -0.43934298 0.076672502 -0.17430149
v -0.43934298 0.076672502 -0.17430149
v -0.43663499 0.093117498 -0.1693445
v -0.43663499 0.093117498 -0.1693445
v -0.45019698 0.1057645 -0.16078049
v -0.45019698 0.1057645 -0.16078049
v -0.471176 0.1199755 -0.12473249
v -0.47343099 0.1120705 -0.1221755
v -0.47484499 0.1043275 -0.1193985
v -0.47484499 0.1043275 -0.1193985
v -0.47815099 0.095431499 -0.1274015
v -0.47815099 0.095431499 -0.1274015
v -0.48020998 0.0991465 -0.11750349
v -0.48020998 0.0991465 -0.11750349
v -0.48020998 0.0991465 -0.11750349
v -0.484815 0.096851498 -0.12800249
v -0.48557198 0.1023945 -0.1189855
v -0.48546898 0.1042795 -0.1308925
v -0.48671898 0.1101585 -0.1221895
v -0.485486 0.1123295 -0.1330515
v -0.48961499 0.1176325 -0.1253535
v -0.48988998 0.1183485 -0.1367645
v -0.61289099 0.1196315 -0.041256499
v -0.613718 0.1195455 -0.023504497
v -0.62001696 0.1270975 -0.026620496
v -0.10574599 0.075064503 0.2176315
v -0.080193989 0.0745745 0.22781551
v -0.080193989 0.0745745 0.22781551
v -0.051819988 0.074108496 0.2294265
v -0.081262991 0.0621535 0.23380451
v -0.081262991 0.0621535 0.23380451
v -0.052521989 0.061724499 0.2340195
v -0.024967989 0.061665501 0.23422851
v -0.053169988 0.0470885 0.2346615
v -0.025186989 0.0470745 0.2351585
v 0.0013170112 0.047624499 0.22932151
v -0.025586989 0.0256125 0.23538451
v 0.0010860113 0.025950501 0.2293925
v 0.025609011 0.0263515 0.22229551
v 0.00098801125 4.9984919e-07 0.2294945
v 0.02543701 4.9984919e-07 0.22228651
v -0.34627599 4.9984919e-07 -0.1888195
v -0.363024 0.026709501 -0.1855555
v -0.38046297 0.0267665 -0.1839305
v -0.40006599 4.9984919e-07 -0.1821845
v -0.39946499 0.026864501 -0.18221749
v -0.420156 4.9984919e-07 -0.18119949
v -0.41991299 0.0272575 -0.18119949
v -0.439587 4.9984919e-07 -0.18075849
v -0.439587 4.9984919e-07 -0.18075849
v -0.439825 0.0281335 -0.1806245
v -0.439825 0.0281335 -0.1806245
v -0.45599198 4.9984919e-07 -0.1772735
v -0.45617998 0.0291835 -0.1764735
v -0.471627 4.9984919e-07 -0.17409849
v -0.471627 4.9984919e-07 -0.17409849
v -0.47229898 0.031065499 -0.1737195
v -0.47229898 0.031065499 -0.1737195
v -0.48669299 4.9984919e-07 -0.1736425
v -0.48658597 0.030676499 -0.17344549
v -0.50277397 4.9984919e-07 -0.1739005
v -0.50192401 0.0296335 -0.1738025
v -0.50192401 0.0296335 -0.1738025
v -0.50093201 0.059196498 -0.17315049
v -0.50093201 0.059196498 -0.17315049
v -0.51974401 0.0290525 -0.1724415
v -0.51974401 0.0290525 -0.1724415
v -0.51710698 0.057646498 -0.1697515
v -0.51378098 0.082159497 -0.1665695
v -0.51378098 0.082159497 -0.1665695
v -0.53737101 0.056702498 -0.16555649
v -0.53737101 0.056702498 -0.16555649
v -0.53466299 0.080808498 -0.1629055
v -0.53466299 0.080808498 -0.1629055
v -0.53339496 0.098504499 -0.15475349
v -0.559333 0.080234498 -0.16150349
v -0.559333 0.080234498 -0.16150349
v -0.55816397 0.098002501 -0.1532145
v -0.58110198 0.099171497 -0.1498225
v -0.16613799 0.076241501 0.1848245
v -0.14758798 0.076798499 0.19294751
v -0.12743498 0.076496497 0.20407051
v -0.14800298 0.063347504 0.19619951
v -0.12801099 0.063062496 0.2074735
v -0.10654099 0.061982501 0.2212995
v -0.12724599 0.0469025 0.2082905
v -0.10596699 0.046907499 0.2220615
v -0.081196986 0.0466775 0.2340055
v -0.081196986 0.0466775 0.2340055
v -0.10505699 0.025006499 0.2224725
v -0.080934986 0.0252895 0.2340055
v -0.080934986 0.0252895 0.2340055
v -0.053452987 0.025935499 0.2347755
v -0.08052399 4.9984919e-07 0.23398851
v -0.08052399 4.9984919e-07 0.23398851
v -0.053420987 4.9984919e-07 0.2349425
v -0.025627989 4.9984919e-07 0.2357045
v -0.52076396 4.9984919e-07 -0.1728245
v -0.52076396 4.9984919e-07 -0.1728245
v -0.54044899 4.9984919e-07 -0.16736449
v -0.53960899 0.028545501 -0.16697049
v -0.53960899 0.028545501 -0.16697049
v -0.56200597 4.9984919e-07 -0.16661049
v -0.56154796 0.028259499 -0.1664625
v -0.56047496 0.056153499 -0.16602449
v -0.56047496 0.056153499 -0.16602449
v -0.58428296 0.0279155 -0.1638585
v -0.58317599 0.055359501 -0.1612715
v -0.58246902 0.079733498 -0.15802349
v -0.60572299 0.0549835 -0.15799549
v -0.60572299 0.0549835 -0.15799549
v -0.604884 0.079929501 -0.1542345
v -0.604884 0.079929501 -0.1542345
v -0.60352597 0.099118501 -0.1446635
v -0.60352597 0.099118501 -0.1446635
v -0.62823799 0.079707503 -0.1516185
v -0.62823799 0.079707503 -0.1516185
v -0.62643597 0.1009055 -0.1423755
v -0.62643597 0.1009055 -0.1423755
v -0.65102401 0.079874501 -0.1466455
v -0.64861301 0.1006695 -0.1361395
v -0.67491201 0.080503501 -0.1415025
v -0.67256799 0.0999915 -0.1294245
v -0.697566 0.1020675 -0.1233885
v -0.69943097 0.081417501 -0.13507749
v -0.72327897 0.0816755 -0.1264815
v -0.719946 0.1009355 -0.1115535
v -0.74517098 0.081988499 -0.1143225
v -0.72278699 0.055754501 -0.1340875
v -0.74566099 0.0552615 -0.12363049
v -0.76901796 0.056186501 -0.11581349
v -0.766013 0.084074497 -0.1055875
v -0.79207 0.057163499 -0.10771549
v -0.78830901 0.084641501 -0.096841499
v -0.81534401 0.058284499 -0.098948494
v -0.80524996 0.1077315 -0.071031496
v -0.865877 0.12859049 0.021119503
v -0.87477401 0.1282015 0.028742503
v -0.87130401 0.1212375 0.032270502
v -0.86322799 0.1221095 0.026356503
v -0.87990502 0.1287185 0.040259503
v -0.87990502 0.1287185 0.040259503
v -0.87537298 0.1217235 0.042674504
v -0.87537298 0.1217235 0.042674504
v -0.88136098 0.12954751 0.058278505
v -0.87553599 0.1226235 0.058898505
v -0.87219998 0.1135865 0.059879504
v -0.87244901 0.1126775 0.045372505
v -0.87244901 0.1126775 0.045372505
v -0.868781 0.1120045 0.035328504
v -0.86102799 0.1121435 0.029809503
v -0.86978498 0.1011875 0.048820503
v -0.86978498 0.1011875 0.048820503
v -0.86674097 0.099842496 0.039101504
v -0.85872999 0.099760503 0.033910502
v -0.848703 0.1005605 0.031809501
v -0.850445 0.1133165 0.027024504
v -0.86791196 0.086420499 0.052822504
v -0.86734298 0.067948498 0.055878501
v -0.86735299 0.047142498 0.056955501
v -0.867318 0.0243835 0.056847502
v -0.86723498 4.9984919e-07 0.056544505
v -0.46266899 4.9984919e-07 0.1861005
v -0.481325 4.9984919e-07 0.1806515
v -0.44338098 4.9984919e-07 0.1906365
v -0.44344699 0.0224695 0.1904335
v -0.46282998 0.0223835 0.1857575
v -0.42471299 4.9984919e-07 0.1979485
v -0.42481598 0.0226325 0.1978685
v -0.42498398 0.042799499 0.1978125
v -0.44350699 0.042374499 0.1902955
v -0.40582898 4.9984919e-07 0.20654951
v -0.40611199 0.0228855 0.2064745
v -0.40636098 0.043075498 0.20642251
v -0.40662199 0.057807501 0.2064095
v -0.425111 0.057885502 0.1976915
v -0.38737398 0.022906499 0.21757551
v -0.38786 0.043180499 0.2173055
v -0.388266 0.057494499 0.2169925
v -0.388208 0.069662496 0.2156675
v -0.40643299 0.070531502 0.20542051
v -0.36933199 0.0427595 0.22941451
v -0.37021798 0.056781501 0.22879851
v -0.370159 0.068169497 0.22689651
v -0.367746 0.077198498 0.2208095
v -0.38566798 0.079515502 0.2093945
v -0.351024 0.056617498 0.23869351
v -0.351024 0.056617498 0.23869351
v -0.35150898 0.067271501 0.2362055
v -0.35150898 0.067271501 0.2362055
v -0.35003498 0.075183503 0.22985451
v -0.35003498 0.075183503 0.22985451
v -0.329005 0.065341502 0.23648751
v -0.33026099 0.0729075 0.2316705
v -0.30401099 0.067131497 0.2327735
v -0.307506 0.074925497 0.2262795
v -0.28290898 0.069783501 0.21832551
v -0.28558198 0.078557499 0.2122665
v -0.26497099 0.081552498 0.1974415
v -0.204276 0.0846745 0.17550451
v -0.18433198 0.085155502 0.17441951
v -0.20359999 0.074925497 0.18288051
v -0.18448199 0.075590499 0.18175951
v -0.18448199 0.075590499 0.18175951
v -0.20328099 0.0622705 0.1857935
v -0.18442799 0.062701501 0.18388951
v -0.18442799 0.062701501 0.18388951
v -0.16619699 0.063167498 0.18735451
v -0.18406799 0.045645501 0.1843525
v -0.18406799 0.045645501 0.1843525
v -0.165503 0.046107501 0.1879545
v -0.14712699 0.046795499 0.19672251
v -0.164437 0.024795501 0.1882295
v -0.14623599 0.025122499 0.19704351
v -0.12635399 0.025077499 0.2085785
v -0.14569899 4.9984919e-07 0.19740251
v -0.12586199 4.9984919e-07 0.20883951
v -0.744746 4.9984919e-07 -0.1280285
v -0.72184399 4.9984919e-07 -0.1358275
v -0.769232 4.9984919e-07 -0.1218225
v -0.76926801 0.0280315 -0.1204125
v -0.74507198 0.0278975 -0.12760849
v -0.79350397 4.9984919e-07 -0.1144365
v -0.793192 0.0285355 -0.1128635
v -0.88118097 0.12945551 0.082330503
v -0.88082299 0.12936451 0.1090055
v -0.87469599 0.1220245 0.1090625
v -0.87506297 0.1223905 0.082297504
v -0.87170199 0.1128075 0.1087295
v -0.871968 0.1133235 0.082292505
v -0.870123 0.1028555 0.1082255
v -0.87020198 0.1029575 0.082347505
v -0.87001297 0.1024685 0.061908506
v -0.86939797 0.089565501 0.082751505
v -0.86872402 0.087977499 0.064622506
v -0.86924699 0.0708685 0.083072506
v -0.86854801 0.069356501 0.067555502
v -0.869279 0.048314501 0.083569504
v -0.86855397 0.047691502 0.068747506
v -0.86932698 0.024550499 0.083557501
v -0.86864796 0.0244525 0.068771504
v -0.86940601 4.9984919e-07 0.083367504
v -0.86870602 4.9984919e-07 0.068629503
v -0.86922398 4.9984919e-07 0.12884851
v -0.86799297 4.9984919e-07 0.15104251
v -0.86535701 4.9984919e-07 0.1711795
v -0.855845 4.9984919e-07 0.17701851
v -0.86783698 0.0240795 0.15151951
v -0.86527601 0.0239475 0.1711825
v -0.85581997 0.023975499 0.1769105
v -0.86526498 0.046464499 0.1711785
v -0.85593101 0.046049498 0.1768405
v -0.84422699 0.045689501 0.1770685
v -0.84420696 0.0239105 0.17715651
v -0.84429201 4.9984919e-07 0.17728451
v -0.83167496 0.0239325 0.1766835
v -0.83167496 0.0239325 0.1766835
v -0.83173898 4.9984919e-07 0.1768685
v -0.83173898 4.9984919e-07 0.1768685
v -0.819397 4.9984919e-07 0.1745235
v -0.87882498 0.1284015 0.1590115
v -0.88026598 0.1290455 0.1355875
v -0.87319997 0.1207235 0.15819751
v -0.874226 0.1215165 0.1354565
v -0.87009099 0.1112535 0.15773651
v -0.87117097 0.1124355 0.13595851
v -0.86834601 0.1004625 0.15673751
v -0.86951998 0.1023535 0.1356345
v -0.86757901 0.086588502 0.1555015
v -0.86893097 0.089128502 0.1349065
v -0.86955801 0.090193503 0.1075095
v -0.868916 0.071395501 0.1337335
v -0.86952397 0.072224498 0.1067015
v -0.86903098 0.0483675 0.1314795
v -0.86955699 0.048761498 0.1055345
v -0.86914799 0.0243745 0.1297725
v -0.86962298 0.0245935 0.1045595
v -0.86964098 4.9984919e-07 0.1040185
v -0.86771998 0.047387499 0.1524305
v -0.86759201 0.069096498 0.15415651
v -0.86530998 0.066821501 0.1711795
v -0.86528596 0.083546497 0.16977251
v -0.85681799 0.081310503 0.1784545
v -0.85606197 0.065753497 0.1771235
v -0.84490201 0.081183501 0.1787405
v -0.84425196 0.065178499 0.1772905
v -0.83231202 0.081727497 0.1783845
v -0.83231202 0.081727497 0.1783845
v -0.83169398 0.065339498 0.1768395
v -0.83169398 0.065339498 0.1768395
v -0.83163598 0.0457155 0.17658651
v -0.83163598 0.0457155 0.17658651
v -0.81934401 0.066200502 0.1744415
v -0.81931397 0.046302501 0.17424351
v -0.81939802 0.0240655 0.17443851
v -0.81281099 0.046850499 0.16390051
v -0.81318501 0.024129501 0.16445251
v -0.81347898 4.9984919e-07 0.1648995
v -0.80891797 0.024217499 0.1524595
v -0.80907801 4.9984919e-07 0.15307251
v -0.804611 4.9984919e-07 0.1358875
v -0.82686397 0.1016445 0.030319503
v -0.82686397 0.1016445 0.030319503
v -0.83775398 0.1012395 0.030559503
v -0.82569596 0.1160985 0.025390504
v -0.82569596 0.1160985 0.025390504
v -0.83815399 0.1147445 0.025279503
v -0.82377997 0.1272735 0.019299503
v -0.82377997 0.1272735 0.019299503
v -0.838429 0.1255495 0.019822503
v -0.852007 0.1234715 0.022692503
v -0.81153998 0.1285755 0.022840504
v -0.815038 0.1169445 0.028229503
v -0.80795899 0.1172685 0.034920502
v -0.80287001 0.1288055 0.029988503
v -0.80298302 0.1181545 0.045235503
v -0.79784498 0.12806851 0.042805504
v -0.79972401 0.1175155 0.060353503
v -0.79466 0.1263015 0.059484504
v -0.79313698 0.1245345 0.080172502
v -0.79313698 0.1245345 0.080172502
v -0.71707097 0.1245765 -0.047461499
v -0.714865 0.1198515 -0.059585497
v -0.80260798 0.1320215 0.1799355
v -0.40383399 0.080560498 0.1992345
v -0.42258599 0.081141502 0.19098151
v -0.42501399 0.070507497 0.19714451
v -0.44150099 0.081525497 0.18395351
v -0.44348598 0.070849501 0.18996051
v -0.44357398 0.0580015 0.1903595
v -0.462688 0.071268499 0.1846265
v -0.46292299 0.0580495 0.1855485
v -0.462836 0.0423715 0.1856675
v -0.48169899 0.058450501 0.18047251
v -0.48160598 0.042583499 0.18049851
v -0.48144898 0.0224135 0.18063051
v -0.50093296 0.0429415 0.1784375
v -0.50093296 0.0429415 0.1784375
v -0.50081196 0.022541501 0.17832251
v -0.500671 4.9984919e-07 0.17831351
v -0.52001598 0.022742501 0.1762815
v -0.52001598 0.022742501 0.1762815
v -0.51992097 4.9984919e-07 0.1765555
v -0.51992097 4.9984919e-07 0.1765555
v -0.53942099 4.9984919e-07 0.1784815
v -0.65767798 4.9984919e-07 0.20372951
v -0.67722997 4.9984919e-07 0.2126165
v -0.63799801 4.9984919e-07 0.1958895
v -0.63795999 0.023032499 0.19612551
v -0.65757099 0.0232505 0.2037885
v -0.61846802 4.9984919e-07 0.1893405
v -0.61843297 0.022806499 0.1893805
v -0.61810198 0.0435015 0.18960351
v -0.63748601 0.044223499 0.1962465
v -0.59825197 4.9984919e-07 0.1854005
v -0.59832898 0.022642501 0.18539551
v -0.59817496 0.0433085 0.1856055
v -0.59800699 0.059221499 0.1855585
v -0.617874 0.0592715 0.1891585
v -0.57853499 0.022620499 0.1814775
v -0.57850298 0.043297499 0.18173251
v -0.57840297 0.059331499 0.1818355
v -0.57848999 0.072933502 0.18021651
v -0.59823498 0.072928503 0.1835195
v -0.558979 0.043369498 0.1791365
v -0.55891499 0.059741501 0.1792635
v -0.55903497 0.072851501 0.17690051
v -0.55963799 0.083330497 0.1702985
v -0.57942501 0.083857499 0.17298651
v -0.53936902 0.060176499 0.1782835
v -0.53940597 0.073125497 0.1760485
v -0.53965601 0.0837975 0.1698225
v -0.51989499 0.072487503 0.1749305
v -0.51974598 0.083372504 0.16921251
v -0.50006899 0.082528502 0.17024951
v -0.50006899 0.082528502 0.17024951
v -0.48036 0.082484499 0.17425551
v -0.46083599 0.081687503 0.17825951
v -0.481637 0.0716305 0.18014051
v -0.50084499 0.071974501 0.1762405
v -0.50084499 0.071974501 0.1762405
v -0.500972 0.0593035 0.1780975
v -0.500972 0.0593035 0.1780975
v -0.51999399 0.059842501 0.17657751
v -0.52004996 0.043418501 0.17647751
v -0.52004996 0.043418501 0.17647751
v -0.53947797 0.043497499 0.1782075
v -0.53963396 0.022753499 0.17794551
v -0.55893001 0.022660499 0.1788695
v -0.55893996 4.9984919e-07 0.17910351
v -0.57846996 4.9984919e-07 0.1814855
v -0.59947297 0.084188499 0.17620251
v -0.61933997 0.084249496 0.1802855
v -0.61788902 0.072855502 0.1876435
v -0.63894197 0.084943503 0.18571851
v -0.63709798 0.0737665 0.1935215
v -0.63706097 0.059862498 0.1957805
v -0.65636596 0.074857503 0.2008875
v -0.65649197 0.060840499 0.20309551
v -0.65705201 0.044935498 0.2037075
v -0.67578599 0.062190499 0.21187051
v -0.67637798 0.0457085 0.21261251
v -0.67706499 0.023658499 0.2127185
v -0.69547299 0.046643499 0.22263651
v -0.69603798 0.0242035 0.22287251
v -0.69609299 4.9984919e-07 0.22294651
v -0.71351698 0.0247315 0.2362285
v -0.71345702 4.9984919e-07 0.23644251
v -0.83549997 0.1293705 0.20558751
v -0.81714597 0.1302215 0.1964585
v -0.81958202 0.1247185 0.1930825
v -0.83686098 0.1232005 0.2003845
v -0.80755398 0.1268355 0.17746051
v -0.81090799 0.1197665 0.1754505
v -0.82167396 0.1171045 0.1892665
v -0.79850999 0.12853549 0.1554665
v -0.80319098 0.1215095 0.1546495
v -0.80639002 0.1132545 0.1539305
v -0.81337497 0.1105985 0.17298751
v -0.79146996 0.12934449 0.12970251
v -0.79712799 0.1222765 0.1298535
v -0.800365 0.1138725 0.1303165
v -0.80248198 0.1042355 0.1311155
v -0.80829796 0.1027815 0.1533815
v -0.79370299 0.1232225 0.1043345
v -0.79771701 0.1146925 0.1047405
v -0.79971501 0.1051155 0.1052405
v -0.80071697 0.092279501 0.10595851
v -0.803812 0.090802498 0.1328325
v -0.79755601 0.1158635 0.0805315
v -0.79755601 0.1158635 0.0805315
v -0.79974797 0.1059445 0.080869503
v -0.79974797 0.1059445 0.080869503
v -0.80097696 0.092159502 0.0818225
v -0.80114999 0.071532503 0.083899505
v -0.80095699 0.071716502 0.1074025
v -0.80230197 0.1060905 0.061642502
v -0.80108401 0.048127498 0.085840501
v -0.80291197 0.024170499 0.071551502
v -0.80093101 4.9984919e-07 0.0869435
v -0.802825 4.9984919e-07 0.072010502
v -0.80103502 0.0241985 0.086687505
v -0.80100599 4.9984919e-07 0.1100405
v -0.80101898 0.024323501 0.1095205
v -0.800971 0.048391499 0.1088145
v -0.80447701 0.0243345 0.1355035
v -0.80424801 0.048092499 0.1345925
v -0.80411997 0.070931502 0.1337465
v -0.80856898 0.047486499 0.1515145
v -0.80855098 0.069525503 0.1513205
v -0.80866697 0.088467501 0.1521205
v -0.81269798 0.067813501 0.16382751
v -0.81305298 0.085743502 0.16546151
v -0.81382599 0.099851497 0.16914551
v -0.819563 0.0830395 0.17569651
v -0.82035097 0.096732497 0.1787805
v -0.82248101 0.1076215 0.18422951
v -0.83368197 0.094965503 0.18236451
v -0.83368197 0.094965503 0.18236451
v -0.83588001 0.1059605 0.18852951
v -0.83588001 0.1059605 0.18852951
v -0.83710501 0.1154905 0.1948155
v -0.83710501 0.1154905 0.1948155
v -0.85016701 0.1050735 0.1887435
v -0.85323098 0.1144195 0.19488551
v -0.86240897 0.1056845 0.1846085
v -0.86572501 0.1148395 0.18944651
v -0.86853197 0.1087525 0.1732485
v -0.87095097 0.1182615 0.1762885
v -0.85912099 0.094923496 0.1804245
v -0.86656401 0.097409502 0.1707215
v -0.84710297 0.094301499 0.1827925
v -0.809764 0.1032815 0.038883504
v -0.817112 0.1021385 0.032709502
v -0.80546996 0.1049915 0.048391502
v -0.69803497 0.088815503 0.21287851
v -0.67825499 0.087487496 0.2021295
v -0.65838799 0.086576499 0.1934085
v -0.67587098 0.076100498 0.20942451
v -0.69467697 0.0777895 0.2204925
v -0.69466898 0.063754499 0.22237751
v -0.71329597 0.079753503 0.2329945
v -0.71309099 0.047542501 0.23588951
v -0.84481499 4.9984919e-07 0.36442751
v -0.84370098 0.040685501 0.3644065
v -0.855239 0.040604498 0.3627395
v -0.87543002 4.9984919e-07 0.35899049
v -0.874374 0.0228025 0.3591485
v -0.89797601 0.024913499 0.3526845
v -0.89915702 4.9984919e-07 0.35239449
v -0.87181798 0.042801499 0.35970449
v -0.89413998 0.0478235 0.35368651
v -0.917281 0.051085498 0.34635949
v -0.919121 0.025960499 0.34581152
v -0.88754001 0.066786498 0.35543451
v -0.912541 0.072967499 0.34798151
v -0.93332002 0.075857498 0.33754352
v -0.93464401 0.052284501 0.33660451
v -0.87995997 0.079785503 0.35721952
v -0.90572199 0.089040503 0.35004151
v -0.87209997 0.089470498 0.35803449
v -0.945959 0.053142499 0.3199265
v -0.94575897 0.026843499 0.32049951
v -0.93532202 0.0264435 0.33611551
v -0.94587496 4.9984919e-07 0.32028249
v -0.93540999 4.9984919e-07 0.3361125
v -0.91952696 4.9984919e-07 0.3456755
v -0.72200796 0.028105499 -0.1353735
v -0.69946197 0.055891499 -0.14053449
v -0.698984 0.0281725 -0.1427805
v -0.69893101 4.9984919e-07 -0.14317849
v -0.67577299 0.027935499 -0.1479395
v -0.676218 4.9984919e-07 -0.1488305
v -0.65263197 4.9984919e-07 -0.1523345
v -0.60667601 4.9984919e-07 -0.15932749
v -0.60667601 4.9984919e-07 -0.15932749
v -0.58440396 4.9984919e-07 -0.1647695
v -0.62975898 4.9984919e-07 -0.15829849
v -0.62975898 4.9984919e-07 -0.15829849
v -0.629504 0.027633499 -0.1580835
v -0.629504 0.027633499 -0.1580835
v -0.60629597 0.027616499 -0.15898849
v -0.60629597 0.027616499 -0.15898849
v -0.65233198 0.0276845 -0.15214249
v -0.65193501 0.054799501 -0.1510755
v -0.62911597 0.054930501 -0.15686449
v -0.62911597 0.054930501 -0.15686449
v -0.67536798 0.055086501 -0.1455265
v -0.387151 4.9984919e-07 0.2177785
v -0.36744699 4.9984919e-07 0.2305505
v -0.36791399 0.0227865 0.2299505
v -0.34830099 4.9984919e-07 0.2395525
v -0.34830099 4.9984919e-07 0.2395525
v -0.34873497 0.0226565 0.23921451
v -0.34873497 0.0226565 0.23921451
v -0.35010898 0.042458501 0.2395065
v -0.35010898 0.042458501 0.2395065
v -0.326143 4.9984919e-07 0.2385105
v -0.326444 0.022611501 0.23936151
v -0.32718599 0.042335499 0.2397135
v -0.32806098 0.055898499 0.23864651
v -0.30299899 0.022783499 0.2353365
v -0.30281198 0.042398501 0.2354005
v -0.30291998 0.056362499 0.2348365
v -0.28311899 0.0439955 0.2204435
v -0.28281999 0.0585615 0.2199585
v -0.26349398 0.045572501 0.20629351
v -0.262831 0.060569499 0.20618351
v -0.26263398 0.072624497 0.20454051
v -0.24291199 0.061383501 0.1960475
v -0.242599 0.073595501 0.19467251
v -0.244739 0.082806498 0.1867585
v -0.22309199 0.074175499 0.18730551
v -0.22437799 0.0841875 0.17993951
v -0.22318 0.061741501 0.1889005
v -0.24342299 0.046127498 0.1964675
v -0.22355799 0.045867499 0.1890015
v -0.20325799 0.045555498 0.1864365
v -0.22383299 0.024687501 0.1890405
v -0.20328499 0.0248545 0.1866115
v -0.18370698 0.0247835 0.1843085
v -0.18370698 0.0247835 0.1843085
v -0.20318098 4.9984919e-07 0.18669951
v -0.18351398 4.9984919e-07 0.1845265
v -0.18351398 4.9984919e-07 0.1845265
v -0.16410699 4.9984919e-07 0.1883305
v -0.26395699 4.9984919e-07 0.20641251
v -0.283905 4.9984919e-07 0.2209595
v -0.24375899 4.9984919e-07 0.19635451
v -0.24384499 0.0245915 0.19657551
v -0.26405898 0.024253501 0.20631051
v -0.22387999 4.9984919e-07 0.1890495
v -0.283692 0.023418499 0.2208685
v -0.30309299 4.9984919e-07 0.23498151
v -0.61155298 0.1146575 -0.053448498
v -0.61155298 0.1146575 -0.053448498
v -0.60731199 0.1112595 -0.060511496
v -0.60731199 0.1112595 -0.060511496
v -0.58658001 0.1324845 -0.046755496
v -0.55544099 0.1096935 -0.10439049
v -0.55548701 0.1005735 -0.1033515
v -0.55389497 0.1041755 -0.1182745
v -0.55002001 0.095957503 -0.10246649
v -0.55544099 0.1120865 -0.072138496
v -0.55058101 0.1058735 -0.072347499
v -0.55543098 0.1119245 -0.054047495
v -0.55094799 0.1084785 -0.053848498
v -0.55189398 0.1100575 -0.038172498
v -0.55549696 0.1106735 -0.038266499
v -0.54469201 0.1007365 -0.1048335
v -0.47732398 0.092920497 -0.1368885
v -0.47732398 0.092920497 -0.1368885
v 0.78806004 0.1090185 -0.34189549
v 0.80485001 0.1078405 -0.32040349
v 0.78581503 0.1198945 -0.3402375
v 0.80263302 0.1191745 -0.31845951
v 0.78178599 0.12916251 -0.3370145
v 0.79772702 0.1283045 -0.3145605
v 0.764972 0.1298265 -0.3589865
v 0.723115 0.020798501 -0.4021475
v 0.73860702 0.034966499 -0.41235849
v 0.74041 0.043755502 -0.41258949
v 0.74182501 0.053363498 -0.4127585
v 0.742668 0.067177497 -0.41323748
v 0.74158499 0.085416503 -0.41340551
v 0.75545999 0.099415503 -0.38745749
v 0.75253901 0.1115355 -0.38484749
v 0.77066299 0.1100405 -0.36352751
v 0.75115201 0.1215805 -0.3833515
v 0.76843598 0.1204705 -0.36186251
v 0.748261 0.1308365 -0.38053951
v 0.73376098 0.1230615 -0.40409851
v 0.73128703 0.1319575 -0.40117249
v 0.72517702 0.1368835 -0.39590248
v 0.71443501 0.13295551 -0.42170149
v 0.71443501 0.13295551 -0.42170149
v 0.70904502 0.13794149 -0.41702551
v 0.70904502 0.13794149 -0.41702551
v 0.70224503 0.1402735 -0.4117285
v 0.69496199 0.14092851 -0.40633449
v 0.69751301 0.0219795 -0.38437548
v 0.70810398 0.021055499 -0.3913995
v 0.683943 0.0262505 -0.4070625
v 0.69330999 0.024997501 -0.41365349
v 0.70047501 0.024183501 -0.4190715
v 0.67742202 0.0281925 -0.43468648
v 0.68447903 0.0277195 -0.43985251
v 0.690909 0.028013499 -0.44460151
v 0.706929 0.0241805 -0.42417449
v 0.697126 0.0301055 -0.44906449
v 0.702149 0.035279501 -0.4523145
v 0.71833703 0.0313995 -0.4319315
v 0.70447001 0.042809501 -0.45323649
v 0.72137603 0.039061502 -0.43308648
v 0.70600101 0.051400501 -0.4532685
v 0.72311202 0.047698501 -0.4332335
v 0.70680299 0.0614255 -0.45332649
v 0.72439203 0.0573585 -0.43330649
v 0.70691499 0.074204497 -0.45373851
v 0.724794 0.070920497 -0.43399748
v 0.70321003 0.090017498 -0.45149449
v 0.722101 0.088504501 -0.43343049
v 0.69723502 0.1057305 -0.44808951
v 0.71605 0.1047105 -0.42778251
v 0.73565599 0.1016745 -0.40794349
v 0.71588603 0.1156915 -0.4259395
v 0.73412499 0.1135575 -0.40552351
v 0.71682802 0.1249975 -0.4247885
v 0.69809803 0.1173795 -0.4477725
v 0.69938299 0.1263855 -0.4463945
v 0.69794801 0.1346315 -0.44397351
v 0.68317804 0.12647849 -0.46945849
v 0.68213102 0.1349315 -0.4673925
v 0.67836604 0.1413385 -0.46373451
v 0.69364902 0.14090849 -0.44005451
v 0.69364902 0.14090849 -0.44005451
v 0.68679699 0.1417045 -0.43483248
v 0.66485199 0.1430385 -0.4525345
v 0.67950204 0.1421095 -0.42941248
v 0.62700704 0.040494502 -0.40031949
v 0.64044502 0.037807498 -0.37940249
v 0.65253404 0.034418501 -0.3583425
v 0.64971504 0.031255499 -0.38554651
v 0.67389104 0.026113499 -0.37048349
v 0.66096702 0.0293015 -0.39234349
v 0.67265502 0.027740499 -0.3996225
v 0.64709899 0.032679498 -0.41369751
v 0.65859702 0.030397499 -0.42136648
v 0.66945001 0.0290605 -0.42895651
v 0.64400104 0.0336845 -0.44252148
v 0.65418801 0.031628501 -0.45004851
v 0.66140398 0.030430499 -0.4556635
v 0.63746402 0.034567501 -0.4702085
v 0.64424899 0.033697501 -0.47571349
v 0.65020201 0.033005498 -0.48086351
v 0.66798499 0.0296985 -0.46073249
v 0.65600303 0.033556499 -0.48574549
v 0.67424902 0.0299295 -0.46549049
v 0.661755 0.0358635 -0.49015749
v 0.68027201 0.031830501 -0.46990949
v 0.66647401 0.040884499 -0.4931635
v 0.66647401 0.040884499 -0.4931635
v 0.68492499 0.037354499 -0.47277251
v 0.66859904 0.047945499 -0.4937205
v 0.68711302 0.045266502 -0.4732495
v 0.66987601 0.055756498 -0.49353549
v 0.68841204 0.0535115 -0.4730325
v 0.670881 0.064212501 -0.4925485
v 0.68919 0.063182503 -0.47263849
v 0.67006502 0.075023502 -0.49030051
v 0.68920299 0.075798497 -0.47282448
v 0.66600999 0.088588499 -0.48775649
v 0.684073 0.090152502 -0.4697355
v 0.66353902 0.1042735 -0.48874849
v 0.67949501 0.1041535 -0.46784648
v 0.66648701 0.1169055 -0.49082649
v 0.68220302 0.1168455 -0.47041249
v 0.66665199 0.1262365 -0.49018151
v 0.65105298 0.1178535 -0.51019147
v 0.65090498 0.12653551 -0.5097135
v 0.64997002 0.1350255 -0.50826851
v 0.66588202 0.1347675 -0.4887805
v 0.64721903 0.1421665 -0.50523952
v 0.66308102 0.1418855 -0.48562351
v 0.62900302 0.14723951 -0.48855349
v 0.62150201 0.14761551 -0.4825235
v 0.612699 0.1480795 -0.4761565
v 0.603138 0.1481515 -0.46976751
v 0.59410599 0.1455055 -0.46411851
v 0.59410599 0.1455055 -0.46411851
v 0.60805902 0.1427125 -0.44286549
v 0.58738402 0.1374035 -0.46051449
v 0.58738402 0.1374035 -0.46051449
v 0.60129198 0.1354185 -0.43899348
v 0.58187303 0.1272205 -0.45774549
v 0.596131 0.12545849 -0.43614051
v 0.575066 0.1155875 -0.4537335
v 0.59006599 0.1139725 -0.4324865
v 0.56967804 0.1011125 -0.4507505
v 0.58483699 0.099367499 -0.42946649
v 0.57060704 0.085739501 -0.45252049
v 0.58585402 0.083701499 -0.43105549
v 0.57346603 0.0716585 -0.45542648
v 0.588604 0.069345497 -0.4339965
v 0.57668903 0.059210502 -0.45831251
v 0.591692 0.0566025 -0.4372015
v 0.58230099 0.048090499 -0.4627845
v 0.58230099 0.048090499 -0.4627845
v 0.59747502 0.045799501 -0.4419685
v 0.59747502 0.045799501 -0.4419685
v 0.612385 0.042899501 -0.4208785
v 0.60749504 0.040484499 -0.4488095
v 0.62211904 0.0377395 -0.4277555
v 0.63641199 0.035503499 -0.40692949
v 0.63312599 0.035535499 -0.43512949
v 0.61841902 0.037575498 -0.45622751
v 0.62865803 0.0358845 -0.46353051
v 0.60297903 0.039623499 -0.4775475
v 0.61258599 0.037679501 -0.48465648
v 0.62039801 0.036528502 -0.49070451
v 0.59680101 0.0394485 -0.50567052
v 0.60434201 0.0380635 -0.51164052
v 0.61065301 0.037270501 -0.51666251
v 0.62681404 0.035818499 -0.4958345
v 0.616739 0.0368715 -0.52142647
v 0.63272002 0.035458501 -0.50077853
v 0.62264201 0.037330501 -0.52616248
v 0.63861802 0.0361435 -0.50564852
v 0.62793401 0.0397055 -0.53043148
v 0.62793401 0.0397055 -0.53043148
v 0.64425901 0.038928501 -0.50990251
v 0.64425901 0.038928501 -0.50990251
v 0.63181403 0.045023501 -0.53334549
v 0.64813301 0.043757498 -0.51286849
v 0.64813301 0.043757498 -0.51286849
v 0.63335201 0.052218501 -0.5341135
v 0.65026799 0.050483499 -0.51395449
v 0.63374999 0.059582502 -0.53385749
v 0.65135804 0.0580335 -0.51391551
v 0.633508 0.067273498 -0.53300551
v 0.651198 0.065670498 -0.51265249
v 0.633468 0.077412501 -0.53214452
v 0.64984402 0.074824497 -0.5101985
v 0.635111 0.091602497 -0.53235552
v 0.651647 0.0889685 -0.51055852
v 0.63396302 0.1085265 -0.5299755
v 0.65022001 0.1056805 -0.50967351
v 0.635178 0.1194775 -0.52996251
v 0.61560002 0.1105405 -0.5480555
v 0.61788902 0.1211585 -0.54865351
v 0.61878404 0.1291995 -0.54811648
v 0.63515201 0.1277675 -0.5288845
v 0.61833301 0.13732851 -0.54664549
v 0.634213 0.13608649 -0.52705547
v 0.61655501 0.14495049 -0.54445949
v 0.63239101 0.1440175 -0.52450749
v 0.61397204 0.1499155 -0.50896052
v 0.60687903 0.1500165 -0.50351349
v 0.59829202 0.1500925 -0.49745351
v 0.57403401 0.1513685 -0.51199052
v 0.58865401 0.14994749 -0.49115449
v 0.56469199 0.14906751 -0.50616148
v 0.56469199 0.14906751 -0.50616148
v 0.57939801 0.1479765 -0.48521549
v 0.57939801 0.1479765 -0.48521549
v 0.55835602 0.1400945 -0.5028505
v 0.57314304 0.13891549 -0.48180649
v 0.55198601 0.12981351 -0.49950048
v 0.56722602 0.1286635 -0.47863349
v 0.54456702 0.1185225 -0.4956305
v 0.55987403 0.1169485 -0.47455949
v 0.53981903 0.1047485 -0.49431151
v 0.55485401 0.1028635 -0.4723925
v 0.54063001 0.089846499 -0.49657151
v 0.55532303 0.087822497 -0.47417149
v 0.54330203 0.0760125 -0.49917251
v 0.55807599 0.073754497 -0.47701049
v 0.54628602 0.063324496 -0.50149247
v 0.56143603 0.061314501 -0.47966951
v 0.55126503 0.051990502 -0.5049375
v 0.55126503 0.051990502 -0.5049375
v 0.56633303 0.049840499 -0.48324949
v 0.56633303 0.049840499 -0.48324949
v 0.56016299 0.0455065 -0.51096448
v 0.57623401 0.044278499 -0.49038649
v 0.59223703 0.042722501 -0.46994948
v 0.58719102 0.0418915 -0.49837849
v 0.57102802 0.043383501 -0.51852551
v 0.580695 0.041861501 -0.52574751
v 0.55427799 0.044841498 -0.53873047
v 0.56409404 0.043460499 -0.5457125
v 0.57186499 0.042464498 -0.55180851
v 0.58858702 0.040211499 -0.53201249
v 0.57805303 0.041665498 -0.55706748
v 0.59472701 0.038818501 -0.53715548
v 0.58402899 0.041236501 -0.56216952
v 0.600624 0.038324501 -0.54212651
v 0.58976904 0.042350501 -0.56680152
v 0.60634902 0.0387895 -0.5467985
v 0.59482899 0.045503501 -0.57070449
v 0.59482899 0.045503501 -0.57070449
v 0.611451 0.041995499 -0.55070052
v 0.611451 0.041995499 -0.55070052
v 0.59846804 0.050819501 -0.57302949
v 0.615087 0.047615498 -0.5531005
v 0.60005799 0.0583455 -0.57334849
v 0.61684003 0.054601502 -0.55374947
v 0.60035202 0.066392496 -0.57264248
v 0.61730799 0.062211499 -0.55339649
v 0.59989503 0.0751305 -0.57146952
v 0.61633399 0.069971502 -0.5520505
v 0.59961101 0.0862775 -0.57035151
v 0.61626002 0.081101499 -0.55132851
v 0.59795699 0.099200502 -0.56774548
v 0.616438 0.0952425 -0.55052748
v 0.59717801 0.1118375 -0.56581852
v 0.58120701 0.1025635 -0.58610049
v 0.579941 0.1128465 -0.58425352
v 0.58282599 0.1214065 -0.58637151
v 0.599709 0.1215325 -0.5670605
v 0.58594903 0.1299755 -0.58777753
v 0.60176 0.1294715 -0.56743953
v 0.586431 0.1388295 -0.58647051
v 0.60207102 0.13773949 -0.56644753
v 0.58539602 0.14710151 -0.58438548
v 0.60055104 0.14555649 -0.56432149
v 0.58151701 0.15335649 -0.58047047
v 0.59601304 0.15055551 -0.56009051
v 0.53568801 0.1524995 -0.5491555
v 0.55022302 0.1504875 -0.52748647
v 0.52915201 0.1435345 -0.5461615
v 0.54352799 0.1417335 -0.52427951
v 0.52243903 0.13352451 -0.54328349
v 0.53691003 0.1315385 -0.52123347
v 0.514981 0.1226325 -0.54018149
v 0.52951899 0.1205075 -0.51783648
v 0.51093099 0.1084695 -0.53958049
v 0.525489 0.1066965 -0.51691547
v 0.511924 0.093707502 -0.54197648
v 0.52653304 0.091612503 -0.51922551
v 0.51416203 0.080160499 -0.54458848
v 0.52878001 0.0777255 -0.52171549
v 0.51676103 0.068771496 -0.54682049
v 0.53138199 0.065555498 -0.52380648
v 0.51993099 0.057729501 -0.54918751
v 0.51993099 0.057729501 -0.54918751
v 0.53523698 0.054000501 -0.5264695
v 0.53523698 0.054000501 -0.5264695
v 0.52743998 0.0499455 -0.55367652
v 0.543825 0.047023501 -0.53194252
v 0.53761598 0.0463425 -0.55931953
v 0.51193902 0.0533645 -0.57571551
v 0.51193902 0.0533645 -0.57571551
v 0.52116498 0.049183499 -0.5803555
v 0.53047702 0.046726499 -0.58543047
v 0.547636 0.0448405 -0.5654625
v 0.538744 0.045488499 -0.59075049
v 0.555172 0.043936498 -0.57092252
v 0.54593703 0.044735499 -0.5960665
v 0.56195602 0.043327499 -0.57631752
v 0.552506 0.044699501 -0.60127148
v 0.56822804 0.0432445 -0.58149752
v 0.558754 0.046092499 -0.60621151
v 0.57426301 0.044333499 -0.58645651
v 0.56369099 0.050663501 -0.60983351
v 0.56369099 0.050663501 -0.60983351
v 0.57964203 0.0477635 -0.59079549
v 0.57964203 0.0477635 -0.59079549
v 0.566156 0.0581735 -0.61101547
v 0.58239701 0.054566499 -0.5922915
v 0.56762001 0.0663945 -0.61125448
v 0.58380702 0.062531501 -0.59235051
v 0.56886598 0.075614497 -0.61122248
v 0.58435902 0.0712175 -0.59180447
v 0.56896803 0.086041503 -0.6101245
v 0.58416602 0.081200503 -0.5907205
v 0.566466 0.0956605 -0.60694852
v 0.583011 0.091841497 -0.58875248
v 0.56424901 0.1053185 -0.60427049
v 0.54991403 0.098230503 -0.62547651
v 0.54749903 0.1078025 -0.62284049
v 0.54758903 0.1177785 -0.6224685
v 0.56323501 0.1145695 -0.60296848
v 0.55233201 0.1253425 -0.6255565
v 0.567099 0.1227185 -0.60563347
v 0.55509999 0.1339965 -0.62678048
v 0.57014701 0.1316645 -0.60701248
v 0.55517802 0.1426205 -0.6258845
v 0.57081202 0.14057051 -0.60635051
v 0.55435899 0.1507035 -0.62431452
v 0.57004198 0.1489135 -0.60469052
v 0.55073902 0.1567945 -0.62063453
v 0.56636903 0.1553625 -0.6010575
v 0.507521 0.1549335 -0.59162048
v 0.52135798 0.1535835 -0.57056847
v 0.50115803 0.14601751 -0.58964548
v 0.51471904 0.1447365 -0.56777647
v 0.49422401 0.13667551 -0.5884445
v 0.50789401 0.1349345 -0.56531247
v 0.487122 0.12666351 -0.5882605
v 0.50044003 0.1241005 -0.5631645
v 0.48369902 0.1137535 -0.59054253
v 0.49687701 0.1107215 -0.5637385
v 0.48445901 0.1007185 -0.59351549
v 0.49787402 0.096765503 -0.5664365
v 0.48699901 0.086995497 -0.59525552
v 0.49997401 0.083440498 -0.5687975
v 0.489517 0.075654499 -0.59631053
v 0.50247303 0.072533503 -0.57056352
v 0.49214602 0.0654075 -0.59693149
v 0.50564703 0.061780501 -0.57241347
v 0.50564703 0.061780501 -0.57241347
v 0.49711803 0.056305502 -0.59867349
v 0.49711803 0.056305502 -0.59867349
v 0.48218501 0.068753503 -0.62334248
v 0.48218501 0.068753503 -0.62334248
v 0.48541301 0.060130499 -0.62349352
v 0.48541301 0.060130499 -0.62349352
v 0.48541301 0.060130499 -0.62349352
v 0.491779 0.054449499 -0.62497452
v 0.50516704 0.051551498 -0.60202751
v 0.49976501 0.051558498 -0.62708351
v 0.51396999 0.049413498 -0.60597852
v 0.50742403 0.0501175 -0.6300005
v 0.52222499 0.047682501 -0.61054352
v 0.514752 0.0491645 -0.6342195
v 0.529569 0.0465285 -0.61577949
v 0.52098802 0.049548499 -0.63912252
v 0.53630599 0.046325501 -0.62119147
v 0.526746 0.051631499 -0.64395252
v 0.54252699 0.0475985 -0.62615052
v 0.53134403 0.056262501 -0.64764652
v 0.53134403 0.056262501 -0.64764652
v 0.547245 0.053090502 -0.6294845
v 0.547245 0.053090502 -0.6294845
v 0.53376999 0.063356496 -0.64909348
v 0.54972902 0.060774501 -0.6306335
v 0.53497002 0.071271501 -0.64941552
v 0.55117598 0.069107503 -0.63068649
v 0.53578499 0.080045499 -0.64885351
v 0.55220303 0.078118503 -0.63012752
v 0.53609303 0.090013497 -0.64701751
v 0.552008 0.088300496 -0.6284155
v 0.53438804 0.1001375 -0.64437851
v 0.52537403 0.090711497 -0.66260347
v 0.52340201 0.1013685 -0.66184852
v 0.52179399 0.1129895 -0.6608865
v 0.53242102 0.1103345 -0.64252648
v 0.52335998 0.1240575 -0.66162851
v 0.53427002 0.1206465 -0.64294651
v 0.52602503 0.1331795 -0.66271248
v 0.53779098 0.1291205 -0.64477351
v 0.52621201 0.14150649 -0.66245547
v 0.53941903 0.1375885 -0.64546451
v 0.52630201 0.1493025 -0.66146949
v 0.539709 0.1456905 -0.6447005
v 0.52525601 0.15627749 -0.65937951
v 0.53895101 0.1532595 -0.64280447
v 0.52224502 0.1615485 -0.65583351
v 0.52224502 0.1615485 -0.65583351
v 0.53553799 0.1588065 -0.63892147
v 0.51712903 0.1641795 -0.65111747
v 0.511273 0.1650745 -0.64659652
v 0.50522801 0.1652275 -0.6426045
v 0.49875602 0.1649195 -0.63914648
v 0.49212202 0.1634105 -0.63649449
v 0.48641101 0.15877751 -0.63509551
v 0.49553001 0.15672749 -0.61303052
v 0.481884 0.1525695 -0.63494048
v 0.48981002 0.14908651 -0.61216047
v 0.47827801 0.14483351 -0.6358625
v 0.47827801 0.14483351 -0.6358625
v 0.48368001 0.1408495 -0.61262551
v 0.47562301 0.1361035 -0.63811752
v 0.47562301 0.1361035 -0.63811752
v 0.47790501 0.13115551 -0.61465451
v 0.47790501 0.13115551 -0.61465451
v 0.47490701 0.1256575 -0.64095947
v 0.47571 0.1198325 -0.61851248
v 0.47571 0.1198325 -0.61851248
v 0.47520801 0.1115285 -0.64307651
v 0.47594902 0.1066685 -0.6217865
v 0.47594902 0.1066685 -0.6217865
v 0.47597101 0.095696501 -0.64424047
v 0.47761202 0.091659501 -0.62312952
v 0.47761202 0.091659501 -0.62312952
v 0.477166 0.0824195 -0.6442205
v 0.47990102 0.078776501 -0.62339953
v 0.47990102 0.078776501 -0.62339953
v 0.47877502 0.072446503 -0.64436749
v 0.47721601 0.084677503 -0.65773448
v 0.47860602 0.0748685 -0.65796748
v 0.48036602 0.066876501 -0.65841052
v 0.48088002 0.0642775 -0.64472052
v 0.48088002 0.0642775 -0.64472052
v 0.483154 0.060186502 -0.6592125
v 0.483154 0.060186502 -0.6592125
v 0.48434103 0.057366502 -0.6455085
v 0.48434103 0.057366502 -0.6455085
v 0.487542 0.055387501 -0.6601285
v 0.487542 0.055387501 -0.6601285
v 0.49085701 0.053549498 -0.64658251
v 0.49295902 0.053459499 -0.66145948
v 0.497933 0.0518815 -0.6480855
v 0.49797001 0.052805498 -0.66330048
v 0.503961 0.051222499 -0.65051553
v 0.50991198 0.051405501 -0.65401849
v 0.51560798 0.053350501 -0.65799752
v 0.52003601 0.057892501 -0.66123149
v 0.52003601 0.057892501 -0.66123149
v 0.51465699 0.064790502 -0.6722025
v 0.52259603 0.064480498 -0.66285452
v 0.51600501 0.072237499 -0.67255351
v 0.52410099 0.0721815 -0.66336349
v 0.51677701 0.080662496 -0.67260751
v 0.52508602 0.080953501 -0.66304651
v 0.516875 0.090260498 -0.6726695
v 0.50974199 0.079846501 -0.67948952
v 0.50985 0.089394502 -0.6797345
v 0.50972798 0.1003465 -0.68000552
v 0.51610801 0.1012375 -0.67299148
v 0.50897703 0.1137235 -0.68034747
v 0.51487198 0.1137565 -0.67297348
v 0.50899103 0.1266025 -0.68101451
v 0.51524404 0.1258855 -0.67387947
v 0.50884101 0.13707849 -0.68186548
v 0.516139 0.13596649 -0.67480251
v 0.50793204 0.1455985 -0.68149748
v 0.51599303 0.14424451 -0.67442349
v 0.50696501 0.15249451 -0.68052849
v 0.51573601 0.15156651 -0.67353049
v 0.50598803 0.15885051 -0.67947647
v 0.51472804 0.15835451 -0.67197952
v 0.503674 0.1631235 -0.67575851
v 0.503674 0.1631235 -0.67575851
v 0.51193199 0.1634495 -0.66830251
v 0.51193199 0.1634495 -0.66830251
v 0.50750801 0.16565751 -0.66376552
v 0.50224903 0.1660915 -0.65988848
v 0.49688002 0.1660575 -0.65668252
v 0.48759502 0.1655255 -0.66415152
v 0.49167103 0.1654665 -0.65417448
v 0.483022 0.1643925 -0.66318449
v 0.483022 0.1643925 -0.66318449
v 0.48620102 0.1638605 -0.65252748
v 0.47961402 0.1596655 -0.66328052
v 0.47961402 0.1596655 -0.66328052
v 0.47961402 0.1596655 -0.66328052
v 0.481821 0.15942951 -0.65185252
v 0.481821 0.15942951 -0.65185252
v 0.47747502 0.1539795 -0.66408548
v 0.47747502 0.1539795 -0.66408548
v 0.47872302 0.15352049 -0.65191147
v 0.47872302 0.15352049 -0.65191147
v 0.47642601 0.1471805 -0.66518351
v 0.47652102 0.1466065 -0.65276548
v 0.47652102 0.1466065 -0.65276548
v 0.476053 0.1387925 -0.66621849
v 0.47569701 0.1385105 -0.65450349
v 0.47579801 0.1277885 -0.66694352
v 0.47534901 0.1275875 -0.65633747
v 0.47600102 0.1132645 -0.66691449
v 0.47559202 0.1130425 -0.65695652
v 0.47656402 0.097956501 -0.66687551
v 0.47621301 0.097472496 -0.65724048
v 0.477862 0.085480496 -0.6673055
v 0.47759601 0.097901501 -0.67503449
v 0.478845 0.085621499 -0.67502651
v 0.48023301 0.076334499 -0.67522952
v 0.47921801 0.075904503 -0.66764548
v 0.480867 0.068063498 -0.66808948
v 0.48325902 0.0617605 -0.66881147
v 0.48699802 0.057610501 -0.66996548
v 0.48699802 0.057610501 -0.66996548
v 0.49090701 0.058443502 -0.67783049
v 0.49078801 0.055428501 -0.67142752
v 0.49511701 0.058510501 -0.67903349
v 0.495271 0.054785501 -0.67305949
v 0.49149701 0.063136503 -0.68254653
v 0.49149701 0.063136503 -0.68254653
v 0.49149701 0.063136503 -0.68254653
v 0.49585402 0.0634505 -0.68316552
v 0.49585402 0.0634505 -0.68316552
v 0.501003 0.063921496 -0.6824095
v 0.501003 0.063921496 -0.6824095
v 0.49676201 0.069821499 -0.68637249
v 0.50259998 0.070711501 -0.68414351
v 0.50896099 0.071641497 -0.67946252
v 0.50720301 0.064767502 -0.67882249
v 0.50336102 0.078990497 -0.68464151
v 0.49697301 0.078071497 -0.68786952
v 0.49662 0.087296501 -0.68817249
v 0.50338504 0.088377498 -0.68472353
v 0.49615502 0.098729499 -0.6888245
v 0.50298002 0.099459499 -0.6853365
v 0.495552 0.1132825 -0.68921748
v 0.50238702 0.1135075 -0.6856415
v 0.49526602 0.1274125 -0.68922648
v 0.50223604 0.1270685 -0.68595752
v 0.49527001 0.1380545 -0.68909451
v 0.50215098 0.1376185 -0.68628851
v 0.49511701 0.14666951 -0.68874452
v 0.50170103 0.1461755 -0.68568549
v 0.494807 0.15355051 -0.68767253
v 0.50071803 0.1529175 -0.6841425
v 0.49376902 0.15839151 -0.68469849
v 0.49936903 0.15829051 -0.68227652
v 0.49220702 0.16197149 -0.68134353
v 0.49220702 0.16197149 -0.68134353
v 0.49738503 0.1621875 -0.67925748
v 0.49738503 0.1621875 -0.67925748
v 0.48834202 0.1540705 -0.6891475
v 0.48834202 0.1540705 -0.6891475
v 0.48826301 0.1470215 -0.69023648
v 0.48826301 0.1470215 -0.69023648
v 0.48222202 0.1470845 -0.68809047
v 0.48259601 0.1540745 -0.68697152
v 0.47900403 0.1470215 -0.68157348
v 0.479541 0.1537175 -0.68091348
v 0.47717902 0.1472905 -0.67427149
v 0.47791201 0.1538415 -0.67335448
v 0.479332 0.1594625 -0.67245051
v 0.48170602 0.16423249 -0.67187151
v 0.48170602 0.16423249 -0.67187151
v 0.48584101 0.1649465 -0.67180952
v 0.47877201 0.1387725 -0.6820195
v 0.47661102 0.1388675 -0.67493352
v 0.47830001 0.1276205 -0.68254152
v 0.47635502 0.1275515 -0.67515251
v 0.478623 0.1128895 -0.68255648
v 0.47654203 0.1130445 -0.67526749
v 0.47960302 0.097831503 -0.68231848
v 0.482106 0.1128105 -0.68904248
v 0.48277003 0.097887501 -0.68870047
v 0.483466 0.085766502 -0.68834451
v 0.48068601 0.085642502 -0.68224648
v 0.48461702 0.076016501 -0.68741748
v 0.48196802 0.076373503 -0.68173251
v 0.48958901 0.086420499 -0.68952349
v 0.48958901 0.086420499 -0.68952349
v 0.49049801 0.076975502 -0.68856451
v 0.49049801 0.076975502 -0.68856451
v 0.49128702 0.069275498 -0.68668953
v 0.49128702 0.069275498 -0.68668953
v 0.48898202 0.098202497 -0.69039252
v 0.48898202 0.098202497 -0.69039252
v 0.48835301 0.1130135 -0.69105348
v 0.48835301 0.1130135 -0.69105348
v 0.48182902 0.1277155 -0.68908551
v 0.48808202 0.1276665 -0.69119051
v 0.48808202 0.1276665 -0.69119051
v 0.48220101 0.13881449 -0.6884605
v 0.48815301 0.13853151 -0.69037047
v 0.48815301 0.13853151 -0.69037047
v 0.27134001 4.9984919e-07 -0.1985575
v 0.27121702 0.0253205 -0.19939649
v 0.261307 4.9984919e-07 -0.1948445
v 0.26068002 0.0258225 -0.1955515
v 0.25223202 4.9984919e-07 -0.1876895
v 0.25178501 0.026678501 -0.1882495
v 0.24344501 4.9984919e-07 -0.18082049
v 0.24283402 0.026742499 -0.1804765
v 0.24073002 0.052832499 -0.1798445
v 0.22934102 0.025990499 -0.1716315
v 0.22975701 4.9984919e-07 -0.1722185
v 0.20938201 4.9984919e-07 -0.1656045
v 0.35588002 0.067154497 0.2268545
v -0.60994497 0.1094355 -0.089820497
v -0.60994497 0.1094355 -0.089820497
v -0.61016998 0.1126475 -0.084101498
v -0.61016998 0.1126475 -0.084101498
v -0.61016998 0.1126475 -0.084101498
v -0.60550901 0.1105935 -0.085560493
v -0.60550901 0.1105935 -0.085560493
v -0.60974297 0.1067365 -0.0950495
v -0.60974297 0.1067365 -0.0950495
v -0.610019 0.1007635 -0.090855494
v -0.610019 0.1007635 -0.090855494
v -0.10470299 4.9984919e-07 0.22273651
v 0.484348 -0.063439503 -0.68021551
v 0.484348 -0.063439503 -0.68021551
v 0.50384501 -0.056211501 -0.67433652
v 0.50384501 -0.056211501 -0.67433652
v 0.48448101 -0.1640365 -0.68392351
v 0.48448101 -0.1640365 -0.68392351
v 0.26816201 -0.093732499 -0.20371349
v 0.26816201 -0.093732499 -0.20371349
v -0.47649997 -0.069385499 -0.1660905
v -0.47476199 -0.063970499 -0.1712435
v -0.48463398 -0.091448501 -0.1447835
v -0.48463398 -0.091448501 -0.1447835
v -0.47882098 -0.1065095 -0.1449395
v -0.47882098 -0.1065095 -0.1449395
v -0.482559 -0.088147499 -0.1514755
v -0.482559 -0.088147499 -0.1514755
v -0.47960398 -0.096899502 -0.1534255
v -0.47960398 -0.096899502 -0.1534255
v -0.47960398 -0.096899502 -0.1534255
v -0.47960398 -0.096899502 -0.1534255
v -0.474756 -0.095420502 -0.1566525
v -0.474756 -0.095420502 -0.1566525
v -0.485257 -0.092772499 -0.1605145
v -0.36991099 -0.12502851 -0.13640749
v 0.023975011 -0.097189501 -0.1699885
v 0.036577012 -0.0976815 -0.1646255
v 0.036577012 -0.0976815 -0.1646255
v 0.17243302 -0.1069325 -0.1305975
v 0.17243302 -0.1069325 -0.1305975
v 0.17209402 -0.090846501 -0.1326635
v 0.17209402 -0.090846501 -0.1326635
v 0.12971701 -0.1139035 -0.1457565
v 0.12290801 -0.1118905 -0.1291175
v 0.12290801 -0.1118905 -0.1291175
v 0.12019001 -0.1064055 -0.1277625
v 0.12019001 -0.1064055 -0.1277625
v 0.03501901 -0.1058645 -0.1508545
v 0.075754009 -0.1122735 -0.13728249
v 0.075754009 -0.1122735 -0.13728249
v 0.27597502 -0.1347765 -0.1413255
v 0.469464 -0.1020275 -0.1288375
v -0.55803099 -0.1200395 -0.11557849
v -0.70731798 -0.1192785 -0.083251499
v -0.59726498 -0.1009885 -0.094468497
v -0.59726498 -0.1009885 -0.094468497
v -0.59726498 -0.1009885 -0.094468497
v -0.60979196 -0.1216535 -0.078669496
v -0.60979196 -0.1216535 -0.078669496
v -0.61484799 -0.12897751 -0.069032498
v -0.60117397 -0.1017695 -0.075226493
v -0.60117397 -0.1017695 -0.075226493
v -0.60532501 -0.1046445 -0.074116498
v -0.60532501 -0.1046445 -0.074116498
v -0.60532501 -0.1046445 -0.074116498
v -0.60532501 -0.1046445 -0.074116498
v -0.59268197 -0.1214385 -0.071231499
v -0.59270898 -0.1207705 -0.065769494
v 0.12679201 -0.1152005 -0.1086925
v 0.12679201 -0.1152005 -0.1086925
v 0.12679201 -0.1152005 -0.1086925
v 0.12585101 -0.1107635 -0.1041275
v 0.12585101 -0.1107635 -0.1041275
v 0.12585101 -0.1107635 -0.1041275
v 0.12884201 -0.1203435 -0.1188195
v 0.12884201 -0.1203435 -0.1188195
v 0.172488 -0.1250505 -0.10568149
v 0.172488 -0.1250505 -0.10568149
v 0.172488 -0.1250505 -0.10568149
v 0.16710801 -0.12704749 -0.10178649
v 0.16710801 -0.12704749 -0.10178649
v 0.11963401 -0.1032175 -0.1175575
v 0.11963401 -0.1032175 -0.1175575
v -0.022075988 -0.1335955 -0.0760445
v 0.69785902 -0.1122855 -0.11002649
v -0.707176 -0.1168875 -0.061029498
v -0.70383498 -0.1235245 -0.050057497
v -0.48590699 -0.1219705 -0.060486495
v -0.48590699 -0.1219705 -0.060486495
v -0.48577198 -0.12949251 -0.049265496
v 0.16964 -0.1261545 -0.0085404972
v 0.16964 -0.1261545 -0.0085404972
v 0.18710601 -0.1212665 -0.018939497
v 0.17030302 -0.1264375 0.0018505033
v 0.17030302 -0.1264375 0.0018505033
v 0.17964301 -0.1204325 0.0035415031
v 0.17964301 -0.1204325 0.0035415031
v 0.17964301 -0.1204325 0.0035415031
v 0.26630601 -0.1354825 0.064338505
v 0.17345302 -0.1328195 0.011225503
v 0.35259402 -0.097039498 0.2293455
v 0.335455 -0.055251502 0.24679551
v 0.31820601 -0.1357265 0.1898005
v 0.75736299 -0.058269501 0.69116649
v 0.85349903 -0.076817498 0.69096151
v 0.48356402 -0.068848498 -0.68088248
v 0.48638302 -0.068797499 -0.68535152
v 0.48763302 -0.062927499 -0.68146548
v 0.48763302 -0.062927499 -0.68146548
v 0.48386502 -0.062485501 -0.67541352
v 0.48386502 -0.062485501 -0.67541352
v 0.48196 -0.068609498 -0.67518249
v 0.487151 -0.059334502 -0.67637649
v 0.49938902 -0.055600502 -0.6744245
v 0.49966902 -0.059127498 -0.67930147
v 0.49966902 -0.059127498 -0.67930147
v 0.50491199 -0.059667502 -0.6771405
v 0.50491199 -0.059667502 -0.6771405
v 0.51213804 -0.058760501 -0.67083552
v 0.50829801 -0.054392502 -0.66839352
v 0.50829801 -0.054392502 -0.66839352
v 0.503041 -0.052878499 -0.66548648
v 0.48337901 -0.1595775 -0.68559548
v 0.48337901 -0.1595775 -0.68559548
v 0.48059002 -0.1592585 -0.6800085
v 0.48196101 -0.1637055 -0.6792585
v 0.48797801 -0.16273551 -0.68283448
v 0.488161 -0.1593425 -0.68622348
v 0.488161 -0.1593425 -0.68622348
v 0.26204801 -0.097553499 -0.1984065
v 0.26204801 -0.097553499 -0.1984065
v 0.27184701 -0.1074085 -0.1938985
v 0.27184701 -0.1074085 -0.1938985
v 0.27829602 -0.098037504 -0.20232549
v 0.268029 -0.083722502 -0.2069795
v 0.25728703 -0.085300498 -0.2011735
v -0.48759899 -0.0607845 -0.17282049
v -0.48808399 -0.077944502 -0.1663485
v -0.481067 -0.081573501 -0.1582015
v -0.45786798 -0.079685502 -0.1726395
v -0.45711598 -0.058624499 -0.17465949
v -0.494533 -0.1096265 -0.1521185
v -0.49746698 -0.098712496 -0.1605695
v -0.49746698 -0.098712496 -0.1605695
v -0.51155201 -0.1009715 -0.15814149
v -0.48300099 -0.098302498 -0.14679949
v -0.48346299 -0.1060845 -0.1399705
v -0.484723 -0.097932503 -0.13827449
v -0.484723 -0.097932503 -0.13827449
v -0.482844 -0.091769502 -0.13649249
v -0.48122898 -0.087869503 -0.1457915
v -0.48122898 -0.087869503 -0.1457915
v -0.483832 -0.1126055 -0.14219449
v -0.47335398 -0.1092205 -0.1328975
v -0.47487798 -0.1069665 -0.15313649
v -0.474971 -0.0949255 -0.14946349
v -0.474971 -0.0949255 -0.14946349
v -0.47473198 -0.0987655 -0.13998349
v -0.47450599 -0.1018705 -0.12987649
v -0.47839499 -0.1008235 -0.1575015
v -0.47839499 -0.1008235 -0.1575015
v -0.47839499 -0.1008235 -0.1575015
v -0.48460799 -0.1040025 -0.1559325
v -0.46938899 -0.1065425 -0.1555755
v -0.45441899 -0.094148502 -0.1678015
v -0.50015602 -0.081783503 -0.1677855
v -0.50015602 -0.081783503 -0.1677855
v -0.364373 -0.1233455 -0.1295535
v -0.36790898 -0.1168695 -0.14742349
v -0.362122 -0.1113955 -0.14286549
v -0.54701701 -0.1009125 -0.1275705
v -0.54701701 -0.1009125 -0.1275705
v -0.55482998 -0.097514503 -0.1176285
v -0.55482998 -0.097514503 -0.1176285
v -0.549557 -0.093168497 -0.1131235
v -0.54434398 -0.097606502 -0.1164005
v 0.019409012 -0.1077855 -0.16322149
v 0.030192012 -0.097124502 -0.1547945
v 0.033048011 -0.097884499 -0.15243949
v 0.022407012 -0.1154245 -0.15101549
v 0.030276012 -0.099685498 -0.1411985
v 0.042381011 -0.1094755 -0.1577145
v 0.056757011 -0.1090575 -0.1576525
v 0.053169012 -0.097531497 -0.1671215
v 0.173112 -0.095329501 -0.1338395
v 0.173112 -0.095329501 -0.1338395
v 0.17084602 -0.099321499 -0.1360855
v 0.17084602 -0.099321499 -0.1360855
v 0.17084602 -0.099321499 -0.1360855
v 0.16971901 -0.095124498 -0.13358049
v 0.17145102 -0.1124015 -0.12163749
v 0.17145102 -0.1124015 -0.12163749
v 0.17017701 -0.1049875 -0.1201975
v 0.17034601 -0.1016035 -0.1303505
v 0.17323101 -0.1028105 -0.13127349
v 0.17323101 -0.1028105 -0.13127349
v 0.17552902 -0.1070905 -0.1220665
v 0.172929 -0.092148498 -0.12712349
v 0.172929 -0.092148498 -0.12712349
v 0.17523001 -0.096416503 -0.12922549
v 0.16951701 -0.0952245 -0.1278235
v 0.11532101 -0.1124295 -0.1336675
v 0.11532101 -0.1124295 -0.1336675
v 0.14404701 -0.1217805 -0.1365615
v 0.10913301 -0.1104455 -0.14980249
v 0.10704601 -0.1184885 -0.1395465
v 0.10704601 -0.1184885 -0.1395465
v 0.13563901 -0.0981635 -0.15998749
v 0.11210001 -0.096047498 -0.1604365
v 0.11530701 -0.1124605 -0.1182585
v 0.11530701 -0.1124605 -0.1182585
v 0.03657401 -0.1131815 -0.14502349
v 0.049249012 -0.1182065 -0.14789149
v 0.03333801 -0.1026085 -0.1420085
v 0.093104012 -0.1178725 -0.1412255
v 0.091141008 -0.1085895 -0.15317349
v 0.07336501 -0.1075965 -0.15431349
v 0.064012013 -0.1174445 -0.1448525
v 0.064012013 -0.1174445 -0.1448525
v 0.072856009 -0.1206175 -0.1285675
v 0.072856009 -0.1206175 -0.1285675
v 0.076251008 -0.1114995 -0.1224655
v 0.076251008 -0.1114995 -0.1224655
v 0.076251008 -0.1114995 -0.1224655
v 0.084492013 -0.1157935 -0.11889049
v 0.084492013 -0.1157935 -0.11889049
v 0.088114008 -0.1221125 -0.1247485
v 0.088114008 -0.1221125 -0.1247485
v 0.10011701 -0.1267845 -0.1277625
v 0.10011701 -0.1267845 -0.1277625
v 0.14252801 -0.1273915 -0.1212455
v 0.13889301 -0.12988549 -0.1072735
v 0.13889301 -0.12988549 -0.1072735
v 0.23970601 -0.1333985 -0.1244765
v 0.24401601 -0.1341645 -0.1120865
v 0.27664801 -0.1347765 -0.1226815
v 0.27416 -0.1248745 -0.1743255
v 0.256962 -0.13102549 -0.1551865
v 0.23190001 -0.1266735 -0.1358975
v 0.46061301 -0.1016155 -0.13025349
v 0.45821601 -0.1017705 -0.12171549
v 0.469688 -0.1026565 -0.1208465
v 0.47865802 -0.098708503 -0.1183375
v 0.477512 -0.0963265 -0.1252875
v 0.48676601 -0.089815497 -0.12078749
v 0.486303 -0.0865435 -0.12516849
v -0.60981598 -0.1040655 -0.098196499
v -0.60981598 -0.1040655 -0.098196499
v -0.60981598 -0.1040655 -0.098196499
v -0.60984901 -0.1004735 -0.0955735
v -0.60984901 -0.1004735 -0.0955735
v -0.60984901 -0.1004735 -0.0955735
v -0.60446098 -0.1041895 -0.098747499
v -0.60446098 -0.1041895 -0.098747499
v -0.60446098 -0.1041895 -0.098747499
v -0.60191801 -0.099608503 -0.095057495
v -0.60191801 -0.099608503 -0.095057495
v -0.60191801 -0.099608503 -0.095057495
v -0.558018 -0.1213715 -0.10428949
v -0.55240896 -0.1111215 -0.11793949
v -0.54692999 -0.1111385 -0.12287749
v -0.54730001 -0.1150755 -0.1195605
v -0.54682401 -0.1048525 -0.12617749
v -0.71211496 -0.1121915 -0.066418499
v -0.70827201 -0.1150495 -0.069889493
v -0.70883498 -0.1154405 -0.075593494
v -0.71293601 -0.1162065 -0.071339495
v -0.702741 -0.1237125 -0.073888496
v -0.59887502 -0.1032105 -0.0891065
v -0.59887502 -0.1032105 -0.0891065
v -0.59887502 -0.1032105 -0.0891065
v -0.60485896 -0.1079535 -0.090678498
v -0.60410199 -0.1056275 -0.0961245
v -0.60410199 -0.1056275 -0.0961245
v -0.601827 -0.099694498 -0.088865496
v -0.601827 -0.099694498 -0.088865496
v -0.61235496 -0.1216825 -0.060744498
v -0.61235496 -0.1216825 -0.060744498
v -0.61098799 -0.1137345 -0.067178495
v -0.61098799 -0.1137345 -0.067178495
v -0.61074498 -0.1087345 -0.070309497
v -0.61074498 -0.1087345 -0.070309497
v -0.61021498 -0.1169115 -0.080032498
v -0.61021498 -0.1169115 -0.080032498
v -0.61021498 -0.1169115 -0.080032498
v -0.60634199 -0.1127405 -0.081345499
v -0.60634199 -0.1127405 -0.081345499
v -0.60659799 -0.1147075 -0.076422498
v -0.60663196 -0.1169855 -0.072406493
v -0.61748096 -0.1275695 -0.045772497
v -0.606114 -0.1200645 -0.064780496
v -0.60565302 -0.1072635 -0.073404498
v -0.60375497 -0.1057925 -0.077761494
v -0.60085097 -0.1043775 -0.083029494
v -0.60085097 -0.1043775 -0.083029494
v -0.60205302 -0.1002805 -0.082127497
v -0.60205302 -0.1002805 -0.082127497
v -0.61024699 -0.1017495 -0.083791494
v -0.61024699 -0.1017495 -0.083791494
v -0.60651401 -0.1089675 -0.067756496
v -0.60651401 -0.1089675 -0.067756496
v -0.592316 -0.1210745 -0.059990495
v -0.59164998 -0.1267235 -0.075781494
v -0.58935496 -0.12804051 -0.067255497
v -0.59191397 -0.1236405 -0.048808496
v -0.60543302 -0.1219015 -0.053713497
v -0.58811501 -0.1293115 -0.057969496
v 0.13100301 -0.12828051 -0.0881835
v 0.13100301 -0.12828051 -0.0881835
v 0.150267 -0.13369749 -0.087228499
v 0.12746601 -0.1156895 -0.087520495
v 0.12746601 -0.1156895 -0.087520495
v 0.11476201 -0.1192775 -0.1058015
v 0.11476201 -0.1192775 -0.1058015
v 0.11589501 -0.1124955 -0.087406494
v 0.11589501 -0.1124955 -0.087406494
v 0.11180401 -0.1227695 -0.12462249
v 0.11180401 -0.1227695 -0.12462249
v 0.17839602 -0.1143175 -0.1089265
v 0.17030302 -0.1098645 -0.10695349
v 0.17023201 -0.1120245 -0.096415497
v 0.180415 -0.1202435 -0.094087496
v 0.18140601 -0.1265295 -0.094240494
v 0.18140601 -0.1265295 -0.094240494
v 0.15899701 -0.1270545 -0.1221365
v 0.19047901 -0.12860849 -0.0966295
v 0.18251102 -0.1260535 -0.1095195
v 0.17459302 -0.1234505 -0.1213445
v 0.168777 -0.1262785 -0.084808499
v 0.17006901 -0.1118935 -0.080333494
v -0.01805299 -0.1331605 -0.0897085
v -0.041870989 -0.1337585 -0.067627497
v -0.03293699 -0.1336375 -0.051019497
v -0.0073229889 -0.13239349 -0.065331496
v 0.0047820113 -0.13335951 -0.091268495
v 0.67125699 -0.1092325 -0.1050835
v 0.67448899 -0.1099635 -0.091269493
v 0.70078298 -0.1127935 -0.089461498
v 0.68612 -0.1106605 -0.1195805
v 0.66765103 -0.1079635 -0.1132125
v 0.71012202 -0.1134205 -0.1270715
v 0.69973502 -0.1120355 -0.13168649
v 0.733138 -0.1161555 -0.083361499
v -0.712387 -0.1131395 -0.057809498
v -0.712387 -0.1131395 -0.057809498
v -0.70112696 -0.1256005 -0.062484495
v -0.48345298 -0.1221775 -0.046559498
v -0.485457 -0.1149625 -0.070659496
v -0.49157298 -0.1324145 -0.057537496
v 0.171165 -0.1209815 -0.0046494966
v 0.171165 -0.1209815 -0.0046494966
v 0.16994801 -0.1233905 -0.019602496
v 0.16994801 -0.1233905 -0.019602496
v 0.16799001 -0.1303765 -0.022075497
v 0.16799001 -0.1303765 -0.022075497
v 0.15619501 -0.1334835 -0.022577496
v 0.16903101 -0.1285305 -0.0061244969
v 0.16903101 -0.1285305 -0.0061244969
v 0.17221601 -0.1211145 0.0023575032
v 0.17221601 -0.1211145 0.0023575032
v 0.17221601 -0.1211145 0.0023575032
v 0.17221601 -0.1211145 0.0023575032
v 0.17001201 -0.1279245 0.0030655032
v 0.17001201 -0.1279245 0.0030655032
v 0.17001201 -0.1279245 0.0030655032
v 0.16728202 -0.1330065 0.0025615031
v 0.16728202 -0.1330065 0.0025615031
v 0.18761601 -0.13089751 -0.0024404968
v 0.18761601 -0.13089751 -0.0024404968
v 0.18774101 -0.1296135 -0.0060094967
v 0.18774101 -0.1296135 -0.0060094967
v 0.18625601 -0.1249885 -0.0036434969
v 0.18662801 -0.1149355 -0.033837497
v 0.18215401 -0.1087475 -0.032547496
v 0.18215401 -0.1087475 -0.032547496
v 0.18460602 -0.1168125 -0.015973497
v 0.18460602 -0.1168125 -0.015973497
v 0.18575501 -0.1220395 -0.006831497
v 0.18807201 -0.1272935 -0.015338497
v 0.18798602 -0.1224135 -0.034942497
v 0.16266201 -0.1332535 -0.006932497
v 0.15446101 -0.1334715 -0.006810497
v 0.17765801 -0.1160375 -0.0084104966
v 0.17492801 -0.1170745 -0.0052954969
v 0.17492801 -0.1170745 -0.0052954969
v 0.18140002 -0.1179435 -0.0063264966
v 0.18140002 -0.1179435 -0.0063264966
v 0.227547 -0.1352905 0.052612502
v 0.21840802 -0.1351025 0.078895502
v 0.24596801 -0.1353765 0.091495506
v 0.26811501 -0.1352585 0.032339502
v 0.23317002 -0.1351335 0.027716503
v 0.30514002 -0.13550951 0.055553503
v 0.30279303 -0.1353195 0.029908502
v 0.26678601 -0.1356155 0.1117745
v 0.28606001 -0.1357325 0.094373502
v 0.31362 -0.13516051 0.083731502
v 0.16545001 -0.1348505 0.042288505
v 0.19355601 -0.1347135 0.045207504
v 0.20110202 -0.13450851 0.019370504
v 0.21236701 -0.13470151 0.0016885032
v 0.19585101 -0.13386451 -0.00057249679
v -0.86929497 -0.1224585 0.1926785
v -0.875824 -0.1269425 0.1786195
v -0.855266 -0.1213245 0.2004575
v 0.35578001 -0.084255502 0.22924051
v 0.377222 -0.081681497 0.2129415
v 0.37937 -0.0903975 0.2117715
v 0.33413702 -0.1052295 0.23510151
v 0.31972 -0.089548498 0.25203949
v 0.33207202 -0.083134502 0.25057849
v 0.38269302 -0.098111503 0.2074035
v 0.35845101 -0.1071925 0.21827051
v 0.34235302 -0.1124465 0.22307551
v 0.330042 -0.060700499 0.25324151
v 0.32567 -0.043940499 0.25664949
v 0.33267102 -0.042590499 0.2482495
v 0.34185201 -0.043645501 0.2372095
v 0.34255302 -0.061738499 0.23931551
v 0.338727 -0.074337497 0.24545351
v 0.31048301 -0.13601249 0.17699951
v 0.30205601 -0.13563751 0.1840225
v 0.315083 -0.13522451 0.1977015
v 0.32689703 -0.1352195 0.1896905
v 0.321302 -0.13571049 0.1705835
v 0.326325 -0.1342465 0.20070951
v -0.85372397 -0.0546345 0.36296651
v -0.84345898 -0.054867499 0.36445349
v 0.752404 -0.046347499 0.6911675
v 0.77015999 -0.0444915 0.69117352
v 0.76991501 -0.060269501 0.69117853
v 0.74364802 -0.071227498 0.6911315
v 0.73074403 -0.056380499 0.69110849
v 0.75870302 -0.080967501 0.69115248
v 0.84077904 -0.080391504 0.69101849
v 0.84344503 -0.062957503 0.69110051
v 0.86105904 -0.066299498 0.69101152
v 0.86235902 -0.088271499 0.69053552
v 0.84683701 -0.097376503 0.69050148
v 0.87612101 -0.076429501 0.69055352
v 0.88823798 -0.060898501 0.69053248
v 0.90124699 -0.067839503 0.68727651
v 0.88729402 -0.085407503 0.68743053
v 0.87087503 -0.099363498 0.68773147
v 0.87106404 -0.053299502 0.69099352
v 0.87884203 -0.037152499 0.6909785
v 0.89769998 -0.042442501 0.6904715
v 0.84970799 -0.0486455 0.69111148
v 0.85596201 -0.033086501 0.69111148
v 0.859979 -0.0167455 0.69110349
v 0.88377103 -0.019095501 0.69097152
v 0.83147702 -0.047659501 0.69113949
v 0.83542803 -0.031494502 0.69113752
v 0.83811399 -0.015771501 0.69113353
v 0.81717899 -0.030770499 0.6911495
v 0.81863102 -0.0153195 0.69114551
v 0.91843799 -0.023790501 0.68670949
v 0.90336999 -0.021668499 0.69029948
v 0.91193798 -0.0469785 0.68698052
v 0.93066499 -0.0255285 0.67936352
v 0.923825 -0.050765499 0.67954853
v 0.91193798 -0.073710501 0.67977253
v 0.93128702 -0.053047501 0.66723052
v 0.91916403 -0.077664502 0.66797653
v 0.91916403 -0.077664502 0.66797653
v 0.90262899 -0.098662503 0.66888151
v 0.90262899 -0.098662503 0.66888151
v 0.89642903 -0.093183503 0.68028149
v 0.88285401 -0.1155575 0.66975853
v 0.878117 -0.1089685 0.68077353
v 0.86036798 -0.1279645 0.6703625
v 0.85741499 -0.1205515 0.6810725
v 0.85741499 -0.1205515 0.6810725
v 0.85277399 -0.1097405 0.68789348
v 0.83482602 -0.12824251 0.68161449
v 0.83248803 -0.1168455 0.68807951
v 0.82980099 -0.1038745 0.6904715
v 0.80999103 -0.1206995 0.6881465
v 0.80991998 -0.1072975 0.69054052
v 0.80997398 -0.090097502 0.69108149
v 0.82690701 -0.086192504 0.69106051
v 0.81159201 -0.066949502 0.69115451
v 0.827391 -0.0649895 0.69113651
v 0.814827 -0.047557499 0.69115248
v 0.79615501 -0.066961497 0.69117448
v 0.799068 -0.046977501 0.69116351
v 0.80012301 -0.0304245 0.6911625
v 0.78424904 -0.045562502 0.6911715
v 0.78361699 -0.029971501 0.69117448
v 0.78260502 -0.0148865 0.6911805
v 0.80048499 -0.015011501 0.69116452
v 0.93820903 -0.0264605 0.66700152
v 0.940945 -0.026748501 0.65201953
v 0.940945 -0.026748501 0.65201953
v 0.93395802 -0.053669501 0.65213647
v 0.93395802 -0.053669501 0.65213647
v 0.94277701 -0.0270555 0.6343675
v 0.93566802 -0.054094501 0.63489953
v 0.923363 -0.079653502 0.6365445
v 0.923363 -0.079653502 0.6365445
v 0.92187199 -0.079074502 0.65327653
v 0.92187199 -0.079074502 0.65327653
v 0.92187199 -0.079074502 0.65327653
v 0.90618703 -0.1016495 0.63822153
v 0.904856 -0.1006205 0.65468249
v 0.88514903 -0.1193415 0.63968948
v 0.88443699 -0.1180695 0.65604451
v 0.86156198 -0.1327195 0.64102849
v 0.86129501 -0.1310475 0.6571115
v 0.83550003 -0.14060549 0.64252552
v 0.83599201 -0.13908949 0.65812048
v 0.83618799 -0.13644449 0.67151448
v 0.80933401 -0.1430425 0.65928653
v 0.810146 -0.1406655 0.67240348
v 0.81028798 -0.13238449 0.6821495
v 0.78296599 -0.1407755 0.6728535
v 0.78465101 -0.1325095 0.6824635
v 0.78465101 -0.1325095 0.6824635
v 0.78676799 -0.1208005 0.6883395
v 0.758643 -0.1282195 0.68252048
v 0.758643 -0.1282195 0.68252048
v 0.76303199 -0.1168925 0.68862548
v 0.76303199 -0.1168925 0.68862548
v 0.76817802 -0.1039395 0.6907635
v 0.788959 -0.1073545 0.69066051
v 0.77470002 -0.086885497 0.69116548
v 0.79192999 -0.089990497 0.69113049
v 0.78178498 -0.064544499 0.69118348
v 0.74840501 -0.096003503 0.69082949
v 0.740419 -0.1078435 0.68878451
v 0.740419 -0.1078435 0.68878451
v 0.71950099 -0.093853503 0.68909851
v 0.73010799 -0.083686501 0.69090548
v 0.702378 -0.074020498 0.68933848
v 0.71474603 -0.066237502 0.6908395
v 0.690424 -0.0505815 0.68945351
v 0.70412901 -0.045443501 0.69094649
v 0.722271 -0.0389755 0.6911135
v 0.697772 -0.0230975 0.69094053
v 0.71709403 -0.019755499 0.69110051
v 0.74074301 -0.016754501 0.69117048
v 0.74508598 -0.032557499 0.69116548
v 0.76356104 -0.0152815 0.69118449
v 0.766278 -0.029957499 0.69117752
v 0.94452301 -0.0274565 0.61347553
v 0.94586703 -0.0278925 0.59036449
v 0.93871298 -0.055627499 0.59346148
v 0.93722704 -0.054729499 0.61539951
v 0.92618802 -0.081602499 0.5957205
v 0.92475703 -0.080469497 0.61753252
v 0.92475703 -0.080469497 0.61753252
v 0.90853903 -0.1040745 0.59749749
v 0.90733203 -0.1027535 0.61945352
v 0.88680103 -0.1221525 0.59888753
v 0.88592002 -0.1206575 0.62092051
v 0.86173102 -0.1350085 0.60007849
v 0.86160401 -0.1339165 0.62211552
v 0.83458701 -0.1426865 0.60105851
v 0.83497301 -0.1416755 0.62345651
v 0.806398 -0.14541949 0.60195848
v 0.80738702 -0.1447935 0.62440851
v 0.808386 -0.1439945 0.6440815
v 0.779102 -0.1447275 0.62504348
v 0.78059402 -0.14413451 0.64488748
v 0.78178099 -0.14324249 0.66003451
v 0.75189504 -0.14031351 0.6447815
v 0.75338402 -0.13940249 0.66017148
v 0.75533 -0.1362585 0.67298451
v 0.72821602 -0.1261265 0.67316851
v 0.72821602 -0.1261265 0.67316851
v 0.73350599 -0.1183265 0.68272349
v 0.73350599 -0.1183265 0.68272349
v 0.703208 -0.1089745 0.67384449
v 0.71068099 -0.1023545 0.68315253
v 0.68317804 -0.0256395 0.68954751
v 0.94588199 -0.029141501 0.54515448
v 0.94681004 -0.0284785 0.56702152
v 0.93939403 -0.057602499 0.54764548
v 0.94010302 -0.056918502 0.57007548
v 0.92721501 -0.083775498 0.54898748
v 0.927416 -0.082958497 0.57236251
v 0.90993002 -0.1065315 0.5500305
v 0.80538699 -0.14622051 0.57732853
v 0.77565202 -0.1458575 0.57795849
v 0.77739504 -0.1453075 0.60262248
v 0.75005999 -0.1408935 0.62571248
v 0.91973904 -0.026393499 0.50503752
v 0.93447903 -0.0283195 0.52604952
v 0.91344503 -0.051356502 0.50547352
v 0.928408 -0.055030499 0.52647951
v 0.90447703 -0.074229501 0.50524351
v 0.91757002 -0.079642497 0.52672151
v 0.89157102 -0.093099497 0.50558248
v 0.90201399 -0.1005775 0.52732649
v 0.874778 -0.1082925 0.50614348
v 0.88244 -0.1178965 0.52775553
v 0.89382699 -0.0232435 0.4561125
v 0.90524998 -0.0244765 0.4815875
v 0.88711199 -0.0459745 0.45706251
v 0.89854804 -0.047999501 0.48245952
v 0.88120404 -0.066374503 0.45689949
v 0.89170304 -0.069449499 0.4818095
v 0.87399301 -0.0818865 0.45699149
v 0.88142702 -0.086256497 0.48201451
v 0.86711201 -0.099162497 0.48282552
v 0.88203201 -0.023223501 0.4023245
v 0.88632503 -0.0229045 0.42930451
v 0.87620899 -0.046605501 0.40325549
v 0.87975302 -0.045589499 0.43027651
v 0.87250003 -0.0652925 0.4041965
v 0.87527201 -0.065419503 0.4306595
v 0.868269 -0.079823501 0.40499851
v 0.869706 -0.079974502 0.4312875
v 0.882875 -0.024937499 0.3492215
v 0.88100001 -0.0240175 0.3755855
v 0.87774703 -0.049084499 0.35003549
v 0.87774703 -0.049084499 0.35003549
v 0.87566504 -0.047879498 0.3764925
v 0.87489203 -0.0677495 0.35120049
v 0.87489203 -0.0677495 0.35120049
v 0.87261602 -0.066030502 0.3775925
v 0.87075499 -0.082035497 0.35196552
v 0.87075499 -0.082035497 0.35196552
v 0.86879703 -0.0804625 0.3783505
v 0.69684604 -0.037965499 0.38004652
v 0.69680902 -0.0380865 0.40560451
v 0.68597302 -0.018653501 0.4062815
v 0.68600199 -0.018598501 0.38122451
v 0.88146302 -0.050594501 0.32390252
v 0.883463 -0.0735595 0.30034551
v 0.87838802 -0.070205502 0.3253375
v 0.87867901 -0.089052498 0.30195349
v 0.87465504 -0.0854045 0.32656151
v 0.868507 -0.1005535 0.30216151
v 0.694796 -0.038042501 0.35536751
v 0.683898 -0.018376499 0.35717049
v 0.87489304 -0.1048325 0.27898949
v 0.50505903 -0.0690585 0.18232751
v 0.50560501 -0.0586305 0.18249351
v 0.50618199 -0.043362502 0.1824705
v 0.48724401 -0.0583455 0.1808565
v 0.48735502 -0.0430375 0.18060151
v 0.48770401 -0.023936501 0.18052651
v 0.76229402 -0.1210795 0.061307505
v 0.73206404 -0.1170245 0.055416502
v 0.66471699 -0.1093015 0.091991507
v 0.50429198 -0.084580503 0.1790525
v 0.504572 -0.077256501 0.1819115
v 0.487111 -0.084324501 0.1787495
v 0.487122 -0.077117503 0.1806705
v 0.48715901 -0.068832502 0.1808605
v 0.470341 -0.0778035 0.1849875
v 0.469881 -0.069022499 0.1851225
v 0.469578 -0.0582995 0.1852475
v 0.45156902 -0.068061501 0.1890835
v 0.45121101 -0.057859499 0.1891855
v 0.450876 -0.042884499 0.1892875
v 0.46941602 -0.0429755 0.18530451
v 0.45061001 -0.0235215 0.18938151
v 0.469511 -0.023706499 0.1855375
v 0.76643804 -0.1211955 0.013379503
v 0.76487103 -0.1212375 0.037489504
v 0.73558399 -0.1170945 0.0082735028
v 0.73428401 -0.1171135 0.032079503
v 0.70495 -0.1136375 0.0032395031
v 0.70372298 -0.1136585 0.027031504
v 0.70168403 -0.1136165 0.050374504
v 0.67371902 -0.1104095 0.022755504
v 0.67153999 -0.1102315 0.046367504
v 0.66866001 -0.1098975 0.069368504
v 0.64179501 -0.1058235 0.043183502
v 0.639038 -0.1056345 0.066586502
v 0.60971299 -0.1023265 0.064789504
v 0.60679904 -0.1019895 0.088618502
v 0.48690403 -0.088775501 0.17302451
v 0.46989402 -0.092169501 0.17750651
v 0.470357 -0.0858735 0.1824955
v 0.45100802 -0.091282502 0.1817885
v 0.45169502 -0.0853545 0.1871905
v 0.451828 -0.077030502 0.18878751
v 0.43293202 -0.082908504 0.1903885
v 0.432982 -0.075422503 0.1923175
v 0.43260702 -0.067271501 0.19276351
v 0.41511202 -0.0765725 0.1968215
v 0.414157 -0.068929501 0.1974525
v 0.413073 -0.059696499 0.19787051
v 0.43215701 -0.057990499 0.1929535
v 0.41166902 -0.0442845 0.1982325
v 0.431508 -0.043105502 0.19309551
v 0.41055202 -0.023520499 0.1984365
v 0.430859 -0.023301501 0.1932445
v 0.76734301 -0.1211405 -0.010809497
v 0.73600098 -0.1168035 -0.039212495
v 0.73613402 -0.1170225 -0.015631497
v 0.70483604 -0.1134195 -0.044699498
v 0.70533702 -0.1135495 -0.020852497
v 0.67612299 -0.1103355 -0.049702495
v 0.675989 -0.1103745 -0.025626497
v 0.675199 -0.1103825 -0.0012794968
v 0.64631 -0.1058805 -0.029566497
v 0.645376 -0.1059005 -0.0050514969
v 0.64389101 -0.1059065 0.019313503
v 0.61493 -0.1023015 -0.0081574968
v 0.613736 -0.1024565 0.016539503
v 0.61195502 -0.1024755 0.040855505
v 0.58345398 -0.0982145 0.014566503
v 0.582436 -0.098275498 0.039283503
v 0.58106801 -0.098245502 0.063825503
v 0.55221298 -0.096424498 0.038698502
v 0.55211899 -0.096554503 0.063682504
v 0.52265701 -0.093293503 0.064226501
v 0.432354 -0.0888495 0.1858715
v 0.41527402 -0.088640504 0.1902345
v 0.41568401 -0.083595499 0.1952315
v 0.400244 -0.092530504 0.1946805
v 0.39977702 -0.088207498 0.1994185
v 0.39830902 -0.0816985 0.2022455
v 0.39632401 -0.074194498 0.2035455
v 0.374733 -0.0673825 0.21356051
v 0.39413902 -0.063909501 0.2043055
v 0.37266102 -0.047452502 0.21383551
v 0.39179602 -0.046231501 0.20488751
v 0.37164801 -0.0242525 0.2138655
v 0.390652 -0.0240355 0.20517151
v 0.70355204 -0.1131855 -0.067889497
v 0.67568299 -0.1101815 -0.072189495
v 0.64599898 -0.1053195 -0.091334499
v 0.646391 -0.1055615 -0.0745885
v 0.64662501 -0.1057725 -0.053207498
v 0.61637601 -0.1017685 -0.076908499
v 0.61614802 -0.1019765 -0.056283496
v 0.61568901 -0.1021745 -0.032913499
v 0.58521304 -0.098182499 -0.058920495
v 0.58471802 -0.098198503 -0.035537496
v 0.584169 -0.098195501 -0.010491497
v 0.55224803 -0.095979497 -0.036994498
v 0.55192199 -0.096099503 -0.011736496
v 0.55188999 -0.096264496 0.013611503
v 0.51980999 -0.092774503 -0.011900497
v 0.520192 -0.092873499 0.013622503
v 0.52110299 -0.093050502 0.038959503
v 0.49698302 -0.0908885 0.014069503
v 0.49738002 -0.0907555 0.039569505
v 0.48363101 -0.092270501 0.040209502
v 0.48299101 -0.092421502 0.066296503
v 0.473436 -0.0993995 0.067268506
v 0.384536 -0.1029275 0.2017325
v 0.36216301 -0.1120495 0.2109075
v 0.34877402 -0.1221095 0.2073455
v 0.34595102 -0.1174535 0.21531551
v 0.33624002 -0.1275755 0.2093955
v 0.332636 -0.1228425 0.2170485
v 0.332636 -0.1228425 0.2170485
v 0.327663 -0.1174625 0.2254345
v 0.327663 -0.1174625 0.2254345
v 0.318295 -0.1265655 0.2163545
v 0.31211701 -0.1201305 0.2240815
v 0.304005 -0.1096025 0.23343851
v 0.304005 -0.1096025 0.23343851
v 0.31893402 -0.1085545 0.2367115
v 0.31893402 -0.1085545 0.2367115
v 0.29417002 -0.0932955 0.24383651
v 0.29417002 -0.0932955 0.24383651
v 0.30720702 -0.092511497 0.24970251
v 0.30720702 -0.092511497 0.24970251
v 0.30720702 -0.092511497 0.24970251
v 0.28560001 -0.072831497 0.2517485
v 0.298053 -0.0719335 0.25795051
v 0.298053 -0.0719335 0.25795051
v 0.31006801 -0.0695455 0.26065251
v 0.31006801 -0.0695455 0.26065251
v 0.29386601 -0.049331501 0.26011351
v 0.30528802 -0.047843501 0.26251751
v 0.30528802 -0.047843501 0.26251751
v 0.316084 -0.0459125 0.26160851
v 0.32139102 -0.065741502 0.25899652
v 0.30300802 -0.024479501 0.26299751
v 0.313537 -0.023757501 0.26215249
v 0.32262701 -0.023132499 0.25727251
v 0.32961702 -0.0228805 0.24961549
v 0.33910802 -0.023187499 0.2379325
v 0.35381302 -0.023814499 0.2243965
v 0.35512701 -0.046563499 0.22497651
v 0.67855003 -0.1017395 -0.1310335
v 0.68092999 -0.1086605 -0.12609449
v 0.66339204 -0.0998445 -0.1286985
v 0.66497901 -0.1056135 -0.12168749
v 0.64412203 -0.097395502 -0.1277975
v 0.64409199 -0.1032565 -0.1211945
v 0.64475402 -0.1045255 -0.1119895
v 0.61767998 -0.1000715 -0.1220345
v 0.61739799 -0.1014235 -0.11317249
v 0.61715302 -0.1016615 -0.1039855
v 0.64576903 -0.1050785 -0.1027955
v 0.61663201 -0.1017155 -0.092671499
v 0.58644798 -0.097964503 -0.10512049
v 0.58607301 -0.098081499 -0.0946595
v 0.58565 -0.098156497 -0.078675494
v 0.55367002 -0.095880501 -0.094615497
v 0.55301604 -0.095911503 -0.079094499
v 0.55253801 -0.095927499 -0.060225498
v 0.52109304 -0.092640497 -0.078619495
v 0.52026603 -0.092634499 -0.060243499
v 0.51983199 -0.092688501 -0.037246495
v 0.49768302 -0.090670504 -0.060245495
v 0.49692401 -0.090749502 -0.036957499
v 0.49682403 -0.090752497 -0.011599497
v 0.48468801 -0.092097498 -0.036558498
v 0.484382 -0.092132501 -0.011265497
v 0.48402101 -0.0922525 0.014540503
v 0.47869301 -0.099632502 -0.010861496
v 0.477779 -0.099710502 0.015059503
v 0.47691402 -0.099901497 0.040948503
v 0.467673 -0.1018025 0.015449503
v 0.46570301 -0.1006335 0.041433502
v 0.451626 -0.098704502 0.041887503
v 0.38626701 -0.1055275 0.1287805
v 0.36742601 -0.1177865 0.15792951
v 0.36711302 -0.1183185 0.1789825
v 0.35134003 -0.12737951 0.1830395
v 0.35092801 -0.1259965 0.1971145
v 0.33827803 -0.1333525 0.1864035
v 0.33843601 -0.1311935 0.19976451
v 0.323226 -0.1314335 0.2091555
v 0.30941001 -0.1336295 0.20403451
v 0.303186 -0.1284395 0.21077551
v 0.29421902 -0.13383549 0.1917295
v 0.28787002 -0.1275325 0.1989205
v 0.282132 -0.1185295 0.20641351
v 0.282132 -0.1185295 0.20641351
v 0.29686701 -0.1206915 0.2177595
v 0.29686701 -0.1206915 0.2177595
v 0.27580801 -0.1065245 0.2153285
v 0.28980902 -0.1089785 0.2262295
v 0.28980902 -0.1089785 0.2262295
v 0.269319 -0.091785498 0.22397551
v 0.28166002 -0.093069501 0.2353725
v 0.26525801 -0.072860502 0.22872651
v 0.27452901 -0.072922498 0.24179751
v 0.26622 -0.050079498 0.2300085
v 0.27367902 -0.049693499 0.2430225
v 0.28307 -0.049760502 0.25362751
v 0.27453601 -0.0254435 0.24482651
v 0.28298002 -0.025356499 0.2544935
v 0.618489 -0.093960501 -0.1278705
v 0.58829299 -0.090944499 -0.12929849
v 0.58735499 -0.096323498 -0.12320349
v 0.556227 -0.089204498 -0.12885749
v 0.555208 -0.094766498 -0.12343349
v 0.55482301 -0.095604502 -0.11474749
v 0.58684 -0.097633503 -0.11446249
v 0.55446401 -0.095818497 -0.1055335
v 0.52480099 -0.092637502 -0.11297549
v 0.52386704 -0.092774503 -0.1043255
v 0.522176 -0.0927075 -0.093758494
v 0.50035599 -0.090308502 -0.1048535
v 0.499163 -0.090450503 -0.093902498
v 0.498431 -0.090546504 -0.078930497
v 0.485589 -0.091896497 -0.095035493
v 0.48533303 -0.091854498 -0.079680495
v 0.48511001 -0.091952503 -0.060099497
v 0.47937202 -0.0994775 -0.080154493
v 0.47936201 -0.099553503 -0.059897497
v 0.47909501 -0.099613503 -0.036175497
v 0.47002402 -0.1030015 -0.059817497
v 0.46952501 -0.1027095 -0.035868496
v 0.469046 -0.1023065 -0.010554497
v 0.45809802 -0.1010175 -0.035746496
v 0.45724303 -0.1004655 -0.010278497
v 0.45524001 -0.0996975 0.015736504
v 0.43846902 -0.097957499 -0.0097124968
v 0.435855 -0.097313501 0.016367503
v 0.38860801 -0.1042025 0.046494503
v 0.387521 -0.1049295 0.073624507
v 0.386823 -0.1052485 0.1015715
v 0.366236 -0.1173365 0.0754425
v 0.36713701 -0.1173815 0.10364851
v 0.367504 -0.1172295 0.1318725
v 0.34476402 -0.1275205 0.1064975
v 0.348129 -0.1272065 0.1351835
v 0.350108 -0.1274175 0.1620395
v 0.329638 -0.1342155 0.1395245
v 0.334755 -0.1340525 0.1655875
v 0.311997 -0.1358135 0.1467665
v 0.3224 -0.13460749 0.1121905
v 0.30073202 -0.13583951 0.1218345
v 0.28379402 -0.13584051 0.13450751
v 0.298208 -0.13604251 0.1563995
v 0.27182001 -0.1351275 0.1469605
v 0.287893 -0.1355245 0.1660455
v 0.262905 -0.1305445 0.1581845
v 0.278887 -0.1329855 0.17535551
v 0.25678602 -0.1202175 0.1693795
v 0.27274102 -0.1246925 0.18381751
v 0.25167102 -0.1082865 0.18304351
v 0.26752102 -0.1141965 0.1934475
v 0.26752102 -0.1141965 0.1934475
v 0.24810702 -0.097609498 0.19521751
v 0.24810702 -0.097609498 0.19521751
v 0.26239502 -0.1022645 0.20388751
v 0.26239502 -0.1022645 0.20388751
v 0.24622101 -0.0863875 0.2056745
v 0.24622101 -0.0863875 0.2056745
v 0.25857002 -0.088813499 0.2127305
v 0.24646601 -0.070379503 0.2115275
v 0.25754002 -0.0716995 0.2174505
v 0.24845901 -0.049760502 0.21311951
v 0.25908801 -0.050054502 0.2196255
v 0.26005501 -0.0257235 0.22175251
v 0.528312 -0.077985503 -0.1287895
v 0.52658901 -0.086063497 -0.12709349
v 0.52658901 -0.086063497 -0.12709349
v 0.50446799 -0.077923499 -0.12696549
v 0.503939 -0.0842935 -0.1246165
v 0.503939 -0.0842935 -0.1246165
v 0.50295302 -0.088234499 -0.11945949
v 0.52538201 -0.091537498 -0.1212205
v 0.50169602 -0.089858502 -0.1127695
v 0.48639601 -0.091801502 -0.11465149
v 0.48598301 -0.092490502 -0.1065145
v 0.47893602 -0.099460497 -0.10891449
v 0.47902602 -0.099421501 -0.096254498
v 0.469933 -0.1029585 -0.11051749
v 0.47018 -0.1030565 -0.0970245
v 0.47029802 -0.1030995 -0.080439501
v 0.45872402 -0.1019335 -0.0976175
v 0.45924503 -0.1018835 -0.080760494
v 0.45885003 -0.1015385 -0.059957497
v 0.44110501 -0.0984575 -0.0812805
v 0.441046 -0.098489501 -0.059962496
v 0.44026801 -0.098329499 -0.035427496
v 0.36453801 -0.1158925 0.022298504
v 0.36540201 -0.1168515 0.048382502
v 0.33441702 -0.1260515 0.025120502
v 0.33685002 -0.1270995 0.050654504
v 0.34053901 -0.1275765 0.0779735
v 0.333058 -0.1246635 -0.00029949681
v 0.302773 -0.1345765 0.0034485031
v 0.30311 -0.1336125 -0.023098497
v 0.274387 -0.1351115 -0.020020496
v 0.27125001 -0.13510451 0.0061715031
v 0.24491601 -0.1349095 -0.018166497
v 0.23943602 -0.13498551 0.0049675032
v 0.22097401 -0.13482051 -0.018067496
v 0.24834602 -0.1348625 -0.042637497
v 0.22556601 -0.1347395 -0.039968498
v 0.21142201 -0.1343565 -0.038589496
v 0.20674701 -0.13431551 -0.018140497
v 0.20241301 -0.1339485 -0.037497498
v 0.19809902 -0.1338055 -0.017275497
v 0.19377801 -0.1333385 -0.036084495
v 0.19181401 -0.13319349 -0.017317496
v 0.19181401 -0.13319349 -0.017317496
v 0.18873802 -0.1292405 -0.035744496
v 0.18873802 -0.1292405 -0.035744496
v 0.18844701 -0.1305785 -0.016127497
v 0.18844701 -0.1305785 -0.016127497
v 0.19334601 -0.1331715 -0.057153497
v 0.19334601 -0.1331715 -0.057153497
v 0.18809901 -0.12641551 -0.056581497
v 0.18809901 -0.12641551 -0.056581497
v 0.18809901 -0.12641551 -0.056581497
v 0.18809901 -0.12641551 -0.056581497
v 0.18742502 -0.1174935 -0.056345496
v 0.18742502 -0.1174935 -0.056345496
v 0.18715701 -0.1138665 -0.076360494
v 0.18715701 -0.1138665 -0.076360494
v 0.18601902 -0.1027855 -0.074644499
v 0.18601902 -0.1027855 -0.074644499
v 0.18458901 -0.1073995 -0.055338498
v 0.18458901 -0.1073995 -0.055338498
v 0.18443801 -0.1226505 -0.075946495
v 0.18443801 -0.1226505 -0.075946495
v 0.18752602 -0.1096545 -0.0936305
v 0.18752602 -0.1096545 -0.0936305
v 0.18849701 -0.1305165 -0.076574497
v 0.18849701 -0.1305165 -0.076574497
v 0.18849701 -0.1305165 -0.076574497
v 0.19816701 -0.13330349 -0.079134494
v 0.20282501 -0.1337505 -0.058564495
v 0.21270502 -0.13413949 -0.060301498
v 0.20870201 -0.1336285 -0.081701495
v 0.22409602 -0.1340705 -0.0855335
v 0.217847 -0.1330985 -0.1031895
v 0.201193 -0.1317865 -0.099568494
v 0.22685902 -0.1345005 -0.063011497
v 0.24955001 -0.13476551 -0.068005495
v 0.24827801 -0.13454451 -0.092536494
v 0.27749601 -0.1348505 -0.1000285
v 0.26272801 -0.1150095 -0.1816885
v 0.26272801 -0.1150095 -0.1816885
v 0.25320002 -0.1033985 -0.18752649
v 0.24103001 -0.1067575 -0.1708115
v 0.24760601 -0.1201985 -0.1635665
v 0.24760601 -0.1201985 -0.1635665
v 0.22469202 -0.1057815 -0.15567049
v 0.22469202 -0.1057815 -0.15567049
v 0.22760001 -0.1175195 -0.1457435
v 0.22760001 -0.1175195 -0.1457435
v 0.20530801 -0.1071415 -0.1490905
v 0.20530801 -0.1071415 -0.1490905
v 0.20559901 -0.1172405 -0.1378175
v 0.20837401 -0.1240105 -0.1266865
v 0.18678302 -0.1170725 -0.1344175
v 0.190455 -0.1236075 -0.1231175
v 0.19510601 -0.12750649 -0.1120405
v 0.21325901 -0.1290545 -0.1152105
v 0.16738102 -0.1186115 -0.13459849
v 0.18518001 -0.1077075 -0.1456255
v 0.16243801 -0.1110105 -0.1466005
v 0.18538901 -0.093827501 -0.1570475
v 0.16383401 -0.095457502 -0.1568885
v 0.091729008 -0.096015498 -0.16393049
v 0.070838012 -0.095758498 -0.1651115
v -0.007634989 -0.095225498 -0.1753345
v -0.033999987 -0.076615497 -0.1819745
v -0.032567989 -0.095308498 -0.1756835
v -0.026578989 -0.1097675 -0.1649185
v -0.026578989 -0.1097675 -0.1649185
v -0.0032799887 -0.1088685 -0.1664395
v -0.04781799 -0.074705496 -0.1817075
v -0.04347799 -0.0921745 -0.1710265
v -0.041640989 -0.1064495 -0.16008049
v -0.037333988 -0.1192405 -0.1480065
v -0.017767988 -0.1204585 -0.15088549
v -0.026769988 -0.1272805 -0.1298265
v -0.0051399888 -0.1265845 -0.13209949
v 0.014307011 -0.1261235 -0.13398549
v 0.0047460115 -0.1190345 -0.1525625
v 0.026612012 -0.1187635 -0.1330265
v 0.021338012 -0.1305905 -0.11337949
v 0.028510012 -0.1192405 -0.11161549
v 0.030404011 -0.1079325 -0.10954449
v 0.029763011 -0.1081515 -0.1291285
v 0.034024011 -0.1130945 -0.1104405
v 0.033096012 -0.1048955 -0.1275795
v 0.039723013 -0.1255935 -0.1113545
v 0.03449101 -0.1141475 -0.12918049
v 0.054664012 -0.1307665 -0.11103249
v 0.044115011 -0.1248365 -0.13219149
v 0.07021901 -0.1276785 -0.1092585
v 0.07021901 -0.1276785 -0.1092585
v 0.05922401 -0.12573349 -0.1319385
v 0.07594201 -0.1170645 -0.10630549
v 0.07594201 -0.1170645 -0.10630549
v 0.07594201 -0.1170645 -0.10630549
v 0.074289009 -0.1250395 -0.087359495
v 0.074289009 -0.1250395 -0.087359495
v 0.081863008 -0.1165335 -0.084843494
v 0.081863008 -0.1165335 -0.084843494
v 0.086334012 -0.1243165 -0.087381497
v 0.086334012 -0.1243165 -0.087381497
v 0.083992012 -0.1133315 -0.1059925
v 0.083992012 -0.1133315 -0.1059925
v 0.083992012 -0.1133315 -0.1059925
v 0.095653012 -0.1335315 -0.088310495
v 0.095653012 -0.1335315 -0.088310495
v 0.08770901 -0.1237865 -0.1077685
v 0.08770901 -0.1237865 -0.1077685
v 0.10659401 -0.1333255 -0.088469498
v 0.10659401 -0.1333255 -0.088469498
v 0.097617008 -0.1329805 -0.1088215
v 0.097617008 -0.1329805 -0.1088215
v 0.11492901 -0.1226855 -0.088244498
v 0.11492901 -0.1226855 -0.088244498
v 0.11492901 -0.1226855 -0.088244498
v 0.11076701 -0.13017251 -0.1088175
v 0.11076701 -0.13017251 -0.1088175
v 0.11530101 -0.1237865 -0.066111498
v 0.11530101 -0.1237865 -0.066111498
v 0.11530101 -0.1237865 -0.066111498
v 0.11612601 -0.1149725 -0.065318495
v 0.11612601 -0.1149725 -0.065318495
v 0.12821302 -0.1154055 -0.065630496
v 0.12829001 -0.1197475 -0.043129496
v 0.13463201 -0.1287775 -0.042449497
v 0.15033101 -0.1336875 -0.042444497
v 0.13099901 -0.12696449 -0.065911494
v 0.16264701 -0.13332149 -0.041184496
v 0.14687501 -0.1337775 -0.064947493
v 0.169796 -0.1219045 -0.038471498
v 0.16196901 -0.1333915 -0.063258499
v 0.17044002 -0.1121735 -0.035390496
v 0.17044002 -0.1121735 -0.035390496
v 0.17015801 -0.1194865 -0.060862496
v 0.17573401 -0.1060185 -0.032937497
v 0.17573401 -0.1060185 -0.032937497
v 0.17014101 -0.1075555 -0.057279497
v 0.17014101 -0.1075555 -0.057279497
v 0.17789102 -0.1008845 -0.054883495
v 0.17789102 -0.1008845 -0.054883495
v 0.17789102 -0.1008845 -0.054883495
v 0.17789102 -0.1008845 -0.054883495
v 0.17548001 -0.098694503 -0.075845495
v 0.17548001 -0.098694503 -0.075845495
v 0.17055601 -0.099387497 -0.092130497
v 0.18267001 -0.098965503 -0.091543496
v 0.18267001 -0.098965503 -0.091543496
v 0.17943302 -0.0952195 -0.1064085
v 0.17943302 -0.0952195 -0.1064085
v 0.17943302 -0.0952195 -0.1064085
v 0.16983101 -0.098613501 -0.1056345
v 0.18525001 -0.1045705 -0.1089275
v 0.18525001 -0.1045705 -0.1089275
v 0.179368 -0.099357501 -0.1210235
v 0.17555201 -0.093262501 -0.1183365
v 0.17555201 -0.093262501 -0.1183365
v 0.16935101 -0.097051501 -0.1183375
v 0.17586002 -0.1111285 -0.015108497
v 0.17586002 -0.1111285 -0.015108497
v 0.18017101 -0.1131695 -0.015776496
v 0.18017101 -0.1131695 -0.015776496
v 0.17115301 -0.1164035 -0.017303497
v 0.17115301 -0.1164035 -0.017303497
v 0.14518902 -0.1333295 -0.023127496
v 0.11586001 -0.1167445 -0.042125497
v 0.11586001 -0.1167445 -0.042125497
v 0.134385 -0.1246245 -0.022693496
v 0.11467301 -0.1237725 -0.043583497
v 0.11467301 -0.1237725 -0.043583497
v 0.12579001 -0.1219045 -0.022029497
v 0.14529902 -0.13336749 -0.0072334968
v 0.11447601 -0.1260975 -0.024654496
v 0.13235301 -0.1303415 -0.0063854968
v 0.14951502 -0.1335865 0.0020305032
v 0.10892801 -0.13314749 -0.026874498
v 0.12233801 -0.1316915 -0.0085524973
v 0.14311402 -0.1335675 0.0050185034
v 0.097771011 -0.1337115 -0.026868496
v 0.10923301 -0.13357051 -0.008272497
v 0.12132201 -0.13412151 0.0086875036
v 0.09386301 -0.1340445 -0.0073804967
v 0.10076501 -0.1347405 0.010899503
v 0.10597101 -0.1352995 0.029526504
v 0.13404702 -0.1345475 0.024485502
v 0.10715401 -0.13515849 0.051187504
v 0.13479601 -0.13493951 0.047026504
v 0.10692401 -0.1339545 0.074612506
v 0.13283701 -0.1343955 0.0717915
v 0.15999901 -0.1345035 0.070691504
v 0.13070601 -0.1275955 0.0963955
v 0.15597501 -0.1296805 0.096319504
v 0.182225 -0.1306535 0.0976445
v 0.18769901 -0.1339715 0.072280504
v 0.20872501 -0.1329495 0.10330451
v 0.17781201 -0.1192785 0.1201765
v 0.20171201 -0.1216085 0.1240445
v 0.22426401 -0.1241115 0.13129351
v 0.23251601 -0.1338955 0.1137195
v 0.24451602 -0.1274575 0.1430995
v 0.25346401 -0.13457049 0.1285895
v 0.21811301 -0.1121185 0.1499005
v 0.23851001 -0.1160435 0.1582385
v 0.21384701 -0.1002855 0.1699955
v 0.23345001 -0.1036505 0.1756435
v 0.21243802 -0.091442503 0.1837115
v 0.23094501 -0.094401501 0.18896151
v 0.21215801 -0.081784502 0.1943205
v 0.21215801 -0.081784502 0.1943205
v 0.23041701 -0.083717503 0.20000951
v 0.23041701 -0.083717503 0.20000951
v 0.21391602 -0.067704499 0.19801651
v 0.23229001 -0.069031499 0.20541951
v 0.21654402 -0.048922502 0.19934051
v 0.23488601 -0.049854498 0.2076185
v 0.23687701 -0.0260005 0.2091005
v 0.43998402 -0.097957499 -0.1115435
v 0.458211 -0.1019485 -0.1111045
v 0.27088901 -0.0485995 -0.20221549
v 0.26953602 -0.067874499 -0.2066455
v 0.259965 -0.0494195 -0.1978125
v 0.25819701 -0.069459498 -0.2011895
v 0.25074202 -0.051861499 -0.18985949
v 0.24877702 -0.072112501 -0.1909315
v 0.24827601 -0.088829502 -0.19035849
v 0.238359 -0.073675498 -0.17835949
v 0.23768701 -0.0913205 -0.1758915
v 0.22393501 -0.073524497 -0.1680515
v 0.22305501 -0.0914215 -0.16385649
v 0.20568001 -0.073483497 -0.16383649
v 0.20496301 -0.092374504 -0.1586325
v 0.20496301 -0.092374504 -0.1586325
v 0.22704801 -0.051193502 -0.1700215
v 0.20748501 -0.050476499 -0.1654125
v 0.20913301 -0.025425499 -0.1656435
v -0.059626989 -0.025742501 -0.18872149
v -0.059677988 -0.051648501 -0.18850049
v -0.05766299 -0.074624501 -0.18410249
v -0.069641992 -0.051004499 -0.1885905
v -0.067047991 -0.073473498 -0.1826185
v -0.04164499 -0.1328055 -0.1072135
v -0.01878099 -0.13280851 -0.10838249
v 0.0042990111 -0.1321415 -0.1113655
v 0.021457011 -0.1331185 -0.091457494
v 0.015843011 -0.1336395 -0.068558499
v 0.029213011 -0.1288145 -0.068790495
v 0.029647011 -0.1222335 -0.089849494
v 0.031277012 -0.1185535 -0.067252494
v 0.037618011 -0.1285225 -0.066801496
v 0.035686012 -0.1224565 -0.089158498
v 0.052526012 -0.13329449 -0.066810496
v 0.04647401 -0.13250349 -0.0888445
v 0.06811101 -0.1317585 -0.066962495
v 0.06185301 -0.1328005 -0.088567495
v 0.076673009 -0.1246215 -0.065951496
v 0.073839009 -0.1298545 -0.046330497
v 0.086006008 -0.1307555 -0.046707496
v 0.09760201 -0.13351551 -0.046714496
v 0.086606011 -0.12791049 -0.066303499
v 0.10786601 -0.1332355 -0.046213496
v 0.097038008 -0.1335375 -0.066883497
v 0.10753001 -0.1333335 -0.0665415
v 0.10753001 -0.1333335 -0.0665415
v 0.084272012 -0.13318451 -0.026729496
v 0.05965801 -0.1332265 -0.046961498
v 0.068147011 -0.1332155 -0.026642498
v 0.075872011 -0.1336925 -0.0067674969
v 0.050446011 -0.13375349 -0.026259497
v 0.054993011 -0.1341055 -0.0060934969
v 0.058209009 -0.1345185 0.014364503
v 0.08041501 -0.1344685 0.012772503
v 0.059294011 -0.1348865 0.035359502
v 0.082129009 -0.13502049 0.032710504
v 0.05938201 -0.1346305 0.057875503
v 0.082748011 -0.13490149 0.054689504
v 0.059409011 -0.1305445 0.081710503
v 0.082625009 -0.1328295 0.078125507
v 0.059934013 -0.1234145 0.1065485
v 0.082827009 -0.1242265 0.1020925
v 0.10628701 -0.12601849 0.098415501
v 0.083867013 -0.1132085 0.1260585
v 0.10646701 -0.1144195 0.1221705
v 0.12948 -0.1162135 0.1199525
v 0.10761701 -0.1026935 0.1462605
v 0.12968001 -0.1041215 0.14329651
v 0.15189601 -0.1062915 0.14193851
v 0.15342902 -0.1181305 0.1192905
v 0.17450701 -0.1082165 0.1427895
v 0.15193 -0.0950955 0.1634195
v 0.17282601 -0.0964415 0.1633475
v 0.19360901 -0.0977915 0.16557251
v 0.19639401 -0.1095955 0.1448175
v 0.17283101 -0.088012502 0.1780155
v 0.19282801 -0.088860497 0.1795295
v 0.17336801 -0.078075498 0.1886275
v 0.17336801 -0.078075498 0.1886275
v 0.19293301 -0.079280503 0.18929051
v 0.19293301 -0.079280503 0.18929051
v 0.19293301 -0.079280503 0.18929051
v 0.17435001 -0.063910499 0.1931735
v 0.19429901 -0.065666497 0.1929335
v 0.19429901 -0.065666497 0.1929335
v 0.17553401 -0.046465501 0.1946525
v 0.19620401 -0.047728501 0.1933195
v 0.19620401 -0.047728501 0.1933195
v 0.17634901 -0.0243575 0.1945945
v 0.19757901 -0.024953499 0.19371751
v 0.19757901 -0.024953499 0.19371751
v -0.070263989 -0.0254985 -0.1870255
v -0.10151499 -0.025509501 -0.18879649
v -0.09983699 -0.050832499 -0.18908149
v -0.12479899 -0.0258225 -0.1905105
v -0.12478199 -0.051206499 -0.18956749
v -0.12431499 -0.075733498 -0.18685649
v -0.096974991 -0.0754335 -0.1871855
v -0.15125299 -0.0260335 -0.19064049
v -0.15250899 -0.0515805 -0.18898049
v -0.15522599 -0.075876497 -0.1862095
v -0.15793198 -0.0966665 -0.1767045
v -0.12449899 -0.096592501 -0.1777395
v -0.17887399 -0.052160501 -0.1911995
v -0.18415499 -0.076818503 -0.18898049
v -0.189735 -0.098481499 -0.17894749
v -0.20964399 -0.076466501 -0.18831949
v -0.21414499 -0.097565502 -0.1778855
v -0.22651999 -0.091110498 -0.1683995
v -0.22652499 -0.1043855 -0.15518349
v -0.22652599 -0.1153785 -0.1406685
v -0.049088988 -0.1224645 -0.022677496
v -0.037762988 -0.1316285 -0.026974497
v -0.022865988 -0.13384651 -0.013301496
v -0.016653989 -0.1339485 -0.035992496
v -0.0023269888 -0.1344225 -0.019639498
v 0.0057360111 -0.1341285 -0.042762496
v 0.017294012 -0.1341835 -0.023603497
v 0.02241601 -0.13363349 -0.045757499
v 0.033884011 -0.1334585 -0.025551496
v 0.031291012 -0.1298355 -0.045582496
v 0.043907013 -0.13325951 -0.047028497
v 0.015373011 -0.1344565 -0.0033094969
v 0.03491101 -0.1337405 -0.0050314968
v 0.036405012 -0.13410451 0.015798504
v 0.014766011 -0.1349815 0.038917504
v 0.03675301 -0.13462649 0.037419502
v 0.015411011 -0.1341325 0.062802501
v 0.03693201 -0.1339425 0.060590502
v 0.037000012 -0.1295035 0.085109502
v 0.039000012 -0.1125605 0.1368265
v 0.061257012 -0.1127155 0.13115351
v 0.041634012 -0.1023825 0.16292651
v 0.063969009 -0.1025045 0.15663651
v 0.085920013 -0.1021895 0.15075551
v 0.067273013 -0.091611497 0.1784395
v 0.088789009 -0.091461502 0.17236151
v 0.10976901 -0.0915915 0.1676195
v 0.090808012 -0.0835125 0.1855765
v 0.11152601 -0.0842425 0.1813325
v 0.13236901 -0.0856665 0.17913051
v 0.13102101 -0.093590498 0.1653365
v 0.15265001 -0.087094501 0.1780315
v 0.13355902 -0.0752865 0.1893535
v 0.13355902 -0.0752865 0.1893535
v 0.15357101 -0.076551497 0.1884875
v 0.15357101 -0.076551497 0.1884875
v 0.13414301 -0.0616435 0.1932345
v 0.15418401 -0.0624405 0.1934645
v 0.13426001 -0.045762502 0.1934955
v 0.15452601 -0.045613501 0.1944695
v 0.13438001 -0.024183501 0.1932275
v 0.15503602 -0.0240655 0.1945945
v -0.17617899 -0.0262745 -0.1925045
v -0.19888099 -0.025996501 -0.19127649
v -0.20257699 -0.0517965 -0.1905455
v -0.21930999 -0.025619499 -0.19041349
v -0.22193299 -0.050844502 -0.1890415
v -0.226524 -0.073090501 -0.17996649
v -0.23755398 -0.0506805 -0.1893785
v -0.23773699 -0.075545497 -0.1862275
v -0.23682199 -0.097372502 -0.17730549
v -0.25570899 -0.075505503 -0.18706849
v -0.255557 -0.097633503 -0.1781195
v -0.23568499 -0.1140855 -0.16322249
v -0.23810498 -0.1264375 -0.14480549
v 0.045056012 -0.0915915 0.1853255
v 0.047672011 -0.084843501 0.19933851
v 0.069953009 -0.084951498 0.1923745
v 0.049661011 -0.076257497 0.20969151
v 0.049661011 -0.076257497 0.20969151
v 0.072043009 -0.076118499 0.2031455
v 0.072043009 -0.076118499 0.2031455
v 0.092680015 -0.074731499 0.1963875
v 0.092680015 -0.074731499 0.1963875
v 0.071890011 -0.062585503 0.2068025
v 0.093281008 -0.061896499 0.20147951
v 0.11370501 -0.061621498 0.1959655
v 0.11317301 -0.0752085 0.1923885
v 0.11317301 -0.0752085 0.1923885
v 0.092821009 -0.046889499 0.2024415
v 0.11356301 -0.0464155 0.19618851
v 0.09228801 -0.0249695 0.20208651
v 0.11331301 -0.024455501 0.19614451
v -0.23809899 -0.0253505 -0.1903045
v -0.25873399 -0.0252335 -0.18979549
v -0.25753498 -0.050573502 -0.1892305
v -0.28092998 -0.025238501 -0.1903435
v -0.28059599 -0.050603501 -0.1898275
v -0.28060099 -0.075614497 -0.1884235
v -0.28173098 -0.097365499 -0.1788265
v -0.304555 -0.050497498 -0.1887925
v -0.30755398 -0.074779503 -0.18608449
v -0.31195098 -0.096137501 -0.17728549
v -0.331002 -0.074913502 -0.1845015
v -0.33765098 -0.095048502 -0.1753885
v -0.36182499 -0.099986501 -0.15716049
v -0.362066 -0.089925498 -0.1691895
v -0.37135699 -0.093041502 -0.17384049
v -0.36792299 -0.1060625 -0.1622265
v -0.38982198 -0.093286499 -0.1743165
v -0.48166499 -0.1024445 -0.10451049
v -0.484927 -0.1092225 -0.0876645
v -0.48622698 -0.1087685 -0.1070335
v -0.486734 -0.1167795 -0.089470498
v -0.48666799 -0.1201555 -0.075902499
v -0.48793599 -0.1171715 -0.1101565
v -0.48793599 -0.1244175 -0.0915685
v -0.48732299 -0.12662651 -0.072758496
v -0.49271098 -0.1251705 -0.1129905
v -0.493166 -0.1317015 -0.092959493
v -0.025110988 -0.074655503 0.2275645
v 0.00089601125 -0.076409504 0.22392951
v 0.025961012 -0.076377504 0.2170465
v 0.0013140113 -0.062836498 0.2283445
v 0.026175011 -0.063360497 0.2212605
v 0.049812011 -0.063114502 0.21391051
v 0.025994012 -0.048237499 0.2223375
v 0.04911701 -0.0478395 0.21450551
v 0.071332008 -0.047218502 0.20771851
v 0.048445012 -0.026291501 0.2141965
v 0.070740014 -0.025634499 0.20777251
v -0.30350599 -0.025200499 -0.1889635
v -0.32533598 -0.0253825 -0.18939349
v -0.326646 -0.050610501 -0.1890545
v -0.34555799 -0.026197501 -0.18872949
v -0.344769 -0.0517365 -0.18838349
v -0.34797198 -0.075523503 -0.18229949
v -0.36276999 -0.0529605 -0.1829875
v -0.361633 -0.074984498 -0.1797615
v -0.37868398 -0.052943502 -0.18316349
v -0.37533697 -0.075545497 -0.18154949
v -0.39770499 -0.052739501 -0.1819855
v -0.39448699 -0.075478502 -0.18104349
v -0.41949698 -0.053197499 -0.1808425
v -0.44021899 -0.055042502 -0.1779805
v -0.44021899 -0.055042502 -0.1779805
v -0.43934298 -0.076671503 -0.17430149
v -0.43663499 -0.093117498 -0.1693445
v -0.484815 -0.0968505 -0.12800249
v -0.48557198 -0.1023935 -0.1189855
v -0.48546898 -0.1042785 -0.1308925
v -0.48546898 -0.1042785 -0.1308925
v -0.48671898 -0.1101575 -0.1221895
v -0.48671898 -0.1101575 -0.1221895
v -0.485486 -0.1123295 -0.1330515
v -0.48961499 -0.1176315 -0.1253535
v -0.48961499 -0.1176315 -0.1253535
v -0.48988998 -0.1183485 -0.1367645
v -0.61289099 -0.1196305 -0.041256499
v -0.10574599 -0.075064503 0.2176315
v -0.080193989 -0.0745745 0.22781551
v -0.080193989 -0.0745745 0.22781551
v -0.051819988 -0.074107498 0.2294265
v -0.081262991 -0.0621535 0.23380451
v -0.081262991 -0.0621535 0.23380451
v -0.052521989 -0.061724499 0.2340195
v -0.024967989 -0.061664499 0.23422851
v -0.053169988 -0.047087502 0.2346615
v -0.025186989 -0.047073498 0.2351585
v 0.0013170112 -0.0476235 0.22932151
v -0.025586989 -0.025611499 0.23538451
v 0.0010860113 -0.025949501 0.2293925
v 0.025609011 -0.0263515 0.22229551
v -0.363024 -0.026709501 -0.1855555
v -0.38046297 -0.0267665 -0.1839305
v -0.39946499 -0.0268635 -0.18221749
v -0.41991299 -0.0272575 -0.18119949
v -0.439825 -0.0281325 -0.1806245
v -0.439825 -0.0281325 -0.1806245
v -0.45617998 -0.029182499 -0.1764735
v -0.47229898 -0.031064501 -0.1737195
v -0.47229898 -0.031064501 -0.1737195
v -0.48658597 -0.030675501 -0.17344549
v -0.50192401 -0.029632499 -0.1738025
v -0.50192401 -0.029632499 -0.1738025
v -0.50093201 -0.059196502 -0.17315049
v -0.50093201 -0.059196502 -0.17315049
v -0.51974401 -0.029051499 -0.1724415
v -0.51974401 -0.029051499 -0.1724415
v -0.51710698 -0.0576455 -0.1697515
v -0.51378098 -0.082158498 -0.1665695
v -0.53737101 -0.0567015 -0.16555649
v -0.53466299 -0.080808498 -0.1629055
v -0.53339496 -0.098504499 -0.15475349
v -0.559333 -0.080234498 -0.16150349
v -0.16613799 -0.076241501 0.1848245
v -0.14758798 -0.0767975 0.19294751
v -0.12743498 -0.076495498 0.20407051
v -0.14800298 -0.063346498 0.19619951
v -0.12801099 -0.063062496 0.2074735
v -0.10654099 -0.061982501 0.2212995
v -0.12724599 -0.046901502 0.2082905
v -0.10596699 -0.046906501 0.2220615
v -0.081196986 -0.0466775 0.2340055
v -0.081196986 -0.0466775 0.2340055
v -0.10505699 -0.025006501 0.2224725
v -0.080934986 -0.0252895 0.2340055
v -0.080934986 -0.0252895 0.2340055
v -0.053452987 -0.025934501 0.2347755
v -0.53960899 -0.0285445 -0.16697049
v -0.56154796 -0.028259501 -0.1664625
v -0.56047496 -0.0561525 -0.16602449
v -0.58428296 -0.0279155 -0.1638585
v -0.58317599 -0.055358499 -0.1612715
v -0.60572299 -0.0549835 -0.15799549
v -0.604884 -0.079929501 -0.1542345
v -0.62823799 -0.079706497 -0.1516185
v -0.72278699 -0.055754501 -0.1340875
v -0.87537298 -0.1217225 0.042674504
v -0.87553599 -0.1226235 0.058898505
v -0.87219998 -0.1135855 0.059879504
v -0.87244901 -0.1126765 0.045372505
v -0.86978498 -0.1011865 0.048820503
v -0.86791196 -0.086420499 0.052822504
v -0.86734298 -0.067947499 0.055878501
v -0.86735299 -0.047142502 0.056955501
v -0.867318 -0.0243835 0.056847502
v -0.44344699 -0.0224695 0.1904335
v -0.46282998 -0.0223825 0.1857575
v -0.42481598 -0.0226315 0.1978685
v -0.42498398 -0.042799499 0.1978125
v -0.44350699 -0.042374499 0.1902955
v -0.40611199 -0.0228855 0.2064745
v -0.40636098 -0.043075502 0.20642251
v -0.40662199 -0.057806499 0.2064095
v -0.425111 -0.057884499 0.1976915
v -0.38737398 -0.022905501 0.21757551
v -0.38786 -0.043179501 0.2173055
v -0.388266 -0.0574935 0.2169925
v -0.388208 -0.069661498 0.2156675
v -0.40643299 -0.070531502 0.20542051
v -0.36933199 -0.042758498 0.22941451
v -0.37021798 -0.056780498 0.22879851
v -0.370159 -0.068169497 0.22689651
v -0.367746 -0.0771975 0.2208095
v -0.38566798 -0.079514503 0.2093945
v -0.351024 -0.056617498 0.23869351
v -0.351024 -0.056617498 0.23869351
v -0.35150898 -0.067271501 0.2362055
v -0.35150898 -0.067271501 0.2362055
v -0.35003498 -0.075182498 0.22985451
v -0.35003498 -0.075182498 0.22985451
v -0.329005 -0.065341502 0.23648751
v -0.33026099 -0.0729075 0.2316705
v -0.30401099 -0.067131497 0.2327735
v -0.307506 -0.074924499 0.2262795
v -0.28290898 -0.069782503 0.21832551
v -0.28558198 -0.0785565 0.2122665
v -0.26497099 -0.0815515 0.1974415
v -0.204276 -0.0846745 0.17550451
v -0.20359999 -0.074925497 0.18288051
v -0.18448199 -0.0755895 0.18175951
v -0.18448199 -0.0755895 0.18175951
v -0.20328099 -0.0622705 0.1857935
v -0.18442799 -0.062701501 0.18388951
v -0.18442799 -0.062701501 0.18388951
v -0.16619699 -0.063166499 0.18735451
v -0.18406799 -0.045644499 0.1843525
v -0.18406799 -0.045644499 0.1843525
v -0.165503 -0.046107501 0.1879545
v -0.14712699 -0.0467945 0.19672251
v -0.164437 -0.0247945 0.1882295
v -0.14623599 -0.025122501 0.19704351
v -0.12635399 -0.025077499 0.2085785
v -0.76926801 -0.0280305 -0.1204125
v -0.74507198 -0.0278975 -0.12760849
v -0.87469599 -0.1220235 0.1090625
v -0.87506297 -0.1223905 0.082297504
v -0.87170199 -0.1128075 0.1087295
v -0.871968 -0.1133235 0.082292505
v -0.870123 -0.1028555 0.1082255
v -0.87020198 -0.1029575 0.082347505
v -0.87001297 -0.1024685 0.061908506
v -0.86939797 -0.089564502 0.082751505
v -0.86872402 -0.087977499 0.064622506
v -0.86924699 -0.0708685 0.083072506
v -0.86854801 -0.069356501 0.067555502
v -0.869279 -0.048314501 0.083569504
v -0.86855397 -0.0476905 0.068747506
v -0.86932698 -0.024550499 0.083557501
v -0.86864796 -0.0244515 0.068771504
v -0.86783698 -0.0240785 0.15151951
v -0.86527601 -0.023946499 0.1711825
v -0.85581997 -0.023975501 0.1769105
v -0.86526498 -0.046463501 0.1711785
v -0.85593101 -0.046049502 0.1768405
v -0.84422699 -0.045688499 0.1770685
v -0.84420696 -0.0239105 0.17715651
v -0.83167496 -0.0239315 0.1766835
v -0.83167496 -0.0239315 0.1766835
v -0.87882498 -0.1284005 0.1590115
v -0.87319997 -0.1207225 0.15819751
v -0.874226 -0.1215165 0.1354565
v -0.87009099 -0.1112525 0.15773651
v -0.87117097 -0.1124345 0.13595851
v -0.86834601 -0.1004615 0.15673751
v -0.86951998 -0.1023525 0.1356345
v -0.86757901 -0.086588502 0.1555015
v -0.86893097 -0.089127503 0.1349065
v -0.86955801 -0.090192497 0.1075095
v -0.868916 -0.071395501 0.1337335
v -0.86952397 -0.072224498 0.1067015
v -0.86903098 -0.048366502 0.1314795
v -0.86955699 -0.048761502 0.1055345
v -0.86914799 -0.0243735 0.1297725
v -0.86962298 -0.0245935 0.1045595
v -0.86771998 -0.047386501 0.1524305
v -0.86759201 -0.069096498 0.15415651
v -0.86530998 -0.066820502 0.1711795
v -0.86528596 -0.083546497 0.16977251
v -0.85681799 -0.081310503 0.1784545
v -0.85606197 -0.065753497 0.1771235
v -0.84490201 -0.081183501 0.1787405
v -0.84425196 -0.0651775 0.1772905
v -0.83231202 -0.081727497 0.1783845
v -0.83231202 -0.081727497 0.1783845
v -0.83169398 -0.0653385 0.1768395
v -0.83169398 -0.0653385 0.1768395
v -0.83163598 -0.0457155 0.17658651
v -0.83163598 -0.0457155 0.17658651
v -0.81934401 -0.066199504 0.1744415
v -0.81931397 -0.046302501 0.17424351
v -0.81939802 -0.0240645 0.17443851
v -0.81281099 -0.046850499 0.16390051
v -0.81318501 -0.0241285 0.16445251
v -0.80891797 -0.024216501 0.1524595
v -0.79972401 -0.1175145 0.060353503
v -0.79466 -0.1263005 0.059484504
v -0.79313698 -0.1245335 0.080172502
v -0.714865 -0.1198505 -0.059585497
v -0.80260798 -0.1320205 0.1799355
v -0.40383399 -0.080560498 0.1992345
v -0.42258599 -0.081141502 0.19098151
v -0.42501399 -0.070506498 0.19714451
v -0.44150099 -0.081525497 0.18395351
v -0.44348598 -0.070848502 0.18996051
v -0.44357398 -0.0580015 0.1903595
v -0.462688 -0.071268499 0.1846265
v -0.46292299 -0.058048502 0.1855485
v -0.462836 -0.042370502 0.1856675
v -0.48169899 -0.058449499 0.18047251
v -0.48160598 -0.042582501 0.18049851
v -0.48144898 -0.022412499 0.18063051
v -0.50093296 -0.0429415 0.1784375
v -0.50093296 -0.0429415 0.1784375
v -0.50081196 -0.022541501 0.17832251
v -0.52001598 -0.022742501 0.1762815
v -0.52001598 -0.022742501 0.1762815
v -0.63795999 -0.023032499 0.19612551
v -0.65757099 -0.023249499 0.2037885
v -0.61843297 -0.022805501 0.1893805
v -0.61810198 -0.0435015 0.18960351
v -0.63748601 -0.044223499 0.1962465
v -0.59832898 -0.0226415 0.18539551
v -0.59817496 -0.043307502 0.1856055
v -0.59800699 -0.0592205 0.1855585
v -0.617874 -0.0592715 0.1891585
v -0.57853499 -0.022620501 0.1814775
v -0.57850298 -0.043296501 0.18173251
v -0.57840297 -0.059330501 0.1818355
v -0.57848999 -0.072933502 0.18021651
v -0.59823498 -0.072928503 0.1835195
v -0.558979 -0.043369502 0.1791365
v -0.55891499 -0.059740499 0.1792635
v -0.55903497 -0.072850503 0.17690051
v -0.55963799 -0.083329499 0.1702985
v -0.57942501 -0.083856501 0.17298651
v -0.53936902 -0.060176499 0.1782835
v -0.53940597 -0.073124498 0.1760485
v -0.53965601 -0.083796501 0.1698225
v -0.51989499 -0.072486497 0.1749305
v -0.51974598 -0.083371498 0.16921251
v -0.50006899 -0.082527503 0.17024951
v -0.50006899 -0.082527503 0.17024951
v -0.48036 -0.0824835 0.17425551
v -0.46083599 -0.081686497 0.17825951
v -0.481637 -0.071629502 0.18014051
v -0.50084499 -0.071973503 0.1762405
v -0.50084499 -0.071973503 0.1762405
v -0.500972 -0.059302501 0.1780975
v -0.500972 -0.059302501 0.1780975
v -0.51999399 -0.059841499 0.17657751
v -0.52004996 -0.043417498 0.17647751
v -0.52004996 -0.043417498 0.17647751
v -0.53947797 -0.043497499 0.1782075
v -0.53963396 -0.022753499 0.17794551
v -0.55893001 -0.022660499 0.1788695
v -0.59947297 -0.0841875 0.17620251
v -0.61933997 -0.084248498 0.1802855
v -0.61788902 -0.072855502 0.1876435
v -0.63894197 -0.084942497 0.18571851
v -0.63709798 -0.073765501 0.1935215
v -0.63706097 -0.0598615 0.1957805
v -0.65636596 -0.074857503 0.2008875
v -0.65649197 -0.060840499 0.20309551
v -0.65705201 -0.0449345 0.2037075
v -0.67578599 -0.062189501 0.21187051
v -0.67637798 -0.045707501 0.21261251
v -0.67706499 -0.023657501 0.2127185
v -0.69547299 -0.046642501 0.22263651
v -0.69603798 -0.0242025 0.22287251
v -0.71351698 -0.0247315 0.2362285
v -0.83549997 -0.1293695 0.20558751
v -0.81714597 -0.1302205 0.1964585
v -0.81958202 -0.1247185 0.1930825
v -0.83686098 -0.1232005 0.2003845
v -0.80755398 -0.1268345 0.17746051
v -0.81090799 -0.1197665 0.1754505
v -0.82167396 -0.1171035 0.1892665
v -0.79850999 -0.1285345 0.1554665
v -0.80319098 -0.1215085 0.1546495
v -0.80639002 -0.1132545 0.1539305
v -0.81337497 -0.1105985 0.17298751
v -0.79146996 -0.12934449 0.12970251
v -0.79712799 -0.1222765 0.1298535
v -0.800365 -0.1138725 0.1303165
v -0.80248198 -0.1042355 0.1311155
v -0.80829796 -0.1027815 0.1533815
v -0.79370299 -0.1232225 0.1043345
v -0.79771701 -0.1146925 0.1047405
v -0.79971501 -0.1051155 0.1052405
v -0.80071697 -0.092279501 0.10595851
v -0.803812 -0.0908015 0.1328325
v -0.79755601 -0.1158635 0.0805315
v -0.79974797 -0.1059445 0.080869503
v -0.80097696 -0.092158504 0.0818225
v -0.80114999 -0.071532503 0.083899505
v -0.80095699 -0.071715496 0.1074025
v -0.80230197 -0.1060895 0.061642502
v -0.80108401 -0.0481265 0.085840501
v -0.80291197 -0.024169501 0.071551502
v -0.80103502 -0.0241975 0.086687505
v -0.80101898 -0.024323501 0.1095205
v -0.800971 -0.048391499 0.1088145
v -0.80447701 -0.024333499 0.1355035
v -0.80424801 -0.048091501 0.1345925
v -0.80411997 -0.070930503 0.1337465
v -0.80856898 -0.047486499 0.1515145
v -0.80855098 -0.069524497 0.1513205
v -0.80866697 -0.088466503 0.1521205
v -0.81269798 -0.067812502 0.16382751
v -0.81305298 -0.085742503 0.16546151
v -0.81382599 -0.099851497 0.16914551
v -0.819563 -0.0830395 0.17569651
v -0.82035097 -0.096731499 0.1787805
v -0.82248101 -0.1076205 0.18422951
v -0.83368197 -0.094964497 0.18236451
v -0.83368197 -0.094964497 0.18236451
v -0.83588001 -0.1059605 0.18852951
v -0.83588001 -0.1059605 0.18852951
v -0.83710501 -0.1154895 0.1948155
v -0.85016701 -0.1050735 0.1887435
v -0.85323098 -0.1144185 0.19488551
v -0.86240897 -0.1056845 0.1846085
v -0.86572501 -0.1148385 0.18944651
v -0.86853197 -0.1087525 0.1732485
v -0.87095097 -0.1182605 0.1762885
v -0.85912099 -0.094922498 0.1804245
v -0.86656401 -0.097408503 0.1707215
v -0.84710297 -0.094300501 0.1827925
v -0.78756699 -0.13028251 0.1040215
v -0.71754196 -0.090299502 0.2254885
v -0.69803497 -0.088814497 0.21287851
v -0.67825499 -0.087487496 0.2021295
v -0.65838799 -0.086575501 0.1934085
v -0.67587098 -0.076100498 0.20942451
v -0.69467697 -0.077788502 0.2204925
v -0.69466898 -0.063754499 0.22237751
v -0.71270397 -0.065509498 0.23525551
v -0.94443199 -0.1124595 0.29263151
v -0.927632 -0.1233445 0.31540349
v -0.84370098 -0.040684499 0.3644065
v -0.84446201 -0.021800499 0.36431152
v -0.85608599 -0.0218185 0.3625595
v -0.89797601 -0.024913501 0.3526845
v -0.87181798 -0.042801499 0.35970449
v -0.89413998 -0.0478235 0.35368651
v -0.917281 -0.0510845 0.34635949
v -0.919121 -0.025959501 0.34581152
v -0.88754001 -0.066785499 0.35543451
v -0.912541 -0.072967499 0.34798151
v -0.93332002 -0.075856499 0.33754352
v -0.93464401 -0.052283499 0.33660451
v -0.87995997 -0.079784498 0.35721952
v -0.90572199 -0.089039497 0.35004151
v -0.92922202 -0.094673499 0.33930752
v -0.94436601 -0.097067498 0.32015151
v -0.94598296 -0.077277496 0.3198925
v -0.89844397 -0.1007575 0.3503775
v -0.92239401 -0.1083095 0.3381795
v -0.93782797 -0.1118205 0.31850749
v -0.947548 -0.097327501 0.29423851
v -0.91191098 -0.1187445 0.33421052
v -0.88921401 -0.1096945 0.34695551
v -0.87209997 -0.0894695 0.35803449
v -0.945959 -0.053142499 0.3199265
v -0.94575897 -0.026842501 0.32049951
v -0.93532202 -0.0264425 0.33611551
v -0.72200796 -0.028104501 -0.1353735
v -0.69946197 -0.055891499 -0.14053449
v -0.698984 -0.0281715 -0.1427805
v -0.67577299 -0.027935499 -0.1479395
v -0.629504 -0.027632501 -0.1580835
v -0.629504 -0.027632501 -0.1580835
v -0.60629597 -0.027615501 -0.15898849
v -0.60629597 -0.027615501 -0.15898849
v -0.65233198 -0.0276835 -0.15214249
v -0.65193501 -0.054799501 -0.1510755
v -0.62911597 -0.054929499 -0.15686449
v -0.36791399 -0.0227855 0.2299505
v -0.34873497 -0.0226555 0.23921451
v -0.34873497 -0.0226555 0.23921451
v -0.35010898 -0.042458501 0.2395065
v -0.35010898 -0.042458501 0.2395065
v -0.326444 -0.022611501 0.23936151
v -0.32718599 -0.042334501 0.2397135
v -0.32806098 -0.0558975 0.23864651
v -0.30299899 -0.022783501 0.2353365
v -0.30281198 -0.042397499 0.2354005
v -0.30291998 -0.056362499 0.2348365
v -0.28311899 -0.0439955 0.2204435
v -0.28281999 -0.058560502 0.2199585
v -0.26349398 -0.045571499 0.20629351
v -0.262831 -0.060569499 0.20618351
v -0.26263398 -0.072623499 0.20454051
v -0.24291199 -0.061382499 0.1960475
v -0.242599 -0.073595501 0.19467251
v -0.244739 -0.082806498 0.1867585
v -0.22309199 -0.074175499 0.18730551
v -0.22437799 -0.084186502 0.17993951
v -0.22318 -0.061740499 0.1889005
v -0.24342299 -0.0461265 0.1964675
v -0.22355799 -0.045867499 0.1890015
v -0.20325799 -0.045555498 0.1864365
v -0.22383299 -0.0246865 0.1890405
v -0.20328499 -0.0248535 0.1866115
v -0.18370698 -0.024782499 0.1843085
v -0.18370698 -0.024782499 0.1843085
v -0.24384499 -0.0245915 0.19657551
v -0.26405898 -0.024253501 0.20631051
v -0.283692 -0.023417501 0.2208685
v -0.61155298 -0.1146565 -0.053448498
v -0.61155298 -0.1146565 -0.053448498
v -0.60731199 -0.1112595 -0.060511496
v -0.60731199 -0.1112595 -0.060511496
v -0.58658001 -0.1324845 -0.046755496
v -0.55544099 -0.1096925 -0.10439049
v -0.55548701 -0.1005735 -0.1033515
v -0.55389497 -0.1041745 -0.1182745
v -0.55002001 -0.095956497 -0.10246649
v 0.73566201 -0.0269095 -0.4110125
v 0.73860702 -0.0349655 -0.41235849
v 0.74041 -0.043754499 -0.41258949
v 0.74182501 -0.0533625 -0.4127585
v 0.742668 -0.067176498 -0.41323748
v 0.74158499 -0.085416503 -0.41340551
v 0.73376098 -0.1230615 -0.40409851
v 0.71443501 -0.13295449 -0.42170149
v 0.697126 -0.030104499 -0.44906449
v 0.713182 -0.0264675 -0.4286505
v 0.702149 -0.035278499 -0.4523145
v 0.71833703 -0.031398501 -0.4319315
v 0.70447001 -0.042808499 -0.45323649
v 0.72137603 -0.0390605 -0.43308648
v 0.70600101 -0.051400501 -0.4532685
v 0.72311202 -0.047698501 -0.4332335
v 0.70680299 -0.061424501 -0.45332649
v 0.72439203 -0.057357501 -0.43330649
v 0.70691499 -0.074203499 -0.45373851
v 0.724794 -0.070919499 -0.43399748
v 0.70321003 -0.090017498 -0.45149449
v 0.722101 -0.088504501 -0.43343049
v 0.69723502 -0.1057305 -0.44808951
v 0.71605 -0.1047095 -0.42778251
v 0.71588603 -0.1156915 -0.4259395
v 0.73412499 -0.1135565 -0.40552351
v 0.71682802 -0.1249965 -0.4247885
v 0.69809803 -0.1173785 -0.4477725
v 0.69938299 -0.1263845 -0.4463945
v 0.69794801 -0.1346315 -0.44397351
v 0.68317804 -0.12647849 -0.46945849
v 0.68213102 -0.1349315 -0.4673925
v 0.67836604 -0.1413385 -0.46373451
v 0.69364902 -0.14090849 -0.44005451
v 0.661755 -0.035862502 -0.49015749
v 0.68027201 -0.031830501 -0.46990949
v 0.66647401 -0.0408835 -0.4931635
v 0.68492499 -0.037353501 -0.47277251
v 0.66859904 -0.047944501 -0.4937205
v 0.68711302 -0.0452655 -0.4732495
v 0.66987601 -0.0557555 -0.49353549
v 0.68841204 -0.053510502 -0.4730325
v 0.670881 -0.064211503 -0.4925485
v 0.68919 -0.063181497 -0.47263849
v 0.67006502 -0.075023502 -0.49030051
v 0.68920299 -0.075797498 -0.47282448
v 0.66600999 -0.0885875 -0.48775649
v 0.684073 -0.090151504 -0.4697355
v 0.66353902 -0.1042725 -0.48874849
v 0.67949501 -0.1041525 -0.46784648
v 0.66648701 -0.1169045 -0.49082649
v 0.68220302 -0.1168455 -0.47041249
v 0.66665199 -0.1262355 -0.49018151
v 0.65105298 -0.1178525 -0.51019147
v 0.65090498 -0.12653451 -0.5097135
v 0.64997002 -0.1350245 -0.50826851
v 0.66588202 -0.1347665 -0.4887805
v 0.64721903 -0.1421655 -0.50523952
v 0.66308102 -0.14188451 -0.48562351
v 0.59410599 -0.1455055 -0.46411851
v 0.58738402 -0.1374035 -0.46051449
v 0.58187303 -0.1272195 -0.45774549
v 0.575066 -0.1155865 -0.4537335
v 0.56967804 -0.1011125 -0.4507505
v 0.57060704 -0.085738502 -0.45252049
v 0.57346603 -0.0716585 -0.45542648
v 0.57668903 -0.0592095 -0.45831251
v 0.59680101 -0.039447501 -0.50567052
v 0.60434201 -0.038062502 -0.51164052
v 0.61065301 -0.037270501 -0.51666251
v 0.616739 -0.036870502 -0.52142647
v 0.63272002 -0.035457499 -0.50077853
v 0.62264201 -0.037330501 -0.52616248
v 0.63861802 -0.0361435 -0.50564852
v 0.62793401 -0.0397055 -0.53043148
v 0.62793401 -0.0397055 -0.53043148
v 0.64425901 -0.038928501 -0.50990251
v 0.64425901 -0.038928501 -0.50990251
v 0.63181403 -0.045022499 -0.53334549
v 0.64813301 -0.043757502 -0.51286849
v 0.63335201 -0.052218501 -0.5341135
v 0.65026799 -0.050483499 -0.51395449
v 0.63374999 -0.059582502 -0.53385749
v 0.65135804 -0.0580335 -0.51391551
v 0.633508 -0.067272499 -0.53300551
v 0.651198 -0.065669499 -0.51265249
v 0.633468 -0.077411503 -0.53214452
v 0.64984402 -0.074823499 -0.5101985
v 0.635111 -0.091602497 -0.53235552
v 0.651647 -0.088967502 -0.51055852
v 0.63396302 -0.1085265 -0.5299755
v 0.65022001 -0.1056805 -0.50967351
v 0.635178 -0.1194765 -0.52996251
v 0.61560002 -0.1105395 -0.5480555
v 0.61788902 -0.1211585 -0.54865351
v 0.61878404 -0.1291995 -0.54811648
v 0.63515201 -0.1277665 -0.5288845
v 0.61833301 -0.13732751 -0.54664549
v 0.634213 -0.1360855 -0.52705547
v 0.61655501 -0.1449495 -0.54445949
v 0.63239101 -0.1440165 -0.52450749
v 0.56469199 -0.14906649 -0.50616148
v 0.57939801 -0.1479765 -0.48521549
v 0.55835602 -0.1400945 -0.5028505
v 0.57314304 -0.1389145 -0.48180649
v 0.55198601 -0.12981249 -0.49950048
v 0.56722602 -0.1286625 -0.47863349
v 0.54456702 -0.1185215 -0.4956305
v 0.55987403 -0.1169475 -0.47455949
v 0.53981903 -0.1047475 -0.49431151
v 0.55485401 -0.1028625 -0.4723925
v 0.54063001 -0.089846499 -0.49657151
v 0.55532303 -0.087821499 -0.47417149
v 0.54330203 -0.076011501 -0.49917251
v 0.55807599 -0.073753498 -0.47701049
v 0.54628602 -0.063324504 -0.50149247
v 0.56143603 -0.061314501 -0.47966951
v 0.55126503 -0.051989499 -0.5049375
v 0.55126503 -0.051989499 -0.5049375
v 0.56633303 -0.049840499 -0.48324949
v 0.56016299 -0.0455065 -0.51096448
v 0.57623401 -0.044278499 -0.49038649
v 0.58719102 -0.0418915 -0.49837849
v 0.57102802 -0.043382499 -0.51852551
v 0.580695 -0.041860498 -0.52574751
v 0.55427799 -0.044841502 -0.53873047
v 0.56409404 -0.043459501 -0.5457125
v 0.57186499 -0.042464498 -0.55180851
v 0.58858702 -0.040211499 -0.53201249
v 0.57805303 -0.041665502 -0.55706748
v 0.59472701 -0.038817499 -0.53715548
v 0.58402899 -0.041235499 -0.56216952
v 0.600624 -0.038324501 -0.54212651
v 0.58976904 -0.042349499 -0.56680152
v 0.60634902 -0.0387895 -0.5467985
v 0.59482899 -0.045503501 -0.57070449
v 0.59482899 -0.045503501 -0.57070449
v 0.611451 -0.041994501 -0.55070052
v 0.611451 -0.041994501 -0.55070052
v 0.59846804 -0.050818499 -0.57302949
v 0.615087 -0.047615498 -0.5531005
v 0.60005799 -0.058344502 -0.57334849
v 0.61684003 -0.0546005 -0.55374947
v 0.60035202 -0.066391498 -0.57264248
v 0.61730799 -0.0622105 -0.55339649
v 0.59989503 -0.0751305 -0.57146952
v 0.61633399 -0.069970503 -0.5520505
v 0.59961101 -0.086276501 -0.57035151
v 0.61626002 -0.081100501 -0.55132851
v 0.59795699 -0.099199504 -0.56774548
v 0.616438 -0.095241502 -0.55052748
v 0.59717801 -0.1118365 -0.56581852
v 0.599709 -0.1215315 -0.5670605
v 0.60176 -0.1294705 -0.56743953
v 0.60207102 -0.13773949 -0.56644753
v 0.60055104 -0.1455555 -0.56432149
v 0.53568801 -0.1524985 -0.5491555
v 0.55022302 -0.1504865 -0.52748647
v 0.52915201 -0.1435335 -0.5461615
v 0.54352799 -0.1417335 -0.52427951
v 0.52243903 -0.13352349 -0.54328349
v 0.53691003 -0.1315385 -0.52123347
v 0.514981 -0.1226325 -0.54018149
v 0.52951899 -0.1205065 -0.51783648
v 0.51093099 -0.1084695 -0.53958049
v 0.525489 -0.1066955 -0.51691547
v 0.511924 -0.093706504 -0.54197648
v 0.52653304 -0.091612503 -0.51922551
v 0.51416203 -0.080160499 -0.54458848
v 0.52878001 -0.0777255 -0.52171549
v 0.51676103 -0.068770498 -0.54682049
v 0.53138199 -0.0655545 -0.52380648
v 0.51993099 -0.057728499 -0.54918751
v 0.51993099 -0.057728499 -0.54918751
v 0.53523698 -0.053999498 -0.5264695
v 0.53523698 -0.053999498 -0.5264695
v 0.52743998 -0.0499455 -0.55367652
v 0.543825 -0.047023501 -0.53194252
v 0.53761598 -0.0463425 -0.55931953
v 0.51193902 -0.053363498 -0.57571551
v 0.51193902 -0.053363498 -0.57571551
v 0.52116498 -0.049183499 -0.5803555
v 0.53047702 -0.046726499 -0.58543047
v 0.547636 -0.0448405 -0.5654625
v 0.538744 -0.045487501 -0.59075049
v 0.555172 -0.043936498 -0.57092252
v 0.54593703 -0.044735499 -0.5960665
v 0.56195602 -0.043326501 -0.57631752
v 0.552506 -0.044698499 -0.60127148
v 0.56822804 -0.043243501 -0.58149752
v 0.558754 -0.046091501 -0.60621151
v 0.57426301 -0.044332501 -0.58645651
v 0.56369099 -0.050662499 -0.60983351
v 0.57964203 -0.0477635 -0.59079549
v 0.507521 -0.1549325 -0.59162048
v 0.52135798 -0.1535825 -0.57056847
v 0.50115803 -0.14601649 -0.58964548
v 0.51471904 -0.1447365 -0.56777647
v 0.49422401 -0.13667551 -0.5884445
v 0.50789401 -0.1349335 -0.56531247
v 0.487122 -0.12666249 -0.5882605
v 0.50044003 -0.1240995 -0.5631645
v 0.48369902 -0.1137535 -0.59054253
v 0.49687701 -0.1107205 -0.5637385
v 0.48445901 -0.1007175 -0.59351549
v 0.49787402 -0.096765503 -0.5664365
v 0.48699901 -0.086995497 -0.59525552
v 0.49997401 -0.083439499 -0.5687975
v 0.489517 -0.075654499 -0.59631053
v 0.50247303 -0.072532497 -0.57056352
v 0.49214602 -0.065406501 -0.59693149
v 0.50564703 -0.061780501 -0.57241347
v 0.50564703 -0.061780501 -0.57241347
v 0.49711803 -0.0563045 -0.59867349
v 0.49711803 -0.0563045 -0.59867349
v 0.48218501 -0.068752497 -0.62334248
v 0.48218501 -0.068752497 -0.62334248
v 0.48541301 -0.060130499 -0.62349352
v 0.48541301 -0.060130499 -0.62349352
v 0.491779 -0.054449499 -0.62497452
v 0.50516704 -0.051551498 -0.60202751
v 0.49976501 -0.0515575 -0.62708351
v 0.51396999 -0.0494125 -0.60597852
v 0.50742403 -0.0501175 -0.6300005
v 0.52222499 -0.047681499 -0.61054352
v 0.514752 -0.049163502 -0.6342195
v 0.529569 -0.0465285 -0.61577949
v 0.52098802 -0.049548499 -0.63912252
v 0.53630599 -0.046324499 -0.62119147
v 0.526746 -0.051630501 -0.64395252
v 0.54252699 -0.0475985 -0.62615052
v 0.53134403 -0.056261498 -0.64764652
v 0.547245 -0.053090502 -0.6294845
v 0.48641101 -0.15877751 -0.63509551
v 0.49553001 -0.15672649 -0.61303052
v 0.481884 -0.1525685 -0.63494048
v 0.48981002 -0.14908651 -0.61216047
v 0.47827801 -0.14483251 -0.6358625
v 0.47827801 -0.14483251 -0.6358625
v 0.48368001 -0.1408495 -0.61262551
v 0.47562301 -0.1361035 -0.63811752
v 0.47562301 -0.1361035 -0.63811752
v 0.47790501 -0.13115451 -0.61465451
v 0.47790501 -0.13115451 -0.61465451
v 0.47490701 -0.1256575 -0.64095947
v 0.47571 -0.1198315 -0.61851248
v 0.47571 -0.1198315 -0.61851248
v 0.47520801 -0.1115275 -0.64307651
v 0.47594902 -0.1066685 -0.6217865
v 0.47594902 -0.1066685 -0.6217865
v 0.47597101 -0.095696501 -0.64424047
v 0.47761202 -0.091658503 -0.62312952
v 0.47761202 -0.091658503 -0.62312952
v 0.477166 -0.0824195 -0.6442205
v 0.47990102 -0.078775503 -0.62339953
v 0.47990102 -0.078775503 -0.62339953
v 0.47877502 -0.072445497 -0.64436749
v 0.47877502 -0.072445497 -0.64436749
v 0.47721601 -0.084676497 -0.65773448
v 0.47860602 -0.0748685 -0.65796748
v 0.48036602 -0.066875502 -0.65841052
v 0.48088002 -0.0642775 -0.64472052
v 0.48088002 -0.0642775 -0.64472052
v 0.48088002 -0.0642775 -0.64472052
v 0.483154 -0.060185499 -0.6592125
v 0.483154 -0.060185499 -0.6592125
v 0.48434103 -0.057365499 -0.6455085
v 0.48434103 -0.057365499 -0.6455085
v 0.487542 -0.055386499 -0.6601285
v 0.49085701 -0.0535485 -0.64658251
v 0.49295902 -0.053458501 -0.66145948
v 0.497933 -0.0518815 -0.6480855
v 0.49797001 -0.0528045 -0.66330048
v 0.503961 -0.051222499 -0.65051553
v 0.50991198 -0.051404499 -0.65401849
v 0.51560798 -0.053349499 -0.65799752
v 0.51560798 -0.053349499 -0.65799752
v 0.52003601 -0.057891499 -0.66123149
v 0.52003601 -0.057891499 -0.66123149
v 0.51465699 -0.064790502 -0.6722025
v 0.52259603 -0.0644795 -0.66285452
v 0.51600501 -0.072236501 -0.67255351
v 0.52410099 -0.072180502 -0.66336349
v 0.483022 -0.1643915 -0.66318449
v 0.47961402 -0.1596645 -0.66328052
v 0.47961402 -0.1596645 -0.66328052
v 0.481821 -0.15942951 -0.65185252
v 0.47747502 -0.1539785 -0.66408548
v 0.47747502 -0.1539785 -0.66408548
v 0.47872302 -0.15352049 -0.65191147
v 0.47872302 -0.15352049 -0.65191147
v 0.47642601 -0.1471795 -0.66518351
v 0.47652102 -0.1466065 -0.65276548
v 0.47652102 -0.1466065 -0.65276548
v 0.476053 -0.1387915 -0.66621849
v 0.47569701 -0.1385105 -0.65450349
v 0.47579801 -0.1277875 -0.66694352
v 0.47534901 -0.1275875 -0.65633747
v 0.47600102 -0.1132635 -0.66691449
v 0.47559202 -0.1130425 -0.65695652
v 0.47656402 -0.097955503 -0.66687551
v 0.47621301 -0.097471498 -0.65724048
v 0.477862 -0.085479498 -0.6673055
v 0.47759601 -0.097901501 -0.67503449
v 0.478845 -0.0856205 -0.67502651
v 0.48023301 -0.0763335 -0.67522952
v 0.47921801 -0.075903498 -0.66764548
v 0.480867 -0.068062499 -0.66808948
v 0.48325902 -0.061759502 -0.66881147
v 0.48325902 -0.061759502 -0.66881147
v 0.48699802 -0.057609499 -0.66996548
v 0.49090701 -0.058442499 -0.67783049
v 0.49078801 -0.055428501 -0.67142752
v 0.49511701 -0.058509499 -0.67903349
v 0.49511701 -0.058509499 -0.67903349
v 0.495271 -0.054785501 -0.67305949
v 0.49149701 -0.063135497 -0.68254653
v 0.49149701 -0.063135497 -0.68254653
v 0.49149701 -0.063135497 -0.68254653
v 0.49585402 -0.0634505 -0.68316552
v 0.49585402 -0.0634505 -0.68316552
v 0.501003 -0.063920498 -0.6824095
v 0.49676201 -0.069820501 -0.68637249
v 0.50259998 -0.070711501 -0.68414351
v 0.50896099 -0.071641497 -0.67946252
v 0.50720301 -0.064766504 -0.67882249
v 0.495552 -0.1132825 -0.68921748
v 0.49526602 -0.1274125 -0.68922648
v 0.48834202 -0.1540695 -0.6891475
v 0.48826301 -0.1470205 -0.69023648
v 0.48222202 -0.14708351 -0.68809047
v 0.48259601 -0.1540745 -0.68697152
v 0.47900403 -0.1470205 -0.68157348
v 0.479541 -0.1537165 -0.68091348
v 0.47717902 -0.1472895 -0.67427149
v 0.47791201 -0.1538405 -0.67335448
v 0.479332 -0.1594625 -0.67245051
v 0.48170602 -0.16423149 -0.67187151
v 0.47877201 -0.1387725 -0.6820195
v 0.47661102 -0.1388675 -0.67493352
v 0.47830001 -0.1276205 -0.68254152
v 0.47635502 -0.1275505 -0.67515251
v 0.478623 -0.1128895 -0.68255648
v 0.47654203 -0.1130435 -0.67526749
v 0.47960302 -0.097831503 -0.68231848
v 0.482106 -0.1128105 -0.68904248
v 0.48277003 -0.097887501 -0.68870047
v 0.483466 -0.085765503 -0.68834451
v 0.48068601 -0.085642502 -0.68224648
v 0.48461702 -0.076015502 -0.68741748
v 0.48196802 -0.076372497 -0.68173251
v 0.48958901 -0.086420499 -0.68952349
v 0.49049801 -0.076975502 -0.68856451
v 0.49128702 -0.069275498 -0.68668953
v 0.49128702 -0.069275498 -0.68668953
v 0.48898202 -0.098202497 -0.69039252
v 0.48835301 -0.1130125 -0.69105348
v 0.48835301 -0.1130125 -0.69105348
v 0.48182902 -0.1277155 -0.68908551
v 0.48808202 -0.1276665 -0.69119051
v 0.48808202 -0.1276665 -0.69119051
v 0.48220101 -0.13881449 -0.6884605
v 0.48815301 -0.13853049 -0.69037047
v 0.48815301 -0.13853049 -0.69037047
v 0.27121702 -0.0253195 -0.19939649
v 0.26068002 -0.0258215 -0.1955515
v 0.25178501 -0.026678501 -0.1882495
v 0.24283402 -0.026741501 -0.1804765
v 0.24073002 -0.052832499 -0.1798445
v 0.22934102 -0.025990501 -0.1716315
v 0.35588002 -0.067154497 0.2268545
v -0.60994497 -0.1094355 -0.089820497
v -0.60994497 -0.1094355 -0.089820497
v -0.61016998 -0.1126475 -0.084101498
v -0.61016998 -0.1126475 -0.084101498
v -0.61016998 -0.1126475 -0.084101498
v -0.60550901 -0.1105925 -0.085560493
v -0.60550901 -0.1105925 -0.085560493
v -0.60974297 -0.1067365 -0.0950495
v -0.60974297 -0.1067365 -0.0950495
v -0.610019 -0.1007635 -0.090855494
v -0.610019 -0.1007635 -0.090855494
f 1 104 105
f 1 105 106
f 1 108 110
f 1 110 104
f 2 107 112
f 2 112 109
f 4 113 115
f 4 115 117
f 3 116 118
f 3 118 120
f 4 121 122
f 4 122 113
f 5 123 125
f 5 125 126
f 7 127 128
f 7 128 130
f 6 129 132
f 6 132 124
f 8 133 134
f 8 134 135
f 8 135 136
f 8 136 137
f 8 137 138
f 8 138 133
f 10 140 142
f 10 142 143
f 9 144 145
f 9 145 139
f 11 13 146
f 11 146 147
f 12 149 28
f 12 28 14
f 14 28 151
f 14 151 153
f 15 158 159
f 15 159 160
f 15 162 19
f 15 19 158
f 17 164 159
f 17 159 158
f 17 158 19
f 17 19 24
f 20 163 170
f 20 170 172
f 20 172 29
f 20 29 150
f 18 148 30
f 18 30 21
f 16 23 175
f 16 175 177
f 16 177 179
f 16 179 166
f 22 182 26
f 22 26 173
f 21 30 183
f 21 183 181
f 27 171 169
f 27 169 174
f 27 184 28
f 27 28 171
f 27 186 187
f 27 187 184
f 25 180 168
f 25 168 185
f 28 184 188
f 28 188 151
f 30 155 154
f 30 154 183
f 30 147 190
f 30 190 155
f 30 148 11
f 30 11 147
f 31 192 194
f 31 194 193
f 32 204 205
f 32 205 34
f 33 208 209
f 33 209 210
f 35 217 219
f 35 219 221
f 35 221 223
f 221 213 223
f 37 216 227
f 37 227 225
f 38 229 40
f 38 40 230
f 38 231 233
f 38 233 229
f 38 234 235
f 38 235 231
f 40 229 237
f 40 237 84
f 39 83 41
f 83 69 41
f 43 238 239
f 43 239 208
f 45 241 242
f 45 242 243
f 44 244 246
f 44 246 248
f 45 243 209
f 45 209 245
f 45 251 253
f 45 253 241
f 42 76 254
f 42 254 40
f 41 69 255
f 41 255 75
f 46 257 258
f 46 258 259
f 46 260 261
f 46 261 262
f 46 263 264
f 46 264 260
f 46 259 265
f 46 265 263
f 46 262 266
f 46 266 257
f 47 267 268
f 47 268 269
f 47 269 270
f 47 270 271
f 48 290 291
f 48 291 293
f 51 294 49
f 51 49 295
f 49 294 292
f 49 292 50
f 50 292 298
f 50 298 296
f 52 302 300
f 52 300 304
f 55 308 309
f 55 309 311
f 53 310 280
f 53 280 283
f 54 285 313
f 54 313 307
f 56 58 314
f 56 314 316
f 57 317 320
f 57 320 322
f 59 63 331
f 59 331 332
f 59 332 333
f 59 333 335
f 60 336 337
f 60 337 64
f 62 319 330
f 319 339 330
f 66 68 345
f 66 345 343
f 67 342 348
f 67 348 344
f 71 350 351
f 71 351 256
f 70 72 352
f 70 352 349
f 74 71 237
f 71 84 237
f 74 355 357
f 74 357 353
f 76 256 80
f 76 80 254
f 73 236 358
f 73 358 354
f 79 361 220
f 79 220 218
f 78 81 362
f 78 362 360
f 77 365 254
f 77 254 80
f 77 364 366
f 77 366 367
f 77 367 368
f 77 368 365
f 80 256 351
f 80 351 369
f 82 370 371
f 82 371 363
f 85 372 373
f 85 373 374
f 376 377 372
f 376 372 85
f 85 374 375
f 85 375 376
f 86 378 379
f 86 379 380
f 86 381 382
f 86 382 378
f 86 383 384
f 86 384 385
f 86 385 386
f 86 386 381
f 86 380 387
f 86 387 383
f 87 388 88
f 87 88 390
f 87 390 305
f 87 305 301
f 91 402 400
f 91 400 393
f 92 405 406
f 92 406 408
f 92 410 411
f 92 411 405
f 95 412 414
f 95 414 415
f 93 418 419
f 93 419 420
f 93 420 421
f 93 421 422
f 93 422 423
f 93 423 418
f 94 411 410
f 94 410 424
f 94 413 96
f 94 96 411
f 97 430 431
f 97 431 428
f 98 432 433
f 98 433 434
f 98 435 436
f 98 436 437
f 98 434 438
f 98 438 439
f 98 439 440
f 98 440 435
f 99 441 442
f 99 442 443
f 99 443 444
f 99 444 445
f 99 445 446
f 99 446 441
f 100 447 448
f 101 449 450
f 101 450 451
f 101 452 453
f 101 453 449
f 101 451 454
f 101 454 452
f 102 455 456
f 102 456 457
f 102 458 459
f 102 459 455
f 102 457 460
f 102 460 458
f 103 461 462
f 103 462 463
f 103 464 465
f 103 465 461
f 103 463 466
f 103 466 464
f 466 467 468
f 466 468 469
f 466 469 470
f 466 470 464
f 466 463 471
f 466 471 467
f 471 472 473
f 471 473 467
f 471 463 462
f 471 462 474
f 471 474 475
f 471 475 472
f 475 476 477
f 475 477 472
f 475 474 478
f 475 478 479
f 475 479 480
f 475 480 476
f 480 479 481
f 480 481 482
f 480 482 483
f 480 483 484
f 480 484 485
f 480 485 476
f 485 486 477
f 485 477 476
f 488 487 489
f 488 489 490
f 488 490 477
f 488 477 486
f 490 489 491
f 490 491 473
f 490 473 472
f 490 472 477
f 491 489 492
f 491 492 493
f 491 493 494
f 491 494 468
f 491 468 467
f 491 467 473
f 494 493 495
f 494 495 496
f 494 496 497
f 494 497 499
f 494 499 469
f 494 469 468
f 499 497 500
f 499 500 502
f 499 502 470
f 499 470 469
f 502 500 503
f 502 503 505
f 502 505 507
f 502 507 470
f 507 505 508
f 507 508 510
f 507 510 511
f 507 511 465
f 507 465 464
f 507 464 470
f 511 510 512
f 511 512 513
f 511 513 514
f 511 514 515
f 511 515 461
f 511 461 465
f 515 514 516
f 515 516 517
f 515 517 462
f 515 462 461
f 517 516 518
f 517 518 478
f 517 478 474
f 517 474 462
f 518 516 519
f 518 519 520
f 518 520 521
f 518 521 481
f 518 481 479
f 518 479 478
f 521 520 522
f 521 522 523
f 521 523 524
f 521 524 525
f 521 525 482
f 521 482 481
f 525 524 526
f 525 526 527
f 525 527 483
f 525 483 482
f 529 528 530
f 529 530 492
f 529 492 489
f 529 489 487
f 530 528 531
f 530 531 533
f 530 533 535
f 530 535 495
f 530 495 493
f 530 493 492
f 535 537 496
f 535 496 495
f 537 539 497
f 537 497 496
f 540 538 541
f 540 541 542
f 540 542 501
f 540 501 498
f 542 541 543
f 542 543 544
f 542 544 504
f 542 504 501
f 544 543 545
f 544 546 547
f 544 547 504
f 547 546 548
f 547 548 549
f 547 549 551
f 547 551 509
f 547 509 506
f 547 506 504
f 551 549 552
f 551 552 554
f 550 553 555
f 550 555 512
f 550 512 510
f 550 510 508
f 555 557 558
f 555 558 559
f 555 559 513
f 555 513 512
f 559 558 560
f 559 560 561
f 559 561 514
f 559 514 513
f 561 560 562
f 561 562 519
f 561 519 516
f 561 516 514
f 562 560 460
f 562 460 457
f 562 457 456
f 562 456 522
f 562 522 520
f 562 520 519
f 560 558 563
f 560 563 460
f 563 558 557
f 563 557 564
f 563 564 565
f 563 565 566
f 563 566 458
f 563 458 460
f 566 565 567
f 566 567 568
f 566 568 459
f 566 459 458
f 568 567 569
f 568 569 570
f 568 570 571
f 568 571 459
f 571 570 572
f 571 572 573
f 571 573 574
f 571 574 575
f 571 575 455
f 571 455 459
f 575 574 576
f 575 576 577
f 575 577 456
f 575 456 455
f 577 576 524
f 577 524 523
f 577 523 522
f 577 522 456
f 576 574 578
f 576 578 579
f 576 579 526
f 576 526 524
f 580 581 582
f 580 582 536
f 580 536 534
f 580 534 532
f 582 581 583
f 582 583 584
f 586 585 587
f 586 587 588
f 586 588 541
f 586 541 538
f 588 587 589
f 588 589 590
f 588 590 543
f 588 543 541
f 590 589 591
f 590 591 592
f 590 592 545
f 590 545 543
f 592 591 593
f 592 593 594
f 592 594 595
f 592 595 545
f 595 594 596
f 595 598 548
f 598 597 599
f 598 599 600
f 598 600 601
f 598 601 552
f 598 552 549
f 598 549 548
f 601 600 602
f 601 602 603
f 601 603 604
f 601 604 556
f 601 556 554
f 601 554 552
f 606 607 608
f 606 608 572
f 606 572 570
f 606 570 569
f 608 609 573
f 608 573 572
f 609 578 574
f 609 574 573
f 610 611 612
f 610 612 613
f 610 613 584
f 610 584 583
f 615 614 616
f 615 616 617
f 615 617 587
f 615 587 585
f 617 616 618
f 617 618 619
f 617 619 589
f 617 589 587
f 619 618 620
f 619 620 621
f 619 621 591
f 619 591 589
f 621 620 622
f 621 622 623
f 621 623 593
f 621 593 591
f 623 622 624
f 623 624 625
f 623 625 626
f 623 626 593
f 626 625 627
f 626 627 628
f 626 628 629
f 626 629 596
f 626 596 594
f 626 594 593
f 629 628 630
f 629 630 631
f 629 631 632
f 629 632 599
f 632 631 633
f 632 633 634
f 632 634 635
f 632 635 602
f 632 602 600
f 632 600 599
f 635 634 636
f 635 636 637
f 635 605 603
f 635 603 602
f 639 638 640
f 639 640 641
f 639 641 612
f 639 612 611
f 641 640 642
f 644 646 618
f 644 618 616
f 646 645 647
f 646 647 648
f 646 648 620
f 646 620 618
f 648 647 649
f 648 649 650
f 648 650 622
f 648 622 620
f 650 649 651
f 650 651 652
f 650 652 624
f 650 624 622
f 652 651 653
f 652 653 654
f 652 654 655
f 652 655 624
f 655 654 656
f 655 656 657
f 655 657 658
f 655 658 627
f 655 627 625
f 655 625 624
f 658 657 659
f 658 659 660
f 658 660 661
f 658 661 630
f 658 630 628
f 658 628 627
f 661 660 662
f 661 662 663
f 661 663 664
f 661 664 633
f 661 633 631
f 661 631 630
f 664 636 634
f 664 634 633
f 666 665 667
f 666 667 668
f 666 668 640
f 666 640 638
f 668 667 669
f 668 642 640
f 672 671 673
f 672 673 674
f 672 674 645
f 672 645 643
f 674 673 675
f 674 675 676
f 674 676 647
f 674 647 645
f 676 675 677
f 676 677 678
f 676 678 649
f 676 649 647
f 678 677 679
f 678 679 680
f 678 680 651
f 678 651 649
f 680 679 681
f 680 681 682
f 680 682 653
f 680 653 651
f 682 681 683
f 682 683 684
f 682 684 685
f 682 685 653
f 685 684 686
f 685 686 687
f 685 687 688
f 685 688 656
f 685 656 654
f 685 654 653
f 688 659 657
f 688 657 656
f 689 662 660
f 689 660 659
f 691 690 692
f 691 692 693
f 691 693 667
f 691 667 665
f 693 692 694
f 693 669 667
f 696 695 697
f 696 698 671
f 696 671 670
f 698 697 699
f 698 700 673
f 698 673 671
f 700 699 701
f 700 702 675
f 700 675 673
f 702 701 703
f 702 704 677
f 702 677 675
f 704 703 705
f 704 706 679
f 704 679 677
f 706 705 707
f 706 707 708
f 706 708 681
f 706 681 679
f 708 707 709
f 708 709 710
f 708 710 683
f 708 683 681
f 710 709 712
f 710 712 713
f 710 713 714
f 710 714 683
f 714 686 684
f 714 684 683
f 716 715 717
f 716 717 718
f 716 718 692
f 716 692 690
f 718 717 719
f 718 694 692
f 721 720 722
f 721 722 723
f 721 723 697
f 721 697 695
f 723 722 724
f 723 724 725
f 723 725 699
f 723 699 697
f 725 724 726
f 725 726 727
f 725 727 701
f 725 701 699
f 727 726 728
f 727 728 729
f 727 729 703
f 727 703 701
f 729 728 730
f 729 730 731
f 729 731 705
f 729 705 703
f 731 730 732
f 731 732 733
f 731 733 707
f 731 707 705
f 733 732 734
f 733 734 735
f 733 735 709
f 733 709 707
f 735 734 736
f 735 736 738
f 735 738 712
f 735 712 709
f 737 740 741
f 737 741 711
f 741 740 742
f 741 742 743
f 748 747 749
f 748 749 750
f 748 750 722
f 748 722 720
f 750 749 751
f 750 751 752
f 750 752 724
f 750 724 722
f 752 751 753
f 752 753 754
f 752 754 726
f 752 726 724
f 754 753 755
f 754 755 756
f 754 756 728
f 754 728 726
f 756 755 448
f 756 448 447
f 756 447 730
f 756 730 728
f 755 753 757
f 759 760 744
f 759 744 742
f 759 742 740
f 759 740 739
f 760 746 745
f 760 745 744
f 765 751 749
f 766 753 751
f 768 769 770
f 768 770 761
f 770 769 771
f 770 771 772
f 770 772 762
f 770 762 761
f 772 771 773
f 772 773 774
f 772 774 763
f 774 773 775
f 774 775 776
f 774 776 764
f 776 775 777
f 776 777 767
f 777 775 778
f 777 778 779
f 781 782 783
f 786 787 769
f 787 788 771
f 787 771 769
f 788 789 773
f 788 773 771
f 789 778 775
f 789 775 773
f 790 791 792
f 790 792 793
f 793 792 794
f 793 794 795
f 793 795 796
f 793 796 782
f 793 782 780
f 796 795 797
f 796 797 798
f 796 798 799
f 796 799 800
f 796 800 783
f 796 783 782
f 800 799 801
f 800 801 802
f 800 802 784
f 800 784 783
f 802 801 803
f 802 803 804
f 802 804 785
f 802 785 784
f 809 810 811
f 809 811 791
f 811 810 812
f 811 812 813
f 811 813 814
f 811 814 794
f 811 794 792
f 811 792 791
f 814 813 815
f 814 815 816
f 814 816 817
f 814 817 797
f 814 797 795
f 814 795 794
f 817 816 818
f 817 818 819
f 817 819 820
f 817 820 821
f 817 821 798
f 817 798 797
f 821 820 822
f 821 822 823
f 821 823 799
f 821 799 798
f 823 822 824
f 823 824 825
f 823 825 801
f 823 801 799
f 825 824 826
f 825 826 827
f 825 827 803
f 825 803 801
f 829 828 830
f 829 830 831
f 829 831 806
f 829 806 805
f 831 830 832
f 831 832 833
f 831 833 807
f 831 807 806
f 833 832 834
f 833 834 835
f 833 835 808
f 833 808 807
f 835 834 836
f 835 836 837
f 839 840 841
f 839 841 842
f 842 841 843
f 842 843 844
f 845 844 846
f 845 846 847
f 845 847 848
f 848 847 849
f 851 852 853
f 851 853 815
f 851 815 813
f 851 813 812
f 853 852 854
f 853 854 855
f 853 855 856
f 853 856 818
f 853 818 816
f 853 816 815
f 856 855 438
f 856 438 434
f 856 434 433
f 856 433 857
f 856 857 819
f 856 819 818
f 857 433 858
f 857 858 859
f 857 859 820
f 857 820 819
f 859 858 860
f 859 860 861
f 859 861 822
f 859 822 820
f 861 860 862
f 861 862 863
f 861 863 824
f 861 824 822
f 863 862 864
f 863 864 865
f 863 865 826
f 863 826 824
f 870 869 871
f 870 871 872
f 870 872 828
f 872 871 873
f 872 873 874
f 872 874 830
f 872 830 828
f 874 873 875
f 874 875 876
f 874 876 832
f 874 832 830
f 876 875 877
f 876 877 878
f 876 878 834
f 876 834 832
f 878 877 387
f 878 387 879
f 878 879 836
f 878 836 834
f 879 387 380
f 879 380 880
f 879 880 838
f 880 380 379
f 880 379 881
f 884 883 885
f 884 885 886
f 884 886 887
f 884 887 840
f 887 886 888
f 887 888 889
f 887 889 890
f 887 890 843
f 887 843 841
f 887 841 840
f 890 889 891
f 890 891 892
f 890 892 893
f 890 893 846
f 890 846 844
f 890 844 843
f 893 892 894
f 893 894 895
f 893 895 896
f 893 896 849
f 893 849 847
f 893 847 846
f 896 895 897
f 896 897 898
f 896 850 849
f 900 901 439
f 900 439 438
f 900 438 855
f 900 855 854
f 901 903 440
f 901 440 439
f 903 902 904
f 903 904 905
f 903 905 906
f 903 906 440
f 906 907 435
f 906 435 440
f 907 908 436
f 907 436 435
f 909 910 911
f 909 911 912
f 909 912 437
f 909 437 436
f 912 911 442
f 912 442 441
f 912 441 446
f 912 446 437
f 911 910 913
f 911 913 914
f 911 914 915
f 911 915 442
f 915 914 916
f 915 916 917
f 915 917 918
f 915 918 919
f 915 919 443
f 915 443 442
f 919 918 920
f 919 920 921
f 919 921 444
f 919 444 443
f 921 922 923
f 921 923 444
f 921 920 924
f 921 924 922
f 924 864 862
f 924 862 922
f 925 926 927
f 925 927 867
f 925 867 866
f 927 926 928
f 927 928 929
f 927 929 868
f 927 868 867
f 932 931 933
f 932 933 934
f 932 934 869
f 934 933 935
f 934 935 936
f 934 936 871
f 934 871 869
f 936 935 937
f 936 937 938
f 936 938 873
f 936 873 871
f 938 937 939
f 938 939 940
f 938 940 875
f 938 875 873
f 940 939 941
f 940 941 942
f 940 942 877
f 940 877 875
f 942 941 384
f 942 384 383
f 942 383 387
f 942 387 877
f 941 939 943
f 941 944 384
f 944 385 384
f 945 947 949
f 950 948 951
f 950 951 952
f 950 952 954
f 950 954 956
f 949 955 381
f 949 381 386
f 955 953 957
f 955 957 958
f 955 958 382
f 955 382 381
f 958 957 959
f 958 959 960
f 958 960 961
f 958 961 382
f 961 960 962
f 961 962 963
f 961 963 964
f 961 964 965
f 961 965 378
f 961 378 382
f 965 964 966
f 965 966 882
f 965 882 379
f 965 379 378
f 966 964 967
f 966 967 968
f 966 968 969
f 966 969 885
f 966 885 883
f 969 968 970
f 969 970 971
f 969 971 972
f 969 972 888
f 969 888 886
f 969 886 885
f 972 971 973
f 972 973 974
f 972 974 975
f 972 975 891
f 972 891 889
f 972 889 888
f 975 974 976
f 975 976 977
f 975 977 978
f 975 978 894
f 975 894 892
f 975 892 891
f 978 977 979
f 978 979 980
f 978 980 981
f 978 981 897
f 978 897 895
f 978 895 894
f 981 899 898
f 981 898 897
f 984 983 985
f 987 916 914
f 987 914 913
f 989 988 990
f 989 990 991
f 989 991 928
f 989 928 926
f 991 990 992
f 991 992 993
f 991 993 930
f 991 930 928
f 994 937 935
f 995 943 939
f 995 939 937
f 996 997 946
f 997 951 948
f 997 948 946
f 998 999 1000
f 998 1000 962
f 998 962 960
f 998 960 959
f 1000 999 1001
f 1000 1001 1002
f 1000 1002 1003
f 1000 1003 1004
f 1000 1004 963
f 1000 963 962
f 1004 1003 1005
f 1004 1005 967
f 1004 967 964
f 1004 964 963
f 1005 1003 1006
f 1005 1006 1007
f 1005 1007 1008
f 1005 1008 970
f 1005 970 968
f 1005 968 967
f 1008 1007 1009
f 1008 1009 1010
f 1008 1010 1011
f 1008 1011 973
f 1008 973 971
f 1008 971 970
f 1011 1010 1012
f 1011 1012 1013
f 1011 1013 1014
f 1011 1014 976
f 1011 976 974
f 1011 974 973
f 1014 979 977
f 1014 977 976
f 1017 1016 1018
f 1017 1018 1019
f 1017 1019 1020
f 1017 1020 982
f 1020 1019 1021
f 1020 1021 1022
f 1020 1022 1023
f 1020 1023 985
f 1020 985 983
f 1020 983 982
f 1023 1022 1024
f 1023 1024 1025
f 1023 1025 1026
f 1023 986 985
f 1026 1025 1027
f 1028 1029 1030
f 1028 1030 990
f 1028 990 988
f 1030 1029 1031
f 1030 1031 1032
f 1030 1032 992
f 1030 992 990
f 1034 1033 1036
f 1034 1036 1037
f 1035 1038 1039
f 1035 1039 1040
f 1035 1040 1002
f 1035 1002 1001
f 1040 1039 1041
f 1040 1041 1006
f 1040 1006 1003
f 1040 1003 1002
f 1041 1039 272
f 1041 272 1042
f 1041 1042 1043
f 1041 1043 1009
f 1041 1009 1007
f 1041 1007 1006
f 1043 1042 270
f 1043 270 1044
f 1043 1044 1045
f 1043 1045 1012
f 1043 1012 1010
f 1043 1010 1009
f 1045 1044 1046
f 1045 1046 1047
f 1045 1047 1048
f 1045 1048 1015
f 1048 1047 1049
f 1048 1049 1050
f 1048 1050 1051
f 1048 1051 1018
f 1048 1018 1016
f 1048 1016 1015
f 1051 1050 1052
f 1051 1052 1053
f 1051 1053 1054
f 1051 1054 1021
f 1051 1021 1019
f 1051 1019 1018
f 1054 1053 1055
f 1054 1055 1056
f 1054 1056 1057
f 1054 1057 1024
f 1054 1024 1022
f 1054 1022 1021
f 1057 1056 1058
f 1057 1058 1059
f 1057 1059 1060
f 1057 1060 1027
f 1057 1027 1025
f 1057 1025 1024
f 1060 1059 1061
f 1062 1061 1063
f 1064 1063 1065
f 1064 1065 1066
f 1064 1066 1067
f 1064 1067 1068
f 1068 1067 1069
f 1070 1069 1071
f 1071 1069 1072
f 1071 1072 1073
f 1071 1073 1074
f 1071 1074 1075
f 1075 1074 1076
f 1075 1076 1077
f 1077 1076 1078
f 1077 1078 1080
f 1080 1078 1082
f 1079 1083 417
f 1079 417 416
f 1083 1081 423
f 1083 423 422
f 1083 422 421
f 1083 421 417
f 1082 1078 1084
f 1082 1084 1086
f 1081 1085 1087
f 1081 1087 423
f 1087 1088 1089
f 1087 1089 1090
f 1087 1090 418
f 1087 418 423
f 1087 1085 1091
f 1087 1091 1088
f 1093 1094 366
f 1093 366 364
f 1093 1084 1095
f 1093 1095 1094
f 1095 1096 1097
f 1095 1097 1094
f 1095 1084 1078
f 1095 1078 1076
f 1095 1076 1074
f 1095 1074 1096
f 1097 1098 1099
f 1097 1099 1100
f 1097 1100 366
f 1097 366 1094
f 1097 1096 1101
f 1097 1101 1098
f 1101 1102 1103
f 1101 1103 1098
f 1101 1096 1074
f 1101 1074 1073
f 1101 1073 1072
f 1101 1072 1102
f 1103 1104 259
f 1103 259 258
f 1103 258 1099
f 1103 1099 1098
f 1103 1102 1105
f 1103 1105 1104
f 1105 1106 1107
f 1105 1107 1104
f 1105 1102 1072
f 1105 1072 1108
f 1105 1108 1109
f 1105 1109 1106
f 1109 1110 1111
f 1109 1111 1106
f 1109 1108 1067
f 1109 1067 1066
f 1109 1066 1065
f 1109 1065 1110
f 1111 1112 1113
f 1111 1113 1114
f 1111 1114 1107
f 1111 1107 1106
f 1111 1110 1115
f 1111 1115 1112
f 1115 1116 1117
f 1115 1117 1112
f 1115 1110 1065
f 1115 1065 1118
f 1115 1118 1058
f 1115 1058 1116
f 1118 1065 1063
f 1118 1063 1061
f 1118 1061 1059
f 1118 1059 1058
f 1117 1119 1120
f 1117 1120 1121
f 1117 1121 1113
f 1117 1113 1112
f 1117 1116 1055
f 1117 1055 1119
f 1121 1120 1122
f 1121 1122 1123
f 1121 1123 1124
f 1121 1124 1113
f 1124 1123 1125
f 1124 1125 1126
f 1124 1126 1127
f 1124 1127 1128
f 1124 1128 1114
f 1124 1114 1113
f 1128 1127 263
f 1128 263 265
f 1128 265 1107
f 1128 1107 1114
f 1127 1126 1129
f 1127 1129 1130
f 1127 1130 264
f 1127 264 263
f 1130 1129 1131
f 1130 1131 1133
f 1130 1133 1135
f 1130 1135 264
f 1134 1132 1136
f 1134 1136 1137
f 1134 1137 1138
f 1134 1138 1139
f 1135 1140 260
f 1135 260 264
f 1139 1138 1141
f 1139 1141 1143
f 1140 1144 261
f 1140 261 260
f 1144 1142 143
f 1144 143 142
f 1144 142 1146
f 1144 1146 261
f 1145 141 139
f 1145 139 1147
f 1145 1147 1148
f 1145 1148 1149
f 1146 1150 262
f 1146 262 261
f 1149 1148 1151
f 1149 1151 1153
f 1150 1154 266
f 1150 266 262
f 1154 1152 1156
f 1154 1156 1157
f 1154 1157 1158
f 1154 1158 266
f 1158 1157 1159
f 1158 1159 1160
f 1158 1160 1161
f 1158 1161 1162
f 1158 1162 257
f 1158 257 266
f 1162 1161 1100
f 1162 1100 1099
f 1162 1099 258
f 1162 258 257
f 1161 1160 368
f 1161 368 367
f 1161 367 366
f 1161 366 1100
f 1160 1159 1163
f 1160 1163 368
f 1163 1159 1164
f 1163 1164 1165
f 1163 1165 38
f 1163 38 230
f 1163 230 365
f 1163 365 368
f 1167 1168 243
f 1167 243 242
f 1170 1169 1174
f 1170 1174 1175
f 1170 1175 1176
f 1170 1176 1171
f 1177 1178 1179
f 1177 1179 1180
f 1177 1180 1172
f 1180 1179 1181
f 1180 1181 1182
f 1180 1182 1183
f 1180 1183 1184
f 1180 1184 1173
f 1180 1173 1172
f 1184 1183 1185
f 1184 1185 206
f 1184 206 203
f 1184 203 1173
f 1188 1187 1189
f 1188 1189 1190
f 1190 1189 1191
f 1190 1191 1193
f 1190 1193 239
f 1190 239 238
f 1193 1191 1195
f 1193 1195 247
f 1193 247 245
f 1193 245 239
f 1196 1192 1198
f 1196 1198 1200
f 1195 1199 1205
f 1199 1202 1205
f 1194 1203 248
f 1194 248 246
f 1204 1201 1206
f 1204 1206 1208
f 1205 1209 250
f 1205 250 249
f 1209 1207 1210
f 1209 1210 1212
f 1209 1212 251
f 1209 251 250
f 1212 1210 1214
f 1212 1214 1217
f 1212 1217 253
f 1212 253 251
f 1216 1213 356
f 1216 356 354
f 1216 354 358
f 1216 358 252
f 1215 1211 1219
f 1215 1219 1222
f 1214 1221 357
f 1221 1223 357
f 1223 1221 1224
f 1223 1224 1225
f 1223 1225 1226
f 1223 1226 1227
f 1223 1227 353
f 1223 353 357
f 1227 1226 1228
f 1227 1228 1230
f 1227 1230 350
f 1227 350 353
f 1230 1228 1231
f 1230 1231 1233
f 1230 1233 351
f 1230 351 350
f 1234 1232 1235
f 1234 1235 1237
f 1233 1236 369
f 1233 369 351
f 1237 1235 1238
f 1237 1238 1239
f 1237 1239 371
f 1237 371 370
f 1239 1240 1242
f 1239 1242 371
f 1242 1244 363
f 1242 363 371
f 1241 1246 1243
f 1246 1248 1249
f 1246 1249 1243
f 1245 1089 1088
f 1245 1088 1092
f 1245 1092 1251
f 1245 1251 1247
f 1252 224 226
f 1252 226 1253
f 1252 1253 1249
f 1252 1249 1248
f 1254 227 222
f 1254 222 220
f 1254 220 361
f 1254 361 1250
f 1250 361 363
f 1250 363 1244
f 1255 1235 1232
f 1255 1232 1256
f 1255 1256 426
f 1255 426 425
f 1256 1232 1229
f 1256 1229 406
f 1256 406 405
f 1256 405 426
f 1228 1226 407
f 1226 1225 409
f 1226 409 407
f 1225 1224 1257
f 1225 1257 409
f 1257 1224 1258
f 1258 1260 1262
f 1264 1263 1266
f 1264 1266 1267
f 1270 1269 1271
f 1270 1271 1272
f 1270 1272 1031
f 1270 1031 1029
f 1272 1271 1273
f 1272 1273 1274
f 1276 1275 1277
f 1276 1277 1278
f 1278 1277 1279
f 1278 1279 1280
f 1278 1280 268
f 1278 268 267
f 1280 1279 1122
f 1280 1122 1281
f 1280 1281 1282
f 1280 1282 268
f 1282 1046 269
f 1282 269 268
f 1282 1281 1283
f 1282 1283 1049
f 1282 1049 1047
f 1282 1047 1046
f 1283 1281 1122
f 1283 1122 1120
f 1283 1120 1119
f 1283 1119 1052
f 1283 1052 1050
f 1283 1050 1049
f 1279 1277 1284
f 1279 1284 1125
f 1279 1125 1123
f 1279 1123 1122
f 1284 1277 1275
f 1284 1275 1285
f 1284 1285 1131
f 1284 1131 1129
f 1284 1129 1126
f 1284 1126 1125
f 1287 1286 1288
f 1287 1288 1289
f 1287 1289 145
f 1287 145 144
f 1289 1288 1290
f 1289 1290 1291
f 1289 1291 1292
f 1289 1292 145
f 1292 1291 1293
f 1292 1293 1294
f 1292 1294 1148
f 1292 1148 1147
f 1292 1147 139
f 1292 139 145
f 1294 1293 1295
f 1294 1295 1296
f 1294 1296 1151
f 1294 1151 1148
f 1296 1295 1297
f 1296 1297 1298
f 1296 1298 1155
f 1296 1155 1151
f 1299 1166 1164
f 1299 1164 1156
f 1297 1295 1300
f 1297 1300 1301
f 1305 1306 1307
f 1305 1307 1308
f 1305 1308 1181
f 1305 1181 1179
f 1305 1179 1178
f 1308 1307 373
f 1308 373 372
f 1308 372 377
f 1308 377 1309
f 1308 1309 1182
f 1308 1182 1181
f 1309 377 1310
f 1309 1310 1186
f 1309 1186 1183
f 1309 1183 1182
f 1310 377 376
f 1310 376 1311
f 1310 1311 1312
f 1310 1312 1313
f 1316 1315 1317
f 1316 1317 1318
f 1318 1317 1319
f 1318 1319 1320
f 1318 1320 1189
f 1318 1189 1187
f 1320 1319 1321
f 1320 1321 1197
f 1320 1197 1191
f 1320 1191 1189
f 1321 1319 1322
f 1321 1322 1323
f 1321 1323 1324
f 1321 1324 1325
f 1321 1325 1199
f 1321 1199 1197
f 1325 1324 1326
f 1325 1326 1327
f 1325 1327 1202
f 1325 1202 1199
f 1327 1326 1260
f 1327 1260 1328
f 1327 1328 1207
f 1327 1207 1202
f 1329 1261 1259
f 1329 1259 1220
f 1328 1218 1210
f 1328 1210 1207
f 1326 1324 1265
f 1326 1262 1260
f 1324 1323 1268
f 1332 1331 1333
f 1332 1333 1334
f 1334 1333 1335
f 1334 1335 1336
f 1336 1335 1337
f 1336 1337 1338
f 1338 1337 1339
f 1338 1339 1340
f 1345 1346 1347
f 1345 1344 1348
f 1345 1348 1349
f 1345 1349 1350
f 1345 1350 1346
f 1350 1351 1352
f 1350 1352 1346
f 1350 1349 1353
f 1350 1353 1354
f 1350 1354 1355
f 1350 1355 1351
f 1355 1356 1357
f 1355 1357 1351
f 1355 1354 1358
f 1355 1358 1359
f 1355 1359 1360
f 1355 1360 1356
f 1360 1361 1362
f 1360 1362 1356
f 1360 1359 1363
f 1360 1363 1364
f 1368 404 374
f 1368 374 373
f 1368 373 1307
f 1369 1312 1311
f 1370 1315 1314
f 1371 1330 1317
f 1371 1317 1315
f 1373 1372 1374
f 1373 1374 1375
f 1373 1375 1333
f 1373 1333 1331
f 1375 1374 1376
f 1375 1376 1377
f 1375 1377 1335
f 1375 1335 1333
f 1377 1376 1378
f 1377 1378 1379
f 1377 1379 1337
f 1377 1337 1335
f 1379 1378 1380
f 1379 1380 1381
f 1379 1381 1339
f 1379 1339 1337
f 1382 1353 1349
f 1382 1349 1348
f 1382 1383 1384
f 1382 1384 1353
f 1384 1358 1354
f 1384 1354 1353
f 1384 1383 1385
f 1384 1385 1386
f 1384 1386 1387
f 1384 1387 1358
f 1387 1363 1359
f 1387 1359 1358
f 1387 1386 1388
f 1387 1388 1389
f 1390 1389 1391
f 1390 1391 1392
f 1390 1392 1393
f 1390 1393 1365
f 1393 1392 1394
f 1393 1394 1395
f 1393 1396 1366
f 1393 1366 1365
f 1396 1397 1367
f 1396 1367 1366
f 1402 1401 1403
f 1402 1403 1404
f 1402 1404 1405
f 1402 1405 1406
f 1406 1405 1374
f 1406 1374 1372
f 1405 1404 1407
f 1405 1407 1408
f 1405 1408 1376
f 1405 1376 1374
f 1408 1407 1409
f 1408 1409 1410
f 1408 1410 1378
f 1408 1378 1376
f 1410 1409 1411
f 1410 1411 1412
f 1410 1412 1380
f 1410 1380 1378
f 1413 1388 1386
f 1413 1386 1385
f 1413 1414 1415
f 1413 1415 1388
f 1415 1391 1389
f 1415 1389 1388
f 1415 1414 1416
f 1415 1416 1417
f 1415 1417 1418
f 1415 1418 1391
f 1418 1394 1392
f 1418 1392 1391
f 1418 1417 1419
f 1418 1419 1420
f 1418 1420 1421
f 1418 1421 1394
f 1421 1422 1395
f 1421 1395 1394
f 1421 1420 1423
f 1421 1423 1424
f 1421 1424 1425
f 1421 1425 1422
f 1425 1424 1426
f 1425 1426 1427
f 1428 1429 1430
f 1428 1430 1431
f 1428 1431 193
f 1428 193 194
f 1431 1430 1432
f 1431 1432 1434
f 1438 1437 1440
f 1438 1440 1441
f 1438 1441 1442
f 1438 1442 1439
f 1442 1441 1443
f 1442 1443 1444
f 1442 1444 400
f 1442 400 402
f 1442 402 403
f 1442 403 1439
f 1444 1443 1446
f 1444 1446 396
f 1445 397 395
f 1445 395 401
f 1446 1443 1448
f 1446 1448 1449
f 1447 1450 1451
f 1447 1451 1452
f 1447 1452 399
f 1447 399 398
f 1455 1454 1457
f 1455 1457 1458
f 1455 1458 1459
f 1455 1459 1400
f 1456 1399 1398
f 1459 1458 1460
f 1459 1460 1461
f 1459 1461 1462
f 1459 1462 1403
f 1459 1403 1401
f 1459 1401 1400
f 1462 1461 1463
f 1462 1463 1464
f 1462 1464 1409
f 1462 1409 1407
f 1462 1407 1404
f 1462 1404 1403
f 1464 1463 1465
f 1464 1465 1466
f 1464 1466 1411
f 1464 1411 1409
f 1467 1419 1417
f 1467 1417 1416
f 1467 1468 1469
f 1467 1469 1419
f 1469 1423 1420
f 1469 1420 1419
f 1469 1468 1470
f 1469 1470 1471
f 1469 1471 1472
f 1469 1472 1423
f 1472 1426 1424
f 1472 1424 1423
f 1472 1471 1473
f 1472 1473 1474
f 1472 1474 1475
f 1472 1475 1426
f 1477 1476 1478
f 1477 1478 1479
f 1477 1479 1430
f 1477 1430 1429
f 1479 1478 1480
f 1479 1480 1482
f 1479 1482 1432
f 1479 1432 1430
f 1483 1481 1485
f 1483 1485 1487
f 1483 1487 1435
f 1483 1435 1433
f 1486 1484 1489
f 1486 1489 1491
f 1487 1492 1494
f 1487 1494 1435
f 1495 1493 152
f 1495 152 189
f 1495 189 1497
f 1495 1497 1436
f 1496 188 184
f 1496 184 187
f 1498 167 165
f 1498 165 1499
f 1498 1499 1448
f 1498 1448 1440
f 1499 165 178
f 1499 178 1500
f 1499 1500 1449
f 1499 1449 1448
f 1500 178 1502
f 1500 1502 1504
f 1501 1505 1451
f 1501 1451 1450
f 1506 1503 1507
f 1506 1507 1508
f 1510 1509 1511
f 1510 1511 1512
f 1515 1514 328
f 1515 328 1516
f 1520 1518 1521
f 1520 1521 1523
f 1520 1523 1524
f 1520 1524 1453
f 1524 1523 1525
f 1524 1525 1526
f 1524 1526 1527
f 1524 1527 1457
f 1524 1457 1454
f 1524 1454 1453
f 1527 1526 1528
f 1527 1528 1529
f 1527 1529 1530
f 1527 1530 1460
f 1527 1460 1458
f 1527 1458 1457
f 1530 1529 1531
f 1530 1531 1532
f 1530 1532 1465
f 1530 1465 1463
f 1530 1463 1461
f 1530 1461 1460
f 1533 1473 1471
f 1533 1471 1470
f 1534 1535 1478
f 1534 1478 1476
f 1535 1537 1480
f 1535 1480 1478
f 1537 1536 1538
f 1537 1538 1539
f 1537 1539 1484
f 1537 1484 1480
f 1539 1538 1541
f 1539 1541 1543
f 1539 1543 1489
f 1539 1489 1484
f 1542 1540 1544
f 1542 1544 1545
f 1542 1545 153
f 1542 153 1488
f 1545 1544 1547
f 1545 1547 1549
f 1545 1549 14
f 1545 14 153
f 1548 1546 1550
f 1548 1550 1551
f 1548 1551 146
f 1548 146 13
f 1551 1550 1552
f 1551 1552 1553
f 1551 1553 1555
f 1551 1555 146
f 1555 190 147
f 1555 147 146
f 1556 1554 1558
f 1556 1558 1559
f 1556 1559 1561
f 1556 1561 191
f 1560 156 155
f 1560 155 190
f 1561 1559 1562
f 1561 1562 1564
f 1561 1564 1566
f 1561 1566 157
f 1573 1572 1574
f 1573 1574 1575
f 1573 1575 1576
f 1573 1576 1517
f 1576 1575 1577
f 1576 1577 1578
f 1576 1578 1580
f 1576 1580 1522
f 1576 1522 1519
f 1576 1519 1517
f 1580 1578 1581
f 1580 1581 1583
f 1579 1582 1584
f 1579 1584 1525
f 1579 1525 1523
f 1579 1523 1521
f 1584 1582 1585
f 1584 1585 1587
f 1584 1587 1588
f 1584 1588 1528
f 1584 1528 1526
f 1584 1526 1525
f 1588 1531 1529
f 1588 1529 1528
f 1589 1557 1553
f 1589 1553 1552
f 1590 1591 1592
f 1590 1592 1558
f 1592 1562 1559
f 1592 1559 1558
f 1593 1597 1563
f 1597 1568 1565
f 1597 1565 1563
f 1596 1595 1598
f 1596 1598 1599
f 1596 1599 1600
f 1596 1600 1567
f 1600 1570 1569
f 1600 1569 1567
f 1600 1599 1602
f 1600 1602 1604
f 1600 1604 1606
f 1600 1606 1570
f 1605 1603 1607
f 1605 1607 1609
f 1610 1608 1611
f 1610 1611 1612
f 1612 1611 1613
f 1612 1613 1614
f 1615 1614 1613
f 1615 1613 1616
f 1615 1616 1617
f 1615 1617 1618
f 1618 1617 1619
f 1618 1619 288
f 1619 1617 1620
f 1619 1620 1621
f 1619 1621 1622
f 1619 1622 1623
f 1619 1623 286
f 1619 286 288
f 1623 1622 1624
f 1623 1624 1625
f 1623 1625 287
f 1623 287 286
f 1625 1624 1626
f 1625 1627 287
f 1629 1630 1631
f 1629 1631 1628
f 1629 1633 1635
f 1629 1635 1630
f 1634 1632 1636
f 1634 1636 1637
f 1634 1637 1638
f 1634 1638 1639
f 1635 1640 1641
f 1635 1641 1630
f 1641 1642 1631
f 1641 1631 1630
f 1641 1640 1644
f 1641 1644 1645
f 1641 1645 1646
f 1641 1646 1642
f 1646 1647 1648
f 1646 1648 1642
f 1656 1657 1658
f 1656 1658 1654
f 1656 1659 1660
f 1656 1660 1657
f 1660 1661 1662
f 1660 1662 1657
f 1660 1659 1663
f 1660 1663 1664
f 1660 1664 1665
f 1660 1665 1661
f 1665 1666 1667
f 1665 1667 1661
f 1665 1664 1668
f 1665 1668 1669
f 1665 1669 1670
f 1665 1670 1666
f 1670 1671 1672
f 1670 1672 1666
f 1670 1669 1673
f 1670 1673 1674
f 1670 1674 1675
f 1670 1675 1671
f 1675 1676 1677
f 1675 1677 1671
f 1675 1674 1679
f 1675 1679 1681
f 1675 1681 1683
f 1675 1683 1676
f 1682 1680 1684
f 1682 1684 1685
f 1685 1684 1686
f 1685 1686 1687
f 1687 1686 1688
f 1687 1688 1689
f 1692 1691 1693
f 1692 1693 1694
f 1694 1693 1696
f 1694 1696 1697
f 1695 1698 1699
f 1695 1699 1571
f 1699 1698 1701
f 1699 1701 1702
f 1699 1702 1703
f 1699 1703 1574
f 1699 1574 1572
f 1699 1572 1571
f 1703 1702 1704
f 1703 1704 1705
f 1703 1705 1706
f 1703 1706 1577
f 1703 1577 1575
f 1703 1575 1574
f 1706 1705 1707
f 1706 1707 1708
f 1706 1708 2690
f 1706 2690 1581
f 1706 1581 1578
f 1706 1578 1577
f 2690 1586 1583
f 2690 1583 1581
f 1711 1712 1713
f 1711 1713 1709
f 1711 1714 1715
f 1711 1715 1712
f 1715 1624 1622
f 1715 1622 1712
f 1715 1626 1624
f 1716 1717 1718
f 1716 1718 1719
f 1716 1719 1637
f 1716 1637 1636
f 1719 1718 1720
f 1719 1720 1721
f 1719 1721 1638
f 1719 1638 1637
f 1721 1720 1722
f 1721 1722 1723
f 1721 1723 1724
f 1721 1724 1638
f 1724 1643 1639
f 1724 1639 1638
f 1724 1723 1725
f 1724 1725 1726
f 1724 1726 1649
f 1724 1649 1643
f 1726 1725 1727
f 1726 1727 1728
f 1726 1728 1650
f 1726 1650 1649
f 1728 1727 1729
f 1728 1729 1730
f 1728 1730 1651
f 1728 1651 1650
f 1730 1729 1731
f 1730 1731 1732
f 1730 1732 1652
f 1730 1652 1651
f 1732 1731 1733
f 1732 1733 1734
f 1732 1734 1653
f 1732 1653 1652
f 1737 1736 1739
f 1737 1739 1740
f 1737 1740 1741
f 1737 1741 1738
f 1741 1740 1742
f 1741 1742 1743
f 1741 1743 1744
f 1741 1744 1745
f 1741 1745 1746
f 1741 1746 1738
f 1746 1745 1747
f 1746 1747 1749
f 1753 1752 1754
f 1753 1754 1755
f 1753 1755 1718
f 1753 1718 1717
f 1755 1754 1756
f 1755 1756 1757
f 1755 1757 1720
f 1755 1720 1718
f 1757 1756 1758
f 1757 1758 1759
f 1757 1759 1722
f 1757 1722 1720
f 1759 1758 1760
f 1759 1760 1761
f 1759 1761 1762
f 1759 1762 1722
f 1762 1725 1723
f 1762 1723 1722
f 1762 1761 1763
f 1762 1763 1764
f 1762 1764 1727
f 1762 1727 1725
f 1764 1763 1765
f 1764 1765 1766
f 1764 1766 1729
f 1764 1729 1727
f 1766 1765 1767
f 1766 1767 1768
f 1766 1768 1731
f 1766 1731 1729
f 1768 1767 1735
f 1768 1735 1769
f 1768 1769 1733
f 1768 1733 1731
f 1767 1765 1770
f 1767 1770 1739
f 1767 1739 1736
f 1767 1736 1735
f 1770 1765 1763
f 1770 1763 1771
f 1770 1771 1772
f 1770 1772 1742
f 1770 1742 1740
f 1770 1740 1739
f 1772 1771 1760
f 1772 1760 1773
f 1772 1773 1774
f 1772 1774 1775
f 1772 1775 1743
f 1772 1743 1742
f 1775 1774 1776
f 1775 1776 1777
f 1775 1777 1744
f 1775 1744 1743
f 1777 1776 1778
f 1777 1778 1780
f 1777 1780 1782
f 1777 1782 1744
f 1782 1747 1745
f 1782 1745 1744
f 1783 1781 1784
f 1783 1784 1785
f 1783 1785 1786
f 1783 1786 1748
f 1786 1751 1750
f 1786 1750 1748
f 1786 1785 1787
f 1786 1787 1788
f 1786 1788 1789
f 1786 1789 1751
f 1789 1788 1790
f 1789 1790 1791
f 1795 1793 1796
f 1795 1796 1798
f 1795 1798 1648
f 1795 1648 1647
f 1798 1796 1799
f 1798 1799 1801
f 1798 1801 1802
f 1798 1802 1648
f 1802 1631 1642
f 1802 1642 1648
f 1803 1804 1805
f 1803 1805 1806
f 1803 1800 1797
f 1803 1797 1804
f 1806 1805 1807
f 1806 1807 1808
f 1808 1807 1809
f 1808 1809 1810
f 1813 89 389
f 1813 389 1814
f 1814 389 299
f 1814 299 303
f 1816 1817 1818
f 1816 1818 1672
f 1816 1672 1671
f 1816 1671 1677
f 1818 1817 1819
f 1818 1819 1820
f 1818 1820 1821
f 1818 1821 1667
f 1818 1667 1666
f 1818 1666 1672
f 1821 1820 1822
f 1821 1822 1823
f 1821 1823 1824
f 1821 1824 1662
f 1821 1662 1661
f 1821 1661 1667
f 1824 1823 1825
f 1824 1825 1826
f 1824 1826 1827
f 1824 1827 1658
f 1824 1658 1657
f 1824 1657 1662
f 1827 1826 1829
f 1827 1829 1830
f 1827 1830 1831
f 1827 1831 1655
f 1827 1655 1654
f 1827 1654 1658
f 1831 1830 1833
f 1831 1833 1835
f 1839 1840 1841
f 1839 1841 1837
f 1839 1842 1843
f 1839 1843 1840
f 1843 1844 1845
f 1843 1845 1840
f 1843 1842 1846
f 1843 1846 1847
f 1843 1847 1848
f 1843 1848 1844
f 1848 1849 1850
f 1848 1850 1844
f 1848 1847 1851
f 1848 1851 1852
f 1848 1852 1853
f 1848 1853 1849
f 1853 1854 1855
f 1853 1855 1849
f 1853 1852 1856
f 1853 1856 1857
f 1853 1857 1858
f 1853 1858 1854
f 1858 1859 1860
f 1858 1860 1854
f 1858 1857 1861
f 1858 1861 1862
f 1858 1862 1863
f 1858 1863 1859
f 1863 1862 1864
f 1863 1864 1865
f 1869 1868 1870
f 1869 1870 1822
f 1869 1822 1820
f 1869 1820 1819
f 1870 1868 1867
f 1870 1867 1872
f 1870 1872 1874
f 1870 1874 1825
f 1870 1825 1823
f 1870 1823 1822
f 1873 1871 1864
f 1873 1864 1875
f 1873 1875 1876
f 1873 1876 1828
f 1874 1829 1826
f 1874 1826 1825
f 1876 1875 1861
f 1876 1861 1878
f 1876 1878 1879
f 1876 1879 1832
f 1877 1833 1830
f 1877 1830 1829
f 1879 1878 1856
f 1879 1856 1880
f 1879 1880 1881
f 1879 1881 1836
f 1879 1836 1834
f 1879 1834 1832
f 1881 1880 1851
f 1881 1851 1882
f 1882 1851 1847
f 1882 1847 1846
f 1880 1856 1852
f 1880 1852 1851
f 1878 1861 1857
f 1878 1857 1856
f 1875 1864 1862
f 1875 1862 1861
f 1871 1866 1865
f 1871 1865 1864
f 1883 1884 1885
f 1883 1885 1855
f 1883 1855 1854
f 1883 1854 1860
f 1885 1884 1886
f 1885 1886 1887
f 1885 1887 1888
f 1885 1888 1850
f 1885 1850 1849
f 1885 1849 1855
f 1888 1887 1889
f 1888 1889 1890
f 1888 1890 1891
f 1888 1891 1845
f 1888 1845 1844
f 1888 1844 1850
f 1891 1890 1892
f 1891 1892 1893
f 1891 1893 1894
f 1891 1894 1841
f 1891 1841 1840
f 1891 1840 1845
f 1894 1893 1895
f 1894 1895 1896
f 1894 1896 1897
f 1894 1897 1838
f 1894 1838 1837
f 1894 1837 1841
f 1897 1896 1898
f 1901 1902 1903
f 1901 1903 1900
f 1901 1815 1904
f 1901 1904 1902
f 1904 1905 1906
f 1904 1906 1902
f 1904 1907 1908
f 1904 1908 1905
f 1908 1909 1910
f 1908 1910 1905
f 1908 1907 1911
f 1908 1911 1912
f 1908 1912 1913
f 1908 1913 1909
f 1913 1914 1915
f 1913 1915 1909
f 1913 1912 1916
f 1913 1916 1917
f 1913 1917 1918
f 1913 1918 1914
f 1918 1919 1920
f 1918 1920 1914
f 1918 1917 1922
f 1918 1922 1924
f 1918 1924 1925
f 1918 1925 1919
f 1925 1926 1927
f 1925 1927 1919
f 1932 1931 1933
f 1932 1933 1930
f 1933 1931 1934
f 1933 1934 1935
f 1933 1935 1936
f 1933 1936 1929
f 1936 1935 1937
f 1936 1937 1938
f 1936 1938 1939
f 1936 1939 1927
f 1936 1927 1926
f 1936 1926 1929
f 1939 1938 1940
f 1939 1940 1941
f 1939 1941 1942
f 1939 1942 1920
f 1939 1920 1919
f 1939 1919 1927
f 1942 1941 1943
f 1942 1943 1944
f 1942 1944 1945
f 1942 1945 1915
f 1942 1915 1914
f 1942 1914 1920
f 1945 1944 1946
f 1945 1946 1947
f 1945 1947 1948
f 1945 1948 1910
f 1945 1910 1909
f 1945 1909 1915
f 1948 1947 1950
f 1948 1950 1952
f 1948 1952 1954
f 1948 1954 1906
f 1948 1906 1905
f 1948 1905 1910
f 1953 1951 1955
f 1953 1955 1956
f 1954 1903 1902
f 1954 1902 1906
f 1956 1955 1957
f 1956 1957 1958
f 1956 1958 428
f 1956 428 431
f 1958 1957 1959
f 1958 1959 1960
f 1958 1960 429
f 1958 429 428
f 1960 1754 1752
f 1960 1752 429
f 1960 1959 1756
f 1960 1756 1754
f 1959 1957 1961
f 1959 1961 1962
f 1959 1962 1758
f 1959 1758 1756
f 1962 1961 1774
f 1962 1774 1773
f 1962 1773 1760
f 1962 1760 1758
f 1961 1957 1955
f 1961 1955 1963
f 1961 1963 1776
f 1961 1776 1774
f 1963 1955 1951
f 1963 1951 1949
f 1963 1949 1778
f 1963 1778 1776
f 1950 1947 1946
f 1950 1946 1779
f 1946 1784 1781
f 1946 1781 1779
f 1946 1944 1943
f 1946 1943 1784
f 1943 1787 1785
f 1943 1785 1784
f 1943 1941 1940
f 1943 1940 1787
f 1940 1790 1788
f 1940 1788 1787
f 1940 1938 1937
f 1940 1937 1790
f 1937 1792 1791
f 1937 1791 1790
f 1937 1935 1934
f 1937 1934 1792
f 1965 1964 1805
f 1965 1805 1804
f 1965 1804 1797
f 1965 1797 1794
f 1964 1966 1807
f 1964 1807 1805
f 1966 1928 1809
f 1966 1809 1807
f 1928 1923 1921
f 1928 1921 1809
f 1922 1917 1916
f 1922 1916 1812
f 1921 1811 1810
f 1921 1810 1809
f 1969 1968 1970
f 1969 1970 1889
f 1969 1889 1887
f 1969 1887 1886
f 1970 1968 1967
f 1970 1967 1971
f 1970 1971 1972
f 1970 1972 1892
f 1970 1892 1890
f 1970 1890 1889
f 1972 1971 1973
f 1972 1974 1895
f 1972 1895 1893
f 1972 1893 1892
f 1974 1896 1895
f 1979 1980 1981
f 1979 1983 1980
f 1983 1984 1985
f 1983 1985 1980
f 1983 1982 453
f 1983 453 1986
f 1983 1986 1987
f 1983 1987 1984
f 1987 1989 1984
f 1987 1986 1990
f 1987 1990 1991
f 1992 1991 1990
f 1992 1990 452
f 1992 452 454
f 1993 1994 1995
f 1993 1995 1989
f 1993 1989 1988
f 1995 1994 1996
f 1995 1996 1997
f 1995 1997 1998
f 1995 1998 1985
f 1995 1985 1984
f 1995 1984 1989
f 1998 1981 1980
f 1998 1980 1985
f 1990 1986 453
f 1990 453 452
f 1982 449 453
f 1977 1976 450
f 1977 450 449
f 1973 1971 1967
f 1771 1763 1761
f 1771 1761 1760
f 1713 1621 1620
f 1713 1620 1999
f 1713 1999 1710
f 1713 1710 1709
f 1713 1712 1622
f 1713 1622 1621
f 1999 1620 2000
f 1999 2000 2001
f 1999 2001 2002
f 1999 2002 1710
f 2002 2001 2003
f 2002 2003 2004
f 2009 2011 2013
f 2009 2013 2006
f 2010 2005 2015
f 2010 2015 2012
f 2015 2016 2018
f 2015 2018 2012
f 2015 2005 2004
f 2015 2004 2003
f 2015 2003 2019
f 2015 2019 2016
f 2019 1613 1611
f 2019 1611 2016
f 2019 2003 2001
f 2019 2001 2000
f 2019 2000 1616
f 2019 1616 1613
f 2017 1607 1603
f 2017 1603 1601
f 2017 1601 2013
f 2017 2013 2011
f 2018 2016 1611
f 2018 1611 1608
f 2014 1602 1599
f 2014 1599 1598
f 2014 1598 2008
f 2014 2008 2007
f 2008 1598 1595
f 2008 1595 1594
f 2000 1620 1617
f 2000 1617 1616
f 2021 2022 1668
f 2021 1668 2020
f 2021 2024 2026
f 2021 2026 2022
f 2026 2028 1673
f 2026 1673 2022
f 2025 2023 2029
f 2025 2029 2030
f 2025 2030 2031
f 2025 2031 2027
f 2031 2032 1678
f 2031 1678 2027
f 2031 2030 2033
f 2031 2033 2034
f 2031 2034 2035
f 2031 2035 2032
f 2035 1686 1684
f 2035 1684 2032
f 2035 2034 2036
f 2035 2036 2037
f 2035 2037 1688
f 2035 1688 1686
f 2037 2036 2038
f 2037 2038 2039
f 2037 2039 2040
f 2037 2040 1688
f 2040 1690 1689
f 2040 1689 1688
f 2040 2039 2041
f 2040 2041 2042
f 2040 2042 2043
f 2040 2043 1690
f 2043 2042 2044
f 2043 2044 2045
f 2045 2044 1693
f 2045 1693 1691
f 2044 2042 2041
f 2044 2041 2046
f 2044 2046 1696
f 2044 1696 1693
f 2046 2041 2047
f 2046 2047 2048
f 2046 2048 2049
f 2046 2049 1696
f 2049 2048 2050
f 2049 2050 2051
f 2049 2051 2052
f 2049 2052 1700
f 2049 1700 1697
f 2049 1697 1696
f 2052 2051 2054
f 2052 2054 2055
f 2053 2056 2057
f 2053 2057 1704
f 2053 1704 1702
f 2053 1702 1701
f 2057 1707 1705
f 2057 1705 1704
f 2060 2061 2062
f 2060 2062 2058
f 2060 2063 2050
f 2060 2050 2061
f 2063 2054 2051
f 2063 2051 2050
f 2062 2038 2036
f 2062 2036 2064
f 2062 2064 2059
f 2062 2059 2058
f 2062 2061 2047
f 2062 2047 2038
f 2064 2036 2034
f 2064 2034 2033
f 2064 2033 2065
f 2064 2065 2059
f 2065 2033 2030
f 2065 2030 2029
f 2061 2050 2048
f 2061 2048 2047
f 2047 2041 2039
f 2047 2039 2038
f 2032 1684 1680
f 2032 1680 1678
f 2028 1679 1674
f 2028 1674 1673
f 2022 1673 1669
f 2022 1669 1668
f 2020 1668 1664
f 2020 1664 1663
f 1514 2066 315
f 1514 315 328
f 2066 2068 317
f 2066 317 315
f 2067 347 329
f 2067 329 2069
f 2068 340 320
f 2068 320 317
f 2069 329 327
f 2069 327 341
f 2070 348 342
f 2070 342 346
f 2071 2073 290
f 2071 290 289
f 2076 2075 2077
f 2076 2077 2078
f 2079 2078 2077
f 2079 2077 2080
f 2079 2080 391
f 2079 391 392
f 2081 201 200
f 2081 200 2074
f 2074 200 198
f 2074 198 2072
f 2073 199 196
f 2073 196 297
f 2073 297 291
f 2073 291 290
f 1513 1511 159
f 1513 159 164
f 1511 1509 160
f 1511 160 159
f 1507 1503 2083
f 1507 2083 161
f 2082 176 174
f 2082 174 169
f 2083 170 163
f 2083 163 161
f 2082 1502 178
f 2082 178 176
f 1490 1488 153
f 1490 153 151
f 1448 1443 1441
f 1448 1441 1440
f 1357 1304 1352
f 1357 1352 1351
f 1352 1347 1346
f 1343 1303 1342
f 1343 1342 1341
f 1330 1322 1319
f 1330 1319 1317
f 2085 2084 2086
f 2085 2086 2087
f 2085 2087 1271
f 2085 1271 1269
f 2087 2086 2088
f 2087 2088 2089
f 2087 2089 1273
f 2087 1273 1271
f 2099 2098 2100
f 2099 2100 2101
f 2099 2101 2086
f 2099 2086 2084
f 2101 2100 2102
f 2101 2102 2090
f 2101 2090 2088
f 2101 2088 2086
f 2102 2100 2103
f 2102 2103 2104
f 2105 2107 2109
f 2113 2114 2115
f 2113 2115 2116
f 2116 2115 2117
f 2116 2117 2118
f 2116 2118 2119
f 2116 2119 2120
f 2116 2120 2091
f 2120 2119 2121
f 2123 2122 2124
f 2123 2124 2125
f 2123 2125 2092
f 2125 2124 2126
f 2125 2126 2127
f 2125 2127 2093
f 2127 2126 2128
f 2127 2128 2129
f 2127 2129 2094
f 2129 2128 2130
f 2129 2130 2131
f 2129 2131 2095
f 2131 2130 2132
f 2131 2132 2133
f 2131 2133 2096
f 2133 2132 2134
f 2133 2134 2135
f 2133 2135 2136
f 2136 2135 2137
f 2136 2137 2138
f 2136 2138 2098
f 2136 2098 2097
f 2138 2137 2139
f 2138 2139 2103
f 2138 2103 2100
f 2138 2100 2098
f 2139 2137 2140
f 2139 2140 2141
f 2139 2141 2142
f 2139 2142 2106
f 2139 2106 2104
f 2139 2104 2103
f 2142 2141 2143
f 2142 2143 2144
f 2142 2144 2145
f 2142 2145 2146
f 2142 2146 2108
f 2142 2108 2106
f 2147 2148 2110
f 2147 2110 2109
f 2148 2149 2150
f 2148 2150 2111
f 2148 2111 2110
f 2153 2152 2154
f 2155 2154 2156
f 2155 2156 2157
f 2157 2156 2158
f 2157 2158 2159
f 2157 2159 2160
f 2157 2160 2114
f 2157 2114 2112
f 2160 2159 2161
f 2160 2161 2162
f 2160 2162 2163
f 2160 2163 2117
f 2160 2117 2115
f 2160 2115 2114
f 2163 2162 2164
f 2163 2164 2165
f 2163 2165 2166
f 2163 2166 2167
f 2163 2167 2118
f 2163 2118 2117
f 2167 2166 2168
f 2167 2168 2169
f 2167 2169 2119
f 2167 2119 2118
f 2169 2168 2170
f 2169 2170 2171
f 2169 2121 2119
f 2174 2172 2175
f 2174 2175 2176
f 2174 2176 2124
f 2174 2124 2122
f 2176 2175 2177
f 2176 2177 2178
f 2176 2178 2126
f 2176 2126 2124
f 2178 2177 2179
f 2178 2179 2180
f 2178 2180 2128
f 2178 2128 2126
f 2180 2179 2181
f 2180 2181 2182
f 2180 2182 2130
f 2180 2130 2128
f 2182 2181 2183
f 2182 2183 2184
f 2182 2184 2132
f 2182 2132 2130
f 2184 2183 2185
f 2184 2185 2186
f 2184 2186 2134
f 2184 2134 2132
f 2186 2185 2187
f 2186 2187 2188
f 2186 2188 2140
f 2186 2140 2134
f 2188 2187 2189
f 2188 2189 2143
f 2188 2143 2141
f 2188 2141 2140
f 2189 2187 2190
f 2189 2190 2191
f 2189 2191 2192
f 2189 2192 2193
f 2189 2193 2144
f 2189 2144 2143
f 2193 2192 2194
f 2193 2194 2195
f 2193 2195 2145
f 2193 2145 2144
f 2202 2201 2204
f 2205 2203 2206
f 2205 2206 2207
f 2207 2206 2208
f 2207 2208 2209
f 2209 2208 2210
f 2209 2210 2211
f 2211 2210 2212
f 2211 2212 2213
f 2213 2212 2214
f 2213 2214 2215
f 2215 2214 2216
f 2215 2216 2217
f 2217 2216 2219
f 2217 2219 2221
f 2222 2220 2223
f 2222 2223 2224
f 2222 2224 2225
f 2222 2225 2151
f 2225 2224 2226
f 2225 2226 2158
f 2225 2158 2156
f 2225 2156 2154
f 2225 2154 2152
f 2225 2152 2151
f 2226 2224 2223
f 2226 2223 2227
f 2226 2227 2228
f 2226 2228 2161
f 2226 2161 2159
f 2226 2159 2158
f 2228 2227 2229
f 2228 2229 2230
f 2228 2230 2231
f 2228 2231 2164
f 2228 2164 2162
f 2228 2162 2161
f 2231 2230 2232
f 2231 2232 2233
f 2231 2233 2234
f 2231 2234 2235
f 2231 2235 2165
f 2231 2165 2164
f 2235 2234 2236
f 2235 2236 2237
f 2235 2237 2166
f 2235 2166 2165
f 2237 2236 2238
f 2237 2238 2239
f 2237 2239 2168
f 2237 2168 2166
f 2239 2238 2241
f 2239 2241 2243
f 2239 2243 2170
f 2239 2170 2168
f 2242 2240 2244
f 2242 2244 2245
f 2243 2246 2173
f 2243 2173 2170
f 2245 2244 2247
f 2245 2247 2248
f 2245 2248 2175
f 2245 2175 2172
f 2248 2247 2249
f 2248 2249 2250
f 2248 2250 2177
f 2248 2177 2175
f 2250 2249 2251
f 2250 2251 2252
f 2250 2252 2179
f 2250 2179 2177
f 2252 2251 2253
f 2252 2253 2254
f 2252 2254 2181
f 2252 2181 2179
f 2254 2253 2255
f 2254 2255 2256
f 2254 2256 2183
f 2254 2183 2181
f 2256 2255 2257
f 2256 2257 2258
f 2256 2258 2185
f 2256 2185 2183
f 2258 2257 2259
f 2258 2259 2190
f 2258 2190 2187
f 2258 2187 2185
f 2259 2257 2260
f 2259 2260 2261
f 2259 2261 2262
f 2259 2262 2263
f 2259 2263 2191
f 2259 2191 2190
f 2263 2262 2264
f 2263 2264 2265
f 2263 2265 2192
f 2263 2192 2191
f 2265 2264 2266
f 2265 2266 2267
f 2265 2267 2194
f 2265 2194 2192
f 2268 2197 2196
f 2269 2270 2198
f 2269 2198 2197
f 2270 2271 2272
f 2270 2272 2199
f 2272 2271 2274
f 2272 2274 2276
f 2272 2276 2201
f 2272 2201 2199
f 2275 2273 2277
f 2275 2277 2278
f 2275 2278 2203
f 2275 2203 2200
f 2278 2277 2279
f 2278 2279 2280
f 2278 2280 2206
f 2278 2206 2203
f 2280 2279 2281
f 2280 2281 2282
f 2280 2282 2208
f 2280 2208 2206
f 2282 2281 2283
f 2282 2283 2284
f 2282 2284 2210
f 2282 2210 2208
f 2284 2283 2285
f 2284 2285 2286
f 2284 2286 2212
f 2284 2212 2210
f 2286 2285 2287
f 2286 2287 2288
f 2286 2288 2214
f 2286 2214 2212
f 2288 2287 2289
f 2288 2289 2290
f 2288 2290 2216
f 2288 2216 2214
f 2290 2289 2292
f 2290 2292 2294
f 2290 2294 2219
f 2290 2219 2216
f 2293 2291 2295
f 2293 2295 2296
f 2293 2296 2297
f 2293 2297 2218
f 2297 2296 2298
f 2297 2298 2229
f 2297 2229 2227
f 2297 2227 2223
f 2297 2223 2220
f 2297 2220 2218
f 2298 2296 2295
f 2298 2295 2299
f 2298 2299 2300
f 2298 2300 2232
f 2298 2232 2230
f 2298 2230 2229
f 2300 2299 2301
f 2300 2301 2302
f 2300 2302 2303
f 2300 2303 2304
f 2300 2304 2233
f 2300 2233 2232
f 2304 2303 2305
f 2304 2305 2306
f 2304 2306 2234
f 2304 2234 2233
f 2306 2305 2307
f 2306 2307 2308
f 2306 2308 2236
f 2306 2236 2234
f 2308 2307 2309
f 2308 2309 2310
f 2308 2310 2238
f 2308 2238 2236
f 2310 2309 2312
f 2310 2312 2314
f 2310 2314 2241
f 2310 2241 2238
f 2313 2311 2315
f 2313 2315 2316
f 2313 2316 2244
f 2313 2244 2240
f 2316 2315 2317
f 2316 2317 2318
f 2316 2318 2247
f 2316 2247 2244
f 2318 2317 2319
f 2318 2319 2320
f 2318 2320 2249
f 2318 2249 2247
f 2320 2319 2321
f 2320 2321 2322
f 2320 2322 2251
f 2320 2251 2249
f 2322 2321 2323
f 2322 2323 2324
f 2322 2324 2253
f 2322 2253 2251
f 2324 2323 2325
f 2324 2325 2326
f 2324 2326 2255
f 2324 2255 2253
f 2326 2325 2327
f 2326 2327 2260
f 2326 2260 2257
f 2326 2257 2255
f 2327 2325 2328
f 2327 2328 2329
f 2327 2329 2330
f 2327 2330 2331
f 2327 2331 2261
f 2327 2261 2260
f 2331 2330 2332
f 2331 2332 2333
f 2331 2333 2262
f 2331 2262 2261
f 2333 2332 2334
f 2333 2334 2335
f 2333 2335 2264
f 2333 2264 2262
f 2335 2334 2336
f 2335 2336 2337
f 2335 2337 2266
f 2335 2266 2264
f 2337 2336 2338
f 2337 2338 2339
f 2341 2340 2342
f 2341 2342 2343
f 2341 2343 2277
f 2341 2277 2273
f 2343 2342 2344
f 2343 2344 2345
f 2343 2345 2279
f 2343 2279 2277
f 2345 2344 2346
f 2345 2346 2347
f 2345 2347 2281
f 2345 2281 2279
f 2347 2346 2348
f 2347 2348 2349
f 2347 2349 2283
f 2347 2283 2281
f 2349 2348 2350
f 2349 2350 2351
f 2349 2351 2285
f 2349 2285 2283
f 2351 2350 2352
f 2351 2352 2353
f 2351 2353 2287
f 2351 2287 2285
f 2353 2352 2354
f 2353 2354 2355
f 2353 2355 2289
f 2353 2289 2287
f 2355 2354 2357
f 2355 2357 2359
f 2355 2359 2292
f 2355 2292 2289
f 2358 2356 2360
f 2358 2360 2361
f 2358 2361 2295
f 2358 2295 2291
f 2361 2360 2362
f 2361 2362 2301
f 2361 2301 2299
f 2361 2299 2295
f 2362 2360 2363
f 2362 2363 2365
f 2362 2365 2366
f 2362 2366 2367
f 2362 2367 2302
f 2362 2302 2301
f 2367 2366 2368
f 2367 2368 2369
f 2367 2369 2303
f 2367 2303 2302
f 2369 2368 2370
f 2369 2370 2371
f 2369 2371 2305
f 2369 2305 2303
f 2371 2370 2372
f 2371 2372 2373
f 2371 2373 2307
f 2371 2307 2305
f 2373 2372 2374
f 2373 2374 2375
f 2373 2375 2309
f 2373 2309 2307
f 2375 2374 2377
f 2375 2377 2379
f 2375 2379 2312
f 2375 2312 2309
f 2378 2376 2380
f 2378 2380 2381
f 2378 2381 2315
f 2378 2315 2311
f 2381 2380 2382
f 2381 2382 2383
f 2381 2383 2317
f 2381 2317 2315
f 2383 2382 2384
f 2383 2384 2385
f 2383 2385 2319
f 2383 2319 2317
f 2385 2384 2386
f 2385 2386 2387
f 2385 2387 2321
f 2385 2321 2319
f 2387 2386 2388
f 2387 2388 2389
f 2387 2389 2323
f 2387 2323 2321
f 2389 2388 2390
f 2389 2390 2328
f 2389 2328 2325
f 2389 2325 2323
f 2390 2388 2391
f 2390 2391 2392
f 2390 2392 2393
f 2390 2393 2394
f 2390 2394 2329
f 2390 2329 2328
f 2394 2393 2395
f 2394 2395 2396
f 2394 2396 2330
f 2394 2330 2329
f 2396 2395 2397
f 2396 2397 2398
f 2396 2398 2332
f 2396 2332 2330
f 2398 2397 2399
f 2398 2399 2400
f 2398 2400 2334
f 2398 2334 2332
f 2400 2399 2401
f 2400 2401 2402
f 2400 2402 2336
f 2400 2336 2334
f 2402 2401 2403
f 2402 2403 2404
f 2402 2404 2338
f 2402 2338 2336
f 2406 2405 2407
f 2406 2407 2408
f 2406 2408 2342
f 2406 2342 2340
f 2408 2407 2409
f 2408 2409 2410
f 2408 2410 2344
f 2408 2344 2342
f 2410 2409 2411
f 2410 2411 2412
f 2410 2412 2346
f 2410 2346 2344
f 2412 2411 2413
f 2412 2413 2414
f 2412 2414 2348
f 2412 2348 2346
f 2414 2413 2415
f 2414 2415 2416
f 2414 2416 2350
f 2414 2350 2348
f 2416 2415 2417
f 2416 2417 2418
f 2416 2418 2352
f 2416 2352 2350
f 2418 2417 2419
f 2418 2419 2420
f 2418 2420 2354
f 2418 2354 2352
f 2420 2419 2421
f 2420 2421 2423
f 2420 2423 2357
f 2420 2357 2354
f 2423 2421 2425
f 2423 2425 2364
f 2422 2363 2360
f 2422 2360 2356
f 2425 2421 2427
f 2425 2427 2430
f 2424 2429 2431
f 2424 2431 2432
f 2424 2432 2365
f 2424 2365 2363
f 2432 2431 2433
f 2432 2433 2434
f 2432 2434 2366
f 2432 2366 2365
f 2434 2433 2435
f 2434 2435 2436
f 2434 2436 2368
f 2434 2368 2366
f 2436 2435 2437
f 2436 2437 2438
f 2436 2438 2370
f 2436 2370 2368
f 2438 2437 2439
f 2438 2439 2440
f 2438 2440 2372
f 2438 2372 2370
f 2440 2439 2441
f 2440 2441 2442
f 2440 2442 2374
f 2440 2374 2372
f 2442 2441 2444
f 2442 2444 2446
f 2442 2446 2377
f 2442 2377 2374
f 2445 2443 2447
f 2445 2447 2448
f 2445 2448 2380
f 2445 2380 2376
f 2448 2447 2449
f 2448 2449 2450
f 2448 2450 2382
f 2448 2382 2380
f 2450 2449 2451
f 2450 2451 2452
f 2450 2452 2384
f 2450 2384 2382
f 2452 2451 2453
f 2452 2453 2454
f 2452 2454 2386
f 2452 2386 2384
f 2454 2453 2455
f 2454 2455 2391
f 2454 2391 2388
f 2454 2388 2386
f 2455 2453 2456
f 2455 2456 2457
f 2455 2457 2458
f 2455 2458 2459
f 2455 2459 2392
f 2455 2392 2391
f 2459 2458 2460
f 2459 2460 2461
f 2459 2461 2393
f 2459 2393 2392
f 2461 2460 2462
f 2461 2462 2463
f 2461 2463 2395
f 2461 2395 2393
f 2463 2462 2464
f 2463 2464 2465
f 2463 2465 2397
f 2463 2397 2395
f 2465 2464 2466
f 2465 2466 2467
f 2465 2467 2399
f 2465 2399 2397
f 2467 2466 2468
f 2467 2468 2469
f 2467 2469 2401
f 2467 2401 2399
f 2469 2468 2470
f 2469 2470 2472
f 2469 2472 2403
f 2469 2403 2401
f 2479 2478 2480
f 2479 2480 2481
f 2479 2481 2407
f 2479 2407 2405
f 2481 2480 2483
f 2481 2483 2484
f 2481 2484 2409
f 2481 2409 2407
f 2484 2483 2486
f 2484 2486 2488
f 2484 2488 2411
f 2484 2411 2409
f 2487 2485 2489
f 2487 2489 2490
f 2488 2491 2413
f 2488 2413 2411
f 2490 2489 2492
f 2490 2492 2493
f 2491 2494 2415
f 2491 2415 2413
f 2493 2492 2495
f 2493 2495 2496
f 2494 2497 2417
f 2494 2417 2415
f 2496 2495 2498
f 2496 2498 2499
f 2497 2500 2419
f 2497 2419 2417
f 2499 2498 2501
f 2499 2501 2426
f 2500 2427 2421
f 2500 2421 2419
f 2501 2498 2502
f 2501 2502 2503
f 2501 2503 2504
f 2501 2504 2505
f 2501 2505 2428
f 2501 2428 2426
f 2505 2504 2507
f 2505 2507 2509
f 2506 2510 2431
f 2506 2431 2429
f 2510 2508 2512
f 2510 2512 2513
f 2510 2513 2433
f 2510 2433 2431
f 2513 2512 2514
f 2513 2514 2515
f 2513 2515 2435
f 2513 2435 2433
f 2515 2514 2516
f 2515 2516 2517
f 2515 2517 2437
f 2515 2437 2435
f 2517 2516 122
f 2517 122 2518
f 2517 2518 2439
f 2517 2439 2437
f 2518 122 121
f 2518 121 2519
f 2518 2519 2441
f 2518 2441 2439
f 2519 121 119
f 2519 119 2521
f 2519 2521 2444
f 2519 2444 2441
f 2520 118 2522
f 2520 2522 2523
f 2520 2523 2447
f 2520 2447 2443
f 2523 2522 2524
f 2523 2524 2525
f 2523 2525 2449
f 2523 2449 2447
f 2525 2524 2526
f 2525 2526 2527
f 2525 2527 2451
f 2525 2451 2449
f 2527 2526 2528
f 2527 2528 2456
f 2527 2456 2453
f 2527 2453 2451
f 2528 2526 2529
f 2528 2529 2530
f 2528 2530 2531
f 2528 2531 2532
f 2528 2532 2457
f 2528 2457 2456
f 2532 2531 2533
f 2532 2533 2534
f 2532 2534 2458
f 2532 2458 2457
f 2534 2533 2535
f 2534 2535 2536
f 2534 2536 2460
f 2534 2460 2458
f 2536 2535 2537
f 2536 2537 2538
f 2536 2538 2462
f 2536 2462 2460
f 2538 2537 2539
f 2538 2539 2540
f 2538 2540 2464
f 2538 2464 2462
f 2540 2539 2541
f 2540 2541 2542
f 2540 2542 2466
f 2540 2466 2464
f 2542 2541 2543
f 2542 2543 2544
f 2542 2544 2468
f 2542 2468 2466
f 2544 2543 2545
f 2544 2545 2547
f 2544 2547 2470
f 2544 2470 2468
f 2548 2546 136
f 2548 136 2549
f 2548 2549 2473
f 2548 2473 2471
f 2549 136 135
f 2549 135 2550
f 2549 2550 2474
f 2550 135 134
f 2550 134 2551
f 2550 2551 2475
f 2551 134 2552
f 2551 2552 2553
f 2551 2553 2476
f 2553 2552 2555
f 2553 2555 2556
f 2553 2556 2477
f 2556 2555 2559
f 2556 2559 2561
f 2560 2558 2563
f 2560 2563 2565
f 2560 2565 2480
f 2560 2480 2478
f 2564 2562 2566
f 2564 2566 2567
f 2565 2568 2483
f 2565 2483 2480
f 2567 2566 2569
f 2567 2569 2570
f 2567 2570 2485
f 2567 2485 2482
f 2570 2569 2571
f 2570 2571 2572
f 2570 2572 2489
f 2570 2489 2485
f 2572 2571 2573
f 2572 2573 2574
f 2572 2574 2492
f 2572 2492 2489
f 2574 2573 2575
f 2574 2575 2576
f 2574 2576 2495
f 2574 2495 2492
f 2576 2575 2577
f 2576 2577 2502
f 2576 2502 2498
f 2576 2498 2495
f 2577 2575 2578
f 2577 2578 2579
f 2577 2579 2580
f 2577 2580 2581
f 2577 2581 2503
f 2577 2503 2502
f 2581 2580 110
f 2581 110 2582
f 2581 2582 2504
f 2581 2504 2503
f 2582 110 108
f 2582 108 2583
f 2582 2583 2507
f 2582 2507 2504
f 2583 108 111
f 2583 111 2584
f 2583 2584 2511
f 2583 2511 2507
f 2585 112 2586
f 2585 2586 2587
f 2585 2587 2514
f 2585 2514 2512
f 2587 2586 2588
f 2587 2588 2589
f 2587 2589 2516
f 2587 2516 2514
f 2589 2588 115
f 2589 115 113
f 2589 113 122
f 2589 122 2516
f 2588 2586 2592
f 2588 2592 2594
f 2588 2594 2596
f 2588 2596 115
f 2595 2593 2597
f 2595 2597 2598
f 2595 2598 2599
f 2595 2599 2600
f 2595 2600 116
f 2595 116 114
f 2600 2599 2524
f 2600 2524 2522
f 2600 2522 118
f 2600 118 116
f 2599 2598 2601
f 2599 2601 2529
f 2599 2529 2526
f 2599 2526 2524
f 2601 2598 2597
f 2601 2597 2602
f 2601 2602 2603
f 2601 2603 2604
f 2601 2604 2530
f 2601 2530 2529
f 2604 2603 2605
f 2604 2605 2606
f 2604 2606 2531
f 2604 2531 2530
f 2606 2605 2607
f 2606 2607 2608
f 2606 2608 2533
f 2606 2533 2531
f 2608 2607 2609
f 2608 2609 2610
f 2608 2610 2535
f 2608 2535 2533
f 2610 2609 2611
f 2610 2611 2612
f 2610 2612 2537
f 2610 2537 2535
f 2612 2611 2613
f 2612 2613 2614
f 2612 2614 2539
f 2612 2539 2537
f 2614 2613 2615
f 2614 2615 2616
f 2614 2616 2541
f 2614 2541 2539
f 2616 2615 2617
f 2616 2617 2618
f 2616 2618 2543
f 2616 2543 2541
f 2618 2617 2619
f 2618 2619 2621
f 2618 2621 2545
f 2618 2545 2543
f 2622 2620 138
f 2622 138 137
f 2622 137 136
f 2622 136 2546
f 2619 2617 132
f 2619 132 129
f 2620 130 128
f 2620 128 138
f 2617 2615 2624
f 2617 2624 132
f 2623 2625 2627
f 2623 2627 2628
f 2623 2628 123
f 2623 123 131
f 2624 2615 2613
f 2624 2613 2626
f 2628 2627 2629
f 2628 2629 2630
f 2628 2630 125
f 2628 125 123
f 2630 2629 2631
f 2630 2631 2632
f 2630 2632 2633
f 2630 2633 125
f 2633 2634 126
f 2633 126 125
f 2633 2632 2562
f 2633 2562 2557
f 2633 2557 2554
f 2633 2554 2634
f 2635 2636 128
f 2635 128 127
f 2635 2555 2552
f 2635 2552 2636
f 2636 133 138
f 2636 138 128
f 2636 2552 134
f 2636 134 133
f 2632 2631 2566
f 2632 2566 2562
f 2631 2629 2637
f 2631 2637 2638
f 2631 2638 2569
f 2631 2569 2566
f 2638 2637 2639
f 2638 2639 2640
f 2638 2640 2571
f 2638 2571 2569
f 2640 2639 2641
f 2640 2641 2642
f 2640 2642 2573
f 2640 2573 2571
f 2642 2641 2643
f 2642 2643 2578
f 2642 2578 2575
f 2642 2575 2573
f 2643 2641 2644
f 2643 2644 2645
f 2643 2645 2646
f 2643 2646 2647
f 2643 2647 2579
f 2643 2579 2578
f 2647 2646 2648
f 2647 2648 2649
f 2647 2649 2580
f 2647 2580 2579
f 2649 2648 105
f 2649 105 104
f 2649 104 110
f 2649 110 2580
f 2648 2646 2650
f 2648 2650 2652
f 2648 2652 2654
f 2648 2654 105
f 2654 2590 106
f 2654 106 105
f 2655 2653 2602
f 2655 2602 2597
f 2655 2597 2593
f 2655 2593 2591
f 2653 2651 2603
f 2653 2603 2602
f 2650 2646 2645
f 2650 2645 2656
f 2651 2657 2605
f 2651 2605 2603
f 2656 2645 2644
f 2656 2644 2658
f 2657 2659 2607
f 2657 2607 2605
f 2658 2644 2660
f 2658 2660 2661
f 2659 2662 2609
f 2659 2609 2607
f 2661 2660 2663
f 2661 2663 2664
f 2662 2665 2611
f 2662 2611 2609
f 2664 2663 2627
f 2664 2627 2625
f 2665 2626 2613
f 2665 2613 2611
f 2663 2660 2639
f 2663 2639 2637
f 2663 2637 2629
f 2663 2629 2627
f 2660 2644 2641
f 2660 2641 2639
f 2592 2586 112
f 2592 112 107
f 2140 2137 2135
f 2140 2135 2134
f 2667 2666 2668
f 2667 2668 2669
f 2667 2669 1288
f 2667 1288 1286
f 2669 2668 2670
f 2669 2670 2671
f 2669 2671 1290
f 2669 1290 1288
f 2671 2670 2672
f 2671 2672 2673
f 2671 2673 2674
f 2671 2674 1290
f 2674 2673 2675
f 2674 2675 1300
f 2674 1300 1295
f 2674 1295 1293
f 2674 1293 1291
f 2674 1291 1290
f 2675 2673 2672
f 2675 2672 2676
f 2675 2676 2677
f 2675 2677 1302
f 2675 1302 1301
f 2675 1301 1300
f 1258 1224 1218
f 1224 1221 1218
f 1164 1159 1157
f 1164 1157 1156
f 1119 1055 1053
f 1119 1053 1052
f 1116 1058 1056
f 1116 1056 1055
f 1108 1072 1069
f 1108 1069 1067
f 1107 265 259
f 1107 259 1104
f 1046 1044 270
f 1046 270 269
f 1039 1038 273
f 1039 273 272
f 923 860 858
f 923 858 2678
f 923 2678 445
f 923 445 444
f 923 922 862
f 923 862 860
f 2678 858 433
f 2678 433 432
f 2678 432 446
f 2678 446 445
f 758 736 734
f 744 743 742
f 732 730 447
f 732 447 100
f 446 432 98
f 446 98 437
f 427 95 417
f 427 417 421
f 365 230 40
f 365 40 254
f 359 233 241
f 359 241 253
f 358 236 228
f 358 228 232
f 341 327 326
f 341 326 331
f 65 338 2679
f 65 2679 2682
f 61 2681 321
f 61 321 318
f 2683 2680 309
f 2683 309 2685
f 2683 2685 325
f 2683 325 323
f 2685 309 308
f 2685 308 334
f 2684 333 332
f 2684 332 324
f 2680 2687 311
f 2680 311 309
f 2679 338 2689
f 2679 2689 2686
f 2689 279 275
f 2689 275 2686
f 2688 337 336
f 2688 336 313
f 2688 313 285
f 2688 285 278
f 2687 276 282
f 2687 282 311
f 335 333 306
f 335 306 312
f 332 331 326
f 332 326 324
f 298 197 202
f 298 202 296
f 245 209 208
f 245 208 239
f 242 241 233
f 242 233 231
f 240 205 204
f 240 204 207
f 227 216 214
f 227 214 222
f 195 198 200
f 195 200 201
f 36 211 212
f 36 212 215
f 45 249 250
f 45 250 251
f 90 394 401
f 90 401 395
f 95 415 416
f 95 416 417
f 274 277 284
f 274 284 281
f 2788 2786 2785
f 2788 2785 2692
f 2785 2791 2790
f 2785 2790 2692
f 2789 2792 2787
f 2789 2787 2691
f 2797 2795 2793
f 2797 2793 2694
f 2799 2798 2796
f 2799 2796 2693
f 2793 2801 2800
f 2793 2800 2694
f 2805 2804 2803
f 2805 2803 2696
f 2802 2807 2806
f 2802 2806 2695
f 2813 2812 2810
f 2813 2810 2698
f 2809 2815 2814
f 2809 2814 2697
f 2817 2816 2700
f 2817 2700 2699
f 2827 2826 2825
f 2827 2825 2701
f 2831 2829 2828
f 2831 2828 2702
f 2825 2706 2830
f 2825 2830 2701
f 2825 2826 2832
f 2825 2832 2703
f 2709 2706 2825
f 2709 2825 2703
f 2707 2713 2818
f 2707 2818 2705
f 2837 2836 2710
f 2837 2710 2704
f 2833 2838 2837
f 2833 2837 2704
f 2835 2712 2841
f 2835 2841 2708
f 2840 2842 2713
f 2840 2713 2707
f 2843 2834 2839
f 2843 2839 2711
f 2842 2821 2822
f 2842 2822 2713
f 2822 2845 2817
f 2822 2817 2713
f 2817 2699 2818
f 2817 2818 2713
f 2848 2849 2847
f 2848 2847 2714
f 2717 2858 2857
f 2717 2857 2715
f 2863 2862 2861
f 2863 2861 2716
f 2873 2872 2870
f 2873 2870 2718
f 2874 2867 2873
f 2874 2873 2718
f 2871 2876 2875
f 2871 2875 2719
f 2865 2879 2878
f 2865 2878 2721
f 2883 2723 2881
f 2883 2881 2722
f 2881 2885 2884
f 2881 2884 2722
f 2884 2888 2887
f 2884 2887 2722
f 2761 2889 2881
f 2761 2881 2723
f 2726 2749 2724
f 2749 2762 2724
f 2861 2892 2891
f 2861 2891 2727
f 2896 2895 2894
f 2896 2894 2728
f 2902 2900 2898
f 2902 2898 2729
f 2897 2862 2896
f 2897 2896 2728
f 2894 2908 2906
f 2894 2906 2728
f 2723 2910 2754
f 2723 2754 2725
f 2755 2912 2749
f 2755 2749 2726
f 2915 2914 2913
f 2913 2918 2917
f 2913 2917 2730
f 2921 2920 2919
f 2921 2919 2731
f 2923 2922 2921
f 2923 2921 2731
f 2941 2940 2939
f 2941 2939 2732
f 2947 2944 2945
f 2947 2945 2733
f 2953 2951 2950
f 2953 2950 2736
f 2935 2932 2952
f 2935 2952 2734
f 2949 2955 2937
f 2949 2937 2735
f 2958 2956 2739
f 2958 2739 2737
f 2963 2961 2959
f 2963 2959 2738
f 2972 2971 2743
f 2972 2743 2740
f 2975 2973 2972
f 2975 2972 2740
f 2744 2977 2976
f 2744 2976 2741
f 2982 2983 2747
f 2982 2747 2746
f 2983 2986 2981
f 2983 2981 2747
f 2911 2989 2987
f 2911 2987 2748
f 2988 2991 2753
f 2988 2753 2750
f 2889 2761 2751
f 2761 2748 2751
f 2990 2994 2992
f 2990 2992 2751
f 2910 2759 2911
f 2910 2911 2754
f 2993 2997 2890
f 2993 2890 2752
f 2998 2876 2871
f 2998 2871 2757
f 2999 3000 2760
f 2999 2760 2758
f 3003 3001 2998
f 3003 2998 2757
f 2759 2910 3004
f 2759 3004 2756
f 3006 3005 3002
f 3006 3002 2756
f 3004 3007 3006
f 3004 3006 2756
f 3008 2989 2911
f 3008 2911 2759
f 3011 3010 2763
f 2763 3010 3014
f 2763 3014 3013
f 3013 3012 3011
f 3013 3011 2763
f 3017 3016 3015
f 3017 3015 2764
f 3015 3019 3018
f 3015 3018 2764
f 3018 3020 2764
f 3025 2766 3024
f 3025 3024 2765
f 2944 2947 3025
f 2944 3025 2765
f 3028 2767 3026
f 3028 3026 2769
f 3034 3032 3030
f 3034 3030 2771
f 3036 3035 3033
f 3036 3033 2770
f 3030 3041 3037
f 3030 3037 2771
f 3048 3046 3044
f 3048 3044 2777
f 3056 3054 3052
f 3056 3052 2772
f 3058 3057 3056
f 3058 3056 2772
f 3052 3059 3058
f 3052 3058 2772
f 3043 3061 3060
f 3043 3060 2774
f 3060 3036 3039
f 3060 3039 2774
f 3038 2775 3042
f 3038 3042 2773
f 3065 2776 3063
f 3065 3063 3062
f 3040 3029 3063
f 3040 3063 2776
f 3069 3068 3067
f 3069 3067 2778
f 3067 3071 3070
f 3067 3070 2778
f 3070 3073 3072
f 3070 3072 2778
f 3075 3074 3069
f 3075 3069 2778
f 3072 3076 3075
f 3072 3075 2778
f 3079 3078 3077
f 3079 3077 2779
f 3081 3080 3079
f 3081 3079 2779
f 3087 3086 3085
f 3087 3085 2780
f 3090 3089 3088
f 3090 3088 2780
f 3092 3091 3087
f 3092 3087 2780
f 3088 3093 3092
f 3088 3092 2780
f 3096 3095 3094
f 3096 3094 2781
f 3098 3097 3096
f 3098 3096 2781
f 3094 3099 3098
f 3094 3098 2781
f 3102 3101 3100
f 3102 3100 2782
f 3100 3104 3103
f 3100 3103 2782
f 3103 3105 3102
f 3103 3102 2782
f 3110 3109 3108
f 3110 3108 2783
f 3108 3112 3111
f 3108 3111 2783
f 3111 3113 3110
f 3111 3110 2783
f 3116 3115 3114
f 3116 3114 2784
f 3114 3118 3117
f 3114 3117 2784
f 3117 3119 3116
f 3117 3116 2784
f 3122 3121 3120
f 3122 3120 3119
f 3117 3123 3122
f 3117 3122 3119
f 3120 3124 3116
f 3120 3116 3119
f 3120 3126 3125
f 3120 3125 3124
f 3127 3115 3116
f 3127 3116 3124
f 3125 3128 3127
f 3125 3127 3124
f 3125 3130 3129
f 3125 3129 3128
f 3132 3131 3127
f 3132 3127 3128
f 3129 3133 3132
f 3129 3132 3128
f 3135 3134 3132
f 3135 3132 3133
f 484 483 3135
f 484 3135 3133
f 3129 485 484
f 3129 484 3133
f 3129 3130 486
f 3129 486 485
f 3137 3136 487
f 3137 487 488
f 486 3130 3137
f 486 3137 488
f 3126 3138 3136
f 3126 3136 3137
f 3130 3125 3126
f 3130 3126 3137
f 3140 3139 3136
f 3140 3136 3138
f 3121 3141 3140
f 3121 3140 3138
f 3126 3120 3121
f 3126 3121 3138
f 3143 3142 3140
f 3143 3140 3141
f 3147 3145 3143
f 3147 3143 3141
f 3121 3122 3147
f 3121 3147 3141
f 3149 3145 3147
f 3122 3123 3149
f 3122 3149 3147
f 3123 3153 3151
f 3155 3151 3153
f 3118 3156 3155
f 3118 3155 3153
f 3123 3117 3118
f 3123 3118 3153
f 3158 3157 3155
f 3158 3155 3156
f 3160 3159 3158
f 3160 3158 3156
f 3118 3114 3160
f 3118 3160 3156
f 3162 3161 3159
f 3162 3159 3160
f 3114 3115 3162
f 3114 3162 3160
f 3131 3163 3161
f 3131 3161 3162
f 3115 3127 3131
f 3115 3131 3162
f 3165 3164 3161
f 3165 3161 3163
f 3134 3166 3165
f 3134 3165 3163
f 3131 3132 3134
f 3131 3134 3163
f 3168 3167 3165
f 3168 3165 3166
f 3170 3169 3168
f 3170 3168 3166
f 3134 3135 3170
f 3134 3170 3166
f 527 526 3169
f 527 3169 3170
f 3135 483 527
f 3135 527 3170
f 3139 3171 528
f 3139 528 529
f 487 3136 3139
f 487 3139 529
f 3172 531 528
f 3172 528 3171
f 3142 3174 3172
f 3142 3172 3171
f 3139 3140 3142
f 3139 3142 3171
f 3177 3176 3173
f 3177 3173 3175
f 3181 3178 3177
f 3181 3177 3175
f 3142 3143 3180
f 3142 3180 3174
f 3184 3183 3179
f 3184 3179 3182
f 3144 3146 3184
f 3144 3184 3182
f 3186 3185 3183
f 3186 3183 3184
f 3146 3148 3186
f 3146 3186 3184
f 3188 3187 3185
f 3188 3185 3186
f 3148 3150 3188
f 3148 3188 3186
f 3190 3189 3187
f 3190 3187 3188
f 3150 3191 3190
f 3150 3190 3188
f 3193 3192 3190
f 3193 3190 3191
f 3154 3194 3193
f 3154 3193 3191
f 3150 3152 3154
f 3150 3154 3191
f 3197 3195 3193
f 3197 3193 3194
f 3157 3198 3196
f 3201 3196 3198
f 3204 3203 3201
f 3204 3201 3198
f 3157 3158 3204
f 3157 3204 3198
f 3206 3205 3203
f 3206 3203 3204
f 3158 3159 3206
f 3158 3206 3204
f 3164 3207 3205
f 3164 3205 3206
f 3159 3161 3164
f 3159 3164 3206
f 3110 3113 3205
f 3110 3205 3207
f 3167 3109 3110
f 3167 3110 3207
f 3164 3165 3167
f 3164 3167 3207
f 3113 3208 3203
f 3113 3203 3205
f 3209 3201 3203
f 3209 3203 3208
f 3212 3211 3209
f 3212 3209 3208
f 3113 3111 3212
f 3113 3212 3208
f 3214 3213 3211
f 3214 3211 3212
f 3111 3112 3214
f 3111 3214 3212
f 3216 3215 3213
f 3216 3213 3214
f 3112 3217 3216
f 3112 3216 3214
f 3219 3218 3216
f 3219 3216 3217
f 3221 3220 3219
f 3221 3219 3217
f 3112 3108 3221
f 3112 3221 3217
f 3223 3222 3220
f 3223 3220 3221
f 3108 3109 3223
f 3108 3223 3221
f 3168 3169 3222
f 3168 3222 3223
f 3109 3167 3168
f 3109 3168 3223
f 579 578 3220
f 579 3220 3222
f 3169 526 579
f 3169 579 3222
f 3176 3224 581
f 3176 581 580
f 532 3173 3176
f 532 3176 580
f 3225 583 581
f 3225 581 3224
f 3227 3226 3225
f 3227 3225 3224
f 3176 3177 3227
f 3176 3227 3224
f 3229 3228 3226
f 3229 3226 3227
f 3177 3178 3229
f 3177 3229 3227
f 3179 3183 3232
f 3179 3232 3230
f 3234 3231 3232
f 3183 3185 3234
f 3183 3234 3232
f 3236 3233 3234
f 3185 3187 3236
f 3185 3236 3234
f 3238 3237 3235
f 3238 3235 3236
f 3187 3189 3238
f 3187 3238 3236
f 3240 3239 3237
f 3240 3237 3238
f 3189 3241 3240
f 3189 3240 3238
f 3243 3242 3240
f 3243 3240 3241
f 3192 3244 3243
f 3192 3243 3241
f 3189 3190 3192
f 3189 3192 3241
f 3246 3245 3243
f 3246 3243 3244
f 3195 3247 3246
f 3195 3246 3244
f 3192 3193 3195
f 3192 3195 3244
f 3248 3246 3247
f 3199 3250 3248
f 3199 3248 3247
f 3195 3197 3199
f 3195 3199 3247
f 3253 3252 3249
f 3253 3249 3251
f 3200 3202 3210
f 3200 3210 3251
f 3218 608 607
f 3218 607 3254
f 3215 3216 3218
f 3215 3218 3254
f 3218 3219 609
f 3218 609 608
f 3219 3220 578
f 3219 578 609
f 3256 3255 611
f 3256 611 610
f 583 3225 3256
f 583 3256 610
f 3258 3257 3255
f 3258 3255 3256
f 3225 3226 3258
f 3225 3258 3256
f 3260 3259 3257
f 3260 3257 3258
f 3226 3228 3260
f 3226 3260 3258
f 3237 3239 3262
f 3239 3264 3263
f 3239 3240 3242
f 3239 3242 3264
f 3242 3243 3245
f 3242 3245 3265
f 3267 3266 638
f 3267 638 639
f 611 3255 3267
f 611 3267 639
f 3269 3268 3266
f 3269 3266 3267
f 3255 3257 3269
f 3255 3269 3267
f 3271 3270 3268
f 3271 3268 3269
f 3257 3259 3271
f 3257 3271 3269
f 3273 3272 3270
f 3273 3270 3271
f 3259 3261 3273
f 3259 3273 3271
f 3275 3274 3272
f 3275 3272 3273
f 3277 3276 665
f 3277 665 666
f 638 3266 3277
f 638 3277 666
f 3279 3278 3276
f 3279 3276 3277
f 3266 3268 3279
f 3266 3279 3277
f 3281 3280 3278
f 3281 3278 3279
f 3268 3270 3281
f 3268 3281 3279
f 3283 3282 3280
f 3283 3280 3281
f 3270 3272 3283
f 3270 3283 3281
f 3272 3274 3284
f 3272 3284 3283
f 3286 3285 690
f 3286 690 691
f 665 3276 3286
f 665 3286 691
f 3288 3287 3285
f 3288 3285 3286
f 3276 3278 3288
f 3276 3288 3286
f 3290 3289 3287
f 3290 3287 3288
f 3278 3280 3290
f 3278 3290 3288
f 3292 3291 3289
f 3292 3289 3290
f 3280 3282 3292
f 3280 3292 3290
f 3294 3293 715
f 3294 715 716
f 690 3285 3294
f 690 3294 716
f 3297 3295 3293
f 3297 3293 3294
f 3285 3287 3297
f 3285 3297 3294
f 3300 3298 3295
f 3300 3295 3297
f 3287 3289 3300
f 3287 3300 3297
f 3303 3301 3298
f 3303 3298 3300
f 3289 3291 3303
f 3289 3303 3300
f 745 3307 3306
f 3296 3299 3310
f 3296 3310 3308
f 3312 3311 3309
f 3312 3309 3310
f 3299 3302 3312
f 3299 3312 3310
f 3304 3307 3315
f 3304 3315 3314
f 3307 745 746
f 3307 746 3315
f 3311 3313 3316
f 3321 3320 3318
f 3321 3318 3319
f 3329 3328 3326
f 3329 3326 3327
f 3317 3330 3329
f 3317 3329 3327
f 3332 3331 3329
f 3332 3329 3330
f 3320 3333 3332
f 3320 3332 3330
f 3317 3318 3320
f 3317 3320 3330
f 3335 3334 3332
f 3335 3332 3333
f 3337 3336 3335
f 3337 3335 3333
f 3320 3321 3337
f 3320 3337 3333
f 3339 3338 3336
f 3339 3336 3337
f 3321 3322 3339
f 3321 3339 3337
f 804 803 3338
f 804 3338 3339
f 3322 785 804
f 3322 804 3339
f 3343 3342 3340
f 3343 3340 3341
f 3323 3324 3343
f 3323 3343 3341
f 3345 3344 3342
f 3345 3342 3343
f 3324 3346 3345
f 3324 3345 3343
f 3348 3347 3345
f 3348 3345 3346
f 3351 3350 3348
f 3351 3348 3349
f 3325 3351 3349
f 3353 3352 3351
f 3328 3356 3355
f 3328 3355 3354
f 3358 3357 3355
f 3358 3355 3356
f 3331 3359 3358
f 3331 3358 3356
f 3328 3329 3331
f 3328 3331 3356
f 3361 3360 3358
f 3361 3358 3359
f 3334 3362 3361
f 3334 3361 3359
f 3331 3332 3334
f 3331 3334 3359
f 3364 3363 3361
f 3364 3361 3362
f 3366 3365 3364
f 3366 3364 3362
f 3334 3335 3366
f 3334 3366 3362
f 3368 3367 3365
f 3368 3365 3366
f 3335 3336 3368
f 3335 3368 3366
f 3370 3369 3367
f 3370 3367 3368
f 3336 3338 3370
f 3336 3370 3368
f 827 826 3369
f 827 3369 3370
f 3338 803 827
f 3338 827 3370
f 3340 3342 3373
f 3340 3373 3371
f 3342 3344 3375
f 3377 3376 3374
f 3377 3374 3375
f 3344 3378 3377
f 3344 3377 3375
f 3380 3379 3377
f 3380 3377 3378
f 3347 3381 3380
f 3347 3380 3378
f 3344 3345 3347
f 3344 3347 3378
f 3383 3382 3380
f 3383 3380 3381
f 3350 3384 3383
f 3350 3383 3381
f 3347 3348 3350
f 3347 3350 3381
f 3386 3385 3383
f 3386 3383 3384
f 3352 3387 3386
f 3352 3386 3384
f 3350 3351 3352
f 3350 3352 3384
f 3389 3388 3386
f 3389 3386 3387
f 3360 3393 3392
f 3360 3392 3391
f 3357 3358 3360
f 3357 3360 3391
f 3395 3394 3392
f 3395 3392 3393
f 3363 3396 3395
f 3363 3395 3393
f 3360 3361 3363
f 3360 3363 3393
f 3087 3091 3395
f 3087 3395 3396
f 3397 3086 3087
f 3397 3087 3396
f 3363 3364 3397
f 3363 3397 3396
f 3399 3398 3086
f 3399 3086 3397
f 3364 3365 3399
f 3364 3399 3397
f 3401 3400 3398
f 3401 3398 3399
f 3365 3367 3401
f 3365 3401 3399
f 3403 3402 3400
f 3403 3400 3401
f 3367 3369 3403
f 3367 3403 3401
f 865 864 3402
f 865 3402 3403
f 3369 826 865
f 3369 865 3403
f 3404 3017 3022
f 3372 3374 3404
f 3405 3016 3017
f 3405 3017 3404
f 3374 3376 3405
f 3374 3405 3404
f 3407 3406 3016
f 3407 3016 3405
f 3376 3408 3407
f 3376 3407 3405
f 3410 3409 3407
f 3410 3407 3408
f 3379 3411 3410
f 3379 3410 3408
f 3376 3377 3379
f 3376 3379 3408
f 3413 3412 3410
f 3413 3410 3411
f 3382 3414 3413
f 3382 3413 3411
f 3379 3380 3382
f 3379 3382 3411
f 3416 3415 3413
f 3416 3413 3414
f 3385 3417 3416
f 3385 3416 3414
f 3382 3383 3385
f 3382 3385 3414
f 3419 3418 3416
f 3419 3416 3417
f 3388 3420 3419
f 3388 3419 3417
f 3385 3386 3388
f 3385 3388 3417
f 3422 3421 3419
f 3422 3419 3420
f 3390 3422 3420
f 3388 3389 3390
f 3388 3390 3420
f 3424 3423 3422
f 3091 3092 3427
f 3091 3427 3426
f 3394 3395 3091
f 3394 3091 3426
f 3092 3093 3429
f 3092 3429 3427
f 3431 3430 3428
f 3093 3434 3432
f 3093 3432 3429
f 3439 3437 3436
f 3439 3436 3433
f 3093 3088 3440
f 3093 3440 3434
f 3443 3441 3437
f 3443 3437 3439
f 3088 3089 3444
f 3088 3444 3440
f 3448 3446 3442
f 3448 3442 3445
f 3089 3449 3447
f 3089 3447 3444
f 3453 3451 3448
f 3453 3448 3450
f 3455 3454 3452
f 3455 3452 3449
f 3089 3090 3455
f 3089 3455 3449
f 3094 3095 3454
f 3094 3454 3455
f 3090 3099 3094
f 3090 3094 3455
f 3457 3456 3452
f 3457 3452 3454
f 3095 3458 3457
f 3095 3457 3454
f 917 916 3457
f 917 3457 3458
f 3459 918 917
f 3459 917 3458
f 3095 3096 3459
f 3095 3459 3458
f 3460 920 918
f 3460 918 3459
f 3096 3097 3460
f 3096 3460 3459
f 3097 3462 3461
f 3097 3461 3460
f 3461 924 920
f 3461 920 3460
f 3461 3402 864
f 3461 864 924
f 3021 3018 3464
f 3466 3465 3463
f 3466 3463 3464
f 3018 3019 3466
f 3018 3466 3464
f 3468 3467 3465
f 3468 3465 3466
f 3019 3469 3468
f 3019 3468 3466
f 3471 3470 3468
f 3471 3468 3469
f 3473 3472 3471
f 3473 3471 3469
f 3019 3015 3473
f 3019 3473 3469
f 3406 3474 3472
f 3406 3472 3473
f 3015 3016 3406
f 3015 3406 3473
f 3476 3475 3472
f 3476 3472 3474
f 3409 3477 3476
f 3409 3476 3474
f 3406 3407 3409
f 3406 3409 3474
f 3479 3478 3476
f 3479 3476 3477
f 3412 3480 3479
f 3412 3479 3477
f 3409 3410 3412
f 3409 3412 3477
f 3482 3481 3479
f 3482 3479 3480
f 3415 3483 3482
f 3415 3482 3480
f 3412 3413 3415
f 3412 3415 3480
f 3485 3484 3482
f 3485 3482 3483
f 3418 3486 3485
f 3418 3485 3483
f 3415 3416 3418
f 3415 3418 3483
f 3488 3487 3485
f 3488 3485 3486
f 3421 3489 3488
f 3421 3488 3486
f 3418 3419 3421
f 3418 3421 3486
f 3491 3490 3488
f 3491 3488 3489
f 3423 3492 3491
f 3423 3491 3489
f 3421 3422 3423
f 3421 3423 3489
f 3494 3493 3491
f 3494 3491 3492
f 3423 3425 3492
f 3500 3499 3498
f 3502 3501 3499
f 3502 3499 3500
f 3428 3430 3502
f 3428 3502 3500
f 3105 3103 3501
f 3105 3501 3502
f 3430 3503 3105
f 3430 3105 3502
f 3504 3102 3105
f 3504 3105 3503
f 3435 3505 3504
f 3435 3504 3503
f 3430 3435 3503
f 3507 3506 3504
f 3507 3504 3505
f 3510 3508 3507
f 3510 3507 3505
f 3435 3436 3510
f 3435 3510 3505
f 3514 3512 3509
f 3514 3509 3511
f 3436 3437 3513
f 3436 3513 3510
f 3516 3515 3512
f 3516 3512 3514
f 3438 3442 3516
f 3438 3516 3514
f 3518 3517 3515
f 3518 3515 3516
f 3442 3446 3518
f 3442 3518 3516
f 3520 3519 3517
f 3520 3517 3518
f 3446 3521 3520
f 3446 3520 3518
f 3523 3520 3521
f 3451 3523 3521
f 3446 3448 3451
f 3446 3451 3521
f 3456 3457 916
f 3456 916 987
f 3470 3526 3525
f 3470 3525 3524
f 3467 3468 3470
f 3467 3470 3524
f 3528 3527 3525
f 3528 3525 3526
f 3530 3529 3528
f 3530 3528 3526
f 3470 3471 3530
f 3470 3530 3526
f 3475 3531 3529
f 3475 3529 3530
f 3471 3472 3475
f 3471 3475 3530
f 3533 3532 3529
f 3533 3529 3531
f 3478 3534 3533
f 3478 3533 3531
f 3475 3476 3478
f 3475 3478 3531
f 3536 3535 3533
f 3536 3533 3534
f 3481 3537 3536
f 3481 3536 3534
f 3478 3479 3481
f 3478 3481 3534
f 3539 3538 3536
f 3539 3536 3537
f 3484 3540 3539
f 3484 3539 3537
f 3481 3482 3484
f 3481 3484 3537
f 3542 3541 3539
f 3542 3539 3540
f 3487 3543 3542
f 3487 3542 3540
f 3484 3485 3487
f 3484 3487 3540
f 3545 3544 3542
f 3545 3542 3543
f 3490 3546 3545
f 3490 3545 3543
f 3487 3488 3490
f 3487 3490 3543
f 3548 3547 3545
f 3548 3545 3546
f 3493 3549 3548
f 3493 3548 3546
f 3490 3491 3493
f 3490 3493 3546
f 3551 3548 3549
f 3493 3494 3495
f 3493 3495 3549
f 3556 3555 3553
f 3556 3553 3554
f 3496 3557 3556
f 3559 3558 3556
f 3559 3556 3557
f 3497 3560 3559
f 3497 3559 3557
f 3496 3497 3557
f 3562 3561 3559
f 3562 3559 3560
f 3499 3501 3562
f 3499 3562 3560
f 3497 3499 3560
f 3104 3563 3561
f 3104 3561 3562
f 3501 3103 3104
f 3501 3104 3562
f 3565 3564 3561
f 3565 3561 3563
f 3567 3566 3565
f 3567 3565 3563
f 3104 3100 3567
f 3104 3567 3563
f 3569 3568 3566
f 3569 3566 3567
f 3100 3101 3569
f 3100 3569 3567
f 3571 3570 3568
f 3571 3568 3569
f 3101 3506 3571
f 3101 3571 3569
f 3573 3572 3570
f 3573 3570 3571
f 3506 3507 3573
f 3506 3573 3571
f 3575 3574 3572
f 3575 3572 3573
f 3507 3508 3575
f 3507 3575 3573
f 3579 3577 3574
f 3579 3574 3575
f 3509 3512 3580
f 3509 3580 3576
f 3583 3582 3578
f 3583 3578 3580
f 3512 3515 3583
f 3512 3583 3580
f 3585 3584 3582
f 3585 3582 3583
f 3515 3517 3585
f 3515 3585 3583
f 3587 3586 3584
f 3587 3584 3585
f 3517 3519 3587
f 3517 3587 3585
f 3588 3586 3587
f 3519 3588 3587
f 3519 3520 3522
f 3594 3592 3589
f 3594 3589 3591
f 3596 3595 3593
f 3596 3593 3590
f 3527 3528 3596
f 3527 3596 3590
f 3532 3597 3595
f 3532 3595 3596
f 3528 3529 3532
f 3528 3532 3596
f 3598 2924 3595
f 3598 3595 3597
f 3535 3599 3598
f 3535 3598 3597
f 3532 3533 3535
f 3532 3535 3597
f 3600 2922 3598
f 3600 3598 3599
f 3538 3601 3600
f 3538 3600 3599
f 3535 3536 3538
f 3535 3538 3599
f 3603 3602 3600
f 3603 3600 3601
f 3541 3604 3603
f 3541 3603 3601
f 3538 3539 3541
f 3538 3541 3601
f 3606 3605 3603
f 3606 3603 3604
f 3544 3607 3606
f 3544 3606 3604
f 3541 3542 3544
f 3541 3544 3604
f 3609 3606 3607
f 3547 3610 3609
f 3547 3609 3607
f 3544 3545 3547
f 3544 3547 3607
f 3547 3548 3550
f 3547 3550 3610
f 3614 3613 3611
f 3614 3611 3612
f 3555 3615 3614
f 3555 3614 3612
f 3552 3553 3555
f 3552 3555 3612
f 3076 3072 3614
f 3076 3614 3615
f 3558 3564 3076
f 3558 3076 3615
f 3555 3556 3558
f 3555 3558 3615
f 3072 3073 3613
f 3072 3613 3614
f 3073 3617 3616
f 3073 3616 3613
f 3620 3618 3617
f 3073 3070 3620
f 3073 3620 3617
f 3622 3619 3620
f 3070 3071 3622
f 3070 3622 3620
f 3080 3623 3621
f 3080 3621 3622
f 3071 3079 3080
f 3071 3080 3622
f 3625 3624 3621
f 3625 3621 3623
f 3627 3626 3625
f 3627 3625 3623
f 3080 3081 3627
f 3080 3627 3623
f 3629 3628 3626
f 3629 3626 3627
f 3081 3047 3629
f 3081 3629 3627
f 3631 3630 3628
f 3631 3628 3629
f 3047 3049 3631
f 3047 3631 3629
f 3635 3633 3630
f 3635 3630 3631
f 3050 3051 3636
f 3050 3636 3632
f 3058 3059 3634
f 3058 3634 3636
f 3051 3057 3058
f 3051 3058 3636
f 3640 3638 3630
f 3640 3630 3633
f 3059 3644 3642
f 3059 3642 3634
f 3650 3648 3646
f 3650 3646 3644
f 3059 3052 3650
f 3059 3650 3644
f 3645 3652 3641
f 3645 3641 3643
f 3645 3653 3001
f 3645 3001 3652
f 3655 3637 3639
f 3655 3639 3651
f 3001 3003 3657
f 3001 3657 3652
f 3002 3005 3658
f 3002 3658 3656
f 3658 3659 3638
f 3658 3638 3656
f 3658 3661 3660
f 3658 3660 3659
f 3628 3630 3638
f 3628 3638 3659
f 3660 3626 3628
f 3660 3628 3659
f 3664 3663 3662
f 3664 3662 3661
f 3658 3005 3664
f 3658 3664 3661
f 3662 3665 3660
f 3662 3660 3661
f 3662 3667 3666
f 3662 3666 3665
f 3625 3626 3660
f 3625 3660 3665
f 3666 3624 3625
f 3666 3625 3665
f 2914 3668 3667
f 3662 3663 2914
f 3662 2914 3667
f 3668 3666 3667
f 2916 3670 2812
f 3671 2809 2811
f 3671 2811 3669
f 3673 3672 3671
f 3673 3671 3669
f 2916 2917 3674
f 2916 3674 3670
f 3677 3675 3672
f 3677 3672 3673
f 2917 2918 3678
f 2917 3678 3674
f 3681 3680 3676
f 3681 3676 3678
f 2918 3682 3681
f 2918 3681 3678
f 3684 3683 3681
f 3684 3681 3682
f 3686 3685 3684
f 3686 3684 3682
f 2918 2913 3686
f 2918 3686 3682
f 3663 3664 3685
f 3663 3685 3686
f 2913 2914 3663
f 2913 3663 3686
f 3006 3007 3684
f 3006 3684 3685
f 3664 3005 3006
f 3664 3006 3685
f 3007 3687 3683
f 3007 3683 3684
f 3689 3688 3683
f 3689 3683 3687
f 2883 2722 3689
f 2883 3689 3687
f 3007 3004 2883
f 3007 2883 3687
f 3691 3690 3688
f 3691 3688 3689
f 2722 2887 3691
f 2722 3691 3689
f 2895 2896 3693
f 2895 3693 3692
f 2888 2884 2895
f 2888 2895 3692
f 3694 3699 3697
f 3701 3700 3695
f 3701 3695 3696
f 3698 3702 3701
f 3698 3701 3696
f 3706 3705 3703
f 3706 3703 3704
f 3708 3707 3706
f 3708 3706 3704
f 3697 3699 3708
f 3697 3708 3704
f 2859 3709 3707
f 2859 3707 3708
f 3699 2856 2859
f 3699 2859 3708
f 3711 3710 3707
f 3711 3707 3709
f 3715 3714 3713
f 3714 3712 3713
f 3719 3718 3716
f 3719 3716 3717
f 3722 3720 3718
f 3722 3718 3719
f 2891 2892 3722
f 2891 3722 3719
f 2899 3723 3720
f 2899 3720 3722
f 2892 2897 2899
f 2892 2899 3722
f 3729 3727 3721
f 3729 3721 3725
f 3732 3730 3728
f 3732 3728 3723
f 2900 2902 3733
f 2900 3733 3724
f 3738 3736 3731
f 3738 3731 3734
f 2903 2905 3738
f 2903 3738 3734
f 3741 3739 3735
f 3741 3735 3737
f 2905 2907 3742
f 2905 3742 3738
f 3746 3743 3739
f 3746 3739 3741
f 2906 2908 3746
f 2906 3746 3741
f 2993 2995 3744
f 2993 3744 3747
f 2909 2997 2993
f 2909 2993 3747
f 3752 3749 3740
f 3752 3740 3745
f 2994 3753 3751
f 2994 3751 3743
f 3755 3754 3751
f 3755 3751 3753
f 3757 3756 3755
f 3757 3755 3753
f 2994 2990 3757
f 2994 3757 3753
f 3759 3758 3756
f 3759 3756 3757
f 2990 2987 3759
f 2990 3759 3757
f 3761 3760 3758
f 3761 3758 3759
f 2987 2989 3761
f 2987 3761 3759
f 2989 3008 3764
f 2989 3764 3761
f 3768 3766 3763
f 3769 3053 3765
f 3769 3765 3767
f 3009 3774 3771
f 3009 3771 3768
f 3647 3649 3770
f 3647 3770 3773
f 3775 3776 3647
f 3775 3647 3773
f 3775 3781 3778
f 3775 3778 3776
f 3654 3646 3648
f 3654 3648 3777
f 3780 3783 3654
f 3780 3654 3777
f 3779 3786 3784
f 3779 3784 3782
f 2998 3001 3653
f 2998 3653 3782
f 3784 2876 2998
f 3784 2998 3782
f 3787 2880 2877
f 3787 2877 3785
f 3778 3781 3787
f 3778 3787 3785
f 2878 2879 3784
f 2878 3784 3786
f 2879 2875 2876
f 2879 2876 3784
f 3650 3052 3054
f 3650 3054 3772
f 3790 3788 3762
f 3790 3762 3765
f 3053 3055 3790
f 3053 3790 3765
f 3065 3062 3788
f 3065 3788 3790
f 3056 3057 3066
f 3056 3066 3791
f 3793 3763 3789
f 3062 3063 3792
f 3062 3792 3788
f 3064 3030 3032
f 3064 3032 3793
f 3031 3033 3758
f 3033 3756 3758
f 3033 3035 3755
f 3033 3755 3756
f 3035 3794 3755
f 3794 3754 3755
f 3797 3795 3754
f 3797 3754 3794
f 3060 3061 3797
f 3060 3797 3794
f 3035 3036 3060
f 3035 3060 3794
f 3800 3798 3797
f 3798 3795 3797
f 3061 3801 3800
f 3061 3800 3797
f 3803 3802 3800
f 3803 3800 3801
f 3045 3804 3803
f 3045 3803 3801
f 3061 3043 3045
f 3061 3045 3801
f 3806 3805 3802
f 3806 3802 3803
f 3804 3807 3806
f 3804 3806 3803
f 3809 3808 3805
f 3809 3805 3806
f 3807 3810 3809
f 3807 3809 3806
f 3812 3811 3809
f 3812 3809 3810
f 3814 3813 3812
f 3814 3812 3810
f 3807 2779 3814
f 3807 3814 3810
f 3816 3815 3813
f 3816 3813 3814
f 2779 3077 3816
f 2779 3816 3814
f 3818 3817 3815
f 3818 3815 3816
f 3077 3819 3818
f 3077 3818 3816
f 3821 3820 3818
f 3821 3818 3819
f 3823 3822 3821
f 3823 3821 3819
f 3077 3078 3823
f 3077 3823 3819
f 3068 3824 3822
f 3068 3822 3823
f 3078 3067 3068
f 3078 3068 3823
f 3826 3825 3822
f 3826 3822 3824
f 3828 3827 3826
f 3828 3826 3824
f 3068 3069 3828
f 3068 3828 3824
f 3830 3829 3827
f 3830 3827 3828
f 3069 3074 3830
f 3069 3830 3828
f 3568 3570 3829
f 3568 3829 3830
f 3074 3566 3568
f 3074 3568 3830
f 3832 3831 3827
f 3832 3827 3829
f 3570 3572 3832
f 3570 3832 3829
f 3834 3833 3831
f 3834 3831 3832
f 3572 3574 3834
f 3572 3834 3832
f 3836 3835 3833
f 3836 3833 3834
f 3574 3577 3836
f 3574 3836 3834
f 3839 3837 3835
f 3839 3835 3836
f 3577 3581 3839
f 3577 3839 3836
f 3842 3841 3838
f 3842 3838 3840
f 3582 3584 3842
f 3582 3842 3840
f 3844 3843 3841
f 3844 3841 3842
f 3584 3586 3844
f 3584 3844 3842
f 3845 3843 3844
f 3586 3845 3844
f 2920 2921 3602
f 2920 3602 3847
f 3605 3846 3847
f 3602 3603 3605
f 3602 3605 3847
f 3605 3606 3608
f 3851 3850 3848
f 3851 3848 3849
f 2814 2815 3851
f 2814 3851 3849
f 3853 3852 3850
f 3853 3850 3851
f 2815 3854 3853
f 2815 3853 3851
f 3856 3855 3853
f 3856 3853 3854
f 3671 3672 3856
f 3671 3856 3854
f 2815 2809 3671
f 2815 3671 3854
f 3858 3857 3855
f 3858 3855 3856
f 3672 3675 3858
f 3672 3858 3856
f 3860 3859 3857
f 3860 3857 3858
f 3675 3679 3860
f 3675 3860 3858
f 3680 3688 3690
f 3680 3690 3861
f 3863 3862 3857
f 3863 3857 3859
f 3869 3868 3866
f 3869 3866 3867
f 3705 3871 3870
f 3010 3870 3871
f 3872 3014 3010
f 3872 3010 3871
f 3705 3706 3872
f 3705 3872 3871
f 3710 3873 3014
f 3710 3014 3872
f 3706 3707 3710
f 3706 3710 3872
f 3874 3013 3014
f 3874 3014 3873
f 3876 3875 3874
f 3876 3874 3873
f 3881 3880 3878
f 3881 3878 3879
f 3883 3882 3880
f 3883 3880 3881
f 3716 3718 3883
f 3716 3883 3881
f 3726 3884 3882
f 3726 3882 3883
f 3718 3720 3726
f 3718 3726 3883
f 3886 3885 3882
f 3886 3882 3884
f 3888 3887 3886
f 3888 3886 3884
f 3726 3728 3888
f 3726 3888 3884
f 3890 3889 3887
f 3890 3887 3888
f 3728 3730 3890
f 3728 3890 3888
f 3891 3798 3889
f 3891 3889 3890
f 3730 3735 3891
f 3730 3891 3890
f 3750 3796 3799
f 3750 3799 3892
f 3735 3739 3748
f 3735 3748 3891
f 3802 3805 3887
f 3802 3887 3889
f 3798 3800 3802
f 3798 3802 3889
f 3805 3808 3886
f 3805 3886 3887
f 3808 3893 3885
f 3808 3885 3886
f 3895 3894 3885
f 3895 3885 3893
f 3811 3896 3895
f 3811 3895 3893
f 3808 3809 3811
f 3808 3811 3893
f 3898 3897 3895
f 3898 3895 3896
f 3900 3899 3898
f 3900 3898 3896
f 3811 3812 3900
f 3811 3900 3896
f 3902 3901 3899
f 3902 3899 3900
f 3812 3813 3902
f 3812 3902 3900
f 3904 3903 3901
f 3904 3901 3902
f 3813 3815 3904
f 3813 3904 3902
f 3906 3905 3903
f 3906 3903 3904
f 3815 3817 3906
f 3815 3906 3904
f 3908 3907 3905
f 3908 3905 3906
f 3817 3909 3908
f 3817 3908 3906
f 3911 3910 3908
f 3911 3908 3909
f 3820 3912 3911
f 3820 3911 3909
f 3817 3818 3820
f 3817 3820 3909
f 3914 3913 3911
f 3914 3911 3912
f 3916 3915 3914
f 3916 3914 3912
f 3820 3821 3916
f 3820 3916 3912
f 3825 3917 3915
f 3825 3915 3916
f 3821 3822 3825
f 3821 3825 3916
f 3919 3918 3915
f 3919 3915 3917
f 3921 3920 3919
f 3921 3919 3917
f 3825 3826 3921
f 3825 3921 3917
f 3831 3833 3920
f 3831 3920 3921
f 3826 3827 3831
f 3826 3831 3921
f 3923 3922 3919
f 3923 3919 3920
f 3833 3835 3923
f 3833 3923 3920
f 3927 3925 3922
f 3927 3922 3923
f 3835 3837 3927
f 3835 3927 3923
f 3930 3929 3924
f 3930 3924 3926
f 3838 3841 3931
f 3838 3931 3928
f 3933 3932 3929
f 3933 3929 3930
f 3841 3843 3934
f 3841 3934 3931
f 3936 3935 3932
f 3936 3932 3933
f 3843 3937 3934
f 1340 1339 3935
f 1340 3935 3936
f 3941 1348 1344
f 3941 1344 3939
f 3940 3942 3941
f 3940 3941 3939
f 3940 3944 3943
f 3940 3943 3942
f 3946 3945 3941
f 3946 3941 3942
f 3943 3947 3946
f 3943 3946 3942
f 3943 3949 3948
f 3943 3948 3947
f 3951 3950 3946
f 3951 3946 3947
f 3948 3952 3951
f 3948 3951 3947
f 3954 3953 3951
f 3954 3951 3952
f 3012 3959 3958
f 3012 3013 3961
f 3012 3961 3959
f 3963 3962 3960
f 3963 3960 3961
f 3013 3874 3963
f 3013 3963 3961
f 3965 3964 3962
f 3965 3962 3963
f 3874 3875 3965
f 3874 3965 3963
f 3967 3966 3964
f 3967 3964 3965
f 3968 3897 3966
f 3968 3966 3967
f 3877 3878 3968
f 3877 3968 3967
f 3894 3895 3897
f 3894 3897 3968
f 3878 3880 3894
f 3878 3894 3968
f 3970 3969 3964
f 3970 3964 3966
f 3897 3898 3970
f 3897 3970 3966
f 3898 3899 3971
f 3898 3971 3970
f 3899 3901 3973
f 3899 3973 3971
f 3975 3972 3973
f 3901 3903 3975
f 3901 3975 3973
f 3976 3974 3975
f 3903 3905 3976
f 3903 3976 3975
f 3980 3977 3978
f 3910 3981 3980
f 3910 3980 3978
f 3907 3908 3910
f 3907 3910 3978
f 3983 3982 3980
f 3983 3980 3981
f 3913 3984 3983
f 3913 3983 3981
f 3910 3911 3913
f 3910 3913 3981
f 3986 3985 3983
f 3986 3983 3984
f 3988 3987 3986
f 3988 3986 3984
f 3913 3914 3988
f 3913 3988 3984
f 3918 3989 3987
f 3918 3987 3988
f 3914 3915 3918
f 3914 3918 3988
f 3993 3991 3987
f 3993 3987 3989
f 3922 3925 3993
f 3922 3993 3989
f 3918 3919 3922
f 3918 3922 3989
f 3995 3994 3990
f 3995 3990 3992
f 3924 3929 3995
f 3924 3995 3992
f 3997 3996 3994
f 3997 3994 3995
f 3929 3932 3997
f 3929 3997 3995
f 3999 3998 3996
f 3999 3996 3997
f 3932 3935 3999
f 3932 3999 3997
f 1381 1380 3998
f 1381 3998 3999
f 3935 1339 1381
f 3935 1381 3999
f 1348 3941 3945
f 1348 3945 1382
f 3945 4000 1383
f 3945 1383 1382
f 3945 3946 3950
f 3945 3950 4000
f 4001 1385 1383
f 4001 1383 4000
f 3950 4002 4001
f 3950 4001 4000
f 3950 3951 3953
f 3950 3953 4002
f 4004 4003 4001
f 4004 4001 4002
f 4007 4006 4004
f 4007 4004 4005
f 3955 4008 4007
f 3955 4007 4005
f 4010 4009 4007
f 4010 4007 4008
f 3955 3956 4011
f 3955 4011 4008
f 3956 3957 4012
f 3956 4012 4011
f 3962 3964 3969
f 3982 4015 4014
f 3979 3980 3982
f 3979 3982 4013
f 4019 4017 4014
f 4019 4014 4015
f 3985 4021 4019
f 3985 4019 4015
f 3982 3983 3985
f 3982 3985 4015
f 4023 4022 4018
f 4023 4018 4020
f 4025 4024 4023
f 4025 4023 4020
f 3985 3986 4026
f 3985 4026 4021
f 3990 3994 4024
f 3990 4024 4025
f 3986 3987 3991
f 3986 3991 4026
f 4028 4027 4023
f 4028 4023 4024
f 3994 3996 4028
f 3994 4028 4024
f 4030 4029 4027
f 4030 4027 4028
f 3996 3998 4030
f 3996 4030 4028
f 1412 1411 4029
f 1412 4029 4030
f 3998 1380 1412
f 3998 1412 4030
f 1385 4001 4003
f 1385 4003 1413
f 4003 4031 1414
f 4003 1414 1413
f 4003 4004 4006
f 4003 4006 4031
f 4032 1416 1414
f 4032 1414 4031
f 4006 4033 4032
f 4006 4032 4031
f 4006 4007 4009
f 4006 4009 4033
f 4035 4034 4032
f 4035 4032 4033
f 4009 4036 4035
f 4009 4035 4033
f 4009 4010 4037
f 4009 4037 4036
f 4039 4038 4035
f 4039 4035 4036
f 4037 4040 4039
f 4037 4039 4036
f 4042 4041 4039
f 4042 4039 4040
f 4046 4045 4044
f 4046 4044 4043
f 2849 2848 4046
f 2849 4046 4043
f 4051 4050 4048
f 4051 4048 4049
f 3027 4052 4051
f 3027 4051 4049
f 4054 4053 4050
f 4054 4050 4051
f 4052 4055 4054
f 4052 4054 4051
f 4057 4056 4053
f 4057 4053 4054
f 4062 4061 4059
f 4062 4059 4060
f 4016 4063 4062
f 4016 4062 4060
f 4065 4064 4062
f 4065 4062 4063
f 4022 4066 4065
f 4022 4065 4063
f 4016 4018 4022
f 4016 4022 4063
f 4068 4067 4065
f 4068 4065 4066
f 4027 4029 4068
f 4027 4068 4066
f 4022 4023 4027
f 4022 4027 4066
f 1466 1465 4067
f 1466 4067 4068
f 4029 1411 1466
f 4029 1466 4068
f 1416 4032 4034
f 1416 4034 1467
f 4034 4069 1468
f 4034 1468 1467
f 4034 4035 4038
f 4034 4038 4069
f 4070 1470 1468
f 4070 1468 4069
f 4038 4071 4070
f 4038 4070 4069
f 4038 4039 4041
f 4038 4041 4071
f 4073 4072 4070
f 4073 4070 4071
f 4041 4074 4073
f 4041 4073 4071
f 4078 4077 4075
f 4078 4075 4076
f 4044 4045 4078
f 4044 4078 4076
f 4080 4079 4077
f 4080 4077 4078
f 4045 4047 4080
f 4045 4080 4078
f 2844 2819 4084
f 2844 4084 4085
f 4091 4089 4086
f 4091 4086 4087
f 4050 4053 4091
f 4050 4091 4087
f 4093 4092 4088
f 4093 4088 4090
f 4053 4056 4094
f 4053 4094 4091
f 4103 4101 4098
f 4103 4098 4100
f 4058 4104 4103
f 4058 4103 4100
f 4106 4105 4103
f 4106 4103 4104
f 4061 4107 4106
f 4061 4106 4104
f 4058 4059 4061
f 4058 4061 4104
f 4109 4108 4106
f 4109 4106 4107
f 4064 4110 4109
f 4064 4109 4107
f 4061 4062 4064
f 4061 4064 4107
f 1532 1531 4109
f 1532 4109 4110
f 4067 1465 1532
f 4067 1532 4110
f 4064 4065 4067
f 4064 4067 4110
f 1470 4070 4072
f 1470 4072 1533
f 4075 4077 4112
f 4075 4112 4111
f 4077 4079 4113
f 4077 4113 4112
f 4114 1538 1536
f 4114 1536 4113
f 4079 4081 4114
f 4079 4114 4113
f 4116 1541 1538
f 4116 1538 4114
f 4081 4083 4116
f 4081 4116 4114
f 4117 1544 1540
f 4117 1540 4115
f 4082 4117 4115
f 4119 1547 1544
f 4119 1544 4117
f 2820 4119 4117
f 4120 1550 1546
f 4120 1546 4118
f 2700 2816 4120
f 2700 4120 4118
f 4121 1552 1550
f 4121 1550 4120
f 2816 4123 4121
f 2816 4121 4120
f 2816 2817 2845
f 2816 2845 4123
f 4127 4126 4122
f 4127 4122 4124
f 2846 4128 4127
f 2846 4127 4124
f 2846 2823 2824
f 2846 2824 4128
f 4130 4129 4127
f 4130 4127 4128
f 2824 4131 4130
f 2824 4130 4128
f 4137 4136 4134
f 4137 4134 4135
f 4097 4138 4137
f 4097 4137 4135
f 4140 4139 4137
f 4140 4137 4138
f 4102 4142 4140
f 4102 4140 4138
f 4097 4099 4102
f 4097 4102 4138
f 4145 4143 4140
f 4145 4140 4142
f 4105 4146 4144
f 4105 4144 4141
f 4101 4103 4105
f 4101 4105 4141
f 1587 1585 4144
f 1587 4144 4146
f 4108 1588 1587
f 4108 1587 4146
f 4105 4106 4108
f 4105 4108 4146
f 4108 4109 1531
f 4108 1531 1588
f 1552 4121 4125
f 1552 4125 1589
f 4126 4147 1591
f 4126 1591 1590
f 4126 4127 4129
f 4126 4129 4147
f 4151 4148 4149
f 4132 4151 4149
f 4159 4158 4157
f 4159 4157 4156
f 1654 4166 4165
f 1654 4165 1656
f 4165 4167 1659
f 4165 1659 1656
f 4165 4169 4168
f 4165 4168 4167
f 4170 1663 1659
f 4170 1659 4167
f 4168 4171 4170
f 4168 4170 4167
f 4168 4173 4172
f 4168 4172 4171
f 4175 4174 4170
f 4175 4170 4171
f 4172 4176 4175
f 4172 4175 4171
f 4172 4178 4177
f 4172 4177 4176
f 4180 4179 4175
f 4180 4175 4176
f 4177 4181 4180
f 4177 4180 4176
f 4177 4183 4182
f 4177 4182 4181
f 4187 4185 4180
f 4187 4180 4181
f 4182 4189 4187
f 4182 4187 4181
f 4191 4190 4186
f 4191 4186 4188
f 4193 4192 4190
f 4193 4190 4191
f 4195 4194 4192
f 4195 4192 4193
f 4199 4198 4197
f 4202 4201 4198
f 4202 4198 4199
f 4133 4204 4203
f 4133 4203 4200
f 4207 4206 4203
f 4207 4203 4204
f 4136 4208 4207
f 4136 4207 4204
f 4133 4134 4136
f 4133 4136 4204
f 4210 4209 4207
f 4210 4207 4208
f 4139 4211 4210
f 4139 4210 4208
f 4136 4137 4139
f 4136 4139 4208
f 1708 1707 4210
f 1708 4210 4211
f 4143 2690 1708
f 4143 1708 4211
f 4139 4140 4143
f 4139 4143 4211
f 4143 4145 1586
f 4143 1586 2690
f 1709 4213 4212
f 1709 4212 1711
f 4212 1714 1711
f 4217 4216 4214
f 4217 4214 4215
f 4157 4158 4217
f 4157 4217 4215
f 4219 4218 4216
f 4219 4216 4217
f 4158 4220 4219
f 4158 4219 4217
f 4158 4159 4160
f 4158 4160 4220
f 4222 4221 4219
f 4222 4219 4220
f 4160 4161 4222
f 4160 4222 4220
f 4224 4223 4221
f 4224 4221 4222
f 4161 4162 4224
f 4161 4224 4222
f 4226 4225 4223
f 4226 4223 4224
f 4162 4163 4226
f 4162 4226 4224
f 4228 4227 4225
f 4228 4225 4226
f 4163 4164 4228
f 4163 4228 4226
f 1734 1733 4227
f 1734 4227 4228
f 4164 1653 1734
f 4164 1734 4228
f 4230 4229 1736
f 4230 1736 1737
f 1738 4231 4230
f 1738 4230 1737
f 4233 4232 4230
f 4233 4230 4231
f 4235 4234 4233
f 4235 4233 4231
f 1738 1746 4235
f 1738 4235 4231
f 1749 4236 4235
f 1749 4235 1746
f 4242 4241 4239
f 4242 4239 4240
f 4214 4216 4242
f 4214 4242 4240
f 4244 4243 4241
f 4244 4241 4242
f 4216 4218 4244
f 4216 4244 4242
f 4246 4245 4243
f 4246 4243 4244
f 4218 4247 4246
f 4218 4246 4244
f 4218 4219 4221
f 4218 4221 4247
f 4249 4248 4246
f 4249 4246 4247
f 4221 4223 4249
f 4221 4249 4247
f 4251 4250 4248
f 4251 4248 4249
f 4223 4225 4251
f 4223 4251 4249
f 4253 4252 4250
f 4253 4250 4251
f 4225 4227 4253
f 4225 4253 4251
f 1769 1735 4252
f 1769 4252 4253
f 4227 1733 1769
f 4227 1769 4253
f 4229 4254 4250
f 4229 4250 4252
f 1735 1736 4229
f 1735 4229 4252
f 4255 4248 4250
f 4255 4250 4254
f 4232 4256 4255
f 4232 4255 4254
f 4229 4230 4232
f 4229 4232 4254
f 4257 4245 4255
f 4257 4255 4256
f 4259 4258 4257
f 4259 4257 4256
f 4232 4233 4259
f 4232 4259 4256
f 4261 4260 4258
f 4261 4258 4259
f 4233 4234 4261
f 4233 4261 4259
f 4264 4262 4260
f 4264 4260 4261
f 4234 4266 4264
f 4234 4264 4261
f 4234 4235 4236
f 4234 4236 4266
f 4269 4268 4265
f 4269 4265 4267
f 4237 4270 4269
f 4237 4269 4267
f 4237 1750 1751
f 4237 1751 4270
f 4272 4271 4269
f 4272 4269 4270
f 1751 1789 4272
f 1751 4272 4270
f 1791 4273 4272
f 1791 4272 1789
f 2946 2943 3023
f 2946 3023 4277
f 4178 4281 4280
f 4178 4280 4279
f 4183 4177 4178
f 4183 4178 4279
f 4283 4282 4280
f 4283 4280 4281
f 4173 4284 4283
f 4173 4283 4281
f 4178 4172 4173
f 4178 4173 4281
f 4286 4285 4283
f 4286 4283 4284
f 4169 4287 4286
f 4169 4286 4284
f 4173 4168 4169
f 4173 4169 4284
f 4289 4288 4286
f 4289 4286 4287
f 4166 4290 4289
f 4166 4289 4287
f 4169 4165 4166
f 4169 4166 4287
f 4293 4292 4289
f 4293 4289 4290
f 1655 1831 4293
f 1655 4293 4290
f 4166 1654 1655
f 4166 1655 4290
f 1835 4295 4293
f 1835 4293 1831
f 1837 4297 4296
f 1837 4296 1839
f 4296 4298 1842
f 4296 1842 1839
f 4296 4300 4299
f 4296 4299 4298
f 4301 1846 1842
f 4301 1842 4298
f 4299 4302 4301
f 4299 4301 4298
f 4299 4304 4303
f 4299 4303 4302
f 4306 4305 4301
f 4306 4301 4302
f 4303 4307 4306
f 4303 4306 4302
f 4303 4309 4308
f 4303 4308 4307
f 4311 4310 4306
f 4311 4306 4307
f 4308 4312 4311
f 4308 4311 4307
f 4308 4314 4313
f 4308 4313 4312
f 4316 4315 4311
f 4316 4311 4312
f 4313 4317 4316
f 4313 4316 4312
f 4319 4318 4316
f 4319 4316 4317
f 4285 4324 4322
f 4285 4322 4323
f 4282 4283 4285
f 4282 4285 4323
f 4326 4321 4322
f 4326 4322 4324
f 4288 4328 4326
f 4288 4326 4324
f 4285 4286 4288
f 4285 4288 4324
f 4329 4318 4325
f 4329 4325 4327
f 4291 4330 4329
f 4291 4329 4327
f 4288 4289 4292
f 4288 4292 4328
f 4332 4315 4329
f 4332 4329 4330
f 4294 4333 4332
f 4294 4332 4330
f 4292 4293 4295
f 4292 4295 4331
f 4334 4310 4332
f 4334 4332 4333
f 1836 1881 4334
f 1836 4334 4333
f 4294 1834 1836
f 4294 1836 4333
f 1882 4305 4334
f 1882 4334 1881
f 1846 4301 4305
f 1846 4305 1882
f 4305 4306 4310
f 4305 4310 4334
f 4310 4311 4315
f 4310 4315 4332
f 4315 4316 4318
f 4315 4318 4329
f 4318 4319 4320
f 4318 4320 4325
f 4309 4337 4336
f 4309 4336 4335
f 4314 4308 4309
f 4314 4309 4335
f 4339 4338 4336
f 4339 4336 4337
f 4304 4340 4339
f 4304 4339 4337
f 4309 4303 4304
f 4309 4304 4337
f 4342 4341 4339
f 4342 4339 4340
f 4300 4343 4342
f 4300 4342 4340
f 4304 4299 4300
f 4304 4300 4340
f 4345 4344 4342
f 4345 4342 4343
f 4297 4346 4345
f 4297 4345 4343
f 4300 4296 4297
f 4300 4297 4343
f 4348 4347 4345
f 4348 4345 4346
f 1838 1897 4348
f 1838 4348 4346
f 4297 1837 1838
f 4297 1838 4346
f 1899 4348 1897
f 4350 4353 4352
f 4350 4352 4351
f 4352 4354 4278
f 4352 4278 4351
f 4352 4356 4355
f 4352 4355 4354
f 4355 4358 4357
f 4355 4357 4354
f 4355 4360 4359
f 4355 4359 4358
f 4362 4361 4357
f 4362 4357 4358
f 4359 4363 4362
f 4359 4362 4358
f 4359 4365 4364
f 4359 4364 4363
f 4367 4366 4362
f 4367 4362 4363
f 4364 4368 4367
f 4364 4367 4363
f 4364 4370 4369
f 4364 4369 4368
f 4372 4371 4367
f 4372 4367 4368
f 4369 4373 4372
f 4369 4372 4368
f 4369 4375 4374
f 4369 4374 4373
f 4378 4379 1931
f 4378 1931 1932
f 4380 1934 1931
f 4380 1931 4379
f 4377 4381 4380
f 4377 4380 4379
f 4383 4382 4380
f 4383 4380 4381
f 4375 4384 4383
f 4375 4383 4381
f 4377 4374 4375
f 4377 4375 4381
f 4386 4385 4383
f 4386 4383 4384
f 4370 4387 4386
f 4370 4386 4384
f 4375 4369 4370
f 4375 4370 4384
f 4389 4388 4386
f 4389 4386 4387
f 4365 4390 4389
f 4365 4389 4387
f 4370 4364 4365
f 4370 4365 4387
f 4392 4391 4389
f 4392 4389 4390
f 4360 4393 4392
f 4360 4392 4390
f 4365 4359 4360
f 4365 4360 4390
f 4397 4395 4392
f 4397 4392 4393
f 4356 4398 4397
f 4356 4397 4393
f 4360 4355 4356
f 4360 4356 4393
f 4356 4352 4353
f 4356 4353 4398
f 4402 4401 4399
f 4402 4399 4400
f 3084 3082 4402
f 3084 4402 4400
f 4404 4403 4401
f 4404 4401 4402
f 3082 3083 4404
f 3082 4404 4402
f 3083 4238 4239
f 3083 4239 4404
f 4239 4241 4403
f 4239 4403 4404
f 4406 4405 4401
f 4406 4401 4403
f 4241 4243 4406
f 4241 4406 4403
f 4257 4258 4405
f 4257 4405 4406
f 4243 4245 4257
f 4243 4257 4406
f 4407 4399 4401
f 4407 4401 4405
f 4258 4260 4407
f 4258 4407 4405
f 4394 4396 4399
f 4394 4399 4407
f 4260 4262 4394
f 4260 4394 4407
f 4263 4391 4392
f 4263 4392 4395
f 4263 4265 4268
f 4263 4268 4391
f 4268 4388 4389
f 4268 4389 4391
f 4268 4269 4271
f 4268 4271 4388
f 4271 4385 4386
f 4271 4386 4388
f 4271 4272 4273
f 4271 4273 4385
f 4273 4382 4383
f 4273 4383 4385
f 4273 1791 1792
f 4273 1792 4382
f 1792 1934 4380
f 1792 4380 4382
f 4274 4371 4372
f 4274 4372 4376
f 4276 4366 4367
f 4276 4367 4371
f 4274 4275 4276
f 4274 4276 4371
f 4408 4361 4362
f 4408 4362 4366
f 4341 4413 4411
f 4341 4411 4412
f 4338 4339 4341
f 4338 4341 4412
f 4414 4410 4411
f 4414 4411 4413
f 4344 4415 4414
f 4344 4414 4413
f 4341 4342 4344
f 4341 4344 4413
f 4416 4414 4415
f 4347 4416 4415
f 4344 4345 4347
f 4344 4347 4415
f 4347 4348 4349
f 4421 4419 4420
f 1975 4421 4420
f 1978 1981 4422
f 4422 4424 4423
f 4422 4426 4425
f 4422 4425 4424
f 4427 4423 4424
f 4425 4428 4427
f 4425 4427 4424
f 4425 4430 4429
f 4425 4429 4428
f 4432 4431 4427
f 4432 4427 4428
f 4429 4433 4432
f 4429 4432 4428
f 4429 4435 4434
f 4429 4434 4433
f 4437 4436 4432
f 4437 4432 4433
f 4434 4438 4437
f 4434 4437 4433
f 4434 4439 4417
f 4434 4417 4438
f 4418 4440 4437
f 4418 4437 4438
f 4441 4436 4437
f 4441 4437 4440
f 4431 4432 4436
f 4431 4436 4442
f 4430 4445 4444
f 4430 4444 4443
f 4435 4429 4430
f 4435 4430 4443
f 1997 1996 4444
f 1997 4444 4445
f 4426 1998 1997
f 4426 1997 4445
f 4430 4425 4426
f 4430 4426 4445
f 4426 4422 1981
f 4426 1981 1998
f 3106 3107 4419
f 4409 4410 4414
f 4245 4246 4248
f 4245 4248 4255
f 1709 1710 4446
f 1709 4446 4213
f 4448 4155 4446
f 1710 2002 4448
f 1710 4448 4446
f 2004 4449 4448
f 2004 4448 2002
f 2006 4452 4450
f 2006 4450 2009
f 4451 4454 2005
f 4451 2005 2010
f 4451 4455 4454
f 4449 2004 2005
f 4449 2005 4454
f 4455 4449 4454
f 4447 4448 4449
f 4152 4153 4154
f 4152 4154 4456
f 4450 4452 4152
f 4450 4152 4456
f 2007 2008 4150
f 2007 4150 4453
f 1594 4148 4150
f 1594 4150 2008
f 2020 4174 4457
f 2020 4457 2021
f 4457 4459 2024
f 4457 2024 2021
f 4457 4179 4461
f 4457 4461 4459
f 4462 2029 2023
f 4462 2023 4458
f 4460 4463 4462
f 4460 4462 4458
f 4460 4184 4464
f 4460 4464 4463
f 4466 4465 4462
f 4466 4462 4463
f 4464 4467 4466
f 4464 4466 4463
f 4464 4190 4192
f 4464 4192 4467
f 4469 4468 4466
f 4469 4466 4467
f 4192 4194 4469
f 4192 4469 4467
f 4471 4470 4468
f 4471 4468 4469
f 4194 4472 4471
f 4194 4471 4469
f 4194 4195 4196
f 4194 4196 4472
f 4474 4473 4471
f 4474 4471 4472
f 4196 4475 4474
f 4196 4474 4472
f 4477 4476 4474
f 4477 4474 4475
f 4197 4198 4476
f 4197 4476 4477
f 4478 4473 4474
f 4478 4474 4476
f 4198 4201 4478
f 4198 4478 4476
f 4480 4479 4473
f 4480 4473 4478
f 4201 4481 4480
f 4201 4480 4478
f 4483 4482 4480
f 4483 4480 4481
f 4205 4484 4483
f 4205 4483 4481
f 4201 4202 4205
f 4201 4205 4481
f 2055 2054 4483
f 2055 4483 4484
f 4209 2057 2056
f 4209 2056 4485
f 4206 4207 4209
f 4206 4209 4485
f 4209 4210 1707
f 4209 1707 2057
f 2058 4487 4486
f 2058 4486 2060
f 4486 4482 2063
f 4486 2063 2060
f 4482 4483 2054
f 4482 2054 2063
f 4488 4468 4470
f 4488 4470 4487
f 2058 2059 4488
f 2058 4488 4487
f 4470 4479 4486
f 4470 4486 4487
f 4465 4466 4468
f 4465 4468 4488
f 2059 2065 4465
f 2059 4465 4488
f 2029 4462 4465
f 2029 4465 2065
f 4479 4480 4482
f 4479 4482 4486
f 4470 4471 4473
f 4470 4473 4479
f 4184 4186 4190
f 4184 4190 4464
f 4179 4180 4185
f 4179 4185 4461
f 4174 4175 4179
f 4174 4179 4457
f 1663 4170 4174
f 1663 4174 2020
f 2969 2957 4490
f 2969 4490 4096
f 2957 2959 4492
f 2957 4492 4490
f 4491 2970 2985
f 4491 2985 4489
f 2959 2961 2980
f 2959 2980 4492
f 2979 2968 2970
f 2979 2970 4491
f 2984 2981 2986
f 2984 2986 4493
f 2938 2939 4496
f 2938 4496 4494
f 4495 2853 2854
f 4495 2854 4497
f 2942 2850 2852
f 2942 2852 4496
f 2939 2940 2942
f 2939 2942 4496
f 2832 2826 4092
f 2832 4092 4095
f 2826 2827 4088
f 2826 4088 4092
f 2828 2829 4086
f 2828 4086 4089
f 1341 1342 3865
f 1341 3865 3938
f 3880 3882 3885
f 3880 3885 3894
f 4509 4508 4506
f 4509 4506 4507
f 4511 4510 4508
f 4511 4508 4509
f 4498 4511 4509
f 4513 4512 4510
f 4513 4510 4511
f 4499 4513 4511
f 4515 4514 4512
f 4515 4512 4513
f 4500 4515 4513
f 4517 4516 4514
f 4517 4514 4515
f 4501 4517 4515
f 4519 4518 4516
f 4519 4516 4517
f 4502 4519 4517
f 4521 4520 4518
f 4521 4518 4519
f 4503 4521 4519
f 4523 4522 4521
f 4504 4524 4522
f 4526 4525 4522
f 4526 4522 4524
f 4505 4527 4526
f 4505 4526 4524
f 4504 4505 4524
f 4529 4528 4526
f 4529 4526 4527
f 4531 4530 4529
f 4531 4529 4527
f 4535 4534 4532
f 4535 4532 4533
f 4506 4508 4535
f 4506 4535 4533
f 4537 4536 4534
f 4537 4534 4535
f 4508 4510 4537
f 4508 4537 4535
f 4539 4538 4536
f 4539 4536 4537
f 4510 4512 4539
f 4510 4539 4537
f 4541 4540 4538
f 4541 4538 4539
f 4512 4514 4541
f 4512 4541 4539
f 4543 4542 4540
f 4543 4540 4541
f 4514 4516 4543
f 4514 4543 4541
f 4545 4544 4542
f 4545 4542 4543
f 4516 4518 4545
f 4516 4545 4543
f 4547 4546 4544
f 4547 4544 4545
f 4518 4520 4547
f 4518 4547 4545
f 4549 4548 4546
f 4549 4546 4547
f 4520 4525 4549
f 4520 4549 4547
f 4528 4550 4548
f 4528 4548 4549
f 4525 4526 4528
f 4525 4528 4549
f 4552 4551 4548
f 4552 4548 4550
f 4554 4553 4552
f 4554 4552 4550
f 4528 4529 4554
f 4528 4554 4550
f 4556 4555 4553
f 4556 4553 4554
f 4529 4530 4556
f 4529 4556 4554
f 4569 4568 4567
f 4571 4570 4568
f 4575 4573 4570
f 4577 4576 4572
f 4577 4572 4574
f 4532 4534 4577
f 4532 4577 4574
f 4579 4578 4576
f 4579 4576 4577
f 4534 4536 4579
f 4534 4579 4577
f 4581 4580 4578
f 4581 4578 4579
f 4536 4538 4581
f 4536 4581 4579
f 4583 4582 4580
f 4583 4580 4581
f 4538 4540 4583
f 4538 4583 4581
f 4585 4584 4582
f 4585 4582 4583
f 4540 4542 4585
f 4540 4585 4583
f 4587 4586 4584
f 4587 4584 4585
f 4542 4544 4587
f 4542 4587 4585
f 4589 4588 4586
f 4589 4586 4587
f 4544 4546 4589
f 4544 4589 4587
f 4551 4590 4588
f 4551 4588 4589
f 4546 4548 4551
f 4546 4551 4589
f 4592 4591 4588
f 4592 4588 4590
f 4594 4593 4592
f 4594 4592 4590
f 4551 4552 4594
f 4551 4594 4590
f 4596 4595 4593
f 4596 4593 4594
f 4552 4553 4596
f 4552 4596 4594
f 4598 4597 4595
f 4598 4595 4596
f 4553 4555 4598
f 4553 4598 4596
f 4602 4601 4599
f 4602 4599 4600
f 4557 4558 4602
f 4557 4602 4600
f 4604 4603 4601
f 4604 4601 4602
f 4558 4559 4604
f 4558 4604 4602
f 4606 4605 4603
f 4606 4603 4604
f 4559 4560 4606
f 4559 4606 4604
f 4608 4607 4605
f 4608 4605 4606
f 4560 4561 4608
f 4560 4608 4606
f 4610 4609 4607
f 4610 4607 4608
f 4561 4562 4610
f 4561 4610 4608
f 4612 4611 4609
f 4612 4609 4610
f 4562 4563 4612
f 4562 4612 4610
f 4614 4613 4611
f 4614 4611 4612
f 4563 4564 4614
f 4563 4614 4612
f 4617 4616 4613
f 4617 4613 4614
f 4564 4617 4614
f 4619 4618 4615
f 4621 4618 4619
f 4565 4622 4621
f 4565 4621 4620
f 4624 4623 4621
f 4624 4621 4622
f 4626 4625 4624
f 4626 4624 4622
f 4565 4566 4626
f 4565 4626 4622
f 4628 4627 4625
f 4628 4625 4626
f 4566 4567 4628
f 4566 4628 4626
f 4630 4629 4627
f 4630 4627 4628
f 4567 4568 4630
f 4567 4630 4628
f 4632 4631 4629
f 4632 4629 4630
f 4568 4570 4632
f 4568 4632 4630
f 4636 4634 4631
f 4636 4631 4632
f 4570 4573 4636
f 4570 4636 4632
f 4638 4637 4633
f 4638 4633 4635
f 4572 4576 4638
f 4572 4638 4635
f 4640 4639 4637
f 4640 4637 4638
f 4576 4578 4640
f 4576 4640 4638
f 4642 4641 4639
f 4642 4639 4640
f 4578 4580 4642
f 4578 4642 4640
f 4644 4643 4641
f 4644 4641 4642
f 4580 4582 4644
f 4580 4644 4642
f 4646 4643 4644
f 4582 4584 4646
f 4582 4646 4644
f 4648 4647 4645
f 4648 4645 4646
f 4584 4586 4648
f 4584 4648 4646
f 4591 4649 4647
f 4591 4647 4648
f 4586 4588 4591
f 4586 4591 4648
f 4591 4592 4650
f 4592 4593 4651
f 4593 4595 4652
f 4595 4597 4653
f 4657 4656 4654
f 4657 4654 4655
f 4599 4601 4657
f 4599 4657 4655
f 4659 4658 4656
f 4659 4656 4657
f 4601 4603 4659
f 4601 4659 4657
f 4661 4660 4658
f 4661 4658 4659
f 4603 4605 4661
f 4603 4661 4659
f 4663 4662 4660
f 4663 4660 4661
f 4605 4607 4663
f 4605 4663 4661
f 4665 4664 4662
f 4665 4662 4663
f 4607 4609 4665
f 4607 4665 4663
f 4667 4666 4664
f 4667 4664 4665
f 4609 4611 4667
f 4609 4667 4665
f 4669 4668 4666
f 4669 4666 4667
f 4611 4613 4669
f 4611 4669 4667
f 4673 4671 4668
f 4673 4668 4669
f 4613 4616 4673
f 4613 4673 4669
f 4675 4674 4670
f 4675 4670 4672
f 4615 4618 4675
f 4615 4675 4672
f 4623 4676 4674
f 4623 4674 4675
f 4618 4621 4623
f 4618 4623 4675
f 4679 4677 4674
f 4679 4674 4676
f 4681 4680 4679
f 4681 4679 4676
f 4623 4624 4681
f 4623 4681 4676
f 4683 4682 4680
f 4683 4680 4681
f 4624 4625 4683
f 4624 4683 4681
f 4685 4684 4682
f 4685 4682 4683
f 4625 4627 4685
f 4625 4685 4683
f 4687 4686 4684
f 4687 4684 4685
f 4627 4629 4687
f 4627 4687 4685
f 4689 4688 4686
f 4689 4686 4687
f 4629 4631 4689
f 4629 4689 4687
f 4691 4690 4688
f 4691 4688 4689
f 4631 4634 4691
f 4631 4691 4689
f 4695 4694 4692
f 4695 4692 4693
f 4654 4656 4695
f 4654 4695 4693
f 4697 4696 4694
f 4697 4694 4695
f 4656 4658 4697
f 4656 4697 4695
f 4699 4698 4696
f 4699 4696 4697
f 4658 4660 4699
f 4658 4699 4697
f 4701 4700 4698
f 4701 4698 4699
f 4660 4662 4701
f 4660 4701 4699
f 4703 4702 4700
f 4703 4700 4701
f 4662 4664 4703
f 4662 4703 4701
f 4705 4704 4702
f 4705 4702 4703
f 4664 4666 4705
f 4664 4705 4703
f 4707 4706 4704
f 4707 4704 4705
f 4666 4668 4707
f 4666 4707 4705
f 4710 4708 4706
f 4710 4706 4707
f 4668 4671 4710
f 4668 4710 4707
f 4678 4712 4708
f 4678 4708 4710
f 4670 4674 4677
f 4670 4677 4709
f 4716 4714 4708
f 4716 4708 4712
f 4718 4717 4715
f 4718 4715 4711
f 4677 4679 4718
f 4677 4718 4711
f 4720 4719 4717
f 4720 4717 4718
f 4679 4680 4720
f 4679 4720 4718
f 4722 4721 4719
f 4722 4719 4720
f 4680 4682 4722
f 4680 4722 4720
f 4724 4723 4721
f 4724 4721 4722
f 4682 4684 4724
f 4682 4724 4722
f 4726 4725 4723
f 4726 4723 4724
f 4684 4686 4726
f 4684 4726 4724
f 4728 4727 4725
f 4728 4725 4726
f 4686 4688 4728
f 4686 4728 4726
f 4688 4690 4730
f 4688 4730 4728
f 4734 4733 4731
f 4734 4731 4732
f 4692 4694 4734
f 4692 4734 4732
f 4737 4736 4733
f 4737 4733 4734
f 4694 4696 4737
f 4694 4737 4734
f 4741 4739 4736
f 4741 4736 4737
f 4696 4698 4741
f 4696 4741 4737
f 4743 4742 4738
f 4743 4738 4740
f 4698 4700 4744
f 4698 4744 4741
f 4746 4745 4742
f 4746 4742 4743
f 4700 4702 4747
f 4700 4747 4744
f 4749 4748 4745
f 4749 4745 4746
f 4702 4704 4750
f 4702 4750 4747
f 4752 4751 4748
f 4752 4748 4749
f 4704 4706 4753
f 4704 4753 4750
f 4713 4754 4751
f 4713 4751 4752
f 4706 4708 4714
f 4706 4714 4753
f 4757 4756 4751
f 4757 4751 4754
f 4760 4758 4757
f 4760 4757 4754
f 4714 4716 4761
f 4714 4761 4755
f 4765 4763 4758
f 4765 4758 4760
f 4715 4717 4764
f 4715 4764 4759
f 4767 4766 4762
f 4767 4762 4764
f 4717 4719 4767
f 4717 4767 4764
f 4769 4768 4766
f 4769 4766 4767
f 4719 4721 4769
f 4719 4769 4767
f 4771 4770 4768
f 4771 4768 4769
f 4721 4723 4771
f 4721 4771 4769
f 4772 2801 4770
f 4772 4770 4771
f 4723 4725 4772
f 4723 4772 4771
f 4774 2800 2801
f 4774 2801 4772
f 4725 4727 4774
f 4725 4774 4772
f 4775 2798 2799
f 4775 2799 4773
f 4727 4729 4776
f 4727 4776 4774
f 4778 4777 2798
f 4778 2798 4775
f 4780 4779 4777
f 4780 4777 4778
f 4788 4786 4783
f 4788 4783 4784
f 4731 4733 4788
f 4731 4788 4784
f 4790 4789 4785
f 4790 4785 4787
f 4733 4736 4791
f 4733 4791 4788
f 4793 4792 4789
f 4793 4789 4790
f 4735 4738 4793
f 4735 4793 4790
f 4795 4794 4792
f 4795 4792 4793
f 4738 4742 4795
f 4738 4795 4793
f 4797 4796 4794
f 4797 4794 4795
f 4742 4745 4797
f 4742 4797 4795
f 4799 4798 4796
f 4799 4796 4797
f 4745 4748 4799
f 4745 4799 4797
f 4756 4800 4798
f 4756 4798 4799
f 4748 4751 4756
f 4748 4756 4799
f 4802 4801 4798
f 4802 4798 4800
f 4804 4803 4802
f 4804 4802 4800
f 4756 4757 4804
f 4756 4804 4800
f 4805 2791 4803
f 4805 4803 4804
f 4757 4758 4805
f 4757 4805 4804
f 4807 2790 2791
f 4807 2791 4805
f 4758 4763 4807
f 4758 4807 4805
f 4808 2792 2789
f 4808 2789 4806
f 4762 4766 4808
f 4762 4808 4806
f 4810 4809 2792
f 4810 2792 4808
f 4766 4768 4810
f 4766 4810 4808
f 4813 4812 4809
f 4813 4809 4810
f 4768 4770 4813
f 4768 4813 4810
f 2793 2795 4812
f 2793 4812 4813
f 4770 2801 2793
f 4770 2793 4813
f 4818 4815 4809
f 4818 4809 4812
f 2794 4819 4817
f 2794 4817 4811
f 4821 4820 4817
f 4821 4817 4819
f 4823 4822 4821
f 4823 4821 4819
f 2794 2796 4823
f 2794 4823 4819
f 4777 4779 4822
f 4777 4822 4823
f 2796 2798 4777
f 2796 4777 4823
f 4829 4828 4827
f 4829 4827 4826
f 2808 2803 4829
f 2808 4829 4826
f 4831 4830 4828
f 4831 4828 4829
f 2803 2804 4831
f 2803 4831 4829
f 4833 4832 4830
f 4833 4830 4831
f 2804 4834 4833
f 2804 4833 4831
f 2804 2805 4835
f 2804 4835 4834
f 4782 4785 4833
f 4782 4833 4834
f 4835 4781 4782
f 4835 4782 4834
f 4785 4789 4832
f 4785 4832 4833
f 4837 4836 4830
f 4837 4830 4832
f 4789 4792 4837
f 4789 4837 4832
f 4839 4838 4836
f 4839 4836 4837
f 4792 4794 4839
f 4792 4839 4837
f 4841 4840 4838
f 4841 4838 4839
f 4794 4796 4841
f 4794 4841 4839
f 4801 4842 4840
f 4801 4840 4841
f 4796 4798 4801
f 4796 4801 4841
f 4844 4843 4840
f 4844 4840 4842
f 4846 4845 4844
f 4846 4844 4842
f 4801 4802 4846
f 4801 4846 4842
f 4848 4847 4845
f 4848 4845 4846
f 4802 4803 4848
f 4802 4848 4846
f 2785 2786 4847
f 2785 4847 4848
f 4803 2791 2785
f 4803 2785 4848
f 4850 4849 4845
f 4850 4845 4847
f 2786 4852 4850
f 2786 4850 4847
f 2786 2788 4816
f 2786 4816 4852
f 4814 4817 4820
f 4814 4820 4851
f 4853 4844 4845
f 4853 4845 4849
f 4855 4843 4844
f 4855 4844 4853
f 4858 4856 4843
f 4858 4843 4855
f 4824 4825 4857
f 4824 4857 4854
f 4861 4859 4856
f 4861 4856 4858
f 4825 4860 4857
f 4827 4828 4859
f 4827 4859 4861
f 4836 4838 4856
f 4836 4856 4859
f 4828 4830 4836
f 4828 4836 4859
f 4838 4840 4843
f 4838 4843 4856
f 2787 2792 4809
f 2787 4809 4815
f 4520 4521 4522
f 4520 4522 4525
f 4863 2668 2666
f 4863 2666 4862
f 3848 3850 4863
f 3848 4863 4862
f 4864 2670 2668
f 4864 2668 4863
f 3850 3852 4864
f 3850 4864 4863
f 4865 2672 2670
f 4865 2670 4864
f 3852 4866 4865
f 3852 4865 4864
f 3862 4867 4865
f 3862 4865 4866
f 3855 3857 3862
f 3855 3862 4866
f 3852 3853 3855
f 3852 3855 4866
f 2676 2672 4865
f 2676 4865 4867
f 3864 2677 2676
f 3864 2676 4867
f 3862 3863 3864
f 3862 3864 4867
f 3748 3751 3795
f 3751 3754 3795
f 3680 3681 3683
f 3680 3683 3688
f 2921 2922 3600
f 2921 3600 3602
f 2922 2923 2924
f 2922 2924 3598
f 2924 2925 3593
f 2924 3593 3595
f 3074 3075 3565
f 3074 3565 3566
f 3075 3076 3564
f 3075 3564 3565
f 3558 3559 3561
f 3558 3561 3564
f 3101 3102 3504
f 3101 3504 3506
f 4868 3398 3400
f 4868 3400 3462
f 3097 3098 4868
f 3097 4868 3462
f 3400 3402 3461
f 3400 3461 3462
f 3085 3086 3398
f 3085 3398 4868
f 3098 3099 3085
f 3098 3085 4868
f 3304 3305 3306
f 3304 3306 3307
f 3090 2780 3085
f 3090 3085 3099
f 3071 3067 3078
f 3071 3078 3079
f 3045 3047 3081
f 3045 3081 2779
f 3045 2779 3807
f 3045 3807 3804
f 3057 3051 2777
f 3057 2777 3066
f 3027 2768 4055
f 3027 4055 4052
f 2910 2723 2883
f 2910 2883 3004
f 2908 2894 2885
f 2908 2885 2996
f 2886 2882 2890
f 2886 2890 2997
f 2971 2967 2968
f 2971 2968 2979
f 4873 4870 2978
f 4873 2978 2745
f 2960 2962 4871
f 2960 4871 2742
f 4875 2951 4869
f 4875 4869 4872
f 2964 2966 4875
f 2964 4875 4872
f 2974 2950 2951
f 2974 2951 4875
f 2965 2972 2973
f 2965 2973 4874
f 2951 2953 4876
f 2951 4876 4869
f 4877 4879 2978
f 4877 2978 4870
f 4877 2928 2931
f 4877 2931 4879
f 2955 2976 2977
f 2955 2977 4878
f 2930 2937 2955
f 2930 2955 4878
f 2953 2934 2927
f 2953 2927 4876
f 2954 2948 2973
f 2954 2973 2975
f 2965 2967 2971
f 2965 2971 2972
f 2892 2861 2862
f 2892 2862 2897
f 2884 2885 2894
f 2884 2894 2895
f 2860 2857 2858
f 2860 2858 2893
f 2865 2868 2875
f 2865 2875 2879
f 2855 2854 2853
f 2855 2853 2851
f 2869 2866 2864
f 2869 2864 2720
f 2906 2904 2901
f 2906 2901 2728
f 3051 3050 3048
f 3051 3048 2777
f 2933 2936 2929
f 2933 2929 2926
