# Palette-baked from RoboTwin texture for mujoco-react
v 0.82728103 0.0030394997 -0.2518875
v 0.26816201 0.093733497 -0.20371349
v 0.70011804 0.0028154999 -0.23147149
v -0.50817499 0.1144745 -0.14560549
v -0.48463398 0.091448501 -0.1447835
v -0.47882098 0.1065105 -0.1449395
v -0.36991099 0.1250295 -0.13640749
v 0.023975011 0.097189501 -0.1699885
v 0.027781012 0.1054955 -0.1553015
v 0.036577012 0.097682498 -0.1646255
v 0.036577012 0.097682498 -0.1646255
v 0.17243302 0.1069335 -0.1305975
v 0.17209402 0.090846501 -0.1326635
v 0.12971701 0.1139035 -0.1457565
v 0.03501901 0.1058655 -0.1508545
v 0.469464 0.1020275 -0.1288375
v 0.47112602 0.093109503 -0.1329345
v -0.74630198 0.1237045 -0.069899499
v -0.55803099 0.1200405 -0.11557849
v -0.54479101 0.1160815 -0.1124665
v -0.54534897 0.1096395 -0.1184095
v -0.54622796 0.1179465 -0.1206575
v -0.60979196 0.1216545 -0.078669496
v -0.60152397 0.1272305 -0.081236497
v -0.37358898 0.13286351 -0.1135925
v 0.172488 0.1250515 -0.10568149
v -0.70383498 0.1235255 -0.050057497
v -0.549072 0.1241095 -0.018870497
v -0.55685201 0.1170245 -0.014248497
v -0.55466297 0.1139145 -0.0094214967
v -0.55466297 0.1139145 -0.0094214967
v -0.55466297 0.1139145 -0.0094214967
v -0.48590699 0.1219705 -0.060486495
v -0.56839499 0.13328651 -0.0011224968
v -0.5465 0.13325851 -0.0017014968
v -0.48577198 0.1294935 -0.049265496
v -0.062191989 0.1270045 -0.056835495
v -0.947391 0.051163498 0.0069235032
v -0.91499898 0.1289075 0.019848503
v -0.780947 0.1344445 0.0090885032
v 0.17964301 0.1204335 0.0035415031
v -0.744064 0.1345315 0.13173251
v -0.32138798 0.1124935 0.13572051
v -0.87458602 0.1312215 0.1999855
v -0.33151099 0.082534499 0.2146235
v 0.76699904 0.1139985 0.30040351
v 0.80794302 4.9984919e-07 -0.2377685
v 0.80794302 4.9984919e-07 -0.2377685
v 0.81961003 4.9984919e-07 -0.23361349
v 0.81961003 4.9984919e-07 -0.23361349
v 0.81179699 0.0021444999 -0.25259548
v 0.81394503 0.0037724997 -0.26885951
v 0.82531103 0.0053355 -0.27364451
v 0.82531103 0.0053355 -0.27364451
v 0.836005 0.0133285 -0.2793175
v 0.836005 0.0133285 -0.2793175
v 0.84287199 0.0069454997 -0.25883248
v 0.84287199 0.0069454997 -0.25883248
v 0.27829602 0.098038502 -0.20232549
v 0.28236201 0.084016502 -0.20716549
v 0.268029 0.0837235 -0.2069795
v 0.69753399 4.9984919e-07 -0.2163125
v 0.69753399 4.9984919e-07 -0.2163125
v 0.708621 4.9984919e-07 -0.23437549
v 0.708621 4.9984919e-07 -0.23437549
v 0.70763901 0.0016044999 -0.23846449
v 0.70295098 0.0049004997 -0.2439945
v -0.49613699 0.1183225 -0.1408025
v -0.488924 0.1131905 -0.14661549
v -0.494533 0.1096265 -0.1521185
v -0.49746698 0.098712496 -0.1605695
v -0.51155201 0.1009725 -0.15814149
v -0.51655796 0.1218825 -0.1323885
v -0.50499001 0.1230565 -0.1315365
v -0.484723 0.097933501 -0.13827449
v -0.482844 0.0917705 -0.13649249
v -0.48122898 0.087869503 -0.1457915
v -0.48154598 0.1089105 -0.15088449
v -0.483832 0.1126065 -0.14219449
v -0.47335398 0.1092215 -0.1328975
v -0.47102198 0.1156195 -0.13627249
v -0.47213298 0.1110065 -0.1462495
v -0.47487798 0.1069675 -0.15313649
v -0.47839499 0.1008235 -0.1575015
v -0.48460799 0.1040025 -0.1559325
v -0.46938899 0.1065425 -0.1555755
v -0.46122298 0.1061555 -0.1591785
v -0.383706 0.12697449 -0.1346585
v -0.37950099 0.13088951 -0.1237855
v -0.364373 0.1233455 -0.1295535
v -0.36790898 0.1168705 -0.14742349
v -0.38379398 0.1196915 -0.1500365
v -0.362122 0.1113965 -0.14286549
v -0.55482998 0.097515501 -0.1176285
v -0.54434398 0.097606502 -0.1164005
v 0.019409012 0.1077855 -0.16322149
v 0.030192012 0.0971255 -0.1547945
v 0.033048011 0.097884499 -0.15243949
v 0.037680011 0.079038501 -0.1752785
v 0.017604012 0.0791995 -0.18022449
v 0.022407012 0.1154245 -0.15101549
v 0.029240012 0.1075355 -0.1443705
v 0.030276012 0.099686503 -0.1411985
v 0.030276012 0.099686503 -0.1411985
v 0.042381011 0.1094765 -0.1577145
v 0.056757011 0.1090575 -0.1576525
v 0.053169012 0.097532503 -0.1671215
v 0.173112 0.095330499 -0.1338395
v 0.17084602 0.099322498 -0.1360855
v 0.17145102 0.1124015 -0.12163749
v 0.17323101 0.1028115 -0.13127349
v 0.17552902 0.1070905 -0.1220665
v 0.172929 0.092149504 -0.12712349
v 0.17523001 0.096416503 -0.12922549
v 0.10913301 0.1104465 -0.14980249
v 0.13563901 0.098164499 -0.15998749
v 0.11210001 0.096048497 -0.1604365
v 0.03657401 0.1131825 -0.14502349
v 0.03333801 0.1026095 -0.1420085
v 0.091141008 0.1085895 -0.15317349
v 0.07336501 0.1075975 -0.15431349
v 0.46061301 0.1016155 -0.13025349
v 0.47865802 0.098708503 -0.1183375
v 0.477512 0.096327499 -0.1252875
v 0.48676601 0.089815497 -0.12078749
v 0.486303 0.086544499 -0.12516849
v 0.485468 0.080753498 -0.1280735
v 0.47012901 0.083846502 -0.1343645
v -0.747758 0.13103449 -0.044310495
v -0.72959897 0.13109151 -0.046772499
v -0.72570297 0.1267495 -0.0641395
v -0.75821397 0.1074615 -0.089940496
v -0.78133401 0.1078385 -0.080215499
v -0.772751 0.1225515 -0.060647495
v -0.76999101 0.1301755 -0.038823497
v -0.558018 0.1213715 -0.10428949
v -0.558018 0.1213715 -0.10428949
v -0.55240896 0.1111215 -0.11793949
v -0.54730001 0.1150765 -0.1195605
v -0.538452 0.1247895 -0.1154385
v -0.538452 0.1247895 -0.1154385
v -0.53590396 0.1197815 -0.13073049
v -0.55474296 0.1179495 -0.1278175
v -0.54156098 0.1245635 -0.095264494
v -0.53498396 0.1315055 -0.096401498
v -0.53498396 0.1315055 -0.096401498
v -0.54481396 0.1039675 -0.11785249
v -0.54448298 0.1076915 -0.10874949
v -0.544 0.1155775 -0.093264498
v -0.61021498 0.1169115 -0.080032498
v -0.60634199 0.1127415 -0.081345499
v -0.60659799 0.1147085 -0.076422498
v -0.60663196 0.1169855 -0.072406493
v -0.58569899 0.1263465 -0.1060385
v -0.384148 0.13393851 -0.092875496
v -0.36232099 0.13355049 -0.092889495
v -0.35719898 0.13127249 -0.1096995
v -0.357521 0.1227235 -0.1269135
v -0.35044599 0.1286415 -0.1277515
v 0.17839602 0.1143185 -0.1089265
v 0.180415 0.1202435 -0.094087496
v 0.18140601 0.1265305 -0.094240494
v 0.67448899 0.1099635 -0.091269493
v 0.71012202 0.1134215 -0.1270715
v 0.69973502 0.1120355 -0.13168649
v -0.70379701 0.1285515 -0.030410497
v -0.68600896 0.1324935 -0.032182496
v -0.68444297 0.13074151 -0.050957497
v -0.54882297 0.1231815 -0.026728496
v -0.550634 0.1174045 -0.025479497
v -0.55070296 0.1202225 -0.014667497
v -0.55055496 0.1242585 -0.011630497
v -0.54850498 0.1277245 -0.018150497
v -0.54764602 0.1290015 -0.028055497
v -0.55797097 0.1224545 -0.014280497
v -0.555922 0.1207945 -0.0065684966
v -0.555922 0.1207945 -0.0065684966
v -0.55571398 0.1104665 -0.022795497
v -0.55571398 0.1104665 -0.022795497
v -0.55685499 0.1157435 -0.023807498
v -0.55805001 0.1233075 -0.025761496
v -0.552403 0.1165745 -0.012071497
v -0.552403 0.1165745 -0.012071497
v -0.55238 0.1113225 -0.023900498
v -0.55238 0.1113225 -0.023900498
v -0.55282298 0.1212555 -0.007387497
v -0.55282298 0.1212555 -0.007387497
v -0.48345298 0.1221775 -0.046559498
v -0.48110098 0.1153595 -0.060766496
v -0.48048598 0.1131355 -0.0698625
v -0.485457 0.1149625 -0.070659496
v -0.60366198 0.1298635 -0.0085154967
v -0.580915 0.1335455 0.0074635036
v -0.55000398 0.13355049 0.011799503
v -0.56768999 0.1331995 -0.0079294969
v -0.552488 0.1302315 -0.0044354969
v -0.55981198 0.1304335 -0.0077604968
v -0.49157298 0.1324155 -0.057537496
v -0.47360998 0.1327585 -0.059208497
v -0.464618 0.1335225 -0.044049498
v -0.46160299 0.13357051 -0.058560498
v -0.079230987 0.1275765 -0.061381496
v -0.075591989 0.1229385 -0.048963498
v -0.053486988 0.1247395 -0.048956499
v -0.06022599 0.1335825 -0.071044497
v 0.171165 0.1209815 -0.0046494966
v 0.17221601 0.1211155 0.0023575032
v 0.18662801 0.1149365 -0.033837497
v 0.18215401 0.1087475 -0.032547496
v 0.18460602 0.1168135 -0.015973497
v 0.18575501 0.1220405 -0.006831497
v -0.94687596 0.061959501 -0.006380497
v -0.946345 0.042861499 -0.015359497
v -0.94733498 0.036466502 0.0047645033
v -0.94765398 0.0382865 0.024325503
v -0.94759497 0.058381502 0.019609503
v -0.94730797 0.078413501 0.0098075029
v -0.93574199 0.1197385 0.024151504
v -0.93574199 0.1197385 0.024151504
v -0.93559101 0.1218245 0.054987501
v -0.93559101 0.1218245 0.054987501
v -0.920145 0.1301645 0.053794503
v -0.89987001 0.1274745 0.0040315031
v -0.91147801 0.1145725 -0.019908497
v -0.92644802 0.1132415 -0.013063497
v -0.92644802 0.1132415 -0.013063497
v -0.90868202 0.13326751 0.055128504
v -0.90166101 0.1326555 0.028299503
v -0.892656 0.13048451 0.013130503
v -0.77831301 0.1344965 0.033984505
v -0.76633599 0.1348305 0.028770503
v -0.76186201 0.1345125 0.0043655033
v -0.79926398 0.13422249 0.0019275032
v -0.80527696 0.1337245 0.013450503
v -0.79433396 0.1336935 0.022358503
v -0.78881797 0.13343149 0.038824502
v -0.77406999 0.1337525 -0.015227497
v -0.79464397 0.1332345 -0.013461497
v -0.754154 0.13385551 -0.018974496
v 0.17765801 0.1160375 -0.0084104966
v 0.17492801 0.1170755 -0.0052954969
v 0.18140002 0.1179445 -0.0063264966
v -0.74243 0.1348955 0.1014815
v -0.75856796 0.13516849 0.1035625
v -0.76289901 0.1350425 0.12995851
v -0.77471396 0.13469049 0.16132951
v -0.76558599 0.13437051 0.1648435
v -0.75487497 0.1325385 0.1751145
v -0.73073199 0.1305905 0.1527275
v -0.70506796 0.12670849 0.13663751
v -0.713761 0.1337305 0.1162255
v -0.71737102 0.13455451 0.093569502
v -0.31943798 0.1252335 0.1015195
v -0.343225 0.1257555 0.1038495
v -0.348259 0.1161595 0.1288885
v -0.360232 0.1041885 0.1591115
v -0.34156099 0.1011145 0.1719005
v -0.29232299 0.1182615 0.1222415
v -0.294561 0.1274295 0.096185505
v -0.30563098 0.1021895 0.1677095
v -0.28292799 0.1064165 0.14992151
v -0.86929497 0.1224595 0.1926785
v -0.875824 0.1269435 0.1786195
v -0.88398996 0.1324895 0.1809375
v -0.85591796 0.1278425 0.20687151
v -0.855266 0.1213255 0.2004575
v -0.89407197 0.1344955 0.2061055
v -0.89212701 0.1347435 0.2290795
v -0.87406299 0.13394649 0.2216205
v -0.85459599 0.1333885 0.2179845
v -0.89747098 0.1343655 0.18399851
v -0.34187099 0.085702501 0.2093275
v -0.34797198 0.079896502 0.22128351
v -0.33189598 0.077884503 0.22438851
v -0.31105 0.079647496 0.2174225
v -0.316349 0.0857445 0.2069865
v -0.32629898 0.092423499 0.19088951
v 0.31972 0.089549497 0.25203949
v 0.80798003 0.1236735 0.28464949
v 0.78681102 0.1237175 0.27308351
v 0.74860999 0.1133735 0.27940351
v 0.72495201 0.0992385 0.2948845
v 0.73467204 0.098694503 0.31587452
v 0.76725599 0.1224145 0.2609565
v -0.85372397 0.054635499 0.36296651
v -0.84345898 0.054868501 0.36445349
v -0.84646699 0.066201501 0.3637825
v -0.85516098 0.077562504 0.3620185
v 0.940945 0.026749499 0.65201953
v 0.93395802 0.053669501 0.65213647
v 0.94277701 0.0270555 0.6343675
v 0.93566802 0.054094501 0.63489953
v 0.923363 0.0796545 0.6365445
v 0.92187199 0.0790755 0.65327653
v 0.90618703 0.1016505 0.63822153
v 0.904856 0.1006205 0.65468249
v 0.86129501 0.1310485 0.6571115
v 0.83550003 0.14060549 0.64252552
v 0.83599201 0.13909049 0.65812048
v 0.80933401 0.1430435 0.65928653
v 0.78465101 0.1325095 0.6824635
v 0.78676799 0.1208015 0.6883395
v 0.758643 0.1282195 0.68252048
v 0.76303199 0.1168935 0.68862548
v 0.740419 0.1078435 0.68878451
v 0.71950099 0.093854502 0.68909851
v 0.702378 0.074021503 0.68933848
v 0.690424 0.050582498 0.68945351
v 0.94452301 0.0274575 0.61347553
v 0.94586703 0.0278935 0.59036449
v 0.93871298 0.055627499 0.59346148
v 0.93722704 0.054730501 0.61539951
v 0.92618802 0.081603497 0.5957205
v 0.92475703 0.080469497 0.61753252
v 0.90853903 0.1040745 0.59749749
v 0.90733203 0.1027545 0.61945352
v 0.808386 0.14399549 0.6440815
v 0.779102 0.1447285 0.62504348
v 0.78059402 0.14413451 0.64488748
v 0.78178099 0.14324351 0.66003451
v 0.75189504 0.1403145 0.6447815
v 0.72821602 0.1261265 0.67316851
v 0.73350599 0.1183275 0.68272349
v 0.703208 0.1089755 0.67384449
v 0.71068099 0.1023545 0.68315253
v 0.68348303 0.085373498 0.67413953
v 0.69191501 0.080359496 0.6835635
v 0.66921601 0.058381502 0.67449948
v 0.67850599 0.0549905 0.68397048
v 0.66054299 0.0293315 0.6748955
v 0.67043903 0.0277595 0.68400648
v 0.68317804 0.0256395 0.68954751
v 0.66865799 4.9984919e-07 0.68475148
v 0.68174103 4.9984919e-07 0.68991747
v 0.94588199 0.029142499 0.54515448
v 0.94681004 0.0284795 0.56702152
v 0.93939403 0.057602499 0.54764548
v 0.94010302 0.0569195 0.57007548
v 0.92721501 0.083775498 0.54898748
v 0.927416 0.082958497 0.57236251
v 0.90993002 0.1065325 0.5500305
v 0.90965304 0.1055725 0.57394353
v 0.88795003 0.1249135 0.55074152
v 0.75005999 0.1408945 0.62571248
v 0.70003101 0.1111125 0.66037551
v 0.67754903 0.087683499 0.64559552
v 0.67945102 0.087362498 0.66094849
v 0.66235504 0.059812501 0.64607349
v 0.66235504 0.059812501 0.64607349
v 0.66430601 0.0597695 0.66154751
v 0.65307102 0.030071501 0.64696148
v 0.65307102 0.030071501 0.64696148
v 0.655292 0.029926499 0.66213349
v 0.64987698 4.9984919e-07 0.64761648
v 0.64987698 4.9984919e-07 0.64761648
v 0.652325 4.9984919e-07 0.66272148
v 0.65803799 4.9984919e-07 0.67571548
v 0.93447903 0.0283195 0.52604952
v 0.91344503 0.051356498 0.50547352
v 0.928408 0.055030499 0.52647951
v 0.90447703 0.074229501 0.50524351
v 0.91757002 0.079643503 0.52672151
v 0.89157102 0.093100503 0.50558248
v 0.90201399 0.1005775 0.52732649
v 0.874778 0.1082925 0.50614348
v 0.88244 0.1178975 0.52775553
v 0.853793 0.1206025 0.50667253
v 0.859117 0.1314535 0.52792647
v 0.68870899 0.1127495 0.55564049
v 0.67052999 0.0879215 0.58132651
v 0.67322698 0.087826498 0.60576352
v 0.67560402 0.0877655 0.62756249
v 0.658393 0.059929501 0.60578248
v 0.658393 0.059929501 0.60578248
v 0.66054103 0.059887499 0.62766853
v 0.66054103 0.059887499 0.62766853
v 0.64909801 0.030427501 0.60561553
v 0.65119901 0.030274499 0.62782249
v 0.64582899 4.9984919e-07 0.60583749
v 0.64774403 4.9984919e-07 0.62796947
v 0.64397803 4.9984919e-07 0.58129951
v 0.90524998 0.0244775 0.4815875
v 0.88711199 0.045975499 0.45706251
v 0.89854804 0.047999501 0.48245952
v 0.88120404 0.066374503 0.45689949
v 0.89170304 0.069450498 0.4818095
v 0.87399301 0.0818865 0.45699149
v 0.88142702 0.086256497 0.48201451
v 0.86135998 0.092724502 0.4580535
v 0.86711201 0.099163502 0.48282552
v 0.707656 0.0896485 0.48231849
v 0.70044604 0.097158499 0.50690249
v 0.69272301 0.1065085 0.52989349
v 0.682888 0.076013498 0.50647852
v 0.67316803 0.083165497 0.52971551
v 0.66797802 0.087968498 0.55589548
v 0.66797802 0.087968498 0.55589548
v 0.65918198 0.056523498 0.53011349
v 0.65350899 0.059910499 0.55589351
v 0.65350899 0.059910499 0.55589351
v 0.65592 0.059849501 0.5813385
v 0.65592 0.059849501 0.5813385
v 0.64493099 0.0302545 0.55586252
v 0.64702204 0.030467499 0.58123252
v 0.641776 4.9984919e-07 0.55597052
v 0.650861 0.028415499 0.53020349
v 0.64736399 4.9984919e-07 0.53009948
v 0.658169 4.9984919e-07 0.50726452
v 0.88632503 0.022905501 0.42930451
v 0.87620899 0.046605501 0.40325549
v 0.87975302 0.045590501 0.43027651
v 0.87250003 0.0652925 0.4041965
v 0.87527201 0.065420501 0.4306595
v 0.868269 0.0798245 0.40499851
v 0.869706 0.079975501 0.4312875
v 0.869706 0.079975501 0.4312875
v 0.85755602 0.089715503 0.40536949
v 0.85830602 0.090208501 0.43207249
v 0.844156 0.096750498 0.40536252
v 0.84395602 0.098024502 0.43245649
v 0.82725504 0.1033685 0.4051075
v 0.82563302 0.1052565 0.43254149
v 0.80510303 0.1079995 0.40458351
v 0.80307999 0.1096745 0.4323625
v 0.780938 0.1074335 0.40387651
v 0.77878401 0.1087795 0.43191952
v 0.72066602 0.080422498 0.4037725
v 0.71800503 0.0816385 0.43039551
v 0.71355 0.084612496 0.45658651
v 0.70693001 0.061873499 0.4309715
v 0.70125404 0.0646175 0.45702252
v 0.692884 0.069449499 0.48225251
v 0.689347 0.041436501 0.45759949
v 0.68120602 0.045509499 0.48276451
v 0.67075804 0.050876498 0.50714752
v 0.67286202 0.021922499 0.48321351
v 0.662487 0.0252435 0.50733951
v 0.66715804 4.9984919e-07 0.48254052
v 0.67995098 0.0199435 0.45784649
v 0.67448202 4.9984919e-07 0.4576245
v 0.67872503 4.9984919e-07 0.4320465
v 0.88834402 4.9984919e-07 0.34894451
v 0.882875 0.0249385 0.3492215
v 0.88100001 0.0240175 0.3755855
v 0.87774703 0.049085502 0.35003549
v 0.87774703 0.049085502 0.35003549
v 0.87566504 0.047880501 0.3764925
v 0.87489203 0.0677495 0.35120049
v 0.87489203 0.0677495 0.35120049
v 0.87261602 0.066031501 0.3775925
v 0.87075499 0.082036503 0.35196552
v 0.87075499 0.082036503 0.35196552
v 0.86879703 0.080463499 0.3783505
v 0.76292703 0.1058485 0.3405405
v 0.737331 0.0948845 0.3466205
v 0.71897903 0.082404502 0.3508065
v 0.72090903 0.080549501 0.37712249
v 0.70788303 0.061401501 0.35303849
v 0.70982 0.060631499 0.37851351
v 0.70954099 0.060670499 0.40465149
v 0.69680902 0.038087498 0.40560451
v 0.69460002 0.038909499 0.4316445
v 0.68597302 0.018654499 0.4062815
v 0.68404201 0.018962501 0.43197751
v 0.68083099 4.9984919e-07 0.40653852
v 0.68600199 0.018599499 0.38122451
v 0.68089101 4.9984919e-07 0.3818365
v 0.678449 4.9984919e-07 0.35810849
v 0.89715204 4.9984919e-07 0.2984795
v 0.89197204 4.9984919e-07 0.3232685
v 0.89233699 0.0271255 0.29796451
v 0.88681701 0.0259785 0.32335252
v 0.88704702 0.052637499 0.29837251
v 0.88146302 0.0505955 0.32390252
v 0.883463 0.0735595 0.30034551
v 0.87838802 0.070205502 0.3253375
v 0.87867901 0.089052498 0.30195349
v 0.87465504 0.085405499 0.32656151
v 0.868507 0.1005545 0.30216151
v 0.85537103 0.1090015 0.30130249
v 0.84054402 0.1158685 0.29863051
v 0.82482299 0.1210175 0.2928935
v 0.85140201 0.1211245 0.2754595
v 0.83920601 0.1247095 0.2698445
v 0.82569703 0.12550449 0.26241949
v 0.859355 0.12626851 0.2459275
v 0.84649101 0.1260155 0.2393515
v 0.82466599 0.1245545 0.22888051
v 0.80513403 0.1242195 0.25148749
v 0.800199 0.1230835 0.2183235
v 0.78366598 0.1235725 0.24040951
v 0.77513298 0.1225845 0.2079415
v 0.76072803 0.1221915 0.2284345
v 0.74585101 0.1198715 0.24731751
v 0.736738 0.1195875 0.2169155
v 0.72378799 0.1165675 0.2345095
v 0.71154401 0.1094315 0.2485055
v 0.73052499 0.1113755 0.2634145
v 0.69866303 0.099894501 0.25950351
v 0.712715 0.099752501 0.27651051
v 0.686744 0.087210499 0.2665225
v 0.686744 0.087210499 0.2665225
v 0.69781503 0.086518496 0.28429651
v 0.69781503 0.086518496 0.28429651
v 0.70672902 0.085387498 0.30377951
v 0.70672902 0.085387498 0.30377951
v 0.71425703 0.084138498 0.3255125
v 0.71425703 0.084138498 0.3255125
v 0.68905398 0.064166501 0.28651652
v 0.69735101 0.063186496 0.3066555
v 0.70370099 0.062695503 0.32884049
v 0.68472204 0.038391501 0.3099305
v 0.69076702 0.0381945 0.33187249
v 0.694796 0.038043499 0.35536751
v 0.67994002 0.0182325 0.33427149
v 0.683898 0.0183775 0.35717049
v 0.674808 4.9984919e-07 0.33542252
v 0.67442003 0.018009501 0.3126415
v 0.66902402 4.9984919e-07 0.31413549
v 0.66208699 4.9984919e-07 0.29390749
v 0.63445702 4.9984919e-07 0.23789351
v 0.624796 4.9984919e-07 0.2227845
v 0.61213699 4.9984919e-07 0.21125351
v 0.59740099 4.9984919e-07 0.2056195
v 0.62903401 0.0239565 0.22168751
v 0.61566499 0.0276575 0.21186051
v 0.599269 0.0293785 0.20604551
v 0.622345 0.0518695 0.2129045
v 0.60303101 0.0530085 0.20670651
v 0.58289602 0.051356498 0.20046851
v 0.58186403 0.0286595 0.20027651
v 0.58138904 4.9984919e-07 0.2000915
v 0.56333402 0.027192499 0.19568451
v 0.563485 4.9984919e-07 0.19570351
v 0.91740999 4.9984919e-07 0.2491965
v 0.90511099 4.9984919e-07 0.27369851
v 0.912967 0.029833499 0.2473855
v 0.90001401 0.028338499 0.2725555
v 0.90811804 0.057589501 0.2475595
v 0.89489302 0.055012498 0.2734215
v 0.903083 0.080930501 0.25162849
v 0.89117798 0.077277496 0.27646551
v 0.89671901 0.097687498 0.25493652
v 0.88533702 0.093378499 0.2785275
v 0.88808802 0.1085785 0.2558175
v 0.87489304 0.1048325 0.27898949
v 0.87489304 0.1048325 0.27898949
v 0.87893298 0.1180865 0.25490749
v 0.87893298 0.1180865 0.25490749
v 0.863143 0.1141455 0.27824551
v 0.863143 0.1141455 0.27824551
v 0.86956701 0.1245275 0.2513895
v 0.902814 0.1218275 0.2326615
v 0.902814 0.1218275 0.2326615
v 0.89302602 0.12638751 0.2281685
v 0.88244602 0.12695751 0.2230255
v 0.91366103 0.1272185 0.20277451
v 0.900534 0.1273215 0.1979215
v 0.88219199 0.1270045 0.1922725
v 0.86730704 0.1266775 0.2156865
v 0.85698602 0.1262435 0.1841605
v 0.84293804 0.1256015 0.20582551
v 0.827939 0.1246445 0.17443851
v 0.81550601 0.1238825 0.19593151
v 0.79874203 0.1231085 0.16520551
v 0.78797701 0.1228035 0.18660051
v 0.76977703 0.1222025 0.1570635
v 0.76046702 0.1217585 0.1778705
v 0.74933204 0.1209585 0.1979115
v 0.73235902 0.1184635 0.1697765
v 0.72265002 0.1171515 0.1884155
v 0.71201101 0.1151615 0.2062915
v 0.69559702 0.1130505 0.18043451
v 0.68711498 0.1116625 0.1974145
v 0.67966804 0.1099935 0.2109105
v 0.70163903 0.1127265 0.2221325
v 0.67307302 0.1054295 0.22117351
v 0.69262502 0.1075085 0.2342215
v 0.66646501 0.098031498 0.23001951
v 0.66646501 0.098031498 0.23001951
v 0.68331799 0.099294499 0.2439595
v 0.68331799 0.099294499 0.2439595
v 0.66129699 0.086114503 0.23557951
v 0.67466602 0.086712502 0.25023252
v 0.67466602 0.086712502 0.25023252
v 0.65803602 0.067425497 0.2362625
v 0.66961303 0.0658575 0.2509385
v 0.67986903 0.065005496 0.26791349
v 0.659574 0.039973501 0.25214249
v 0.66914001 0.038891498 0.27014649
v 0.67753699 0.038540501 0.2893855
v 0.65920302 0.0173015 0.27269849
v 0.66732702 0.017617499 0.29227051
v 0.65436801 4.9984919e-07 0.27447349
v 0.64971301 0.018125501 0.2540105
v 0.64495799 4.9984919e-07 0.2554965
v 0.63998601 0.020186501 0.23681951
v 0.64953503 0.0432605 0.23592551
v 0.63791701 0.047812499 0.22232251
v 0.643397 0.0697385 0.22317751
v 0.62559798 0.0705055 0.2135745
v 0.64565101 0.085345499 0.2227765
v 0.62687102 0.083651498 0.2133235
v 0.605701 0.081653498 0.20644151
v 0.60502699 0.069777496 0.20689151
v 0.58387199 0.079183497 0.20049851
v 0.58360103 0.067743503 0.2006685
v 0.56217203 0.076657496 0.1955225
v 0.56265703 0.0658255 0.19578651
v 0.56307599 0.0488795 0.19573151
v 0.54310098 0.062669501 0.19073251
v 0.54400304 0.0467395 0.19091851
v 0.54469499 0.025720499 0.19098151
v 0.52502999 0.0444525 0.1867905
v 0.52566901 0.024486501 0.1868905
v 0.52610901 4.9984919e-07 0.1871265
v 0.54500899 4.9984919e-07 0.1908215
v 0.94622698 4.9984919e-07 0.2088065
v 0.94622698 4.9984919e-07 0.2088065
v 0.93286601 4.9984919e-07 0.2275385
v 0.94486204 0.0291945 0.2082355
v 0.94486204 0.0291945 0.2082355
v 0.93031701 0.030404501 0.2252765
v 0.943625 0.058185499 0.2054785
v 0.922245 0.083660498 0.2268945
v 0.91714701 0.1004025 0.2309245
v 0.91057399 0.1122555 0.2329815
v 0.924858 0.1237365 0.2069145
v 0.93910798 0.1119925 0.1784585
v 0.93248901 0.1217455 0.1767455
v 0.93248901 0.1217455 0.1767455
v 0.92156199 0.1267105 0.17529351
v 0.93219504 0.1210855 0.1457185
v 0.93219504 0.1210855 0.1457185
v 0.92190501 0.1268035 0.14450051
v 0.90997699 0.1274555 0.1434115
v 0.90817401 0.1273765 0.17300351
v 0.894308 0.1272915 0.14147151
v 0.890322 0.1271925 0.16847551
v 0.87144199 0.1267125 0.13682351
v 0.86584398 0.1265375 0.1615845
v 0.84383002 0.12555251 0.1296905
v 0.83707502 0.12518451 0.1528115
v 0.81405398 0.1238615 0.1215625
v 0.80731699 0.1235235 0.14382051
v 0.78391299 0.1226675 0.1138695
v 0.77753899 0.1224755 0.1357125
v 0.75399402 0.1206195 0.1069165
v 0.74806002 0.1201555 0.1287525
v 0.74088702 0.1194715 0.1497675
v 0.71877101 0.1159535 0.1224045
v 0.71175101 0.1151485 0.1433045
v 0.70374998 0.1141775 0.16281751
v 0.68304804 0.1118465 0.13837351
v 0.67594704 0.1108545 0.15727851
v 0.66916099 0.1096835 0.1739465
v 0.64830902 0.1063175 0.15410951
v 0.64326802 0.1052695 0.1693095
v 0.63869002 0.1042325 0.18244651
v 0.66262701 0.1076815 0.1891845
v 0.63477203 0.1032415 0.19294551
v 0.65751299 0.1057905 0.2003355
v 0.630927 0.1014385 0.2028065
v 0.65253899 0.1031205 0.2104025
v 0.628337 0.094027497 0.2100005
v 0.628337 0.094027497 0.2100005
v 0.648222 0.096210502 0.2186365
v 0.648222 0.096210502 0.2186365
v 0.60865101 0.098180503 0.19693251
v 0.60655203 0.091742501 0.20388651
v 0.60655203 0.091742501 0.20388651
v 0.585673 0.096304499 0.19295551
v 0.585673 0.096304499 0.19295551
v 0.58424804 0.0893685 0.1988955
v 0.58424804 0.0893685 0.1988955
v 0.56241903 0.094689503 0.1895615
v 0.56241903 0.094689503 0.1895615
v 0.56176499 0.086714499 0.19445351
v 0.54101399 0.091442503 0.1856675
v 0.54101399 0.091442503 0.1856675
v 0.54132304 0.082899503 0.1892035
v 0.54215601 0.073592499 0.19038451
v 0.52261904 0.079217501 0.18501151
v 0.52332804 0.070742503 0.1862845
v 0.52419904 0.060006499 0.18665451
v 0.50505903 0.069059499 0.18232751
v 0.50505903 0.069059499 0.18232751
v 0.50560501 0.058631498 0.18249351
v 0.50560501 0.058631498 0.18249351
v 0.50618199 0.043362498 0.1824705
v 0.50618199 0.043362498 0.1824705
v 0.48724401 0.0583455 0.1808565
v 0.48735502 0.0430375 0.18060151
v 0.48770401 0.023937499 0.18052651
v 0.50667599 0.024176501 0.18248351
v 0.487939 4.9984919e-07 0.1805805
v 0.50710502 4.9984919e-07 0.1823575
v 0.94711301 4.9984919e-07 0.1547275
v 0.947781 4.9984919e-07 0.18689451
v 0.947148 0.0267365 0.1539285
v 0.94770703 0.0274745 0.18561551
v 0.94770703 0.0274745 0.18561551
v 0.947229 0.0548805 0.1526275
v 0.94756404 0.0564075 0.18286851
v 0.94649002 0.0812295 0.15026851
v 0.946942 0.082473502 0.1813605
v 0.94295999 0.0981775 0.1485275
v 0.94411001 0.1000555 0.18034251
v 0.93841001 0.1105575 0.14680551
v 0.94088998 0.097766496 0.11508051
v 0.93660703 0.1099555 0.1143025
v 0.93101802 0.1204015 0.1136215
v 0.93101802 0.1204015 0.1136215
v 0.93480304 0.1091705 0.0823825
v 0.92985103 0.1199625 0.082041502
v 0.92985103 0.1199625 0.082041502
v 0.92071202 0.1265495 0.081979506
v 0.92142203 0.1266385 0.1131295
v 0.909547 0.1273775 0.081990503
v 0.90984002 0.1274645 0.1127365
v 0.89589199 0.1273195 0.081689507
v 0.89578202 0.1273365 0.1118155
v 0.87616202 0.1268995 0.080567501
v 0.87478301 0.1268485 0.1092535
v 0.85139599 0.1259595 0.077793501
v 0.84853199 0.1258045 0.1044875
v 0.82271299 0.1244895 0.073081501
v 0.81916603 0.1241875 0.098127507
v 0.79279003 0.1230105 0.0674145
v 0.78901801 0.1228365 0.091091506
v 0.76229402 0.1210805 0.061307505
v 0.75873104 0.1209005 0.084411502
v 0.73206404 0.1170255 0.055416502
v 0.72880301 0.1168165 0.078419507
v 0.724439 0.1164225 0.1007765
v 0.698746 0.1134585 0.073251501
v 0.69468704 0.1131285 0.095616505
v 0.68961999 0.1126015 0.11727051
v 0.66471699 0.1093025 0.091991507
v 0.65978304 0.1085375 0.1142365
v 0.65403703 0.1074855 0.1356685
v 0.63099399 0.1048345 0.11254451
v 0.62600502 0.1041475 0.1345285
v 0.62162301 0.1034365 0.15196951
v 0.59924904 0.1008145 0.1340405
v 0.59577098 0.1001755 0.1508525
v 0.59290901 0.099620499 0.1635015
v 0.61778602 0.1027395 0.16589651
v 0.59026304 0.099197499 0.17439951
v 0.614333 0.1019845 0.1780335
v 0.58790401 0.0985405 0.18393651
v 0.61144099 0.1008765 0.1878195
v 0.56655899 0.097608499 0.1716615
v 0.56441304 0.096977502 0.1808105
v 0.54427299 0.0957525 0.1686285
v 0.54244199 0.094940498 0.17746851
v 0.52358702 0.093025498 0.1660635
v 0.52277103 0.091304503 0.17421651
v 0.52228102 0.086808503 0.1812405
v 0.52228102 0.086808503 0.1812405
v 0.50423202 0.089033499 0.1727085
v 0.50429198 0.084581502 0.1790525
v 0.50429198 0.084581502 0.1790525
v 0.50429198 0.084581502 0.1790525
v 0.504572 0.077257499 0.1819115
v 0.504572 0.077257499 0.1819115
v 0.487111 0.0843255 0.1787495
v 0.48715901 0.0688335 0.1808605
v 0.94175503 4.9984919e-07 0.085229501
v 0.94454303 4.9984919e-07 0.1189855
v 0.94214502 0.026871501 0.085141502
v 0.94470403 0.0268605 0.1187345
v 0.94283 0.0539805 0.0845415
v 0.94531599 0.054218501 0.11775351
v 0.94244602 0.080388501 0.083575502
v 0.944958 0.0807245 0.1162385
v 0.93875703 0.0972495 0.082873501
v 0.93999401 0.0799805 0.051922504
v 0.93643603 0.096603498 0.051613502
v 0.93280402 0.1084615 0.051356502
v 0.93368199 0.0962805 0.021001503
v 0.93024203 0.1079545 0.020987503
v 0.925203 0.1183595 0.021074504
v 0.925203 0.1183595 0.021074504
v 0.92740598 0.1189895 0.051244505
v 0.92740598 0.1189895 0.051244505
v 0.91716602 0.1256115 0.021409504
v 0.91894999 0.1262075 0.051390503
v 0.90634999 0.1273635 0.021933503
v 0.90791103 0.1274455 0.051690504
v 0.89449099 0.1273815 0.022433503
v 0.89539203 0.1274395 0.051880505
v 0.87644199 0.1269895 0.022859503
v 0.87651899 0.1269815 0.051655505
v 0.85415503 0.12625951 0.022668503
v 0.85316202 0.1261355 0.050299503
v 0.82675901 0.1249585 0.021135503
v 0.82514402 0.1247405 0.047257502
v 0.79704103 0.1232805 0.017867504
v 0.79540303 0.1231595 0.042832505
v 0.76643804 0.1211965 0.013379503
v 0.76487103 0.1212385 0.037489504
v 0.73558399 0.1170945 0.0082735028
v 0.73428401 0.1171135 0.032079503
v 0.70495 0.1136385 0.0032395031
v 0.70372298 0.1136585 0.027031504
v 0.70168403 0.1136175 0.050374504
v 0.67371902 0.1104095 0.022755504
v 0.67153999 0.1102325 0.046367504
v 0.66866001 0.1098975 0.069368504
v 0.64179501 0.1058235 0.043183502
v 0.639038 0.1056355 0.066586502
v 0.63530502 0.1053035 0.089835502
v 0.60971299 0.1023275 0.064789504
v 0.60679904 0.1019895 0.088618502
v 0.60323599 0.1014655 0.1121555
v 0.57921502 0.098331504 0.088302501
v 0.57681504 0.098390497 0.1120135
v 0.57389203 0.0983015 0.13316651
v 0.55081001 0.096779503 0.11207251
v 0.54943499 0.096644498 0.13218251
v 0.54770002 0.096451499 0.1477235
v 0.571134 0.098147497 0.1493565
v 0.54587802 0.096141502 0.1594495
v 0.56867203 0.097916499 0.1617645
v 0.52492002 0.093633503 0.14617251
v 0.524299 0.093425497 0.1575215
v 0.50335601 0.091092497 0.1466345
v 0.50403103 0.090959497 0.15725851
v 0.50424299 0.090559497 0.16516851
v 0.48690403 0.088776499 0.17302451
v 0.93553999 4.9984919e-07 0.021479502
v 0.93988201 4.9984919e-07 0.052687503
v 0.93586501 0.0266695 0.021543503
v 0.940097 0.0268075 0.052756503
v 0.93707201 0.053430501 0.021360504
v 0.94062802 0.053730499 0.052433502
v 0.93723199 0.079512499 0.021024503
v 0.93408599 0.052596498 -0.0091514969
v 0.93398699 0.078513503 -0.0092284968
v 0.93096098 0.095732503 -0.009132497
v 0.93058804 0.076924503 -0.039312497
v 0.92740598 0.094430499 -0.038959496
v 0.92414901 0.1059965 -0.038657498
v 0.92748299 0.1072245 -0.0090504969
v 0.91948 0.1163975 -0.038196497
v 0.92318204 0.1178775 -0.0089064967
v 0.92318204 0.1178775 -0.0089064967
v 0.91219303 0.1242025 -0.037455495
v 0.91219303 0.1242025 -0.037455495
v 0.91529199 0.1254655 -0.0083874967
v 0.91529199 0.1254655 -0.0083874967
v 0.901777 0.1270465 -0.036223497
v 0.90435001 0.12728649 -0.0074244966
v 0.89065501 0.1274365 -0.034934498
v 0.89274701 0.12737951 -0.0064834966
v 0.87483904 0.1270925 -0.033359498
v 0.87610504 0.1270605 -0.0054194969
v 0.85414299 0.1264825 -0.031759497
v 0.85445198 0.1263655 -0.0047114966
v 0.76734301 0.1211415 -0.010809497
v 0.73600098 0.1168045 -0.039212495
v 0.73613402 0.1170225 -0.015631497
v 0.70483604 0.1134205 -0.044699498
v 0.70533702 0.1135495 -0.020852497
v 0.67612299 0.1103365 -0.049702495
v 0.675989 0.1103745 -0.025626497
v 0.675199 0.1103835 -0.0012794968
v 0.64631 0.1058805 -0.029566497
v 0.64389101 0.1059075 0.019313503
v 0.613736 0.1024575 0.016539503
v 0.61195502 0.1024765 0.040855505
v 0.58106801 0.098245502 0.063825503
v 0.55221298 0.096425503 0.038698502
v 0.55211899 0.096554503 0.063682504
v 0.55168 0.096718498 0.088524505
v 0.52265701 0.093294501 0.064226501
v 0.52422002 0.093540497 0.089302503
v 0.52505603 0.093720503 0.1122995
v 0.49982601 0.091002502 0.090560503
v 0.50207201 0.091140501 0.1314605
v 0.52523401 0.093733497 0.1313155
v 0.92784598 4.9984919e-07 -0.038862497
v 0.93292698 4.9984919e-07 -0.009039497
v 0.92857501 0.025462501 -0.038935497
v 0.93329999 0.026222499 -0.009012497
v 0.93016902 0.051292501 -0.039219499
v 0.92363003 0.024339499 -0.068619497
v 0.92546001 0.049445499 -0.068951495
v 0.92592904 0.074760497 -0.069007494
v 0.91959104 0.046658501 -0.098376498
v 0.92056999 0.071789503 -0.098501496
v 0.91787603 0.090536498 -0.097801499
v 0.92330202 0.092935503 -0.068547495
v 0.91481099 0.1031225 -0.096985497
v 0.92003801 0.1048215 -0.067964494
v 0.91128799 0.1137585 -0.096019499
v 0.91621599 0.1155425 -0.067226499
v 0.90578499 0.1234265 -0.094585493
v 0.90578499 0.1234265 -0.094585493
v 0.90913001 0.1242115 -0.066051498
v 0.90913001 0.1242115 -0.066051498
v 0.89553699 0.1268295 -0.0928175
v 0.89878604 0.1271745 -0.064480498
v 0.88467398 0.1271565 -0.090701498
v 0.88777402 0.1273105 -0.062945496
v 0.87068799 0.12700351 -0.088078499
v 0.873225 0.1270815 -0.060969498
v 0.73507503 0.1165435 -0.061906498
v 0.70355204 0.1131855 -0.067889497
v 0.67568299 0.1101825 -0.072189495
v 0.64599898 0.1053195 -0.091334499
v 0.646391 0.1055625 -0.0745885
v 0.64662501 0.1057725 -0.053207498
v 0.52110299 0.093050502 0.038959503
v 0.49738002 0.0907555 0.039569505
v 0.49849501 0.090953499 0.065244503
v 0.48363101 0.092270501 0.040209502
v 0.304005 0.1096025 0.23343851
v 0.29417002 0.0932955 0.24383651
v 0.30720702 0.092512503 0.24970251
v 0.28560001 0.072832502 0.2517485
v 0.298053 0.0719335 0.25795051
v 0.31006801 0.069546498 0.26065251
v 0.29386601 0.0493325 0.26011351
v 0.30528802 0.047844499 0.26251751
v 0.30300802 0.024480499 0.26299751
v 0.91507199 4.9984919e-07 -0.097398497
v 0.92251 4.9984919e-07 -0.068467498
v 0.916944 0.022719501 -0.097813495
v 0.906683 4.9984919e-07 -0.12607449
v 0.90935203 0.020194501 -0.1267235
v 0.91258302 0.0424635 -0.1275235
v 0.89941302 0.016407499 -0.1553105
v 0.90325204 0.035991501 -0.15670049
v 0.90525803 0.0593515 -0.15684849
v 0.913793 0.066887498 -0.12768249
v 0.90373299 0.080341503 -0.1557655
v 0.91150799 0.086582497 -0.1268995
v 0.90102103 0.095644496 -0.15459549
v 0.908815 0.1001265 -0.1260415
v 0.898222 0.1074975 -0.15356049
v 0.89411399 0.1185425 -0.15212649
v 0.90087202 0.1211615 -0.1236225
v 0.88567904 0.1258285 -0.1492105
v 0.89154199 0.1266695 -0.1211755
v 0.87404004 0.1269035 -0.1450845
v 0.88036802 0.12707651 -0.1182095
v 0.86109599 0.12684751 -0.1406295
v 0.844785 0.1266185 -0.13571149
v 0.824433 0.1263205 -0.1303345
v 0.76652101 0.1220955 -0.1209735
v 0.79498199 0.1268805 -0.14670649
v 0.76711503 0.1246905 -0.1415395
v 0.73849699 0.1180905 -0.14092849
v 0.76653102 0.1267475 -0.1634365
v 0.74067304 0.1207015 -0.1611855
v 0.72199103 0.1172885 -0.1615275
v 0.71832898 0.1149485 -0.14379549
v 0.71066204 0.1143785 -0.16282849
v 0.70779404 0.1129855 -0.1467915
v 0.70126 0.1096565 -0.1641375
v 0.69906399 0.1099385 -0.1495205
v 0.692682 0.1098835 -0.13580249
v 0.66339204 0.099845499 -0.1286985
v 0.64412203 0.0973965 -0.1277975
v 0.61663201 0.1017165 -0.092671499
v 0.48468801 0.092098497 -0.036558498
v 0.484382 0.0921335 -0.011265497
v 0.48402101 0.092253499 0.014540503
v 0.47869301 0.099632502 -0.010861496
v 0.477779 0.099710502 0.015059503
v 0.47691402 0.099901497 0.040948503
v 0.282132 0.1185295 0.20641351
v 0.29686701 0.1206915 0.2177595
v 0.27580801 0.1065245 0.2153285
v 0.28980902 0.1089785 0.2262295
v 0.269319 0.091786496 0.22397551
v 0.28166002 0.093069501 0.2353725
v 0.26525801 0.0728615 0.22872651
v 0.27452901 0.072923496 0.24179751
v 0.26622 0.050080501 0.2300085
v 0.27367902 0.049694501 0.2430225
v 0.28307 0.049760498 0.25362751
v 0.27453601 0.0254445 0.24482651
v 0.28298002 0.025356499 0.2544935
v 0.292483 0.0250555 0.26060149
v 0.28262103 4.9984919e-07 0.25490549
v 0.29205701 4.9984919e-07 0.26069951
v 0.302497 4.9984919e-07 0.26310849
v 0.89659598 4.9984919e-07 -0.1540225
v 0.88206902 4.9984919e-07 -0.1811365
v 0.88606098 0.0112565 -0.1839305
v 0.86334398 4.9984919e-07 -0.2045075
v 0.86334398 4.9984919e-07 -0.2045075
v 0.86334398 4.9984919e-07 -0.2045075
v 0.86922601 0.0052044997 -0.2102695
v 0.86922601 0.0052044997 -0.2102695
v 0.87579301 0.017028499 -0.2135855
v 0.87579301 0.017028499 -0.2135855
v 0.89057103 0.026176499 -0.1857685
v 0.88033202 0.036790501 -0.21299849
v 0.89363798 0.048334502 -0.18548849
v 0.88225701 0.061511502 -0.2112985
v 0.89385203 0.072032496 -0.1840715
v 0.88049701 0.084607497 -0.2091905
v 0.89169404 0.090481497 -0.1825695
v 0.87795898 0.1007445 -0.2073935
v 0.88898298 0.1039375 -0.18105149
v 0.86977902 0.1239155 -0.2026235
v 0.87819299 0.1246415 -0.17603549
v 0.858731 0.1269235 -0.19715449
v 0.86684099 0.1267295 -0.1713585
v 0.84649399 0.1271845 -0.19128449
v 0.85427502 0.1269045 -0.1662925
v 0.83249101 0.12732451 -0.1850045
v 0.83931801 0.1268535 -0.1606195
v 0.81539002 0.1275395 -0.17831549
v 0.82073 0.1268335 -0.15441349
v 0.79201701 0.1279705 -0.17008249
v 0.808548 0.12836251 -0.20168149
v 0.78812298 0.12892251 -0.1935685
v 0.76439503 0.12851851 -0.1862845
v 0.78267202 0.1297165 -0.2174125
v 0.76097199 0.13018049 -0.2097785
v 0.73962799 0.12695549 -0.20406049
v 0.74127403 0.1239935 -0.1819315
v 0.72330299 0.1226835 -0.2015775
v 0.72361103 0.1198505 -0.18095949
v 0.71065602 0.1188345 -0.2006055
v 0.71127 0.1166405 -0.18073049
v 0.70051703 0.1109685 -0.2000445
v 0.70051703 0.1109685 -0.2000445
v 0.70139304 0.1100415 -0.1808075
v 0.70139304 0.1100415 -0.1808075
v 0.69332901 0.1003555 -0.19928549
v 0.69495204 0.1000525 -0.1801745
v 0.66308603 0.079118498 -0.1292415
v 0.66315702 0.091073498 -0.12910549
v 0.64484903 0.077424496 -0.12913249
v 0.64427403 0.0879265 -0.1289455
v 0.62031201 0.075627498 -0.1293765
v 0.61948803 0.084999502 -0.12921649
v 0.618489 0.0939615 -0.1278705
v 0.58942398 0.082303502 -0.13003549
v 0.58829299 0.090945497 -0.12929849
v 0.556227 0.089204498 -0.12885749
v 0.485589 0.091897503 -0.095035493
v 0.48533303 0.091854498 -0.079680495
v 0.48511001 0.091953501 -0.060099497
v 0.47937202 0.0994775 -0.080154493
v 0.47936201 0.099554501 -0.059897497
v 0.47909501 0.099613503 -0.036175497
v 0.26752102 0.1141975 0.1934475
v 0.24810702 0.097610503 0.19521751
v 0.26239502 0.1022645 0.20388751
v 0.24622101 0.0863875 0.2056745
v 0.25857002 0.088813499 0.2127305
v 0.24646601 0.070379503 0.2115275
v 0.25754002 0.0716995 0.2174505
v 0.24845901 0.0497615 0.21311951
v 0.25908801 0.0500555 0.2196255
v 0.249942 0.025882499 0.21450551
v 0.26005501 0.0257245 0.22175251
v 0.267607 0.0255445 0.2320625
v 0.260131 4.9984919e-07 0.2229145
v 0.26821402 4.9984919e-07 0.2333605
v 0.27471301 4.9984919e-07 0.2456675
v 0.84200004 4.9984919e-07 -0.22181049
v 0.84200004 4.9984919e-07 -0.22181049
v 0.84795401 0.0032534997 -0.2315855
v 0.85835001 0.0092174998 -0.23784849
v 0.85835001 0.0092174998 -0.23784849
v 0.852424 0.024386499 -0.26130849
v 0.86651704 0.0278315 -0.23848049
v 0.85556599 0.048627499 -0.2607165
v 0.86955801 0.0529605 -0.23727649
v 0.85554501 0.074136503 -0.25907451
v 0.86877802 0.078544497 -0.2350025
v 0.852213 0.094471499 -0.25630748
v 0.86555502 0.0973875 -0.2324705
v 0.849444 0.1084065 -0.25433651
v 0.846109 0.1202405 -0.2520645
v 0.85874203 0.1221975 -0.2281975
v 0.83770201 0.1269505 -0.2465775
v 0.84896901 0.1270005 -0.2224575
v 0.82687303 0.12835351 -0.2397625
v 0.83730504 0.1276955 -0.2158245
v 0.815074 0.1287435 -0.2328655
v 0.82437602 0.1279905 -0.20893949
v 0.80055001 0.1291635 -0.2254425
v 0.80456802 0.1297055 -0.25625551
v 0.79143801 0.13005351 -0.24895449
v 0.77513298 0.13062949 -0.24098049
v 0.780642 0.13147449 -0.27204651
v 0.76605102 0.1320595 -0.26454249
v 0.74880698 0.1327955 -0.25675648
v 0.75576499 0.13146751 -0.2331015
v 0.731383 0.1318505 -0.25023749
v 0.73609504 0.1294695 -0.2269475
v 0.71752098 0.12900551 -0.24598749
v 0.72136602 0.1259875 -0.2235955
v 0.70490798 0.1240925 -0.2432555
v 0.708617 0.1210825 -0.22174549
v 0.69492903 0.1145705 -0.24218249
v 0.69492903 0.1145705 -0.24218249
v 0.69850102 0.1124785 -0.2208425
v 0.69850102 0.1124785 -0.2208425
v 0.68664303 0.1029605 -0.2413135
v 0.69054899 0.1013345 -0.2202165
v 0.68050602 0.089329503 -0.24067649
v 0.68441501 0.0883765 -0.2195935
v 0.68737701 0.088260502 -0.1982355
v 0.68340299 0.073104501 -0.2203185
v 0.68596801 0.073969498 -0.1979885
v 0.67823103 0.047225501 -0.12931649
v 0.676698 0.065890498 -0.13027249
v 0.66363099 0.046853501 -0.12907749
v 0.66306201 0.065114498 -0.1292295
v 0.64660099 0.0468015 -0.12903449
v 0.64591798 0.064622499 -0.1291295
v 0.62340799 0.046425499 -0.1292055
v 0.62189099 0.063072503 -0.1293325
v 0.59340903 0.045943499 -0.1296255
v 0.59202203 0.061888501 -0.12982249
v 0.59063402 0.073390499 -0.13001649
v 0.56053802 0.060680501 -0.1301665
v 0.55902502 0.071626499 -0.13038449
v 0.55763999 0.080378503 -0.1303485
v 0.52995202 0.069377497 -0.1293745
v 0.528312 0.077986501 -0.1287895
v 0.52658901 0.086063497 -0.12709349
v 0.50446799 0.077924497 -0.12696549
v 0.503939 0.0842935 -0.1246165
v 0.48639601 0.091801502 -0.11465149
v 0.47902602 0.099421501 -0.096254498
v 0.19334601 0.1331725 -0.057153497
v 0.18809901 0.12641551 -0.056581497
v 0.18715701 0.1138665 -0.076360494
v 0.18601902 0.1027855 -0.074644499
v 0.18458901 0.1074005 -0.055338498
v 0.18443801 0.1226505 -0.075946495
v 0.18752602 0.1096555 -0.0936305
v 0.18849701 0.1305175 -0.076574497
v 0.36988601 0.097699501 -0.1447805
v 0.34452301 0.1070035 -0.15522949
v 0.34616402 0.097960502 -0.1615015
v 0.32255 0.1042555 -0.17500649
v 0.30490702 0.1045625 -0.1873595
v 0.29117101 0.1019065 -0.19698049
v 0.18518001 0.1077085 -0.1456255
v 0.16243801 0.1110115 -0.1466005
v 0.18538901 0.093828499 -0.1570475
v 0.16383401 0.0954585 -0.1568885
v 0.18552001 0.074663498 -0.16334149
v 0.16324301 0.077480502 -0.1641375
v 0.13861102 0.0797875 -0.16572249
v 0.162677 0.053655501 -0.16567649
v 0.13969801 0.0549745 -0.16639149
v 0.11716801 0.055264499 -0.1679455
v 0.11514001 0.078833498 -0.1663675
v 0.095430009 0.0555145 -0.17316149
v 0.09356001 0.078236498 -0.16868949
v 0.091729008 0.096016496 -0.16393049
v 0.072402008 0.0795765 -0.17254649
v 0.070838012 0.095758498 -0.1651115
v 0.054521013 0.079625502 -0.1741685
v 0.074163012 0.0556795 -0.17412549
v 0.055372011 0.055760499 -0.1755465
v 0.03650501 0.056480501 -0.17988449
v 0.05471801 0.028763499 -0.17621949
v 0.034639012 0.0293795 -0.1808465
v 0.012486011 0.0297025 -0.1817455
v 0.013613012 0.057782501 -0.18134549
v -0.010605989 0.029265501 -0.1830705
v -0.010885988 0.057637502 -0.1822755
v -0.010522989 0.079169497 -0.1814335
v -0.007634989 0.095226496 -0.1753345
v -0.032306988 0.0544465 -0.1852915
v -0.033999987 0.076616503 -0.1819745
v -0.032567989 0.095308498 -0.1756835
v -0.026578989 0.1097685 -0.1649185
v -0.0032799887 0.1088695 -0.1664395
v -0.04781799 0.074706502 -0.1817075
v -0.04347799 0.0921745 -0.1710265
v -0.04347799 0.0921745 -0.1710265
v -0.041640989 0.1064505 -0.16008049
v -0.051391989 0.093339503 -0.1726265
v -0.051391989 0.093339503 -0.1726265
v -0.048808988 0.1046755 -0.15731549
v -0.048808988 0.1046755 -0.15731549
v -0.04837599 0.1148265 -0.1425475
v -0.04837599 0.1148265 -0.1425475
v 0.014307011 0.1261245 -0.13398549
v 0.026612012 0.1187645 -0.1330265
v 0.021338012 0.1305915 -0.11337949
v 0.028510012 0.1192415 -0.11161549
v 0.030404011 0.1079325 -0.10954449
v 0.030404011 0.1079325 -0.10954449
v 0.030404011 0.1079325 -0.10954449
v 0.029763011 0.1081525 -0.1291285
v 0.029763011 0.1081525 -0.1291285
v 0.034024011 0.1130955 -0.1104405
v 0.034024011 0.1130955 -0.1104405
v 0.033096012 0.1048955 -0.1275795
v 0.033096012 0.1048955 -0.1275795
v 0.033096012 0.1048955 -0.1275795
v 0.039723013 0.1255935 -0.1113545
v 0.03449101 0.1141485 -0.12918049
v 0.044115011 0.1248375 -0.13219149
v 0.17044002 0.1121745 -0.035390496
v 0.17573401 0.1060185 -0.032937497
v 0.17014101 0.1075555 -0.057279497
v 0.17789102 0.1008855 -0.054883495
v 0.17548001 0.098695502 -0.075845495
v 0.18267001 0.098965503 -0.091543496
v 0.17943302 0.0952195 -0.1064085
v 0.18525001 0.1045705 -0.1089275
v 0.179368 0.099357501 -0.1210235
v 0.17555201 0.093263499 -0.1183365
v 0.17586002 0.1111295 -0.015108497
v 0.18017101 0.1131705 -0.015776496
v 0.23094501 0.094401501 0.18896151
v 0.21215801 0.0817855 0.1943205
v 0.23041701 0.083717503 0.20000951
v 0.21391602 0.067704499 0.19801651
v 0.23229001 0.069032498 0.20541951
v 0.21654402 0.0489235 0.19934051
v 0.23488601 0.0498555 0.2076185
v 0.21858801 0.025586501 0.20028551
v 0.23687701 0.0260015 0.2091005
v 0.21915101 4.9984919e-07 0.20104051
v 0.23711701 4.9984919e-07 0.20998651
v 0.25023302 4.9984919e-07 0.2159225
v 0.78534302 4.9984919e-07 -0.2433185
v 0.78534302 4.9984919e-07 -0.2433185
v 0.79736301 4.9984919e-07 -0.24057449
v 0.79736301 4.9984919e-07 -0.24057449
v 0.78705499 0.0014194999 -0.25413948
v 0.80040804 0.0016624999 -0.25245351
v 0.78832099 0.0026464998 -0.26589251
v 0.80203602 0.0030014999 -0.26560849
v 0.78744003 0.0039144997 -0.2795985
v 0.80018398 0.0045745 -0.28334251
v 0.810662 0.0057075 -0.2896595
v 0.79138699 0.0067094998 -0.30687851
v 0.80045202 0.0091464994 -0.3143155
v 0.80714402 0.0160785 -0.32152849
v 0.80714402 0.0160785 -0.32152849
v 0.81990704 0.0100535 -0.2969245
v 0.81990704 0.0100535 -0.2969245
v 0.80958501 0.0274045 -0.3238045
v 0.82422999 0.0215405 -0.30156049
v 0.81077203 0.040206499 -0.3248105
v 0.825932 0.0355235 -0.30287251
v 0.83981803 0.0293715 -0.28167951
v 0.82709303 0.052208498 -0.30364451
v 0.841818 0.049507499 -0.2822465
v 0.82673702 0.072689503 -0.3034445
v 0.84172603 0.072280496 -0.28167748
v 0.82285401 0.0928635 -0.30063549
v 0.83790001 0.0930795 -0.27880049
v 0.82041302 0.1067895 -0.29875949
v 0.83530799 0.1071005 -0.27691549
v 0.83226499 0.1188595 -0.2747145
v 0.811775 0.12717751 -0.29207349
v 0.82516399 0.1274175 -0.26978651
v 0.80266502 0.13054851 -0.28582251
v 0.81518903 0.1294215 -0.2631245
v 0.79253402 0.1310955 -0.27916849
v 0.789314 0.13261551 -0.3086105
v 0.77950802 0.1330695 -0.30208048
v 0.76840201 0.13322049 -0.29526249
v 0.76513001 0.1340875 -0.3248325
v 0.75487599 0.1343165 -0.31797048
v 0.74258903 0.1344495 -0.3104715
v 0.75498304 0.13344251 -0.28783649
v 0.728798 0.1345585 -0.3029415
v 0.739687 0.13366251 -0.28021449
v 0.71501902 0.1346065 -0.29642048
v 0.72417 0.1335485 -0.27346951
v 0.70252201 0.1342255 -0.2912015
v 0.71101502 0.1323085 -0.26849249
v 0.69135204 0.1296695 -0.28718349
v 0.69135204 0.1296695 -0.28718349
v 0.69945803 0.12688451 -0.26510349
v 0.69945803 0.12688451 -0.26510349
v 0.68321499 0.1192785 -0.28516549
v 0.69007501 0.1168895 -0.26347849
v 0.69007501 0.1168895 -0.26347849
v 0.67551604 0.1071335 -0.28354049
v 0.68181804 0.1048695 -0.2624115
v 0.66870502 0.0932585 -0.28211451
v 0.67552504 0.090959497 -0.26142949
v 0.66803101 0.077201501 -0.28266251
v 0.67509702 0.074774496 -0.26201048
v 0.680011 0.073292501 -0.24142149
v 0.67870703 0.0575535 -0.26407349
v 0.68370602 0.0549515 -0.2437945
v 0.68629602 0.055279501 -0.2230065
v 0.68719599 0.035846502 -0.2469715
v 0.69074199 0.033169501 -0.2285195
v 0.67944399 4.9984919e-07 -0.12918949
v 0.67962202 0.0241585 -0.1291835
v 0.66513702 4.9984919e-07 -0.1288455
v 0.66491202 0.0245085 -0.1289335
v 0.64746603 4.9984919e-07 -0.12885849
v 0.64720103 0.024935501 -0.1289255
v 0.62443402 4.9984919e-07 -0.1289935
v 0.62406102 0.0252595 -0.1290835
v 0.59482601 4.9984919e-07 -0.1293855
v 0.59465 0.0252125 -0.12947349
v 0.56374404 4.9984919e-07 -0.1297065
v 0.56344202 0.0247455 -0.1297445
v 0.56220999 0.045054499 -0.12994049
v 0.53363898 0.024139499 -0.1290275
v 0.53279904 0.044214498 -0.1292645
v 0.53148404 0.0592505 -0.12948249
v 0.50722203 0.044306498 -0.12703949
v 0.50631502 0.060028501 -0.12743549
v 0.50548503 0.069985501 -0.1275145
v 0.48625302 0.062237501 -0.1281295
v 0.48517901 0.072662503 -0.1288465
v 0.46913302 0.063651502 -0.1351085
v 0.46932402 0.074871503 -0.1351015
v 0.44612002 0.062709503 -0.1406285
v 0.44685501 0.074064501 -0.1408785
v 0.44597101 0.083143502 -0.1406455
v 0.41850802 0.071567498 -0.1414565
v 0.41806301 0.0805865 -0.1413545
v 0.417045 0.0886475 -0.1382505
v 0.444599 0.0917935 -0.13855749
v 0.44102502 0.096853502 -0.13129349
v 0.39276701 0.090016499 -0.1383315
v 0.39303702 0.0826855 -0.14196549
v 0.37003702 0.089275502 -0.1496955
v 0.39213702 0.073845498 -0.1422355
v 0.36828101 0.079441503 -0.1505255
v 0.34532902 0.086145498 -0.1629865
v 0.365767 0.0677265 -0.14910449
v 0.34266701 0.0721085 -0.1608405
v 0.322478 0.073955499 -0.1748625
v 0.32404101 0.089647502 -0.1772605
v 0.30746102 0.072059497 -0.1879915
v 0.30883402 0.0887945 -0.1910495
v 0.29525301 0.069050498 -0.1989035
v 0.29542002 0.085748501 -0.2011845
v 0.28308901 0.067702502 -0.20608349
v 0.29363501 0.049902499 -0.1948695
v 0.283032 0.048771501 -0.20171049
v 0.27088901 0.048600499 -0.20221549
v 0.26953602 0.067875497 -0.2066455
v 0.20568001 0.073484503 -0.16383649
v 0.20496301 0.092375502 -0.1586325
v 0.20748501 0.050476499 -0.1654125
v 0.18588401 0.0516445 -0.16545349
v 0.20913301 0.025425499 -0.1656435
v 0.18629901 0.025929499 -0.16561949
v 0.163054 0.026726499 -0.1659445
v 0.18638201 4.9984919e-07 -0.16563849
v 0.16313601 4.9984919e-07 -0.16582249
v 0.14041001 4.9984919e-07 -0.1667845
v 0.14041501 0.0273825 -0.16678649
v 0.11839901 4.9984919e-07 -0.16980049
v 0.11816401 0.0277385 -0.1693895
v 0.096868008 4.9984919e-07 -0.17356549
v 0.096590012 0.027997499 -0.17356649
v 0.075246014 4.9984919e-07 -0.1742115
v 0.075144008 0.028281501 -0.1743665
v 0.054370012 4.9984919e-07 -0.1764545
v 0.033996012 4.9984919e-07 -0.1808645
v 0.012331012 4.9984919e-07 -0.1818275
v -0.010461989 4.9984919e-07 -0.18329349
v -0.032079987 4.9984919e-07 -0.18855749
v -0.031869989 0.027795499 -0.18827349
v -0.047721989 4.9984919e-07 -0.1888075
v -0.048061989 0.026693501 -0.18876649
v -0.048516989 0.0525885 -0.1882215
v -0.059626989 0.025742499 -0.18872149
v -0.059677988 0.051648501 -0.18850049
v -0.05766299 0.0746255 -0.18410249
v -0.069641992 0.051004499 -0.1885905
v -0.067047991 0.073473498 -0.1826185
v -0.062875986 0.095308498 -0.17457549
v -0.05654899 0.1111975 -0.16136749
v -0.05654899 0.1111975 -0.16136749
v -0.077704988 0.074748501 -0.1852355
v -0.075551987 0.094790503 -0.17343549
v -0.071091987 0.1119015 -0.1622635
v -0.071091987 0.1119015 -0.1622635
v -0.094603986 0.0966895 -0.1785135
v -0.094603986 0.0966895 -0.1785135
v -0.09397199 0.1137365 -0.1642835
v -0.09397199 0.1137365 -0.1642835
v -0.092902988 0.1260625 -0.1462135
v -0.070216991 0.1227995 -0.1462675
v -0.055842988 0.1217105 -0.14635549
v -0.055842988 0.1217105 -0.14635549
v -0.072822988 0.1268955 -0.1263985
v -0.058016989 0.12970451 -0.1274955
v -0.044581987 0.1269155 -0.12778249
v -0.060947988 0.1333275 -0.1054095
v -0.04164499 0.13280649 -0.1072135
v 0.021457011 0.13311949 -0.091457494
v 0.029213011 0.1288145 -0.068790495
v 0.029647011 0.1222345 -0.089849494
v 0.031277012 0.1185545 -0.067252494
v 0.031277012 0.1185545 -0.067252494
v 0.031288011 0.1090345 -0.088121496
v 0.031288011 0.1090345 -0.088121496
v 0.037618011 0.1285235 -0.066801496
v 0.035686012 0.1224575 -0.089158498
v 0.04647401 0.13250449 -0.0888445
v 0.19293301 0.079281501 0.18929051
v 0.19429901 0.065667503 0.1929335
v 0.19620401 0.047728501 0.1933195
v 0.19757901 0.0249545 0.19371751
v 0.19779901 4.9984919e-07 0.19423251
v -0.070273988 4.9984919e-07 -0.1824365
v -0.05965399 4.9984919e-07 -0.1886075
v -0.084313989 4.9984919e-07 -0.19043849
v -0.083584987 0.0250875 -0.1898745
v -0.070263989 0.0254995 -0.1870255
v -0.10227999 4.9984919e-07 -0.18868549
v -0.10151499 0.025509499 -0.18879649
v -0.081792988 0.050809499 -0.18960249
v -0.096974991 0.075434498 -0.1871855
v -0.15793198 0.096667498 -0.1767045
v -0.12449899 0.096593499 -0.1777395
v -0.189735 0.098482497 -0.17894749
v -0.19186498 0.1150645 -0.1643465
v -0.15897098 0.1135215 -0.1632455
v -0.20964399 0.076466501 -0.18831949
v -0.21414499 0.097565502 -0.1778855
v -0.21414499 0.097565502 -0.1778855
v -0.21660599 0.1139565 -0.16339549
v -0.21660599 0.1139565 -0.16339549
v -0.22651999 0.091110498 -0.1683995
v -0.22652499 0.1043855 -0.15518349
v -0.22652599 0.1153795 -0.1406685
v -0.22652599 0.1153795 -0.1406685
v -0.21566398 0.12553351 -0.14512749
v -0.21566398 0.12553351 -0.14512749
v -0.19203199 0.12684651 -0.1452975
v -0.21367998 0.13195349 -0.12445249
v -0.19063899 0.13313749 -0.1235965
v -0.15872499 0.1322825 -0.1225205
v -0.15930898 0.1255835 -0.1445785
v -0.12280399 0.13216449 -0.1225675
v -0.12466199 0.1257225 -0.1448735
v -0.12515499 0.1135065 -0.1634445
v -0.091880992 0.13157751 -0.1252045
v -0.12378699 0.13365249 -0.1019175
v -0.094916992 0.1337375 -0.1024195
v -0.077073991 0.1311755 -0.1024145
v -0.098545991 0.1343005 -0.086264499
v -0.078914985 0.13359851 -0.085888498
v -0.060690988 0.1337975 -0.087120496
v -0.079424992 0.1334765 -0.073574498
v -0.10010699 0.13406651 -0.074471496
v -0.10076099 0.1289155 -0.063295498
v -0.126904 0.13401151 -0.075158499
v -0.12750798 0.1290575 -0.064175494
v -0.12769799 0.1222305 -0.051109497
v -0.10070399 0.1226525 -0.050719496
v -0.12775299 0.1214965 -0.032872498
v -0.10006799 0.1219645 -0.033386495
v -0.072400987 0.1225205 -0.034621496
v -0.09948799 0.1218815 -0.015273497
v -0.070789985 0.1223565 -0.017711496
v 0.02241601 0.13363349 -0.045757499
v 0.031291012 0.1298355 -0.045582496
v -0.20257699 0.0517965 -0.1905455
v -0.22193299 0.0508455 -0.1890415
v -0.226524 0.0730915 -0.17996649
v -0.23682199 0.097372502 -0.17730549
v -0.255557 0.097634502 -0.1781195
v -0.25711298 0.1144785 -0.1632635
v -0.23568499 0.1140865 -0.16322249
v -0.25977099 0.1261825 -0.1455795
v -0.23810498 0.1264385 -0.14480549
v -0.26595798 0.1327035 -0.12563749
v -0.24205799 0.13288251 -0.1256315
v -0.226524 0.12615749 -0.1234595
v -0.24864899 0.1338385 -0.1041905
v -0.23012699 0.1335405 -0.1037135
v -0.21233799 0.13370951 -0.1032585
v -0.232072 0.13399149 -0.088915497
v -0.21083398 0.1341515 -0.088426493
v -0.18538898 0.13420349 -0.088102497
v -0.18769398 0.1339505 -0.1026075
v -0.15679699 0.1340405 -0.087841496
v -0.15741999 0.13366149 -0.1022675
v -0.12588799 0.1342345 -0.087459497
v -0.15638299 0.13382649 -0.075562499
v -0.18433799 0.1339725 -0.075776495
v -0.18360999 0.1293565 -0.064574495
v -0.15603898 0.12896051 -0.064458497
v -0.183112 0.1219585 -0.051602498
v -0.15577099 0.1221515 -0.051135495
v -0.18278499 0.1211365 -0.032696497
v -0.15553099 0.1211945 -0.032447498
v -0.18269499 0.1211275 -0.013952496
v -0.15550698 0.1211475 -0.014110497
v -0.12796499 0.1214745 -0.014513497
v -0.15565899 0.1219555 0.0022225033
v -0.12839898 0.1221095 0.0020235032
v -0.10035899 0.1220255 0.0015065032
v -0.12873299 0.1278915 0.015134504
v -0.10184999 0.1278635 0.014841503
v -0.076263987 0.12734149 0.014465503
v -0.072634988 0.1220335 -0.0001304968
v -0.28173098 0.097366497 -0.1788265
v -0.31195098 0.0961385 -0.17728549
v -0.31697097 0.1127665 -0.1639365
v -0.28551099 0.1138675 -0.16391049
v -0.33765098 0.0950495 -0.1753885
v -0.34248298 0.1111345 -0.1640335
v -0.345873 0.1226525 -0.14687949
v -0.32380399 0.1250665 -0.1459565
v -0.35563698 0.1052985 -0.16088849
v -0.35657299 0.1154595 -0.14437149
v -0.36792299 0.1060625 -0.1622265
v -0.38982198 0.093287498 -0.1743165
v -0.38544899 0.1077145 -0.1642935
v -0.41527298 0.092933498 -0.1724565
v -0.41104999 0.1068165 -0.1621995
v -0.408373 0.1179445 -0.1501755
v -0.406654 0.1260515 -0.13536149
v -0.43372798 0.1055945 -0.1605525
v -0.43181199 0.1151715 -0.1498165
v -0.43007699 0.1225795 -0.1365625
v -0.428231 0.12746049 -0.12120049
v -0.405155 0.13137449 -0.1207445
v -0.447624 0.1152655 -0.15084949
v -0.44584599 0.1226875 -0.13888949
v -0.444336 0.1281285 -0.12396049
v -0.44398499 0.1327105 -0.10664649
v -0.42806798 0.1318195 -0.1047615
v -0.45655599 0.1216465 -0.13984349
v -0.455219 0.12771951 -0.1256025
v -0.45556298 0.1328675 -0.10884149
v -0.458112 0.1334085 -0.089932494
v -0.445788 0.1333285 -0.088762499
v -0.46432698 0.1258425 -0.1261275
v -0.465765 0.13024449 -0.11051349
v -0.47034499 0.13287251 -0.091020495
v -0.471984 0.13288251 -0.074281499
v -0.46011299 0.1335355 -0.0736515
v -0.471259 0.1234785 -0.1096765
v -0.48166499 0.1024455 -0.10451049
v -0.484927 0.1092225 -0.0876645
v -0.48622698 0.1087685 -0.1070335
v -0.486734 0.1167795 -0.089470498
v -0.48666799 0.1201565 -0.075902499
v -0.48793599 0.1171715 -0.1101565
v -0.48793599 0.1244175 -0.0915685
v -0.48732299 0.1266275 -0.072758496
v -0.49271098 0.1251705 -0.1129905
v -0.49271098 0.1251705 -0.1129905
v -0.493166 0.1317015 -0.092959493
v -0.493166 0.1317015 -0.092959493
v -0.49334499 0.1327405 -0.072692499
v -0.49334499 0.1327405 -0.072692499
v -0.50277999 0.13308451 -0.093208499
v -0.50324896 0.1332515 -0.072710499
v -0.51296696 0.13312849 -0.0940715
v -0.48183799 0.1338795 0.0009555032
v -0.47717798 0.1336575 -0.013721497
v -0.455064 0.13431551 0.0011655032
v -0.453253 0.13414051 -0.015223497
v -0.45056099 0.1339695 -0.030923497
v -0.44894299 0.1338255 -0.044974498
v -0.433642 0.1338415 -0.016756497
v -0.43375099 0.13367949 -0.032760497
v -0.433348 0.1335375 -0.046344496
v -0.43241698 0.13348851 -0.059055496
v -0.44802397 0.13369051 -0.058478497
v -0.419467 0.1315985 -0.034681495
v -0.419072 0.1318875 -0.048119497
v -0.415602 0.1329565 -0.060441498
v -0.41272098 0.1335315 -0.073537499
v -0.43118 0.1334015 -0.072518498
v -0.39710298 0.12575351 -0.052976497
v -0.39324099 0.1328015 -0.063421495
v -0.389828 0.1341275 -0.076715499
v -0.40912399 0.1335095 -0.088790499
v -0.36722299 0.13272651 -0.0661605
v -0.36515698 0.1339985 -0.078937493
v -0.34006998 0.1324745 -0.066190496
v -0.339863 0.1344275 -0.078820497
v -0.33914098 0.1340865 -0.091427498
v -0.337468 0.1335455 -0.1064555
v -0.310532 0.1341475 -0.078305498
v -0.309165 0.1338385 -0.090232499
v -0.30602798 0.13346951 -0.1045125
v -0.29856798 0.1318195 -0.1244415
v -0.33095998 0.1312985 -0.1255265
v -0.278869 0.1342365 -0.089296497
v -0.27396998 0.1338475 -0.10433149
v -0.253189 0.1342645 -0.089265496
v -0.28123498 0.13411149 -0.077507496
v -0.25566599 0.1343805 -0.076856494
v -0.23302799 0.1340725 -0.076491497
v -0.257276 0.13055751 -0.065574497
v -0.23355699 0.12994251 -0.065194495
v -0.20951898 0.1296365 -0.064872496
v -0.20997798 0.1341285 -0.076134495
v -0.23403299 0.1224125 -0.053493496
v -0.209236 0.1223385 -0.052418496
v -0.23455898 0.1211685 -0.035356496
v -0.209135 0.1211625 -0.033779498
v -0.23529099 0.1210945 -0.015146497
v -0.20933598 0.1210955 -0.014220497
v -0.23618799 0.1218265 0.0030035032
v -0.20971599 0.1219145 0.0028545032
v -0.18281899 0.1217695 0.0025125032
v -0.21011598 0.1280335 0.016192503
v -0.18297899 0.1277595 0.015646502
v -0.15575799 0.1276885 0.015309503
v -0.18309098 0.1341835 0.027384503
v -0.15568499 0.13418651 0.026943503
v -0.12877199 0.13426749 0.026735503
v -0.15553299 0.1350355 0.040448502
v -0.12873699 0.1349795 0.040118504
v -0.34555799 0.026198501 -0.18872949
v -0.344769 0.0517365 -0.18838349
v -0.36276999 0.0529605 -0.1829875
v -0.43663499 0.093117498 -0.1693445
v -0.45019698 0.1057645 -0.16078049
v -0.45809898 0.1146395 -0.1506635
v -0.466086 0.1133935 -0.14866249
v -0.46495 0.1197295 -0.1390795
v -0.471176 0.1199755 -0.12473249
v -0.48020998 0.0991465 -0.11750349
v -0.484815 0.096851498 -0.12800249
v -0.48557198 0.1023945 -0.1189855
v -0.48546898 0.1042795 -0.1308925
v -0.48671898 0.1101585 -0.1221895
v -0.485486 0.1123295 -0.1330515
v -0.48961499 0.1176325 -0.1253535
v -0.48961499 0.1176325 -0.1253535
v -0.48988998 0.1183485 -0.1367645
v -0.496636 0.1226105 -0.12873049
v -0.50140896 0.1288435 -0.1146315
v -0.51135799 0.1288535 -0.1152125
v -0.52293798 0.1280625 -0.1155625
v -0.52356401 0.13302051 -0.0950865
v -0.54282001 0.1289815 -0.075149499
v -0.54480901 0.1292475 -0.055826496
v -0.54601297 0.1292315 -0.041171499
v -0.54442999 0.13290749 -0.029785497
v -0.54792598 0.1308815 -0.019328497
v -0.55008897 0.12747949 -0.011236497
v -0.54939499 0.13072149 -0.011538497
v -0.55301598 0.12737051 -0.0046734968
v -0.55301598 0.12737051 -0.0046734968
v -0.55304798 0.1245285 -0.0056434968
v -0.55304798 0.1245285 -0.0056434968
v -0.55652496 0.1244565 -0.0065594967
v -0.55764499 0.12741449 -0.0069004968
v -0.55982599 0.12745249 -0.016088497
v -0.56184098 0.13190649 -0.017059498
v -0.613718 0.1195455 -0.023504497
v -0.619553 0.1276015 -0.0077934968
v -0.63132998 0.1330405 -0.029314497
v -0.63139501 0.1330325 -0.010587497
v -0.62834796 0.1334165 0.0081385029
v -0.60735998 0.1333085 0.0083315028
v -0.601863 0.1339125 0.027429502
v -0.57449701 0.13396449 0.027405502
v -0.62567601 0.1339085 0.028373504
v -0.648366 0.13357949 0.0084765032
v -0.647333 0.13411149 0.029741503
v -0.645641 0.1342995 0.051419504
v -0.62275597 0.1341325 0.049309503
v -0.59826902 0.13414951 0.048025504
v -0.61953399 0.1338595 0.070951506
v -0.59515896 0.13385449 0.069420502
v -0.56952801 0.1338615 0.068923503
v -0.57171401 0.1342335 0.047781505
v -0.543861 0.1338485 0.069750503
v -0.54556397 0.1343085 0.049198505
v -0.54738101 0.1341325 0.029286504
v -0.517571 0.13438649 0.051577505
v -0.51784196 0.1343385 0.032811504
v -0.51640901 0.1341465 0.015788503
v -0.48621899 0.1343995 0.035178505
v -0.48443699 0.13399149 0.017357504
v -0.457663 0.1345205 0.036512502
v -0.45582297 0.1342915 0.018510504
v -0.43493199 0.1345915 0.037052505
v -0.43360299 0.1340815 0.019023504
v -0.433323 0.13398451 0.0011945032
v -0.41529799 0.1331825 0.019141503
v -0.41753697 0.1328295 0.00076350325
v -0.419112 0.1316625 -0.018070497
v -0.39814198 0.1223655 0.00014350319
v -0.39964598 0.1217305 -0.020076497
v -0.39897498 0.1220485 -0.037816498
v -0.37009197 0.1211855 -0.022380497
v -0.369317 0.1215785 -0.040386498
v -0.36815998 0.1243815 -0.055092499
v -0.34083998 0.1213685 -0.040968496
v -0.34045899 0.1241235 -0.055888496
v -0.31311297 0.1213615 -0.040257499
v -0.31224698 0.1236715 -0.055861495
v -0.31132498 0.1316485 -0.066269495
v -0.28449199 0.1235885 -0.055600498
v -0.28294298 0.1312205 -0.066035494
v -0.25860298 0.1229755 -0.054544497
v -0.28600699 0.1213035 -0.038811497
v -0.259875 0.1211755 -0.037124496
v -0.28740898 0.1209255 -0.018494496
v -0.26115298 0.1210115 -0.016580496
v -0.28865799 0.1218595 0.0023755033
v -0.26241398 0.1219335 0.0027085033
v -0.28975898 0.1290715 0.018850503
v -0.26348799 0.1288425 0.017690504
v -0.23702499 0.1282555 0.017012503
v -0.26459399 0.13451549 0.031934503
v -0.23778999 0.1345235 0.029895503
v -0.21054699 0.13432451 0.028257504
v -0.23866498 0.1347045 0.044307504
v -0.21101099 0.1348525 0.042062502
v -0.18319499 0.13493051 0.040913504
v -0.211413 0.1343735 0.057475504
v -0.18324299 0.1344845 0.055747502
v -0.15549099 0.1345395 0.055341505
v -0.18318899 0.13195451 0.075588502
v -0.15587099 0.13255849 0.076041505
v -0.12934698 0.1330135 0.078340501
v -0.34627599 4.9984919e-07 -0.1888195
v -0.363141 4.9984919e-07 -0.1863125
v -0.363024 0.026709501 -0.1855555
v -0.381118 4.9984919e-07 -0.1841605
v -0.38046297 0.0267665 -0.1839305
v -0.40006599 4.9984919e-07 -0.1821845
v -0.39946499 0.026864501 -0.18221749
v -0.53466299 0.080808498 -0.1629055
v -0.53339496 0.098504499 -0.15475349
v -0.53339496 0.098504499 -0.15475349
v -0.53279898 0.1118975 -0.1438915
v -0.559333 0.080234498 -0.16150349
v -0.55816397 0.098002501 -0.1532145
v -0.55816397 0.098002501 -0.1532145
v -0.55631396 0.1100125 -0.1418855
v -0.58110198 0.099171497 -0.1498225
v -0.57884797 0.1121695 -0.1383905
v -0.57808802 0.1213755 -0.12480149
v -0.60106596 0.1134095 -0.13096349
v -0.62242201 0.1166055 -0.12691949
v -0.64261898 0.1330715 -0.049366497
v -0.66587499 0.1316305 -0.031572497
v -0.64703801 0.1331135 -0.030459497
v -0.66718397 0.13164949 -0.010936497
v -0.64854202 0.1332175 -0.011367497
v -0.66875902 0.13355049 0.0093985032
v -0.68770102 0.1332705 -0.011382497
v -0.69014397 0.1340145 0.010678504
v -0.69275901 0.13470151 0.035443503
v -0.66977397 0.1343925 0.032135502
v -0.693284 0.1347035 0.060272504
v -0.66898498 0.1344945 0.055013504
v -0.69123998 0.1341875 0.084116504
v -0.66656598 0.1340725 0.077681504
v -0.64290401 0.1339125 0.073696502
v -0.66252097 0.13247851 0.099707507
v -0.63890299 0.1315105 0.095903501
v -0.61576697 0.1299765 0.092572503
v -0.63468 0.1215305 0.11591151
v -0.611819 0.1208865 0.1130975
v -0.588707 0.1199345 0.11077251
v -0.59193298 0.1294415 0.0908015
v -0.56503901 0.1196725 0.1096995
v -0.567247 0.12856451 0.0897725
v -0.54078302 0.1194605 0.1097855
v -0.54206398 0.12831651 0.090063505
v -0.51611897 0.1180805 0.1101735
v -0.51602301 0.12722249 0.0905535
v -0.51667598 0.13365149 0.071131505
v -0.48983797 0.12683649 0.091780506
v -0.48861498 0.1332725 0.072547503
v -0.487562 0.13454349 0.053522505
v -0.46217698 0.1331905 0.074095502
v -0.46002799 0.13444149 0.054796502
v -0.43790099 0.13296551 0.075801507
v -0.43620798 0.13447049 0.055780504
v -0.414684 0.1321965 0.077947505
v -0.41409799 0.1344215 0.057052504
v -0.41457498 0.1344845 0.037273504
v -0.39133897 0.1343565 0.059184503
v -0.39182198 0.13453449 0.038808502
v -0.394631 0.1288745 0.020116502
v -0.36684999 0.1346795 0.040790502
v -0.368101 0.1286575 0.020453503
v -0.36947998 0.1218005 -0.00017949683
v -0.34153798 0.12918849 0.020612502
v -0.34140199 0.1217775 0.00055350317
v -0.34118298 0.1207915 -0.022373497
v -0.31490397 0.1219225 0.0014995032
v -0.31408 0.1208575 -0.020700498
v -0.31563699 0.1290395 0.020248502
v -0.3414 0.1347325 0.040307503
v -0.316239 0.1346205 0.037813503
v -0.290811 0.1345745 0.034459502
v -0.31690699 0.1342105 0.056914505
v -0.291881 0.13447849 0.051704504
v -0.26583698 0.13462549 0.047557503
v -0.29336298 0.1332335 0.071424507
v -0.26712099 0.1337515 0.065745503
v -0.23957999 0.1341155 0.060904503
v -0.267286 0.1286395 0.089147501
v -0.23935799 0.1297335 0.0824655
v -0.21119998 0.1311665 0.0778585
v -0.23699799 0.1195825 0.1054755
v -0.21012099 0.1205495 0.1002295
v -0.18326899 0.1213815 0.098939501
v -0.20848998 0.1106125 0.1241865
v -0.18318799 0.1107145 0.1221985
v -0.15825899 0.1117165 0.1241505
v -0.15680499 0.1229595 0.1002965
v -0.54044899 4.9984919e-07 -0.16736449
v -0.53960899 0.028545501 -0.16697049
v -0.56200597 4.9984919e-07 -0.16661049
v -0.56154796 0.028259499 -0.1664625
v -0.56047496 0.056153499 -0.16602449
v -0.60352597 0.099118501 -0.1446635
v -0.78830901 0.084641501 -0.096841499
v -0.81534401 0.058284499 -0.098948494
v -0.81155697 0.085593499 -0.087860495
v -0.81155697 0.085593499 -0.087860495
v -0.80524996 0.1077315 -0.071031496
v -0.80524996 0.1077315 -0.071031496
v -0.79819897 0.1224195 -0.051313497
v -0.83487299 0.0865485 -0.078030497
v -0.83487299 0.0865485 -0.078030497
v -0.828832 0.1082315 -0.061105497
v -0.82220897 0.1224545 -0.041797496
v -0.81861499 0.12893949 -0.024776496
v -0.79421499 0.1295775 -0.031911496
v -0.85194197 0.1095755 -0.050779495
v -0.84519497 0.1226685 -0.031922497
v -0.84159496 0.1283305 -0.017625498
v -0.84016201 0.1307545 -0.007538497
v -0.817929 0.1320385 -0.011628496
v -0.86616096 0.1235765 -0.021251496
v -0.86214498 0.12794051 -0.0099444967
v -0.85932997 0.1299715 -0.0012024968
v -0.85666999 0.1316645 0.0077045029
v -0.83934596 0.13297351 0.0022745032
v -0.87948796 0.12862951 3.6503188e-05
v -0.87451801 0.13068651 0.007809503
v -0.86994997 0.1309725 0.014579503
v -0.865877 0.12859049 0.021119503
v -0.85409597 0.1295805 0.015937503
v -0.88630399 0.1316575 0.018825503
v -0.88018999 0.1314535 0.024172504
v -0.87477401 0.1282015 0.028742503
v -0.86322799 0.1221095 0.026356503
v -0.88698897 0.1326365 0.037232503
v -0.87990502 0.1287185 0.040259503
v -0.88136098 0.12954751 0.058278505
v -0.86978498 0.1011875 0.048820503
v -0.86674097 0.099842496 0.039101504
v -0.85872999 0.099760503 0.033910502
v -0.857191 0.084669501 0.038431503
v -0.84756401 0.085217498 0.037245505
v -0.848703 0.1005605 0.031809501
v -0.86467597 0.085082501 0.043491501
v -0.86791196 0.086420499 0.052822504
v -0.86734298 0.067948498 0.055878501
v -0.86390701 0.067036502 0.046546504
v -0.85696498 0.0666475 0.040566504
v -0.85712001 0.046593498 0.041017503
v -0.84768596 0.046506498 0.039945502
v -0.84746197 0.066714503 0.039580502
v -0.86373398 0.046760499 0.047356505
v -0.86735299 0.047142498 0.056955501
v -0.867318 0.0243835 0.056847502
v -0.86362997 0.0243275 0.047313504
v -0.85709998 0.0243195 0.040906504
v -0.85688099 4.9984919e-07 0.040649503
v -0.84818199 4.9984919e-07 0.039827503
v -0.84799996 0.024347499 0.039993502
v -0.86355999 4.9984919e-07 0.047242504
v -0.86723498 4.9984919e-07 0.056544505
v -0.367746 0.077198498 0.2208095
v -0.38566798 0.079515502 0.2093945
v -0.35003498 0.075183503 0.22985451
v -0.36362398 0.083326496 0.21129151
v -0.33026099 0.0729075 0.2316705
v -0.307506 0.074925497 0.2262795
v -0.28558198 0.078557499 0.2122665
v -0.28953198 0.084717497 0.2032785
v -0.29506999 0.091255501 0.19065051
v -0.26497099 0.081552498 0.1974415
v -0.26848799 0.0879905 0.18734251
v -0.27353498 0.0954445 0.1729275
v -0.24772799 0.089459501 0.17567651
v -0.252029 0.097285502 0.1599105
v -0.25828198 0.1085415 0.13771251
v -0.26452598 0.1192225 0.1126995
v -0.22952099 0.098747499 0.15206151
v -0.23373298 0.1097385 0.12861951
v -0.20666899 0.099323496 0.1467485
v -0.22651899 0.090593502 0.1681245
v -0.20526598 0.090754502 0.16361651
v -0.18403299 0.091092497 0.16265151
v -0.18351099 0.099660501 0.14516351
v -0.204276 0.0846745 0.17550451
v -0.79350397 4.9984919e-07 -0.1144365
v -0.793192 0.0285355 -0.1128635
v -0.81731001 4.9984919e-07 -0.1060645
v -0.81678799 0.0291565 -0.1043235
v -0.84081599 4.9984919e-07 -0.097536497
v -0.84014598 0.0297905 -0.095446497
v -0.83860001 0.0593125 -0.089651495
v -0.86319301 0.0303785 -0.086489499
v -0.86185697 0.060285501 -0.080434494
v -0.85801801 0.087546498 -0.0678325
v -0.85801801 0.087546498 -0.0678325
v -0.88469598 0.060852502 -0.0710705
v -0.88079897 0.088613503 -0.057810497
v -0.88079897 0.088613503 -0.057810497
v -0.87385902 0.1111005 -0.039953496
v -0.90134302 0.089369498 -0.049151495
v -0.90134302 0.089369498 -0.049151495
v -0.89434096 0.1129745 -0.028885497
v -0.88497797 0.1252275 -0.0094684968
v -0.91740397 0.088985503 -0.042658497
v -0.91740397 0.088985503 -0.042658497
v -0.90537098 0.0606745 -0.062948495
v -0.91981998 0.059540499 -0.057232495
v -0.93172202 0.057512499 -0.051779497
v -0.93095598 0.086886503 -0.036995497
v -0.93095598 0.086886503 -0.036995497
v -0.94010499 0.053366501 -0.042580497
v -0.94084397 0.080611497 -0.029190497
v -0.93987301 0.1048775 -0.0061484966
v -0.93987301 0.1048775 -0.0061484966
v -0.94560102 0.072139502 -0.019093497
v -0.94620898 0.092599496 0.0012135032
v -0.94565699 0.1048055 0.028256504
v -0.947503 0.088576503 0.032348502
v -0.94771096 0.092681497 0.058328502
v -0.94547501 0.1084955 0.056383502
v -0.94547501 0.1084955 0.056383502
v -0.94793698 0.094182499 0.084869504
v -0.94565502 0.1096745 0.083791502
v -0.94565502 0.1096745 0.083791502
v -0.93621501 0.1218635 0.083064504
v -0.945609 0.1100745 0.1104065
v -0.945609 0.1100745 0.1104065
v -0.93650296 0.1219775 0.1098875
v -0.92386898 0.1295165 0.1095795
v -0.92306098 0.1295715 0.082691506
v -0.91120496 0.1333075 0.1094235
v -0.91067097 0.1332515 0.082525507
v -0.89981499 0.1340775 0.1093005
v -0.89972499 0.13401049 0.082470506
v -0.898922 0.1338605 0.056281503
v -0.894362 0.1330715 0.033291504
v -0.88970998 0.1334175 0.082420506
v -0.88972601 0.13322151 0.057347503
v -0.88118097 0.12945551 0.082330503
v -0.88948897 0.1333745 0.1091625
v -0.88082299 0.12936451 0.1090055
v -0.93908802 4.9984919e-07 -0.048534498
v -0.93193302 4.9984919e-07 -0.059410498
v -0.94248101 4.9984919e-07 -0.036004499
v -0.94285896 0.024214501 -0.034972496
v -0.93942097 0.026268499 -0.048259497
v -0.94573101 4.9984919e-07 -0.021269497
v -0.94588897 0.021890501 -0.019716498
v -0.94396201 0.048515499 -0.030235497
v -0.94724897 0.0191135 0.0016175031
v -0.947629 0.019411501 0.025062503
v -0.94780698 0.0218865 0.046721503
v -0.94783601 0.044233501 0.043849502
v -0.94794998 0.0242645 0.068634503
v -0.947974 0.048885498 0.065637507
v -0.94794998 0.0725355 0.061592504
v -0.94777998 0.067511499 0.038522504
v -0.94810298 0.051490501 0.089280501
v -0.948118 0.0749835 0.086682506
v -0.94818297 0.0527655 0.1138625
v -0.94821802 0.076008499 0.1122105
v -0.94792101 0.094894499 0.1110825
v -0.94822398 0.076532498 0.1378295
v -0.94804296 0.095340498 0.1370005
v -0.94561496 0.1104735 0.1364525
v -0.94561496 0.1104735 0.1364525
v -0.94808999 0.095871501 0.1626755
v -0.945492 0.1107925 0.1621065
v -0.945492 0.1107925 0.1621065
v -0.93649802 0.1223975 0.1616895
v -0.936519 0.1221855 0.1360635
v -0.92380098 0.1299935 0.16142051
v -0.92394099 0.12973849 0.1358645
v -0.91071799 0.1336375 0.1611575
v -0.91107401 0.1335395 0.13578251
v -0.899084 0.1342725 0.1606655
v -0.89961699 0.1341885 0.1357425
v -0.88787201 0.1332355 0.1598915
v -0.88910696 0.1332975 0.13570051
v -0.87882498 0.1284015 0.1590115
v -0.88026598 0.1290455 0.1355875
v -0.82795599 4.9984919e-07 0.039810505
v -0.82795599 4.9984919e-07 0.039810505
v -0.83836702 4.9984919e-07 0.039664503
v -0.82784298 0.0243765 0.039816502
v -0.82784298 0.0243765 0.039816502
v -0.83821598 0.0243835 0.039699502
v -0.82765296 0.0465695 0.039798502
v -0.82765296 0.0465695 0.039798502
v -0.83780798 0.046474501 0.039638504
v -0.82755998 0.067004502 0.039387502
v -0.82755998 0.067004502 0.039387502
v -0.83748201 0.066859499 0.039275505
v -0.82740298 0.085691497 0.036564503
v -0.82740298 0.085691497 0.036564503
v -0.83738896 0.085648499 0.036645502
v -0.82686397 0.1016445 0.030319503
v -0.82686397 0.1016445 0.030319503
v -0.83775398 0.1012395 0.030559503
v -0.82377997 0.1272735 0.019299503
v -0.838429 0.1255495 0.019822503
v -0.852007 0.1234715 0.022692503
v -0.838954 0.1319235 0.012091503
v -0.821399 0.13330249 0.010229503
v -0.81904897 0.13386349 -0.0004664968
v -0.81153998 0.1285755 0.022840504
v -0.80287001 0.1288055 0.029988503
v -0.79784498 0.12806851 0.042805504
v -0.79466 0.1263015 0.059484504
v -0.787164 0.1327305 0.057930503
v -0.79313698 0.1245345 0.080172502
v -0.78637096 0.1312145 0.079616502
v -0.77749297 0.1342265 0.078862503
v -0.77734199 0.1345005 0.055587504
v -0.76815501 0.1350425 0.077923506
v -0.76765898 0.13494051 0.053230502
v -0.75659397 0.13516051 0.076476507
v -0.754289 0.13504051 0.049721502
v -0.75043002 0.1348855 0.023434503
v -0.74267396 0.1344855 -0.0006404968
v -0.73691598 0.13506649 0.045128502
v -0.73287001 0.13503949 0.018511504
v -0.72486898 0.1343555 -0.0057244967
v -0.71485099 0.13244151 -0.028571498
v -0.73371497 0.1336575 -0.024316497
v -0.71274099 0.1346605 0.013839503
v -0.70860597 0.13329449 -0.0089554964
v -0.715758 0.1350705 0.039865505
v -0.73979601 0.1350235 0.072909504
v -0.71776602 0.1348855 0.066843502
v -0.71707097 0.1245765 -0.047461499
v -0.714865 0.1198515 -0.059585497
v -0.76969197 0.1349535 0.1036915
v -0.77914801 0.1339765 0.1038175
v -0.78344896 0.1334725 0.1298555
v -0.77390102 0.1347695 0.1299205
v -0.79172799 0.1328665 0.1567975
v -0.78337201 0.1343095 0.1588605
v -0.80260798 0.1320215 0.1799355
v -0.79664698 0.13374449 0.1831675
v -0.79071298 0.1342545 0.1870425
v -0.81336001 0.1331065 0.20108551
v -0.80892 0.1341535 0.2059775
v -0.80349401 0.1339865 0.2118215
v -0.78412601 0.1340455 0.1918755
v -0.79702798 0.1316395 0.2186075
v -0.77618399 0.1315245 0.19871551
v -0.78878596 0.12570751 0.22681351
v -0.76702496 0.1250695 0.20673651
v -0.74475697 0.1228325 0.1860725
v -0.75447097 0.1136895 0.2190585
v -0.73333701 0.1097235 0.20104051
v -0.71105799 0.1076165 0.1868715
v -0.72137001 0.1186445 0.1685835
v -0.68889502 0.1045325 0.1754245
v -0.69693998 0.1159145 0.1557575
v -0.667263 0.1029835 0.1669655
v -0.67421499 0.1130645 0.1465895
v -0.68085697 0.1230675 0.12612951
v -0.68670699 0.1325155 0.1058275
v -0.65180698 0.1123535 0.1406025
v -0.657437 0.1225185 0.12025151
v -0.62985399 0.1117765 0.13603351
v -0.64618 0.1024495 0.1599565
v -0.62530699 0.1023005 0.1546905
v -0.604224 0.1020455 0.1509635
v -0.60788098 0.1111945 0.1326575
v -0.582917 0.1014385 0.14876351
v -0.585673 0.1108125 0.1304525
v -0.56154302 0.1003775 0.1473245
v -0.56312898 0.1105985 0.1294065
v -0.54015097 0.099285498 0.1465535
v -0.54020199 0.1099865 0.1293925
v -0.51822701 0.098233499 0.1472425
v -0.51692501 0.1083975 0.1298535
v -0.49646097 0.097271502 0.1485765
v -0.49386498 0.1072165 0.13075951
v -0.49151599 0.1176285 0.1111195
v -0.47143099 0.1049985 0.1319135
v -0.46754199 0.1161205 0.1123965
v -0.46455598 0.1259755 0.093287505
v -0.44447699 0.1156525 0.1152435
v -0.44047299 0.12537649 0.095555507
v -0.42150497 0.1151495 0.11875951
v -0.417099 0.1246445 0.0986325
v -0.397742 0.1150585 0.1223075
v -0.393354 0.1245085 0.1021265
v -0.39117798 0.1309125 0.080192506
v -0.368404 0.1249585 0.1040045
v -0.36653799 0.13064051 0.082114503
v -0.36621398 0.1340905 0.061885506
v -0.34195799 0.13198151 0.081825502
v -0.34132197 0.1342095 0.061325502
v -0.31794998 0.13193551 0.077545501
v -0.37296498 0.1163105 0.1259975
v -0.40479299 0.1052445 0.1444415
v -0.38178498 0.1056785 0.1504965
v -0.412799 0.0959545 0.1656715
v -0.39245299 0.095035501 0.17385951
v -0.37331 0.093686499 0.1844845
v -0.39917397 0.087395497 0.1886525
v -0.38093898 0.0862865 0.19915651
v -0.35585499 0.090142503 0.19669551
v -0.40383399 0.080560498 0.1992345
v -0.41841599 0.087942503 0.18016951
v -0.42258599 0.081141502 0.19098151
v -0.44150099 0.081525497 0.18395351
v -0.94789401 4.9984919e-07 0.069680505
v -0.94803402 4.9984919e-07 0.092435502
v -0.94806698 0.025826501 0.091596507
v -0.94807199 4.9984919e-07 0.11616851
v -0.55963799 0.083330497 0.1702985
v -0.57942501 0.083857499 0.17298651
v -0.53965601 0.0837975 0.1698225
v -0.54001001 0.091065496 0.1598065
v -0.56044897 0.091148503 0.1607375
v -0.51974598 0.083372504 0.16921251
v -0.519245 0.091018498 0.1596415
v -0.50006899 0.082528502 0.17024951
v -0.49857098 0.090072498 0.1610025
v -0.48036 0.082484499 0.17425551
v -0.47804299 0.089298502 0.1638115
v -0.475274 0.0962075 0.1509535
v -0.45801398 0.089296497 0.16799051
v -0.45439598 0.0962075 0.15479051
v -0.44933698 0.1059105 0.1355515
v -0.433505 0.096206501 0.1593045
v -0.427113 0.1052365 0.13937651
v -0.43812799 0.088554502 0.17329751
v -0.46083599 0.081687503 0.17825951
v -0.580915 0.091850497 0.1623345
v -0.601423 0.092812501 0.1653965
v -0.59947297 0.084188499 0.17620251
v -0.62181202 0.093051501 0.1691885
v -0.61933997 0.084249496 0.1802855
v -0.63894197 0.084943503 0.18571851
v -0.69603798 0.0242035 0.22287251
v -0.69609299 4.9984919e-07 0.22294651
v -0.71351698 0.0247315 0.2362285
v -0.71345702 4.9984919e-07 0.23644251
v -0.72969499 4.9984919e-07 0.25124949
v -0.94800797 4.9984919e-07 0.1914545
v -0.94805899 4.9984919e-07 0.16580351
v -0.94808397 4.9984919e-07 0.1407775
v -0.94813797 0.027337499 0.1652925
v -0.94815597 0.0271075 0.1401065
v -0.94813702 0.026665499 0.1154545
v -0.94820997 0.053365499 0.1389645
v -0.94818899 0.0536725 0.1644035
v -0.948226 0.077021502 0.1634575
v -0.94814196 0.0539455 0.1901575
v -0.94816497 0.0776565 0.18918051
v -0.94788101 0.096401498 0.18830751
v -0.94809297 0.078305498 0.2151635
v -0.947822 0.096980497 0.2140325
v -0.94558099 0.1114285 0.2130335
v -0.94558099 0.1114285 0.2130335
v -0.945564 0.1111345 0.18759151
v -0.945564 0.1111345 0.18759151
v -0.93666801 0.1228165 0.2121505
v -0.93661496 0.1226275 0.1870185
v -0.92371801 0.1302685 0.21139251
v -0.92367998 0.13007151 0.1865855
v -0.90897599 0.1340425 0.2101485
v -0.91003099 0.1338425 0.1857675
v -0.92378297 0.1303785 0.2357675
v -0.908672 0.1341655 0.23387751
v -0.92337301 0.1306365 0.26037452
v -0.908205 0.13433249 0.25700951
v -0.891332 0.13491251 0.25085449
v -0.90612701 0.1344275 0.28170851
v -0.88772896 0.1350475 0.27227852
v -0.86729899 0.1349525 0.25741449
v -0.87151197 0.13465451 0.24088751
v -0.84704801 0.13481849 0.24246651
v -0.85189602 0.1344745 0.23095651
v -0.825192 0.1344285 0.22764951
v -0.82958999 0.13442349 0.2208925
v -0.83330098 0.1334305 0.2128215
v -0.83549997 0.1293705 0.20558751
v -0.81714597 0.1302215 0.1964585
v -0.83686098 0.1232005 0.2003845
v -0.80755398 0.1268355 0.17746051
v -0.79850999 0.12853549 0.1554665
v -0.79146996 0.12934449 0.12970251
v -0.79712799 0.1222765 0.1298535
v -0.79370299 0.1232225 0.1043345
v -0.79974797 0.1059445 0.080869503
v -0.80097696 0.092159502 0.0818225
v -0.80114999 0.071532503 0.083899505
v -0.80230197 0.1060905 0.061642502
v -0.80368498 0.090929501 0.0647595
v -0.80348697 0.070733503 0.068729505
v -0.80312201 0.047766499 0.070844501
v -0.80108401 0.048127498 0.085840501
v -0.80662999 0.0892395 0.053585503
v -0.80653998 0.069654502 0.057816502
v -0.80616596 0.047404502 0.059404504
v -0.80604699 0.0242345 0.059784502
v -0.80291197 0.024170499 0.071551502
v -0.81042996 0.068436503 0.048252504
v -0.81020001 0.047090501 0.049316503
v -0.81018701 0.024293499 0.049453504
v -0.80996999 4.9984919e-07 0.049590502
v -0.80598602 4.9984919e-07 0.059886504
v -0.81770501 0.046813499 0.042359505
v -0.81769702 0.024316499 0.042361502
v -0.81779197 4.9984919e-07 0.042277504
v -0.802825 4.9984919e-07 0.072010502
v -0.80103502 0.0241985 0.086687505
v -0.83710501 0.1154905 0.1948155
v -0.85323098 0.1144195 0.19488551
v -0.81801 0.0674785 0.041896503
v -0.81067398 0.087206498 0.044360504
v -0.81794897 0.0857995 0.038249504
v -0.809764 0.1032815 0.038883504
v -0.817112 0.1021385 0.032709502
v -0.80546996 0.1049915 0.048391502
v -0.78756699 0.1302835 0.1040215
v -0.83962896 0.1334285 0.2519275
v -0.818661 0.1326215 0.23564151
v -0.829622 0.1276195 0.26221251
v -0.80982199 0.1267865 0.24477451
v -0.815029 0.1170195 0.2749885
v -0.79590002 0.1160555 0.2574015
v -0.77591696 0.1148895 0.2388235
v -0.78004101 0.1034845 0.27039251
v -0.76178697 0.1033385 0.2517755
v -0.74288699 0.1017685 0.2322825
v -0.75268796 0.094123498 0.25999051
v -0.75268796 0.094123498 0.25999051
v -0.73604098 0.092644498 0.2407805
v -0.73604098 0.092644498 0.2407805
v -0.71754196 0.090299502 0.2254885
v -0.71754196 0.090299502 0.2254885
v -0.723447 0.098793499 0.21564551
v -0.69803497 0.088815503 0.21287851
v -0.69803497 0.088815503 0.21287851
v -0.70302901 0.097344503 0.2022275
v -0.67825499 0.087487496 0.2021295
v -0.68252799 0.095814496 0.1908115
v -0.65838799 0.086576499 0.1934085
v -0.66216198 0.094766498 0.18189551
v -0.64196399 0.093671501 0.17466651
v -0.69466898 0.063754499 0.22237751
v -0.71329597 0.079753503 0.2329945
v -0.71270397 0.065510496 0.23525551
v -0.71309099 0.047542501 0.23588951
v -0.730378 0.0669045 0.24903551
v -0.72989401 0.0483975 0.2506015
v -0.73004201 0.025082501 0.2510905
v -0.74397996 0.0488475 0.2683675
v -0.74402097 0.0253515 0.2686775
v -0.74385497 4.9984919e-07 0.26860151
v -0.75850502 0.0252715 0.28670952
v -0.75823697 4.9984919e-07 0.2865665
v -0.77330998 4.9984919e-07 0.3044785
v -0.94784901 4.9984919e-07 0.27290452
v -0.94794402 4.9984919e-07 0.24487251
v -0.94798997 4.9984919e-07 0.2177905
v -0.94798496 0.0274575 0.2444205
v -0.94804898 0.027493499 0.21730651
v -0.94808999 0.027469499 0.1910295
v -0.94808897 0.054199498 0.2163475
v -0.94801697 0.054323498 0.2432045
v -0.94802901 0.078856498 0.2416555
v -0.94789597 0.054125499 0.27177849
v -0.94791898 0.078920498 0.26898152
v -0.94772598 0.097863503 0.2669065
v -0.94778398 0.097361498 0.24014451
v -0.94530901 0.1122225 0.2650325
v -0.94530901 0.1122225 0.2650325
v -0.94552901 0.1117215 0.2386995
v -0.94552901 0.1117215 0.2386995
v -0.93644097 0.1234465 0.26289952
v -0.93669102 0.1230575 0.2372255
v -0.94443199 0.1124595 0.29263151
v -0.94443199 0.1124595 0.29263151
v -0.94443199 0.1124595 0.29263151
v -0.93506697 0.1237405 0.29006252
v -0.92163399 0.13091449 0.2865015
v -0.927632 0.1233455 0.31540349
v -0.927632 0.1233455 0.31540349
v -0.91390696 0.1300945 0.3103365
v -0.89766797 0.1335045 0.30231249
v -0.89953199 0.1256115 0.3277725
v -0.884271 0.1279615 0.31596851
v -0.86714497 0.12807649 0.2993615
v -0.879127 0.1338295 0.28765851
v -0.84862497 0.1279275 0.28039551
v -0.85945001 0.13365149 0.26914349
v -0.85181096 0.1180755 0.31067652
v -0.833859 0.1178795 0.29277149
v -0.83322498 0.1052625 0.32121649
v -0.816452 0.1049465 0.3050715
v -0.79827699 0.1041415 0.28799751
v -0.802825 0.092789501 0.3151235
v -0.802825 0.092789501 0.3151235
v -0.78615597 0.0929785 0.29758149
v -0.78615597 0.0929785 0.29758149
v -0.76922598 0.093252502 0.27924252
v -0.76922598 0.093252502 0.27924252
v -0.77818599 0.080535501 0.30375251
v -0.76179096 0.081176497 0.2850745
v -0.74611297 0.082147501 0.26554751
v -0.75897899 0.066484503 0.28697151
v -0.74395099 0.067358501 0.2676625
v -0.73131499 0.081141502 0.24706151
v -0.75865999 0.048318502 0.2869055
v -0.77484396 0.065290503 0.3056215
v -0.77415201 0.0472495 0.3052465
v -0.773729 0.024790499 0.3047905
v -0.78987697 0.046022501 0.32305449
v -0.78935799 0.024075501 0.32252452
v -0.78899899 4.9984919e-07 0.32217351
v -0.80489996 0.0230975 0.3393935
v -0.80462399 4.9984919e-07 0.33919451
v -0.81672797 4.9984919e-07 0.35153651
v -0.83414397 4.9984919e-07 0.36338049
v -0.84481499 4.9984919e-07 0.36442751
v -0.84481499 4.9984919e-07 0.36442751
v -0.82481697 4.9984919e-07 0.35892251
v -0.82461599 0.022107501 0.35901749
v -0.83397701 0.021883501 0.3634645
v -0.81679901 0.022435499 0.35167152
v -0.81676397 0.043068498 0.35156351
v -0.82446697 0.042131498 0.35892749
v -0.80520597 0.044497501 0.33972749
v -0.80578896 0.063031502 0.3398335
v -0.81735197 0.0610395 0.35153851
v -0.79079798 0.064347498 0.3235575
v -0.794489 0.080172502 0.3216565
v -0.80946699 0.079706497 0.33759952
v -0.81828997 0.092787497 0.33035251
v -0.81828997 0.092787497 0.33035251
v -0.83080897 0.091827497 0.34346551
v -0.83080897 0.091827497 0.34346551
v -0.82084301 0.078513503 0.34994951
v -0.83938798 0.089128502 0.35356051
v -0.83938798 0.089128502 0.35356051
v -0.82968196 0.075299501 0.35834849
v -0.82544598 0.059173498 0.3592065
v -0.83818999 0.070869498 0.36281851
v -0.83390799 0.056939501 0.3632825
v -0.83338299 0.0412255 0.3633475
v -0.84370098 0.040685501 0.3644065
v -0.84370098 0.040685501 0.3644065
v -0.84446201 0.0218015 0.36431152
v -0.84446201 0.0218015 0.36431152
v -0.855239 0.040604498 0.3627395
v -0.85608599 0.0218195 0.3625595
v -0.85642597 4.9984919e-07 0.36247751
v -0.87543002 4.9984919e-07 0.35899049
v -0.874374 0.0228025 0.3591485
v -0.89915702 4.9984919e-07 0.35239449
v -0.87181798 0.042801499 0.35970449
v -0.89413998 0.0478235 0.35368651
v -0.912541 0.072967499 0.34798151
v -0.93332002 0.075857498 0.33754352
v -0.93464401 0.052284501 0.33660451
v -0.90572199 0.089040503 0.35004151
v -0.92922202 0.094673499 0.33930752
v -0.94436601 0.097068503 0.32015151
v -0.94436601 0.097068503 0.32015151
v -0.94598296 0.077278502 0.3198925
v -0.94598296 0.077278502 0.3198925
v -0.89844397 0.1007575 0.3503775
v -0.92239401 0.1083105 0.3381795
v -0.93782797 0.1118215 0.31850749
v -0.93782797 0.1118215 0.31850749
v -0.947548 0.097328499 0.29423851
v -0.947548 0.097328499 0.29423851
v -0.91191098 0.1187445 0.33421052
v -0.91191098 0.1187445 0.33421052
v -0.88921401 0.1096945 0.34695551
v -0.88921401 0.1096945 0.34695551
v -0.87894496 0.1150545 0.33913851
v -0.86429897 0.097165503 0.35549149
v -0.86429897 0.097165503 0.35549149
v -0.86429897 0.097165503 0.35549149
v -0.855804 0.1019845 0.34736249
v -0.855804 0.1019845 0.34736249
v -0.84678099 0.1042345 0.33627149
v -0.86713699 0.1175395 0.32713851
v -0.84735498 0.084206499 0.3604995
v -0.87209997 0.089470498 0.35803449
v -0.87209997 0.089470498 0.35803449
v -0.94772801 0.078453504 0.29646349
v -0.94757798 0.053880502 0.29839751
v -0.945959 0.053142499 0.3199265
v -0.945959 0.053142499 0.3199265
v -0.94759497 0.0271695 0.29962349
v -0.94575897 0.026843499 0.32049951
v -0.94587496 4.9984919e-07 0.32028249
v -0.94759801 4.9984919e-07 0.30001751
v -0.94787499 0.027336501 0.27255249
v -0.93155101 0.0281405 -0.058077496
v -0.92014197 0.0294025 -0.063831493
v -0.92044899 4.9984919e-07 -0.066031493
v -0.906284 0.0302855 -0.0691045
v -0.90645698 4.9984919e-07 -0.071937494
v -0.88609597 4.9984919e-07 -0.080042496
v -0.86391202 4.9984919e-07 -0.088975497
v -0.88560101 0.0306955 -0.077278495
v -0.244739 0.082806498 0.1867585
v -0.22437799 0.0841875 0.17993951
v -0.56077299 0.1312975 -0.028271496
v -0.55793098 0.1272815 -0.039933495
v -0.56138799 0.1330215 -0.055343498
v -0.56367901 0.13331249 -0.070589498
v -0.56361201 0.13291951 -0.0874945
v -0.55600896 0.1228355 -0.071416497
v -0.55664501 0.1201405 -0.088570498
v -0.55544099 0.1096935 -0.10439049
v -0.55548701 0.1005735 -0.1033515
v -0.55389497 0.1041755 -0.1182745
v -0.55535701 0.1083035 -0.088208497
v -0.550558 0.1006755 -0.087870494
v -0.550558 0.1006755 -0.087870494
v -0.55002001 0.095957503 -0.10246649
v -0.55002001 0.095957503 -0.10246649
v -0.55544099 0.1120865 -0.072138496
v -0.55058101 0.1058735 -0.072347499
v -0.55058101 0.1058735 -0.072347499
v -0.54555699 0.1114575 -0.074047498
v -0.545212 0.1065635 -0.090479493
v -0.55543098 0.1119245 -0.054047495
v -0.55094799 0.1084785 -0.053848498
v -0.54675099 0.1139595 -0.054309499
v -0.54961202 0.1164875 -0.039025497
v -0.54741398 0.1224145 -0.040043496
v -0.545917 0.1210855 -0.055029497
v -0.54464498 0.1202265 -0.074690498
v -0.55189398 0.1100575 -0.038172498
v -0.55549696 0.1106735 -0.038266499
v -0.55614498 0.1214855 -0.054336496
v -0.55632797 0.1182405 -0.038641497
v -0.54469201 0.1007365 -0.1048335
v -0.290986 0.1257115 -0.14565749
v -0.404735 0.13329349 -0.1067065
v -0.42957398 0.13312849 -0.087918498
v -0.44699198 0.1335585 -0.0728205
v 0.75686899 4.9984919e-07 -0.24542549
v 0.75686899 4.9984919e-07 -0.24542549
v 0.77149001 4.9984919e-07 -0.2449735
v 0.77149001 4.9984919e-07 -0.2449735
v 0.75642702 0.0012464998 -0.25536048
v 0.77212599 0.0013124999 -0.2555995
v 0.75629899 0.0024245 -0.26588449
v 0.77272001 0.0024974998 -0.26679149
v 0.75586399 0.0036734999 -0.27712649
v 0.77204499 0.0037034999 -0.2790215
v 0.75397202 0.0055255 -0.29104251
v 0.76832804 0.0055414997 -0.2953575
v 0.78160599 0.0059145 -0.30033851
v 0.75920603 0.0093484996 -0.31988749
v 0.76885399 0.0098094996 -0.32722351
v 0.77754 0.0105995 -0.33405951
v 0.75391099 0.0134635 -0.35433748
v 0.76188102 0.0142265 -0.3606455
v 0.76905701 0.018407499 -0.36595848
v 0.76905701 0.018407499 -0.36595848
v 0.78545001 0.0133715 -0.34121451
v 0.78545001 0.0133715 -0.34121451
v 0.77331302 0.0267055 -0.3683975
v 0.79059801 0.021487501 -0.34520251
v 0.79059801 0.021487501 -0.34520251
v 0.77546701 0.036627501 -0.3690545
v 0.79273799 0.0322925 -0.3464255
v 0.77683803 0.0475665 -0.36924449
v 0.79395899 0.0440825 -0.34692249
v 0.77803203 0.060897499 -0.36946449
v 0.79508701 0.058066498 -0.34746748
v 0.81171903 0.0552065 -0.3256045
v 0.794615 0.076713502 -0.34689051
v 0.81119499 0.074347503 -0.32531148
v 0.79045501 0.095264502 -0.34362051
v 0.80707702 0.093881503 -0.3222135
v 0.78806004 0.1090185 -0.34189549
v 0.80485001 0.1078405 -0.32040349
v 0.78178599 0.12916251 -0.3370145
v 0.79772702 0.1283045 -0.3145605
v 0.77409503 0.1333985 -0.3312555
v 0.764972 0.1298265 -0.3589865
v 0.75791201 0.1344965 -0.35341251
v 0.74952802 0.1353035 -0.34689549
v 0.741559 0.13525049 -0.37487251
v 0.73368004 0.1366065 -0.3685655
v 0.72564903 0.13670249 -0.3623195
v 0.74051502 0.1354275 -0.34026849
v 0.715772 0.13663749 -0.35528448
v 0.72924599 0.13549051 -0.3328315
v 0.70491698 0.13661949 -0.34848249
v 0.71700999 0.13555449 -0.3256405
v 0.69369003 0.13691249 -0.34238648
v 0.70454803 0.1356595 -0.3192845
v 0.68248704 0.1368715 -0.3368285
v 0.69306502 0.1353855 -0.31400549
v 0.67214504 0.1329625 -0.33209449
v 0.67214504 0.1329625 -0.33209449
v 0.68235603 0.1315245 -0.30968049
v 0.68235603 0.1315245 -0.30968049
v 0.66466704 0.1235325 -0.32923651
v 0.67479101 0.1212845 -0.30718851
v 0.65822402 0.1121435 -0.32697651
v 0.66766003 0.1096455 -0.30506751
v 0.65177003 0.099038497 -0.32476649
v 0.661064 0.096034497 -0.3033165
v 0.65003303 0.083703503 -0.3247785
v 0.65985999 0.080386497 -0.3037475
v 0.65313503 0.068306498 -0.32724449
v 0.66300604 0.064480498 -0.30611449
v 0.67178902 0.060870498 -0.28502849
v 0.66633102 0.050251499 -0.30895749
v 0.67528 0.045869499 -0.28775549
v 0.682587 0.041070499 -0.26673749
v 0.67817101 0.032463498 -0.29046151
v 0.68546799 0.026518499 -0.26949951
v 0.69133499 0.020327499 -0.25084549
v 0.69128403 0.0150975 -0.27259549
v 0.69128403 0.0150975 -0.27259549
v 0.69768301 0.0100265 -0.25540349
v 0.70128801 0.0102835 -0.27568048
v 0.70660701 0.0062094997 -0.25937751
v 0.71070102 0.0033004999 -0.2491425
v 0.71634498 0.0046754996 -0.26356849
v 0.71889701 0.0028324998 -0.2540395
v 0.721001 0.0013804998 -0.2462095
v 0.71344402 0.0014824999 -0.2423615
v 0.72292301 4.9984919e-07 -0.23917149
v 0.72292301 4.9984919e-07 -0.23917149
v 0.71551803 4.9984919e-07 -0.2369885
v 0.71551803 4.9984919e-07 -0.2369885
v 0.73195198 4.9984919e-07 -0.2415515
v 0.73195198 4.9984919e-07 -0.2415515
v 0.74303702 4.9984919e-07 -0.24381649
v 0.74303702 4.9984919e-07 -0.24381649
v 0.73028901 0.0013204998 -0.2496905
v 0.74199602 0.0012434998 -0.25301051
v 0.72901401 0.0026344999 -0.25874549
v 0.74163303 0.0024555 -0.26287949
v 0.72752103 0.0040714997 -0.26860449
v 0.740935 0.0037974999 -0.2734375
v 0.724318 0.0065374998 -0.28208551
v 0.73892799 0.0058074999 -0.28680551
v 0.71782103 0.0108995 -0.3038975
v 0.73245701 0.0098564997 -0.30838048
v 0.746667 0.0093625002 -0.3135865
v 0.72199199 0.013976499 -0.33534449
v 0.73478201 0.013329499 -0.34158549
v 0.74564299 0.0131995 -0.3477895
v 0.72197303 0.0175945 -0.36760148
v 0.73106602 0.0173025 -0.37358049
v 0.73862103 0.017679499 -0.37893251
v 0.71619001 0.0206345 -0.3971025
v 0.723115 0.020798501 -0.4021475
v 0.72994503 0.021952501 -0.40705249
v 0.74578902 0.0192915 -0.38415548
v 0.73566201 0.026910501 -0.4110125
v 0.73566201 0.026910501 -0.4110125
v 0.752278 0.023385501 -0.38875249
v 0.752278 0.023385501 -0.38875249
v 0.73860702 0.034966499 -0.41235849
v 0.75598404 0.031165499 -0.39067751
v 0.74041 0.043755502 -0.41258949
v 0.75803402 0.040462501 -0.39121249
v 0.74182501 0.053363498 -0.4127585
v 0.75947902 0.050467499 -0.39134151
v 0.742668 0.067177497 -0.41323748
v 0.76062003 0.0636345 -0.39155951
v 0.74158499 0.085416503 -0.41340551
v 0.76012602 0.082703501 -0.39124051
v 0.77777204 0.079669498 -0.36878449
v 0.75545999 0.099415503 -0.38745749
v 0.773671 0.097066499 -0.3656635
v 0.75253901 0.1115355 -0.38484749
v 0.77066299 0.1100405 -0.36352751
v 0.748261 0.1308365 -0.38053951
v 0.73128703 0.1319575 -0.40117249
v 0.72517702 0.1368835 -0.39590248
v 0.71443501 0.13295551 -0.42170149
v 0.70904502 0.13794149 -0.41702551
v 0.70224503 0.1402735 -0.4117285
v 0.71794501 0.13845751 -0.38989949
v 0.69496199 0.14092851 -0.40633449
v 0.71041003 0.13865849 -0.38404348
v 0.68701199 0.14108349 -0.40076149
v 0.70181701 0.1385795 -0.3778865
v 0.67813602 0.1411995 -0.39482549
v 0.692238 0.1386635 -0.37161151
v 0.66873804 0.14125849 -0.3888115
v 0.68210301 0.13910951 -0.3656095
v 0.65848199 0.14110249 -0.38274249
v 0.67111298 0.13885251 -0.35966349
v 0.64866903 0.1383725 -0.37730148
v 0.64866903 0.1383725 -0.37730148
v 0.66112503 0.13517851 -0.3547405
v 0.66112503 0.13517851 -0.3547405
v 0.64191303 0.1294785 -0.37400749
v 0.653622 0.12647849 -0.35155851
v 0.63634804 0.1186025 -0.37142751
v 0.647504 0.1152695 -0.34913251
v 0.63011202 0.1056205 -0.36820951
v 0.64112899 0.1024775 -0.34640449
v 0.62656 0.090450503 -0.3665185
v 0.63873699 0.087198503 -0.3456535
v 0.62897602 0.074959502 -0.3686325
v 0.64155599 0.0718375 -0.34793651
v 0.63207003 0.060914502 -0.37162751
v 0.644546 0.0579345 -0.3508755
v 0.65618601 0.054323498 -0.3301115
v 0.64714602 0.045165502 -0.3539165
v 0.65901002 0.041514501 -0.33310649
v 0.66918799 0.037304498 -0.3118315
v 0.66405502 0.0303725 -0.33697751
v 0.66405502 0.0303725 -0.33697751
v 0.67424902 0.0259705 -0.31547549
v 0.67424902 0.0259705 -0.31547549
v 0.68358603 0.020970499 -0.29365149
v 0.68358603 0.020970499 -0.29365149
v 0.68439904 0.0201665 -0.32018849
v 0.69359002 0.0147725 -0.29725349
v 0.69613102 0.0175195 -0.32469651
v 0.70527002 0.0124105 -0.3005375
v 0.71198699 0.0078994995 -0.27845249
v 0.70859602 0.0152715 -0.32958749
v 0.68539402 0.021480501 -0.34792051
v 0.69786599 0.0198135 -0.35394549
v 0.71041903 0.0184965 -0.36068749
v 0.68570504 0.023487499 -0.37722251
v 0.69751301 0.0219795 -0.38437548
v 0.70810398 0.021055499 -0.3913995
v 0.683943 0.0262505 -0.4070625
v 0.70047501 0.024183501 -0.4190715
v 0.706929 0.0241805 -0.42417449
v 0.697126 0.0301055 -0.44906449
v 0.713182 0.0264685 -0.4286505
v 0.702149 0.035279501 -0.4523145
v 0.71833703 0.0313995 -0.4319315
v 0.71833703 0.0313995 -0.4319315
v 0.72137603 0.039061502 -0.43308648
v 0.72311202 0.047698501 -0.4332335
v 0.72439203 0.0573585 -0.43330649
v 0.724794 0.070920497 -0.43399748
v 0.722101 0.088504501 -0.43343049
v 0.73565599 0.1016745 -0.40794349
v 0.67836604 0.1413385 -0.46373451
v 0.69364902 0.14090849 -0.44005451
v 0.67180702 0.1426065 -0.45824748
v 0.68679699 0.1417045 -0.43483248
v 0.66485199 0.1430385 -0.4525345
v 0.67950204 0.1421095 -0.42941248
v 0.65738401 0.14325351 -0.44659251
v 0.67175302 0.1422585 -0.4237625
v 0.649295 0.14345451 -0.4404285
v 0.66330203 0.1423585 -0.41779551
v 0.64040104 0.1436525 -0.4339295
v 0.65427598 0.1423935 -0.41166449
v 0.63110301 0.1434935 -0.4274435
v 0.64501402 0.1421055 -0.4056375
v 0.62217501 0.1415945 -0.42149851
v 0.635878 0.1400615 -0.39972249
v 0.635878 0.1400615 -0.39972249
v 0.61555299 0.1338485 -0.41751549
v 0.61555299 0.1338485 -0.41751549
v 0.62936398 0.13179749 -0.39614451
v 0.62936398 0.13179749 -0.39614451
v 0.61066499 0.1238235 -0.41479748
v 0.624284 0.1218435 -0.3933695
v 0.60467103 0.1119255 -0.41124049
v 0.61799899 0.1091955 -0.3898375
v 0.59958503 0.096841499 -0.4083505
v 0.61329201 0.093967497 -0.38738251
v 0.60081199 0.080916502 -0.4100365
v 0.61530903 0.077944502 -0.3892715
v 0.60366401 0.066403501 -0.41300249
v 0.61850402 0.063616499 -0.39224049
v 0.606666 0.0536175 -0.41607949
v 0.62161198 0.051209498 -0.39552951
v 0.634949 0.048431501 -0.3748135
v 0.62700704 0.040494502 -0.40031949
v 0.64044502 0.037807498 -0.37940249
v 0.65253404 0.034418501 -0.3583425
v 0.65253404 0.034418501 -0.3583425
v 0.64971504 0.031255499 -0.38554651
v 0.66234699 0.028669501 -0.36423549
v 0.67373499 0.0238955 -0.34235048
v 0.67389104 0.026113499 -0.37048349
v 0.67265502 0.027740499 -0.3996225
v 0.67424902 0.0299295 -0.46549049
v 0.661755 0.0358635 -0.49015749
v 0.68027201 0.031830501 -0.46990949
v 0.66647401 0.040884499 -0.4931635
v 0.68492499 0.037354499 -0.47277251
v 0.65689799 0.14358149 -0.4799535
v 0.63548502 0.1467685 -0.49414548
v 0.65037504 0.14420749 -0.47407749
v 0.62900302 0.14723951 -0.48855349
v 0.64344499 0.14450251 -0.46812749
v 0.62150201 0.14761551 -0.4825235
v 0.63559303 0.1448095 -0.4618625
v 0.612699 0.1480795 -0.4761565
v 0.62670204 0.1451485 -0.45523348
v 0.603138 0.1481515 -0.46976751
v 0.61717799 0.14501549 -0.44870451
v 0.59410599 0.1455055 -0.46411851
v 0.60805902 0.1427125 -0.44286549
v 0.58738402 0.1374035 -0.46051449
v 0.60129198 0.1354185 -0.43899348
v 0.60129198 0.1354185 -0.43899348
v 0.596131 0.12545849 -0.43614051
v 0.59006599 0.1139725 -0.4324865
v 0.58483699 0.099367499 -0.42946649
v 0.58585402 0.083701499 -0.43105549
v 0.588604 0.069345497 -0.4339965
v 0.591692 0.0566025 -0.4372015
v 0.59747502 0.045799501 -0.4419685
v 0.612385 0.042899501 -0.4208785
v 0.59829202 0.1500925 -0.49745351
v 0.53381601 4.9984919e-07 -0.12897649
v 0.50781503 4.9984919e-07 -0.1265835
v 0.50777802 0.024176501 -0.1267955
v 0.48735502 4.9984919e-07 -0.1256895
v 0.44494402 4.9984919e-07 -0.1395025
v 0.469513 4.9984919e-07 -0.1337245
v 0.36027402 4.9984919e-07 -0.1427545
v 0.38777202 4.9984919e-07 -0.1365235
v 0.41696301 4.9984919e-07 -0.1365995
v 0.38845602 0.025997499 -0.1378575
v 0.41727701 0.0252805 -0.1379565
v 0.44525102 0.0253575 -0.1396555
v 0.46947902 0.0252565 -0.1341615
v 0.417932 0.0466525 -0.13942349
v 0.44580501 0.046586499 -0.1401445
v 0.46912602 0.046595499 -0.1346695
v 0.48693001 0.045667499 -0.1270615
v 0.48737001 0.024844499 -0.12614949
v 0.418421 0.061656501 -0.1406365
v 0.38956702 0.0476055 -0.13969849
v 0.39106101 0.063684501 -0.14148849
v 0.36300701 0.0503725 -0.1465915
v 0.361146 0.0271795 -0.1441735
v 0.33630702 0.028166499 -0.15349549
v 0.339237 0.053122498 -0.1571915
v 0.31557301 0.0278685 -0.16849649
v 0.31901503 0.053593501 -0.1712475
v 0.30175501 0.0269245 -0.18224549
v 0.30458301 0.051898498 -0.1847575
v 0.29233101 0.0260775 -0.1918215
v 0.30031702 4.9984919e-07 -0.18143749
v 0.29142302 4.9984919e-07 -0.1907845
v 0.28217301 4.9984919e-07 -0.1970295
v 0.282525 0.0254425 -0.1981805
v 0.27134001 4.9984919e-07 -0.1985575
v 0.27121702 0.0253205 -0.19939649
v 0.20938201 4.9984919e-07 -0.1656045
v 0.31422201 4.9984919e-07 -0.16728249
v 0.33489102 4.9984919e-07 -0.1520115
v -0.94720098 4.9984919e-07 0.00067750318
v -0.94759598 4.9984919e-07 0.025192503
v -0.947754 4.9984919e-07 0.047566503
v 0.48448101 -0.1640365 -0.68392351
v 0.49331301 -0.16564751 -0.67210349
v 0.82728103 -0.0030395002 -0.2518875
v 0.26816201 -0.093732499 -0.20371349
v 0.70011804 -0.0028155001 -0.23147149
v -0.47649997 -0.069385499 -0.1660905
v -0.47476199 -0.063970499 -0.1712435
v -0.50817499 -0.1144735 -0.14560549
v -0.47882098 -0.1065095 -0.1449395
v -0.47882098 -0.1065095 -0.1449395
v -0.482559 -0.088147499 -0.1514755
v -0.474756 -0.095420502 -0.1566525
v -0.47332898 -0.081848502 -0.1628785
v -0.47332898 -0.081848502 -0.1628785
v -0.36991099 -0.12502851 -0.13640749
v 0.023975011 -0.097189501 -0.1699885
v 0.027781012 -0.1054955 -0.1553015
v 0.036577012 -0.0976815 -0.1646255
v 0.036577012 -0.0976815 -0.1646255
v 0.17209402 -0.090846501 -0.1326635
v 0.03501901 -0.1058645 -0.1508545
v 0.27597502 -0.1347765 -0.1413255
v 0.469464 -0.1020275 -0.1288375
v 0.47112602 -0.093109503 -0.1329345
v 0.47112602 -0.093109503 -0.1329345
v -0.74630198 -0.1237035 -0.069899499
v -0.55803099 -0.1200395 -0.11557849
v -0.54479101 -0.1160805 -0.1124665
v -0.54479101 -0.1160805 -0.1124665
v -0.54534897 -0.1096385 -0.1184095
v -0.54534897 -0.1096385 -0.1184095
v -0.54622796 -0.1179455 -0.1206575
v -0.54622796 -0.1179455 -0.1206575
v -0.60979196 -0.1216535 -0.078669496
v -0.60152397 -0.1272305 -0.081236497
v -0.60532501 -0.1046445 -0.074116498
v -0.37358898 -0.13286249 -0.1135925
v 0.172488 -0.1250505 -0.10568149
v 0.16710801 -0.12704749 -0.10178649
v 0.69785902 -0.1122855 -0.11002649
v -0.707176 -0.1168875 -0.061029498
v -0.70383498 -0.1235245 -0.050057497
v -0.549072 -0.1241095 -0.018870497
v -0.55685201 -0.1170235 -0.014248497
v -0.55466297 -0.1139135 -0.0094214967
v -0.55466297 -0.1139135 -0.0094214967
v -0.55466297 -0.1139135 -0.0094214967
v -0.48590699 -0.1219705 -0.060486495
v -0.56839499 -0.13328551 -0.0011224968
v -0.5465 -0.13325851 -0.0017014968
v -0.5465 -0.13325851 -0.0017014968
v -0.48577198 -0.12949251 -0.049265496
v -0.48165998 -0.13182651 -0.042260498
v -0.062191989 -0.12700351 -0.056835495
v -0.947391 -0.051163498 0.0069235032
v -0.91499898 -0.1289075 0.019848503
v -0.780947 -0.13444351 0.0090885032
v -0.744064 -0.1345305 0.13173251
v -0.32138798 -0.1124925 0.13572051
v -0.87458602 -0.1312215 0.1999855
v -0.33151099 -0.082534499 0.2146235
v 0.76699904 -0.1139985 0.30040351
v -0.85353598 -0.063347504 0.36294749
v 0.48196101 -0.1637055 -0.6792585
v 0.48649701 -0.1642065 -0.67813149
v 0.48797801 -0.16273551 -0.68283448
v 0.488161 -0.1593425 -0.68622348
v 0.488161 -0.1593425 -0.68622348
v 0.489786 -0.1653455 -0.67200652
v 0.49186403 -0.16613249 -0.66568449
v 0.49623802 -0.1661175 -0.66828552
v 0.50034502 -0.16556451 -0.67185947
v 0.494995 -0.1644575 -0.67546651
v 0.49059302 -0.1640625 -0.67703047
v 0.81179699 -0.0021435001 -0.25259548
v 0.81394503 -0.0037715002 -0.26885951
v 0.82531103 -0.0053345002 -0.27364451
v 0.82531103 -0.0053345002 -0.27364451
v 0.836005 -0.0133275 -0.2793175
v 0.836005 -0.0133275 -0.2793175
v 0.84287199 -0.0069455002 -0.25883248
v 0.84287199 -0.0069455002 -0.25883248
v 0.27184701 -0.1074085 -0.1938985
v 0.27829602 -0.098037504 -0.20232549
v 0.27829602 -0.098037504 -0.20232549
v 0.28236201 -0.084016502 -0.20716549
v 0.268029 -0.083722502 -0.2069795
v 0.70763901 -0.0016035001 -0.23846449
v 0.694433 -0.0138245 -0.2339665
v 0.694433 -0.0138245 -0.2339665
v 0.70295098 -0.0048994999 -0.2439945
v -0.481067 -0.081573501 -0.1582015
v -0.481067 -0.081573501 -0.1582015
v -0.45786798 -0.079685502 -0.1726395
v -0.45711598 -0.058624499 -0.17465949
v -0.49613699 -0.1183215 -0.1408025
v -0.488924 -0.1131905 -0.14661549
v -0.494533 -0.1096265 -0.1521185
v -0.49746698 -0.098712496 -0.1605695
v -0.51155201 -0.1009715 -0.15814149
v -0.51655796 -0.1218815 -0.1323885
v -0.50499001 -0.1230565 -0.1315365
v -0.482844 -0.091769502 -0.13649249
v -0.48122898 -0.087869503 -0.1457915
v -0.48154598 -0.1089105 -0.15088449
v -0.483832 -0.1126055 -0.14219449
v -0.47335398 -0.1092205 -0.1328975
v -0.47102198 -0.1156185 -0.13627249
v -0.47102198 -0.1156185 -0.13627249
v -0.47213298 -0.1110055 -0.1462495
v -0.47213298 -0.1110055 -0.1462495
v -0.47487798 -0.1069665 -0.15313649
v -0.47668499 -0.089160502 -0.1460415
v -0.47668499 -0.089160502 -0.1460415
v -0.475115 -0.086723499 -0.1528405
v -0.475115 -0.086723499 -0.1528405
v -0.474971 -0.0949255 -0.14946349
v -0.47473198 -0.0987655 -0.13998349
v -0.47450599 -0.1018705 -0.12987649
v -0.47839499 -0.1008235 -0.1575015
v -0.48460799 -0.1040025 -0.1559325
v -0.46729898 -0.094679497 -0.16435049
v -0.46938899 -0.1065425 -0.1555755
v -0.46938899 -0.1065425 -0.1555755
v -0.46122298 -0.1061555 -0.1591785
v -0.46122298 -0.1061555 -0.1591785
v -0.45441899 -0.094148502 -0.1678015
v -0.45441899 -0.094148502 -0.1678015
v -0.383706 -0.12697349 -0.1346585
v -0.37950099 -0.13088951 -0.1237855
v -0.364373 -0.1233455 -0.1295535
v -0.36790898 -0.1168695 -0.14742349
v -0.38379398 -0.1196915 -0.1500365
v -0.362122 -0.1113955 -0.14286549
v -0.362122 -0.1113955 -0.14286549
v -0.54701701 -0.1009125 -0.1275705
v -0.55482998 -0.097514503 -0.1176285
v -0.549557 -0.093168497 -0.1131235
v -0.54434398 -0.097606502 -0.1164005
v -0.54434398 -0.097606502 -0.1164005
v 0.019409012 -0.1077855 -0.16322149
v 0.030192012 -0.097124502 -0.1547945
v 0.033048011 -0.097884499 -0.15243949
v 0.037680011 -0.079038501 -0.1752785
v 0.017604012 -0.079198502 -0.18022449
v 0.022407012 -0.1154245 -0.15101549
v 0.029240012 -0.1075355 -0.1443705
v 0.030276012 -0.099685498 -0.1411985
v 0.030276012 -0.099685498 -0.1411985
v 0.042381011 -0.1094755 -0.1577145
v 0.056757011 -0.1090575 -0.1576525
v 0.053169012 -0.097531497 -0.1671215
v 0.17084602 -0.099321499 -0.1360855
v 0.16971901 -0.095124498 -0.13358049
v 0.17145102 -0.1124015 -0.12163749
v 0.17017701 -0.1049875 -0.1201975
v 0.17034601 -0.1016035 -0.1303505
v 0.172929 -0.092148498 -0.12712349
v 0.16951701 -0.0952245 -0.1278235
v 0.13563901 -0.0981635 -0.15998749
v 0.11210001 -0.096047498 -0.1604365
v 0.03657401 -0.1131815 -0.14502349
v 0.03333801 -0.1026085 -0.1420085
v 0.07336501 -0.1075965 -0.15431349
v 0.23970601 -0.1333985 -0.1244765
v 0.24401601 -0.1341645 -0.1120865
v 0.27664801 -0.1347765 -0.1226815
v 0.29126701 -0.1307265 -0.1653385
v 0.27416 -0.1248745 -0.1743255
v 0.256962 -0.13102549 -0.1551865
v 0.30833802 -0.12850951 -0.1402185
v 0.313407 -0.1242305 -0.15579249
v 0.305361 -0.13018049 -0.1241255
v 0.46061301 -0.1016155 -0.13025349
v 0.46061301 -0.1016155 -0.13025349
v 0.45821601 -0.1017705 -0.12171549
v 0.477512 -0.0963265 -0.1252875
v 0.48676601 -0.089815497 -0.12078749
v 0.486303 -0.0865435 -0.12516849
v 0.485468 -0.080753498 -0.1280735
v 0.47012901 -0.083845504 -0.1343645
v -0.747758 -0.1310335 -0.044310495
v -0.72959897 -0.13109151 -0.046772499
v -0.72570297 -0.1267495 -0.0641395
v -0.75821397 -0.1074605 -0.089940496
v -0.75821397 -0.1074605 -0.089940496
v -0.78133401 -0.1078375 -0.080215499
v -0.78133401 -0.1078375 -0.080215499
v -0.772751 -0.1225515 -0.060647495
v -0.73032501 -0.1184385 -0.0869065
v -0.73951802 -0.1046955 -0.1007585
v -0.76999101 -0.1301745 -0.038823497
v -0.558018 -0.1213715 -0.10428949
v -0.54692999 -0.1111385 -0.12287749
v -0.54730001 -0.1150755 -0.1195605
v -0.54730001 -0.1150755 -0.1195605
v -0.538452 -0.1247895 -0.1154385
v -0.538452 -0.1247895 -0.1154385
v -0.538452 -0.1247895 -0.1154385
v -0.53590396 -0.1197815 -0.13073049
v -0.55474296 -0.1179485 -0.1278175
v -0.54156098 -0.1245625 -0.095264494
v -0.53498396 -0.1315055 -0.096401498
v -0.53498396 -0.1315055 -0.096401498
v -0.54481396 -0.1039665 -0.11785249
v -0.54481396 -0.1039665 -0.11785249
v -0.54448298 -0.1076915 -0.10874949
v -0.544 -0.1155765 -0.093264498
v -0.54682401 -0.1048525 -0.12617749
v -0.71211496 -0.1121915 -0.066418499
v -0.70827201 -0.1150495 -0.069889493
v -0.71293601 -0.1162065 -0.071339495
v -0.61074498 -0.1087345 -0.070309497
v -0.61021498 -0.1169115 -0.080032498
v -0.60634199 -0.1127405 -0.081345499
v -0.60659799 -0.1147075 -0.076422498
v -0.60663196 -0.1169855 -0.072406493
v -0.62680897 -0.1330815 -0.048519496
v -0.60565302 -0.1072635 -0.073404498
v -0.60651401 -0.1089675 -0.067756496
v -0.384148 -0.13393851 -0.092875496
v -0.36232099 -0.1335495 -0.092889495
v -0.35719898 -0.1312715 -0.1096995
v -0.357521 -0.1227225 -0.1269135
v -0.35044599 -0.1286415 -0.1277515
v 0.17030302 -0.1098645 -0.10695349
v 0.17023201 -0.1120245 -0.096415497
v 0.168777 -0.1262785 -0.084808499
v 0.17006901 -0.1118935 -0.080333494
v -0.01805299 -0.1331605 -0.0897085
v -0.04048299 -0.1337475 -0.088198498
v -0.041870989 -0.1337585 -0.067627497
v -0.03293699 -0.1336375 -0.051019497
v 0.70078298 -0.1127935 -0.089461498
v 0.68612 -0.1106605 -0.1195805
v 0.73216203 -0.1159495 -0.1037715
v 0.73433802 -0.1163695 -0.1209265
v 0.71012202 -0.1134205 -0.1270715
v 0.69973502 -0.1120355 -0.13168649
v 0.733138 -0.1161555 -0.083361499
v -0.712387 -0.1131395 -0.057809498
v -0.70112696 -0.1256005 -0.062484495
v -0.70379701 -0.1285515 -0.030410497
v -0.68600896 -0.1324925 -0.032182496
v -0.68444297 -0.13074049 -0.050957497
v -0.54882297 -0.1231815 -0.026728496
v -0.550634 -0.1174045 -0.025479497
v -0.55070296 -0.1202225 -0.014667497
v -0.55055496 -0.1242575 -0.011630497
v -0.54850498 -0.1277245 -0.018150497
v -0.54764602 -0.1290005 -0.028055497
v -0.55797097 -0.1224535 -0.014280497
v -0.555922 -0.1207945 -0.0065684966
v -0.555922 -0.1207945 -0.0065684966
v -0.55571398 -0.1104655 -0.022795497
v -0.55571398 -0.1104655 -0.022795497
v -0.55685499 -0.1157425 -0.023807498
v -0.55805001 -0.1233065 -0.025761496
v -0.552403 -0.1165735 -0.012071497
v -0.552403 -0.1165735 -0.012071497
v -0.55238 -0.1113215 -0.023900498
v -0.55238 -0.1113215 -0.023900498
v -0.55282298 -0.1212545 -0.007387497
v -0.55282298 -0.1212545 -0.007387497
v -0.48345298 -0.1221775 -0.046559498
v -0.48345298 -0.1221775 -0.046559498
v -0.48110098 -0.1153595 -0.060766496
v -0.48110098 -0.1153595 -0.060766496
v -0.48048598 -0.1131355 -0.0698625
v -0.48048598 -0.1131355 -0.0698625
v -0.485457 -0.1149625 -0.070659496
v -0.477754 -0.1198825 -0.057580497
v -0.477754 -0.1198825 -0.057580497
v -0.585031 -0.13310049 -0.0088204965
v -0.60366198 -0.1298625 -0.0085154967
v -0.580915 -0.1335455 0.0074635036
v -0.55000398 -0.1335495 0.011799503
v -0.56768999 -0.1331985 -0.0079294969
v -0.56768999 -0.1331985 -0.0079294969
v -0.552488 -0.1302315 -0.0044354969
v -0.55981198 -0.1304325 -0.0077604968
v -0.474868 -0.12630551 -0.059103496
v -0.47360998 -0.1327575 -0.059208497
v -0.079230987 -0.1275755 -0.061381496
v -0.075591989 -0.1229385 -0.048963498
v -0.053486988 -0.1247385 -0.048956499
v -0.06022599 -0.1335825 -0.071044497
v 0.16994801 -0.1233905 -0.019602496
v -0.94687596 -0.061959501 -0.006380497
v -0.946345 -0.042860501 -0.015359497
v -0.94733498 -0.0364655 0.0047645033
v -0.94765398 -0.038285501 0.024325503
v -0.94759497 -0.058381502 0.019609503
v -0.94730797 -0.078412503 0.0098075029
v -0.93574199 -0.1197375 0.024151504
v -0.93574199 -0.1197375 0.024151504
v -0.93559101 -0.1218245 0.054987501
v -0.93559101 -0.1218245 0.054987501
v -0.920145 -0.1301645 0.053794503
v -0.89987001 -0.1274745 0.0040315031
v -0.91147801 -0.1145725 -0.019908497
v -0.91147801 -0.1145725 -0.019908497
v -0.92644802 -0.1132415 -0.013063497
v -0.92644802 -0.1132415 -0.013063497
v -0.90868202 -0.13326751 0.055128504
v -0.90166101 -0.1326545 0.028299503
v -0.892656 -0.13048349 0.013130503
v -0.77831301 -0.1344955 0.033984505
v -0.76633599 -0.13482951 0.028770503
v -0.76186201 -0.1345125 0.0043655033
v -0.79926398 -0.13422149 0.0019275032
v -0.80527696 -0.1337235 0.013450503
v -0.79433396 -0.1336925 0.022358503
v -0.78881797 -0.1334305 0.038824502
v -0.77406999 -0.1337515 -0.015227497
v -0.79464397 -0.1332335 -0.013461497
v -0.754154 -0.13385449 -0.018974496
v -0.74243 -0.1348955 0.1014815
v -0.75856796 -0.13516849 0.1035625
v -0.76289901 -0.1350425 0.12995851
v -0.77471396 -0.13469049 0.16132951
v -0.76558599 -0.13436951 0.1648435
v -0.75487497 -0.1325375 0.1751145
v -0.73073199 -0.1305895 0.1527275
v -0.70506796 -0.12670851 0.13663751
v -0.713761 -0.1337295 0.1162255
v -0.71737102 -0.13455351 0.093569502
v -0.31943798 -0.1252335 0.1015195
v -0.343225 -0.12575451 0.1038495
v -0.348259 -0.1161585 0.1288885
v -0.360232 -0.1041875 0.1591115
v -0.34156099 -0.1011145 0.1719005
v -0.29232299 -0.1182605 0.1222415
v -0.294561 -0.1274285 0.096185505
v -0.30563098 -0.1021895 0.1677095
v -0.28292799 -0.1064155 0.14992151
v -0.86929497 -0.1224585 0.1926785
v -0.875824 -0.1269425 0.1786195
v -0.88398996 -0.1324885 0.1809375
v -0.85591796 -0.1278425 0.20687151
v -0.855266 -0.1213245 0.2004575
v -0.89407197 -0.1344955 0.2061055
v -0.89212701 -0.1347435 0.2290795
v -0.87406299 -0.13394649 0.2216205
v -0.85459599 -0.13338751 0.2179845
v -0.89747098 -0.1343645 0.18399851
v -0.34187099 -0.085701503 0.2093275
v -0.34797198 -0.079895504 0.22128351
v -0.33189598 -0.077884503 0.22438851
v -0.31105 -0.079647504 0.2174225
v -0.316349 -0.085743502 0.2069865
v -0.32629898 -0.0924225 0.19088951
v 0.79475001 -0.1182085 0.30861649
v 0.80798003 -0.1236735 0.28464949
v 0.78681102 -0.1237165 0.27308351
v 0.74860999 -0.1133725 0.27940351
v 0.72495201 -0.099237502 0.2948845
v 0.73467204 -0.098693497 0.31587452
v 0.76725599 -0.1224135 0.2609565
v -0.85372397 -0.0546345 0.36296651
v -0.84345898 -0.054867499 0.36445349
v -0.84345898 -0.054867499 0.36445349
v -0.84646699 -0.066200502 0.3637825
v -0.84646699 -0.066200502 0.3637825
v -0.862326 -0.069744498 0.36138251
v -0.867529 -0.058983501 0.3605305
v -0.85516098 -0.077562504 0.3620185
v -0.85516098 -0.077562504 0.3620185
v 0.87087503 -0.099363498 0.68773147
v 0.90262899 -0.098662503 0.66888151
v 0.88285401 -0.1155575 0.66975853
v 0.878117 -0.1089685 0.68077353
v 0.86036798 -0.1279645 0.6703625
v 0.85741499 -0.1205515 0.6810725
v 0.83482602 -0.12824251 0.68161449
v 0.83248803 -0.1168455 0.68807951
v 0.80999103 -0.1206995 0.6881465
v 0.81028798 -0.13238449 0.6821495
v 0.78465101 -0.1325095 0.6824635
v 0.758643 -0.1282195 0.68252048
v 0.76303199 -0.1168925 0.68862548
v 0.740419 -0.1078435 0.68878451
v 0.71950099 -0.093853503 0.68909851
v 0.702378 -0.074020498 0.68933848
v 0.690424 -0.0505815 0.68945351
v 0.92618802 -0.081602499 0.5957205
v 0.92475703 -0.080469497 0.61753252
v 0.90853903 -0.1040745 0.59749749
v 0.90733203 -0.1027535 0.61945352
v 0.88680103 -0.1221525 0.59888753
v 0.88592002 -0.1206575 0.62092051
v 0.86173102 -0.1350085 0.60007849
v 0.86160401 -0.1339165 0.62211552
v 0.83458701 -0.1426865 0.60105851
v 0.806398 -0.14541949 0.60195848
v 0.779102 -0.1447275 0.62504348
v 0.75189504 -0.14031351 0.6447815
v 0.75338402 -0.13940249 0.66017148
v 0.72534302 -0.1290125 0.66006151
v 0.72821602 -0.1261265 0.67316851
v 0.73350599 -0.1183265 0.68272349
v 0.703208 -0.1089745 0.67384449
v 0.703208 -0.1089745 0.67384449
v 0.71068099 -0.1023545 0.68315253
v 0.68348303 -0.0853725 0.67413953
v 0.69191501 -0.080358498 0.6835635
v 0.66921601 -0.058380499 0.67449948
v 0.67850599 -0.054989502 0.68397048
v 0.66054299 -0.029330499 0.6748955
v 0.67043903 -0.0277595 0.68400648
v 0.68317804 -0.0256395 0.68954751
v 0.92721501 -0.083775498 0.54898748
v 0.927416 -0.082958497 0.57236251
v 0.90993002 -0.1065315 0.5500305
v 0.90965304 -0.1055715 0.57394353
v 0.88795003 -0.1249125 0.55074152
v 0.88766101 -0.1238205 0.57508352
v 0.86200103 -0.13739251 0.55149952
v 0.86189601 -0.13612451 0.57589951
v 0.833774 -0.1446445 0.55213949
v 0.83421901 -0.14370251 0.57662949
v 0.80432704 -0.14755949 0.55267248
v 0.80538699 -0.14622051 0.57732853
v 0.77379003 -0.14698151 0.55328253
v 0.77565202 -0.1458575 0.57795849
v 0.77739504 -0.1453075 0.60262248
v 0.74535599 -0.1416335 0.57887551
v 0.74778399 -0.1412795 0.60341153
v 0.75005999 -0.1408935 0.62571248
v 0.71934304 -0.13048451 0.60442653
v 0.721674 -0.1300565 0.62630448
v 0.72356501 -0.12971351 0.64461651
v 0.69627801 -0.1118245 0.62704453
v 0.69817498 -0.1116025 0.64494249
v 0.70003101 -0.1111115 0.66037551
v 0.70003101 -0.1111115 0.66037551
v 0.67754903 -0.0876825 0.64559552
v 0.67754903 -0.0876825 0.64559552
v 0.67945102 -0.0873615 0.66094849
v 0.67945102 -0.0873615 0.66094849
v 0.67945102 -0.0873615 0.66094849
v 0.66235504 -0.059811499 0.64607349
v 0.66430601 -0.059768502 0.66154751
v 0.66430601 -0.059768502 0.66154751
v 0.65307102 -0.0300705 0.64696148
v 0.65307102 -0.0300705 0.64696148
v 0.655292 -0.029926499 0.66213349
v 0.655292 -0.029926499 0.66213349
v 0.90201399 -0.1005775 0.52732649
v 0.874778 -0.1082925 0.50614348
v 0.88244 -0.1178965 0.52775553
v 0.853793 -0.1206015 0.50667253
v 0.859117 -0.1314535 0.52792647
v 0.829321 -0.1290395 0.50739649
v 0.83215502 -0.1396165 0.52860048
v 0.80207601 -0.1327575 0.50780949
v 0.80310699 -0.1431165 0.5291045
v 0.77382204 -0.13159651 0.50810751
v 0.77308002 -0.14206751 0.52965352
v 0.74662998 -0.1250765 0.50802752
v 0.74381503 -0.13618951 0.53005651
v 0.743211 -0.1423455 0.55432448
v 0.716616 -0.1243585 0.53008351
v 0.716616 -0.1243585 0.53008351
v 0.71436998 -0.13101751 0.55511752
v 0.71670499 -0.13083249 0.58008352
v 0.68870899 -0.1127495 0.55564049
v 0.68870899 -0.1127495 0.55564049
v 0.69137999 -0.1123555 0.58094749
v 0.69399199 -0.1120185 0.60526952
v 0.67052999 -0.0879215 0.58132651
v 0.67052999 -0.0879215 0.58132651
v 0.67322698 -0.087825499 0.60576352
v 0.67322698 -0.087825499 0.60576352
v 0.67560402 -0.0877655 0.62756249
v 0.67560402 -0.0877655 0.62756249
v 0.658393 -0.059929501 0.60578248
v 0.66054103 -0.0598865 0.62766853
v 0.64909801 -0.0304265 0.60561553
v 0.65119901 -0.030273501 0.62782249
v 0.87399301 -0.0818865 0.45699149
v 0.88142702 -0.086256497 0.48201451
v 0.86135998 -0.092723504 0.4580535
v 0.86711201 -0.099162497 0.48282552
v 0.84551904 -0.1023825 0.45864451
v 0.84892604 -0.1106125 0.4832525
v 0.82532302 -0.1103785 0.45895949
v 0.82656303 -0.1186785 0.48392451
v 0.80177298 -0.1144195 0.4590055
v 0.80153403 -0.1224535 0.4842535
v 0.77694699 -0.1131725 0.45876351
v 0.77527902 -0.1211415 0.4842425
v 0.75286403 -0.1069635 0.45825249
v 0.74995902 -0.1148675 0.4837625
v 0.73123303 -0.097392499 0.45752451
v 0.72709998 -0.1040725 0.48313549
v 0.72213301 -0.1134125 0.50757548
v 0.72213301 -0.1134125 0.50757548
v 0.707656 -0.0896485 0.48231849
v 0.707656 -0.0896485 0.48231849
v 0.70044604 -0.097157501 0.50690249
v 0.70044604 -0.097157501 0.50690249
v 0.69272301 -0.1065075 0.52989349
v 0.69272301 -0.1065075 0.52989349
v 0.682888 -0.0760125 0.50647852
v 0.67316803 -0.083164498 0.52971551
v 0.66797802 -0.087968498 0.55589548
v 0.66797802 -0.087968498 0.55589548
v 0.65918198 -0.056523502 0.53011349
v 0.65350899 -0.0599095 0.55589351
v 0.65592 -0.059849501 0.5813385
v 0.64493099 -0.0302535 0.55586252
v 0.64702204 -0.030467501 0.58123252
v 0.650861 -0.028415499 0.53020349
v 0.868269 -0.079823501 0.40499851
v 0.869706 -0.079974502 0.4312875
v 0.85755602 -0.089714497 0.40536949
v 0.85830602 -0.090207502 0.43207249
v 0.844156 -0.096749499 0.40536252
v 0.84395602 -0.098024502 0.43245649
v 0.82725504 -0.1033675 0.4051075
v 0.82563302 -0.1052555 0.43254149
v 0.80510303 -0.1079995 0.40458351
v 0.80307999 -0.1096735 0.4323625
v 0.780938 -0.1074325 0.40387651
v 0.77878401 -0.1087795 0.43191952
v 0.75763801 -0.1013895 0.40340751
v 0.75528601 -0.1026025 0.43141851
v 0.73742601 -0.092819497 0.40338451
v 0.73474702 -0.094087504 0.43085051
v 0.72066602 -0.0804215 0.4037725
v 0.72066602 -0.0804215 0.4037725
v 0.71800503 -0.081637502 0.43039551
v 0.71800503 -0.081637502 0.43039551
v 0.71355 -0.084612504 0.45658651
v 0.71355 -0.084612504 0.45658651
v 0.70693001 -0.061872501 0.4309715
v 0.70125404 -0.0646175 0.45702252
v 0.692884 -0.069448501 0.48225251
v 0.689347 -0.041435499 0.45759949
v 0.68120602 -0.0455085 0.48276451
v 0.67075804 -0.0508755 0.50714752
v 0.67286202 -0.021921501 0.48321351
v 0.662487 -0.0252425 0.50733951
v 0.67995098 -0.0199435 0.45784649
v 0.882875 -0.024937499 0.3492215
v 0.87774703 -0.049084499 0.35003549
v 0.87075499 -0.082035497 0.35196552
v 0.86879703 -0.0804625 0.3783505
v 0.86097398 -0.092351504 0.35176352
v 0.858735 -0.0906225 0.37832749
v 0.84784403 -0.099740498 0.3509075
v 0.84564003 -0.097454503 0.37792951
v 0.831588 -0.1065815 0.3493855
v 0.82929 -0.1040025 0.37725151
v 0.810559 -0.1120275 0.34657851
v 0.807533 -0.1089795 0.3760075
v 0.78715602 -0.1119045 0.34238851
v 0.78351399 -0.1085365 0.37458152
v 0.76292703 -0.1058475 0.3405405
v 0.76002404 -0.1023315 0.3740885
v 0.737331 -0.094883502 0.3466205
v 0.73822901 -0.093169503 0.37541249
v 0.71897903 -0.082403503 0.3508065
v 0.71897903 -0.082403503 0.3508065
v 0.71897903 -0.082403503 0.3508065
v 0.72090903 -0.080549501 0.37712249
v 0.72090903 -0.080549501 0.37712249
v 0.70788303 -0.061401501 0.35303849
v 0.70788303 -0.061401501 0.35303849
v 0.70982 -0.0606305 0.37851351
v 0.70954099 -0.0606695 0.40465149
v 0.69684604 -0.037965499 0.38004652
v 0.69680902 -0.0380865 0.40560451
v 0.69460002 -0.0389085 0.4316445
v 0.68597302 -0.018653501 0.4062815
v 0.68404201 -0.0189615 0.43197751
v 0.89233699 -0.0271245 0.29796451
v 0.88681701 -0.0259785 0.32335252
v 0.88704702 -0.0526365 0.29837251
v 0.88146302 -0.050594501 0.32390252
v 0.883463 -0.0735595 0.30034551
v 0.87838802 -0.070205502 0.3253375
v 0.87867901 -0.089052498 0.30195349
v 0.87867901 -0.089052498 0.30195349
v 0.87465504 -0.0854045 0.32656151
v 0.868507 -0.1005535 0.30216151
v 0.86416402 -0.095834501 0.3262395
v 0.85537103 -0.1090015 0.30130249
v 0.85095504 -0.1037235 0.32513949
v 0.84054402 -0.1158675 0.29863051
v 0.83509502 -0.1109795 0.32267049
v 0.82482299 -0.1210165 0.2928935
v 0.81604299 -0.1168095 0.3172625
v 0.85140201 -0.1211235 0.2754595
v 0.83920601 -0.1247085 0.2698445
v 0.82569703 -0.12550449 0.26241949
v 0.859355 -0.12626851 0.2459275
v 0.84649101 -0.1260155 0.2393515
v 0.82466599 -0.1245535 0.22888051
v 0.80513403 -0.1242195 0.25148749
v 0.800199 -0.1230835 0.2183235
v 0.78366598 -0.1235715 0.24040951
v 0.77513298 -0.1225835 0.2079415
v 0.76072803 -0.1221905 0.2284345
v 0.74585101 -0.1198705 0.24731751
v 0.736738 -0.1195865 0.2169155
v 0.72378799 -0.1165675 0.2345095
v 0.71154401 -0.1094305 0.2485055
v 0.73052499 -0.1113745 0.2634145
v 0.69866303 -0.099893503 0.25950351
v 0.712715 -0.099752501 0.27651051
v 0.686744 -0.0872095 0.2665225
v 0.686744 -0.0872095 0.2665225
v 0.69781503 -0.086518504 0.28429651
v 0.69781503 -0.086518504 0.28429651
v 0.70672902 -0.0853865 0.30377951
v 0.70672902 -0.0853865 0.30377951
v 0.71425703 -0.084137499 0.3255125
v 0.71425703 -0.084137499 0.3255125
v 0.68905398 -0.064165503 0.28651652
v 0.69735101 -0.063185498 0.3066555
v 0.70370099 -0.062695503 0.32884049
v 0.68472204 -0.038391501 0.3099305
v 0.69076702 -0.0381945 0.33187249
v 0.694796 -0.038042501 0.35536751
v 0.694796 -0.038042501 0.35536751
v 0.67994002 -0.0182325 0.33427149
v 0.683898 -0.018376499 0.35717049
v 0.67442003 -0.0180085 0.3126415
v 0.62903401 -0.0239565 0.22168751
v 0.61566499 -0.0276575 0.21186051
v 0.599269 -0.0293775 0.20604551
v 0.622345 -0.0518695 0.2129045
v 0.60303101 -0.0530085 0.20670651
v 0.58289602 -0.0513555 0.20046851
v 0.58186403 -0.0286585 0.20027651
v 0.56333402 -0.027192499 0.19568451
v 0.912967 -0.029832501 0.2473855
v 0.90001401 -0.028338499 0.2725555
v 0.90811804 -0.057588499 0.2475595
v 0.89489302 -0.0550115 0.2734215
v 0.903083 -0.080929503 0.25162849
v 0.89117798 -0.077276498 0.27646551
v 0.89671901 -0.097686499 0.25493652
v 0.88533702 -0.093377501 0.2785275
v 0.88808802 -0.1085775 0.2558175
v 0.87489304 -0.1048325 0.27898949
v 0.87489304 -0.1048325 0.27898949
v 0.87893298 -0.1180865 0.25490749
v 0.87893298 -0.1180865 0.25490749
v 0.863143 -0.1141455 0.27824551
v 0.863143 -0.1141455 0.27824551
v 0.86956701 -0.1245265 0.2513895
v 0.902814 -0.1218275 0.2326615
v 0.902814 -0.1218275 0.2326615
v 0.89302602 -0.12638649 0.2281685
v 0.88244602 -0.12695651 0.2230255
v 0.91366103 -0.1272175 0.20277451
v 0.900534 -0.1273205 0.1979215
v 0.88219199 -0.1270045 0.1922725
v 0.86730704 -0.1266775 0.2156865
v 0.85698602 -0.1262435 0.1841605
v 0.84293804 -0.1256005 0.20582551
v 0.827939 -0.1246435 0.17443851
v 0.81550601 -0.1238825 0.19593151
v 0.79874203 -0.1231075 0.16520551
v 0.78797701 -0.1228025 0.18660051
v 0.76977703 -0.1222015 0.1570635
v 0.76046702 -0.1217575 0.1778705
v 0.74933204 -0.1209575 0.1979115
v 0.73235902 -0.1184625 0.1697765
v 0.72265002 -0.1171505 0.1884155
v 0.71201101 -0.1151615 0.2062915
v 0.69559702 -0.1130505 0.18043451
v 0.68711498 -0.1116615 0.1974145
v 0.67966804 -0.1099925 0.2109105
v 0.70163903 -0.1127255 0.2221325
v 0.67307302 -0.1054295 0.22117351
v 0.69262502 -0.1075075 0.2342215
v 0.66646501 -0.098031498 0.23001951
v 0.66646501 -0.098031498 0.23001951
v 0.68331799 -0.0992935 0.2439595
v 0.68331799 -0.0992935 0.2439595
v 0.66129699 -0.086114503 0.23557951
v 0.67466602 -0.086712502 0.25023252
v 0.67466602 -0.086712502 0.25023252
v 0.65803602 -0.067424498 0.2362625
v 0.66961303 -0.065856501 0.2509385
v 0.67986903 -0.065004498 0.26791349
v 0.659574 -0.039972499 0.25214249
v 0.66914001 -0.038891502 0.27014649
v 0.67753699 -0.038540501 0.2893855
v 0.65920302 -0.0173005 0.27269849
v 0.66732702 -0.017616501 0.29227051
v 0.64971301 -0.0181245 0.2540105
v 0.63998601 -0.0201855 0.23681951
v 0.64953503 -0.0432605 0.23592551
v 0.63791701 -0.047812499 0.22232251
v 0.643397 -0.069737501 0.22317751
v 0.62559798 -0.070504501 0.2135745
v 0.64565101 -0.085344501 0.2227765
v 0.62687102 -0.083651498 0.2133235
v 0.605701 -0.081653498 0.20644151
v 0.60502699 -0.069776498 0.20689151
v 0.58387199 -0.079182498 0.20049851
v 0.58360103 -0.067743503 0.2006685
v 0.56217203 -0.076656498 0.1955225
v 0.56265703 -0.065824501 0.19578651
v 0.56307599 -0.0488795 0.19573151
v 0.54310098 -0.062669501 0.19073251
v 0.54400304 -0.0467395 0.19091851
v 0.54469499 -0.025719501 0.19098151
v 0.52502999 -0.044451501 0.1867905
v 0.52566901 -0.024486501 0.1868905
v 0.94486204 -0.0291945 0.2082355
v 0.94486204 -0.0291945 0.2082355
v 0.93031701 -0.0304035 0.2252765
v 0.943625 -0.058185499 0.2054785
v 0.92665401 -0.059113499 0.2238145
v 0.94086501 -0.0834575 0.20614651
v 0.922245 -0.0836595 0.2268945
v 0.93755803 -0.1010035 0.2080685
v 0.91714701 -0.1004025 0.2309245
v 0.93239501 -0.1141235 0.2082485
v 0.93239501 -0.1141235 0.2082485
v 0.91057399 -0.1122555 0.2329815
v 0.924858 -0.1237355 0.2069145
v 0.924858 -0.1237355 0.2069145
v 0.93910798 -0.1119915 0.1784585
v 0.93910798 -0.1119915 0.1784585
v 0.93910798 -0.1119915 0.1784585
v 0.93248901 -0.1217455 0.1767455
v 0.93248901 -0.1217455 0.1767455
v 0.92156199 -0.1267105 0.17529351
v 0.93219504 -0.1210855 0.1457185
v 0.93219504 -0.1210855 0.1457185
v 0.92190501 -0.1268035 0.14450051
v 0.90997699 -0.1274555 0.1434115
v 0.90817401 -0.1273755 0.17300351
v 0.894308 -0.1272905 0.14147151
v 0.890322 -0.1271915 0.16847551
v 0.87144199 -0.1267115 0.13682351
v 0.86584398 -0.1265365 0.1615845
v 0.84383002 -0.12555151 0.1296905
v 0.83707502 -0.12518349 0.1528115
v 0.81405398 -0.1238605 0.1215625
v 0.80731699 -0.1235235 0.14382051
v 0.78391299 -0.1226665 0.1138695
v 0.77753899 -0.1224755 0.1357125
v 0.75399402 -0.1206185 0.1069165
v 0.74806002 -0.1201555 0.1287525
v 0.74088702 -0.1194715 0.1497675
v 0.71877101 -0.1159525 0.1224045
v 0.71175101 -0.1151485 0.1433045
v 0.70374998 -0.1141765 0.16281751
v 0.68304804 -0.1118455 0.13837351
v 0.67594704 -0.1108535 0.15727851
v 0.66916099 -0.1096835 0.1739465
v 0.64830902 -0.1063175 0.15410951
v 0.64326802 -0.1052685 0.1693095
v 0.63869002 -0.1042315 0.18244651
v 0.66262701 -0.1076805 0.1891845
v 0.63477203 -0.1032415 0.19294551
v 0.65751299 -0.1057895 0.2003355
v 0.630927 -0.1014385 0.2028065
v 0.65253899 -0.1031195 0.2104025
v 0.628337 -0.094027497 0.2100005
v 0.628337 -0.094027497 0.2100005
v 0.648222 -0.096209504 0.2186365
v 0.648222 -0.096209504 0.2186365
v 0.60865101 -0.098179497 0.19693251
v 0.60655203 -0.091741502 0.20388651
v 0.60655203 -0.091741502 0.20388651
v 0.585673 -0.0963035 0.19295551
v 0.585673 -0.0963035 0.19295551
v 0.58424804 -0.089367501 0.1988955
v 0.58424804 -0.089367501 0.1988955
v 0.56241903 -0.094688497 0.1895615
v 0.56241903 -0.094688497 0.1895615
v 0.56176499 -0.0867135 0.19445351
v 0.54101399 -0.091441497 0.1856675
v 0.54101399 -0.091441497 0.1856675
v 0.54132304 -0.082898498 0.1892035
v 0.54215601 -0.073592499 0.19038451
v 0.52261904 -0.079217501 0.18501151
v 0.52332804 -0.070741497 0.1862845
v 0.52419904 -0.060006499 0.18665451
v 0.50505903 -0.0690585 0.18232751
v 0.50560501 -0.0586305 0.18249351
v 0.50618199 -0.043362502 0.1824705
v 0.48735502 -0.0430375 0.18060151
v 0.48770401 -0.023936501 0.18052651
v 0.50667599 -0.0241755 0.18248351
v 0.947148 -0.0267365 0.1539285
v 0.94770703 -0.0274735 0.18561551
v 0.94770703 -0.0274735 0.18561551
v 0.947229 -0.0548805 0.1526275
v 0.94756404 -0.056406502 0.18286851
v 0.94756404 -0.056406502 0.18286851
v 0.94649002 -0.081228502 0.15026851
v 0.946942 -0.082473502 0.1813605
v 0.946942 -0.082473502 0.1813605
v 0.94295999 -0.0981775 0.1485275
v 0.94411001 -0.1000555 0.18034251
v 0.94411001 -0.1000555 0.18034251
v 0.93841001 -0.1105575 0.14680551
v 0.94088998 -0.097765498 0.11508051
v 0.93660703 -0.1099555 0.1143025
v 0.93101802 -0.1204005 0.1136215
v 0.93101802 -0.1204005 0.1136215
v 0.93480304 -0.1091705 0.0823825
v 0.92985103 -0.1199615 0.082041502
v 0.92985103 -0.1199615 0.082041502
v 0.92071202 -0.1265485 0.081979506
v 0.92142203 -0.1266385 0.1131295
v 0.909547 -0.1273765 0.081990503
v 0.90984002 -0.1274635 0.1127365
v 0.89589199 -0.1273185 0.081689507
v 0.89578202 -0.1273365 0.1118155
v 0.87616202 -0.1268985 0.080567501
v 0.87478301 -0.12684751 0.1092535
v 0.85139599 -0.1259585 0.077793501
v 0.84853199 -0.1258045 0.1044875
v 0.82271299 -0.1244895 0.073081501
v 0.81916603 -0.1241865 0.098127507
v 0.79279003 -0.1230095 0.0674145
v 0.78901801 -0.1228355 0.091091506
v 0.76229402 -0.1210795 0.061307505
v 0.75873104 -0.1208995 0.084411502
v 0.73206404 -0.1170245 0.055416502
v 0.72880301 -0.1168155 0.078419507
v 0.724439 -0.1164215 0.1007765
v 0.698746 -0.1134575 0.073251501
v 0.69468704 -0.1131275 0.095616505
v 0.68961999 -0.1126015 0.11727051
v 0.66471699 -0.1093015 0.091991507
v 0.65978304 -0.1085365 0.1142365
v 0.65403703 -0.1074855 0.1356685
v 0.63099399 -0.1048335 0.11254451
v 0.62600502 -0.1041475 0.1345285
v 0.62162301 -0.1034355 0.15196951
v 0.59924904 -0.1008135 0.1340405
v 0.59577098 -0.1001745 0.1508525
v 0.59290901 -0.099620499 0.1635015
v 0.61778602 -0.1027385 0.16589651
v 0.59026304 -0.099197499 0.17439951
v 0.614333 -0.1019835 0.1780335
v 0.58790401 -0.0985405 0.18393651
v 0.61144099 -0.1008765 0.1878195
v 0.56655899 -0.097608499 0.1716615
v 0.56441304 -0.096977502 0.1808105
v 0.54427299 -0.0957525 0.1686285
v 0.54244199 -0.094940498 0.17746851
v 0.52358702 -0.0930245 0.1660635
v 0.52277103 -0.091304503 0.17421651
v 0.52228102 -0.086808503 0.1812405
v 0.52228102 -0.086808503 0.1812405
v 0.50423202 -0.089032501 0.1727085
v 0.50429198 -0.084580503 0.1790525
v 0.50429198 -0.084580503 0.1790525
v 0.504572 -0.077256501 0.1819115
v 0.487111 -0.084324501 0.1787495
v 0.94214502 -0.0268705 0.085141502
v 0.94470403 -0.0268595 0.1187345
v 0.94283 -0.0539805 0.0845415
v 0.94531599 -0.054217499 0.11775351
v 0.94244602 -0.080387503 0.083575502
v 0.944958 -0.080723502 0.1162385
v 0.93875703 -0.097248502 0.082873501
v 0.93999401 -0.079979502 0.051922504
v 0.93643603 -0.096602499 0.051613502
v 0.93280402 -0.1084615 0.051356502
v 0.93368199 -0.0962805 0.021001503
v 0.93024203 -0.1079535 0.020987503
v 0.925203 -0.1183595 0.021074504
v 0.925203 -0.1183595 0.021074504
v 0.92740598 -0.1189895 0.051244505
v 0.92740598 -0.1189895 0.051244505
v 0.91716602 -0.1256105 0.021409504
v 0.91894999 -0.1262065 0.051390503
v 0.90634999 -0.1273625 0.021933503
v 0.90791103 -0.12744451 0.051690504
v 0.89449099 -0.1273815 0.022433503
v 0.89539203 -0.1274385 0.051880505
v 0.87644199 -0.1269895 0.022859503
v 0.87651899 -0.1269815 0.051655505
v 0.85415503 -0.12625951 0.022668503
v 0.85316202 -0.1261345 0.050299503
v 0.82675901 -0.1249575 0.021135503
v 0.82514402 -0.1247405 0.047257502
v 0.79704103 -0.1232805 0.017867504
v 0.79540303 -0.1231595 0.042832505
v 0.76643804 -0.1211955 0.013379503
v 0.76487103 -0.1212375 0.037489504
v 0.73558399 -0.1170945 0.0082735028
v 0.70168403 -0.1136165 0.050374504
v 0.67153999 -0.1102315 0.046367504
v 0.66866001 -0.1098975 0.069368504
v 0.639038 -0.1056345 0.066586502
v 0.63530502 -0.1053025 0.089835502
v 0.60971299 -0.1023265 0.064789504
v 0.60679904 -0.1019895 0.088618502
v 0.60323599 -0.1014655 0.1121555
v 0.57921502 -0.098330498 0.088302501
v 0.57681504 -0.098389499 0.1120135
v 0.57389203 -0.098300502 0.13316651
v 0.55081001 -0.096779503 0.11207251
v 0.54943499 -0.0966435 0.13218251
v 0.54770002 -0.0964505 0.1477235
v 0.571134 -0.098147497 0.1493565
v 0.54587802 -0.096140496 0.1594495
v 0.56867203 -0.0979155 0.1617645
v 0.52492002 -0.093632497 0.14617251
v 0.524299 -0.093424499 0.1575215
v 0.50335601 -0.091091499 0.1466345
v 0.50403103 -0.090958498 0.15725851
v 0.50424299 -0.090558499 0.16516851
v 0.48539701 -0.091008499 0.1578975
v 0.48625302 -0.0904935 0.16596851
v 0.48690403 -0.088775501 0.17302451
v 0.46881202 -0.095104501 0.1694845
v 0.46989402 -0.092169501 0.17750651
v 0.45100802 -0.091282502 0.1817885
v 0.93586501 -0.0266685 0.021543503
v 0.940097 -0.0268065 0.052756503
v 0.93707201 -0.053429499 0.021360504
v 0.94062802 -0.053729501 0.052433502
v 0.93723199 -0.079512499 0.021024503
v 0.93408599 -0.0525955 -0.0091514969
v 0.93398699 -0.078513503 -0.0092284968
v 0.93096098 -0.095732503 -0.009132497
v 0.93058804 -0.076923497 -0.039312497
v 0.92740598 -0.0944295 -0.038959496
v 0.92414901 -0.1059965 -0.038657498
v 0.92748299 -0.1072235 -0.0090504969
v 0.91948 -0.1163965 -0.038196497
v 0.91948 -0.1163965 -0.038196497
v 0.92318204 -0.1178775 -0.0089064967
v 0.92318204 -0.1178775 -0.0089064967
v 0.91219303 -0.1242025 -0.037455495
v 0.91529199 -0.1254645 -0.0083874967
v 0.901777 -0.1270455 -0.036223497
v 0.90435001 -0.1272855 -0.0074244966
v 0.89065501 -0.1274365 -0.034934498
v 0.89274701 -0.12737951 -0.0064834966
v 0.87483904 -0.1270915 -0.033359498
v 0.87610504 -0.1270605 -0.0054194969
v 0.85414299 -0.1264815 -0.031759497
v 0.85445198 -0.1263655 -0.0047114966
v 0.82797602 -0.1254735 -0.030765496
v 0.82765701 -0.1252135 -0.0049214968
v 0.79868904 -0.1236795 -0.031576497
v 0.79816404 -0.1234615 -0.006963497
v 0.767652 -0.1209955 -0.034545496
v 0.76734301 -0.1211405 -0.010809497
v 0.73600098 -0.1168035 -0.039212495
v 0.73613402 -0.1170225 -0.015631497
v 0.70483604 -0.1134195 -0.044699498
v 0.70533702 -0.1135495 -0.020852497
v 0.58106801 -0.098245502 0.063825503
v 0.55211899 -0.096554503 0.063682504
v 0.55168 -0.096717499 0.088524505
v 0.52265701 -0.093293503 0.064226501
v 0.52422002 -0.093539499 0.089302503
v 0.52505603 -0.093720503 0.1122995
v 0.49982601 -0.091001503 0.090560503
v 0.50085703 -0.0911185 0.11314651
v 0.50207201 -0.091139503 0.1314605
v 0.52523401 -0.093732499 0.1313155
v 0.48247501 -0.092824504 0.1152035
v 0.483179 -0.0922435 0.1336305
v 0.48413402 -0.091526501 0.1482255
v 0.46728602 -0.096912503 0.13633451
v 0.46743602 -0.096445501 0.1511845
v 0.467949 -0.096221499 0.1610335
v 0.44909501 -0.095036499 0.15537851
v 0.449404 -0.094571501 0.1653955
v 0.45012403 -0.093958497 0.17383251
v 0.43052 -0.092596501 0.1702825
v 0.431407 -0.091718502 0.17882851
v 0.432354 -0.0888495 0.1858715
v 0.414455 -0.091099501 0.1837015
v 0.41527402 -0.088640504 0.1902345
v 0.400244 -0.092530504 0.1946805
v 0.92857501 -0.025462501 -0.038935497
v 0.93329999 -0.026221501 -0.009012497
v 0.93016902 -0.051291499 -0.039219499
v 0.92363003 -0.024339501 -0.068619497
v 0.92546001 -0.0494445 -0.068951495
v 0.92592904 -0.074759498 -0.069007494
v 0.91959104 -0.046658501 -0.098376498
v 0.92056999 -0.071788497 -0.098501496
v 0.91787603 -0.090535499 -0.097801499
v 0.92330202 -0.092935503 -0.068547495
v 0.91481099 -0.1031215 -0.096985497
v 0.92003801 -0.1048205 -0.067964494
v 0.91128799 -0.1137575 -0.096019499
v 0.91621599 -0.1155415 -0.067226499
v 0.91621599 -0.1155415 -0.067226499
v 0.90578499 -0.1234255 -0.094585493
v 0.90578499 -0.1234255 -0.094585493
v 0.90913001 -0.1242105 -0.066051498
v 0.90913001 -0.1242105 -0.066051498
v 0.89553699 -0.1268295 -0.0928175
v 0.89878604 -0.1271745 -0.064480498
v 0.88467398 -0.1271565 -0.090701498
v 0.88777402 -0.1273095 -0.062945496
v 0.87068799 -0.12700251 -0.088078499
v 0.873225 -0.1270805 -0.060969498
v 0.851769 -0.12655351 -0.084710494
v 0.853268 -0.12654249 -0.058414496
v 0.82761702 -0.1258415 -0.081276499
v 0.82807103 -0.1257365 -0.056130499
v 0.79865304 -0.1241675 -0.079163499
v 0.79880503 -0.1239035 -0.055684496
v 0.76689902 -0.1209745 -0.079813495
v 0.76746401 -0.1209915 -0.057637498
v 0.73507503 -0.1165425 -0.061906498
v 0.70355204 -0.1131855 -0.067889497
v 0.49738002 -0.0907555 0.039569505
v 0.49849501 -0.090952501 0.065244503
v 0.48363101 -0.092270501 0.040209502
v 0.48299101 -0.092421502 0.066296503
v 0.48245201 -0.093008503 0.092398502
v 0.473436 -0.0993995 0.067268506
v 0.470433 -0.0985175 0.093922503
v 0.46821102 -0.097445503 0.1174985
v 0.45693901 -0.097754501 0.0951965
v 0.45253602 -0.096485503 0.1198815
v 0.44989002 -0.095644504 0.14009151
v 0.434825 -0.094856501 0.1223955
v 0.43139401 -0.093852498 0.1441485
v 0.43014801 -0.0930885 0.1602115
v 0.414913 -0.092495501 0.14626351
v 0.41364002 -0.092184499 0.16358951
v 0.41369301 -0.0919175 0.1752705
v 0.399275 -0.096180499 0.1669175
v 0.399443 -0.095815502 0.17930651
v 0.399937 -0.094789498 0.18793951
v 0.384817 -0.1061235 0.1850515
v 0.38488302 -0.1051695 0.1941005
v 0.384536 -0.1029275 0.2017325
v 0.36478201 -0.1160435 0.20291451
v 0.36216301 -0.1120495 0.2109075
v 0.34877402 -0.1221095 0.2073455
v 0.34595102 -0.1174535 0.21531551
v 0.33624002 -0.1275755 0.2093955
v 0.332636 -0.1228425 0.2170485
v 0.327663 -0.1174625 0.2254345
v 0.318295 -0.1265655 0.2163545
v 0.31211701 -0.1201305 0.2240815
v 0.29386601 -0.049331501 0.26011351
v 0.30528802 -0.047843501 0.26251751
v 0.30300802 -0.024479501 0.26299751
v 0.916944 -0.022719501 -0.097813495
v 0.90935203 -0.0201935 -0.1267235
v 0.91258302 -0.0424635 -0.1275235
v 0.89941302 -0.016407501 -0.1553105
v 0.90325204 -0.035990499 -0.15670049
v 0.90525803 -0.059350502 -0.15684849
v 0.913793 -0.0668865 -0.12768249
v 0.90373299 -0.080340497 -0.1557655
v 0.91150799 -0.086581498 -0.1268995
v 0.90102103 -0.095644504 -0.15459549
v 0.908815 -0.1001255 -0.1260415
v 0.898222 -0.1074965 -0.15356049
v 0.90599599 -0.1111755 -0.12511849
v 0.89411399 -0.1185415 -0.15212649
v 0.89411399 -0.1185415 -0.15212649
v 0.90087202 -0.1211605 -0.1236225
v 0.90087202 -0.1211605 -0.1236225
v 0.88567904 -0.12582751 -0.1492105
v 0.89154199 -0.1266695 -0.1211755
v 0.87404004 -0.1269035 -0.1450845
v 0.88036802 -0.12707549 -0.1182095
v 0.86109599 -0.12684751 -0.1406295
v 0.86649004 -0.1269065 -0.1146165
v 0.844785 -0.1266185 -0.13571149
v 0.84901199 -0.12654351 -0.1104975
v 0.824433 -0.1263195 -0.1303345
v 0.82659802 -0.1259715 -0.1059365
v 0.797066 -0.1258425 -0.1242745
v 0.79817304 -0.1247495 -0.1019435
v 0.76652101 -0.1220945 -0.1209735
v 0.76628903 -0.1211875 -0.1010345
v 0.79498199 -0.1268795 -0.14670649
v 0.76711503 -0.1246895 -0.1415395
v 0.73849699 -0.1180905 -0.14092849
v 0.76653102 -0.1267475 -0.1634365
v 0.74067304 -0.1207005 -0.1611855
v 0.72199103 -0.1172885 -0.1615275
v 0.71832898 -0.1149475 -0.14379549
v 0.71066204 -0.1143775 -0.16282849
v 0.70779404 -0.1129855 -0.1467915
v 0.70126 -0.1096565 -0.1641375
v 0.69906399 -0.1099385 -0.1495205
v 0.692682 -0.1098835 -0.13580249
v 0.68092999 -0.1086605 -0.12609449
v 0.66339204 -0.0998445 -0.1286985
v 0.64412203 -0.097395502 -0.1277975
v 0.47691402 -0.099901497 0.040948503
v 0.46570301 -0.1006335 0.041433502
v 0.46177602 -0.099234499 0.068013504
v 0.451626 -0.098704502 0.041887503
v 0.44634101 -0.0974705 0.068900503
v 0.439832 -0.096059501 0.096705504
v 0.426772 -0.095561497 0.0702525
v 0.42126802 -0.094455503 0.0982235
v 0.41739401 -0.093323499 0.1244445
v 0.403023 -0.095580503 0.0997205
v 0.401133 -0.095805503 0.12639651
v 0.39991102 -0.096084498 0.1485675
v 0.38626701 -0.1055275 0.1287805
v 0.38556802 -0.1060205 0.1530185
v 0.384918 -0.1064425 0.17237951
v 0.36742601 -0.1177865 0.15792951
v 0.36711302 -0.1183185 0.1789825
v 0.36631301 -0.1180845 0.19245251
v 0.35134003 -0.12737951 0.1830395
v 0.35092801 -0.1259965 0.1971145
v 0.26622 -0.050079498 0.2300085
v 0.27367902 -0.049693499 0.2430225
v 0.27453601 -0.0254435 0.24482651
v 0.28298002 -0.025356499 0.2544935
v 0.292483 -0.0250545 0.26060149
v 0.88606098 -0.0112555 -0.1839305
v 0.86922601 -0.0052045002 -0.2102695
v 0.86922601 -0.0052045002 -0.2102695
v 0.87579301 -0.017027501 -0.2135855
v 0.89057103 -0.026176501 -0.1857685
v 0.88033202 -0.036789499 -0.21299849
v 0.89363798 -0.0483335 -0.18548849
v 0.88225701 -0.0615105 -0.2112985
v 0.89385203 -0.072031498 -0.1840715
v 0.88049701 -0.084607497 -0.2091905
v 0.89169404 -0.090480499 -0.1825695
v 0.87795898 -0.1007435 -0.2073935
v 0.88898298 -0.1039365 -0.18105149
v 0.87508401 -0.1131545 -0.20553149
v 0.88549402 -0.1156585 -0.1792675
v 0.88549402 -0.1156585 -0.1792675
v 0.86977902 -0.1239155 -0.2026235
v 0.86977902 -0.1239155 -0.2026235
v 0.87819299 -0.1246415 -0.17603549
v 0.87819299 -0.1246415 -0.17603549
v 0.858731 -0.1269225 -0.19715449
v 0.86684099 -0.1267285 -0.1713585
v 0.84649399 -0.1271845 -0.19128449
v 0.85427502 -0.1269035 -0.1662925
v 0.83249101 -0.12732451 -0.1850045
v 0.83931801 -0.1268525 -0.1606195
v 0.81539002 -0.1275395 -0.17831549
v 0.82073 -0.1268335 -0.15441349
v 0.79201701 -0.1279705 -0.17008249
v 0.808548 -0.12836149 -0.20168149
v 0.78812298 -0.12892251 -0.1935685
v 0.76439503 -0.12851749 -0.1862845
v 0.78267202 -0.1297155 -0.2174125
v 0.76097199 -0.13017949 -0.2097785
v 0.73962799 -0.12695549 -0.20406049
v 0.74127403 -0.1239925 -0.1819315
v 0.72330299 -0.1226825 -0.2015775
v 0.72361103 -0.1198495 -0.18095949
v 0.71065602 -0.1188345 -0.2006055
v 0.71127 -0.1166395 -0.18073049
v 0.70051703 -0.1109675 -0.2000445
v 0.70139304 -0.1100415 -0.1808075
v 0.66308603 -0.079117499 -0.1292415
v 0.66315702 -0.091073498 -0.12910549
v 0.64484903 -0.077423498 -0.12913249
v 0.64427403 -0.087925501 -0.1289455
v 0.62031201 -0.0756265 -0.1293765
v 0.61948803 -0.084999502 -0.12921649
v 0.618489 -0.093960501 -0.1278705
v 0.58942398 -0.082303502 -0.13003549
v 0.58829299 -0.090944499 -0.12929849
v 0.556227 -0.089204498 -0.12885749
v 0.45724303 -0.1004655 -0.010278497
v 0.45524001 -0.0996975 0.015736504
v 0.43846902 -0.097957499 -0.0097124968
v 0.435855 -0.097313501 0.016367503
v 0.43180001 -0.096535504 0.042896502
v 0.411661 -0.095234498 0.017912503
v 0.409181 -0.095249504 0.044530503
v 0.40574902 -0.095231503 0.0718235
v 0.38860801 -0.1042025 0.046494503
v 0.387521 -0.1049295 0.073624507
v 0.386823 -0.1052485 0.1015715
v 0.36713701 -0.1173815 0.10364851
v 0.24845901 -0.049760502 0.21311951
v 0.249942 -0.025881501 0.21450551
v 0.26005501 -0.0257235 0.22175251
v 0.267607 -0.0255435 0.2320625
v 0.84795401 -0.0032525002 -0.2315855
v 0.84795401 -0.0032525002 -0.2315855
v 0.85835001 -0.0092174998 -0.23784849
v 0.85835001 -0.0092174998 -0.23784849
v 0.852424 -0.024385501 -0.26130849
v 0.86651704 -0.0278315 -0.23848049
v 0.85556599 -0.048627499 -0.2607165
v 0.86955801 -0.0529605 -0.23727649
v 0.85554501 -0.074135497 -0.25907451
v 0.86877802 -0.078544497 -0.2350025
v 0.852213 -0.094471499 -0.25630748
v 0.86555502 -0.0973875 -0.2324705
v 0.849444 -0.1084055 -0.25433651
v 0.86279401 -0.1106755 -0.2305955
v 0.846109 -0.1202395 -0.2520645
v 0.846109 -0.1202395 -0.2520645
v 0.85874203 -0.1221965 -0.2281975
v 0.85874203 -0.1221965 -0.2281975
v 0.83770201 -0.1269505 -0.2465775
v 0.84896901 -0.1270005 -0.2224575
v 0.82687303 -0.12835249 -0.2397625
v 0.83730504 -0.1276955 -0.2158245
v 0.815074 -0.1287435 -0.2328655
v 0.82437602 -0.1279895 -0.20893949
v 0.80055001 -0.1291635 -0.2254425
v 0.80456802 -0.12970451 -0.25625551
v 0.79143801 -0.13005251 -0.24895449
v 0.77513298 -0.1306285 -0.24098049
v 0.780642 -0.1314735 -0.27204651
v 0.76605102 -0.1320595 -0.26454249
v 0.74880698 -0.1327945 -0.25675648
v 0.75576499 -0.13146649 -0.2331015
v 0.731383 -0.1318505 -0.25023749
v 0.73609504 -0.1294695 -0.2269475
v 0.71752098 -0.12900449 -0.24598749
v 0.72136602 -0.1259865 -0.2235955
v 0.70490798 -0.1240915 -0.2432555
v 0.708617 -0.1210825 -0.22174549
v 0.69492903 -0.1145695 -0.24218249
v 0.69492903 -0.1145695 -0.24218249
v 0.69850102 -0.1124785 -0.2208425
v 0.69850102 -0.1124785 -0.2208425
v 0.68664303 -0.1029605 -0.2413135
v 0.69054899 -0.1013335 -0.2202165
v 0.68050602 -0.089329503 -0.24067649
v 0.68441501 -0.088375501 -0.2195935
v 0.68340299 -0.073103502 -0.2203185
v 0.67823103 -0.047225501 -0.12931649
v 0.676698 -0.065890498 -0.13027249
v 0.66363099 -0.046853501 -0.12907749
v 0.66306201 -0.065114498 -0.1292295
v 0.64660099 -0.0468015 -0.12903449
v 0.64591798 -0.064621501 -0.1291295
v 0.62340799 -0.046424501 -0.1292055
v 0.62189099 -0.063072503 -0.1293325
v 0.59340903 -0.045943499 -0.1296255
v 0.59202203 -0.061888501 -0.12982249
v 0.59063402 -0.073390499 -0.13001649
v 0.56053802 -0.060679499 -0.1301665
v 0.55902502 -0.071625501 -0.13038449
v 0.55763999 -0.080378503 -0.1303485
v 0.52995202 -0.069376498 -0.1293745
v 0.528312 -0.077985503 -0.1287895
v 0.52658901 -0.086063497 -0.12709349
v 0.50446799 -0.077923499 -0.12696549
v 0.503939 -0.0842935 -0.1246165
v 0.45872402 -0.1019335 -0.0976175
v 0.45924503 -0.1018835 -0.080760494
v 0.44110501 -0.0984575 -0.0812805
v 0.441046 -0.098489501 -0.059962496
v 0.44026801 -0.098329499 -0.035427496
v 0.41553003 -0.095755503 -0.058576498
v 0.41534102 -0.095680498 -0.033827499
v 0.41379201 -0.095547497 -0.008216497
v 0.389393 -0.1024115 -0.030826496
v 0.389575 -0.1031175 -0.0056984969
v 0.38933 -0.1036475 0.020030504
v 0.363372 -0.1146075 -0.0030134968
v 0.36453801 -0.1158925 0.022298504
v 0.36540201 -0.1168515 0.048382502
v 0.33441702 -0.1260515 0.025120502
v 0.333058 -0.1246635 -0.00029949681
v 0.302773 -0.1345765 0.0034485031
v 0.33180901 -0.1233565 -0.025892496
v 0.30311 -0.1336125 -0.023098497
v 0.274387 -0.1351115 -0.020020496
v 0.27125001 -0.13510451 0.0061715031
v 0.24491601 -0.1349095 -0.018166497
v 0.23943602 -0.13498551 0.0049675032
v 0.24834602 -0.1348625 -0.042637497
v 0.24955001 -0.13476551 -0.068005495
v 0.27749601 -0.1348505 -0.1000285
v 0.27746001 -0.1349895 -0.073671497
v 0.30347401 -0.1317165 -0.0770275
v 0.30362102 -0.13115451 -0.1028675
v 0.27630702 -0.1350715 -0.046586499
v 0.303498 -0.1326175 -0.049953498
v 0.33052 -0.1221375 -0.051944498
v 0.33013201 -0.1208615 -0.077591494
v 0.359449 -0.1105695 -0.076962493
v 0.359954 -0.1087265 -0.097945496
v 0.33116901 -0.1191855 -0.1010915
v 0.36034203 -0.1119675 -0.052993495
v 0.388704 -0.1017255 -0.055257495
v 0.38769102 -0.1005455 -0.077731498
v 0.36181301 -0.1132545 -0.028163496
v 0.41499802 -0.095474496 -0.080192499
v 0.41497901 -0.095110498 -0.097985499
v 0.38757902 -0.098995499 -0.096467495
v 0.41502902 -0.094813503 -0.1118195
v 0.38855901 -0.097359501 -0.1119535
v 0.36186701 -0.1065705 -0.1144915
v 0.390082 -0.095943503 -0.12261949
v 0.36466402 -0.1045405 -0.12665449
v 0.33655801 -0.1148745 -0.1350425
v 0.33341902 -0.1173215 -0.1198845
v 0.367616 -0.1022105 -0.1362325
v 0.340736 -0.1117145 -0.14610749
v 0.36988601 -0.097698502 -0.1447805
v 0.36988601 -0.097698502 -0.1447805
v 0.34452301 -0.1070025 -0.15522949
v 0.34452301 -0.1070025 -0.15522949
v 0.31833902 -0.1152845 -0.1674525
v 0.31833902 -0.1152845 -0.1674525
v 0.34616402 -0.097959504 -0.1615015
v 0.32255 -0.1042545 -0.17500649
v 0.30490702 -0.1045615 -0.1873595
v 0.29888901 -0.1175105 -0.1785555
v 0.29888901 -0.1175105 -0.1785555
v 0.29117101 -0.1019055 -0.19698049
v 0.29117101 -0.1019055 -0.19698049
v 0.284087 -0.1140735 -0.18754549
v 0.284087 -0.1140735 -0.18754549
v 0.18538901 -0.093827501 -0.1570475
v 0.16383401 -0.095457502 -0.1568885
v 0.18552001 -0.074662499 -0.16334149
v 0.16324301 -0.077479497 -0.1641375
v 0.13861102 -0.0797875 -0.16572249
v 0.162677 -0.053654499 -0.16567649
v 0.13969801 -0.0549745 -0.16639149
v 0.11716801 -0.055264499 -0.1679455
v 0.11514001 -0.0788325 -0.1663675
v 0.095430009 -0.055513501 -0.17316149
v 0.09356001 -0.078236498 -0.16868949
v 0.091729008 -0.096015498 -0.16393049
v 0.072402008 -0.079575501 -0.17254649
v 0.070838012 -0.095758498 -0.1651115
v 0.054521013 -0.079624504 -0.1741685
v 0.074163012 -0.055678502 -0.17412549
v 0.055372011 -0.055759501 -0.1755465
v 0.03650501 -0.056480501 -0.17988449
v 0.05471801 -0.028763501 -0.17621949
v 0.034639012 -0.0293785 -0.1808465
v 0.012486011 -0.029701499 -0.1817455
v 0.013613012 -0.057781499 -0.18134549
v -0.010605989 -0.0292645 -0.1830705
v -0.010885988 -0.057636499 -0.1822755
v -0.010522989 -0.079169497 -0.1814335
v -0.007634989 -0.095225498 -0.1753345
v -0.007634989 -0.095225498 -0.1753345
v -0.032306988 -0.054445501 -0.1852915
v -0.033999987 -0.076615497 -0.1819745
v -0.032567989 -0.095308498 -0.1756835
v -0.032567989 -0.095308498 -0.1756835
v -0.026578989 -0.1097675 -0.1649185
v -0.0032799887 -0.1088685 -0.1664395
v -0.04781799 -0.074705496 -0.1817075
v -0.04347799 -0.0921745 -0.1710265
v -0.04347799 -0.0921745 -0.1710265
v -0.041640989 -0.1064495 -0.16008049
v -0.051391989 -0.093338497 -0.1726265
v -0.051391989 -0.093338497 -0.1726265
v -0.048808988 -0.1046755 -0.15731549
v -0.048808988 -0.1046755 -0.15731549
v -0.04837599 -0.1148255 -0.1425475
v -0.04837599 -0.1148255 -0.1425475
v -0.037333988 -0.1192405 -0.1480065
v -0.017767988 -0.1204585 -0.15088549
v -0.026769988 -0.1272805 -0.1298265
v 0.026612012 -0.1187635 -0.1330265
v 0.021338012 -0.1305905 -0.11337949
v 0.028510012 -0.1192405 -0.11161549
v 0.030404011 -0.1079325 -0.10954449
v 0.030404011 -0.1079325 -0.10954449
v 0.029763011 -0.1081515 -0.1291285
v 0.034024011 -0.1130945 -0.1104405
v 0.033096012 -0.1048955 -0.1275795
v 0.033096012 -0.1048955 -0.1275795
v 0.039723013 -0.1255935 -0.1113545
v 0.03449101 -0.1141475 -0.12918049
v 0.044115011 -0.1248365 -0.13219149
v 0.16264701 -0.13332149 -0.041184496
v 0.169796 -0.1219045 -0.038471498
v 0.16196901 -0.1333915 -0.063258499
v 0.17044002 -0.1121735 -0.035390496
v 0.17015801 -0.1194865 -0.060862496
v 0.17014101 -0.1075555 -0.057279497
v 0.17548001 -0.098694503 -0.075845495
v 0.17055601 -0.099387497 -0.092130497
v 0.16983101 -0.098613501 -0.1056345
v 0.16935101 -0.097051501 -0.1183375
v 0.17115301 -0.1164035 -0.017303497
v 0.21654402 -0.048922502 0.19934051
v 0.21858801 -0.025585501 0.20028551
v 0.23687701 -0.0260005 0.2091005
v 0.78705499 -0.0014195001 -0.25413948
v 0.80040804 -0.0016625002 -0.25245351
v 0.78832099 -0.0026455002 -0.26589251
v 0.80203602 -0.0030015002 -0.26560849
v 0.78744003 -0.0039145001 -0.2795985
v 0.80018398 -0.0045745 -0.28334251
v 0.810662 -0.0057065003 -0.2896595
v 0.79138699 -0.0067085 -0.30687851
v 0.80045202 -0.0091455001 -0.3143155
v 0.80045202 -0.0091455001 -0.3143155
v 0.80714402 -0.0160775 -0.32152849
v 0.80714402 -0.0160775 -0.32152849
v 0.81990704 -0.0100525 -0.2969245
v 0.81990704 -0.0100525 -0.2969245
v 0.80958501 -0.0274045 -0.3238045
v 0.82422999 -0.0215405 -0.30156049
v 0.81077203 -0.040205501 -0.3248105
v 0.825932 -0.035522502 -0.30287251
v 0.83981803 -0.0293715 -0.28167951
v 0.82709303 -0.0522075 -0.30364451
v 0.841818 -0.0495065 -0.2822465
v 0.82673702 -0.072688498 -0.3034445
v 0.84172603 -0.072279498 -0.28167748
v 0.82285401 -0.0928635 -0.30063549
v 0.83790001 -0.093078502 -0.27880049
v 0.82041302 -0.1067885 -0.29875949
v 0.83530799 -0.1071005 -0.27691549
v 0.81783703 -0.1183935 -0.2965875
v 0.83226499 -0.1188595 -0.2747145
v 0.83226499 -0.1188595 -0.2747145
v 0.811775 -0.12717649 -0.29207349
v 0.82516399 -0.12741651 -0.26978651
v 0.82516399 -0.12741651 -0.26978651
v 0.739687 -0.13366149 -0.28021449
v 0.71501902 -0.1346055 -0.29642048
v 0.72417 -0.1335485 -0.27346951
v 0.70252201 -0.1342245 -0.2912015
v 0.71101502 -0.1323085 -0.26849249
v 0.69135204 -0.1296695 -0.28718349
v 0.69135204 -0.1296695 -0.28718349
v 0.69945803 -0.12688351 -0.26510349
v 0.69945803 -0.12688351 -0.26510349
v 0.68321499 -0.1192775 -0.28516549
v 0.69007501 -0.1168885 -0.26347849
v 0.69007501 -0.1168885 -0.26347849
v 0.67551604 -0.1071325 -0.28354049
v 0.68181804 -0.1048685 -0.2624115
v 0.66870502 -0.093257502 -0.28211451
v 0.67552504 -0.090958498 -0.26142949
v 0.66803101 -0.077200502 -0.28266251
v 0.67509702 -0.074773498 -0.26201048
v 0.680011 -0.073291503 -0.24142149
v 0.67870703 -0.057552502 -0.26407349
v 0.68370602 -0.054950502 -0.2437945
v 0.68629602 -0.055279501 -0.2230065
v 0.68719599 -0.035846502 -0.2469715
v 0.69074199 -0.033169501 -0.2285195
v 0.67962202 -0.0241585 -0.1291835
v 0.66491202 -0.0245075 -0.1289335
v 0.64720103 -0.0249345 -0.1289255
v 0.62406102 -0.0252585 -0.1290835
v 0.59465 -0.0252125 -0.12947349
v 0.56344202 -0.024744499 -0.1297445
v 0.56220999 -0.045054499 -0.12994049
v 0.53363898 -0.024139499 -0.1290275
v 0.53279904 -0.044214502 -0.1292645
v 0.53148404 -0.0592505 -0.12948249
v 0.50722203 -0.0443055 -0.12703949
v 0.50631502 -0.060027499 -0.12743549
v 0.50548503 -0.069985501 -0.1275145
v 0.48625302 -0.062236499 -0.1281295
v 0.48517901 -0.072662503 -0.1288465
v 0.46913302 -0.063650504 -0.1351085
v 0.46932402 -0.074871503 -0.1351015
v 0.44612002 -0.062709503 -0.1406285
v 0.44685501 -0.074063502 -0.1408785
v 0.44597101 -0.083142497 -0.1406455
v 0.41850802 -0.0715665 -0.1414565
v 0.41806301 -0.080585502 -0.1413545
v 0.417045 -0.088646501 -0.1382505
v 0.417045 -0.088646501 -0.1382505
v 0.444599 -0.091792502 -0.13855749
v 0.444599 -0.091792502 -0.13855749
v 0.41601101 -0.093780503 -0.1308105
v 0.44102502 -0.096852504 -0.13129349
v 0.41550401 -0.094520502 -0.1216805
v 0.44008902 -0.0976125 -0.1216975
v 0.43998402 -0.097957499 -0.1115435
v 0.458211 -0.1019485 -0.1111045
v 0.44057 -0.098249502 -0.098848499
v 0.391588 -0.094142497 -0.1311345
v 0.39276701 -0.090015501 -0.1383315
v 0.39276701 -0.090015501 -0.1383315
v 0.39303702 -0.0826855 -0.14196549
v 0.37003702 -0.089274503 -0.1496955
v 0.39213702 -0.0738445 -0.1422355
v 0.36828101 -0.079440497 -0.1505255
v 0.34532902 -0.086144499 -0.1629865
v 0.365767 -0.067725502 -0.14910449
v 0.34266701 -0.072107501 -0.1608405
v 0.322478 -0.073955499 -0.1748625
v 0.32404101 -0.089646503 -0.1772605
v 0.30746102 -0.072059497 -0.1879915
v 0.30883402 -0.0887945 -0.1910495
v 0.29525301 -0.069050498 -0.1989035
v 0.29542002 -0.085747503 -0.2011845
v 0.28308901 -0.067701504 -0.20608349
v 0.29363501 -0.049902499 -0.1948695
v 0.283032 -0.048770498 -0.20171049
v 0.27088901 -0.0485995 -0.20221549
v 0.26953602 -0.067874499 -0.2066455
v 0.20568001 -0.073483497 -0.16383649
v 0.20496301 -0.092374504 -0.1586325
v 0.20748501 -0.050476499 -0.1654125
v 0.18588401 -0.051643502 -0.16545349
v 0.20913301 -0.025425499 -0.1656435
v 0.18629901 -0.025928501 -0.16561949
v 0.163054 -0.026725501 -0.1659445
v 0.14041501 -0.0273815 -0.16678649
v 0.11816401 -0.0277375 -0.1693895
v 0.096590012 -0.027996501 -0.17356649
v 0.075144008 -0.028281501 -0.1743665
v -0.031869989 -0.027795501 -0.18827349
v -0.048061989 -0.0266925 -0.18876649
v -0.048516989 -0.0525885 -0.1882215
v -0.059626989 -0.025742501 -0.18872149
v -0.059677988 -0.051648501 -0.18850049
v -0.05766299 -0.074624501 -0.18410249
v -0.069641992 -0.051004499 -0.1885905
v -0.067047991 -0.073473498 -0.1826185
v -0.062875986 -0.095308498 -0.17457549
v -0.062875986 -0.095308498 -0.17457549
v -0.05654899 -0.1111975 -0.16136749
v -0.05654899 -0.1111975 -0.16136749
v -0.077704988 -0.074748501 -0.1852355
v -0.075551987 -0.094790503 -0.17343549
v -0.075551987 -0.094790503 -0.17343549
v -0.071091987 -0.1119005 -0.1622635
v -0.071091987 -0.1119005 -0.1622635
v -0.094603986 -0.096688502 -0.1785135
v -0.094603986 -0.096688502 -0.1785135
v -0.09397199 -0.1137365 -0.1642835
v -0.09397199 -0.1137365 -0.1642835
v -0.092902988 -0.1260625 -0.1462135
v -0.070216991 -0.1227985 -0.1462675
v -0.055842988 -0.1217095 -0.14635549
v -0.055842988 -0.1217095 -0.14635549
v -0.072822988 -0.1268945 -0.1263985
v -0.058016989 -0.12970451 -0.1274955
v -0.044581987 -0.1269155 -0.12778249
v -0.060947988 -0.1333275 -0.1054095
v -0.04164499 -0.1328055 -0.1072135
v 0.021457011 -0.1331185 -0.091457494
v 0.029213011 -0.1288145 -0.068790495
v 0.029647011 -0.1222335 -0.089849494
v 0.031277012 -0.1185535 -0.067252494
v 0.031277012 -0.1185535 -0.067252494
v 0.031288011 -0.1090335 -0.088121496
v 0.031288011 -0.1090335 -0.088121496
v 0.037618011 -0.1285225 -0.066801496
v 0.035686012 -0.1224565 -0.089158498
v 0.04647401 -0.13250349 -0.0888445
v 0.19757901 -0.024953499 0.19371751
v -0.083584987 -0.0250865 -0.1898745
v -0.070263989 -0.0254985 -0.1870255
v -0.10151499 -0.025509501 -0.18879649
v -0.09983699 -0.050832499 -0.18908149
v -0.081792988 -0.0508085 -0.18960249
v -0.12431499 -0.075733498 -0.18685649
v -0.096974991 -0.0754335 -0.1871855
v -0.15793198 -0.0966665 -0.1767045
v -0.12449899 -0.096592501 -0.1777395
v -0.12449899 -0.096592501 -0.1777395
v -0.189735 -0.098481499 -0.17894749
v -0.19186498 -0.1150635 -0.1643465
v -0.15897098 -0.1135205 -0.1632455
v -0.20964399 -0.076466501 -0.18831949
v -0.21414499 -0.097565502 -0.1778855
v -0.21414499 -0.097565502 -0.1778855
v -0.21660599 -0.1139555 -0.16339549
v -0.21660599 -0.1139555 -0.16339549
v -0.22651999 -0.091110498 -0.1683995
v -0.22652499 -0.1043855 -0.15518349
v -0.22652599 -0.1153785 -0.1406685
v -0.22652599 -0.1153785 -0.1406685
v -0.21566398 -0.12553249 -0.14512749
v -0.21566398 -0.12553249 -0.14512749
v -0.19203199 -0.12684651 -0.1452975
v -0.21367998 -0.13195249 -0.12445249
v -0.19063899 -0.13313749 -0.1235965
v -0.15872499 -0.1322815 -0.1225205
v -0.15930898 -0.1255825 -0.1445785
v -0.12280399 -0.13216349 -0.1225675
v -0.12466199 -0.1257215 -0.1448735
v -0.12515499 -0.1135055 -0.1634445
v -0.091880992 -0.13157751 -0.1252045
v -0.12378699 -0.13365149 -0.1019175
v -0.094916992 -0.1337375 -0.1024195
v -0.077073991 -0.1311745 -0.1024145
v -0.098545991 -0.1342995 -0.086264499
v -0.078914985 -0.13359851 -0.085888498
v -0.060690988 -0.1337975 -0.087120496
v -0.079424992 -0.1334755 -0.073574498
v -0.10010699 -0.13406651 -0.074471496
v -0.10076099 -0.12891451 -0.063295498
v -0.126904 -0.13401049 -0.075158499
v -0.12750798 -0.1290565 -0.064175494
v -0.12769799 -0.1222295 -0.051109497
v -0.10070399 -0.1226525 -0.050719496
v -0.12775299 -0.1214965 -0.032872498
v -0.10006799 -0.1219635 -0.033386495
v -0.072400987 -0.1225195 -0.034621496
v -0.09948799 -0.1218805 -0.015273497
v -0.070789985 -0.1223565 -0.017711496
v -0.049088988 -0.1224645 -0.022677496
v -0.049471989 -0.1240115 -0.039299496
v -0.051394988 -0.1223325 -0.0032914968
v 0.02241601 -0.13363349 -0.045757499
v 0.031291012 -0.1298355 -0.045582496
v -0.20257699 -0.0517965 -0.1905455
v -0.22193299 -0.050844502 -0.1890415
v -0.226524 -0.073090501 -0.17996649
v -0.23682199 -0.097372502 -0.17730549
v -0.255557 -0.097633503 -0.1781195
v -0.25711298 -0.1144775 -0.1632635
v -0.23568499 -0.1140855 -0.16322249
v -0.25977099 -0.1261815 -0.1455795
v -0.23810498 -0.1264375 -0.14480549
v -0.26595798 -0.1327025 -0.12563749
v -0.24205799 -0.13288251 -0.1256315
v -0.226524 -0.12615649 -0.1234595
v -0.24864899 -0.1338385 -0.1041905
v -0.23012699 -0.1335395 -0.1037135
v -0.21233799 -0.13370851 -0.1032585
v -0.232072 -0.13399149 -0.088915497
v -0.21083398 -0.13415051 -0.088426493
v -0.18538898 -0.1342025 -0.088102497
v -0.18769398 -0.1339505 -0.1026075
v -0.15679699 -0.1340405 -0.087841496
v -0.15741999 -0.1336605 -0.1022675
v -0.12588799 -0.1342335 -0.087459497
v -0.15638299 -0.1338255 -0.075562499
v -0.18433799 -0.1339725 -0.075776495
v -0.18360999 -0.1293565 -0.064574495
v -0.15603898 -0.12896051 -0.064458497
v -0.183112 -0.1219575 -0.051602498
v -0.15577099 -0.1221505 -0.051135495
v -0.18278499 -0.1211355 -0.032696497
v -0.15553099 -0.1211935 -0.032447498
v -0.18269499 -0.1211275 -0.013952496
v -0.15550698 -0.1211465 -0.014110497
v -0.12796499 -0.1214745 -0.014513497
v -0.15565899 -0.1219545 0.0022225033
v -0.12839898 -0.1221085 0.0020235032
v -0.10035899 -0.1220245 0.0015065032
v -0.12873299 -0.1278905 0.015134504
v -0.10184999 -0.1278635 0.014841503
v -0.076263987 -0.1273405 0.014465503
v -0.072634988 -0.1220335 -0.0001304968
v -0.079050988 -0.13407651 0.026526503
v -0.058703989 -0.13380951 0.024673503
v -0.28173098 -0.097365499 -0.1788265
v -0.31195098 -0.096137501 -0.17728549
v -0.31697097 -0.1127655 -0.1639365
v -0.28551099 -0.1138665 -0.16391049
v -0.331002 -0.074913502 -0.1845015
v -0.33765098 -0.095048502 -0.1753885
v -0.33765098 -0.095048502 -0.1753885
v -0.34248298 -0.1111335 -0.1640335
v -0.34248298 -0.1111335 -0.1640335
v -0.345873 -0.1226525 -0.14687949
v -0.345873 -0.1226525 -0.14687949
v -0.32380399 -0.1250665 -0.1459565
v -0.35309398 -0.0938145 -0.17353949
v -0.35563698 -0.1052985 -0.16088849
v -0.35657299 -0.1154595 -0.14437149
v -0.35657299 -0.1154595 -0.14437149
v -0.36182499 -0.099986501 -0.15716049
v -0.362066 -0.089925498 -0.1691895
v -0.37135699 -0.093041502 -0.17384049
v -0.36792299 -0.1060625 -0.1622265
v -0.38982198 -0.093286499 -0.1743165
v -0.38982198 -0.093286499 -0.1743165
v -0.38544899 -0.1077135 -0.1642935
v -0.41527298 -0.092933498 -0.1724565
v -0.41527298 -0.092933498 -0.1724565
v -0.41104999 -0.1068155 -0.1621995
v -0.408373 -0.1179445 -0.1501755
v -0.406654 -0.1260505 -0.13536149
v -0.43372798 -0.1055935 -0.1605525
v -0.43181199 -0.1151705 -0.1498165
v -0.43007699 -0.1225795 -0.1365625
v -0.428231 -0.1274595 -0.12120049
v -0.405155 -0.13137449 -0.1207445
v -0.447624 -0.1152655 -0.15084949
v -0.44584599 -0.1226865 -0.13888949
v -0.444336 -0.1281275 -0.12396049
v -0.44398499 -0.1327095 -0.10664649
v -0.42806798 -0.1318185 -0.1047615
v -0.45655599 -0.1216455 -0.13984349
v -0.455219 -0.12771849 -0.1256025
v -0.45556298 -0.1328675 -0.10884149
v -0.458112 -0.1334085 -0.089932494
v -0.445788 -0.1333275 -0.088762499
v -0.46432698 -0.1258415 -0.1261275
v -0.46432698 -0.1258415 -0.1261275
v -0.465765 -0.13024449 -0.11051349
v -0.465765 -0.13024449 -0.11051349
v -0.47034499 -0.13287251 -0.091020495
v -0.47034499 -0.13287251 -0.091020495
v -0.471984 -0.13288251 -0.074281499
v -0.471984 -0.13288251 -0.074281499
v -0.46011299 -0.13353451 -0.0736515
v -0.471259 -0.1234775 -0.1096765
v -0.47284698 -0.1251765 -0.0911685
v -0.47387698 -0.1251795 -0.072998494
v -0.47420099 -0.1167565 -0.089661494
v -0.47535598 -0.1176825 -0.071537495
v -0.47707298 -0.1092215 -0.087598495
v -0.47707298 -0.1092215 -0.087598495
v -0.473407 -0.1148605 -0.10783549
v -0.47538498 -0.1066845 -0.1057215
v -0.47538498 -0.1066845 -0.1057215
v -0.48166499 -0.1024445 -0.10451049
v -0.484927 -0.1092225 -0.0876645
v -0.48622698 -0.1087685 -0.1070335
v -0.48793599 -0.1244175 -0.0915685
v -0.48732299 -0.12662651 -0.072758496
v -0.49271098 -0.1251705 -0.1129905
v -0.493166 -0.1317015 -0.092959493
v -0.50277999 -0.13308351 -0.093208499
v -0.51296696 -0.1331275 -0.0940715
v -0.43241698 -0.13348851 -0.059055496
v -0.419467 -0.1315975 -0.034681495
v -0.419072 -0.1318865 -0.048119497
v -0.415602 -0.1329565 -0.060441498
v -0.41272098 -0.1335315 -0.073537499
v -0.43118 -0.1334005 -0.072518498
v -0.39710298 -0.12575249 -0.052976497
v -0.39324099 -0.1328005 -0.063421495
v -0.389828 -0.1341275 -0.076715499
v -0.40912399 -0.1335085 -0.088790499
v -0.36722299 -0.13272551 -0.0661605
v -0.36515698 -0.1339985 -0.078937493
v -0.34006998 -0.1324735 -0.066190496
v -0.339863 -0.1344265 -0.078820497
v -0.33914098 -0.13408551 -0.091427498
v -0.337468 -0.1335455 -0.1064555
v -0.310532 -0.1341465 -0.078305498
v -0.309165 -0.13383751 -0.090232499
v -0.30602798 -0.13346849 -0.1045125
v -0.29856798 -0.1318185 -0.1244415
v -0.33095998 -0.1312975 -0.1255265
v -0.278869 -0.1342365 -0.089296497
v -0.27396998 -0.1338475 -0.10433149
v -0.253189 -0.1342645 -0.089265496
v -0.28123498 -0.1341105 -0.077507496
v -0.25566599 -0.1343805 -0.076856494
v -0.23302799 -0.1340725 -0.076491497
v -0.257276 -0.13055649 -0.065574497
v -0.23355699 -0.12994251 -0.065194495
v -0.20951898 -0.1296365 -0.064872496
v -0.20997798 -0.1341275 -0.076134495
v -0.23403299 -0.1224115 -0.053493496
v -0.209236 -0.1223375 -0.052418496
v -0.23455898 -0.1211685 -0.035356496
v -0.209135 -0.1211615 -0.033779498
v -0.23529099 -0.1210935 -0.015146497
v -0.20933598 -0.1210945 -0.014220497
v -0.23618799 -0.1218255 0.0030035032
v -0.20971599 -0.1219135 0.0028545032
v -0.18281899 -0.1217685 0.0025125032
v -0.21011598 -0.1280335 0.016192503
v -0.18297899 -0.1277595 0.015646502
v -0.15575799 -0.1276875 0.015309503
v -0.18309098 -0.1341825 0.027384503
v -0.15568499 -0.13418549 0.026943503
v -0.12877199 -0.13426749 0.026735503
v -0.15553299 -0.1350355 0.040448502
v -0.12873699 -0.1349795 0.040118504
v -0.10338699 -0.1349325 0.040661503
v -0.10272899 -0.13422351 0.026758503
v -0.080309987 -0.1347955 0.040454503
v -0.10402099 -0.1343195 0.057455502
v -0.081434987 -0.1343285 0.059319504
v -0.060008988 -0.13474651 0.039870504
v -0.34555799 -0.026197501 -0.18872949
v -0.344769 -0.0517365 -0.18838349
v -0.34797198 -0.075523503 -0.18229949
v -0.36276999 -0.0529605 -0.1829875
v -0.361633 -0.074984498 -0.1797615
v -0.39770499 -0.052739501 -0.1819855
v -0.39448699 -0.075478502 -0.18104349
v -0.41949698 -0.053197499 -0.1808425
v -0.41747898 -0.0748965 -0.1762995
v -0.44021899 -0.055042502 -0.1779805
v -0.43934298 -0.076671503 -0.17430149
v -0.43663499 -0.093117498 -0.1693445
v -0.43663499 -0.093117498 -0.1693445
v -0.45019698 -0.1057635 -0.16078049
v -0.45019698 -0.1057635 -0.16078049
v -0.45809898 -0.1146395 -0.1506635
v -0.466086 -0.1133925 -0.14866249
v -0.46495 -0.1197285 -0.1390795
v -0.46495 -0.1197285 -0.1390795
v -0.471176 -0.1199745 -0.12473249
v -0.47343099 -0.1120705 -0.1221755
v -0.47484499 -0.1043265 -0.1193985
v -0.47484499 -0.1043265 -0.1193985
v -0.47815099 -0.095431499 -0.1274015
v -0.47815099 -0.095431499 -0.1274015
v -0.48020998 -0.099145502 -0.11750349
v -0.48020998 -0.099145502 -0.11750349
v -0.484815 -0.0968505 -0.12800249
v -0.48557198 -0.1023935 -0.1189855
v -0.485486 -0.1123295 -0.1330515
v -0.48961499 -0.1176315 -0.1253535
v -0.48988998 -0.1183485 -0.1367645
v -0.496636 -0.1226095 -0.12873049
v -0.50140896 -0.1288425 -0.1146315
v -0.51135799 -0.1288525 -0.1152125
v -0.52293798 -0.1280615 -0.1155625
v -0.54282001 -0.1289805 -0.075149499
v -0.54480901 -0.1292465 -0.055826496
v -0.54601297 -0.1292305 -0.041171499
v -0.54442999 -0.1329065 -0.029785497
v -0.54792598 -0.1308805 -0.019328497
v -0.55008897 -0.12747949 -0.011236497
v -0.54939499 -0.1307205 -0.011538497
v -0.55301598 -0.12737051 -0.0046734968
v -0.55301598 -0.12737051 -0.0046734968
v -0.55304798 -0.1245275 -0.0056434968
v -0.55304798 -0.1245275 -0.0056434968
v -0.55652496 -0.1244565 -0.0065594967
v -0.55764499 -0.12741449 -0.0069004968
v -0.55982599 -0.12745149 -0.016088497
v -0.56184098 -0.13190649 -0.017059498
v -0.602492 -0.1279465 -0.022643497
v -0.61289099 -0.1196305 -0.041256499
v -0.613718 -0.1195455 -0.023504497
v -0.62001696 -0.1270965 -0.026620496
v -0.619553 -0.1276015 -0.0077934968
v -0.63132998 -0.1330395 -0.029314497
v -0.63139501 -0.1330325 -0.010587497
v -0.62834796 -0.1334165 0.0081385029
v -0.60735998 -0.1333075 0.0083315028
v -0.601863 -0.13391151 0.027429502
v -0.57449701 -0.1339635 0.027405502
v -0.62567601 -0.1339075 0.028373504
v -0.648366 -0.13357951 0.0084765032
v -0.647333 -0.1341105 0.029741503
v -0.645641 -0.1342995 0.051419504
v -0.62275597 -0.13413151 0.049309503
v -0.59826902 -0.13414951 0.048025504
v -0.61953399 -0.1338595 0.070951506
v -0.59515896 -0.1338535 0.069420502
v -0.56952801 -0.1338615 0.068923503
v -0.57171401 -0.13423251 0.047781505
v -0.543861 -0.1338475 0.069750503
v -0.54556397 -0.1343075 0.049198505
v -0.54738101 -0.1341325 0.029286504
v -0.517571 -0.1343855 0.051577505
v -0.51784196 -0.1343375 0.032811504
v -0.51640901 -0.1341455 0.015788503
v -0.48621899 -0.1343995 0.035178505
v -0.48443699 -0.1339905 0.017357504
v -0.457663 -0.1345205 0.036512502
v -0.45582297 -0.1342915 0.018510504
v -0.43493199 -0.1345915 0.037052505
v -0.43360299 -0.1340805 0.019023504
v -0.41529799 -0.1331815 0.019141503
v -0.41753697 -0.1328285 0.00076350325
v -0.39814198 -0.1223655 0.00014350319
v -0.39964598 -0.1217295 -0.020076497
v -0.39897498 -0.1220485 -0.037816498
v -0.37009197 -0.1211845 -0.022380497
v -0.369317 -0.1215785 -0.040386498
v -0.36815998 -0.1243805 -0.055092499
v -0.34083998 -0.1213675 -0.040968496
v -0.34045899 -0.1241225 -0.055888496
v -0.31311297 -0.1213615 -0.040257499
v -0.31224698 -0.1236705 -0.055861495
v -0.31132498 -0.1316475 -0.066269495
v -0.28449199 -0.1235875 -0.055600498
v -0.28294298 -0.1312205 -0.066035494
v -0.25860298 -0.1229755 -0.054544497
v -0.28600699 -0.1213025 -0.038811497
v -0.259875 -0.1211755 -0.037124496
v -0.28740898 -0.1209245 -0.018494496
v -0.26115298 -0.1210115 -0.016580496
v -0.28865799 -0.1218585 0.0023755033
v -0.26241398 -0.1219325 0.0027085033
v -0.28975898 -0.12907051 0.018850503
v -0.26348799 -0.1288415 0.017690504
v -0.23702499 -0.1282545 0.017012503
v -0.26459399 -0.1345145 0.031934503
v -0.23778999 -0.1345235 0.029895503
v -0.21054699 -0.13432351 0.028257504
v -0.23866498 -0.1347035 0.044307504
v -0.21101099 -0.1348525 0.042062502
v -0.18319499 -0.13492949 0.040913504
v -0.211413 -0.1343725 0.057475504
v -0.18324299 -0.1344845 0.055747502
v -0.15549099 -0.1345395 0.055341505
v -0.18318899 -0.13195349 0.075588502
v -0.15587099 -0.1325575 0.076041505
v -0.12934698 -0.1330135 0.078340501
v -0.12886199 -0.13451549 0.056143504
v -0.10519299 -0.13255151 0.081800506
v -0.131157 -0.1237455 0.1042075
v -0.10710099 -0.1229435 0.1084015
v -0.083110988 -0.13293751 0.0853815
v -0.11000099 -0.1127995 0.1351925
v -0.363024 -0.026709501 -0.1855555
v -0.38046297 -0.0267665 -0.1839305
v -0.39946499 -0.0268635 -0.18221749
v -0.45617998 -0.029182499 -0.1764735
v -0.47229898 -0.031064501 -0.1737195
v -0.53737101 -0.0567015 -0.16555649
v -0.53466299 -0.080808498 -0.1629055
v -0.53339496 -0.098504499 -0.15475349
v -0.53339496 -0.098504499 -0.15475349
v -0.53279898 -0.1118965 -0.1438915
v -0.559333 -0.080234498 -0.16150349
v -0.559333 -0.080234498 -0.16150349
v -0.55816397 -0.098001502 -0.1532145
v -0.55816397 -0.098001502 -0.1532145
v -0.55816397 -0.098001502 -0.1532145
v -0.55631396 -0.1100115 -0.1418855
v -0.58110198 -0.099170499 -0.1498225
v -0.58110198 -0.099170499 -0.1498225
v -0.57884797 -0.1121685 -0.1383905
v -0.57808802 -0.1213745 -0.12480149
v -0.60106596 -0.1134085 -0.13096349
v -0.66249296 -0.1321125 -0.050372496
v -0.66587499 -0.1316295 -0.031572497
v -0.64703801 -0.13311251 -0.030459497
v -0.66718397 -0.1316485 -0.010936497
v -0.64854202 -0.1332165 -0.011367497
v -0.66875902 -0.1335495 0.0093985032
v -0.68770102 -0.1332695 -0.011382497
v -0.69014397 -0.1340145 0.010678504
v -0.69275901 -0.13470151 0.035443503
v -0.66977397 -0.1343925 0.032135502
v -0.693284 -0.1347035 0.060272504
v -0.66898498 -0.1344935 0.055013504
v -0.69123998 -0.13418651 0.084116504
v -0.66656598 -0.1340715 0.077681504
v -0.64290401 -0.1339125 0.073696502
v -0.66252097 -0.13247751 0.099707507
v -0.63890299 -0.1315095 0.095903501
v -0.61576697 -0.1299765 0.092572503
v -0.63468 -0.1215295 0.11591151
v -0.611819 -0.1208855 0.1130975
v -0.588707 -0.1199335 0.11077251
v -0.59193298 -0.1294415 0.0908015
v -0.56503901 -0.1196715 0.1096995
v -0.567247 -0.12856349 0.0897725
v -0.54078302 -0.1194595 0.1097855
v -0.54206398 -0.12831651 0.090063505
v -0.51611897 -0.1180795 0.1101735
v -0.51602301 -0.12722149 0.0905535
v -0.51667598 -0.13365149 0.071131505
v -0.48983797 -0.1268355 0.091780506
v -0.48861498 -0.1332725 0.072547503
v -0.487562 -0.13454349 0.053522505
v -0.46217698 -0.1331895 0.074095502
v -0.46002799 -0.1344405 0.054796502
v -0.43790099 -0.13296551 0.075801507
v -0.43620798 -0.13446949 0.055780504
v -0.414684 -0.1321955 0.077947505
v -0.41409799 -0.1344215 0.057052504
v -0.41457498 -0.1344835 0.037273504
v -0.39133897 -0.1343555 0.059184503
v -0.39182198 -0.13453449 0.038808502
v -0.394631 -0.1288745 0.020116502
v -0.36684999 -0.1346785 0.040790502
v -0.368101 -0.12865651 0.020453503
v -0.36947998 -0.1218005 -0.00017949683
v -0.34153798 -0.12918749 0.020612502
v -0.34140199 -0.1217765 0.00055350317
v -0.34118298 -0.1207915 -0.022373497
v -0.31490397 -0.1219215 0.0014995032
v -0.31408 -0.1208575 -0.020700498
v -0.31563699 -0.1290395 0.020248502
v -0.3414 -0.1347315 0.040307503
v -0.316239 -0.1346195 0.037813503
v -0.290811 -0.1345745 0.034459502
v -0.31690699 -0.1342095 0.056914505
v -0.291881 -0.1344775 0.051704504
v -0.26583698 -0.13462549 0.047557503
v -0.29336298 -0.1332325 0.071424507
v -0.26712099 -0.1337505 0.065745503
v -0.23957999 -0.1341155 0.060904503
v -0.267286 -0.1286395 0.089147501
v -0.23935799 -0.1297335 0.0824655
v -0.21119998 -0.1311655 0.0778585
v -0.23699799 -0.1195815 0.1054755
v -0.21012099 -0.1205495 0.1002295
v -0.18326899 -0.1213805 0.098939501
v -0.20848998 -0.1106115 0.1241865
v -0.18318799 -0.1107145 0.1221985
v -0.15825899 -0.1117155 0.1241505
v -0.15680499 -0.1229585 0.1002965
v -0.13375999 -0.1129485 0.12909551
v -0.16035599 -0.1011835 0.1477235
v -0.13727199 -0.1023685 0.1536795
v -0.16274999 -0.092033498 0.16561051
v -0.14131799 -0.092861503 0.1726535
v -0.16455099 -0.085442498 0.1766115
v -0.14445499 -0.086109497 0.18377151
v -0.16613799 -0.076241501 0.1848245
v -0.14758798 -0.0767975 0.19294751
v -0.53960899 -0.0285445 -0.16697049
v -0.56154796 -0.028259501 -0.1664625
v -0.56154796 -0.028259501 -0.1664625
v -0.56047496 -0.0561525 -0.16602449
v -0.58428296 -0.0279155 -0.1638585
v -0.58317599 -0.055358499 -0.1612715
v -0.58246902 -0.079733498 -0.15802349
v -0.60572299 -0.0549835 -0.15799549
v -0.604884 -0.079929501 -0.1542345
v -0.60352597 -0.099118501 -0.1446635
v -0.60352597 -0.099118501 -0.1446635
v -0.62823799 -0.079706497 -0.1516185
v -0.62643597 -0.1009045 -0.1423755
v -0.65102401 -0.079874501 -0.1466455
v -0.64861301 -0.1006685 -0.1361395
v -0.67491201 -0.080502503 -0.1415025
v -0.67256799 -0.099990502 -0.1294245
v -0.697566 -0.1020665 -0.1233885
v -0.69943097 -0.081416503 -0.13507749
v -0.72327897 -0.0816755 -0.1264815
v -0.719946 -0.1009355 -0.1115535
v -0.74517098 -0.0819875 -0.1143225
v -0.72278699 -0.055754501 -0.1340875
v -0.74566099 -0.055260502 -0.12363049
v -0.76901796 -0.056186501 -0.11581349
v -0.766013 -0.084074497 -0.1055875
v -0.79207 -0.057163499 -0.10771549
v -0.78830901 -0.084641501 -0.096841499
v -0.81534401 -0.0582835 -0.098948494
v -0.81155697 -0.085593499 -0.087860495
v -0.80524996 -0.1077315 -0.071031496
v -0.80524996 -0.1077315 -0.071031496
v -0.79819897 -0.1224185 -0.051313497
v -0.83487299 -0.0865485 -0.078030497
v -0.828832 -0.1082305 -0.061105497
v -0.828832 -0.1082305 -0.061105497
v -0.82220897 -0.1224545 -0.041797496
v -0.81861499 -0.12893949 -0.024776496
v -0.79421499 -0.1295765 -0.031911496
v -0.85194197 -0.1095755 -0.050779495
v -0.85194197 -0.1095755 -0.050779495
v -0.84519497 -0.1226685 -0.031922497
v -0.84159496 -0.1283305 -0.017625498
v -0.84016201 -0.1307535 -0.007538497
v -0.817929 -0.13203751 -0.011628496
v -0.86616096 -0.1235765 -0.021251496
v -0.86214498 -0.12793951 -0.0099444967
v -0.85932997 -0.1299715 -0.0012024968
v -0.85666999 -0.1316645 0.0077045029
v -0.83934596 -0.13297351 0.0022745032
v -0.87948796 -0.12862951 3.6503188e-05
v -0.87451801 -0.13068549 0.007809503
v -0.86994997 -0.1309725 0.014579503
v -0.865877 -0.12859049 0.021119503
v -0.865877 -0.12859049 0.021119503
v -0.85409597 -0.1295795 0.015937503
v -0.88630399 -0.1316565 0.018825503
v -0.88018999 -0.1314525 0.024172504
v -0.87477401 -0.1282015 0.028742503
v -0.87477401 -0.1282015 0.028742503
v -0.87130401 -0.1212365 0.032270502
v -0.86322799 -0.1221095 0.026356503
v -0.86322799 -0.1221095 0.026356503
v -0.88698897 -0.1326365 0.037232503
v -0.87990502 -0.1287175 0.040259503
v -0.87990502 -0.1287175 0.040259503
v -0.87537298 -0.1217225 0.042674504
v -0.87537298 -0.1217225 0.042674504
v -0.88136098 -0.12954649 0.058278505
v -0.87553599 -0.1226235 0.058898505
v -0.87244901 -0.1126765 0.045372505
v -0.868781 -0.1120045 0.035328504
v -0.86102799 -0.1121425 0.029809503
v -0.86978498 -0.1011865 0.048820503
v -0.86674097 -0.099841498 0.039101504
v -0.85872999 -0.099759497 0.033910502
v -0.857191 -0.084669501 0.038431503
v -0.84756401 -0.085217498 0.037245505
v -0.848703 -0.1005595 0.031809501
v -0.850445 -0.1133165 0.027024504
v -0.86467597 -0.085082501 0.043491501
v -0.86791196 -0.086420499 0.052822504
v -0.86734298 -0.067947499 0.055878501
v -0.86390701 -0.067035504 0.046546504
v -0.85696498 -0.0666475 0.040566504
v -0.85712001 -0.0465925 0.041017503
v -0.84768596 -0.046506502 0.039945502
v -0.84746197 -0.066714503 0.039580502
v -0.86373398 -0.046759501 0.047356505
v -0.86735299 -0.047142502 0.056955501
v -0.867318 -0.0243835 0.056847502
v -0.86362997 -0.0243265 0.047313504
v -0.85709998 -0.0243195 0.040906504
v -0.84799996 -0.024347501 0.039993502
v -0.367746 -0.0771975 0.2208095
v -0.38566798 -0.079514503 0.2093945
v -0.35003498 -0.075182498 0.22985451
v -0.36362398 -0.083326504 0.21129151
v -0.33026099 -0.0729075 0.2316705
v -0.307506 -0.074924499 0.2262795
v -0.28558198 -0.0785565 0.2122665
v -0.28953198 -0.084716499 0.2032785
v -0.29506999 -0.091254503 0.19065051
v -0.26497099 -0.0815515 0.1974415
v -0.26848799 -0.0879905 0.18734251
v -0.27353498 -0.0954445 0.1729275
v -0.24772799 -0.089459501 0.17567651
v -0.252029 -0.097285502 0.1599105
v -0.25828198 -0.1085415 0.13771251
v -0.26452598 -0.1192225 0.1126995
v -0.22952099 -0.098746501 0.15206151
v -0.23373298 -0.1097375 0.12861951
v -0.20666899 -0.099322498 0.1467485
v -0.22651899 -0.090592504 0.1681245
v -0.20526598 -0.090753503 0.16361651
v -0.18403299 -0.091092497 0.16265151
v -0.18351099 -0.099659503 0.14516351
v -0.204276 -0.0846745 0.17550451
v -0.204276 -0.0846745 0.17550451
v -0.18433198 -0.085155502 0.17441951
v -0.18433198 -0.085155502 0.17441951
v -0.18448199 -0.0755895 0.18175951
v -0.18448199 -0.0755895 0.18175951
v -0.76926801 -0.0280305 -0.1204125
v -0.74507198 -0.0278975 -0.12760849
v -0.793192 -0.0285345 -0.1128635
v -0.81678799 -0.0291555 -0.1043235
v -0.84014598 -0.0297895 -0.095446497
v -0.83860001 -0.059311502 -0.089651495
v -0.86319301 -0.0303775 -0.086489499
v -0.86185697 -0.060284499 -0.080434494
v -0.85801801 -0.087545499 -0.0678325
v -0.85801801 -0.087545499 -0.0678325
v -0.88469598 -0.060852502 -0.0710705
v -0.88079897 -0.088613503 -0.057810497
v -0.88079897 -0.088613503 -0.057810497
v -0.87385902 -0.1111005 -0.039953496
v -0.90134302 -0.089369498 -0.049151495
v -0.90134302 -0.089369498 -0.049151495
v -0.89434096 -0.1129745 -0.028885497
v -0.88497797 -0.1252265 -0.0094684968
v -0.91740397 -0.088984497 -0.042658497
v -0.91740397 -0.088984497 -0.042658497
v -0.90537098 -0.060673501 -0.062948495
v -0.91981998 -0.059539501 -0.057232495
v -0.93172202 -0.057512499 -0.051779497
v -0.93095598 -0.086885497 -0.036995497
v -0.94010499 -0.053365499 -0.042580497
v -0.94084397 -0.080610499 -0.029190497
v -0.93987301 -0.1048775 -0.0061484966
v -0.93987301 -0.1048775 -0.0061484966
v -0.94560102 -0.072138503 -0.019093497
v -0.94620898 -0.092599504 0.0012135032
v -0.94565699 -0.1048045 0.028256504
v -0.947503 -0.088575497 0.032348502
v -0.94771096 -0.092680499 0.058328502
v -0.94547501 -0.1084955 0.056383502
v -0.94793698 -0.0941815 0.084869504
v -0.94565502 -0.1096735 0.083791502
v -0.93621501 -0.1218635 0.083064504
v -0.93621501 -0.1218635 0.083064504
v -0.945609 -0.1100745 0.1104065
v -0.93650296 -0.1219775 0.1098875
v -0.93650296 -0.1219775 0.1098875
v -0.92386898 -0.1295165 0.1095795
v -0.92306098 -0.1295715 0.082691506
v -0.91120496 -0.1333065 0.1094235
v -0.91067097 -0.1332515 0.082525507
v -0.89981499 -0.13407651 0.1093005
v -0.89972499 -0.13401049 0.082470506
v -0.898922 -0.1338595 0.056281503
v -0.894362 -0.1330715 0.033291504
v -0.88970998 -0.1334165 0.082420506
v -0.88972601 -0.13322151 0.057347503
v -0.88118097 -0.12945551 0.082330503
v -0.88948897 -0.1333735 0.1091625
v -0.88082299 -0.12936351 0.1090055
v -0.87469599 -0.1220235 0.1090625
v -0.87506297 -0.1223905 0.082297504
v -0.94285896 -0.0242135 -0.034972496
v -0.93942097 -0.026267501 -0.048259497
v -0.94588897 -0.0218895 -0.019716498
v -0.94396201 -0.048515499 -0.030235497
v -0.94724897 -0.019112499 0.0016175031
v -0.947629 -0.0194105 0.025062503
v -0.94780698 -0.021885499 0.046721503
v -0.94783601 -0.044232499 0.043849502
v -0.94794998 -0.0242645 0.068634503
v -0.947974 -0.048885502 0.065637507
v -0.94794998 -0.0725355 0.061592504
v -0.94777998 -0.067511499 0.038522504
v -0.94810298 -0.051489498 0.089280501
v -0.948118 -0.074982502 0.086682506
v -0.94818297 -0.0527655 0.1138625
v -0.94821802 -0.0760075 0.1122105
v -0.94792101 -0.0948935 0.1110825
v -0.94822398 -0.0765315 0.1378295
v -0.94804296 -0.095340498 0.1370005
v -0.94561496 -0.1104725 0.1364525
v -0.94808999 -0.095870502 0.1626755
v -0.945492 -0.1107915 0.1621065
v -0.93649802 -0.1223975 0.1616895
v -0.93649802 -0.1223975 0.1616895
v -0.936519 -0.1221845 0.1360635
v -0.936519 -0.1221845 0.1360635
v -0.92380098 -0.1299935 0.16142051
v -0.92394099 -0.1297375 0.1358645
v -0.91071799 -0.1336365 0.1611575
v -0.91107401 -0.1335385 0.13578251
v -0.899084 -0.1342715 0.1606655
v -0.89961699 -0.1341875 0.1357425
v -0.88787201 -0.1332355 0.1598915
v -0.88910696 -0.1332975 0.13570051
v -0.87882498 -0.1284005 0.1590115
v -0.88026598 -0.1290455 0.1355875
v -0.87319997 -0.1207225 0.15819751
v -0.874226 -0.1215165 0.1354565
v -0.82784298 -0.0243765 0.039816502
v -0.82784298 -0.0243765 0.039816502
v -0.83821598 -0.0243835 0.039699502
v -0.82765296 -0.0465695 0.039798502
v -0.82765296 -0.0465695 0.039798502
v -0.83780798 -0.046473499 0.039638504
v -0.82755998 -0.067004502 0.039387502
v -0.82755998 -0.067004502 0.039387502
v -0.83748201 -0.0668585 0.039275505
v -0.82740298 -0.085691497 0.036564503
v -0.82740298 -0.085691497 0.036564503
v -0.83738896 -0.085647501 0.036645502
v -0.82686397 -0.1016435 0.030319503
v -0.82686397 -0.1016435 0.030319503
v -0.83775398 -0.1012385 0.030559503
v -0.82569596 -0.1160985 0.025390504
v -0.82569596 -0.1160985 0.025390504
v -0.83815399 -0.1147445 0.025279503
v -0.82377997 -0.1272735 0.019299503
v -0.82377997 -0.1272735 0.019299503
v -0.82377997 -0.1272735 0.019299503
v -0.838429 -0.1255485 0.019822503
v -0.838429 -0.1255485 0.019822503
v -0.852007 -0.1234705 0.022692503
v -0.852007 -0.1234705 0.022692503
v -0.838954 -0.1319235 0.012091503
v -0.821399 -0.13330249 0.010229503
v -0.81904897 -0.1338625 -0.0004664968
v -0.81153998 -0.1285755 0.022840504
v -0.81153998 -0.1285755 0.022840504
v -0.815038 -0.1169435 0.028229503
v -0.80795899 -0.1172685 0.034920502
v -0.80287001 -0.1288055 0.029988503
v -0.80287001 -0.1288055 0.029988503
v -0.80298302 -0.1181545 0.045235503
v -0.79784498 -0.12806851 0.042805504
v -0.79784498 -0.12806851 0.042805504
v -0.79972401 -0.1175145 0.060353503
v -0.79466 -0.1263005 0.059484504
v -0.79466 -0.1263005 0.059484504
v -0.787164 -0.1327295 0.057930503
v -0.79313698 -0.1245335 0.080172502
v -0.78637096 -0.1312145 0.079616502
v -0.77749297 -0.1342265 0.078862503
v -0.77734199 -0.13449951 0.055587504
v -0.76815501 -0.13504151 0.077923506
v -0.76765898 -0.13493951 0.053230502
v -0.75659397 -0.13516051 0.076476507
v -0.754289 -0.13503949 0.049721502
v -0.75043002 -0.13488451 0.023434503
v -0.74267396 -0.1344855 -0.0006404968
v -0.73691598 -0.1350655 0.045128502
v -0.73287001 -0.13503949 0.018511504
v -0.72486898 -0.1343555 -0.0057244967
v -0.71485099 -0.13244051 -0.028571498
v -0.73371497 -0.1336565 -0.024316497
v -0.71274099 -0.1346595 0.013839503
v -0.70860597 -0.13329349 -0.0089554964
v -0.715758 -0.1350705 0.039865505
v -0.73979601 -0.13502251 0.072909504
v -0.71776602 -0.1348855 0.066843502
v -0.71707097 -0.1245755 -0.047461499
v -0.714865 -0.1198505 -0.059585497
v -0.76969197 -0.1349535 0.1036915
v -0.77914801 -0.13397551 0.1038175
v -0.78344896 -0.1334725 0.1298555
v -0.77390102 -0.1347695 0.1299205
v -0.79172799 -0.1328655 0.1567975
v -0.78337201 -0.1343085 0.1588605
v -0.80260798 -0.1320205 0.1799355
v -0.79664698 -0.13374449 0.1831675
v -0.79071298 -0.1342535 0.1870425
v -0.81336001 -0.1331065 0.20108551
v -0.80892 -0.1341525 0.2059775
v -0.80349401 -0.1339855 0.2118215
v -0.78412601 -0.1340445 0.1918755
v -0.79702798 -0.1316385 0.2186075
v -0.77618399 -0.1315245 0.19871551
v -0.78878596 -0.12570649 0.22681351
v -0.76702496 -0.1250685 0.20673651
v -0.74475697 -0.1228325 0.1860725
v -0.75447097 -0.1136885 0.2190585
v -0.73333701 -0.1097235 0.20104051
v -0.71105799 -0.1076165 0.1868715
v -0.72137001 -0.1186435 0.1685835
v -0.68889502 -0.1045315 0.1754245
v -0.69693998 -0.1159145 0.1557575
v -0.667263 -0.1029835 0.1669655
v -0.67421499 -0.1130645 0.1465895
v -0.68085697 -0.1230665 0.12612951
v -0.68670699 -0.13251451 0.1058275
v -0.65180698 -0.1123525 0.1406025
v -0.657437 -0.1225175 0.12025151
v -0.62985399 -0.1117755 0.13603351
v -0.64618 -0.1024485 0.1599565
v -0.62530699 -0.1023005 0.1546905
v -0.604224 -0.1020455 0.1509635
v -0.60788098 -0.1111945 0.1326575
v -0.582917 -0.1014375 0.14876351
v -0.585673 -0.1108115 0.1304525
v -0.56154302 -0.1003775 0.1473245
v -0.56312898 -0.1105975 0.1294065
v -0.54015097 -0.099285498 0.1465535
v -0.54020199 -0.1099865 0.1293925
v -0.51822701 -0.098233499 0.1472425
v -0.51692501 -0.1083975 0.1298535
v -0.49646097 -0.097270504 0.1485765
v -0.49386498 -0.1072155 0.13075951
v -0.49151599 -0.1176275 0.1111195
v -0.47143099 -0.1049985 0.1319135
v -0.46754199 -0.1161195 0.1123965
v -0.46455598 -0.12597451 0.093287505
v -0.44447699 -0.1156515 0.1152435
v -0.44047299 -0.12537649 0.095555507
v -0.42150497 -0.1151495 0.11875951
v -0.417099 -0.1246435 0.0986325
v -0.397742 -0.1150575 0.1223075
v -0.393354 -0.1245075 0.1021265
v -0.39117798 -0.1309125 0.080192506
v -0.368404 -0.1249585 0.1040045
v -0.36653799 -0.13063949 0.082114503
v -0.36621398 -0.1340895 0.061885506
v -0.34195799 -0.13198049 0.081825502
v -0.34132197 -0.1342095 0.061325502
v -0.31794998 -0.13193551 0.077545501
v -0.37296498 -0.1163095 0.1259975
v -0.40479299 -0.1052435 0.1444415
v -0.38178498 -0.1056785 0.1504965
v -0.412799 -0.095953502 0.1656715
v -0.39245299 -0.095034502 0.17385951
v -0.37331 -0.093686499 0.1844845
v -0.39917397 -0.087394498 0.1886525
v -0.38093898 -0.0862865 0.19915651
v -0.35585499 -0.090142503 0.19669551
v -0.40383399 -0.080560498 0.1992345
v -0.41841599 -0.087942503 0.18016951
v -0.42258599 -0.081141502 0.19098151
v -0.44150099 -0.081525497 0.18395351
v -0.94806698 -0.0258255 0.091596507
v -0.55963799 -0.083329499 0.1702985
v -0.57942501 -0.083856501 0.17298651
v -0.53965601 -0.083796501 0.1698225
v -0.54001001 -0.091065504 0.1598065
v -0.56044897 -0.091147497 0.1607375
v -0.51974598 -0.083371498 0.16921251
v -0.519245 -0.0910175 0.1596415
v -0.50006899 -0.082527503 0.17024951
v -0.49857098 -0.090071499 0.1610025
v -0.48036 -0.0824835 0.17425551
v -0.47804299 -0.089298502 0.1638115
v -0.475274 -0.096206501 0.1509535
v -0.45801398 -0.089296497 0.16799051
v -0.45439598 -0.096206501 0.15479051
v -0.44933698 -0.1059095 0.1355515
v -0.433505 -0.096206501 0.1593045
v -0.427113 -0.1052355 0.13937651
v -0.43812799 -0.088554502 0.17329751
v -0.46083599 -0.081686497 0.17825951
v -0.580915 -0.091849498 0.1623345
v -0.601423 -0.092812501 0.1653965
v -0.59947297 -0.0841875 0.17620251
v -0.62181202 -0.093050502 0.1691885
v -0.61933997 -0.084248498 0.1802855
v -0.63894197 -0.084942497 0.18571851
v -0.69547299 -0.046642501 0.22263651
v -0.69603798 -0.0242025 0.22287251
v -0.71351698 -0.0247315 0.2362285
v -0.94813797 -0.027337501 0.1652925
v -0.94815597 -0.027106499 0.1401065
v -0.94813702 -0.026664501 0.1154545
v -0.94820997 -0.053365499 0.1389645
v -0.94818899 -0.0536725 0.1644035
v -0.948226 -0.077021502 0.1634575
v -0.94814196 -0.053944498 0.1901575
v -0.94816497 -0.0776565 0.18918051
v -0.94788101 -0.096400499 0.18830751
v -0.94809297 -0.078304499 0.2151635
v -0.947822 -0.096980497 0.2140325
v -0.94558099 -0.1114275 0.2130335
v -0.945564 -0.1111335 0.18759151
v -0.93666801 -0.1228165 0.2121505
v -0.93666801 -0.1228165 0.2121505
v -0.93661496 -0.1226275 0.1870185
v -0.93661496 -0.1226275 0.1870185
v -0.92371801 -0.1302675 0.21139251
v -0.92367998 -0.13007051 0.1865855
v -0.90897599 -0.1340425 0.2101485
v -0.91003099 -0.1338415 0.1857675
v -0.92378297 -0.1303785 0.2357675
v -0.908672 -0.1341645 0.23387751
v -0.92337301 -0.1306365 0.26037452
v -0.908205 -0.13433249 0.25700951
v -0.891332 -0.13491251 0.25085449
v -0.90612701 -0.1344265 0.28170851
v -0.88772896 -0.1350475 0.27227852
v -0.86729899 -0.1349525 0.25741449
v -0.87151197 -0.13465349 0.24088751
v -0.84704801 -0.1348175 0.24246651
v -0.85189602 -0.1344745 0.23095651
v -0.825192 -0.1344285 0.22764951
v -0.82958999 -0.1344225 0.2208925
v -0.83330098 -0.1334305 0.2128215
v -0.83549997 -0.1293695 0.20558751
v -0.81714597 -0.1302205 0.1964585
v -0.83686098 -0.1232005 0.2003845
v -0.80755398 -0.1268345 0.17746051
v -0.79850999 -0.1285345 0.1554665
v -0.79146996 -0.12934449 0.12970251
v -0.79370299 -0.1232225 0.1043345
v -0.79974797 -0.1059445 0.080869503
v -0.80097696 -0.092158504 0.0818225
v -0.80114999 -0.071532503 0.083899505
v -0.80230197 -0.1060895 0.061642502
v -0.80368498 -0.090928502 0.0647595
v -0.80348697 -0.070733503 0.068729505
v -0.80312201 -0.047766499 0.070844501
v -0.80108401 -0.0481265 0.085840501
v -0.80662999 -0.089238502 0.053585503
v -0.80653998 -0.069653504 0.057816502
v -0.80616596 -0.047403499 0.059404504
v -0.80604699 -0.0242335 0.059784502
v -0.80291197 -0.024169501 0.071551502
v -0.81042996 -0.068436503 0.048252504
v -0.81020001 -0.047089498 0.049316503
v -0.81018701 -0.024293501 0.049453504
v -0.81770501 -0.046813499 0.042359505
v -0.81769702 -0.024315501 0.042361502
v -0.80103502 -0.0241975 0.086687505
v -0.83588001 -0.1059605 0.18852951
v -0.83710501 -0.1154895 0.1948155
v -0.85016701 -0.1050735 0.1887435
v -0.85323098 -0.1144185 0.19488551
v -0.81801 -0.067477502 0.041896503
v -0.81067398 -0.087205499 0.044360504
v -0.81794897 -0.085798502 0.038249504
v -0.809764 -0.1032815 0.038883504
v -0.817112 -0.1021385 0.032709502
v -0.80546996 -0.1049915 0.048391502
v -0.78756699 -0.13028251 0.1040215
v -0.83962896 -0.1334285 0.2519275
v -0.818661 -0.1326215 0.23564151
v -0.829622 -0.12761851 0.26221251
v -0.80982199 -0.1267865 0.24477451
v -0.815029 -0.1170185 0.2749885
v -0.79590002 -0.1160545 0.2574015
v -0.77591696 -0.1148885 0.2388235
v -0.78004101 -0.1034845 0.27039251
v -0.76178697 -0.1033375 0.2517755
v -0.74288699 -0.1017675 0.2322825
v -0.75268796 -0.094123498 0.25999051
v -0.75268796 -0.094123498 0.25999051
v -0.73604098 -0.092643499 0.2407805
v -0.73604098 -0.092643499 0.2407805
v -0.71754196 -0.090299502 0.2254885
v -0.71754196 -0.090299502 0.2254885
v -0.723447 -0.098792501 0.21564551
v -0.69803497 -0.088814497 0.21287851
v -0.70302901 -0.097343497 0.2022275
v -0.67825499 -0.087487496 0.2021295
v -0.68252799 -0.095813498 0.1908115
v -0.65838799 -0.086575501 0.1934085
v -0.66216198 -0.094766498 0.18189551
v -0.64196399 -0.093671501 0.17466651
v -0.69467697 -0.077788502 0.2204925
v -0.71329597 -0.079752497 0.2329945
v -0.71270397 -0.065509498 0.23525551
v -0.71309099 -0.047541499 0.23588951
v -0.730378 -0.0669045 0.24903551
v -0.72989401 -0.0483975 0.2506015
v -0.73004201 -0.0250815 0.2510905
v -0.74397996 -0.048846502 0.2683675
v -0.74402097 -0.0253505 0.2686775
v -0.75850502 -0.025270499 0.28670952
v -0.94798496 -0.0274565 0.2444205
v -0.94804898 -0.027492501 0.21730651
v -0.94808999 -0.027469501 0.1910295
v -0.94808897 -0.0541985 0.2163475
v -0.94801697 -0.0543225 0.2432045
v -0.94802901 -0.0788555 0.2416555
v -0.94789597 -0.054125499 0.27177849
v -0.94791898 -0.078920498 0.26898152
v -0.94772598 -0.097863503 0.2669065
v -0.94778398 -0.097360499 0.24014451
v -0.94530901 -0.1122225 0.2650325
v -0.94552901 -0.1117205 0.2386995
v -0.93644097 -0.1234455 0.26289952
v -0.93644097 -0.1234455 0.26289952
v -0.93669102 -0.1230575 0.2372255
v -0.93669102 -0.1230575 0.2372255
v -0.94443199 -0.1124595 0.29263151
v -0.94443199 -0.1124595 0.29263151
v -0.93506697 -0.1237395 0.29006252
v -0.93506697 -0.1237395 0.29006252
v -0.92163399 -0.13091449 0.2865015
v -0.927632 -0.1233445 0.31540349
v -0.91390696 -0.1300935 0.3103365
v -0.89766797 -0.1335035 0.30231249
v -0.89953199 -0.1256105 0.3277725
v -0.884271 -0.1279615 0.31596851
v -0.86714497 -0.12807649 0.2993615
v -0.879127 -0.13382851 0.28765851
v -0.84862497 -0.1279265 0.28039551
v -0.85945001 -0.13365149 0.26914349
v -0.85181096 -0.1180745 0.31067652
v -0.833859 -0.1178795 0.29277149
v -0.83322498 -0.1052625 0.32121649
v -0.816452 -0.1049465 0.3050715
v -0.79827699 -0.1041405 0.28799751
v -0.802825 -0.092789501 0.3151235
v -0.802825 -0.092789501 0.3151235
v -0.78615597 -0.092977501 0.29758149
v -0.78615597 -0.092977501 0.29758149
v -0.76922598 -0.093251497 0.27924252
v -0.76922598 -0.093251497 0.27924252
v -0.77818599 -0.080534503 0.30375251
v -0.76179096 -0.081175499 0.2850745
v -0.74611297 -0.082147501 0.26554751
v -0.75897899 -0.066483498 0.28697151
v -0.74395099 -0.067357503 0.2676625
v -0.73131499 -0.081140503 0.24706151
v -0.75865999 -0.048317499 0.2869055
v -0.77484396 -0.065290503 0.3056215
v -0.77415201 -0.047248501 0.3052465
v -0.773729 -0.024789501 0.3047905
v -0.78987697 -0.046021499 0.32305449
v -0.78935799 -0.0240745 0.32252452
v -0.80489996 -0.0230975 0.3393935
v -0.82461599 -0.0221065 0.35901749
v -0.83397701 -0.0218825 0.3634645
v -0.81679901 -0.022434501 0.35167152
v -0.81676397 -0.0430675 0.35156351
v -0.82446697 -0.0421305 0.35892749
v -0.80520597 -0.044496499 0.33972749
v -0.80578896 -0.063031502 0.3398335
v -0.81735197 -0.061038502 0.35153851
v -0.79079798 -0.0643465 0.3235575
v -0.794489 -0.080172502 0.3216565
v -0.80946699 -0.079705499 0.33759952
v -0.81828997 -0.092787497 0.33035251
v -0.81828997 -0.092787497 0.33035251
v -0.83080897 -0.091827497 0.34346551
v -0.83080897 -0.091827497 0.34346551
v -0.82084301 -0.078513503 0.34994951
v -0.83938798 -0.089127503 0.35356051
v -0.83938798 -0.089127503 0.35356051
v -0.82968196 -0.075299501 0.35834849
v -0.82544598 -0.0591725 0.3592065
v -0.83818999 -0.0708685 0.36281851
v -0.83390799 -0.056938499 0.3632825
v -0.83338299 -0.041224498 0.3633475
v -0.84370098 -0.040684499 0.3644065
v -0.84370098 -0.040684499 0.3644065
v -0.84446201 -0.021800499 0.36431152
v -0.855239 -0.0406035 0.3627395
v -0.85608599 -0.0218185 0.3625595
v -0.874374 -0.0228015 0.3591485
v -0.89797601 -0.024913501 0.3526845
v -0.87181798 -0.042801499 0.35970449
v -0.88754001 -0.066785499 0.35543451
v -0.87995997 -0.079784498 0.35721952
v -0.94436601 -0.097067498 0.32015151
v -0.94598296 -0.077277496 0.3198925
v -0.89844397 -0.1007575 0.3503775
v -0.93782797 -0.1118205 0.31850749
v -0.947548 -0.097327501 0.29423851
v -0.91191098 -0.1187445 0.33421052
v -0.88921401 -0.1096945 0.34695551
v -0.88921401 -0.1096945 0.34695551
v -0.87894496 -0.1150545 0.33913851
v -0.86429897 -0.097165503 0.35549149
v -0.86429897 -0.097165503 0.35549149
v -0.855804 -0.1019835 0.34736249
v -0.855804 -0.1019835 0.34736249
v -0.84678099 -0.1042335 0.33627149
v -0.86713699 -0.1175395 0.32713851
v -0.84735498 -0.084205501 0.3604995
v -0.87209997 -0.0894695 0.35803449
v -0.87209997 -0.0894695 0.35803449
v -0.94772801 -0.078452498 0.29646349
v -0.94757798 -0.053879499 0.29839751
v -0.945959 -0.053142499 0.3199265
v -0.94759497 -0.027168499 0.29962349
v -0.94575897 -0.026842501 0.32049951
v -0.94787499 -0.0273355 0.27255249
v -0.93155101 -0.0281405 -0.058077496
v -0.92014197 -0.0294025 -0.063831493
v -0.906284 -0.0302845 -0.0691045
v -0.88560101 -0.0306955 -0.077278495
v -0.72200796 -0.028104501 -0.1353735
v -0.69946197 -0.055891499 -0.14053449
v -0.698984 -0.0281715 -0.1427805
v -0.67577299 -0.027935499 -0.1479395
v -0.629504 -0.027632501 -0.1580835
v -0.60629597 -0.027615501 -0.15898849
v -0.65193501 -0.054799501 -0.1510755
v -0.62911597 -0.054929499 -0.15686449
v -0.67536798 -0.055086501 -0.1455265
v -0.244739 -0.082806498 0.1867585
v -0.22437799 -0.084186502 0.17993951
v -0.56077299 -0.1312975 -0.028271496
v -0.55793098 -0.1272815 -0.039933495
v -0.56138799 -0.13302051 -0.055343498
v -0.56367901 -0.13331249 -0.070589498
v -0.56361201 -0.13291951 -0.0874945
v -0.55600896 -0.1228345 -0.071416497
v -0.55664501 -0.1201395 -0.088570498
v -0.55544099 -0.1096925 -0.10439049
v -0.55548701 -0.1005735 -0.1033515
v -0.55389497 -0.1041745 -0.1182745
v -0.55535701 -0.1083025 -0.088208497
v -0.550558 -0.1006745 -0.087870494
v -0.550558 -0.1006745 -0.087870494
v -0.55002001 -0.095956497 -0.10246649
v -0.55002001 -0.095956497 -0.10246649
v -0.55544099 -0.1120855 -0.072138496
v -0.55544099 -0.1120855 -0.072138496
v -0.55058101 -0.1058735 -0.072347499
v -0.55058101 -0.1058735 -0.072347499
v -0.55058101 -0.1058735 -0.072347499
v -0.54555699 -0.1114575 -0.074047498
v -0.545212 -0.1065625 -0.090479493
v -0.55543098 -0.1119235 -0.054047495
v -0.55543098 -0.1119235 -0.054047495
v -0.55094799 -0.1084785 -0.053848498
v -0.55094799 -0.1084785 -0.053848498
v -0.54675099 -0.1139585 -0.054309499
v -0.54961202 -0.1164865 -0.039025497
v -0.54741398 -0.1224145 -0.040043496
v -0.545917 -0.1210845 -0.055029497
v -0.54464498 -0.1202265 -0.074690498
v -0.55189398 -0.1100575 -0.038172498
v -0.55189398 -0.1100575 -0.038172498
v -0.55549696 -0.1106735 -0.038266499
v -0.55549696 -0.1106735 -0.038266499
v -0.55614498 -0.1214845 -0.054336496
v -0.55632797 -0.1182405 -0.038641497
v -0.54469201 -0.1007365 -0.1048335
v -0.47732398 -0.092920497 -0.1368885
v -0.47732398 -0.092920497 -0.1368885
v -0.290986 -0.1257115 -0.14565749
v -0.404735 -0.1332925 -0.1067065
v -0.42957398 -0.13312849 -0.087918498
v -0.44699198 -0.1335575 -0.0728205
v 0.75642702 -0.0012455002 -0.25536048
v 0.77212599 -0.0013115002 -0.2555995
v 0.75629899 -0.0024245002 -0.26588449
v 0.77272001 -0.0024975 -0.26679149
v 0.75586399 -0.0036735001 -0.27712649
v 0.77204499 -0.0037035001 -0.2790215
v 0.75397202 -0.0055255 -0.29104251
v 0.76832804 -0.0055404999 -0.2953575
v 0.78160599 -0.0059135002 -0.30033851
v 0.75920603 -0.0093485005 -0.31988749
v 0.76885399 -0.0098085003 -0.32722351
v 0.77754 -0.0105995 -0.33405951
v 0.75391099 -0.0134635 -0.35433748
v 0.76188102 -0.0142265 -0.3606455
v 0.76905701 -0.018406501 -0.36595848
v 0.76905701 -0.018406501 -0.36595848
v 0.78545001 -0.0133715 -0.34121451
v 0.78545001 -0.0133715 -0.34121451
v 0.77331302 -0.0267055 -0.3683975
v 0.79059801 -0.0214865 -0.34520251
v 0.77546701 -0.036627501 -0.3690545
v 0.79273799 -0.032291502 -0.3464255
v 0.77683803 -0.047565501 -0.36924449
v 0.79395899 -0.044081502 -0.34692249
v 0.77803203 -0.060896501 -0.36946449
v 0.79508701 -0.058066498 -0.34746748
v 0.81171903 -0.055205502 -0.3256045
v 0.794615 -0.076712497 -0.34689051
v 0.81119499 -0.074347503 -0.32531148
v 0.79045501 -0.095263503 -0.34362051
v 0.80707702 -0.093881503 -0.3222135
v 0.78806004 -0.1090175 -0.34189549
v 0.80485001 -0.1078395 -0.32040349
v 0.78581503 -0.1198945 -0.3402375
v 0.80263302 -0.1191735 -0.31845951
v 0.78178599 -0.12916151 -0.3370145
v 0.79772702 -0.1283045 -0.3145605
v 0.764972 -0.1298255 -0.3589865
v 0.67214504 -0.1329625 -0.33209449
v 0.68235603 -0.1315235 -0.30968049
v 0.66466704 -0.1235325 -0.32923651
v 0.67479101 -0.1212835 -0.30718851
v 0.65822402 -0.1121425 -0.32697651
v 0.66766003 -0.1096455 -0.30506751
v 0.65177003 -0.099038497 -0.32476649
v 0.661064 -0.096034497 -0.3033165
v 0.65003303 -0.083702497 -0.3247785
v 0.65985999 -0.080385499 -0.3037475
v 0.65313503 -0.0683055 -0.32724449
v 0.66300604 -0.0644795 -0.30611449
v 0.67178902 -0.0608695 -0.28502849
v 0.66633102 -0.0502505 -0.30895749
v 0.67528 -0.045869499 -0.28775549
v 0.682587 -0.041070499 -0.26673749
v 0.67817101 -0.032463498 -0.29046151
v 0.68546799 -0.026517499 -0.26949951
v 0.69133499 -0.020327501 -0.25084549
v 0.69133499 -0.020327501 -0.25084549
v 0.69128403 -0.0150975 -0.27259549
v 0.69128403 -0.0150975 -0.27259549
v 0.69768301 -0.0100255 -0.25540349
v 0.69768301 -0.0100255 -0.25540349
v 0.70128801 -0.0102825 -0.27568048
v 0.70660701 -0.0062095001 -0.25937751
v 0.71070102 -0.0032995001 -0.2491425
v 0.71634498 -0.0046745003 -0.26356849
v 0.71889701 -0.0028315003 -0.2540395
v 0.721001 -0.0013805002 -0.2462095
v 0.71344402 -0.0014825001 -0.2423615
v 0.73028901 -0.0013195002 -0.2496905
v 0.74199602 -0.0012425001 -0.25301051
v 0.72901401 -0.0026335001 -0.25874549
v 0.74163303 -0.0024555002 -0.26287949
v 0.72752103 -0.0040705004 -0.26860449
v 0.740935 -0.0037965002 -0.2734375
v 0.724318 -0.0065365001 -0.28208551
v 0.73892799 -0.0058065001 -0.28680551
v 0.71782103 -0.0108985 -0.3038975
v 0.73245701 -0.0098555004 -0.30838048
v 0.746667 -0.0093614999 -0.3135865
v 0.72199199 -0.0139755 -0.33534449
v 0.73478201 -0.0133285 -0.34158549
v 0.74564299 -0.0131985 -0.3477895
v 0.72197303 -0.0175945 -0.36760148
v 0.73106602 -0.0173025 -0.37358049
v 0.73862103 -0.017679499 -0.37893251
v 0.71619001 -0.0206345 -0.3971025
v 0.723115 -0.0207975 -0.4021475
v 0.72994503 -0.0219515 -0.40705249
v 0.74578902 -0.019290499 -0.38415548
v 0.73566201 -0.0269095 -0.4110125
v 0.73566201 -0.0269095 -0.4110125
v 0.752278 -0.0233845 -0.38875249
v 0.752278 -0.0233845 -0.38875249
v 0.73860702 -0.0349655 -0.41235849
v 0.75598404 -0.031164501 -0.39067751
v 0.74041 -0.043754499 -0.41258949
v 0.75803402 -0.040462501 -0.39121249
v 0.74182501 -0.0533625 -0.4127585
v 0.75947902 -0.050467499 -0.39134151
v 0.742668 -0.067176498 -0.41323748
v 0.76062003 -0.0636345 -0.39155951
v 0.74158499 -0.085416503 -0.41340551
v 0.76012602 -0.082702503 -0.39124051
v 0.77777204 -0.079669498 -0.36878449
v 0.75545999 -0.099414498 -0.38745749
v 0.773671 -0.097065501 -0.3656635
v 0.75253901 -0.1115355 -0.38484749
v 0.77066299 -0.1100395 -0.36352751
v 0.75115201 -0.1215795 -0.3833515
v 0.76843598 -0.1204695 -0.36186251
v 0.748261 -0.1308365 -0.38053951
v 0.73376098 -0.1230615 -0.40409851
v 0.73128703 -0.1319575 -0.40117249
v 0.71443501 -0.13295449 -0.42170149
v 0.71443501 -0.13295449 -0.42170149
v 0.70904502 -0.13794149 -0.41702551
v 0.64866903 -0.1383715 -0.37730148
v 0.66112503 -0.13517851 -0.3547405
v 0.64191303 -0.1294775 -0.37400749
v 0.653622 -0.12647749 -0.35155851
v 0.63634804 -0.1186025 -0.37142751
v 0.647504 -0.1152685 -0.34913251
v 0.63011202 -0.1056195 -0.36820951
v 0.64112899 -0.1024775 -0.34640449
v 0.62656 -0.090449497 -0.3665185
v 0.63873699 -0.087197497 -0.3456535
v 0.62897602 -0.074959502 -0.3686325
v 0.64155599 -0.0718375 -0.34793651
v 0.63207003 -0.060913499 -0.37162751
v 0.644546 -0.057933502 -0.3508755
v 0.65618601 -0.0543225 -0.3301115
v 0.64714602 -0.045164499 -0.3539165
v 0.65901002 -0.041513499 -0.33310649
v 0.66918799 -0.0373035 -0.3118315
v 0.66405502 -0.0303715 -0.33697751
v 0.66405502 -0.0303715 -0.33697751
v 0.67424902 -0.0259695 -0.31547549
v 0.67424902 -0.0259695 -0.31547549
v 0.68358603 -0.020969501 -0.29365149
v 0.68358603 -0.020969501 -0.29365149
v 0.68439904 -0.020165499 -0.32018849
v 0.69359002 -0.014771501 -0.29725349
v 0.69613102 -0.0175185 -0.32469651
v 0.70527002 -0.0124105 -0.3005375
v 0.71198699 -0.0078985002 -0.27845249
v 0.70859602 -0.0152705 -0.32958749
v 0.68539402 -0.0214795 -0.34792051
v 0.69786599 -0.0198125 -0.35394549
v 0.71041903 -0.0184955 -0.36068749
v 0.68570504 -0.023487501 -0.37722251
v 0.69751301 -0.021978499 -0.38437548
v 0.70810398 -0.021055501 -0.3913995
v 0.683943 -0.0262505 -0.4070625
v 0.69330999 -0.024997501 -0.41365349
v 0.70047501 -0.024183501 -0.4190715
v 0.67742202 -0.028191499 -0.43468648
v 0.68447903 -0.0277195 -0.43985251
v 0.690909 -0.028012501 -0.44460151
v 0.706929 -0.0241795 -0.42417449
v 0.697126 -0.030104499 -0.44906449
v 0.713182 -0.0264675 -0.4286505
v 0.71833703 -0.031398501 -0.4319315
v 0.72137603 -0.0390605 -0.43308648
v 0.72311202 -0.047698501 -0.4332335
v 0.72439203 -0.057357501 -0.43330649
v 0.724794 -0.070919499 -0.43399748
v 0.722101 -0.088504501 -0.43343049
v 0.71605 -0.1047095 -0.42778251
v 0.73565599 -0.1016735 -0.40794349
v 0.71588603 -0.1156915 -0.4259395
v 0.73412499 -0.1135565 -0.40552351
v 0.69794801 -0.1346315 -0.44397351
v 0.67836604 -0.1413385 -0.46373451
v 0.69364902 -0.14090849 -0.44005451
v 0.67180702 -0.1426055 -0.45824748
v 0.68679699 -0.1417045 -0.43483248
v 0.66485199 -0.1430375 -0.4525345
v 0.67950204 -0.1421085 -0.42941248
v 0.65738401 -0.14325251 -0.44659251
v 0.67175302 -0.1422585 -0.4237625
v 0.649295 -0.14345451 -0.4404285
v 0.66330203 -0.1423575 -0.41779551
v 0.64040104 -0.1436525 -0.4339295
v 0.65427598 -0.1423935 -0.41166449
v 0.63110301 -0.1434935 -0.4274435
v 0.635878 -0.1400605 -0.39972249
v 0.61555299 -0.1338485 -0.41751549
v 0.62936398 -0.13179751 -0.39614451
v 0.61066499 -0.1238235 -0.41479748
v 0.624284 -0.1218425 -0.3933695
v 0.60467103 -0.1119245 -0.41124049
v 0.61799899 -0.1091955 -0.3898375
v 0.59958503 -0.096840501 -0.4083505
v 0.61329201 -0.093967497 -0.38738251
v 0.60081199 -0.080915503 -0.4100365
v 0.61530903 -0.077944502 -0.3892715
v 0.60366401 -0.066402502 -0.41300249
v 0.61850402 -0.063616499 -0.39224049
v 0.606666 -0.053616501 -0.41607949
v 0.62161198 -0.051209502 -0.39552951
v 0.634949 -0.048430499 -0.3748135
v 0.62700704 -0.040493499 -0.40031949
v 0.62700704 -0.040493499 -0.40031949
v 0.64044502 -0.0378065 -0.37940249
v 0.64044502 -0.0378065 -0.37940249
v 0.65253404 -0.034417499 -0.3583425
v 0.65253404 -0.034417499 -0.3583425
v 0.64971504 -0.031255499 -0.38554651
v 0.66234699 -0.0286685 -0.36423549
v 0.67373499 -0.0238955 -0.34235048
v 0.67389104 -0.026112501 -0.37048349
v 0.66096702 -0.0293005 -0.39234349
v 0.67265502 -0.027739501 -0.3996225
v 0.64709899 -0.0326785 -0.41369751
v 0.65859702 -0.030396501 -0.42136648
v 0.66945001 -0.0290595 -0.42895651
v 0.64400104 -0.0336845 -0.44252148
v 0.65418801 -0.031627499 -0.45004851
v 0.66140398 -0.030429499 -0.4556635
v 0.63746402 -0.034566499 -0.4702085
v 0.64424899 -0.033696499 -0.47571349
v 0.65020201 -0.0330045 -0.48086351
v 0.66798499 -0.0296985 -0.46073249
v 0.65600303 -0.0335555 -0.48574549
v 0.67424902 -0.0299285 -0.46549049
v 0.661755 -0.035862502 -0.49015749
v 0.68027201 -0.031830501 -0.46990949
v 0.64721903 -0.1421655 -0.50523952
v 0.66308102 -0.14188451 -0.48562351
v 0.64186302 -0.14555851 -0.49995151
v 0.65689799 -0.14358149 -0.4799535
v 0.63548502 -0.1467685 -0.49414548
v 0.65037504 -0.14420649 -0.47407749
v 0.62900302 -0.14723849 -0.48855349
v 0.64344499 -0.14450151 -0.46812749
v 0.62150201 -0.14761551 -0.4825235
v 0.63559303 -0.1448095 -0.4618625
v 0.612699 -0.1480795 -0.4761565
v 0.62670204 -0.1451485 -0.45523348
v 0.603138 -0.1481505 -0.46976751
v 0.61717799 -0.14501449 -0.44870451
v 0.59410599 -0.1455055 -0.46411851
v 0.60805902 -0.1427125 -0.44286549
v 0.58738402 -0.1374035 -0.46051449
v 0.60129198 -0.13541751 -0.43899348
v 0.58187303 -0.1272195 -0.45774549
v 0.596131 -0.12545849 -0.43614051
v 0.575066 -0.1155865 -0.4537335
v 0.59006599 -0.1139715 -0.4324865
v 0.56967804 -0.1011125 -0.4507505
v 0.58483699 -0.099366501 -0.42946649
v 0.57060704 -0.085738502 -0.45252049
v 0.58585402 -0.0837005 -0.43105549
v 0.57346603 -0.0716585 -0.45542648
v 0.588604 -0.069344498 -0.4339965
v 0.57668903 -0.0592095 -0.45831251
v 0.591692 -0.056601502 -0.4372015
v 0.58230099 -0.048090499 -0.4627845
v 0.58230099 -0.048090499 -0.4627845
v 0.59747502 -0.045799501 -0.4419685
v 0.59747502 -0.045799501 -0.4419685
v 0.612385 -0.042899501 -0.4208785
v 0.612385 -0.042899501 -0.4208785
v 0.60749504 -0.040483501 -0.4488095
v 0.62211904 -0.0377395 -0.4277555
v 0.63641199 -0.035503499 -0.40692949
v 0.63312599 -0.035535499 -0.43512949
v 0.61841902 -0.037575502 -0.45622751
v 0.62865803 -0.035883501 -0.46353051
v 0.60297903 -0.039622501 -0.4775475
v 0.61258599 -0.037678499 -0.48465648
v 0.62039801 -0.036528502 -0.49070451
v 0.59680101 -0.039447501 -0.50567052
v 0.60434201 -0.038062502 -0.51164052
v 0.61065301 -0.037270501 -0.51666251
v 0.62681404 -0.035818499 -0.4958345
v 0.616739 -0.036870502 -0.52142647
v 0.63272002 -0.035457499 -0.50077853
v 0.62264201 -0.037330501 -0.52616248
v 0.63861802 -0.0361435 -0.50564852
v 0.64425901 -0.038928501 -0.50990251
v 0.61560002 -0.1105395 -0.5480555
v 0.61788902 -0.1211585 -0.54865351
v 0.61878404 -0.1291995 -0.54811648
v 0.61833301 -0.13732751 -0.54664549
v 0.61655501 -0.1449495 -0.54445949
v 0.63239101 -0.1440165 -0.52450749
v 0.61167803 -0.1497785 -0.54005548
v 0.62715504 -0.1485945 -0.51983348
v 0.60546902 -0.15118951 -0.53485247
v 0.62061599 -0.1497415 -0.5143455
v 0.59880504 -0.1515695 -0.52952752
v 0.61397204 -0.1499145 -0.50896052
v 0.59197101 -0.1516785 -0.52429947
v 0.60687903 -0.1500155 -0.50351349
v 0.58338901 -0.15177549 -0.51818952
v 0.59829202 -0.1500925 -0.49745351
v 0.57403401 -0.1513675 -0.51199052
v 0.58865401 -0.1499465 -0.49115449
v 0.56469199 -0.14906649 -0.50616148
v 0.57939801 -0.1479765 -0.48521549
v 0.55126503 -0.051989499 -0.5049375
v 0.56633303 -0.049840499 -0.48324949
v 0.56633303 -0.049840499 -0.48324949
v 0.57623401 -0.044278499 -0.49038649
v 0.59223703 -0.042721499 -0.46994948
v 0.58719102 -0.0418915 -0.49837849
v 0.57102802 -0.043382499 -0.51852551
v 0.59482899 -0.045503501 -0.57070449
v 0.59846804 -0.050818499 -0.57302949
v 0.60005799 -0.058344502 -0.57334849
v 0.60035202 -0.066391498 -0.57264248
v 0.59989503 -0.0751305 -0.57146952
v 0.59961101 -0.086276501 -0.57035151
v 0.61626002 -0.081100501 -0.55132851
v 0.59795699 -0.099199504 -0.56774548
v 0.59717801 -0.1118365 -0.56581852
v 0.58120701 -0.1025625 -0.58610049
v 0.579941 -0.1128455 -0.58425352
v 0.58282599 -0.1214065 -0.58637151
v 0.599709 -0.1215315 -0.5670605
v 0.58594903 -0.1299745 -0.58777753
v 0.60176 -0.1294705 -0.56743953
v 0.586431 -0.1388295 -0.58647051
v 0.60207102 -0.13773949 -0.56644753
v 0.58539602 -0.14710151 -0.58438548
v 0.58539602 -0.14710151 -0.58438548
v 0.60055104 -0.1455555 -0.56432149
v 0.60055104 -0.1455555 -0.56432149
v 0.58151701 -0.15335549 -0.58047047
v 0.58151701 -0.15335549 -0.58047047
v 0.59601304 -0.15055449 -0.56009051
v 0.575515 -0.1561735 -0.57533148
v 0.59013 -0.1528655 -0.55496451
v 0.56872603 -0.1568305 -0.5701085
v 0.58353302 -0.1533675 -0.54965648
v 0.56144503 -0.15698551 -0.56499049
v 0.57663003 -0.1535275 -0.54445753
v 0.55329999 -0.1570815 -0.55960551
v 0.56831804 -0.15379851 -0.53868249
v 0.54425803 -0.15669949 -0.55400649
v 0.559194 -0.1535835 -0.53280851
v 0.53568801 -0.1524985 -0.5491555
v 0.55022302 -0.1504865 -0.52748647
v 0.56369099 -0.050662499 -0.60983351
v 0.57964203 -0.0477635 -0.59079549
v 0.566156 -0.0581735 -0.61101547
v 0.58239701 -0.0545655 -0.5922915
v 0.56762001 -0.066393502 -0.61125448
v 0.58380702 -0.062530503 -0.59235051
v 0.56886598 -0.075614497 -0.61122248
v 0.58435902 -0.071216501 -0.59180447
v 0.56896803 -0.086040497 -0.6101245
v 0.58416602 -0.081199497 -0.5907205
v 0.566466 -0.095659502 -0.60694852
v 0.583011 -0.091840498 -0.58875248
v 0.56424901 -0.1053185 -0.60427049
v 0.54991403 -0.098230503 -0.62547651
v 0.54749903 -0.1078025 -0.62284049
v 0.54758903 -0.1177785 -0.6224685
v 0.56323501 -0.1145695 -0.60296848
v 0.55233201 -0.1253415 -0.6255565
v 0.567099 -0.1227175 -0.60563347
v 0.55509999 -0.1339955 -0.62678048
v 0.57014701 -0.1316635 -0.60701248
v 0.55517802 -0.14261951 -0.6258845
v 0.57081202 -0.14057051 -0.60635051
v 0.55435899 -0.15070251 -0.62431452
v 0.57004198 -0.1489125 -0.60469052
v 0.55073902 -0.1567935 -0.62063453
v 0.55073902 -0.1567935 -0.62063453
v 0.56636903 -0.1553625 -0.6010575
v 0.56636903 -0.1553625 -0.6010575
v 0.54501501 -0.15961351 -0.6155645
v 0.56032398 -0.15814251 -0.59598652
v 0.53856203 -0.16037349 -0.61031547
v 0.55367401 -0.1587245 -0.59085748
v 0.53144303 -0.1605095 -0.60507748
v 0.54626903 -0.15874051 -0.58556852
v 0.523693 -0.1604135 -0.60000852
v 0.53829303 -0.1587005 -0.58025852
v 0.51520202 -0.15935551 -0.59526148
v 0.52944103 -0.1580105 -0.5748705
v 0.507521 -0.1549325 -0.59162048
v 0.52135798 -0.1535825 -0.57056847
v 0.526746 -0.051630501 -0.64395252
v 0.54252699 -0.0475985 -0.62615052
v 0.53134403 -0.056261498 -0.64764652
v 0.547245 -0.053090502 -0.6294845
v 0.53376999 -0.063355498 -0.64909348
v 0.54972902 -0.060773499 -0.6306335
v 0.53497002 -0.071271501 -0.64941552
v 0.55117598 -0.069106497 -0.63068649
v 0.53578499 -0.080044501 -0.64885351
v 0.55220303 -0.078118503 -0.63012752
v 0.53609303 -0.090013497 -0.64701751
v 0.552008 -0.088300504 -0.6284155
v 0.53438804 -0.1001365 -0.64437851
v 0.52537403 -0.090710498 -0.66260347
v 0.52340201 -0.1013675 -0.66184852
v 0.52179399 -0.1129885 -0.6608865
v 0.53242102 -0.1103335 -0.64252648
v 0.52335998 -0.1240565 -0.66162851
v 0.53427002 -0.1206465 -0.64294651
v 0.52602503 -0.1331795 -0.66271248
v 0.53779098 -0.1291205 -0.64477351
v 0.52621201 -0.14150649 -0.66245547
v 0.53941903 -0.1375875 -0.64546451
v 0.52630201 -0.1493015 -0.66146949
v 0.539709 -0.1456905 -0.6447005
v 0.52525601 -0.15627649 -0.65937951
v 0.53895101 -0.1532595 -0.64280447
v 0.52224502 -0.1615475 -0.65583351
v 0.52224502 -0.1615475 -0.65583351
v 0.53553799 -0.1588065 -0.63892147
v 0.53553799 -0.1588065 -0.63892147
v 0.51712903 -0.16417851 -0.65111747
v 0.530211 -0.1618925 -0.63400748
v 0.511273 -0.1650745 -0.64659652
v 0.52408299 -0.1630685 -0.62888947
v 0.50522801 -0.1652265 -0.6426045
v 0.51747599 -0.1633115 -0.62412748
v 0.49875602 -0.1649185 -0.63914648
v 0.510093 -0.16276351 -0.61968848
v 0.49212202 -0.1634105 -0.63649449
v 0.50266704 -0.16086049 -0.61602649
v 0.48641101 -0.15877751 -0.63509551
v 0.49553001 -0.15672649 -0.61303052
v 0.52003601 -0.057891499 -0.66123149
v 0.52259603 -0.0644795 -0.66285452
v 0.51600501 -0.072236501 -0.67255351
v 0.52410099 -0.072180502 -0.66336349
v 0.51677701 -0.080662504 -0.67260751
v 0.52508602 -0.080953501 -0.66304651
v 0.516875 -0.0902595 -0.6726695
v 0.50974199 -0.079845503 -0.67948952
v 0.50985 -0.089393497 -0.6797345
v 0.50972798 -0.1003455 -0.68000552
v 0.51610801 -0.1012365 -0.67299148
v 0.50897703 -0.1137225 -0.68034747
v 0.51487198 -0.1137565 -0.67297348
v 0.50899103 -0.1266015 -0.68101451
v 0.51524404 -0.1258845 -0.67387947
v 0.50884101 -0.1370775 -0.68186548
v 0.516139 -0.1359655 -0.67480251
v 0.50793204 -0.1455985 -0.68149748
v 0.51599303 -0.14424349 -0.67442349
v 0.50696501 -0.15249351 -0.68052849
v 0.51573601 -0.15156651 -0.67353049
v 0.50598803 -0.15884951 -0.67947647
v 0.50598803 -0.15884951 -0.67947647
v 0.51472804 -0.15835451 -0.67197952
v 0.503674 -0.1631235 -0.67575851
v 0.503674 -0.1631235 -0.67575851
v 0.51193199 -0.1634485 -0.66830251
v 0.51193199 -0.1634485 -0.66830251
v 0.50750801 -0.16565651 -0.66376552
v 0.50224903 -0.1660905 -0.65988848
v 0.49688002 -0.1660575 -0.65668252
v 0.48759502 -0.1655245 -0.66415152
v 0.49167103 -0.1654665 -0.65417448
v 0.483022 -0.1643915 -0.66318449
v 0.48620102 -0.1638605 -0.65252748
v 0.47961402 -0.1596645 -0.66328052
v 0.481821 -0.15942951 -0.65185252
v 0.49676201 -0.069820501 -0.68637249
v 0.50259998 -0.070711501 -0.68414351
v 0.50896099 -0.071641497 -0.67946252
v 0.50336102 -0.078990497 -0.68464151
v 0.49697301 -0.078071497 -0.68786952
v 0.49662 -0.087295502 -0.68817249
v 0.50338504 -0.088377498 -0.68472353
v 0.49615502 -0.0987285 -0.6888245
v 0.50298002 -0.099459499 -0.6853365
v 0.495552 -0.1132825 -0.68921748
v 0.50238702 -0.1135065 -0.6856415
v 0.49526602 -0.1274125 -0.68922648
v 0.50223604 -0.12706751 -0.68595752
v 0.49527001 -0.13805351 -0.68909451
v 0.50215098 -0.1376175 -0.68628851
v 0.49511701 -0.14666849 -0.68874452
v 0.50170103 -0.14617451 -0.68568549
v 0.494807 -0.15354951 -0.68767253
v 0.50071803 -0.15291651 -0.6841425
v 0.49376902 -0.15839151 -0.68469849
v 0.49376902 -0.15839151 -0.68469849
v 0.49936903 -0.15828951 -0.68227652
v 0.49936903 -0.15828951 -0.68227652
v 0.49220702 -0.1619705 -0.68134353
v 0.49738503 -0.1621865 -0.67925748
v 0.48834202 -0.1540695 -0.6891475
v 0.48826301 -0.1470205 -0.69023648
v 0.48170602 -0.16423149 -0.67187151
v 0.48584101 -0.1649455 -0.67180952
v 0.48958901 -0.086420499 -0.68952349
v 0.49049801 -0.076975502 -0.68856451
v 0.49128702 -0.069275498 -0.68668953
v 0.48898202 -0.098202497 -0.69039252
v 0.48835301 -0.1130125 -0.69105348
v 0.48815301 -0.13853049 -0.69037047
v 0.50777802 -0.0241755 -0.1267955
v 0.38845602 -0.025996501 -0.1378575
v 0.41727701 -0.0252805 -0.1379565
v 0.44525102 -0.0253575 -0.1396555
v 0.46947902 -0.0252565 -0.1341615
v 0.417932 -0.046651501 -0.13942349
v 0.44580501 -0.0465855 -0.1401445
v 0.46912602 -0.046594501 -0.1346695
v 0.48693001 -0.045667499 -0.1270615
v 0.48737001 -0.024843501 -0.12614949
v 0.418421 -0.061656501 -0.1406365
v 0.38956702 -0.0476055 -0.13969849
v 0.39106101 -0.063683502 -0.14148849
v 0.36300701 -0.050371502 -0.1465915
v 0.361146 -0.0271785 -0.1441735
v 0.33630702 -0.028165501 -0.15349549
v 0.339237 -0.0531215 -0.1571915
v 0.31557301 -0.0278675 -0.16849649
v 0.31901503 -0.053593501 -0.1712475
v 0.30175501 -0.0269235 -0.18224549
v 0.30458301 -0.051898502 -0.1847575
v 0.29233101 -0.026076499 -0.1918215
v 0.282525 -0.0254425 -0.1981805
v 0.27121702 -0.0253195 -0.19939649
f 1 51 52
f 1 52 54
f 1 50 48
f 1 48 51
f 1 54 56
f 1 56 58
f 2 59 60
f 2 60 61
f 3 66 65
f 3 65 63
f 4 68 69
f 4 69 70
f 4 70 71
f 4 71 72
f 4 73 74
f 4 74 68
f 5 75 76
f 5 76 77
f 6 78 69
f 6 69 79
f 6 80 81
f 6 81 82
f 6 82 83
f 6 83 78
f 7 88 89
f 7 89 90
f 7 91 92
f 7 92 88
f 8 96 9
f 8 9 97
f 8 10 99
f 8 99 100
f 9 96 101
f 9 101 102
f 9 102 103
f 9 103 97
f 11 98 15
f 11 15 105
f 12 111 112
f 12 112 110
f 13 113 114
f 13 114 108
f 15 98 119
f 15 119 118
f 16 124 17
f 16 17 122
f 17 124 125
f 17 125 126
f 17 126 127
f 17 127 128
f 18 129 130
f 18 130 131
f 18 132 133
f 18 133 134
f 18 134 135
f 18 135 129
f 19 136 138
f 143 19 139
f 143 139 22
f 22 140 142
f 22 142 143
f 20 144 146
f 20 146 141
f 20 21 147
f 20 147 148
f 20 148 149
f 20 149 144
f 23 150 151
f 23 151 152
f 23 152 153
f 23 153 24
f 25 155 156
f 25 156 157
f 25 158 90
f 25 90 89
f 25 157 159
f 25 159 158
f 26 110 112
f 26 112 160
f 26 160 161
f 26 161 162
f 27 166 167
f 27 167 168
f 28 169 170
f 28 170 171
f 28 171 172
f 28 172 173
f 28 173 174
f 28 174 169
f 29 175 176
f 29 176 32
f 29 32 179
f 29 179 180
f 29 180 181
f 29 181 175
f 30 182 184
f 30 184 178
f 31 177 187
f 31 187 183
f 33 189 190
f 33 190 191
f 34 192 193
f 34 193 194
f 35 196 197
f 35 197 195
f 36 188 33
f 36 33 198
f 37 202 203
f 38 212 213
f 38 213 214
f 38 214 215
f 38 215 216
f 38 216 217
f 38 217 212
f 39 218 220
f 39 220 222
f 39 223 224
f 39 224 225
f 39 222 227
f 39 227 228
f 39 228 229
f 39 229 223
f 40 230 231
f 40 231 232
f 40 233 234
f 40 234 235
f 40 235 236
f 40 236 230
f 40 237 238
f 40 238 233
f 40 232 239
f 40 239 237
f 240 241 41
f 240 41 242
f 41 241 206
f 41 206 207
f 42 243 244
f 42 244 245
f 42 245 246
f 42 246 247
f 42 247 248
f 42 248 249
f 42 249 250
f 42 250 251
f 42 251 252
f 42 252 243
f 43 253 254
f 43 254 255
f 43 255 256
f 43 256 257
f 43 258 259
f 43 259 253
f 43 260 261
f 43 261 258
f 44 262 263
f 44 263 264
f 44 267 268
f 44 268 269
f 44 269 270
f 44 270 265
f 44 264 271
f 44 271 267
f 45 272 273
f 45 273 274
f 45 274 275
f 45 275 276
f 45 276 277
f 45 277 272
f 46 279 280
f 46 281 282
f 46 282 283
f 46 280 284
f 46 284 281
f 290 289 291
f 290 291 292
f 290 292 293
f 290 293 294
f 294 293 295
f 294 295 296
f 297 298 299
f 302 301 303
f 302 303 304
f 309 310 311
f 309 311 312
f 309 312 292
f 309 292 291
f 312 311 313
f 312 313 314
f 312 314 293
f 312 293 292
f 314 313 315
f 314 315 316
f 314 316 295
f 314 295 293
f 317 318 319
f 317 319 320
f 317 300 299
f 317 299 298
f 323 322 324
f 323 324 325
f 323 325 306
f 323 306 305
f 323 305 304
f 323 304 303
f 325 324 326
f 325 326 327
f 325 327 307
f 325 307 306
f 327 326 328
f 327 328 329
f 327 329 308
f 327 308 307
f 329 328 330
f 329 330 331
f 329 331 332
f 329 332 308
f 332 331 333
f 332 333 334
f 336 335 337
f 336 337 338
f 336 338 311
f 336 311 310
f 338 337 339
f 338 339 340
f 338 340 313
f 338 313 311
f 340 339 341
f 340 341 342
f 340 342 315
f 340 315 313
f 344 321 319
f 344 319 318
f 345 347 326
f 345 326 324
f 347 346 349
f 347 349 350
f 347 350 328
f 347 328 326
f 350 349 352
f 350 352 353
f 350 353 330
f 350 330 328
f 353 352 355
f 353 355 356
f 353 356 357
f 353 357 330
f 357 333 331
f 357 331 330
f 358 359 360
f 358 360 337
f 358 337 335
f 360 359 361
f 360 361 362
f 360 362 339
f 360 339 337
f 362 361 363
f 362 363 364
f 362 364 341
f 362 341 339
f 364 363 365
f 364 365 366
f 364 366 343
f 364 343 341
f 366 365 367
f 366 367 368
f 372 371 374
f 372 374 376
f 372 376 349
f 372 349 346
f 375 373 377
f 375 377 378
f 375 378 351
f 375 351 348
f 378 377 379
f 378 379 380
f 378 380 354
f 378 354 351
f 382 383 384
f 382 384 359
f 384 383 385
f 384 385 386
f 384 386 361
f 384 361 359
f 386 385 387
f 386 387 388
f 386 388 363
f 386 363 361
f 388 387 389
f 388 389 390
f 388 390 365
f 388 365 363
f 393 392 394
f 393 394 395
f 393 395 396
f 393 396 369
f 396 395 398
f 396 398 399
f 397 400 402
f 397 402 370
f 401 399 403
f 401 403 404
f 401 404 377
f 401 377 373
f 402 374 371
f 402 371 370
f 404 403 405
f 404 405 381
f 404 381 379
f 404 379 377
f 405 403 406
f 405 406 407
f 409 410 411
f 409 411 383
f 411 410 412
f 411 412 413
f 411 413 385
f 411 385 383
f 413 412 414
f 413 414 415
f 413 415 387
f 413 387 385
f 416 417 418
f 418 419 420
f 420 421 422
f 422 423 424
f 424 425 426
f 429 428 430
f 429 430 431
f 429 431 432
f 429 432 391
f 432 431 433
f 432 433 434
f 432 434 435
f 432 435 394
f 432 394 392
f 432 392 391
f 435 434 436
f 435 436 437
f 435 437 406
f 435 406 398
f 435 398 395
f 435 395 394
f 437 436 438
f 437 438 408
f 437 408 407
f 437 407 406
f 438 436 439
f 438 439 440
f 444 445 447
f 444 447 410
f 447 445 448
f 447 448 450
f 447 450 412
f 447 412 410
f 450 448 451
f 450 451 453
f 450 453 414
f 450 414 412
f 457 456 458
f 457 458 459
f 460 461 462
f 460 462 430
f 460 430 428
f 460 428 427
f 462 461 463
f 462 463 464
f 462 464 439
f 462 439 433
f 462 433 431
f 462 431 430
f 464 463 465
f 464 465 441
f 464 441 440
f 464 440 439
f 465 463 466
f 465 466 467
f 470 469 471
f 470 471 472
f 470 472 443
f 470 443 442
f 472 471 473
f 472 473 474
f 472 474 446
f 472 446 443
f 474 473 475
f 474 475 476
f 474 476 449
f 474 449 446
f 476 475 477
f 476 477 478
f 476 478 452
f 476 452 449
f 482 483 484
f 482 484 485
f 482 485 279
f 485 484 486
f 485 486 487
f 485 487 488
f 485 488 489
f 485 489 280
f 485 280 279
f 489 488 490
f 489 490 491
f 489 491 284
f 489 284 280
f 491 490 492
f 491 492 493
f 491 493 494
f 491 494 284
f 494 493 495
f 494 495 496
f 494 496 497
f 494 497 498
f 494 498 281
f 494 281 284
f 498 497 499
f 498 499 500
f 498 500 282
f 498 282 281
f 500 499 502
f 500 502 504
f 500 504 506
f 500 506 282
f 506 508 283
f 506 283 282
f 505 503 509
f 505 509 510
f 505 510 511
f 505 511 507
f 511 510 512
f 511 512 513
f 511 513 514
f 511 514 458
f 511 458 456
f 511 456 507
f 514 513 515
f 514 515 516
f 516 515 517
f 516 517 468
f 517 515 518
f 517 518 519
f 523 522 525
f 523 525 526
f 523 526 527
f 523 527 524
f 527 526 528
f 527 528 529
f 527 529 530
f 527 530 531
f 527 531 532
f 527 532 524
f 532 531 533
f 532 533 534
f 536 535 537
f 536 537 538
f 536 538 471
f 536 471 469
f 538 537 539
f 538 539 540
f 538 540 473
f 538 473 471
f 540 539 541
f 540 541 542
f 540 542 475
f 540 475 473
f 542 541 543
f 542 543 544
f 542 544 477
f 542 477 475
f 544 543 545
f 544 545 547
f 544 547 479
f 544 479 477
f 547 545 549
f 547 549 551
f 546 550 480
f 550 548 552
f 550 552 483
f 550 483 481
f 552 548 553
f 552 553 555
f 552 555 556
f 552 556 486
f 552 486 484
f 552 484 483
f 556 555 557
f 556 557 558
f 556 558 559
f 556 559 560
f 556 560 487
f 556 487 486
f 560 559 561
f 560 561 562
f 560 562 488
f 560 488 487
f 562 561 563
f 562 563 564
f 562 564 490
f 562 490 488
f 564 563 565
f 564 565 566
f 564 566 492
f 564 492 490
f 566 565 567
f 566 567 568
f 566 568 569
f 566 569 492
f 569 568 570
f 569 570 571
f 569 571 572
f 569 572 495
f 569 495 493
f 569 493 492
f 572 571 573
f 572 573 574
f 572 574 575
f 572 575 576
f 572 576 496
f 572 496 495
f 576 575 577
f 576 577 578
f 576 578 497
f 576 497 496
f 578 577 580
f 578 580 582
f 578 582 499
f 578 499 497
f 581 579 583
f 581 583 584
f 582 585 502
f 582 502 499
f 584 583 586
f 584 586 587
f 584 587 588
f 584 588 501
f 588 509 503
f 588 503 501
f 588 587 589
f 588 589 590
f 588 590 591
f 588 591 509
f 591 512 510
f 591 510 509
f 591 590 592
f 591 592 593
f 591 593 518
f 591 518 512
f 593 592 594
f 593 594 520
f 593 520 519
f 593 519 518
f 594 592 595
f 594 595 596
f 596 595 597
f 596 597 521
f 597 595 589
f 597 589 598
f 597 598 599
f 597 599 525
f 597 525 522
f 597 522 521
f 599 598 586
f 599 586 600
f 599 600 601
f 599 601 528
f 599 528 526
f 599 526 525
f 601 600 602
f 601 602 603
f 601 603 604
f 601 604 605
f 601 605 529
f 601 529 528
f 605 604 606
f 605 606 607
f 605 607 530
f 605 530 529
f 607 606 608
f 607 608 609
f 607 609 610
f 607 610 530
f 610 609 611
f 610 611 612
f 610 612 613
f 610 613 533
f 610 533 531
f 610 531 530
f 613 612 614
f 613 614 615
f 613 615 616
f 613 616 617
f 613 617 534
f 613 534 533
f 620 619 622
f 620 622 623
f 620 623 537
f 620 537 535
f 623 622 624
f 623 539 537
f 625 543 541
f 626 545 543
f 627 554 549
f 627 549 545
f 628 631 632
f 628 632 557
f 628 557 555
f 628 555 553
f 632 631 634
f 632 634 635
f 632 635 636
f 632 636 637
f 632 637 558
f 632 558 557
f 637 636 638
f 637 638 639
f 637 639 559
f 637 559 558
f 639 638 640
f 639 640 641
f 639 641 561
f 639 561 559
f 641 640 642
f 641 642 643
f 641 643 563
f 641 563 561
f 643 642 644
f 643 644 645
f 643 645 565
f 643 565 563
f 645 644 646
f 645 646 647
f 645 647 567
f 645 567 565
f 647 646 648
f 647 648 649
f 647 649 650
f 647 650 567
f 650 649 651
f 650 651 652
f 650 652 653
f 650 653 570
f 650 570 568
f 650 568 567
f 653 652 654
f 653 654 655
f 653 655 656
f 653 656 573
f 653 573 571
f 653 571 570
f 656 655 657
f 656 657 658
f 656 658 659
f 656 659 660
f 656 660 574
f 656 574 573
f 660 659 661
f 660 661 662
f 660 662 575
f 660 575 574
f 662 661 663
f 662 663 664
f 662 664 577
f 662 577 575
f 664 663 666
f 664 666 668
f 664 668 580
f 664 580 577
f 667 665 603
f 667 603 602
f 667 602 583
f 667 583 579
f 666 663 669
f 666 669 671
f 665 670 604
f 665 604 603
f 671 669 673
f 671 673 675
f 670 674 606
f 670 606 604
f 674 672 676
f 674 676 678
f 674 678 608
f 674 608 606
f 678 676 679
f 678 679 681
f 678 681 682
f 678 682 608
f 682 681 683
f 682 683 684
f 682 684 685
f 682 685 611
f 682 611 609
f 682 609 608
f 685 684 686
f 685 686 688
f 685 688 690
f 685 690 614
f 685 614 612
f 685 612 611
f 691 689 692
f 690 693 694
f 690 694 695
f 690 695 615
f 690 615 614
f 695 694 696
f 695 696 697
f 695 697 616
f 695 616 615
f 699 698 700
f 699 700 701
f 699 701 621
f 699 621 618
f 701 700 703
f 701 703 704
f 702 624 622
f 704 703 705
f 704 705 706
f 706 705 707
f 706 707 708
f 708 707 709
f 708 709 629
f 709 707 710
f 709 710 711
f 709 711 712
f 709 712 633
f 709 633 630
f 709 630 629
f 712 711 714
f 712 714 715
f 713 716 717
f 713 717 718
f 713 718 635
f 713 635 634
f 718 717 719
f 718 719 720
f 718 720 636
f 718 636 635
f 720 719 721
f 720 721 722
f 720 722 638
f 720 638 636
f 722 721 723
f 722 723 724
f 722 724 640
f 722 640 638
f 724 723 725
f 724 725 726
f 724 726 642
f 724 642 640
f 726 725 727
f 726 727 728
f 726 728 644
f 726 644 642
f 728 727 729
f 728 729 730
f 728 730 646
f 728 646 644
f 730 729 731
f 730 731 732
f 730 732 648
f 730 648 646
f 732 731 733
f 732 733 734
f 732 734 735
f 732 735 648
f 735 734 736
f 735 736 737
f 735 737 738
f 735 738 651
f 735 651 649
f 735 649 648
f 738 737 739
f 738 739 740
f 738 740 741
f 738 741 654
f 738 654 652
f 738 652 651
f 741 740 742
f 741 742 743
f 741 743 744
f 741 744 657
f 741 657 655
f 741 655 654
f 744 743 745
f 744 745 746
f 744 746 747
f 744 747 748
f 744 748 658
f 744 658 657
f 748 747 749
f 748 749 750
f 748 750 659
f 748 659 658
f 750 749 751
f 750 751 752
f 750 752 661
f 750 661 659
f 752 751 673
f 752 673 669
f 752 669 663
f 752 663 661
f 751 749 753
f 751 753 754
f 751 754 677
f 751 677 673
f 754 753 755
f 754 755 756
f 754 756 680
f 754 680 677
f 756 755 757
f 756 757 758
f 756 758 760
f 756 760 680
f 760 758 761
f 760 761 763
f 759 762 765
f 759 765 683
f 759 683 681
f 759 681 679
f 766 764 767
f 766 768 687
f 765 686 684
f 765 684 683
f 768 689 687
f 770 769 771
f 770 771 772
f 770 772 700
f 770 700 698
f 772 771 773
f 772 773 774
f 772 774 703
f 772 703 700
f 774 773 775
f 774 775 776
f 774 776 705
f 774 705 703
f 776 775 777
f 776 777 710
f 776 710 707
f 776 707 705
f 777 775 778
f 777 778 779
f 777 779 780
f 777 780 714
f 777 714 711
f 777 711 710
f 780 779 781
f 780 781 782
f 780 782 783
f 780 783 785
f 780 785 715
f 780 715 714
f 786 784 787
f 786 787 788
f 786 788 717
f 786 717 716
f 788 787 789
f 788 789 790
f 788 790 719
f 788 719 717
f 790 789 791
f 790 791 792
f 790 792 721
f 790 721 719
f 792 791 793
f 792 793 794
f 792 794 723
f 792 723 721
f 794 793 795
f 794 795 796
f 794 796 725
f 794 725 723
f 796 795 797
f 796 797 798
f 796 798 727
f 796 727 725
f 798 797 799
f 798 799 800
f 798 800 729
f 798 729 727
f 800 799 801
f 800 801 802
f 800 802 731
f 800 731 729
f 802 801 803
f 802 803 804
f 802 804 733
f 802 733 731
f 804 803 805
f 804 805 806
f 804 806 807
f 804 807 733
f 807 806 808
f 807 808 809
f 807 809 810
f 807 810 736
f 807 736 734
f 807 734 733
f 810 809 811
f 810 811 812
f 810 812 813
f 810 813 739
f 810 739 737
f 810 737 736
f 813 812 814
f 813 814 815
f 813 815 816
f 813 816 742
f 813 742 740
f 813 740 739
f 816 815 817
f 816 817 818
f 816 818 819
f 816 819 745
f 816 745 743
f 816 743 742
f 819 818 820
f 819 820 821
f 819 821 822
f 819 822 823
f 819 823 746
f 819 746 745
f 823 822 824
f 823 824 825
f 823 825 747
f 823 747 746
f 825 824 755
f 825 755 753
f 825 753 749
f 825 749 747
f 824 822 826
f 824 826 827
f 824 827 757
f 824 757 755
f 827 826 828
f 827 828 829
f 827 829 830
f 827 830 757
f 830 761 758
f 830 758 757
f 831 763 761
f 833 832 834
f 833 834 835
f 833 835 771
f 833 771 769
f 835 834 836
f 835 836 837
f 835 837 773
f 835 773 771
f 837 836 838
f 837 838 778
f 837 778 775
f 837 775 773
f 838 836 839
f 838 839 840
f 838 840 841
f 838 841 781
f 838 781 779
f 838 779 778
f 841 840 842
f 841 842 843
f 841 843 844
f 841 844 845
f 841 845 782
f 841 782 781
f 845 844 846
f 845 846 847
f 845 847 783
f 845 783 782
f 847 846 849
f 847 849 851
f 848 852 787
f 848 787 784
f 852 850 853
f 852 853 854
f 852 854 789
f 852 789 787
f 854 853 855
f 854 855 856
f 854 856 791
f 854 791 789
f 856 855 857
f 856 857 858
f 856 858 793
f 856 793 791
f 858 857 859
f 858 859 860
f 858 860 795
f 858 795 793
f 861 863 803
f 861 803 801
f 863 862 864
f 863 864 865
f 863 865 805
f 863 805 803
f 865 864 866
f 865 866 867
f 865 867 868
f 865 868 805
f 868 867 869
f 868 870 808
f 868 808 806
f 868 806 805
f 870 871 872
f 870 872 811
f 870 811 809
f 870 809 808
f 872 873 814
f 872 814 812
f 872 812 811
f 873 874 875
f 873 875 876
f 873 876 817
f 873 817 815
f 873 815 814
f 876 875 877
f 876 877 878
f 876 878 879
f 876 879 820
f 876 820 818
f 876 818 817
f 879 878 880
f 879 881 882
f 879 882 821
f 879 821 820
f 882 881 828
f 882 828 826
f 882 826 822
f 882 822 821
f 884 883 885
f 884 885 886
f 884 886 834
f 884 834 832
f 886 885 887
f 886 887 839
f 886 839 836
f 886 836 834
f 887 885 888
f 887 888 889
f 887 889 890
f 887 890 842
f 887 842 840
f 887 840 839
f 890 889 891
f 890 891 892
f 890 892 893
f 890 893 894
f 890 894 843
f 890 843 842
f 894 893 895
f 894 895 896
f 894 896 844
f 894 844 843
f 896 895 897
f 896 897 898
f 896 898 846
f 896 846 844
f 898 897 899
f 898 899 901
f 898 901 849
f 898 849 846
f 902 900 903
f 902 903 904
f 902 904 853
f 902 853 850
f 904 903 905
f 904 905 906
f 904 906 855
f 904 855 853
f 906 905 907
f 906 907 908
f 906 908 857
f 906 857 855
f 908 859 857
f 909 864 862
f 910 911 866
f 910 866 864
f 911 163 912
f 911 912 913
f 911 913 914
f 911 914 866
f 914 869 867
f 914 867 866
f 915 916 917
f 915 917 877
f 915 877 875
f 917 880 878
f 917 878 877
f 921 920 922
f 921 922 923
f 921 923 924
f 921 924 278
f 924 923 925
f 924 925 926
f 929 928 930
f 929 930 888
f 929 888 885
f 929 885 883
f 930 928 931
f 930 931 932
f 930 932 933
f 930 933 891
f 930 891 889
f 930 889 888
f 933 932 934
f 933 934 935
f 933 935 936
f 933 936 937
f 933 937 892
f 933 892 891
f 937 936 938
f 937 938 939
f 937 939 893
f 937 893 892
f 939 938 940
f 939 940 941
f 939 941 895
f 939 895 893
f 941 940 942
f 944 943 945
f 944 945 946
f 944 946 903
f 944 903 900
f 946 945 947
f 946 947 948
f 946 948 905
f 946 905 903
f 948 907 905
f 952 953 954
f 952 954 955
f 955 954 956
f 955 956 957
f 955 957 958
f 955 958 959
f 955 959 164
f 959 958 960
f 959 960 961
f 959 961 165
f 959 165 164
f 961 960 962
f 961 962 963
f 961 964 165
f 967 913 912
f 970 969 971
f 970 971 972
f 970 972 973
f 970 973 918
f 975 974 976
f 975 976 977
f 977 976 978
f 977 978 979
f 977 979 920
f 977 920 919
f 979 978 980
f 979 980 981
f 979 981 922
f 979 922 920
f 981 980 982
f 981 982 983
f 981 983 984
f 981 984 922
f 984 983 985
f 984 985 986
f 984 986 987
f 984 987 925
f 984 925 923
f 984 923 922
f 987 986 988
f 987 988 989
f 987 989 990
f 987 990 927
f 987 927 926
f 987 926 925
f 991 992 993
f 991 993 934
f 991 934 932
f 991 932 931
f 993 992 994
f 993 994 997
f 993 997 999
f 993 999 1001
f 993 1001 935
f 993 935 934
f 1001 999 1002
f 1001 1002 1003
f 1001 1003 936
f 1001 936 935
f 1003 1002 1004
f 1003 1004 1005
f 1003 1005 938
f 1003 938 936
f 1005 1004 1006
f 1005 1006 1007
f 1005 1007 940
f 1005 940 938
f 1007 1006 1008
f 1007 1008 1009
f 1007 1009 942
f 1007 942 940
f 1011 1010 1012
f 1011 1012 1013
f 1011 1013 947
f 1011 947 945
f 1013 1012 1014
f 1013 1014 1015
f 1013 1015 949
f 1013 949 947
f 1015 1014 1016
f 1015 1016 1017
f 1015 1017 950
f 1015 950 949
f 1017 1016 1018
f 1017 1018 1019
f 1017 1019 951
f 1019 1018 1020
f 1019 1020 953
f 1020 1018 1021
f 1020 1021 1022
f 1020 1022 1023
f 1020 1023 956
f 1020 956 954
f 1020 954 953
f 1023 1022 1024
f 1023 1024 1025
f 1023 1025 1026
f 1023 1026 1027
f 1023 1027 957
f 1023 957 956
f 1027 1026 1028
f 1027 1028 1029
f 1027 1029 958
f 1027 958 957
f 1029 1028 1030
f 1029 1030 1031
f 1029 1031 960
f 1029 960 958
f 1031 1030 1032
f 1031 1032 1034
f 1031 1034 962
f 1031 962 960
f 1035 1033 1036
f 1035 1036 1037
f 1039 1038 1040
f 1039 1040 1041
f 1039 1041 966
f 1039 966 965
f 1041 1040 1042
f 1041 1042 1043
f 1041 1043 1044
f 1041 1044 966
f 1044 1043 1045
f 1044 1045 1046
f 1050 1049 1051
f 1050 1051 1052
f 1050 1052 1053
f 1050 1053 968
f 1053 971 969
f 1053 969 968
f 1054 1056 976
f 1054 976 974
f 1056 1055 1057
f 1056 1057 1058
f 1056 1058 978
f 1056 978 976
f 1058 1057 1059
f 1058 1059 1060
f 1058 1060 980
f 1058 980 978
f 1060 1059 1061
f 1060 1061 1062
f 1060 1062 982
f 1060 982 980
f 1062 1061 1063
f 1062 1063 1064
f 1062 1064 1065
f 1062 1065 982
f 1065 1064 1066
f 1065 1066 1067
f 1065 1067 1068
f 1065 1068 985
f 1065 985 983
f 1065 983 982
f 1068 988 986
f 1068 986 985
f 1070 50 1
f 1070 1 1071
f 1070 1071 998
f 1070 998 996
f 1071 1 58
f 1071 58 1073
f 1071 1073 1000
f 1071 1000 998
f 1072 57 1074
f 1072 1074 1075
f 1072 1075 1002
f 1072 1002 999
f 1075 1074 1076
f 1075 1076 1077
f 1075 1077 1004
f 1075 1004 1002
f 1077 1076 1078
f 1077 1078 1079
f 1077 1079 1006
f 1077 1006 1004
f 1079 1078 1080
f 1079 1080 1081
f 1079 1081 1008
f 1079 1008 1006
f 1081 1080 1082
f 1084 1083 1085
f 1084 1085 1086
f 1084 1086 1012
f 1084 1012 1010
f 1086 1085 1087
f 1086 1087 1088
f 1086 1088 1014
f 1086 1014 1012
f 1088 1087 1089
f 1088 1089 1090
f 1088 1090 1016
f 1088 1016 1014
f 1090 1089 1091
f 1090 1091 1021
f 1090 1021 1018
f 1090 1018 1016
f 1091 1089 1092
f 1091 1092 1093
f 1091 1093 1094
f 1091 1094 1024
f 1091 1024 1022
f 1091 1022 1021
f 1094 1093 1095
f 1094 1095 1096
f 1094 1096 1097
f 1094 1097 1098
f 1094 1098 1025
f 1094 1025 1024
f 1098 1097 1099
f 1098 1099 1100
f 1098 1100 1026
f 1098 1026 1025
f 1100 1099 1101
f 1100 1101 1102
f 1100 1102 1028
f 1100 1028 1026
f 1102 1101 1103
f 1102 1103 1104
f 1102 1104 1030
f 1102 1030 1028
f 1104 1103 1105
f 1104 1105 1107
f 1104 1107 1032
f 1104 1032 1030
f 1108 1106 1109
f 1108 1109 1110
f 1108 1110 1036
f 1108 1036 1033
f 1110 1109 1111
f 1110 1111 1112
f 1110 1112 1113
f 1110 1113 1036
f 1113 1112 1114
f 1113 1114 1115
f 1117 1116 1118
f 1117 1118 1119
f 1119 1118 1120
f 1119 1120 1121
f 1119 1121 1040
f 1119 1040 1038
f 1121 1120 1122
f 1121 1122 1123
f 1121 1123 1042
f 1121 1042 1040
f 1123 1122 1124
f 1123 1124 1125
f 1123 1125 1126
f 1123 1126 1042
f 1126 1125 1127
f 1126 1127 1128
f 1126 1128 1129
f 1126 1129 1045
f 1126 1045 1043
f 1126 1043 1042
f 1129 1128 1130
f 1129 1130 1131
f 1129 1131 1132
f 1129 1132 1047
f 1129 1047 1046
f 1129 1046 1045
f 1136 1051 1049
f 1136 1049 1048
f 1142 161 1143
f 1142 1143 1139
f 1142 1138 1137
f 1142 1137 1144
f 1142 1144 162
f 1142 162 161
f 1152 1151 1153
f 1152 1153 1154
f 1152 1154 116
f 1152 116 14
f 1154 1153 1155
f 1154 1155 1156
f 1154 1156 1157
f 1154 1157 116
f 1157 1156 1158
f 1157 1158 1159
f 1157 1159 1160
f 1157 1160 1161
f 1157 1161 117
f 1157 117 116
f 1161 1160 1162
f 1161 1162 1163
f 1161 1163 1164
f 1161 1164 117
f 1164 1163 1165
f 1164 1165 1166
f 1164 120 115
f 1164 115 117
f 1166 1165 1167
f 1166 1167 107
f 1166 107 106
f 1166 106 121
f 1167 1165 1168
f 1167 1168 1169
f 1167 1169 1170
f 1167 1170 99
f 1167 99 10
f 1167 10 107
f 1170 1169 1171
f 1170 1171 1172
f 1170 1172 1173
f 1170 1173 1174
f 1170 1174 100
f 1170 100 99
f 1174 1173 1175
f 1174 1175 1176
f 1174 1176 1177
f 1174 1177 100
f 1177 1178 8
f 1177 8 100
f 1177 1176 1179
f 1177 1179 1180
f 1177 1180 1181
f 1177 1181 1178
f 1181 1182 1183
f 1181 1183 1178
f 1187 1186 1189
f 1187 1189 1191
f 1187 1191 1193
f 1195 1194 1196
f 1195 1196 1197
f 1195 1197 1198
f 1195 1198 1201
f 1195 1201 102
f 1195 102 101
f 1202 1199 1206
f 1199 1203 1206
f 1201 1205 103
f 1201 103 102
f 1207 1204 1208
f 1207 1208 1209
f 1207 1209 119
f 1207 119 104
f 1209 1210 118
f 1209 118 119
f 1213 1212 209
f 1213 209 1214
f 1215 1214 1141
f 1215 1141 1140
f 1215 1140 1216
f 1218 1219 1220
f 1218 1220 1217
f 1218 1143 161
f 1218 161 160
f 1218 160 112
f 1218 112 1219
f 1220 1219 114
f 1220 114 113
f 1219 112 111
f 1219 111 114
f 1214 209 208
f 1214 208 1141
f 1212 1211 1221
f 1212 1221 1222
f 1212 1222 210
f 1212 210 209
f 1222 1221 240
f 1222 240 242
f 1222 242 211
f 1222 211 210
f 1223 1225 1057
f 1223 1057 1055
f 1225 1224 1226
f 1225 1226 1227
f 1225 1227 1059
f 1225 1059 1057
f 1227 1226 1228
f 1227 1228 1229
f 1227 1229 1061
f 1227 1061 1059
f 1229 1228 1230
f 1229 1230 1231
f 1229 1231 1063
f 1229 1063 1061
f 1231 1230 1232
f 1231 1232 1233
f 1231 1233 1234
f 1231 1234 1063
f 1234 1066 1064
f 1234 1064 1063
f 1238 1236 1239
f 1238 1239 1240
f 1238 1240 51
f 1238 51 48
f 1240 1239 1241
f 1240 1241 1242
f 1240 1242 52
f 1240 52 51
f 1242 1241 1243
f 1242 1243 1244
f 1242 1244 1245
f 1242 1245 52
f 1245 1244 1246
f 1245 1246 1247
f 1245 1247 1249
f 1245 1249 1251
f 1245 1251 54
f 1245 54 52
f 1250 1248 1252
f 1250 1252 1253
f 1250 1253 55
f 1250 55 53
f 1253 1252 1254
f 1253 1254 1255
f 1253 1255 1256
f 1253 1256 55
f 1256 1255 1257
f 1256 1257 1258
f 1256 1258 1076
f 1256 1076 1074
f 1256 1074 57
f 1256 57 55
f 1258 1257 1259
f 1258 1259 1260
f 1258 1260 1078
f 1258 1078 1076
f 1260 1259 1261
f 1260 1261 1262
f 1260 1262 1080
f 1260 1080 1078
f 1262 1261 1263
f 1262 1263 1264
f 1262 1264 1082
f 1262 1082 1080
f 1265 1267 1085
f 1265 1085 1083
f 1267 1266 1268
f 1267 1268 1269
f 1267 1269 1087
f 1267 1087 1085
f 1269 1268 1270
f 1269 1270 1092
f 1269 1092 1089
f 1269 1089 1087
f 1270 1268 1271
f 1270 1271 1272
f 1270 1272 1273
f 1270 1273 1095
f 1270 1095 1093
f 1270 1093 1092
f 1273 1272 1274
f 1273 1274 1275
f 1273 1275 1276
f 1273 1276 1277
f 1273 1277 1096
f 1273 1096 1095
f 1277 1276 1278
f 1277 1278 1279
f 1277 1279 1097
f 1277 1097 1096
f 1279 1278 1280
f 1279 1280 1281
f 1279 1281 1099
f 1279 1099 1097
f 1281 1280 1282
f 1281 1282 1283
f 1281 1283 1101
f 1281 1101 1099
f 1283 1282 1284
f 1283 1284 1286
f 1283 1286 1103
f 1283 1103 1101
f 1287 1285 1288
f 1287 1288 1290
f 1286 1289 1105
f 1286 1105 1103
f 1290 1288 1291
f 1290 1291 1292
f 1290 1292 1109
f 1290 1109 1106
f 1292 1291 1293
f 1292 1293 1294
f 1292 1294 1111
f 1292 1111 1109
f 1294 1293 1295
f 1294 1295 1296
f 1294 1296 1297
f 1294 1297 1111
f 1297 1296 1298
f 1297 1298 1299
f 1297 1299 1300
f 1297 1300 1114
f 1297 1114 1112
f 1297 1112 1111
f 1300 1299 1301
f 1300 1301 1302
f 1304 1303 1305
f 1304 1305 1306
f 1304 1306 1118
f 1304 1118 1116
f 1306 1305 1307
f 1306 1307 1308
f 1306 1308 1120
f 1306 1120 1118
f 1308 1307 1309
f 1308 1309 1310
f 1308 1310 1122
f 1308 1122 1120
f 1310 1309 1311
f 1310 1311 1312
f 1310 1312 1124
f 1310 1124 1122
f 1312 1311 1313
f 1312 1313 1314
f 1312 1314 1315
f 1312 1315 1124
f 1315 1314 1316
f 1315 1316 1317
f 1315 1317 1318
f 1315 1318 1127
f 1315 1127 1125
f 1315 1125 1124
f 1318 1317 1319
f 1318 1319 1320
f 1318 1320 1321
f 1318 1321 1130
f 1318 1130 1128
f 1318 1128 1127
f 1321 1320 1322
f 1321 1322 1323
f 1321 1323 127
f 1321 127 1133
f 1321 1133 1131
f 1321 1131 1130
f 1323 1322 1324
f 1323 1324 1325
f 1323 1325 128
f 1323 128 127
f 1325 1324 1326
f 1325 1326 1327
f 1325 1327 1328
f 1325 1328 128
f 1328 1327 1329
f 1328 1329 1330
f 1328 1330 1331
f 1328 1331 1332
f 1328 1332 17
f 1328 17 128
f 1332 1333 122
f 1332 122 17
f 1334 1331 1330
f 1334 1330 1335
f 1334 1335 1336
f 1334 1336 1145
f 1336 1335 1337
f 1336 1337 1338
f 1336 1338 1339
f 1336 1339 1147
f 1336 1147 1146
f 1336 1146 1145
f 1339 1338 1340
f 1339 1340 1341
f 1339 1341 1342
f 1339 1342 1343
f 1339 1343 1148
f 1339 1148 1147
f 1343 1342 1344
f 1343 1344 1345
f 1343 1345 1149
f 1343 1149 1148
f 1345 1344 1346
f 1345 1346 1347
f 1345 1347 1150
f 1345 1150 1149
f 1347 1346 1348
f 1347 1348 60
f 1347 60 59
f 1347 59 1150
f 1348 1346 1349
f 1348 1349 1350
f 1348 1350 1351
f 1348 1351 1352
f 1348 1352 61
f 1348 61 60
f 1354 1353 1155
f 1354 1155 1153
f 1353 1355 1356
f 1353 1356 1155
f 1356 1355 1357
f 1356 1357 1358
f 1356 1358 1359
f 1356 1359 1158
f 1356 1158 1156
f 1356 1156 1155
f 1359 1358 1360
f 1359 1360 1361
f 1359 1361 1362
f 1359 1362 1363
f 1359 1363 1159
f 1359 1159 1158
f 1363 1362 1364
f 1363 1364 1365
f 1363 1365 1160
f 1363 1160 1159
f 1365 1364 1366
f 1365 1366 1367
f 1365 1367 1162
f 1365 1162 1160
f 1367 1366 1368
f 1367 1368 1369
f 1367 1369 1168
f 1367 1168 1162
f 1369 1368 1370
f 1369 1370 1171
f 1369 1171 1169
f 1369 1169 1168
f 1370 1371 1172
f 1370 1172 1171
f 1371 1372 1173
f 1371 1173 1172
f 1373 1175 1173
f 1373 1173 1372
f 1373 1374 1375
f 1373 1375 1175
f 1375 1179 1176
f 1375 1176 1175
f 1375 1374 1376
f 1375 1376 1377
f 1375 1377 1378
f 1375 1378 1179
f 1378 1184 1180
f 1378 1180 1179
f 1378 1377 1379
f 1378 1379 1380
f 1378 1380 1381
f 1378 1381 1184
f 1381 1188 1185
f 1381 1185 1184
f 1381 1380 1382
f 1381 1382 1383
f 1381 1383 1384
f 1381 1384 1188
f 1384 1385 1190
f 1384 1190 1188
f 1384 1383 1387
f 1384 1387 1388
f 1384 1388 1389
f 1384 1389 1385
f 1389 1388 1391
f 1389 1391 1393
f 1390 1394 1395
f 1390 1395 1396
f 1390 1396 1398
f 1390 1398 1386
f 1398 1396 1399
f 1398 1399 1400
f 1398 1400 1401
f 1398 1401 1193
f 1397 1192 1190
f 1397 1190 1385
f 1401 1400 1402
f 1404 1406 1197
f 1404 1197 1196
f 1406 1405 1407
f 1406 1407 1409
f 1406 1409 1198
f 1406 1198 1197
f 1410 1408 1411
f 1410 1411 1412
f 1410 1412 1204
f 1410 1204 1200
f 1412 1413 1208
f 1412 1208 1204
f 1414 1415 1226
f 1414 1226 1224
f 1415 1416 1228
f 1415 1228 1226
f 1416 1417 1230
f 1416 1230 1228
f 1417 1418 1232
f 1417 1232 1230
f 1421 1422 1423
f 1421 1423 1419
f 1421 1424 1425
f 1421 1425 1422
f 1425 1426 1422
f 1430 1434 1436
f 1430 1436 1431
f 1437 1435 1438
f 1437 1438 1439
f 1437 1439 1441
f 1437 1441 1443
f 1436 1442 1444
f 1436 1444 1431
f 1444 1442 1445
f 1444 1445 1446
f 1444 1446 1447
f 1444 1447 1448
f 1444 1448 1432
f 1444 1432 1431
f 1448 1447 1449
f 1448 1449 1450
f 1448 1450 1451
f 1448 1451 1432
f 1451 1429 1428
f 1451 1428 1432
f 1451 1450 1395
f 1451 1395 1394
f 1451 1394 1392
f 1451 1392 1429
f 1450 1449 1452
f 1450 1452 1395
f 1452 1449 1453
f 1452 1453 1454
f 1452 1454 1455
f 1452 1455 1399
f 1452 1399 1396
f 1452 1396 1395
f 1455 1454 1456
f 1455 1456 1457
f 1455 1457 1458
f 1455 1458 1402
f 1455 1402 1400
f 1455 1400 1399
f 1458 1457 1459
f 1458 1459 205
f 1458 1403 1402
f 1459 1457 1456
f 1459 1456 1460
f 1459 1460 1461
f 1459 1461 202
f 1459 202 37
f 1459 37 205
f 1461 1460 1462
f 1461 1462 1463
f 1461 1463 1464
f 1461 1464 1465
f 1461 1465 203
f 1461 203 202
f 1465 1464 1466
f 1465 1466 1467
f 1465 1467 1468
f 1465 1468 203
f 1468 1467 1469
f 1468 1469 1470
f 1468 204 203
f 1471 1472 1407
f 1471 1407 1405
f 1473 1474 1475
f 1473 1475 1433
f 1475 1438 1435
f 1475 1435 1433
f 1476 1477 1478
f 1476 1478 1479
f 1479 1478 1480
f 1479 1480 1481
f 1481 1480 1482
f 1481 1482 1483
f 1481 1483 1484
f 1481 1484 1440
f 1484 1483 1485
f 1484 1485 1486
f 1484 1486 1487
f 1484 1487 1445
f 1484 1445 1442
f 1484 1442 1440
f 1487 1486 1488
f 1487 1488 1489
f 1487 1489 1490
f 1487 1490 1491
f 1487 1491 1446
f 1487 1446 1445
f 1491 1490 1492
f 1491 1492 1493
f 1491 1493 1447
f 1491 1447 1446
f 1493 1492 1494
f 1493 1494 1453
f 1493 1453 1449
f 1493 1449 1447
f 1494 1492 1495
f 1494 1495 1462
f 1494 1462 1460
f 1494 1460 1456
f 1494 1456 1454
f 1494 1454 1453
f 1495 1492 1490
f 1495 1490 1496
f 1495 1496 1497
f 1495 1497 1498
f 1495 1498 1463
f 1495 1463 1462
f 1498 1497 1499
f 1498 1499 1500
f 1498 1500 1464
f 1498 1464 1463
f 1500 1499 1501
f 1500 1501 1502
f 1500 1502 1466
f 1500 1466 1464
f 1502 1501 1503
f 1502 1503 1504
f 1502 1504 1505
f 1502 1505 1466
f 1505 1504 1506
f 1505 1506 1507
f 1505 1507 1508
f 1505 1508 1469
f 1505 1469 1467
f 1505 1467 1466
f 1508 1507 1509
f 1508 1509 1510
f 1508 1510 1511
f 1508 1511 1512
f 1508 1512 1470
f 1508 1470 1469
f 1514 1515 1516
f 1514 1516 1513
f 1514 1517 1518
f 1514 1518 1515
f 1518 1519 1520
f 1518 1520 1515
f 1518 1521 1522
f 1518 1522 1519
f 1522 158 159
f 1522 159 1519
f 1522 93 90
f 1522 90 158
f 1523 1525 92
f 1523 92 91
f 1525 1524 1526
f 1525 1526 1527
f 1525 1527 1528
f 1525 1528 92
f 1528 1529 88
f 1528 88 92
f 1528 1527 1530
f 1528 1530 1531
f 1528 1531 1532
f 1528 1532 1529
f 1532 1533 1534
f 1532 1534 1529
f 1532 1531 1535
f 1532 1535 1536
f 1532 1536 1537
f 1532 1537 1533
f 1537 1538 1539
f 1537 1539 1533
f 1537 1536 1540
f 1537 1540 1541
f 1537 1541 1542
f 1537 1542 1538
f 1542 1543 1544
f 1542 1544 1538
f 1542 1541 1545
f 1542 1545 1546
f 1542 1546 1547
f 1542 1547 1543
f 1547 1548 1549
f 1547 1549 1543
f 1552 1551 1553
f 1552 1553 1554
f 1552 1554 1555
f 1552 1555 191
f 1554 1553 1556
f 1554 1556 1557
f 1554 1557 1558
f 1554 1558 1555
f 1557 1556 1560
f 1557 1560 1562
f 1557 1562 1564
f 1557 1564 1558
f 1563 1561 1565
f 1564 198 33
f 1564 33 1558
f 1566 1565 1567
f 1569 1570 1571
f 1569 1571 1572
f 1572 1573 200
f 1572 1571 1574
f 1572 1574 1575
f 1572 1575 1576
f 1572 1576 1573
f 1576 1577 1578
f 1576 1578 1573
f 1576 1575 1579
f 1576 1579 1580
f 1576 1580 1581
f 1576 1581 1577
f 1581 1582 1583
f 1581 1583 1577
f 1581 1580 1584
f 1581 1584 1585
f 1581 1585 1586
f 1581 1586 1582
f 1586 155 1587
f 1586 1587 1582
f 1586 1585 1588
f 1586 1588 1589
f 1586 1589 156
f 1586 156 155
f 1589 1588 1590
f 1589 1590 1591
f 1589 1591 1592
f 1589 1592 156
f 1592 1593 157
f 1592 157 156
f 1592 1591 1594
f 1592 1594 1595
f 1592 1595 1596
f 1592 1596 1593
f 1596 1597 1598
f 1596 1598 1593
f 1596 1595 1599
f 1596 1599 1600
f 1596 1600 1482
f 1596 1482 1597
f 1600 1599 1601
f 1600 1601 1485
f 1600 1485 1483
f 1600 1483 1482
f 1601 1599 1602
f 1601 1602 1603
f 1601 1603 1604
f 1601 1604 1488
f 1601 1488 1486
f 1601 1486 1485
f 1604 1603 1605
f 1604 1605 1606
f 1604 1606 1607
f 1604 1607 1608
f 1604 1608 1489
f 1604 1489 1488
f 1608 1607 1497
f 1608 1497 1496
f 1608 1496 1490
f 1608 1490 1489
f 1607 1606 1609
f 1607 1609 1610
f 1607 1610 1499
f 1607 1499 1497
f 1610 1609 1611
f 1610 1611 1612
f 1610 1612 1501
f 1610 1501 1499
f 1612 1611 1613
f 1612 1613 1614
f 1612 1614 1503
f 1612 1503 1501
f 1614 1613 1615
f 1614 1615 1616
f 1614 1616 1617
f 1614 1617 1503
f 1617 1616 1618
f 1617 1618 1619
f 1617 1619 1620
f 1617 1620 1506
f 1617 1506 1504
f 1617 1504 1503
f 1620 1619 1621
f 1620 1621 1622
f 1620 1622 1623
f 1620 1623 1509
f 1620 1509 1507
f 1620 1507 1506
f 1623 1622 1624
f 1623 1624 1625
f 1629 1530 1527
f 1629 1527 1526
f 1630 1535 1531
f 1630 1531 1530
f 1630 87 1631
f 1630 1631 1535
f 1631 1540 1536
f 1631 1536 1535
f 1631 87 86
f 1631 86 1632
f 1631 1632 1633
f 1631 1633 1540
f 1633 1545 1541
f 1633 1541 1540
f 1633 1632 82
f 1633 82 81
f 1633 81 1634
f 1633 1634 1545
f 1634 1550 1546
f 1634 1546 1545
f 1635 1637 1553
f 1635 1553 1551
f 1637 1636 1638
f 1637 1638 1639
f 1637 1639 1556
f 1637 1556 1553
f 1639 1642 1560
f 1639 1560 1556
f 1641 1640 1643
f 1641 1643 1644
f 1641 1644 1645
f 1641 1645 1559
f 1645 1644 74
f 1645 74 1646
f 1645 1646 1567
f 1645 1567 1565
f 1645 1565 1561
f 1645 1561 1559
f 1646 74 73
f 1646 73 1647
f 1646 1647 1648
f 1646 1648 1567
f 1648 1647 140
f 1648 140 145
f 1652 174 173
f 1652 173 1653
f 1653 173 172
f 1653 172 1654
f 1655 1654 1659
f 1655 1659 1657
f 1658 1660 1661
f 1658 1661 1656
f 1659 1654 172
f 1659 172 187
f 1658 186 176
f 1658 176 1660
f 1661 1660 1662
f 1661 1662 1663
f 1661 197 196
f 1661 196 1656
f 1664 1665 192
f 1665 1666 1667
f 1665 1667 1668
f 1665 1668 1669
f 1665 1669 193
f 1665 193 192
f 1669 1670 1671
f 1669 1671 193
f 1669 1668 1672
f 1669 1672 1670
f 1672 1668 1673
f 1672 1673 1674
f 1672 1674 1675
f 1672 1675 1676
f 1672 1676 1677
f 1672 1677 1670
f 1677 1676 1678
f 1677 1678 1679
f 1677 1679 1680
f 1677 1680 1681
f 1677 1681 1671
f 1677 1671 1670
f 1681 1680 1682
f 1681 1682 1683
f 1681 1683 1684
f 1681 1684 1671
f 1684 1683 1685
f 1684 1685 1686
f 1684 1686 1687
f 1684 1687 194
f 1684 194 193
f 1684 193 1671
f 1687 1686 1688
f 1687 1688 1689
f 1689 1688 1690
f 1689 1690 1691
f 1689 1691 1570
f 1689 1570 1568
f 1691 1690 1692
f 1691 1692 1693
f 1691 1693 1694
f 1691 1694 1570
f 1694 1574 1571
f 1694 1571 1570
f 1694 1693 1695
f 1694 1695 1696
f 1694 1696 1697
f 1694 1697 1574
f 1697 1579 1575
f 1697 1575 1574
f 1697 1696 1698
f 1697 1698 1699
f 1697 1699 1700
f 1697 1700 1579
f 1700 1584 1580
f 1700 1580 1579
f 1700 1699 1701
f 1700 1701 1702
f 1700 1702 1703
f 1700 1703 1584
f 1703 1588 1585
f 1703 1585 1584
f 1703 1702 1704
f 1703 1704 1705
f 1703 1705 1590
f 1703 1590 1588
f 1705 1704 1706
f 1705 1706 1707
f 1705 1707 1708
f 1705 1708 1590
f 1708 1594 1591
f 1708 1591 1590
f 1708 1707 1709
f 1708 1709 1710
f 1708 1710 1602
f 1708 1602 1594
f 1710 1709 1711
f 1710 1711 1605
f 1710 1605 1603
f 1710 1603 1602
f 1711 1709 1712
f 1711 1712 1713
f 1711 1713 1611
f 1711 1611 1609
f 1711 1609 1606
f 1711 1606 1605
f 1713 1712 1714
f 1713 1714 1715
f 1713 1715 1613
f 1713 1613 1611
f 1715 1714 1716
f 1715 1716 1717
f 1715 1717 1615
f 1715 1615 1613
f 1717 1716 1718
f 1717 1718 1719
f 1717 1719 1720
f 1717 1720 1615
f 1720 1719 1721
f 1720 1721 1722
f 1720 1722 1723
f 1720 1723 1618
f 1720 1618 1616
f 1720 1616 1615
f 1723 1722 1724
f 1723 1724 1725
f 1723 1725 1726
f 1723 1726 1621
f 1723 1621 1619
f 1723 1619 1618
f 1726 1725 1727
f 1726 1727 1728
f 1726 1728 1729
f 1726 1729 1624
f 1726 1624 1622
f 1726 1622 1621
f 1729 1728 1730
f 1729 1730 1731
f 1729 1731 1732
f 1729 1625 1624
f 1733 1734 1735
f 1733 1735 1626
f 1735 1628 1627
f 1735 1627 1626
f 1735 1734 1736
f 1735 1736 1737
f 1737 1736 1738
f 1737 1738 1739
f 1741 1743 4
f 1741 4 72
f 1742 1740 1744
f 1742 1744 1746
f 1741 1745 1747
f 1741 1747 1743
f 1747 143 142
f 1747 142 1743
f 1747 1745 1748
f 1747 1748 1749
f 1747 1749 1750
f 1747 1750 143
f 1750 154 19
f 1750 19 143
f 1750 1749 1751
f 1753 1754 1755
f 1755 1754 1756
f 1755 1756 1757
f 1755 1757 1667
f 1755 1667 1666
f 1757 1756 1758
f 1757 1758 1673
f 1757 1673 1668
f 1757 1668 1667
f 1758 1756 1759
f 1758 1759 1760
f 1758 1760 1761
f 1758 1761 1762
f 1758 1762 1674
f 1758 1674 1673
f 1762 1761 1763
f 1762 1763 1764
f 1762 1764 1675
f 1762 1675 1674
f 1764 1763 1765
f 1764 1765 1766
f 1764 1766 1767
f 1764 1767 1675
f 1767 1766 1768
f 1767 1768 1769
f 1767 1769 1770
f 1767 1770 1678
f 1767 1678 1676
f 1767 1676 1675
f 1770 1769 1771
f 1770 1771 1772
f 1770 1772 1773
f 1770 1773 1774
f 1770 1774 1679
f 1770 1679 1678
f 1774 1773 1775
f 1774 1775 1776
f 1774 1776 1680
f 1774 1680 1679
f 1776 1775 1777
f 1776 1777 1778
f 1776 1778 1682
f 1776 1682 1680
f 1778 1777 1779
f 1778 1779 1780
f 1778 1780 1781
f 1778 1781 1682
f 1781 1685 1683
f 1781 1683 1682
f 1781 1780 1782
f 1781 1782 1783
f 1781 1783 1784
f 1781 1784 1685
f 1784 1688 1686
f 1784 1686 1685
f 1784 1783 1785
f 1784 1785 1786
f 1784 1786 1690
f 1784 1690 1688
f 1786 1785 1787
f 1786 1787 1788
f 1786 1788 1692
f 1786 1692 1690
f 1788 1787 1789
f 1788 1789 1790
f 1788 1790 1791
f 1788 1791 1692
f 1791 1695 1693
f 1791 1693 1692
f 1791 1790 1792
f 1791 1792 1793
f 1791 1793 1794
f 1791 1794 1695
f 1794 1698 1696
f 1794 1696 1695
f 1794 1793 1795
f 1794 1795 1796
f 1794 1796 1797
f 1794 1797 1698
f 1797 1701 1699
f 1797 1699 1698
f 1797 1796 1798
f 1797 1798 1799
f 1797 1799 1800
f 1797 1800 1701
f 1800 1704 1702
f 1800 1702 1701
f 1800 1799 1801
f 1800 1801 1802
f 1800 1802 1706
f 1800 1706 1704
f 1802 1801 1716
f 1802 1716 1714
f 1802 1714 1712
f 1802 1712 1706
f 1801 1799 1798
f 1801 1798 1803
f 1801 1803 1718
f 1801 1718 1716
f 1803 1798 1804
f 1803 1804 1805
f 1803 1805 1806
f 1803 1806 1718
f 1806 1805 1807
f 1806 1807 1808
f 1806 1808 1809
f 1806 1809 1721
f 1806 1721 1719
f 1806 1719 1718
f 1809 1808 1810
f 1809 1810 1811
f 1809 1811 1812
f 1809 1812 1724
f 1809 1724 1722
f 1809 1722 1721
f 1812 1811 1813
f 1812 1813 1814
f 1812 1814 1815
f 1812 1815 1727
f 1812 1727 1725
f 1812 1725 1724
f 1815 1814 1816
f 1815 1816 1817
f 1815 1817 1818
f 1815 1818 1730
f 1815 1730 1728
f 1815 1728 1727
f 1818 1817 1819
f 1818 1819 1820
f 1818 1820 1821
f 1818 1822 1731
f 1818 1731 1730
f 1824 1823 1825
f 1824 1825 1826
f 1824 1826 1827
f 1828 1751 1749
f 1828 1749 1748
f 1828 1752 1751
f 1829 1830 1832
f 1829 1832 1834
f 1833 1835 134
f 1833 134 133
f 1833 1831 1836
f 1833 1836 1838
f 1833 1838 1839
f 1833 1839 1835
f 1839 1840 1841
f 1839 1841 1835
f 1839 1838 1842
f 1839 1842 1843
f 1839 1843 1844
f 1839 1844 1840
f 1844 1845 1846
f 1844 1846 1840
f 1844 1843 1847
f 1844 1847 1848
f 1844 1848 1849
f 1844 1849 1845
f 1849 1850 1851
f 1849 1851 1845
f 1849 1848 1852
f 1849 1852 1853
f 1849 1853 1854
f 1849 1854 1850
f 1854 1855 1856
f 1854 1856 1850
f 1854 1853 1857
f 1854 1857 1858
f 1854 1858 1859
f 1854 1859 1855
f 1859 1858 1861
f 1859 1861 1862
f 1866 1867 1868
f 1866 1868 1869
f 1866 1865 1870
f 1866 1870 1867
f 1870 1865 1864
f 1870 1864 1871
f 1870 1871 1872
f 1870 1872 1873
f 1870 1873 1874
f 1870 1874 1867
f 1874 1875 1876
f 1874 1876 1877
f 1874 1877 1868
f 1874 1868 1867
f 1874 1873 1878
f 1874 1878 1875
f 1878 1873 1872
f 1878 1872 1879
f 1878 1879 1880
f 1878 1880 1881
f 1878 1881 1882
f 1878 1882 1875
f 1882 1883 1884
f 1882 1884 1885
f 1882 1885 1876
f 1882 1876 1875
f 1882 1881 1886
f 1882 1886 1883
f 1886 1881 1880
f 1886 1880 1887
f 1890 273 1891
f 1890 1891 1888
f 1890 1892 274
f 1890 274 273
f 1892 1893 275
f 1892 275 274
f 1893 1894 1895
f 1893 1895 275
f 1895 1896 276
f 1895 276 275
f 1895 1894 1897
f 1895 1897 1898
f 1895 1898 1899
f 1895 1899 1896
f 1899 261 260
f 1899 260 1896
f 1899 1898 1900
f 1899 1900 1901
f 1899 1901 1902
f 1899 1902 261
f 1902 1903 258
f 1902 258 261
f 1902 1901 1904
f 1902 1904 1905
f 1902 1905 1816
f 1902 1816 1903
f 1905 1904 1906
f 1905 1906 1819
f 1905 1819 1817
f 1905 1817 1816
f 1906 1904 1907
f 1906 1907 1908
f 1906 1908 1909
f 1906 1909 1910
f 1906 1910 1820
f 1906 1820 1819
f 1910 1821 1820
f 1909 1908 1911
f 1913 1912 1914
f 1913 1914 1915
f 1913 1915 1830
f 1915 1914 1916
f 1915 1916 1917
f 1915 1917 1918
f 1915 1918 1830
f 1918 1837 1832
f 1918 1832 1830
f 1918 1917 1919
f 1918 1919 1920
f 1918 1920 1922
f 1918 1922 1837
f 1921 1842 1838
f 1921 1838 1836
f 1922 1920 1923
f 1922 1923 1925
f 1921 1924 1926
f 1921 1926 1842
f 1926 1847 1843
f 1926 1843 1842
f 1926 1924 1927
f 1926 1927 1929
f 1926 1929 1930
f 1926 1930 1847
f 1930 1852 1848
f 1930 1848 1847
f 1930 1929 224
f 1930 224 223
f 1930 223 229
f 1930 229 1852
f 1929 1927 1931
f 1929 1931 224
f 1932 1928 1933
f 1932 1933 1934
f 1932 1934 1935
f 1932 1935 1937
f 1931 1936 225
f 1931 225 224
f 1937 1935 1938
f 1937 1938 1939
f 1937 1939 1941
f 1937 1941 226
f 1940 218 39
f 1940 39 225
f 1941 1939 1942
f 1941 1942 1943
f 1941 1943 1944
f 1941 1944 219
f 1944 1943 217
f 1944 217 1945
f 1944 1945 1946
f 1944 1946 1948
f 1944 1948 221
f 1944 221 219
f 1948 1946 1949
f 1948 1949 1951
f 1947 1950 1952
f 1947 1952 220
f 1952 1950 1953
f 1952 1953 1955
f 1952 1955 1956
f 1952 1956 1957
f 1952 1957 222
f 1952 222 220
f 1957 1956 1958
f 1957 1958 1959
f 1957 1959 227
f 1957 227 222
f 1959 1958 1960
f 1959 1960 1961
f 1959 1961 1962
f 1959 1962 227
f 1962 1963 228
f 1962 228 227
f 1962 1961 1964
f 1962 1964 1965
f 1962 1965 1861
f 1962 1861 1963
f 1965 1964 1966
f 1965 1966 1863
f 1965 1863 1862
f 1965 1862 1861
f 1966 1964 1967
f 1966 1967 1968
f 1971 1972 1973
f 1971 1973 1969
f 1971 1974 1975
f 1971 1975 1972
f 1975 213 1976
f 1975 1976 1972
f 1975 1974 2786
f 1975 2786 1977
f 1975 1977 214
f 1975 214 213
f 1977 2786 2787
f 1977 2787 1978
f 1977 1978 215
f 1977 215 214
f 1978 2787 2788
f 1978 2788 1979
f 1978 1979 1980
f 1978 1980 215
f 1980 1979 1981
f 1980 1981 1982
f 1980 1982 1983
f 1980 1983 1984
f 1980 1984 216
f 1980 216 215
f 1984 1983 1946
f 1984 1946 1945
f 1984 1945 217
f 1984 217 216
f 1983 1982 1985
f 1983 1985 1986
f 1983 1986 1949
f 1983 1949 1946
f 1986 1985 1987
f 1986 1987 1988
f 1986 1988 1989
f 1986 1989 1949
f 1989 1988 1990
f 1989 1990 1991
f 1989 1991 1993
f 1989 1993 1954
f 1989 1954 1951
f 1989 1951 1949
f 1993 1991 1994
f 1993 1994 1996
f 1992 1995 1997
f 1992 1997 1998
f 1992 1998 1955
f 1992 1955 1953
f 1998 1997 1999
f 1998 1999 2000
f 1998 2000 1956
f 1998 1956 1955
f 2000 1999 2001
f 2000 2001 2002
f 2000 2002 1958
f 2000 1958 1956
f 2002 2001 2003
f 2002 2003 2004
f 2002 2004 1960
f 2002 1960 1958
f 2004 2003 2005
f 2004 2005 2006
f 2004 2006 1967
f 2004 1967 1960
f 2006 2005 2007
f 2006 2007 2008
f 2006 2008 1968
f 2006 1968 1967
f 2011 2009 2012
f 2011 2012 2014
f 2011 2014 1885
f 2011 1885 1884
f 2014 2012 2015
f 2014 2015 2017
f 2014 2017 1876
f 2014 1876 1885
f 2017 2015 2018
f 2017 2018 2020
f 2017 2020 1877
f 2017 1877 1876
f 2020 2018 2021
f 2020 2021 2023
f 2020 2023 1868
f 2020 1868 1877
f 2023 2021 2024
f 2023 2024 2026
f 2023 2026 1869
f 2023 1869 1868
f 2029 2028 2030
f 2029 2030 1856
f 2029 1856 1855
f 2029 1855 1860
f 2030 2028 2027
f 2030 2027 2031
f 2030 2031 2032
f 2030 2032 1851
f 2030 1851 1850
f 2030 1850 1856
f 2032 2031 234
f 2032 234 233
f 2032 233 238
f 2032 238 1846
f 2032 1846 1845
f 2032 1845 1851
f 2031 2027 2033
f 2031 2033 234
f 2033 2034 235
f 2033 235 234
f 2034 2035 236
f 2034 236 235
f 2035 2036 2037
f 2035 2037 236
f 2037 2036 2038
f 2037 2038 2039
f 2037 2039 2040
f 2037 2040 2041
f 2037 2041 230
f 2037 230 236
f 2041 2040 2042
f 2041 2042 2043
f 2041 2043 231
f 2041 231 230
f 2043 2042 2044
f 2043 2044 2045
f 2043 2045 2046
f 2043 2046 231
f 2046 2047 232
f 2046 232 231
f 2046 2045 2048
f 2046 2048 2049
f 2046 2049 2050
f 2046 2050 2047
f 2050 2051 2052
f 2050 2052 2047
f 2050 2049 2053
f 2050 2053 2054
f 2050 2054 166
f 2050 166 2051
f 2054 2053 1760
f 2054 1760 1759
f 2054 1759 167
f 2054 167 166
f 2053 2049 2048
f 2053 2048 2055
f 2053 2055 1761
f 2053 1761 1760
f 2055 2048 2056
f 2055 2056 2057
f 2055 2057 1763
f 2055 1763 1761
f 2057 2056 243
f 2057 243 252
f 2057 252 1765
f 2057 1765 1763
f 2056 2048 2045
f 2056 2045 2044
f 2056 2044 244
f 2056 244 243
f 2052 130 129
f 2052 129 239
f 2052 239 232
f 2052 232 2047
f 2052 2051 2058
f 2052 2058 130
f 2058 2059 131
f 2058 131 130
f 2058 2051 166
f 2058 166 27
f 2044 2042 2060
f 2044 2060 244
f 2060 2061 2062
f 2060 2062 2063
f 2060 2063 245
f 2060 245 244
f 2060 2042 2040
f 2060 2040 2061
f 2063 2062 2064
f 2063 2064 2065
f 2063 2065 246
f 2063 246 245
f 2065 2064 2066
f 2065 2066 2067
f 2065 2067 2068
f 2065 2068 246
f 2068 2067 2069
f 2068 2069 2070
f 2068 2070 2071
f 2068 2071 2072
f 2068 2072 247
f 2068 247 246
f 2072 2071 2073
f 2072 2073 2074
f 2072 2074 248
f 2072 248 247
f 2074 2073 2075
f 2074 2075 2076
f 2074 2076 2077
f 2074 2077 248
f 2077 2076 2078
f 2077 2078 2079
f 2077 2079 2080
f 2077 2080 2081
f 2077 2081 249
f 2077 249 248
f 2081 2080 2082
f 2081 2082 2083
f 2081 2083 250
f 2081 250 249
f 2083 2082 2084
f 2083 2084 2085
f 2083 2085 2086
f 2083 2086 250
f 2086 2087 251
f 2086 251 250
f 2086 2085 2088
f 2086 2088 2089
f 2086 2089 1768
f 2086 1768 2087
f 2089 2088 2090
f 2089 2090 1771
f 2089 1771 1769
f 2089 1769 1768
f 2090 2088 2091
f 2090 2091 2092
f 2090 2092 2093
f 2090 2093 2094
f 2090 2094 1772
f 2090 1772 1771
f 2094 2093 2095
f 2094 2095 2096
f 2094 2096 1773
f 2094 1773 1772
f 2096 2095 2097
f 2096 2097 2098
f 2096 2098 1775
f 2096 1775 1773
f 2098 2097 2099
f 2098 2099 2100
f 2098 2100 1777
f 2098 1777 1775
f 2100 2099 2101
f 2100 2101 2102
f 2100 2102 1779
f 2100 1779 1777
f 2102 2101 2103
f 2102 2103 2104
f 2102 2104 2105
f 2102 2105 1779
f 2105 1782 1780
f 2105 1780 1779
f 2105 2104 2106
f 2105 2106 2107
f 2105 2107 2108
f 2105 2108 1782
f 2108 1785 1783
f 2108 1783 1782
f 2108 2107 2109
f 2108 2109 2110
f 2108 2110 1787
f 2108 1787 1785
f 2110 2109 2111
f 2110 2111 2112
f 2110 2112 1789
f 2110 1789 1787
f 2112 2111 2113
f 2112 2113 2114
f 2112 2114 2115
f 2112 2115 1789
f 2115 1792 1790
f 2115 1790 1789
f 2115 2114 2116
f 2115 2116 2117
f 2115 2117 2118
f 2115 2118 1792
f 2118 1795 1793
f 2118 1793 1792
f 2118 2117 2119
f 2118 2119 2120
f 2118 2120 1804
f 2118 1804 1795
f 2120 2119 2121
f 2120 2121 1807
f 2120 1807 1805
f 2120 1805 1804
f 2121 2119 254
f 2121 254 253
f 2121 253 259
f 2121 259 1810
f 2121 1810 1808
f 2121 1808 1807
f 2119 2117 2116
f 2119 2116 254
f 2116 2114 2113
f 2116 2113 2122
f 2116 2122 255
f 2116 255 254
f 2122 2113 2123
f 2122 2123 2124
f 2122 2124 256
f 2122 256 255
f 2124 2123 2125
f 2124 2125 2126
f 2124 2126 2127
f 2124 2127 256
f 2127 2126 2128
f 2127 2128 2129
f 2127 2129 1891
f 2127 1891 2130
f 2127 2130 257
f 2127 257 256
f 2130 1891 273
f 2130 273 272
f 2130 272 277
f 2130 277 257
f 2129 2128 2131
f 2129 2131 1889
f 2129 1889 1888
f 2129 1888 1891
f 2131 2128 2132
f 2131 2132 2133
f 2135 2136 2137
f 2135 2137 1981
f 2135 1981 1979
f 2135 1979 2788
f 2141 2142 2143
f 2141 2143 2139
f 2141 2144 2145
f 2141 2145 2142
f 2145 2101 2099
f 2145 2099 2142
f 2145 2144 2146
f 2145 2146 2147
f 2145 2147 2103
f 2145 2103 2101
f 2147 2146 2148
f 2147 2148 2149
f 2147 2149 2150
f 2147 2150 2103
f 2150 2106 2104
f 2150 2104 2103
f 2150 2149 2151
f 2150 2151 2152
f 2150 2152 2153
f 2150 2153 2106
f 2153 2109 2107
f 2153 2107 2106
f 2153 2152 2154
f 2153 2154 2155
f 2153 2155 2111
f 2153 2111 2109
f 2155 2154 2125
f 2155 2125 2123
f 2155 2123 2113
f 2155 2113 2111
f 2154 2152 2151
f 2154 2151 2156
f 2154 2156 2132
f 2154 2132 2125
f 2156 2151 2157
f 2156 2157 2134
f 2156 2134 2133
f 2156 2133 2132
f 2157 2151 2149
f 2157 2149 2148
f 2143 2097 2095
f 2143 2095 2158
f 2143 2158 2140
f 2143 2140 2139
f 2143 2142 2099
f 2143 2099 2097
f 2158 2095 2093
f 2158 2093 2159
f 2158 2159 2160
f 2158 2160 2140
f 2160 2159 2161
f 2160 2161 2162
f 2165 2166 2167
f 2171 2170 2172
f 2171 2172 2173
f 2171 2173 2174
f 2171 2174 2138
f 2174 2137 2136
f 2174 2136 2138
f 2174 2173 2175
f 2174 2175 1987
f 2174 1987 1985
f 2174 1985 2137
f 2175 2173 2172
f 2175 2172 2176
f 2175 2176 2177
f 2175 2177 1990
f 2175 1990 1988
f 2175 1988 1987
f 2177 2176 2178
f 2177 2178 2179
f 2177 2179 2180
f 2177 2180 1994
f 2177 1994 1991
f 2177 1991 1990
f 2180 2179 2181
f 2180 2181 2182
f 2180 2182 2184
f 2180 2184 2186
f 2180 2186 1996
f 2180 1996 1994
f 2185 2183 2187
f 2185 2187 2188
f 2185 2188 1997
f 2185 1997 1995
f 2188 2187 2189
f 2188 2189 2190
f 2188 2190 1999
f 2188 1999 1997
f 2190 2189 2191
f 2190 2191 2192
f 2190 2192 2001
f 2190 2001 1999
f 2192 2191 267
f 2192 267 271
f 2192 271 2003
f 2192 2003 2001
f 2191 2189 2193
f 2191 2193 2194
f 2191 2194 268
f 2191 268 267
f 2194 2193 2195
f 2194 2195 2196
f 2194 2196 2197
f 2194 2197 268
f 2197 2196 2198
f 2197 2198 2199
f 2197 2199 2200
f 2197 2200 2201
f 2197 2201 269
f 2197 269 268
f 2201 2200 2202
f 2201 2202 2203
f 2201 2203 270
f 2201 270 269
f 2203 2202 2204
f 2203 2204 2205
f 2203 2205 2206
f 2203 2206 270
f 2206 2207 265
f 2206 265 270
f 2206 2205 2070
f 2206 2070 2069
f 2206 2069 2208
f 2206 2208 2207
f 2208 2069 2067
f 2208 2067 2066
f 2210 2066 2064
f 2210 2064 2211
f 2216 2215 2218
f 2216 2218 2219
f 2216 2219 2220
f 2216 2220 2217
f 2220 2221 2222
f 2220 2222 2217
f 2220 2219 2223
f 2220 2223 2224
f 2220 2224 2225
f 2220 2225 2221
f 2225 2226 2227
f 2225 2227 2221
f 2225 2224 2228
f 2225 2228 2229
f 2225 2229 2230
f 2225 2230 2226
f 2230 2231 2232
f 2230 2232 2226
f 2230 2229 2233
f 2230 2233 2234
f 2230 2234 2235
f 2230 2235 2231
f 2235 2234 2013
f 2235 2013 2010
f 2236 2227 2226
f 2236 2226 2232
f 2237 2222 2221
f 2237 2221 2227
f 2238 2239 266
f 2238 266 2209
f 2234 2233 2016
f 2234 2016 2013
f 2233 2229 2228
f 2233 2228 2240
f 2233 2240 2019
f 2233 2019 2016
f 2240 2228 2241
f 2240 2241 2242
f 2240 2242 2022
f 2240 2022 2019
f 2242 2241 2243
f 2242 2243 2244
f 2242 2244 2025
f 2242 2025 2022
f 2243 2241 2223
f 2243 2223 2245
f 2245 2223 2219
f 2245 2219 2218
f 2241 2228 2224
f 2241 2224 2223
f 2214 2213 2212
f 2214 2212 2246
f 2214 2246 2039
f 2214 2039 2038
f 2246 2212 2062
f 2246 2062 2061
f 2246 2061 2040
f 2246 2040 2039
f 2212 2211 2064
f 2212 2064 2062
f 2209 266 265
f 2209 265 2207
f 2205 2204 2071
f 2205 2071 2070
f 2204 2202 2247
f 2204 2247 2248
f 2204 2248 2073
f 2204 2073 2071
f 2248 2247 2249
f 2248 2249 2250
f 2248 2250 2075
f 2248 2075 2073
f 2250 2249 2251
f 2250 2251 2252
f 2250 2252 2253
f 2250 2253 2075
f 2253 2252 2254
f 2253 2254 2255
f 2253 2255 2256
f 2253 2256 2078
f 2253 2078 2076
f 2253 2076 2075
f 2256 2255 2258
f 2256 2258 2260
f 2256 2260 2262
f 2256 2262 2263
f 2256 2263 2079
f 2256 2079 2078
f 2263 2262 2265
f 2263 2265 2266
f 2263 2266 2080
f 2263 2080 2079
f 2266 2265 2267
f 2266 2267 2268
f 2266 2268 2082
f 2266 2082 2080
f 2268 2267 2269
f 2268 2269 2270
f 2268 2270 2084
f 2268 2084 2082
f 2270 2269 2163
f 2270 2163 2271
f 2270 2271 2091
f 2270 2091 2084
f 2271 2163 2162
f 2271 2162 2161
f 2271 2161 2092
f 2271 2092 2091
f 2272 2273 2274
f 2272 2274 2275
f 2275 2274 2276
f 2275 2276 2277
f 2275 2277 2278
f 2275 2278 2166
f 2275 2166 2164
f 2278 2277 2279
f 2278 2279 2280
f 2278 2280 2281
f 2278 2281 2168
f 2278 2168 2167
f 2278 2167 2166
f 2281 2280 2282
f 2281 2282 2283
f 2287 2286 2288
f 2287 2288 2289
f 2287 2289 2290
f 2287 2290 2169
f 2290 2172 2170
f 2290 2170 2169
f 2290 2289 2291
f 2290 2291 2178
f 2290 2178 2176
f 2290 2176 2172
f 2291 2289 2288
f 2291 2288 2292
f 2291 2292 2293
f 2291 2293 2181
f 2291 2181 2179
f 2291 2179 2178
f 2293 2292 2294
f 2293 2294 2295
f 2293 2295 2296
f 2293 2296 2297
f 2293 2297 2182
f 2293 2182 2181
f 2297 2296 2299
f 2297 2299 2301
f 2297 2301 2184
f 2297 2184 2182
f 2300 2298 2302
f 2300 2302 2303
f 2300 2303 2187
f 2300 2187 2183
f 2303 2302 2195
f 2303 2195 2193
f 2303 2193 2189
f 2303 2189 2187
f 2302 2298 2304
f 2302 2304 2307
f 2302 2307 2308
f 2302 2308 2195
f 2308 2307 2309
f 2308 2309 2311
f 2308 2311 2312
f 2308 2312 2198
f 2308 2198 2196
f 2308 2196 2195
f 2312 2311 2313
f 2312 2313 2314
f 2312 2314 2315
f 2312 2315 2316
f 2312 2316 2199
f 2312 2199 2198
f 2316 2315 2317
f 2316 2317 2318
f 2316 2318 2200
f 2316 2200 2199
f 2318 2317 2249
f 2318 2249 2247
f 2318 2247 2202
f 2318 2202 2200
f 2317 2315 2319
f 2317 2319 2320
f 2317 2320 2251
f 2317 2251 2249
f 2320 2319 2321
f 2320 2321 2322
f 2320 2322 2323
f 2320 2323 2251
f 2323 2322 2325
f 2323 2325 2327
f 2323 2327 2329
f 2323 2329 2254
f 2323 2254 2252
f 2323 2252 2251
f 2328 2326 2330
f 2328 2330 2331
f 2328 2331 2332
f 2328 2332 2257
f 2329 2258 2255
f 2329 2255 2254
f 2332 2331 2333
f 2332 2333 2334
f 2332 2334 2276
f 2332 2276 2335
f 2332 2335 2259
f 2332 2259 2257
f 2335 2276 2274
f 2335 2274 2273
f 2335 2273 2261
f 2335 2261 2259
f 2334 2333 2336
f 2334 2336 2279
f 2334 2279 2277
f 2334 2277 2276
f 2336 2333 2337
f 2336 2337 2338
f 2336 2338 2339
f 2336 2339 2282
f 2336 2282 2280
f 2336 2280 2279
f 2339 2338 2340
f 2339 2340 2341
f 2339 2341 2342
f 2339 2342 2284
f 2339 2284 2283
f 2339 2283 2282
f 2342 2341 2343
f 2342 2343 2344
f 2349 2350 2351
f 2349 2351 2346
f 2349 2345 2352
f 2349 2352 2350
f 2352 2353 2354
f 2352 2354 2350
f 2352 2345 2344
f 2352 2344 2343
f 2352 2343 2355
f 2352 2355 2353
f 2355 2356 2357
f 2355 2357 2353
f 2355 2343 2341
f 2355 2341 2340
f 2355 2340 2358
f 2355 2358 2356
f 2358 2359 2360
f 2358 2360 2356
f 2358 2340 2338
f 2358 2338 2337
f 2358 2337 2330
f 2358 2330 2359
f 2360 2361 2363
f 2360 2363 2365
f 2360 2365 2357
f 2360 2357 2356
f 2360 2359 2324
f 2360 2324 2361
f 2365 2363 2366
f 2365 2366 2368
f 2365 2368 2369
f 2365 2369 2357
f 2369 2368 2370
f 2369 2370 2371
f 2369 2371 2372
f 2369 2372 2354
f 2369 2354 2353
f 2369 2353 2357
f 2372 2371 286
f 2372 286 2373
f 2372 2373 2375
f 2372 2375 2351
f 2372 2351 2350
f 2372 2350 2354
f 2376 2374 2377
f 2376 2377 2378
f 2376 2378 2379
f 2376 2379 2348
f 2375 2347 2346
f 2375 2346 2351
f 2379 2378 2381
f 2379 2381 2380
f 2381 2382 2380
f 2381 2378 2377
f 2381 2377 2383
f 2381 2383 2384
f 2385 2386 2387
f 2385 2388 2389
f 2385 2389 2386
f 2389 2391 2393
f 2389 2393 2386
f 2389 2388 2394
f 2389 2394 2395
f 2389 2395 2397
f 2389 2397 2391
f 2397 2306 2399
f 2397 2399 2391
f 2397 2395 2401
f 2397 2401 2310
f 2396 2309 2307
f 2396 2307 2304
f 2401 2395 2394
f 2401 2394 2403
f 2400 2402 2404
f 2400 2404 2313
f 2400 2313 2311
f 2400 2311 2309
f 2404 2402 2406
f 2404 2406 2409
f 2404 2409 2410
f 2404 2410 2411
f 2404 2411 2314
f 2404 2314 2313
f 2411 2410 2321
f 2411 2321 2319
f 2411 2319 2315
f 2411 2315 2314
f 2410 2409 2367
f 2410 2367 2364
f 2410 2364 2362
f 2410 2362 2321
f 2408 2405 2412
f 2408 2412 2366
f 2412 2405 2413
f 2412 2413 288
f 2412 288 287
f 2412 287 2370
f 2412 2370 2368
f 2412 2368 2366
f 2414 2394 2388
f 2414 2407 2403
f 2414 2403 2394
f 2398 2296 2295
f 2398 2295 2415
f 2398 2415 2392
f 2398 2392 2390
f 2398 2305 2299
f 2398 2299 2296
f 2415 2295 2294
f 2415 2294 2416
f 2415 2416 2417
f 2415 2417 2392
f 2417 2416 2419
f 2417 2419 2420
f 2418 2386 2393
f 2422 2421 2420
f 2422 2420 2419
f 2422 2419 2423
f 2422 2423 2285
f 2423 2288 2286
f 2423 2286 2285
f 2423 2419 2416
f 2423 2416 2294
f 2423 2294 2292
f 2423 2292 2288
f 2383 2377 285
f 2371 2370 287
f 2371 287 286
f 2362 2325 2322
f 2362 2322 2321
f 2359 2330 2326
f 2359 2326 2324
f 2337 2333 2331
f 2337 2331 2330
f 2273 2264 2261
f 2161 2159 2093
f 2161 2093 2092
f 2137 1985 1982
f 2137 1982 1981
f 2132 2128 2126
f 2132 2126 2125
f 2091 2088 2085
f 2091 2085 2084
f 2087 1765 252
f 2087 252 251
f 2087 1768 1766
f 2087 1766 1765
f 2007 2005 264
f 2007 264 263
f 2005 2003 271
f 2005 271 264
f 1976 1942 1939
f 1976 1939 1938
f 1976 1938 1973
f 1976 1973 1972
f 1976 213 212
f 1976 212 1942
f 1973 1938 1935
f 1973 1935 2424
f 1973 2424 1970
f 1973 1970 1969
f 2424 1935 1934
f 2424 1934 2425
f 2424 2425 2426
f 2424 2426 1970
f 2426 2425 2427
f 2426 2427 2428
f 2430 1919 1917
f 2430 1917 1916
f 2430 2429 2431
f 2430 2431 1919
f 2431 1923 1920
f 2431 1920 1919
f 2431 2429 2428
f 2431 2428 2427
f 2431 2427 1933
f 2431 1933 1923
f 2427 2425 1934
f 2427 1934 1933
f 1967 1964 1961
f 1967 1961 1960
f 1963 1857 229
f 1963 229 228
f 1963 1861 1858
f 1963 1858 1857
f 1943 1942 212
f 1943 212 217
f 1933 1928 1925
f 1933 1925 1923
f 2432 1900 1898
f 2432 1898 1897
f 2432 2433 1907
f 2432 1907 1900
f 2433 1911 1908
f 2433 1908 1907
f 1907 1904 1901
f 1907 1901 1900
f 1903 1813 259
f 1903 259 258
f 1903 1816 1814
f 1903 1814 1813
f 1896 260 277
f 1896 277 276
f 1857 1853 1852
f 1857 1852 229
f 1846 238 1841
f 1846 1841 1840
f 1841 238 237
f 1841 237 135
f 1841 135 134
f 1841 134 1835
f 1813 1811 1810
f 1813 1810 259
f 1804 1798 1796
f 1804 1796 1795
f 1759 1756 1754
f 1759 1754 167
f 1754 168 167
f 1743 142 73
f 1743 73 4
f 1712 1709 1707
f 1712 1707 1706
f 2438 2437 2439
f 2438 2439 2440
f 2438 2440 2441
f 2438 2441 137
f 2441 2442 94
f 2441 94 2443
f 2441 2440 2444
f 2441 2444 2442
f 2444 2446 2448
f 2444 2448 2442
f 2444 2440 2439
f 2444 2439 2449
f 2444 2449 2451
f 2444 2451 2446
f 2450 2452 2453
f 2450 2453 2445
f 2450 2455 2456
f 2450 2456 2452
f 2456 2457 2458
f 2456 2458 2459
f 2456 2459 2460
f 2456 2460 2452
f 2456 2455 2461
f 2456 2461 2457
f 2461 185 170
f 2461 170 2457
f 2462 2454 2463
f 2462 2463 2464
f 2462 2464 180
f 2462 180 179
f 2464 2463 2436
f 2464 2436 2435
f 2464 2435 181
f 2464 181 180
f 2463 2454 2449
f 2463 2449 2439
f 2463 2439 2437
f 2463 2437 2436
f 2460 1649 144
f 2460 144 149
f 2460 149 2453
f 2460 2453 2452
f 2460 2459 1650
f 2460 1650 1649
f 2459 2458 1651
f 2459 1651 1650
f 2458 2457 170
f 2458 170 169
f 2458 169 174
f 2458 174 1651
f 2453 149 148
f 2453 148 2465
f 2453 2465 2447
f 2453 2447 2445
f 2465 148 147
f 2465 147 95
f 2434 1662 175
f 2434 175 181
f 1662 1660 176
f 1662 176 175
f 1647 73 142
f 1647 142 140
f 1644 1643 68
f 1644 68 74
f 1643 79 69
f 1643 69 68
f 1638 1636 76
f 1638 76 75
f 1632 86 83
f 1632 83 82
f 1602 1599 1595
f 1602 1595 1594
f 1598 1520 1519
f 1598 1519 159
f 1598 159 157
f 1598 157 1593
f 1598 1597 2466
f 1598 2466 1520
f 2466 1516 1515
f 2466 1515 1520
f 2466 1597 1482
f 2466 1482 1480
f 2466 1480 1478
f 2466 1478 1516
f 1587 2467 1539
f 1587 1539 2468
f 1587 2468 1583
f 1587 1583 1582
f 1587 155 25
f 1587 25 2467
f 2468 1539 1538
f 2468 1538 1544
f 2468 1544 2469
f 2468 2469 1583
f 2469 1578 1577
f 2469 1577 1583
f 2469 1544 1543
f 2469 1543 1549
f 2469 1549 201
f 2469 201 1578
f 2467 25 89
f 2467 89 1534
f 2467 1534 1533
f 2467 1533 1539
f 1578 201 200
f 1578 200 1573
f 1549 1548 199
f 1549 199 201
f 1534 89 88
f 1534 88 1529
f 1516 1478 1477
f 1516 1477 1513
f 1427 1391 1388
f 1427 1388 1387
f 1427 1387 1426
f 1426 1387 1383
f 1426 1383 1382
f 1426 1382 1423
f 1426 1423 1422
f 1423 1382 1380
f 1423 1380 1379
f 1420 1379 1377
f 1420 1377 1376
f 2473 2471 2474
f 2473 2474 2475
f 2473 2475 1239
f 2473 1239 1236
f 2475 2474 2476
f 2475 2476 2477
f 2475 2477 1241
f 2475 1241 1239
f 2477 2476 2478
f 2477 2478 2479
f 2477 2479 1243
f 2477 1243 1241
f 2479 2478 2480
f 2479 2480 2481
f 2479 2481 2482
f 2479 2482 1243
f 2482 2481 2483
f 2482 2483 2484
f 2482 2484 2485
f 2482 2485 1246
f 2482 1246 1244
f 2482 1244 1243
f 2485 2484 2486
f 2485 2486 2487
f 2485 2487 2489
f 2485 2489 2491
f 2485 2491 1247
f 2485 1247 1246
f 2490 2488 2492
f 2490 2492 2493
f 2491 2494 1249
f 2491 1249 1247
f 2493 2492 2495
f 2493 2495 2496
f 2493 2496 1252
f 2493 1252 1248
f 2496 2495 2497
f 2496 2497 2498
f 2496 2498 1254
f 2496 1254 1252
f 2498 2497 2499
f 2498 2499 2500
f 2498 2500 2501
f 2498 2501 1254
f 2501 2500 2502
f 2501 2502 2503
f 2501 2503 1259
f 2501 1259 1257
f 2501 1257 1255
f 2501 1255 1254
f 2503 2502 2504
f 2503 2504 2505
f 2503 2505 1261
f 2503 1261 1259
f 2505 2504 2506
f 2505 2506 2507
f 2505 2507 1263
f 2505 1263 1261
f 2509 2508 2510
f 2509 2510 1271
f 2509 1271 1268
f 2509 1268 1266
f 2510 2508 2511
f 2510 2511 2512
f 2510 2512 2513
f 2510 2513 1274
f 2510 1274 1272
f 2510 1272 1271
f 2513 2512 2514
f 2513 2514 2515
f 2513 2515 2516
f 2513 2516 2517
f 2513 2517 1275
f 2513 1275 1274
f 2517 2516 2518
f 2517 2518 2519
f 2517 2519 1276
f 2517 1276 1275
f 2519 2518 2520
f 2519 2520 2521
f 2519 2521 1278
f 2519 1278 1276
f 2521 2520 2522
f 2521 2522 2523
f 2521 2523 1280
f 2521 1280 1278
f 2523 2522 2524
f 2523 2524 2525
f 2523 2525 1282
f 2523 1282 1280
f 2525 2524 2526
f 2525 2526 2528
f 2525 2528 1284
f 2525 1284 1282
f 2529 2527 2530
f 2529 2530 2531
f 2529 2531 1288
f 2529 1288 1285
f 2531 2530 2532
f 2531 2532 2533
f 2531 2533 1291
f 2531 1291 1288
f 2533 2532 2534
f 2533 2534 2535
f 2533 2535 1293
f 2533 1293 1291
f 2535 2534 2536
f 2535 2536 2537
f 2535 2537 1295
f 2535 1295 1293
f 2537 2536 2538
f 2537 2538 2539
f 2537 2539 2540
f 2537 2540 1295
f 2540 2539 2541
f 2540 2541 2542
f 2540 2542 2543
f 2540 2543 1298
f 2540 1298 1296
f 2540 1296 1295
f 2543 2542 2544
f 2543 2544 2545
f 2543 2545 2546
f 2543 2546 1301
f 2543 1301 1299
f 2543 1299 1298
f 2549 2547 2550
f 2549 2550 2551
f 2549 2551 2552
f 2549 2552 67
f 2552 2551 2553
f 2552 2553 2554
f 2552 2554 2555
f 2552 2555 2556
f 2552 2556 66
f 2552 66 67
f 2556 2555 2558
f 2556 2558 2560
f 2556 2560 65
f 2556 65 66
f 2564 2562 2565
f 2564 2565 2566
f 2564 2566 2474
f 2564 2474 2471
f 2566 2565 2567
f 2566 2567 2568
f 2566 2568 2476
f 2566 2476 2474
f 2568 2567 2569
f 2568 2569 2570
f 2568 2570 2478
f 2568 2478 2476
f 2570 2569 2571
f 2570 2571 2572
f 2570 2572 2480
f 2570 2480 2478
f 2572 2571 2573
f 2572 2573 2574
f 2572 2574 2575
f 2572 2575 2480
f 2575 2574 2576
f 2575 2576 2577
f 2575 2577 2578
f 2575 2578 2483
f 2575 2483 2481
f 2575 2481 2480
f 2578 2577 2579
f 2578 2579 2580
f 2578 2580 2581
f 2578 2581 2486
f 2578 2486 2484
f 2578 2484 2483
f 2581 2580 2582
f 2581 2582 2583
f 2581 2583 2584
f 2581 2584 2585
f 2581 2585 2487
f 2581 2487 2486
f 2585 2584 2587
f 2585 2587 2589
f 2585 2589 2489
f 2585 2489 2487
f 2588 2586 2590
f 2588 2590 2591
f 2588 2591 2492
f 2588 2492 2488
f 2591 2590 2592
f 2591 2592 2593
f 2591 2593 2495
f 2591 2495 2492
f 2593 2592 2594
f 2593 2594 2595
f 2593 2595 2497
f 2593 2497 2495
f 2595 2594 2596
f 2595 2596 2597
f 2595 2597 2499
f 2595 2499 2497
f 2597 2596 2598
f 2597 2598 2599
f 2597 2599 2600
f 2597 2600 2499
f 2600 2599 2601
f 2600 2601 2602
f 2600 2602 2504
f 2600 2504 2502
f 2600 2502 2500
f 2600 2500 2499
f 2602 2601 2603
f 2602 2603 2604
f 2602 2604 2506
f 2602 2506 2504
f 2605 2606 2607
f 2605 2607 2514
f 2605 2514 2512
f 2605 2512 2511
f 2607 2606 2608
f 2607 2609 2610
f 2607 2610 2611
f 2607 2611 2515
f 2607 2515 2514
f 2611 2610 2612
f 2611 2612 2613
f 2611 2613 2516
f 2611 2516 2515
f 2613 2612 2614
f 2613 2614 2615
f 2613 2615 2518
f 2613 2518 2516
f 2615 2614 2616
f 2615 2616 2617
f 2615 2617 2520
f 2615 2520 2518
f 2617 2616 2618
f 2617 2618 2619
f 2617 2619 2522
f 2617 2522 2520
f 2619 2618 2620
f 2619 2620 2621
f 2619 2621 2524
f 2619 2524 2522
f 2621 2620 2623
f 2621 2623 2625
f 2621 2625 2526
f 2621 2526 2524
f 2624 2622 2626
f 2624 2626 2627
f 2624 2627 2530
f 2624 2530 2527
f 2627 2626 2628
f 2627 2628 2629
f 2627 2629 2532
f 2627 2532 2530
f 2629 2628 2630
f 2629 2630 2631
f 2629 2631 2534
f 2629 2534 2532
f 2631 2630 2632
f 2631 2632 2633
f 2631 2633 2536
f 2631 2536 2534
f 2633 2632 2634
f 2633 2634 2635
f 2633 2635 2538
f 2633 2538 2536
f 2635 2634 2636
f 2635 2636 2637
f 2635 2637 2638
f 2635 2638 2538
f 2638 2637 2639
f 2638 2639 2640
f 2638 2640 2641
f 2638 2641 2541
f 2638 2541 2539
f 2638 2539 2538
f 2641 2640 2643
f 2641 2643 2645
f 2641 2645 2647
f 2641 2647 2544
f 2641 2544 2542
f 2641 2542 2541
f 2646 2644 2648
f 2646 2648 2649
f 2646 2649 2550
f 2646 2550 2547
f 2647 2548 2545
f 2647 2545 2544
f 2649 2648 2650
f 2649 2650 2651
f 2649 2651 2652
f 2649 2652 2550
f 2652 2651 2573
f 2652 2573 2571
f 2652 2571 2569
f 2652 2569 2553
f 2652 2553 2551
f 2652 2551 2550
f 2651 2650 2653
f 2651 2653 2573
f 2653 2650 2654
f 2653 2654 2655
f 2653 2655 2656
f 2653 2656 2576
f 2653 2576 2574
f 2653 2574 2573
f 2656 2655 2657
f 2656 2657 2658
f 2656 2658 2659
f 2656 2659 2579
f 2656 2579 2577
f 2656 2577 2576
f 2659 2658 2660
f 2659 2661 2582
f 2659 2582 2580
f 2659 2580 2579
f 2661 2583 2582
f 2662 2663 2664
f 2662 2664 2584
f 2662 2584 2583
f 2664 2663 2665
f 2664 2665 2667
f 2664 2667 2587
f 2664 2587 2584
f 2666 2590 2586
f 2668 2592 2590
f 2669 2594 2592
f 2670 2596 2594
f 2671 2598 2596
f 2672 2673 2598
f 2673 2601 2599
f 2673 2599 2598
f 2675 2674 2676
f 2675 2676 2677
f 2677 2676 2678
f 2679 2678 2680
f 2679 2680 2681
f 2679 2681 2614
f 2679 2614 2612
f 2681 2680 2682
f 2681 2682 2683
f 2681 2683 2616
f 2681 2616 2614
f 2683 2682 2684
f 2683 2684 2685
f 2683 2685 2618
f 2683 2618 2616
f 2685 2684 2686
f 2685 2686 2687
f 2685 2687 2620
f 2685 2620 2618
f 2687 2686 2688
f 2687 2688 2690
f 2687 2690 2623
f 2687 2623 2620
f 2690 2688 2692
f 2690 2692 2694
f 2689 2693 2626
f 2689 2626 2622
f 2693 2691 2695
f 2693 2695 2696
f 2693 2696 2628
f 2693 2628 2626
f 2696 2695 2697
f 2696 2697 2698
f 2696 2698 2630
f 2696 2630 2628
f 2698 2697 2699
f 2698 2699 2700
f 2698 2700 2632
f 2698 2632 2630
f 2700 2699 2701
f 2700 2701 2702
f 2700 2702 2634
f 2700 2634 2632
f 2702 2701 2703
f 2702 2703 2704
f 2702 2704 2636
f 2702 2636 2634
f 2704 2703 2705
f 2704 2705 2706
f 2704 2706 2707
f 2704 2707 2636
f 2707 2706 2708
f 2707 2708 2709
f 2707 2709 2711
f 2707 2711 2639
f 2707 2639 2637
f 2707 2637 2636
f 2710 2712 2713
f 2710 2713 2714
f 2710 2714 2642
f 2711 2643 2640
f 2711 2640 2639
f 2714 2713 2715
f 2714 2715 2654
f 2714 2654 2650
f 2714 2650 2648
f 2714 2648 2644
f 2714 2644 2642
f 2715 2713 2712
f 2715 2716 2657
f 2715 2657 2655
f 2715 2655 2654
f 2716 2658 2657
f 2717 2719 2663
f 2719 2718 2720
f 2719 2720 2721
f 2719 2721 2665
f 2719 2665 2663
f 2722 2724 2678
f 2722 2678 2676
f 2724 2723 2725
f 2724 2725 2726
f 2724 2726 2680
f 2724 2680 2678
f 2726 2725 2727
f 2726 2727 2728
f 2726 2728 2682
f 2726 2682 2680
f 2728 2727 2729
f 2728 2729 2730
f 2728 2730 2684
f 2728 2684 2682
f 2730 2729 2731
f 2730 2731 2732
f 2730 2732 2686
f 2730 2686 2684
f 2732 2731 2733
f 2732 2733 2734
f 2732 2734 2688
f 2732 2688 2686
f 2734 2735 2737
f 2734 2737 2692
f 2734 2692 2688
f 2736 2738 2695
f 2736 2695 2691
f 2738 2739 2697
f 2738 2697 2695
f 2739 2740 2699
f 2739 2699 2697
f 2740 2741 2701
f 2740 2701 2699
f 2741 2742 2703
f 2741 2703 2701
f 2742 2743 2705
f 2742 2705 2703
f 2743 2744 2745
f 2743 2745 2705
f 2745 2708 2706
f 2745 2706 2705
f 2746 2731 2729
f 2569 2567 2554
f 2569 2554 2553
f 2567 2565 2555
f 2567 2555 2554
f 2565 2562 2558
f 2565 2558 2555
f 2747 2748 2749
f 2747 2749 1316
f 2747 1316 1314
f 2747 1314 1313
f 2755 2754 2756
f 2755 2756 2757
f 2755 2757 2758
f 2755 2758 2751
f 2758 2759 2752
f 2758 2752 2751
f 2758 2757 2760
f 2758 2760 2761
f 2758 2761 2762
f 2758 2762 2759
f 2762 2763 2764
f 2762 2764 2759
f 2762 2761 1326
f 2762 1326 1324
f 2762 1324 1322
f 2762 1322 2763
f 2764 2749 2748
f 2764 2748 2750
f 2764 2750 2752
f 2764 2752 2759
f 2764 2763 1319
f 2764 1319 2749
f 2763 1322 1320
f 2763 1320 1319
f 2761 2760 2765
f 2761 2765 1326
f 2765 2760 2766
f 2765 2766 2767
f 2765 2767 1337
f 2765 1337 1329
f 2765 1329 1327
f 2765 1327 1326
f 2767 2766 2768
f 2767 2768 1340
f 2767 1340 1338
f 2767 1338 1337
f 2768 2766 2756
f 2768 2756 2769
f 2768 2769 2770
f 2768 2770 2771
f 2768 2771 1341
f 2768 1341 1340
f 2771 2770 2772
f 2771 2772 2773
f 2771 2773 1342
f 2771 1342 1341
f 2773 2772 2774
f 2773 2774 2775
f 2773 2775 1344
f 2773 1344 1342
f 2775 2774 2776
f 2775 2776 1349
f 2775 1349 1346
f 2775 1346 1344
f 2776 2774 2777
f 2776 2777 2778
f 2776 2778 2779
f 2776 2779 2780
f 2776 2780 1350
f 2776 1350 1349
f 2780 2779 2781
f 2780 2781 2782
f 2780 2782 1351
f 2780 1351 1350
f 2783 1360 1358
f 2783 1358 1357
f 2785 2784 2772
f 2785 2772 2770
f 2785 2770 2769
f 2785 2769 2753
f 2784 2777 2774
f 2784 2774 2772
f 2769 2756 2754
f 2769 2754 2753
f 2766 2760 2757
f 2766 2757 2756
f 2749 1319 1317
f 2749 1317 1316
f 1337 1335 1330
f 1337 1330 1329
f 1183 96 8
f 1183 8 1178
f 1168 1165 1163
f 1168 1163 1162
f 1135 125 124
f 1135 124 123
f 1134 1133 127
f 1134 127 126
f 602 600 586
f 602 586 583
f 598 589 587
f 598 587 586
f 595 592 590
f 595 590 589
f 518 515 513
f 518 513 512
f 508 455 283
f 466 463 461
f 455 454 46
f 455 46 283
f 439 436 434
f 439 434 433
f 406 403 399
f 406 399 398
f 277 260 43
f 277 43 257
f 239 129 135
f 239 135 237
f 1555 1558 33
f 1555 33 191
f 187 172 171
f 187 171 183
f 185 183 171
f 185 171 170
f 114 111 109
f 114 109 108
f 85 78 83
f 85 83 84
f 85 70 69
f 85 69 78
f 2854 2853 2852
f 2854 2852 2789
f 2859 2858 2857
f 2859 2857 2790
f 2861 2860 2859
f 2861 2859 2790
f 2857 2862 2861
f 2857 2861 2790
f 2866 2864 2863
f 2866 2863 2791
f 2863 47 49
f 2863 49 2791
f 2870 2868 2866
f 2870 2866 2791
f 2875 2874 2873
f 2875 2873 2792
f 62 64 2876
f 62 2876 2793
f 2795 2801 2880
f 2795 2880 2794
f 2883 2882 2801
f 2883 2801 2795
f 2886 2885 2884
f 2886 2884 2796
f 2888 2887 2886
f 2888 2886 2796
f 2884 2890 2889
f 2884 2889 2796
f 2894 2885 2893
f 2894 2893 2797
f 2899 2897 2895
f 2899 2895 2798
f 2893 2900 2898
f 2893 2898 2797
f 2904 2902 2892
f 2904 2892 2799
f 2881 2802 2904
f 2881 2904 2799
f 2905 2901 2903
f 2905 2903 2800
f 2903 2801 2910
f 2903 2910 2800
f 2910 2914 2912
f 2910 2912 2800
f 2882 2916 2910
f 2882 2910 2801
f 2919 2918 2917
f 2919 2917 2803
f 2917 2921 2920
f 2917 2920 2803
f 2930 2805 2929
f 2930 2929 2804
f 2933 2932 2806
f 2933 2806 2804
f 2935 2934 2929
f 2935 2929 2805
f 2930 2936 2935
f 2930 2935 2805
f 2938 2809 2931
f 2938 2931 2807
f 2946 2947 2942
f 2946 2942 2808
f 2950 2951 2931
f 2950 2931 2809
f 2955 2953 2810
f 2958 2957 2956
f 2958 2956 2810
f 2956 2960 2959
f 2956 2959 2810
f 2959 2961 2955
f 2959 2955 2810
f 2963 2813 2965
f 2963 2965 2811
f 2967 2966 2965
f 2967 2965 2813
f 2969 2968 2967
f 2969 2967 2813
f 2972 2971 2970
f 2972 2970 2814
f 2977 2975 2973
f 2977 2973 2814
f 2970 2980 2977
f 2970 2977 2814
f 2978 2972 2814
f 2986 2816 2984
f 2986 2984 2821
f 2820 2983 2815
f 2820 2815 2989
f 2989 2988 2820
f 2988 2985 2820
f 2987 2992 2990
f 2987 2990 2817
f 2995 2994 2819
f 2995 2819 2817
f 2990 2996 2995
f 2990 2995 2817
f 2818 2982 2984
f 2818 2984 2816
f 2993 2997 2982
f 2993 2982 2818
f 3004 3003 3002
f 3004 3002 2822
f 2823 3005 2822
f 3005 3004 2822
f 3007 3008 3001
f 3007 3001 2824
f 3011 3010 3009
f 3011 3009 2825
f 2918 2919 3012
f 2918 3012 2825
f 3012 3013 3011
f 3012 3011 2825
f 2943 2944 3014
f 2943 3014 2826
f 3015 3017 3016
f 3015 3016 2827
f 3026 3025 3024
f 3026 3024 2828
f 3023 3027 3026
f 3024 3028 3022
f 3024 3022 2828
f 3029 2998 2999
f 3029 2999 2829
f 3033 3032 3031
f 3033 3031 2830
f 3030 3033 2830
f 3036 3035 3034
f 3036 3034 2831
f 3038 3037 3036
f 3038 3036 2831
f 3034 3039 3038
f 3034 3038 2831
f 2834 3041 3040
f 2834 3040 2832
f 3045 3044 2834
f 3045 2834 2832
f 3040 3046 3045
f 3040 3045 2832
f 3043 3049 3047
f 3043 3047 2833
f 3048 3052 3042
f 3048 3042 2835
f 3059 3058 3056
f 3059 3056 2836
f 3064 3063 3062
f 3064 3062 2837
f 2838 3065 3064
f 2838 3064 2837
f 3062 3066 2838
f 3062 2838 2837
f 3067 3069 3068
f 3067 3068 2839
f 3053 3060 3070
f 3053 3070 2840
f 3070 3071 2841
f 3070 2841 2840
f 3074 3073 3072
f 3074 3072 2842
f 3075 3020 3074
f 3075 3074 2842
f 3079 3078 3077
f 3079 3077 2843
f 3081 3080 3079
f 3081 3079 2843
f 3077 3082 3081
f 3077 3081 2843
f 3087 3085 3083
f 3087 3083 2844
f 3091 3089 3088
f 3091 3088 2844
f 3094 3093 3087
f 3094 3087 2844
f 3088 3095 3094
f 3088 3094 2844
f 3098 3097 3096
f 3098 3096 2845
f 3101 3100 3099
f 3101 3099 2845
f 3096 3102 3101
f 3096 3101 2845
f 3099 3104 3103
f 3099 3103 2845
f 3103 3105 3098
f 3103 3098 2845
f 3108 3107 3106
f 3108 3106 2846
f 3110 3109 3108
f 3110 3108 2846
f 3112 3111 3110
f 3112 3110 2846
f 3114 3113 3112
f 3114 3112 2846
f 3106 3115 3114
f 3106 3114 2846
f 3118 3117 3116
f 3118 3116 2847
f 3120 3119 3118
f 3120 3118 2847
f 3116 3122 3121
f 3116 3121 2847
f 3121 3124 3123
f 3121 3123 2847
f 3127 3126 3125
f 3127 3125 2848
f 3125 3129 3128
f 3125 3128 2848
f 3132 3131 3130
f 3132 3130 2848
f 3128 3133 3132
f 3128 3132 2848
f 3130 3134 3127
f 3130 3127 2848
f 3137 3136 3135
f 3137 3135 2849
f 3139 3138 3137
f 3139 3137 2849
f 3135 3140 3139
f 3135 3139 2849
f 3143 3142 3141
f 3143 3141 2850
f 3146 3145 3144
f 3146 3144 2850
f 3144 3147 3143
f 3144 3143 2850
f 3152 3150 3148
f 3152 3148 2851
f 3148 3154 3153
f 3148 3153 2851
f 3153 3156 3152
f 3153 3152 2851
f 3160 3159 3158
f 3162 3161 3159
f 3162 3159 3160
f 3157 3162 3160
f 3164 3163 3162
f 3165 3167 3166
f 3163 3164 3165
f 3163 3165 3166
f 3169 3168 3167
f 3177 3176 3174
f 3177 3174 3175
f 3179 3178 3176
f 3181 3180 3178
f 3188 3187 3186
f 3170 3171 3192
f 3170 3192 3189
f 3194 3193 3191
f 3194 3191 3192
f 3171 3172 3194
f 3171 3194 3192
f 3196 3195 3193
f 3196 3193 3194
f 3172 3173 3196
f 3172 3196 3194
f 3198 3197 3195
f 3198 3195 3196
f 3173 3199 3198
f 3173 3198 3196
f 334 333 3198
f 334 3198 3199
f 3203 3202 3200
f 3203 3200 3201
f 3174 3176 3203
f 3174 3203 3201
f 3205 3204 3202
f 3205 3202 3203
f 3176 3178 3205
f 3176 3205 3203
f 3207 3206 3204
f 3207 3204 3205
f 3178 3180 3207
f 3178 3207 3205
f 3209 3208 3206
f 3209 3206 3207
f 3180 3182 3209
f 3180 3209 3207
f 3211 3210 3208
f 3211 3208 3209
f 3182 3211 3209
f 3213 3212 3210
f 3213 3210 3211
f 3183 3213 3211
f 3216 3215 3213
f 3216 3213 3214
f 3184 3217 3216
f 3184 3216 3214
f 3219 3218 3216
f 3219 3216 3217
f 3185 3220 3219
f 3185 3219 3217
f 3222 3221 3219
f 3222 3219 3220
f 3187 3223 3222
f 3187 3222 3220
f 3185 3186 3187
f 3185 3187 3220
f 3228 3226 3222
f 3228 3222 3223
f 3191 3193 3229
f 3191 3229 3224
f 3187 3188 3190
f 3187 3190 3223
f 3231 3230 3225
f 3231 3225 3227
f 3193 3195 3232
f 3193 3232 3229
f 3235 3233 3230
f 3235 3230 3231
f 3195 3197 3236
f 3195 3236 3232
f 356 355 3234
f 356 3234 3236
f 3197 357 356
f 3197 356 3236
f 3197 3198 333
f 3197 333 357
f 3202 3204 3239
f 3202 3239 3237
f 3241 3240 3238
f 3241 3238 3239
f 3204 3206 3241
f 3204 3241 3239
f 3243 3242 3240
f 3243 3240 3241
f 3206 3208 3243
f 3206 3243 3241
f 3245 3244 3242
f 3245 3242 3243
f 3208 3210 3245
f 3208 3245 3243
f 3247 3246 3244
f 3247 3244 3245
f 3210 3212 3247
f 3210 3247 3245
f 3249 3248 3246
f 3249 3246 3247
f 3212 3250 3249
f 3212 3249 3247
f 3253 3252 3249
f 3253 3249 3250
f 3215 3254 3253
f 3215 3253 3250
f 3212 3213 3215
f 3212 3215 3250
f 3257 3256 3253
f 3257 3253 3254
f 3218 3258 3257
f 3218 3257 3254
f 3215 3216 3218
f 3215 3218 3254
f 3262 3260 3257
f 3262 3257 3258
f 3221 3264 3262
f 3221 3262 3258
f 3218 3219 3221
f 3218 3221 3258
f 3266 3265 3261
f 3266 3261 3263
f 3225 3230 3266
f 3225 3266 3263
f 3221 3222 3226
f 3221 3226 3264
f 3268 3267 3265
f 3268 3265 3266
f 3230 3233 3268
f 3230 3268 3266
f 380 379 3267
f 380 3267 3268
f 3233 354 380
f 3233 380 3268
f 3272 3271 3269
f 3272 3269 3270
f 3274 3273 3271
f 3274 3271 3272
f 3238 3240 3274
f 3238 3274 3272
f 3276 3275 3273
f 3276 3273 3274
f 3240 3242 3276
f 3240 3276 3274
f 3278 3277 3275
f 3278 3275 3276
f 3242 3244 3278
f 3242 3278 3276
f 3280 3279 3277
f 3280 3277 3278
f 3244 3246 3280
f 3244 3280 3278
f 3282 3281 3279
f 3282 3279 3280
f 3246 3248 3282
f 3246 3282 3280
f 3284 3283 3281
f 3284 3281 3282
f 3248 3286 3284
f 3248 3284 3282
f 3290 3288 3284
f 3290 3284 3286
f 3251 3291 3289
f 3251 3289 3285
f 3248 3249 3252
f 3248 3252 3286
f 3294 3293 3289
f 3294 3289 3291
f 3255 3295 3294
f 3255 3294 3291
f 3252 3253 3256
f 3252 3256 3292
f 3298 3297 3294
f 3298 3294 3295
f 3259 3299 3298
f 3259 3298 3295
f 3256 3257 3260
f 3256 3260 3296
f 3301 3300 3298
f 3301 3298 3299
f 3265 3267 3301
f 3265 3301 3299
f 3259 3261 3265
f 3259 3265 3299
f 381 405 3300
f 381 3300 3301
f 3267 379 381
f 3267 381 3301
f 407 3302 3300
f 407 3300 405
f 3306 3305 3303
f 3306 3303 3304
f 3269 3271 3306
f 3269 3306 3304
f 3308 3307 3305
f 3308 3305 3306
f 3271 3273 3308
f 3271 3308 3306
f 3310 3309 3307
f 3310 3307 3308
f 3273 3275 3310
f 3273 3310 3308
f 3312 3311 3309
f 3312 3309 3310
f 3275 3277 3312
f 3275 3312 3310
f 3314 3313 3311
f 3314 3311 3312
f 3277 3279 3314
f 3277 3314 3312
f 3316 3315 3313
f 3316 3313 3314
f 3279 3281 3316
f 3279 3316 3314
f 3318 3317 3315
f 3318 3315 3316
f 3281 3283 3318
f 3281 3318 3316
f 3322 3320 3317
f 3322 3317 3318
f 3283 3324 3322
f 3283 3322 3318
f 3326 3325 3321
f 3326 3321 3323
f 3287 3327 3326
f 3287 3326 3323
f 3283 3284 3288
f 3283 3288 3324
f 3329 3328 3326
f 3329 3326 3327
f 3293 3330 3329
f 3293 3329 3327
f 3287 3289 3293
f 3287 3293 3327
f 3332 3331 3329
f 3332 3329 3330
f 3297 3302 3332
f 3297 3332 3330
f 3293 3294 3297
f 3293 3297 3330
f 408 438 3331
f 408 3331 3332
f 3302 407 408
f 3302 408 3332
f 440 3333 3331
f 440 3331 438
f 3339 3338 3336
f 3339 3336 3337
f 3303 3305 3339
f 3303 3339 3337
f 3341 3340 3338
f 3341 3338 3339
f 3305 3307 3341
f 3305 3341 3339
f 3343 3342 3340
f 3343 3340 3341
f 3307 3309 3343
f 3307 3343 3341
f 3345 3344 3342
f 3345 3342 3343
f 3309 3311 3345
f 3309 3345 3343
f 3347 3346 3344
f 3347 3344 3345
f 3311 3313 3347
f 3311 3347 3345
f 3349 3348 3346
f 3349 3346 3347
f 3313 3315 3349
f 3313 3349 3347
f 3351 3350 3348
f 3351 3348 3349
f 3315 3317 3351
f 3315 3351 3349
f 3356 3353 3350
f 3356 3350 3351
f 3317 3320 3356
f 3317 3356 3351
f 3359 3358 3354
f 3359 3354 3355
f 3319 3360 3359
f 3319 3359 3355
f 3362 3361 3359
f 3362 3359 3360
f 3325 3363 3362
f 3325 3362 3360
f 3319 3321 3325
f 3319 3325 3360
f 3365 3364 3362
f 3365 3362 3363
f 3328 3333 3365
f 3328 3365 3363
f 3325 3326 3328
f 3325 3328 3363
f 441 465 3364
f 441 3364 3365
f 3333 440 441
f 3333 441 3365
f 467 3364 465
f 3367 3366 469
f 3367 469 470
f 442 3334 3367
f 442 3367 470
f 3369 3368 3366
f 3369 3366 3367
f 3334 3335 3369
f 3334 3369 3367
f 3371 3370 3368
f 3371 3368 3369
f 3376 3375 3372
f 3376 3372 3374
f 3336 3338 3376
f 3336 3376 3374
f 3378 3377 3375
f 3378 3375 3376
f 3338 3340 3378
f 3338 3378 3376
f 3380 3379 3377
f 3380 3377 3378
f 3340 3342 3380
f 3340 3380 3378
f 3382 3381 3379
f 3382 3379 3380
f 3342 3344 3382
f 3342 3382 3380
f 3141 3142 3381
f 3141 3381 3382
f 3344 3346 3141
f 3344 3141 3382
f 3384 3383 3379
f 3384 3379 3381
f 3142 3385 3384
f 3142 3384 3381
f 3387 3386 3384
f 3387 3384 3385
f 3389 3388 3387
f 3389 3387 3385
f 3142 3143 3389
f 3142 3389 3385
f 3391 3390 3388
f 3391 3388 3389
f 3143 3147 3391
f 3143 3391 3389
f 3393 3392 3390
f 3393 3390 3391
f 3147 3394 3393
f 3147 3393 3391
f 3396 3395 3393
f 3396 3393 3394
f 3398 3397 3396
f 3398 3396 3394
f 3147 3144 3398
f 3147 3398 3394
f 3400 3399 3397
f 3400 3397 3398
f 3144 3145 3400
f 3144 3400 3398
f 3404 3402 3399
f 3404 3399 3400
f 3145 3406 3404
f 3145 3404 3400
f 3145 3146 3408
f 3145 3408 3406
f 3410 3409 3403
f 3410 3403 3405
f 3407 3411 3410
f 3407 3410 3405
f 3413 3412 3410
f 3413 3410 3411
f 3357 3414 3413
f 3357 3413 3411
f 3407 3352 3357
f 3407 3357 3411
f 3417 3416 3413
f 3417 3413 3414
f 3358 3359 3361
f 3358 3361 3415
f 468 517 3416
f 468 3416 3417
f 519 3418 3416
f 519 3416 517
f 3420 3419 522
f 3420 522 523
f 524 3421 3420
f 524 3420 523
f 3423 3422 3420
f 3423 3420 3421
f 3425 3424 3423
f 3425 3423 3421
f 524 532 3425
f 524 3425 3421
f 534 3426 3425
f 534 3425 532
f 3428 3427 535
f 3428 535 536
f 469 3366 3428
f 469 3428 536
f 3430 3429 3427
f 3430 3427 3428
f 3366 3368 3430
f 3366 3430 3428
f 3432 3431 3429
f 3432 3429 3430
f 3368 3370 3432
f 3368 3432 3430
f 3434 3433 3431
f 3434 3431 3432
f 3370 3373 3434
f 3370 3434 3432
f 3437 3435 3433
f 3437 3433 3434
f 3373 3437 3434
f 3441 3439 3435
f 3441 3435 3437
f 3375 3377 3440
f 3375 3440 3436
f 3383 3442 3438
f 3383 3438 3440
f 3377 3379 3383
f 3377 3383 3440
f 3445 3443 3438
f 3445 3438 3442
f 3386 3446 3445
f 3386 3445 3442
f 3383 3384 3386
f 3383 3386 3442
f 3448 3447 3445
f 3448 3445 3446
f 3450 3449 3448
f 3450 3448 3446
f 3386 3387 3450
f 3386 3450 3446
f 3452 3451 3449
f 3452 3449 3450
f 3387 3388 3452
f 3387 3452 3450
f 3454 3453 3451
f 3454 3451 3452
f 3388 3390 3454
f 3388 3454 3452
f 3456 3455 3453
f 3456 3453 3454
f 3390 3392 3456
f 3390 3456 3454
f 3458 3457 3455
f 3458 3455 3456
f 3392 3459 3458
f 3392 3458 3456
f 3461 3460 3458
f 3461 3458 3459
f 3395 3462 3461
f 3395 3461 3459
f 3392 3393 3395
f 3392 3395 3459
f 3464 3463 3461
f 3464 3461 3462
f 3466 3465 3464
f 3466 3464 3462
f 3395 3396 3466
f 3395 3466 3462
f 3468 3467 3465
f 3468 3465 3466
f 3396 3397 3468
f 3396 3468 3466
f 3472 3470 3467
f 3472 3467 3468
f 3397 3399 3472
f 3397 3472 3468
f 3474 3473 3469
f 3474 3469 3471
f 3399 3402 3475
f 3399 3475 3472
f 3477 3476 3473
f 3477 3473 3474
f 3401 3478 3477
f 3401 3477 3474
f 3401 3403 3409
f 3401 3409 3478
f 3480 3479 3477
f 3480 3477 3478
f 3409 3481 3480
f 3409 3480 3478
f 3409 3410 3412
f 3409 3412 3481
f 3483 3482 3480
f 3483 3480 3481
f 3412 3418 3483
f 3412 3483 3481
f 520 594 3482
f 520 3482 3483
f 3418 519 520
f 3418 520 3483
f 596 3484 3482
f 596 3482 594
f 521 3485 3484
f 521 3484 596
f 3486 3479 3484
f 3486 3484 3485
f 3419 3487 3486
f 3419 3486 3485
f 521 522 3419
f 521 3419 3485
f 3488 3476 3486
f 3488 3486 3487
f 3422 3489 3488
f 3422 3488 3487
f 3419 3420 3422
f 3419 3422 3487
f 3491 3490 3488
f 3491 3488 3489
f 3493 3492 3491
f 3493 3491 3489
f 3422 3423 3493
f 3422 3493 3489
f 3495 3494 3492
f 3495 3492 3493
f 3423 3424 3495
f 3423 3495 3493
f 3497 3496 3494
f 3497 3494 3495
f 3424 3498 3497
f 3424 3497 3495
f 3500 3499 3497
f 3500 3497 3498
f 3426 3501 3500
f 3426 3500 3498
f 3424 3425 3426
f 3424 3426 3498
f 3503 3502 3500
f 3503 3500 3501
f 617 616 3503
f 617 3503 3501
f 3426 534 617
f 3426 617 3501
f 3506 3505 619
f 3506 619 620
f 535 3427 3506
f 535 3506 620
f 3508 3507 3505
f 3508 3505 3506
f 3427 3429 3508
f 3427 3508 3506
f 3510 3509 3507
f 3510 3507 3508
f 3429 3431 3510
f 3429 3510 3508
f 3512 3511 3509
f 3512 3509 3510
f 3431 3433 3512
f 3431 3512 3510
f 3515 3514 3511
f 3515 3511 3512
f 3433 3435 3515
f 3433 3515 3512
f 3444 3517 3514
f 3444 3514 3515
f 3435 3439 3444
f 3435 3444 3515
f 3521 3518 3513
f 3521 3513 3516
f 3447 3523 3521
f 3447 3521 3516
f 3443 3445 3447
f 3443 3447 3516
f 3526 3524 3521
f 3526 3521 3523
f 3528 3527 3526
f 3528 3526 3523
f 3447 3448 3528
f 3447 3528 3523
f 3530 3529 3527
f 3530 3527 3528
f 3448 3449 3530
f 3448 3530 3528
f 3532 3531 3529
f 3532 3529 3530
f 3449 3451 3532
f 3449 3532 3530
f 3534 3533 3531
f 3534 3531 3532
f 3451 3453 3534
f 3451 3534 3532
f 3536 3535 3533
f 3536 3533 3534
f 3453 3455 3536
f 3453 3536 3534
f 3538 3537 3535
f 3538 3535 3536
f 3455 3457 3538
f 3455 3538 3536
f 3540 3539 3537
f 3540 3537 3538
f 3457 3541 3540
f 3457 3540 3538
f 3543 3542 3540
f 3543 3540 3541
f 3460 3544 3543
f 3460 3543 3541
f 3457 3458 3460
f 3457 3460 3541
f 3546 3545 3543
f 3546 3543 3544
f 3463 3547 3546
f 3463 3546 3544
f 3460 3461 3463
f 3460 3463 3544
f 3549 3548 3546
f 3549 3546 3547
f 3551 3550 3549
f 3551 3549 3547
f 3463 3464 3551
f 3463 3551 3547
f 3553 3552 3550
f 3553 3550 3551
f 3464 3465 3553
f 3464 3553 3551
f 3555 3554 3552
f 3555 3552 3553
f 3465 3467 3555
f 3465 3555 3553
f 3559 3557 3554
f 3559 3554 3555
f 3467 3470 3559
f 3467 3559 3555
f 3490 3491 3556
f 3490 3556 3558
f 3469 3473 3490
f 3469 3490 3558
f 3562 3560 3554
f 3562 3554 3557
f 3491 3492 3561
f 3491 3561 3556
f 3566 3564 3560
f 3566 3560 3562
f 3492 3494 3565
f 3492 3565 3561
f 3569 3567 3563
f 3569 3563 3565
f 3494 3496 3569
f 3494 3569 3565
f 3572 3570 3567
f 3572 3567 3569
f 3496 3573 3572
f 3496 3572 3569
f 3575 3574 3572
f 3575 3572 3573
f 3499 3576 3575
f 3499 3575 3573
f 3496 3497 3499
f 3496 3499 3573
f 3578 3577 3575
f 3578 3575 3576
f 3502 3579 3578
f 3502 3578 3576
f 3499 3500 3502
f 3499 3502 3576
f 3582 3581 3580
f 3582 3580 3579
f 3502 3503 3582
f 3502 3582 3579
f 697 696 3581
f 697 3581 3582
f 3503 616 697
f 3503 697 3582
f 3584 3583 698
f 3584 698 699
f 618 3504 3584
f 618 3584 699
f 3587 3586 3583
f 3587 3583 3584
f 3505 3507 3588
f 3505 3588 3585
f 3590 3589 3586
f 3590 3586 3587
f 3507 3509 3591
f 3507 3591 3588
f 3593 3592 3589
f 3593 3589 3590
f 3509 3511 3594
f 3509 3594 3591
f 3519 3595 3592
f 3519 3592 3593
f 3511 3514 3520
f 3511 3520 3594
f 3597 3596 3592
f 3597 3592 3595
f 3525 3599 3597
f 3525 3597 3595
f 3519 3522 3525
f 3519 3525 3595
f 3602 3600 3597
f 3602 3597 3599
f 3604 3603 3601
f 3604 3601 3598
f 3524 3526 3604
f 3524 3604 3598
f 3606 3605 3603
f 3606 3603 3604
f 3526 3527 3606
f 3526 3606 3604
f 3608 3607 3605
f 3608 3605 3606
f 3527 3529 3608
f 3527 3608 3606
f 3610 3609 3607
f 3610 3607 3608
f 3529 3531 3610
f 3529 3610 3608
f 3612 3611 3609
f 3612 3609 3610
f 3531 3533 3612
f 3531 3612 3610
f 3614 3613 3611
f 3614 3611 3612
f 3533 3535 3614
f 3533 3614 3612
f 3616 3615 3613
f 3616 3613 3614
f 3535 3537 3616
f 3535 3616 3614
f 3618 3617 3615
f 3618 3615 3616
f 3537 3539 3618
f 3537 3618 3616
f 3620 3619 3617
f 3620 3617 3618
f 3539 3621 3620
f 3539 3620 3618
f 3623 3622 3620
f 3623 3620 3621
f 3542 3624 3623
f 3542 3623 3621
f 3539 3540 3542
f 3539 3542 3621
f 3626 3625 3623
f 3626 3623 3624
f 3545 3627 3626
f 3545 3626 3624
f 3542 3543 3545
f 3542 3545 3624
f 3629 3628 3626
f 3629 3626 3627
f 3548 3630 3629
f 3548 3629 3627
f 3545 3546 3548
f 3545 3548 3627
f 3632 3631 3629
f 3632 3629 3630
f 3634 3633 3632
f 3634 3632 3630
f 3548 3549 3634
f 3548 3634 3630
f 3636 3635 3633
f 3636 3633 3634
f 3549 3550 3636
f 3549 3636 3634
f 3638 3637 3635
f 3638 3635 3636
f 3550 3552 3638
f 3550 3638 3636
f 3560 3564 3637
f 3560 3637 3638
f 3552 3554 3560
f 3552 3560 3638
f 3640 3639 3635
f 3640 3635 3637
f 3564 3568 3640
f 3564 3640 3637
f 3642 3641 3639
f 3642 3639 3640
f 3568 3571 3642
f 3568 3642 3640
f 3644 3643 3641
f 3644 3641 3642
f 3571 3646 3644
f 3571 3644 3642
f 3649 3647 3644
f 3649 3644 3646
f 3574 3650 3648
f 3574 3648 3645
f 3570 3572 3574
f 3570 3574 3645
f 3574 3575 3577
f 3574 3577 3650
f 3653 3652 769
f 3653 769 770
f 698 3583 3653
f 698 3653 770
f 3655 3654 3652
f 3655 3652 3653
f 3583 3586 3655
f 3583 3655 3653
f 3657 3656 3654
f 3657 3654 3655
f 3586 3589 3657
f 3586 3657 3655
f 3596 3658 3656
f 3596 3656 3657
f 3589 3592 3596
f 3589 3596 3657
f 3660 3659 3656
f 3660 3656 3658
f 3600 3661 3660
f 3600 3660 3658
f 3596 3597 3600
f 3596 3600 3658
f 3663 3662 3660
f 3663 3660 3661
f 3667 3665 3663
f 3667 3663 3661
f 3600 3602 3667
f 3600 3667 3661
f 3669 3668 3664
f 3669 3664 3666
f 3601 3603 3669
f 3601 3669 3666
f 3671 3670 3668
f 3671 3668 3669
f 3603 3605 3671
f 3603 3671 3669
f 3673 3672 3670
f 3673 3670 3671
f 3605 3607 3673
f 3605 3673 3671
f 3675 3674 3672
f 3675 3672 3673
f 3607 3609 3675
f 3607 3675 3673
f 3677 3676 3674
f 3677 3674 3675
f 3609 3611 3677
f 3609 3677 3675
f 3679 3678 3676
f 3679 3676 3677
f 3611 3613 3679
f 3611 3679 3677
f 3681 3680 3678
f 3681 3678 3679
f 3613 3615 3681
f 3613 3681 3679
f 3683 3682 3680
f 3683 3680 3681
f 3615 3617 3683
f 3615 3683 3681
f 3622 3687 3686
f 3622 3686 3685
f 3619 3620 3622
f 3619 3622 3685
f 3625 3689 3688
f 3622 3623 3625
f 3622 3625 3687
f 3691 3688 3689
f 3628 3692 3691
f 3628 3691 3689
f 3625 3626 3628
f 3625 3628 3689
f 3694 3693 3691
f 3694 3691 3692
f 3631 3695 3694
f 3631 3694 3692
f 3628 3629 3631
f 3628 3631 3692
f 3697 3696 3694
f 3697 3694 3695
f 3699 3698 3697
f 3699 3697 3695
f 3631 3632 3699
f 3631 3699 3695
f 3701 3700 3698
f 3701 3698 3699
f 3632 3633 3701
f 3632 3701 3699
f 3639 3641 3700
f 3639 3700 3701
f 3633 3635 3639
f 3633 3639 3701
f 3703 3702 3698
f 3703 3698 3700
f 3641 3643 3703
f 3641 3703 3700
f 3705 3704 3702
f 3705 3702 3703
f 3643 3706 3705
f 3643 3705 3703
f 3708 3707 3705
f 3708 3705 3706
f 3647 3709 3708
f 3647 3708 3706
f 3643 3644 3647
f 3643 3647 3706
f 3711 3710 3708
f 3711 3708 3709
f 3647 3649 3651
f 3647 3651 3709
f 3714 3713 832
f 3714 832 833
f 769 3652 3714
f 769 3714 833
f 3716 3715 3713
f 3716 3713 3714
f 3652 3654 3716
f 3652 3716 3714
f 3659 3717 3715
f 3659 3715 3716
f 3654 3656 3659
f 3654 3659 3716
f 3719 3718 3715
f 3719 3715 3717
f 3662 3720 3719
f 3662 3719 3717
f 3659 3660 3662
f 3659 3662 3717
f 3722 3721 3719
f 3722 3719 3720
f 3724 3723 3722
f 3724 3722 3720
f 3662 3663 3724
f 3662 3724 3720
f 3728 3726 3723
f 3728 3723 3724
f 3663 3665 3728
f 3663 3728 3724
f 3730 3729 3725
f 3730 3725 3727
f 3664 3668 3730
f 3664 3730 3727
f 3732 3731 3729
f 3732 3729 3730
f 3668 3670 3732
f 3668 3732 3730
f 3734 3733 3731
f 3734 3731 3732
f 3670 3672 3734
f 3670 3734 3732
f 3736 3735 3733
f 3736 3733 3734
f 3672 3674 3736
f 3672 3736 3734
f 3738 3737 3735
f 3738 3735 3736
f 3674 3676 3738
f 3674 3738 3736
f 3740 3739 3737
f 3740 3737 3738
f 3676 3678 3740
f 3676 3740 3738
f 3742 3741 3739
f 3742 3739 3740
f 3678 3680 3742
f 3678 3742 3740
f 3744 3743 3741
f 3744 3741 3742
f 3680 3682 3744
f 3680 3744 3742
f 3746 3745 3743
f 3746 3743 3744
f 3748 3747 3745
f 3748 3745 3746
f 3684 3748 3746
f 3693 3751 3750
f 3693 3750 3749
f 3690 3691 3693
f 3690 3693 3749
f 3753 3752 3750
f 3753 3750 3751
f 3696 3754 3753
f 3696 3753 3751
f 3693 3694 3696
f 3693 3696 3751
f 3756 3755 3753
f 3756 3753 3754
f 3758 3757 3756
f 3758 3756 3754
f 3696 3697 3758
f 3696 3758 3754
f 3702 3704 3757
f 3702 3757 3758
f 3697 3698 3702
f 3697 3702 3758
f 3760 3759 3756
f 3760 3756 3757
f 3704 3761 3760
f 3704 3760 3757
f 3763 3762 3760
f 3763 3760 3761
f 3707 3764 3763
f 3707 3763 3761
f 3704 3705 3707
f 3704 3707 3761
f 3766 3765 3763
f 3766 3763 3764
f 3710 3767 3766
f 3710 3766 3764
f 3707 3708 3710
f 3707 3710 3764
f 3769 3768 3766
f 3769 3766 3767
f 3712 3770 3769
f 3712 3769 3767
f 3710 3711 3712
f 3710 3712 3767
f 3772 3771 3769
f 3772 3769 3770
f 3775 3774 883
f 3775 883 884
f 832 3713 3775
f 832 3775 884
f 3718 3776 3774
f 3718 3774 3775
f 3713 3715 3718
f 3713 3718 3775
f 3778 3777 3774
f 3778 3774 3776
f 3721 3779 3778
f 3721 3778 3776
f 3718 3719 3721
f 3718 3721 3776
f 3781 3780 3778
f 3781 3778 3779
f 3783 3782 3781
f 3783 3781 3779
f 3721 3722 3783
f 3721 3783 3779
f 3785 3784 3782
f 3785 3782 3783
f 3722 3723 3785
f 3722 3785 3783
f 3788 3786 3784
f 3788 3784 3785
f 3723 3726 3788
f 3723 3788 3785
f 3792 3790 3786
f 3792 3786 3788
f 3725 3729 3791
f 3725 3791 3787
f 3794 3793 3789
f 3794 3789 3791
f 3729 3731 3794
f 3729 3794 3791
f 3796 3795 3793
f 3796 3793 3794
f 3731 3733 3796
f 3731 3796 3794
f 3798 3797 3795
f 3798 3795 3796
f 3733 3735 3798
f 3733 3798 3796
f 3800 3799 3797
f 3800 3797 3798
f 3735 3737 3800
f 3735 3800 3798
f 3802 3801 3799
f 3802 3799 3800
f 3737 3739 3802
f 3737 3802 3800
f 3804 3803 3801
f 3804 3801 3802
f 3739 3741 3804
f 3739 3804 3802
f 3806 3805 3803
f 3806 3803 3804
f 3741 3743 3806
f 3741 3806 3804
f 3807 3028 3805
f 3807 3805 3806
f 3743 3745 3807
f 3743 3807 3806
f 3808 3028 3807
f 3745 3808 3807
f 3752 3810 3809
f 3812 3809 3810
f 3755 3813 3812
f 3755 3812 3810
f 3752 3753 3755
f 3752 3755 3810
f 3815 3814 3812
f 3815 3812 3813
f 3759 3816 3815
f 3759 3815 3813
f 3755 3756 3759
f 3755 3759 3813
f 3818 3817 3815
f 3818 3815 3816
f 3762 3819 3818
f 3762 3818 3816
f 3759 3760 3762
f 3759 3762 3816
f 3821 3820 3818
f 3821 3818 3819
f 3765 3822 3821
f 3765 3821 3819
f 3762 3763 3765
f 3762 3765 3819
f 3824 3823 3821
f 3824 3821 3822
f 3768 3825 3824
f 3768 3824 3822
f 3765 3766 3768
f 3765 3768 3822
f 3827 3826 3824
f 3827 3824 3825
f 3771 3828 3827
f 3771 3827 3825
f 3768 3769 3771
f 3768 3771 3825
f 3830 3829 3827
f 3830 3827 3828
f 3773 3831 3830
f 3773 3830 3828
f 3771 3772 3773
f 3771 3773 3828
f 3833 3832 3830
f 3833 3830 3831
f 3835 3834 3832
f 3835 3832 3833
f 3837 3834 3835
f 3840 3839 3837
f 3840 3837 3838
f 3777 3844 928
f 3777 928 929
f 883 3774 3777
f 883 3777 929
f 3845 931 928
f 3845 928 3844
f 3780 3846 3845
f 3780 3845 3844
f 3777 3778 3780
f 3777 3780 3844
f 3848 3847 3845
f 3848 3845 3846
f 3850 3849 3848
f 3850 3848 3846
f 3780 3781 3850
f 3780 3850 3846
f 3852 3851 3849
f 3852 3849 3850
f 3781 3782 3852
f 3781 3852 3850
f 3854 3853 3851
f 3854 3851 3852
f 3782 3784 3854
f 3782 3854 3852
f 3856 3855 3853
f 3856 3853 3854
f 3784 3786 3856
f 3784 3856 3854
f 3860 3858 3855
f 3860 3855 3856
f 3786 3790 3860
f 3786 3860 3856
f 3862 3861 3857
f 3862 3857 3859
f 3789 3793 3862
f 3789 3862 3859
f 3864 3863 3861
f 3864 3861 3862
f 3793 3795 3864
f 3793 3864 3862
f 3866 3865 3863
f 3866 3863 3864
f 3795 3797 3866
f 3795 3866 3864
f 3868 3867 3865
f 3868 3865 3866
f 3797 3799 3868
f 3797 3868 3866
f 3870 3869 3867
f 3870 3867 3868
f 3799 3801 3870
f 3799 3870 3868
f 3872 3871 3869
f 3872 3869 3870
f 3801 3803 3872
f 3801 3872 3870
f 3874 3873 3871
f 3874 3871 3872
f 3803 3805 3874
f 3803 3874 3872
f 3024 3025 3873
f 3024 3873 3874
f 3805 3028 3024
f 3805 3024 3874
f 3876 3875 3871
f 3876 3871 3873
f 3025 3877 3876
f 3025 3876 3873
f 3879 3878 3876
f 3879 3876 3877
f 3881 3880 3879
f 3881 3879 3877
f 3025 3026 3881
f 3025 3881 3877
f 3883 3882 3880
f 3883 3880 3881
f 3026 3027 3883
f 3026 3883 3881
f 3885 3884 3882
f 3885 3882 3883
f 3027 3886 3885
f 3027 3885 3883
f 3027 3887 3886
f 3814 3892 3891
f 3814 3891 3890
f 3811 3812 3814
f 3894 3893 3891
f 3894 3891 3892
f 3817 3895 3894
f 3817 3894 3892
f 3814 3815 3817
f 3814 3817 3892
f 3897 3896 3894
f 3897 3894 3895
f 3820 3898 3897
f 3820 3897 3895
f 3817 3818 3820
f 3817 3820 3895
f 3900 3899 3897
f 3900 3897 3898
f 3823 3901 3900
f 3823 3900 3898
f 3820 3821 3823
f 3820 3823 3898
f 3903 3902 3900
f 3903 3900 3901
f 3826 3904 3903
f 3826 3903 3901
f 3823 3824 3826
f 3823 3826 3901
f 3906 3905 3903
f 3906 3903 3904
f 3829 3907 3906
f 3829 3906 3904
f 3826 3827 3829
f 3826 3829 3904
f 3909 3906 3907
f 3832 3834 3909
f 3832 3909 3907
f 3829 3830 3832
f 3829 3832 3907
f 3836 3837 3839
f 3913 3912 3911
f 3841 3914 3913
f 989 988 3913
f 989 3913 3914
f 3843 990 989
f 3843 989 3914
f 3841 3842 3843
f 3841 3843 3914
f 3847 3915 992
f 3847 992 991
f 931 3845 3847
f 931 3847 991
f 3916 994 992
f 3916 992 3915
f 3919 3918 3916
f 3919 3916 3915
f 3847 3848 3919
f 3847 3919 3915
f 3921 3920 3918
f 3921 3918 3919
f 3848 3849 3921
f 3848 3921 3919
f 3923 3922 3920
f 3923 3920 3921
f 3849 3851 3923
f 3849 3923 3921
f 3925 3924 3922
f 3925 3922 3923
f 3851 3853 3925
f 3851 3925 3923
f 3927 3926 3924
f 3927 3924 3925
f 3853 3855 3927
f 3853 3927 3925
f 3930 3928 3926
f 3930 3926 3927
f 3855 3858 3930
f 3855 3930 3927
f 3934 3932 3928
f 3934 3928 3930
f 3857 3861 3933
f 3857 3933 3929
f 3936 3935 3931
f 3936 3931 3933
f 3861 3863 3936
f 3861 3936 3933
f 3938 3937 3935
f 3938 3935 3936
f 3863 3865 3938
f 3863 3938 3936
f 3940 3939 3937
f 3940 3937 3938
f 3865 3867 3940
f 3865 3940 3938
f 3942 3941 3939
f 3942 3939 3940
f 3867 3869 3942
f 3867 3942 3940
f 3875 3943 3941
f 3875 3941 3942
f 3869 3871 3875
f 3869 3875 3942
f 3945 3944 3941
f 3945 3941 3943
f 3878 3946 3945
f 3878 3945 3943
f 3875 3876 3878
f 3875 3878 3943
f 3948 3947 3945
f 3948 3945 3946
f 3950 3949 3948
f 3950 3948 3946
f 3878 3879 3950
f 3878 3950 3946
f 3952 3951 3949
f 3952 3949 3950
f 3879 3880 3952
f 3879 3952 3950
f 3954 3953 3951
f 3954 3951 3952
f 3880 3882 3954
f 3880 3954 3952
f 3956 3955 3953
f 3956 3953 3954
f 3882 3884 3956
f 3882 3956 3954
f 3960 3959 3957
f 3960 3957 3958
f 3888 3889 3960
f 3888 3960 3958
f 3962 3961 3959
f 3962 3959 3960
f 3889 3963 3962
f 3889 3962 3960
f 3965 3964 3962
f 3965 3962 3963
f 3970 3969 3967
f 3893 3971 3970
f 3893 3970 3968
f 3973 3972 3970
f 3973 3970 3971
f 3896 3974 3973
f 3896 3973 3971
f 3893 3894 3896
f 3893 3896 3971
f 3976 3975 3973
f 3976 3973 3974
f 3899 3977 3976
f 3899 3976 3974
f 3896 3897 3899
f 3896 3899 3974
f 3902 3978 3977
f 3899 3900 3902
f 3899 3902 3977
f 3902 3903 3905
f 3905 3906 3908
f 3981 3980 3979
f 3910 3982 3981
f 1067 1066 3981
f 1067 3981 3982
f 3912 1068 1067
f 3912 1067 3982
f 3910 3912 3982
f 3912 3913 988
f 3912 988 1068
f 3984 2791 49
f 3984 49 1069
f 995 3917 3984
f 995 3984 1069
f 3986 2870 2791
f 3986 2791 3984
f 3916 3918 3985
f 3916 3985 3983
f 3988 3987 2869
f 3988 2869 3985
f 3918 3920 3988
f 3918 3988 3985
f 3990 3989 3987
f 3990 3987 3988
f 3920 3922 3990
f 3920 3990 3988
f 3992 3991 3989
f 3992 3989 3990
f 3922 3924 3992
f 3922 3992 3990
f 3994 3993 3991
f 3994 3991 3992
f 3924 3926 3994
f 3924 3994 3992
f 3996 3995 3993
f 3996 3993 3994
f 3926 3928 3996
f 3926 3996 3994
f 4000 3998 3995
f 4000 3995 3996
f 3928 3932 4000
f 3928 4000 3996
f 4002 4001 3997
f 4002 3997 3999
f 3931 3935 4002
f 3931 4002 3999
f 4004 4003 4001
f 4004 4001 4002
f 3935 3937 4004
f 3935 4004 4002
f 4006 4005 4003
f 4006 4003 4004
f 3937 3939 4006
f 3937 4006 4004
f 3944 4007 4005
f 3944 4005 4006
f 3939 3941 3944
f 3939 3944 4006
f 4009 4008 4005
f 4009 4005 4007
f 3947 4010 4009
f 3947 4009 4007
f 3944 3945 3947
f 3944 3947 4007
f 4012 4011 4009
f 4012 4009 4010
f 4014 4013 4012
f 4014 4012 4010
f 3947 3948 4014
f 3947 4014 4010
f 4016 4015 4013
f 4016 4013 4014
f 3948 3949 4016
f 3948 4016 4014
f 4018 4017 4015
f 4018 4015 4016
f 3949 3951 4018
f 3949 4018 4016
f 4020 4019 4017
f 4020 4017 4018
f 3951 3953 4020
f 3951 4020 4018
f 4023 4021 4019
f 4023 4019 4020
f 3953 3955 4023
f 3953 4023 4020
f 4026 4025 4022
f 4026 4022 4024
f 4028 4027 4025
f 4028 4025 4026
f 4033 4032 4030
f 4033 4030 4031
f 4035 4034 4032
f 4035 4032 4033
f 3957 3959 4035
f 3957 4035 4033
f 4037 4036 4034
f 4037 4034 4035
f 3959 3961 4037
f 3959 4037 4035
f 4039 4038 4036
f 4039 4036 4037
f 3961 4040 4039
f 3961 4039 4037
f 4042 4041 4039
f 4042 4039 4040
f 3964 4043 4042
f 3964 4042 4040
f 3961 3962 3964
f 3961 3964 4040
f 4045 4044 4042
f 4045 4042 4043
f 3966 4046 4045
f 3966 4045 4043
f 3964 3965 3966
f 3964 3966 4043
f 4052 4051 4050
f 4055 4054 4052
f 4055 4052 4053
f 3969 4056 4055
f 3969 4055 4053
f 4058 4057 4055
f 4058 4055 4056
f 3972 4059 4058
f 3972 4058 4056
f 3969 3970 3972
f 3969 3972 4056
f 4061 4060 4058
f 4061 4058 4059
f 3975 4062 4061
f 3975 4061 4059
f 3972 3973 3975
f 3972 3975 4059
f 4064 4060 4061
f 4064 4061 4063
f 4067 4066 4064
f 4067 4064 4065
f 4069 4068 4067
f 4071 4070 4068
f 2954 2955 4074
f 4074 4075 4073
f 4074 4077 4076
f 4074 4076 4075
f 4078 4072 4073
f 4078 4073 4075
f 4076 4079 4078
f 4076 4078 4075
f 4076 4081 4080
f 4076 4080 4079
f 4067 4068 4078
f 4067 4078 4079
f 4080 4066 4067
f 4080 4067 4079
f 4084 4083 4082
f 4084 4082 4081
f 4076 4077 4084
f 4076 4084 4081
f 4082 4085 4080
f 4082 4080 4081
f 4082 4087 4086
f 4082 4086 4085
f 4088 4066 4080
f 4088 4080 4085
f 4086 4057 4088
f 4086 4088 4085
f 4060 4064 4066
f 4060 4066 4088
f 4057 4058 4060
f 4057 4060 4088
f 4091 4090 4089
f 4091 4089 4087
f 4082 4083 4091
f 4082 4091 4087
f 4089 4054 4086
f 4089 4086 4087
f 4093 4092 4090
f 4093 4090 4091
f 4083 4094 4093
f 4083 4093 4091
f 4096 4095 4093
f 4096 4093 4094
f 4098 4097 4096
f 4098 4096 4094
f 4083 4084 4098
f 4083 4098 4094
f 2961 2959 4097
f 2961 4097 4098
f 4084 4077 2961
f 4084 2961 4098
f 4100 4099 4096
f 4100 4096 4097
f 2959 2960 4100
f 2959 4100 4097
f 4103 4101 4099
f 4103 4099 4100
f 2960 4105 4103
f 2960 4103 4100
f 4108 4107 4104
f 4108 4104 4106
f 4111 4109 4108
f 4111 4108 4106
f 2960 2956 4110
f 2960 4110 4105
f 4115 4113 4109
f 4115 4109 4111
f 2956 2957 4114
f 2956 4114 4110
f 2871 2872 4112
f 2871 4112 4114
f 2957 2871 4114
f 4119 4118 4116
f 4119 4116 4117
f 2948 4120 4119
f 2948 4119 4117
f 4122 4121 4119
f 4122 4119 4120
f 4124 4123 4122
f 4124 4122 4120
f 2948 2949 4124
f 2948 4124 4120
f 4126 4125 4123
f 4126 4123 4124
f 2949 4127 4126
f 2949 4126 4124
f 4129 4128 4126
f 4129 4126 4127
f 2940 4130 4128
f 2940 4128 4129
f 2952 2939 2940
f 2952 2940 4129
f 4132 4131 4128
f 4132 4128 4130
f 2932 4133 4132
f 2932 4132 4130
f 2940 2806 2932
f 2940 2932 4130
f 4135 4134 4132
f 4135 4132 4133
f 4137 4136 4135
f 4137 4135 4133
f 2932 2933 4137
f 2932 4137 4133
f 4139 4138 4136
f 4139 4136 4137
f 2933 4140 4139
f 2933 4139 4137
f 2933 2804 4141
f 2933 4141 4140
f 4144 4143 4139
f 4144 4139 4140
f 4141 4145 4144
f 4141 4144 4140
f 4142 4147 4146
f 4156 4154 4151
f 4156 4151 4152
f 4159 4158 4156
f 4159 4156 4152
f 4147 4160 4159
f 4147 4159 4152
f 4167 4165 4164
f 4167 4164 4162
f 2934 2935 4167
f 2934 4167 4162
f 2935 2936 4169
f 2935 4169 4167
f 4172 4171 4168
f 4172 4168 4170
f 2937 2951 4172
f 2937 4172 4170
f 2951 2950 4173
f 2951 4173 4172
f 4178 4177 4175
f 4178 4175 4176
f 4179 4177 4178
f 3016 3017 4179
f 3016 4179 4178
f 3017 3015 4181
f 3017 4181 4180
f 2944 2945 2947
f 2944 2947 4183
f 4182 3014 2944
f 4182 2944 4183
f 4181 3015 3014
f 4181 3014 4182
f 4184 4175 4177
f 3076 4174 4175
f 3076 4175 4184
f 4187 4186 4185
f 3979 3980 4187
f 1233 1232 4186
f 1233 4186 4187
f 3980 1234 1233
f 3980 1233 4187
f 3980 3981 1066
f 3980 1066 1234
f 4189 4188 1235
f 4189 1235 1237
f 47 2863 4189
f 47 4189 1237
f 4191 4190 4188
f 4191 4188 4189
f 2863 2864 4191
f 2863 4191 4189
f 4193 4192 4190
f 4193 4190 4191
f 2864 4194 4193
f 2864 4193 4191
f 4197 4195 4193
f 4197 4193 4194
f 4201 4199 4197
f 4201 4197 4194
f 2864 2866 4201
f 2864 4201 4194
f 4203 4202 4198
f 4203 4198 4200
f 2865 2867 4203
f 2865 4203 4200
f 4205 4204 4202
f 4205 4202 4203
f 2867 4206 4205
f 2867 4205 4203
f 4208 4207 4205
f 4208 4205 4206
f 3987 3989 4208
f 3987 4208 4206
f 2867 2869 3987
f 2867 3987 4206
f 4210 4209 4207
f 4210 4207 4208
f 3989 3991 4210
f 3989 4210 4208
f 4212 4211 4209
f 4212 4209 4210
f 3991 3993 4212
f 3991 4212 4210
f 4214 4213 4211
f 4214 4211 4212
f 3993 3995 4214
f 3993 4214 4212
f 4217 4215 4213
f 4217 4213 4214
f 3995 3998 4217
f 3995 4217 4214
f 4220 4218 4215
f 4220 4215 4217
f 3997 4001 4219
f 3997 4219 4216
f 4012 4013 4221
f 4013 4015 4223
f 4013 4223 4221
f 4225 4222 4223
f 4015 4017 4225
f 4015 4225 4223
f 4228 4226 4224
f 4228 4224 4225
f 4017 4019 4228
f 4017 4228 4225
f 4232 4230 4227
f 4232 4227 4229
f 4019 4021 4231
f 4019 4231 4228
f 4234 4233 4230
f 4234 4230 4232
f 4022 4025 4234
f 4022 4234 4232
f 4236 4235 4233
f 4236 4233 4234
f 4025 4027 4236
f 4025 4236 4234
f 4238 4237 4235
f 4238 4235 4236
f 4027 4239 4238
f 4027 4238 4236
f 4241 4240 4238
f 4241 4238 4239
f 4029 4242 4241
f 4029 4241 4239
f 4027 4028 4029
f 4027 4029 4239
f 4244 4243 4241
f 4244 4241 4242
f 4246 1305 1303
f 4246 1303 4245
f 4030 4032 4246
f 4030 4246 4245
f 4247 1307 1305
f 4247 1305 4246
f 4032 4034 4247
f 4032 4247 4246
f 4248 1309 1307
f 4248 1307 4247
f 4034 4036 4248
f 4034 4248 4247
f 4249 1311 1309
f 4249 1309 4248
f 4036 4038 4249
f 4036 4249 4248
f 4250 1313 1311
f 4250 1311 4249
f 4038 4251 4250
f 4038 4250 4249
f 4253 4252 4250
f 4253 4250 4251
f 4041 4254 4253
f 4041 4253 4251
f 4038 4039 4041
f 4038 4041 4251
f 4256 4255 4253
f 4256 4253 4254
f 4044 4257 4256
f 4044 4256 4254
f 4041 4042 4044
f 4041 4044 4254
f 4259 4258 4256
f 4259 4256 4257
f 4047 2968 4259
f 4047 4259 4257
f 4044 4045 4047
f 4044 4047 4257
f 4261 4260 4258
f 4261 4258 4259
f 2968 2969 4261
f 2968 4261 4259
f 4263 4262 4260
f 4263 4260 4261
f 2969 4264 4263
f 2969 4263 4261
f 4266 4265 4263
f 4266 4263 4264
f 4270 4268 4266
f 4270 4266 4264
f 2969 2813 4270
f 2969 4270 4264
f 4272 4271 4267
f 4272 4267 4269
f 2812 2962 4272
f 2812 4272 4269
f 4274 4273 4271
f 4274 4271 4272
f 2962 2964 4274
f 2962 4274 4272
f 4275 4092 4273
f 4275 4273 4274
f 2964 4276 4275
f 2964 4275 4274
f 4049 4277 4275
f 4090 4092 4275
f 4090 4275 4277
f 4051 4089 4090
f 4051 4090 4277
f 4049 4051 4277
f 4095 4278 4271
f 4095 4271 4273
f 4092 4093 4095
f 4092 4095 4273
f 4279 4267 4271
f 4279 4271 4278
f 4099 4101 4279
f 4099 4279 4278
f 4095 4096 4099
f 4095 4099 4278
f 4281 4266 4268
f 4281 4268 4280
f 4102 4282 4281
f 4102 4281 4280
f 4284 4283 4281
f 4284 4281 4282
f 4107 4285 4284
f 4107 4284 4282
f 4102 4104 4107
f 4102 4107 4282
f 4287 4286 4284
f 4287 4284 4285
f 4289 4288 4287
f 4289 4287 4285
f 4107 4108 4289
f 4107 4289 4285
f 4291 4290 4288
f 4291 4288 4289
f 4108 4109 4291
f 4108 4291 4289
f 4293 4292 4290
f 4293 4290 4291
f 4109 4113 4293
f 4109 4293 4291
f 2874 4294 4292
f 2874 4292 4293
f 4113 2873 2874
f 4113 2874 4293
f 4296 4295 4292
f 4296 4292 4294
f 4298 4297 4296
f 4298 4296 4294
f 2874 2875 4298
f 2874 4298 4294
f 4116 4118 4299
f 4116 4299 4300
f 4118 4302 4301
f 4118 4301 4299
f 4304 4303 4301
f 4304 4301 4302
f 4121 4305 4304
f 4121 4304 4302
f 4118 4119 4121
f 4118 4121 4302
f 1361 1360 4304
f 1361 4304 4305
f 4306 1362 1361
f 4306 1361 4305
f 4121 4122 4306
f 4121 4306 4305
f 4307 1364 1362
f 4307 1362 4306
f 4122 4123 4307
f 4122 4307 4306
f 4308 1366 1364
f 4308 1364 4307
f 4123 4125 4308
f 4123 4308 4307
f 4309 1368 1366
f 4309 1366 4308
f 4125 4131 4309
f 4125 4309 4308
f 4134 1370 1368
f 4134 1368 4309
f 4131 4132 4134
f 4131 4134 4309
f 4134 4135 1371
f 4134 1371 1370
f 4135 4136 1372
f 4135 1372 1371
f 1372 4136 4138
f 1372 4138 1373
f 4138 4310 1374
f 4138 1374 1373
f 4138 4139 4143
f 4138 4143 4310
f 4311 1376 1374
f 4311 1374 4310
f 4143 4312 4311
f 4143 4311 4310
f 4143 4144 4149
f 4143 4149 4312
f 4314 4313 4311
f 4314 4311 4312
f 4149 4315 4314
f 4149 4314 4312
f 4149 4150 4153
f 4149 4153 4315
f 4153 4318 4317
f 4153 4317 4315
f 4153 4155 4320
f 4153 4320 4318
f 4323 4322 4317
f 4323 4317 4318
f 4321 4326 4324
f 4321 4324 4319
f 4329 4327 4323
f 4329 4323 4325
f 4332 4331 4330
f 4332 4330 4326
f 4321 4334 4332
f 4321 4332 4326
f 4336 4335 4332
f 4336 4332 4334
f 4158 4337 4336
f 4158 4336 4334
f 4320 4155 4157
f 4320 4157 4333
f 4339 4338 4336
f 4339 4336 4337
f 4161 4339 4337
f 4158 4159 4161
f 4158 4161 4337
f 3018 3019 4339
f 4163 4164 4342
f 4163 4342 4340
f 4345 4343 4341
f 4345 4341 4342
f 4164 4165 4345
f 4164 4345 4342
f 4348 4347 4344
f 4348 4344 4346
f 4166 4168 4348
f 4166 4348 4346
f 4168 4171 4349
f 4168 4349 4348
f 4185 4186 4350
f 4186 1232 1418
f 4186 1418 4350
f 1419 4352 4351
f 1419 4351 1421
f 4351 4353 1424
f 4351 1424 1421
f 4351 4355 4354
f 4351 4354 4353
f 4358 4363 4362
f 4358 4362 4361
f 4362 4367 4365
f 4362 4365 4361
f 4370 4369 4366
f 4370 4366 4368
f 4374 4372 4370
f 4374 4370 4368
f 4362 4375 4373
f 4362 4373 4367
f 4377 4376 4373
f 4377 4373 4375
f 4379 4378 4377
f 4379 4377 4375
f 4362 4363 4379
f 4362 4379 4375
f 4381 4380 4378
f 4381 4378 4379
f 4363 4382 4381
f 4363 4381 4379
f 4363 4358 4360
f 4363 4360 4382
f 4330 4331 4381
f 4330 4381 4382
f 4360 4328 4330
f 4360 4330 4382
f 4331 4383 4380
f 4331 4380 4381
f 4385 4384 4380
f 4385 4380 4383
f 4335 4386 4385
f 4335 4385 4383
f 4331 4332 4335
f 4331 4335 4383
f 4388 4387 4385
f 4388 4385 4386
f 4338 4389 4388
f 4338 4388 4386
f 4335 4336 4338
f 4335 4338 4386
f 3075 4390 4388
f 3075 4388 4389
f 3019 3020 3075
f 3019 3075 4389
f 4338 4339 3019
f 4338 3019 4389
f 4391 4387 4388
f 4391 4388 4390
f 3072 4392 4391
f 3072 4391 4390
f 3075 2842 3072
f 3075 3072 4390
f 4394 4393 4391
f 4394 4391 4392
f 4396 4395 4394
f 4396 4394 4392
f 3072 3073 4396
f 3072 4396 4392
f 4398 4397 4395
f 4398 4395 4396
f 3073 4399 4398
f 3073 4398 4396
f 4401 4400 4398
f 4401 4398 4399
f 4403 4402 4401
f 4403 4401 4399
f 3073 3074 4403
f 3073 4403 4399
f 3074 3021 4403
f 4341 4343 4406
f 4341 4406 4405
f 4364 4409 4408
f 4364 4408 4407
f 4364 4366 4369
f 4364 4369 4409
f 4413 4412 4411
f 4413 4411 4410
f 4415 4414 4412
f 4415 4412 4413
f 4417 4416 4414
f 4417 4414 4415
f 4371 4418 4417
f 4371 4417 4415
f 4420 4419 4417
f 4420 4417 4418
f 4376 4421 4420
f 4376 4420 4418
f 4371 4373 4376
f 4371 4376 4418
f 4423 4422 4420
f 4423 4420 4421
f 4425 4424 4423
f 4425 4423 4421
f 4376 4377 4425
f 4376 4425 4421
f 4427 4426 4424
f 4427 4424 4425
f 4377 4378 4427
f 4377 4427 4425
f 4384 4428 4426
f 4384 4426 4427
f 4378 4380 4384
f 4378 4384 4427
f 4393 4429 4426
f 4393 4426 4428
f 4387 4391 4393
f 4387 4393 4428
f 4384 4385 4387
f 4384 4387 4428
f 4430 4424 4426
f 4430 4426 4429
f 4432 4431 4430
f 4432 4430 4429
f 4393 4394 4432
f 4393 4432 4429
f 4434 4433 4431
f 4434 4431 4432
f 4394 4395 4434
f 4394 4434 4432
f 4436 4435 4433
f 4436 4433 4434
f 4395 4397 4436
f 4395 4436 4434
f 4438 4437 4435
f 4438 4435 4436
f 4397 4439 4438
f 4397 4438 4436
f 4441 4440 4438
f 4441 4438 4439
f 4400 4442 4441
f 4400 4441 4439
f 4397 4398 4400
f 4397 4400 4439
f 4444 4443 4441
f 4444 4441 4442
f 4446 4445 4444
f 4446 4444 4442
f 4400 4401 4446
f 4400 4446 4442
f 4404 4445 4446
f 4401 4402 4404
f 4401 4404 4446
f 4448 4447 4445
f 4449 4452 4451
f 4449 4451 4450
f 4451 4456 4454
f 4451 4454 4450
f 4451 4460 4458
f 4451 4458 4456
f 4462 4461 4455
f 4462 4455 4457
f 4459 4464 4462
f 4459 4462 4457
f 4458 3013 3012
f 4458 3012 4463
f 2923 4465 4462
f 2923 4462 4464
f 3012 2919 2922
f 3012 2922 4463
f 4466 4461 4462
f 4466 4462 4465
f 4471 4469 4467
f 4471 4467 4468
f 2920 2921 4471
f 2920 4471 4468
f 4474 4472 4469
f 4474 4469 4471
f 2921 4475 4474
f 2921 4474 4471
f 2921 2917 4476
f 2921 4476 4475
f 4478 4477 4474
f 4478 4474 4475
f 4476 4479 4478
f 4476 4478 4475
f 4476 4481 4480
f 4476 4480 4479
f 4483 4482 4478
f 4483 4478 4479
f 4480 4484 4483
f 4480 4483 4479
f 4480 4486 4485
f 4480 4485 4484
f 4488 4487 4483
f 4488 4483 4484
f 4485 4489 4488
f 4485 4488 4484
f 4485 4491 4490
f 4485 4490 4489
f 4494 4492 4488
f 4494 4488 4489
f 4490 4496 4494
f 4490 4494 4489
f 4490 4498 4496
f 4502 4501 4495
f 4502 4495 4497
f 4499 4503 4502
f 4499 4502 4497
f 4505 4504 4502
f 4505 4502 4503
f 3070 3060 4505
f 3070 4505 4503
f 4499 3071 3070
f 4499 3070 4503
f 3057 4506 4504
f 3057 4504 4505
f 3060 3055 3057
f 3060 3057 4505
f 4509 4508 4504
f 4509 4504 4506
f 4512 4511 4510
f 4512 4510 4507
f 3058 3059 4512
f 3058 4512 4507
f 4515 4517 4514
f 4520 4525 4524
f 4520 4524 4523
f 4527 4526 4522
f 4527 4522 4523
f 4524 4528 4527
f 4524 4527 4523
f 4524 4529 3009
f 4524 3009 4528
f 4531 4530 4527
f 4531 4527 4528
f 3009 3010 4531
f 3009 4531 4528
f 4533 4532 4530
f 4533 4530 4531
f 3010 4534 4533
f 3010 4533 4531
f 3010 3011 4535
f 3010 4535 4534
f 4537 4536 4533
f 4537 4533 4534
f 4535 4538 4537
f 4535 4537 4534
f 4535 4540 4539
f 4535 4539 4538
f 4542 4541 4537
f 4542 4537 4538
f 4539 4416 4542
f 4539 4542 4538
f 4419 4543 4541
f 4419 4541 4542
f 4416 4417 4419
f 4416 4419 4542
f 4545 4544 4541
f 4545 4541 4543
f 4422 4546 4545
f 4422 4545 4543
f 4419 4420 4422
f 4419 4422 4543
f 4548 4547 4545
f 4548 4545 4546
f 4550 4549 4548
f 4550 4548 4546
f 4422 4423 4550
f 4422 4550 4546
f 4430 4431 4549
f 4430 4549 4550
f 4423 4424 4430
f 4423 4430 4550
f 4552 4551 4548
f 4552 4548 4549
f 4431 4433 4552
f 4431 4552 4549
f 4554 4553 4551
f 4554 4551 4552
f 4433 4435 4554
f 4433 4554 4552
f 4556 4555 4553
f 4556 4553 4554
f 4435 4437 4556
f 4435 4556 4554
f 4558 4557 4555
f 4558 4555 4556
f 4437 4559 4558
f 4437 4558 4556
f 4561 4560 4558
f 4561 4558 4559
f 4440 4562 4561
f 4440 4561 4559
f 4437 4438 4440
f 4437 4440 4559
f 4564 4563 4561
f 4564 4561 4562
f 4443 4565 4564
f 4443 4564 4562
f 4440 4441 4443
f 4440 4443 4562
f 4567 4566 4564
f 4567 4564 4565
f 4569 4568 4567
f 4569 4567 4565
f 4443 4444 4569
f 4443 4569 4565
f 4447 4570 4568
f 4447 4568 4569
f 4444 4445 4447
f 4444 4447 4569
f 4572 4571 4568
f 4447 4573 4570
f 4453 4455 4461
f 4453 4461 4576
f 4578 4577 4575
f 4578 4575 4576
f 4461 4466 4578
f 4461 4578 4576
f 4582 4581 4579
f 4582 4579 4580
f 4470 4473 4582
f 4470 4582 4580
f 4584 4583 4581
f 4584 4581 4582
f 4473 4586 4584
f 4473 4584 4582
f 4472 4474 4477
f 4472 4477 4585
f 4477 4587 2915
f 4477 2915 4585
f 4477 4478 4482
f 4477 4482 4587
f 2914 2910 2916
f 2914 2916 4588
f 4482 4589 2913
f 4482 2913 4587
f 4482 4483 4487
f 4482 4487 4589
f 4590 2911 2913
f 4590 2913 4589
f 4487 4591 4590
f 4487 4590 4589
f 4487 4488 4492
f 4487 4492 4591
f 2896 2898 4590
f 2896 4590 4591
f 4493 4593 2897
f 4493 2897 4592
f 4594 2895 2897
f 4594 2897 4593
f 4501 4508 4594
f 4501 4594 4593
f 4493 4495 4501
f 4493 4501 4593
f 4595 2907 2895
f 4595 2895 4594
f 4508 4509 4595
f 4508 4595 4594
f 4599 4597 2907
f 4599 2907 4595
f 4510 4511 4600
f 4510 4600 4596
f 4602 4601 4598
f 4602 4598 4600
f 4511 4513 4602
f 4511 4602 4600
f 4606 4605 4603
f 4606 4603 4604
f 4516 4607 4606
f 4516 4606 4604
f 4608 2890 4606
f 4608 4606 4607
f 4518 4519 4608
f 4518 4608 4607
f 4516 4517 4518
f 4516 4518 4607
f 4609 2889 2890
f 4609 2890 4608
f 4519 4609 4608
f 2991 2985 4609
f 4614 3038 3039
f 4614 3039 4613
f 4615 3037 3038
f 4615 3038 4614
f 4617 4619 4615
f 4617 4615 4616
f 4618 4622 4621
f 4618 4621 4620
f 3052 3037 4615
f 3052 4615 4619
f 4621 3041 3051
f 4621 3051 4620
f 4624 4623 4621
f 4624 4621 4622
f 4618 3068 3069
f 4618 3069 4622
f 3066 3062 4625
f 3062 3063 4627
f 3062 4627 4625
f 4628 4626 4627
f 3063 4629 4628
f 3063 4628 4627
f 4631 4630 4628
f 4631 4628 4629
f 4633 4632 4631
f 4633 4631 4629
f 3063 3064 4633
f 3063 4633 4629
f 3064 4635 4634
f 3064 4634 4633
f 4634 4636 4632
f 4634 4632 4633
f 4638 4637 4632
f 4638 4632 4636
f 4640 4639 4638
f 4640 4638 4636
f 4634 4641 4640
f 4634 4640 4636
f 4643 4642 4640
f 4643 4640 4641
f 4645 4644 4643
f 4645 4643 4641
f 4634 4635 4645
f 4634 4645 4641
f 4647 4646 4644
f 4647 4644 4645
f 4635 4648 4647
f 4635 4647 4645
f 4650 4649 4647
f 4650 4647 4648
f 3065 4651 4650
f 3065 4650 4648
f 4635 3064 3065
f 4635 3065 4648
f 4653 4652 4650
f 4653 4650 4651
f 4655 4654 4652
f 4657 4656 4654
f 4661 4660 4659
f 4521 4662 4661
f 4521 4526 4662
f 4664 4663 4661
f 4664 4661 4662
f 4526 4665 4664
f 4526 4664 4662
f 4526 4527 4530
f 4526 4530 4665
f 4667 4666 4664
f 4667 4664 4665
f 4530 4532 4667
f 4530 4667 4665
f 4669 4668 4666
f 4669 4666 4667
f 4532 4670 4669
f 4532 4669 4667
f 4532 4533 4536
f 4532 4536 4670
f 4672 4671 4669
f 4672 4669 4670
f 4536 4544 4672
f 4536 4672 4670
f 4547 4673 4671
f 4547 4671 4672
f 4544 4545 4547
f 4544 4547 4672
f 4675 4674 4671
f 4675 4671 4673
f 4551 4553 4675
f 4551 4675 4673
f 4547 4548 4551
f 4547 4551 4673
f 4677 4676 4674
f 4677 4674 4675
f 4553 4555 4677
f 4553 4677 4675
f 4679 4678 4676
f 4679 4676 4677
f 4555 4557 4679
f 4555 4679 4677
f 4681 4680 4678
f 4681 4678 4679
f 4557 4682 4681
f 4557 4681 4679
f 4684 4683 4681
f 4684 4681 4682
f 4560 4685 4684
f 4560 4684 4682
f 4557 4558 4560
f 4557 4560 4682
f 4687 4686 4684
f 4687 4684 4685
f 4563 4688 4687
f 4563 4687 4685
f 4560 4561 4563
f 4560 4563 4685
f 4690 4689 4687
f 4690 4687 4688
f 4566 4691 4690
f 4566 4690 4688
f 4563 4564 4566
f 4563 4566 4688
f 4693 4692 4690
f 4693 4690 4691
f 4695 4694 4693
f 4695 4693 4691
f 4566 4567 4695
f 4566 4695 4691
f 4571 4696 4694
f 4571 4694 4695
f 4567 4568 4571
f 4567 4571 4695
f 4698 4697 4694
f 4698 4694 4696
f 4571 4699 4696
f 4574 4701 1734
f 4574 1734 1733
f 4574 4575 4577
f 4574 4577 4701
f 4702 1736 1734
f 4702 1734 4701
f 4703 1738 1736
f 4703 1736 4702
f 4583 2883 4704
f 2883 2795 4705
f 2888 2796 4710
f 2888 4710 4708
f 4715 4712 4707
f 4715 4707 4709
f 4710 4716 4713
f 4710 4713 4708
f 4710 2988 2989
f 4710 2989 4716
f 4719 4717 4713
f 4719 4713 4716
f 2989 4720 4719
f 2989 4719 4716
f 4724 4723 4722
f 3006 4630 4724
f 4726 4725 4723
f 4726 4723 4724
f 4630 4631 4726
f 4630 4726 4724
f 4637 4727 4725
f 4637 4725 4726
f 4631 4632 4637
f 4631 4637 4726
f 4729 4728 4725
f 4729 4725 4727
f 4731 4730 4729
f 4731 4729 4727
f 4637 4638 4731
f 4637 4731 4727
f 4733 4732 4730
f 4733 4730 4731
f 4638 4639 4733
f 4638 4733 4731
f 4735 4734 4732
f 4735 4732 4733
f 4639 4736 4735
f 4639 4735 4733
f 4738 4737 4735
f 4738 4735 4736
f 4642 4739 4738
f 4642 4738 4736
f 4639 4640 4642
f 4639 4642 4736
f 4741 4740 4738
f 4741 4738 4739
f 4743 4742 4741
f 4743 4741 4739
f 4642 4643 4743
f 4642 4743 4739
f 4745 4744 4742
f 4745 4742 4743
f 4643 4644 4745
f 4643 4745 4743
f 4747 4746 4744
f 4747 4744 4745
f 4644 4646 4747
f 4644 4747 4745
f 4749 4748 4746
f 4749 4746 4747
f 4646 4750 4749
f 4646 4749 4747
f 4646 4647 4649
f 4646 4649 4750
f 4752 4751 4749
f 4752 4749 4750
f 4649 4753 4752
f 4649 4752 4750
f 4649 4650 4652
f 4649 4652 4753
f 4755 4754 4752
f 4755 4752 4753
f 4652 4654 4755
f 4652 4755 4753
f 4757 4756 4754
f 4757 4754 4755
f 4654 4656 4757
f 4654 4757 4755
f 4759 4758 4756
f 4759 4756 4757
f 4656 4760 4759
f 4656 4759 4757
f 4656 4657 4658
f 4656 4658 4760
f 4762 4761 4759
f 4762 4759 4760
f 4658 4763 4762
f 4658 4762 4760
f 4658 4659 4660
f 4658 4660 4763
f 4765 4764 4762
f 4765 4762 4763
f 4660 4766 4765
f 4660 4765 4763
f 4660 4661 4663
f 4660 4663 4766
f 4768 4767 4765
f 4768 4765 4766
f 4663 4769 4768
f 4663 4768 4766
f 4663 4664 4666
f 4663 4666 4769
f 4771 4770 4768
f 4771 4768 4769
f 4666 4668 4771
f 4666 4771 4769
f 4676 4678 4770
f 4676 4770 4771
f 4668 4674 4676
f 4668 4676 4771
f 4772 4767 4768
f 4772 4768 4770
f 4678 4680 4772
f 4678 4772 4770
f 4774 4773 4767
f 4774 4767 4772
f 4680 4775 4774
f 4680 4774 4772
f 4777 4776 4774
f 4777 4774 4775
f 4683 4778 4777
f 4683 4777 4775
f 4680 4681 4683
f 4680 4683 4775
f 4780 4779 4777
f 4780 4777 4778
f 4686 4781 4780
f 4686 4780 4778
f 4683 4684 4686
f 4683 4686 4778
f 4783 4782 4780
f 4783 4780 4781
f 4689 4784 4783
f 4689 4783 4781
f 4686 4687 4689
f 4686 4689 4781
f 4786 4785 4783
f 4786 4783 4784
f 4692 4787 4786
f 4692 4786 4784
f 4689 4690 4692
f 4689 4692 4784
f 4789 4788 4786
f 4789 4786 4787
f 4791 4790 4789
f 4791 4789 4787
f 4692 4693 4791
f 4692 4791 4787
f 4697 4792 4790
f 4697 4790 4791
f 4693 4694 4697
f 4693 4697 4791
f 4794 4793 4790
f 4794 4790 4792
f 4700 4794 4792
f 4697 4700 4792
f 4796 4795 4793
f 4796 4793 4794
f 4798 4797 4795
f 4798 4795 4796
f 4800 4799 4797
f 4800 4797 4798
f 4803 1825 1823
f 4803 1823 4801
f 4706 4804 4803
f 4706 4803 4801
f 4706 4707 4712
f 4706 4712 4804
f 4806 4805 4802
f 4711 4807 4806
f 4711 4714 4718
f 4711 4718 4807
f 4809 4808 4806
f 4809 4806 4807
f 4718 4811 4809
f 4718 4809 4807
f 4717 4719 4721
f 4717 4721 4810
f 4813 4812 4809
f 4813 4809 4811
f 4815 4814 4812
f 4815 4812 4813
f 4817 4816 4814
f 4817 4814 4815
f 4819 4816 4817
f 4819 4817 4818
f 4821 4820 4819
f 4821 4819 4818
f 2979 4822 4820
f 2979 4820 4821
f 4824 4823 4820
f 4824 4820 4822
f 4826 4825 4824
f 4826 4824 4822
f 2979 2974 4826
f 2979 4826 4822
f 4828 4827 4825
f 4828 4825 4826
f 2974 2976 4828
f 2974 4828 4826
f 4830 4829 4827
f 4830 4827 4828
f 2976 4832 4830
f 2976 4830 4828
f 2975 2977 4833
f 2975 4833 4831
f 4836 4834 4830
f 4836 4830 4832
f 4833 4837 4835
f 4833 4835 4831
f 4833 4839 4838
f 4833 4838 4837
f 4842 4840 4835
f 4842 4835 4837
f 4838 4843 4842
f 4838 4842 4837
f 4838 4845 4844
f 4838 4844 4843
f 4847 4846 4842
f 4847 4842 4843
f 4844 4848 4847
f 4844 4847 4843
f 4844 4850 4849
f 4844 4849 4848
f 4852 4851 4847
f 4852 4847 4848
f 4849 4853 4852
f 4849 4852 4848
f 4849 4856 4854
f 4849 4854 4853
f 4858 4857 4852
f 4858 4852 4853
f 4854 4859 4858
f 4854 4858 4853
f 4855 4863 4861
f 4855 4861 4860
f 4865 4864 4858
f 4865 4858 4859
f 4861 4868 4866
f 4861 4866 4860
f 4870 4869 4865
f 4870 4865 4867
f 4861 4872 4871
f 4861 4871 4868
f 4861 4863 4873
f 4861 4873 4872
f 4875 4874 4871
f 4875 4871 4872
f 4873 4876 4875
f 4873 4875 4872
f 4879 4878 4877
f 4879 4877 4876
f 4873 4880 4879
f 4873 4879 4876
f 4877 4881 4875
f 4877 4875 4876
f 4882 4874 4875
f 4882 4875 4881
f 4884 4883 4882
f 4884 4882 4881
f 4877 4885 4884
f 4877 4884 4881
f 4888 4887 4886
f 4888 4886 4885
f 4877 4878 4888
f 4877 4888 4885
f 4886 4889 4884
f 4886 4884 4885
f 4890 4883 4884
f 4890 4884 4889
f 4892 4891 4890
f 4892 4890 4889
f 4886 4893 4892
f 4886 4892 4889
f 4894 1884 1883
f 4894 1883 4893
f 4886 4887 4894
f 4886 4894 4893
f 1883 1886 4892
f 1883 4892 4893
f 1887 4891 4892
f 1887 4892 1886
f 4895 4898 3136
f 4895 3136 4897
f 3136 3137 4899
f 3136 4899 4897
f 3137 3138 4900
f 3137 4900 4899
f 3138 4902 4901
f 3138 4901 4900
f 3138 3139 4903
f 3138 4903 4902
f 4905 4904 4901
f 4905 4901 4902
f 4903 4906 4905
f 4903 4905 4902
f 4903 3123 3124
f 4903 3124 4906
f 4908 4907 4905
f 4908 4905 4906
f 3124 4909 4908
f 3124 4908 4906
f 3124 3121 4910
f 3124 4910 4909
f 4912 4911 4908
f 4912 4908 4909
f 4910 4785 4912
f 4910 4912 4909
f 4788 4913 4911
f 4788 4911 4912
f 4785 4786 4788
f 4785 4788 4912
f 4915 4914 4911
f 4915 4911 4913
f 4917 4916 4915
f 4917 4915 4913
f 4788 4789 4917
f 4788 4917 4913
f 4793 4795 4916
f 4793 4916 4917
f 4789 4790 4793
f 4789 4793 4917
f 4921 4919 4915
f 4921 4915 4916
f 4795 4797 4921
f 4795 4921 4916
f 4922 4918 4920
f 4797 4799 4923
f 4797 4923 4921
f 4924 4926 1912
f 4924 4825 4827
f 4924 4827 4926
f 4927 1914 1912
f 4927 1912 4926
f 4827 4829 4927
f 4827 4927 4926
f 4928 1916 1914
f 4928 1914 4927
f 4829 4929 4928
f 4829 4928 4927
f 4829 4830 4834
f 4829 4834 4929
f 4931 4930 4928
f 4931 4928 4929
f 4834 4933 4931
f 4834 4931 4929
f 4834 4836 4841
f 4834 4841 4933
f 4936 4934 4931
f 4936 4931 4933
f 4840 4937 4935
f 4840 4935 4932
f 4840 4842 4846
f 4840 4846 4937
f 4940 4938 4935
f 4940 4935 4937
f 4846 4941 4940
f 4846 4940 4937
f 4846 4847 4851
f 4846 4851 4941
f 3088 3089 4940
f 3088 4940 4941
f 4851 3095 3088
f 4851 3088 4941
f 3089 4942 4938
f 3089 4938 4940
f 4945 4944 4939
f 4945 4939 4943
f 4947 4946 4945
f 4947 4945 4943
f 3090 3092 4947
f 3090 4947 4943
f 4949 4948 4946
f 4949 4946 4947
f 3092 4951 4949
f 3092 4949 4947
f 3091 2844 3083
f 3091 3083 4950
f 4953 4952 4949
f 4953 4949 4951
f 3084 4954 4953
f 3084 4953 4951
f 4955 3082 4953
f 4955 4953 4954
f 4957 4956 4955
f 4957 4955 4954
f 3084 3086 4957
f 3084 4957 4954
f 4959 4958 4956
f 4959 4956 4957
f 3086 4961 4959
f 3086 4959 4957
f 4964 4962 4959
f 4964 4959 4961
f 4966 4965 4963
f 4966 4963 4960
f 3085 3087 4966
f 3085 4966 4960
f 4968 4967 4965
f 4968 4965 4966
f 3087 3093 4968
f 3087 4968 4966
f 4970 4969 4967
f 4970 4967 4968
f 3093 4971 4970
f 3093 4970 4968
f 3093 3094 4972
f 3093 4972 4971
f 4974 4973 4970
f 4974 4970 4971
f 4972 4864 4974
f 4972 4974 4971
f 4869 4975 4973
f 4869 4973 4974
f 4864 4865 4869
f 4864 4869 4974
f 4977 4976 4973
f 4977 4973 4975
f 4979 4978 4977
f 4979 4977 4975
f 4869 4870 4979
f 4869 4979 4975
f 1969 4981 4980
f 1969 4980 1971
f 4980 4982 1974
f 4980 1974 1971
f 4980 4983 3078
f 4980 3078 4982
f 4984 2786 1974
f 4984 1974 4982
f 3078 3079 4984
f 3078 4984 4982
f 4985 2787 2786
f 4985 2786 4984
f 3079 3080 4985
f 3079 4985 4984
f 4986 2788 2787
f 4986 2787 4985
f 3080 4987 4986
f 3080 4986 4985
f 4989 4988 4986
f 4989 4986 4987
f 4991 4990 4989
f 4991 4989 4987
f 3080 3081 4991
f 3080 4991 4987
f 4955 4956 4990
f 4955 4990 4991
f 3081 3082 4955
f 3081 4955 4991
f 4993 4992 4989
f 4993 4989 4990
f 4956 4958 4993
f 4956 4993 4990
f 4995 4994 4992
f 4995 4992 4993
f 4958 4996 4995
f 4958 4995 4993
f 4998 4997 4995
f 4998 4995 4996
f 4962 4999 4998
f 4962 4998 4996
f 4958 4959 4962
f 4958 4962 4996
f 5001 5000 4998
f 5001 4998 4999
f 5005 5003 5001
f 5005 5001 4999
f 4962 4964 5005
f 4962 5005 4999
f 5007 5006 5002
f 5007 5002 5004
f 4963 4965 5007
f 4963 5007 5004
f 5009 5008 5006
f 5009 5006 5007
f 4965 4967 5009
f 4965 5009 5007
f 5011 5010 5008
f 5011 5008 5009
f 4967 4969 5011
f 4967 5011 5009
f 5013 5012 5010
f 5013 5010 5011
f 4969 4976 5013
f 4969 5013 5011
f 5015 5014 5012
f 5015 5012 5013
f 4976 4977 5015
f 4976 5015 5013
f 5017 5016 5014
f 5017 5014 5015
f 4977 4978 5017
f 4977 5017 5015
f 5020 5018 2009
f 5020 2009 2011
f 1884 4894 5020
f 1884 5020 2011
f 5023 5021 5018
f 5023 5018 5020
f 4894 4887 5023
f 4894 5023 5020
f 5026 5024 5021
f 5026 5021 5023
f 4887 4888 5026
f 4887 5026 5023
f 5029 5027 5024
f 5029 5024 5026
f 4888 4878 5029
f 4888 5029 5026
f 5032 5030 5027
f 5032 5027 5029
f 4878 4879 5032
f 4878 5032 5029
f 5035 5033 5030
f 5035 5030 5032
f 4879 4880 5035
f 4879 5035 5032
f 5040 5037 5033
f 5040 5033 5035
f 4880 5042 5040
f 4880 5040 5035
f 4856 5043 5039
f 4856 5039 5041
f 4862 4854 4856
f 4862 4856 5041
f 4880 4873 4863
f 4880 4863 5042
f 5044 5036 5039
f 5044 5039 5043
f 4850 5045 5044
f 4850 5044 5043
f 4856 4849 4850
f 4856 4850 5043
f 3099 3100 5044
f 3099 5044 5045
f 4845 3104 3099
f 4845 3099 5045
f 4850 4844 4845
f 4850 4845 5045
f 3100 5046 5036
f 3100 5036 5044
f 5051 5049 5048
f 5051 5048 5047
f 3100 3101 5050
f 3100 5050 5046
f 5048 5034 5038
f 5048 5038 5047
f 5054 5052 5049
f 5054 5049 5051
f 3101 3102 5053
f 3101 5053 5050
f 5057 5055 5052
f 5057 5052 5054
f 3102 5058 5056
f 3102 5056 5053
f 5060 5059 5056
f 5060 5056 5058
f 5062 5061 5060
f 5062 5060 5058
f 3102 3096 5062
f 3102 5062 5058
f 5064 5063 5061
f 5064 5061 5062
f 3096 3097 5064
f 3096 5064 5062
f 5066 5065 5063
f 5066 5063 5064
f 3097 5067 5066
f 3097 5066 5064
f 3097 3098 5068
f 3097 5068 5067
f 5070 5069 5066
f 5070 5066 5067
f 5068 5071 5070
f 5068 5070 5067
f 5068 5073 5072
f 5068 5072 5071
f 5075 5074 5070
f 5075 5070 5071
f 5072 3031 5075
f 5072 5075 5071
f 4728 4729 5074
f 4728 5074 5075
f 3031 3032 4728
f 3031 4728 5075
f 5076 5069 5070
f 5076 5070 5074
f 4729 4730 5076
f 4729 5076 5074
f 5078 5077 5069
f 5078 5069 5076
f 4730 4732 5078
f 4730 5078 5076
f 3115 3106 5077
f 3115 5077 5078
f 4732 4734 3115
f 4732 3115 5078
f 5065 5066 5069
f 5065 5069 5077
f 3106 3107 5065
f 3106 5065 5077
f 3105 2970 2971
f 3105 2971 5073
f 5068 3098 3105
f 5068 3105 5073
f 2971 5079 5072
f 2971 5072 5073
f 2971 2972 5080
f 2971 5080 5079
f 2830 3031 5072
f 2830 5072 5079
f 5080 3029 2830
f 5080 2830 5079
f 2972 3000 5080
f 3107 5081 5063
f 3107 5063 5065
f 5084 5083 5082
f 5084 5082 5081
f 3107 3108 5084
f 3107 5084 5081
f 5082 5061 5063
f 5082 5063 5081
f 5086 5085 5083
f 5086 5083 5084
f 3108 3109 5086
f 3108 5086 5084
f 5088 5087 5085
f 5088 5085 5086
f 3109 5089 5088
f 3109 5088 5086
f 5091 5090 5088
f 5091 5088 5089
f 5093 5092 5091
f 5093 5091 5089
f 3109 3110 5093
f 3109 5093 5089
f 5095 5094 5092
f 5095 5092 5093
f 3110 3111 5095
f 3110 5095 5093
f 5097 5096 5094
f 5097 5094 5095
f 3111 5098 5097
f 3111 5097 5095
f 5100 5099 5097
f 5100 5097 5098
f 5102 5101 5100
f 5102 5100 5098
f 3111 3112 5102
f 3111 5102 5098
f 5104 5103 5101
f 5104 5101 5102
f 3112 3113 5104
f 3112 5104 5102
f 5106 5105 5103
f 5106 5103 5104
f 3113 5107 5106
f 3113 5106 5104
f 3113 3114 5108
f 3113 5108 5107
f 5110 5109 5106
f 5110 5106 5107
f 5108 4737 5110
f 5108 5110 5107
f 4740 5111 5109
f 4740 5109 5110
f 4737 4738 4740
f 4737 4740 5110
f 5113 5112 5109
f 5113 5109 5111
f 5115 5114 5113
f 5115 5113 5111
f 4740 4741 5115
f 4740 5115 5111
f 5117 5116 5114
f 5117 5114 5115
f 4741 4742 5117
f 4741 5117 5115
f 5119 5118 5116
f 5119 5116 5117
f 4742 4744 5119
f 4742 5119 5117
f 5121 5120 5118
f 5121 5118 5119
f 4744 4746 5121
f 4744 5121 5119
f 5123 5122 5120
f 5123 5120 5121
f 4746 4748 5123
f 4746 5123 5121
f 5125 5124 5122
f 5125 5122 5123
f 4748 5126 5125
f 4748 5125 5123
f 4748 4749 4751
f 4748 4751 5126
f 5128 5127 5125
f 5128 5125 5126
f 4751 5129 5128
f 4751 5128 5126
f 4751 4752 4754
f 4751 4754 5129
f 5131 5130 5128
f 5131 5128 5129
f 4754 4756 5131
f 4754 5131 5129
f 5133 5132 5130
f 5133 5130 5131
f 4756 4758 5133
f 4756 5133 5131
f 5135 5134 5132
f 5135 5132 5133
f 4758 5136 5135
f 4758 5135 5133
f 4758 4759 4761
f 4758 4761 5136
f 5138 5137 5135
f 5138 5135 5136
f 4761 5139 5138
f 4761 5138 5136
f 4761 4762 4764
f 4761 4764 5139
f 5141 5140 5138
f 5141 5138 5139
f 4764 4773 5141
f 4764 5141 5139
f 4776 5142 5140
f 4776 5140 5141
f 4773 4774 4776
f 4773 4776 5141
f 3116 3117 5140
f 3116 5140 5142
f 4779 3122 3116
f 4779 3116 5142
f 4776 4777 4779
f 4776 4779 5142
f 3117 5137 5138
f 3117 5138 5140
f 5143 5134 5135
f 5143 5135 5137
f 3117 3118 5143
f 3117 5143 5137
f 5145 5144 5134
f 5145 5134 5143
f 3118 3119 5145
f 3118 5145 5143
f 5147 5146 5144
f 5147 5144 5145
f 3119 5148 5147
f 3119 5147 5145
f 5150 5149 5147
f 5150 5147 5148
f 5151 4898 5150
f 5151 5150 5148
f 3119 3120 5151
f 3119 5151 5148
f 3135 3136 4898
f 3135 4898 5151
f 3120 3140 3135
f 3120 3135 5151
f 4896 5152 5149
f 4896 5149 5150
f 4898 4895 4896
f 4898 4896 5150
f 5154 5153 5149
f 5154 5149 5152
f 4988 5156 2136
f 4988 2136 2135
f 2788 4986 4988
f 2788 4988 2135
f 5157 5161 5160
f 5157 5160 5159
f 5160 5163 5162
f 5160 5162 5159
f 5160 5120 5122
f 5160 5122 5163
f 5165 5164 5162
f 5165 5162 5163
f 5122 5124 5165
f 5122 5165 5163
f 5167 5166 5164
f 5167 5164 5165
f 5124 5168 5167
f 5124 5167 5165
f 5124 5125 5127
f 5124 5127 5168
f 5170 5169 5167
f 5170 5167 5168
f 5127 5171 5170
f 5127 5170 5168
f 5127 5128 5130
f 5127 5130 5171
f 5173 5172 5170
f 5173 5170 5171
f 5130 5132 5173
f 5130 5173 5171
f 5144 5146 5172
f 5144 5172 5173
f 5132 5134 5144
f 5132 5144 5173
f 5174 5169 5170
f 5174 5170 5172
f 5146 5153 5174
f 5146 5174 5172
f 5155 5175 5169
f 5155 5169 5174
f 5153 5154 5155
f 5153 5155 5174
f 5166 5167 5169
f 5166 5169 5175
f 5176 5116 5118
f 5176 5118 5161
f 5157 5158 5176
f 5157 5176 5161
f 5118 5120 5160
f 5118 5160 5161
f 5177 5114 5116
f 5177 5116 5176
f 5158 5178 5177
f 5158 5177 5176
f 5180 5179 5177
f 5180 5177 5178
f 2167 5184 5183
f 5186 5185 2170
f 5186 2170 2171
f 2138 5187 5186
f 2138 5186 2171
f 2138 2136 5156
f 2138 5156 5187
f 4994 5188 5186
f 4994 5186 5187
f 5156 4992 4994
f 5156 4994 5187
f 5189 5185 5186
f 5189 5186 5188
f 4997 5190 5189
f 4997 5189 5188
f 4994 4995 4997
f 4994 4997 5188
f 5192 5191 5189
f 5192 5189 5190
f 5000 5193 5192
f 5000 5192 5190
f 4997 4998 5000
f 4997 5000 5190
f 5195 5194 5192
f 5195 5192 5193
f 5197 5196 5195
f 5197 5195 5193
f 5000 5001 5197
f 5000 5197 5193
f 5201 5199 5196
f 5201 5196 5197
f 5001 5003 5201
f 5001 5201 5197
f 5203 5202 5198
f 5203 5198 5200
f 5002 5006 5203
f 5002 5203 5200
f 5205 5204 5202
f 5205 5202 5203
f 5006 5008 5205
f 5006 5205 5203
f 3134 3130 5204
f 3134 5204 5205
f 5008 5010 3134
f 5008 3134 5205
f 5207 5206 5202
f 5207 5202 5204
f 3130 3131 5207
f 3130 5207 5204
f 5209 5208 5206
f 5209 5206 5207
f 3131 5210 5209
f 3131 5209 5207
f 5212 5211 5209
f 5212 5209 5210
f 5214 5213 5212
f 5214 5212 5210
f 3131 3132 5214
f 3131 5214 5210
f 5216 5215 5213
f 5216 5213 5214
f 3132 3133 5216
f 3132 5216 5214
f 5218 5217 5215
f 5218 5215 5216
f 3133 5219 5218
f 3133 5218 5216
f 3133 3128 5220
f 3133 5220 5219
f 5090 5091 5218
f 5090 5218 5219
f 5220 5221 5090
f 5220 5090 5219
f 5087 5088 5090
f 5087 5090 5221
f 5224 5085 5087
f 5224 5087 5223
f 5231 5230 5227
f 5231 5227 5228
f 5229 5232 5231
f 5229 5231 5228
f 5229 5234 5233
f 5229 5233 5232
f 5236 5235 5231
f 5236 5231 5232
f 5233 5237 5236
f 5233 5236 5232
f 5233 5239 5238
f 5233 5238 5237
f 5241 5240 5236
f 5241 5236 5237
f 5238 5242 5241
f 5238 5241 5237
f 5238 2232 2231
f 5238 2231 5242
f 5244 5243 5241
f 5244 5241 5242
f 2231 2235 5244
f 2231 5244 5242
f 2010 5019 5244
f 2010 5244 2235
f 2232 5238 5239
f 2232 5239 2236
f 5239 5233 5234
f 5239 5234 5245
f 5249 5248 5246
f 5249 5246 5247
f 5222 3129 5249
f 5222 5249 5247
f 5019 5022 5243
f 5019 5243 5244
f 5250 5240 5241
f 5250 5241 5243
f 5022 5025 5250
f 5022 5250 5243
f 5252 5251 5240
f 5252 5240 5250
f 5025 5028 5252
f 5025 5252 5250
f 5254 5253 5251
f 5254 5251 5252
f 5028 5031 5254
f 5028 5254 5252
f 5048 5049 5253
f 5048 5253 5254
f 5031 5034 5048
f 5031 5048 5254
f 5255 5235 5251
f 5255 5251 5253
f 5049 5052 5255
f 5049 5255 5253
f 5230 5231 5235
f 5230 5235 5255
f 5052 5055 5230
f 5052 5230 5255
f 5235 5236 5240
f 5235 5240 5251
f 5059 5060 5256
f 5059 5256 5226
f 5082 5083 5225
f 5082 5225 5256
f 5060 5061 5082
f 5060 5082 5256
f 5083 5085 5224
f 5083 5224 5225
f 5220 3128 3129
f 5220 3129 5222
f 5091 5092 5217
f 5091 5217 5218
f 5258 5257 5215
f 5258 5215 5217
f 5092 5094 5258
f 5092 5258 5217
f 5260 5259 5257
f 5260 5257 5258
f 5094 5096 5260
f 5094 5260 5258
f 5262 5261 5259
f 5262 5259 5260
f 5096 5263 5262
f 5096 5262 5260
f 5265 5264 5262
f 5265 5262 5263
f 5099 5266 5265
f 5099 5265 5263
f 5096 5097 5099
f 5096 5099 5263
f 5270 5268 5265
f 5270 5265 5266
f 5273 5272 5270
f 5273 5270 5266
f 5099 5100 5273
f 5099 5273 5266
f 5275 5274 5272
f 5275 5272 5273
f 5100 5101 5275
f 5100 5275 5273
f 5277 5276 5274
f 5277 5274 5275
f 5101 5103 5277
f 5101 5277 5275
f 5279 5278 5276
f 5279 5276 5277
f 5103 5105 5279
f 5103 5279 5277
f 5280 5181 5278
f 5280 5278 5279
f 5105 5112 5280
f 5105 5280 5279
f 5179 5180 5181
f 5179 5181 5280
f 5112 5113 5179
f 5112 5179 5280
f 5283 5282 5281
f 5182 5284 5283
f 5286 5285 5283
f 5286 5283 5284
f 5184 5287 5286
f 5184 5286 5284
f 5182 5184 5284
f 5289 5288 5286
f 5289 5286 5287
f 2168 2281 5289
f 2168 5289 5287
f 5184 2167 2168
f 5184 2168 5287
f 2283 5290 5289
f 2283 5289 2281
f 5292 5291 2286
f 5292 2286 2287
f 2169 5293 5292
f 2169 5292 2287
f 2169 2170 5185
f 2169 5185 5293
f 5191 5294 5292
f 5191 5292 5293
f 5185 5189 5191
f 5185 5191 5293
f 5295 5291 5292
f 5295 5292 5294
f 5194 5296 5295
f 5194 5295 5294
f 5191 5192 5194
f 5191 5194 5294
f 5298 5297 5295
f 5298 5295 5296
f 5300 5299 5298
f 5300 5298 5296
f 5194 5195 5300
f 5194 5300 5296
f 5302 5301 5299
f 5302 5299 5300
f 5195 5196 5302
f 5195 5302 5300
f 5306 5304 5301
f 5306 5301 5302
f 5196 5199 5306
f 5196 5306 5302
f 5206 5208 5303
f 5206 5303 5305
f 5198 5202 5206
f 5198 5206 5305
f 5310 5308 5301
f 5310 5301 5304
f 5208 5311 5309
f 5208 5309 5303
f 5313 5312 5309
f 5313 5309 5311
f 5211 5314 5313
f 5211 5313 5311
f 5208 5209 5211
f 5208 5211 5311
f 5316 5315 5313
f 5316 5313 5314
f 5318 5317 5316
f 5318 5316 5314
f 5211 5212 5318
f 5211 5318 5314
f 5320 5319 5317
f 5320 5317 5318
f 5212 5213 5320
f 5212 5320 5318
f 5257 5259 5319
f 5257 5319 5320
f 5213 5215 5257
f 5213 5257 5320
f 5322 5321 5317
f 5322 5317 5319
f 5259 5261 5322
f 5259 5322 5319
f 5324 5323 5321
f 5324 5321 5322
f 5261 5325 5324
f 5261 5324 5322
f 5329 5327 5324
f 5329 5324 5325
f 5264 5331 5329
f 5264 5329 5325
f 5261 5262 5264
f 5261 5264 5325
f 5333 5332 5328
f 5333 5328 5330
f 5267 5334 5333
f 5267 5333 5330
f 5264 5265 5268
f 5264 5268 5331
f 5336 5335 5333
f 5336 5333 5334
f 5337 5285 5336
f 5337 5336 5334
f 5267 5269 5337
f 5267 5337 5334
f 5282 5283 5285
f 5282 5285 5337
f 5269 5271 5282
f 5269 5282 5337
f 5288 5338 5335
f 5288 5335 5336
f 5285 5286 5288
f 5285 5288 5336
f 5340 5339 5335
f 5340 5335 5338
f 5290 5341 5340
f 5290 5340 5338
f 5288 5289 5290
f 5288 5290 5338
f 5343 5342 5340
f 5343 5340 5341
f 2284 2342 5343
f 2284 5343 5341
f 5290 2283 2284
f 5290 2284 5341
f 2344 5344 5343
f 2344 5343 2342
f 2346 5346 5345
f 2346 5345 2349
f 5345 5347 2345
f 5345 2345 2349
f 5345 5349 5348
f 5345 5348 5347
f 5344 2344 2345
f 5344 2345 5347
f 5348 5350 5344
f 5348 5344 5347
f 5348 5352 5351
f 5348 5351 5350
f 5342 5343 5344
f 5342 5344 5350
f 5351 5353 5342
f 5351 5342 5350
f 5351 5355 5354
f 5351 5354 5353
f 5339 5340 5342
f 5339 5342 5353
f 5354 5332 5339
f 5354 5339 5353
f 5360 5358 5356
f 5360 5356 5355
f 5351 5352 5360
f 5351 5360 5355
f 5356 5326 5354
f 5356 5354 5355
f 5363 5361 5358
f 5363 5358 5360
f 5352 5364 5363
f 5352 5363 5360
f 5366 5365 5363
f 5366 5363 5364
f 5349 5367 5366
f 5349 5366 5364
f 5352 5348 5349
f 5352 5349 5364
f 5368 3149 5366
f 5368 5366 5367
f 5346 5370 5368
f 5346 5368 5367
f 5349 5345 5346
f 5349 5346 5367
f 5372 5371 5369
f 2348 2379 5372
f 5346 2346 2347
f 5346 2347 5370
f 2380 5373 5372
f 2380 5372 2379
f 2380 5374 5373
f 5375 5371 5372
f 5375 5372 5373
f 5374 5375 5373
f 5376 3154 5375
f 5307 5309 5312
f 5307 5312 5381
f 5315 5386 5385
f 5315 5385 5383
f 5312 5313 5315
f 5312 5315 5383
f 5390 5388 5385
f 5390 5385 5386
f 5392 5391 5390
f 5392 5390 5386
f 5315 5316 5392
f 5315 5392 5386
f 5321 5323 5391
f 5321 5391 5392
f 5316 5317 5321
f 5316 5321 5392
f 5359 5362 5390
f 5359 5390 5391
f 5323 5357 5359
f 5323 5359 5391
f 5361 5393 5387
f 5361 5387 5389
f 3155 5394 5387
f 3155 5387 5393
f 5365 3151 3155
f 5365 3155 5393
f 5361 5363 5365
f 5361 5365 5393
f 3156 3153 5377
f 3156 5377 5395
f 5380 5384 5387
f 5380 5387 5394
f 5396 5298 5299
f 5396 5299 5382
f 5378 5379 5396
f 5378 5396 5382
f 5299 5301 5308
f 5299 5308 5382
f 5397 5297 5298
f 5397 5298 5396
f 5379 5398 5397
f 5379 5397 5396
f 5400 5399 5397
f 5400 5397 5398
f 5399 5400 2421
f 5399 2421 2422
f 2285 5401 5399
f 2285 5399 2422
f 2285 2286 5291
f 2285 5291 5401
f 5297 5397 5399
f 5297 5399 5401
f 5291 5295 5297
f 5291 5297 5401
f 3153 3154 5376
f 3153 5376 5377
f 3154 3148 5371
f 3154 5371 5375
f 3148 5369 5371
f 3149 3151 5365
f 3149 5365 5366
f 5323 5324 5327
f 5323 5327 5357
f 5326 5328 5332
f 5326 5332 5354
f 5332 5333 5335
f 5332 5335 5339
f 5271 5281 5282
f 5113 5114 5177
f 5113 5177 5179
f 4988 4989 4992
f 4988 4992 5156
f 5146 5147 5149
f 5146 5149 5153
f 5105 5106 5109
f 5105 5109 5112
f 3114 3115 4734
f 3114 4734 5108
f 4734 4735 4737
f 4734 4737 5108
f 3126 3127 5012
f 3126 5012 5014
f 3127 3134 5010
f 3127 5010 5012
f 4948 4949 4952
f 4948 4952 4983
f 4980 4981 4948
f 4980 4948 4983
f 4952 3077 3078
f 4952 3078 4983
f 5402 4946 4948
f 5402 4948 4981
f 1969 1970 5402
f 1969 5402 4981
f 5403 4945 4946
f 5403 4946 5402
f 1970 2426 5403
f 1970 5403 5402
f 2428 5404 5403
f 2428 5403 2426
f 1916 4928 4930
f 1916 4930 2430
f 4930 5405 2429
f 4930 2429 2430
f 4930 4931 4934
f 4930 4934 5405
f 5404 2428 2429
f 5404 2429 5405
f 4934 4944 5404
f 4934 5404 5405
f 4944 4945 5403
f 4944 5403 5404
f 4969 4970 4973
f 4969 4973 4976
f 3094 3095 4857
f 3094 4857 4972
f 4857 4858 4864
f 4857 4864 4972
f 3082 3077 4952
f 3082 4952 4953
f 4934 4936 4939
f 4934 4939 4944
f 5406 4823 4824
f 5406 4824 4925
f 4824 4825 4924
f 4824 4924 4925
f 5408 5407 4823
f 5410 5413 5412
f 5412 5414 5409
f 5412 4814 4816
f 5412 4816 5414
f 5407 5409 5414
f 4816 4819 5407
f 4816 5407 5414
f 4812 4814 5412
f 4812 5412 5413
f 4805 4806 4808
f 4805 4808 5411
f 4819 4820 4823
f 4819 4823 5407
f 4904 4905 4907
f 4904 4907 5415
f 4907 4914 5416
f 4907 5416 5415
f 4914 4915 4919
f 4914 4919 5416
f 4907 4908 4911
f 4907 4911 4914
f 3121 3122 4782
f 3121 4782 4910
f 4782 4783 4785
f 4782 4785 4910
f 3139 3140 3123
f 3139 3123 4903
f 3095 4851 4852
f 3095 4852 4857
f 4838 4839 3104
f 4838 3104 4845
f 2980 3103 3104
f 2980 3104 4839
f 4833 2977 2980
f 4833 2980 4839
f 3122 4779 4780
f 3122 4780 4782
f 4764 4765 4767
f 4764 4767 4773
f 3032 4723 4725
f 3032 4725 4728
f 3032 3033 4722
f 3032 4722 4723
f 2796 2889 2988
f 2796 2988 4710
f 4668 4669 4671
f 4668 4671 4674
f 3006 4628 4630
f 5423 5422 5420
f 5423 5420 5421
f 2981 5424 5423
f 2981 5423 5421
f 5426 2925 5425
f 5426 5425 5424
f 5425 5427 5423
f 5425 5423 5424
f 5425 5430 5428
f 5425 5428 5427
f 5433 5422 5423
f 5433 5423 5427
f 5428 5435 5433
f 5428 5433 5427
f 5429 5438 5437
f 5429 5437 5436
f 5441 5439 5432
f 5441 5432 5434
f 5437 5443 5442
f 5437 5442 5436
f 5446 5445 5444
f 5446 5444 5443
f 5437 5447 5446
f 5437 5446 5443
f 5444 5449 5442
f 5444 5442 5443
f 5444 3035 3050
f 5444 3050 5449
f 5450 5439 5441
f 5450 5441 5448
f 3049 3043 5450
f 3049 5450 5448
f 5453 5452 5440
f 5453 5440 5451
f 3044 3045 5453
f 3044 5453 5451
f 5418 5419 5452
f 5418 5452 5453
f 3045 3046 5418
f 3045 5418 5453
f 5422 5433 5440
f 5422 5440 5452
f 5419 5420 5422
f 5419 5422 5452
f 2996 2990 4610
f 2996 4610 5447
f 5437 5438 2996
f 5437 2996 5447
f 4610 4611 5446
f 4610 5446 5447
f 4611 4612 5445
f 4611 5445 5446
f 3034 3035 5444
f 3034 5444 5445
f 4612 3039 3034
f 4612 3034 5445
f 5454 2995 2996
f 5454 2996 5438
f 5429 5431 5454
f 5429 5454 5438
f 2928 2994 2995
f 2928 2995 5454
f 5431 2926 2928
f 5431 2928 5454
f 3046 3040 4623
f 3046 4623 5417
f 3040 3041 4621
f 3040 4621 4623
f 2985 2988 2889
f 2985 2889 4609
f 2890 2884 4605
f 2890 4605 4606
f 2884 2885 2894
f 2884 2894 4605
f 2891 5456 4598
f 2891 4598 4601
f 2901 2905 2906
f 2901 2906 5455
f 2891 2892 2902
f 2891 2902 5456
f 2906 2907 4597
f 2906 4597 5455
f 2898 2900 2911
f 2898 2911 4590
f 2882 2883 4583
f 2882 4583 4584
f 4536 4537 4541
f 4536 4541 4544
f 3013 4458 4460
f 3013 4460 4540
f 4535 3011 3013
f 4535 3013 4540
f 4460 5457 4539
f 4460 4539 4540
f 4460 4451 4452
f 4460 4452 5457
f 4414 4416 4539
f 4414 4539 5457
f 4452 4412 4414
f 4452 4414 5457
f 5459 4486 5458
f 5459 5458 4529
f 4524 4525 5459
f 4524 5459 4529
f 5458 2825 3009
f 5458 3009 4529
f 4491 4485 4486
f 4491 4486 5459
f 4525 5460 4491
f 4525 4491 5459
f 4500 4490 4491
f 4500 4491 5460
f 4481 2918 2825
f 4481 2825 5458
f 4486 4480 4481
f 4486 4481 5458
f 4501 4502 4504
f 4501 4504 4508
f 4476 2917 2918
f 4476 2918 4481
f 4449 4411 4412
f 4449 4412 4452
f 4356 4357 4327
f 4356 4327 4359
f 4322 4323 4327
f 4322 4327 4357
f 4354 4355 4322
f 4354 4322 4357
f 4316 4317 4322
f 4316 4322 4355
f 4351 4352 4316
f 4351 4316 4355
f 4313 4314 4316
f 4313 4316 4352
f 1376 4311 4313
f 1376 4313 1420
f 5462 5461 2470
f 5462 2470 2472
f 1235 4188 5462
f 1235 5462 2472
f 5464 5463 5461
f 5464 5461 5462
f 4188 4190 5464
f 4188 5464 5462
f 5466 5465 5463
f 5466 5463 5464
f 4190 4192 5466
f 4190 5466 5464
f 5468 5467 5465
f 5468 5465 5466
f 4192 5469 5468
f 4192 5468 5466
f 5471 5470 5468
f 5471 5468 5469
f 4195 5472 5471
f 4195 5471 5469
f 4192 4193 4195
f 4192 4195 5469
f 5474 5473 5471
f 5474 5471 5472
f 5478 5476 5474
f 5478 5474 5472
f 4195 4197 5478
f 4195 5478 5472
f 5480 5479 5475
f 5480 5475 5477
f 4196 4198 5480
f 4196 5480 5477
f 5482 5481 5479
f 5482 5479 5480
f 4198 4202 5482
f 4198 5482 5480
f 5484 5483 5481
f 5484 5481 5482
f 4202 4204 5484
f 4202 5484 5482
f 5486 5485 5483
f 5486 5483 5484
f 4204 5487 5486
f 4204 5486 5484
f 5489 5488 5486
f 5489 5486 5487
f 4207 4209 5489
f 4207 5489 5487
f 4204 4205 4207
f 4204 4207 5487
f 5491 5490 5488
f 5491 5488 5489
f 4209 4211 5491
f 4209 5491 5489
f 5493 5492 5490
f 5493 5490 5491
f 4211 4213 5493
f 4211 5493 5491
f 5495 5494 5492
f 5495 5492 5493
f 4213 4215 5495
f 4213 5495 5493
f 5497 5496 5494
f 5497 5494 5495
f 4215 4218 5497
f 4215 5497 5495
f 5502 5501 5499
f 5502 5499 5500
f 4227 4230 5502
f 4227 5502 5500
f 5504 5503 5501
f 5504 5501 5502
f 4230 4233 5504
f 4230 5504 5502
f 5506 5505 5503
f 5506 5503 5504
f 4233 4235 5506
f 4233 5506 5504
f 5508 5507 5505
f 5508 5505 5506
f 4235 4237 5508
f 4235 5508 5506
f 5510 5509 5507
f 5510 5507 5508
f 4237 5511 5510
f 4237 5510 5508
f 5513 5512 5510
f 5513 5510 5511
f 4240 5514 5513
f 4240 5513 5511
f 4237 4238 4240
f 4237 4240 5511
f 5516 5515 5513
f 5516 5513 5514
f 4243 5518 5516
f 4243 5516 5514
f 4240 4241 4243
f 4240 4243 5514
f 5522 5520 5516
f 5522 5516 5518
f 2877 2879 5521
f 2877 5521 5517
f 4243 4244 2878
f 4243 2878 5518
f 5524 5523 5519
f 5524 5519 5521
f 2879 5525 5524
f 2879 5524 5521
f 5527 5526 5524
f 5527 5524 5525
f 5529 5528 5527
f 5529 5527 5525
f 2879 2876 5529
f 2879 5529 5525
f 2559 2557 5528
f 2559 5528 5529
f 2876 64 2559
f 2876 2559 5529
f 5531 5530 2561
f 5531 2561 2563
f 2470 5461 5531
f 2470 5531 2563
f 5533 5532 5530
f 5533 5530 5531
f 5461 5463 5533
f 5461 5533 5531
f 5535 5534 5532
f 5535 5532 5533
f 5463 5465 5535
f 5463 5535 5533
f 5537 5536 5534
f 5537 5534 5535
f 5465 5467 5537
f 5465 5537 5535
f 5539 5538 5536
f 5539 5536 5537
f 5467 5540 5539
f 5467 5539 5537
f 5542 5541 5539
f 5542 5539 5540
f 5470 5543 5542
f 5470 5542 5540
f 5467 5468 5470
f 5467 5470 5540
f 5545 5544 5542
f 5545 5542 5543
f 5473 5546 5545
f 5473 5545 5543
f 5470 5471 5473
f 5470 5473 5543
f 5548 5547 5545
f 5548 5545 5546
f 5550 5549 5548
f 5550 5548 5546
f 5473 5474 5550
f 5473 5550 5546
f 5554 5552 5549
f 5554 5549 5550
f 5474 5476 5554
f 5474 5554 5550
f 5556 5555 5551
f 5556 5551 5553
f 5475 5479 5556
f 5475 5556 5553
f 5558 5557 5555
f 5558 5555 5556
f 5479 5481 5558
f 5479 5558 5556
f 5560 5559 5557
f 5560 5557 5558
f 5481 5483 5560
f 5481 5560 5558
f 5562 5561 5559
f 5562 5559 5560
f 5483 5485 5562
f 5483 5562 5560
f 5564 5563 5561
f 5564 5561 5562
f 5485 5565 5564
f 5485 5564 5562
f 5567 5566 5564
f 5567 5564 5565
f 5488 5490 5567
f 5488 5567 5565
f 5485 5486 5488
f 5485 5488 5565
f 5569 5568 5566
f 5569 5566 5567
f 5490 5492 5569
f 5490 5569 5567
f 5571 5570 5568
f 5571 5568 5569
f 5492 5494 5571
f 5492 5571 5569
f 5498 5572 5570
f 5498 5570 5571
f 5494 5496 5498
f 5494 5498 5571
f 5574 5573 5570
f 5574 5570 5572
f 5581 5580 5578
f 5581 5578 5579
f 5499 5501 5581
f 5499 5581 5579
f 5583 5582 5580
f 5583 5580 5581
f 5501 5503 5583
f 5501 5583 5581
f 5585 5584 5582
f 5585 5582 5583
f 5503 5505 5585
f 5503 5585 5583
f 5587 5586 5584
f 5587 5584 5585
f 5505 5507 5587
f 5505 5587 5585
f 5589 5588 5586
f 5589 5586 5587
f 5507 5509 5589
f 5507 5589 5587
f 5591 5590 5588
f 5591 5588 5589
f 5509 5592 5591
f 5509 5591 5589
f 5594 5593 5591
f 5594 5591 5592
f 5512 5595 5594
f 5512 5594 5592
f 5509 5510 5512
f 5509 5512 5592
f 5599 5597 5594
f 5599 5594 5595
f 5515 5601 5599
f 5515 5599 5595
f 5512 5513 5515
f 5512 5515 5595
f 5603 5602 5598
f 5603 5598 5600
f 5519 5523 5603
f 5519 5603 5600
f 5515 5516 5520
f 5515 5520 5601
f 5605 5604 5602
f 5605 5602 5603
f 5523 5606 5605
f 5523 5605 5603
f 5536 5538 5605
f 5536 5605 5606
f 5526 5534 5536
f 5526 5536 5606
f 5523 5524 5526
f 5523 5526 5606
f 5538 5607 5604
f 5538 5604 5605
f 5609 5608 5604
f 5609 5604 5607
f 5541 5610 5609
f 5541 5609 5607
f 5538 5539 5541
f 5538 5541 5607
f 5612 5611 5609
f 5612 5609 5610
f 5544 5613 5612
f 5544 5612 5610
f 5541 5542 5544
f 5541 5544 5610
f 5615 5614 5612
f 5615 5612 5613
f 5547 5616 5615
f 5547 5615 5613
f 5544 5545 5547
f 5544 5547 5613
f 5618 5617 5615
f 5618 5615 5616
f 5620 5619 5618
f 5620 5618 5616
f 5547 5548 5620
f 5547 5620 5616
f 5622 5621 5619
f 5622 5619 5620
f 5548 5549 5622
f 5548 5622 5620
f 5549 5552 5623
f 5549 5623 5622
f 5551 5555 5624
f 5555 5557 5625
f 5557 5559 5626
f 5559 5561 5627
f 5561 5563 5628
f 5563 5630 5629
f 5632 5629 5630
f 5566 5568 5632
f 5566 5632 5630
f 5563 5564 5566
f 5563 5566 5630
f 5573 5631 5632
f 5568 5570 5573
f 5568 5573 5632
f 5573 5574 5576
f 5575 5577 5635
f 5575 5635 5633
f 5637 5636 5634
f 5637 5634 5635
f 5577 5637 5635
f 5639 5638 5636
f 5639 5636 5637
f 5641 5640 5638
f 5641 5638 5639
f 5643 5642 5640
f 5645 5644 5642
f 5578 5580 5649
f 5578 5649 5647
f 5651 5650 5648
f 5651 5648 5649
f 5580 5582 5651
f 5580 5651 5649
f 5653 5652 5650
f 5653 5650 5651
f 5582 5584 5653
f 5582 5653 5651
f 5655 5654 5652
f 5655 5652 5653
f 5584 5586 5655
f 5584 5655 5653
f 5657 5656 5654
f 5657 5654 5655
f 5586 5588 5657
f 5586 5657 5655
f 5659 5658 5656
f 5659 5656 5657
f 5588 5590 5659
f 5588 5659 5657
f 5661 5660 5658
f 5661 5658 5659
f 5590 5662 5661
f 5590 5661 5659
f 5666 5664 5661
f 5666 5661 5662
f 5593 5668 5666
f 5593 5666 5662
f 5590 5591 5593
f 5590 5593 5662
f 5670 5669 5665
f 5670 5665 5667
f 5596 5671 5670
f 5596 5670 5667
f 5593 5594 5597
f 5593 5597 5668
f 5608 5672 5670
f 5608 5670 5671
f 5602 5604 5608
f 5602 5608 5671
f 5596 5598 5602
f 5596 5602 5671
f 5673 5669 5670
f 5673 5670 5672
f 5611 5674 5673
f 5611 5673 5672
f 5608 5609 5611
f 5608 5611 5672
f 5676 5675 5673
f 5676 5673 5674
f 5614 5677 5676
f 5614 5676 5674
f 5611 5612 5614
f 5611 5614 5674
f 5679 5678 5676
f 5679 5676 5677
f 5617 5680 5679
f 5617 5679 5677
f 5614 5615 5617
f 5614 5617 5677
f 5682 5681 5679
f 5682 5679 5680
f 5684 5683 5682
f 5684 5682 5680
f 5617 5618 5684
f 5617 5684 5680
f 5686 5685 5683
f 5686 5683 5684
f 5618 5619 5686
f 5618 5686 5684
f 5688 5687 5685
f 5688 5685 5686
f 5619 5621 5688
f 5619 5688 5686
f 5692 5691 5689
f 5692 5689 5690
f 5634 5636 5692
f 5634 5692 5690
f 5694 5693 5691
f 5694 5691 5692
f 5636 5638 5694
f 5636 5694 5692
f 5696 5695 5693
f 5696 5693 5694
f 5638 5640 5696
f 5638 5696 5694
f 5698 5697 5695
f 5698 5695 5696
f 5640 5642 5698
f 5640 5698 5696
f 5700 5699 5697
f 5700 5697 5698
f 5642 5644 5700
f 5642 5700 5698
f 5702 5701 5699
f 5702 5699 5700
f 5644 5646 5702
f 5644 5702 5700
f 5704 5701 5702
f 5708 5707 5705
f 5708 5705 5706
f 5648 5650 5708
f 5648 5708 5706
f 5710 5709 5707
f 5710 5707 5708
f 5650 5652 5710
f 5650 5710 5708
f 5712 5711 5709
f 5712 5709 5710
f 5652 5654 5712
f 5652 5712 5710
f 5714 5713 5711
f 5714 5711 5712
f 5654 5656 5714
f 5654 5714 5712
f 5716 5715 5713
f 5716 5713 5714
f 5656 5658 5716
f 5656 5716 5714
f 5718 5717 5715
f 5718 5715 5716
f 5658 5660 5718
f 5658 5718 5716
f 5722 5720 5717
f 5722 5717 5718
f 5660 5724 5722
f 5660 5722 5718
f 5726 5725 5721
f 5726 5721 5723
f 5663 5727 5726
f 5663 5726 5723
f 5660 5661 5664
f 5660 5664 5724
f 5675 5728 5726
f 5675 5726 5727
f 5669 5673 5675
f 5669 5675 5727
f 5663 5665 5669
f 5663 5669 5727
f 5729 5725 5726
f 5729 5726 5728
f 5678 5730 5729
f 5678 5729 5728
f 5675 5676 5678
f 5675 5678 5728
f 5732 5731 5729
f 5732 5729 5730
f 5681 5733 5732
f 5681 5732 5730
f 5678 5679 5681
f 5678 5681 5730
f 5735 5734 5732
f 5735 5732 5733
f 5737 5736 5735
f 5737 5735 5733
f 5681 5682 5737
f 5681 5737 5733
f 5739 5736 5737
f 5682 5683 5739
f 5682 5739 5737
f 5741 5738 5739
f 5683 5685 5741
f 5683 5741 5739
f 5742 5740 5741
f 5685 5687 5742
f 5685 5742 5741
f 5750 5749 5747
f 5750 5747 5748
f 5689 5691 5750
f 5689 5750 5748
f 5752 5751 5749
f 5752 5749 5750
f 5691 5693 5752
f 5691 5752 5750
f 5754 5753 5751
f 5754 5751 5752
f 5693 5695 5754
f 5693 5754 5752
f 5756 5755 5753
f 5756 5753 5754
f 5695 5697 5756
f 5695 5756 5754
f 5758 5757 5755
f 5758 5755 5756
f 5697 5699 5758
f 5697 5758 5756
f 5760 5759 5757
f 5760 5757 5758
f 5699 5701 5760
f 5699 5760 5758
f 5762 5761 5759
f 5762 5759 5760
f 5701 5703 5762
f 5701 5762 5760
f 5717 5720 5765
f 5766 5763 5764
f 5719 5767 5766
f 5719 5766 5764
f 5731 5768 5766
f 5731 5766 5767
f 5725 5729 5731
f 5725 5731 5767
f 5719 5721 5725
f 5719 5725 5767
f 5769 5766 5768
f 5731 5732 5734
f 5731 5734 5768
f 5776 5775 5774
f 5780 5779 5777
f 5780 5777 5778
f 5782 5781 5780
f 5782 5780 5778
f 5743 5782 5778
f 5784 5783 5781
f 5784 5781 5782
f 5744 5784 5782
f 5786 5785 5783
f 5786 5783 5784
f 5745 5786 5784
f 5790 5788 5785
f 5790 5785 5786
f 5746 5790 5786
f 5793 5791 5787
f 5793 5787 5789
f 5747 5749 5793
f 5747 5793 5789
f 5795 5794 5791
f 5795 5791 5793
f 5749 5751 5795
f 5749 5795 5793
f 5797 5796 5794
f 5797 5794 5795
f 5751 5753 5797
f 5751 5797 5795
f 5799 5798 5796
f 5799 5796 5797
f 5753 5755 5799
f 5753 5799 5797
f 5801 5800 5798
f 5801 5798 5799
f 5755 5757 5801
f 5755 5801 5799
f 5803 5802 5800
f 5803 5800 5801
f 5757 5759 5803
f 5757 5803 5801
f 5805 5804 5802
f 5805 5802 5803
f 5759 5761 5805
f 5759 5805 5803
f 5809 5808 5806
f 5809 5806 5807
f 5770 5771 5809
f 5770 5809 5807
f 5811 5810 5808
f 5811 5808 5809
f 5771 5772 5811
f 5771 5811 5809
f 5813 5812 5810
f 5813 5810 5811
f 5772 5773 5813
f 5772 5813 5811
f 5815 5814 5812
f 5815 5812 5813
f 5773 5774 5815
f 5773 5815 5813
f 5817 5816 5814
f 5817 5814 5815
f 5774 5775 5817
f 5774 5817 5815
f 5779 5818 5816
f 5779 5816 5817
f 5775 5777 5779
f 5775 5779 5817
f 5820 5819 5816
f 5820 5816 5818
f 5822 5821 5820
f 5822 5820 5818
f 5779 5780 5822
f 5779 5822 5818
f 5824 5823 5821
f 5824 5821 5822
f 5780 5781 5824
f 5780 5824 5822
f 5826 5825 5823
f 5826 5823 5824
f 5781 5783 5826
f 5781 5826 5824
f 5828 5827 5825
f 5828 5825 5826
f 5783 5785 5828
f 5783 5828 5826
f 5830 5829 5827
f 5830 5827 5828
f 5785 5788 5830
f 5785 5830 5828
f 5834 5832 5829
f 5834 5829 5830
f 5788 5792 5834
f 5788 5834 5830
f 5836 5835 5831
f 5836 5831 5833
f 5791 5794 5836
f 5791 5836 5833
f 5838 5837 5835
f 5838 5835 5836
f 5794 5796 5838
f 5794 5838 5836
f 5840 5839 5837
f 5840 5837 5838
f 5796 5798 5840
f 5796 5840 5838
f 5842 5841 5839
f 5842 5839 5840
f 5798 5800 5842
f 5798 5842 5840
f 5844 5843 5841
f 5844 5841 5842
f 5800 5802 5844
f 5800 5844 5842
f 5846 5845 5843
f 5846 5843 5844
f 5802 5804 5846
f 5802 5846 5844
f 5850 5849 5847
f 5850 5847 5848
f 5852 5851 5849
f 5852 5849 5850
f 5806 5808 5852
f 5806 5852 5850
f 5854 5853 5851
f 5854 5851 5852
f 5808 5810 5854
f 5808 5854 5852
f 5856 5855 5853
f 5856 5853 5854
f 5810 5812 5856
f 5810 5856 5854
f 5858 5857 5855
f 5858 5855 5856
f 5812 5814 5858
f 5812 5858 5856
f 5819 5859 5857
f 5819 5857 5858
f 5814 5816 5819
f 5814 5819 5858
f 5861 5860 5857
f 5861 5857 5859
f 5863 5862 5861
f 5863 5861 5859
f 5819 5820 5863
f 5819 5863 5859
f 5865 5864 5862
f 5865 5862 5863
f 5820 5821 5865
f 5820 5865 5863
f 5867 5866 5864
f 5867 5864 5865
f 5821 5823 5867
f 5821 5867 5865
f 5869 5868 5866
f 5869 5866 5867
f 5823 5825 5869
f 5823 5869 5867
f 5871 5870 5868
f 5871 5868 5869
f 5825 5827 5871
f 5825 5871 5869
f 5873 5872 5870
f 5873 5870 5871
f 5827 5829 5873
f 5827 5873 5871
f 5877 5875 5872
f 5877 5872 5873
f 5829 5832 5877
f 5829 5877 5873
f 5879 5878 5874
f 5879 5874 5876
f 5831 5835 5879
f 5831 5879 5876
f 5881 5880 5878
f 5881 5878 5879
f 5835 5837 5881
f 5835 5881 5879
f 5883 5882 5880
f 5883 5880 5881
f 5837 5839 5883
f 5837 5883 5881
f 5885 5884 5882
f 5885 5882 5883
f 5839 5841 5885
f 5839 5885 5883
f 5887 5886 5884
f 5887 5884 5885
f 5841 5843 5887
f 5841 5887 5885
f 5889 5888 5886
f 5889 5886 5887
f 5843 5845 5889
f 5843 5889 5887
f 5849 5851 5891
f 5849 5891 5890
f 5851 5853 5893
f 5851 5893 5891
f 5895 5894 5892
f 5895 5892 5893
f 5853 5855 5895
f 5853 5895 5893
f 5860 5896 5894
f 5860 5894 5895
f 5855 5857 5860
f 5855 5860 5895
f 5898 5897 5894
f 5898 5894 5896
f 5900 5899 5898
f 5900 5898 5896
f 5860 5861 5900
f 5860 5900 5896
f 5902 5901 5899
f 5902 5899 5900
f 5861 5862 5902
f 5861 5902 5900
f 5904 5903 5901
f 5904 5901 5902
f 5862 5864 5904
f 5862 5904 5902
f 5906 5905 5903
f 5906 5903 5904
f 5864 5866 5906
f 5864 5906 5904
f 5908 5907 5905
f 5908 5905 5906
f 5866 5868 5908
f 5866 5908 5906
f 5910 5909 5907
f 5910 5907 5908
f 5868 5870 5910
f 5868 5910 5908
f 5913 5912 5909
f 5913 5909 5910
f 5870 5872 5913
f 5870 5913 5910
f 5917 5915 5912
f 5917 5912 5913
f 5872 5875 5917
f 5872 5917 5913
f 5918 2860 5914
f 5918 5914 5916
f 5874 5878 5918
f 5874 5918 5916
f 5919 2859 2860
f 5919 2860 5918
f 5878 5880 5919
f 5878 5919 5918
f 5920 2858 2859
f 5920 2859 5919
f 5880 5882 5920
f 5880 5920 5919
f 5922 5921 2858
f 5922 2858 5920
f 5882 5884 5922
f 5882 5922 5920
f 5924 5923 5921
f 5924 5921 5922
f 5884 5886 5924
f 5884 5924 5922
f 5926 5925 5923
f 5926 5923 5924
f 5886 5888 5926
f 5886 5926 5924
f 5897 5930 5928
f 5897 5928 5929
f 5892 5894 5897
f 5892 5897 5929
f 5931 5927 5928
f 5931 5928 5930
f 5933 5932 5931
f 5933 5931 5930
f 5897 5898 5933
f 5897 5933 5930
f 5935 5934 5932
f 5935 5932 5933
f 5898 5899 5935
f 5898 5935 5933
f 5937 5936 5934
f 5937 5934 5935
f 5899 5901 5937
f 5899 5937 5935
f 5939 5938 5936
f 5939 5936 5937
f 5901 5903 5939
f 5901 5939 5937
f 5941 5940 5938
f 5941 5938 5939
f 5903 5905 5941
f 5903 5941 5939
f 5943 5942 5940
f 5943 5940 5941
f 5905 5907 5943
f 5905 5943 5941
f 5945 5944 5942
f 5945 5942 5943
f 5907 5909 5945
f 5907 5945 5943
f 5949 5947 5944
f 5949 5944 5945
f 5909 5912 5949
f 5909 5949 5945
f 5951 5950 5946
f 5951 5946 5948
f 5911 5914 5951
f 5911 5951 5948
f 2861 2862 5950
f 2861 5950 5951
f 5914 2860 2861
f 5914 2861 5951
f 2854 2855 5946
f 2854 5946 5950
f 2862 2853 2854
f 2862 2854 5950
f 2856 5952 5944
f 2856 5944 5947
f 5953 5942 5944
f 5953 5944 5952
f 2852 2853 5955
f 2852 5955 5954
f 5955 5921 5923
f 5955 5923 5954
f 2853 2862 2857
f 2853 2857 5955
f 2857 2858 5921
f 2857 5921 5955
f 5927 5931 5957
f 5927 5957 5958
f 5931 5932 5956
f 5931 5956 5957
f 5932 5934 5959
f 5932 5959 5956
f 5934 5936 5960
f 5934 5960 5959
f 5938 5940 5961
f 5940 5942 5953
f 5940 5953 5961
f 5526 5527 5532
f 5526 5532 5534
f 5527 5528 5530
f 5527 5530 5532
f 5528 2557 2561
f 5528 2561 5530
f 4252 5962 2748
f 4252 2748 2747
f 1313 4250 4252
f 1313 4252 2747
f 5964 5963 2754
f 5964 2754 2755
f 2751 5965 5964
f 2751 5964 2755
f 2751 2752 5966
f 2751 5966 5965
f 5968 5967 5964
f 5968 5964 5965
f 5966 5969 5968
f 5966 5968 5965
f 5966 5971 5970
f 5966 5970 5969
f 4260 4262 5968
f 4260 5968 5969
f 5970 4258 4260
f 5970 4260 5969
f 2750 2748 5962
f 2750 5962 5971
f 5966 2752 2750
f 5966 2750 5971
f 5962 4255 5970
f 5962 5970 5971
f 4255 4256 4258
f 4255 4258 5970
f 4262 5972 5967
f 4262 5967 5968
f 5974 5973 5967
f 5974 5967 5972
f 4265 4283 5974
f 4265 5974 5972
f 4262 4263 4265
f 4262 4265 5972
f 4286 5975 5973
f 4286 5973 5974
f 4283 4284 4286
f 4283 4286 5974
f 5976 5963 5973
f 5976 5973 5975
f 5978 5977 5976
f 5978 5976 5975
f 4286 4287 5978
f 4286 5978 5975
f 5980 5979 5977
f 5980 5977 5978
f 4287 4288 5980
f 4287 5980 5978
f 5982 5981 5979
f 5982 5979 5980
f 4288 4290 5982
f 4288 5982 5980
f 4295 5983 5981
f 4295 5981 5982
f 4290 4292 4295
f 4290 4295 5982
f 2778 2777 5981
f 2778 5981 5983
f 5984 2779 2778
f 5984 2778 5983
f 4295 4296 5984
f 4295 5984 5983
f 5985 2781 2779
f 5985 2779 5984
f 4296 4297 5985
f 4296 5985 5984
f 4303 4304 1360
f 4303 1360 2783
f 5977 5979 2784
f 5977 2784 2785
f 2753 5976 5977
f 2753 5977 2785
f 5979 5981 2777
f 5979 2777 2784
f 2753 2754 5963
f 2753 5963 5976
f 5963 5964 5967
f 5963 5967 5973
f 4252 4253 4255
f 4252 4255 5962
f 4265 4266 4281
f 4265 4281 4283
f 4141 2804 2929
f 4141 2929 4148
f 4125 4126 4128
f 4125 4128 4131
f 4051 4052 4054
f 4051 4054 4089
f 4054 4055 4057
f 4054 4057 4086
f 4068 4070 4072
f 4068 4072 4078
f 4074 2955 2961
f 4074 2961 4077
f 2967 2968 4047
f 2967 4047 4048
f 3473 3476 3488
f 3473 3488 3490
f 3476 3477 3479
f 3476 3479 3486
f 3479 3480 3482
f 3479 3482 3484
f 3412 3413 3416
f 3412 3416 3418
f 3146 3350 3353
f 3146 3353 3408
f 3146 2850 3348
f 3146 3348 3350
f 2850 3141 3346
f 2850 3346 3348
f 3328 3329 3331
f 3328 3331 3333
f 3297 3298 3300
f 3297 3300 3302
f 3120 2847 3123
f 3120 3123 3140
f 3103 2980 2970
f 3103 2970 3105
f 3048 3036 3037
f 3048 3037 3052
f 3035 3036 3048
f 3035 3048 3050
f 2993 2927 2924
f 2993 2924 2997
f 2945 2941 2942
f 2945 2942 2947
f 2908 2900 2893
f 2908 2893 2909
f 2893 2885 2886
f 2893 2886 2909
f 3056 3061 3054
f 3056 3054 2836
