# Palette-baked from RoboTwin texture for mujoco-react
v -0.80422199 0.014873001 -0.134113
v -0.79236001 0.015597001 -0.13275799
v -0.78706896 0.017871 0.130551
v -0.75880796 0.011321001 0.140921
v -0.77012801 0.033995003 0.141697
v -0.73326796 7.1850081e-10 -0.142113
v -0.74589097 0.020170001 -0.14188899
v -0.74206096 0.03119 -0.142452
v -0.801112 7.1850081e-10 -0.133385
v -0.808456 0.024094 -0.134554
v -0.79418796 0.025338002 -0.136539
v -0.79036897 0.020866001 -0.135245
v -0.795739 0.014784001 -0.13371
v -0.78656 0.018756 -0.133536
v -0.79631597 7.1850081e-10 -0.13275799
v -0.78266096 0.017953001 -0.129297
v -0.83525896 0.12536401 0.024872001
v -0.82892901 0.125918 0.036725003
v -0.80057299 0.023004001 0.135545
v -0.80311197 0.014937 0.134331
v -0.77055198 0.025626 0.141451
v -0.76974499 0.020681001 0.14120699
v -0.79577398 7.1850081e-10 0.13286701
v -0.80386299 7.1850081e-10 0.13387801
v -0.75487101 7.1850081e-10 0.14036
v -0.75482601 7.1850081e-10 0.14076801
v -0.75886196 0.01736 0.14136
v -0.78078699 0.025975 0.13983001
v -0.78303599 0.047534 0.13061601
v -0.78437698 0.041164 0.137585
v -0.77041596 0.049072001 0.13159901
v -0.78021199 0.061239 0.123057
v -0.760131 0.034841001 0.14218999
v -0.76130998 0.045551002 0.140838
v -0.754816 0.021152001 0.141773
v -0.78342897 0.033538003 0.139704
v -0.79866296 0.042669002 0.133099
v -0.79964 0.036063001 0.13583601
v -0.79606795 0.048760999 0.126945
v -0.80615896 0.055153001 0.12038101
v -0.811086 0.047143001 0.125737
v -0.79308599 0.058540002 0.121821
v -0.80163097 0.065733001 0.117656
v -0.78809798 0.070964999 0.111758
v -0.79326898 0.13474099 0.023563001
v -0.79326898 0.13474099 0.023563001
v -0.82072699 0.128682 0.024798002
v -0.80968499 0.132989 0.010149002
v -0.79479396 0.13451099 0.011551002
v -0.79551899 0.13443001 -0.0071699983
v -0.809681 0.132625 -0.0080089979
v -0.79415196 0.13458601 -0.021252999
v -0.80730796 0.13322701 -0.022944998
v -0.8211 0.12877101 -0.023594998
v -0.80513501 0.13332701 -0.031764999
v -0.818106 0.129492 -0.032929998
v -0.81172496 0.123451 -0.042983998
v -0.81508797 0.040368002 0.13127699
v -0.81679499 0.032154001 0.132834
v -0.79846799 0.027548 0.136141
v -0.81800598 0.02414 0.13270999
v -0.81977898 0.015597001 0.13286701
v -0.81977898 0.015597001 0.13286701
v -0.81977201 7.1850081e-10 0.131706
v -0.819583 7.1850081e-10 0.13286701
v -0.737158 7.1850081e-10 0.14196201
v -0.74538296 7.1850081e-10 0.141295
v -0.75147098 7.1850081e-10 0.140956
v -0.74778897 0.023229001 0.14217201
v -0.73846596 0.024618 0.142617
v -0.738805 0.037779 0.142496
v -0.75002897 0.036578 0.142341
v -0.738711 0.045896001 0.141257
v -0.75061399 0.045248002 0.141332
v -0.73681396 0.058581002 0.12858701
v -0.74878496 0.058997001 0.128273
v -0.75854897 0.061774001 0.12531801
v -0.76539201 0.070113003 0.107743
v -0.74122798 0.090332001 0.081161
v -0.77364898 0.076407999 0.097257003
v -0.76280797 0.11913 0.042512003
v -0.77350199 0.117208 0.044123001
v -0.764579 0.13016 0.034907002
v -0.766693 0.14076701 0.030279001
v -0.77947396 0.13755201 0.029919002
v -0.77947396 0.13755201 0.029919002
v -0.76686996 0.140641 0.024018003
v -0.78003895 0.13755 0.023281002
v -0.78003895 0.13755 0.023281002
v -0.76724899 0.140466 0.014118002
v -0.780994 0.137402 0.012379002
v -0.76792401 0.14050899 -0.004226998
v -0.78167999 0.137225 -0.0056859981
v -0.768049 0.14038201 -0.018355997
v -0.78111398 0.137301 -0.018972998
v -0.76793796 0.14048199 -0.026537998
v -0.78030497 0.13731299 -0.026758999
v -0.79262996 0.134739 -0.029240998
v -0.77907097 0.13527501 -0.032798998
v -0.79081196 0.133632 -0.035533998
v -0.80325401 0.132974 -0.038144
v -0.789482 0.127979 -0.038367998
v -0.801009 0.126762 -0.040955998
v -0.787202 0.118517 -0.043329999
v -0.79743397 0.116479 -0.045982998
v -0.78248399 0.103012 -0.062348999
v -0.79481298 0.051973 -0.124336
v -0.79689097 0.045541 -0.130146
v -0.80819297 0.048507001 -0.124721
v -0.81126696 0.032817002 -0.134023
v -0.81126696 0.032817002 -0.134023
v -0.75206 7.1850081e-10 -0.139792
v -0.73455995 7.1850081e-10 -0.129384
v -0.73656601 0.0086530009 -0.12929499
v -0.741593 0.015761001 -0.127756
v -0.73285598 0.0078200009 -0.11909
v -0.73609197 0.015105001 -0.118765
v -0.73492199 0.014518001 -0.10651
v -0.74019998 0.017596001 -0.093132995
v -0.83525699 0.015597001 -0.015946997
v -0.83525497 0.015597001 -0.028092999
v -0.835298 0.015597001 -0.0036669981
v -0.83703595 7.1850081e-10 -0.0037259981
v -0.83703399 7.1850081e-10 -0.016051998
v -0.83529496 0.015597001 0.0087540019
v -0.83702201 7.1850081e-10 0.0086630015
v -0.83524001 0.015597001 0.021289002
v -0.837062 7.1850081e-10 0.021161001
v -0.83712798 7.1850081e-10 0.033943001
v -0.83712697 7.1850081e-10 -0.028135998
v -0.83714098 7.1850081e-10 -0.040250998
v -0.83523101 0.015597001 -0.040106997
v -0.83719498 7.1850081e-10 -0.052131999
v -0.83527899 0.015597001 -0.052001998
v -0.83528298 0.015597001 -0.063836001
v -0.77678096 0.017934 -0.133343
v -0.76785898 0.017018002 -0.133001
v -0.77151096 0.017523 -0.138034
v -0.76383901 0.015968001 -0.13724799
v -0.75680596 0.014478001 -0.13743
v -0.76458699 0.019047001 -0.140866
v -0.75883698 0.015175001 -0.140095
v -0.75387901 0.0090860007 -0.139597
v -0.75387901 0.0090860007 -0.139597
v -0.75809395 0.018157002 -0.141092
v -0.75390798 0.010621001 -0.14047299
v -0.75390798 0.010621001 -0.14047299
v -0.75248796 7.1850081e-10 -0.14043699
v -0.75248796 7.1850081e-10 -0.14043699
v -0.75240397 0.012405001 -0.140884
v -0.75076801 7.1850081e-10 -0.14067
v -0.748541 7.1850081e-10 -0.140893
v -0.87005299 7.1850081e-10 0.105428
v -0.63769197 7.1850081e-10 -0.143518
v -0.71322995 7.1850081e-10 0.14329
v -0.72654897 7.1850081e-10 0.142738
v -0.71316099 0.027817002 0.143179
v -0.72648996 0.026147 0.143034
v -0.71301699 0.040467001 0.14259501
v -0.72623795 0.039177001 0.14257801
v -0.712825 0.048151001 0.14111601
v -0.726004 0.047046002 0.14077
v -0.71145695 0.055985 0.129932
v -0.72413796 0.057459 0.128262
v -0.70763099 0.081127003 0.094676003
v -0.73004895 0.088849999 0.084004
v -0.71821499 0.121716 0.042087004
v -0.72956598 0.120669 0.042635001
v -0.74094701 0.12084 0.041638002
v -0.73022997 0.133532 0.033278003
v -0.74231297 0.142078 0.030418001
v -0.754336 0.141404 0.030637002
v -0.74240297 0.141865 0.024953002
v -0.75436395 0.14139099 0.024944002
v -0.74255997 0.141543 0.014880002
v -0.754511 0.141186 0.015335002
v -0.74281496 0.141424 -0.006891998
v -0.75497997 0.141045 -0.0049809981
v -0.74273998 0.14175101 -0.021208998
v -0.75508201 0.141285 -0.019768998
v -0.74268997 0.141976 -0.028322998
v -0.75508296 0.141433 -0.027596999
v -0.74253696 0.13934401 -0.033291999
v -0.75480199 0.138842 -0.033055
v -0.76747197 0.13803799 -0.032894999
v -0.75391001 0.131685 -0.034119997
v -0.76577699 0.13084701 -0.034626
v -0.77770299 0.129226 -0.035925999
v -0.76397198 0.119821 -0.041889999
v -0.77581996 0.119523 -0.042060997
v -0.76184297 0.099680997 -0.067864999
v -0.76817399 0.066563003 -0.117841
v -0.77163398 0.056306001 -0.127038
v -0.78007901 0.064198002 -0.1207
v -0.77309698 0.048032999 -0.132246
v -0.78258097 0.054570999 -0.12498499
v -0.77375698 0.044507001 -0.137909
v -0.78448999 0.047354002 -0.130514
v -0.773027 0.038882002 -0.14109799
v -0.78496999 0.042414002 -0.135902
v -0.77237296 0.033714 -0.141303
v -0.77237296 0.033714 -0.141303
v -0.78441799 0.037197001 -0.138759
v -0.78441799 0.037197001 -0.138759
v -0.797571 0.039271999 -0.134948
v -0.78314996 0.031456001 -0.139513
v -0.78314996 0.031456001 -0.139513
v -0.79646099 0.032228 -0.13652501
v -0.79646099 0.032228 -0.13652501
v -0.78167599 0.025948001 -0.13924299
v -0.77218199 0.028513001 -0.141184
v -0.77211899 0.023003001 -0.14081299
v -0.77994698 0.021137001 -0.13760799
v -0.76361495 0.023321001 -0.14145
v -0.76260501 0.027716001 -0.141736
v -0.75638896 0.021075001 -0.141537
v -0.76217699 0.032551002 -0.14188699
v -0.75471497 0.024042001 -0.14183199
v -0.75052398 0.014639 -0.14119899
v -0.753169 0.028432 -0.14211901
v -0.748164 0.017747 -0.141587
v -0.745471 7.1850081e-10 -0.141124
v -0.75249201 0.03492 -0.142197
v -0.76257998 0.043278001 -0.141048
v -0.76208198 0.048821002 -0.135102
v -0.75221097 0.043265 -0.141417
v -0.76233298 0.037725002 -0.14181499
v -0.76233298 0.037725002 -0.14181499
v -0.760427 0.057553999 -0.128326
v -0.75090897 0.050326999 -0.135757
v -0.74043697 0.045874 -0.14096799
v -0.728993 0.037544001 -0.142424
v -0.71576595 0.040036 -0.14242201
v -0.71640199 0.014792001 -0.14310201
v -0.70274597 0.038706999 -0.14254799
v -0.70307297 0.012141 -0.143388
v -0.67659795 7.1850081e-10 -0.143525
v -0.689188 0.031725999 -0.14289699
v -0.689188 0.031725999 -0.14289699
v -0.676485 0.032776002 -0.142829
v -0.676485 0.032776002 -0.142829
v -0.66356099 0.032744002 -0.14282399
v -0.663903 7.1850081e-10 -0.143526
v -0.65077299 7.1850081e-10 -0.143547
v -0.65067297 0.032538 -0.14285199
v -0.63778996 0.032275002 -0.142855
v -0.61411697 0.12574901 -0.038316999
v -0.60245699 0.125366 -0.038422998
v -0.59087598 0.123084 -0.040859997
v -0.602189 0.13692001 -0.032711998
v -0.59044796 0.13577799 -0.032615997
v -0.54396397 0.129721 -0.034647997
v -0.68731999 7.1850081e-10 0.143512
v -0.70024997 7.1850081e-10 0.14351501
v -0.68709201 0.030335002 0.142984
v -0.70005697 0.029275 0.143094
v -0.686786 0.041904002 0.14248
v -0.69984096 0.041212 0.142575
v -0.68648499 0.048276 0.14082301
v -0.699606 0.048232 0.14113601
v -0.68608797 0.052322 0.13402401
v -0.69886899 0.054044001 0.13354801
v -0.685211 0.067665003 0.1103
v -0.69560796 0.117545 0.049127001
v -0.70666295 0.119341 0.046051003
v -0.695436 0.13474 0.032847002
v -0.70698196 0.134597 0.032889001
v -0.71858495 0.134213 0.032977004
v -0.70704299 0.141271 0.032649003
v -0.71862298 0.140724 0.033193003
v -0.73030597 0.139429 0.033360001
v -0.71877301 0.142722 0.028944002
v -0.73046899 0.142416 0.029870002
v -0.71895397 0.142698 0.023451002
v -0.73061597 0.142262 0.024332002
v -0.71922296 0.14259501 0.013010002
v -0.73082399 0.141995 0.013857001
v -0.719392 0.142571 -0.010286998
v -0.73098397 0.141973 -0.0090099983
v -0.71924299 0.142648 -0.022608997
v -0.73093396 0.142207 -0.022197999
v -0.719109 0.142684 -0.028774999
v -0.73082596 0.14237 -0.028734999
v -0.71900201 0.140054 -0.033151999
v -0.73067796 0.139771 -0.033213999
v -0.71914697 0.13349201 -0.032750998
v -0.73067498 0.133205 -0.033175997
v -0.742194 0.132311 -0.033604
v -0.73048198 0.11788 -0.045995999
v -0.74148297 0.11884 -0.043922
v -0.75269699 0.11938 -0.042764999
v -0.74214196 0.089268997 -0.082347997
v -0.75588399 0.068627 -0.108527
v -0.73277301 0.080169998 -0.094251998
v -0.72013897 0.115191 -0.050597999
v -0.708543 0.113339 -0.053847998
v -0.69664598 0.112372 -0.055639997
v -0.68909198 0.048305001 -0.14078599
v -0.67591697 0.058346 -0.120384
v -0.67618597 0.045574002 -0.142149
v -0.67618597 0.045574002 -0.142149
v -0.66341996 0.048503 -0.140571
v -0.66344398 0.043545 -0.142242
v -0.66344398 0.043545 -0.142242
v -0.66116798 0.109705 -0.061000999
v -0.64901 0.104496 -0.068949997
v -0.63812399 0.105675 -0.066799
v -0.63741797 0.12876201 -0.036296997
v -0.62577599 0.12759399 -0.037076999
v -0.63727397 0.139183 -0.032865997
v -0.62559199 0.138769 -0.032856997
v -0.61390299 0.13791201 -0.032796998
v -0.62549597 0.143199 -0.029830998
v -0.61382997 0.143021 -0.030324997
v -0.60210299 0.14242201 -0.031515997
v -0.61369097 0.143222 -0.024659999
v -0.60197598 0.142846 -0.025489999
v -0.59020096 0.142524 -0.026391998
v -0.59033501 0.14168499 -0.032090999
v -0.57838297 0.14212701 -0.027330998
v -0.578493 0.140983 -0.032675996
v -0.56645501 0.14189 -0.028286999
v -0.56658697 0.139452 -0.033023998
v -0.55447298 0.14164001 -0.029218998
v -0.55471796 0.138441 -0.033064999
v -0.54233795 0.14098901 -0.029936999
v -0.54291201 0.13694601 -0.033409998
v -0.53012997 0.139057 -0.031659998
v -0.53149199 0.13390601 -0.034303997
v -0.51771897 0.135683 -0.032648999
v -0.51977199 0.130394 -0.036519997
v -0.66154999 7.1850081e-10 0.14349701
v -0.67440897 7.1850081e-10 0.14348601
v -0.66150296 0.031910002 0.142869
v -0.67412198 0.031228002 0.14289901
v -0.661403 0.043120001 0.142355
v -0.67390496 0.042497002 0.14239401
v -0.66127396 0.048723999 0.139817
v -0.67370397 0.048574001 0.140728
v -0.661116 0.050866 0.13223401
v -0.67347997 0.051452 0.132981
v -0.66080695 0.067717001 0.110435
v -0.67227298 0.117612 0.050054003
v -0.66049701 0.13486899 0.0328
v -0.67217296 0.134921 0.032824002
v -0.68382096 0.134912 0.032834001
v -0.67216098 0.14152201 0.032441001
v -0.68380201 0.14163899 0.032360002
v -0.69543695 0.141582 0.032408003
v -0.68388897 0.14345799 0.027787002
v -0.68388897 0.14345799 0.027787002
v -0.69554198 0.143227 0.027791001
v -0.69554198 0.143227 0.027791001
v -0.707151 0.143041 0.028175002
v -0.707151 0.143041 0.028175002
v -0.695705 0.143462 0.022185002
v -0.70732296 0.14311001 0.022617001
v -0.69595599 0.143668 0.011641002
v -0.70759499 0.14316501 0.012101002
v -0.69610697 0.143631 -0.011069998
v -0.70776701 0.14314 -0.010871998
v -0.695952 0.143446 -0.021887999
v -0.70758897 0.14306401 -0.022286998
v -0.69581896 0.143204 -0.027729997
v -0.70745099 0.14297301 -0.028235998
v -0.69573498 0.14133701 -0.032497998
v -0.70737499 0.140982 -0.032805
v -0.69582999 0.13351201 -0.032593999
v -0.70750397 0.133604 -0.032653999
v -0.68407696 0.14145499 -0.032414999
v -0.68415201 0.13343801 -0.032564998
v -0.68486899 0.112068 -0.056665998
v -0.67251098 0.133149 -0.032548998
v -0.67358899 0.111152 -0.058481999
v -0.66069901 0.132265 -0.032994997
v -0.64905596 0.12998 -0.035249997
v -0.660622 0.14063901 -0.032949999
v -0.64894998 0.13961901 -0.032904997
v -0.66061395 0.143562 -0.028543998
v -0.64890498 0.14346001 -0.029174998
v -0.63720596 0.14337 -0.029537998
v -0.64884198 0.144095 -0.023558998
v -0.63708401 0.143822 -0.023917999
v -0.62536597 0.143516 -0.024184998
v -0.63690597 0.14405 -0.013591998
v -0.62513399 0.14373401 -0.013830998
v -0.61342996 0.14329199 -0.014188998
v -0.62491101 0.143896 0.009591002
v -0.61317599 0.14342099 0.0093490016
v -0.60147798 0.142902 0.0091600018
v -0.60172796 0.142819 -0.014767998
v -0.58978796 0.142355 0.0088920016
v -0.59000796 0.14228401 -0.015606998
v -0.57809401 0.14183301 0.0081200022
v -0.57826501 0.141614 -0.016602999
v -0.564363 0.14147501 0.0049800016
v -0.56628299 0.141394 -0.018202998
v -0.55431801 0.14125501 -0.0082319984
v -0.55442101 0.14142901 -0.022085998
v -0.54385996 0.141018 -0.0041319984
v -0.54244596 0.141048 -0.022535998
v -0.528938 0.139671 -0.0060779983
v -0.52948695 0.13982899 -0.023004998
v -0.51553196 0.13611101 -0.0060249981
v -0.516348 0.13661 -0.023599999
v -0.50143296 0.13479599 -0.0064859982
v -0.50319296 0.13433 -0.024978999
v -0.505467 0.133596 -0.034803998
v -0.49004599 0.13259301 -0.026423998
v -0.49294499 0.13218699 -0.037649997
v -0.63631397 7.1850081e-10 0.143547
v -0.64891398 7.1850081e-10 0.14353301
v -0.63651597 0.032900002 0.142896
v -0.64900899 0.032426 0.142883
v -0.63662601 0.043997999 0.142433
v -0.64902496 0.043604001 0.14236601
v -0.64897299 0.048756 0.13941601
v -0.64873201 0.116713 0.051515002
v -0.63704598 0.135088 0.032749001
v -0.64879 0.134966 0.032774001
v -0.63706899 0.141691 0.032321002
v -0.64879096 0.14158 0.032380003
v -0.66048896 0.141498 0.032445002
v -0.64875901 0.143631 0.027764002
v -0.660505 0.143664 0.027986001
v -0.67221797 0.143528 0.027915001
v -0.66051298 0.144199 0.022431001
v -0.66051298 0.144199 0.022431001
v -0.67230201 0.144021 0.022135003
v -0.67230201 0.144021 0.022135003
v -0.68401301 0.14378101 0.022383003
v -0.68401301 0.14378101 0.022383003
v -0.67242199 0.14436801 0.011054002
v -0.68421298 0.14405499 0.011342002
v -0.67249197 0.144255 -0.011676998
v -0.68432295 0.143959 -0.011591998
v -0.67243201 0.144106 -0.022172999
v -0.68423098 0.143819 -0.021860998
v -0.67236996 0.14357001 -0.027930997
v -0.68412995 0.143512 -0.027617998
v -0.672342 0.14118899 -0.032583997
v -0.66062397 0.144171 -0.022828998
v -0.66061896 0.14432 -0.012555998
v -0.64875799 0.144278 -0.012923998
v -0.660546 0.144483 0.010781002
v -0.64867097 0.144456 0.010556002
v -0.63675398 0.14424001 0.010010002
v -0.64870596 0.14414001 0.021948002
v -0.64870596 0.14414001 0.021948002
v -0.63687897 0.14393499 0.021845002
v -0.63687897 0.14393499 0.021845002
v -0.62507898 0.14361501 0.021636002
v -0.63699698 0.143599 0.027588002
v -0.63699698 0.143599 0.027588002
v -0.62523401 0.143346 0.027521001
v -0.62523401 0.143346 0.027521001
v -0.61354196 0.143143 0.027674003
v -0.61354196 0.143143 0.027674003
v -0.61337996 0.143264 0.021657001
v -0.601807 0.142857 0.027981002
v -0.601807 0.142857 0.027981002
v -0.60166299 0.142876 0.021876002
v -0.59002298 0.14256699 0.028225001
v -0.59002298 0.14256699 0.028225001
v -0.58990699 0.142423 0.022034002
v -0.578161 0.14220001 0.028684001
v -0.578161 0.14220001 0.028684001
v -0.57808799 0.14192501 0.022121001
v -0.56616801 0.141901 0.028931001
v -0.56616801 0.141901 0.028931001
v -0.56599796 0.14154801 0.021901002
v -0.55410099 0.14161199 0.029062001
v -0.55410099 0.14161199 0.029062001
v -0.55420798 0.14140201 0.022086002
v -0.55418301 0.14124399 0.0088380016
v -0.54202896 0.14099599 0.018771002
v -0.52913201 0.13978601 0.018103002
v -0.54183501 0.141047 0.028779002
v -0.54183501 0.141047 0.028779002
v -0.52939898 0.13964 0.029082002
v -0.52939898 0.13964 0.029082002
v -0.5169 0.13698 0.031223001
v -0.5169 0.13698 0.031223001
v -0.51588696 0.13656899 0.018230002
v -0.50434101 0.134279 0.031661
v -0.50434101 0.134279 0.031661
v -0.50222296 0.13439 0.017995002
v -0.491249 0.13295001 0.033066001
v -0.491249 0.13295001 0.033066001
v -0.48823899 0.13286699 0.017507002
v -0.48746297 0.133496 -0.007050998
v -0.47494197 0.12921301 0.016125001
v -0.47423097 0.12905601 -0.0071609984
v -0.47737399 0.12955999 -0.027490998
v -0.46152398 0.125411 -0.0075579984
v -0.46447599 0.126537 -0.027617998
v -0.45067599 0.122725 -0.027530998
v -0.58490896 7.1850081e-10 0.14208101
v -0.62536198 0.11777 0.049717002
v -0.613671 0.135204 0.032698002
v -0.625341 0.135184 0.032711003
v -0.61364299 0.141517 0.032470003
v -0.625337 0.141675 0.032339003
v -0.60197097 0.13498899 0.032670002
v -0.60191101 0.141243 0.032654002
v -0.59023696 0.134703 0.032668002
v -0.590137 0.14094301 0.032871
v -0.57826501 0.13988 0.033138003
v -0.566495 0.13339201 0.033033002
v -0.56629598 0.13938001 0.033144001
v -0.55429298 0.13874701 0.033180002
v -0.54326999 0.13093901 0.034639001
v -0.54227698 0.137605 0.033288002
v -0.53217101 0.128158 0.035895001
v -0.53069198 0.135089 0.033683002
v -0.518924 0.132241 0.035652
v -0.50695896 0.12983499 0.039304003
v -0.49470097 0.12876301 0.042318001
v -0.48212397 0.127088 0.043763001
v -0.47812799 0.12980799 0.033017002
v -0.47812799 0.12980799 0.033017002
v -0.468615 0.12621599 0.043745004
v -0.464894 0.12686101 0.031876002
v -0.464894 0.12686101 0.031876002
v -0.46197897 0.12563001 0.014652002
v -0.45121098 0.123238 0.031021003
v -0.44825697 0.121428 0.013090001
v -0.447561 0.121069 -0.0077489982
v -0.43576199 0.116568 0.012483002
v -0.43528998 0.116449 -0.0081039984
v -0.43799597 0.117837 -0.027822997
v -0.42316699 0.114244 -0.0086219981
v -0.42523003 0.114776 -0.028550997
v -0.54421401 7.1850081e-10 0.134663
v -0.55704898 7.1850081e-10 0.138872
v -0.57098699 7.1850081e-10 0.14138401
v -0.55724698 0.025191002 0.139286
v -0.57134998 0.027844001 0.14137301
v -0.58529401 0.030283 0.14197201
v -0.57141799 0.042159002 0.14099801
v -0.45485699 0.12351 0.043835003
v -0.44192302 0.119789 0.045058001
v -0.43854398 0.118425 0.030954001
v -0.42873096 0.117431 0.047438003
v -0.42544299 0.115032 0.031665001
v -0.42344701 0.114256 0.012159002
v -0.41323298 0.113067 0.032132003
v -0.41175699 0.112852 0.012061002
v -0.41152799 0.112845 -0.008915998
v -0.400563 0.111655 0.011962002
v -0.400352 0.111651 -0.0089679984
v -0.40081596 0.111518 -0.029812999
v -0.38912201 0.110453 -0.0089259986
v -0.389238 0.11027 -0.029638998
v -0.37774003 0.109169 -0.029013999
v -0.50362098 7.1850081e-10 0.130243
v -0.51715797 7.1850081e-10 0.133711
v -0.530967 7.1850081e-10 0.133761
v -0.518332 0.021452 0.13362201
v -0.53181195 0.022378001 0.13383201
v -0.54458797 0.023746001 0.13505301
v -0.53307998 0.041680001 0.134137
v -0.545937 0.041893002 0.134694
v -0.55835396 0.041351002 0.137767
v -0.572653 0.051099002 0.135483
v -0.41556197 0.115249 0.050009001
v -0.40240395 0.11314 0.051437002
v -0.401371 0.111542 0.032410003
v -0.38959497 0.11114 0.051746003
v -0.38972199 0.110265 0.032278001
v -0.38932198 0.110459 0.011812001
v -0.37809694 0.109198 0.031515002
v -0.378075 0.109328 0.011515002
v -0.37791198 0.10929 -0.0087699983
v -0.366557 0.108386 0.011127002
v -0.36637199 0.108343 -0.0084919985
v -0.36594599 0.108334 -0.028040998
v -0.35447198 0.107749 -0.0082159983
v -0.35392702 0.1079 -0.027051998
v -0.34167695 0.107709 -0.026247999
v -0.34050399 0.106905 -0.043826997
v -0.46842697 7.1850081e-10 0.117462
v -0.46842697 7.1850081e-10 0.117462
v -0.48008499 7.1850081e-10 0.121545
v -0.48008499 7.1850081e-10 0.121545
v -0.49126798 7.1850081e-10 0.125284
v -0.48118398 0.026841002 0.123385
v -0.48118398 0.026841002 0.123385
v -0.49260399 0.023783 0.126555
v -0.49260399 0.023783 0.126555
v -0.50463396 0.021874001 0.13064601
v -0.50463396 0.021874001 0.13064601
v -0.495042 0.042934 0.12834901
v -0.506621 0.04098 0.132496
v -0.506621 0.04098 0.132496
v -0.51997095 0.040463999 0.133674
v -0.48378998 0.045255002 0.12582301
v -0.46958697 0.029865 0.12024
v -0.47200498 0.047811002 0.125339
v -0.45837098 0.032696001 0.116882
v -0.45980898 0.051281001 0.122883
v -0.447267 0.034117002 0.115443
v -0.447267 0.034117002 0.115443
v -0.44832298 0.054147001 0.119965
v -0.43614101 0.033994 0.114344
v -0.43614101 0.033994 0.114344
v -0.43684399 0.054948002 0.117264
v -0.42474401 0.053792 0.115881
v -0.42512202 0.065095998 0.116694
v -0.41183299 0.063910998 0.116305
v -0.37748694 0.109159 0.050774001
v -0.36553502 0.107737 0.049062002
v -0.36633098 0.108383 0.030451002
v -0.35319996 0.107019 0.047152001
v -0.35423696 0.107914 0.029315002
v -0.35465199 0.107791 0.010730002
v -0.34191501 0.107698 0.028321002
v -0.342363 0.107411 0.010328001
v -0.34224397 0.107317 -0.0080259982
v -0.32993597 0.107158 0.0099930018
v -0.32987797 0.107111 -0.0079149986
v -0.32927501 0.107612 -0.025694998
v -0.31747097 0.107076 -0.007838998
v -0.31677401 0.10761 -0.025290998
v -0.31540298 0.106866 -0.042271998
v -0.32795894 0.106813 -0.042908996
v -0.435601 7.1850081e-10 0.113604
v -0.45734599 7.1850081e-10 0.115348
v -0.45734599 7.1850081e-10 0.115348
v -0.42481101 7.1850081e-10 0.113425
v -0.4249 0.032414 0.113861
v -0.4249 0.032414 0.113861
v -0.41397095 7.1850081e-10 0.11338
v -0.41376102 0.029617 0.113665
v -0.41376102 0.029617 0.113665
v -0.41249502 0.051121 0.114824
v -0.40258396 0.026432 0.113526
v -0.40076101 0.047775 0.113819
v -0.39866602 0.062442999 0.11452
v -0.34076202 0.106711 0.045615003
v -0.34076202 0.106711 0.045615003
v -0.32678998 0.100415 0.059922002
v -0.32823598 0.10655 0.044550002
v -0.32823598 0.10655 0.044550002
v -0.32943898 0.107676 0.027586002
v -0.32943898 0.107676 0.027586002
v -0.31567895 0.106495 0.043908
v -0.31692302 0.107686 0.027069002
v -0.31692302 0.107686 0.027069002
v -0.31751394 0.107127 0.0097350022
v -0.30443501 0.10772 0.026671002
v -0.30514199 0.107238 0.009529002
v -0.30508798 0.10719 -0.007749998
v -0.40324903 7.1850081e-10 0.113349
v -0.39205801 7.1850081e-10 0.113301
v -0.39149797 0.023771001 0.113422
v -0.38050401 7.1850081e-10 0.113212
v -0.37989599 0.021454001 0.11331
v -0.368384 7.1850081e-10 0.113084
v -0.35617995 7.1850081e-10 0.112925
v -0.25240999 0.095563002 0.054676
v -0.25311399 0.103323 0.040145002
v -0.25421798 0.106386 0.024335003
v -0.25421798 0.106386 0.024335003
v -0.24120897 0.099783003 0.038682003
v -0.24193299 0.103093 0.023554001
v -0.24193299 0.103093 0.023554001
v -0.24269295 0.103572 0.0083370022
v -0.25508296 0.106671 0.0086350022
v -0.24270499 0.103579 -0.0068719983
v -0.25501299 0.106647 -0.007044998
v -0.241768 0.103056 -0.022140998
v -0.25402099 0.106387 -0.022809999
v -0.24088997 0.100052 -0.037451997
v -0.25268602 0.103813 -0.038659997
v -0.24040598 0.092765003 -0.051723998
v -0.25196898 0.096110001 -0.053473998
v -0.24012798 0.083026998 -0.064569995
v -0.25167197 0.086149998 -0.066952996
v -0.24021 0.071472004 -0.075541995
v -0.25195497 0.073950998 -0.078318998
v -0.24056196 0.058517002 -0.084523
v -0.25246298 0.060340002 -0.087591998
v -0.24087501 0.044809002 -0.092379995
v -0.25278199 0.046086002 -0.095826998
v -0.24071097 0.03063 -0.099446997
v -0.25268102 0.031443 -0.103161
v -0.24026299 0.015600001 -0.104255
v -0.24026299 0.015600001 -0.104255
v -0.25236899 0.016034001 -0.108323
v -0.25236899 0.016034001 -0.108323
v -0.24041897 7.1850081e-10 -0.105157
v -0.25244701 7.1850081e-10 -0.109445
v -0.26493394 0.060619 0.089765005
v -0.26447296 0.074712001 0.080617003
v -0.25276899 0.059762001 0.088102005
v -0.252388 0.073251002 0.078917004
v -0.25210702 0.085454002 0.067899004
v -0.24051696 0.070983 0.076182
v -0.24047297 0.082538001 0.065407999
v -0.240798 0.092376001 0.052742001
v -0.228957 0.079378001 0.062674999
v -0.22929502 0.088909 0.050795
v -0.22953796 0.095966004 0.037375003
v -0.21766096 0.085377 0.048807003
v -0.21776599 0.091915004 0.036224
v -0.21849 0.094254002 0.021960001
v -0.23036301 0.098414004 0.022686001
v -0.23036301 0.098414004 0.022686001
v -0.21916097 0.094554998 0.0076940018
v -0.230941 0.098741002 0.0079890015
v -0.21914798 0.094552003 -0.0066019981
v -0.23090798 0.098704003 -0.0067279981
v -0.21847796 0.094269 -0.020891998
v -0.230304 0.098406002 -0.021466998
v -0.21777201 0.092178002 -0.035039999
v -0.229348 0.096221 -0.036254998
v -0.21741295 0.085804 -0.047992997
v -0.228962 0.089283004 -0.049904
v -0.217058 0.076494001 -0.059028998
v -0.22867197 0.079755999 -0.061900999
v -0.21698797 0.065607004 -0.06848
v -0.22861999 0.068563998 -0.072124995
v -0.21722496 0.053704001 -0.076542996
v -0.228881 0.056226 -0.080694996
v -0.217372 0.041370001 -0.084043995
v -0.22916299 0.043204002 -0.088290997
v -0.21724898 0.028571 -0.090709001
v -0.22897601 0.029750001 -0.095215999
v -0.21697098 0.014662 -0.094985001
v -0.21697098 0.014662 -0.094985001
v -0.22863197 0.015199001 -0.099562995
v -0.22863197 0.015199001 -0.099562995
v -0.217206 7.1850081e-10 -0.095666997
v -0.22883201 7.1850081e-10 -0.100337
v -0.27792197 7.1850081e-10 0.113004
v -0.264714 7.1850081e-10 0.112397
v -0.26483202 0.016041001 0.111258
v -0.26508701 0.031376 0.10578001
v -0.252056 0.015853001 0.108405
v -0.25261199 0.031083001 0.10348
v -0.25292999 0.045564 0.096193001
v -0.24054396 0.030326001 0.099650003
v -0.24095595 0.04439 0.092741005
v -0.24076295 0.058072999 0.085034005
v -0.22922796 0.042896003 0.088654004
v -0.22908199 0.055846002 0.081128001
v -0.22885096 0.068165004 0.072742999
v -0.21736699 0.053401001 0.076917998
v -0.21717399 0.065261997 0.069001004
v -0.21729296 0.076102003 0.059640002
v -0.20537597 0.062490001 0.065162003
v -0.20546198 0.073119 0.056475002
v -0.20580298 0.082374997 0.046617001
v -0.193479 0.070716999 0.053688001
v -0.19382596 0.079882003 0.044610001
v -0.19422698 0.086240999 0.033639003
v -0.20618498 0.088857003 0.034886003
v -0.194722 0.087944001 0.020783002
v -0.194722 0.087944001 0.020783002
v -0.20681196 0.090613998 0.021292001
v -0.20681196 0.090613998 0.021292001
v -0.19508398 0.088113002 0.007176002
v -0.20727599 0.090847 0.007414002
v -0.19508398 0.088114001 -0.0064569982
v -0.20727801 0.090799004 -0.0064979983
v -0.19468999 0.087961003 -0.019976998
v -0.20673597 0.090627998 -0.020373998
v -0.19413596 0.086443998 -0.032975998
v -0.206043 0.088941 -0.033950999
v -0.19371599 0.080142997 -0.044096999
v -0.205603 0.082691997 -0.045937996
v -0.19338197 0.070955001 -0.053314999
v -0.20532399 0.073463999 -0.056011997
v -0.19336897 0.060338002 -0.061332997
v -0.20526695 0.062787004 -0.064748995
v -0.19339597 0.049453001 -0.069070995
v -0.20539999 0.051409002 -0.072609998
v -0.193425 0.038194999 -0.076365001
v -0.20543802 0.039661001 -0.079991996
v -0.20528996 0.027571 -0.086745001
v -0.20524395 0.014192001 -0.090865999
v -0.20524395 0.014192001 -0.090865999
v -0.19359499 7.1850081e-10 -0.087972
v -0.20548797 7.1850081e-10 -0.091518998
v -0.25191599 7.1850081e-10 0.109429
v -0.25191599 7.1850081e-10 0.109429
v -0.239815 7.1850081e-10 0.10503601
v -0.239815 7.1850081e-10 0.10503601
v -0.239914 0.015492001 0.104278
v -0.22815502 7.1850081e-10 0.100155
v -0.22823596 0.015018 0.099566005
v -0.22881401 0.029434001 0.095375001
v -0.21653998 0.014527 0.094880998
v -0.21704102 0.028342001 0.090838
v -0.21739799 0.041133001 0.084296003
v -0.20507997 0.027441001 0.086814001
v -0.20539796 0.039496001 0.080194004
v -0.20546997 0.051161002 0.072900005
v -0.19333196 0.038074002 0.076460004
v -0.19342101 0.049262002 0.069278002
v -0.193416 0.060123 0.061683003
v -0.181054 0.047835 0.066366002
v -0.18111497 0.058343001 0.058932003
v -0.18128896 0.068823002 0.051445004
v -0.16835201 0.057320002 0.057224002
v -0.16869098 0.067656003 0.050064001
v -0.16923898 0.076864004 0.042497002
v -0.18165696 0.078142002 0.043299001
v -0.16980499 0.082810998 0.03232
v -0.182046 0.084141001 0.032793
v -0.17029899 0.084071003 0.020036003
v -0.17029899 0.084071003 0.020036003
v -0.182495 0.085634001 0.020344002
v -0.182495 0.085634001 0.020344002
v -0.17065096 0.083797999 0.0068190019
v -0.18287396 0.085643999 0.0069770017
v -0.17064798 0.083760999 -0.0066019981
v -0.18285 0.085606001 -0.0065119984
v -0.17027998 0.084023997 -0.019776998
v -0.18249202 0.085568003 -0.019815998
v -0.16975296 0.082929999 -0.032004997
v -0.18200296 0.084238999 -0.032307997
v -0.16921097 0.077132002 -0.042147998
v -0.18160295 0.078375004 -0.042838998
v -0.168733 0.067892 -0.049741998
v -0.18123096 0.069080003 -0.051172998
v -0.16843295 0.057498001 -0.057038996
v -0.181113 0.058533002 -0.058698997
v -0.16839796 0.047212001 -0.064415999
v -0.18108702 0.048 -0.066252999
v -0.168634 0.036729001 -0.071722999
v -0.18112797 0.037255 -0.073642999
v -0.16890395 0.025893001 -0.078805
v -0.18113798 0.026103001 -0.080554001
v -0.16925895 0.013392 -0.082780994
v -0.216582 7.1850081e-10 0.095508002
v -0.20474499 7.1850081e-10 0.091364004
v -0.20476198 0.014086001 0.090800002
v -0.19283497 7.1850081e-10 0.087862998
v -0.19286096 0.013712001 0.087319002
v -0.193048 0.026607001 0.083276004
v -0.18084997 0.013429001 0.084451005
v -0.18092096 0.026018001 0.080452003
v -0.18100196 0.037188001 0.073736005
v -0.16865599 0.025915001 0.078828
v -0.16846299 0.036683001 0.071831003
v -0.16829097 0.047123 0.064571999
v -0.15572298 0.036676999 0.071038
v -0.15529597 0.046948999 0.063749
v -0.15530097 0.057011999 0.056494001
v -0.142097 0.047366001 0.063972004
v -0.14207101 0.057358 0.056598
v -0.14283895 0.067560002 0.049532
v -0.15584797 0.067215003 0.049434002
v -0.14415801 0.077072002 0.042208001
v -0.15667796 0.076554 0.042140003
v -0.14541495 0.083568998 0.032202002
v -0.15754199 0.082541004 0.032038003
v -0.14593798 0.085261002 0.019927002
v -0.14593798 0.085261002 0.019927002
v -0.15808702 0.084045 0.019862002
v -0.15808702 0.084045 0.019862002
v -0.14610398 0.085216001 0.006715002
v -0.15835798 0.083853997 0.006717002
v -0.146092 0.085244998 -0.0067629982
v -0.15834999 0.083841003 -0.0066959984
v -0.14587295 0.085188001 -0.019840999
v -0.15804398 0.084022 -0.019763999
v -0.14532101 0.083474003 -0.031934999
v -0.15745795 0.082642004 -0.031829
v -0.144162 0.077119999 -0.041965999
v -0.15666598 0.076613002 -0.041775998
v -0.14299196 0.067763999 -0.049282998
v -0.155967 0.067473002 -0.049137998
v -0.14233196 0.057495002 -0.056410998
v -0.15546697 0.057178002 -0.056286998
v -0.14233696 0.047482003 -0.063795999
v -0.15546697 0.047037002 -0.063611999
v -0.143116 0.037247002 -0.071166001
v -0.15593797 0.036745999 -0.070900001
v -0.14429396 0.026645001 -0.078499995
v -0.156591 0.026107 -0.078143001
v -0.14537698 0.013906001 -0.082991995
v -0.15719897 0.013547 -0.082269996
v -0.18088198 7.1850081e-10 0.084872
v -0.16883898 7.1850081e-10 0.083099
v -0.16881096 0.013416001 0.082818002
v -0.15682995 7.1850081e-10 0.082632005
v -0.15675402 0.013588001 0.082318
v -0.156308 0.02613 0.078225002
v -0.14491701 0.013974001 0.083087005
v -0.14398396 0.02664 0.078625001
v -0.14286602 0.037140001 0.071340002
v -0.13168699 0.027284 0.079948001
v -0.12995601 0.037836 0.072503
v -0.12884498 0.047995999 0.064847998
v -0.116907 0.038578 0.074297003
v -0.11543399 0.048753001 0.06617
v -0.11541897 0.059172001 0.058368001
v -0.128838 0.058111001 0.057243001
v -0.11669099 0.069971003 0.050944
v -0.12985098 0.068562001 0.050121002
v -0.119017 0.080269001 0.043421
v -0.131612 0.078406997 0.042662002
v -0.12134999 0.087911002 0.033620004
v -0.133389 0.085803002 0.032835003
v -0.12194097 0.089692004 0.020788001
v -0.12194097 0.089692004 0.020788001
v -0.13385797 0.087282002 0.020277001
v -0.13385797 0.087282002 0.020277001
v -0.12204498 0.089757003 0.007019002
v -0.13399196 0.087382004 0.0068380018
v -0.12205696 0.089706004 -0.007131998
v -0.13399696 0.087371998 -0.0068969983
v -0.12203699 0.089720003 -0.020769998
v -0.13388801 0.087286003 -0.020178998
v -0.121391 0.087393001 -0.033338998
v -0.13345098 0.085607 -0.032529999
v -0.11913699 0.080118001 -0.043275997
v -0.131688 0.078277998 -0.042498
v -0.11679 0.069991 -0.050838999
v -0.129996 0.068666004 -0.049957998
v -0.11561698 0.059342999 -0.058143999
v -0.12905896 0.058250003 -0.057023
v -0.11575699 0.049008001 -0.065880001
v -0.12911099 0.048211001 -0.064581998
v -0.11740798 0.038711 -0.073964998
v -0.13029999 0.037985999 -0.072255999
v -0.11994296 0.027989 -0.081937999
v -0.13211298 0.027356001 -0.079794995
v -0.12258601 0.014886001 -0.087582
v -0.13384998 0.014420001 -0.084804997
v -0.14503396 7.1850081e-10 0.083382003
v -0.13356495 7.1850081e-10 0.085287005
v -0.13328695 0.014457 0.084843002
v -0.12203699 0.014929 0.087717004
v -0.11937201 0.027910002 0.082228005
v -0.110856 0.015207001 0.091400005
v -0.10714698 0.028355001 0.08512
v -0.103903 0.039175 0.076571003
v -0.095001996 0.028492 0.088597
v -0.091059983 0.039489001 0.079254001
v -0.088750005 0.050352 0.069956005
v -0.10198295 0.049649 0.068034999
v -0.088653982 0.061558999 0.060979001
v -0.10193396 0.060422 0.059726004
v -0.090436995 0.073706001 0.052696001
v -0.10371298 0.071682997 0.051783003
v -0.093981981 0.085573003 0.044667002
v -0.10646999 0.082745001 0.044094
v -0.097835004 0.094926998 0.035061002
v -0.10944098 0.090841003 0.03435
v -0.098997951 0.097189002 0.021676002
v -0.098997951 0.097189002 0.021676002
v -0.11042798 0.093144998 0.021285001
v -0.11042798 0.093144998 0.021285001
v -0.099090993 0.097249001 0.0073710019
v -0.11051399 0.093201004 0.0071970019
v -0.099128962 0.097204 -0.0077679986
v -0.11053997 0.093185 -0.0074499981
v -0.099206984 0.097111002 -0.022209998
v -0.11057401 0.093174003 -0.021456998
v -0.097899973 0.094424002 -0.035092
v -0.10966301 0.090623997 -0.034426998
v -0.094287992 0.085600004 -0.044492997
v -0.10675299 0.082557999 -0.043941997
v -0.090747952 0.073848002 -0.052465998
v -0.10379499 0.071739003 -0.051641997
v -0.088865995 0.061588001 -0.060959999
v -0.10201699 0.060487002 -0.059609
v -0.089062989 0.050346002 -0.069814995
v -0.10235 0.049768001 -0.067773998
v -0.091618001 0.039512999 -0.079002
v -0.10447598 0.039278001 -0.076244995
v -0.095789969 0.028491002 -0.088183001
v -0.10788697 0.028501 -0.084749997
v -0.10059899 0.015505001 -0.094595
v -0.11146897 0.015172001 -0.090696998
v -0.09978199 0.015572 0.095324002
v -0.090516984 7.1850081e-10 0.101232
v -0.090516984 7.1850081e-10 0.101232
v -0.088458002 0.015444001 0.099638
v -0.082750976 0.028268 0.092172004
v -0.077210963 0.015604001 0.104729
v -0.070678949 0.027947001 0.095531002
v -0.065753996 0.039558001 0.084517002
v -0.07822299 0.039505001 0.082008004
v -0.063291967 0.051314 0.074009001
v -0.075905979 0.050831001 0.071904004
v -0.063111961 0.063757002 0.064125001
v -0.075703979 0.062816001 0.062514007
v -0.065262973 0.077210002 0.054691002
v -0.077690959 0.075675003 0.053577002
v -0.069718957 0.091247 0.045932002
v -0.081753969 0.088484004 0.045312002
v -0.074449956 0.102846 0.036775
v -0.086142957 0.098627999 0.035827003
v -0.076170981 0.10619 0.023037001
v -0.076170981 0.10619 0.023037001
v -0.087629974 0.101657 0.022265002
v -0.087629974 0.101657 0.022265002
v -0.07633698 0.106129 0.007480002
v -0.087738991 0.101637 0.007358002
v -0.076373994 0.106113 -0.0090569984
v -0.087776959 0.101609 -0.0083399983
v -0.07624197 0.105817 -0.024152998
v -0.087741971 0.101506 -0.023106998
v -0.074611962 0.102084 -0.037091997
v -0.086400986 0.098366998 -0.036231
v -0.07040596 0.091412999 -0.045523997
v -0.082354963 0.088592 -0.045025997
v -0.066118002 0.077647001 -0.054227997
v -0.07840395 0.075970002 -0.053245999
v -0.063731968 0.063796997 -0.063828997
v -0.076105952 0.062820002 -0.062289998
v -0.063802958 0.051219001 -0.073906995
v -0.076214969 0.050779 -0.071829997
v -0.066510975 0.039312001 -0.084548995
v -0.078871965 0.039382 -0.081896998
v -0.071772993 0.0275 -0.095593996
v -0.083790004 0.028088002 -0.092033997
v -0.065302014 0.01553 0.108781
v -0.055884004 7.1850081e-10 0.115503
v -0.055884004 7.1850081e-10 0.115503
v -0.027724981 7.1850081e-10 0.110455
v -0.027724981 7.1850081e-10 0.110455
v -0.035629988 7.1850081e-10 0.114343
v -0.035629988 7.1850081e-10 0.114343
v -0.045506954 7.1850081e-10 0.115884
v -0.045506954 7.1850081e-10 0.115884
v -0.034663975 0.014923001 0.110885
v -0.043866992 0.015742 0.111584
v -0.053959966 0.015797 0.110966
v -0.039186954 0.028237 0.10062
v -0.048590004 0.028257001 0.099632002
v -0.059135973 0.027981 0.098000005
v -0.04401195 0.040267002 0.088227004
v -0.054120004 0.039889 0.086596005
v -0.041402996 0.052291002 0.077473
v -0.051465988 0.051811002 0.075885005
v -0.040811002 0.064990997 0.067321002
v -0.051150978 0.064452998 0.065723002
v -0.042442977 0.078896999 0.05748
v -0.053380966 0.078266002 0.056024
v -0.046561003 0.093775004 0.048086002
v -0.057985008 0.093024999 0.046841003
v -0.051244974 0.10738 0.039192002
v -0.062481999 0.105844 0.037526
v -0.053063989 0.112813 0.024894001
v -0.064491987 0.110202 0.023956003
v -0.064491987 0.110202 0.023956003
v -0.064836979 0.110279 0.0077740019
v -0.053579986 0.112874 -0.0099089984
v -0.064893961 0.110284 -0.0096639981
v -0.053141952 0.112587 -0.026295999
v -0.064660966 0.110018 -0.025400998
v -0.051644981 0.10702 -0.039431997
v -0.063076973 0.105536 -0.037969999
v -0.047820985 0.094016999 -0.047688
v -0.058932006 0.093368001 -0.046371996
v -0.043704987 0.079083003 -0.057065997
v -0.054396987 0.078598998 -0.055581998
v -0.041925967 0.065001003 -0.067056999
v -0.051988959 0.064503998 -0.065436997
v -0.042089999 0.052115001 -0.077387996
v -0.052111983 0.051685002 -0.075798996
v -0.054802001 0.039544001 -0.086715996
v -0.020850003 7.1850081e-10 0.104822
v -0.020002961 0.011886001 0.102661
v -0.026731968 0.013538001 0.107831
v -0.017813981 0.024824001 0.095245004
v -0.023786008 0.026707001 0.099123001
v -0.030708969 0.027846001 0.100723
v -0.021748006 0.039421 0.088831
v -0.028303981 0.040445 0.089968003
v -0.035405993 0.040488999 0.089472003
v -0.026941001 0.052661002 0.079308003
v -0.033372998 0.052614 0.078693002
v -0.026597977 0.065504998 0.069461003
v -0.032810986 0.065465003 0.068670005
v -0.027280986 0.078745 0.058889002
v -0.033778965 0.079186 0.058560003
v -0.029451013 0.093509004 0.049138002
v -0.03717798 0.093968004 0.048926003
v -0.032009006 0.106422 0.038910002
v -0.041094959 0.107668 0.039736003
v -0.033427954 0.111844 0.024082001
v -0.04253298 0.113126 0.024806002
v -0.042638958 0.113117 -0.026057998
v -0.041381001 0.107195 -0.040047999
v -0.03797698 0.094065003 -0.048847999
v -0.0072720051 7.1850081e-10 0.075432003
v -0.00041395426 0.0085570011 0.073357001
v -0.0072720051 0.0083750011 0.074843004
v -0.0072720051 0.017296001 0.073310003
v -0.016466975 0.037424002 0.085908003
v -0.016160965 0.049800999 0.076326005
v -0.02107197 0.051752999 0.078621998
v -0.01602 0.062652998 0.067139
v -0.020846963 0.064626999 0.06899
v -0.016461968 0.075163998 0.056824002
v -0.021422982 0.077572003 0.058568001
v -0.017044961 0.088425003 0.046727002
v -0.022484958 0.091764003 0.048513003
v -0.017986 0.099420004 0.035027001
v -0.023939967 0.103763 0.036984
v -0.018975973 0.1041 0.021324001
v -0.025331974 0.109181 0.022734001
v -0.019077003 0.104422 -0.0079689985
v -0.025860965 0.109589 -0.0086119985
v -0.018819988 0.103872 -0.022378998
v -0.02522999 0.109024 -0.023897998
v -0.017863989 0.099016003 -0.035464
v -0.017175972 0.088245004 -0.046759997
v -0.016348004 0.075105004 -0.056667998
v -0.015869975 0.062577002 -0.066945001
v -0.016198993 0.049781002 -0.076437995
v 0.005753994 0.0085880011 0.070696004
v 0.0056980252 0.017445 0.068745002
v -0.00034695864 0.017660001 0.071882002
v 0.0058670044 0.027408 0.065737002
v -0.00024098158 0.028193001 0.068422005
v -0.0072720051 0.028191 0.069513001
v -6.4969063e-05 0.040026002 0.063132003
v -0.0072720051 0.040486999 0.063896
v -0.0072720051 0.052163001 0.055795003
v -0.014202952 0.098113 -0.007406998
v -0.011530995 0.088706002 -0.018500999
v -0.014194012 0.097425997 -0.020772997
v -0.011548996 0.085249998 -0.028745998
v -0.013404012 0.093129002 -0.032387998
v -0.011153996 0.077633001 -0.038897999
v -0.013538003 0.083346002 -0.043242
v -0.010620952 0.067285001 -0.049617998
v -0.013016999 0.071304001 -0.053115997
v -0.010437965 0.055619001 -0.059559997
v -0.01275599 0.059075002 -0.063218996
v -0.010674 0.043230001 -0.068370998
v -0.012961984 0.046567 -0.072572999
v 0.011842012 0.032661002 -0.050510999
v 0.010091007 0.045292001 -0.049151998
v 0.011970997 0.041083999 -0.044543996
v 0.011967003 0.048411999 -0.037178997
v 0.01246202 0.043684002 -0.033370998
v 0.012486994 0.048985999 -0.026046999
v 0.012695014 0.044477001 -0.023635998
v 0.0061240196 0.038402002 0.060658
v 0.0062569976 0.049136002 0.053437002
v -2.8967857e-05 0.050831001 0.054919001
v 0.0064250231 0.058389001 0.044731002
v -9.5367432e-07 0.060768001 0.045827001
v -0.0072720051 0.062368002 0.046091001
v -8.2969666e-05 0.068815 0.036150001
v -0.0072720051 0.070550002 0.035860002
v -5.197525e-05 0.074139997 0.026051002
v -0.0072720051 0.075814001 0.025915002
v -7.2956085e-05 0.077611998 0.015960002
v -0.0072720051 0.079471 0.016249001
v -0.00010997057 0.079654999 0.0054060016
v -0.00010997057 0.079654999 0.0054060016
v -0.0072720051 0.081377998 0.0054840017
v -0.0072720051 0.081377998 0.0054840017
v -0.00046795607 0.079831004 -0.0055039981
v -0.0072720051 0.081333004 -0.0056319982
v -0.0006429553 0.077688999 -0.016216999
v -0.0072729588 0.079499997 -0.015872998
v 0.00012600422 0.073975004 -0.025812998
v -0.0072729588 0.075819999 -0.025676997
v -0.0072729588 0.075819999 -0.025676997
v 5.2034855e-05 0.068721004 -0.036103997
v -0.0072729588 0.070574999 -0.035650998
v -0.0072729588 0.070574999 -0.035650998
v -9.2983246e-05 0.060512003 -0.045736
v -0.0072729588 0.062332999 -0.046008997
v -0.0072729588 0.062332999 -0.046008997
v -0.00023597479 0.050829999 -0.054850999
v -0.0072729588 0.052064002 -0.055753998
v 0.0062410235 0.048994001 -0.053023998
v 0.0062410235 0.048994001 -0.053023998
v 0.0061269999 0.0579 -0.044517998
v 0.0061269999 0.0579 -0.044517998
v 0.010091007 0.053482 -0.041232999
v 0.0064580441 0.065513 -0.035181999
v 0.0064580441 0.065513 -0.035181999
v 0.010450006 0.060419001 -0.032707997
v 0.012039006 0.054406002 -0.029263997
v 0.010385036 0.065475002 -0.023394998
v 0.011933029 0.058869999 -0.020954998
v 0.012436032 0.052673999 -0.018603997
v 0.011870027 0.061730999 -0.012606998
v 0.012401044 0.054997999 -0.011044999
v 0.01799804 7.1850081e-10 0.033623002
v 0.015347004 7.1850081e-10 0.034391001
v 0.015563011 0.0041940007 0.034228001
v 0.0062600374 0.065802999 0.035243001
v 0.0063090324 0.071169004 0.025398001
v 0.0062170029 0.074320003 0.015366002
v 0.010142028 0.070311002 0.0047970018
v 0.0060150027 0.076030001 0.0052130017
v 0.0060150027 0.076030001 0.0052130017
v 0.0060150027 0.076030001 0.0052130017
v 0.010038018 0.070147 -0.0045379982
v 0.0059680343 0.076012999 -0.0050129984
v 0.0059680343 0.076012999 -0.0050129984
v 0.010260999 0.068574004 -0.013994998
v 0.0059810281 0.074035004 -0.014862998
v 0.0059810281 0.074035004 -0.014862998
v 0.0066480041 0.070958003 -0.025227997
v 0.0066480041 0.070958003 -0.025227997
v 0.011849999 0.063224003 -0.0041429983
v 0.10812306 0.030767001 0.006374002
v 0.108127 0.032584 0.0018620018
v 0.12056303 0.030823002 0.0060210018
v 0.12057602 0.032559 0.0016670018
v 0.13301706 0.032593999 0.0014270018
v 0.031172991 7.1850081e-10 0.034705002
v 0.025316 7.1850081e-10 0.034684002
v 0.021346033 7.1850081e-10 0.034214001
v 0.02532202 0.0033600007 0.033465002
v 0.021472991 0.0034180006 0.033077002
v 0.018135011 0.0037030007 0.032968003
v 0.021709025 0.0071460009 0.031863
v 0.018435001 0.0076790005 0.031874001
v 0.015716016 0.0086210007 0.033219002
v 0.018772006 0.012063 0.030275002
v 0.016080022 0.013255001 0.031717002
v 0.015965044 0.017891001 0.029064002
v 0.031518042 0.019248001 0.025205001
v 0.039197028 0.018469 0.025792003
v 0.048278034 0.01778 0.026198002
v 0.059177995 0.017271001 0.026504003
v 0.071073055 0.016959 0.026504003
v 0.083364964 0.016979001 0.026376002
v 0.108145 0.026240001 0.016356003
v 0.120561 0.022961 0.020911003
v 0.12055302 0.026601002 0.015692001
v 0.12055397 0.028957 0.010664002
v 0.13300002 0.027093001 0.014982002
v 0.13299906 0.029131001 0.010069001
v 0.13301003 0.030902 0.005584002
v 0.14546502 0.029366001 0.0093910014
v 0.14546204 0.031031001 0.0050740018
v 0.14546597 0.032684002 0.0011350018
v 0.15794206 0.031171001 0.0045900019
v 0.15795302 0.032762002 0.00083800178
v 0.17044699 0.032804001 0.00059300178
v 0.059134007 7.1850081e-10 0.034473002
v 0.048092008 7.1850081e-10 0.034551002
v 0.038836002 7.1850081e-10 0.034616001
v 0.048083007 0.0029980007 0.033339001
v 0.038816035 0.0030700008 0.033424001
v 0.031190991 0.0032180008 0.033517003
v 0.038847029 0.0061710007 0.032212
v 0.031235993 0.0064830007 0.032233004
v 0.025451005 0.0068050008 0.032123003
v 0.031297028 0.010177 0.030555002
v 0.025808036 0.010776001 0.030323002
v 0.022006989 0.011342001 0.030168002
v 0.026214004 0.015239 0.028102001
v 0.022292018 0.015970001 0.027980002
v 0.018971026 0.016706001 0.028039001
v 0.031377017 0.014483001 0.028377002
v 0.038987994 0.0096180011 0.030721001
v 0.039085031 0.013725 0.028793002
v 0.04815203 0.0092880009 0.030745002
v 0.048214018 0.013167 0.028981002
v 0.059116006 0.0090710009 0.030726003
v 0.059141994 0.012756 0.029050002
v 0.071076989 0.0089000007 0.030681001
v 0.071076035 0.012549001 0.029002002
v 0.083358049 0.0088450005 0.030626003
v 0.083363056 0.012489 0.029030003
v 0.095738053 0.0088800006 0.030539002
v 0.13301003 0.023729 0.020176001
v 0.14548504 0.024204001 0.019263001
v 0.14547598 0.027378 0.014201002
v 0.157951 0.024703002 0.018441001
v 0.15793908 0.027626 0.013465002
v 0.15793407 0.029544001 0.0087480014
v 0.17040503 0.027851 0.012884002
v 0.17041695 0.029655 0.0082710022
v 0.17043197 0.031263001 0.004242002
v 0.18288898 0.029734001 0.0078980019
v 0.18290508 0.031303 0.0039410018
v 0.18291497 0.032824002 0.00038000182
v 0.19536197 0.031341001 0.0035580017
v 0.19537008 0.032804001 -0.0001489982
v 0.20783103 0.032634001 -0.0002789982
v 0.095770955 7.1850081e-10 0.034368001
v 0.08336699 7.1850081e-10 0.034420002
v 0.071081996 7.1850081e-10 0.034462001
v 0.083360076 0.0028380007 0.033210002
v 0.071078062 0.0028610008 0.033254001
v 0.059110999 0.0029120008 0.03328
v 0.071076035 0.0057930006 0.032014001
v 0.059115052 0.0058790008 0.032060001
v 0.048097014 0.0059810006 0.032131001
v 0.083356977 0.0057740007 0.031950001
v 0.095735073 0.0028700007 0.033130001
v 0.17039704 0.025125001 0.017757002
v 0.182863 0.025498001 0.017168002
v 0.18287408 0.02802 0.012401002
v 0.19533205 0.025849001 0.016535003
v 0.19533908 0.028125001 0.011856002
v 0.19535196 0.029807001 0.007482002
v 0.20780301 0.028348001 0.011128002
v 0.20781195 0.029878 0.0069650016
v 0.20782101 0.031346999 0.0032310018
v 0.13316596 7.1850081e-10 0.034114003
v 0.12070298 7.1850081e-10 0.034216002
v 0.10821497 7.1850081e-10 0.034328002
v 0.14555299 7.1850081e-10 0.034091003
v 0.15798199 7.1850081e-10 0.034056
v 0.19532204 0.022182001 0.021258002
v 0.20779002 0.026391001 0.015746001
v 0.17042601 7.1850081e-10 0.034032002
v 0.18287706 7.1850081e-10 0.034017
v 0.19530308 7.1850081e-10 0.034005001
v 0.20777905 7.1850081e-10 0.033945002
v 0.220276 7.1850081e-10 0.033864003
v 0.76229703 7.1850081e-10 -0.028866999
v 0.77475202 7.1850081e-10 -0.028665999
v 0.74988306 0.0031220007 -0.028315999
v 0.76233804 0.0031550007 -0.028458998
v 0.77480602 0.0030880007 -0.028314998
v 0.76236808 0.0062190006 -0.027988998
v 0.77484202 0.0061750007 -0.027980998
v 0.78730094 0.0062660007 -0.027924998
v 0.78726304 0.0031310008 -0.028324999
v 0.787251 7.1850081e-10 -0.028760998
v 0.79970002 0.0032610006 -0.028313998
v 0.79963803 7.1850081e-10 -0.028733999
v 0.79963803 7.1850081e-10 -0.028733999
v 0.74989307 0.0062220008 -0.027976999
v 0.76236808 0.009207001 -0.027565999
v 0.74988902 0.012215001 -0.027118998
v 0.76235306 0.012189001 -0.027144998
v 0.77482402 0.012214 -0.027134998
v 0.77484703 0.0092080003 -0.027544998
v 0.78727996 0.012430001 -0.027075998
v 0.78730702 0.0093600005 -0.027478999
v 0.79973495 0.012885001 -0.026945999
v 0.79974604 0.0096870009 -0.027358998
v 0.79973805 0.0064960006 -0.027834998
v 0.812204 0.010141001 -0.027236998
v 0.81217396 0.0068140007 -0.027715998
v 0.81210411 0.0034040008 -0.028141998
v 0.82458103 0.0071460009 -0.027641999
v 0.82446206 7.1850081e-10 -0.028752998
v 0.81204808 7.1850081e-10 -0.028582998
v 0.74988401 0.015124001 -0.026696999
v 0.76234102 0.015102001 -0.026741998
v 0.774804 0.015152001 -0.026732998
v 0.787256 0.015398 -0.026697999
v 0.812217 0.013440001 -0.026797999
v 0.82465899 0.010621001 -0.027063997
v 0.79961097 0.025800001 -0.014126998
v 0.81205404 0.025936 -0.012949998
v 0.81210506 0.024844 -0.016278999
v 0.8244561 0.026196001 -0.011440998
v 0.8245641 0.025368001 -0.015088998
v 0.836833 0.026508002 -0.0096319979
v 0.83702505 0.025763001 -0.013450998
v 0.89756596 7.1850081e-10 -0.023538997
v 0.88554108 7.1850081e-10 -0.024778998
v 0.74993694 0.025974 -0.011831998
v 0.76237202 0.026608001 -0.0082099978
v 0.76235402 0.02609 -0.011887998
v 0.77477205 0.026632002 -0.0079569984
v 0.77475798 0.026029 -0.011640999
v 0.78718793 0.026715001 -0.0073419982
v 0.78717196 0.026221002 -0.011218999
v 0.79959404 0.026845001 -0.0063049984
v 0.799595 0.026375001 -0.010387998
v 0.81196201 0.026976001 -0.0048709982
v 0.81200004 0.026494 -0.0090819979
v 0.82425296 0.027301 -0.0031199981
v 0.82433903 0.026766 -0.0073849983
v 0.83661211 0.027625 -0.0011809982
v 0.92022693 7.1850081e-10 -0.020036997
v 0.90921903 7.1850081e-10 -0.021727998
v 0.74995697 0.027067 -0.0041319984
v 0.76239204 0.027432 0.00032200181
v 0.76239002 0.027164001 -0.0040969984
v 0.77481496 0.027369 0.0008480018
v 0.77480102 0.027078001 -0.0037509983
v 0.78722394 0.027281001 0.0019980017
v 0.78720701 0.027186001 -0.0030619982
v 0.79962301 0.027140001 0.0035710018
v 0.79960597 0.027278 -0.0019749983
v 0.81196201 0.026911 0.0054120016
v 0.81193697 0.027366001 -0.00045599818
v 0.82423198 0.027393 0.0016170018
v 0.93722403 7.1850081e-10 -0.016069999
v 0.92964602 7.1850081e-10 -0.018163998
v 0.94460595 7.1850081e-10 -0.010475998
v 0.94245303 7.1850081e-10 -0.012729998
v -0.907848 7.1850081e-10 0.098955005
v -0.894916 7.1850081e-10 0.100649
v -0.83471698 0.015597001 -0.087797001
v -0.83293301 0.015597001 -0.100634
v -0.83516496 0.015597001 -0.075681001
v -0.83729398 7.1850081e-10 -0.075994
v -0.83710301 7.1850081e-10 -0.088298999
v -0.83723795 7.1850081e-10 -0.064047001
v -0.83574301 7.1850081e-10 -0.10143
v -0.82888895 7.1850081e-10 -0.114587
v -0.82763499 0.015597001 -0.113606
v -0.81859398 7.1850081e-10 -0.124966
v -0.81716198 0.015597001 -0.123368
v -0.83441597 0.015597001 0.090910003
v -0.835127 0.015597001 0.074758999
v -0.83007097 0.015597001 0.108449
v -0.83195496 7.1850081e-10 0.109394
v -0.83694196 7.1850081e-10 0.091458
v -0.83726799 7.1850081e-10 0.074990004
v -0.83719701 7.1850081e-10 0.060332
v -0.83523399 0.015597001 0.060308002
v -0.83709699 7.1850081e-10 0.046939
v -0.83523697 0.015597001 0.046914
v -0.83524698 0.015597001 0.033980001
v -0.73431301 7.1850081e-10 -0.078990996
v -0.73302996 7.1850081e-10 -0.092883997
v -0.73454696 0.0070860009 -0.079041995
v -0.74045998 0.017454 -0.079231001
v -0.73516798 0.013654001 -0.078934997
v -0.73404896 0.014092001 -0.093166001
v -0.733266 0.0073990007 -0.092957996
v -0.73262799 0.0076030008 -0.106241
v -0.732391 7.1850081e-10 -0.106017
v -0.73227596 7.1850081e-10 -0.118779
v -0.809421 7.1850081e-10 -0.133616
v -0.88214695 7.1850081e-10 0.101483
v -0.74211699 7.1850081e-10 -0.141606
v -0.68969399 7.1850081e-10 -0.143399
v -0.70296597 7.1850081e-10 -0.14325801
v -0.71616799 7.1850081e-10 -0.14303699
v -0.44634998 7.1850081e-10 0.114175
v -0.122486 7.1850081e-10 0.088128999
v -0.10119599 7.1850081e-10 0.096239999
v -0.10119599 7.1850081e-10 0.096239999
v -0.11171997 7.1850081e-10 0.091756999
v -0.11171997 7.1850081e-10 0.091756999
v -0.067801952 7.1850081e-10 0.112556
v -0.067801952 7.1850081e-10 0.112556
v -0.079526007 7.1850081e-10 0.10698
v -0.079526007 7.1850081e-10 0.10698
v -0.00025397539 7.1850081e-10 0.074051
v 0.0059580207 7.1850081e-10 0.071548
v -0.91993999 7.1850081e-10 0.094145998
v -0.82007396 7.1850081e-10 0.124031
v -0.80422199 -0.014872999 -0.134113
v -0.79236001 -0.015596999 -0.13275799
v -0.84512401 -0.120531 0.0036150019
v 0.940485 -0.0048599993 -0.011399998
v -0.832057 -0.123238 0.045533001
v -0.82514095 -0.123073 0.045480002
v -0.83009797 -0.104811 0.059698001
v -0.824453 -0.083894998 0.08749
v -0.85650098 -0.047282998 0.10423
v -0.78706896 -0.017871 0.130551
v -0.75880796 -0.011320999 0.140921
v -0.77373397 -0.016472999 0.136415
v -0.77012801 -0.033994999 0.141697
v -0.76878399 -0.015779 0.13874
v -0.74589097 -0.020169999 -0.14188899
v -0.74206096 -0.031188998 -0.142452
v -0.808456 -0.024093999 -0.134554
v -0.79418796 -0.025336999 -0.136539
v -0.795739 -0.014783999 -0.13371
v -0.891738 -0.102661 -0.0073249983
v -0.87873 -0.105922 -0.0047379984
v -0.86620998 -0.112287 0.0024160019
v -0.86094797 -0.114726 -0.010279998
v -0.84135497 -0.122768 -0.013557998
v -0.82551199 -0.126793 0.0080360016
v -0.82477897 -0.12686799 -0.0093969982
v -0.85517097 -0.117195 0.013974002
v -0.84431899 -0.120618 0.028996002
v -0.83525896 -0.12536401 0.024872001
v 0.94153702 -0.0054779993 -0.0096369982
v 0.94322205 -0.0034309993 -0.0094209984
v 0.94172502 -0.0032439993 -0.011481998
v 0.93681395 -0.0040749991 -0.014926998
v 0.93659699 -0.0059809992 -0.013797998
v 0.93639505 -0.0076869992 -0.012110998
v -0.83692598 -0.123427 0.039011002
v -0.84660101 -0.119327 0.043662
v -0.839315 -0.118539 0.049639001
v -0.82892901 -0.125918 0.036725003
v -0.83235699 -0.115259 0.051664002
v -0.81430197 -0.12723699 0.041777004
v -0.81777996 -0.129536 0.034758002
v -0.819004 -0.115 0.048612002
v -0.81024498 -0.119523 0.043701001
v -0.82564598 -0.108825 0.054633003
v -0.83819896 -0.109522 0.059072003
v -0.84050101 -0.103468 0.067134999
v -0.82952797 -0.10039 0.065375999
v -0.82054198 -0.101542 0.062310003
v -0.82678998 -0.088460997 0.080856003
v -0.83830696 -0.089402996 0.085445002
v -0.83280498 -0.082733996 0.094071001
v -0.82491398 -0.07863 0.100087
v -0.81787801 -0.081739999 0.090245001
v -0.81643897 -0.088234998 0.080319002
v -0.87013 -0.044888999 0.096794002
v -0.86965698 -0.030179 0.101758
v -0.858163 -0.030381 0.108415
v -0.86223501 -0.063229002 0.094000004
v -0.87230396 -0.058980998 0.088615999
v -0.84663701 -0.057843 0.106041
v -0.85512698 -0.069876999 0.099039003
v -0.84389299 -0.040690001 0.116846
v -0.83711696 -0.049598999 0.114677
v -0.84570795 -0.028440999 0.117082
v -0.78003299 -0.018639 0.135269
v -0.80057299 -0.023003999 0.135545
v -0.80311197 -0.014935999 0.134331
v -0.77055198 -0.025625 0.141451
v -0.77055198 -0.025625 0.141451
v -0.76974499 -0.020680999 0.14120699
v -0.76974499 -0.020680999 0.14120699
v -0.75947797 -0.012079 0.139634
v -0.75886196 -0.01736 0.14136
v -0.76104099 -0.013598 0.139312
v -0.78078699 -0.025975 0.13983001
v -0.78078699 -0.025975 0.13983001
v -0.78303599 -0.047532998 0.13061601
v -0.78437698 -0.041162997 0.137585
v -0.77041596 -0.049072001 0.13159901
v -0.78021199 -0.061239 0.123057
v -0.760131 -0.034841001 0.14218999
v -0.76130998 -0.045550998 0.140838
v -0.754816 -0.021151999 0.141773
v -0.78342897 -0.033537999 0.139704
v -0.79866296 -0.042668 0.133099
v -0.79964 -0.036063001 0.13583601
v -0.79964 -0.036063001 0.13583601
v -0.79606795 -0.048760999 0.126945
v -0.80615896 -0.055153001 0.12038101
v -0.811086 -0.047143001 0.125737
v -0.79308599 -0.058539998 0.121821
v -0.80163097 -0.065733001 0.117656
v -0.81509697 -0.060977999 0.116047
v -0.78809798 -0.070964999 0.111758
v -0.79629099 -0.073549002 0.10443
v -0.79106599 -0.083798997 0.086819001
v -0.799784 -0.097953998 0.068134002
v -0.80912799 -0.096504003 0.069594003
v -0.818138 -0.095040001 0.071238004
v -0.82925296 -0.094536997 0.072851002
v -0.81289595 -0.106077 0.057108004
v -0.80469501 -0.10992 0.052596003
v -0.79041797 -0.098628998 0.067702003
v -0.79524797 -0.112693 0.049649
v -0.79933101 -0.122416 0.041952003
v -0.78453797 -0.115022 0.046827003
v -0.78782201 -0.124549 0.039012
v -0.789841 -0.131115 0.036506001
v -0.801898 -0.130356 0.039373003
v -0.791713 -0.134343 0.030807002
v -0.80454099 -0.13328999 0.032878
v -0.79326898 -0.13474099 0.023563001
v -0.80701196 -0.133349 0.024388002
v -0.82072699 -0.128682 0.024798002
v -0.80968499 -0.132989 0.010149002
v -0.79479396 -0.13451099 0.011551002
v -0.79551899 -0.13443001 -0.0071699983
v -0.809681 -0.132625 -0.0080089979
v -0.79415196 -0.13458499 -0.021252999
v -0.80730796 -0.13322701 -0.022944998
v -0.8211 -0.12877099 -0.023594998
v -0.83560497 -0.12512501 -0.026139999
v -0.80513501 -0.13332599 -0.031764999
v -0.818106 -0.129492 -0.032929998
v -0.83076996 -0.125871 -0.034895997
v -0.841977 -0.121078 -0.039957996
v -0.84729099 -0.118677 -0.033039998
v -0.85203898 -0.116694 -0.049311999
v -0.91722 -0.096115999 -0.0082059978
v -0.90512598 -0.100479 -0.0081229983
v -0.91804099 -0.095526002 0.0089990022
v -0.90665901 -0.099969998 0.0096700015
v -0.89437997 -0.101812 0.010542002
v -0.908333 -0.096227996 0.027403003
v -0.89674497 -0.097893 0.028577002
v -0.885638 -0.099138997 0.030406002
v -0.882608 -0.103784 0.012537002
v -0.87591696 -0.101876 0.033871002
v -0.87220097 -0.107847 0.017479002
v -0.86761498 -0.106448 0.040079001
v -0.86254597 -0.112733 0.025926001
v -0.86092097 -0.110976 0.047102001
v -0.85335797 -0.116147 0.036033001
v -0.85429198 -0.114017 0.053106003
v -0.85729796 -0.105399 0.064966999
v -0.84958601 -0.105903 0.067073002
v -0.84634095 -0.113596 0.057231002
v -0.85724998 -0.096005999 0.077064
v -0.84946799 -0.097271003 0.077424005
v -0.84049797 -0.096409 0.075988002
v -0.84754801 -0.088675 0.089044005
v -0.85447496 -0.086122997 0.089616001
v -0.84862101 -0.075825997 0.102188
v -0.84100896 -0.080202997 0.099794999
v -0.83870798 -0.065163001 0.107301
v -0.83173996 -0.072732002 0.106273
v -0.82966298 -0.057932999 0.112513
v -0.82366496 -0.0669 0.111473
v -0.82061398 -0.051374 0.118959
v -0.82695597 -0.043837998 0.123558
v -0.81508797 -0.040367 0.13127699
v -0.831074 -0.035523999 0.12558
v -0.81679499 -0.032153998 0.132834
v -0.79846799 -0.027547 0.136141
v -0.79846799 -0.027547 0.136141
v -0.81800598 -0.024139998 0.13270999
v -0.83251595 -0.025906999 0.125599
v -0.83332098 -0.014411999 0.125395
v -0.81977898 -0.015596999 0.13286701
v -0.81977898 -0.015596999 0.13286701
v -0.74778897 -0.023228999 0.14217201
v -0.73846596 -0.024618 0.142617
v -0.738805 -0.037779 0.142496
v -0.75002897 -0.036578 0.142341
v -0.738711 -0.045894999 0.141257
v -0.75061399 -0.045247998 0.141332
v -0.73681396 -0.058580998 0.12858701
v -0.74878496 -0.058996998 0.128273
v -0.75854897 -0.061774001 0.12531801
v -0.76539201 -0.070112996 0.107743
v -0.74122798 -0.090330996 0.081161
v -0.751571 -0.092542998 0.077582002
v -0.76098496 -0.096893996 0.071518004
v -0.77105796 -0.098526001 0.068861
v -0.77364898 -0.076407999 0.097257003
v -0.75195098 -0.120306 0.041699003
v -0.76280797 -0.119129 0.042512003
v -0.77350199 -0.117208 0.044123001
v -0.78116697 -0.099027999 0.067661002
v -0.764579 -0.13016 0.034907002
v -0.77598101 -0.12761 0.036192004
v -0.76589698 -0.136673 0.033392001
v -0.77777797 -0.133623 0.034320001
v -0.766693 -0.14076699 0.030279001
v -0.77947396 -0.13755099 0.029919002
v -0.76686996 -0.140641 0.024018003
v -0.78003895 -0.13755 0.023281002
v -0.76724899 -0.140466 0.014118002
v -0.780994 -0.137401 0.012379002
v -0.76792401 -0.14050899 -0.004226998
v -0.78167999 -0.137225 -0.0056859981
v -0.768049 -0.14038199 -0.018355997
v -0.78111398 -0.137301 -0.018972998
v -0.76793796 -0.14048199 -0.026537998
v -0.78030497 -0.13731299 -0.026758999
v -0.79262996 -0.134739 -0.029240998
v -0.79481298 -0.051973 -0.124336
v -0.79689097 -0.045539998 -0.130146
v -0.81125998 -0.041340001 -0.131372
v -0.81126696 -0.032816999 -0.134023
v -0.73656601 -0.0086529991 -0.12929499
v -0.741593 -0.015760999 -0.127756
v -0.73285598 -0.007819999 -0.11909
v -0.73609197 -0.015104999 -0.118765
v -0.73492199 -0.014517999 -0.10651
v -0.83525699 -0.015596999 -0.015946997
v -0.83525497 -0.015596999 -0.028092999
v -0.835298 -0.015596999 -0.0036669981
v -0.83529496 -0.015596999 0.0087540019
v -0.83524001 -0.015596999 0.021289002
v -0.83523101 -0.015596999 -0.040106997
v -0.83527899 -0.015596999 -0.052001998
v -0.83528298 -0.015596999 -0.063836001
v -0.75387901 -0.0090859989 -0.139597
v -0.75390798 -0.010619999 -0.14047299
v -0.75390798 -0.010619999 -0.14047299
v -0.75240397 -0.012405 -0.140884
v -0.92837 -0.084638998 0.023751002
v -0.91912997 -0.091774002 0.025873002
v -0.928707 -0.078760996 0.038189001
v -0.91991299 -0.085169002 0.041690003
v -0.90934396 -0.088868 0.044057
v -0.92025095 -0.076156996 0.055854
v -0.90964895 -0.079187997 0.058822002
v -0.89828098 -0.080515996 0.060647003
v -0.89809698 -0.090501003 0.045681003
v -0.88697398 -0.081367001 0.062303003
v -0.88705397 -0.091376998 0.047431003
v -0.87633497 -0.083554 0.06515
v -0.87695098 -0.093520999 0.050317001
v -0.867787 -0.087977 0.069639005
v -0.86831701 -0.097724997 0.055151001
v -0.86241096 -0.091955997 0.073431998
v -0.86607897 -0.076747 0.083179004
v -0.86043596 -0.081886999 0.087291002
v -0.87479401 -0.072096996 0.078216001
v -0.88583696 -0.069723003 0.074916005
v -0.88424301 -0.056784999 0.084894001
v -0.89762801 -0.068966001 0.073269002
v -0.89657795 -0.056261998 0.083379999
v -0.89563799 -0.042840999 0.090988003
v -0.88285398 -0.043171 0.092383005
v -0.89516997 -0.02919 0.096372001
v -0.882218 -0.029430998 0.097573005
v -0.89501101 -0.014792999 0.099451005
v -0.88219398 -0.014923999 0.1006
v -0.87004298 -0.015191999 0.104646
v -0.85829699 -0.015132 0.110107
v -0.84608197 -0.014601999 0.11718901
v -0.71316099 -0.027817 0.143179
v -0.72648996 -0.026146999 0.143034
v -0.726004 -0.047045998 0.14077
v -0.72413796 -0.057457998 0.128262
v -0.71902698 -0.086645998 0.087589003
v -0.73004895 -0.088849001 0.084004
v -0.72956598 -0.120669 0.042635001
v -0.74094701 -0.12084 0.041638002
v -0.74171197 -0.13288701 0.033610001
v -0.75320899 -0.131882 0.034191001
v -0.74209297 -0.138679 0.033468001
v -0.753959 -0.137826 0.033307001
v -0.74231297 -0.142078 0.030418001
v -0.754336 -0.141404 0.030637002
v -0.74240297 -0.141865 0.024953002
v -0.75436395 -0.14139 0.024944002
v -0.74255997 -0.141542 0.014880002
v -0.754511 -0.141186 0.015335002
v -0.74281496 -0.141424 -0.006891998
v -0.75497997 -0.141045 -0.0049809981
v -0.74273998 -0.14175101 -0.021208998
v -0.75508201 -0.141285 -0.019768998
v -0.74268997 -0.141976 -0.028322998
v -0.75508296 -0.141432 -0.027596999
v -0.75391001 -0.131685 -0.034119997
v -0.76817399 -0.066563003 -0.117841
v -0.77163398 -0.056304999 -0.127038
v -0.77309698 -0.048032999 -0.132246
v -0.78258097 -0.054570001 -0.12498499
v -0.77375698 -0.044507001 -0.137909
v -0.78448999 -0.047352999 -0.130514
v -0.773027 -0.038881 -0.14109799
v -0.78496999 -0.042413998 -0.135902
v -0.77237296 -0.033712998 -0.141303
v -0.78441799 -0.037196998 -0.138759
v -0.797571 -0.039271999 -0.134948
v -0.78314996 -0.031454999 -0.139513
v -0.79646099 -0.032226998 -0.13652501
v -0.77218199 -0.028511999 -0.141184
v -0.76361495 -0.023320999 -0.14145
v -0.76260501 -0.027714999 -0.141736
v -0.75638896 -0.021074999 -0.141537
v -0.76217699 -0.032550998 -0.14188699
v -0.75471497 -0.024041999 -0.14183199
v -0.75052398 -0.014638999 -0.14119899
v -0.753169 -0.028431999 -0.14211901
v -0.748164 -0.017746 -0.141587
v -0.75249201 -0.03492 -0.142197
v -0.76257998 -0.043277998 -0.141048
v -0.76208198 -0.048820999 -0.135102
v -0.75221097 -0.043265 -0.141417
v -0.76233298 -0.037724998 -0.14181499
v -0.760427 -0.057553001 -0.128326
v -0.75090897 -0.050326999 -0.135757
v -0.74043697 -0.045874 -0.14096799
v -0.74802595 -0.063417003 -0.124017
v -0.738563 -0.057517998 -0.12979099
v -0.72760695 -0.051794 -0.13641199
v -0.728993 -0.037544001 -0.142424
v -0.71535897 -0.050320998 -0.13868299
v -0.71576595 -0.040036 -0.14242201
v -0.71640199 -0.014791999 -0.14310201
v -0.70274597 -0.038706999 -0.14254799
v -0.70307297 -0.012141 -0.143388
v -0.689188 -0.031725999 -0.14289699
v -0.676485 -0.032775 -0.142829
v -0.66356099 -0.032743998 -0.14282399
v -0.65067297 -0.032538 -0.14285199
v -0.63778996 -0.032274999 -0.142855
v -0.65066397 -0.043267 -0.14229
v -0.63791597 -0.043288 -0.14234599
v -0.63796496 -0.048551999 -0.140571
v -0.61411697 -0.12574899 -0.038316999
v -0.60245699 -0.125365 -0.038422998
v -0.602189 -0.13692001 -0.032711998
v -0.59044796 -0.13577799 -0.032615997
v -0.57862896 -0.134766 -0.032612
v -0.56681198 -0.133403 -0.032863997
v -0.55525798 -0.13177501 -0.033686999
v -0.54396397 -0.129721 -0.034647997
v -0.532938 -0.126516 -0.036116999
v -0.68709201 -0.030334 0.142984
v -0.70005697 -0.029275 0.143094
v -0.69984096 -0.041210998 0.142575
v -0.71862298 -0.140724 0.033193003
v -0.73030597 -0.139428 0.033360001
v -0.73046899 -0.142416 0.029870002
v -0.71895397 -0.142698 0.023451002
v -0.73061597 -0.142261 0.024332002
v -0.73082399 -0.141995 0.013857001
v -0.719392 -0.142571 -0.010286998
v -0.73098397 -0.141973 -0.0090099983
v -0.71924299 -0.142648 -0.022608997
v -0.73093396 -0.142207 -0.022197999
v -0.73082596 -0.142369 -0.028734999
v -0.71914697 -0.13349099 -0.032750998
v -0.73067498 -0.133205 -0.033175997
v -0.742194 -0.132311 -0.033604
v -0.73048198 -0.117879 -0.045995999
v -0.74148297 -0.11884 -0.043922
v -0.73277301 -0.080169998 -0.094251998
v -0.72013897 -0.115191 -0.050597999
v -0.72420299 -0.067847997 -0.108768
v -0.708543 -0.113339 -0.053847998
v -0.71328998 -0.063432999 -0.114932
v -0.70093501 -0.061751999 -0.11665799
v -0.70214599 -0.049759999 -0.139558
v -0.688335 -0.060729001 -0.117662
v -0.68909198 -0.048305001 -0.14078599
v -0.67591697 -0.058346 -0.120384
v -0.67618597 -0.045573 -0.142149
v -0.66341996 -0.048503 -0.140571
v -0.66344398 -0.043545 -0.142242
v -0.65065598 -0.048480999 -0.140571
v -0.66116798 -0.109704 -0.061000999
v -0.64901 -0.104495 -0.068949997
v -0.63812399 -0.105675 -0.066799
v -0.63741797 -0.12876199 -0.036296997
v -0.62577599 -0.12759399 -0.037076999
v -0.63727397 -0.139182 -0.032865997
v -0.62559199 -0.138769 -0.032856997
v -0.61390299 -0.13791099 -0.032796998
v -0.62549597 -0.143199 -0.029830998
v -0.62549597 -0.143199 -0.029830998
v -0.61382997 -0.143021 -0.030324997
v -0.61382997 -0.143021 -0.030324997
v -0.60210299 -0.14242201 -0.031515997
v -0.60210299 -0.14242201 -0.031515997
v -0.61369097 -0.14322101 -0.024659999
v -0.60197598 -0.142846 -0.025489999
v -0.60197598 -0.142846 -0.025489999
v -0.59020096 -0.14252301 -0.026391998
v -0.59020096 -0.14252301 -0.026391998
v -0.59033501 -0.14168499 -0.032090999
v -0.57838297 -0.14212599 -0.027330998
v -0.57838297 -0.14212599 -0.027330998
v -0.578493 -0.140983 -0.032675996
v -0.56645501 -0.14189 -0.028286999
v -0.56645501 -0.14189 -0.028286999
v -0.56658697 -0.139451 -0.033023998
v -0.55447298 -0.14163999 -0.029218998
v -0.55447298 -0.14163999 -0.029218998
v -0.55471796 -0.138441 -0.033064999
v -0.54233795 -0.14098901 -0.029936999
v -0.54233795 -0.14098901 -0.029936999
v -0.54291201 -0.13694499 -0.033409998
v -0.53012997 -0.139057 -0.031659998
v -0.53012997 -0.139057 -0.031659998
v -0.53149199 -0.13390599 -0.034303997
v -0.51771897 -0.135683 -0.032648999
v -0.51977199 -0.130393 -0.036519997
v -0.50809199 -0.12762 -0.040225998
v -0.66150296 -0.031909999 0.142869
v -0.67412198 -0.031227998 0.14289901
v -0.67390496 -0.042496998 0.14239401
v -0.68407696 -0.14145499 -0.032414999
v -0.68415201 -0.13343699 -0.032564998
v -0.67251098 -0.133149 -0.032548998
v -0.67358899 -0.111152 -0.058481999
v -0.66069901 -0.132264 -0.032994997
v -0.64905596 -0.12998 -0.035249997
v -0.660622 -0.14063899 -0.032949999
v -0.64894998 -0.13961899 -0.032904997
v -0.66061395 -0.14356101 -0.028543998
v -0.64890498 -0.14346001 -0.029174998
v -0.63720596 -0.14337 -0.029537998
v -0.64884198 -0.144095 -0.023558998
v -0.63708401 -0.143822 -0.023917999
v -0.63708401 -0.143822 -0.023917999
v -0.62536597 -0.143516 -0.024184998
v -0.62536597 -0.143516 -0.024184998
v -0.63690597 -0.144049 -0.013591998
v -0.62513399 -0.14373399 -0.013830998
v -0.61342996 -0.14329199 -0.014188998
v -0.61317599 -0.14342099 0.0093490016
v -0.60147798 -0.142902 0.0091600018
v -0.60172796 -0.142819 -0.014767998
v -0.58978796 -0.142355 0.0088920016
v -0.59000796 -0.14228401 -0.015606998
v -0.57809401 -0.14183299 0.0081200022
v -0.57826501 -0.14161301 -0.016602999
v -0.564363 -0.14147499 0.0049800016
v -0.56628299 -0.14139301 -0.018202998
v -0.55431801 -0.14125501 -0.0082319984
v -0.55442101 -0.14142899 -0.022085998
v -0.54385996 -0.141018 -0.0041319984
v -0.54244596 -0.141048 -0.022535998
v -0.528938 -0.139671 -0.0060779983
v -0.52948695 -0.139828 -0.023004998
v -0.52948695 -0.139828 -0.023004998
v -0.51553196 -0.13610999 -0.0060249981
v -0.516348 -0.13661 -0.023599999
v -0.516348 -0.13661 -0.023599999
v -0.50143296 -0.134795 -0.0064859982
v -0.50319296 -0.13433 -0.024978999
v -0.50319296 -0.13433 -0.024978999
v -0.505467 -0.133596 -0.034803998
v -0.49004599 -0.13259199 -0.026423998
v -0.49004599 -0.13259199 -0.026423998
v -0.49294499 -0.13218699 -0.037649997
v -0.48069599 -0.129168 -0.039697997
v -0.48069599 -0.129168 -0.039697997
v -0.48447698 -0.12447 -0.047496997
v -0.64900899 -0.032426 0.142883
v -0.64902496 -0.043603998 0.14236601
v -0.67236996 -0.14357001 -0.027930997
v -0.672342 -0.14118899 -0.032583997
v -0.66062397 -0.144171 -0.022828998
v -0.66061896 -0.14432 -0.012555998
v -0.64875799 -0.144278 -0.012923998
v -0.47423097 -0.12905499 -0.0071609984
v -0.47737399 -0.129559 -0.027490998
v -0.47737399 -0.129559 -0.027490998
v -0.46447599 -0.126537 -0.027617998
v -0.46793398 -0.126846 -0.040860999
v -0.45450097 -0.124208 -0.041960999
v -0.44176197 -0.120055 -0.043649998
v -0.59881496 -0.032364 0.142373
v -0.61173695 -0.044624001 0.142463
v -0.61191696 -0.049321998 0.13841
v -0.62430096 -0.049056001 0.138882
v -0.42523003 -0.114776 -0.028550997
v -0.42807299 -0.117407 -0.045527998
v -0.41486502 -0.115055 -0.047780998
v -0.55724698 -0.025189999 0.139286
v -0.55724698 -0.025189999 0.139286
v -0.57134998 -0.027843999 0.14137301
v -0.57134998 -0.027843999 0.14137301
v -0.58529401 -0.030282998 0.14197201
v -0.57141799 -0.042158 0.14099801
v -0.57141799 -0.042158 0.14099801
v -0.58558398 -0.043625001 0.141885
v -0.58558398 -0.043625001 0.141885
v -0.59906399 -0.044512998 0.14229201
v -0.58633399 -0.050542999 0.136733
v -0.59944296 -0.049838997 0.13769901
v -0.41323298 -0.113067 0.032132003
v -0.41175699 -0.112851 0.012061002
v -0.400563 -0.111654 0.011962002
v -0.400352 -0.111651 -0.0089679984
v -0.38912201 -0.110453 -0.0089259986
v -0.389238 -0.11027 -0.029638998
v -0.38923299 -0.11079 -0.049613997
v -0.37774003 -0.109169 -0.029013999
v -0.37715197 -0.109008 -0.048648
v -0.36513799 -0.107785 -0.046997998
v -0.518332 -0.021451999 0.13362201
v -0.53181195 -0.022377999 0.13383201
v -0.54458797 -0.023745999 0.13505301
v -0.54458797 -0.023745999 0.13505301
v -0.53307998 -0.041680001 0.134137
v -0.545937 -0.041892998 0.134694
v -0.545937 -0.041892998 0.134694
v -0.55835396 -0.041350998 0.137767
v -0.56066096 -0.052471001 0.132384
v -0.572653 -0.051098 0.135483
v -0.401371 -0.111542 0.032410003
v -0.38959497 -0.11114 0.051746003
v -0.38972199 -0.110264 0.032278001
v -0.38932198 -0.110458 0.011812001
v -0.37809694 -0.109198 0.031515002
v -0.378075 -0.109327 0.011515002
v -0.37791198 -0.10929 -0.0087699983
v -0.366557 -0.108385 0.011127002
v -0.36637199 -0.108343 -0.0084919985
v -0.36594599 -0.108334 -0.028040998
v -0.35447198 -0.107749 -0.0082159983
v -0.35392702 -0.1079 -0.027051998
v -0.35287595 -0.107155 -0.045198999
v -0.34167695 -0.107709 -0.026247999
v -0.34050399 -0.106905 -0.043826997
v -0.48118398 -0.026839999 0.123385
v -0.49260399 -0.023783 0.126555
v -0.50463396 -0.021873999 0.13064601
v -0.495042 -0.042932998 0.12834901
v -0.506621 -0.04098 0.132496
v -0.51997095 -0.040463999 0.133674
v -0.48378998 -0.045254998 0.12582301
v -0.46958697 -0.029864999 0.12024
v -0.47200498 -0.047809999 0.125339
v -0.45837098 -0.032695998 0.116882
v -0.45980898 -0.051279999 0.122883
v -0.447267 -0.034116998 0.115443
v -0.44832298 -0.054146998 0.119965
v -0.43614101 -0.033994 0.114344
v -0.43684399 -0.054947998 0.117264
v -0.43799299 -0.066019997 0.116959
v -0.42474401 -0.053792 0.115881
v -0.42512202 -0.065095998 0.116694
v -0.41183299 -0.06391 0.116305
v -0.37748694 -0.109159 0.050774001
v -0.36553502 -0.107737 0.049062002
v -0.36633098 -0.108382 0.030451002
v -0.35319996 -0.107019 0.047152001
v -0.35423696 -0.107913 0.029315002
v -0.35465199 -0.10779 0.010730002
v -0.34191501 -0.107697 0.028321002
v -0.342363 -0.107411 0.010328001
v -0.34224397 -0.107317 -0.0080259982
v -0.32993597 -0.107157 0.0099930018
v -0.32987797 -0.107111 -0.0079149986
v -0.32927501 -0.107612 -0.025694998
v -0.31747097 -0.107076 -0.007838998
v -0.31677401 -0.107609 -0.025290998
v -0.31540298 -0.106866 -0.042271998
v -0.32795894 -0.106813 -0.042908996
v -0.4249 -0.032412998 0.113861
v -0.41376102 -0.029616999 0.113665
v -0.41249502 -0.051119998 0.114824
v -0.40258396 -0.026432 0.113526
v -0.40076101 -0.047775 0.113819
v -0.39866602 -0.062442999 0.11452
v -0.38929498 -0.044014998 0.113084
v -0.38670695 -0.059896 0.111756
v -0.375139 -0.056637 0.108374
v -0.34076202 -0.10671 0.045615003
v -0.32823598 -0.10655 0.044550002
v -0.32943898 -0.107675 0.027586002
v -0.31567895 -0.106495 0.043908
v -0.31692302 -0.107685 0.027069002
v -0.31751394 -0.107127 0.0097350022
v -0.30443501 -0.10772 0.026671002
v -0.30514199 -0.107238 0.009529002
v -0.30508798 -0.107189 -0.007749998
v -0.29275894 -0.107408 0.0093410015
v -0.29276299 -0.10737 -0.007631998
v -0.29179502 -0.107745 -0.024618998
v -0.30424899 -0.107644 -0.024966998
v -0.29016495 -0.106648 -0.041447997
v -0.30278498 -0.106694 -0.041819997
v -0.39149797 -0.023770999 0.113422
v -0.37989599 -0.021453999 0.11331
v -0.37989599 -0.021453999 0.11331
v -0.37748498 -0.040472999 0.112179
v -0.37748498 -0.040472999 0.112179
v -0.3678 -0.019641999 0.1132
v -0.3678 -0.019641999 0.1132
v -0.36554694 -0.037657999 0.110874
v -0.36335397 -0.053867001 0.105761
v -0.35336697 -0.035478 0.109435
v -0.35146499 -0.051387001 0.103234
v -0.33935297 -0.049428999 0.10125601
v -0.30311698 -0.106297 0.043425001
v -0.29054099 -0.106202 0.042984001
v -0.29203594 -0.107814 0.026292002
v -0.27800298 -0.106104 0.042227
v -0.27960998 -0.107894 0.025744002
v -0.28036797 -0.107637 0.0091480017
v -0.26693398 -0.107722 0.025054002
v -0.26776999 -0.107687 0.0089050019
v -0.26768994 -0.10766 -0.0072299982
v -0.28028399 -0.107604 -0.0074259983
v -0.26668698 -0.107782 -0.023422997
v -0.26668698 -0.107782 -0.023422997
v -0.27937794 -0.107879 -0.024075998
v -0.26501596 -0.105944 -0.039777998
v -0.26391101 -0.098417997 -0.054878999
v -0.263569 -0.088174 -0.068449996
v -0.26397997 -0.075519003 -0.07987
v -0.26508796 -0.031842001 -0.10543299
v -0.26510298 -0.016283 -0.111059
v -0.355335 -0.018279999 0.11304
v -0.34265494 -0.017424999 0.112755
v -0.34094399 -0.033955 0.108346
v -0.32988 -0.016929999 0.112742
v -0.328412 -0.032889999 0.107512
v -0.31576997 -0.032155 0.107148
v -0.26545298 -0.105469 0.041274
v -0.25311399 -0.103323 0.040145002
v -0.25421798 -0.106386 0.024335003
v -0.24120897 -0.099782996 0.038682003
v -0.24193299 -0.103092 0.023554001
v -0.24269295 -0.103572 0.0083370022
v -0.25508296 -0.10667 0.0086350022
v -0.24270499 -0.103579 -0.0068719983
v -0.25501299 -0.106647 -0.007044998
v -0.241768 -0.103056 -0.022140998
v -0.241768 -0.103056 -0.022140998
v -0.25402099 -0.106387 -0.022809999
v -0.25402099 -0.106387 -0.022809999
v -0.24088997 -0.100052 -0.037451997
v -0.25268602 -0.103813 -0.038659997
v -0.24040598 -0.092764996 -0.051723998
v -0.25196898 -0.096110001 -0.053473998
v -0.24012798 -0.083026998 -0.064569995
v -0.25167197 -0.086149 -0.066952996
v -0.24021 -0.071471997 -0.075541995
v -0.25195497 -0.073950998 -0.078318998
v -0.24056196 -0.058516998 -0.084523
v -0.25246298 -0.060339 -0.087591998
v -0.24087501 -0.044808 -0.092379995
v -0.25278199 -0.046085998 -0.095826998
v -0.24071097 -0.03063 -0.099446997
v -0.25268102 -0.031441998 -0.103161
v -0.24026299 -0.0156 -0.104255
v -0.25236899 -0.016032999 -0.108323
v -0.31706202 -0.016550999 0.112701
v -0.30408698 -0.016230999 0.112494
v -0.30313498 -0.031684 0.106975
v -0.29107296 -0.016014999 0.112648
v -0.29041195 -0.031392999 0.106865
v -0.27777797 -0.031360999 0.106622
v -0.27752399 -0.046149001 0.098616004
v -0.26516795 -0.046051998 0.098016001
v -0.21849 -0.094254002 0.021960001
v -0.23036301 -0.098413996 0.022686001
v -0.21916097 -0.094554998 0.0076940018
v -0.230941 -0.098741002 0.0079890015
v -0.21914798 -0.094552003 -0.0066019981
v -0.23090798 -0.098704003 -0.0067279981
v -0.21847796 -0.094269 -0.020891998
v -0.21847796 -0.094269 -0.020891998
v -0.230304 -0.098404996 -0.021466998
v -0.230304 -0.098404996 -0.021466998
v -0.21777201 -0.092178002 -0.035039999
v -0.229348 -0.096221 -0.036254998
v -0.21741295 -0.085804 -0.047992997
v -0.228962 -0.089282997 -0.049904
v -0.217058 -0.076494001 -0.059028998
v -0.22867197 -0.079755001 -0.061900999
v -0.21698797 -0.065606996 -0.06848
v -0.22861999 -0.068563998 -0.072124995
v -0.21722496 -0.053704001 -0.076542996
v -0.228881 -0.056224998 -0.080694996
v -0.217372 -0.041370001 -0.084043995
v -0.22916299 -0.043203998 -0.088290997
v -0.21724898 -0.028570998 -0.090709001
v -0.22897601 -0.029749999 -0.095215999
v -0.21697098 -0.014661999 -0.094985001
v -0.22863197 -0.015198999 -0.099562995
v -0.27790999 -0.016044 0.11250401
v -0.26483202 -0.016040999 0.111258
v -0.26508701 -0.031376 0.10578001
v -0.252056 -0.015852999 0.108405
v -0.25261199 -0.031082999 0.10348
v -0.24054396 -0.030325999 0.099650003
v -0.19508398 -0.088114001 -0.0064569982
v -0.20727801 -0.090797998 -0.0064979983
v -0.19468999 -0.087960996 -0.019976998
v -0.20673597 -0.090627998 -0.020373998
v -0.19338197 -0.070954002 -0.053314999
v -0.19336897 -0.060337998 -0.061332997
v -0.20526695 -0.062786996 -0.064748995
v -0.239914 -0.015490999 0.104278
v -0.239914 -0.015490999 0.104278
v -0.22823596 -0.015017999 0.099566005
v -0.21653998 -0.014525999 0.094880998
v -0.17064798 -0.083760999 -0.0066019981
v -0.17027998 -0.084023997 -0.019776998
v -0.18249202 -0.085567996 -0.019815998
v -0.20476198 -0.014086 0.090800002
v -0.19286096 -0.013711999 0.087319002
v -0.18084997 -0.013427999 0.084451005
v -0.146092 -0.085244998 -0.0067629982
v -0.14587295 -0.085188001 -0.019840999
v -0.16881096 -0.013416 0.082818002
v -0.15675402 -0.013586999 0.082318
v -0.14491701 -0.013973 0.083087005
v -0.12205696 -0.089705996 -0.007131998
v -0.12203699 -0.089719996 -0.020769998
v -0.13388801 -0.087284997 -0.020178998
v -0.13328695 -0.014456999 0.084843002
v -0.12203699 -0.014927999 0.087717004
v -0.110856 -0.015206999 0.091400005
v -0.110856 -0.015206999 0.091400005
v -0.099128962 -0.097204 -0.0077679986
v -0.11053997 -0.093185 -0.0074499981
v -0.099206984 -0.097111002 -0.022209998
v -0.11057401 -0.093172997 -0.021456998
v -0.088458002 -0.015443999 0.099638
v -0.077210963 -0.015604 0.104729
v -0.07633698 -0.106129 0.007480002
v -0.087738991 -0.101637 0.007358002
v -0.076373994 -0.106113 -0.0090569984
v -0.087776959 -0.101608 -0.0083399983
v -0.07624197 -0.105817 -0.024152998
v -0.087741971 -0.101505 -0.023106998
v -0.065302014 -0.01553 0.108781
v -0.034663975 -0.014922999 0.110885
v -0.043866992 -0.015742 0.111584
v -0.053959966 -0.015796999 0.110966
v -0.039186954 -0.028236 0.10062
v -0.048590004 -0.028256999 0.099632002
v -0.053563952 -0.112839 0.0079090018
v -0.064836979 -0.110279 0.0077740019
v -0.053579986 -0.112874 -0.0099089984
v -0.064893961 -0.110284 -0.0096639981
v -0.053141952 -0.112586 -0.026295999
v -0.064660966 -0.110018 -0.025400998
v -0.020002961 -0.011886 0.102661
v -0.026731968 -0.013537999 0.107831
v -0.023786008 -0.026706999 0.099123001
v -0.033427954 -0.111844 0.024082001
v -0.034165978 -0.112055 0.007507002
v -0.043289959 -0.113203 0.0078140013
v -0.034189999 -0.112116 -0.009213998
v -0.043311 -0.113302 -0.0096809985
v -0.033478975 -0.111843 -0.025101999
v -0.042638958 -0.113117 -0.026057998
v -0.025904 -0.109578 0.007046002
v -0.025860965 -0.109589 -0.0086119985
v -0.02522999 -0.109024 -0.023897998
v 0.010531008 -0.045733999 0.049827002
v 0.0062569976 -0.049135998 0.053437002
v 0.0064250231 -0.058389001 0.044731002
v 0.012109041 -0.049247999 0.037795004
v 0.010411024 -0.054198999 0.041708
v 0.010341048 -0.061154 0.032865003
v 0.0062600374 -0.065802999 0.035243001
v 0.0063090324 -0.071167998 0.025398001
v 0.083327055 -0.026000999 0.017208003
v 0.095735073 -0.026015999 0.016909001
v 0.083364964 -0.016979 0.026376002
v 0.095762014 -0.017100999 0.026142001
v 0.095759988 -0.022154 0.022117002
v 0.10818505 -0.017491 0.025850002
v 0.083358049 -0.0088449996 0.030626003
v 0.095738053 -0.0088799996 0.030539002
v 0.095748067 -0.012459999 0.028948002
v 0.10819304 -0.0090729995 0.030351002
v 0.10818899 -0.012509999 0.028843002
v 0.12065601 -0.0094519993 0.030022001
v 0.12063897 -0.013184999 0.028380001
v 0.13308299 -0.014008999 0.027811002
v 0.083360076 -0.0028369993 0.033210002
v 0.095735073 -0.0028699993 0.033130001
v 0.095734 -0.0058269994 0.031854004
v 0.10820496 -0.0029719993 0.033011001
v 0.10819602 -0.0059839995 0.031694002
v 0.12068999 -0.0031069992 0.032828003
v 0.12067306 -0.0062589995 0.031429
v 0.13312197 -0.0032829994 0.032625001
v 0.13310301 -0.0065839994 0.031152003
v 0.13309705 -0.010023999 0.029642003
v 0.14553607 -0.0067889993 0.030918002
v 0.14552999 -0.010466999 0.029387001
v 0.14554298 -0.0033869992 0.032492001
v 0.15797806 -0.0034679992 0.032379001
v 0.157974 -0.0070219995 0.030738002
v 0.17042303 -0.0035729993 0.032248002
v 0.170416 -0.0072459993 0.030472001
v 0.18285203 -0.0075549991 0.030233001
v 0.18285501 -0.0037069994 0.032129001
v 0.195297 -0.0038919994 0.031985004
v 0.19529402 -0.0079629989 0.030014003
v 0.20776105 -0.0040679993 0.031802002
v 0.20774901 -0.0083259996 0.029733002
v 0.78730094 -0.0062659993 -0.027924998
v 0.78726304 -0.0031309994 -0.028324999
v 0.79970002 -0.0032609992 -0.028313998
v 0.76235306 -0.012188999 -0.027144998
v 0.77482402 -0.012213999 -0.027134998
v 0.78727996 -0.012429999 -0.027075998
v 0.79973495 -0.012885 -0.026945999
v 0.79974604 -0.009686999 -0.027358998
v 0.79973805 -0.0064959992 -0.027834998
v 0.812204 -0.010140999 -0.027236998
v 0.81217396 -0.0068139993 -0.027715998
v 0.774804 -0.015151999 -0.026732998
v 0.787256 -0.015397999 -0.026697999
v 0.799698 -0.018146999 -0.024211999
v 0.799721 -0.015934 -0.026318999
v 0.81221497 -0.016379999 -0.025787998
v 0.87356603 -0.013362999 -0.022333998
v 0.87348604 -0.010442999 -0.023965998
v 0.87342 -0.0072639994 -0.025362998
v 0.87334597 -0.0036599992 -0.026165998
v 0.84961402 -0.025962999 -0.011774998
v 0.874313 -0.020827999 -0.015490999
v 0.87399209 -0.018503999 -0.018006999
v 0.88626301 -0.017540999 -0.016863998
v 0.88598406 -0.015188999 -0.019078998
v 0.88577807 -0.012668 -0.020761998
v 0.89841306 -0.014316999 -0.017683998
v 0.89814293 -0.011793999 -0.019201998
v 0.89788902 -0.0092119994 -0.020749997
v 0.88564503 -0.010032999 -0.022387998
v 0.897699 -0.0063199992 -0.021912998
v 0.88558495 -0.0069499994 -0.023820998
v 0.89761102 -0.0033119994 -0.022883998
v 0.88555002 -0.0035459993 -0.024299998
v 0.78718793 -0.026714999 -0.0073419982
v 0.79959404 -0.026844999 -0.0063049984
v 0.799595 -0.026374999 -0.010387998
v 0.81200004 -0.026494 -0.0090819979
v 0.84931505 -0.027626999 -0.0037259981
v 0.84944499 -0.026972 -0.0078319982
v 0.86238003 -0.026772 -0.0024059983
v 0.86234903 -0.026267 -0.0066469982
v 0.87563002 -0.023561999 -0.0052289981
v 0.87535107 -0.023167999 -0.0084909983
v 0.88701308 -0.020302 -0.0070709982
v 0.8868221 -0.019882999 -0.010898998
v 0.88656294 -0.019197 -0.014237998
v 0.89890504 -0.017336 -0.009519998
v 0.89882803 -0.017078999 -0.012813998
v 0.89871395 -0.016485998 -0.015886998
v 0.91045296 -0.014380999 -0.011053998
v 0.91046393 -0.014105999 -0.014026999
v 0.91030502 -0.013015999 -0.016247999
v 0.92067397 -0.011655999 -0.012159999
v 0.92091203 -0.011329999 -0.014718998
v 0.92079294 -0.0097119994 -0.016476998
v 0.9098891 -0.010718999 -0.017825998
v 0.92054808 -0.0075239991 -0.017786998
v 0.90956795 -0.0082569988 -0.019169997
v 0.92037308 -0.0050459993 -0.018876998
v 0.90937507 -0.0055769994 -0.020318998
v 0.92023695 -0.0025719993 -0.019463997
v 0.90927899 -0.0028349992 -0.021107998
v 0.78720701 -0.027185999 -0.0030619982
v 0.79960597 -0.027277999 -0.0019749983
v 0.81193697 -0.027365999 -0.00045599818
v 0.87544906 -0.023992999 -0.0010369982
v 0.88710904 -0.020429999 -0.0033459982
v 0.89896905 -0.0175 -0.0061199982
v 0.91043794 -0.014566999 -0.0080319978
v 0.92017496 -0.012212999 -0.006620998
v 0.92039406 -0.011992999 -0.0094569977
v 0.927876 -0.010813 -0.0050389981
v 0.92829704 -0.010625999 -0.0075959982
v 0.92881501 -0.010261999 -0.010158998
v 0.93506801 -0.0095239989 -0.0057099983
v 0.93549502 -0.0091619994 -0.0079889977
v 0.93599308 -0.008547999 -0.010211999
v 0.92939794 -0.009810999 -0.012743998
v 0.92992401 -0.0094169993 -0.014976998
v 0.92982805 -0.0070679993 -0.016455999
v 0.929703 -0.0046039992 -0.017175999
v 0.93699503 -0.0020679992 -0.015500998
v 0.92964303 -0.0022949993 -0.017676998
v 0.93468201 -0.0098049995 -0.0034649982
v 0.94045103 -0.0084499996 -0.0020979983
v 0.94090998 -0.0082629994 -0.0044179983
v 0.941185 -0.0075269993 -0.0064799981
v 0.94154894 -0.0065349992 -0.0081589986
v 0.9440161 -0.0017709993 -0.0099079981
v 0.942011 -0.0016739992 -0.012107998
v -0.928913 -0.070479997 0.051041003
v -0.929277 -0.060459998 0.061902002
v -0.92036396 -0.065481998 0.067841999
v -0.92954201 -0.049560998 0.070732005
v -0.92028296 -0.053585999 0.077569
v -0.90887499 -0.055556998 0.081432998
v -0.90941399 -0.067989998 0.071362004
v -0.920057 -0.040690999 0.084653005
v -0.90835398 -0.042328 0.089078002
v -0.920026 -0.027569 0.089896001
v -0.90812296 -0.028754 0.094577
v -0.91999596 -0.013904999 0.092904001
v -0.90796399 -0.014554 0.097626999
v -0.92949998 -0.037613999 0.077273004
v -0.929649 -0.025366999 0.081776999
v -0.929829 -0.012751999 0.084438004
v -0.83471698 -0.015596999 -0.087797001
v -0.83293301 -0.015596999 -0.100634
v -0.83516496 -0.015596999 -0.075681001
v -0.82763499 -0.015596999 -0.113606
v -0.81716198 -0.015596999 -0.123368
v -0.83441597 -0.015596999 0.090910003
v -0.835127 -0.015596999 0.074758999
v -0.83007097 -0.015596999 0.108449
v -0.81779796 -0.015596999 0.123089
v -0.83523399 -0.015596999 0.060308002
v -0.83523697 -0.015596999 0.046914
v -0.83524698 -0.015596999 0.033980001
v -0.73454696 -0.0070849992 -0.079041995
v -0.73516798 -0.013653999 -0.078934997
v -0.73404896 -0.014091999 -0.093166001
v -0.733266 -0.0073989993 -0.092957996
v -0.73262799 -0.0076029995 -0.106241
v -0.78233397 -0.080937997 0.090924002
f 1 10 11
f 1 11 12
f 1 13 9
f 1 9 1433
f 1 12 14
f 1 14 13
f 2 13 14
f 2 14 16
f 2 15 9
f 2 9 13
f 3 20 24
f 3 24 23
f 5 29 30
f 5 30 21
f 5 31 32
f 5 32 29
f 5 33 34
f 5 34 31
f 5 21 4
f 5 4 27
f 36 37 38
f 36 38 28
f 36 22 21
f 36 21 30
f 36 30 39
f 36 39 37
f 39 40 41
f 39 41 37
f 39 30 29
f 39 29 42
f 39 42 43
f 47 17 18
f 48 49 50
f 48 50 51
f 51 50 52
f 51 52 53
f 51 53 54
f 54 53 55
f 58 59 60
f 58 60 38
f 58 38 37
f 58 37 41
f 60 61 19
f 61 20 19
f 68 67 69
f 68 69 35
f 68 35 27
f 68 27 26
f 69 67 66
f 69 66 70
f 69 70 71
f 69 71 72
f 69 72 33
f 69 33 35
f 72 71 73
f 72 73 74
f 72 74 34
f 72 34 33
f 74 73 75
f 74 75 76
f 74 76 77
f 74 77 34
f 77 78 31
f 77 31 34
f 77 76 79
f 82 81 83
f 86 84 87
f 86 87 89
f 85 88 45
f 89 87 90
f 89 90 91
f 89 91 49
f 89 49 46
f 91 90 92
f 91 92 93
f 91 93 50
f 91 50 49
f 93 92 94
f 93 94 95
f 93 95 52
f 93 52 50
f 95 94 96
f 95 96 97
f 95 97 98
f 95 98 52
f 98 55 53
f 98 53 52
f 98 97 99
f 98 99 100
f 98 100 101
f 98 101 55
f 101 56 55
f 101 100 102
f 101 102 103
f 101 103 57
f 103 102 104
f 103 104 105
f 105 104 106
f 115 114 116
f 115 116 117
f 122 123 124
f 122 124 120
f 122 125 126
f 122 126 123
f 126 125 127
f 126 127 128
f 130 131 132
f 130 132 121
f 130 121 120
f 130 120 124
f 132 131 133
f 132 133 134
f 140 139 141
f 140 141 142
f 144 142 145
f 144 145 147
f 143 146 148
f 143 148 112
f 149 147 150
f 149 150 151
f 156 155 157
f 156 157 158
f 156 158 70
f 156 70 66
f 158 157 159
f 158 159 160
f 158 160 71
f 158 71 70
f 160 159 161
f 160 161 162
f 160 162 73
f 160 73 71
f 162 161 163
f 162 163 164
f 162 164 75
f 162 75 73
f 164 163 165
f 164 166 75
f 166 76 75
f 169 168 170
f 172 171 173
f 172 173 174
f 172 174 87
f 172 87 84
f 174 173 175
f 174 175 176
f 174 176 90
f 174 90 87
f 176 175 177
f 176 177 178
f 176 178 92
f 176 92 90
f 178 177 179
f 178 179 180
f 178 180 94
f 178 94 92
f 180 179 181
f 180 181 182
f 180 182 96
f 180 96 94
f 182 181 183
f 182 183 184
f 182 184 185
f 182 185 96
f 185 99 97
f 185 97 96
f 185 184 186
f 185 186 187
f 185 187 188
f 185 188 99
f 188 102 100
f 188 100 99
f 188 187 189
f 188 189 190
f 188 190 104
f 188 104 102
f 190 189 191
f 190 106 104
f 194 193 195
f 194 195 196
f 196 195 197
f 196 197 198
f 196 198 107
f 198 197 199
f 198 199 200
f 198 200 108
f 198 108 107
f 200 199 201
f 200 201 203
f 200 203 205
f 200 205 108
f 205 109 108
f 205 203 206
f 205 206 208
f 205 208 110
f 209 207 210
f 209 210 11
f 209 11 10
f 209 10 111
f 210 207 211
f 210 211 212
f 210 212 138
f 210 138 213
f 210 213 12
f 210 12 11
f 213 138 137
f 213 137 136
f 213 136 14
f 213 14 12
f 212 211 214
f 212 214 141
f 212 141 139
f 212 139 138
f 214 211 202
f 214 202 215
f 214 215 216
f 214 216 145
f 214 145 142
f 214 142 141
f 216 215 217
f 216 217 218
f 216 218 219
f 216 219 150
f 216 150 147
f 216 147 145
f 219 218 220
f 219 220 221
f 219 221 222
f 219 222 152
f 219 152 151
f 219 151 150
f 222 221 7
f 222 7 1435
f 221 220 223
f 221 223 7
f 223 8 7
f 227 197 195
f 228 220 218
f 227 199 197
f 226 225 229
f 226 229 230
f 231 232 6
f 231 6 8
f 232 233 234
f 232 234 6
f 234 233 235
f 234 235 236
f 236 1436 1437
f 236 1437 1438
f 236 1438 234
f 237 1436 239
f 237 239 241
f 237 241 242
f 237 242 243
f 6 234 1438
f 244 243 242
f 244 242 245
f 244 246 154
f 249 250 251
f 254 253 255
f 254 255 256
f 254 256 157
f 254 157 155
f 256 255 257
f 256 257 258
f 256 258 159
f 256 159 157
f 258 257 259
f 258 259 260
f 258 260 161
f 258 161 159
f 260 259 261
f 260 261 262
f 260 262 163
f 260 163 161
f 262 261 263
f 262 165 163
f 265 266 267
f 265 267 268
f 265 268 167
f 268 170 168
f 268 168 167
f 268 267 269
f 268 269 270
f 268 271 170
f 273 272 274
f 273 274 275
f 273 275 173
f 273 173 171
f 275 274 276
f 275 276 277
f 275 277 175
f 275 175 173
f 277 276 278
f 277 278 279
f 277 279 177
f 277 177 175
f 279 278 280
f 279 280 281
f 279 281 179
f 279 179 177
f 281 280 282
f 281 282 283
f 281 283 181
f 281 181 179
f 283 282 284
f 283 284 285
f 283 285 183
f 283 183 181
f 288 186 184
f 288 184 183
f 288 287 289
f 288 289 290
f 288 290 291
f 288 291 186
f 291 189 187
f 291 187 186
f 291 290 292
f 291 191 189
f 293 230 229
f 292 290 289
f 294 289 295
f 298 299 300
f 298 300 240
f 298 240 238
f 300 299 302
f 300 302 303
f 301 304 242
f 301 242 241
f 304 245 242
f 307 308 309
f 309 308 310
f 309 310 311
f 309 311 312
f 309 312 247
f 312 311 313
f 312 313 314
f 312 314 315
f 312 315 250
f 312 250 248
f 315 314 316
f 315 316 317
f 315 317 318
f 315 318 319
f 315 319 251
f 315 251 250
f 319 318 320
f 319 320 321
f 321 320 322
f 321 322 323
f 323 322 324
f 323 324 325
f 325 324 326
f 325 326 327
f 325 327 252
f 327 326 328
f 327 328 329
f 329 328 330
f 329 330 331
f 333 332 334
f 333 334 335
f 333 335 255
f 333 255 253
f 335 334 336
f 335 336 337
f 335 337 257
f 335 257 255
f 337 336 338
f 337 338 339
f 337 339 259
f 337 259 257
f 339 338 340
f 339 340 341
f 339 341 261
f 339 261 259
f 341 340 342
f 341 263 261
f 343 344 345
f 343 345 346
f 346 266 264
f 346 345 347
f 346 347 348
f 346 348 349
f 346 349 266
f 349 269 267
f 349 267 266
f 349 348 350
f 349 350 352
f 349 352 354
f 349 354 269
f 354 270 269
f 355 353 356
f 355 356 357
f 355 357 274
f 355 274 272
f 357 356 358
f 357 358 359
f 357 359 276
f 357 276 274
f 359 358 360
f 359 360 361
f 359 361 278
f 359 278 276
f 361 360 362
f 361 362 363
f 361 363 280
f 361 280 278
f 363 362 364
f 363 364 365
f 363 365 282
f 363 282 280
f 365 364 366
f 365 366 367
f 365 367 284
f 365 284 282
f 369 368 297
f 369 297 296
f 369 296 295
f 369 295 286
f 368 371 372
f 368 372 297
f 372 371 373
f 372 373 374
f 374 373 375
f 374 375 305
f 306 375 376
f 306 376 308
f 376 375 377
f 376 377 378
f 376 378 310
f 376 310 308
f 378 377 379
f 378 379 380
f 378 380 381
f 378 381 310
f 381 380 382
f 381 382 383
f 381 383 384
f 381 384 313
f 381 313 311
f 381 311 310
f 384 383 385
f 384 385 386
f 384 386 387
f 384 387 316
f 384 316 314
f 384 314 313
f 387 386 388
f 387 388 389
f 387 389 390
f 387 390 391
f 387 391 317
f 387 317 316
f 391 390 392
f 391 392 393
f 391 393 318
f 391 318 317
f 393 392 394
f 393 394 395
f 393 395 320
f 393 320 318
f 395 394 396
f 395 396 397
f 395 397 322
f 395 322 320
f 397 396 398
f 397 398 399
f 397 399 324
f 397 324 322
f 399 398 400
f 399 400 401
f 399 401 326
f 399 326 324
f 401 400 402
f 401 402 403
f 401 403 328
f 401 328 326
f 403 402 404
f 403 404 405
f 403 405 330
f 403 330 328
f 405 404 406
f 405 406 407
f 405 407 408
f 405 408 330
f 408 407 409
f 408 331 330
f 412 411 413
f 412 413 414
f 412 414 334
f 412 334 332
f 414 415 416
f 414 416 336
f 414 336 334
f 416 417 338
f 416 338 336
f 417 340 338
f 418 419 420
f 418 420 344
f 420 419 421
f 420 421 422
f 420 422 423
f 420 423 344
f 423 347 345
f 423 345 344
f 423 422 424
f 423 424 425
f 423 425 426
f 423 426 347
f 426 350 348
f 426 348 347
f 426 425 427
f 426 427 429
f 426 429 431
f 426 431 350
f 432 356 353
f 432 353 351
f 432 430 433
f 432 433 434
f 432 434 358
f 432 358 356
f 434 433 435
f 434 435 436
f 434 436 360
f 434 360 358
f 436 435 437
f 436 437 438
f 436 438 362
f 436 362 360
f 438 437 439
f 438 439 440
f 438 440 364
f 438 364 362
f 440 439 441
f 440 441 370
f 440 370 366
f 440 366 364
f 441 439 379
f 441 379 377
f 439 437 442
f 439 442 379
f 442 437 435
f 442 435 443
f 442 443 444
f 442 444 382
f 442 382 380
f 442 380 379
f 444 443 445
f 444 445 446
f 444 446 447
f 444 447 385
f 444 385 383
f 444 383 382
f 447 446 449
f 447 449 451
f 447 451 452
f 447 452 388
f 447 388 386
f 447 386 385
f 452 451 454
f 452 454 456
f 452 456 458
f 452 458 459
f 452 459 389
f 452 389 388
f 459 458 461
f 459 461 462
f 459 462 390
f 459 390 389
f 462 461 464
f 462 464 465
f 462 465 392
f 462 392 390
f 465 464 467
f 465 467 468
f 465 468 394
f 465 394 392
f 468 467 470
f 468 470 471
f 468 471 396
f 468 396 394
f 471 470 473
f 471 473 474
f 471 474 475
f 471 475 396
f 475 474 476
f 475 476 400
f 476 477 402
f 476 402 400
f 477 476 479
f 477 479 481
f 477 481 483
f 477 483 484
f 477 484 404
f 477 404 402
f 484 483 486
f 484 486 487
f 484 487 406
f 484 406 404
f 487 486 489
f 487 489 490
f 487 490 491
f 487 491 406
f 491 490 492
f 491 492 493
f 491 493 494
f 491 494 409
f 491 409 407
f 491 407 406
f 494 493 495
f 494 495 496
f 494 410 409
f 499 501 419
f 501 500 502
f 501 502 503
f 501 503 421
f 501 421 419
f 503 502 457
f 503 457 455
f 503 455 453
f 503 453 421
f 502 500 504
f 502 504 505
f 502 505 460
f 502 460 457
f 505 504 506
f 505 506 507
f 505 507 463
f 505 463 460
f 507 508 466
f 507 466 463
f 508 509 510
f 508 510 469
f 508 469 466
f 510 511 472
f 510 472 469
f 511 512 513
f 511 478 472
f 513 514 515
f 513 515 480
f 513 480 478
f 515 516 482
f 516 485 482
f 517 488 485
f 518 520 488
f 520 519 522
f 520 522 523
f 521 524 525
f 521 525 492
f 521 492 490
f 521 490 489
f 525 524 526
f 525 526 527
f 525 527 528
f 525 528 495
f 525 495 493
f 525 493 492
f 528 527 529
f 528 529 530
f 528 530 531
f 528 497 496
f 528 496 495
f 531 530 532
f 536 535 537
f 536 537 538
f 536 538 539
f 536 539 498
f 539 538 540
f 541 542 543
f 541 543 526
f 543 542 544
f 543 544 545
f 543 545 546
f 543 546 529
f 543 529 527
f 543 527 526
f 546 545 547
f 546 547 548
f 546 548 549
f 546 549 532
f 546 532 530
f 546 530 529
f 549 548 550
f 549 550 551
f 549 551 552
f 549 533 532
f 552 551 553
f 552 553 554
f 558 557 559
f 558 559 560
f 558 560 561
f 558 561 534
f 561 537 535
f 561 535 534
f 561 560 562
f 561 562 563
f 561 563 564
f 561 564 537
f 564 540 538
f 564 538 537
f 564 565 540
f 566 567 568
f 566 568 547
f 566 547 545
f 566 545 544
f 568 567 569
f 568 569 570
f 568 570 571
f 568 571 550
f 568 550 548
f 568 548 547
f 571 570 572
f 571 572 573
f 571 573 574
f 571 574 553
f 571 553 551
f 571 551 550
f 574 573 575
f 574 575 576
f 574 576 577
f 574 577 555
f 574 555 554
f 574 554 553
f 577 576 578
f 577 578 579
f 586 584 587
f 586 587 589
f 586 589 591
f 586 591 556
f 591 559 557
f 591 557 556
f 592 590 593
f 592 593 595
f 591 594 596
f 591 596 559
f 596 562 560
f 596 560 559
f 593 590 588
f 593 588 597
f 597 588 598
f 597 598 599
f 599 598 600
f 599 600 601
f 601 600 603
f 601 603 604
f 604 603 606
f 604 606 607
f 611 612 613
f 611 613 572
f 611 572 570
f 611 570 569
f 613 612 614
f 613 614 615
f 613 615 616
f 613 616 575
f 613 575 573
f 613 573 572
f 616 615 617
f 616 617 618
f 616 618 619
f 616 619 578
f 616 578 576
f 616 576 575
f 619 618 620
f 619 620 621
f 619 621 622
f 619 622 580
f 619 580 579
f 619 579 578
f 622 621 623
f 622 623 624
f 622 625 626
f 622 626 581
f 622 581 580
f 628 1439 602
f 629 600 598
f 629 598 583
f 1439 627 605
f 627 630 631
f 631 630 633
f 632 635 636
f 632 636 608
f 632 608 607
f 632 607 606
f 636 638 639
f 636 639 610
f 636 610 609
f 636 609 608
f 640 642 643
f 641 644 646
f 641 646 617
f 641 617 615
f 641 615 614
f 645 643 647
f 645 647 648
f 646 649 650
f 646 650 620
f 646 620 618
f 646 618 617
f 650 649 651
f 650 651 652
f 650 652 653
f 650 653 623
f 650 623 621
f 650 621 620
f 653 624 623
f 654 655 656
f 654 656 637
f 654 634 633
f 656 655 657
f 656 657 658
f 659 658 657
f 663 662 665
f 663 665 666
f 664 667 668
f 664 668 669
f 669 668 670
f 669 670 671
f 671 670 672
f 671 672 673
f 673 672 674
f 673 674 675
f 675 674 676
f 675 676 677
f 677 676 678
f 677 678 679
f 679 678 680
f 679 680 681
f 681 680 682
f 681 682 683
f 683 682 684
f 683 684 685
f 685 684 686
f 685 686 687
f 687 686 688
f 687 688 690
f 691 689 692
f 691 692 693
f 695 696 697
f 695 697 698
f 698 697 699
f 698 699 700
f 698 700 701
f 698 701 661
f 701 700 702
f 701 702 703
f 701 703 704
f 701 704 665
f 701 665 662
f 701 662 661
f 704 703 705
f 704 705 706
f 704 706 707
f 704 707 708
f 704 708 666
f 704 666 665
f 709 710 711
f 709 711 668
f 709 668 667
f 711 710 712
f 711 712 713
f 711 713 670
f 711 670 668
f 713 712 714
f 713 714 715
f 713 715 672
f 713 672 670
f 715 716 717
f 715 717 674
f 715 674 672
f 717 716 718
f 717 718 719
f 717 719 676
f 717 676 674
f 719 718 720
f 719 720 721
f 719 721 678
f 719 678 676
f 721 720 722
f 721 722 723
f 721 723 680
f 721 680 678
f 723 722 724
f 723 724 725
f 723 725 682
f 723 682 680
f 725 724 726
f 725 726 727
f 725 727 684
f 725 684 682
f 727 726 728
f 727 728 729
f 727 729 686
f 727 686 684
f 729 728 730
f 729 730 732
f 729 732 688
f 729 688 686
f 733 731 734
f 733 734 735
f 733 735 692
f 733 692 689
f 739 740 741
f 739 741 742
f 742 741 743
f 742 743 744
f 742 744 745
f 742 745 696
f 742 696 694
f 745 744 746
f 745 746 747
f 745 747 748
f 745 748 699
f 745 699 697
f 745 697 696
f 748 747 749
f 748 749 750
f 748 750 751
f 748 751 702
f 748 702 700
f 748 700 699
f 751 750 752
f 751 752 753
f 751 753 754
f 751 754 705
f 751 705 703
f 751 703 702
f 754 753 755
f 754 755 756
f 754 756 757
f 754 757 758
f 754 758 706
f 754 706 705
f 758 757 759
f 758 759 761
f 758 761 707
f 758 707 706
f 762 760 763
f 764 763 765
f 766 765 767
f 766 767 768
f 768 767 769
f 768 769 770
f 770 769 771
f 770 771 772
f 772 771 773
f 772 773 774
f 774 773 775
f 774 775 776
f 776 775 777
f 778 726 724
f 780 728 726
f 781 782 730
f 781 730 728
f 783 784 785
f 783 734 731
f 786 788 790
f 786 790 740
f 786 740 738
f 790 788 791
f 790 791 792
f 790 792 793
f 790 793 743
f 790 743 741
f 790 741 740
f 793 792 794
f 793 794 795
f 793 795 796
f 793 796 746
f 793 746 744
f 793 744 743
f 796 795 797
f 796 797 798
f 796 798 799
f 796 799 749
f 796 749 747
f 796 747 746
f 799 798 800
f 799 800 801
f 799 801 802
f 799 802 752
f 799 752 750
f 799 750 749
f 802 801 803
f 802 803 804
f 802 804 805
f 802 805 755
f 802 755 753
f 802 753 752
f 805 804 806
f 805 806 807
f 805 807 808
f 805 808 809
f 805 809 756
f 805 756 755
f 809 808 810
f 809 810 811
f 809 811 757
f 809 757 756
f 811 810 812
f 811 812 814
f 811 814 759
f 811 759 757
f 815 813 816
f 815 816 817
f 815 817 763
f 815 763 760
f 817 816 818
f 817 818 819
f 817 819 765
f 817 765 763
f 819 818 820
f 819 820 821
f 819 821 767
f 819 767 765
f 821 820 822
f 821 822 823
f 821 823 769
f 821 769 767
f 823 822 824
f 823 824 825
f 823 825 771
f 823 771 769
f 825 824 826
f 825 826 827
f 825 827 773
f 825 773 771
f 827 826 828
f 827 828 829
f 827 829 775
f 827 775 773
f 829 828 830
f 829 830 831
f 829 831 777
f 829 777 775
f 831 830 832
f 831 832 833
f 831 833 779
f 831 779 777
f 833 832 834
f 833 834 835
f 837 838 839
f 837 839 794
f 837 794 792
f 837 792 791
f 839 838 840
f 839 840 841
f 839 841 842
f 839 842 797
f 839 797 795
f 839 795 794
f 842 841 843
f 842 843 844
f 842 844 845
f 842 845 800
f 842 800 798
f 842 798 797
f 845 844 846
f 845 846 847
f 845 847 848
f 845 848 803
f 845 803 801
f 845 801 800
f 848 847 849
f 848 849 850
f 848 850 851
f 848 851 806
f 848 806 804
f 848 804 803
f 851 850 852
f 851 852 853
f 851 853 854
f 851 854 855
f 851 855 807
f 851 807 806
f 855 854 856
f 855 856 857
f 855 857 808
f 855 808 807
f 857 856 858
f 857 858 859
f 857 859 810
f 857 810 808
f 859 858 860
f 859 860 862
f 859 862 812
f 859 812 810
f 863 861 864
f 863 864 865
f 863 865 816
f 863 816 813
f 865 864 866
f 865 866 867
f 865 867 818
f 865 818 816
f 867 866 868
f 867 868 869
f 867 869 820
f 867 820 818
f 869 868 870
f 869 870 871
f 869 871 822
f 869 822 820
f 871 870 872
f 871 872 873
f 871 873 824
f 871 824 822
f 873 872 874
f 873 874 875
f 873 875 826
f 873 826 824
f 875 874 876
f 875 876 877
f 875 877 828
f 875 828 826
f 877 876 878
f 877 878 879
f 877 879 830
f 877 830 828
f 879 878 880
f 879 880 881
f 879 881 832
f 879 832 830
f 881 880 882
f 881 882 883
f 881 883 834
f 881 834 832
f 883 882 884
f 883 884 885
f 883 885 836
f 883 836 834
f 886 887 888
f 886 888 843
f 886 843 841
f 886 841 840
f 888 887 889
f 888 889 890
f 888 890 891
f 888 891 846
f 888 846 844
f 888 844 843
f 891 890 892
f 891 892 893
f 891 893 894
f 891 894 849
f 891 849 847
f 891 847 846
f 894 893 895
f 894 895 896
f 894 896 897
f 894 897 852
f 894 852 850
f 894 850 849
f 897 896 898
f 897 898 899
f 897 899 900
f 897 900 901
f 897 901 853
f 897 853 852
f 901 900 902
f 901 902 903
f 901 903 854
f 901 854 853
f 903 902 904
f 903 904 905
f 903 905 856
f 903 856 854
f 905 904 906
f 905 906 907
f 905 907 858
f 905 858 856
f 907 906 908
f 907 908 910
f 907 910 860
f 907 860 858
f 911 909 912
f 911 912 913
f 911 913 864
f 911 864 861
f 913 912 914
f 913 914 915
f 913 915 866
f 913 866 864
f 915 914 916
f 915 916 917
f 915 917 868
f 915 868 866
f 917 916 918
f 917 918 919
f 917 919 870
f 917 870 868
f 919 918 920
f 919 920 921
f 919 921 872
f 919 872 870
f 921 920 922
f 921 922 923
f 921 923 874
f 921 874 872
f 923 922 924
f 923 924 925
f 923 925 876
f 923 876 874
f 925 924 926
f 925 926 927
f 925 927 878
f 925 878 876
f 927 926 928
f 927 928 929
f 927 929 880
f 927 880 878
f 929 928 930
f 929 930 931
f 929 931 882
f 929 882 880
f 931 930 932
f 931 932 933
f 931 933 884
f 931 884 882
f 934 935 936
f 934 936 892
f 934 892 890
f 934 890 889
f 936 935 1440
f 936 1440 937
f 936 937 938
f 936 938 895
f 936 895 893
f 936 893 892
f 938 937 939
f 938 939 940
f 938 940 941
f 938 941 898
f 938 898 896
f 938 896 895
f 941 940 942
f 941 942 943
f 941 943 944
f 941 944 945
f 941 945 899
f 941 899 898
f 945 944 946
f 945 946 947
f 945 947 900
f 945 900 899
f 947 946 948
f 947 948 949
f 947 949 902
f 947 902 900
f 949 948 950
f 949 950 951
f 949 951 904
f 949 904 902
f 951 950 952
f 951 952 953
f 951 953 906
f 951 906 904
f 953 952 954
f 953 954 956
f 953 956 908
f 953 908 906
f 957 955 958
f 957 958 959
f 957 959 912
f 957 912 909
f 959 958 960
f 959 960 961
f 959 961 914
f 959 914 912
f 961 960 962
f 961 962 963
f 961 963 916
f 961 916 914
f 963 962 964
f 963 964 965
f 963 965 918
f 963 918 916
f 965 964 966
f 965 966 967
f 965 967 920
f 965 920 918
f 967 966 968
f 967 968 969
f 967 969 922
f 967 922 920
f 969 968 970
f 969 970 971
f 969 971 924
f 969 924 922
f 971 970 972
f 971 972 973
f 971 973 926
f 971 926 924
f 973 972 974
f 973 974 975
f 973 975 928
f 973 928 926
f 975 974 976
f 975 976 977
f 975 977 930
f 975 930 928
f 977 976 978
f 977 978 979
f 977 979 932
f 977 932 930
f 1443 1441 980
f 1443 980 939
f 1443 939 937
f 1443 937 1440
f 980 1441 981
f 980 981 983
f 980 983 984
f 980 984 942
f 980 942 940
f 980 940 939
f 984 983 985
f 984 985 986
f 984 986 987
f 984 987 988
f 984 988 943
f 984 943 942
f 988 987 989
f 988 989 990
f 988 990 944
f 988 944 943
f 990 989 991
f 990 991 992
f 990 992 946
f 990 946 944
f 992 991 993
f 992 993 994
f 992 994 948
f 992 948 946
f 994 993 995
f 994 995 996
f 994 996 950
f 994 950 948
f 996 995 997
f 996 997 998
f 996 998 952
f 996 952 950
f 998 997 999
f 998 999 1001
f 998 1001 954
f 998 954 952
f 1002 1000 1003
f 1002 1003 1004
f 1002 1004 958
f 1002 958 955
f 1004 1003 1005
f 1004 1005 1006
f 1004 1006 960
f 1004 960 958
f 1006 1005 1007
f 1006 1007 1008
f 1006 1008 962
f 1006 962 960
f 1008 1007 1009
f 1008 1009 1010
f 1008 1010 964
f 1008 964 962
f 1010 1009 1011
f 1010 1011 1012
f 1010 1012 966
f 1010 966 964
f 1012 1011 1013
f 1012 1013 1014
f 1012 1014 968
f 1012 968 966
f 1014 1013 1015
f 1014 1015 1016
f 1014 1016 970
f 1014 970 968
f 1016 1015 1017
f 1016 1017 1018
f 1016 1018 972
f 1016 972 970
f 1018 1017 1019
f 1018 1019 1020
f 1018 1020 974
f 1018 974 972
f 1020 1019 1021
f 1020 1021 1022
f 1020 1022 976
f 1020 976 974
f 1022 978 976
f 1447 1445 1023
f 1447 1023 985
f 1447 985 983
f 1447 983 981
f 1030 1028 1032
f 1030 1032 1033
f 1030 1033 1034
f 1030 1034 1024
f 1034 1023 1445
f 1034 1445 1024
f 1034 1033 1035
f 1034 1035 1036
f 1034 1036 1037
f 1034 1037 1023
f 1037 986 985
f 1037 985 1023
f 1037 1036 1038
f 1037 1038 1039
f 1037 1039 987
f 1037 987 986
f 1039 1038 1040
f 1039 1040 1041
f 1039 1041 989
f 1039 989 987
f 1041 1040 1042
f 1041 1042 1043
f 1041 1043 991
f 1041 991 989
f 1043 1042 1044
f 1043 1044 1045
f 1043 1045 993
f 1043 993 991
f 1045 1044 1046
f 1045 1046 1047
f 1045 1047 995
f 1045 995 993
f 1047 1046 1048
f 1047 1048 1049
f 1047 1049 997
f 1047 997 995
f 1049 1048 1050
f 1049 1050 1051
f 1049 1051 999
f 1049 999 997
f 1052 1053 1003
f 1052 1003 1000
f 1053 1054 1055
f 1053 1055 1005
f 1053 1005 1003
f 1055 1054 1056
f 1055 1056 1057
f 1055 1057 1007
f 1055 1007 1005
f 1057 1056 1058
f 1057 1058 1059
f 1057 1059 1009
f 1057 1009 1007
f 1059 1058 1060
f 1059 1060 1061
f 1059 1061 1011
f 1059 1011 1009
f 1061 1060 1062
f 1061 1062 1063
f 1061 1063 1013
f 1061 1013 1011
f 1063 1062 1064
f 1063 1064 1065
f 1063 1065 1015
f 1063 1015 1013
f 1065 1066 1067
f 1065 1067 1017
f 1065 1017 1015
f 1067 1068 1019
f 1067 1019 1017
f 1069 1070 1071
f 1069 1071 1026
f 1071 1032 1028
f 1071 1028 1026
f 1071 1070 1072
f 1071 1072 1073
f 1071 1073 1074
f 1071 1074 1032
f 1074 1035 1033
f 1074 1033 1032
f 1074 1073 1075
f 1074 1075 1076
f 1074 1076 1077
f 1074 1077 1035
f 1077 1038 1036
f 1077 1036 1035
f 1077 1076 1078
f 1077 1078 1079
f 1077 1079 1040
f 1077 1040 1038
f 1079 1078 1080
f 1079 1080 1081
f 1079 1081 1042
f 1079 1042 1040
f 1081 1080 1082
f 1081 1082 1083
f 1081 1083 1044
f 1081 1044 1042
f 1083 1082 1084
f 1083 1084 1085
f 1083 1085 1046
f 1083 1046 1044
f 1085 1084 1086
f 1085 1086 1087
f 1085 1087 1048
f 1085 1048 1046
f 1087 1086 1088
f 1087 1088 1089
f 1087 1089 1050
f 1087 1050 1048
f 1090 1058 1056
f 1091 1060 1058
f 1092 1062 1060
f 1093 1449 1094
f 1093 1094 1095
f 1097 1075 1073
f 1097 1073 1072
f 1097 1098 1099
f 1097 1099 1075
f 1099 1078 1076
f 1099 1076 1075
f 1099 1098 1100
f 1099 1100 1101
f 1099 1101 1080
f 1099 1080 1078
f 1101 1100 1102
f 1101 1102 1103
f 1101 1103 1082
f 1101 1082 1080
f 1103 1102 1104
f 1103 1104 1105
f 1103 1105 1084
f 1103 1084 1082
f 1105 1104 1106
f 1105 1106 1107
f 1105 1107 1086
f 1105 1086 1084
f 1107 1106 1108
f 1107 1108 1109
f 1107 1109 1088
f 1107 1088 1086
f 1111 1110 1112
f 1111 1112 1113
f 1119 1094 1449
f 1119 1449 1450
f 1119 1120 1121
f 1119 1121 1094
f 1121 1096 1095
f 1121 1095 1094
f 1121 1120 1122
f 1121 1122 1123
f 1121 1123 1124
f 1121 1124 1096
f 1124 1123 1125
f 1124 1125 1126
f 1128 1130 1112
f 1128 1112 1110
f 1130 1129 1131
f 1130 1131 1132
f 1130 1132 1114
f 1130 1114 1112
f 1132 1131 1133
f 1132 1133 1134
f 1132 1134 1115
f 1132 1115 1114
f 1134 1133 1135
f 1134 1135 1136
f 1134 1136 1116
f 1134 1116 1115
f 1136 1135 1137
f 1136 1137 1138
f 1136 1138 1117
f 1136 1117 1116
f 1138 1137 1139
f 1138 1139 1140
f 1138 1140 1118
f 1138 1118 1117
f 1141 1142 1143
f 1148 1125 1123
f 1148 1123 1122
f 1148 1149 1150
f 1148 1150 1125
f 1150 1127 1126
f 1150 1126 1125
f 1150 1149 1151
f 1150 1151 1152
f 1150 1152 1153
f 1150 1153 1127
f 1153 1152 1154
f 1153 1154 1155
f 1155 1154 1156
f 1155 1156 1157
f 1157 1156 1158
f 1157 1158 1159
f 1159 1158 1161
f 1159 1161 1163
f 1162 1160 1164
f 1162 1164 1165
f 1165 1164 1166
f 1165 1166 1167
f 1167 1166 1168
f 1167 1168 1169
f 1169 1168 1171
f 1169 1171 1172
f 1170 1133 1131
f 1172 1171 1174
f 1172 1174 1175
f 1173 1135 1133
f 1175 1174 1177
f 1176 1178 1137
f 1176 1137 1135
f 1178 1139 1137
f 1179 1177 1174
f 1179 1174 1181
f 1180 1182 1183
f 1180 1183 1142
f 1183 1182 1185
f 1183 1185 1186
f 1183 1186 1187
f 1183 1187 1144
f 1183 1144 1143
f 1183 1143 1142
f 1187 1186 1188
f 1187 1188 1189
f 1187 1189 1190
f 1187 1190 1146
f 1187 1146 1145
f 1187 1145 1144
f 1190 1189 1191
f 1190 1191 1192
f 1190 1147 1146
f 1196 1154 1152
f 1196 1152 1151
f 1196 1197 1156
f 1196 1156 1154
f 1197 1198 1158
f 1197 1158 1156
f 1198 1202 1161
f 1198 1161 1158
f 1201 1199 1203
f 1201 1203 1205
f 1200 1204 1164
f 1200 1164 1160
f 1205 1203 1206
f 1205 1206 1208
f 1204 1207 1166
f 1204 1166 1164
f 1208 1206 1188
f 1208 1188 1210
f 1207 1209 1168
f 1207 1168 1166
f 1210 1188 1186
f 1210 1186 1185
f 1209 1184 1171
f 1209 1171 1168
f 1206 1203 1211
f 1206 1211 1191
f 1206 1191 1189
f 1206 1189 1188
f 1211 1203 1199
f 1211 1192 1191
f 1213 1212 1214
f 1213 1214 1215
f 1219 1218 1220
f 1219 1220 1221
f 1219 1221 1222
f 1219 1222 1193
f 1222 1195 1194
f 1222 1194 1193
f 1222 1221 1223
f 1222 1223 1224
f 1222 1224 1225
f 1222 1225 1195
f 1225 1224 1226
f 1225 1226 1227
f 1235 1236 1237
f 1238 1237 1239
f 1238 1239 1240
f 1238 1240 1241
f 1238 1241 1214
f 1238 1214 1212
f 1241 1240 1242
f 1241 1244 1216
f 1241 1216 1215
f 1241 1215 1214
f 1244 1243 1245
f 1244 1245 1246
f 1250 1249 1251
f 1250 1251 1252
f 1250 1252 1253
f 1250 1253 1217
f 1253 1220 1218
f 1253 1218 1217
f 1253 1252 1254
f 1253 1254 1255
f 1253 1255 1256
f 1253 1256 1220
f 1256 1223 1221
f 1256 1221 1220
f 1256 1255 1257
f 1256 1257 1258
f 1256 1258 1259
f 1256 1259 1223
f 1259 1226 1224
f 1259 1224 1223
f 1259 1258 1260
f 1259 1260 1261
f 1259 1261 1262
f 1259 1262 1226
f 1262 1228 1227
f 1262 1227 1226
f 1260 1258 1257
f 1260 1257 1263
f 1260 1263 1229
f 1263 1257 1264
f 1263 1264 1265
f 1263 1265 1230
f 1265 1264 1266
f 1265 1266 1267
f 1265 1267 1231
f 1267 1266 1268
f 1267 1268 1269
f 1267 1269 1232
f 1269 1268 1270
f 1269 1270 1271
f 1269 1271 1233
f 1271 1270 1272
f 1271 1272 1273
f 1271 1273 1234
f 1273 1272 1274
f 1275 1237 1236
f 1277 1276 1278
f 1277 1278 1279
f 1277 1279 1280
f 1277 1280 1242
f 1280 1279 1281
f 1280 1281 1282
f 1280 1282 1283
f 1280 1283 1245
f 1280 1245 1243
f 1280 1243 1242
f 1283 1282 1284
f 1283 1284 1285
f 1283 1285 1286
f 1283 1286 1247
f 1283 1247 1246
f 1283 1246 1245
f 1286 1285 1287
f 1286 1287 1288
f 1292 1291 1293
f 1292 1293 1294
f 1292 1294 1295
f 1292 1295 1248
f 1295 1251 1249
f 1295 1249 1248
f 1295 1294 1296
f 1295 1296 1297
f 1295 1297 1298
f 1295 1298 1251
f 1298 1254 1252
f 1298 1252 1251
f 1298 1297 1268
f 1298 1268 1266
f 1298 1266 1264
f 1298 1264 1254
f 1297 1296 1270
f 1297 1270 1268
f 1296 1294 1293
f 1296 1293 1299
f 1296 1299 1272
f 1296 1272 1270
f 1299 1293 1300
f 1299 1274 1272
f 1301 1303 1281
f 1301 1281 1279
f 1303 1302 1304
f 1303 1304 1305
f 1303 1305 1306
f 1303 1306 1284
f 1303 1284 1282
f 1303 1282 1281
f 1306 1305 1307
f 1306 1308 1309
f 1306 1309 1287
f 1306 1287 1285
f 1306 1285 1284
f 1309 1289 1288
f 1309 1288 1287
f 1315 1316 1304
f 1315 1304 1302
f 1316 1307 1305
f 1316 1305 1304
f 1322 1324 1325
f 1322 1325 1326
f 1322 1326 1323
f 1326 1325 1327
f 1326 1327 1328
f 1326 1328 1329
f 1326 1329 1330
f 1326 1330 1331
f 1326 1331 1323
f 1331 1330 1332
f 1331 1332 1333
f 1335 1336 1327
f 1335 1327 1325
f 1336 1337 1338
f 1336 1338 1339
f 1336 1339 1340
f 1336 1340 1328
f 1336 1328 1327
f 1340 1339 1341
f 1340 1341 1342
f 1340 1342 1329
f 1340 1329 1328
f 1342 1341 1343
f 1342 1343 1344
f 1342 1344 1345
f 1342 1345 1329
f 1345 1344 1346
f 1345 1346 1347
f 1345 1347 1348
f 1345 1348 1332
f 1345 1332 1330
f 1345 1330 1329
f 1348 1347 1349
f 1348 1350 1351
f 1348 1351 1333
f 1348 1333 1332
f 1352 1353 1338
f 1353 1354 1339
f 1353 1339 1338
f 1354 1355 1341
f 1354 1341 1339
f 1355 1343 1341
f 1356 1357 1346
f 1356 1346 1344
f 1356 1344 1343
f 1357 1349 1347
f 1357 1347 1346
f 1360 1359 1361
f 1360 1361 1362
f 1362 1361 1363
f 1362 1363 1364
f 1367 1368 1369
f 1369 1368 1370
f 1369 1370 1371
f 1371 1370 1372
f 1371 1372 1373
f 1373 1372 1374
f 1373 1374 1375
f 1375 1374 1376
f 1375 1376 1377
f 1375 1377 1359
f 1375 1359 1358
f 1377 1376 1378
f 1377 1378 1379
f 1377 1379 1361
f 1377 1361 1359
f 1379 1378 1380
f 1379 1363 1361
f 1383 1384 1385
f 1383 1385 1368
f 1385 1384 1386
f 1385 1386 1387
f 1385 1387 1370
f 1385 1370 1368
f 1387 1386 1388
f 1387 1388 1389
f 1387 1389 1372
f 1387 1372 1370
f 1389 1388 1390
f 1389 1390 1391
f 1389 1391 1374
f 1389 1374 1372
f 1391 1390 1392
f 1391 1392 1393
f 1391 1393 1376
f 1391 1376 1374
f 1393 1394 1378
f 1393 1378 1376
f 1394 1380 1378
f 1300 1293 1291
f 1264 1257 1255
f 1264 1255 1254
f 1184 1181 1174
f 1184 1174 1171
f 598 588 585
f 598 585 583
f 479 476 474
f 479 474 473
f 453 424 422
f 453 422 421
f 453 450 448
f 453 448 424
f 448 427 425
f 448 425 424
f 449 446 445
f 449 445 428
f 445 433 430
f 445 430 428
f 445 443 435
f 445 435 433
f 295 289 287
f 295 287 286
f 239 1436 236
f 239 236 235
f 229 225 193
f 229 193 192
f 225 224 195
f 225 195 193
f 211 207 204
f 211 204 202
f 1403 1404 1405
f 1403 1405 1401
f 1403 135 1406
f 1403 1406 1404
f 1406 135 134
f 1406 134 133
f 1407 1408 1409
f 1407 1409 1402
f 1407 1402 1401
f 1407 1401 1405
f 1409 1408 1410
f 1409 1410 1411
f 1414 1415 1416
f 1414 1416 1412
f 1417 1418 1419
f 1417 1419 1413
f 1417 1413 1412
f 1417 1412 1416
f 1419 1418 1420
f 1419 1420 1421
f 1427 1426 119
f 1427 119 1428
f 1427 1428 1429
f 1427 1429 1425
f 1429 1428 118
f 1429 118 1430
f 1429 1430 1431
f 1429 1431 1424
f 1429 1424 1423
f 1429 1423 1425
f 1431 1430 116
f 1431 116 1432
f 1432 116 114
f 1432 114 113
f 1430 118 117
f 1430 117 116
f 1422 129 128
f 1422 128 127
f 1422 1421 1420
f 1422 1420 129
f 80 32 31
f 44 42 29
f 44 29 32
f 1435 7 8
f 1435 8 6
f 475 400 398
f 475 398 396
f 62 24 20
f 63 64 65
f 1433 9 1471
f 1433 1471 1453
f 1471 9 15
f 1471 15 1454
f 1476 1478 1477
f 1476 1477 1455
f 1479 1474 1475
f 1479 1475 1455
f 1481 1480 1479
f 1481 1479 1455
f 1484 1483 1482
f 1484 1482 1456
f 1486 1485 1484
f 1486 1484 1456
f 1482 1487 1486
f 1482 1486 1456
f 1490 1489 1488
f 1490 1488 1457
f 1488 1491 1458
f 1488 1458 1457
f 1458 1492 1490
f 1458 1490 1457
f 1491 1494 1493
f 1491 1493 1458
f 1493 1496 1495
f 1493 1495 1458
f 1498 1492 1497
f 1498 1497 1459
f 1500 1499 1498
f 1500 1498 1459
f 1497 1501 1500
f 1497 1500 1459
f 1504 1503 1502
f 1504 1502 1460
f 1506 1505 1504
f 1506 1504 1460
f 1510 1509 1508
f 1510 1508 1461
f 1508 1512 1511
f 1508 1511 1461
f 1511 1514 1513
f 1511 1513 1461
f 1513 1516 1515
f 1513 1515 1461
f 1515 1517 1510
f 1515 1510 1461
f 1520 1519 1518
f 1520 1518 1462
f 1526 26 25
f 1526 25 1463
f 1528 1466 1464
f 1466 1527 1464
f 1522 1531 1530
f 1522 1530 1465
f 1530 1533 1532
f 1530 1532 1465
f 1532 1535 1534
f 1532 1534 1465
f 1526 1463 1521
f 1528 1523 1466
f 1523 1525 1527
f 1523 1527 1466
f 1529 1540 1538
f 1529 1538 1537
f 1531 1522 1524
f 1531 1524 1537
f 1538 1541 1531
f 1538 1531 1537
f 1538 1543 1542
f 1538 1542 1541
f 1544 1530 1531
f 1544 1531 1541
f 1542 1545 1544
f 1542 1544 1541
f 1548 1547 1544
f 1548 1544 1545
f 1507 1553 1552
f 1501 1554 1551
f 1501 1551 1552
f 1553 1500 1501
f 1553 1501 1552
f 1555 1550 1551
f 1555 1551 1554
f 1495 1496 1555
f 1495 1555 1554
f 1501 1497 1495
f 1501 1495 1554
f 1557 1556 1550
f 1557 1550 1555
f 1496 1558 1557
f 1496 1557 1555
f 1560 1559 1557
f 1560 1557 1558
f 1562 1561 1560
f 1562 1560 1558
f 1496 1493 1562
f 1496 1562 1558
f 1564 1563 1561
f 1564 1561 1562
f 1493 1494 1564
f 1493 1564 1562
f 1566 1565 1563
f 1566 1563 1564
f 1494 1567 1566
f 1494 1566 1564
f 1494 1491 1481
f 1494 1481 1567
f 1477 1568 1566
f 1477 1566 1567
f 1569 1565 1566
f 1569 1566 1568
f 1571 1570 1569
f 1571 1569 1568
f 1477 1478 1571
f 1477 1571 1568
f 1573 1572 1570
f 1573 1570 1571
f 1478 1574 1573
f 1478 1573 1571
f 1478 1575 1574
f 1577 1576 1573
f 1577 1573 1574
f 1575 1578 1577
f 1575 1577 1574
f 1581 1579 1580
f 1585 1584 1582
f 1585 1582 1583
f 1472 1586 1585
f 1472 1585 1583
f 1588 1587 1585
f 1588 1585 1586
f 1590 1589 1588
f 1590 1588 1586
f 1472 1473 1590
f 1472 1590 1586
f 1592 1591 1589
f 1592 1589 1590
f 1473 1474 1592
f 1473 1592 1590
f 1594 1593 1591
f 1594 1591 1592
f 1474 1479 1594
f 1474 1594 1592
f 1596 1595 1593
f 1596 1593 1594
f 1479 1480 1596
f 1479 1596 1594
f 1489 1597 1595
f 1489 1595 1596
f 1480 1488 1489
f 1480 1489 1596
f 1600 1599 1598
f 1600 1598 1597
f 1489 1490 1600
f 1489 1600 1597
f 1498 1499 1599
f 1498 1599 1600
f 1490 1492 1498
f 1490 1498 1600
f 1602 1601 1598
f 1602 1598 1599
f 1499 1603 1602
f 1499 1602 1599
f 1503 1604 1602
f 1503 1602 1603
f 1553 1502 1503
f 1553 1503 1603
f 1499 1500 1553
f 1499 1553 1603
f 1605 1601 1602
f 1605 1602 1604
f 1607 1606 1605
f 1607 1605 1604
f 1503 1504 1607
f 1503 1607 1604
f 1609 1608 1606
f 1609 1606 1607
f 1504 1505 1609
f 1504 1609 1607
f 1611 1610 1608
f 1611 1608 1609
f 1546 1612 1610
f 1613 1516 1610
f 1613 1610 1612
f 1543 1614 1613
f 1543 1613 1612
f 1546 1542 1543
f 1546 1543 1612
f 1616 1615 1613
f 1616 1613 1614
f 1540 1618 1616
f 1540 1616 1614
f 1543 1538 1540
f 1543 1540 1614
f 1464 1518 1617
f 1518 1519 1617
f 1539 1528 1464
f 1539 1464 1617
f 1622 1621 1620
f 1622 1620 1619
f 1620 1615 1616
f 1620 1616 1619
f 1536 1624 67
f 1536 67 68
f 26 1526 1536
f 26 1536 68
f 1625 66 67
f 1625 67 1624
f 1629 1628 1626
f 1629 1626 1627
f 1534 1535 1629
f 1534 1629 1627
f 1631 1630 1628
f 1631 1628 1629
f 1535 1632 1631
f 1535 1631 1629
f 1535 1532 1633
f 1535 1633 1632
f 1635 1634 1631
f 1635 1631 1632
f 1633 1636 1635
f 1633 1635 1632
f 1633 1638 1637
f 1633 1637 1636
f 1640 1639 1635
f 1640 1635 1636
f 1637 1641 1640
f 1637 1640 1636
f 1637 1642 1559
f 1637 1559 1641
f 1644 1643 1640
f 1644 1640 1641
f 1559 1560 1644
f 1559 1644 1641
f 1646 1645 1643
f 1646 1643 1644
f 1560 1561 1646
f 1560 1646 1644
f 1648 1647 1645
f 1648 1645 1646
f 1561 1563 1648
f 1561 1648 1646
f 1650 1649 1647
f 1650 1647 1648
f 1563 1565 1650
f 1563 1650 1648
f 1652 1651 1649
f 1652 1649 1650
f 1565 1569 1652
f 1565 1652 1650
f 1654 1653 1651
f 1654 1651 1652
f 1569 1570 1654
f 1569 1654 1652
f 1656 1655 1653
f 1656 1653 1654
f 1570 1572 1656
f 1570 1656 1654
f 1658 1657 1655
f 1658 1655 1656
f 1572 1659 1658
f 1572 1658 1656
f 1572 1573 1576
f 1572 1576 1659
f 1667 1666 1664
f 1667 1664 1665
f 1669 124 123
f 1669 123 1671
f 123 126 1672
f 123 1672 1671
f 128 1673 1672
f 128 1672 126
f 1670 1674 131
f 1670 131 130
f 124 1669 1670
f 124 1670 130
f 1675 133 131
f 1675 131 1674
f 112 148 1678
f 112 1678 1677
f 151 1680 1679
f 151 1679 149
f 1684 1683 1681
f 1684 1681 1682
f 1587 1685 1684
f 1587 1684 1682
f 1584 1585 1587
f 1584 1587 1682
f 1687 1686 1684
f 1687 1684 1685
f 1689 1688 1687
f 1689 1687 1685
f 1587 1588 1689
f 1587 1689 1685
f 1691 1690 1688
f 1691 1688 1689
f 1588 1589 1691
f 1588 1691 1689
f 1693 1692 1690
f 1693 1690 1691
f 1589 1591 1693
f 1589 1693 1691
f 1695 1694 1692
f 1695 1692 1693
f 1591 1593 1695
f 1591 1695 1693
f 1601 1605 1698
f 1601 1698 1696
f 1605 1606 1514
f 1605 1514 1698
f 1699 1692 1694
f 1699 1694 1697
f 1511 1512 1699
f 1511 1699 1697
f 1700 1690 1692
f 1700 1692 1699
f 1512 1701 1700
f 1512 1700 1699
f 1703 1702 1700
f 1703 1700 1701
f 1705 1704 1703
f 1705 1703 1701
f 1512 1508 1705
f 1512 1705 1701
f 1707 1706 1704
f 1707 1704 1705
f 1508 1509 1707
f 1508 1707 1705
f 1709 1708 1706
f 1709 1706 1707
f 1509 1710 1709
f 1509 1709 1707
f 153 1434 1709
f 153 1709 1710
f 1509 1510 1711
f 1509 1711 1710
f 1510 1517 1712
f 1510 1712 1711
f 1714 1713 155
f 1714 155 156
f 66 1625 1714
f 66 1714 156
f 1626 1628 1715
f 1628 1630 1716
f 1628 1716 1715
f 1630 1718 1717
f 1630 1717 1716
f 1630 1631 1634
f 1630 1634 1718
f 1634 1720 1719
f 1634 1719 1718
f 1634 1635 1639
f 1634 1639 1720
f 1721 1719 1720
f 1639 1722 1721
f 1639 1721 1720
f 1639 1640 1643
f 1639 1643 1722
f 1724 1723 1721
f 1724 1721 1722
f 1643 1645 1724
f 1643 1724 1722
f 1726 1725 1723
f 1726 1723 1724
f 1645 1647 1726
f 1645 1726 1724
f 1728 1727 1725
f 1728 1725 1726
f 1647 1649 1728
f 1647 1728 1726
f 1730 1729 1727
f 1730 1727 1728
f 1649 1651 1730
f 1649 1730 1728
f 1732 1731 1729
f 1732 1729 1730
f 1651 1653 1732
f 1651 1732 1730
f 1734 1733 1731
f 1734 1731 1732
f 1653 1655 1734
f 1653 1734 1732
f 1736 1735 1733
f 1736 1733 1734
f 1655 1657 1736
f 1655 1736 1734
f 1741 1740 1739
f 1743 1742 1740
f 1743 1740 1741
f 1745 1744 1742
f 1745 1742 1743
f 1660 1661 1745
f 1660 1745 1743
f 1747 1746 1744
f 1747 1744 1745
f 1661 1748 1747
f 1661 1747 1745
f 1750 1749 1747
f 1750 1747 1748
f 1662 1750 1748
f 1663 1469 1470
f 1663 1470 1750
f 1753 1746 1751
f 1753 1751 1752
f 1756 1755 1753
f 1756 1753 1754
f 1759 1758 1756
f 1759 1756 1757
f 152 222 1759
f 152 1759 1757
f 1680 151 152
f 1680 152 1757
f 1435 1467 1759
f 1435 1759 222
f 1467 1760 1758
f 1467 1758 1759
f 1763 1762 1761
f 1763 1761 1760
f 1467 1468 1763
f 1467 1763 1760
f 1761 1764 1758
f 1761 1758 1760
f 1761 1740 1742
f 1761 1742 1764
f 1755 1756 1758
f 1755 1758 1764
f 1742 1744 1755
f 1742 1755 1764
f 1766 1765 1762
f 1766 1762 1763
f 1468 1767 1766
f 1468 1766 1763
f 1769 1768 1766
f 1769 1766 1767
f 1771 1770 1769
f 1771 1769 1767
f 1468 6 1771
f 1468 1771 1767
f 1773 1772 1770
f 1773 1770 1771
f 6 1774 1773
f 6 1773 1771
f 1776 1775 1773
f 1776 1773 1774
f 1437 1436 1776
f 1774 1438 1437
f 1774 1437 1776
f 1778 1777 1436
f 1778 1436 237
f 243 1779 1778
f 243 1778 237
f 1438 1774 6
f 1780 1779 243
f 1780 243 244
f 154 1781 1780
f 154 1780 244
f 1783 1782 1780
f 1788 1787 1786
f 1795 1794 253
f 1795 253 254
f 155 1713 1795
f 155 1795 254
f 1796 1794 1795
f 1713 1796 1795
f 1799 1797 1798
f 1723 1725 1799
f 1723 1799 1798
f 1725 1727 1801
f 1725 1801 1799
f 1802 1800 1801
f 1727 1729 1802
f 1727 1802 1801
f 1729 1731 1804
f 1729 1804 1802
f 1806 1805 1803
f 1806 1803 1804
f 1731 1733 1806
f 1731 1806 1804
f 1807 1805 1806
f 1733 1735 1807
f 1733 1807 1806
f 1812 1811 1809
f 1812 1809 1810
f 1737 1812 1810
f 1765 1766 1768
f 1813 1811 1812
f 1815 1814 1811
f 1769 1770 1815
f 1770 1772 1817
f 1772 1819 1818
f 1821 1818 1819
f 1775 1777 1821
f 1775 1821 1819
f 1772 1773 1775
f 1772 1775 1819
f 1823 1820 1821
f 1777 1778 1823
f 1777 1823 1821
f 1825 1824 1822
f 1825 1822 1823
f 1778 1779 1825
f 1778 1825 1823
f 1782 1826 1824
f 1782 1824 1825
f 1779 1780 1782
f 1779 1782 1825
f 1828 1824 1826
f 1782 1784 1826
f 1833 1832 1830
f 1833 1830 1831
f 1785 1834 1833
f 1785 1833 1831
f 1838 1836 1833
f 1838 1833 1834
f 1787 1840 1838
f 1787 1838 1834
f 1785 1787 1834
f 1842 1841 1837
f 1842 1837 1839
f 1846 1845 1843
f 1846 1843 1840
f 1787 1788 1846
f 1787 1846 1840
f 1849 1848 1845
f 1849 1845 1846
f 1788 1789 1849
f 1788 1849 1846
f 1852 1851 1848
f 1852 1848 1849
f 1789 1790 1852
f 1789 1852 1849
f 1855 1854 1851
f 1855 1851 1852
f 1790 1791 1855
f 1790 1855 1852
f 1858 1857 1854
f 1858 1854 1855
f 1791 1792 1858
f 1791 1858 1855
f 1861 1860 1857
f 1861 1857 1858
f 1792 1793 1861
f 1792 1861 1858
f 1863 1862 1860
f 1863 1860 1861
f 1793 1863 1861
f 1866 1865 332
f 1866 332 333
f 253 1794 1866
f 253 1866 333
f 1867 1865 1866
f 1794 1867 1866
f 1808 1814 1816
f 1871 1870 1869
f 1827 1872 1870
f 1873 1872 1827
f 1829 1830 1873
f 1875 1874 1872
f 1875 1872 1873
f 1830 1832 1875
f 1830 1875 1873
f 1877 1876 1874
f 1877 1874 1875
f 1832 1878 1877
f 1832 1877 1875
f 1881 1877 1878
f 1836 1883 1881
f 1836 1881 1878
f 1832 1833 1836
f 1832 1836 1878
f 1885 1884 1880
f 1885 1880 1882
f 1841 1886 1885
f 1841 1885 1882
f 1835 1837 1841
f 1835 1841 1882
f 1889 1887 1886
f 1841 1842 1889
f 1841 1889 1886
f 1891 1888 1889
f 1842 1844 1891
f 1842 1891 1889
f 1893 1890 1891
f 1844 1847 1893
f 1844 1893 1891
f 1895 1892 1893
f 1847 1850 1895
f 1847 1895 1893
f 1897 1894 1895
f 1850 1853 1897
f 1850 1897 1895
f 1899 1898 1896
f 1899 1896 1897
f 1853 1856 1899
f 1853 1899 1897
f 1901 1898 1899
f 1856 1859 1901
f 1856 1901 1899
f 1904 1900 1901
f 1860 1862 1905
f 1860 1905 1902
f 1907 1903 1904
f 1862 1909 1908
f 1862 1908 1905
f 1912 1911 1908
f 1912 1908 1909
f 1864 1912 1909
f 1862 1863 1864
f 1862 1864 1909
f 1915 1914 1912
f 1916 411 412
f 332 1865 1916
f 332 1916 412
f 1865 1917 1916
f 1874 1918 1919
f 1870 1872 1874
f 1870 1874 1919
f 1868 1870 1919
f 1879 1922 1921
f 1879 1921 1920
f 1879 1880 1884
f 1879 1884 1922
f 1910 1924 1923
f 1906 1907 1910
f 1913 1927 1926
f 1913 1926 1924
f 1911 1912 1914
f 1911 1914 1925
f 1928 1926 1927
f 1933 1932 1931
f 1929 1935 1934
f 1936 1934 1935
f 1939 1937 535
f 1939 535 536
f 498 1941 1939
f 498 1939 536
f 498 1930 1941
f 1944 1942 1939
f 1944 1939 1941
f 1948 1947 1945
f 1948 1945 1946
f 1931 1932 1948
f 1931 1948 1946
f 1952 1951 1950
f 1954 1953 1952
f 1957 1956 1954
f 1957 1954 1955
f 1960 1959 557
f 1960 557 558
f 534 1961 1960
f 534 1960 558
f 534 535 1937
f 534 1937 1961
f 1964 1963 1960
f 1964 1960 1961
f 1938 1966 1965
f 1938 1965 1962
f 1938 1940 1943
f 1938 1943 1966
f 1967 1965 1966
f 1943 1967 1966
f 1943 1945 1947
f 1943 1947 1968
f 1951 1972 1971
f 1951 1971 1969
f 1949 1950 1951
f 1949 1951 1969
f 1974 1973 1971
f 1974 1971 1972
f 1953 1975 1974
f 1953 1974 1972
f 1951 1952 1953
f 1951 1953 1972
f 1977 1976 1974
f 1977 1974 1975
f 1956 1978 1977
f 1956 1977 1975
f 1953 1954 1956
f 1953 1956 1975
f 1980 1979 1977
f 1980 1977 1978
f 1958 1981 1980
f 1958 1980 1978
f 1956 1957 1958
f 1956 1958 1978
f 1983 1982 1980
f 1983 1980 1981
f 1985 1984 584
f 1985 584 586
f 556 1986 1985
f 556 1985 586
f 556 557 1959
f 556 1959 1986
f 1988 1987 1985
f 1988 1985 1986
f 1959 1989 1988
f 1959 1988 1986
f 1959 1960 1963
f 1959 1963 1989
f 1990 1984 1985
f 1990 1985 1987
f 1992 1991 1984
f 1992 1984 1990
f 1994 1993 1991
f 1994 1991 1992
f 1996 1995 1993
f 1996 1993 1994
f 1998 1997 1995
f 1998 1995 1996
f 2001 2000 1998
f 2001 1998 1999
f 1973 2005 2004
f 1973 2004 2003
f 1970 1971 1973
f 1970 1973 2003
f 2007 2006 2004
f 2007 2004 2005
f 1976 2008 2007
f 1976 2007 2005
f 1973 1974 1976
f 1973 1976 2005
f 2010 2009 2007
f 2010 2007 2008
f 1979 2011 2010
f 1979 2010 2008
f 1976 1977 1979
f 1976 1979 2008
f 2013 2012 2010
f 2013 2010 2011
f 1982 2014 2013
f 1982 2013 2011
f 1979 1980 1982
f 1979 1982 2011
f 2016 2015 2013
f 2016 2013 2014
f 2018 2017 2016
f 2018 2016 2014
f 1982 1983 2018
f 1982 2018 2014
f 1993 1995 1439
f 1993 1439 628
f 582 1991 1993
f 582 1993 628
f 1995 1997 627
f 1995 627 1439
f 1997 2019 630
f 1997 630 627
f 2020 633 630
f 1997 1998 2000
f 2002 2024 2023
f 2002 2023 2021
f 2000 2001 2002
f 2000 2002 2021
f 2026 2025 2023
f 2026 2023 2024
f 2009 2030 2029
f 2009 2029 2028
f 2006 2007 2009
f 2006 2009 2028
f 2032 2031 2029
f 2032 2029 2030
f 2012 2033 2032
f 2012 2032 2030
f 2009 2010 2012
f 2009 2012 2030
f 2035 2034 2032
f 2035 2032 2033
f 2015 2036 2035
f 2015 2035 2033
f 2012 2013 2015
f 2012 2015 2033
f 2038 2037 2035
f 2038 2035 2036
f 2040 2039 2038
f 2040 2038 2036
f 2015 2016 2040
f 2015 2040 2036
f 2042 2041 2039
f 2042 2039 2040
f 2016 2017 2042
f 2016 2042 2040
f 2022 2043 655
f 2022 655 654
f 633 2020 2022
f 633 2022 654
f 2044 657 655
f 2044 655 2043
f 2025 2046 2044
f 2025 2044 2043
f 2050 2049 2045
f 2050 2045 2047
f 2027 2051 2050
f 2027 2050 2047
f 2053 2052 2050
f 2053 2050 2051
f 2034 2057 2056
f 2034 2056 2055
f 2031 2032 2034
f 2031 2034 2055
f 2059 2058 2056
f 2059 2056 2057
f 2037 2060 2059
f 2037 2059 2057
f 2034 2035 2037
f 2034 2037 2057
f 2062 2061 2059
f 2062 2059 2060
f 2064 2063 2062
f 2064 2062 2060
f 2037 2038 2064
f 2037 2064 2060
f 2067 2065 2063
f 2067 2063 2064
f 2038 2039 2067
f 2038 2067 2064
f 2048 660 659
f 657 2044 2048
f 657 2048 659
f 2052 2076 2075
f 2052 2075 2074
f 2049 2050 2052
f 2049 2052 2074
f 2078 2077 2075
f 2078 2075 2076
f 2054 2078 2076
f 2052 2054 2076
f 2061 2082 2081
f 2058 2059 2061
f 2058 2061 2080
f 2084 2081 2082
f 2086 2085 2084
f 2086 2084 2082
f 2061 2062 2086
f 2061 2086 2082
f 2088 2087 2085
f 2088 2085 2086
f 2062 2063 2088
f 2062 2088 2086
f 2091 2089 2087
f 2091 2087 2088
f 2063 2065 2091
f 2063 2091 2088
f 2094 2093 2090
f 2094 2090 2092
f 2066 2094 2092
f 2096 2095 2093
f 2096 2093 2094
f 2068 2096 2094
f 2098 2097 2095
f 2098 2095 2096
f 2069 2098 2096
f 2100 2099 2097
f 2100 2097 2098
f 2070 2100 2098
f 2102 2101 2099
f 2102 2099 2100
f 2071 2102 2100
f 2104 2103 2101
f 2104 2101 2102
f 2106 2105 2103
f 2106 2103 2104
f 2108 2107 2105
f 2108 2105 2106
f 2072 2108 2106
f 693 692 2107
f 693 2107 2108
f 2073 693 2108
f 2079 2111 2110
f 2079 2110 2109
f 2077 2079 2109
f 2113 2112 2110
f 2113 2110 2111
f 2115 2114 2113
f 2083 2084 2118
f 2120 2119 2117
f 2120 2117 2118
f 2084 2085 2120
f 2084 2120 2118
f 2122 2121 2119
f 2122 2119 2120
f 2085 2087 2122
f 2085 2122 2120
f 2125 2123 2121
f 2125 2121 2122
f 2087 2089 2125
f 2087 2125 2122
f 2128 2124 2126
f 2090 2093 2128
f 2090 2128 2126
f 2130 2129 2127
f 2130 2127 2128
f 2093 2095 2130
f 2093 2130 2128
f 2132 2129 2130
f 2095 2097 2132
f 2095 2132 2130
f 2134 2133 2131
f 2134 2131 2132
f 2097 2099 2134
f 2097 2134 2132
f 2136 2133 2134
f 2099 2101 2136
f 2099 2136 2134
f 2138 2135 2136
f 2101 2103 2138
f 2101 2138 2136
f 2140 2137 2138
f 2103 2105 2140
f 2103 2140 2138
f 2142 2139 2140
f 2105 2107 2142
f 2105 2142 2140
f 735 2141 2142
f 2107 692 735
f 2107 735 2142
f 2144 737 736
f 2144 736 2143
f 2114 2145 2144
f 2114 2144 2143
f 2112 2113 2114
f 2112 2114 2143
f 2147 2146 2144
f 2147 2144 2145
f 2114 2116 2145
f 2119 2121 2150
f 2152 2151 2149
f 2152 2149 2150
f 2121 2123 2152
f 2121 2152 2150
f 2155 2154 2153
f 2146 2157 789
f 2146 789 787
f 737 2144 2146
f 737 2146 787
f 2158 791 788
f 2158 788 2156
f 2146 2147 2148
f 2146 2148 2157
f 2162 2161 2160
f 2149 2151 2162
f 2159 2163 838
f 2159 838 837
f 791 2158 2159
f 791 2159 837
f 2164 840 838
f 2164 838 2163
f 2165 2168 887
f 2165 887 886
f 840 2164 2165
f 840 2165 886
f 2169 889 887
f 2169 887 2168
f 2173 2172 2171
f 2166 2167 2173
f 2170 2174 935
f 2170 935 934
f 889 2169 2170
f 889 2170 934
f 2175 1440 935
f 2175 935 2174
f 2181 2180 2178
f 2181 2178 2179
f 2171 2172 2181
f 2171 2181 2179
f 2177 1442 1444
f 1440 2175 2176
f 1440 2176 1443
f 2182 982 1442
f 2187 2186 2184
f 2187 2184 2185
f 2189 2188 2186
f 2189 2186 2187
f 2178 2180 2189
f 2178 2189 2187
f 2183 2190 1446
f 2183 1446 1448
f 982 2182 2183
f 982 2183 1448
f 2192 2191 1029
f 2192 1029 1031
f 1025 2193 2192
f 1025 2192 1031
f 1025 1446 2190
f 1025 2190 2193
f 2195 2192 2193
f 2190 2195 2193
f 2199 2198 2196
f 2199 2196 2197
f 2184 2186 2199
f 2184 2199 2197
f 2201 2200 2198
f 2201 2198 2199
f 2186 2188 2201
f 2186 2201 2199
f 1027 1029 2191
f 1027 2191 2203
f 2204 2202 2203
f 2191 2204 2203
f 2191 2192 2194
f 2207 2206 2205
f 2209 2208 2206
f 2209 2206 2207
f 2196 2198 2209
f 2196 2209 2207
f 2211 2210 2208
f 2211 2208 2209
f 2198 2200 2211
f 2198 2211 2209
f 2205 2206 2212
f 2206 2208 2213
f 2206 2213 2212
f 2208 2210 2214
f 2208 2214 2213
f 2215 2216 2217
f 2215 2217 2219
f 2220 2218 2219
f 2217 2221 2220
f 2217 2220 2219
f 2222 2220 2221
f 2227 2226 2225
f 2223 2224 2227
f 2231 2230 2229
f 2225 2226 2231
f 2233 2232 2230
f 2233 2230 2231
f 2226 2228 2233
f 2226 2233 2231
f 2235 2234 2232
f 2235 2232 2233
f 2228 2235 2233
f 2239 2238 2237
f 2229 2230 2239
f 2241 2240 2238
f 2241 2238 2239
f 2230 2232 2241
f 2230 2241 2239
f 2243 2242 2240
f 2243 2240 2241
f 2232 2234 2243
f 2232 2243 2241
f 2245 2244 2242
f 2245 2242 2243
f 2234 2246 2245
f 2234 2245 2243
f 2248 2247 2245
f 2234 2235 2236
f 2240 2242 1311
f 2240 1311 1312
f 1290 2238 2240
f 1290 2240 1312
f 2242 2244 1310
f 2242 1310 1311
f 2244 2249 1313
f 2244 1313 1310
f 2250 1314 1313
f 2250 1313 2249
f 2247 2251 2250
f 2247 2250 2249
f 2244 2245 2247
f 2244 2247 2249
f 2253 2252 2250
f 2252 2255 1318
f 2252 1318 1317
f 1314 2250 2252
f 1314 2252 1317
f 2256 1318 2255
f 2254 2257 2256
f 2254 2256 2255
f 2252 2253 2254
f 2252 2254 2255
f 2259 2258 2256
f 2258 1321 1320
f 1319 2256 2258
f 1319 2258 1320
f 1334 2262 2261
f 2267 2266 2265
f 2260 2268 2267
f 2270 2267 2268
f 2262 2270 2268
f 2260 2262 2268
f 2263 2264 2271
f 2264 2272 2271
f 2265 2266 2274
f 2275 2273 2274
f 2266 2275 2274
f 2266 2267 2269
f 2284 2283 2282
f 2276 2285 2284
f 2287 2286 2284
f 2287 2284 2285
f 2289 2288 2287
f 2289 2287 2285
f 2276 2289 2285
f 2291 2290 2288
f 2291 2288 2289
f 2277 2291 2289
f 2293 2292 2290
f 2293 2290 2291
f 2278 2293 2291
f 1366 1365 2292
f 1366 2292 2293
f 2279 1366 2293
f 2296 2295 2294
f 2297 2295 2296
f 2301 2300 2298
f 2301 2298 2299
f 2280 2301 2299
f 2305 2304 2303
f 2281 2306 2305
f 2308 2307 2305
f 2308 2305 2306
f 2283 2309 2308
f 2283 2308 2306
f 2281 2283 2306
f 2311 2310 2308
f 2311 2308 2309
f 2286 2312 2311
f 2286 2311 2309
f 2283 2284 2286
f 2283 2286 2309
f 2314 2313 2311
f 2314 2311 2312
f 2316 2315 2314
f 2316 2314 2312
f 2286 2287 2316
f 2286 2316 2312
f 2318 2317 2315
f 2318 2315 2316
f 2287 2288 2318
f 2287 2318 2316
f 2320 2319 2317
f 2320 2317 2318
f 2288 2290 2320
f 2288 2320 2318
f 2322 2321 2319
f 2322 2319 2320
f 2290 2292 2322
f 2290 2322 2320
f 1382 1381 2321
f 1382 2321 2322
f 2292 1365 1382
f 2292 1382 2322
f 2294 2295 2324
f 2294 2324 2323
f 2295 2325 2324
f 2300 2301 2302
f 2300 2302 2326
f 2302 2303 2304
f 2302 2304 2327
f 2304 2305 2307
f 2304 2307 2328
f 2310 2331 2330
f 2310 2330 2329
f 2307 2308 2310
f 2307 2310 2329
f 2313 2334 2333
f 2313 2333 2331
f 2310 2311 2313
f 2310 2313 2331
f 2336 2335 2333
f 2336 2333 2334
f 2338 2337 2336
f 2338 2336 2334
f 2313 2314 2338
f 2313 2338 2334
f 2339 1487 2337
f 2339 2337 2338
f 2314 2315 2339
f 2314 2339 2338
f 2340 1486 1487
f 2340 1487 2339
f 2315 2317 2340
f 2315 2340 2339
f 2341 1485 1486
f 2341 1486 2340
f 2317 2319 2341
f 2317 2341 2340
f 2343 2342 1485
f 2343 1485 2341
f 2319 2321 2343
f 2319 2343 2341
f 1396 1395 2342
f 1396 2342 2343
f 2321 1381 1396
f 2321 1396 2343
f 2335 2346 2345
f 2335 2345 2344
f 2332 2333 2335
f 2332 2335 2344
f 2335 2336 2347
f 2335 2347 2346
f 2336 2337 2348
f 2336 2348 2347
f 2337 1487 1482
f 2337 1482 2348
f 2350 1398 1397
f 2350 1397 2349
f 1483 1484 2350
f 1483 2350 2349
f 1484 1485 2342
f 1484 2342 2350
f 2342 1395 1398
f 2342 1398 2350
f 1290 2237 2238
f 582 584 1984
f 582 1984 1991
f 1808 1809 1811
f 1808 1811 1814
f 1775 1776 1436
f 1775 1436 1777
f 1738 1739 1762
f 1738 1762 1765
f 1739 1740 1761
f 1739 1761 1762
f 1744 1746 1753
f 1744 1753 1755
f 1746 1747 1749
f 1746 1749 1751
f 1686 2353 2352
f 1686 2352 2351
f 1683 1684 1686
f 1683 1686 2351
f 2355 2354 2352
f 2355 2352 2353
f 2357 2356 2355
f 2357 2355 2353
f 1686 1687 2357
f 1686 2357 2353
f 1702 1703 2356
f 1702 2356 2357
f 1687 1688 1702
f 1687 1702 2357
f 2359 2358 2355
f 2359 2355 2356
f 1703 1704 2359
f 1703 2359 2356
f 2361 2360 2358
f 2361 2358 2359
f 1704 1706 2361
f 1704 2361 2359
f 2363 2362 2360
f 2363 2360 2361
f 1706 1708 2363
f 1706 2363 2361
f 1399 1451 2362
f 1399 2362 2363
f 1708 1400 1399
f 1708 1399 2363
f 1708 1709 1434
f 1708 1434 1400
f 2358 2360 2365
f 2358 2365 2364
f 2354 2355 2358
f 2354 2358 2364
f 2360 2362 2366
f 2360 2366 2365
f 1688 1690 1700
f 1688 1700 1702
f 2367 1405 1404
f 2367 1404 2369
f 1404 1406 1676
f 1404 1676 2369
f 133 1675 1676
f 133 1676 1406
f 2368 2370 1408
f 2368 1408 1407
f 1405 2367 2368
f 1405 2368 1407
f 2371 1410 1408
f 2371 1408 2370
f 2372 1416 1415
f 2372 1415 2374
f 1415 1452 2375
f 1415 2375 2374
f 2373 2376 1418
f 2373 1418 1417
f 1416 2372 2373
f 1416 2373 1417
f 2377 1420 1418
f 2377 1418 2376
f 2379 2382 2381
f 2379 2381 2380
f 2383 1668 2381
f 2383 2381 2382
f 1424 1431 2383
f 1424 2383 2382
f 2379 1423 1424
f 2379 1424 2382
f 1432 1666 2383
f 1432 2383 1431
f 113 1664 1666
f 113 1666 1432
f 1666 1667 1668
f 1666 1668 2383
f 1673 128 129
f 1673 129 2378
f 129 1420 2377
f 129 2377 2378
f 1637 1638 2384
f 1637 2384 1642
f 1556 1557 1559
f 1556 1559 1642
f 1547 1548 1549
f 1638 1533 1547
f 1638 1547 2384
f 1633 1532 1533
f 1633 1533 1638
f 1517 1515 1615
f 1517 1615 1620
f 1515 1516 1613
f 1515 1613 1615
f 1516 1513 1608
f 1516 1608 1610
f 1513 1514 1606
f 1513 1606 1608
f 1533 1530 1544
f 1533 1544 1547
f 1492 1458 1495
f 1492 1495 1497
f 1488 1480 1481
f 1488 1481 1491
f 6 1468 1467
f 6 1467 1435
f 65 64 1623
f 1525 1523 1463
f 1523 1521 1463
