# Palette-baked from RoboTwin texture for mujoco-react
v -0.80422199 0.014873001 -0.134113
v -0.79236001 0.015597001 -0.13275799
v -0.82975596 0.084541 -0.088046998
v -0.85729396 0.046689 -0.103685
v -0.81157601 0.018969001 -0.101954
v -0.94334799 0.040989 -0.040955
v -0.82994097 0.107474 -0.056636997
v -0.87518698 0.105274 -0.023910997
v -0.84512401 0.120532 0.0036150019
v 0.940485 0.0048600007 -0.011399998
v -0.832057 0.123238 0.045533001
v -0.94345701 0.041014999 0.040566001
v -0.82514095 0.123073 0.045480002
v -0.83009797 0.104811 0.059698001
v -0.824453 0.083894998 0.08749
v -0.79012001 0.019316001 0.096322998
v -0.85650098 0.047283001 0.10423
v -0.73678899 0.014886001 0.13060001
v -0.74206096 0.03119 -0.142452
v -0.74206096 0.03119 -0.142452
v -0.808456 0.024094 -0.134554
v -0.78656 0.018756 -0.133536
v -0.79631597 7.1850081e-10 -0.13275799
v -0.80616397 7.1850081e-10 -0.130358
v -0.78266096 0.017953001 -0.129297
v -0.78907901 0.018234001 -0.121011
v -0.80014598 0.018226001 -0.118648
v -0.80529201 0.015597001 -0.12914699
v -0.77840799 0.01832 -0.12147599
v -0.83096796 0.089028999 -0.081957996
v -0.82155401 0.086920001 -0.082166001
v -0.82388896 0.081632003 -0.091543995
v -0.83645797 0.083855003 -0.093563996
v -0.84071398 0.090465002 -0.085124999
v -0.82911795 0.078817002 -0.100401
v -0.86479098 0.063081004 -0.092079997
v -0.85694098 0.070128001 -0.096989997
v -0.84749997 0.058019999 -0.10535
v -0.872329 0.044096999 -0.095808998
v -0.87595099 0.058519002 -0.087049998
v -0.83632499 0.049882002 -0.114473
v -0.84286696 0.040366001 -0.117196
v -0.85822397 0.029976001 -0.108291
v -0.871427 0.029721001 -0.100961
v -0.84413999 0.027960001 -0.117871
v -0.84413999 0.027960001 -0.117871
v -0.811813 0.019085001 -0.094870001
v -0.82232797 0.018575002 -0.097219996
v -0.818178 0.018401001 -0.106761
v -0.81026 0.018350001 -0.11431
v -0.80479497 0.019082 -0.104949
v -0.801907 0.019319002 -0.095796995
v -0.94418198 0.043996003 -0.033871997
v -0.93918198 0.053897999 -0.039323997
v -0.93929696 0.047065999 -0.047441997
v -0.94471699 0.034316 -0.043032996
v -0.94645196 0.035229001 -0.032555997
v -0.93950099 0.039211001 -0.054065999
v -0.82355899 0.109515 -0.053349998
v -0.82210499 0.101152 -0.062628999
v -0.83215499 0.102233 -0.063758999
v -0.84124601 0.105951 -0.064576998
v -0.83696997 0.112369 -0.055774
v -0.82954496 0.116375 -0.050088
v -0.890836 0.099530004 -0.025001999
v -0.891738 0.102661 -0.0073249983
v -0.87873 0.105922 -0.0047379984
v -0.879704 0.095279001 -0.044958998
v -0.89186198 0.092572004 -0.043412
v -0.86620998 0.112287 0.0024160019
v -0.86620998 0.112287 0.0024160019
v -0.86094797 0.114727 -0.010279998
v -0.85482097 0.117044 -0.021969998
v -0.86574 0.109522 -0.034427997
v -0.87020898 0.099243 -0.050035
v -0.84135497 0.122768 -0.013557998
v -0.82551199 0.126793 0.0080360016
v -0.82477897 0.12686799 -0.0093969982
v -0.85517097 0.117195 0.013974002
v -0.85517097 0.117195 0.013974002
v -0.84431899 0.120618 0.028996002
v -0.84431899 0.120618 0.028996002
v -0.83525896 0.12536401 0.024872001
v -0.83525896 0.12536401 0.024872001
v 0.94153702 0.0054780007 -0.0096369982
v 0.94322205 0.0034310007 -0.0094209984
v 0.94172502 0.0032450007 -0.011481998
v 0.93681395 0.0040750005 -0.014926998
v 0.93659699 0.0059820008 -0.013797998
v 0.93639505 0.0076880008 -0.012110998
v -0.83692598 0.123427 0.039011002
v -0.84660101 0.119327 0.043662
v -0.839315 0.118539 0.049639001
v -0.82892901 0.125918 0.036725003
v -0.82892901 0.125918 0.036725003
v -0.83235699 0.115259 0.051664002
v -0.93998098 0.046358999 0.046528
v -0.939704 0.053067002 0.038656
v -0.94420898 0.043873001 0.033954002
v -0.94491297 0.034529999 0.042198002
v -0.94030899 0.038449999 0.052389003
v -0.94641995 0.035287 0.032789003
v -0.81430197 0.12723701 0.041777004
v -0.81777996 0.129537 0.034758002
v -0.81777996 0.129537 0.034758002
v -0.819004 0.115 0.048612002
v -0.81024498 0.119524 0.043701001
v -0.82564598 0.108826 0.054633003
v -0.83819896 0.109523 0.059072003
v -0.84050101 0.103469 0.067134999
v -0.82952797 0.10039 0.065375999
v -0.82054198 0.101542 0.062310003
v -0.82678998 0.088461004 0.080856003
v -0.83830696 0.089403003 0.085445002
v -0.83280498 0.082734004 0.094071001
v -0.82491398 0.07863 0.100087
v -0.81787801 0.081739999 0.090245001
v -0.81643897 0.088234998 0.080319002
v -0.79169899 0.019402001 0.089182004
v -0.780541 0.019397 0.087667003
v -0.78168499 0.019265002 0.098130003
v -0.78654498 0.018956 0.110201
v -0.79821795 0.019173 0.10392001
v -0.80522799 0.019232001 0.094837002
v -0.87013 0.044890001 0.096794002
v -0.86965698 0.030179001 0.101758
v -0.858163 0.030382 0.108415
v -0.86223501 0.063229002 0.094000004
v -0.87230396 0.058981001 0.088615999
v -0.84663701 0.057843 0.106041
v -0.85512698 0.069876999 0.099039003
v -0.84389299 0.040690001 0.116846
v -0.83711696 0.049598999 0.114677
v -0.84570795 0.028441001 0.117082
v -0.73672396 0.016314 0.1277
v -0.73358899 0.010862 0.127809
v -0.736902 0.010433001 0.13174701
v -0.80311197 0.014937 0.134331
v -0.79316896 0.018344 0.120054
v -0.77660501 0.018252 0.122583
v -0.79577398 7.1850081e-10 0.13286701
v -0.79577398 7.1850081e-10 0.13286701
v -0.80386299 7.1850081e-10 0.13387801
v -0.80428398 7.1850081e-10 0.13065
v -0.77041596 0.049072001 0.13159901
v -0.78021199 0.061239 0.123057
v -0.79606795 0.048760999 0.126945
v -0.80615896 0.055153001 0.12038101
v -0.811086 0.047143001 0.125737
v -0.79308599 0.058540002 0.121821
v -0.80163097 0.065733001 0.117656
v -0.80994099 0.070914999 0.111358
v -0.81509697 0.060977999 0.116047
v -0.78809798 0.070964999 0.111758
v -0.79629099 0.073550001 0.10443
v -0.80439299 0.076377004 0.098673999
v -0.81145996 0.078949004 0.094097003
v -0.81750798 0.074882999 0.105673
v -0.79106599 0.083798997 0.086819001
v -0.79975498 0.085928999 0.083742999
v -0.80830598 0.087348998 0.081631005
v -0.799784 0.097955003 0.068134002
v -0.80912799 0.096504003 0.069594003
v -0.818138 0.095040001 0.071238004
v -0.82925296 0.094536997 0.072851002
v -0.81289595 0.106077 0.057108004
v -0.80469501 0.109921 0.052596003
v -0.79041797 0.098628998 0.067702003
v -0.79524797 0.112693 0.049649
v -0.79933101 0.122416 0.041952003
v -0.78453797 0.115022 0.046827003
v -0.78782201 0.12455 0.039012
v -0.789841 0.131115 0.036506001
v -0.801898 0.130357 0.039373003
v -0.791713 0.134343 0.030807002
v -0.791713 0.134343 0.030807002
v -0.80454099 0.13329001 0.032878
v -0.80454099 0.13329001 0.032878
v -0.79326898 0.13474099 0.023563001
v -0.79326898 0.13474099 0.023563001
v -0.80701196 0.133349 0.024388002
v -0.82072699 0.128682 0.024798002
v -0.80968499 0.132989 0.010149002
v -0.79479396 0.13451099 0.011551002
v -0.809681 0.132625 -0.0080089979
v -0.8211 0.12877101 -0.023594998
v -0.83560497 0.12512501 -0.026139999
v -0.80513501 0.13332701 -0.031764999
v -0.818106 0.129492 -0.032929998
v -0.83076996 0.125871 -0.034895997
v -0.841977 0.121079 -0.039957996
v -0.84729099 0.118678 -0.033039998
v -0.81590796 0.129255 -0.039873999
v -0.82630098 0.124659 -0.041827999
v -0.836169 0.120861 -0.046212997
v -0.84465498 0.116052 -0.053845
v -0.85203898 0.116694 -0.049311999
v -0.82127899 0.11972 -0.046177
v -0.81172496 0.123451 -0.042983998
v -0.80704701 0.114279 -0.048195999
v -0.81640399 0.111749 -0.050897997
v -0.80322397 0.102987 -0.061338998
v -0.81300598 0.10214 -0.061852999
v -0.80146497 0.091716997 -0.075995997
v -0.81166101 0.093093 -0.073837996
v -0.82216197 0.093716003 -0.072613001
v -0.83269995 0.095426001 -0.073228002
v -0.81189996 0.084131002 -0.085616998
v -0.80287296 0.081035003 -0.090055995
v -0.80708599 0.075139001 -0.10258
v -0.815786 0.078228004 -0.097036995
v -0.81115597 0.070758 -0.111809
v -0.82036 0.074671 -0.106259
v -0.81476498 0.061666001 -0.115684
v -0.824871 0.06718 -0.111291
v -0.83441198 0.073013 -0.105568
v -0.84363198 0.081445999 -0.098600999
v -0.829741 0.058424 -0.112101
v -0.84032196 0.065861002 -0.106485
v -0.85061401 0.077262998 -0.100527
v -0.86221898 0.081955999 -0.084073
v -0.85617095 0.08698 -0.08704
v -0.84921497 0.090011999 -0.087349996
v -0.85849899 0.096905001 -0.073630996
v -0.85073197 0.098633997 -0.075292997
v -0.84247696 0.097759001 -0.074791998
v -0.84968299 0.10834 -0.064180002
v -0.85720897 0.107349 -0.06112
v -0.86396897 0.092887998 -0.069818996
v -0.86307096 0.103787 -0.05607
v -0.85828 0.113359 -0.042999998
v -0.87098497 0.088119 -0.065285996
v -0.86952096 0.076651998 -0.079967
v -0.87935901 0.072145998 -0.075778998
v -0.88070798 0.084119 -0.061476
v -0.89116997 0.069978997 -0.073451996
v -0.89220798 0.082088999 -0.059657
v -0.90377498 0.068984002 -0.072103001
v -0.90446895 0.080796003 -0.058543999
v -0.90451497 0.090790004 -0.042808
v -0.91635096 0.077739 -0.056242999
v -0.91657996 0.087088004 -0.041356999
v -0.91678196 0.093311004 -0.025059998
v -0.90442097 0.097618997 -0.025562998
v -0.91722 0.096115999 -0.0082059978
v -0.90512598 0.100479 -0.0081229983
v -0.91804099 0.095526002 0.0089990022
v -0.91804099 0.095526002 0.0089990022
v -0.90665901 0.099969998 0.0096700015
v -0.90665901 0.099969998 0.0096700015
v -0.89437997 0.101812 0.010542002
v -0.89437997 0.101812 0.010542002
v -0.908333 0.096228004 0.027403003
v -0.89674497 0.097893 0.028577002
v -0.885638 0.099138997 0.030406002
v -0.882608 0.103784 0.012537002
v -0.882608 0.103784 0.012537002
v -0.87591696 0.101876 0.033871002
v -0.87220097 0.107848 0.017479002
v -0.87220097 0.107848 0.017479002
v -0.86761498 0.106449 0.040079001
v -0.86254597 0.112733 0.025926001
v -0.86092097 0.110977 0.047102001
v -0.85335797 0.116147 0.036033001
v -0.85429198 0.114018 0.053106003
v -0.86272299 0.101774 0.060127001
v -0.85729796 0.105399 0.064966999
v -0.84958601 0.105903 0.067073002
v -0.84634095 0.113596 0.057231002
v -0.85724998 0.096005999 0.077064
v -0.84946799 0.097272001 0.077424005
v -0.84049797 0.096409999 0.075988002
v -0.84754801 0.088675 0.089044005
v -0.85447496 0.086122997 0.089616001
v -0.84862101 0.075826004 0.102188
v -0.84100896 0.080203004 0.099794999
v -0.83870798 0.065164 0.107301
v -0.83173996 0.072732002 0.106273
v -0.82966298 0.057932999 0.112513
v -0.82366496 0.066900998 0.111473
v -0.82061398 0.051375002 0.118959
v -0.82695597 0.043838002 0.123558
v -0.81508797 0.040368002 0.13127699
v -0.831074 0.035523999 0.12558
v -0.81679499 0.032154001 0.132834
v -0.79846799 0.027548 0.136141
v -0.81800598 0.02414 0.13270999
v -0.83251595 0.025907001 0.125599
v -0.83332098 0.014412001 0.125395
v -0.81977898 0.015597001 0.13286701
v -0.83379298 7.1850081e-10 0.125506
v -0.81977201 7.1850081e-10 0.131706
v -0.819583 7.1850081e-10 0.13286701
v -0.598948 7.1850081e-10 -0.142434
v -0.58593398 7.1850081e-10 -0.141928
v -0.57229298 7.1850081e-10 -0.141332
v -0.55822897 7.1850081e-10 -0.139743
v -0.58621401 0.03112 -0.14177901
v -0.57272899 0.030384 -0.141278
v -0.57272899 0.030384 -0.141278
v -0.558209 0.028548 -0.139907
v -0.558209 0.028548 -0.139907
v -0.57299298 0.044445999 -0.14058299
v -0.57299298 0.044445999 -0.14058299
v -0.55962998 0.045096003 -0.13653
v -0.547212 0.046095002 -0.133903
v -0.547212 0.046095002 -0.133903
v -0.54567999 0.0273 -0.135296
v -0.54567999 0.0273 -0.135296
v -0.54543597 7.1850081e-10 -0.134865
v -0.53266096 0.026155001 -0.13382399
v -0.53209001 7.1850081e-10 -0.13363099
v -0.74878496 0.058997001 0.128273
v -0.75854897 0.061774001 0.12531801
v -0.76539201 0.070113003 0.107743
v -0.74122798 0.090332001 0.081161
v -0.751571 0.092542998 0.077582002
v -0.76098496 0.096895002 0.071518004
v -0.77105796 0.098526999 0.068861
v -0.77364898 0.076407999 0.097257003
v -0.75195098 0.120306 0.041699003
v -0.76280797 0.11913 0.042512003
v -0.77350199 0.117208 0.044123001
v -0.78116697 0.099027999 0.067661002
v -0.764579 0.13016 0.034907002
v -0.77598101 0.127611 0.036192004
v -0.76589698 0.136673 0.033392001
v -0.77777797 0.133623 0.034320001
v -0.766693 0.14076701 0.030279001
v -0.77947396 0.13755201 0.029919002
v -0.80325401 0.132974 -0.038144
v -0.801009 0.126762 -0.040955998
v -0.79743397 0.116479 -0.045982998
v -0.78248399 0.103012 -0.062348999
v -0.79282999 0.103283 -0.061450999
v -0.78177297 0.086507 -0.083526999
v -0.79153299 0.089514002 -0.079227
v -0.78513098 0.073879004 -0.100781
v -0.79393697 0.077616997 -0.095114999
v -0.78863001 0.070518002 -0.114576
v -0.798006 0.072655 -0.108281
v -0.792108 0.061023001 -0.1209
v -0.80163896 0.066165999 -0.116621
v -0.79481298 0.051973 -0.124336
v -0.80490601 0.056917001 -0.119961
v -0.79689097 0.045541 -0.130146
v -0.80819297 0.048507001 -0.124721
v -0.819148 0.052363001 -0.118607
v -0.81125998 0.041340001 -0.131372
v -0.82453698 0.044532001 -0.124226
v -0.81126696 0.032817002 -0.134023
v -0.81126696 0.032817002 -0.134023
v -0.82763499 0.035367001 -0.127322
v -0.82763499 0.035367001 -0.127322
v -0.827456 0.025262 -0.128041
v -0.827456 0.025262 -0.128041
v -0.82732201 0.014002001 -0.12809099
v -0.84421796 0.014382001 -0.118078
v -0.858495 0.014921001 -0.109872
v -0.858495 0.014921001 -0.109872
v -0.82869399 7.1850081e-10 -0.12737499
v -0.84458596 7.1850081e-10 -0.117985
v -0.85876995 7.1850081e-10 -0.110351
v -0.87198699 7.1850081e-10 -0.104526
v -0.87172896 0.015000001 -0.103769
v -0.87172896 0.015000001 -0.103769
v -0.74877399 7.1850081e-10 -0.139088
v -0.75206 7.1850081e-10 -0.139792
v -0.74490297 7.1850081e-10 -0.137491
v -0.74744397 0.008932001 -0.13713999
v -0.75115997 0.0088610006 -0.138537
v -0.74002099 7.1850081e-10 -0.134691
v -0.74200201 0.0087470012 -0.134057
v -0.74788696 0.014808001 -0.13223399
v -0.75343096 0.014425001 -0.13473099
v -0.73455995 7.1850081e-10 -0.129384
v -0.73656601 0.0086530009 -0.12929499
v -0.741593 0.015761001 -0.127756
v -0.74890596 0.017696001 -0.124531
v -0.755723 0.017043 -0.12933999
v -0.73609197 0.015105001 -0.118765
v -0.74384099 0.017902 -0.117485
v -0.752496 0.018521002 -0.115955
v -0.75774801 0.018133001 -0.12262
v -0.73492199 0.014518001 -0.10651
v -0.74117798 0.017900001 -0.106424
v -0.74924099 0.018715002 -0.105933
v -0.75805199 0.019019 -0.104628
v -0.76233196 0.018776001 -0.114074
v -0.74019998 0.017596001 -0.093132995
v -0.74769896 0.018697001 -0.092967995
v -0.75596797 0.019109001 -0.092528
v -0.765571 0.019283 -0.091455996
v -0.76898199 0.019148001 -0.102757
v -0.74734998 0.018667001 -0.079572998
v -0.75494498 0.019063001 -0.079558998
v -0.76391196 0.019300001 -0.079026997
v -0.77510297 0.019436 -0.077970996
v -0.77738297 0.019400001 -0.089681
v -0.754875 0.019029001 -0.066477001
v -0.76336801 0.019289 -0.066358998
v -0.77390796 0.019422 -0.065852001
v -0.78619897 0.019483 -0.065049
v -0.78727096 0.019488001 -0.076630995
v -0.763282 0.019195002 -0.053707998
v -0.77336895 0.019370001 -0.053551
v -0.78557998 0.019444 -0.053146999
v -0.79826999 0.019414 -0.052667998
v -0.798738 0.019443002 -0.064286001
v -0.77315897 0.019272001 -0.041255999
v -0.78524101 0.019364001 -0.041061997
v -0.79795498 0.019341001 -0.040756997
v -0.810669 0.019168001 -0.040468
v -0.81093198 0.019228 -0.052302998
v -0.78503799 0.019306 -0.028890999
v -0.79774296 0.019298 -0.028671999
v -0.81048799 0.019149 -0.028431999
v -0.82312697 0.018734001 -0.028242998
v -0.82323098 0.018643001 -0.040261999
v -0.79758596 0.019273 -0.016488997
v -0.810359 0.019117001 -0.016267998
v -0.82304496 0.018576 -0.016089998
v -0.83525699 0.015597001 -0.015946997
v -0.83525497 0.015597001 -0.028092999
v -0.81024599 0.019108001 -0.0039959983
v -0.822981 0.018666001 -0.0037959982
v -0.835298 0.015597001 -0.0036669981
v -0.82293296 0.018590001 0.0085740015
v -0.83529496 0.015597001 0.0087540019
v -0.83524001 0.015597001 0.021289002
v -0.732939 7.1850081e-10 0.125569
v -0.732283 7.1850081e-10 0.12031
v -0.73368299 7.1850081e-10 0.12991801
v -0.733643 0.0053560007 0.12926701
v -0.73297197 0.0056830007 0.125038
v -0.73761898 7.1850081e-10 0.133479
v -0.73761898 7.1850081e-10 0.133479
v -0.73748499 0.0052370005 0.133017
v -0.74733901 7.1850081e-10 0.13845401
v -0.75225997 0.018077001 0.12431701
v -0.74447298 0.017960001 0.121489
v -0.73715198 0.01733 0.120016
v -0.73715198 0.01733 0.120016
v -0.73695099 0.016945001 0.123785
v -0.73276699 0.012320001 0.119686
v -0.73311597 0.011528001 0.124054
v -0.73248398 0.0061120009 0.120042
v -0.732696 0.012865 0.114604
v -0.732324 0.0064680008 0.114393
v -0.732162 7.1850081e-10 0.114442
v -0.732454 0.0066770008 0.107542
v -0.73234296 7.1850081e-10 0.107518
v -0.73277098 7.1850081e-10 0.098085001
v -0.83523101 0.015597001 -0.040106997
v -0.83527899 0.015597001 -0.052001998
v -0.82341599 0.018750001 -0.052121997
v -0.83528298 0.015597001 -0.063836001
v -0.82363099 0.018672001 -0.063768998
v -0.81126201 0.019249002 -0.063847996
v -0.82384801 0.018682001 -0.075213999
v -0.81160796 0.019228 -0.074960999
v -0.79938096 0.019440001 -0.075499997
v -0.81195301 0.019174 -0.085416995
v -0.80029398 0.019394001 -0.086125001
v -0.78909796 0.019447001 -0.087735996
v -0.79162598 0.019348001 -0.098068997
v -0.780671 0.019272001 -0.100516
v -0.79535496 0.019081 -0.108309
v -0.78479499 0.018964 -0.11059
v -0.77347296 0.018850001 -0.112317
v -0.76774597 0.018322 -0.121766
v -0.77257699 0.017769001 -0.12813
v -0.76344496 0.017584002 -0.128041
v -0.77678096 0.017934 -0.133343
v -0.76785898 0.017018002 -0.133001
v -0.76081097 0.016448 -0.133656
v -0.77151096 0.017523 -0.138034
v -0.76383901 0.015968001 -0.13724799
v -0.75680596 0.014478001 -0.13743
v -0.75883698 0.015175001 -0.140095
v -0.75387901 0.0090860007 -0.139597
v -0.89997196 7.1850081e-10 -0.100179
v -0.89997196 7.1850081e-10 -0.100179
v -0.88565695 7.1850081e-10 -0.101103
v -0.88565695 7.1850081e-10 -0.101103
v -0.90001297 0.014539001 -0.09894
v -0.88559896 0.014706001 -0.100086
v -0.88559896 0.014706001 -0.100086
v -0.90026397 0.028625 -0.095988996
v -0.88579297 0.028896 -0.097114995
v -0.90111798 0.042274002 -0.090511002
v -0.88678098 0.042548999 -0.091821998
v -0.902417 0.055853002 -0.082635
v -0.88900596 0.056503002 -0.084068999
v -0.914693 0.041214 -0.087242998
v -0.91538501 0.054458 -0.079521999
v -0.91605896 0.066771999 -0.069161996
v -0.92635 0.050968003 -0.073322996
v -0.92635 0.050968003 -0.073322996
v -0.92663497 0.062274002 -0.063825995
v -0.92663497 0.062274002 -0.063825995
v -0.926588 0.072170004 -0.051925998
v -0.926588 0.072170004 -0.051925998
v -0.93347698 0.055059999 -0.055779997
v -0.93346399 0.063537002 -0.045747999
v -0.93346 0.070569001 -0.034024999
v -0.92681599 0.080513 -0.038416997
v -0.92681599 0.080513 -0.038416997
v -0.93342996 0.075443998 -0.020801999
v -0.92708796 0.086272001 -0.023450999
v -0.92708796 0.086272001 -0.023450999
v -0.93352395 0.077570997 -0.0067169983
v -0.92717898 0.088675998 -0.0076729981
v -0.92717898 0.088675998 -0.0076729981
v -0.93386298 0.076851003 0.0073420019
v -0.92755497 0.088039003 0.0082790023
v -0.92755497 0.088039003 0.0082790023
v -0.92755497 0.088039003 0.0082790023
v -0.93399799 0.074049003 0.020887002
v -0.92837 0.084638998 0.023751002
v -0.92837 0.084638998 0.023751002
v -0.91912997 0.091775 0.025873002
v -0.928707 0.078761004 0.038189001
v -0.928707 0.078761004 0.038189001
v -0.91991299 0.085169002 0.041690003
v -0.90934396 0.088868998 0.044057
v -0.92025095 0.076157004 0.055854
v -0.90964895 0.079189003 0.058822002
v -0.89828098 0.080516003 0.060647003
v -0.89809698 0.090501003 0.045681003
v -0.88697398 0.081367001 0.062303003
v -0.88705397 0.091376998 0.047431003
v -0.87633497 0.083554 0.06515
v -0.87695098 0.093521997 0.050317001
v -0.867787 0.087977 0.069639005
v -0.86831701 0.097725004 0.055151001
v -0.86241096 0.091955997 0.073431998
v -0.86607897 0.076747 0.083179004
v -0.86043596 0.081886999 0.087291002
v -0.87479401 0.072098002 0.078216001
v -0.88583696 0.069723003 0.074916005
v -0.88424301 0.056785002 0.084894001
v -0.89762801 0.068967 0.073269002
v -0.89657795 0.056262001 0.083379999
v -0.89563799 0.042841002 0.090988003
v -0.88285398 0.043171 0.092383005
v -0.89516997 0.029191 0.096372001
v -0.882218 0.029431 0.097573005
v -0.89501101 0.014793001 0.099451005
v -0.88219398 0.014924001 0.1006
v -0.87004298 0.015192001 0.104646
v -0.87005299 7.1850081e-10 0.105428
v -0.85830396 7.1850081e-10 0.110728
v -0.85829699 0.015132001 0.110107
v -0.84619999 7.1850081e-10 0.117323
v -0.84608197 0.014602001 0.11718901
v -0.63769197 7.1850081e-10 -0.143518
v -0.62471801 7.1850081e-10 -0.14331099
v -0.61181301 7.1850081e-10 -0.14292599
v -0.62495798 0.032178 -0.142756
v -0.61207497 0.032292001 -0.142501
v -0.59920996 0.032012999 -0.142159
v -0.61229998 0.043281 -0.14234599
v -0.61229998 0.043281 -0.14234599
v -0.59942901 0.043145999 -0.142121
v -0.59942901 0.043145999 -0.142121
v -0.58635998 0.042830002 -0.141762
v -0.58635998 0.042830002 -0.141762
v -0.59953797 0.048767 -0.140571
v -0.58638799 0.048462 -0.140571
v -0.57494301 0.055495001 -0.12648501
v -0.591066 0.091003999 -0.083774
v -0.57970297 0.090152003 -0.084224999
v -0.568434 0.088845 -0.085240997
v -0.56333697 0.057945002 -0.122
v -0.55651999 0.087908998 -0.085840002
v -0.55128998 0.060857002 -0.120148
v -0.54459101 0.086259998 -0.087462001
v -0.53840196 0.063138001 -0.12057099
v -0.53404599 0.046691 -0.133221
v -0.53404599 0.046691 -0.133221
v -0.52513599 0.063702002 -0.120785
v -0.52058297 0.045494001 -0.13276
v -0.52058297 0.045494001 -0.13276
v -0.51917601 0.024706 -0.133505
v -0.50786 0.045566 -0.131477
v -0.50786 0.045566 -0.131477
v -0.50558901 0.024695002 -0.130833
v -0.50452697 7.1850081e-10 -0.130312
v -0.51835299 7.1850081e-10 -0.13366599
v -0.72413796 0.057459 0.128262
v -0.70763099 0.081127003 0.094676003
v -0.71902698 0.086645998 0.087589003
v -0.73004895 0.088849999 0.084004
v -0.71821499 0.121716 0.042087004
v -0.72956598 0.120669 0.042635001
v -0.74094701 0.12084 0.041638002
v -0.73022997 0.133532 0.033278003
v -0.74171197 0.13288701 0.033610001
v -0.75320899 0.131882 0.034191001
v -0.74209297 0.13868 0.033468001
v -0.753959 0.137826 0.033307001
v -0.74231297 0.142078 0.030418001
v -0.754336 0.141404 0.030637002
v -0.74253696 0.13934401 -0.033291999
v -0.77581996 0.119523 -0.042060997
v -0.76184297 0.099680997 -0.067864999
v -0.77218395 0.101992 -0.064269997
v -0.76367098 0.076826997 -0.096804999
v -0.77243996 0.082566001 -0.089108996
v -0.76817399 0.066563003 -0.117841
v -0.77630401 0.070641004 -0.108496
v -0.77163398 0.056306001 -0.127038
v -0.78007901 0.064198002 -0.1207
v -0.77309698 0.048032999 -0.132246
v -0.78258097 0.054570999 -0.12498499
v -0.773027 0.038882002 -0.14109799
v -0.773027 0.038882002 -0.14109799
v -0.77237296 0.033714 -0.141303
v -0.797571 0.039271999 -0.134948
v -0.76260501 0.027716001 -0.141736
v -0.76217699 0.032551002 -0.14188699
v -0.76217699 0.032551002 -0.14188699
v -0.75471497 0.024042001 -0.14183199
v -0.753169 0.028432 -0.14211901
v -0.75249201 0.03492 -0.142197
v -0.75249201 0.03492 -0.142197
v -0.76257998 0.043278001 -0.141048
v -0.76257998 0.043278001 -0.141048
v -0.76208198 0.048821002 -0.135102
v -0.75221097 0.043265 -0.141417
v -0.75221097 0.043265 -0.141417
v -0.76233298 0.037725002 -0.14181499
v -0.76233298 0.037725002 -0.14181499
v -0.760427 0.057553999 -0.128326
v -0.75090897 0.050326999 -0.135757
v -0.74043697 0.045874 -0.14096799
v -0.74802595 0.063417003 -0.124017
v -0.738563 0.057518002 -0.12979099
v -0.72760695 0.051794 -0.13641199
v -0.728993 0.037544001 -0.142424
v -0.71535897 0.050322 -0.13868299
v -0.71576595 0.040036 -0.14242201
v -0.70274597 0.038706999 -0.14254799
v -0.689188 0.031725999 -0.14289699
v -0.65077299 7.1850081e-10 -0.143547
v -0.65067297 0.032538 -0.14285199
v -0.63778996 0.032275002 -0.142855
v -0.65066397 0.043267 -0.14229
v -0.65066397 0.043267 -0.14229
v -0.63791597 0.043288 -0.14234599
v -0.63791597 0.043288 -0.14234599
v -0.62515897 0.043194 -0.142369
v -0.62515897 0.043194 -0.142369
v -0.63796496 0.048551999 -0.140571
v -0.62525499 0.048661001 -0.140571
v -0.612418 0.048767 -0.140571
v -0.62574297 0.099050999 -0.075612001
v -0.61430997 0.095977001 -0.078997999
v -0.60258597 0.093435004 -0.081544995
v -0.61411697 0.12574901 -0.038316999
v -0.60245699 0.125366 -0.038422998
v -0.59087598 0.123084 -0.040859997
v -0.602189 0.13692001 -0.032711998
v -0.59044796 0.13577799 -0.032615997
v -0.57862896 0.134766 -0.032612
v -0.57926196 0.122797 -0.040558998
v -0.56681198 0.133403 -0.032863997
v -0.56770396 0.120264 -0.043494999
v -0.55525798 0.13177501 -0.033686999
v -0.55625498 0.118329 -0.045544997
v -0.54396397 0.129721 -0.034647997
v -0.54519296 0.116034 -0.048065998
v -0.532938 0.126517 -0.036116999
v -0.53426701 0.11358 -0.051374998
v -0.53262401 0.084353998 -0.089786999
v -0.52309597 0.110626 -0.055539999
v -0.52052999 0.082950003 -0.091829002
v -0.51308995 0.063872002 -0.121242
v -0.50791997 0.081785999 -0.094250001
v -0.50079596 0.064710997 -0.120173
v -0.49595097 0.046778001 -0.12771499
v -0.49595097 0.046778001 -0.12771499
v -0.48774898 0.065219998 -0.119344
v -0.484368 0.048514999 -0.125543
v -0.484368 0.048514999 -0.125543
v -0.48151997 0.028665001 -0.123536
v -0.49322897 0.02613 -0.12675999
v -0.48043898 7.1850081e-10 -0.12146
v -0.49211398 7.1850081e-10 -0.125392
v -0.69886899 0.054044001 0.13354801
v -0.685211 0.067665003 0.1103
v -0.69683999 0.071447998 0.105892
v -0.68404299 0.11753 0.049711
v -0.69560796 0.117545 0.049127001
v -0.70666295 0.119341 0.046051003
v -0.695436 0.13474 0.032847002
v -0.71858495 0.134213 0.032977004
v -0.71862298 0.140724 0.033193003
v -0.73030597 0.139429 0.033360001
v -0.71877301 0.142722 0.028944002
v -0.73046899 0.142416 0.029870002
v -0.71900201 0.140054 -0.033151999
v -0.73067796 0.139771 -0.033213999
v -0.71914697 0.13349201 -0.032750998
v -0.73067498 0.133205 -0.033175997
v -0.742194 0.132311 -0.033604
v -0.73048198 0.11788 -0.045995999
v -0.75269699 0.11938 -0.042764999
v -0.74214196 0.089268997 -0.082347997
v -0.75170398 0.095057003 -0.074331
v -0.75588399 0.068627 -0.108527
v -0.73277301 0.080169998 -0.094251998
v -0.72013897 0.115191 -0.050597999
v -0.72420299 0.067848004 -0.108768
v -0.708543 0.113339 -0.053847998
v -0.71328998 0.063433997 -0.114932
v -0.69664598 0.112372 -0.055639997
v -0.70093501 0.061751999 -0.11665799
v -0.70214599 0.049761001 -0.139558
v -0.688335 0.060729001 -0.117662
v -0.68909198 0.048305001 -0.14078599
v -0.67591697 0.058346 -0.120384
v -0.66341996 0.048503 -0.140571
v -0.66344398 0.043545 -0.142242
v -0.66344398 0.043545 -0.142242
v -0.65065598 0.048482001 -0.140571
v -0.66116798 0.109705 -0.061000999
v -0.64901 0.104496 -0.068949997
v -0.63812399 0.105675 -0.066799
v -0.63741797 0.12876201 -0.036296997
v -0.62577599 0.12759399 -0.037076999
v -0.61390299 0.13791201 -0.032796998
v -0.55471796 0.138441 -0.033064999
v -0.54291201 0.13694601 -0.033409998
v -0.53149199 0.13390601 -0.034303997
v -0.51977199 0.130394 -0.036519997
v -0.52156597 0.122859 -0.040561996
v -0.50809199 0.127621 -0.040225998
v -0.51025897 0.118879 -0.044584997
v -0.51158696 0.107747 -0.059731998
v -0.49893397 0.116117 -0.048897997
v -0.50012398 0.104902 -0.064413995
v -0.49465698 0.082436003 -0.098026
v -0.48766297 0.101798 -0.070736997
v -0.48084098 0.083049998 -0.102112
v -0.47478199 0.065086998 -0.118638
v -0.46669698 0.081343003 -0.104546
v -0.46228099 0.065550998 -0.117955
v -0.45998597 0.053074002 -0.12224
v -0.45998597 0.053074002 -0.12224
v -0.47228798 0.050531 -0.125191
v -0.47228798 0.050531 -0.125191
v -0.45894697 0.034975 -0.117302
v -0.46985197 0.031594001 -0.12041
v -0.45771897 7.1850081e-10 -0.115309
v -0.46889198 7.1850081e-10 -0.117382
v -0.661116 0.050866 0.13223401
v -0.67347997 0.051452 0.132981
v -0.66080695 0.067717001 0.110435
v -0.67301196 0.067491002 0.110632
v -0.66052496 0.116635 0.051559001
v -0.67227298 0.117612 0.050054003
v -0.66049701 0.13486899 0.0328
v -0.68382096 0.134912 0.032834001
v -0.707151 0.143041 0.028175002
v -0.69573498 0.14133701 -0.032497998
v -0.70737499 0.140982 -0.032805
v -0.69582999 0.13351201 -0.032593999
v -0.70750397 0.133604 -0.032653999
v -0.68407696 0.14145499 -0.032414999
v -0.68415201 0.13343801 -0.032564998
v -0.68486899 0.112068 -0.056665998
v -0.67251098 0.133149 -0.032548998
v -0.67358899 0.111152 -0.058481999
v -0.66069901 0.132265 -0.032994997
v -0.66069901 0.132265 -0.032994997
v -0.660622 0.14063901 -0.032949999
v -0.505467 0.133596 -0.034803998
v -0.49004599 0.13259301 -0.026423998
v -0.49294499 0.13218699 -0.037649997
v -0.49644297 0.12577499 -0.043684997
v -0.48069599 0.129168 -0.039697997
v -0.48447698 0.12447 -0.047496997
v -0.48738798 0.114814 -0.053776998
v -0.47227797 0.122516 -0.049822997
v -0.47534397 0.113402 -0.058401998
v -0.47398099 0.100383 -0.076999001
v -0.46207598 0.113362 -0.063358001
v -0.46056399 0.099353999 -0.082750998
v -0.45368499 0.079379998 -0.10561
v -0.44653797 0.096761003 -0.087379001
v -0.44058001 0.077790998 -0.1069
v -0.43743801 0.066019997 -0.11673
v -0.43743801 0.066019997 -0.11673
v -0.45001599 0.066259004 -0.117309
v -0.43638998 0.055511001 -0.117284
v -0.43638998 0.055511001 -0.117284
v -0.44825098 0.055050001 -0.119686
v -0.44825098 0.055050001 -0.119686
v -0.43598199 0.036454 -0.114338
v -0.44740397 0.036753003 -0.115593
v -0.43585002 7.1850081e-10 -0.113487
v -0.446679 7.1850081e-10 -0.11411
v -0.62377799 7.1850081e-10 0.143406
v -0.63631397 7.1850081e-10 0.143547
v -0.63651597 0.032900002 0.142896
v -0.64900899 0.032426 0.142883
v -0.63662601 0.043997999 0.142433
v -0.64902496 0.043604001 0.14236601
v -0.63663596 0.048845999 0.139149
v -0.64897299 0.048756 0.13941601
v -0.63658297 0.050684001 0.13138801
v -0.64885998 0.050611999 0.13184001
v -0.63674396 0.06848 0.10937
v -0.64868498 0.068016998 0.110036
v -0.63699496 0.116842 0.051195003
v -0.64873201 0.116713 0.051515002
v -0.63704598 0.135088 0.032749001
v -0.672342 0.14118899 -0.032583997
v -0.50434101 0.134279 0.031661
v -0.491249 0.13295001 0.033066001
v -0.47737399 0.12955999 -0.027490998
v -0.46447599 0.126537 -0.027617998
v -0.46793398 0.126846 -0.040860999
v -0.45067599 0.122725 -0.027530998
v -0.45450097 0.124208 -0.041960999
v -0.45992097 0.119737 -0.051636998
v -0.44176197 0.120055 -0.043649998
v -0.44638503 0.116624 -0.055670999
v -0.44834498 0.111329 -0.069371998
v -0.43221599 0.115159 -0.060135998
v -0.43417197 0.108067 -0.074869998
v -0.43207395 0.092711002 -0.091761999
v -0.41956401 0.105218 -0.078917995
v -0.41747099 0.089601003 -0.094912998
v -0.41346002 0.075002 -0.108925
v -0.42709899 0.076062001 -0.10822999
v -0.41151398 0.065085001 -0.115453
v -0.41151398 0.065085001 -0.115453
v -0.42466897 0.065766998 -0.116132
v -0.42466897 0.065766998 -0.116132
v -0.41187894 0.053318001 -0.114934
v -0.42418396 0.05508 -0.116001
v -0.41349298 0.032416001 -0.113518
v -0.42468798 0.035342 -0.113783
v -0.41419601 7.1850081e-10 -0.113201
v -0.42501098 7.1850081e-10 -0.11329
v -0.58490896 7.1850081e-10 0.14208101
v -0.59830201 7.1850081e-10 0.142629
v -0.61113197 7.1850081e-10 0.143079
v -0.59881496 0.032365002 0.142373
v -0.61153299 0.033205003 0.142662
v -0.62406898 0.033164002 0.142845
v -0.61173695 0.044624001 0.142463
v -0.62422401 0.044343002 0.142478
v -0.61191696 0.049322002 0.13841
v -0.62430096 0.049056999 0.138882
v -0.61228198 0.052156001 0.128445
v -0.62446499 0.051116001 0.130639
v -0.613527 0.076676004 0.100146
v -0.625453 0.07062 0.106897
v -0.61379999 0.119762 0.046694003
v -0.62536198 0.11777 0.049717002
v -0.613671 0.135204 0.032698002
v -0.625341 0.135184 0.032711003
v -0.60197097 0.13498899 0.032670002
v -0.59023696 0.134703 0.032668002
v -0.578376 0.134082 0.032719001
v -0.57826501 0.13988 0.033138003
v -0.566495 0.13339201 0.033033002
v -0.56629598 0.13938001 0.033144001
v -0.55482298 0.132568 0.033631001
v -0.55429298 0.13874701 0.033180002
v -0.54326999 0.13093901 0.034639001
v -0.54227698 0.137605 0.033288002
v -0.53217101 0.128158 0.035895001
v -0.53069198 0.135089 0.033683002
v -0.52045399 0.124862 0.038557
v -0.518924 0.132241 0.035652
v -0.50874299 0.121773 0.043251
v -0.50695896 0.12983499 0.039304003
v -0.49718398 0.12015 0.046646003
v -0.49470097 0.12876301 0.042318001
v -0.48518598 0.119328 0.049757
v -0.48212397 0.127088 0.043763001
v -0.47812799 0.12980799 0.033017002
v -0.468615 0.12621599 0.043745004
v -0.464894 0.12686101 0.031876002
v -0.45121098 0.123238 0.031021003
v -0.447561 0.121069 -0.0077489982
v -0.43799597 0.117837 -0.027822997
v -0.42316699 0.114244 -0.0086219981
v -0.42523003 0.114776 -0.028550997
v -0.42807299 0.117407 -0.045527998
v -0.41269302 0.112969 -0.029393999
v -0.41486502 0.115056 -0.047780998
v -0.41799599 0.113724 -0.063951001
v -0.40179098 0.11278 -0.049389999
v -0.40336698 0.111965 -0.066744998
v -0.40490097 0.102619 -0.081562996
v -0.38919997 0.109697 -0.067933999
v -0.390113 0.100733 -0.082873002
v -0.38902497 0.087852001 -0.095713995
v -0.403373 0.088183001 -0.096106
v -0.38642395 0.074886002 -0.10551099
v -0.39995998 0.075227 -0.108013
v -0.38596594 0.06134 -0.111147
v -0.38596594 0.06134 -0.111147
v -0.39823598 0.064143002 -0.113688
v -0.39823598 0.064143002 -0.113688
v -0.38859296 0.045971002 -0.112739
v -0.38859296 0.045971002 -0.112739
v -0.39989197 0.050140001 -0.11379
v -0.39116502 0.02537 -0.113175
v -0.40228295 0.028878001 -0.113321
v -0.39233196 7.1850081e-10 -0.113054
v -0.40351897 7.1850081e-10 -0.11313
v -0.58529401 0.030283 0.14197201
v -0.57141799 0.042159002 0.14099801
v -0.58558398 0.043625001 0.141885
v -0.59906399 0.044513002 0.14229201
v -0.58633399 0.050542999 0.136733
v -0.59944296 0.049839001 0.13769901
v -0.58770096 0.055904999 0.123401
v -0.60014701 0.053522002 0.12593
v -0.59079599 0.084734999 0.090763003
v -0.60209501 0.081377998 0.094764002
v -0.59062898 0.121907 0.04256
v -0.60218799 0.121382 0.043884002
v -0.57951397 0.08749 0.087312005
v -0.57893997 0.121549 0.042458002
v -0.56808496 0.089561 0.084406003
v -0.56733596 0.120299 0.043618001
v -0.55657798 0.091218002 0.081835002
v -0.55592799 0.119668 0.043897003
v -0.54516399 0.091898002 0.080484003
v -0.544577 0.118193 0.045331001
v -0.53383499 0.092183001 0.079843
v -0.533764 0.116314 0.047554001
v -0.52266598 0.091571003 0.080736004
v -0.52253598 0.113878 0.051164001
v -0.51105195 0.090981998 0.081974998
v -0.51112801 0.111363 0.055263001
v -0.49865699 0.090898998 0.083163999
v -0.49939397 0.109762 0.058013003
v -0.48581299 0.091610998 0.084982
v -0.48721498 0.109027 0.060902003
v -0.47258699 0.092889003 0.087465003
v -0.47430798 0.109058 0.064745001
v -0.47210097 0.119236 0.051795002
v -0.46183398 0.109555 0.069106005
v -0.45916697 0.117802 0.053144
v -0.45485699 0.12351 0.043835003
v -0.44565296 0.116055 0.057285003
v -0.44192302 0.119789 0.045058001
v -0.42873096 0.117431 0.047438003
v -0.41152799 0.112845 -0.008915998
v -0.40081596 0.111518 -0.029812999
v -0.389238 0.11027 -0.029638998
v -0.38923299 0.11079 -0.049613997
v -0.37774003 0.109169 -0.029013999
v -0.37715197 0.109009 -0.048648
v -0.37597394 0.106849 -0.067033
v -0.36513799 0.107785 -0.046997998
v -0.36359096 0.104768 -0.064693995
v -0.36216402 0.096403003 -0.079461999
v -0.37562799 0.098646998 -0.082134999
v -0.36155295 0.084031001 -0.090018995
v -0.37482899 0.086487003 -0.093474001
v -0.36150897 0.069871001 -0.098311
v -0.37376702 0.072700001 -0.10187
v -0.36264199 0.054791 -0.10516199
v -0.37440002 0.057707999 -0.107867
v -0.36489296 0.038701002 -0.110298
v -0.37674999 0.041843001 -0.111748
v -0.37674999 0.041843001 -0.111748
v -0.36740798 0.020313 -0.112905
v -0.36740798 0.020313 -0.112905
v -0.37953699 0.022439001 -0.113043
v -0.37953699 0.022439001 -0.113043
v -0.36844301 7.1850081e-10 -0.112806
v -0.38070399 7.1850081e-10 -0.112932
v -0.53307998 0.041680001 0.134137
v -0.545937 0.041893002 0.134694
v -0.55835396 0.041351002 0.137767
v -0.548666 0.054861002 0.130064
v -0.56066096 0.052471001 0.132384
v -0.572653 0.051099002 0.135483
v -0.56409597 0.061470002 0.116887
v -0.57584596 0.058175001 0.120366
v -0.55238795 0.064764 0.113678
v -0.53556699 0.056171 0.12864201
v -0.54031098 0.067066997 0.111522
v -0.52272296 0.056287002 0.12695201
v -0.528615 0.069631003 0.110287
v -0.51116496 0.057308 0.12531
v -0.51708496 0.072152004 0.10973001
v -0.49919099 0.059286002 0.123519
v -0.50492495 0.074922003 0.110207
v -0.48661697 0.060327001 0.122341
v -0.49108797 0.076550998 0.111099
v -0.47431898 0.061156999 0.121473
v -0.47783297 0.075893998 0.110724
v -0.46229699 0.063290998 0.119785
v -0.46557498 0.075698003 0.109265
v -0.450353 0.065761998 0.118053
v -0.45338199 0.076015003 0.108689
v -0.45957899 0.093481004 0.090431005
v -0.44047898 0.075369 0.109149
v -0.44564897 0.091497004 0.093092002
v -0.44774199 0.108109 0.073979005
v -0.43143499 0.089038 0.095706001
v -0.43392599 0.105366 0.078460999
v -0.43236899 0.114724 0.061920002
v -0.41984296 0.102981 0.081346005
v -0.41841799 0.113071 0.065908
v -0.41556197 0.115249 0.050009001
v -0.40404397 0.111482 0.068397
v -0.40240395 0.11314 0.051437002
v -0.38959497 0.11114 0.051746003
v -0.36594599 0.108334 -0.028040998
v -0.35392702 0.1079 -0.027051998
v -0.35287595 0.107156 -0.045198999
v -0.34167695 0.107709 -0.026247999
v -0.34050399 0.106905 -0.043826997
v -0.33887899 0.101777 -0.059903
v -0.35127497 0.103043 -0.061930999
v -0.33742297 0.092761002 -0.073771998
v -0.34965396 0.094462998 -0.076243997
v -0.33707201 0.079937004 -0.084256001
v -0.34916902 0.081799999 -0.086837001
v -0.33762097 0.065371998 -0.092661999
v -0.349666 0.067380004 -0.095148996
v -0.33874202 0.050309002 -0.100626
v -0.35083997 0.052245002 -0.102557
v -0.34038496 0.034712002 -0.107931
v -0.35275602 0.036346 -0.108945
v -0.34230697 0.017891001 -0.112469
v -0.34230697 0.017891001 -0.112469
v -0.35496795 0.018849 -0.112742
v -0.35496795 0.018849 -0.112742
v -0.34307301 7.1850081e-10 -0.112424
v -0.35611099 7.1850081e-10 -0.112646
v -0.495042 0.042934 0.12834901
v -0.506621 0.04098 0.132496
v -0.51997095 0.040463999 0.133674
v -0.48378998 0.045255002 0.12582301
v -0.47200498 0.047811002 0.125339
v -0.45837098 0.032696001 0.116882
v -0.45980898 0.051281001 0.122883
v -0.447267 0.034117002 0.115443
v -0.44832298 0.054147001 0.119965
v -0.43614101 0.033994 0.114344
v -0.43684399 0.054948002 0.117264
v -0.43799299 0.066021003 0.116959
v -0.42474401 0.053792 0.115881
v -0.42512202 0.065095998 0.116694
v -0.42716998 0.074410997 0.109793
v -0.41183299 0.063910998 0.116305
v -0.41375601 0.074021004 0.109884
v -0.41765094 0.087595999 0.097073004
v -0.40028 0.074587002 0.108555
v -0.40404499 0.087448001 0.097070001
v -0.40559399 0.101357 0.083021998
v -0.38968396 0.087653004 0.096140005
v -0.39081299 0.100001 0.083845004
v -0.389799 0.10936 0.069591001
v -0.37621897 0.098075002 0.083057001
v -0.37645298 0.106558 0.068804003
v -0.37748694 0.109159 0.050774001
v -0.36388695 0.104393 0.066397004
v -0.36553502 0.107737 0.049062002
v -0.35319996 0.107019 0.047152001
v -0.32927501 0.107612 -0.025694998
v -0.31677401 0.10761 -0.025290998
v -0.31540298 0.106866 -0.042271998
v -0.32795894 0.106813 -0.042908996
v -0.31388795 0.100704 -0.057701997
v -0.326406 0.101057 -0.058561999
v -0.312886 0.090845004 -0.070990995
v -0.32524002 0.091476999 -0.071988001
v -0.31272197 0.077887997 -0.081652999
v -0.32498002 0.078642003 -0.082576998
v -0.31327099 0.063211001 -0.090381995
v -0.32549298 0.064020999 -0.091113999
v -0.31419802 0.048052002 -0.098627001
v -0.32647502 0.048928 -0.099312
v -0.315382 0.032829002 -0.106724
v -0.32790494 0.033555001 -0.107088
v -0.31680799 0.016857 -0.112368
v -0.31680799 0.016857 -0.112368
v -0.32959402 0.017267 -0.112457
v -0.32959402 0.017267 -0.112457
v -0.31760597 7.1850081e-10 -0.11213
v -0.330378 7.1850081e-10 -0.112214
v -0.435601 7.1850081e-10 0.113604
v -0.45734599 7.1850081e-10 0.115348
v -0.4249 0.032414 0.113861
v -0.41397095 7.1850081e-10 0.11338
v -0.41376102 0.029617 0.113665
v -0.41249502 0.051121 0.114824
v -0.40258396 0.026432 0.113526
v -0.40076101 0.047775 0.113819
v -0.39866602 0.062442999 0.11452
v -0.38929498 0.044016 0.113084
v -0.38670695 0.059896 0.111756
v -0.38699299 0.074450999 0.10605101
v -0.375139 0.056638002 0.108374
v -0.37432897 0.072166003 0.102593
v -0.37544 0.086073004 0.094042003
v -0.36215401 0.069215998 0.099053003
v -0.36215496 0.083377004 0.090732999
v -0.36254394 0.095724002 0.080467999
v -0.34972697 0.081028998 0.087701999
v -0.34998202 0.093803003 0.077472001
v -0.35149997 0.102572 0.063540004
v -0.33789098 0.091918997 0.074878
v -0.339185 0.101225 0.061372001
v -0.34076202 0.106711 0.045615003
v -0.32678998 0.100415 0.059922002
v -0.32823598 0.10655 0.044550002
v -0.31567895 0.106495 0.043908
v -0.31692302 0.107686 0.027069002
v -0.30443501 0.10772 0.026671002
v -0.30443501 0.10772 0.026671002
v -0.30514199 0.107238 0.009529002
v -0.30508798 0.10719 -0.007749998
v -0.29275894 0.107408 0.0093410015
v -0.29276299 0.10737 -0.007631998
v -0.29179502 0.107745 -0.024618998
v -0.30424899 0.107644 -0.024966998
v -0.29016495 0.106648 -0.041447997
v -0.30278498 0.106695 -0.041819997
v -0.28870499 0.100059 -0.056569997
v -0.30131197 0.100403 -0.057131998
v -0.28803396 0.090126 -0.070076995
v -0.30044901 0.090494998 -0.070496999
v -0.28817898 0.076988004 -0.080896996
v -0.30044401 0.077413999 -0.081193998
v -0.28884602 0.062247001 -0.089915
v -0.30104399 0.062687002 -0.090084001
v -0.28956997 0.047145002 -0.098290995
v -0.30189097 0.047497999 -0.098347999
v -0.290241 0.032051999 -0.10645
v -0.30284595 0.032370999 -0.106562
v -0.29112196 0.016431 -0.112394
v -0.29112196 0.016431 -0.112394
v -0.30396903 0.016634 -0.112298
v -0.30396903 0.016634 -0.112298
v -0.29172194 7.1850081e-10 -0.112388
v -0.30468202 7.1850081e-10 -0.112213
v -0.40324903 7.1850081e-10 0.113349
v -0.39149797 0.023771001 0.113422
v -0.37989599 0.021454001 0.11331
v -0.37748498 0.040472999 0.112179
v -0.3678 0.019642001 0.1132
v -0.36554694 0.037658002 0.110874
v -0.36335397 0.053867999 0.105761
v -0.35336697 0.035478 0.109435
v -0.35146499 0.051387001 0.103234
v -0.35029399 0.066573001 0.095878005
v -0.33935297 0.049430002 0.10125601
v -0.33825499 0.064469002 0.093391001
v -0.33766699 0.079007 0.085091002
v -0.32608497 0.063054003 0.091846004
v -0.32557702 0.077613004 0.083382003
v -0.32573998 0.090581998 0.073059998
v -0.31333995 0.076782003 0.082455002
v -0.31341398 0.089886002 0.072101004
v -0.31430799 0.099982999 0.059063002
v -0.30102694 0.089511998 0.071594998
v -0.30175996 0.099677004 0.058502004
v -0.30311698 0.106297 0.043425001
v -0.28918397 0.099314004 0.057958003
v -0.29054099 0.106203 0.042984001
v -0.29203594 0.107814 0.026292002
v -0.29203594 0.107814 0.026292002
v -0.27800298 0.106104 0.042227
v -0.27960998 0.107895 0.025744002
v -0.27960998 0.107895 0.025744002
v -0.28036797 0.107637 0.0091480017
v -0.26693398 0.107722 0.025054002
v -0.26693398 0.107722 0.025054002
v -0.26776999 0.107687 0.0089050019
v -0.26768994 0.10766 -0.0072299982
v -0.28028399 0.107604 -0.0074259983
v -0.26668698 0.107783 -0.023422997
v -0.27937794 0.107879 -0.024075998
v -0.26501596 0.105944 -0.039777998
v -0.27759898 0.10648 -0.04067
v -0.26391101 0.098417997 -0.054878999
v -0.27613795 0.099558003 -0.055865999
v -0.263569 0.088174 -0.068449996
v -0.27571201 0.089497 -0.069485001
v -0.26397997 0.075519003 -0.07987
v -0.27605897 0.07643 -0.080573
v -0.26455897 0.061375 -0.089212
v -0.27670002 0.061859 -0.089724995
v -0.26492399 0.046693999 -0.097607002
v -0.27724195 0.046899002 -0.098090999
v -0.26508796 0.031842001 -0.10543299
v -0.27770799 0.031924002 -0.106205
v -0.26510298 0.016284 -0.111059
v -0.26510298 0.016284 -0.111059
v -0.27808094 0.016362 -0.112209
v -0.27808094 0.016362 -0.112209
v -0.26524997 7.1850081e-10 -0.11228099
v -0.27840102 7.1850081e-10 -0.112692
v -0.368384 7.1850081e-10 0.113084
v -0.35617995 7.1850081e-10 0.112925
v -0.355335 0.018280001 0.11304
v -0.34307694 7.1850081e-10 0.112723
v -0.34265494 0.017426001 0.112755
v -0.34094399 0.033955 0.108346
v -0.32988 0.016930001 0.112742
v -0.328412 0.032889999 0.107512
v -0.327075 0.048071001 0.099926002
v -0.31576997 0.032155 0.107148
v -0.31469095 0.047176 0.099250004
v -0.31383699 0.062185001 0.091086
v -0.30231702 0.046595 0.098940998
v -0.30159998 0.061650001 0.090769
v -0.30105799 0.076301999 0.082010001
v -0.28935599 0.061245002 0.090604998
v -0.28879595 0.075898997 0.081691004
v -0.28859794 0.089141004 0.071157001
v -0.27663398 0.075442001 0.081335001
v -0.27627802 0.088522002 0.070524
v -0.276649 0.098809004 0.057194002
v -0.26408899 0.08743 0.069540001
v -0.264377 0.097824 0.056220002
v -0.26545298 0.105469 0.041274
v -0.25240999 0.095563002 0.054676
v -0.25311399 0.103323 0.040145002
v -0.25421798 0.106386 0.024335003
v -0.25421798 0.106386 0.024335003
v -0.25508296 0.106671 0.0086350022
v -0.25501299 0.106647 -0.007044998
v -0.25402099 0.106387 -0.022809999
v -0.25268602 0.103813 -0.038659997
v -0.25196898 0.096110001 -0.053473998
v -0.25167197 0.086149998 -0.066952996
v -0.25195497 0.073950998 -0.078318998
v -0.25246298 0.060340002 -0.087591998
v -0.25278199 0.046086002 -0.095826998
v -0.25268102 0.031443 -0.103161
v -0.25236899 0.016034001 -0.108323
v -0.25236899 0.016034001 -0.108323
v -0.25244701 7.1850081e-10 -0.109445
v -0.33037901 7.1850081e-10 0.11253
v -0.31754798 7.1850081e-10 0.112457
v -0.31706202 0.016552001 0.112701
v -0.30447698 7.1850081e-10 0.112565
v -0.30408698 0.016232001 0.112494
v -0.30313498 0.031684 0.106975
v -0.29107296 0.016015001 0.112648
v -0.29041195 0.031394001 0.106865
v -0.28992897 0.046282999 0.098892003
v -0.27777797 0.031361002 0.106622
v -0.27752399 0.046149001 0.098616004
v -0.27714598 0.060981002 0.090395004
v -0.26516795 0.046052001 0.098016001
v -0.26493394 0.060619 0.089765005
v -0.26447296 0.074712001 0.080617003
v -0.25276899 0.059762001 0.088102005
v -0.25210702 0.085454002 0.067899004
v -0.21849 0.094254002 0.021960001
v -0.23036301 0.098414004 0.022686001
v -0.21916097 0.094554998 0.0076940018
v -0.21914798 0.094552003 -0.0066019981
v -0.21847796 0.094269 -0.020891998
v -0.230304 0.098406002 -0.021466998
v -0.21777201 0.092178002 -0.035039999
v -0.21741295 0.085804 -0.047992997
v -0.217058 0.076494001 -0.059028998
v -0.21698797 0.065607004 -0.06848
v -0.21722496 0.053704001 -0.076542996
v -0.217372 0.041370001 -0.084043995
v -0.21724898 0.028571 -0.090709001
v -0.29143202 7.1850081e-10 0.112756
v -0.27792197 7.1850081e-10 0.113004
v -0.27790999 0.016044 0.11250401
v -0.264714 7.1850081e-10 0.112397
v -0.26483202 0.016041001 0.111258
v -0.26508701 0.031376 0.10578001
v -0.252056 0.015853001 0.108405
v -0.25292999 0.045564 0.096193001
v -0.20681196 0.090613998 0.021292001
v -0.19508398 0.088113002 0.007176002
v -0.20727599 0.090847 0.007414002
v -0.19508398 0.088114001 -0.0064569982
v -0.20727801 0.090799004 -0.0064979983
v -0.20673597 0.090627998 -0.020373998
v -0.206043 0.088941 -0.033950999
v -0.205603 0.082691997 -0.045937996
v -0.20532399 0.073463999 -0.056011997
v -0.20526695 0.062787004 -0.064748995
v -0.19339597 0.049453001 -0.069070995
v -0.20539999 0.051409002 -0.072609998
v -0.193425 0.038194999 -0.076365001
v -0.20543802 0.039661001 -0.079991996
v -0.19330096 0.026644001 -0.083237998
v -0.20528996 0.027571 -0.086745001
v -0.19331801 0.013743001 -0.087386996
v -0.20524395 0.014192001 -0.090865999
v -0.25191599 7.1850081e-10 0.109429
v -0.18112797 0.037255 -0.073642999
v -0.16890395 0.025893001 -0.078805
v -0.18113798 0.026103001 -0.080554001
v -0.16925895 0.013392 -0.082780994
v -0.16925895 0.013392 -0.082780994
v -0.18131602 0.013465 -0.084504001
v -0.16951501 7.1850081e-10 -0.083077997
v -0.18162096 7.1850081e-10 -0.084977001
v -0.14537698 0.013906001 -0.082991995
v -0.15719897 0.013547 -0.082269996
v -0.14570898 7.1850081e-10 -0.083250999
v -0.15748698 7.1850081e-10 -0.082549997
v -0.12258601 0.014886001 -0.087582
v -0.13384998 0.014420001 -0.084804997
v -0.123254 7.1850081e-10 -0.087848999
v -0.10059899 0.015505001 -0.094595
v -0.11146897 0.015172001 -0.090696998
v -0.11146897 0.015172001 -0.090696998
v -0.10213596 7.1850081e-10 -0.095706001
v -0.10213596 7.1850081e-10 -0.095706001
v -0.112468 7.1850081e-10 -0.091389999
v -0.112468 7.1850081e-10 -0.091389999
v -0.066510975 0.039312001 -0.084548995
v -0.071772993 0.0275 -0.095593996
v -0.083790004 0.028088002 -0.092033997
v -0.078366995 0.015181 -0.104862
v -0.089745998 0.015565 -0.099629998
v -0.080538988 7.1850081e-10 -0.1063
v -0.080538988 7.1850081e-10 -0.1063
v -0.091511965 7.1850081e-10 -0.100635
v -0.091511965 7.1850081e-10 -0.100635
v 0.015178025 7.1850081e-10 -0.034289997
v -0.027724981 7.1850081e-10 0.110455
v -0.053063989 0.112813 0.024894001
v -0.064491987 0.110202 0.023956003
v -0.053563952 0.112839 0.0079090018
v -0.064836979 0.110279 0.0077740019
v -0.053579986 0.112874 -0.0099089984
v -0.053141952 0.112587 -0.026295999
v -0.051644981 0.10702 -0.039431997
v -0.047820985 0.094016999 -0.047688
v -0.043704987 0.079083003 -0.057065997
v -0.041925967 0.065001003 -0.067056999
v -0.051988959 0.064503998 -0.065436997
v -0.042089999 0.052115001 -0.077387996
v -0.052111983 0.051685002 -0.075798996
v -0.044577003 0.039900001 -0.08839
v -0.054802001 0.039544001 -0.086715996
v -0.049203992 0.027814001 -0.099845
v -0.060063004 0.027553001 -0.098196
v -0.054381013 0.015430001 -0.111011
v -0.066109002 0.015014001 -0.108724
v -0.056248963 7.1850081e-10 -0.115285
v -0.056248963 7.1850081e-10 -0.115285
v -0.068539977 7.1850081e-10 -0.112075
v -0.068539977 7.1850081e-10 -0.112075
v 0.012436032 7.1850081e-10 -0.044209998
v 0.012917995 7.1850081e-10 -0.040553
v 0.013881028 7.1850081e-10 -0.037180997
v 0.013119042 0.0055080005 -0.040298
v 0.014054 0.0050670006 -0.036956999
v 0.015204012 0.0044980007 -0.033839997
v 0.014095008 0.010034001 -0.035924997
v 0.015504003 0.0088840006 -0.032984
v 0.015879035 0.013462001 -0.031552996
v -0.012257993 7.1850081e-10 0.087443002
v -0.015317976 7.1850081e-10 0.097412005
v -0.020850003 7.1850081e-10 0.104822
v -0.014797986 0.010626 0.095529005
v -0.020002961 0.011886001 0.102661
v -0.017813981 0.024824001 0.095245004
v -0.033427954 0.111844 0.024082001
v -0.04253298 0.113126 0.024806002
v -0.034165978 0.112056 0.007507002
v -0.043289959 0.113203 0.0078140013
v -0.034189999 0.112116 -0.009213998
v -0.043311 0.113302 -0.0096809985
v -0.033478975 0.111843 -0.025101999
v -0.042638958 0.113117 -0.026057998
v -0.032306969 0.106372 -0.039353997
v -0.041381001 0.107195 -0.040047999
v -0.029927969 0.093599997 -0.049240999
v -0.03797698 0.094065003 -0.048847999
v -0.027747989 0.078975998 -0.058950998
v -0.03461796 0.079349004 -0.058371998
v -0.027029991 0.065493003 -0.069201
v -0.033438981 0.065420002 -0.068383001
v -0.027292967 0.052622002 -0.079535
v -0.033869982 0.052438002 -0.078708999
v -0.028447986 0.039943002 -0.089997001
v -0.035780966 0.040068001 -0.089608997
v -0.031360984 0.027262 -0.100498
v -0.039597988 0.027835 -0.100651
v -0.034271002 0.014717001 -0.110595
v -0.04371798 0.015428001 -0.111536
v -0.035001993 7.1850081e-10 -0.113775
v -0.035001993 7.1850081e-10 -0.113775
v 0.012077034 7.1850081e-10 -0.058319997
v 0.012340009 7.1850081e-10 -0.052530997
v 0.012359023 7.1850081e-10 -0.048227999
v 0.012250006 0.0069660009 -0.052219998
v 0.012446046 0.0064450009 -0.047715999
v 0.012705028 0.0059840009 -0.043910999
v 0.012466013 0.013109 -0.046611998
v 0.012736022 0.012184001 -0.042802997
v 0.013213992 0.011170001 -0.039226998
v 0.012799025 0.018371001 -0.040875997
v 0.013309002 0.016586 -0.037386999
v 0.014209032 0.014938001 -0.034274999
v 0.013288021 0.022199001 -0.034472998
v 0.014153004 0.020100001 -0.031505998
v 0.016005039 0.018130001 -0.029208997
v 0.014247 0.025028002 -0.027867999
v 0.015977025 0.022711001 -0.025742998
v 0.015854001 0.026847001 -0.021378998
v -0.0072720051 7.1850081e-10 0.075432003
v -0.0072720051 7.1850081e-10 0.075432003
v -0.0072720051 0.0083750011 0.074843004
v -0.012120008 0.0092580011 0.086238004
v -0.0072720051 0.017296001 0.073310003
v -0.011597991 0.019372001 0.082362004
v -0.01395601 0.022432001 0.08997
v -0.01106596 0.031049 0.076381005
v -0.013086975 0.034430001 0.081632003
v -0.016466975 0.037424002 0.085908003
v -0.013089001 0.046876002 0.072764002
v -0.016160965 0.049800999 0.076326005
v -0.01602 0.062652998 0.067139
v -0.016461968 0.075163998 0.056824002
v -0.017044961 0.088425003 0.046727002
v -0.017986 0.099420004 0.035027001
v -0.018975973 0.1041 0.021324001
v -0.025331974 0.109181 0.022734001
v -0.025331974 0.109181 0.022734001
v -0.019185007 0.104433 0.006622002
v -0.025904 0.109579 0.007046002
v -0.025904 0.109579 0.007046002
v -0.019077003 0.104422 -0.0079689985
v -0.025860965 0.109589 -0.0086119985
v -0.025860965 0.109589 -0.0086119985
v -0.018819988 0.103872 -0.022378998
v -0.02522999 0.109024 -0.023897998
v -0.017863989 0.099016003 -0.035464
v -0.024257004 0.103928 -0.037655
v -0.017175972 0.088245004 -0.046759997
v -0.022641957 0.091779001 -0.048528999
v -0.016348004 0.075105004 -0.056667998
v -0.021632969 0.077514 -0.058435999
v -0.015869975 0.062577002 -0.066945001
v -0.020874977 0.064771004 -0.069008999
v -0.016198993 0.049781002 -0.076437995
v -0.016198993 0.049781002 -0.076437995
v -0.021189988 0.051858 -0.078935996
v -0.016348958 0.037295002 -0.085995995
v -0.016348958 0.037295002 -0.085995995
v -0.021997988 0.039115001 -0.088899001
v -0.018007994 0.024775 -0.095192
v -0.018007994 0.024775 -0.095192
v -0.023790956 0.026232 -0.098771997
v -0.019419968 0.012002001 -0.101891
v -0.019419968 0.012002001 -0.101891
v -0.026021957 0.013410001 -0.106955
v -0.026021957 0.013410001 -0.106955
v -0.019994974 7.1850081e-10 -0.103823
v -0.019994974 7.1850081e-10 -0.103823
v -0.027038991 7.1850081e-10 -0.10965
v -0.027038991 7.1850081e-10 -0.10965
v -0.027038991 7.1850081e-10 -0.10965
v -0.00010496378 7.1850081e-10 -0.073975995
v 0.010457039 7.1850081e-10 -0.065205
v 0.006099999 0.0084070005 -0.070198998
v 0.006099999 0.0084070005 -0.070198998
v 0.006099999 0.0084070005 -0.070198998
v 0.010122001 0.007933001 -0.064817995
v 0.011771023 0.0074580009 -0.058140997
v 0.010411024 0.016654002 -0.063561
v 0.01176399 0.015343001 -0.057108998
v 0.012238026 0.014111001 -0.051183999
v 0.011982024 0.023876 -0.054628998
v 0.012300014 0.021619001 -0.048883997
v 0.012495041 0.019948 -0.044535998
v 0.012299001 0.029513001 -0.045348
v 0.01255101 0.026912 -0.041208997
v 0.012820005 0.024438001 -0.037616
v 0.012605011 0.033567 -0.036513999
v 0.012854993 0.030547 -0.033381999
v 0.013305008 0.027814001 -0.030449998
v 0.012880027 0.036143001 -0.027981998
v 0.013330996 0.032740999 -0.025568997
v 0.014214039 0.029614002 -0.023269998
v 0.013308048 0.036842 -0.019965999
v 0.014218032 0.033408001 -0.018178998
v 0.016093016 0.030514 -0.016688999
v 0.014138997 0.035997 -0.012991998
v 0.01592803 0.032799002 -0.011843998
v 0.012264013 7.1850081e-10 0.053206
v 0.011958003 7.1850081e-10 0.059513003
v 0.010215998 7.1850081e-10 0.065994002
v 0.011799991 0.0077050007 0.059328001
v 0.0098290443 0.0081830006 0.065600999
v 0.005753994 0.0085880011 0.070696004
v 0.0096490383 0.016657 0.063811004
v 0.0056980252 0.017445 0.068745002
v 0.0058670044 0.027408 0.065737002
v -0.0072720051 0.028191 0.069513001
v -0.0072720051 0.040486999 0.063896
v -0.010823011 0.043717999 0.068817005
v -0.0072720051 0.052163001 0.055795003
v -0.010849953 0.056060001 0.059925001
v -0.013026953 0.059356 0.063508004
v -0.011029959 0.067699 0.049989
v -0.013296962 0.071681 0.053666003
v -0.011443973 0.078414999 0.039627001
v -0.013587952 0.083915003 0.043697003
v -0.011563003 0.085459001 0.029044002
v -0.013655007 0.093858004 0.032381002
v -0.011496007 0.088684998 0.018436002
v -0.014271975 0.09764 0.020045001
v -0.011391997 0.089855 0.0063240016
v -0.014077961 0.097904004 0.006471002
v -0.011480987 0.089891002 -0.0066339984
v -0.014202952 0.098113 -0.007406998
v -0.011530995 0.088706002 -0.018500999
v -0.014194012 0.097425997 -0.020772997
v -0.011548996 0.085249998 -0.028745998
v -0.011153996 0.077633001 -0.038897999
v -0.010620952 0.067285001 -0.049617998
v -0.010674 0.043230001 -0.068370998
v -0.012961984 0.046567 -0.072572999
v -0.010917962 0.030887 -0.075957999
v -0.013130963 0.034182999 -0.081344999
v -0.011559963 0.019205 -0.082065001
v -0.014092982 0.021928001 -0.089281
v -0.011911988 0.0090610003 -0.085104994
v -0.014683962 0.010555001 -0.094820999
v -0.011952996 7.1850081e-10 -0.085875995
v -0.014925003 7.1850081e-10 -0.096625999
v -0.0072729588 7.1850081e-10 -0.075282998
v -0.0072729588 7.1850081e-10 -0.075282998
v -0.0072729588 0.0085240006 -0.074668996
v -0.0072729588 0.0085240006 -0.074668996
v -0.0072729588 0.0085240006 -0.074668996
v -0.00023299456 0.0085430006 -0.073279001
v -0.00023299456 0.0085430006 -0.073279001
v -0.0072729588 0.017624 -0.073061995
v -0.0072729588 0.017624 -0.073061995
v -0.00018596649 0.01784 -0.071750998
v 0.006180048 0.017543001 -0.068719998
v 0.006180048 0.017543001 -0.068719998
v -9.3996525e-05 0.028279001 -0.068232
v 0.0062500238 0.027687 -0.065597996
v 0.0062500238 0.027687 -0.065597996
v 0.010304034 0.026120001 -0.06064
v 0.0062550306 0.038605999 -0.060358997
v 0.0062550306 0.038605999 -0.060358997
v 0.010546029 0.036047 -0.056001998
v 0.011842012 0.032661002 -0.050510999
v 0.010091007 0.045292001 -0.049151998
v 0.011970997 0.041083999 -0.044543996
v 0.012405038 0.037021 -0.040071998
v 0.011967003 0.048411999 -0.037178997
v 0.01246202 0.043684002 -0.033370998
v 0.01266402 0.039677002 -0.030352999
v 0.012486994 0.048985999 -0.026046999
v 0.012695014 0.044477001 -0.023635998
v 0.012930036 0.040468 -0.021715999
v 0.012679994 0.047838002 -0.016877998
v 0.012984037 0.043651 -0.015391998
v 0.013402998 0.039611999 -0.014191998
v 0.012944996 0.045491003 -0.0091579985
v 0.013468027 0.041457999 -0.0083449986
v 0.014326036 0.037620001 -0.007627998
v 0.013388038 0.042247999 -0.0027489981
v 0.014156044 0.038219001 -0.0024809982
v 0.015424013 0.034630999 -0.0022959982
v 0.015842021 0.034192 -0.0070229983
v 0.012850046 7.1850081e-10 0.040267002
v 0.012428999 7.1850081e-10 0.043873001
v 0.01235503 7.1850081e-10 0.048071001
v 0.012528002 0.0059000007 0.043639001
v 0.012360036 0.0064250007 0.047825001
v 0.012244046 0.0069790008 0.052912001
v 0.012387037 0.013060001 0.046771001
v 0.012203991 0.014144001 0.051797003
v 0.011557043 0.015385001 0.057818003
v 0.012212038 0.021723 0.049430002
v 0.011741042 0.02372 0.055067003
v 0.010240018 0.025897 0.061077002
v 0.012006998 0.03269 0.050943002
v 0.010461032 0.035851002 0.056397002
v 0.0061240196 0.038402002 0.060658
v 0.010531008 0.045733999 0.049827002
v 0.0062569976 0.049136002 0.053437002
v 0.0064250231 0.058389001 0.044731002
v -0.0072720051 0.062368002 0.046091001
v -0.0072720051 0.070550002 0.035860002
v -0.0072720051 0.075814001 0.025915002
v -0.0072720051 0.079471 0.016249001
v -0.0072720051 0.081377998 0.0054840017
v -0.0072720051 0.081333004 -0.0056319982
v -0.0072729588 0.079499997 -0.015872998
v -0.0072729588 0.075819999 -0.025676997
v -0.0072729588 0.070574999 -0.035650998
v -0.0072729588 0.062332999 -0.046008997
v -0.0072729588 0.062332999 -0.046008997
v -0.00023597479 0.050829999 -0.054850999
v -0.0072729588 0.052064002 -0.055753998
v -0.0072729588 0.052064002 -0.055753998
v -8.7976456e-05 0.040037002 -0.062943995
v -0.0072729588 0.040417001 -0.063841999
v -0.0072729588 0.040417001 -0.063841999
v -0.0072729588 0.028119002 -0.069412999
v -0.0072729588 0.028119002 -0.069412999
v 0.0062410235 0.048994001 -0.053023998
v 0.0062410235 0.048994001 -0.053023998
v 0.012436032 0.052673999 -0.018603997
v 0.012401044 0.054997999 -0.011044999
v 0.01267004 0.050052002 -0.010061998
v 0.012404025 0.056313999 -0.0035919982
v 0.012660027 0.051090002 -0.0032339981
v 0.012948036 0.046379 -0.0029629981
v 0.012652993 0.051093001 0.0035710018
v 0.012930036 0.046402 0.0032820017
v 0.013343036 0.042221002 0.0030270019
v 0.012893021 0.045577001 0.0094970018
v 0.013383031 0.041361 0.0085850023
v 0.014302015 0.037504002 0.0077440017
v 0.014106989 0.038139001 0.0027410018
v 0.015565991 0.033961002 0.0071290019
v 0.015565991 0.033961002 0.0071290019
v 0.015428007 0.034456 0.0024900017
v 0.015428007 0.034456 0.0024900017
v 0.018727005 0.032188002 0.0066890018
v 0.018342018 0.032683 0.0021680018
v 0.022360027 0.031720001 0.0063400017
v 0.022074044 0.033102002 0.0021060018
v 0.026607037 0.031576 0.0061720018
v 0.026512027 0.033192001 0.0019770018
v 0.032115042 0.031456001 0.006200002
v 0.032193005 0.033043999 0.0019740018
v 0.039503038 0.031275 0.0063380017
v 0.039489031 0.032912001 0.0020410018
v 0.048281014 0.031122001 0.0064850016
v 0.048237026 0.032825999 0.0020910017
v 0.058915973 0.030997001 0.0066320016
v 0.058888078 0.032745 0.0021100019
v 0.070849061 0.030878 0.0067600016
v 0.07081902 0.032706 0.0021030018
v 0.083247066 0.030774001 0.0067970017
v 0.083230972 0.032639001 0.0020850019
v 0.01799804 7.1850081e-10 0.033623002
v 0.015347004 7.1850081e-10 0.034391001
v 0.015347004 7.1850081e-10 0.034391001
v 0.013801992 7.1850081e-10 0.037054002
v 0.015563011 0.0041940007 0.034228001
v 0.013904989 0.0047720009 0.036907002
v 0.012984037 0.0052610007 0.04005
v 0.014092028 0.0096960003 0.0359
v 0.013092041 0.010881001 0.039041001
v 0.012621999 0.011952001 0.042594001
v 0.013246 0.016336001 0.037248001
v 0.012709022 0.018204 0.040638003
v 0.012440026 0.019913001 0.044557001
v 0.012757003 0.024387 0.037523001
v 0.012524009 0.026884001 0.041113
v 0.01236099 0.029518001 0.045437001
v 0.012578011 0.033803001 0.036271002
v 0.012486994 0.03723 0.040091
v 0.01214999 0.041491002 0.045072
v 0.012499034 0.04417 0.033638
v 0.012109041 0.049248002 0.037795004
v 0.010411024 0.054198999 0.041708
v 0.012015045 0.055360001 0.029695002
v 0.010341048 0.061155003 0.032865003
v 0.0062600374 0.065802999 0.035243001
v 0.010349035 0.066046998 0.023609001
v 0.0063090324 0.071169004 0.025398001
v 0.010587037 0.068951003 0.014351002
v 0.0062170029 0.074320003 0.015366002
v 0.010142028 0.070311002 0.0047970018
v 0.0060150027 0.076030001 0.0052130017
v 0.011849999 0.063224003 -0.0041429983
v 0.011911035 0.063469999 0.0042790016
v 0.012409031 0.056494001 0.0038870019
v 0.01195699 0.062194999 0.012929002
v 0.012410998 0.055465002 0.011442002
v 0.012643993 0.050243001 0.010422002
v 0.012416005 0.053204 0.019088002
v 0.012639999 0.048215002 0.017259002
v 0.012910008 0.043774001 0.015604001
v 0.012643993 0.044862002 0.023985002
v 0.012825012 0.040587001 0.021831002
v 0.013220012 0.036673002 0.019990003
v 0.013253033 0.039512999 0.014272002
v 0.014093995 0.033196002 0.018198002
v 0.014075041 0.035791002 0.013031002
v 0.016028047 0.030382 0.016641002
v 0.016028047 0.030382 0.016641002
v 0.015920043 0.032624003 0.011858001
v 0.015920043 0.032624003 0.011858001
v 0.018957019 0.028549001 0.015689002
v 0.018903017 0.030829001 0.011060002
v 0.022578001 0.02799 0.015474002
v 0.022458017 0.030148001 0.010732002
v 0.026802003 0.02771 0.015440002
v 0.026771009 0.029899001 0.010665001
v 0.031696022 0.027465001 0.015540002
v 0.031971037 0.029694 0.010737002
v 0.039430022 0.027212001 0.015958002
v 0.039478004 0.029468 0.010999002
v 0.048350036 0.026861001 0.016467001
v 0.048322022 0.029300001 0.011301002
v 0.059072971 0.026506001 0.016898002
v 0.058971047 0.029136 0.011569002
v 0.070997 0.026126001 0.017149001
v 0.070912004 0.02885 0.011771002
v 0.083327055 0.026001001 0.017208003
v 0.083283067 0.028771 0.011838002
v 0.095735073 0.026017001 0.016909001
v 0.031172991 7.1850081e-10 0.034705002
v 0.025316 7.1850081e-10 0.034684002
v 0.021346033 7.1850081e-10 0.034214001
v 0.015716016 0.0086210007 0.033219002
v 0.016080022 0.013255001 0.031717002
v 0.014093995 0.014673001 0.034093
v 0.015965044 0.017891001 0.029064002
v 0.015965044 0.017891001 0.029064002
v 0.014164031 0.01991 0.031347003
v 0.01317203 0.022056 0.034245003
v 0.014281988 0.024894001 0.027756002
v 0.013167024 0.027713001 0.030245002
v 0.012736022 0.030633001 0.033062004
v 0.01315701 0.032692 0.025337001
v 0.012782037 0.036196001 0.027773002
v 0.012630999 0.039840002 0.030341001
v 0.012461007 0.049543999 0.026593002
v 0.012017012 0.059539001 0.021311002
v 0.014066994 0.029508 0.023107002
v 0.01601702 0.022649001 0.025652003
v 0.01601702 0.022649001 0.025652003
v 0.01591903 0.026791001 0.021302002
v 0.01591903 0.026791001 0.021302002
v 0.019066989 0.021254001 0.024743002
v 0.018968999 0.025303001 0.020458002
v 0.022491038 0.020587001 0.024786001
v 0.022599995 0.024737 0.020372001
v 0.026457012 0.019919001 0.024869002
v 0.026651025 0.024351001 0.020513002
v 0.031518042 0.019248001 0.025205001
v 0.031543016 0.023935001 0.020841002
v 0.039197028 0.018469 0.025792003
v 0.039324999 0.023428001 0.021405002
v 0.048278034 0.01778 0.026198002
v 0.048340023 0.022877 0.021905001
v 0.059177995 0.017271001 0.026504003
v 0.05915904 0.022382 0.022275003
v 0.071073055 0.016959 0.026504003
v 0.071060061 0.022111 0.022455001
v 0.083364964 0.016979001 0.026376002
v 0.083359003 0.022055 0.022424001
v 0.095762014 0.017101001 0.026142001
v 0.095759988 0.022154002 0.022117002
v 0.10818505 0.017492 0.025850002
v 0.10816598 0.022439001 0.021551002
v 0.108145 0.026240001 0.016356003
v 0.120561 0.022961 0.020911003
v 0.13299906 0.029131001 0.010069001
v 0.13301003 0.030902 0.005584002
v 0.14546502 0.029366001 0.0093910014
v 0.14546204 0.031031001 0.0050740018
v 0.14546597 0.032684002 0.0011350018
v 0.059134007 7.1850081e-10 0.034473002
v 0.048092008 7.1850081e-10 0.034551002
v 0.038836002 7.1850081e-10 0.034616001
v 0.026214004 0.015239 0.028102001
v 0.022292018 0.015970001 0.027980002
v 0.018971026 0.016706001 0.028039001
v 0.031377017 0.014483001 0.028377002
v 0.039085031 0.013725 0.028793002
v 0.048214018 0.013167 0.028981002
v 0.059141994 0.012756 0.029050002
v 0.071076035 0.012549001 0.029002002
v 0.083363056 0.012489 0.029030003
v 0.095738053 0.0088800006 0.030539002
v 0.095748067 0.012460001 0.028948002
v 0.10819304 0.0090730004 0.030351002
v 0.10818899 0.012510001 0.028843002
v 0.12065601 0.0094520003 0.030022001
v 0.12063897 0.013185001 0.028380001
v 0.12059605 0.018095002 0.025159001
v 0.13308299 0.014009001 0.027811002
v 0.13304806 0.018920001 0.024493001
v 0.13301003 0.023729 0.020176001
v 0.14550698 0.019795001 0.023855003
v 0.14548504 0.024204001 0.019263001
v 0.14547598 0.027378 0.014201002
v 0.095770955 7.1850081e-10 0.034368001
v 0.095770955 7.1850081e-10 0.034368001
v 0.08336699 7.1850081e-10 0.034420002
v 0.08336699 7.1850081e-10 0.034420002
v 0.071081996 7.1850081e-10 0.034462001
v 0.083356977 0.0057740007 0.031950001
v 0.095735073 0.0028700007 0.033130001
v 0.095734 0.0058280006 0.031854004
v 0.10820496 0.0029720007 0.033011001
v 0.10819602 0.0059840009 0.031694002
v 0.12068999 0.0031070006 0.032828003
v 0.12067306 0.0062590009 0.031429
v 0.13312197 0.0032830008 0.032625001
v 0.13310301 0.0065850005 0.031152003
v 0.13309705 0.010024001 0.029642003
v 0.14553607 0.0067900009 0.030918002
v 0.14552999 0.010467 0.029387001
v 0.14552903 0.014867 0.027425002
v 0.157974 0.010999001 0.029027002
v 0.15797198 0.01553 0.026750002
v 0.15796602 0.020459 0.023069002
v 0.17041206 0.016235001 0.026269002
v 0.17040408 0.021101 0.022432001
v 0.17039704 0.025125001 0.017757002
v 0.18285704 0.021656001 0.021840002
v 0.182863 0.025498001 0.017168002
v 0.18287408 0.02802 0.012401002
v 0.13316596 7.1850081e-10 0.034114003
v 0.12070298 7.1850081e-10 0.034216002
v 0.10821497 7.1850081e-10 0.034328002
v 0.14555299 7.1850081e-10 0.034091003
v 0.14554298 0.0033870006 0.032492001
v 0.15798199 7.1850081e-10 0.034056
v 0.15797806 0.0034680008 0.032379001
v 0.157974 0.0070220008 0.030738002
v 0.17042303 0.0035730007 0.032248002
v 0.170416 0.0072460007 0.030472001
v 0.17041206 0.011519001 0.028726002
v 0.18285203 0.0075550009 0.030233001
v 0.18284905 0.012058001 0.028482001
v 0.18285501 0.01685 0.025752002
v 0.19530106 0.012592001 0.028080001
v 0.19531 0.017431 0.025240002
v 0.19532204 0.022182001 0.021258002
v 0.20776308 0.018089 0.024659002
v 0.20777404 0.022880001 0.020489002
v 0.20779002 0.026391001 0.015746001
v 0.22022808 0.023716001 0.019365001
v 0.22027397 0.026889 0.014537002
v 0.23274398 0.027251001 0.013450001
v 0.24512303 0.028783001 0.0090890015
v 0.24513304 0.030073 0.005702002
v 0.25741398 0.029949 0.0057210019
v 0.17042601 7.1850081e-10 0.034032002
v 0.18287706 7.1850081e-10 0.034017
v 0.18285501 0.0037070008 0.032129001
v 0.19530308 7.1850081e-10 0.034005001
v 0.195297 0.0038920008 0.031985004
v 0.19529402 0.0079630008 0.030014003
v 0.20776105 0.0040680007 0.031802002
v 0.20774901 0.0083270008 0.029733002
v 0.20775199 0.013151 0.027825002
v 0.22020698 0.0086430004 0.029464003
v 0.22019005 0.013705 0.027561001
v 0.22018301 0.018883001 0.023961002
v 0.23258507 0.014353001 0.027240003
v 0.23257303 0.019744001 0.023198001
v 0.232656 0.024455002 0.018222002
v 0.24495304 0.020464001 0.022491002
v 0.245049 0.024996001 0.017278003
v 0.245103 0.02737 0.012851002
v 0.25730097 0.025328001 0.016768001
v 0.25735104 0.027465001 0.012601002
v 0.25738502 0.028702 0.0090710018
v 0.26956701 0.027481001 0.012557002
v 0.26962399 0.028585 0.0090690022
v 0.269665 0.029817 0.0057580019
v 0.20777905 7.1850081e-10 0.033945002
v 0.220276 7.1850081e-10 0.033864003
v 0.22025406 0.0041940007 0.031608
v 0.23284602 7.1850081e-10 0.033773001
v 0.23276699 0.0043920008 0.031397
v 0.23266208 0.0089750011 0.029241001
v 0.24526703 0.0047080009 0.031127002
v 0.24510396 0.009730001 0.028994001
v 0.24496901 0.015597001 0.027335001
v 0.25725806 0.010002 0.028791001
v 0.25718999 0.015597001 0.027365001
v 0.25722897 0.020846 0.022095002
v 0.269279 0.015597001 0.027391002
v 0.26936102 0.020977002 0.021974001
v 0.26947999 0.025462002 0.016719002
v 0.24536502 7.1850081e-10 0.033644002
v 0.24536502 7.1850081e-10 0.033644002
v 0.25750196 7.1850081e-10 0.033502001
v 0.25740397 0.0048260009 0.030910002
v 0.269449 7.1850081e-10 0.033321001
v 0.269449 7.1850081e-10 0.033321001
v 0.26935709 0.0048700008 0.030744001
v 0.26928604 0.010056001 0.028704002
v 0.28138006 0.0049100006 0.030634001
v 0.28134906 0.010128001 0.028697003
v 0.79963803 7.1850081e-10 -0.028733999
v 0.79973495 0.012885001 -0.026945999
v 0.81210411 0.0034040008 -0.028141998
v 0.82458103 0.0071460009 -0.027641999
v 0.82451904 0.0036010006 -0.028274998
v 0.82446206 7.1850081e-10 -0.028752998
v 0.82446206 7.1850081e-10 -0.028752998
v 0.81204808 7.1850081e-10 -0.028582998
v 0.74988401 0.015124001 -0.026696999
v 0.76233494 0.017414 -0.024906999
v 0.76234102 0.015102001 -0.026741998
v 0.77478898 0.017475002 -0.024856998
v 0.774804 0.015152001 -0.026732998
v 0.78722703 0.017706001 -0.024637999
v 0.787256 0.015398 -0.026697999
v 0.799698 0.018147001 -0.024211999
v 0.799721 0.015934 -0.026318999
v 0.81219709 0.018668002 -0.023648998
v 0.81221497 0.016380001 -0.025787998
v 0.812217 0.013440001 -0.026797999
v 0.82478011 0.016929001 -0.025190998
v 0.82474101 0.013991001 -0.026590997
v 0.82465899 0.010621001 -0.027063997
v 0.83723509 0.014458001 -0.026311997
v 0.83708608 0.011012001 -0.026949998
v 0.83694708 0.0074420008 -0.027611999
v 0.84936607 0.011127001 -0.026439998
v 0.84916699 0.0075610005 -0.027409999
v 0.84902108 0.0038450006 -0.028214999
v 0.83687508 0.0037390008 -0.028135998
v 0.84893906 7.1850081e-10 -0.028844997
v 0.84893906 7.1850081e-10 -0.028844997
v 0.83679402 7.1850081e-10 -0.028661998
v 0.83679402 7.1850081e-10 -0.028661998
v 0.74988997 0.019566001 -0.022712998
v 0.76233101 0.021652 -0.020524997
v 0.76233304 0.019562 -0.022763997
v 0.77474904 0.021778001 -0.020426998
v 0.77476895 0.019666001 -0.022673998
v 0.78718603 0.022048 -0.020212999
v 0.78720105 0.019932 -0.022445999
v 0.79965401 0.022556001 -0.019843997
v 0.79967403 0.020365002 -0.022043997
v 0.81214905 0.023109 -0.019094998
v 0.81217706 0.020907002 -0.021402998
v 0.82465398 0.023686001 -0.018086998
v 0.82472503 0.021580001 -0.020634998
v 0.82476604 0.019300001 -0.022984998
v 0.83731806 0.022273 -0.019655999
v 0.83733809 0.019893 -0.022109998
v 0.83732498 0.017414 -0.024458999
v 0.8498081 0.02018 -0.021001998
v 0.84973502 0.017507 -0.023278998
v 0.849581 0.014508001 -0.025179999
v 0.86183703 0.017146001 -0.022088999
v 0.86166704 0.014291001 -0.024272999
v 0.8614291 0.01094 -0.025692998
v 0.87356603 0.013363001 -0.022333998
v 0.87348604 0.010443001 -0.023965998
v 0.87342 0.0072640008 -0.025362998
v 0.861274 0.0074920007 -0.026831998
v 0.87334597 0.0036610006 -0.026165998
v 0.86115706 0.0037730008 -0.027500998
v 0.873384 7.1850081e-10 -0.026809998
v 0.873384 7.1850081e-10 -0.026809998
v 0.86106694 7.1850081e-10 -0.028041998
v 0.86106694 7.1850081e-10 -0.028041998
v 0.76233709 0.025078001 -0.015234998
v 0.76232994 0.023473 -0.017999997
v 0.77473795 0.025213001 -0.015113998
v 0.77473903 0.023642 -0.017914997
v 0.78716803 0.025488 -0.014813998
v 0.78717601 0.023895001 -0.017679999
v 0.79961097 0.025800001 -0.014126998
v 0.7996341 0.024434 -0.017232997
v 0.81205404 0.025936 -0.012949998
v 0.81210506 0.024844 -0.016278999
v 0.8245641 0.025368001 -0.015088998
v 0.836833 0.026508002 -0.0096319979
v 0.83702505 0.025763001 -0.013450998
v 0.83720696 0.024236001 -0.016765999
v 0.84961402 0.025963001 -0.011774998
v 0.84975898 0.024721 -0.015346998
v 0.84982204 0.022626001 -0.018429998
v 0.86224496 0.024099 -0.013777998
v 0.86213696 0.022152001 -0.017002998
v 0.86199403 0.019721001 -0.019658998
v 0.874313 0.020828001 -0.015490999
v 0.87399209 0.018504001 -0.018006999
v 0.87374794 0.01609 -0.020363998
v 0.88626301 0.017541001 -0.016863998
v 0.88598406 0.015189 -0.019078998
v 0.88577807 0.012669001 -0.020761998
v 0.89841306 0.014317 -0.017683998
v 0.89814293 0.011794001 -0.019201998
v 0.89788902 0.0092130005 -0.020749997
v 0.88564503 0.010033 -0.022387998
v 0.897699 0.0063210009 -0.021912998
v 0.88558495 0.0069510005 -0.023820998
v 0.89761102 0.0033120008 -0.022883998
v 0.88555002 0.0035460007 -0.024299998
v 0.89756596 7.1850081e-10 -0.023538997
v 0.88554108 7.1850081e-10 -0.024778998
v 0.88554108 7.1850081e-10 -0.024778998
v 0.74993694 0.025974 -0.011831998
v 0.76235402 0.02609 -0.011887998
v 0.77475798 0.026029 -0.011640999
v 0.78717196 0.026221002 -0.011218999
v 0.799595 0.026375001 -0.010387998
v 0.82433903 0.026766 -0.0073849983
v 0.83661211 0.027625 -0.0011809982
v 0.83669508 0.027151002 -0.0055349981
v 0.84924996 0.027927 0.00072300178
v 0.84931505 0.027627001 -0.0037259981
v 0.84944499 0.026972001 -0.0078319982
v 0.86238003 0.026772 -0.0024059983
v 0.86234903 0.026267001 -0.0066469982
v 0.86226809 0.025305001 -0.010396998
v 0.87563002 0.023563001 -0.0052289981
v 0.87535107 0.023168001 -0.0084909983
v 0.8748101 0.022073001 -0.012007998
v 0.88701308 0.020303002 -0.0070709982
v 0.8868221 0.019883001 -0.010898998
v 0.88656294 0.019197 -0.014237998
v 0.89890504 0.017336002 -0.009519998
v 0.89882803 0.017080002 -0.012813998
v 0.89871395 0.016486 -0.015886998
v 0.91045296 0.014381001 -0.011053998
v 0.91046393 0.014107001 -0.014026999
v 0.91030502 0.013016 -0.016247999
v 0.92067397 0.011657001 -0.012159999
v 0.92091203 0.011331 -0.014718998
v 0.92079294 0.0097120004 -0.016476998
v 0.9098891 0.010720001 -0.017825998
v 0.92054808 0.0075250007 -0.017786998
v 0.90956795 0.0082580009 -0.019169997
v 0.92037308 0.0050470009 -0.018876998
v 0.90937507 0.0055770008 -0.020318998
v 0.92023695 0.0025730007 -0.019463997
v 0.90927899 0.0028350006 -0.021107998
v 0.92022693 7.1850081e-10 -0.020036997
v 0.90921903 7.1850081e-10 -0.021727998
v 0.82423198 0.027393 0.0016170018
v 0.83661807 0.027356001 0.0036900018
v 0.86237001 0.026818002 0.0025150019
v 0.87548304 0.023825001 0.0032820017
v 0.87544906 0.023993 -0.0010369982
v 0.88710701 0.020342 0.0035800019
v 0.88709903 0.020442002 0.00052900182
v 0.88710904 0.02043 -0.0033459982
v 0.89908504 0.01754 0.0010260018
v 0.899032 0.017535001 -0.0025299981
v 0.89896905 0.017501 -0.0061199982
v 0.91042507 0.014754001 -0.0017259982
v 0.91042507 0.014694001 -0.0049769981
v 0.91043794 0.014568001 -0.0080319978
v 0.91990507 0.012356001 -0.0038009982
v 0.92017496 0.012214 -0.006620998
v 0.92039406 0.011993 -0.0094569977
v 0.927876 0.010813001 -0.0050389981
v 0.92829704 0.010626 -0.0075959982
v 0.92881501 0.010262 -0.010158998
v 0.93506801 0.009525001 -0.0057099983
v 0.93549502 0.0091620004 -0.0079889977
v 0.93599308 0.0085490011 -0.010211999
v 0.92939794 0.0098120011 -0.012743998
v 0.92992401 0.0094180005 -0.014976998
v 0.92982805 0.0070680007 -0.016455999
v 0.929703 0.0046050008 -0.017175999
v 0.93699503 0.0020680006 -0.015500998
v 0.92964303 0.0022950007 -0.017676998
v 0.93722403 7.1850081e-10 -0.016069999
v 0.92964602 7.1850081e-10 -0.018163998
v 0.88708293 0.020134 0.0076700016
v 0.89913201 0.017382002 0.007817002
v 0.89911699 0.017464001 0.0043360018
v 0.91060305 0.014627 0.0077560018
v 0.91052806 0.014699001 0.0046340018
v 0.91046202 0.014767 0.0014660018
v 0.91969597 0.012377 0.0049170018
v 0.91963208 0.012460001 0.0020140018
v 0.91967499 0.012488001 -0.00084299821
v 0.92708004 0.011033 0.0026340019
v 0.92725194 0.011048 8.5001811e-05
v 0.92750704 0.010967 -0.0025289983
v 0.93397903 0.0099440003 0.0010880018
v 0.934286 0.0098730009 -0.0011489982
v 0.93468201 0.0098050004 -0.0034649982
v 0.93998003 0.0083730007 1.7001807e-05
v 0.94045103 0.0084500005 -0.0020979983
v 0.94090998 0.0082630003 -0.0044179983
v 0.9440161 0.0056460006 -0.0013839982
v 0.941185 0.0075270007 -0.0064799981
v 0.94154894 0.0065350006 -0.0081589986
v 0.9440161 0.0017720007 -0.0099079981
v 0.94460595 7.1850081e-10 -0.010475998
v 0.94245303 7.1850081e-10 -0.012729998
v 0.942011 0.0016740008 -0.012107998
v 0.919788 0.012281001 0.0078210011
v 0.92699599 0.010869001 0.0077410019
v 0.92695904 0.010981001 0.005121002
v 0.93350708 0.0098610008 0.0055370019
v 0.93373501 0.0099830003 0.0033070019
v 0.93948305 0.0087240003 0.003996002
v 0.93968904 0.0084850006 0.0020560019
v 0.94343901 0.0061350008 0.0046320017
v 0.94365299 0.0060240007 0.0027570019
v 0.94390905 0.0059400005 0.00077600183
v -0.92633098 7.1850081e-10 -0.089001
v -0.92633098 7.1850081e-10 -0.089001
v -0.92633098 7.1850081e-10 -0.089001
v -0.91410297 7.1850081e-10 -0.096664995
v -0.91410297 7.1850081e-10 -0.096664995
v -0.92609197 0.013060001 -0.088138998
v -0.92609197 0.013060001 -0.088138998
v -0.914042 0.014038 -0.095587999
v -0.92626697 0.026112001 -0.085494995
v -0.92626697 0.026112001 -0.085494995
v -0.91427296 0.027839001 -0.092584997
v -0.92620498 0.038724001 -0.080623001
v -0.92620498 0.038724001 -0.080623001
v -0.93397796 0.023343001 -0.074195996
v -0.93383396 0.034681 -0.070138998
v -0.93365699 0.045389 -0.063943997
v -0.93991297 0.030525001 -0.058527999
v -0.94070101 0.020787001 -0.061818
v -0.94576299 0.018817 -0.048697997
v -0.94536996 0.027356001 -0.04623
v -0.947056 0.018065 -0.035740998
v -0.94690001 0.026759 -0.033870999
v -0.94698697 0.018252 -0.024667999
v -0.94709396 0.027656 -0.023645999
v -0.94680399 0.037796002 -0.023129998
v -0.94703698 0.028776001 -0.013885998
v -0.94676399 0.040075 -0.013780998
v -0.94400901 0.052494001 -0.015537999
v -0.94415897 0.048898 -0.025193999
v -0.93876201 0.063983999 -0.018126998
v -0.93896198 0.059780002 -0.029444998
v -0.94406098 0.054080002 -0.0051269983
v -0.93875998 0.065938003 -0.0058639981
v -0.94425195 0.053603001 0.0054700016
v -0.93903399 0.065411001 0.0063040019
v -0.94438499 0.051524002 0.015833002
v -0.93927395 0.062854998 0.018062001
v -0.94440299 0.048202001 0.025464002
v -0.93950999 0.058705002 0.028980002
v -0.93422699 0.068952002 0.033434004
v -0.93439996 0.061960999 0.044580001
v -0.928913 0.070480004 0.051041003
v -0.928913 0.070480004 0.051041003
v -0.93464297 0.053440001 0.054073002
v -0.929277 0.060460001 0.061902002
v -0.929277 0.060460001 0.061902002
v -0.92036396 0.065483004 0.067841999
v -0.92954201 0.049562 0.070732005
v -0.92954201 0.049562 0.070732005
v -0.92028296 0.053586002 0.077569
v -0.90887499 0.055557001 0.081432998
v -0.90941399 0.067991003 0.071362004
v -0.920057 0.040690999 0.084653005
v -0.90835398 0.042328 0.089078002
v -0.920026 0.02757 0.089896001
v -0.90812296 0.028754001 0.094577
v -0.91999596 0.013905001 0.092904001
v -0.90796399 0.014554 0.097626999
v -0.907848 7.1850081e-10 0.098955005
v -0.894916 7.1850081e-10 0.100649
v -0.94105697 7.1850081e-10 -0.063970998
v -0.94086897 0.010513001 -0.063469
v -0.93422997 0.011734 -0.076339997
v -0.946217 7.1850081e-10 -0.050492998
v -0.94604397 0.0095550008 -0.050104
v -0.947043 7.1850081e-10 -0.037323996
v -0.94703698 0.0091620004 -0.036952998
v -0.94682598 7.1850081e-10 -0.025666999
v -0.946881 0.0091350004 -0.025413997
v -0.94666696 7.1850081e-10 -0.015112998
v -0.94675195 0.0092840008 -0.014960998
v -0.946895 0.018741 -0.014552998
v -0.94665301 0.0094270008 -0.005084998
v -0.94682699 0.01908 -0.0049019982
v -0.94703001 0.029428001 -0.0045689982
v -0.946832 0.019112 0.0046090018
v -0.94705397 0.029394001 0.004695002
v -0.94684297 0.041111 0.004966002
v -0.94681901 0.041308999 -0.0044689984
v -0.94710296 0.028677002 0.014142002
v -0.94687897 0.039610002 0.014515002
v -0.94713998 0.027566001 0.023826001
v -0.94682997 0.037432 0.023865001
v -0.94705701 0.026715001 0.033639003
v -0.94703096 0.018238001 0.024258003
v -0.947142 0.017945001 0.034940001
v -0.94635397 0.018506 0.047075003
v -0.94576699 0.02709 0.044833001
v -0.94155997 0.020248001 0.059191003
v -0.94093996 0.029741 0.056421001
v -0.93575597 0.022613 0.070702001
v -0.93530297 0.033427 0.067220002
v -0.93491 0.043771002 0.061692003
v -0.92949998 0.037613999 0.077273004
v -0.92949998 0.037613999 0.077273004
v -0.929649 0.025368001 0.081776999
v -0.929649 0.025368001 0.081776999
v -0.93605 0.011362 0.072887003
v -0.929829 0.012752001 0.084438004
v -0.929829 0.012752001 0.084438004
v -0.936221 7.1850081e-10 0.073655002
v -0.94705898 7.1850081e-10 0.036271002
v -0.946805 7.1850081e-10 0.024944002
v -0.94664496 7.1850081e-10 0.014552002
v -0.94656199 7.1850081e-10 0.0046510017
v -0.94656599 7.1850081e-10 -0.0050989981
v -0.94663399 0.0094390009 0.0046250019
v -0.94673699 0.009308001 0.014448002
v -0.94691098 0.018778 0.014265002
v -0.94689798 0.0091080004 0.024724001
v -0.94708699 0.0090140011 0.035884
v -0.94655597 7.1850081e-10 0.048878003
v -0.94644696 0.0093810009 0.048401002
v -0.94220495 7.1850081e-10 0.061632004
v -0.94200701 0.010198001 0.060940001
v -0.82374597 0.018482001 -0.086341999
v -0.83471698 0.015597001 -0.087797001
v -0.83293301 0.015597001 -0.100634
v -0.83516496 0.015597001 -0.075681001
v -0.73483896 7.1850081e-10 0.075153001
v -0.73631197 7.1850081e-10 0.063624002
v -0.73345697 7.1850081e-10 0.086911999
v -0.733527 0.0065290006 0.086874001
v -0.73501599 0.0063890009 0.075112998
v -0.73289996 0.0067090006 0.098056003
v -0.73324698 0.013026001 0.098144002
v -0.73378795 0.012758001 0.086805001
v -0.73286599 0.013060001 0.107757
v -0.73735899 0.017490001 0.108235
v -0.73735899 0.017490001 0.108235
v -0.73759401 0.017332001 0.098489001
v -0.73759401 0.017332001 0.098489001
v -0.73727196 0.017496001 0.115275
v -0.73727196 0.017496001 0.115275
v -0.74426401 0.018148001 0.116434
v -0.74418598 0.018356001 0.10896
v -0.75158399 0.018713001 0.110006
v -0.75169897 0.018874001 0.099605002
v -0.74428296 0.018553 0.099044003
v -0.75202698 0.018422 0.118324
v -0.76173598 0.018420001 0.121073
v -0.76072896 0.018836001 0.111849
v -0.77219498 0.018821001 0.112714
v -0.770347 0.019177001 0.100257
v -0.75994796 0.019097 0.100083
v -0.76945299 0.019331001 0.088146001
v -0.75998396 0.019201001 0.088298999
v -0.75189298 0.018968001 0.088045001
v -0.76018399 0.019247001 0.076898001
v -0.75243801 0.018978002 0.076483004
v -0.74564999 0.018586 0.075963005
v -0.74469095 0.01843 0.087620005
v -0.73946196 0.016977001 0.075363003
v -0.73946196 0.016977001 0.075363003
v -0.73819298 0.017017001 0.087120004
v -0.73819298 0.017017001 0.087120004
v -0.73556995 0.012550001 0.075017005
v -0.74055898 0.017034002 0.063925005
v -0.74055898 0.017034002 0.063925005
v -0.73708296 0.012463001 0.063611001
v -0.73652196 0.0063410006 0.063592002
v -0.73806101 0.012363001 0.052322
v -0.73754096 0.0062770005 0.052270003
v -0.73737198 7.1850081e-10 0.052256003
v -0.73836696 0.0061880006 0.040960003
v -0.738208 7.1850081e-10 0.040953003
v -0.73889899 7.1850081e-10 0.029612001
v -0.82763499 0.015597001 -0.113606
v -0.81859398 7.1850081e-10 -0.124966
v -0.81716198 0.015597001 -0.123368
v -0.73976898 7.1850081e-10 0.006618002
v -0.73978198 7.1850081e-10 -0.0050109983
v -0.73938799 7.1850081e-10 0.018148001
v -0.73952597 0.0060830009 0.018123003
v -0.73993397 0.0061050006 0.0065860017
v -0.73902798 0.0061090006 0.029591002
v -0.739452 0.012045001 0.029588003
v -0.739941 0.011981001 0.018113002
v -0.73883897 0.012202001 0.040993001
v -0.74168897 0.017100001 0.041164003
v -0.74168897 0.017100001 0.041164003
v -0.74215901 0.016892001 0.029690001
v -0.74215901 0.016892001 0.029690001
v -0.741225 0.017128 0.052576002
v -0.741225 0.017128 0.052576002
v -0.747163 0.018409001 0.05302
v -0.74765599 0.018274 0.041532002
v -0.746517 0.018461 0.064460002
v -0.75313395 0.018953001 0.064998999
v -0.75375199 0.018869001 0.053511001
v -0.761347 0.019154001 0.054078002
v -0.76185298 0.019028001 0.042480003
v -0.75422901 0.018730002 0.041964002
v -0.76075101 0.019221 0.065548003
v -0.77012998 0.019386001 0.066185005
v -0.77069497 0.019334001 0.054782003
v -0.76964301 0.019385001 0.077234
v -0.78099698 0.019458001 0.077816002
v -0.78184396 0.019465001 0.067120999
v -0.79543298 0.019457001 0.068679005
v -0.795955 0.019418001 0.056889001
v -0.78262097 0.019423001 0.055717003
v -0.79424596 0.019448001 0.079734005
v -0.80834597 0.019272001 0.083442003
v -0.80911899 0.019300001 0.070739001
v -0.82249397 0.018794 0.07288
v -0.82265699 0.018777002 0.059451003
v -0.809434 0.019259 0.058217
v -0.821868 0.018679 0.087262005
v -0.83441597 0.015597001 0.090910003
v -0.835127 0.015597001 0.074758999
v -0.81748301 0.018703001 0.101649
v -0.83007097 0.015597001 0.108449
v -0.83195496 7.1850081e-10 0.109394
v -0.80777699 0.018683001 0.113134
v -0.81779796 0.015597001 0.123089
v -0.83523399 0.015597001 0.060308002
v -0.83523697 0.015597001 0.046914
v -0.82273799 0.018653002 0.046425004
v -0.83524698 0.015597001 0.033980001
v -0.82279599 0.018703001 0.033677001
v -0.80981797 0.019165 0.033212002
v -0.80964899 0.019203002 0.045708001
v -0.79672396 0.019308001 0.032603003
v -0.79638499 0.019351 0.044825003
v -0.78370899 0.019300001 0.031943001
v -0.78322196 0.019358002 0.043928001
v -0.77179897 0.019165 0.031319004
v -0.77126998 0.019245001 0.043122001
v -0.76236099 0.018893002 0.030805001
v -0.77221501 0.019136 0.019400002
v -0.76284796 0.018855 0.019021003
v -0.75524199 0.018474001 0.018696003
v -0.75473195 0.018535001 0.030359002
v -0.74850696 0.017801 0.018410001
v -0.74808598 0.017979002 0.029980002
v -0.74264699 0.016592002 0.018188002
v -0.74264699 0.016592002 0.018188002
v -0.74902296 0.017651001 0.0067760018
v -0.743047 0.016375002 0.0066610016
v -0.743047 0.016375002 0.0066610016
v -0.74035096 0.012139001 0.0066050016
v -0.74322999 0.016464001 -0.004939998
v -0.74322999 0.016464001 -0.004939998
v -0.74036598 0.012255001 -0.0049769981
v -0.73995 0.0061510005 -0.0050119981
v -0.74002296 0.012472001 -0.016688999
v -0.73956597 0.0062540006 -0.016748998
v -0.73942 7.1850081e-10 -0.016728999
v -0.73905301 0.0064210007 -0.028641999
v -0.73889697 7.1850081e-10 -0.028615998
v -0.73819298 7.1850081e-10 -0.040681999
v -0.73431301 7.1850081e-10 -0.078990996
v -0.73603398 7.1850081e-10 -0.065756999
v -0.73624599 0.0068480009 -0.065757997
v -0.73454696 0.0070860009 -0.079041995
v -0.73726898 7.1850081e-10 -0.053050999
v -0.73740697 0.0067040008 -0.053098999
v -0.738047 0.01295 -0.053016998
v -0.73689699 0.013176001 -0.065673001
v -0.73835397 0.0065330006 -0.040723998
v -0.73889595 0.012815 -0.040704999
v -0.74235797 0.017399 -0.040783998
v -0.74235797 0.017399 -0.040783998
v -0.74183601 0.017461 -0.053157996
v -0.74183601 0.017461 -0.053157996
v -0.73951399 0.012620001 -0.028595999
v -0.74263501 0.017091 -0.028633999
v -0.74263501 0.017091 -0.028633999
v -0.74890101 0.018118002 -0.028797999
v -0.74857497 0.018346 -0.040985998
v -0.74306196 0.016825 -0.016686998
v -0.74306196 0.016825 -0.016686998
v -0.74917597 0.01792 -0.016790999
v -0.75591296 0.018481001 -0.016887998
v -0.75575298 0.018603001 -0.028949998
v -0.749268 0.017681001 -0.004941998
v -0.75592595 0.018376 -0.0049279984
v -0.763457 0.018815001 -0.0048579983
v -0.76356298 0.018871 -0.016910998
v -0.75567597 0.018375 0.006932002
v -0.76319396 0.018814001 0.0071320017
v -0.77255499 0.019116001 0.0073880018
v -0.77282798 0.019119 -0.0047159982
v -0.78472 0.019258 -0.0044959984
v -0.78488898 0.019269001 -0.016700998
v -0.77299798 0.01915 -0.016850999
v -0.78447497 0.019256001 0.0077040019
v -0.79724598 0.019265002 0.008034002
v -0.79743296 0.019262001 -0.0042419983
v -0.784127 0.019278001 0.019854002
v -0.79701197 0.019287001 0.020324001
v -0.809982 0.019148001 0.020744001
v -0.81012499 0.019119 0.0083340015
v -0.82286698 0.018736001 0.021072002
v -0.77308398 0.019198 -0.029020999
v -0.763524 0.018949 -0.029036999
v -0.763376 0.019078001 -0.041283999
v -0.75549996 0.018771 -0.041173998
v -0.755189 0.018929001 -0.053647999
v -0.74820399 0.018499 -0.053447999
v -0.74778795 0.018619001 -0.06628
v -0.74130398 0.017390002 -0.065908998
v -0.74130398 0.017390002 -0.065908998
v -0.74045998 0.017454 -0.079231001
v -0.74045998 0.017454 -0.079231001
v -0.73516798 0.013654001 -0.078934997
v -0.73404896 0.014092001 -0.093166001
v -0.78233397 0.080938004 0.090924002
v -0.809421 7.1850081e-10 -0.133616
v -0.74250597 7.1850081e-10 0.13637601
v -0.88214695 7.1850081e-10 0.101483
v -0.44634998 7.1850081e-10 0.114175
v -0.13424301 7.1850081e-10 -0.085111
v -0.10119599 7.1850081e-10 0.096239999
v -0.045208991 7.1850081e-10 -0.115653
v -0.045208991 7.1850081e-10 -0.115653
v -0.00025397539 7.1850081e-10 0.074051
v 0.0061420202 7.1850081e-10 -0.070974998
v 0.0061420202 7.1850081e-10 -0.070974998
v 0.0059580207 7.1850081e-10 0.071548
v 0.0059580207 7.1850081e-10 0.071548
v -0.91993999 7.1850081e-10 0.094145998
v -0.91993999 7.1850081e-10 0.094145998
v -0.93442696 7.1850081e-10 -0.076999001
v -0.92987096 7.1850081e-10 0.085504003
v -0.92987096 7.1850081e-10 0.085504003
v -0.82007396 7.1850081e-10 0.124031
v -0.82007396 7.1850081e-10 0.124031
v -0.80422199 -0.014872999 -0.134113
v -0.82975596 -0.084541 -0.088046998
v -0.85729396 -0.046689 -0.103685
v -0.81157601 -0.018968999 -0.101954
v -0.94334799 -0.040989 -0.040955
v -0.82994097 -0.107474 -0.056636997
v -0.87518698 -0.105274 -0.023910997
v -0.84512401 -0.120531 0.0036150019
v -0.84512401 -0.120531 0.0036150019
v -0.94345701 -0.041014999 0.040566001
v -0.79012001 -0.019315999 0.096322998
v -0.73678899 -0.014885999 0.13060001
v -0.73678899 -0.014885999 0.13060001
v -0.78706896 -0.017871 0.130551
v -0.78706896 -0.017871 0.130551
v -0.75880796 -0.011320999 0.140921
v -0.77373397 -0.016472999 0.136415
v -0.77012801 -0.033994999 0.141697
v -0.808456 -0.024093999 -0.134554
v -0.77840799 -0.01832 -0.12147599
v -0.83096796 -0.089028999 -0.081957996
v -0.82155401 -0.086919002 -0.082166001
v -0.82388896 -0.081630997 -0.091543995
v -0.83645797 -0.083854996 -0.093563996
v -0.84071398 -0.090465002 -0.085124999
v -0.82911795 -0.078817002 -0.100401
v -0.86479098 -0.063080996 -0.092079997
v -0.85694098 -0.070128001 -0.096989997
v -0.84749997 -0.058019999 -0.10535
v -0.872329 -0.044096 -0.095808998
v -0.87595099 -0.058518 -0.087049998
v -0.83632499 -0.049881 -0.114473
v -0.84286696 -0.040365998 -0.117196
v -0.85822397 -0.029975999 -0.108291
v -0.871427 -0.029720999 -0.100961
v -0.84413999 -0.027959999 -0.117871
v -0.811813 -0.019084999 -0.094870001
v -0.82232797 -0.018575 -0.097219996
v -0.818178 -0.018400999 -0.106761
v -0.81026 -0.01835 -0.11431
v -0.80479497 -0.019081999 -0.104949
v -0.801907 -0.019319 -0.095796995
v -0.94418198 -0.043995999 -0.033871997
v -0.93918198 -0.053897001 -0.039323997
v -0.93929696 -0.047065999 -0.047441997
v -0.94471699 -0.034316 -0.043032996
v -0.94645196 -0.035227999 -0.032555997
v -0.93950099 -0.039210998 -0.054065999
v -0.82355899 -0.109515 -0.053349998
v -0.82210499 -0.101152 -0.062628999
v -0.83215499 -0.102233 -0.063758999
v -0.84124601 -0.105951 -0.064576998
v -0.83696997 -0.112369 -0.055774
v -0.82954496 -0.116375 -0.050088
v -0.890836 -0.099529997 -0.025001999
v -0.891738 -0.102661 -0.0073249983
v -0.87873 -0.105922 -0.0047379984
v -0.879704 -0.095279001 -0.044958998
v -0.89186198 -0.092571996 -0.043412
v -0.86620998 -0.112287 0.0024160019
v -0.86094797 -0.114726 -0.010279998
v -0.86094797 -0.114726 -0.010279998
v -0.85482097 -0.117044 -0.021969998
v -0.87020898 -0.099242002 -0.050035
v -0.84135497 -0.122768 -0.013557998
v -0.82551199 -0.126793 0.0080360016
v -0.82477897 -0.12686799 -0.0093969982
v -0.83525896 -0.12536401 0.024872001
v -0.93998098 -0.046358 0.046528
v -0.939704 -0.053066999 0.038656
v -0.94420898 -0.043873001 0.033954002
v -0.94491297 -0.034529999 0.042198002
v -0.94030899 -0.038449999 0.052389003
v -0.94641995 -0.035287 0.032789003
v -0.79169899 -0.019401999 0.089182004
v -0.780541 -0.019397 0.087667003
v -0.78168499 -0.019265 0.098130003
v -0.78654498 -0.018956 0.110201
v -0.79821795 -0.019173 0.10392001
v -0.80522799 -0.019231999 0.094837002
v -0.84570795 -0.028440999 0.117082
v -0.74294996 -0.015765 0.134205
v -0.74391496 -0.016842999 0.130622
v -0.73672396 -0.016314 0.1277
v -0.73672396 -0.016314 0.1277
v -0.73358899 -0.010860999 0.127809
v -0.736902 -0.010431999 0.13174701
v -0.736902 -0.010431999 0.13174701
v -0.74273098 -0.010620999 0.135447
v -0.78003299 -0.018639 0.135269
v -0.80057299 -0.023003999 0.135545
v -0.80311197 -0.014935999 0.134331
v -0.76352096 -0.017794 0.127867
v -0.761383 -0.016985999 0.132993
v -0.800363 -0.015596999 0.130527
v -0.79316896 -0.018343 0.120054
v -0.77660501 -0.018251 0.122583
v -0.77055198 -0.025625 0.141451
v -0.76974499 -0.020680999 0.14120699
v -0.75947797 -0.012079 0.139634
v -0.75266397 -0.0065899994 0.139576
v -0.75886196 -0.01736 0.14136
v -0.75826496 -0.016264999 0.136234
v -0.75510198 -0.013889999 0.138559
v -0.76104099 -0.013598 0.139312
v -0.78078699 -0.025975 0.13983001
v -0.760131 -0.034841001 0.14218999
v -0.754816 -0.021151999 0.141773
v -0.78342897 -0.033537999 0.139704
v -0.82072699 -0.128682 0.024798002
v -0.83560497 -0.12512501 -0.026139999
v -0.83560497 -0.12512501 -0.026139999
v -0.80513501 -0.13332599 -0.031764999
v -0.818106 -0.129492 -0.032929998
v -0.83076996 -0.125871 -0.034895997
v -0.841977 -0.121078 -0.039957996
v -0.84729099 -0.118677 -0.033039998
v -0.84729099 -0.118677 -0.033039998
v -0.84729099 -0.118677 -0.033039998
v -0.81590796 -0.129255 -0.039873999
v -0.82630098 -0.124659 -0.041827999
v -0.836169 -0.120861 -0.046212997
v -0.84465498 -0.116052 -0.053845
v -0.85203898 -0.116694 -0.049311999
v -0.85203898 -0.116694 -0.049311999
v -0.82127899 -0.11972 -0.046177
v -0.81172496 -0.12345 -0.042983998
v -0.80704701 -0.114279 -0.048195999
v -0.81640399 -0.111749 -0.050897997
v -0.80322397 -0.102987 -0.061338998
v -0.81300598 -0.10214 -0.061852999
v -0.80146497 -0.091716997 -0.075995997
v -0.81166101 -0.093093 -0.073837996
v -0.82216197 -0.093716003 -0.072613001
v -0.83269995 -0.095425002 -0.073228002
v -0.81189996 -0.084131002 -0.085616998
v -0.80287296 -0.081033997 -0.090055995
v -0.80708599 -0.075139001 -0.10258
v -0.815786 -0.078227997 -0.097036995
v -0.81115597 -0.070757002 -0.111809
v -0.82036 -0.074670002 -0.106259
v -0.81476498 -0.061666001 -0.115684
v -0.824871 -0.06718 -0.111291
v -0.83441198 -0.073013 -0.105568
v -0.84363198 -0.081445001 -0.098600999
v -0.829741 -0.058424 -0.112101
v -0.84032196 -0.065861002 -0.106485
v -0.85061401 -0.077262998 -0.100527
v -0.85617095 -0.08698 -0.08704
v -0.84921497 -0.090011999 -0.087349996
v -0.85849899 -0.096905001 -0.073630996
v -0.85073197 -0.098632999 -0.075292997
v -0.84247696 -0.097758003 -0.074791998
v -0.84968299 -0.10834 -0.064180002
v -0.85720897 -0.107349 -0.06112
v -0.85828 -0.113359 -0.042999998
v -0.87098497 -0.088119 -0.065285996
v -0.86952096 -0.076651998 -0.079967
v -0.87935901 -0.072145998 -0.075778998
v -0.88070798 -0.084119 -0.061476
v -0.89116997 -0.069978997 -0.073451996
v -0.89220798 -0.082088999 -0.059657
v -0.90377498 -0.068984002 -0.072103001
v -0.90446895 -0.080795996 -0.058543999
v -0.90451497 -0.090789996 -0.042808
v -0.91635096 -0.077738002 -0.056242999
v -0.91657996 -0.087086998 -0.041356999
v -0.91657996 -0.087086998 -0.041356999
v -0.91678196 -0.093310997 -0.025059998
v -0.91678196 -0.093310997 -0.025059998
v -0.90442097 -0.097618997 -0.025562998
v -0.91722 -0.096115999 -0.0082059978
v -0.91722 -0.096115999 -0.0082059978
v -0.90512598 -0.100479 -0.0081229983
v -0.91804099 -0.095526002 0.0089990022
v -0.81679499 -0.032153998 0.132834
v -0.79846799 -0.027547 0.136141
v -0.81800598 -0.024139998 0.13270999
v -0.83251595 -0.025906999 0.125599
v -0.83332098 -0.014411999 0.125395
v -0.81977898 -0.015596999 0.13286701
v -0.81977898 -0.015596999 0.13286701
v -0.58621401 -0.031119999 -0.14177901
v -0.57272899 -0.030383999 -0.141278
v -0.558209 -0.028547 -0.139907
v -0.57299298 -0.044445001 -0.14058299
v -0.55962998 -0.045095999 -0.13653
v -0.547212 -0.046094999 -0.133903
v -0.54567999 -0.0273 -0.135296
v -0.53266096 -0.026153998 -0.13382399
v -0.74778897 -0.023228999 0.14217201
v -0.73846596 -0.024618 0.142617
v -0.738805 -0.037779 0.142496
v -0.738805 -0.037779 0.142496
v -0.75002897 -0.036578 0.142341
v -0.76793796 -0.14048199 -0.026537998
v -0.78030497 -0.13731299 -0.026758999
v -0.79262996 -0.134739 -0.029240998
v -0.77907097 -0.13527399 -0.032798998
v -0.79081196 -0.133632 -0.035533998
v -0.80325401 -0.132974 -0.038144
v -0.789482 -0.127979 -0.038367998
v -0.801009 -0.126762 -0.040955998
v -0.787202 -0.118516 -0.043329999
v -0.79743397 -0.116478 -0.045982998
v -0.78248399 -0.103012 -0.062348999
v -0.79282999 -0.103282 -0.061450999
v -0.78177297 -0.086507 -0.083526999
v -0.79153299 -0.089514002 -0.079227
v -0.78513098 -0.073877998 -0.100781
v -0.79393697 -0.077616997 -0.095114999
v -0.78863001 -0.070518002 -0.114576
v -0.798006 -0.072655 -0.108281
v -0.792108 -0.061023001 -0.1209
v -0.80163896 -0.066165999 -0.116621
v -0.79481298 -0.051973 -0.124336
v -0.80490601 -0.056917001 -0.119961
v -0.79689097 -0.045539998 -0.130146
v -0.80819297 -0.048505999 -0.124721
v -0.819148 -0.052363001 -0.118607
v -0.81125998 -0.041340001 -0.131372
v -0.82453698 -0.044530999 -0.124226
v -0.81126696 -0.032816999 -0.134023
v -0.82763499 -0.035367001 -0.127322
v -0.827456 -0.025262 -0.128041
v -0.82732201 -0.014001 -0.12809099
v -0.84421796 -0.014381999 -0.118078
v -0.858495 -0.014920999 -0.109872
v -0.87172896 -0.015 -0.103769
v -0.73609197 -0.015104999 -0.118765
v -0.74384099 -0.017902 -0.117485
v -0.752496 -0.018521 -0.115955
v -0.73492199 -0.014517999 -0.10651
v -0.74117798 -0.017899999 -0.106424
v -0.74924099 -0.018715 -0.105933
v -0.75805199 -0.019018998 -0.104628
v -0.76233196 -0.018776 -0.114074
v -0.74019998 -0.017595999 -0.093132995
v -0.74769896 -0.018695999 -0.092967995
v -0.75596797 -0.019107999 -0.092528
v -0.765571 -0.019282999 -0.091455996
v -0.76898199 -0.019148 -0.102757
v -0.74734998 -0.018666999 -0.079572998
v -0.75494498 -0.019063 -0.079558998
v -0.76391196 -0.019298999 -0.079026997
v -0.77510297 -0.019436 -0.077970996
v -0.77738297 -0.019399999 -0.089681
v -0.754875 -0.019027999 -0.066477001
v -0.76336801 -0.019288 -0.066358998
v -0.77390796 -0.019421998 -0.065852001
v -0.78619897 -0.019483 -0.065049
v -0.78727096 -0.019487999 -0.076630995
v -0.763282 -0.019195 -0.053707998
v -0.77336895 -0.019369999 -0.053551
v -0.78557998 -0.019444 -0.053146999
v -0.79826999 -0.019414 -0.052667998
v -0.798738 -0.019443 -0.064286001
v -0.77315897 -0.019272 -0.041255999
v -0.78524101 -0.019362999 -0.041061997
v -0.79795498 -0.019339999 -0.040756997
v -0.810669 -0.019166999 -0.040468
v -0.81093198 -0.019227 -0.052302998
v -0.78503799 -0.019305998 -0.028890999
v -0.79774296 -0.019297998 -0.028671999
v -0.81048799 -0.019148 -0.028431999
v -0.82312697 -0.018733999 -0.028242998
v -0.82323098 -0.018642999 -0.040261999
v -0.79758596 -0.019273 -0.016488997
v -0.810359 -0.019115999 -0.016267998
v -0.82304496 -0.018575 -0.016089998
v -0.83525699 -0.015596999 -0.015946997
v -0.83525497 -0.015596999 -0.028092999
v -0.81024599 -0.019106999 -0.0039959983
v -0.822981 -0.018665999 -0.0037959982
v -0.835298 -0.015596999 -0.0036669981
v -0.82293296 -0.01859 0.0085740015
v -0.83529496 -0.015596999 0.0087540019
v -0.83524001 -0.015596999 0.021289002
v -0.733643 -0.0053559993 0.12926701
v -0.73297197 -0.0056829993 0.125038
v -0.73748499 -0.0052369991 0.133017
v -0.73748499 -0.0052369991 0.133017
v -0.74262297 -0.0053289994 0.13607401
v -0.74779099 -0.0056629991 0.138208
v -0.75382996 -0.010753999 0.13922401
v -0.74854797 -0.010540999 0.13777201
v -0.74936897 -0.014535999 0.13729501
v -0.75069296 -0.016540999 0.13417201
v -0.75179499 -0.017433999 0.129805
v -0.74447799 -0.017557999 0.126268
v -0.75225997 -0.018076999 0.12431701
v -0.74447298 -0.017959999 0.121489
v -0.73715198 -0.01733 0.120016
v -0.73715198 -0.01733 0.120016
v -0.73695099 -0.016944999 0.123785
v -0.73695099 -0.016944999 0.123785
v -0.73276699 -0.012319 0.119686
v -0.73311597 -0.011527999 0.124054
v -0.73248398 -0.0061119995 0.120042
v -0.732696 -0.012863999 0.114604
v -0.732324 -0.0064679994 0.114393
v -0.732454 -0.0066769994 0.107542
v -0.83523101 -0.015596999 -0.040106997
v -0.83527899 -0.015596999 -0.052001998
v -0.82341599 -0.018749999 -0.052121997
v -0.83528298 -0.015596999 -0.063836001
v -0.82363099 -0.018671999 -0.063768998
v -0.81126201 -0.019249 -0.063847996
v -0.82384801 -0.018681999 -0.075213999
v -0.81160796 -0.019227 -0.074960999
v -0.79938096 -0.019439999 -0.075499997
v -0.81195301 -0.019173998 -0.085416995
v -0.80029398 -0.019393999 -0.086125001
v -0.78909796 -0.019446999 -0.087735996
v -0.79162598 -0.019347999 -0.098068997
v -0.780671 -0.019272 -0.100516
v -0.79535496 -0.019080998 -0.108309
v -0.78479499 -0.018964 -0.11059
v -0.77347296 -0.018849999 -0.112317
v -0.76774597 -0.018321998 -0.121766
v -0.90001297 -0.014539 -0.09894
v -0.88559896 -0.014705999 -0.100086
v -0.90026397 -0.028624998 -0.095988996
v -0.88579297 -0.028895998 -0.097114995
v -0.90111798 -0.042273998 -0.090511002
v -0.88678098 -0.042548001 -0.091821998
v -0.902417 -0.055852998 -0.082635
v -0.88900596 -0.056501999 -0.084068999
v -0.914693 -0.041214 -0.087242998
v -0.91538501 -0.054456998 -0.079521999
v -0.91605896 -0.066771001 -0.069161996
v -0.92635 -0.050967999 -0.073322996
v -0.92635 -0.050967999 -0.073322996
v -0.92663497 -0.062273998 -0.063825995
v -0.92663497 -0.062273998 -0.063825995
v -0.926588 -0.072169997 -0.051925998
v -0.926588 -0.072169997 -0.051925998
v -0.93347698 -0.055059999 -0.055779997
v -0.93346399 -0.063537002 -0.045747999
v -0.93346 -0.070569001 -0.034024999
v -0.92681599 -0.080513 -0.038416997
v -0.92681599 -0.080513 -0.038416997
v -0.93342996 -0.075443 -0.020801999
v -0.92708796 -0.086272001 -0.023450999
v -0.93352395 -0.077569999 -0.0067169983
v -0.92717898 -0.088675998 -0.0076729981
v -0.93386298 -0.076851003 0.0073420019
v -0.92755497 -0.088038996 0.0082790023
v -0.93399799 -0.074048996 0.020887002
v -0.92837 -0.084638998 0.023751002
v -0.91912997 -0.091774002 0.025873002
v -0.928707 -0.078760996 0.038189001
v -0.87004298 -0.015191999 0.104646
v -0.85829699 -0.015132 0.110107
v -0.84608197 -0.014601999 0.11718901
v -0.62495798 -0.032178 -0.142756
v -0.61207497 -0.032292001 -0.142501
v -0.59920996 -0.032012001 -0.142159
v -0.61229998 -0.043279998 -0.14234599
v -0.59942901 -0.043145999 -0.142121
v -0.58635998 -0.042829998 -0.141762
v -0.59953797 -0.048765998 -0.140571
v -0.58638799 -0.048462 -0.140571
v -0.57494301 -0.055494998 -0.12648501
v -0.591066 -0.091003999 -0.083774
v -0.57970297 -0.090152003 -0.084224999
v -0.568434 -0.088845 -0.085240997
v -0.56333697 -0.057944998 -0.122
v -0.55651999 -0.087908998 -0.085840002
v -0.55128998 -0.060856 -0.120148
v -0.54459101 -0.086259998 -0.087462001
v -0.53840196 -0.063137002 -0.12057099
v -0.53404599 -0.046691 -0.133221
v -0.52513599 -0.063700996 -0.120785
v -0.52058297 -0.045492999 -0.13276
v -0.51917601 -0.024704998 -0.133505
v -0.50786 -0.045566 -0.131477
v -0.50558901 -0.024695 -0.130833
v -0.71316099 -0.027817 0.143179
v -0.72648996 -0.026146999 0.143034
v -0.71301699 -0.040466998 0.14259501
v -0.71301699 -0.040466998 0.14259501
v -0.72623795 -0.039177001 0.14257801
v -0.72623795 -0.039177001 0.14257801
v -0.712825 -0.048150998 0.14111601
v -0.726004 -0.047045998 0.14077
v -0.71145695 -0.055983998 0.129932
v -0.72413796 -0.057457998 0.128262
v -0.70763099 -0.081127003 0.094676003
v -0.71902698 -0.086645998 0.087589003
v -0.73004895 -0.088849001 0.084004
v -0.71821499 -0.121716 0.042087004
v -0.72956598 -0.120669 0.042635001
v -0.73022997 -0.133532 0.033278003
v -0.74171197 -0.13288701 0.033610001
v -0.74268997 -0.141976 -0.028322998
v -0.75508296 -0.141432 -0.027596999
v -0.74253696 -0.13934399 -0.033291999
v -0.75480199 -0.138842 -0.033055
v -0.76747197 -0.13803799 -0.032894999
v -0.75391001 -0.131685 -0.034119997
v -0.76577699 -0.13084699 -0.034626
v -0.77770299 -0.129225 -0.035925999
v -0.76397198 -0.11982 -0.041889999
v -0.77581996 -0.119522 -0.042060997
v -0.76184297 -0.099680997 -0.067864999
v -0.77218395 -0.101992 -0.064269997
v -0.76367098 -0.076826997 -0.096804999
v -0.77243996 -0.082566001 -0.089108996
v -0.76817399 -0.066563003 -0.117841
v -0.77630401 -0.070640996 -0.108496
v -0.77163398 -0.056304999 -0.127038
v -0.78007901 -0.064198002 -0.1207
v -0.78258097 -0.054570001 -0.12498499
v -0.78448999 -0.047352999 -0.130514
v -0.797571 -0.039271999 -0.134948
v -0.79646099 -0.032226998 -0.13652501
v -0.760427 -0.057553001 -0.128326
v -0.74802595 -0.063417003 -0.124017
v -0.738563 -0.057517998 -0.12979099
v -0.72760695 -0.051794 -0.13641199
v -0.71535897 -0.050320998 -0.13868299
v -0.65067297 -0.032538 -0.14285199
v -0.63778996 -0.032274999 -0.142855
v -0.65066397 -0.043267 -0.14229
v -0.63791597 -0.043288 -0.14234599
v -0.62515897 -0.043194 -0.142369
v -0.63796496 -0.048551999 -0.140571
v -0.62525499 -0.048661001 -0.140571
v -0.612418 -0.048767 -0.140571
v -0.62574297 -0.099050999 -0.075612001
v -0.61430997 -0.095976003 -0.078997999
v -0.60258597 -0.093433999 -0.081544995
v -0.61411697 -0.12574899 -0.038316999
v -0.60245699 -0.125365 -0.038422998
v -0.59087598 -0.123084 -0.040859997
v -0.602189 -0.13692001 -0.032711998
v -0.59044796 -0.13577799 -0.032615997
v -0.57862896 -0.134766 -0.032612
v -0.57926196 -0.122796 -0.040558998
v -0.56681198 -0.133403 -0.032863997
v -0.56770396 -0.120264 -0.043494999
v -0.55525798 -0.13177501 -0.033686999
v -0.55625498 -0.118329 -0.045544997
v -0.54396397 -0.129721 -0.034647997
v -0.54519296 -0.116034 -0.048065998
v -0.532938 -0.126516 -0.036116999
v -0.53426701 -0.11358 -0.051374998
v -0.53262401 -0.084353998 -0.089786999
v -0.52309597 -0.110626 -0.055539999
v -0.52052999 -0.082948998 -0.091829002
v -0.51308995 -0.063872002 -0.121242
v -0.50791997 -0.081785999 -0.094250001
v -0.50079596 -0.064709999 -0.120173
v -0.49595097 -0.046778001 -0.12771499
v -0.48774898 -0.065219998 -0.119344
v -0.484368 -0.048514999 -0.125543
v -0.48151997 -0.028664999 -0.123536
v -0.49322897 -0.026129 -0.12675999
v -0.686786 -0.041903999 0.14248
v -0.69984096 -0.041210998 0.142575
v -0.68648499 -0.048276 0.14082301
v -0.699606 -0.048232 0.14113601
v -0.68608797 -0.052322 0.13402401
v -0.69886899 -0.054044001 0.13354801
v -0.685211 -0.067664996 0.1103
v -0.69683999 -0.071447998 0.105892
v -0.68404299 -0.11753 0.049711
v -0.69560796 -0.117545 0.049127001
v -0.70666295 -0.11934 0.046051003
v -0.695436 -0.13474 0.032847002
v -0.70698196 -0.134597 0.032889001
v -0.71858495 -0.134213 0.032977004
v -0.70704299 -0.141271 0.032649003
v -0.71862298 -0.140724 0.033193003
v -0.71877301 -0.142722 0.028944002
v -0.73046899 -0.142416 0.029870002
v -0.71895397 -0.142698 0.023451002
v -0.73061597 -0.142261 0.024332002
v -0.71922296 -0.14259499 0.013010002
v -0.73082399 -0.141995 0.013857001
v -0.719392 -0.142571 -0.010286998
v -0.73098397 -0.141973 -0.0090099983
v -0.71924299 -0.142648 -0.022608997
v -0.719109 -0.142684 -0.028774999
v -0.719109 -0.142684 -0.028774999
v -0.73082596 -0.142369 -0.028734999
v -0.73082596 -0.142369 -0.028734999
v -0.71900201 -0.140054 -0.033151999
v -0.73067796 -0.139771 -0.033213999
v -0.71914697 -0.13349099 -0.032750998
v -0.73067498 -0.133205 -0.033175997
v -0.742194 -0.132311 -0.033604
v -0.73048198 -0.117879 -0.045995999
v -0.74148297 -0.11884 -0.043922
v -0.75269699 -0.11938 -0.042764999
v -0.74214196 -0.089268997 -0.082347997
v -0.75170398 -0.095056996 -0.074331
v -0.75588399 -0.068627 -0.108527
v -0.73277301 -0.080169998 -0.094251998
v -0.72013897 -0.115191 -0.050597999
v -0.72420299 -0.067847997 -0.108768
v -0.708543 -0.113339 -0.053847998
v -0.71328998 -0.063432999 -0.114932
v -0.69664598 -0.112372 -0.055639997
v -0.70093501 -0.061751999 -0.11665799
v -0.688335 -0.060729001 -0.117662
v -0.68909198 -0.048305001 -0.14078599
v -0.67591697 -0.058346 -0.120384
v -0.67618597 -0.045573 -0.142149
v -0.66341996 -0.048503 -0.140571
v -0.65065598 -0.048480999 -0.140571
v -0.66116798 -0.109704 -0.061000999
v -0.64901 -0.104495 -0.068949997
v -0.63812399 -0.105675 -0.066799
v -0.63741797 -0.12876199 -0.036296997
v -0.62577599 -0.12759399 -0.037076999
v -0.51977199 -0.130393 -0.036519997
v -0.52156597 -0.122858 -0.040561996
v -0.50809199 -0.12762 -0.040225998
v -0.51025897 -0.118879 -0.044584997
v -0.51158696 -0.107746 -0.059731998
v -0.49893397 -0.116117 -0.048897997
v -0.50012398 -0.104901 -0.064413995
v -0.49465698 -0.082436003 -0.098026
v -0.48766297 -0.101797 -0.070736997
v -0.48084098 -0.083048999 -0.102112
v -0.47478199 -0.065086998 -0.118638
v -0.46669698 -0.081343003 -0.104546
v -0.46228099 -0.065550998 -0.117955
v -0.45998597 -0.053073999 -0.12224
v -0.47228798 -0.050529998 -0.125191
v -0.45894697 -0.034975 -0.117302
v -0.46985197 -0.031594001 -0.12041
v -0.661403 -0.043120001 0.142355
v -0.67390496 -0.042496998 0.14239401
v -0.66127396 -0.048723999 0.139817
v -0.67370397 -0.048574001 0.140728
v -0.661116 -0.050866 0.13223401
v -0.67347997 -0.051450998 0.132981
v -0.66080695 -0.067716002 0.110435
v -0.67301196 -0.067491002 0.110632
v -0.66052496 -0.116635 0.051559001
v -0.67227298 -0.117612 0.050054003
v -0.66049701 -0.13486899 0.0328
v -0.67217296 -0.134921 0.032824002
v -0.68382096 -0.134912 0.032834001
v -0.67216098 -0.14152099 0.032441001
v -0.68380201 -0.14163899 0.032360002
v -0.69543695 -0.141581 0.032408003
v -0.68388897 -0.14345799 0.027787002
v -0.69554198 -0.143226 0.027791001
v -0.707151 -0.143041 0.028175002
v -0.695705 -0.143461 0.022185002
v -0.70732296 -0.14310899 0.022617001
v -0.69595599 -0.143668 0.011641002
v -0.70759499 -0.14316499 0.012101002
v -0.69610697 -0.14363 -0.011069998
v -0.70776701 -0.143139 -0.010871998
v -0.695952 -0.143446 -0.021887999
v -0.70758897 -0.14306399 -0.022286998
v -0.69581896 -0.143204 -0.027729997
v -0.69581896 -0.143204 -0.027729997
v -0.70745099 -0.14297301 -0.028235998
v -0.70745099 -0.14297301 -0.028235998
v -0.69573498 -0.14133699 -0.032497998
v -0.70737499 -0.140982 -0.032805
v -0.69582999 -0.13351201 -0.032593999
v -0.70750397 -0.13360301 -0.032653999
v -0.68407696 -0.14145499 -0.032414999
v -0.68415201 -0.13343699 -0.032564998
v -0.68486899 -0.112068 -0.056665998
v -0.67251098 -0.133149 -0.032548998
v -0.67358899 -0.111152 -0.058481999
v -0.64905596 -0.12998 -0.035249997
v -0.660622 -0.14063899 -0.032949999
v -0.66061395 -0.14356101 -0.028543998
v -0.64890498 -0.14346001 -0.029174998
v -0.64884198 -0.144095 -0.023558998
v -0.63708401 -0.143822 -0.023917999
v -0.63690597 -0.144049 -0.013591998
v -0.62513399 -0.14373399 -0.013830998
v -0.61342996 -0.14329199 -0.014188998
v -0.62491101 -0.143896 0.009591002
v -0.61317599 -0.14342099 0.0093490016
v -0.60147798 -0.142902 0.0091600018
v -0.60172796 -0.142819 -0.014767998
v -0.58978796 -0.142355 0.0088920016
v -0.59000796 -0.14228401 -0.015606998
v -0.57809401 -0.14183299 0.0081200022
v -0.57826501 -0.14161301 -0.016602999
v -0.564363 -0.14147499 0.0049800016
v -0.56628299 -0.14139301 -0.018202998
v -0.55431801 -0.14125501 -0.0082319984
v -0.55442101 -0.14142899 -0.022085998
v -0.54385996 -0.141018 -0.0041319984
v -0.528938 -0.139671 -0.0060779983
v -0.52948695 -0.139828 -0.023004998
v -0.51553196 -0.13610999 -0.0060249981
v -0.516348 -0.13661 -0.023599999
v -0.50143296 -0.134795 -0.0064859982
v -0.50319296 -0.13433 -0.024978999
v -0.49004599 -0.13259199 -0.026423998
v -0.49294499 -0.13218699 -0.037649997
v -0.49644297 -0.12577499 -0.043684997
v -0.48069599 -0.129168 -0.039697997
v -0.48447698 -0.12447 -0.047496997
v -0.48738798 -0.114814 -0.053776998
v -0.47227797 -0.122516 -0.049822997
v -0.47534397 -0.113401 -0.058401998
v -0.47398099 -0.100383 -0.076999001
v -0.46207598 -0.113362 -0.063358001
v -0.46056399 -0.099353999 -0.082750998
v -0.45368499 -0.079379998 -0.10561
v -0.44653797 -0.096760996 -0.087379001
v -0.44058001 -0.077790998 -0.1069
v -0.43743801 -0.066019997 -0.11673
v -0.45001599 -0.066258997 -0.117309
v -0.43638998 -0.055510998 -0.117284
v -0.44825098 -0.055048998 -0.119686
v -0.43598199 -0.036452997 -0.114338
v -0.44740397 -0.036752999 -0.115593
v -0.63651597 -0.032899998 0.142896
v -0.64900899 -0.032426 0.142883
v -0.63662601 -0.043997001 0.142433
v -0.64902496 -0.043603998 0.14236601
v -0.64902496 -0.043603998 0.14236601
v -0.63663596 -0.048845999 0.139149
v -0.64897299 -0.048756 0.13941601
v -0.63658297 -0.050683998 0.13138801
v -0.64885998 -0.050611001 0.13184001
v -0.63674396 -0.06848 0.10937
v -0.64868498 -0.068016998 0.110036
v -0.63699496 -0.116842 0.051195003
v -0.64873201 -0.116713 0.051515002
v -0.63704598 -0.135088 0.032749001
v -0.64879 -0.134966 0.032774001
v -0.63706899 -0.14169 0.032321002
v -0.64879096 -0.141579 0.032380003
v -0.66048896 -0.141498 0.032445002
v -0.64875901 -0.143631 0.027764002
v -0.660505 -0.143664 0.027986001
v -0.67221797 -0.143528 0.027915001
v -0.66051298 -0.144198 0.022431001
v -0.67230201 -0.144021 0.022135003
v -0.68401301 -0.14378101 0.022383003
v -0.67242199 -0.14436699 0.011054002
v -0.68421298 -0.144054 0.011342002
v -0.67249197 -0.144255 -0.011676998
v -0.68432295 -0.143959 -0.011591998
v -0.67243201 -0.144106 -0.022172999
v -0.67243201 -0.144106 -0.022172999
v -0.68423098 -0.14381801 -0.021860998
v -0.68423098 -0.14381801 -0.021860998
v -0.67236996 -0.14357001 -0.027930997
v -0.68412995 -0.143512 -0.027617998
v -0.68412995 -0.143512 -0.027617998
v -0.672342 -0.14118899 -0.032583997
v -0.66062397 -0.144171 -0.022828998
v -0.66062397 -0.144171 -0.022828998
v -0.66061896 -0.14432 -0.012555998
v -0.64875799 -0.144278 -0.012923998
v -0.660546 -0.144483 0.010781002
v -0.64867097 -0.144456 0.010556002
v -0.63675398 -0.14423999 0.010010002
v -0.64870596 -0.14414001 0.021948002
v -0.63687897 -0.14393499 0.021845002
v -0.62507898 -0.14361399 0.021636002
v -0.63699698 -0.143599 0.027588002
v -0.62523401 -0.143345 0.027521001
v -0.61354196 -0.143142 0.027674003
v -0.61337996 -0.143264 0.021657001
v -0.601807 -0.142857 0.027981002
v -0.60166299 -0.142875 0.021876002
v -0.59002298 -0.14256699 0.028225001
v -0.58990699 -0.142423 0.022034002
v -0.578161 -0.14219999 0.028684001
v -0.57808799 -0.14192499 0.022121001
v -0.56616801 -0.141901 0.028931001
v -0.56599796 -0.14154699 0.021901002
v -0.55410099 -0.14161199 0.029062001
v -0.55420798 -0.14140201 0.022086002
v -0.55418301 -0.14124399 0.0088380016
v -0.54202896 -0.14099599 0.018771002
v -0.52913201 -0.13978601 0.018103002
v -0.54183501 -0.141047 0.028779002
v -0.52939898 -0.13964 0.029082002
v -0.5169 -0.136979 0.031223001
v -0.51588696 -0.13656899 0.018230002
v -0.50434101 -0.134279 0.031661
v -0.50222296 -0.13439 0.017995002
v -0.491249 -0.13294999 0.033066001
v -0.48823899 -0.132866 0.017507002
v -0.48746297 -0.133496 -0.007050998
v -0.47494197 -0.12921199 0.016125001
v -0.47423097 -0.12905499 -0.0071609984
v -0.47737399 -0.129559 -0.027490998
v -0.46152398 -0.125411 -0.0075579984
v -0.46447599 -0.126537 -0.027617998
v -0.46793398 -0.126846 -0.040860999
v -0.45067599 -0.122725 -0.027530998
v -0.45450097 -0.124208 -0.041960999
v -0.45450097 -0.124208 -0.041960999
v -0.45992097 -0.119736 -0.051636998
v -0.44176197 -0.120055 -0.043649998
v -0.44176197 -0.120055 -0.043649998
v -0.44638503 -0.116624 -0.055670999
v -0.44834498 -0.111329 -0.069371998
v -0.43221599 -0.115159 -0.060135998
v -0.43417197 -0.108067 -0.074869998
v -0.43207395 -0.092709996 -0.091761999
v -0.41956401 -0.105217 -0.078917995
v -0.41747099 -0.089599997 -0.094912998
v -0.41346002 -0.075002 -0.108925
v -0.42709899 -0.076061003 -0.10822999
v -0.41151398 -0.065085001 -0.115453
v -0.42466897 -0.065766998 -0.116132
v -0.41187894 -0.053317998 -0.114934
v -0.42418396 -0.055078998 -0.116001
v -0.41349298 -0.032416001 -0.113518
v -0.42468798 -0.035342 -0.113783
v -0.59881496 -0.032364 0.142373
v -0.61153299 -0.033204 0.142662
v -0.62406898 -0.033163998 0.142845
v -0.61173695 -0.044624001 0.142463
v -0.61173695 -0.044624001 0.142463
v -0.62422401 -0.044342 0.142478
v -0.62422401 -0.044342 0.142478
v -0.61191696 -0.049321998 0.13841
v -0.62430096 -0.049056001 0.138882
v -0.61228198 -0.052154999 0.128445
v -0.62446499 -0.051116001 0.130639
v -0.613527 -0.076674998 0.100146
v -0.625453 -0.07062 0.106897
v -0.61379999 -0.119762 0.046694003
v -0.62536198 -0.117769 0.049717002
v -0.613671 -0.135204 0.032698002
v -0.613671 -0.135204 0.032698002
v -0.625341 -0.13518301 0.032711003
v -0.625341 -0.13518301 0.032711003
v -0.61364299 -0.141517 0.032470003
v -0.61364299 -0.141517 0.032470003
v -0.625337 -0.141674 0.032339003
v -0.625337 -0.141674 0.032339003
v -0.60197097 -0.13498899 0.032670002
v -0.60197097 -0.13498899 0.032670002
v -0.60191101 -0.141243 0.032654002
v -0.60191101 -0.141243 0.032654002
v -0.59023696 -0.134703 0.032668002
v -0.59023696 -0.134703 0.032668002
v -0.590137 -0.14094301 0.032871
v -0.590137 -0.14094301 0.032871
v -0.578376 -0.134082 0.032719001
v -0.578376 -0.134082 0.032719001
v -0.57826501 -0.13988 0.033138003
v -0.57826501 -0.13988 0.033138003
v -0.566495 -0.13339201 0.033033002
v -0.566495 -0.13339201 0.033033002
v -0.56629598 -0.13937999 0.033144001
v -0.56629598 -0.13937999 0.033144001
v -0.55482298 -0.132568 0.033631001
v -0.55482298 -0.132568 0.033631001
v -0.55429298 -0.13874701 0.033180002
v -0.55429298 -0.13874701 0.033180002
v -0.54326999 -0.13093899 0.034639001
v -0.54227698 -0.137605 0.033288002
v -0.53217101 -0.128158 0.035895001
v -0.53069198 -0.135089 0.033683002
v -0.52045399 -0.124862 0.038557
v -0.518924 -0.132241 0.035652
v -0.50874299 -0.121773 0.043251
v -0.50695896 -0.12983499 0.039304003
v -0.49718398 -0.12015 0.046646003
v -0.49470097 -0.12876301 0.042318001
v -0.48518598 -0.119328 0.049757
v -0.48212397 -0.127088 0.043763001
v -0.47812799 -0.12980799 0.033017002
v -0.468615 -0.12621599 0.043745004
v -0.464894 -0.12686101 0.031876002
v -0.46197897 -0.12563001 0.014652002
v -0.45121098 -0.123238 0.031021003
v -0.44825697 -0.121428 0.013090001
v -0.447561 -0.121069 -0.0077489982
v -0.43576199 -0.116568 0.012483002
v -0.43528998 -0.116448 -0.0081039984
v -0.43799597 -0.117837 -0.027822997
v -0.42316699 -0.114244 -0.0086219981
v -0.42523003 -0.114776 -0.028550997
v -0.42807299 -0.117407 -0.045527998
v -0.41269302 -0.112969 -0.029393999
v -0.41486502 -0.115055 -0.047780998
v -0.41486502 -0.115055 -0.047780998
v -0.41799599 -0.113724 -0.063951001
v -0.40179098 -0.11278 -0.049389999
v -0.40179098 -0.11278 -0.049389999
v -0.40336698 -0.111965 -0.066744998
v -0.40490097 -0.102618 -0.081562996
v -0.38919997 -0.109697 -0.067933999
v -0.390113 -0.100733 -0.082873002
v -0.38902497 -0.087852001 -0.095713995
v -0.403373 -0.088183001 -0.096106
v -0.38642395 -0.074886002 -0.10551099
v -0.39995998 -0.075227 -0.108013
v -0.38596594 -0.061338998 -0.111147
v -0.39823598 -0.064141996 -0.113688
v -0.38859296 -0.045970999 -0.112739
v -0.39989197 -0.050140001 -0.11379
v -0.39116502 -0.02537 -0.113175
v -0.40228295 -0.028878 -0.113321
v -0.58529401 -0.030282998 0.14197201
v -0.57141799 -0.042158 0.14099801
v -0.58558398 -0.043625001 0.141885
v -0.59906399 -0.044512998 0.14229201
v -0.58633399 -0.050542999 0.136733
v -0.59944296 -0.049838997 0.13769901
v -0.58770096 -0.055904999 0.123401
v -0.60014701 -0.053521 0.12593
v -0.59079599 -0.084734999 0.090763003
v -0.60209501 -0.081377998 0.094764002
v -0.59062898 -0.121907 0.04256
v -0.60218799 -0.121382 0.043884002
v -0.57951397 -0.08749 0.087312005
v -0.57893997 -0.121549 0.042458002
v -0.56808496 -0.089561 0.084406003
v -0.56733596 -0.120299 0.043618001
v -0.55657798 -0.091218002 0.081835002
v -0.55592799 -0.119667 0.043897003
v -0.54516399 -0.091898002 0.080484003
v -0.544577 -0.118193 0.045331001
v -0.53383499 -0.092183001 0.079843
v -0.533764 -0.116314 0.047554001
v -0.52266598 -0.091570996 0.080736004
v -0.52253598 -0.113878 0.051164001
v -0.51105195 -0.090981998 0.081974998
v -0.51112801 -0.111363 0.055263001
v -0.49865699 -0.090898998 0.083163999
v -0.49939397 -0.109761 0.058013003
v -0.48581299 -0.091610998 0.084982
v -0.48721498 -0.109027 0.060902003
v -0.47258699 -0.092887998 0.087465003
v -0.47430798 -0.109057 0.064745001
v -0.47210097 -0.119236 0.051795002
v -0.46183398 -0.109555 0.069106005
v -0.45916697 -0.117802 0.053144
v -0.45485699 -0.12351 0.043835003
v -0.44565296 -0.116055 0.057285003
v -0.44192302 -0.119789 0.045058001
v -0.43854398 -0.118424 0.030954001
v -0.42873096 -0.117431 0.047438003
v -0.42544299 -0.115032 0.031665001
v -0.42344701 -0.114256 0.012159002
v -0.41323298 -0.113067 0.032132003
v -0.41175699 -0.112851 0.012061002
v -0.41152799 -0.112845 -0.008915998
v -0.400352 -0.111651 -0.0089679984
v -0.40081596 -0.111517 -0.029812999
v -0.389238 -0.11027 -0.029638998
v -0.38923299 -0.11079 -0.049613997
v -0.38923299 -0.11079 -0.049613997
v -0.37715197 -0.109008 -0.048648
v -0.37597394 -0.106849 -0.067033
v -0.36513799 -0.107785 -0.046997998
v -0.36359096 -0.104768 -0.064693995
v -0.36216402 -0.096401997 -0.079461999
v -0.37562799 -0.098646 -0.082134999
v -0.36155295 -0.084031001 -0.090018995
v -0.37482899 -0.086487003 -0.093474001
v -0.36150897 -0.069871001 -0.098311
v -0.37376702 -0.072700001 -0.10187
v -0.36264199 -0.054791 -0.10516199
v -0.37440002 -0.057707999 -0.107867
v -0.36489296 -0.038700998 -0.110298
v -0.37674999 -0.041843001 -0.111748
v -0.36740798 -0.020312998 -0.112905
v -0.37953699 -0.022438999 -0.113043
v -0.53307998 -0.041680001 0.134137
v -0.545937 -0.041892998 0.134694
v -0.548666 -0.05486 0.130064
v -0.56066096 -0.052471001 0.132384
v -0.572653 -0.051098 0.135483
v -0.56409597 -0.061469998 0.116887
v -0.57584596 -0.058174998 0.120366
v -0.55238795 -0.064764 0.113678
v -0.53556699 -0.056169998 0.12864201
v -0.54031098 -0.067066997 0.111522
v -0.52272296 -0.056286 0.12695201
v -0.528615 -0.069631003 0.110287
v -0.51116496 -0.057308 0.12531
v -0.51708496 -0.072150998 0.10973001
v -0.49919099 -0.059285 0.123519
v -0.50492495 -0.074920997 0.110207
v -0.48661697 -0.060327001 0.122341
v -0.49108797 -0.076549999 0.111099
v -0.47431898 -0.061156999 0.121473
v -0.47783297 -0.075893 0.110724
v -0.46229699 -0.063290998 0.119785
v -0.46557498 -0.075697996 0.109265
v -0.450353 -0.065761998 0.118053
v -0.45338199 -0.076014996 0.108689
v -0.45957899 -0.093479998 0.090431005
v -0.44047898 -0.075369 0.109149
v -0.44564897 -0.091496997 0.093092002
v -0.44774199 -0.108109 0.073979005
v -0.43143499 -0.089038 0.095706001
v -0.43392599 -0.105366 0.078460999
v -0.43236899 -0.114724 0.061920002
v -0.41984296 -0.102981 0.081346005
v -0.41841799 -0.113071 0.065908
v -0.41556197 -0.115248 0.050009001
v -0.40404397 -0.111482 0.068397
v -0.40240395 -0.11314 0.051437002
v -0.38959497 -0.11114 0.051746003
v -0.35287595 -0.107155 -0.045198999
v -0.34050399 -0.106905 -0.043826997
v -0.33887899 -0.101777 -0.059903
v -0.35127497 -0.103043 -0.061930999
v -0.33742297 -0.092759997 -0.073771998
v -0.34965396 -0.094462998 -0.076243997
v -0.33707201 -0.079936996 -0.084256001
v -0.34916902 -0.081799001 -0.086837001
v -0.33762097 -0.065371998 -0.092661999
v -0.349666 -0.067379996 -0.095148996
v -0.33874202 -0.050308999 -0.100626
v -0.35083997 -0.052244999 -0.102557
v -0.34038496 -0.034711998 -0.107931
v -0.35275602 -0.036346 -0.108945
v -0.34230697 -0.017889999 -0.112469
v -0.35496795 -0.018848998 -0.112742
v -0.495042 -0.042932998 0.12834901
v -0.506621 -0.04098 0.132496
v -0.51997095 -0.040463999 0.133674
v -0.48378998 -0.045254998 0.12582301
v -0.47200498 -0.047809999 0.125339
v -0.45980898 -0.051279999 0.122883
v -0.44832298 -0.054146998 0.119965
v -0.43684399 -0.054947998 0.117264
v -0.43799299 -0.066019997 0.116959
v -0.42512202 -0.065095998 0.116694
v -0.42716998 -0.074410997 0.109793
v -0.41183299 -0.06391 0.116305
v -0.41375601 -0.074019998 0.109884
v -0.41765094 -0.087595001 0.097073004
v -0.40028 -0.074587002 0.108555
v -0.40404499 -0.087448001 0.097070001
v -0.40559399 -0.101357 0.083021998
v -0.38968396 -0.087651998 0.096140005
v -0.39081299 -0.1 0.083845004
v -0.389799 -0.10936 0.069591001
v -0.37621897 -0.098075002 0.083057001
v -0.37645298 -0.106558 0.068804003
v -0.37748694 -0.109159 0.050774001
v -0.36388695 -0.104393 0.066397004
v -0.36553502 -0.107737 0.049062002
v -0.35319996 -0.107019 0.047152001
v -0.31540298 -0.106866 -0.042271998
v -0.32795894 -0.106813 -0.042908996
v -0.31388795 -0.100703 -0.057701997
v -0.326406 -0.101057 -0.058561999
v -0.312886 -0.090843998 -0.070990995
v -0.32524002 -0.091476001 -0.071988001
v -0.31272197 -0.077887997 -0.081652999
v -0.32498002 -0.078641996 -0.082576998
v -0.31327099 -0.063211001 -0.090381995
v -0.32549298 -0.06402 -0.091113999
v -0.31419802 -0.048051998 -0.098627001
v -0.32647502 -0.048928 -0.099312
v -0.315382 -0.032827999 -0.106724
v -0.32790494 -0.033555001 -0.107088
v -0.31680799 -0.016856 -0.112368
v -0.32959402 -0.017267 -0.112457
v -0.39866602 -0.062442999 0.11452
v -0.38929498 -0.044014998 0.113084
v -0.38670695 -0.059896 0.111756
v -0.38699299 -0.074450001 0.10605101
v -0.375139 -0.056637 0.108374
v -0.37432897 -0.072165996 0.102593
v -0.37544 -0.086072996 0.094042003
v -0.36215401 -0.069215 0.099053003
v -0.36215496 -0.083375998 0.090732999
v -0.36254394 -0.095722996 0.080467999
v -0.34972697 -0.081028998 0.087701999
v -0.34998202 -0.093801998 0.077472001
v -0.35149997 -0.102572 0.063540004
v -0.33789098 -0.091918997 0.074878
v -0.339185 -0.101225 0.061372001
v -0.34076202 -0.10671 0.045615003
v -0.32678998 -0.100414 0.059922002
v -0.32823598 -0.10655 0.044550002
v -0.31567895 -0.106495 0.043908
v -0.29179502 -0.107745 -0.024618998
v -0.29016495 -0.106648 -0.041447997
v -0.30278498 -0.106694 -0.041819997
v -0.28870499 -0.100058 -0.056569997
v -0.30131197 -0.100402 -0.057131998
v -0.28803396 -0.090126 -0.070076995
v -0.30044901 -0.090493999 -0.070496999
v -0.28817898 -0.076987997 -0.080896996
v -0.30044401 -0.077413999 -0.081193998
v -0.28884602 -0.062247001 -0.089915
v -0.30104399 -0.062687002 -0.090084001
v -0.28956997 -0.047144998 -0.098290995
v -0.30189097 -0.047497999 -0.098347999
v -0.290241 -0.032051999 -0.10645
v -0.30284595 -0.032370999 -0.106562
v -0.29112196 -0.016431 -0.112394
v -0.30396903 -0.016633999 -0.112298
v -0.37748498 -0.040472999 0.112179
v -0.36335397 -0.053867001 0.105761
v -0.35336697 -0.035478 0.109435
v -0.35146499 -0.051387001 0.103234
v -0.35029399 -0.066573001 0.095878005
v -0.33935297 -0.049428999 0.10125601
v -0.33825499 -0.064469002 0.093391001
v -0.33766699 -0.079007 0.085091002
v -0.32608497 -0.063052997 0.091846004
v -0.32557702 -0.077611998 0.083382003
v -0.32573998 -0.090581998 0.073059998
v -0.31333995 -0.076781996 0.082455002
v -0.31341398 -0.089886002 0.072101004
v -0.31430799 -0.099982999 0.059063002
v -0.30102694 -0.089511998 0.071594998
v -0.30175996 -0.099676996 0.058502004
v -0.30311698 -0.106297 0.043425001
v -0.28918397 -0.099313997 0.057958003
v -0.29054099 -0.106202 0.042984001
v -0.27800298 -0.106104 0.042227
v -0.26693398 -0.107722 0.025054002
v -0.26668698 -0.107782 -0.023422997
v -0.27937794 -0.107879 -0.024075998
v -0.26501596 -0.105944 -0.039777998
v -0.27759898 -0.106479 -0.04067
v -0.26391101 -0.098417997 -0.054878999
v -0.27613795 -0.099556997 -0.055865999
v -0.263569 -0.088174 -0.068449996
v -0.27571201 -0.089497 -0.069485001
v -0.26397997 -0.075519003 -0.07987
v -0.27605897 -0.07643 -0.080573
v -0.26455897 -0.061375 -0.089212
v -0.27670002 -0.061859 -0.089724995
v -0.26492399 -0.046693001 -0.097607002
v -0.27724195 -0.046898998 -0.098090999
v -0.26508796 -0.031842001 -0.10543299
v -0.27770799 -0.031923998 -0.106205
v -0.26510298 -0.016283 -0.111059
v -0.27808094 -0.016361 -0.112209
v -0.355335 -0.018279999 0.11304
v -0.34265494 -0.017424999 0.112755
v -0.32988 -0.016929999 0.112742
v -0.32988 -0.016929999 0.112742
v -0.328412 -0.032889999 0.107512
v -0.327075 -0.048071001 0.099926002
v -0.31576997 -0.032155 0.107148
v -0.31469095 -0.047174998 0.099250004
v -0.31383699 -0.062185001 0.091086
v -0.30231702 -0.046595 0.098940998
v -0.30159998 -0.061650001 0.090769
v -0.30105799 -0.076301999 0.082010001
v -0.28935599 -0.061244998 0.090604998
v -0.28879595 -0.075898997 0.081691004
v -0.28859794 -0.089139998 0.071157001
v -0.27663398 -0.075442001 0.081335001
v -0.27627802 -0.088522002 0.070524
v -0.276649 -0.098808996 0.057194002
v -0.26408899 -0.087429002 0.069540001
v -0.264377 -0.097824 0.056220002
v -0.26545298 -0.105469 0.041274
v -0.25240999 -0.095563002 0.054676
v -0.25311399 -0.103323 0.040145002
v -0.24120897 -0.099782996 0.038682003
v -0.24193299 -0.103092 0.023554001
v -0.25268602 -0.103813 -0.038659997
v -0.25196898 -0.096110001 -0.053473998
v -0.25167197 -0.086149 -0.066952996
v -0.25195497 -0.073950998 -0.078318998
v -0.25246298 -0.060339 -0.087591998
v -0.25278199 -0.046085998 -0.095826998
v -0.25268102 -0.031441998 -0.103161
v -0.25236899 -0.016032999 -0.108323
v -0.31706202 -0.016550999 0.112701
v -0.30408698 -0.016230999 0.112494
v -0.30313498 -0.031684 0.106975
v -0.29107296 -0.016014999 0.112648
v -0.29041195 -0.031392999 0.106865
v -0.28992897 -0.046282999 0.098892003
v -0.27777797 -0.031360999 0.106622
v -0.27752399 -0.046149001 0.098616004
v -0.27714598 -0.060980998 0.090395004
v -0.26516795 -0.046051998 0.098016001
v -0.26493394 -0.060617998 0.089765005
v -0.26447296 -0.074712001 0.080617003
v -0.25276899 -0.059760999 0.088102005
v -0.252388 -0.073251002 0.078917004
v -0.25210702 -0.085454002 0.067899004
v -0.24051696 -0.070982002 0.076182
v -0.24047297 -0.082538001 0.065407999
v -0.240798 -0.092376001 0.052742001
v -0.228957 -0.079376996 0.062674999
v -0.22929502 -0.088909 0.050795
v -0.22953796 -0.095965996 0.037375003
v -0.21766096 -0.085377 0.048807003
v -0.21776599 -0.091914997 0.036224
v -0.21849 -0.094254002 0.021960001
v -0.23036301 -0.098413996 0.022686001
v -0.21916097 -0.094554998 0.0076940018
v -0.21847796 -0.094269 -0.020891998
v -0.21777201 -0.092178002 -0.035039999
v -0.229348 -0.096221 -0.036254998
v -0.27790999 -0.016044 0.11250401
v -0.26508701 -0.031376 0.10578001
v -0.25261199 -0.031082999 0.10348
v -0.25292999 -0.045564 0.096193001
v -0.24054396 -0.030325999 0.099650003
v -0.24095595 -0.044388998 0.092741005
v -0.24076295 -0.058072999 0.085034005
v -0.22922796 -0.042895999 0.088654004
v -0.22908199 -0.055845 0.081128001
v -0.22885096 -0.068164997 0.072742999
v -0.21736699 -0.053399999 0.076917998
v -0.21717399 -0.065261997 0.069001004
v -0.21729296 -0.076101996 0.059640002
v -0.20537597 -0.062489998 0.065162003
v -0.20546198 -0.073119 0.056475002
v -0.20580298 -0.082374997 0.046617001
v -0.193479 -0.070716999 0.053688001
v -0.19382596 -0.079881996 0.044610001
v -0.19422698 -0.086240001 0.033639003
v -0.20618498 -0.088855997 0.034886003
v -0.194722 -0.087943003 0.020783002
v -0.20681196 -0.090613998 0.021292001
v -0.19508398 -0.088113002 0.007176002
v -0.20727599 -0.090847 0.007414002
v -0.19508398 -0.088114001 -0.0064569982
v -0.20727801 -0.090797998 -0.0064979983
v -0.19468999 -0.087960996 -0.019976998
v -0.20673597 -0.090627998 -0.020373998
v -0.19413596 -0.086443998 -0.032975998
v -0.206043 -0.088940002 -0.033950999
v -0.19371599 -0.080142997 -0.044096999
v -0.205603 -0.082690999 -0.045937996
v -0.19338197 -0.070954002 -0.053314999
v -0.19336897 -0.060337998 -0.061332997
v -0.19339597 -0.049451999 -0.069070995
v -0.239914 -0.015490999 0.104278
v -0.22823596 -0.015017999 0.099566005
v -0.22881401 -0.029433999 0.095375001
v -0.21653998 -0.014525999 0.094880998
v -0.21704102 -0.028340999 0.090838
v -0.21739799 -0.041132998 0.084296003
v -0.20507997 -0.027439998 0.086814001
v -0.20539796 -0.039496001 0.080194004
v -0.20546997 -0.05116 0.072900005
v -0.19333196 -0.038073998 0.076460004
v -0.19342101 -0.049261998 0.069278002
v -0.193416 -0.060123 0.061683003
v -0.181054 -0.047835 0.066366002
v -0.18111497 -0.058343001 0.058932003
v -0.18128896 -0.068823002 0.051445004
v -0.16835201 -0.057319999 0.057224002
v -0.16869098 -0.067656003 0.050064001
v -0.16923898 -0.076862998 0.042497002
v -0.18165696 -0.078140996 0.043299001
v -0.16980499 -0.082810998 0.03232
v -0.182046 -0.084141001 0.032793
v -0.17029899 -0.084071003 0.020036003
v -0.182495 -0.085634001 0.020344002
v -0.17065096 -0.083797999 0.0068190019
v -0.18287396 -0.085643999 0.0069770017
v -0.17064798 -0.083760999 -0.0066019981
v -0.18285 -0.085606001 -0.0065119984
v -0.17027998 -0.084023997 -0.019776998
v -0.17027998 -0.084023997 -0.019776998
v -0.18249202 -0.085567996 -0.019815998
v -0.18249202 -0.085567996 -0.019815998
v -0.16975296 -0.082929999 -0.032004997
v -0.18200296 -0.084238999 -0.032307997
v -0.16921097 -0.077130996 -0.042147998
v -0.18160295 -0.078374997 -0.042838998
v -0.168733 -0.067891002 -0.049741998
v -0.18123096 -0.069080003 -0.051172998
v -0.16843295 -0.057498001 -0.057038996
v -0.181113 -0.058532 -0.058698997
v -0.16839796 -0.047212001 -0.064415999
v -0.18108702 -0.048 -0.066252999
v -0.168634 -0.036729001 -0.071722999
v -0.18112797 -0.037255 -0.073642999
v -0.16890395 -0.025892999 -0.078805
v -0.18113798 -0.026102999 -0.080554001
v -0.16925895 -0.013392 -0.082780994
v -0.20476198 -0.014086 0.090800002
v -0.19286096 -0.013711999 0.087319002
v -0.193048 -0.026606999 0.083276004
v -0.18084997 -0.013427999 0.084451005
v -0.18092096 -0.026016999 0.080452003
v -0.18100196 -0.037186999 0.073736005
v -0.16865599 -0.025914999 0.078828
v -0.16846299 -0.036683001 0.071831003
v -0.16829097 -0.047123 0.064571999
v -0.15572298 -0.036676999 0.071038
v -0.15529597 -0.046948999 0.063749
v -0.15530097 -0.057011999 0.056494001
v -0.142097 -0.047364999 0.063972004
v -0.14207101 -0.057358 0.056598
v -0.14283895 -0.067560002 0.049532
v -0.15584797 -0.067214996 0.049434002
v -0.14415801 -0.077072002 0.042208001
v -0.15667796 -0.076553002 0.042140003
v -0.14541495 -0.083568998 0.032202002
v -0.15754199 -0.082540996 0.032038003
v -0.14593798 -0.085261002 0.019927002
v -0.15808702 -0.084045 0.019862002
v -0.14610398 -0.085215002 0.006715002
v -0.15835798 -0.083852999 0.006717002
v -0.146092 -0.085244998 -0.0067629982
v -0.15834999 -0.083840996 -0.0066959984
v -0.14587295 -0.085188001 -0.019840999
v -0.14587295 -0.085188001 -0.019840999
v -0.15804398 -0.084022 -0.019763999
v -0.15804398 -0.084022 -0.019763999
v -0.14532101 -0.083472997 -0.031934999
v -0.15745795 -0.082641996 -0.031829
v -0.144162 -0.077119999 -0.041965999
v -0.15666598 -0.076611996 -0.041775998
v -0.14299196 -0.067763999 -0.049282998
v -0.155967 -0.067473002 -0.049137998
v -0.14233196 -0.057494998 -0.056410998
v -0.15546697 -0.057177998 -0.056286998
v -0.14233696 -0.047481 -0.063795999
v -0.15546697 -0.047036998 -0.063611999
v -0.143116 -0.037246 -0.071166001
v -0.15593797 -0.036745999 -0.070900001
v -0.14429396 -0.026644999 -0.078499995
v -0.156591 -0.026107 -0.078143001
v -0.14537698 -0.013905999 -0.082991995
v -0.15719897 -0.013547 -0.082269996
v -0.16881096 -0.013416 0.082818002
v -0.15675402 -0.013586999 0.082318
v -0.156308 -0.026129 0.078225002
v -0.14491701 -0.013973 0.083087005
v -0.14398396 -0.02664 0.078625001
v -0.14286602 -0.037138999 0.071340002
v -0.13168699 -0.027284 0.079948001
v -0.12995601 -0.037836 0.072503
v -0.12884498 -0.047995999 0.064847998
v -0.116907 -0.038578 0.074297003
v -0.11543399 -0.048753001 0.06617
v -0.11541897 -0.059172001 0.058368001
v -0.128838 -0.058109999 0.057243001
v -0.11669099 -0.069971003 0.050944
v -0.12985098 -0.068561003 0.050121002
v -0.119017 -0.080269001 0.043421
v -0.131612 -0.078405999 0.042662002
v -0.12134999 -0.087911002 0.033620004
v -0.133389 -0.085801996 0.032835003
v -0.12194097 -0.089691997 0.020788001
v -0.13385797 -0.087282002 0.020277001
v -0.12204498 -0.089757003 0.007019002
v -0.13399196 -0.087381996 0.0068380018
v -0.12205696 -0.089705996 -0.007131998
v -0.13399696 -0.087371998 -0.0068969983
v -0.12203699 -0.089719996 -0.020769998
v -0.13388801 -0.087284997 -0.020178998
v -0.13388801 -0.087284997 -0.020178998
v -0.121391 -0.087393001 -0.033338998
v -0.13345098 -0.085607 -0.032529999
v -0.11913699 -0.080117002 -0.043275997
v -0.131688 -0.078277998 -0.042498
v -0.11679 -0.069990002 -0.050838999
v -0.129996 -0.068664998 -0.049957998
v -0.11561698 -0.059342001 -0.058143999
v -0.12905896 -0.058249999 -0.057023
v -0.11575699 -0.049008001 -0.065880001
v -0.12911099 -0.048211001 -0.064581998
v -0.11740798 -0.038711 -0.073964998
v -0.13029999 -0.037985999 -0.072255999
v -0.11994296 -0.027989 -0.081937999
v -0.13211298 -0.027355999 -0.079794995
v -0.12258601 -0.014884999 -0.087582
v -0.13384998 -0.014419999 -0.084804997
v -0.13328695 -0.014456999 0.084843002
v -0.12203699 -0.014927999 0.087717004
v -0.11937201 -0.027908999 0.082228005
v -0.110856 -0.015206999 0.091400005
v -0.10714698 -0.028354999 0.08512
v -0.103903 -0.039175 0.076571003
v -0.095001996 -0.028491 0.088597
v -0.091059983 -0.039489001 0.079254001
v -0.088750005 -0.050352 0.069956005
v -0.10198295 -0.049647998 0.068034999
v -0.088653982 -0.061558999 0.060979001
v -0.10193396 -0.060422 0.059726004
v -0.090436995 -0.073706001 0.052696001
v -0.10371298 -0.071682997 0.051783003
v -0.093981981 -0.085573003 0.044667002
v -0.10646999 -0.082745001 0.044094
v -0.097835004 -0.094926998 0.035061002
v -0.10944098 -0.090841003 0.03435
v -0.098997951 -0.097189002 0.021676002
v -0.11042798 -0.093144998 0.021285001
v -0.099090993 -0.097249001 0.0073710019
v -0.11051399 -0.093200997 0.0071970019
v -0.099128962 -0.097204 -0.0077679986
v -0.11053997 -0.093185 -0.0074499981
v -0.099206984 -0.097111002 -0.022209998
v -0.11057401 -0.093172997 -0.021456998
v -0.097899973 -0.094424002 -0.035092
v -0.10966301 -0.090623997 -0.034426998
v -0.094287992 -0.085599996 -0.044492997
v -0.10675299 -0.082557999 -0.043941997
v -0.090747952 -0.073848002 -0.052465998
v -0.10379499 -0.071738996 -0.051641997
v -0.088865995 -0.061588001 -0.060959999
v -0.10201699 -0.060486 -0.059609
v -0.089062989 -0.050345998 -0.069814995
v -0.10235 -0.049766999 -0.067773998
v -0.091618001 -0.039512999 -0.079002
v -0.10447598 -0.039278001 -0.076244995
v -0.095789969 -0.028489999 -0.088183001
v -0.10788697 -0.028500998 -0.084749997
v -0.10059899 -0.015504999 -0.094595
v -0.11146897 -0.015170999 -0.090696998
v -0.09978199 -0.015571999 0.095324002
v -0.088458002 -0.015443999 0.099638
v -0.082750976 -0.028267 0.092172004
v -0.077210963 -0.015604 0.104729
v -0.070678949 -0.027946999 0.095531002
v -0.065753996 -0.039558001 0.084517002
v -0.07822299 -0.039504997 0.082008004
v -0.063291967 -0.051314 0.074009001
v -0.075905979 -0.050830998 0.071904004
v -0.063111961 -0.063757002 0.064125001
v -0.075703979 -0.062816001 0.062514007
v -0.065262973 -0.077210002 0.054691002
v -0.077690959 -0.075673997 0.053577002
v -0.069718957 -0.091246001 0.045932002
v -0.081753969 -0.088482998 0.045312002
v -0.074449956 -0.102846 0.036775
v -0.086142957 -0.098627999 0.035827003
v -0.076170981 -0.10619 0.023037001
v -0.087629974 -0.101657 0.022265002
v -0.07633698 -0.106129 0.007480002
v -0.087738991 -0.101637 0.007358002
v -0.087776959 -0.101608 -0.0083399983
v -0.07624197 -0.105817 -0.024152998
v -0.087741971 -0.101505 -0.023106998
v -0.074611962 -0.102084 -0.037091997
v -0.086400986 -0.098366 -0.036231
v -0.07040596 -0.091412999 -0.045523997
v -0.082354963 -0.088591002 -0.045025997
v -0.07840395 -0.075968996 -0.053245999
v -0.063731968 -0.063796997 -0.063828997
v -0.076105952 -0.062820002 -0.062289998
v -0.063802958 -0.051218998 -0.073906995
v -0.076214969 -0.050779 -0.071829997
v -0.066510975 -0.039311998 -0.084548995
v -0.078871965 -0.039382 -0.081896998
v -0.071772993 -0.0275 -0.095593996
v -0.083790004 -0.028088 -0.092033997
v -0.078366995 -0.015180999 -0.104862
v -0.089745998 -0.015563999 -0.099629998
v -0.065302014 -0.01553 0.108781
v -0.034663975 -0.014922999 0.110885
v -0.043866992 -0.015742 0.111584
v -0.039186954 -0.028236 0.10062
v -0.048590004 -0.028256999 0.099632002
v -0.059135973 -0.02798 0.098000005
v -0.04401195 -0.040266998 0.088227004
v -0.054120004 -0.039889 0.086596005
v -0.041402996 -0.05229 0.077473
v -0.051465988 -0.051810998 0.075885005
v -0.040811002 -0.064990997 0.067321002
v -0.051150978 -0.064452998 0.065723002
v -0.042442977 -0.078896999 0.05748
v -0.053380966 -0.078266002 0.056024
v -0.046561003 -0.093774997 0.048086002
v -0.057985008 -0.093024999 0.046841003
v -0.051244974 -0.10738 0.039192002
v -0.062481999 -0.105843 0.037526
v -0.053063989 -0.112813 0.024894001
v -0.064491987 -0.110202 0.023956003
v -0.053563952 -0.112839 0.0079090018
v -0.064836979 -0.110279 0.0077740019
v -0.053141952 -0.112586 -0.026295999
v -0.064660966 -0.110018 -0.025400998
v -0.051644981 -0.10702 -0.039431997
v -0.063076973 -0.105536 -0.037969999
v -0.047820985 -0.094016999 -0.047688
v -0.058932006 -0.093367003 -0.046371996
v -0.043704987 -0.079082996 -0.057065997
v -0.054396987 -0.078598 -0.055581998
v -0.041925967 -0.064999998 -0.067056999
v -0.051988959 -0.064503998 -0.065436997
v -0.042089999 -0.052115001 -0.077387996
v -0.052111983 -0.051684998 -0.075798996
v -0.044577003 -0.039900001 -0.08839
v -0.054802001 -0.039542999 -0.086715996
v -0.049203992 -0.027812999 -0.099845
v -0.060063004 -0.027551999 -0.098196
v -0.054381013 -0.015428999 -0.111011
v -0.066109002 -0.015012999 -0.108724
v 0.013119042 -0.0055079991 -0.040298
v 0.014054 -0.0050669992 -0.036956999
v 0.015204012 -0.0044979993 -0.033839997
v 0.014095008 -0.010034 -0.035924997
v 0.015504003 -0.0088839997 -0.032984
v 0.015879035 -0.013462 -0.031552996
v -0.014797986 -0.010625999 0.095529005
v -0.020002961 -0.011886 0.102661
v -0.020002961 -0.011886 0.102661
v -0.026731968 -0.013537999 0.107831
v -0.017813981 -0.024823999 0.095245004
v -0.017813981 -0.024823999 0.095245004
v -0.023786008 -0.026706999 0.099123001
v -0.030708969 -0.027844999 0.100723
v -0.021748006 -0.039421 0.088831
v -0.028303981 -0.040445 0.089968003
v -0.035405993 -0.040488001 0.089472003
v -0.026941001 -0.052660998 0.079308003
v -0.033372998 -0.052614 0.078693002
v -0.026597977 -0.065504998 0.069461003
v -0.032810986 -0.065464996 0.068670005
v -0.027280986 -0.078745 0.058889002
v -0.033778965 -0.079186 0.058560003
v -0.029451013 -0.093508996 0.049138002
v -0.03717798 -0.093966998 0.048926003
v -0.032009006 -0.106421 0.038910002
v -0.041094959 -0.107667 0.039736003
v -0.033427954 -0.111844 0.024082001
v -0.04253298 -0.113125 0.024806002
v -0.043289959 -0.113203 0.0078140013
v -0.033478975 -0.111843 -0.025101999
v -0.042638958 -0.113117 -0.026057998
v -0.032306969 -0.106372 -0.039353997
v -0.041381001 -0.107194 -0.040047999
v -0.029927969 -0.093599997 -0.049240999
v -0.03797698 -0.094064996 -0.048847999
v -0.027747989 -0.078975998 -0.058950998
v -0.03461796 -0.079348996 -0.058371998
v -0.027029991 -0.065493003 -0.069201
v -0.033438981 -0.065418996 -0.068383001
v -0.027292967 -0.052621998 -0.079535
v -0.033869982 -0.052437998 -0.078708999
v -0.028447986 -0.039942998 -0.089997001
v -0.035780966 -0.040068001 -0.089608997
v -0.031360984 -0.027261 -0.100498
v -0.039597988 -0.027834 -0.100651
v -0.034271002 -0.014715999 -0.110595
v -0.04371798 -0.015427999 -0.111536
v 0.012250006 -0.0069649993 -0.052219998
v 0.012446046 -0.0064449995 -0.047715999
v 0.012705028 -0.0059839995 -0.043910999
v 0.012466013 -0.013107999 -0.046611998
v 0.012736022 -0.012182999 -0.042802997
v 0.013213992 -0.011169 -0.039226998
v 0.012799025 -0.018370999 -0.040875997
v 0.013309002 -0.016585 -0.037386999
v 0.014209032 -0.014938 -0.034274999
v 0.013288021 -0.022197999 -0.034472998
v 0.014153004 -0.020098999 -0.031505998
v 0.016005039 -0.018128999 -0.029208997
v 0.014247 -0.025028 -0.027867999
v 0.015977025 -0.022710999 -0.025742998
v 0.015854001 -0.026845999 -0.021378998
v -0.00041395426 -0.008555999 0.073357001
v -0.0072720051 -0.008373999 0.074843004
v -0.0072720051 -0.008373999 0.074843004
v -0.012120008 -0.0092579992 0.086238004
v -0.0072720051 -0.017295999 0.073310003
v -0.0072720051 -0.017295999 0.073310003
v -0.011597991 -0.019370999 0.082362004
v -0.01395601 -0.022431999 0.08997
v -0.01106596 -0.031049 0.076381005
v -0.013086975 -0.034428999 0.081632003
v -0.016466975 -0.037423998 0.085908003
v -0.016466975 -0.037423998 0.085908003
v -0.013089001 -0.046875998 0.072764002
v -0.016160965 -0.049800999 0.076326005
v -0.016160965 -0.049800999 0.076326005
v -0.02107197 -0.051752001 0.078621998
v -0.01602 -0.062652998 0.067139
v -0.01602 -0.062652998 0.067139
v -0.020846963 -0.064626001 0.06899
v -0.016461968 -0.075163998 0.056824002
v -0.016461968 -0.075163998 0.056824002
v -0.021422982 -0.077572003 0.058568001
v -0.017044961 -0.088423997 0.046727002
v -0.017044961 -0.088423997 0.046727002
v -0.022484958 -0.091763996 0.048513003
v -0.017986 -0.099419996 0.035027001
v -0.017986 -0.099419996 0.035027001
v -0.023939967 -0.103763 0.036984
v -0.018975973 -0.1041 0.021324001
v -0.018975973 -0.1041 0.021324001
v -0.025331974 -0.10918 0.022734001
v -0.025331974 -0.10918 0.022734001
v -0.019185007 -0.104432 0.006622002
v -0.025904 -0.109578 0.007046002
v -0.025904 -0.109578 0.007046002
v -0.019077003 -0.104422 -0.0079689985
v -0.025860965 -0.109589 -0.0086119985
v -0.018819988 -0.103872 -0.022378998
v -0.018819988 -0.103872 -0.022378998
v -0.02522999 -0.109024 -0.023897998
v -0.02522999 -0.109024 -0.023897998
v -0.017863989 -0.099014997 -0.035464
v -0.017863989 -0.099014997 -0.035464
v -0.024257004 -0.103928 -0.037655
v -0.017175972 -0.088243999 -0.046759997
v -0.017175972 -0.088243999 -0.046759997
v -0.022641957 -0.091779001 -0.048528999
v -0.016348004 -0.075104997 -0.056667998
v -0.016348004 -0.075104997 -0.056667998
v -0.015869975 -0.062577002 -0.066945001
v -0.015869975 -0.062577002 -0.066945001
v -0.020874977 -0.064770997 -0.069008999
v -0.016198993 -0.04978 -0.076437995
v -0.016198993 -0.04978 -0.076437995
v -0.021189988 -0.051858 -0.078935996
v -0.016348958 -0.037294999 -0.085995995
v -0.016348958 -0.037294999 -0.085995995
v -0.021997988 -0.039115001 -0.088899001
v -0.018007994 -0.024774998 -0.095192
v -0.018007994 -0.024774998 -0.095192
v -0.023790956 -0.026231 -0.098771997
v -0.019419968 -0.012002 -0.101891
v -0.019419968 -0.012002 -0.101891
v -0.026021957 -0.013408999 -0.106955
v 0.006099999 -0.0084069995 -0.070198998
v 0.006099999 -0.0084069995 -0.070198998
v 0.010122001 -0.0079329992 -0.064817995
v 0.011771023 -0.0074579995 -0.058140997
v 0.010411024 -0.016654 -0.063561
v 0.01176399 -0.015342999 -0.057108998
v 0.012238026 -0.014110999 -0.051183999
v 0.011982024 -0.023876 -0.054628998
v 0.012300014 -0.021619 -0.048883997
v 0.012495041 -0.019947 -0.044535998
v 0.012299001 -0.029513 -0.045348
v 0.01255101 -0.026911 -0.041208997
v 0.012820005 -0.024437999 -0.037616
v 0.012605011 -0.033567 -0.036513999
v 0.012854993 -0.030545998 -0.033381999
v 0.013305008 -0.027813999 -0.030449998
v 0.012880027 -0.036142997 -0.027981998
v 0.013330996 -0.032740999 -0.025568997
v 0.014214039 -0.029612999 -0.023269998
v 0.013308048 -0.036840998 -0.019965999
v 0.014218032 -0.033408001 -0.018178998
v 0.016093016 -0.030514 -0.016688999
v 0.014138997 -0.035995997 -0.012991998
v 0.01592803 -0.032798998 -0.011843998
v 0.011799991 -0.0077049993 0.059328001
v 0.0098290443 -0.0081829997 0.065600999
v 0.005753994 -0.008586999 0.070696004
v 0.005753994 -0.008586999 0.070696004
v 0.0096490383 -0.016656999 0.063811004
v 0.0056980252 -0.017444 0.068745002
v 0.0056980252 -0.017444 0.068745002
v -0.00034695864 -0.017659999 0.071882002
v 0.0058670044 -0.027408 0.065737002
v 0.0058670044 -0.027408 0.065737002
v -0.00024098158 -0.028191999 0.068422005
v -0.0072720051 -0.028190998 0.069513001
v -0.0072720051 -0.028190998 0.069513001
v -6.4969063e-05 -0.040025998 0.063132003
v -0.0072720051 -0.040486 0.063896
v -0.0072720051 -0.040486 0.063896
v -0.010823011 -0.043717999 0.068817005
v -0.0072720051 -0.052162997 0.055795003
v -0.0072720051 -0.052162997 0.055795003
v -0.010849953 -0.056059998 0.059925001
v -0.013026953 -0.059356 0.063508004
v -0.011029959 -0.067699 0.049989
v -0.013296962 -0.071681 0.053666003
v -0.011443973 -0.078414999 0.039627001
v -0.013587952 -0.083915003 0.043697003
v -0.011563003 -0.085458003 0.029044002
v -0.013655007 -0.093856998 0.032381002
v -0.011496007 -0.088684998 0.018436002
v -0.014271975 -0.09764 0.020045001
v -0.011391997 -0.089855 0.0063240016
v -0.014077961 -0.097902998 0.006471002
v -0.011480987 -0.089891002 -0.0066339984
v -0.014202952 -0.098113 -0.007406998
v -0.011530995 -0.088704996 -0.018500999
v -0.014194012 -0.097425997 -0.020772997
v -0.011548996 -0.085249998 -0.028745998
v -0.013404012 -0.093127996 -0.032387998
v -0.011153996 -0.077633001 -0.038897999
v -0.013538003 -0.083346002 -0.043242
v -0.010620952 -0.067285001 -0.049617998
v -0.013016999 -0.071304001 -0.053115997
v -0.010437965 -0.055618998 -0.059559997
v -0.01275599 -0.059074998 -0.063218996
v -0.010674 -0.043230001 -0.068370998
v -0.012961984 -0.046565998 -0.072572999
v -0.010917962 -0.030886998 -0.075957999
v -0.013130963 -0.034182999 -0.081344999
v -0.011559963 -0.019204 -0.082065001
v -0.014092982 -0.021927999 -0.089281
v -0.011911988 -0.0090599991 -0.085104994
v -0.014683962 -0.010553999 -0.094820999
v -0.0072729588 -0.0085239997 -0.074668996
v -0.0072729588 -0.0085239997 -0.074668996
v -0.00023299456 -0.0085429996 -0.073279001
v -0.0072729588 -0.017623 -0.073061995
v -0.0072729588 -0.017623 -0.073061995
v -0.00018596649 -0.01784 -0.071750998
v 0.006180048 -0.017542999 -0.068719998
v 0.006180048 -0.017542999 -0.068719998
v -9.3996525e-05 -0.028278999 -0.068232
v 0.0062500238 -0.027687 -0.065597996
v 0.0062500238 -0.027687 -0.065597996
v 0.010304034 -0.026118999 -0.06064
v 0.0062550306 -0.038605001 -0.060358997
v 0.0062550306 -0.038605001 -0.060358997
v 0.010546029 -0.036047 -0.056001998
v 0.011842012 -0.03266 -0.050510999
v 0.010091007 -0.045290999 -0.049151998
v 0.011970997 -0.041083001 -0.044543996
v 0.012405038 -0.037021 -0.040071998
v 0.011967003 -0.048411999 -0.037178997
v 0.01246202 -0.043683998 -0.033370998
v 0.01266402 -0.039676998 -0.030352999
v 0.012486994 -0.048985999 -0.026046999
v 0.012695014 -0.044477001 -0.023635998
v 0.012930036 -0.040468 -0.021715999
v 0.012679994 -0.047837999 -0.016877998
v 0.012984037 -0.043651 -0.015391998
v 0.013402998 -0.039611999 -0.014191998
v 0.012944996 -0.045490999 -0.0091579985
v 0.013468027 -0.041457999 -0.0083449986
v 0.014326036 -0.037620001 -0.007627998
v 0.013388038 -0.042247999 -0.0027489981
v 0.014156044 -0.038217999 -0.0024809982
v 0.015424013 -0.034630999 -0.0022959982
v 0.015424013 -0.034630999 -0.0022959982
v 0.015842021 -0.034190997 -0.0070229983
v 0.015842021 -0.034190997 -0.0070229983
v 0.018216014 -0.032685 -0.0021199982
v 0.018700004 -0.032283001 -0.006585998
v 0.021975994 -0.032876998 -0.0021119982
v 0.02651 -0.033048 -0.0021389981
v 0.032173038 -0.032910001 -0.0021599983
v 0.039480031 -0.032779999 -0.0022499983
v 0.048191011 -0.032676999 -0.0023229981
v 0.05886507 -0.032561 -0.0024249982
v 0.07080996 -0.032478001 -0.0025349981
v 0.012528002 -0.0058999993 0.043639001
v 0.012360036 -0.0064249993 0.047825001
v 0.012244046 -0.0069789994 0.052912001
v 0.012387037 -0.013059 0.046771001
v 0.012203991 -0.014142999 0.051797003
v 0.011557043 -0.015383999 0.057818003
v 0.012212038 -0.021722998 0.049430002
v 0.011741042 -0.02372 0.055067003
v 0.010240018 -0.025897 0.061077002
v 0.012006998 -0.03269 0.050943002
v 0.010461032 -0.035850998 0.056397002
v 0.0061240196 -0.038401 0.060658
v 0.0061240196 -0.038401 0.060658
v 0.010531008 -0.045733999 0.049827002
v 0.0062569976 -0.049135998 0.053437002
v 0.0062569976 -0.049135998 0.053437002
v -2.8967857e-05 -0.050830998 0.054919001
v 0.0064250231 -0.058389001 0.044731002
v -9.5367432e-07 -0.060768001 0.045827001
v -0.0072720051 -0.062367 0.046091001
v -0.0072720051 -0.062367 0.046091001
v -8.2969666e-05 -0.068814002 0.036150001
v -0.0072720051 -0.070550002 0.035860002
v -0.0072720051 -0.070550002 0.035860002
v -5.197525e-05 -0.074139997 0.026051002
v -0.0072720051 -0.075814001 0.025915002
v -0.0072720051 -0.075814001 0.025915002
v -7.2956085e-05 -0.077611998 0.015960002
v -0.0072720051 -0.079471 0.016249001
v -0.0072720051 -0.079471 0.016249001
v -0.00010997057 -0.079654001 0.0054060016
v -0.0072720051 -0.081377998 0.0054840017
v -0.0072720051 -0.081377998 0.0054840017
v -0.00046795607 -0.079830997 -0.0055039981
v -0.00046795607 -0.079830997 -0.0055039981
v -0.0072720051 -0.081332996 -0.0056319982
v -0.0072720051 -0.081332996 -0.0056319982
v -0.0072720051 -0.081332996 -0.0056319982
v -0.0006429553 -0.077688999 -0.016216999
v -0.0072729588 -0.079499997 -0.015872998
v -0.0072729588 -0.079499997 -0.015872998
v 0.00012600422 -0.073974997 -0.025812998
v -0.0072729588 -0.075819999 -0.025676997
v -0.0072729588 -0.075819999 -0.025676997
v 5.2034855e-05 -0.068719998 -0.036103997
v -0.0072729588 -0.070574999 -0.035650998
v -0.0072729588 -0.070574999 -0.035650998
v -9.2983246e-05 -0.060511999 -0.045736
v -0.0072729588 -0.062332999 -0.046008997
v -0.0072729588 -0.062332999 -0.046008997
v -0.00023597479 -0.050829001 -0.054850999
v -0.0072729588 -0.052063998 -0.055753998
v -0.0072729588 -0.052063998 -0.055753998
v -8.7976456e-05 -0.040036999 -0.062943995
v -0.0072729588 -0.040417001 -0.063841999
v -0.0072729588 -0.040417001 -0.063841999
v -0.0072729588 -0.028117999 -0.069412999
v -0.0072729588 -0.028117999 -0.069412999
v 0.0062410235 -0.048994001 -0.053023998
v 0.0062410235 -0.048994001 -0.053023998
v 0.0061269999 -0.0579 -0.044517998
v 0.0061269999 -0.0579 -0.044517998
v 0.010091007 -0.053482 -0.041232999
v 0.0064580441 -0.065512002 -0.035181999
v 0.0064580441 -0.065512002 -0.035181999
v 0.010450006 -0.060419001 -0.032707997
v 0.012039006 -0.054405998 -0.029263997
v 0.010385036 -0.065475002 -0.023394998
v 0.011933029 -0.058869999 -0.020954998
v 0.012436032 -0.052673001 -0.018603997
v 0.011870027 -0.061730999 -0.012606998
v 0.012401044 -0.054997999 -0.011044999
v 0.01267004 -0.050051998 -0.010061998
v 0.012404025 -0.056313999 -0.0035919982
v 0.012660027 -0.051089998 -0.0032339981
v 0.012948036 -0.046377998 -0.0029629981
v 0.012652993 -0.051093001 0.0035710018
v 0.012930036 -0.046400998 0.0032820017
v 0.013343036 -0.042220999 0.0030270019
v 0.012893021 -0.045577001 0.0094970018
v 0.013383031 -0.041361 0.0085850023
v 0.014302015 -0.037503999 0.0077440017
v 0.014106989 -0.038139001 0.0027410018
v 0.015565991 -0.033960998 0.0071290019
v 0.015565991 -0.033960998 0.0071290019
v 0.015428007 -0.034456 0.0024900017
v 0.015428007 -0.034456 0.0024900017
v 0.018727005 -0.032187 0.0066890018
v 0.018342018 -0.032681998 0.0021680018
v 0.022360027 -0.031719998 0.0063400017
v 0.022074044 -0.033101998 0.0021060018
v 0.026607037 -0.031574998 0.0061720018
v 0.026512027 -0.033190999 0.0019770018
v 0.032115042 -0.031456001 0.006200002
v 0.032193005 -0.033043999 0.0019740018
v 0.039503038 -0.031274997 0.0063380017
v 0.039489031 -0.032912001 0.0020410018
v 0.048281014 -0.031120999 0.0064850016
v 0.048237026 -0.032825999 0.0020910017
v 0.058915973 -0.030996999 0.0066320016
v 0.058888078 -0.032745 0.0021100019
v 0.070849061 -0.030878 0.0067600016
v 0.07081902 -0.032706 0.0021030018
v 0.083247066 -0.030773999 0.0067970017
v 0.083230972 -0.032637998 0.0020850019
v 0.083224058 -0.032398 -0.0025639981
v 0.095682979 -0.032584999 0.0019970019
v 0.095677972 -0.032313 -0.0025589983
v 0.015563011 -0.0041939993 0.034228001
v 0.015563011 -0.0041939993 0.034228001
v 0.013904989 -0.0047719991 0.036907002
v 0.012984037 -0.0052599991 0.04005
v 0.014092028 -0.0096959993 0.0359
v 0.013092041 -0.010880999 0.039041001
v 0.012621999 -0.011950999 0.042594001
v 0.013246 -0.016336 0.037248001
v 0.012709022 -0.018204 0.040638003
v 0.012440026 -0.019911999 0.044557001
v 0.012757003 -0.024386 0.037523001
v 0.012524009 -0.026883999 0.041113
v 0.01236099 -0.029517999 0.045437001
v 0.012578011 -0.033803001 0.036271002
v 0.012486994 -0.03723 0.040091
v 0.01214999 -0.041490998 0.045072
v 0.012499034 -0.04417 0.033638
v 0.012109041 -0.049247999 0.037795004
v 0.010411024 -0.054198999 0.041708
v 0.012015045 -0.055360001 0.029695002
v 0.010341048 -0.061154 0.032865003
v 0.0062600374 -0.065802999 0.035243001
v 0.010349035 -0.066046 0.023609001
v 0.0063090324 -0.071167998 0.025398001
v 0.0063090324 -0.071167998 0.025398001
v 0.010587037 -0.068950996 0.014351002
v 0.0062170029 -0.074319996 0.015366002
v 0.0062170029 -0.074319996 0.015366002
v 0.010142028 -0.070309997 0.0047970018
v 0.0060150027 -0.076030001 0.0052130017
v 0.0060150027 -0.076030001 0.0052130017
v 0.010038018 -0.070147 -0.0045379982
v 0.0059680343 -0.076012 -0.0050129984
v 0.0059680343 -0.076012 -0.0050129984
v 0.0059680343 -0.076012 -0.0050129984
v 0.010260999 -0.068573996 -0.013994998
v 0.0059810281 -0.074034996 -0.014862998
v 0.0059810281 -0.074034996 -0.014862998
v 0.0066480041 -0.070956998 -0.025227997
v 0.0066480041 -0.070956998 -0.025227997
v 0.011849999 -0.063222997 -0.0041429983
v 0.011911035 -0.063469999 0.0042790016
v 0.012409031 -0.056493998 0.0038870019
v 0.01195699 -0.062194999 0.012929002
v 0.012410998 -0.055464998 0.011442002
v 0.012643993 -0.050242998 0.010422002
v 0.012416005 -0.053204 0.019088002
v 0.012639999 -0.048214998 0.017259002
v 0.012910008 -0.043773998 0.015604001
v 0.012643993 -0.044861998 0.023985002
v 0.012825012 -0.040587001 0.021831002
v 0.013220012 -0.036672998 0.019990003
v 0.013253033 -0.039512001 0.014272002
v 0.014093995 -0.033195 0.018198002
v 0.014075041 -0.03579 0.013031002
v 0.016028047 -0.030382 0.016641002
v 0.016028047 -0.030382 0.016641002
v 0.015920043 -0.032623999 0.011858001
v 0.015920043 -0.032623999 0.011858001
v 0.018957019 -0.028548999 0.015689002
v 0.018903017 -0.030828999 0.011060002
v 0.022578001 -0.027989998 0.015474002
v 0.022458017 -0.030148 0.010732002
v 0.026802003 -0.02771 0.015440002
v 0.026771009 -0.029897999 0.010665001
v 0.031696022 -0.027464999 0.015540002
v 0.031971037 -0.029693998 0.010737002
v 0.039430022 -0.027210999 0.015958002
v 0.039478004 -0.029468 0.010999002
v 0.048350036 -0.026859999 0.016467001
v 0.048322022 -0.029298998 0.011301002
v 0.059072971 -0.026504999 0.016898002
v 0.058971047 -0.029136 0.011569002
v 0.070997 -0.026125999 0.017149001
v 0.070912004 -0.028849 0.011771002
v 0.083327055 -0.026000999 0.017208003
v 0.083283067 -0.028771 0.011838002
v 0.095735073 -0.026015999 0.016909001
v 0.095713973 -0.028721999 0.011608002
v 0.095695019 -0.030739 0.0066430019
v 0.10812998 -0.028796999 0.011181002
v 0.10812306 -0.030766999 0.006374002
v 0.108127 -0.032584 0.0018620018
v 0.12056303 -0.030823 0.0060210018
v 0.12057602 -0.032559 0.0016670018
v 0.13301706 -0.032593999 0.0014270018
v 0.02532202 -0.0033599993 0.033465002
v 0.021472991 -0.0034179993 0.033077002
v 0.018135011 -0.0037029993 0.032968003
v 0.021709025 -0.0071449992 0.031863
v 0.018435001 -0.0076779993 0.031874001
v 0.015716016 -0.0086199995 0.033219002
v 0.015716016 -0.0086199995 0.033219002
v 0.018772006 -0.012062999 0.030275002
v 0.016080022 -0.013254999 0.031717002
v 0.016080022 -0.013254999 0.031717002
v 0.014093995 -0.014672999 0.034093
v 0.015965044 -0.017890999 0.029064002
v 0.015965044 -0.017890999 0.029064002
v 0.014164031 -0.019909998 0.031347003
v 0.01317203 -0.022055998 0.034245003
v 0.014281988 -0.024892999 0.027756002
v 0.013167024 -0.027712999 0.030245002
v 0.012736022 -0.030632999 0.033062004
v 0.01315701 -0.032692 0.025337001
v 0.012782037 -0.036196001 0.027773002
v 0.012630999 -0.039839998 0.030341001
v 0.012461007 -0.049543999 0.026593002
v 0.012017012 -0.059537999 0.021311002
v 0.014066994 -0.029507998 0.023107002
v 0.01601702 -0.022648999 0.025652003
v 0.01601702 -0.022648999 0.025652003
v 0.01591903 -0.026790999 0.021302002
v 0.01591903 -0.026790999 0.021302002
v 0.019066989 -0.021253999 0.024743002
v 0.018968999 -0.025302999 0.020458002
v 0.022491038 -0.020586999 0.024786001
v 0.022599995 -0.024736999 0.020372001
v 0.026457012 -0.019918999 0.024869002
v 0.026651025 -0.024349999 0.020513002
v 0.031518042 -0.019247999 0.025205001
v 0.031543016 -0.023933999 0.020841002
v 0.039197028 -0.018468998 0.025792003
v 0.039324999 -0.023427999 0.021405002
v 0.048278034 -0.017779998 0.026198002
v 0.048340023 -0.022876998 0.021905001
v 0.059177995 -0.017269999 0.026504003
v 0.05915904 -0.022380998 0.022275003
v 0.071073055 -0.016958 0.026504003
v 0.071060061 -0.022110999 0.022455001
v 0.083364964 -0.016979 0.026376002
v 0.083359003 -0.022055 0.022424001
v 0.095762014 -0.017100999 0.026142001
v 0.095759988 -0.022154 0.022117002
v 0.10818505 -0.017491 0.025850002
v 0.10816598 -0.022437999 0.021551002
v 0.108145 -0.026238998 0.016356003
v 0.120561 -0.02296 0.020911003
v 0.12055302 -0.0266 0.015692001
v 0.12055397 -0.028956 0.010664002
v 0.13300002 -0.027092999 0.014982002
v 0.13299906 -0.029130999 0.010069001
v 0.13301003 -0.030902 0.005584002
v 0.14546502 -0.029366 0.0093910014
v 0.14546204 -0.031030999 0.0050740018
v 0.14546597 -0.032683998 0.0011350018
v 0.15794206 -0.031169999 0.0045900019
v 0.15795302 -0.032761998 0.00083800178
v 0.17044699 -0.032802999 0.00059300178
v 0.048083007 -0.0029969993 0.033339001
v 0.038816035 -0.0030689994 0.033424001
v 0.031190991 -0.0032169994 0.033517003
v 0.038847029 -0.0061709993 0.032212
v 0.031235993 -0.0064819991 0.032233004
v 0.025451005 -0.0068049994 0.032123003
v 0.031297028 -0.010176999 0.030555002
v 0.025808036 -0.010774999 0.030323002
v 0.022006989 -0.011341999 0.030168002
v 0.026214004 -0.015237999 0.028102001
v 0.022292018 -0.015969999 0.027980002
v 0.018971026 -0.016705999 0.028039001
v 0.031377017 -0.014482999 0.028377002
v 0.038987994 -0.0096179992 0.030721001
v 0.039085031 -0.013725 0.028793002
v 0.04815203 -0.009287999 0.030745002
v 0.048214018 -0.013166999 0.028981002
v 0.059116006 -0.0090699997 0.030726003
v 0.059141994 -0.012755999 0.029050002
v 0.071076989 -0.0088999989 0.030681001
v 0.071076035 -0.012548999 0.029002002
v 0.083358049 -0.0088449996 0.030626003
v 0.083363056 -0.012488999 0.029030003
v 0.095748067 -0.012459999 0.028948002
v 0.12065601 -0.0094519993 0.030022001
v 0.12063897 -0.013184999 0.028380001
v 0.12059605 -0.018095 0.025159001
v 0.13308299 -0.014008999 0.027811002
v 0.13304806 -0.018919999 0.024493001
v 0.13301003 -0.023728998 0.020176001
v 0.14550698 -0.019793998 0.023855003
v 0.14548504 -0.024203999 0.019263001
v 0.14547598 -0.027377998 0.014201002
v 0.157951 -0.024702 0.018441001
v 0.15793908 -0.027625998 0.013465002
v 0.15793407 -0.029542999 0.0087480014
v 0.17040503 -0.027850999 0.012884002
v 0.17041695 -0.029655 0.0082710022
v 0.17043197 -0.031263001 0.004242002
v 0.18288898 -0.029733999 0.0078980019
v 0.18290508 -0.031301998 0.0039410018
v 0.18291497 -0.032823998 0.00038000182
v 0.19536197 -0.031340998 0.0035580017
v 0.19537008 -0.032804001 -0.0001489982
v 0.20783103 -0.032633997 -0.0002789982
v 0.083360076 -0.0028369993 0.033210002
v 0.071078062 -0.0028599992 0.033254001
v 0.059110999 -0.0029119994 0.03328
v 0.071076035 -0.0057929992 0.032014001
v 0.059115052 -0.0058789994 0.032060001
v 0.048097014 -0.0059799994 0.032131001
v 0.083356977 -0.0057739993 0.031950001
v 0.095734 -0.0058269994 0.031854004
v 0.13310301 -0.0065839994 0.031152003
v 0.13309705 -0.010023999 0.029642003
v 0.14553607 -0.0067889993 0.030918002
v 0.14552999 -0.010466999 0.029387001
v 0.14552903 -0.014866999 0.027425002
v 0.157974 -0.010999 0.029027002
v 0.15797198 -0.01553 0.026750002
v 0.15796602 -0.020459 0.023069002
v 0.17041206 -0.016233999 0.026269002
v 0.17040408 -0.0211 0.022432001
v 0.17039704 -0.025123999 0.017757002
v 0.18285704 -0.021655999 0.021840002
v 0.182863 -0.025497999 0.017168002
v 0.18287408 -0.028019 0.012401002
v 0.19533205 -0.025849 0.016535003
v 0.19533908 -0.028124999 0.011856002
v 0.19535196 -0.029806999 0.007482002
v 0.20780301 -0.028347999 0.011128002
v 0.20781195 -0.029878 0.0069650016
v 0.20782101 -0.031346999 0.0032310018
v 0.22029197 -0.029962 0.0064300019
v 0.22029507 -0.031363998 0.0028970018
v 0.22030103 -0.03246 -0.00042999818
v 0.23275506 -0.031454999 0.0025460019
v 0.23275006 -0.032297999 -0.0006649982
v 0.24512804 -0.032118 -0.00078399817
v 0.15797806 -0.0034679992 0.032379001
v 0.157974 -0.0070219995 0.030738002
v 0.170416 -0.0072459993 0.030472001
v 0.17041206 -0.011518 0.028726002
v 0.18285203 -0.0075549991 0.030233001
v 0.18284905 -0.012057999 0.028482001
v 0.18285501 -0.016849998 0.025752002
v 0.19530106 -0.012591999 0.028080001
v 0.19531 -0.017430998 0.025240002
v 0.19532204 -0.022181999 0.021258002
v 0.20776308 -0.018089 0.024659002
v 0.20777404 -0.022879999 0.020489002
v 0.20779002 -0.026389999 0.015746001
v 0.22022808 -0.023715999 0.019365001
v 0.22027397 -0.026889 0.014537002
v 0.22028601 -0.028516999 0.010269002
v 0.23274398 -0.027251 0.013450001
v 0.23275805 -0.028746 0.0094870022
v 0.23275602 -0.030073998 0.0059490018
v 0.24512303 -0.028782999 0.0090890015
v 0.24513304 -0.030073 0.005702002
v 0.24513507 -0.03142 0.0023730018
v 0.25741398 -0.029948 0.0057210019
v 0.25743902 -0.031296 0.0023900019
v 0.25743806 -0.032006998 -0.00078099821
v 0.269701 -0.031101 0.0023930019
v 0.26970708 -0.031817999 -0.00078499818
v 0.195297 -0.0038919994 0.031985004
v 0.19529402 -0.0079629989 0.030014003
v 0.20776105 -0.0040679993 0.031802002
v 0.20774901 -0.0083259996 0.029733002
v 0.20775199 -0.013150999 0.027825002
v 0.22020698 -0.0086429995 0.029464003
v 0.22019005 -0.013704999 0.027561001
v 0.22018301 -0.018882999 0.023961002
v 0.23258507 -0.014351999 0.027240003
v 0.23257303 -0.019743999 0.023198001
v 0.232656 -0.024453999 0.018222002
v 0.24495304 -0.020463999 0.022491002
v 0.245049 -0.024995999 0.017278003
v 0.245103 -0.027369998 0.012851002
v 0.25730097 -0.025327999 0.016768001
v 0.25735104 -0.027463999 0.012601002
v 0.25738502 -0.028702 0.0090710018
v 0.26956701 -0.027480999 0.012557002
v 0.26962399 -0.028585 0.0090690022
v 0.269665 -0.029816 0.0057580019
v 0.28179204 -0.028485 0.009134002
v 0.22025406 -0.0041939993 0.031608
v 0.23276699 -0.0043919994 0.031397
v 0.23266208 -0.0089749992 0.029241001
v 0.24526703 -0.0047069993 0.031127002
v 0.24510396 -0.0097299991 0.028994001
v 0.24496901 -0.015596999 0.027335001
v 0.25725806 -0.010000999 0.028791001
v 0.25718999 -0.015596999 0.027365001
v 0.25722897 -0.020846 0.022095002
v 0.269279 -0.015596999 0.027391002
v 0.26936102 -0.020977 0.021974001
v 0.26947999 -0.025460999 0.016719002
v 0.28150105 -0.02093 0.021989001
v 0.28163004 -0.025138 0.016896002
v 0.28172505 -0.027254999 0.012666002
v 0.25740397 -0.0048259995 0.030910002
v 0.26935709 -0.0048699994 0.030744001
v 0.26928604 -0.010055999 0.028704002
v 0.28134906 -0.010127999 0.028697003
v 0.28137898 -0.015596999 0.027383002
v 0.79970002 -0.0032609992 -0.028313998
v 0.82458103 -0.0071459995 -0.027641999
v 0.82451904 -0.0036009992 -0.028274998
v 0.81219709 -0.018666999 -0.023648998
v 0.82478011 -0.016927999 -0.025190998
v 0.82474101 -0.013990999 -0.026590997
v 0.82465899 -0.010620999 -0.027063997
v 0.83723509 -0.014456999 -0.026311997
v 0.83708608 -0.011011999 -0.026949998
v 0.83694708 -0.0074419994 -0.027611999
v 0.84936607 -0.011127 -0.026439998
v 0.84916699 -0.0075599994 -0.027409999
v 0.84902108 -0.0038449992 -0.028214999
v 0.83687508 -0.0037389994 -0.028135998
v 0.81214905 -0.023109 -0.019094998
v 0.82465398 -0.023684999 -0.018086998
v 0.82472503 -0.021579999 -0.020634998
v 0.82476604 -0.019299999 -0.022984998
v 0.83731806 -0.022272 -0.019655999
v 0.83733809 -0.019893 -0.022109998
v 0.83732498 -0.017414 -0.024458999
v 0.8498081 -0.02018 -0.021001998
v 0.84973502 -0.017507 -0.023278998
v 0.849581 -0.014508 -0.025179999
v 0.86183703 -0.017145999 -0.022088999
v 0.86166704 -0.014289999 -0.024272999
v 0.8614291 -0.010939999 -0.025692998
v 0.87356603 -0.013362999 -0.022333998
v 0.87348604 -0.010442999 -0.023965998
v 0.87342 -0.0072639994 -0.025362998
v 0.861274 -0.0074919993 -0.026831998
v 0.87334597 -0.0036599992 -0.026165998
v 0.86115706 -0.0037729994 -0.027500998
v 0.81205404 -0.025936 -0.012949998
v 0.8244561 -0.026195999 -0.011440998
v 0.8245641 -0.025367999 -0.015088998
v 0.836833 -0.026508 -0.0096319979
v 0.83702505 -0.025762999 -0.013450998
v 0.83720696 -0.024235999 -0.016765999
v 0.84961402 -0.025962999 -0.011774998
v 0.84975898 -0.024720998 -0.015346998
v 0.84982204 -0.022624999 -0.018429998
v 0.86224496 -0.024099 -0.013777998
v 0.86213696 -0.022151999 -0.017002998
v 0.86199403 -0.019721 -0.019658998
v 0.874313 -0.020827999 -0.015490999
v 0.87399209 -0.018503999 -0.018006999
v 0.87374794 -0.01609 -0.020363998
v 0.88626301 -0.017540999 -0.016863998
v 0.88598406 -0.015188999 -0.019078998
v 0.88564503 -0.010032999 -0.022387998
v 0.88558495 -0.0069499994 -0.023820998
v 0.88555002 -0.0035459993 -0.024299998
v 0.81196201 -0.026974998 -0.0048709982
v 0.82425296 -0.027300999 -0.0031199981
v 0.82433903 -0.026765998 -0.0073849983
v 0.83661211 -0.027625 -0.0011809982
v 0.83669508 -0.027151 -0.0055349981
v 0.84924996 -0.027926 0.00072300178
v 0.84931505 -0.027626999 -0.0037259981
v 0.84944499 -0.026972 -0.0078319982
v 0.86234903 -0.026267 -0.0066469982
v 0.86226809 -0.025304999 -0.010396998
v 0.87563002 -0.023561999 -0.0052289981
v 0.87535107 -0.023167999 -0.0084909983
v 0.8748101 -0.022071999 -0.012007998
v 0.8868221 -0.019882999 -0.010898998
v -0.92609197 -0.013059999 -0.088138998
v -0.92609197 -0.013059999 -0.088138998
v -0.914042 -0.014037999 -0.095587999
v -0.92626697 -0.026110999 -0.085494995
v -0.92626697 -0.026110999 -0.085494995
v -0.91427296 -0.027838999 -0.092584997
v -0.92620498 -0.038723998 -0.080623001
v -0.92620498 -0.038723998 -0.080623001
v -0.93397796 -0.023341998 -0.074195996
v -0.93383396 -0.034679998 -0.070138998
v -0.93365699 -0.045389 -0.063943997
v -0.93991297 -0.030524999 -0.058527999
v -0.94070101 -0.020785999 -0.061818
v -0.94576299 -0.018817 -0.048697997
v -0.94536996 -0.027355999 -0.04623
v -0.947056 -0.018065 -0.035740998
v -0.94690001 -0.026758999 -0.033870999
v -0.94698697 -0.018252 -0.024667999
v -0.94709396 -0.027656 -0.023645999
v -0.94680399 -0.037795 -0.023129998
v -0.94703698 -0.028774999 -0.013885998
v -0.94676399 -0.040073998 -0.013780998
v -0.94400901 -0.052494001 -0.015537999
v -0.94415897 -0.048898 -0.025193999
v -0.93876201 -0.063983999 -0.018126998
v -0.93896198 -0.059779998 -0.029444998
v -0.94406098 -0.054079998 -0.0051269983
v -0.93875998 -0.065937996 -0.0058639981
v -0.94425195 -0.053603001 0.0054700016
v -0.93903399 -0.065411001 0.0063040019
v -0.94438499 -0.051523998 0.015833002
v -0.93927395 -0.062853999 0.018062001
v -0.94440299 -0.048202001 0.025464002
v -0.93950999 -0.058704998 0.028980002
v -0.93422699 -0.068952002 0.033434004
v -0.93439996 -0.061960999 0.044580001
v -0.928913 -0.070479997 0.051041003
v -0.93464297 -0.053438999 0.054073002
v -0.929277 -0.060459998 0.061902002
v -0.92954201 -0.049560998 0.070732005
v -0.91999596 -0.013904999 0.092904001
v -0.94086897 -0.010511999 -0.063469
v -0.93422997 -0.011732999 -0.076339997
v -0.94604397 -0.0095549989 -0.050104
v -0.94703698 -0.0091619994 -0.036952998
v -0.946881 -0.0091349995 -0.025413997
v -0.94675195 -0.009283999 -0.014960998
v -0.946895 -0.018740999 -0.014552998
v -0.94665301 -0.0094269989 -0.005084998
v -0.94682699 -0.01908 -0.0049019982
v -0.94703001 -0.029428 -0.0045689982
v -0.946832 -0.019111 0.0046090018
v -0.94705397 -0.029393999 0.004695002
v -0.94684297 -0.041109998 0.004966002
v -0.94681901 -0.041308999 -0.0044689984
v -0.94710296 -0.028675999 0.014142002
v -0.94687897 -0.039609998 0.014515002
v -0.94713998 -0.027565999 0.023826001
v -0.94682997 -0.037432 0.023865001
v -0.94705701 -0.026714999 0.033639003
v -0.94703096 -0.018237999 0.024258003
v -0.947142 -0.017944999 0.034940001
v -0.94635397 -0.018506 0.047075003
v -0.94576699 -0.02709 0.044833001
v -0.94155997 -0.020248 0.059191003
v -0.94093996 -0.029740999 0.056421001
v -0.93575597 -0.022613 0.070702001
v -0.93530297 -0.033427 0.067220002
v -0.93491 -0.043770999 0.061692003
v -0.92949998 -0.037613999 0.077273004
v -0.929649 -0.025366999 0.081776999
v -0.93605 -0.011360999 0.072887003
v -0.929829 -0.012751999 0.084438004
v -0.94663399 -0.009438999 0.0046250019
v -0.94673699 -0.0093069989 0.014448002
v -0.94691098 -0.018778 0.014265002
v -0.94689798 -0.0091079995 0.024724001
v -0.94708699 -0.0090139993 0.035884
v -0.94644696 -0.009380999 0.048401002
v -0.94200701 -0.010197999 0.060940001
v -0.82374597 -0.018480999 -0.086341999
v -0.83471698 -0.015596999 -0.087797001
v -0.83293301 -0.015596999 -0.100634
v -0.83516496 -0.015596999 -0.075681001
v -0.733527 -0.0065289992 0.086874001
v -0.73501599 -0.0063889991 0.075112998
v -0.73289996 -0.0067089992 0.098056003
v -0.73324698 -0.013024999 0.098144002
v -0.73378795 -0.012757999 0.086805001
v -0.73286599 -0.013059999 0.107757
v -0.73735899 -0.017488999 0.108235
v -0.73735899 -0.017488999 0.108235
v -0.73759401 -0.017331999 0.098489001
v -0.73759401 -0.017331999 0.098489001
v -0.73727196 -0.017494999 0.115275
v -0.73727196 -0.017494999 0.115275
v -0.74426401 -0.018147999 0.116434
v -0.74418598 -0.018355999 0.10896
v -0.75158399 -0.018712999 0.110006
v -0.75169897 -0.018873999 0.099605002
v -0.74428296 -0.018553 0.099044003
v -0.75202698 -0.018422 0.118324
v -0.76173598 -0.018418999 0.121073
v -0.76072896 -0.018835999 0.111849
v -0.77219498 -0.018820999 0.112714
v -0.770347 -0.019176999 0.100257
v -0.75994796 -0.019096998 0.100083
v -0.76945299 -0.019329999 0.088146001
v -0.75998396 -0.019200999 0.088298999
v -0.75189298 -0.018967999 0.088045001
v -0.76018399 -0.019246999 0.076898001
v -0.75243801 -0.018976999 0.076483004
v -0.74564999 -0.018585 0.075963005
v -0.74469095 -0.01843 0.087620005
v -0.73946196 -0.016976999 0.075363003
v -0.73946196 -0.016976999 0.075363003
v -0.73819298 -0.017016999 0.087120004
v -0.73819298 -0.017016999 0.087120004
v -0.73556995 -0.012548999 0.075017005
v -0.74055898 -0.017034 0.063925005
v -0.74055898 -0.017034 0.063925005
v -0.73708296 -0.012463 0.063611001
v -0.73652196 -0.0063399994 0.063592002
v -0.73806101 -0.012362999 0.052322
v -0.73754096 -0.0062759994 0.052270003
v -0.73836696 -0.0061879992 0.040960003
v -0.73952597 -0.0060829991 0.018123003
v -0.73993397 -0.0061049992 0.0065860017
v -0.73902798 -0.0061089993 0.029591002
v -0.739452 -0.012044999 0.029588003
v -0.739941 -0.011980999 0.018113002
v -0.73883897 -0.012201999 0.040993001
v -0.74168897 -0.017098999 0.041164003
v -0.74168897 -0.017098999 0.041164003
v -0.74215901 -0.016891999 0.029690001
v -0.74215901 -0.016891999 0.029690001
v -0.741225 -0.017128 0.052576002
v -0.741225 -0.017128 0.052576002
v -0.747163 -0.018407999 0.05302
v -0.74765599 -0.018274 0.041532002
v -0.746517 -0.018461 0.064460002
v -0.75313395 -0.018952999 0.064998999
v -0.75375199 -0.018869 0.053511001
v -0.761347 -0.019153999 0.054078002
v -0.76185298 -0.019026998 0.042480003
v -0.75422901 -0.01873 0.041964002
v -0.76075101 -0.019220999 0.065548003
v -0.77012998 -0.019385999 0.066185005
v -0.77069497 -0.019334 0.054782003
v -0.76964301 -0.019383999 0.077234
v -0.78099698 -0.019458 0.077816002
v -0.78184396 -0.019464999 0.067120999
v -0.79543298 -0.019455999 0.068679005
v -0.795955 -0.019416999 0.056889001
v -0.78262097 -0.019421998 0.055717003
v -0.79424596 -0.019447999 0.079734005
v -0.80834597 -0.019272 0.083442003
v -0.80911899 -0.019298999 0.070739001
v -0.82249397 -0.018793 0.07288
v -0.82265699 -0.018777 0.059451003
v -0.809434 -0.019259 0.058217
v -0.821868 -0.018678 0.087262005
v -0.83441597 -0.015596999 0.090910003
v -0.835127 -0.015596999 0.074758999
v -0.81748301 -0.018702999 0.101649
v -0.83007097 -0.015596999 0.108449
v -0.80777699 -0.018683 0.113134
v -0.81779796 -0.015596999 0.123089
v -0.83523399 -0.015596999 0.060308002
v -0.83523697 -0.015596999 0.046914
v -0.82273799 -0.018652 0.046425004
v -0.83524698 -0.015596999 0.033980001
v -0.82279599 -0.018701999 0.033677001
v -0.80981797 -0.019165 0.033212002
v -0.80964899 -0.019202 0.045708001
v -0.79672396 -0.019307999 0.032603003
v -0.79638499 -0.019351 0.044825003
v -0.78370899 -0.019299999 0.031943001
v -0.78322196 -0.019358 0.043928001
v -0.77179897 -0.019165 0.031319004
v -0.77126998 -0.019243998 0.043122001
v -0.76236099 -0.018893 0.030805001
v -0.77221501 -0.019135999 0.019400002
v -0.76284796 -0.018855 0.019021003
v -0.75524199 -0.018474 0.018696003
v -0.75473195 -0.018534999 0.030359002
v -0.74850696 -0.017801 0.018410001
v -0.74808598 -0.017979 0.029980002
v -0.74264699 -0.016592 0.018188002
v -0.74264699 -0.016592 0.018188002
v -0.74902296 -0.017650999 0.0067760018
v -0.743047 -0.016375 0.0066610016
v -0.743047 -0.016375 0.0066610016
v -0.74035096 -0.012137999 0.0066050016
v -0.74322999 -0.016462998 -0.004939998
v -0.74322999 -0.016462998 -0.004939998
v -0.74036598 -0.012254999 -0.0049769981
v -0.73995 -0.0061499993 -0.0050119981
v -0.74002296 -0.012471999 -0.016688999
v -0.73956597 -0.0062539992 -0.016748998
v -0.73905301 -0.0064209993 -0.028641999
v -0.73624599 -0.0068479991 -0.065757997
v -0.73454696 -0.0070849992 -0.079041995
v -0.73740697 -0.0067039994 -0.053098999
v -0.738047 -0.012949999 -0.053016998
v -0.73689699 -0.013175 -0.065673001
v -0.73689699 -0.013175 -0.065673001
v -0.73835397 -0.0065319994 -0.040723998
v -0.73889595 -0.012813999 -0.040704999
v -0.74235797 -0.017399 -0.040783998
v -0.74235797 -0.017399 -0.040783998
v -0.74183601 -0.017461 -0.053157996
v -0.74183601 -0.017461 -0.053157996
v -0.73951399 -0.012619999 -0.028595999
v -0.74263501 -0.017090999 -0.028633999
v -0.74263501 -0.017090999 -0.028633999
v -0.74890101 -0.018118 -0.028797999
v -0.74857497 -0.018344998 -0.040985998
v -0.74306196 -0.016825 -0.016686998
v -0.74306196 -0.016825 -0.016686998
v -0.74917597 -0.017919999 -0.016790999
v -0.75591296 -0.018480999 -0.016887998
v -0.75575298 -0.018601999 -0.028949998
v -0.749268 -0.017679999 -0.004941998
v -0.75592595 -0.018375998 -0.0049279984
v -0.763457 -0.018815 -0.0048579983
v -0.76356298 -0.018871 -0.016910998
v -0.75567597 -0.018375 0.006932002
v -0.76319396 -0.018813999 0.0071320017
v -0.77255499 -0.019115999 0.0073880018
v -0.77282798 -0.019119 -0.0047159982
v -0.78472 -0.019258 -0.0044959984
v -0.78488898 -0.019267999 -0.016700998
v -0.77299798 -0.01915 -0.016850999
v -0.78447497 -0.019255999 0.0077040019
v -0.79724598 -0.019265 0.008034002
v -0.79743296 -0.019261999 -0.0042419983
v -0.784127 -0.019277999 0.019854002
v -0.79701197 -0.019285999 0.020324001
v -0.809982 -0.019148 0.020744001
v -0.81012499 -0.019118 0.0083340015
v -0.82286698 -0.018734999 0.021072002
v -0.77308398 -0.019197999 -0.029020999
v -0.763524 -0.018949 -0.029036999
v -0.763376 -0.019078 -0.041283999
v -0.75549996 -0.01877 -0.041173998
v -0.755189 -0.018927999 -0.053647999
v -0.74820399 -0.018499 -0.053447999
v -0.74778795 -0.018618999 -0.06628
v -0.74130398 -0.017388999 -0.065908998
v -0.74130398 -0.017388999 -0.065908998
v -0.74045998 -0.017454 -0.079231001
v -0.73516798 -0.013653999 -0.078934997
v -0.73516798 -0.013653999 -0.078934997
v -0.73404896 -0.014091999 -0.093166001
f 2 26 27
f 2 27 28
f 2 25 29
f 2 29 26
f 2 28 24
f 2 24 23
f 3 30 31
f 3 31 32
f 3 33 34
f 3 34 30
f 3 32 35
f 3 35 33
f 4 36 37
f 4 37 38
f 4 39 40
f 4 40 36
f 4 38 41
f 4 41 42
f 4 43 44
f 4 44 39
f 4 42 45
f 4 45 43
f 5 47 48
f 5 48 49
f 5 49 50
f 5 50 51
f 5 51 52
f 5 52 47
f 6 53 54
f 6 54 55
f 6 56 57
f 6 57 53
f 6 55 58
f 6 58 56
f 7 59 60
f 7 60 61
f 7 61 62
f 7 62 63
f 7 63 64
f 7 64 59
f 8 65 66
f 8 66 67
f 8 68 69
f 8 69 65
f 8 67 71
f 8 71 72
f 8 72 73
f 8 73 74
f 8 74 75
f 8 75 68
f 9 76 73
f 9 73 72
f 9 77 78
f 9 78 76
f 9 72 71
f 9 71 80
f 9 80 82
f 9 82 84
f 10 85 86
f 10 86 87
f 10 87 88
f 10 88 89
f 10 89 90
f 10 90 85
f 11 91 92
f 11 92 93
f 11 13 94
f 11 94 91
f 11 93 96
f 11 96 13
f 12 97 98
f 12 98 99
f 12 100 101
f 12 101 97
f 12 99 102
f 12 102 100
f 13 103 104
f 13 104 94
f 13 106 107
f 13 107 103
f 14 108 96
f 14 96 109
f 14 109 110
f 14 110 111
f 14 111 112
f 14 112 108
f 15 113 114
f 15 114 115
f 15 115 116
f 15 116 117
f 15 117 118
f 15 118 113
f 16 119 120
f 16 120 121
f 16 121 122
f 16 122 123
f 16 123 124
f 16 124 119
f 17 125 126
f 17 126 127
f 17 128 129
f 17 129 125
f 17 130 131
f 17 131 128
f 17 132 133
f 17 133 130
f 17 127 134
f 17 134 132
f 18 135 136
f 18 136 137
f 147 151 148
f 151 152 153
f 151 153 148
f 151 150 154
f 151 154 155
f 151 155 156
f 151 156 152
f 156 157 158
f 156 158 152
f 156 155 159
f 156 159 160
f 156 160 161
f 156 161 157
f 161 118 117
f 161 117 157
f 161 160 162
f 161 162 163
f 161 163 164
f 161 164 118
f 164 165 113
f 164 113 118
f 164 163 166
f 164 166 112
f 164 112 111
f 164 111 165
f 166 163 162
f 166 162 167
f 166 167 107
f 166 107 106
f 166 106 108
f 166 108 112
f 167 162 168
f 167 168 169
f 167 169 170
f 167 170 107
f 170 169 171
f 170 171 172
f 170 172 173
f 170 173 174
f 170 174 103
f 170 103 107
f 174 173 175
f 174 175 177
f 174 177 104
f 174 104 103
f 178 176 180
f 178 180 181
f 178 181 182
f 178 182 105
f 182 95 105
f 182 181 183
f 182 183 77
f 182 77 9
f 182 9 84
f 183 181 180
f 183 180 184
f 183 185 78
f 183 78 77
f 185 186 78
f 186 188 189
f 186 189 190
f 186 190 187
f 190 191 192
f 190 192 187
f 190 189 193
f 190 193 194
f 190 194 195
f 190 195 191
f 195 196 197
f 195 197 191
f 195 194 198
f 195 198 64
f 195 64 63
f 195 63 196
f 198 194 193
f 198 193 199
f 198 199 200
f 198 200 201
f 198 201 59
f 198 59 64
f 201 200 202
f 201 202 203
f 201 203 60
f 201 60 59
f 203 202 204
f 203 204 205
f 203 205 206
f 203 206 60
f 206 207 61
f 206 61 60
f 206 205 208
f 206 208 31
f 206 31 30
f 206 30 207
f 208 205 204
f 208 204 209
f 208 209 210
f 208 210 211
f 208 211 32
f 208 32 31
f 211 210 212
f 211 212 213
f 211 213 35
f 211 35 32
f 213 212 214
f 213 214 215
f 213 215 216
f 213 216 35
f 216 217 33
f 216 33 35
f 216 215 218
f 216 218 219
f 216 219 220
f 216 220 217
f 220 219 38
f 220 38 37
f 220 222 223
f 220 223 217
f 223 222 224
f 223 224 225
f 223 225 226
f 223 226 34
f 223 34 33
f 223 33 217
f 226 225 227
f 226 227 62
f 226 62 61
f 226 61 207
f 226 207 30
f 226 30 34
f 227 225 224
f 227 224 228
f 227 228 197
f 227 197 196
f 227 196 63
f 227 63 62
f 228 224 229
f 228 229 230
f 228 230 231
f 228 231 197
f 231 230 75
f 231 75 74
f 231 74 73
f 231 73 192
f 231 192 191
f 231 191 197
f 230 229 232
f 230 232 75
f 232 233 234
f 232 234 235
f 232 235 68
f 232 68 75
f 232 229 221
f 232 221 233
f 235 234 236
f 235 236 237
f 235 237 69
f 235 69 68
f 237 236 238
f 237 238 239
f 237 239 240
f 237 240 69
f 240 239 241
f 240 241 242
f 240 242 243
f 240 243 244
f 240 244 65
f 240 65 69
f 244 243 245
f 244 245 246
f 244 246 66
f 244 66 65
f 246 245 248
f 246 248 250
f 246 250 252
f 246 252 66
f 251 249 253
f 251 253 254
f 251 254 255
f 251 255 256
f 252 257 67
f 252 67 66
f 256 255 258
f 256 258 259
f 257 260 71
f 257 71 67
f 259 258 261
f 259 261 262
f 259 262 79
f 259 79 70
f 262 261 263
f 262 263 264
f 262 264 81
f 262 81 79
f 264 263 265
f 264 265 92
f 265 263 266
f 265 266 267
f 265 267 268
f 265 268 269
f 265 269 93
f 265 93 92
f 269 268 110
f 269 110 109
f 269 109 96
f 269 96 93
f 268 267 270
f 268 270 271
f 268 271 272
f 268 272 110
f 272 271 273
f 272 273 114
f 272 114 113
f 272 113 165
f 272 165 111
f 272 111 110
f 273 271 270
f 273 270 274
f 273 274 275
f 273 275 276
f 273 276 115
f 273 115 114
f 276 275 277
f 276 277 278
f 276 278 116
f 276 116 115
f 278 277 279
f 278 279 280
f 278 280 158
f 278 158 116
f 280 279 281
f 280 281 153
f 280 153 152
f 280 152 158
f 281 279 133
f 281 133 282
f 281 282 283
f 281 283 149
f 281 149 148
f 281 148 153
f 283 282 284
f 283 284 285
f 286 285 287
f 287 288 289
f 287 289 290
f 287 290 138
f 287 285 284
f 287 284 288
f 290 289 291
f 290 291 292
f 296 295 298
f 296 298 300
f 296 300 302
f 296 302 297
f 301 299 303
f 301 303 305
f 301 305 306
f 301 306 308
f 302 309 310
f 302 310 297
f 310 309 311
f 310 311 312
f 314 316 317
f 314 317 318
f 314 318 315
f 318 319 320
f 318 320 315
f 318 317 321
f 318 321 322
f 318 322 323
f 318 323 319
f 323 171 324
f 323 324 319
f 323 325 326
f 323 326 172
f 323 172 171
f 326 325 327
f 326 327 328
f 326 328 173
f 326 173 172
f 328 327 329
f 328 329 330
f 328 330 175
f 328 175 173
f 330 179 175
f 331 193 189
f 331 199 193
f 332 333 200
f 332 200 199
f 333 334 335
f 333 335 202
f 333 202 200
f 335 334 336
f 335 336 337
f 335 337 204
f 335 204 202
f 337 336 338
f 337 338 339
f 337 339 209
f 337 209 204
f 339 338 340
f 339 340 341
f 339 341 210
f 339 210 209
f 341 340 342
f 341 342 343
f 341 343 212
f 341 212 210
f 343 342 344
f 343 344 345
f 343 345 214
f 343 214 212
f 345 344 346
f 345 346 347
f 345 347 348
f 345 348 214
f 348 218 215
f 348 215 214
f 348 347 349
f 348 349 350
f 348 350 41
f 348 41 218
f 350 349 351
f 350 351 353
f 350 353 42
f 350 42 41
f 354 352 21
f 354 21 356
f 353 355 45
f 353 45 42
f 356 21 1
f 356 1 357
f 356 357 358
f 356 358 46
f 358 357 361
f 358 361 362
f 358 362 363
f 358 363 360
f 363 364 366
f 363 366 360
f 369 370 371
f 369 371 367
f 369 372 373
f 369 373 370
f 373 374 375
f 373 375 370
f 373 372 376
f 373 376 377
f 373 377 378
f 373 378 374
f 378 379 380
f 378 380 374
f 378 381 382
f 378 382 379
f 382 383 384
f 382 384 379
f 382 381 385
f 382 385 386
f 382 386 387
f 382 387 383
f 387 388 389
f 387 389 383
f 387 386 390
f 387 390 391
f 387 391 392
f 387 392 388
f 392 393 394
f 392 394 388
f 392 391 395
f 392 395 396
f 392 396 397
f 392 397 393
f 397 398 399
f 397 399 393
f 397 396 400
f 397 400 401
f 397 401 402
f 397 402 398
f 402 403 404
f 402 404 398
f 402 401 405
f 402 405 406
f 402 406 407
f 402 407 403
f 407 408 409
f 407 409 403
f 407 406 410
f 407 410 411
f 407 411 412
f 407 412 408
f 412 413 414
f 412 414 408
f 412 411 415
f 412 415 416
f 412 416 417
f 412 417 413
f 417 418 419
f 417 419 413
f 417 416 420
f 417 420 421
f 417 421 422
f 417 422 418
f 422 423 424
f 422 424 418
f 422 421 425
f 422 425 426
f 422 426 427
f 422 427 423
f 427 426 428
f 427 428 429
f 433 434 435
f 433 435 431
f 433 437 438
f 433 438 434
f 438 137 136
f 438 136 434
f 444 443 445
f 444 445 446
f 444 446 136
f 444 136 135
f 446 445 447
f 446 447 435
f 446 435 434
f 446 434 136
f 447 445 448
f 447 448 449
f 447 449 450
f 447 450 432
f 447 432 431
f 447 431 435
f 450 449 451
f 450 451 452
f 454 455 456
f 454 456 419
f 454 419 418
f 454 418 424
f 456 455 457
f 456 457 458
f 456 458 459
f 456 459 414
f 456 414 413
f 456 413 419
f 459 458 460
f 459 460 461
f 459 461 462
f 459 462 409
f 459 409 408
f 459 408 414
f 462 461 463
f 462 463 464
f 462 464 465
f 462 465 404
f 462 404 403
f 462 403 409
f 465 464 52
f 465 52 466
f 465 466 467
f 465 467 399
f 465 399 398
f 465 398 404
f 467 466 468
f 467 468 469
f 467 469 470
f 467 470 394
f 467 394 393
f 467 393 399
f 470 469 26
f 470 26 29
f 470 29 471
f 470 471 389
f 470 389 388
f 470 388 394
f 471 29 25
f 471 25 472
f 471 472 473
f 471 473 384
f 471 384 383
f 471 383 389
f 473 472 474
f 473 474 475
f 473 475 476
f 473 476 380
f 473 380 379
f 473 379 384
f 476 475 477
f 476 477 478
f 476 478 479
f 476 479 375
f 476 375 374
f 476 374 380
f 479 480 481
f 479 481 371
f 479 371 370
f 479 370 375
f 481 368 367
f 481 367 371
f 484 482 486
f 484 486 487
f 485 488 366
f 485 366 364
f 487 486 489
f 487 489 490
f 487 490 44
f 487 44 365
f 490 489 491
f 490 491 492
f 490 492 39
f 490 39 44
f 492 491 493
f 492 493 494
f 492 494 40
f 492 40 39
f 494 493 238
f 494 238 236
f 494 236 234
f 494 234 40
f 493 491 495
f 493 495 496
f 493 496 497
f 493 497 238
f 497 496 499
f 497 499 501
f 497 501 503
f 497 503 241
f 497 241 239
f 497 239 238
f 502 500 504
f 502 504 505
f 502 505 506
f 502 506 507
f 503 508 242
f 503 242 241
f 507 506 509
f 507 509 510
f 508 511 243
f 508 243 242
f 510 509 512
f 510 512 513
f 511 514 245
f 511 245 243
f 513 512 515
f 513 515 516
f 514 518 248
f 514 248 245
f 516 515 519
f 516 519 520
f 517 521 522
f 517 522 247
f 522 521 523
f 522 523 525
f 522 525 526
f 522 526 253
f 522 253 249
f 522 249 247
f 526 525 527
f 526 527 528
f 526 528 529
f 526 529 530
f 526 530 254
f 526 254 253
f 530 529 531
f 530 531 532
f 530 532 255
f 530 255 254
f 532 531 533
f 532 533 534
f 532 534 258
f 532 258 255
f 534 533 535
f 534 535 536
f 534 536 261
f 534 261 258
f 536 535 537
f 536 537 266
f 536 266 263
f 536 263 261
f 537 535 538
f 537 538 539
f 537 539 274
f 537 274 270
f 537 270 267
f 537 267 266
f 539 538 128
f 539 128 131
f 539 131 275
f 539 275 274
f 538 535 533
f 538 533 540
f 538 540 129
f 538 129 128
f 540 533 531
f 540 531 541
f 540 541 542
f 540 542 129
f 542 541 543
f 542 543 544
f 542 544 545
f 542 545 546
f 542 546 125
f 542 125 129
f 546 545 547
f 546 547 548
f 546 548 126
f 546 126 125
f 548 547 549
f 548 549 550
f 548 550 551
f 548 551 126
f 551 550 2425
f 551 2425 552
f 551 552 553
f 551 553 554
f 551 554 127
f 551 127 126
f 554 553 555
f 554 555 556
f 554 556 134
f 554 134 127
f 556 555 291
f 556 291 289
f 556 289 288
f 556 288 134
f 559 558 560
f 559 560 561
f 559 561 562
f 559 562 294
f 562 561 564
f 562 564 566
f 562 566 568
f 562 568 298
f 562 298 295
f 562 295 294
f 567 565 569
f 567 569 570
f 567 570 571
f 567 571 303
f 568 304 300
f 568 300 298
f 571 570 572
f 571 572 573
f 571 573 574
f 571 574 575
f 571 575 305
f 571 305 303
f 575 574 576
f 575 576 577
f 575 577 306
f 575 306 305
f 577 576 578
f 577 578 579
f 577 579 580
f 577 580 306
f 580 579 582
f 580 582 583
f 581 584 585
f 581 585 311
f 581 311 309
f 581 309 307
f 585 584 587
f 585 587 588
f 585 588 589
f 585 589 590
f 585 590 312
f 585 312 311
f 591 592 593
f 591 593 594
f 594 316 313
f 594 593 595
f 594 595 596
f 594 596 597
f 594 597 316
f 597 321 317
f 597 317 316
f 597 598 599
f 597 599 600
f 597 600 321
f 600 325 322
f 600 322 321
f 600 599 601
f 600 601 602
f 600 602 327
f 600 327 325
f 602 601 603
f 602 603 604
f 602 604 329
f 602 329 327
f 606 607 608
f 606 608 334
f 608 607 609
f 608 609 610
f 608 610 336
f 608 336 334
f 610 609 611
f 610 611 612
f 610 612 338
f 610 338 336
f 612 611 613
f 612 613 614
f 612 614 340
f 612 340 338
f 614 616 342
f 614 342 340
f 616 344 342
f 620 349 347
f 620 351 349
f 626 628 630
f 626 630 631
f 627 632 20
f 627 625 634
f 627 634 629
f 633 615 628
f 634 624 623
f 633 622 617
f 631 636 637
f 631 637 19
f 637 636 638
f 637 638 639
f 637 639 640
f 637 640 641
f 641 640 642
f 641 642 643
f 646 647 648
f 648 647 650
f 648 650 652
f 648 652 654
f 648 654 560
f 648 560 558
f 648 558 557
f 653 651 655
f 653 655 656
f 653 656 657
f 653 657 563
f 654 564 561
f 654 561 560
f 657 656 658
f 657 658 659
f 657 659 660
f 657 660 569
f 657 569 565
f 657 565 563
f 660 659 661
f 660 661 662
f 660 662 663
f 660 663 572
f 660 572 570
f 660 570 569
f 663 662 664
f 663 665 666
f 663 666 667
f 663 667 573
f 663 573 572
f 667 666 668
f 667 668 669
f 667 669 574
f 667 574 573
f 669 668 670
f 669 670 671
f 669 671 576
f 669 576 574
f 671 670 672
f 671 672 673
f 671 673 578
f 671 578 576
f 673 672 674
f 673 674 675
f 673 675 676
f 673 676 578
f 676 675 677
f 676 677 678
f 676 678 679
f 676 679 582
f 676 582 579
f 676 579 578
f 679 678 680
f 679 680 681
f 679 681 682
f 679 682 586
f 679 586 583
f 679 583 582
f 682 681 684
f 682 684 685
f 683 686 687
f 683 687 688
f 683 688 588
f 683 588 587
f 688 687 689
f 688 689 690
f 688 690 589
f 688 589 588
f 691 692 693
f 691 693 592
f 693 692 694
f 693 694 695
f 693 695 696
f 693 696 592
f 696 595 593
f 696 593 592
f 696 695 697
f 698 699 700
f 700 601 599
f 700 599 598
f 700 699 701
f 700 701 702
f 700 702 603
f 700 603 601
f 704 703 705
f 704 705 706
f 704 706 707
f 704 707 605
f 709 710 711
f 709 711 607
f 711 710 638
f 711 638 712
f 711 712 609
f 711 609 607
f 712 638 636
f 712 635 611
f 712 611 609
f 710 708 713
f 710 713 639
f 710 639 638
f 713 714 715
f 713 715 640
f 713 640 639
f 715 714 716
f 715 716 717
f 715 717 642
f 715 642 640
f 717 716 718
f 717 718 719
f 717 719 720
f 717 720 642
f 720 719 721
f 720 721 722
f 720 722 645
f 720 645 644
f 720 644 643
f 720 643 642
f 722 721 723
f 725 724 727
f 725 727 649
f 726 650 647
f 727 724 728
f 727 728 729
f 727 729 730
f 727 730 655
f 727 655 651
f 727 651 649
f 730 732 658
f 730 658 656
f 730 656 655
f 732 661 659
f 732 659 658
f 733 662 661
f 734 672 670
f 735 736 674
f 735 674 672
f 736 737 738
f 736 738 674
f 738 737 739
f 738 739 740
f 738 740 741
f 738 741 677
f 738 677 675
f 738 675 674
f 741 740 742
f 741 742 743
f 741 743 744
f 741 744 680
f 741 680 678
f 741 678 677
f 744 743 745
f 744 745 746
f 744 746 747
f 744 747 684
f 744 684 681
f 744 681 680
f 747 746 748
f 747 748 749
f 747 749 750
f 747 750 752
f 747 752 685
f 747 685 684
f 753 751 754
f 753 754 755
f 753 755 687
f 753 687 686
f 755 754 756
f 755 756 757
f 755 757 689
f 755 689 687
f 759 760 761
f 759 761 692
f 761 760 762
f 761 762 763
f 761 763 694
f 761 694 692
f 763 762 764
f 763 765 694
f 765 695 694
f 766 701 699
f 768 767 769
f 768 769 770
f 768 770 705
f 768 705 703
f 769 767 771
f 769 771 772
f 773 775 723
f 773 723 721
f 773 721 719
f 773 719 718
f 775 728 724
f 775 724 723
f 729 728 776
f 729 731 730
f 779 780 781
f 779 781 782
f 779 782 739
f 779 739 737
f 782 781 783
f 782 783 784
f 782 784 785
f 782 785 742
f 782 742 740
f 782 740 739
f 785 784 786
f 785 786 787
f 785 787 788
f 785 788 745
f 785 745 743
f 785 743 742
f 788 787 789
f 788 789 790
f 788 790 791
f 788 791 748
f 788 748 746
f 788 746 745
f 791 790 792
f 791 792 793
f 791 793 794
f 791 794 796
f 791 796 749
f 791 749 748
f 796 794 797
f 796 797 799
f 796 799 750
f 796 750 749
f 800 798 801
f 800 801 802
f 800 802 754
f 800 754 751
f 802 801 803
f 802 803 804
f 802 804 756
f 802 756 754
f 808 807 809
f 810 809 811
f 810 811 812
f 812 811 813
f 812 813 814
f 812 814 758
f 814 813 815
f 814 815 816
f 814 816 760
f 814 760 758
f 816 815 817
f 816 817 818
f 816 818 762
f 816 762 760
f 818 817 819
f 818 764 762
f 820 778 777
f 820 777 774
f 820 774 772
f 820 772 771
f 823 824 825
f 823 825 783
f 823 783 781
f 825 824 826
f 825 826 827
f 825 827 828
f 825 828 786
f 825 786 784
f 825 784 783
f 828 827 829
f 828 829 830
f 828 830 831
f 828 831 789
f 828 789 787
f 828 787 786
f 831 830 832
f 831 832 833
f 831 833 834
f 831 834 792
f 831 792 790
f 831 790 789
f 834 833 835
f 834 835 836
f 834 836 837
f 834 837 838
f 834 838 793
f 834 793 792
f 838 837 839
f 838 839 841
f 838 841 794
f 838 794 793
f 842 840 843
f 842 843 844
f 842 844 798
f 842 798 795
f 844 843 845
f 844 845 846
f 844 846 801
f 844 801 798
f 846 845 847
f 846 847 848
f 846 848 803
f 846 803 801
f 851 850 852
f 851 852 853
f 851 853 854
f 851 854 805
f 854 807 806
f 854 806 805
f 854 853 855
f 854 855 856
f 854 856 809
f 854 809 807
f 856 855 857
f 856 857 858
f 856 858 811
f 856 811 809
f 858 857 859
f 858 859 860
f 858 860 813
f 858 813 811
f 860 859 861
f 860 861 862
f 860 862 815
f 860 815 813
f 862 861 863
f 862 863 864
f 862 864 817
f 862 817 815
f 864 863 865
f 864 865 866
f 864 819 817
f 870 869 871
f 872 871 873
f 872 873 874
f 874 873 875
f 876 875 877
f 878 877 879
f 878 879 880
f 880 879 881
f 880 881 882
f 880 882 821
f 882 881 883
f 882 883 884
f 882 884 822
f 884 883 885
f 884 885 886
f 884 886 887
f 891 892 826
f 892 893 894
f 892 829 827
f 892 827 826
f 895 897 898
f 895 898 832
f 895 832 830
f 895 830 829
f 898 897 899
f 898 899 900
f 898 900 901
f 898 901 835
f 898 835 833
f 898 833 832
f 901 900 902
f 901 902 903
f 901 903 904
f 901 904 905
f 901 905 836
f 901 836 835
f 905 904 906
f 905 906 907
f 905 907 837
f 905 837 836
f 907 906 908
f 907 908 910
f 907 910 839
f 907 839 837
f 911 909 913
f 911 913 914
f 911 914 843
f 911 843 840
f 914 913 915
f 914 915 916
f 914 916 845
f 914 845 843
f 916 915 917
f 916 917 918
f 916 918 847
f 916 847 845
f 919 852 850
f 919 850 849
f 919 920 921
f 919 921 922
f 919 922 852
f 922 855 853
f 922 853 852
f 922 921 923
f 922 923 924
f 922 924 857
f 922 857 855
f 924 923 925
f 924 925 926
f 924 926 859
f 924 859 857
f 926 925 927
f 926 927 928
f 926 928 861
f 926 861 859
f 928 927 929
f 928 929 930
f 928 930 863
f 928 863 861
f 930 929 868
f 930 868 867
f 930 867 865
f 930 865 863
f 929 927 931
f 929 931 932
f 929 932 869
f 929 869 868
f 932 931 933
f 932 933 934
f 932 934 871
f 932 871 869
f 934 933 935
f 934 935 936
f 934 936 873
f 934 873 871
f 936 935 937
f 936 937 938
f 936 938 875
f 936 875 873
f 938 937 939
f 938 939 940
f 938 940 877
f 938 877 875
f 940 939 941
f 940 941 942
f 940 942 879
f 940 879 877
f 942 941 943
f 942 943 944
f 942 944 881
f 942 881 879
f 944 943 945
f 944 945 946
f 944 946 883
f 944 883 881
f 946 945 947
f 946 947 948
f 946 948 885
f 946 885 883
f 948 947 949
f 948 949 950
f 948 950 951
f 948 951 885
f 951 950 952
f 951 952 953
f 951 953 954
f 951 954 888
f 951 888 886
f 951 886 885
f 954 953 955
f 954 955 956
f 954 890 889
f 954 889 888
f 958 959 896
f 958 896 894
f 959 960 961
f 959 961 899
f 961 960 962
f 961 962 963
f 961 963 964
f 961 964 902
f 961 902 900
f 961 900 899
f 964 963 965
f 964 965 966
f 964 966 967
f 964 967 968
f 964 968 903
f 964 903 902
f 968 967 969
f 968 969 970
f 968 970 904
f 968 904 903
f 970 969 971
f 970 971 972
f 970 972 906
f 970 906 904
f 972 971 973
f 972 973 974
f 972 974 908
f 972 908 906
f 974 973 975
f 974 975 976
f 974 976 912
f 974 912 908
f 976 975 978
f 976 978 980
f 977 981 915
f 977 915 913
f 981 979 982
f 981 982 983
f 981 983 917
f 981 917 915
f 986 985 987
f 986 987 988
f 986 988 989
f 989 923 921
f 989 921 920
f 989 988 990
f 989 990 991
f 989 991 925
f 989 925 923
f 991 990 933
f 991 933 931
f 991 931 927
f 991 927 925
f 990 988 987
f 990 987 992
f 990 992 935
f 990 935 933
f 992 987 993
f 992 993 994
f 992 994 937
f 992 937 935
f 994 993 995
f 994 995 996
f 994 996 939
f 994 939 937
f 996 995 997
f 996 997 998
f 996 998 941
f 996 941 939
f 998 997 999
f 998 999 1000
f 998 1000 943
f 998 943 941
f 1000 999 1001
f 1000 1001 1002
f 1000 1002 945
f 1000 945 943
f 1002 1001 1003
f 1002 1003 1004
f 1002 1004 947
f 1002 947 945
f 1004 1003 1005
f 1004 1005 1006
f 1004 1006 949
f 1004 949 947
f 1006 1005 1007
f 1006 1007 1008
f 1006 1008 1009
f 1006 1009 949
f 1009 1008 1010
f 1009 1010 1011
f 1009 1011 1012
f 1009 1012 952
f 1009 952 950
f 1009 950 949
f 1012 1011 1013
f 1012 1013 1014
f 1012 1014 1015
f 1012 1015 955
f 1012 955 953
f 1012 953 952
f 1015 1014 1016
f 1015 1016 1017
f 1015 1017 1018
f 1015 1018 957
f 1015 957 956
f 1015 956 955
f 1018 1017 1019
f 1018 1019 1020
f 1022 1023 1024
f 1022 1024 965
f 1022 965 963
f 1022 963 962
f 1024 1023 1025
f 1024 1025 1026
f 1024 1026 1027
f 1024 1027 1028
f 1024 1028 966
f 1024 966 965
f 1028 1027 1029
f 1028 1029 1030
f 1028 1030 967
f 1028 967 966
f 1030 1029 1031
f 1030 1031 1032
f 1030 1032 969
f 1030 969 967
f 1032 1031 1033
f 1032 1033 1034
f 1032 1034 971
f 1032 971 969
f 1034 1033 1035
f 1034 1035 1036
f 1034 1036 973
f 1034 973 971
f 1036 1035 1037
f 1036 1037 1038
f 1036 1038 975
f 1036 975 973
f 1038 1037 1039
f 1038 1039 1041
f 1038 1041 978
f 1038 978 975
f 1042 1040 1043
f 1042 1043 1044
f 1042 1044 982
f 1042 982 979
f 1047 1046 997
f 1047 997 995
f 1047 995 993
f 1047 993 984
f 1046 1045 999
f 1046 999 997
f 1045 1048 1001
f 1045 1001 999
f 1048 1049 1003
f 1048 1003 1001
f 1049 1051 1005
f 1049 1005 1003
f 1051 1053 1007
f 1051 1007 1005
f 1053 1055 1056
f 1053 1056 1007
f 1056 1055 1057
f 1056 1057 1058
f 1056 1058 1059
f 1056 1059 1010
f 1056 1010 1008
f 1056 1008 1007
f 1059 1058 1060
f 1059 1060 1061
f 1059 1061 1062
f 1059 1062 1013
f 1059 1013 1011
f 1059 1011 1010
f 1062 1061 1063
f 1062 1063 1064
f 1062 1064 1065
f 1062 1065 1016
f 1062 1016 1014
f 1062 1014 1013
f 1065 1064 1066
f 1065 1066 1067
f 1065 1067 1068
f 1065 1068 1019
f 1065 1019 1017
f 1065 1017 1016
f 1068 1067 1069
f 1068 1069 1070
f 1068 1070 1071
f 1068 1071 1021
f 1068 1021 1020
f 1068 1020 1019
f 1071 1070 1072
f 1071 1072 1073
f 1075 1076 1077
f 1078 1077 1079
f 1078 1079 1080
f 1078 1080 1027
f 1078 1027 1026
f 1080 1079 1081
f 1080 1081 1082
f 1080 1082 1029
f 1080 1029 1027
f 1082 1081 1083
f 1082 1083 1084
f 1082 1084 1031
f 1082 1031 1029
f 1084 1083 1085
f 1084 1085 1086
f 1084 1086 1033
f 1084 1033 1031
f 1086 1085 1087
f 1086 1087 1088
f 1086 1088 1035
f 1086 1035 1033
f 1088 1087 1089
f 1088 1089 1090
f 1088 1090 1037
f 1088 1037 1035
f 1090 1089 1091
f 1090 1091 1093
f 1090 1093 1039
f 1090 1039 1037
f 1094 1092 1095
f 1094 1095 1096
f 1094 1096 1043
f 1094 1043 1040
f 1098 1052 1050
f 2426 1054 1052
f 1097 1099 1054
f 1099 1100 1101
f 1102 1101 1103
f 1102 1103 1104
f 1105 1104 1106
f 1105 1106 1107
f 1105 1107 1108
f 1105 1108 1063
f 1105 1063 1061
f 1105 1061 1060
f 1108 1107 1109
f 1108 1109 1110
f 1108 1110 1111
f 1108 1111 1066
f 1108 1066 1064
f 1108 1064 1063
f 1111 1110 1112
f 1111 1112 1113
f 1111 1113 1114
f 1111 1114 1069
f 1111 1069 1067
f 1111 1067 1066
f 1114 1113 1115
f 1114 1115 1116
f 1114 1116 1117
f 1114 1117 1072
f 1114 1072 1070
f 1114 1070 1069
f 1117 1116 1118
f 1117 1118 1119
f 1117 1119 1120
f 1117 1120 1074
f 1117 1074 1073
f 1117 1073 1072
f 1120 1119 1121
f 1128 1127 1129
f 1128 1129 1130
f 1128 1130 1131
f 1128 1131 1132
f 1128 1132 1076
f 1132 1131 1133
f 1132 1133 1134
f 1132 1134 1077
f 1132 1077 1076
f 1134 1133 1135
f 1134 1135 1136
f 1134 1136 1079
f 1134 1079 1077
f 1136 1135 1137
f 1136 1137 1138
f 1136 1138 1081
f 1136 1081 1079
f 1138 1137 1139
f 1138 1139 1140
f 1138 1140 1083
f 1138 1083 1081
f 1140 1139 1141
f 1140 1141 1142
f 1140 1142 1085
f 1140 1085 1083
f 1142 1141 1143
f 1142 1143 1144
f 1142 1144 1087
f 1142 1087 1085
f 1144 1143 1145
f 1144 1145 1146
f 1144 1146 1089
f 1144 1089 1087
f 1146 1145 1147
f 1146 1147 1149
f 1146 1149 1091
f 1146 1091 1089
f 1150 1148 1151
f 1150 1151 1152
f 1150 1152 1095
f 1150 1095 1092
f 1153 1103 1101
f 1154 1155 1156
f 1154 1156 1106
f 1154 1106 1104
f 1154 1104 1103
f 1156 1155 1157
f 1156 1157 1158
f 1156 1158 1159
f 1156 1159 1109
f 1156 1109 1107
f 1156 1107 1106
f 1159 1158 1160
f 1159 1160 1161
f 1159 1161 1162
f 1159 1162 1112
f 1159 1112 1110
f 1159 1110 1109
f 1162 1161 1163
f 1162 1163 1164
f 1162 1164 1165
f 1162 1165 1115
f 1162 1115 1113
f 1162 1113 1112
f 1165 1164 1166
f 1165 1166 1167
f 1165 1167 1168
f 1165 1168 1118
f 1165 1118 1116
f 1165 1116 1115
f 1168 1167 1169
f 1168 1169 1170
f 1168 1170 1171
f 1168 1171 1121
f 1168 1121 1119
f 1168 1119 1118
f 1171 1170 1172
f 1171 1172 1173
f 1171 1173 1174
f 1171 1174 1123
f 1171 1123 1122
f 1171 1122 1121
f 1174 1173 1175
f 1174 1175 1176
f 1174 1176 1177
f 1174 1177 1125
f 1174 1125 1124
f 1174 1124 1123
f 1177 1176 1179
f 1177 1179 1180
f 1178 1181 1182
f 1178 1182 1129
f 1178 1129 1127
f 1178 1127 1126
f 1182 1181 1184
f 1182 1184 1185
f 1182 1185 1186
f 1182 1186 1187
f 1182 1187 1130
f 1182 1130 1129
f 1187 1186 1188
f 1187 1188 1189
f 1187 1189 1131
f 1187 1131 1130
f 1189 1188 1190
f 1189 1190 1191
f 1189 1191 1133
f 1189 1133 1131
f 1191 1190 1192
f 1191 1192 1193
f 1191 1193 1135
f 1191 1135 1133
f 1193 1192 1194
f 1193 1194 1195
f 1193 1195 1137
f 1193 1137 1135
f 1195 1194 1196
f 1195 1196 1197
f 1195 1197 1139
f 1195 1139 1137
f 1197 1196 1198
f 1197 1198 1199
f 1197 1199 1141
f 1197 1141 1139
f 1199 1198 1200
f 1199 1200 1201
f 1199 1201 1143
f 1199 1143 1141
f 1201 1200 1202
f 1201 1202 1203
f 1201 1203 1145
f 1201 1145 1143
f 1203 1202 1204
f 1203 1204 1206
f 1203 1206 1147
f 1203 1147 1145
f 1207 1205 1208
f 1207 1208 1209
f 1207 1209 1151
f 1207 1151 1148
f 1210 1211 1212
f 1210 1212 1157
f 1210 1157 1155
f 1212 1211 1213
f 1212 1213 1214
f 1212 1214 1215
f 1212 1215 1160
f 1212 1160 1158
f 1212 1158 1157
f 1215 1214 1216
f 1215 1216 1217
f 1215 1217 1218
f 1215 1218 1163
f 1215 1163 1161
f 1215 1161 1160
f 1218 1217 1219
f 1218 1219 1220
f 1218 1220 1221
f 1218 1221 1166
f 1218 1166 1164
f 1218 1164 1163
f 1221 1220 1222
f 1221 1222 1223
f 1221 1223 1224
f 1221 1224 1169
f 1221 1169 1167
f 1221 1167 1166
f 1224 1223 1225
f 1224 1225 1226
f 1224 1226 1227
f 1224 1227 1172
f 1224 1172 1170
f 1224 1170 1169
f 1227 1226 1228
f 1227 1228 1229
f 1227 1229 1230
f 1227 1230 1175
f 1227 1175 1173
f 1227 1173 1172
f 1230 1229 1231
f 1230 1231 1232
f 1230 1232 1233
f 1230 1233 1179
f 1230 1179 1176
f 1230 1176 1175
f 1233 1232 1234
f 1233 1234 1235
f 1233 1235 1236
f 1233 1236 1183
f 1233 1183 1180
f 1233 1180 1179
f 1237 1238 1185
f 1237 1185 1184
f 1238 1239 1186
f 1238 1186 1185
f 1239 1240 1188
f 1239 1188 1186
f 1240 1241 1190
f 1240 1190 1188
f 1241 1242 1192
f 1241 1192 1190
f 1242 1243 1194
f 1242 1194 1192
f 1243 1244 1196
f 1243 1196 1194
f 1244 1245 1198
f 1244 1198 1196
f 1245 1246 1200
f 1245 1200 1198
f 1246 1247 1202
f 1246 1202 1200
f 1247 1248 1204
f 1247 1204 1202
f 1249 1250 1208
f 1249 1208 1205
f 1251 1252 1253
f 1251 1253 1216
f 1251 1216 1214
f 1251 1214 1213
f 1253 1252 1254
f 1253 1254 1255
f 1253 1255 1256
f 1253 1256 1219
f 1253 1219 1217
f 1253 1217 1216
f 1256 1255 1257
f 1256 1257 1258
f 1256 1258 1259
f 1256 1259 1222
f 1256 1222 1220
f 1256 1220 1219
f 1259 1258 1260
f 1259 1260 1261
f 1259 1261 1262
f 1259 1262 1225
f 1259 1225 1223
f 1259 1223 1222
f 1262 1261 1263
f 1262 1263 1264
f 1262 1264 1265
f 1262 1265 1228
f 1262 1228 1226
f 1262 1226 1225
f 1265 1264 1266
f 1265 1267 1231
f 1265 1231 1229
f 1265 1229 1228
f 1267 1234 1232
f 1267 1232 1231
f 1269 1268 1270
f 1273 1272 1274
f 1281 1282 1283
f 1281 1283 1257
f 1281 1257 1255
f 1281 1255 1254
f 1283 1282 1284
f 1283 1284 1285
f 1283 1285 1286
f 1283 1286 1260
f 1283 1260 1258
f 1283 1258 1257
f 1286 1285 1287
f 1286 1288 1263
f 1286 1263 1261
f 1286 1261 1260
f 1288 1264 1263
f 1289 1290 1291
f 1289 1291 1270
f 1289 1270 1268
f 1291 1292 1293
f 1291 1293 1271
f 1291 1271 1270
f 1293 1294 1272
f 1293 1272 1271
f 1294 1295 1274
f 1294 1274 1272
f 1295 1296 1275
f 1295 1275 1274
f 1296 1297 1276
f 1296 1276 1275
f 1297 1298 1277
f 1297 1277 1276
f 1298 1299 1300
f 1298 1300 1278
f 1298 1278 1277
f 1300 1299 1301
f 1300 1301 1302
f 1300 1302 1279
f 1302 1301 1303
f 1302 1303 1304
f 1302 1304 1280
f 1304 1303 1305
f 1304 1305 1306
f 1307 1285 1284
f 1308 1310 1303
f 1308 1303 1301
f 1310 1309 1311
f 1310 1311 1313
f 1310 1313 1305
f 1310 1305 1303
f 1317 1316 1318
f 1317 1318 1319
f 1317 1319 1314
f 1317 1314 1312
f 1321 1320 1322
f 1321 1322 2427
f 1321 2427 1318
f 1321 1318 1316
f 1324 1323 1326
f 1324 1326 1328
f 1325 1329 1322
f 1325 1322 1320
f 1332 1331 1333
f 1332 1333 1334
f 1332 1334 1323
f 1334 1333 1335
f 1334 1335 1337
f 1334 1337 1326
f 1334 1326 1323
f 1342 1341 1343
f 1342 1343 1344
f 1344 1343 1345
f 1351 1350 1352
f 1353 1352 1354
f 1353 1354 1355
f 1355 1354 1356
f 1355 1356 1357
f 1355 1357 1331
f 1355 1331 1330
f 1357 1356 1358
f 1357 1358 1359
f 1357 1359 1333
f 1357 1333 1331
f 1359 1358 1360
f 1359 1360 1362
f 1359 1362 1335
f 1359 1335 1333
f 1366 1365 1367
f 1366 1367 1368
f 1366 1368 1369
f 1366 1369 1339
f 1369 1368 1370
f 1369 1370 1371
f 1375 1374 1376
f 1375 1376 1377
f 1380 1379 1381
f 1380 1381 1382
f 1380 1382 1343
f 1380 1343 1341
f 1382 1381 1383
f 1382 1383 1384
f 1382 1384 1345
f 1382 1345 1343
f 1384 1383 1385
f 1384 1385 1386
f 1384 1386 1346
f 1384 1346 1345
f 1386 1385 1387
f 1386 1387 1388
f 1386 1388 1347
f 1388 1387 1389
f 1388 1389 1390
f 1388 1390 1348
f 1390 1389 1391
f 1390 1391 1392
f 1390 1392 1349
f 1392 1391 1393
f 1392 1393 1394
f 1392 1394 1350
f 1392 1350 1349
f 1394 1393 1395
f 1394 1395 1396
f 1394 1396 1352
f 1394 1352 1350
f 1396 1395 1397
f 1396 1397 1398
f 1396 1398 1354
f 1396 1354 1352
f 1398 1397 1399
f 1398 1399 1400
f 1398 1400 1356
f 1398 1356 1354
f 1400 1399 1401
f 1400 1401 1402
f 1400 1402 1358
f 1400 1358 1356
f 1402 1401 1403
f 1402 1403 2429
f 1402 2429 1360
f 1402 1360 1358
f 1407 1406 1408
f 1407 1408 1409
f 1407 1409 1410
f 1407 1410 1364
f 1410 1409 1411
f 1410 1411 1412
f 1410 1412 1413
f 1410 1413 1367
f 1410 1367 1365
f 1410 1365 1364
f 1413 1412 1414
f 1413 1414 1415
f 1413 1415 1416
f 1413 1416 1370
f 1413 1370 1368
f 1413 1368 1367
f 1416 1415 1417
f 1416 1417 1418
f 1416 1418 1419
f 1416 1419 1372
f 1416 1372 1371
f 1416 1371 1370
f 1419 1418 1420
f 1419 1420 1421
f 1424 1425 1426
f 1424 1426 1373
f 1426 1376 1374
f 1426 1374 1373
f 1426 1425 1427
f 1426 1427 1428
f 1426 1428 1429
f 1426 1429 1376
f 1429 1378 1377
f 1429 1377 1376
f 1429 1428 1430
f 1429 1430 1431
f 1429 1431 1432
f 1429 1432 1378
f 1432 1431 1433
f 1432 1433 1434
f 1441 1439 1442
f 1441 1442 1443
f 1440 1444 1381
f 1440 1381 1379
f 1443 1442 1445
f 1443 1445 1446
f 1444 1447 1383
f 1444 1383 1381
f 1447 1449 1385
f 1447 1385 1383
f 1449 1448 1450
f 1449 1450 1451
f 1449 1451 1387
f 1449 1387 1385
f 1451 1450 1452
f 1451 1452 1453
f 1451 1453 1389
f 1451 1389 1387
f 1453 1452 1454
f 1453 1454 1455
f 1453 1455 1391
f 1453 1391 1389
f 1455 1454 1456
f 1455 1456 1457
f 1455 1457 1393
f 1455 1393 1391
f 1457 1456 1459
f 1457 1459 1460
f 1457 1460 1395
f 1457 1395 1393
f 1460 1459 1462
f 1460 1462 1463
f 1460 1463 1397
f 1460 1397 1395
f 1463 1462 1465
f 1463 1465 1466
f 1463 1466 1399
f 1463 1399 1397
f 1466 1465 1468
f 1466 1468 1470
f 1466 1470 1401
f 1466 1401 1399
f 1469 1467 1471
f 1469 1471 1473
f 1470 1474 1403
f 1470 1403 1401
f 1477 2433 1480
f 1477 1480 1481
f 1477 1481 1482
f 1477 1482 1405
f 1482 1481 1483
f 1482 1483 1484
f 1482 1484 1485
f 1482 1485 1408
f 1482 1408 1406
f 1482 1406 1405
f 1485 1484 1486
f 1485 1486 1487
f 1485 1487 1488
f 1485 1488 1411
f 1485 1411 1409
f 1485 1409 1408
f 1488 1487 1489
f 1488 1489 1490
f 1488 1490 1491
f 1488 1491 1414
f 1488 1414 1412
f 1488 1412 1411
f 1491 1490 1492
f 1491 1492 1493
f 1491 1493 1494
f 1491 1494 1417
f 1491 1417 1415
f 1491 1415 1414
f 1494 1493 1495
f 1494 1495 1496
f 1494 1496 1497
f 1494 1497 1420
f 1494 1420 1418
f 1494 1418 1417
f 1497 1496 1498
f 1497 1498 1499
f 1497 1499 1500
f 1497 1500 1422
f 1497 1422 1421
f 1497 1421 1420
f 1500 1499 1501
f 1500 1501 1502
f 1505 1504 1506
f 1505 1506 1507
f 1505 1507 1508
f 1505 1508 2435
f 1508 1507 1509
f 1508 1509 1510
f 1512 1430 1428
f 1512 1428 1427
f 1512 1513 1514
f 1512 1514 1430
f 1514 1433 1431
f 1514 1431 1430
f 1514 1513 1515
f 1514 1515 1516
f 1514 1516 1517
f 1514 1517 1433
f 1517 1435 1434
f 1517 1434 1433
f 1517 1516 1518
f 1517 1518 1519
f 1517 1519 1436
f 1517 1436 1435
f 1519 1518 1520
f 1519 1520 1521
f 1519 1521 1437
f 1519 1437 1436
f 1521 1520 1522
f 1521 1522 1523
f 1521 1523 1438
f 1521 1438 1437
f 1523 1522 1524
f 1523 1524 1525
f 1523 1525 1439
f 1523 1439 1438
f 1525 1524 1526
f 1525 1526 1527
f 1525 1527 1442
f 1525 1442 1439
f 1527 1526 1528
f 1527 1528 1529
f 1527 1529 1445
f 1527 1445 1442
f 1529 1528 1530
f 1529 1530 1531
f 1536 1535 1537
f 1536 1537 1538
f 1536 1538 1461
f 1536 1461 1458
f 1538 1537 1539
f 1538 1539 1540
f 1538 1540 1464
f 1538 1464 1461
f 1540 1539 1541
f 1540 1541 1542
f 1540 1542 1467
f 1540 1467 1464
f 1542 1541 1543
f 1542 1543 1544
f 1542 1544 1471
f 1542 1471 1467
f 1546 1543 1541
f 1546 1541 1549
f 1545 1547 1550
f 1545 1550 1476
f 1551 1548 1552
f 1551 1552 1554
f 1551 1554 1555
f 1551 1555 1479
f 1550 1478 2432
f 1550 2432 1476
f 1555 1554 1557
f 1555 1557 1558
f 1556 1559 1560
f 1556 1560 1483
f 1556 1483 1481
f 1556 1481 1480
f 1560 1559 1562
f 1560 1562 1563
f 1560 1563 1564
f 1560 1564 1486
f 1560 1486 1484
f 1560 1484 1483
f 1564 1563 1565
f 1564 1566 1567
f 1564 1567 1489
f 1564 1489 1487
f 1564 1487 1486
f 1567 1566 1568
f 1567 1568 1569
f 1567 1569 1570
f 1567 1570 1492
f 1567 1492 1490
f 1567 1490 1489
f 1570 1569 1571
f 1570 1571 1572
f 1570 1572 1573
f 1570 1573 1495
f 1570 1495 1493
f 1570 1493 1492
f 1573 1572 1574
f 1573 1574 1575
f 1573 1575 1576
f 1573 1576 1498
f 1573 1498 1496
f 1573 1496 1495
f 1576 1575 1577
f 1576 1577 1578
f 1576 1578 1579
f 1576 1579 1501
f 1576 1501 1499
f 1576 1499 1498
f 1579 1578 1580
f 1579 1580 1581
f 1579 1581 1582
f 1579 1582 1583
f 1579 1583 1502
f 1579 1502 1501
f 1586 1585 1587
f 1586 1587 1588
f 1586 1588 1589
f 1586 1589 1503
f 1589 1506 1504
f 1589 1504 1503
f 1589 1588 1590
f 1589 1590 1591
f 1589 1591 1592
f 1589 1592 1506
f 1592 1509 1507
f 1592 1507 1506
f 1592 1591 1593
f 1592 1593 1594
f 1592 1594 1595
f 1592 1595 1509
f 1595 1511 1510
f 1595 1510 1509
f 1595 1594 1596
f 1595 1596 1597
f 1595 1597 1598
f 1595 1598 1511
f 1598 1597 1599
f 1598 1599 1600
f 1602 1518 1516
f 1602 1516 1515
f 1602 1603 1520
f 1602 1520 1518
f 1603 1604 1522
f 1603 1522 1520
f 1604 1605 1524
f 1604 1524 1522
f 1605 1606 1526
f 1605 1526 1524
f 1606 1607 1528
f 1606 1528 1526
f 1607 1608 1530
f 1607 1530 1528
f 1608 1609 1532
f 1608 1532 1530
f 1609 1610 1533
f 1610 1612 1534
f 1611 1613 1614
f 1614 1613 1616
f 1614 1616 1617
f 1615 1618 1535
f 1617 1616 1557
f 1617 1557 1619
f 1618 1620 1537
f 1618 1537 1535
f 1619 1557 1554
f 1619 1554 1552
f 1620 1553 1539
f 1620 1539 1537
f 1616 1613 1621
f 1616 1621 1561
f 1616 1561 1558
f 1616 1558 1557
f 1622 1565 1563
f 1622 1563 1562
f 1623 1624 1625
f 1623 1625 1574
f 1623 1574 1572
f 1625 1624 1626
f 1625 1626 1627
f 1625 1627 1628
f 1625 1628 1577
f 1625 1577 1575
f 1625 1575 1574
f 1628 1627 1629
f 1628 1629 1630
f 1628 1630 1631
f 1628 1631 1580
f 1628 1580 1578
f 1628 1578 1577
f 1631 1630 1632
f 1631 1632 1633
f 1631 1633 1634
f 1631 1634 1635
f 1631 1635 1581
f 1631 1581 1580
f 1635 1634 1637
f 1635 1637 1639
f 1635 1639 1582
f 1635 1582 1581
f 1638 1636 1640
f 1638 1640 1641
f 1641 1640 1642
f 1641 1642 1643
f 1643 1642 1644
f 1643 1644 1645
f 1645 1644 1646
f 1645 1646 1647
f 1647 1646 1648
f 1647 1648 1649
f 1649 1648 1650
f 1649 1650 1651
f 1651 1650 1652
f 1651 1652 1653
f 1653 1652 1654
f 1653 1654 1655
f 1655 1654 1656
f 1655 1656 1657
f 1661 1660 1662
f 1661 1662 1663
f 1661 1663 1664
f 1661 1664 1584
f 1664 1587 1585
f 1664 1585 1584
f 1664 1663 1665
f 1664 1665 1666
f 1664 1666 1667
f 1664 1667 1587
f 1667 1590 1588
f 1667 1588 1587
f 1667 1666 1668
f 1667 1668 1669
f 1667 1669 1670
f 1667 1670 1590
f 1670 1593 1591
f 1670 1591 1590
f 1670 1669 1671
f 1670 1671 1672
f 1670 1672 1673
f 1670 1673 1593
f 1673 1596 1594
f 1673 1594 1593
f 1673 1672 1674
f 1673 1674 1675
f 1673 1675 1676
f 1673 1676 1596
f 1676 1599 1597
f 1676 1597 1596
f 1676 1675 1677
f 1676 1677 1678
f 1676 1678 1679
f 1676 1679 1599
f 1679 1601 1600
f 1679 1600 1599
f 1679 1678 1680
f 1679 1680 1681
f 1679 1681 1682
f 1679 1682 1601
f 1682 1681 1683
f 1682 1683 1684
f 1684 1683 1685
f 1684 1685 1686
f 1686 1685 1687
f 1686 1687 1688
f 1689 1687 1690
f 1689 1690 1691
f 1689 1691 1626
f 1689 1626 1624
f 1691 1690 1692
f 1691 1692 1693
f 1691 1693 1694
f 1691 1694 1629
f 1691 1629 1627
f 1691 1627 1626
f 1694 1693 1695
f 1694 1695 1696
f 1694 1696 1697
f 1694 1697 1632
f 1694 1632 1630
f 1694 1630 1629
f 1697 1696 1698
f 1697 1698 1699
f 1697 1699 1700
f 1697 1700 1701
f 1697 1701 1633
f 1697 1633 1632
f 1701 1700 1702
f 1701 1702 1703
f 1701 1703 1634
f 1701 1634 1633
f 1703 1702 1705
f 1703 1705 1707
f 1703 1707 1637
f 1703 1637 1634
f 1706 1704 1708
f 1706 1708 1709
f 1706 1709 1640
f 1706 1640 1636
f 1709 1708 1710
f 1709 1710 1711
f 1709 1711 1642
f 1709 1642 1640
f 1711 1710 1712
f 1711 1712 1713
f 1711 1713 1644
f 1711 1644 1642
f 1713 1712 1714
f 1713 1714 1715
f 1713 1715 1646
f 1713 1646 1644
f 1715 1714 1716
f 1715 1716 1717
f 1715 1717 1648
f 1715 1648 1646
f 1717 1716 1718
f 1717 1718 1719
f 1717 1719 1650
f 1717 1650 1648
f 1719 1718 1720
f 1719 1720 1721
f 1719 1721 1652
f 1719 1652 1650
f 1721 1720 1722
f 1721 1722 1723
f 1721 1723 1654
f 1721 1654 1652
f 1723 1722 1724
f 1723 1724 1725
f 1723 1725 1656
f 1723 1656 1654
f 1725 1724 1726
f 1730 1665 1663
f 1730 1663 1662
f 1730 1731 1732
f 1730 1732 1665
f 1732 1668 1666
f 1732 1666 1665
f 1732 1731 1734
f 1732 1734 1735
f 1732 1735 1736
f 1732 1736 1668
f 1736 1671 1669
f 1736 1669 1668
f 1736 1735 1737
f 1736 1737 1738
f 1736 1738 1739
f 1736 1739 1671
f 1739 1674 1672
f 1739 1672 1671
f 1739 1738 1740
f 1739 1740 1741
f 1739 1741 1742
f 1739 1742 1674
f 1742 1677 1675
f 1742 1675 1674
f 1742 1741 1699
f 1742 1699 1698
f 1742 1698 1743
f 1742 1743 1677
f 1743 1680 1678
f 1743 1678 1677
f 1743 1698 1696
f 1743 1696 1695
f 1743 1695 1744
f 1743 1744 1680
f 1744 1683 1681
f 1744 1681 1680
f 1744 1695 1693
f 1744 1693 1692
f 1744 1692 1685
f 1744 1685 1683
f 1741 1740 1700
f 1741 1700 1699
f 1740 1738 1737
f 1740 1737 1745
f 1740 1745 1702
f 1740 1702 1700
f 1745 1737 1747
f 1745 1747 1749
f 1745 1749 1705
f 1745 1705 1702
f 1748 1746 1750
f 1748 1750 1751
f 1748 1751 1708
f 1748 1708 1704
f 1751 1750 1752
f 1751 1752 1753
f 1751 1753 1710
f 1751 1710 1708
f 1753 1752 1754
f 1753 1754 1755
f 1753 1755 1712
f 1753 1712 1710
f 1755 1754 1756
f 1755 1756 1757
f 1755 1757 1714
f 1755 1714 1712
f 1757 1756 1758
f 1757 1758 1759
f 1757 1759 1716
f 1757 1716 1714
f 1759 1758 1760
f 1759 1760 1761
f 1759 1761 1718
f 1759 1718 1716
f 1761 1760 1762
f 1761 1762 1763
f 1761 1763 1720
f 1761 1720 1718
f 1763 1762 1764
f 1763 1764 1765
f 1763 1765 1722
f 1763 1722 1720
f 1765 1764 1766
f 1765 1766 1767
f 1765 1767 1724
f 1765 1724 1722
f 1767 1766 1768
f 1767 1768 1769
f 1767 1769 1726
f 1767 1726 1724
f 1769 1768 1770
f 1769 1770 1771
f 1769 1771 1772
f 1769 1772 1726
f 1772 1771 1773
f 1775 1776 1777
f 1775 1777 1778
f 1784 1783 1752
f 1784 1752 1750
f 1784 1750 1746
f 1784 1746 1733
f 1783 1782 1754
f 1783 1754 1752
f 1782 1756 1754
f 1785 1758 1756
f 1786 1760 1758
f 1787 1762 1760
f 1788 1764 1762
f 1789 1766 1764
f 1790 1791 1792
f 1790 1792 1768
f 1790 1768 1766
f 1792 1791 1793
f 1792 1793 1794
f 1792 1794 1770
f 1792 1770 1768
f 1794 1793 1795
f 1794 1795 1796
f 1794 1796 1797
f 1794 1797 1770
f 1797 1796 1798
f 1797 1798 1799
f 1797 1799 1800
f 1797 1800 1773
f 1797 1773 1771
f 1797 1771 1770
f 1800 1799 1801
f 1803 1776 1774
f 1809 1810 1811
f 1809 1811 1791
f 1811 1810 1812
f 1811 1812 1813
f 1811 1813 1793
f 1811 1793 1791
f 1813 1812 1814
f 1813 1814 1815
f 1813 1815 1795
f 1813 1795 1793
f 1815 1814 1816
f 1815 1816 1817
f 1815 1817 1818
f 1815 1818 1795
f 1818 1817 1819
f 1818 1819 1820
f 1818 1820 1821
f 1818 1821 1798
f 1818 1798 1796
f 1818 1796 1795
f 1821 1820 1822
f 1821 1822 1823
f 1821 1823 1824
f 1821 1824 1801
f 1821 1801 1799
f 1821 1799 1798
f 1824 1823 1825
f 1824 1825 1826
f 1824 1826 1827
f 1824 1802 1801
f 1827 1826 1828
f 1827 1828 1829
f 1827 1829 1830
f 1833 1832 1814
f 1833 1814 1812
f 1833 1812 1810
f 1833 1810 1805
f 1832 1831 1816
f 1832 1816 1814
f 1831 1834 1835
f 1831 1835 1816
f 1835 1834 1836
f 1835 1836 1837
f 1835 1837 1838
f 1835 1838 1819
f 1835 1819 1817
f 1835 1817 1816
f 1838 1837 1839
f 1838 1839 1840
f 1838 1840 1841
f 1838 1841 1822
f 1838 1822 1820
f 1838 1820 1819
f 1841 1840 1842
f 1841 1842 1843
f 1841 1843 1844
f 1841 1844 1825
f 1841 1825 1823
f 1841 1823 1822
f 1844 1843 1845
f 1844 1845 1846
f 1844 1846 1847
f 1844 1847 1828
f 1844 1828 1826
f 1844 1826 1825
f 1847 1846 1848
f 1847 1848 1849
f 1847 1849 1850
f 1847 1829 1828
f 1850 1849 1851
f 1850 1851 1852
f 1857 1858 1859
f 1857 1859 1839
f 1857 1839 1837
f 1857 1837 1836
f 1859 1858 1860
f 1859 1860 1861
f 1859 1861 1862
f 1859 1862 1842
f 1859 1842 1840
f 1859 1840 1839
f 1862 1861 1863
f 1862 1863 1864
f 1862 1864 1865
f 1862 1865 1845
f 1862 1845 1843
f 1862 1843 1842
f 1865 1864 1866
f 1865 1866 1867
f 1865 1867 1868
f 1865 1868 1848
f 1865 1848 1846
f 1865 1846 1845
f 1868 1867 1869
f 1868 1869 1870
f 1868 1870 1871
f 1868 1871 1851
f 1868 1851 1849
f 1868 1849 1848
f 1871 1870 1872
f 1871 1872 1873
f 1871 1873 1874
f 1871 1874 1853
f 1871 1853 1852
f 1871 1852 1851
f 1874 1873 1875
f 1874 1875 1876
f 1874 1876 1877
f 1874 1877 1854
f 1877 1876 1878
f 1877 1878 1879
f 1877 1879 1880
f 1877 1880 1856
f 1877 1856 1855
f 1877 1855 1854
f 1881 1863 1861
f 1881 1861 1860
f 1883 1885 1886
f 1883 1886 1866
f 1883 1866 1864
f 1883 1864 1863
f 1886 1885 1887
f 1886 1887 1888
f 1886 1888 1889
f 1886 1889 1869
f 1886 1869 1867
f 1886 1867 1866
f 1889 1888 1890
f 1889 1890 1891
f 1889 1891 1892
f 1889 1892 1872
f 1889 1872 1870
f 1889 1870 1869
f 1892 1891 1893
f 1892 1893 1894
f 1892 1894 1895
f 1892 1895 1875
f 1892 1875 1873
f 1892 1873 1872
f 1895 1878 1876
f 1895 1876 1875
f 1897 1899 1887
f 1897 1887 1885
f 1899 1901 1902
f 1899 1902 1903
f 1899 1903 1890
f 1899 1890 1888
f 1899 1888 1887
f 1903 1902 1904
f 1903 1904 1905
f 1903 1893 1891
f 1903 1891 1890
f 1908 1909 1910
f 1908 1910 1911
f 1914 1915 1916
f 1916 1915 1917
f 1916 1917 1918
f 1918 1917 1919
f 1918 1919 1920
f 1920 1919 1921
f 1920 1921 1922
f 1920 1922 1907
f 1922 1921 1923
f 1922 1923 1924
f 1922 1924 1925
f 1922 1925 1907
f 1925 1924 1926
f 1925 1926 1927
f 1925 1927 1928
f 1928 1927 1929
f 1928 1929 1930
f 1928 1930 1931
f 1928 1931 1909
f 1931 1930 1932
f 1931 1932 1933
f 1931 1933 1934
f 1931 1934 1935
f 1931 1935 1910
f 1931 1910 1909
f 1935 1934 1936
f 1935 1936 1938
f 1935 1938 1911
f 1935 1911 1910
f 1940 1941 1942
f 1940 1942 1915
f 1942 1941 1943
f 1942 1943 1944
f 1942 1944 1917
f 1942 1917 1915
f 1944 1943 1945
f 1944 1945 1946
f 1944 1946 1919
f 1944 1919 1917
f 1946 1945 1947
f 1946 1947 1948
f 1946 1948 1921
f 1946 1921 1919
f 1948 1947 1949
f 1948 1949 1950
f 1948 1950 1923
f 1948 1923 1921
f 1950 1949 1951
f 1950 1951 1952
f 1950 1952 1953
f 1950 1953 1923
f 1953 1952 1954
f 1953 1954 1955
f 1953 1955 1956
f 1953 1956 1926
f 1953 1926 1924
f 1953 1924 1923
f 1956 1955 1957
f 1956 1957 1958
f 1956 1958 1959
f 1956 1959 1929
f 1956 1929 1927
f 1956 1927 1926
f 1959 1958 1960
f 1959 1960 1961
f 1959 1961 1962
f 1959 1962 1932
f 1959 1932 1930
f 1959 1930 1929
f 1962 1961 1963
f 1962 1963 1964
f 1962 1964 1965
f 1962 1965 1966
f 1962 1966 1933
f 1962 1933 1932
f 1966 1965 1967
f 1966 1967 1968
f 1966 1968 1934
f 1966 1934 1933
f 1968 1967 1969
f 1968 1969 1971
f 1968 1971 1936
f 1968 1936 1934
f 1974 1973 1975
f 1974 1975 1976
f 1974 1976 1943
f 1974 1943 1941
f 1976 1975 1977
f 1976 1977 1978
f 1976 1978 1945
f 1976 1945 1943
f 1978 1977 1979
f 1978 1979 1980
f 1978 1980 1947
f 1978 1947 1945
f 1980 1979 1981
f 1980 1981 1982
f 1980 1982 1949
f 1980 1949 1947
f 1982 1983 1951
f 1982 1951 1949
f 1983 1985 1986
f 1983 1986 1951
f 1986 1985 1987
f 1986 1987 1988
f 1986 1988 1989
f 1986 1989 1954
f 1986 1954 1952
f 1986 1952 1951
f 1989 1988 1990
f 1989 1990 1991
f 1989 1991 1992
f 1989 1992 1957
f 1989 1957 1955
f 1989 1955 1954
f 1992 1991 1993
f 1992 1993 1994
f 1992 1994 1995
f 1992 1995 1960
f 1992 1960 1958
f 1992 1958 1957
f 1995 1994 1996
f 1995 1996 1997
f 1995 1997 1998
f 1995 1998 1963
f 1995 1963 1961
f 1995 1961 1960
f 1998 1997 1999
f 1998 1999 2000
f 1998 2000 2001
f 1998 2001 2002
f 1998 2002 1964
f 1998 1964 1963
f 2002 2001 2003
f 2002 2003 2004
f 2002 2004 1965
f 2002 1965 1964
f 2004 2003 2005
f 2004 2005 2006
f 2004 2006 1967
f 2004 1967 1965
f 2006 2005 2007
f 2006 2007 2008
f 2006 2008 1969
f 2006 1969 1967
f 2010 2011 1973
f 2011 2012 1975
f 2011 1975 1973
f 2012 2013 1977
f 2012 1977 1975
f 2013 2014 1979
f 2013 1979 1977
f 2015 2016 2017
f 2015 2017 1984
f 2017 2016 2018
f 2017 2018 2019
f 2017 2019 2020
f 2017 2020 1984
f 2020 2019 2021
f 2020 2021 2022
f 2020 2022 2023
f 2020 2023 1987
f 2020 1987 1985
f 2020 1985 1984
f 2023 2022 2024
f 2023 2024 2025
f 2023 2025 2026
f 2023 2026 1990
f 2023 1990 1988
f 2023 1988 1987
f 2026 2025 2027
f 2026 2027 2028
f 2026 2028 2029
f 2026 2029 1993
f 2026 1993 1991
f 2026 1991 1990
f 2029 2028 2030
f 2029 2030 2031
f 2029 2031 2032
f 2029 2032 1996
f 2029 1996 1994
f 2029 1994 1993
f 2032 2031 2033
f 2032 2033 2034
f 2032 2034 2035
f 2032 2035 1999
f 2032 1999 1997
f 2032 1997 1996
f 2035 2034 2036
f 2035 2036 2037
f 2035 2037 2038
f 2035 2038 2039
f 2035 2039 2000
f 2035 2000 1999
f 2039 2038 2040
f 2039 2040 2041
f 2039 2041 2001
f 2039 2001 2000
f 2041 2040 2042
f 2041 2042 2043
f 2041 2043 2003
f 2041 2003 2001
f 2043 2042 2044
f 2043 2044 2045
f 2043 2045 2005
f 2043 2005 2003
f 2045 2044 2046
f 2045 2046 2047
f 2045 2047 2007
f 2045 2007 2005
f 2048 2049 2016
f 2050 2051 2052
f 2050 2052 2021
f 2050 2021 2019
f 2050 2019 2018
f 2052 2051 2053
f 2052 2053 2054
f 2052 2054 2055
f 2052 2055 2024
f 2052 2024 2022
f 2052 2022 2021
f 2055 2054 2056
f 2055 2056 2057
f 2055 2057 2058
f 2055 2058 2027
f 2055 2027 2025
f 2055 2025 2024
f 2058 2057 2059
f 2058 2059 2060
f 2058 2060 2061
f 2058 2061 2030
f 2058 2030 2028
f 2058 2028 2027
f 2061 2060 2062
f 2061 2062 2063
f 2061 2063 2064
f 2061 2064 2033
f 2061 2033 2031
f 2061 2031 2030
f 2064 2063 2065
f 2064 2065 2066
f 2064 2066 2067
f 2064 2067 2036
f 2064 2036 2034
f 2064 2034 2033
f 2067 2066 2068
f 2067 2068 2069
f 2067 2069 2070
f 2067 2070 2071
f 2067 2071 2037
f 2067 2037 2036
f 2071 2070 90
f 2071 90 2072
f 2071 2072 2038
f 2071 2038 2037
f 2072 90 89
f 2072 89 2073
f 2072 2073 2040
f 2072 2040 2038
f 2073 89 88
f 2073 88 2074
f 2073 2074 2042
f 2073 2042 2040
f 2074 88 2075
f 2074 2075 2076
f 2074 2076 2044
f 2074 2044 2042
f 2076 2075 2077
f 2076 2077 2078
f 2076 2078 2046
f 2076 2046 2044
f 2079 2080 2081
f 2079 2081 2053
f 2081 2080 2082
f 2081 2082 2083
f 2081 2083 2084
f 2081 2084 2056
f 2081 2056 2054
f 2081 2054 2053
f 2084 2083 2085
f 2084 2085 2086
f 2084 2086 2087
f 2084 2087 2059
f 2084 2059 2057
f 2084 2057 2056
f 2087 2086 2088
f 2087 2088 2089
f 2087 2089 2090
f 2087 2090 2062
f 2087 2062 2060
f 2087 2060 2059
f 2090 2089 2091
f 2090 2091 2092
f 2090 2092 2093
f 2090 2093 2065
f 2090 2065 2063
f 2090 2063 2062
f 2093 2092 2094
f 2093 2094 2095
f 2093 2095 2096
f 2093 2096 2068
f 2093 2068 2066
f 2093 2066 2065
f 2096 2098 2069
f 2096 2069 2068
f 2098 2099 2070
f 2098 2070 2069
f 2099 85 90
f 2099 90 2070
f 2100 2101 2102
f 2100 2102 2103
f 2100 2103 87
f 2100 87 86
f 2103 2075 88
f 2103 88 87
f 2103 2102 2077
f 2103 2077 2075
f 2104 2105 2106
f 2104 2106 2085
f 2104 2085 2083
f 2104 2083 2082
f 2106 2107 2108
f 2106 2108 2088
f 2106 2088 2086
f 2106 2086 2085
f 2108 2109 2110
f 2108 2110 2091
f 2108 2091 2089
f 2108 2089 2088
f 2110 2109 2111
f 2110 2111 2112
f 2110 2112 2113
f 2110 2113 2094
f 2110 2094 2092
f 2110 2092 2091
f 2113 2097 2095
f 2113 2095 2094
f 1810 1807 1805
f 1747 1737 1735
f 1747 1735 1734
f 1692 1690 1687
f 1692 1687 1685
f 1553 1549 1541
f 1553 1541 1539
f 993 987 985
f 993 985 984
f 623 621 619
f 623 619 618
f 2117 2115 2120
f 2117 2120 2121
f 2117 2121 486
f 2117 486 482
f 2121 2120 2123
f 2121 2123 2124
f 2121 2124 489
f 2121 489 486
f 2124 2123 2126
f 2124 2126 495
f 2124 495 491
f 2124 491 489
f 2125 2122 2127
f 2125 2127 2128
f 2125 2128 2129
f 2125 2129 498
f 2126 499 496
f 2126 496 495
f 2129 2128 2130
f 2129 2130 58
f 2129 58 55
f 2129 55 504
f 2129 504 500
f 2129 500 498
f 2130 2131 2132
f 2130 2132 2133
f 2130 2133 56
f 2130 56 58
f 2130 2128 2127
f 2130 2127 2131
f 2133 2132 2134
f 2133 2134 2135
f 2133 2135 57
f 2133 57 56
f 2135 2134 2136
f 2135 2136 2137
f 2135 2137 2138
f 2135 2138 57
f 2138 2137 2139
f 2138 2139 2140
f 2138 2140 2141
f 2138 2141 2142
f 2138 2142 53
f 2138 53 57
f 2142 2141 2143
f 2142 2143 2144
f 2142 2144 54
f 2142 54 53
f 2144 2143 509
f 2144 509 506
f 2144 506 505
f 2144 505 54
f 2143 2141 2145
f 2143 2145 2146
f 2143 2146 512
f 2143 512 509
f 2146 2145 2147
f 2146 2147 2148
f 2146 2148 515
f 2146 515 512
f 2148 2147 2149
f 2148 2149 2150
f 2148 2150 519
f 2148 519 515
f 2150 2149 2151
f 2150 2151 2152
f 2150 2152 2153
f 2150 2153 519
f 2153 2152 98
f 2153 98 2154
f 2153 2154 2156
f 2153 2156 524
f 2153 524 520
f 2153 520 519
f 2156 2154 2157
f 2156 2157 2159
f 2155 2158 2160
f 2155 2160 527
f 2155 527 525
f 2155 525 523
f 2160 2158 2161
f 2160 2161 2163
f 2160 2163 2164
f 2160 2164 2165
f 2160 2165 528
f 2160 528 527
f 2165 2164 544
f 2165 544 543
f 2165 543 529
f 2165 529 528
f 2164 2163 2166
f 2164 2166 2167
f 2164 2167 545
f 2164 545 544
f 2167 2166 2168
f 2167 2168 2169
f 2167 2169 547
f 2167 547 545
f 2169 2168 2170
f 2169 2170 2171
f 2169 2171 549
f 2169 549 547
f 2171 2170 2436
f 2171 2436 2172
f 2171 2172 2173
f 2171 2173 549
f 2173 2425 550
f 2173 550 549
f 2438 2174 2175
f 2438 2175 2176
f 2438 2176 2119
f 2438 2119 2114
f 2176 2175 2131
f 2176 2131 2127
f 2176 2127 2122
f 2176 2122 2119
f 2175 2174 2177
f 2175 2177 2178
f 2175 2178 2132
f 2175 2132 2131
f 2178 2177 2179
f 2178 2179 2180
f 2178 2180 2134
f 2178 2134 2132
f 2180 2179 2181
f 2180 2181 2182
f 2180 2182 2136
f 2180 2136 2134
f 2182 2181 2183
f 2182 2183 2184
f 2182 2184 2185
f 2182 2185 2136
f 2185 2184 2186
f 2185 2186 2187
f 2185 2187 2188
f 2185 2188 2139
f 2185 2139 2137
f 2185 2137 2136
f 2188 2187 2189
f 2188 2189 2190
f 2188 2190 2191
f 2188 2191 2192
f 2188 2192 2140
f 2188 2140 2139
f 2192 2191 2147
f 2192 2147 2145
f 2192 2145 2141
f 2192 2141 2140
f 2191 2190 2193
f 2191 2193 2194
f 2191 2194 2149
f 2191 2149 2147
f 2194 2193 2195
f 2194 2195 2196
f 2194 2196 2151
f 2194 2151 2149
f 2196 2195 2197
f 2196 2197 102
f 2196 102 99
f 2196 99 2151
f 2197 2195 2198
f 2197 2198 2199
f 2197 2199 2200
f 2197 2200 2201
f 2197 2201 100
f 2197 100 102
f 2201 2200 2202
f 2201 2202 2203
f 2201 2203 101
f 2201 101 100
f 2203 2202 2204
f 2203 2204 2205
f 2203 2205 2206
f 2203 2206 101
f 2206 2157 97
f 2206 97 101
f 2206 2205 2208
f 2206 2208 2162
f 2206 2162 2159
f 2206 2159 2157
f 2208 2205 2204
f 2208 2204 2210
f 2207 2209 2168
f 2207 2168 2166
f 2207 2166 2163
f 2207 2163 2161
f 2210 2204 2211
f 2210 2211 2213
f 2209 2212 2170
f 2209 2170 2168
f 2213 2211 2214
f 2213 2214 2440
f 2212 2439 2436
f 2212 2436 2170
f 2219 2218 2220
f 2219 2220 2186
f 2219 2186 2184
f 2219 2184 2183
f 2220 2218 2217
f 2220 2217 2221
f 2220 2221 2222
f 2220 2222 2189
f 2220 2189 2187
f 2220 2187 2186
f 2222 2221 2223
f 2222 2223 2198
f 2222 2198 2195
f 2222 2195 2193
f 2222 2193 2190
f 2222 2190 2189
f 2223 2221 2217
f 2223 2217 2216
f 2223 2216 2215
f 2223 2215 2224
f 2223 2224 2199
f 2223 2199 2198
f 2224 2215 2225
f 2224 2225 2226
f 2224 2226 2200
f 2224 2200 2199
f 2226 2225 2227
f 2226 2227 2228
f 2226 2228 2202
f 2226 2202 2200
f 2228 2227 2214
f 2228 2214 2211
f 2228 2211 2204
f 2228 2204 2202
f 2157 2154 98
f 2157 98 97
f 2152 2151 99
f 2152 99 98
f 543 541 531
f 543 531 529
f 505 504 55
f 505 55 54
f 474 472 25
f 474 25 22
f 469 468 27
f 469 27 26
f 468 51 50
f 468 50 27
f 468 466 52
f 468 52 51
f 464 463 47
f 464 47 52
f 463 2229 48
f 463 48 47
f 463 461 460
f 463 460 2229
f 2229 2230 2231
f 2229 2231 48
f 2229 460 2232
f 2229 2232 2230
f 2232 460 458
f 2232 458 457
f 2235 2236 2237
f 2235 2237 2233
f 2235 453 2238
f 2235 2238 2236
f 2238 2239 2240
f 2238 2240 2236
f 2238 453 452
f 2238 452 451
f 2238 451 2241
f 2238 2241 2239
f 2241 2243 2245
f 2241 2245 2239
f 2241 451 449
f 2241 449 448
f 2241 448 2247
f 2241 2247 2243
f 2246 2248 2249
f 2246 2249 2242
f 2247 448 445
f 2247 445 443
f 2246 442 441
f 2246 441 2248
f 2249 2250 2251
f 2249 2251 2252
f 2249 2252 2244
f 2249 2244 2242
f 2249 2248 2253
f 2249 2253 2250
f 2253 2254 2255
f 2253 2255 2250
f 2253 2248 441
f 2253 441 440
f 2255 2256 2257
f 2255 2257 2258
f 2255 2258 2251
f 2255 2251 2250
f 2255 2254 140
f 2255 140 2256
f 2258 2257 2259
f 2258 2259 2260
f 2258 2260 2261
f 2258 2261 2251
f 2261 2260 2262
f 2261 2262 2263
f 2261 2263 2264
f 2261 2264 2265
f 2261 2265 2252
f 2261 2252 2251
f 2265 2264 2266
f 2265 2266 2268
f 2265 2268 2244
f 2265 2244 2252
f 2269 2267 2270
f 2269 2270 2240
f 2269 2240 2239
f 2269 2239 2245
f 2270 2267 2272
f 2270 2272 2273
f 2270 2273 2274
f 2270 2274 2237
f 2270 2237 2236
f 2270 2236 2240
f 2274 2273 2275
f 2274 2275 2276
f 2274 2276 2277
f 2274 2277 2234
f 2274 2234 2233
f 2274 2233 2237
f 2277 2276 2278
f 2277 2278 2279
f 2281 2283 50
f 2281 50 49
f 2281 49 48
f 2281 48 2231
f 2283 2282 24
f 2283 24 28
f 2283 28 27
f 2283 27 50
f 2286 2287 2288
f 2286 2288 2284
f 2286 2280 2289
f 2286 2289 2287
f 2289 2290 2291
f 2289 2291 2287
f 2289 2280 2279
f 2289 2279 2278
f 2289 2278 2292
f 2289 2292 2290
f 2292 2294 2296
f 2292 2296 2290
f 2292 2278 2276
f 2292 2276 2275
f 2292 2275 2298
f 2292 2298 2294
f 2297 2299 2300
f 2297 2300 2293
f 2298 2275 2273
f 2298 2273 2272
f 2297 2271 2301
f 2297 2301 2299
f 2301 2302 2303
f 2301 2303 2299
f 2301 2271 2266
f 2301 2266 2264
f 2301 2264 2263
f 2301 2263 2302
f 2303 2304 2305
f 2303 2305 2306
f 2303 2306 2300
f 2303 2300 2299
f 2303 2302 2307
f 2303 2307 2304
f 2307 2308 2309
f 2307 2309 2304
f 2307 2302 2263
f 2307 2263 2262
f 2307 2262 2310
f 2307 2310 2308
f 2310 2311 2312
f 2310 2312 2308
f 2310 2262 2260
f 2310 2260 2259
f 2310 2259 120
f 2310 120 2311
f 2312 2313 2314
f 2312 2314 2315
f 2312 2315 2309
f 2312 2309 2308
f 2312 2311 2316
f 2312 2316 2313
f 2316 2317 2318
f 2316 2318 2313
f 2316 2311 120
f 2316 120 119
f 2316 119 124
f 2316 124 2317
f 2318 2319 2320
f 2318 2320 2321
f 2318 2321 2314
f 2318 2314 2313
f 2318 2317 2322
f 2318 2322 2319
f 2322 2323 2324
f 2322 2324 2319
f 2322 2317 124
f 2322 124 2325
f 2326 2329 2442
f 2326 2442 2327
f 2330 2331 2332
f 2330 2332 2320
f 2330 2320 2319
f 2330 2319 2324
f 2332 2331 2333
f 2332 2333 2334
f 2332 2334 2335
f 2332 2335 2336
f 2332 2336 2321
f 2332 2321 2320
f 2336 2335 2337
f 2336 2337 2338
f 2336 2338 2314
f 2336 2314 2321
f 2338 2337 2339
f 2338 2339 2340
f 2338 2340 2315
f 2338 2315 2314
f 2340 2339 2341
f 2340 2341 2342
f 2340 2342 2309
f 2340 2309 2315
f 2342 2341 2343
f 2342 2343 2305
f 2342 2305 2304
f 2342 2304 2309
f 2343 2341 2344
f 2343 2344 2345
f 2343 2345 2346
f 2343 2346 2347
f 2343 2347 2306
f 2343 2306 2305
f 2347 2346 2348
f 2347 2348 2349
f 2347 2349 2300
f 2347 2300 2306
f 2349 2348 2350
f 2349 2350 2295
f 2349 2295 2293
f 2349 2293 2300
f 2350 2348 2352
f 2350 2352 2353
f 2351 2354 2355
f 2351 2355 2291
f 2351 2291 2290
f 2351 2290 2296
f 2355 2354 2357
f 2355 2357 2358
f 2355 2358 2359
f 2355 2359 2288
f 2355 2288 2287
f 2355 2287 2291
f 2359 2358 2360
f 2359 2360 2361
f 2359 2361 2362
f 2359 2362 2285
f 2359 2285 2284
f 2359 2284 2288
f 2362 2361 2363
f 2362 2363 2364
f 2367 2368 2369
f 2367 2369 2366
f 2367 2370 2371
f 2367 2371 2368
f 2371 2372 2373
f 2371 2373 2368
f 2371 2370 2365
f 2371 2365 2374
f 2371 2374 2375
f 2371 2375 2372
f 2375 2377 2379
f 2375 2379 2372
f 2375 2374 2363
f 2375 2363 2380
f 2375 2380 2382
f 2375 2382 2377
f 2381 2383 2384
f 2381 2384 2376
f 2382 2380 2360
f 2382 2360 2386
f 2381 2385 2387
f 2381 2387 2383
f 2387 2388 2389
f 2387 2389 2383
f 2387 2385 2356
f 2387 2356 2390
f 2387 2390 2391
f 2387 2391 2388
f 2391 2392 2393
f 2391 2393 2388
f 2391 2390 2352
f 2391 2352 2394
f 2391 2394 2395
f 2391 2395 2392
f 2395 2396 2397
f 2395 2397 2392
f 2395 2394 2346
f 2395 2346 2345
f 2395 2345 2344
f 2395 2344 2396
f 2397 2398 2399
f 2397 2399 2400
f 2397 2400 2393
f 2397 2393 2392
f 2397 2396 2401
f 2397 2401 2398
f 2401 2402 2403
f 2401 2403 2398
f 2401 2396 2344
f 2401 2344 2404
f 2401 2404 2405
f 2401 2405 2402
f 2405 2406 2407
f 2405 2407 2402
f 2405 2404 2339
f 2405 2339 2337
f 2405 2337 2335
f 2405 2335 2406
f 2407 428 426
f 2407 426 425
f 2407 425 2403
f 2407 2403 2402
f 2407 2406 2408
f 2407 2408 428
f 2408 430 429
f 2408 429 428
f 2408 2406 2335
f 2408 2335 2334
f 2408 2334 2333
f 2408 2333 430
f 2404 2344 2341
f 2404 2341 2339
f 2403 425 421
f 2403 421 420
f 2403 420 2399
f 2403 2399 2398
f 2400 2399 415
f 2400 415 2409
f 2400 2409 2410
f 2400 2410 2393
f 2410 2409 410
f 2410 410 2411
f 2410 2411 2412
f 2410 2412 2389
f 2410 2389 2388
f 2410 2388 2393
f 2412 2411 405
f 2412 405 2413
f 2412 2413 2414
f 2412 2414 2384
f 2412 2384 2383
f 2412 2383 2389
f 2414 2413 400
f 2414 400 2415
f 2414 2415 2416
f 2414 2416 2378
f 2414 2378 2376
f 2414 2376 2384
f 2416 2415 395
f 2416 395 2418
f 2417 2419 2420
f 2417 2420 2373
f 2417 2373 2372
f 2417 2372 2379
f 2420 2369 2368
f 2420 2368 2373
f 2421 390 386
f 2421 386 385
f 2418 395 391
f 2418 391 390
f 2415 400 396
f 2415 396 395
f 2413 405 401
f 2413 401 400
f 2411 410 406
f 2411 406 405
f 2409 415 411
f 2409 411 410
f 2399 420 416
f 2399 416 415
f 2394 2352 2348
f 2394 2348 2346
f 2390 2356 2353
f 2390 2353 2352
f 2386 2360 2358
f 2386 2358 2357
f 2380 2363 2361
f 2380 2361 2360
f 2374 2365 2364
f 2374 2364 2363
f 2328 2325 124
f 2328 124 123
f 2328 123 122
f 2328 122 139
f 2259 2257 121
f 2259 121 120
f 2257 2256 122
f 2257 122 121
f 2256 140 139
f 2256 139 122
f 365 44 43
f 365 43 359
f 361 357 1
f 361 1 2423
f 324 168 159
f 324 159 2422
f 324 2422 320
f 324 320 319
f 324 171 169
f 324 169 168
f 2422 159 155
f 2422 155 154
f 2422 154 146
f 2422 146 320
f 320 145 315
f 288 284 132
f 288 132 134
f 284 282 133
f 284 133 132
f 279 277 130
f 279 130 133
f 277 275 131
f 277 131 130
f 234 233 36
f 234 36 40
f 233 221 37
f 233 37 36
f 229 224 222
f 229 222 221
f 219 218 41
f 219 41 38
f 192 73 76
f 192 76 187
f 168 162 160
f 168 160 159
f 158 157 117
f 158 117 116
f 108 106 13
f 108 13 96
f 94 83 81
f 94 81 91
f 290 293 143
f 2465 2464 2463
f 2465 2463 2444
f 2463 2467 2466
f 2463 2466 2444
f 2466 2468 2465
f 2466 2465 2444
f 2471 2470 2469
f 2471 2469 2445
f 2469 2473 2472
f 2469 2472 2445
f 2475 2474 2471
f 2475 2471 2445
f 2472 2477 2476
f 2472 2476 2445
f 2476 2478 2475
f 2476 2475 2445
f 2481 2480 2479
f 2481 2479 2446
f 2483 2482 2481
f 2483 2481 2446
f 2479 2484 2483
f 2479 2483 2446
f 2487 2486 2485
f 2487 2485 2447
f 2485 2489 2488
f 2485 2488 2447
f 2488 2490 2487
f 2488 2487 2447
f 2493 2492 2491
f 2493 2491 2448
f 2495 2494 2493
f 2495 2493 2448
f 2491 2496 2495
f 2491 2495 2448
f 2499 2498 2497
f 2499 2497 2449
f 2497 2501 2500
f 2497 2500 2449
f 2504 2502 2499
f 2504 2499 2449
f 2503 2505 2507
f 2503 2507 2450
f 2513 2512 2511
f 2513 2511 2452
f 2511 2515 2514
f 2511 2514 2452
f 2514 2516 2513
f 2514 2513 2452
f 2519 2518 2517
f 2519 2517 2453
f 2521 2520 2519
f 2521 2519 2453
f 2517 2522 2521
f 2517 2521 2453
f 2526 2525 2524
f 2526 2524 2454
f 2530 2528 2527
f 2530 2527 2455
f 2524 2531 2529
f 2524 2529 2454
f 2532 2536 2535
f 2532 2535 2457
f 2539 2538 2537
f 2539 2537 2457
f 141 143 2534
f 141 2534 2456
f 2545 2536 2532
f 2545 2532 2459
f 2547 2546 2545
f 2547 2545 2459
f 2549 2550 2544
f 2549 2544 2460
f 2544 2540 2460
f 2548 2551 2541
f 2510 2451 2508
f 2510 2508 2552
f 2509 2507 2553
f 2554 2561 2558
f 2554 2558 2557
f 2563 2562 2556
f 2563 2556 2557
f 2558 2564 2563
f 2558 2563 2557
f 2558 2567 2565
f 2558 2565 2564
f 2496 2568 2563
f 2496 2563 2564
f 2565 2495 2496
f 2565 2496 2564
f 2569 2562 2563
f 2569 2563 2568
f 2571 2570 2569
f 2571 2569 2568
f 2496 2491 2571
f 2496 2571 2568
f 2573 2572 2570
f 2573 2570 2571
f 2491 2492 2573
f 2491 2573 2571
f 2575 2574 2572
f 2575 2572 2573
f 2492 2576 2575
f 2492 2575 2573
f 2492 2493 2577
f 2492 2577 2576
f 2464 2578 2575
f 2464 2575 2576
f 2577 2463 2464
f 2577 2464 2576
f 2579 2574 2575
f 2579 2575 2578
f 2581 2580 2579
f 2581 2579 2578
f 2464 2465 2581
f 2464 2581 2578
f 2583 2582 2580
f 2583 2580 2581
f 2465 2468 2583
f 2465 2583 2581
f 2585 2584 2582
f 2585 2582 2583
f 2468 2586 2585
f 2468 2585 2583
f 2468 2466 2587
f 2468 2587 2586
f 2589 2588 2585
f 2589 2585 2586
f 2587 2590 2589
f 2587 2589 2586
f 2470 2471 2589
f 2470 2589 2590
f 2587 2592 2591
f 2587 2591 2590
f 2594 2593 2591
f 2594 2591 2592
f 2467 2595 2594
f 2467 2594 2592
f 2587 2466 2467
f 2587 2467 2592
f 2494 2596 2594
f 2494 2594 2595
f 2577 2493 2494
f 2577 2494 2595
f 2467 2463 2577
f 2467 2577 2595
f 2597 2593 2594
f 2597 2594 2596
f 2565 2567 2597
f 2565 2597 2596
f 2494 2495 2565
f 2494 2565 2596
f 2566 2560 2598
f 2602 2601 2600
f 2602 2600 2599
f 2506 2500 2602
f 2506 2602 2599
f 2604 2603 2601
f 2604 2601 2602
f 2500 2501 2604
f 2500 2604 2602
f 2606 2605 2603
f 2606 2603 2604
f 2501 2607 2606
f 2501 2606 2604
f 2610 2608 2606
f 2610 2606 2607
f 2613 2612 2610
f 2613 2610 2607
f 2501 2497 2613
f 2501 2613 2607
f 2616 2615 2612
f 2616 2612 2613
f 2497 2498 2616
f 2497 2616 2613
f 2533 2620 2618
f 2533 2618 2619
f 2533 2534 2624
f 2533 2624 2620
f 292 291 2622
f 292 2622 2623
f 2626 2625 295
f 2626 295 296
f 297 2627 2626
f 297 2626 296
f 2629 2628 2626
f 2629 2626 2627
f 2631 2630 2629
f 2631 2629 2627
f 297 310 2631
f 297 2631 2627
f 312 2632 2631
f 312 2631 310
f 2637 2635 2634
f 2637 2634 2633
f 2550 2549 2637
f 2550 2637 2633
f 2642 2641 2639
f 2642 2639 2640
f 2555 2643 2642
f 2555 2642 2640
f 2555 2556 2562
f 2555 2562 2643
f 2645 2644 2642
f 2645 2642 2643
f 2562 2569 2645
f 2562 2645 2643
f 2647 2646 2644
f 2647 2644 2645
f 2569 2570 2647
f 2569 2647 2645
f 2649 2648 2646
f 2649 2646 2647
f 2570 2572 2649
f 2570 2649 2647
f 2651 2650 2648
f 2651 2648 2649
f 2572 2574 2651
f 2572 2651 2649
f 2653 2652 2650
f 2653 2650 2651
f 2574 2579 2653
f 2574 2653 2651
f 2655 2654 2652
f 2655 2652 2653
f 2579 2580 2655
f 2579 2655 2653
f 2657 2656 2654
f 2657 2654 2655
f 2580 2582 2657
f 2580 2657 2655
f 2659 2658 2656
f 2659 2656 2657
f 2582 2584 2659
f 2582 2659 2657
f 2661 2660 2658
f 2661 2658 2659
f 2584 2662 2661
f 2584 2661 2659
f 2584 2585 2588
f 2584 2588 2662
f 2664 2663 2661
f 2664 2661 2662
f 2588 2474 2664
f 2588 2664 2662
f 2666 2665 2663
f 2666 2663 2664
f 2474 2475 2666
f 2474 2666 2664
f 2667 2461 2665
f 2667 2665 2666
f 2475 2478 2667
f 2475 2667 2666
f 2478 2669 2668
f 2478 2668 2667
f 2478 2476 2670
f 2478 2670 2669
f 362 361 2668
f 362 2668 2669
f 2670 363 362
f 2670 362 2669
f 2670 2671 364
f 2670 364 363
f 2676 2675 2672
f 2676 2672 2673
f 2674 2677 2676
f 2674 2676 2673
f 2674 2679 2678
f 2674 2678 2677
f 2681 2680 2676
f 2681 2676 2677
f 2678 2682 2681
f 2678 2681 2677
f 2678 2684 2683
f 2678 2683 2682
f 2686 2685 2681
f 2686 2681 2682
f 2683 2687 2686
f 2683 2686 2682
f 2683 2689 2688
f 2683 2688 2687
f 2691 2690 2686
f 2691 2686 2687
f 2688 2692 2691
f 2688 2691 2687
f 2688 2694 2693
f 2688 2693 2692
f 2696 2695 2691
f 2696 2691 2692
f 2693 2697 2696
f 2693 2696 2692
f 2693 2699 2698
f 2693 2698 2697
f 2701 2700 2696
f 2701 2696 2697
f 2698 2702 2701
f 2698 2701 2697
f 2698 2704 2703
f 2698 2703 2702
f 2706 2705 2701
f 2706 2701 2702
f 2703 2707 2706
f 2703 2706 2702
f 2703 2709 2708
f 2703 2708 2707
f 2711 2710 2706
f 2711 2706 2707
f 2708 2712 2711
f 2708 2711 2707
f 2708 2714 2713
f 2708 2713 2712
f 2716 2715 2711
f 2716 2711 2712
f 2713 2717 2716
f 2713 2716 2712
f 2719 2718 2716
f 2719 2716 2717
f 431 2722 2721
f 431 2721 433
f 2721 2724 437
f 2721 437 433
f 2529 2531 2725
f 2529 2725 2723
f 2721 2528 2530
f 2721 2530 2724
f 2725 2424 436
f 2725 436 2723
f 2725 2726 439
f 2725 439 2424
f 2728 2727 2543
f 2728 2543 2726
f 2725 2531 2728
f 2725 2728 2726
f 2729 2546 2727
f 2729 2727 2728
f 2531 2524 2729
f 2531 2729 2728
f 2730 2545 2546
f 2730 2546 2729
f 2524 2525 2730
f 2524 2730 2729
f 2731 2536 2545
f 2731 2545 2730
f 2525 2732 2731
f 2525 2731 2730
f 2734 2733 2731
f 2734 2731 2732
f 2737 2735 2734
f 2737 2734 2732
f 2525 2526 2737
f 2525 2737 2732
f 2740 2739 2736
f 2740 2736 2738
f 2527 2528 2740
f 2527 2740 2738
f 2722 2741 2739
f 2722 2739 2740
f 2528 2721 2722
f 2528 2722 2740
f 2743 2742 2739
f 2743 2739 2741
f 432 450 2743
f 432 2743 2741
f 2722 431 432
f 2722 432 2741
f 452 2744 2743
f 452 2743 450
f 2709 2747 2746
f 2709 2746 2745
f 2714 2708 2709
f 2714 2709 2745
f 2749 2748 2746
f 2749 2746 2747
f 2704 2750 2749
f 2704 2749 2747
f 2709 2703 2704
f 2709 2704 2747
f 2752 2751 2749
f 2752 2749 2750
f 2699 2753 2752
f 2699 2752 2750
f 2704 2698 2699
f 2704 2699 2750
f 2755 2754 2752
f 2755 2752 2753
f 2694 2756 2755
f 2694 2755 2753
f 2699 2693 2694
f 2699 2694 2753
f 2757 2484 2755
f 2757 2755 2756
f 2689 2758 2757
f 2689 2757 2756
f 2694 2688 2689
f 2694 2689 2756
f 2760 2759 2757
f 2760 2757 2758
f 2684 2761 2760
f 2684 2760 2758
f 2689 2683 2684
f 2689 2684 2758
f 2679 2762 2462
f 2679 2462 2761
f 2684 2678 2679
f 2684 2679 2761
f 2764 2763 483
f 2764 483 485
f 364 2671 2764
f 364 2764 485
f 2766 2765 2763
f 2766 2763 2764
f 2671 2477 2766
f 2671 2766 2764
f 2768 2767 2765
f 2768 2765 2766
f 2477 2472 2768
f 2477 2768 2766
f 2770 2769 2767
f 2770 2767 2768
f 2472 2473 2770
f 2472 2770 2768
f 2603 2605 2769
f 2603 2769 2770
f 2473 2601 2603
f 2473 2603 2770
f 2772 2771 2767
f 2772 2767 2769
f 2605 2773 2772
f 2605 2772 2769
f 2777 2775 2772
f 2777 2772 2773
f 2608 2779 2777
f 2608 2777 2773
f 2605 2606 2608
f 2605 2608 2773
f 2781 2780 2776
f 2781 2776 2778
f 2783 2782 2781
f 2783 2781 2778
f 2608 2610 2784
f 2608 2784 2779
f 2786 2785 2782
f 2786 2782 2783
f 2609 2611 2786
f 2609 2786 2783
f 2788 2787 2785
f 2788 2785 2786
f 2611 2614 2788
f 2611 2788 2786
f 2790 2789 2787
f 2790 2787 2788
f 2614 2617 2790
f 2614 2790 2788
f 2792 2791 2789
f 2792 2789 2790
f 2617 2793 2792
f 2617 2792 2790
f 2796 553 552
f 2796 552 2795
f 2797 555 553
f 2797 553 2796
f 2622 291 555
f 2622 555 2797
f 2523 2621 2622
f 2523 2622 2797
f 2799 2798 558
f 2799 558 559
f 294 2800 2799
f 294 2799 559
f 2802 2801 2799
f 2802 2799 2800
f 2625 2803 2802
f 2625 2802 2800
f 294 295 2625
f 294 2625 2800
f 2805 2804 2802
f 2805 2802 2803
f 2628 2806 2805
f 2628 2805 2803
f 2625 2626 2628
f 2625 2628 2803
f 2808 2807 2805
f 2808 2805 2806
f 2810 2809 2808
f 2810 2808 2806
f 2628 2629 2810
f 2628 2810 2806
f 2812 2811 2809
f 2812 2809 2810
f 2629 2630 2812
f 2629 2812 2810
f 2814 2813 2811
f 2814 2811 2812
f 2630 2815 2814
f 2630 2814 2812
f 2817 2816 2814
f 2817 2814 2815
f 2632 2818 2817
f 2632 2817 2815
f 2630 2631 2632
f 2630 2632 2815
f 2820 2819 2817
f 2820 2817 2818
f 590 589 2820
f 590 2820 2818
f 2632 312 590
f 2632 590 2818
f 2825 2823 2821
f 2825 2821 2822
f 2634 2635 2825
f 2634 2825 2822
f 2828 2827 2824
f 2828 2824 2826
f 2636 2828 2826
f 2830 2829 2827
f 2830 2827 2828
f 2832 2831 2829
f 2832 2829 2830
f 2835 2834 2832
f 2835 2832 2833
f 2837 2836 2835
f 2841 2840 2838
f 2841 2838 2839
f 2638 2842 2841
f 2638 2841 2839
f 2638 2639 2641
f 2638 2641 2842
f 2844 2843 2841
f 2844 2841 2842
f 2641 2845 2844
f 2641 2844 2842
f 2641 2642 2644
f 2641 2644 2845
f 2847 2846 2844
f 2847 2844 2845
f 2644 2646 2847
f 2644 2847 2845
f 2849 2848 2846
f 2849 2846 2847
f 2646 2648 2849
f 2646 2849 2847
f 2851 2850 2848
f 2851 2848 2849
f 2648 2650 2851
f 2648 2851 2849
f 2853 2852 2850
f 2853 2850 2851
f 2650 2652 2853
f 2650 2853 2851
f 2855 2854 2852
f 2855 2852 2853
f 2652 2654 2855
f 2652 2855 2853
f 2856 2854 2855
f 2654 2656 2856
f 2654 2856 2855
f 2656 2658 2857
f 2656 2857 2856
f 2660 2661 2663
f 2660 2663 2858
f 2663 2665 2859
f 2868 2865 2866
f 2798 2869 2868
f 2798 2868 2866
f 557 558 2798
f 557 2798 2866
f 2871 2870 2868
f 2871 2868 2869
f 2801 2872 2871
f 2801 2871 2869
f 2798 2799 2801
f 2798 2801 2869
f 2874 2873 2871
f 2874 2871 2872
f 2804 2875 2874
f 2804 2874 2872
f 2801 2802 2804
f 2801 2804 2872
f 2877 2876 2874
f 2877 2874 2875
f 2807 2878 2877
f 2807 2877 2875
f 2804 2805 2807
f 2804 2807 2875
f 2880 2877 2878
f 2882 2881 2880
f 2882 2880 2878
f 2807 2808 2882
f 2807 2882 2878
f 2884 2883 2881
f 2884 2881 2882
f 2808 2809 2884
f 2808 2884 2882
f 2886 2885 2883
f 2886 2883 2884
f 2809 2811 2886
f 2809 2886 2884
f 2888 2887 2885
f 2888 2885 2886
f 2811 2813 2888
f 2811 2888 2886
f 2890 2889 2887
f 2890 2887 2888
f 2813 2891 2890
f 2813 2890 2888
f 2893 2892 2890
f 2893 2890 2891
f 2816 2894 2893
f 2816 2893 2891
f 2813 2814 2816
f 2813 2816 2891
f 2896 2895 2893
f 2896 2893 2894
f 2819 2897 2896
f 2819 2896 2894
f 2816 2817 2819
f 2816 2819 2894
f 2899 2898 2896
f 2899 2896 2897
f 2901 2900 2899
f 2901 2899 2897
f 2819 2820 2901
f 2819 2901 2897
f 690 689 2900
f 690 2900 2901
f 2820 589 690
f 2820 690 2901
f 2905 2904 2902
f 2905 2902 2903
f 2824 2827 2905
f 2824 2905 2903
f 2907 2906 2904
f 2907 2904 2905
f 2827 2829 2907
f 2827 2907 2905
f 2909 2908 2906
f 2909 2906 2907
f 2829 2831 2909
f 2829 2909 2907
f 2911 2910 2908
f 2911 2908 2909
f 2831 2912 2911
f 2831 2911 2909
f 2831 2832 2834
f 2831 2834 2912
f 2914 2913 2911
f 2914 2911 2912
f 2834 2915 2914
f 2834 2914 2912
f 2834 2835 2836
f 2834 2836 2915
f 2919 2918 2917
f 2921 2920 2918
f 2921 2918 2919
f 2923 2922 2920
f 2925 2924 2922
f 2925 2922 2923
f 2929 2927 2926
f 2932 2931 2928
f 2932 2928 2930
f 2838 2840 2932
f 2838 2932 2930
f 2934 2933 2931
f 2934 2931 2932
f 2840 2935 2934
f 2840 2934 2932
f 2840 2841 2843
f 2840 2843 2935
f 2843 2938 2937
f 2843 2844 2846
f 2843 2846 2938
f 2940 2939 2937
f 2940 2937 2938
f 2846 2848 2940
f 2846 2940 2938
f 2941 2861 2939
f 2941 2939 2940
f 2848 2850 2941
f 2848 2941 2940
f 2860 2861 2941
f 2850 2852 2860
f 2850 2860 2941
f 2942 2937 2939
f 2861 2862 2942
f 2861 2942 2939
f 2944 2936 2942
f 2862 2944 2942
f 2946 2945 2943
f 2946 2943 2944
f 2863 2946 2944
f 2948 2947 2945
f 2948 2945 2946
f 2864 2948 2946
f 2950 2949 2948
f 2952 2951 2949
f 2956 2955 2953
f 2870 2957 2956
f 2870 2956 2954
f 2867 2868 2870
f 2873 2959 2958
f 2873 2958 2957
f 2870 2871 2873
f 2870 2873 2957
f 2873 2874 2876
f 2873 2876 2959
f 2876 2877 2879
f 2889 2961 2960
f 2963 2962 2960
f 2963 2960 2961
f 2892 2964 2963
f 2892 2963 2961
f 2889 2890 2892
f 2889 2892 2961
f 2966 2965 2963
f 2966 2963 2964
f 2895 2967 2966
f 2895 2966 2964
f 2892 2893 2895
f 2892 2895 2964
f 2969 2968 2966
f 2969 2966 2967
f 2898 2970 2969
f 2898 2969 2967
f 2895 2896 2898
f 2895 2898 2967
f 2972 2971 2969
f 2972 2969 2970
f 2974 2973 2972
f 2974 2972 2970
f 2898 2899 2974
f 2898 2974 2970
f 757 756 2975
f 757 2975 2976
f 2900 689 757
f 2900 757 2976
f 2980 2979 2977
f 2980 2977 2978
f 2902 2904 2980
f 2902 2980 2978
f 2982 2981 2979
f 2982 2979 2980
f 2904 2906 2982
f 2904 2982 2980
f 2984 2983 2981
f 2984 2981 2982
f 2906 2908 2984
f 2906 2984 2982
f 2986 2985 2983
f 2986 2983 2984
f 2908 2910 2986
f 2908 2986 2984
f 2988 2987 2985
f 2988 2985 2986
f 2910 2989 2988
f 2910 2988 2986
f 2910 2911 2913
f 2910 2913 2989
f 2991 2990 2988
f 2991 2988 2989
f 2913 2992 2991
f 2913 2991 2989
f 2913 2914 2916
f 2913 2916 2992
f 2994 2993 2991
f 2994 2991 2992
f 2916 2995 2994
f 2916 2994 2992
f 2916 2917 2918
f 2916 2918 2995
f 2997 2996 2994
f 2997 2994 2995
f 2918 2920 2997
f 2918 2997 2995
f 2999 2998 2996
f 2999 2996 2997
f 2920 2922 2999
f 2920 2999 2997
f 3001 3000 2998
f 3001 2998 2999
f 2922 2924 3001
f 2922 3001 2999
f 3003 3002 3000
f 3003 3000 3001
f 2924 2926 3003
f 2924 3003 3001
f 3006 3004 3002
f 3006 3002 3003
f 2926 2927 3006
f 2926 3006 3003
f 3009 3008 3005
f 3009 3005 3007
f 2928 2931 3009
f 2928 3009 3007
f 3011 3010 3008
f 3011 3008 3009
f 2931 2933 3011
f 2931 3011 3009
f 2945 2947 3010
f 2945 3010 3011
f 2933 2945 3011
f 3013 3012 3008
f 3013 3008 3010
f 2947 3014 3013
f 2947 3013 3010
f 3016 3013 3014
f 2949 2951 3016
f 2949 3016 3014
f 2947 2948 2949
f 2947 2949 3014
f 2955 3015 3016
f 2951 2953 2955
f 2951 2955 3016
f 3017 2955 2956
f 2957 3017 2956
f 3022 3021 3020
f 3027 3026 3024
f 3027 3024 3025
f 3029 3028 3027
f 3031 3030 3028
f 3033 3032 3030
f 3035 3034 3032
f 3037 3036 3034
f 3040 3039 3038
f 3042 3041 3039
f 3044 3043 3041
f 2962 3047 3046
f 3049 3046 3047
f 2965 3050 3049
f 2965 3049 3047
f 2962 2963 2965
f 2962 2965 3047
f 3052 3051 3049
f 3052 3049 3050
f 2968 3053 3052
f 2968 3052 3050
f 2965 2966 2968
f 2965 2968 3050
f 3055 3054 3052
f 3055 3052 3053
f 2971 3056 3055
f 2971 3055 3053
f 2968 2969 2971
f 2968 2971 3053
f 3058 3057 3055
f 3058 3055 3056
f 3060 3059 3058
f 3060 3058 3056
f 2971 2972 3060
f 2971 3060 3056
f 3062 3061 3059
f 3062 3059 3060
f 2972 2973 3062
f 2972 3062 3060
f 804 803 3063
f 804 3063 3064
f 2975 756 804
f 2975 804 3064
f 3066 3065 806
f 3068 3065 3066
f 3071 3070 3067
f 3071 3067 3069
f 2977 2979 3071
f 2977 3071 3069
f 3073 3072 3070
f 3073 3070 3071
f 2979 2981 3073
f 2979 3073 3071
f 3075 3074 3072
f 3075 3072 3073
f 2981 2983 3075
f 2981 3075 3073
f 3077 3076 3074
f 3077 3074 3075
f 2983 2985 3077
f 2983 3077 3075
f 3079 3078 3076
f 3079 3076 3077
f 2985 2987 3079
f 2985 3079 3077
f 3081 3080 3078
f 3081 3078 3079
f 2987 3082 3081
f 2987 3081 3079
f 2987 2988 2990
f 2987 2990 3082
f 3084 3083 3081
f 3084 3081 3082
f 2990 3085 3084
f 2990 3084 3082
f 2990 2991 2993
f 2990 2993 3085
f 3087 3086 3084
f 3087 3084 3085
f 2993 3088 3087
f 2993 3087 3085
f 2993 2994 2996
f 2993 2996 3088
f 3090 3089 3087
f 3090 3087 3088
f 2996 2998 3090
f 2996 3090 3088
f 3092 3091 3089
f 3092 3089 3090
f 2998 3000 3092
f 2998 3092 3090
f 3095 3093 3091
f 3095 3091 3092
f 3000 3002 3095
f 3000 3095 3092
f 3099 3097 3094
f 3099 3094 3096
f 3002 3004 3098
f 3002 3098 3095
f 3012 3100 3097
f 3012 3097 3099
f 3005 3008 3012
f 3005 3012 3099
f 3018 3019 3097
f 3012 3013 3015
f 3019 3102 3094
f 3019 3094 3097
f 3103 3091 3093
f 3103 3093 3101
f 3019 3020 3021
f 3019 3021 3102
f 3106 3105 3103
f 3106 3103 3104
f 3023 3107 3106
f 3023 3106 3104
f 3109 3108 3106
f 3109 3106 3107
f 3026 3110 3109
f 3026 3109 3107
f 3023 3024 3026
f 3023 3026 3107
f 3112 3111 3109
f 3112 3109 3110
f 3114 3113 3112
f 3114 3112 3110
f 3026 3027 3114
f 3026 3114 3110
f 3116 3115 3113
f 3116 3113 3114
f 3027 3028 3116
f 3027 3116 3114
f 3118 3117 3115
f 3118 3115 3116
f 3028 3030 3118
f 3028 3118 3116
f 3120 3119 3117
f 3120 3117 3118
f 3030 3032 3120
f 3030 3120 3118
f 3122 3121 3119
f 3122 3119 3120
f 3032 3034 3122
f 3032 3122 3120
f 3124 3123 3121
f 3124 3121 3122
f 3034 3125 3124
f 3034 3124 3122
f 3038 3126 3124
f 3038 3124 3125
f 3038 3039 3127
f 3038 3127 3126
f 3129 3128 3126
f 3129 3126 3127
f 3131 3130 3129
f 3131 3129 3127
f 3039 3041 3131
f 3039 3131 3127
f 3133 3132 3130
f 3133 3130 3131
f 3041 3043 3133
f 3041 3133 3131
f 3135 3134 3132
f 3135 3132 3133
f 3043 3136 3135
f 3043 3135 3133
f 3138 3137 3135
f 3138 3135 3136
f 3045 3138 3136
f 3043 3045 3136
f 3141 3140 3138
f 3141 3138 3139
f 3144 3143 3141
f 3051 3146 3145
f 3051 3145 3142
f 3048 3049 3051
f 3048 3051 3142
f 3149 3148 3145
f 3149 3145 3146
f 3054 3150 3149
f 3054 3149 3146
f 3051 3052 3054
f 3051 3054 3146
f 3152 3151 3149
f 3152 3149 3150
f 3057 3153 3152
f 3057 3152 3150
f 3054 3055 3057
f 3054 3057 3150
f 3155 3154 3152
f 3155 3152 3153
f 3157 3156 3155
f 3157 3155 3153
f 3057 3058 3157
f 3057 3157 3153
f 3159 3158 3156
f 3159 3156 3157
f 3058 3059 3159
f 3058 3159 3157
f 3161 3160 3158
f 3161 3158 3159
f 3059 3061 3161
f 3059 3161 3159
f 848 847 3162
f 848 3162 3163
f 3063 803 848
f 3063 848 3163
f 3165 3164 850
f 3165 850 851
f 805 3166 3165
f 805 3165 851
f 805 806 3065
f 805 3065 3166
f 3169 3165 3166
f 3065 3169 3166
f 3172 3168 3170
f 3067 3070 3172
f 3067 3172 3170
f 3174 3173 3171
f 3174 3171 3172
f 3070 3072 3174
f 3070 3174 3172
f 3176 3175 3173
f 3176 3173 3174
f 3072 3074 3176
f 3072 3176 3174
f 3178 3177 3175
f 3178 3175 3176
f 3074 3076 3178
f 3074 3178 3176
f 3181 3179 3177
f 3181 3177 3178
f 3076 3078 3181
f 3076 3181 3178
f 3186 3184 3180
f 3186 3180 3182
f 3078 3080 3185
f 3078 3185 3181
f 3112 3113 3183
f 3112 3183 3185
f 3080 3111 3112
f 3080 3112 3185
f 3190 3188 3180
f 3190 3180 3184
f 3113 3115 3189
f 3113 3189 3183
f 3194 3192 3188
f 3194 3188 3190
f 3115 3117 3193
f 3115 3193 3189
f 3198 3196 3192
f 3198 3192 3194
f 3117 3119 3197
f 3117 3197 3193
f 3202 3200 3196
f 3202 3196 3198
f 3119 3121 3201
f 3119 3201 3197
f 3206 3204 3200
f 3206 3200 3202
f 3121 3123 3205
f 3121 3205 3201
f 3208 3207 3203
f 3208 3203 3205
f 3123 3128 3208
f 3123 3208 3205
f 3210 3209 3207
f 3210 3207 3208
f 3128 3129 3210
f 3128 3210 3208
f 3212 3211 3209
f 3212 3209 3210
f 3129 3130 3212
f 3129 3212 3210
f 3214 3213 3211
f 3214 3211 3212
f 3130 3132 3214
f 3130 3214 3212
f 3216 3215 3213
f 3216 3213 3214
f 3132 3134 3216
f 3132 3216 3214
f 3218 3217 3215
f 3218 3215 3216
f 3134 3219 3218
f 3134 3218 3216
f 3221 3220 3218
f 3221 3218 3219
f 3137 3222 3221
f 3137 3221 3219
f 3134 3135 3137
f 3134 3137 3219
f 3224 3223 3221
f 3224 3221 3222
f 3140 3225 3224
f 3140 3224 3222
f 3137 3138 3140
f 3137 3140 3222
f 3227 3226 3224
f 3227 3224 3225
f 3143 3228 3227
f 3143 3227 3225
f 3140 3141 3143
f 3140 3143 3225
f 3230 3229 3227
f 3230 3227 3228
f 3147 3230 3228
f 3143 3144 3147
f 3143 3147 3228
f 3233 3232 3230
f 3151 3235 3234
f 3151 3234 3231
f 3148 3149 3151
f 3148 3151 3231
f 3238 3237 3234
f 3238 3234 3235
f 3154 3239 3238
f 3154 3238 3235
f 3151 3152 3154
f 3151 3154 3235
f 3241 3240 3238
f 3241 3238 3239
f 3243 3242 3241
f 3243 3241 3239
f 3154 3155 3243
f 3154 3243 3239
f 3245 3244 3242
f 3245 3242 3243
f 3155 3156 3245
f 3155 3245 3243
f 3247 3246 3244
f 3247 3244 3245
f 3156 3158 3247
f 3156 3247 3245
f 3249 3248 3246
f 3249 3246 3247
f 3158 3160 3249
f 3158 3249 3247
f 3251 3250 3248
f 3251 3248 3249
f 3160 3162 3251
f 3160 3251 3249
f 918 917 3250
f 918 3250 3251
f 3162 847 918
f 3162 918 3251
f 849 850 3164
f 3164 3255 3254
f 3164 3254 3252
f 3164 3165 3167
f 3259 3258 3256
f 3259 3256 3257
f 3171 3173 3259
f 3171 3259 3257
f 3261 3260 3258
f 3261 3258 3259
f 3173 3175 3261
f 3173 3261 3259
f 3263 3262 3260
f 3263 3260 3261
f 3175 3177 3263
f 3175 3263 3261
f 3187 3191 3262
f 3187 3262 3263
f 3177 3179 3187
f 3177 3187 3263
f 3265 3264 3260
f 3265 3260 3262
f 3191 3195 3265
f 3191 3265 3262
f 3267 3266 3264
f 3267 3264 3265
f 3195 3199 3267
f 3195 3267 3265
f 3269 3268 3266
f 3269 3266 3267
f 3199 3203 3269
f 3199 3269 3267
f 3271 3270 3268
f 3271 3268 3269
f 3203 3207 3271
f 3203 3271 3269
f 3273 3272 3270
f 3273 3270 3271
f 3207 3209 3273
f 3207 3273 3271
f 3275 3274 3272
f 3275 3272 3273
f 3209 3211 3275
f 3209 3275 3273
f 3277 3276 3274
f 3277 3274 3275
f 3211 3213 3277
f 3211 3277 3275
f 3279 3278 3276
f 3279 3276 3277
f 3213 3215 3279
f 3213 3279 3277
f 3281 3280 3278
f 3281 3278 3279
f 3215 3217 3281
f 3215 3281 3279
f 3283 3282 3280
f 3283 3280 3281
f 3217 3284 3283
f 3217 3283 3281
f 3286 3285 3283
f 3286 3283 3284
f 3220 3287 3286
f 3220 3286 3284
f 3217 3218 3220
f 3217 3220 3284
f 3289 3288 3286
f 3289 3286 3287
f 3223 3290 3289
f 3223 3289 3287
f 3220 3221 3223
f 3220 3223 3287
f 3226 3293 3292
f 3226 3292 3290
f 3223 3224 3226
f 3223 3226 3290
f 3295 3294 3292
f 3295 3292 3293
f 3229 3296 3295
f 3229 3295 3293
f 3226 3227 3229
f 3226 3229 3293
f 3297 3295 3296
f 3232 3298 3297
f 3232 3297 3296
f 3229 3230 3232
f 3229 3232 3296
f 3299 3297 3298
f 3236 3300 3299
f 3236 3299 3298
f 3232 3233 3236
f 3232 3236 3298
f 3240 3303 3302
f 3240 3302 3301
f 3237 3238 3240
f 3237 3240 3301
f 3305 3304 3302
f 3305 3302 3303
f 3307 3306 3305
f 3307 3305 3303
f 3240 3241 3307
f 3240 3307 3303
f 3309 3308 3306
f 3309 3306 3307
f 3241 3242 3309
f 3241 3309 3307
f 3311 3310 3308
f 3311 3308 3309
f 3242 3244 3311
f 3242 3311 3309
f 3313 3312 3310
f 3313 3310 3311
f 3244 3246 3313
f 3244 3313 3311
f 3315 3314 3312
f 3315 3312 3313
f 3246 3248 3315
f 3246 3315 3313
f 3317 3316 3314
f 3317 3314 3315
f 3248 3250 3317
f 3248 3317 3315
f 983 982 3316
f 983 3316 3317
f 3250 917 983
f 3250 983 3317
f 3321 3320 3319
f 3253 3322 3321
f 3324 3323 3321
f 3324 3321 3322
f 3256 3258 3324
f 3256 3324 3322
f 3264 3266 3323
f 3264 3323 3324
f 3258 3260 3264
f 3258 3264 3324
f 3325 3320 3321
f 3325 3321 3323
f 3266 3268 3325
f 3266 3325 3323
f 3327 3326 3320
f 3327 3320 3325
f 3268 3270 3327
f 3268 3327 3325
f 3329 3328 3326
f 3329 3326 3327
f 3270 3272 3329
f 3270 3329 3327
f 3331 3330 3328
f 3331 3328 3329
f 3272 3274 3331
f 3272 3331 3329
f 3333 3332 3330
f 3333 3330 3331
f 3274 3276 3333
f 3274 3333 3331
f 3335 3334 3332
f 3335 3332 3333
f 3276 3278 3335
f 3276 3335 3333
f 3337 3336 3334
f 3337 3334 3335
f 3278 3280 3337
f 3278 3337 3335
f 3339 3338 3336
f 3339 3336 3337
f 3280 3282 3339
f 3280 3339 3337
f 3341 3340 3338
f 3341 3338 3339
f 3282 3342 3341
f 3282 3341 3339
f 3344 3343 3341
f 3344 3341 3342
f 3285 3345 3344
f 3285 3344 3342
f 3282 3283 3285
f 3282 3285 3342
f 3347 3346 3344
f 3347 3344 3345
f 3288 3348 3347
f 3288 3347 3345
f 3285 3286 3288
f 3285 3288 3345
f 3350 3349 3347
f 3350 3347 3348
f 3291 3351 3350
f 3291 3350 3348
f 3288 3289 3291
f 3288 3291 3348
f 3353 3352 3350
f 3353 3350 3351
f 3358 3357 3356
f 3358 3356 3355
f 3304 3305 3358
f 3304 3358 3355
f 3360 3359 3357
f 3360 3357 3358
f 3305 3306 3360
f 3305 3360 3358
f 3362 3361 3359
f 3362 3359 3360
f 3306 3308 3362
f 3306 3362 3360
f 3364 3363 3361
f 3364 3361 3362
f 3308 3310 3364
f 3308 3364 3362
f 3366 3365 3363
f 3366 3363 3364
f 3310 3312 3366
f 3310 3366 3364
f 3368 3367 3365
f 3368 3365 3366
f 3312 3314 3368
f 3312 3368 3366
f 3370 3369 3367
f 3370 3367 3368
f 3314 3316 3370
f 3314 3370 3368
f 1044 1043 3369
f 1044 3369 3370
f 3316 982 1044
f 3316 1044 3370
f 3328 3330 3372
f 3328 3372 3373
f 3318 3326 3328
f 3318 3328 3373
f 3330 3332 3371
f 3330 3371 3372
f 3332 3334 3374
f 3332 3374 3371
f 3334 3336 3375
f 3334 3375 3374
f 3336 3338 3376
f 3336 3376 3375
f 3338 3340 3377
f 3338 3377 3376
f 3340 3379 3378
f 3340 3378 3377
f 3343 3381 3380
f 3343 3380 3379
f 3340 3341 3343
f 3340 3343 3379
f 3383 3382 3380
f 3383 3380 3381
f 3346 3384 3383
f 3346 3383 3381
f 3343 3344 3346
f 3343 3346 3381
f 3386 3385 3383
f 3386 3383 3384
f 3349 3387 3386
f 3349 3386 3384
f 3346 3347 3349
f 3346 3349 3384
f 3389 3388 3386
f 3389 3386 3387
f 3352 3390 3389
f 3352 3389 3387
f 3349 3350 3352
f 3349 3352 3387
f 3392 3391 3389
f 3392 3389 3390
f 3354 3393 3392
f 3354 3392 3390
f 3352 3353 3354
f 3352 3354 3390
f 3395 3394 3392
f 3395 3392 3393
f 3400 3399 3397
f 3400 3397 3398
f 3356 3357 3400
f 3356 3400 3398
f 3402 3401 3399
f 3402 3399 3400
f 3357 3359 3402
f 3357 3402 3400
f 3404 3403 3401
f 3404 3401 3402
f 3359 3361 3404
f 3359 3404 3402
f 3406 3405 3403
f 3406 3403 3404
f 3361 3363 3406
f 3361 3406 3404
f 3408 3407 3405
f 3408 3405 3406
f 3363 3365 3408
f 3363 3408 3406
f 3410 3409 3407
f 3410 3407 3408
f 3365 3367 3410
f 3365 3410 3408
f 3412 3411 3409
f 3412 3409 3410
f 3367 3369 3412
f 3367 3412 3410
f 1096 1095 3411
f 1096 3411 3412
f 3369 1043 1096
f 3369 1096 3412
f 3385 3416 3415
f 3385 3415 3413
f 3382 3383 3385
f 3382 3385 3413
f 3418 3417 3415
f 3418 3415 3416
f 3388 3419 3418
f 3388 3418 3416
f 3385 3386 3388
f 3385 3388 3416
f 3421 3420 3418
f 3421 3418 3419
f 3391 3422 3421
f 3391 3421 3419
f 3388 3389 3391
f 3388 3391 3419
f 3424 3423 3421
f 3424 3421 3422
f 3394 3425 3424
f 3394 3424 3422
f 3391 3392 3394
f 3391 3394 3422
f 3427 3426 3424
f 3427 3424 3425
f 3396 3428 3427
f 3396 3427 3425
f 3394 3395 3396
f 3394 3396 3425
f 3430 3429 3427
f 3430 3427 3428
f 3436 3435 3433
f 3436 3433 3434
f 3397 3399 3436
f 3397 3436 3434
f 3438 3437 3435
f 3438 3435 3436
f 3399 3401 3438
f 3399 3438 3436
f 3440 3439 3437
f 3440 3437 3438
f 3401 3403 3440
f 3401 3440 3438
f 3442 3441 3439
f 3442 3439 3440
f 3403 3405 3442
f 3403 3442 3440
f 3444 3443 3441
f 3444 3441 3442
f 3405 3407 3444
f 3405 3444 3442
f 3446 3445 3443
f 3446 3443 3444
f 3407 3409 3446
f 3407 3446 3444
f 3448 3447 3445
f 3448 3445 3446
f 3409 3411 3448
f 3409 3448 3446
f 1152 1151 3447
f 1152 3447 3448
f 3411 1095 1152
f 3411 1152 3448
f 3414 3415 3417
f 3414 3417 3449
f 3420 3453 3452
f 3420 3452 3450
f 3417 3418 3420
f 3417 3420 3450
f 3455 3454 3452
f 3455 3452 3453
f 3423 3456 3455
f 3423 3455 3453
f 3420 3421 3423
f 3420 3423 3453
f 3458 3457 3455
f 3458 3455 3456
f 3426 3459 3458
f 3426 3458 3456
f 3423 3424 3426
f 3423 3426 3456
f 3461 3460 3458
f 3461 3458 3459
f 3429 3462 3461
f 3429 3461 3459
f 3426 3427 3429
f 3426 3429 3459
f 3464 3463 3461
f 3464 3461 3462
f 3431 3465 3464
f 3431 3464 3462
f 3429 3430 3431
f 3429 3431 3462
f 3467 3466 3464
f 3467 3464 3465
f 3473 3472 3470
f 3473 3470 3471
f 3432 3433 3473
f 3432 3473 3471
f 3475 3474 3472
f 3475 3472 3473
f 3433 3435 3475
f 3433 3475 3473
f 3477 3476 3474
f 3477 3474 3475
f 3435 3437 3477
f 3435 3477 3475
f 3479 3478 3476
f 3479 3476 3477
f 3437 3439 3479
f 3437 3479 3477
f 3481 3480 3478
f 3481 3478 3479
f 3439 3441 3481
f 3439 3481 3479
f 3483 3482 3480
f 3483 3480 3481
f 3441 3443 3483
f 3441 3483 3481
f 3485 3484 3482
f 3485 3482 3483
f 3443 3445 3485
f 3443 3485 3483
f 3487 3486 3484
f 3487 3484 3485
f 3445 3447 3487
f 3445 3487 3485
f 1209 1208 3486
f 1209 3486 3487
f 3447 1151 1209
f 3447 1209 3487
f 3489 1213 1211
f 3489 1211 3488
f 3454 3493 3492
f 3451 3452 3454
f 3495 3494 3492
f 3495 3492 3493
f 3457 3496 3495
f 3457 3495 3493
f 3454 3455 3457
f 3454 3457 3493
f 3498 3497 3495
f 3498 3495 3496
f 3460 3499 3498
f 3460 3498 3496
f 3457 3458 3460
f 3457 3460 3496
f 3501 3500 3498
f 3501 3498 3499
f 3463 3502 3501
f 3463 3501 3499
f 3460 3461 3463
f 3460 3463 3499
f 3504 3503 3501
f 3504 3501 3502
f 3466 3505 3504
f 3466 3504 3502
f 3463 3464 3466
f 3463 3466 3502
f 3507 3506 3504
f 3507 3504 3505
f 3468 3508 3507
f 3468 3507 3505
f 3466 3467 3468
f 3466 3468 3505
f 3510 3509 3507
f 3510 3507 3508
f 3469 3510 3508
f 3512 3511 3510
f 3470 3472 3513
f 3472 3474 3514
f 3474 3476 3515
f 3476 3478 3516
f 3478 3480 3517
f 3480 3482 3518
f 3480 3518 3517
f 3482 3484 3519
f 3482 3519 3518
f 3484 3486 3520
f 3486 1208 1250
f 3490 3521 1252
f 3490 1252 1251
f 1213 3489 3490
f 1213 3490 1251
f 3522 1254 1252
f 3522 1252 3521
f 3491 3492 3494
f 3497 3526 3525
f 3497 3525 3523
f 3494 3495 3497
f 3494 3497 3523
f 3528 3525 3526
f 3500 3529 3528
f 3500 3528 3526
f 3497 3498 3500
f 3497 3500 3526
f 3531 3530 3528
f 3531 3528 3529
f 3503 3532 3531
f 3503 3531 3529
f 3500 3501 3503
f 3500 3503 3529
f 3534 3533 3531
f 3534 3531 3532
f 3506 3535 3534
f 3506 3534 3532
f 3503 3504 3506
f 3503 3506 3532
f 3537 3536 3534
f 3537 3534 3535
f 3509 3538 3537
f 3509 3537 3535
f 3506 3507 3509
f 3506 3509 3535
f 3540 3539 3537
f 3540 3537 3538
f 3511 3541 3540
f 3511 3540 3538
f 3509 3510 3511
f 3509 3511 3538
f 3543 3542 3540
f 3543 3540 3541
f 3545 3544 3543
f 3545 3543 3541
f 3511 3545 3541
f 3549 3548 3547
f 3524 3550 1282
f 3524 1282 1281
f 1254 3522 3524
f 1254 3524 1281
f 3530 3553 3552
f 3530 3552 3551
f 3527 3528 3530
f 3555 3554 3552
f 3555 3552 3553
f 3533 3556 3555
f 3533 3555 3553
f 3530 3531 3533
f 3530 3533 3553
f 3558 3557 3555
f 3558 3555 3556
f 3536 3559 3558
f 3536 3558 3556
f 3533 3534 3536
f 3533 3536 3556
f 3561 3560 3558
f 3561 3558 3559
f 3539 3562 3561
f 3539 3561 3559
f 3536 3537 3539
f 3536 3539 3559
f 3564 3563 3561
f 3564 3561 3562
f 3542 3565 3564
f 3542 3564 3562
f 3539 3540 3542
f 3539 3542 3562
f 3567 3566 3564
f 3567 3564 3565
f 3569 3568 3567
f 3569 3567 3565
f 3542 3543 3569
f 3542 3569 3565
f 3571 3570 3568
f 3571 3568 3569
f 3543 3544 3571
f 3543 3571 3569
f 3573 3572 3570
f 3573 3570 3571
f 3544 3546 3573
f 3544 3573 3571
f 3575 3574 3572
f 3575 3572 3573
f 3546 3575 3573
f 3579 3578 3576
f 3579 3576 3577
f 3547 3548 3579
f 3547 3579 3577
f 3581 3578 3579
f 3548 3581 3579
f 3554 3587 3586
f 3554 3586 3585
f 3589 3588 3586
f 3589 3586 3587
f 3557 3590 3589
f 3557 3589 3587
f 3554 3555 3557
f 3554 3557 3587
f 3592 3591 3589
f 3592 3589 3590
f 3560 3593 3592
f 3560 3592 3590
f 3557 3558 3560
f 3557 3560 3590
f 3595 3594 3592
f 3595 3592 3593
f 3563 3596 3595
f 3563 3595 3593
f 3560 3561 3563
f 3560 3563 3593
f 3598 3597 3595
f 3598 3595 3596
f 3566 3599 3598
f 3566 3598 3596
f 3563 3564 3566
f 3563 3566 3596
f 3601 3600 3598
f 3601 3598 3599
f 3603 3602 3601
f 3603 3601 3599
f 3566 3567 3603
f 3566 3603 3599
f 3605 3604 3602
f 3605 3602 3603
f 3567 3568 3605
f 3567 3605 3603
f 3607 3606 3604
f 3607 3604 3605
f 3568 3570 3607
f 3568 3607 3605
f 3609 3608 3606
f 3609 3606 3607
f 3570 3572 3609
f 3570 3609 3607
f 3611 3610 3608
f 3611 3608 3609
f 3572 3574 3611
f 3572 3611 3609
f 3614 3610 3611
f 3574 3614 3611
f 3617 3616 3613
f 3617 3613 3615
f 3576 3578 3617
f 3576 3617 3615
f 3619 3618 3616
f 3619 3616 3617
f 3578 3580 3619
f 3578 3619 3617
f 3621 3620 3618
f 3621 3618 3619
f 3580 3621 3619
f 3623 3622 3620
f 3623 3620 3621
f 3582 3583 3623
f 3582 3623 3621
f 3625 3624 3622
f 3625 3622 3623
f 3583 3584 3625
f 3583 3625 3623
f 3627 3626 3624
f 3627 3624 3625
f 3584 3627 3625
f 3629 3626 3627
f 1315 1314 3630
f 3591 3633 3632
f 3591 3632 3631
f 3588 3589 3591
f 3588 3591 3631
f 3635 3634 3632
f 3635 3632 3633
f 3594 3636 3635
f 3594 3635 3633
f 3591 3592 3594
f 3591 3594 3633
f 3638 3637 3635
f 3638 3635 3636
f 3597 3639 3638
f 3597 3638 3636
f 3594 3595 3597
f 3594 3597 3636
f 3641 3640 3638
f 3641 3638 3639
f 3600 3642 3641
f 3600 3641 3639
f 3597 3598 3600
f 3597 3600 3639
f 3644 3643 3641
f 3644 3641 3642
f 3646 3645 3644
f 3646 3644 3642
f 3600 3601 3646
f 3600 3646 3642
f 3648 3647 3645
f 3648 3645 3646
f 3601 3602 3648
f 3601 3648 3646
f 3650 3649 3647
f 3650 3647 3648
f 3602 3604 3650
f 3602 3650 3648
f 3652 3651 3649
f 3652 3649 3650
f 3604 3606 3652
f 3604 3652 3650
f 3654 3653 3651
f 3654 3651 3652
f 3606 3608 3654
f 3606 3654 3652
f 3656 3655 3653
f 3656 3653 3654
f 3608 3610 3656
f 3608 3656 3654
f 3659 3657 3655
f 3659 3655 3656
f 3610 3612 3659
f 3610 3659 3656
f 3662 3661 3658
f 3662 3658 3660
f 3613 3616 3662
f 3613 3662 3660
f 3664 3663 3661
f 3664 3661 3662
f 3616 3618 3664
f 3616 3664 3662
f 3666 3665 3663
f 3666 3663 3664
f 3618 3620 3666
f 3618 3666 3664
f 3668 3667 3665
f 3668 3665 3666
f 3620 3622 3668
f 3620 3668 3666
f 3670 3669 3667
f 3670 3667 3668
f 3622 3624 3670
f 3622 3670 3668
f 3672 3671 3669
f 3672 3669 3670
f 3624 3626 3672
f 3624 3672 3670
f 3674 3673 3671
f 3674 3671 3672
f 3626 3628 3674
f 3626 3674 3672
f 3676 3675 3673
f 3676 3673 3674
f 3628 3630 3676
f 3628 3676 3674
f 1319 1318 3675
f 1319 3675 3676
f 3630 1314 1319
f 3630 1319 3676
f 3637 3679 3678
f 3637 3678 3677
f 3634 3635 3637
f 3634 3637 3677
f 3681 3680 3678
f 3681 3678 3679
f 3640 3682 3681
f 3640 3681 3679
f 3637 3638 3640
f 3637 3640 3679
f 3684 3683 3681
f 3684 3681 3682
f 3643 3685 3684
f 3643 3684 3682
f 3640 3641 3643
f 3640 3643 3682
f 3687 3686 3684
f 3687 3684 3685
f 3689 3688 3687
f 3689 3687 3685
f 3643 3644 3689
f 3643 3689 3685
f 3691 3690 3688
f 3691 3688 3689
f 3644 3645 3691
f 3644 3691 3689
f 3693 3692 3690
f 3693 3690 3691
f 3645 3647 3693
f 3645 3693 3691
f 3695 3694 3692
f 3695 3692 3693
f 3647 3649 3695
f 3647 3695 3693
f 3697 3696 3694
f 3697 3694 3695
f 3649 3651 3697
f 3649 3697 3695
f 3699 3698 3696
f 3699 3696 3697
f 3651 3653 3699
f 3651 3699 3697
f 3701 3700 3698
f 3701 3698 3699
f 3653 3655 3701
f 3653 3701 3699
f 3703 3700 3701
f 3655 3703 3701
f 3706 3705 3702
f 3706 3702 3704
f 3658 3661 3706
f 3658 3706 3704
f 3708 3707 3705
f 3708 3705 3706
f 3661 3663 3708
f 3661 3708 3706
f 3710 3709 3707
f 3710 3707 3708
f 3663 3665 3710
f 3663 3710 3708
f 3712 3711 3709
f 3712 3709 3710
f 3665 3667 3712
f 3665 3712 3710
f 3714 3713 3711
f 3714 3711 3712
f 3667 3669 3714
f 3667 3714 3712
f 3716 3715 3713
f 3716 3713 3714
f 3669 3671 3716
f 3669 3716 3714
f 3718 3717 3715
f 3718 3715 3716
f 3671 3673 3718
f 3671 3718 3716
f 3720 3719 3717
f 3720 3717 3718
f 3673 3675 3720
f 3673 3720 3718
f 2427 1322 3719
f 2427 3719 3720
f 3675 1318 2427
f 3675 2427 3720
f 3683 3723 3722
f 3683 3722 3721
f 3680 3681 3683
f 3680 3683 3721
f 3725 3724 3722
f 3725 3722 3723
f 3686 3726 3725
f 3686 3725 3723
f 3683 3684 3686
f 3683 3686 3723
f 3728 3727 3725
f 3728 3725 3726
f 3730 3729 3728
f 3730 3728 3726
f 3686 3687 3730
f 3686 3730 3726
f 3732 3731 3729
f 3732 3729 3730
f 3687 3688 3732
f 3687 3732 3730
f 3734 3733 3731
f 3734 3731 3732
f 3688 3690 3734
f 3688 3734 3732
f 3736 3735 3733
f 3736 3733 3734
f 3690 3692 3736
f 3690 3736 3734
f 3738 3737 3735
f 3738 3735 3736
f 3692 3694 3738
f 3692 3738 3736
f 3740 3739 3737
f 3740 3737 3738
f 3694 3696 3740
f 3694 3740 3738
f 3742 3741 3739
f 3742 3739 3740
f 3696 3698 3742
f 3696 3742 3740
f 3744 3743 3741
f 3744 3741 3742
f 3698 3700 3744
f 3698 3744 3742
f 3748 3747 3745
f 3748 3745 3746
f 3702 3705 3748
f 3702 3748 3746
f 3750 3749 3747
f 3750 3747 3748
f 3705 3707 3750
f 3705 3750 3748
f 3752 3751 3749
f 3752 3749 3750
f 3707 3709 3752
f 3707 3752 3750
f 3754 3753 3751
f 3754 3751 3752
f 3709 3711 3754
f 3709 3754 3752
f 3756 3755 3753
f 3756 3753 3754
f 3711 3713 3756
f 3711 3756 3754
f 3758 3757 3755
f 3758 3755 3756
f 3713 3715 3758
f 3713 3758 3756
f 3760 3759 3757
f 3760 3757 3758
f 3715 3717 3760
f 3715 3760 3758
f 3762 3761 3759
f 3762 3759 3760
f 3717 3719 3762
f 3717 3762 3760
f 1329 1327 3761
f 1329 3761 3762
f 3719 1322 1329
f 3719 1329 3762
f 3724 3763 2428
f 3764 2428 3763
f 3727 3765 3764
f 3727 3764 3763
f 3724 3725 3727
f 3724 3727 3763
f 3767 3766 3764
f 3767 3764 3765
f 3769 3768 3767
f 3769 3767 3765
f 3727 3728 3769
f 3727 3769 3765
f 3771 3770 3768
f 3771 3768 3769
f 3728 3729 3771
f 3728 3771 3769
f 3773 3772 3770
f 3773 3770 3771
f 3729 3731 3773
f 3729 3773 3771
f 3775 3774 3772
f 3775 3772 3773
f 3731 3733 3775
f 3731 3775 3773
f 3777 3776 3774
f 3777 3774 3775
f 3733 3735 3777
f 3733 3777 3775
f 3779 3778 3776
f 3779 3776 3777
f 3735 3737 3779
f 3735 3779 3777
f 3781 3780 3778
f 3781 3778 3779
f 3737 3739 3781
f 3737 3781 3779
f 3783 3782 3780
f 3783 3780 3781
f 3739 3741 3783
f 3739 3783 3781
f 3741 3743 3784
f 3741 3784 3783
f 3788 3787 3785
f 3788 3785 3786
f 3745 3747 3788
f 3745 3788 3786
f 3790 3789 3787
f 3790 3787 3788
f 3747 3749 3790
f 3747 3790 3788
f 3791 3789 3790
f 3749 3751 3791
f 3749 3791 3790
f 3751 3753 3793
f 3751 3793 3791
f 3795 3794 3792
f 3795 3792 3793
f 3753 3755 3795
f 3753 3795 3793
f 3797 3796 3794
f 3797 3794 3795
f 3755 3757 3797
f 3755 3797 3795
f 3799 3798 3796
f 3799 3796 3797
f 3757 3759 3799
f 3757 3799 3797
f 3801 3800 3798
f 3801 3798 3799
f 3759 3761 3801
f 3759 3801 3799
f 1338 1336 3800
f 1338 3800 3801
f 3761 1327 1338
f 3761 1338 3801
f 3806 3805 3804
f 3802 3807 3806
f 3802 3766 3767
f 3802 3767 3807
f 3809 3808 3806
f 3809 3806 3807
f 3767 3768 3809
f 3767 3809 3807
f 3811 3810 3808
f 3811 3808 3809
f 3768 3770 3811
f 3768 3811 3809
f 3813 3812 3810
f 3813 3810 3811
f 3770 3772 3813
f 3770 3813 3811
f 3815 3814 3812
f 3815 3812 3813
f 3772 3774 3815
f 3772 3815 3813
f 3817 3816 3814
f 3817 3814 3815
f 3774 3776 3817
f 3774 3817 3815
f 3819 3818 3816
f 3819 3816 3817
f 3776 3778 3819
f 3776 3819 3817
f 3821 3820 3818
f 3821 3818 3819
f 3778 3780 3821
f 3778 3821 3819
f 3823 3822 3820
f 3823 3820 3821
f 3780 3782 3823
f 3780 3823 3821
f 3827 3826 3824
f 3827 3824 3825
f 3785 3787 3827
f 3785 3827 3825
f 3829 3828 3826
f 3829 3826 3827
f 3787 3789 3829
f 3787 3829 3827
f 3831 3828 3829
f 3833 3832 3830
f 3835 3834 3832
f 3835 3832 3833
f 3792 3794 3835
f 3792 3835 3833
f 3837 3836 3834
f 3837 3834 3835
f 3794 3796 3837
f 3794 3837 3835
f 3839 3838 3836
f 3839 3836 3837
f 3796 3798 3839
f 3796 3839 3837
f 3841 3840 3838
f 3841 3838 3839
f 3798 3800 3841
f 3798 3841 3839
f 1363 1361 3840
f 1363 3840 3841
f 3800 1336 1363
f 3800 1363 3841
f 3843 3842 1365
f 3843 1365 1366
f 1339 3844 3843
f 1339 3843 1366
f 3846 3845 3843
f 3846 3843 3844
f 3850 3848 1374
f 3850 1374 1375
f 1340 3851 3850
f 1340 3850 1375
f 3854 3852 3849
f 3803 3855 3854
f 3803 3805 3855
f 3857 3856 3854
f 3857 3854 3855
f 3805 3858 3857
f 3805 3857 3855
f 3805 3806 3808
f 3805 3808 3858
f 3860 3859 3857
f 3860 3857 3858
f 3808 3810 3860
f 3808 3860 3858
f 3862 3861 3859
f 3862 3859 3860
f 3810 3812 3862
f 3810 3862 3860
f 3864 3863 3861
f 3864 3861 3862
f 3812 3814 3864
f 3812 3864 3862
f 3866 3865 3863
f 3866 3863 3864
f 3814 3816 3866
f 3814 3866 3864
f 3868 3867 3865
f 3868 3865 3866
f 3816 3818 3868
f 3816 3868 3866
f 3870 3869 3867
f 3870 3867 3868
f 3818 3820 3870
f 3818 3870 3868
f 3871 3869 3870
f 3820 3822 3871
f 3820 3871 3870
f 3875 3874 3872
f 3875 3872 3873
f 3824 3826 3875
f 3824 3875 3873
f 3877 3876 3874
f 3877 3874 3875
f 3826 3828 3877
f 3826 3877 3875
f 3879 3876 3877
f 3828 3879 3877
f 3881 3880 3878
f 3830 3832 3881
f 3883 3882 3880
f 3883 3880 3881
f 3832 3834 3883
f 3832 3883 3881
f 3885 3884 3882
f 3885 3882 3883
f 3834 3836 3885
f 3834 3885 3883
f 3887 3886 3884
f 3887 3884 3885
f 3836 3838 3887
f 3836 3887 3885
f 3889 3888 3886
f 3889 3886 3887
f 3838 3840 3889
f 3838 3889 3887
f 2430 1404 3888
f 2430 3888 3889
f 3840 1361 2430
f 3840 2430 3889
f 3891 3890 1406
f 3891 1406 1407
f 1364 3892 3891
f 1364 3891 1407
f 3894 3893 3891
f 3894 3891 3892
f 3842 3895 3894
f 3842 3894 3892
f 1364 1365 3842
f 1364 3842 3892
f 3897 3896 3894
f 3897 3894 3895
f 3845 3898 3897
f 3845 3897 3895
f 3842 3843 3845
f 3842 3845 3895
f 3900 3899 3897
f 3900 3897 3898
f 3847 3901 3900
f 3847 3900 3898
f 3845 3846 3847
f 3845 3847 3898
f 3903 3902 3900
f 3903 3900 3901
f 3906 3905 2431
f 3906 2431 1423
f 1373 3908 3907
f 1373 3907 1424
f 1373 1374 3848
f 1373 3848 3908
f 3911 3910 3907
f 3911 3907 3908
f 3848 3912 3911
f 3848 3911 3908
f 3848 3850 3853
f 3848 3853 3912
f 3914 3913 3911
f 3914 3911 3912
f 3853 3916 3914
f 3853 3914 3912
f 3852 3854 3856
f 3852 3856 3915
f 3919 3917 3914
f 3919 3914 3916
f 3856 3920 3918
f 3856 3918 3915
f 3856 3857 3859
f 3856 3859 3920
f 3923 3921 3918
f 3923 3918 3920
f 3859 3861 3923
f 3859 3923 3920
f 3926 3924 3921
f 3926 3921 3923
f 3861 3863 3926
f 3861 3926 3923
f 3929 3927 3924
f 3929 3924 3926
f 3863 3865 3929
f 3863 3929 3926
f 3932 3930 3927
f 3932 3927 3929
f 3865 3867 3932
f 3865 3932 3929
f 3935 3933 3930
f 3935 3930 3932
f 3867 3869 3935
f 3867 3935 3932
f 3939 3937 3934
f 3939 3934 3936
f 3869 3938 3935
f 3941 3940 3937
f 3941 3937 3939
f 3944 3942 3940
f 3944 3940 3941
f 3948 3947 3943
f 3948 3943 3945
f 3872 3874 3948
f 3872 3948 3945
f 3951 3950 3947
f 3951 3947 3948
f 3874 3876 3951
f 3874 3951 3948
f 3956 3955 3953
f 3878 3880 3956
f 3959 3958 3955
f 3959 3955 3956
f 3880 3882 3959
f 3880 3959 3956
f 3962 3961 3958
f 3962 3958 3959
f 3882 3884 3962
f 3882 3962 3959
f 3965 3964 3961
f 3965 3961 3962
f 3884 3886 3965
f 3884 3965 3962
f 3968 3967 3964
f 3968 3964 3965
f 3886 3888 3968
f 3886 3968 3965
f 1475 1472 3967
f 1475 3967 3968
f 3888 1404 1475
f 3888 1475 3968
f 3971 3970 2433
f 3971 2433 1477
f 1405 3972 3971
f 1405 3971 1477
f 3974 3973 3971
f 3974 3971 3972
f 3890 3975 3974
f 3890 3974 3972
f 1405 1406 3890
f 1405 3890 3972
f 3977 3976 3974
f 3977 3974 3975
f 3893 3978 3977
f 3893 3977 3975
f 3890 3891 3893
f 3890 3893 3975
f 3980 3979 3977
f 3980 3977 3978
f 3896 3981 3980
f 3896 3980 3978
f 3893 3894 3896
f 3893 3896 3978
f 3983 3982 3980
f 3983 3980 3981
f 3899 3984 3983
f 3899 3983 3981
f 3896 3897 3899
f 3896 3899 3981
f 3986 3985 3983
f 3986 3983 3984
f 3902 3987 3986
f 3902 3986 3984
f 3899 3900 3902
f 3899 3902 3984
f 3989 3988 3986
f 3989 3986 3987
f 3904 3990 3989
f 3904 3989 3987
f 3902 3903 3904
f 3902 3904 3987
f 3992 3991 3989
f 3992 3989 3990
f 3994 3993 1504
f 3994 1504 1505
f 2435 3996 3994
f 2435 3994 1505
f 2434 2431 3905
f 2434 3905 3995
f 3999 3997 3994
f 3999 3994 3996
f 3905 4000 3998
f 3905 3998 3995
f 3905 3906 3909
f 3905 3909 4000
f 4003 4001 3998
f 4003 3998 4000
f 3909 4004 4003
f 3909 4003 4000
f 3910 3911 3913
f 3910 3913 4005
f 4007 4006 4003
f 4007 4003 4004
f 3913 4009 4008
f 3913 4008 4005
f 3913 3914 3917
f 3913 3917 4009
f 4012 4011 4008
f 4012 4008 4009
f 3917 4013 4012
f 3917 4012 4009
f 3917 3919 3922
f 3917 3922 4013
f 4015 4014 4012
f 4015 4012 4013
f 3922 3925 4015
f 3922 4015 4013
f 4017 4016 4014
f 4017 4014 4015
f 3925 3928 4017
f 3925 4017 4015
f 4019 4018 4016
f 4019 4016 4017
f 3928 3931 4019
f 3928 4019 4017
f 4021 4020 4018
f 4021 4018 4019
f 3931 3934 4021
f 3931 4021 4019
f 4023 4022 4020
f 4023 4020 4021
f 3934 3937 4023
f 3934 4023 4021
f 4025 4024 4022
f 4025 4022 4023
f 3937 3940 4025
f 3937 4025 4023
f 4027 4026 4024
f 4027 4024 4025
f 3940 3942 4027
f 3940 4027 4025
f 4029 4028 4026
f 4029 4026 4027
f 3942 3946 4029
f 3942 4029 4027
f 4031 4030 4028
f 4031 4028 4029
f 3946 3949 4031
f 3946 4031 4029
f 4033 4032 4030
f 4033 4030 4031
f 3949 3952 4033
f 3949 4033 4031
f 4035 4034 4032
f 4035 4032 4033
f 3952 3954 4035
f 3952 4035 4033
f 4037 4036 4034
f 4037 4034 4035
f 3954 3957 4037
f 3954 4037 4035
f 4039 4038 4036
f 4039 4036 4037
f 3957 3960 4039
f 3957 4039 4037
f 4041 4040 4038
f 4041 4038 4039
f 3960 3963 4041
f 3960 4041 4039
f 4043 4042 4040
f 4043 4040 4041
f 3963 3966 4043
f 3963 4043 4041
f 1544 1543 4042
f 1544 4042 4043
f 3966 1471 1544
f 3966 1544 4043
f 4045 4042 1543
f 4045 1543 1546
f 1476 4046 4044
f 1476 4044 1545
f 4049 4047 4044
f 4049 4044 4046
f 3969 4050 4049
f 3969 4049 4046
f 1476 2432 3969
f 1476 3969 4046
f 4053 4052 4049
f 4053 4049 4050
f 3973 4055 4054
f 3973 4054 4051
f 3970 3971 3973
f 3970 3973 4051
f 4058 4057 4054
f 4058 4054 4055
f 3976 4059 4058
f 3976 4058 4055
f 3973 3974 3976
f 3973 3976 4055
f 4061 4060 4058
f 4061 4058 4059
f 3979 4062 4061
f 3979 4061 4059
f 3976 3977 3979
f 3976 3979 4059
f 4064 4063 4061
f 4064 4061 4062
f 3982 4065 4064
f 3982 4064 4062
f 3979 3980 3982
f 3979 3982 4062
f 4067 4066 4064
f 4067 4064 4065
f 3985 4068 4067
f 3985 4067 4065
f 3982 3983 3985
f 3982 3985 4065
f 4070 4069 4067
f 4070 4067 4068
f 3988 4071 4070
f 3988 4070 4068
f 3985 3986 3988
f 3985 3988 4068
f 4073 4072 4070
f 4073 4070 4071
f 3991 4074 4073
f 3991 4073 4071
f 3988 3989 3991
f 3988 3991 4071
f 4076 4075 4073
f 4076 4073 4074
f 4080 4078 4076
f 4080 4076 4074
f 3991 3992 4080
f 3991 4080 4074
f 4082 4081 4077
f 4082 4077 4079
f 4091 4090 1585
f 4091 1585 1586
f 1503 4092 4091
f 1503 4091 1586
f 1503 1504 3993
f 1503 3993 4092
f 4094 4093 4091
f 4094 4091 4092
f 3993 4095 4094
f 3993 4094 4092
f 3993 3994 3997
f 3993 3997 4095
f 4097 4096 4094
f 4097 4094 4095
f 3997 4098 4097
f 3997 4097 4095
f 3997 3999 4002
f 3997 4002 4098
f 4100 4099 4097
f 4100 4097 4098
f 4002 4102 4100
f 4002 4100 4098
f 4001 4003 4006
f 4001 4006 4101
f 4105 4103 4100
f 4105 4100 4102
f 4006 4106 4104
f 4006 4104 4101
f 4006 4007 4010
f 4006 4010 4106
f 4108 4107 4104
f 4108 4104 4106
f 4010 4109 4108
f 4010 4108 4106
f 4011 4012 4014
f 4011 4014 4110
f 4112 4111 4108
f 4112 4108 4109
f 4014 4016 4113
f 4014 4113 4110
f 4115 4114 4111
f 4115 4111 4112
f 4016 4018 4116
f 4016 4116 4113
f 4118 4117 4114
f 4118 4114 4115
f 4018 4020 4119
f 4018 4119 4116
f 4121 4120 4117
f 4121 4117 4118
f 4020 4022 4122
f 4020 4122 4119
f 4125 4123 4120
f 4125 4120 4121
f 4022 4024 4127
f 4022 4127 4122
f 4129 4128 4124
f 4129 4124 4126
f 4024 4026 4130
f 4024 4130 4127
f 4132 4131 4128
f 4132 4128 4129
f 4026 4028 4133
f 4026 4133 4130
f 4135 4134 4131
f 4135 4131 4132
f 4028 4030 4136
f 4028 4136 4133
f 4138 4137 4134
f 4138 4134 4135
f 4030 4032 4139
f 4030 4139 4136
f 4141 4140 4137
f 4141 4137 4138
f 4032 4034 4142
f 4032 4142 4139
f 4144 4143 4140
f 4144 4140 4141
f 4034 4036 4145
f 4034 4145 4142
f 4146 4052 4143
f 4146 4143 4144
f 4036 4038 4147
f 4036 4147 4145
f 4047 4049 4052
f 4047 4052 4146
f 4038 4040 4048
f 4038 4048 4147
f 4056 4148 4140
f 4056 4140 4143
f 4052 4053 4056
f 4052 4056 4143
f 4150 4137 4140
f 4150 4140 4148
f 4060 4152 4151
f 4060 4151 4149
f 4057 4058 4060
f 4057 4060 4149
f 4155 4154 4151
f 4155 4151 4152
f 4063 4156 4155
f 4063 4155 4152
f 4060 4061 4063
f 4060 4063 4152
f 4158 4157 4155
f 4158 4155 4156
f 4066 4159 4158
f 4066 4158 4156
f 4063 4064 4066
f 4063 4066 4156
f 4161 4160 4158
f 4161 4158 4159
f 4069 4162 4161
f 4069 4161 4159
f 4066 4067 4069
f 4066 4069 4159
f 4164 4163 4161
f 4164 4161 4162
f 4072 4165 4164
f 4072 4164 4162
f 4069 4070 4072
f 4069 4072 4162
f 4167 4166 4164
f 4167 4164 4165
f 4075 4168 4167
f 4075 4167 4165
f 4072 4073 4075
f 4072 4075 4165
f 4170 4169 4167
f 4170 4167 4168
f 4172 4171 4170
f 4172 4170 4168
f 4075 4076 4172
f 4075 4172 4168
f 4176 4174 4171
f 4176 4171 4172
f 4076 4078 4176
f 4076 4176 4172
f 4178 4177 4173
f 4178 4173 4175
f 4077 4081 4178
f 4077 4178 4175
f 4180 4179 4177
f 4180 4177 4178
f 4081 4083 4180
f 4081 4180 4178
f 4182 4181 4179
f 4182 4179 4180
f 4083 4084 4182
f 4083 4182 4180
f 4184 4183 4181
f 4184 4181 4182
f 4084 4085 4184
f 4084 4184 4182
f 4186 4185 4183
f 4186 4183 4184
f 4085 4086 4186
f 4085 4186 4184
f 4188 4187 4185
f 4188 4185 4186
f 4086 4087 4188
f 4086 4188 4186
f 4190 4189 4187
f 4190 4187 4188
f 4087 4088 4190
f 4087 4190 4188
f 4192 4191 4189
f 4192 4189 4190
f 4088 4089 4192
f 4088 4192 4190
f 4194 4193 4191
f 4194 4191 4192
f 4089 4195 4194
f 4089 4194 4192
f 4197 4196 4194
f 4197 4194 4195
f 4200 4199 1660
f 4200 1660 1661
f 1584 4201 4200
f 1584 4200 1661
f 1584 1585 4090
f 1584 4090 4201
f 4203 4202 4200
f 4203 4200 4201
f 4090 4204 4203
f 4090 4203 4201
f 4090 4091 4093
f 4090 4093 4204
f 4206 4205 4203
f 4206 4203 4204
f 4093 4207 4206
f 4093 4206 4204
f 4093 4094 4096
f 4093 4096 4207
f 4209 4208 4206
f 4209 4206 4207
f 4096 4210 4209
f 4096 4209 4207
f 4096 4097 4099
f 4096 4099 4210
f 4212 4211 4209
f 4212 4209 4210
f 4099 4213 4212
f 4099 4212 4210
f 4099 4100 4103
f 4099 4103 4213
f 4215 4214 4212
f 4215 4212 4213
f 4103 4216 4215
f 4103 4215 4213
f 4218 4217 4215
f 4107 4108 4111
f 4107 4111 4219
f 4222 4220 4218
f 4111 4114 4221
f 4111 4221 4219
f 4225 4223 4220
f 4225 4220 4222
f 4114 4117 4224
f 4114 4224 4221
f 4228 4226 4223
f 4228 4223 4225
f 4117 4120 4227
f 4117 4227 4224
f 4232 4229 4226
f 4232 4226 4228
f 4120 4123 4230
f 4120 4230 4227
f 4235 4233 4229
f 4235 4229 4232
f 4124 4128 4234
f 4124 4234 4231
f 4237 4157 4233
f 4237 4233 4235
f 4128 4131 4236
f 4128 4236 4234
f 4154 4155 4157
f 4154 4157 4237
f 4131 4134 4153
f 4131 4153 4236
f 4160 4238 4229
f 4160 4229 4233
f 4157 4158 4160
f 4157 4160 4233
f 4239 4226 4229
f 4239 4229 4238
f 4163 4240 4239
f 4163 4239 4238
f 4160 4161 4163
f 4160 4163 4238
f 4242 4241 4239
f 4242 4239 4240
f 4166 4243 4242
f 4166 4242 4240
f 4163 4164 4166
f 4163 4166 4240
f 4245 4244 4242
f 4245 4242 4243
f 4169 4246 4245
f 4169 4245 4243
f 4166 4167 4169
f 4166 4169 4243
f 4248 4247 4245
f 4248 4245 4246
f 4250 4249 4248
f 4250 4248 4246
f 4169 4170 4250
f 4169 4250 4246
f 4252 4251 4249
f 4252 4249 4250
f 4170 4171 4252
f 4170 4252 4250
f 4256 4254 4251
f 4256 4251 4252
f 4171 4174 4256
f 4171 4256 4252
f 4258 4257 4253
f 4258 4253 4255
f 4173 4177 4258
f 4173 4258 4255
f 4260 4259 4257
f 4260 4257 4258
f 4177 4179 4260
f 4177 4260 4258
f 4262 4261 4259
f 4262 4259 4260
f 4179 4181 4262
f 4179 4262 4260
f 4264 4263 4261
f 4264 4261 4262
f 4181 4183 4264
f 4181 4264 4262
f 4266 4265 4263
f 4266 4263 4264
f 4183 4185 4266
f 4183 4266 4264
f 4268 4267 4265
f 4268 4265 4266
f 4185 4187 4268
f 4185 4268 4266
f 4270 4269 4267
f 4270 4267 4268
f 4187 4189 4270
f 4187 4270 4268
f 4272 4271 4269
f 4272 4269 4270
f 4189 4191 4272
f 4189 4272 4270
f 4274 4273 4271
f 4274 4271 4272
f 4191 4193 4274
f 4191 4274 4272
f 4276 4275 4273
f 4276 4273 4274
f 4193 4277 4276
f 4193 4276 4274
f 4279 4278 4276
f 4279 4276 4277
f 4196 4280 4279
f 4196 4279 4277
f 4193 4194 4196
f 4193 4196 4277
f 4282 4281 4279
f 4282 4279 4280
f 4285 4284 1728
f 4285 1728 1729
f 1658 4286 4285
f 1658 4285 1729
f 1658 1659 4198
f 1658 4198 4286
f 4288 4287 4285
f 4288 4285 4286
f 4198 4289 4288
f 4198 4288 4286
f 4199 4200 4202
f 4199 4202 4290
f 4292 4291 4288
f 4292 4288 4289
f 4202 4294 4293
f 4202 4293 4290
f 4202 4203 4205
f 4202 4205 4294
f 4297 4296 4293
f 4297 4293 4294
f 4205 4298 4297
f 4205 4297 4294
f 4205 4206 4208
f 4205 4208 4298
f 4300 4299 4297
f 4300 4297 4298
f 4208 4301 4300
f 4208 4300 4298
f 4208 4209 4211
f 4208 4211 4301
f 4303 4302 4300
f 4303 4300 4301
f 4211 4304 4303
f 4211 4303 4301
f 4211 4212 4214
f 4211 4214 4304
f 4247 4248 4303
f 4247 4303 4304
f 4214 4305 4247
f 4214 4247 4304
f 4214 4215 4217
f 4214 4217 4305
f 4244 4245 4247
f 4244 4247 4305
f 4217 4306 4244
f 4217 4244 4305
f 4217 4218 4220
f 4217 4220 4306
f 4241 4242 4244
f 4241 4244 4306
f 4220 4223 4241
f 4220 4241 4306
f 4248 4249 4302
f 4248 4302 4303
f 4307 4299 4300
f 4307 4300 4302
f 4249 4251 4307
f 4249 4307 4302
f 4311 4309 4299
f 4311 4299 4307
f 4251 4254 4311
f 4251 4311 4307
f 4313 4312 4308
f 4313 4308 4310
f 4253 4257 4313
f 4253 4313 4310
f 4315 4314 4312
f 4315 4312 4313
f 4257 4259 4315
f 4257 4315 4313
f 4317 4316 4314
f 4317 4314 4315
f 4259 4261 4317
f 4259 4317 4315
f 4319 4318 4316
f 4319 4316 4317
f 4261 4263 4319
f 4261 4319 4317
f 4321 4320 4318
f 4321 4318 4319
f 4263 4265 4321
f 4263 4321 4319
f 4323 4322 4320
f 4323 4320 4321
f 4265 4267 4323
f 4265 4323 4321
f 4325 4324 4322
f 4325 4322 4323
f 4267 4269 4325
f 4267 4325 4323
f 4327 4326 4324
f 4327 4324 4325
f 4269 4271 4327
f 4269 4327 4325
f 4329 4328 4326
f 4329 4326 4327
f 4271 4273 4329
f 4271 4329 4327
f 4331 4328 4329
f 4273 4331 4329
f 4333 4332 4330
f 4333 4330 4331
f 4275 4334 4333
f 4275 4333 4331
f 4336 4335 4333
f 4336 4333 4334
f 4278 4337 4336
f 4278 4336 4334
f 4275 4276 4278
f 4275 4278 4334
f 4339 4338 4336
f 4339 4336 4337
f 4281 4340 4339
f 4281 4339 4337
f 4278 4279 4281
f 4278 4281 4337
f 4342 4341 4339
f 4342 4339 4340
f 4283 4343 4342
f 4283 4342 4340
f 4281 4282 4283
f 4281 4283 4340
f 4345 4344 4342
f 4345 4342 4343
f 4348 4347 1780
f 4348 1780 1781
f 1727 4349 4348
f 1727 4348 1781
f 1727 1728 4284
f 1727 4284 4349
f 4351 4350 4348
f 4351 4348 4349
f 4284 4352 4351
f 4284 4351 4349
f 4284 4285 4287
f 4284 4287 4352
f 4354 4353 4351
f 4354 4351 4352
f 4287 4355 4354
f 4287 4354 4352
f 4287 4288 4291
f 4287 4291 4355
f 4357 4356 4354
f 4357 4354 4355
f 4291 4358 4357
f 4291 4357 4355
f 4291 4292 4295
f 4291 4295 4358
f 4312 4314 4357
f 4312 4357 4358
f 4295 4308 4312
f 4295 4312 4358
f 4314 4316 4356
f 4314 4356 4357
f 4359 4353 4354
f 4359 4354 4356
f 4316 4318 4359
f 4316 4359 4356
f 4361 4360 4353
f 4361 4353 4359
f 4318 4320 4361
f 4318 4361 4359
f 4363 4362 4360
f 4363 4360 4361
f 4320 4322 4363
f 4320 4363 4361
f 4365 4364 4362
f 4365 4362 4363
f 4322 4324 4365
f 4322 4365 4363
f 4367 4366 4364
f 4367 4364 4365
f 4324 4326 4367
f 4324 4367 4365
f 4369 4368 4366
f 4369 4366 4367
f 4326 4328 4369
f 4326 4369 4367
f 4370 4368 4369
f 4328 4370 4369
f 4332 4373 4372
f 4375 4374 4372
f 4375 4372 4373
f 4335 4376 4375
f 4335 4375 4373
f 4332 4333 4335
f 4332 4335 4373
f 4378 4377 4375
f 4378 4375 4376
f 4338 4379 4378
f 4338 4378 4376
f 4335 4336 4338
f 4335 4338 4376
f 4381 4380 4378
f 4381 4378 4379
f 4341 4382 4381
f 4341 4381 4379
f 4338 4339 4341
f 4338 4341 4379
f 4384 4383 4381
f 4384 4381 4382
f 4344 4385 4384
f 4344 4384 4382
f 4341 4342 4344
f 4341 4344 4382
f 4387 4386 4384
f 4387 4384 4385
f 4346 4388 4387
f 4346 4387 4385
f 4344 4345 4346
f 4344 4346 4385
f 4390 4389 4387
f 4390 4387 4388
f 4393 4392 1806
f 4393 1806 1808
f 1779 4394 4393
f 1779 4393 1808
f 1779 1780 4347
f 1779 4347 4394
f 4396 4395 4393
f 4396 4393 4394
f 4347 4397 4396
f 4347 4396 4394
f 4347 4348 4350
f 4347 4350 4397
f 4362 4364 4396
f 4362 4396 4397
f 4350 4360 4362
f 4350 4362 4397
f 4364 4366 4395
f 4364 4395 4396
f 4398 4392 4393
f 4398 4393 4395
f 4366 4368 4398
f 4366 4398 4395
f 4399 4392 4398
f 4368 4399 4398
f 4403 4400 4401
f 4374 4404 4403
f 4374 4403 4401
f 4371 4374 4401
f 4406 4405 4403
f 4406 4403 4404
f 4377 4407 4406
f 4377 4406 4404
f 4374 4375 4377
f 4374 4377 4404
f 4409 4408 4406
f 4409 4406 4407
f 4380 4410 4409
f 4380 4409 4407
f 4377 4378 4380
f 4377 4380 4407
f 4412 4411 4409
f 4412 4409 4410
f 4383 4413 4412
f 4383 4412 4410
f 4380 4381 4383
f 4380 4383 4410
f 4415 4414 4412
f 4415 4412 4413
f 4386 4416 4415
f 4386 4415 4413
f 4383 4384 4386
f 4383 4386 4413
f 4418 4417 4415
f 4418 4415 4416
f 4389 4419 4418
f 4389 4418 4416
f 4386 4387 4389
f 4386 4389 4416
f 4421 4420 4418
f 4421 4418 4419
f 4391 4422 4421
f 4389 4390 4391
f 4389 4391 4419
f 4424 4423 4421
f 4424 4421 4422
f 4428 4426 4427
f 4405 4429 4428
f 4405 4428 4427
f 4402 4403 4405
f 4402 4405 4427
f 4431 4430 4428
f 4431 4428 4429
f 4408 4432 4431
f 4408 4431 4429
f 4405 4406 4408
f 4405 4408 4429
f 4434 4433 4431
f 4434 4431 4432
f 4411 4435 4434
f 4411 4434 4432
f 4408 4409 4411
f 4408 4411 4432
f 4437 4436 4434
f 4437 4434 4435
f 4414 4438 4437
f 4414 4437 4435
f 4411 4412 4414
f 4411 4414 4435
f 4440 4439 4437
f 4440 4437 4438
f 4417 4441 4440
f 4417 4440 4438
f 4414 4415 4417
f 4414 4417 4438
f 4443 4442 4440
f 4443 4440 4441
f 4420 4444 4443
f 4420 4443 4441
f 4417 4418 4420
f 4417 4420 4441
f 4446 4445 4443
f 4446 4443 4444
f 4423 4447 4446
f 4423 4446 4444
f 4420 4421 4423
f 4420 4423 4444
f 4449 4448 4446
f 4449 4446 4447
f 4425 4450 4449
f 4425 4449 4447
f 4423 4424 4425
f 4423 4425 4447
f 4452 4451 4449
f 4452 4449 4450
f 4456 4453 4454
f 4433 4457 4456
f 4433 4456 4454
f 4430 4431 4433
f 4430 4433 4454
f 4459 4458 4456
f 4459 4456 4457
f 4436 4460 4459
f 4436 4459 4457
f 4433 4434 4436
f 4433 4436 4457
f 4462 4461 4459
f 4462 4459 4460
f 4439 4463 4462
f 4439 4462 4460
f 4436 4437 4439
f 4436 4439 4460
f 4465 4464 4462
f 4465 4462 4463
f 4442 4466 4465
f 4442 4465 4463
f 4439 4440 4442
f 4439 4442 4463
f 4468 4467 4465
f 4468 4465 4466
f 4445 4469 4468
f 4445 4468 4466
f 4442 4443 4445
f 4442 4445 4466
f 4471 4470 4468
f 4471 4468 4469
f 4448 4472 4471
f 4448 4471 4469
f 4445 4446 4448
f 4445 4448 4469
f 4448 4449 4451
f 4448 4451 4472
f 4455 4474 1882
f 4475 1884 1882
f 4475 1882 4474
f 4458 4476 4475
f 4458 4475 4474
f 4455 4456 4458
f 4455 4458 4474
f 4478 4477 4475
f 4478 4475 4476
f 4461 4479 4478
f 4461 4478 4476
f 4458 4459 4461
f 4458 4461 4476
f 4481 4480 4478
f 4481 4478 4479
f 4464 4482 4481
f 4464 4481 4479
f 4461 4462 4464
f 4461 4464 4479
f 4484 4483 4481
f 4484 4481 4482
f 4467 4485 4484
f 4467 4484 4482
f 4464 4465 4467
f 4464 4467 4482
f 4487 4486 4484
f 4487 4484 4485
f 4470 4488 4487
f 4470 4487 4485
f 4467 4468 4470
f 4467 4470 4485
f 4470 4471 4473
f 4470 4473 4488
f 4477 4489 1898
f 4477 1898 1896
f 1884 4475 4477
f 1884 4477 1896
f 4490 1900 1898
f 4490 1898 4489
f 4480 4491 4490
f 4480 4490 4489
f 4477 4478 4480
f 4477 4480 4489
f 4492 4490 4491
f 4480 4481 4483
f 4480 4483 4491
f 4483 4484 4486
f 4483 4486 4493
f 1913 1912 4496
f 4494 1906 1913
f 4502 4501 4499
f 4502 4499 4500
f 4495 4503 4502
f 4495 4502 4500
f 4505 4504 4502
f 4505 4502 4503
f 4507 4506 4505
f 4507 4505 4503
f 4495 4496 4507
f 4495 4507 4503
f 1939 1937 4506
f 1939 4506 4507
f 4496 1912 1939
f 4496 1939 4507
f 4510 4509 4508
f 4497 4511 4510
f 4513 4512 4510
f 4513 4510 4511
f 4498 4514 4513
f 4498 4513 4511
f 4516 4515 4513
f 4516 4513 4514
f 4501 4517 4516
f 4501 4516 4514
f 4498 4499 4501
f 4498 4501 4514
f 4519 4518 4516
f 4519 4516 4517
f 4504 4520 4519
f 4504 4519 4517
f 4501 4502 4504
f 4501 4504 4517
f 4522 4521 4519
f 4522 4519 4520
f 4524 4523 4522
f 4524 4522 4520
f 4504 4505 4524
f 4504 4524 4520
f 4526 4525 4523
f 4526 4523 4524
f 4505 4506 4526
f 4505 4526 4524
f 1972 1970 4525
f 1972 4525 4526
f 4506 1937 1972
f 4506 1972 4526
f 4529 4528 4527
f 4508 4509 4529
f 4531 4530 4528
f 4531 4528 4529
f 4509 4532 4531
f 4509 4531 4529
f 4534 4533 4531
f 4534 4531 4532
f 4512 4535 4534
f 4512 4534 4532
f 4509 4510 4512
f 4509 4512 4532
f 4537 4536 4534
f 4537 4534 4535
f 4515 4538 4537
f 4515 4537 4535
f 4512 4513 4515
f 4512 4515 4535
f 4540 4539 4537
f 4540 4537 4538
f 4518 4541 4540
f 4518 4540 4538
f 4515 4516 4518
f 4515 4518 4538
f 4543 4540 4541
f 4521 4543 4541
f 4518 4519 4521
f 4518 4521 4541
f 4521 4522 4544
f 4522 4523 4545
f 4523 4525 4546
f 4525 1970 2009
f 4549 4548 4547
f 4527 4528 4549
f 4551 4550 4548
f 4551 4548 4549
f 4528 4530 4551
f 4528 4551 4549
f 4553 4552 4550
f 4553 4550 4551
f 4530 4554 4553
f 4530 4553 4551
f 4533 4556 4555
f 4530 4531 4533
f 4530 4533 4554
f 4558 4557 4555
f 4558 4555 4556
f 4536 4559 4558
f 4536 4558 4556
f 4533 4534 4536
f 4533 4536 4556
f 4560 4558 4559
f 4539 4560 4559
f 4536 4537 4539
f 4536 4539 4559
f 4539 4540 4542
f 1804 1806 4392
f 4350 4351 4353
f 4350 4353 4360
f 4296 4297 4299
f 4296 4299 4309
f 4223 4226 4239
f 4223 4239 4241
f 4134 4137 4150
f 4134 4150 4153
f 4040 4042 4045
f 4040 4045 4048
f 3318 3319 3320
f 3318 3320 3326
f 3123 3124 3126
f 3123 3126 3128
f 3080 3081 3083
f 3080 3083 3111
f 3083 3108 3109
f 3083 3109 3111
f 3083 3084 3086
f 3083 3086 3108
f 3086 3105 3106
f 3086 3106 3108
f 3086 3087 3089
f 3086 3089 3105
f 3089 3091 3103
f 3089 3103 3105
f 4563 4562 2116
f 4563 2116 2118
f 483 2763 4563
f 483 4563 2118
f 4566 4565 4562
f 4566 4562 4563
f 2763 2765 4566
f 2763 4566 4563
f 2771 4568 4565
f 2771 4565 4566
f 2765 2767 2771
f 2765 2771 4566
f 4570 4569 4564
f 4570 4564 4567
f 2774 4571 4570
f 2771 2772 2775
f 2771 2775 4568
f 2490 4572 4570
f 2490 4570 4571
f 2780 2487 2490
f 2780 2490 4571
f 2774 2780 4571
f 4575 4574 4573
f 4575 4573 4572
f 2490 2488 4575
f 2490 4575 4572
f 4573 4569 4570
f 4573 4570 4572
f 4577 4576 4574
f 4577 4574 4575
f 2488 2489 4577
f 2488 4577 4575
f 4579 4578 4576
f 4579 4576 4577
f 2489 4580 4579
f 2489 4579 4577
f 4582 4581 4579
f 4582 4579 4580
f 4584 4583 4582
f 4584 4582 4580
f 2489 2485 4584
f 2489 4584 4580
f 4586 4585 4583
f 4586 4583 4584
f 2485 2486 4586
f 2485 4586 4584
f 2782 2785 4585
f 2782 4585 4586
f 2486 2781 2782
f 2486 2782 4586
f 4588 4587 4583
f 4588 4583 4585
f 2785 2787 4588
f 2785 4588 4585
f 4590 4589 4587
f 4590 4587 4588
f 2787 2789 4590
f 2787 4590 4588
f 4592 4591 4589
f 4592 4589 4590
f 2789 2791 4592
f 2789 4592 4590
f 4594 4593 4591
f 4594 4591 4592
f 2791 4595 4594
f 2791 4594 4592
f 4596 2512 4594
f 4596 4594 4595
f 2794 4597 4596
f 2794 4596 4595
f 2791 2792 2794
f 2791 2794 4595
f 4599 4598 4596
f 4599 4596 4597
f 4603 4602 2174
f 4603 2174 2438
f 2114 4561 4603
f 2114 4603 2438
f 4569 4573 4602
f 4569 4602 4603
f 4561 4564 4569
f 4561 4569 4603
f 4604 2177 2174
f 4604 2174 4602
f 4573 4574 4604
f 4573 4604 4602
f 4605 2179 2177
f 4605 2177 4604
f 4574 4576 4605
f 4574 4605 4604
f 4606 2181 2179
f 4606 2179 4605
f 4576 4578 4606
f 4576 4606 4605
f 4607 2183 2181
f 4607 2181 4606
f 4578 4608 4607
f 4578 4607 4606
f 4610 4609 4607
f 4610 4607 4608
f 4581 4611 4610
f 4581 4610 4608
f 4578 4579 4581
f 4578 4581 4608
f 4613 4612 4610
f 4613 4610 4611
f 4615 4614 4613
f 4615 4613 4611
f 4581 4582 4615
f 4581 4615 4611
f 4587 4589 4614
f 4587 4614 4615
f 4582 4583 4587
f 4582 4587 4615
f 4617 4616 4613
f 4617 4613 4614
f 4589 4591 4617
f 4589 4617 4614
f 4619 4618 4616
f 4619 4616 4617
f 4591 4593 4619
f 4591 4619 4617
f 2516 4620 4618
f 2516 4618 4619
f 4593 2513 2516
f 4593 2516 4619
f 4622 4621 4618
f 4622 4618 4620
f 4624 4623 4622
f 4624 4622 4620
f 2516 2514 4624
f 2516 4624 4620
f 4626 4625 4623
f 4626 4623 4624
f 2514 2515 4626
f 2514 4626 4624
f 4628 4627 4625
f 4628 4625 4626
f 2515 4629 4628
f 2515 4628 4626
f 2515 2511 4598
f 2515 4598 4629
f 4600 4630 4628
f 4600 4628 4629
f 4598 4599 4600
f 4598 4600 4629
f 4631 4627 4628
f 4631 4628 4630
f 4633 4632 4627
f 4633 4627 4631
f 2440 2214 4632
f 2440 4632 4633
f 4601 2437 2440
f 4601 2440 4633
f 4609 4634 2218
f 4609 2218 2219
f 2183 4607 4609
f 2183 4609 2219
f 4635 2217 2218
f 4635 2218 4634
f 4612 4636 4635
f 4612 4635 4634
f 4609 4610 4612
f 4609 4612 4634
f 4621 4637 4635
f 4621 4635 4636
f 4616 4618 4621
f 4616 4621 4636
f 4612 4613 4616
f 4612 4616 4636
f 2216 2217 4635
f 2216 4635 4637
f 4638 2215 2216
f 4638 2216 4637
f 4621 4622 4638
f 4621 4638 4637
f 4639 2225 2215
f 4639 2215 4638
f 4622 4623 4639
f 4622 4639 4638
f 4640 2227 2225
f 4640 2225 4639
f 4623 4625 4640
f 4623 4640 4639
f 4632 2214 2227
f 4632 2227 4640
f 4625 4627 4632
f 4625 4632 4640
f 2511 2512 4596
f 2511 4596 4598
f 2512 2513 4593
f 2512 4593 4594
f 2486 2487 2780
f 2486 2780 2781
f 2483 2484 2757
f 2483 2757 2759
f 2484 2479 2754
f 2484 2754 2755
f 2479 2480 4641
f 2479 4641 2754
f 4641 2751 2752
f 4641 2752 2754
f 2480 4643 4642
f 2480 4642 4641
f 4642 4644 2751
f 4642 2751 4641
f 2748 2749 2751
f 2748 2751 4644
f 2233 4646 4645
f 2233 4645 2235
f 4645 4647 453
f 4645 453 2235
f 4645 4649 4648
f 4645 4648 4647
f 2744 452 453
f 2744 453 4647
f 4648 4650 2744
f 4648 2744 4647
f 4648 4654 4652
f 4648 4652 4650
f 2742 2743 2744
f 2742 2744 4650
f 4652 4656 2742
f 4652 2742 4650
f 4651 4658 4657
f 4651 4657 4655
f 2736 2739 2742
f 2736 2742 4656
f 4657 2734 2735
f 4657 2735 4655
f 4661 4660 4659
f 4661 4659 4658
f 4651 4653 4661
f 4651 4661 4658
f 4659 4662 4657
f 4659 4657 4658
f 4659 4664 4663
f 4659 4663 4662
f 2733 2734 4657
f 2733 4657 4662
f 4663 2535 2733
f 4663 2733 4662
f 4667 4666 4665
f 4667 4665 4664
f 4659 4660 4667
f 4659 4667 4664
f 4665 2539 4663
f 4665 4663 4664
f 4669 4668 4666
f 4669 4666 4667
f 4660 4670 4669
f 4660 4669 4667
f 4672 4671 4669
f 4672 4669 4670
f 4674 4673 4672
f 4674 4672 4670
f 4660 4661 4674
f 4660 4674 4670
f 4677 4675 4673
f 4677 4673 4674
f 4661 4653 4677
f 4661 4677 4674
f 4649 4679 4676
f 4649 4676 4678
f 4654 4648 4649
f 4654 4649 4678
f 4682 4681 4676
f 4682 4676 4679
f 4646 4683 4682
f 4646 4682 4679
f 4649 4645 4646
f 4649 4646 4679
f 4685 4684 4682
f 4685 4682 4683
f 2234 2277 4685
f 2234 4685 4683
f 4646 2233 2234
f 4646 2234 4683
f 2279 4686 4685
f 2279 4685 2277
f 2284 4688 4687
f 2284 4687 2286
f 4687 4689 2280
f 4687 2280 2286
f 4687 4691 4690
f 4687 4690 4689
f 4686 2279 2280
f 4686 2280 4689
f 4690 4692 4686
f 4690 4686 4689
f 4690 4696 4694
f 4690 4694 4692
f 4684 4685 4686
f 4684 4686 4692
f 4694 4698 4684
f 4694 4684 4692
f 4693 4700 4699
f 4693 4699 4697
f 4681 4682 4684
f 4681 4684 4698
f 4699 4701 4680
f 4699 4680 4697
f 4699 4703 4702
f 4699 4702 4701
f 4673 4675 4680
f 4673 4680 4701
f 4702 4672 4673
f 4702 4673 4701
f 4706 4705 4704
f 4706 4704 4703
f 4699 4700 4706
f 4699 4706 4703
f 4704 4707 4702
f 4704 4702 4703
f 4704 4709 4708
f 4704 4708 4707
f 4671 4672 4702
f 4671 4702 4707
f 4708 4710 4671
f 4708 4671 4707
f 4708 4712 4711
f 4708 4711 4710
f 4668 4669 4671
f 4668 4671 4710
f 4711 2518 4668
f 4711 4668 4710
f 4715 4714 4713
f 4715 4713 4712
f 4708 4709 4715
f 4708 4715 4712
f 4713 4716 4711
f 4713 4711 4712
f 4713 4718 4717
f 4713 4717 4716
f 2517 2518 4711
f 2517 4711 4716
f 4717 2522 2517
f 4717 2517 4716
f 4721 4720 4719
f 4721 4719 4718
f 4713 4714 4721
f 4713 4721 4718
f 4719 4722 4717
f 4719 4717 4718
f 4719 4724 4723
f 4719 4723 4722
f 4725 2522 4717
f 4725 4717 4722
f 4723 4726 4725
f 4723 4725 4722
f 4728 4727 4725
f 4728 4725 4726
f 144 2537 4728
f 144 4728 2441
f 4720 4731 4730
f 4720 4730 4729
f 4724 4719 4720
f 4724 4720 4729
f 4733 4732 4730
f 4733 4730 4731
f 4735 4734 4733
f 4735 4733 4731
f 4720 4721 4735
f 4720 4735 4731
f 4737 4736 4734
f 4737 4734 4735
f 4721 4714 4737
f 4721 4737 4735
f 4739 4738 4736
f 4739 4736 4737
f 4714 4715 4739
f 4714 4739 4737
f 4741 4740 4738
f 4741 4738 4739
f 4715 4709 4741
f 4715 4741 4739
f 4705 4742 4740
f 4705 4740 4741
f 4709 4704 4705
f 4709 4705 4741
f 4744 4743 4740
f 4744 4740 4742
f 4746 4745 4744
f 4746 4744 4742
f 4705 4706 4746
f 4705 4746 4742
f 4748 4747 4745
f 4748 4745 4746
f 4706 4700 4748
f 4706 4748 4746
f 4695 4749 4747
f 4695 4747 4748
f 4700 4693 4695
f 4700 4695 4748
f 4752 4751 4747
f 4752 4747 4749
f 4691 4754 4753
f 4691 4753 4750
f 4696 4690 4691
f 4696 4691 4750
f 4757 4756 4753
f 4757 4753 4754
f 4688 4758 4757
f 4688 4757 4754
f 4691 4687 4688
f 4691 4688 4754
f 4760 4759 4757
f 4760 4757 4758
f 2285 2362 4760
f 2285 4760 4758
f 4688 2284 2285
f 4688 2285 4758
f 2364 4761 4760
f 2364 4760 2362
f 2366 4763 4762
f 2366 4762 2367
f 4762 4764 2370
f 4762 2370 2367
f 4762 4767 4765
f 4762 4765 4764
f 4768 2365 2370
f 4768 2370 4764
f 4765 4769 4768
f 4765 4768 4764
f 4765 4773 4771
f 4765 4771 4769
f 4774 4761 4768
f 4774 4768 4769
f 4771 4776 4774
f 4771 4774 4769
f 4770 4778 4777
f 4770 4777 4775
f 4780 4759 4774
f 4780 4774 4776
f 4777 4781 4779
f 4777 4779 4775
f 4777 4783 4782
f 4777 4782 4781
f 4784 4755 4779
f 4784 4779 4781
f 4782 4785 4784
f 4782 4784 4781
f 4782 4787 4786
f 4782 4786 4785
f 4788 4751 4784
f 4788 4784 4785
f 4786 4789 4788
f 4786 4788 4785
f 4786 4791 4790
f 4786 4790 4789
f 4744 4745 4788
f 4744 4788 4789
f 4790 4743 4744
f 4790 4744 4789
f 4794 4793 4792
f 4794 4792 4791
f 4786 4787 4794
f 4786 4794 4791
f 4792 4795 4790
f 4792 4790 4791
f 4792 4797 4796
f 4792 4796 4795
f 4798 4743 4790
f 4798 4790 4795
f 4796 4799 4798
f 4796 4798 4795
f 4796 4801 4800
f 4796 4800 4799
f 4736 4738 4798
f 4736 4798 4799
f 4800 4734 4736
f 4800 4736 4799
f 2715 2716 2718
f 2715 2718 4801
f 4796 4797 2715
f 4796 2715 4801
f 2718 4802 4800
f 2718 4800 4801
f 2718 2719 2720
f 2718 2720 4802
f 4733 4734 4800
f 4733 4800 4802
f 2720 4732 4733
f 2720 4733 4802
f 4738 4740 4743
f 4738 4743 4798
f 2710 2711 2715
f 2710 2715 4797
f 4792 4793 2710
f 4792 2710 4797
f 4803 2705 4793
f 4803 4793 4794
f 4787 4804 4803
f 4787 4803 4794
f 4805 2700 4803
f 4805 4803 4804
f 4783 4806 4805
f 4783 4805 4804
f 4787 4782 4783
f 4787 4783 4804
f 4807 2695 4805
f 4807 4805 4806
f 4778 4808 4807
f 4778 4807 4806
f 4783 4777 4778
f 4783 4778 4806
f 4809 2690 4807
f 4809 4807 4808
f 4772 4810 4809
f 4772 4809 4808
f 4778 4770 4772
f 4778 4772 4808
f 4812 2685 4809
f 4812 4809 4810
f 4766 4813 4812
f 4766 4812 4810
f 4773 4765 4767
f 4773 4767 4811
f 4815 2680 4812
f 4815 4812 4813
f 4767 4762 4763
f 4767 4763 4814
f 2675 2676 2680
f 2675 2680 4815
f 2680 2681 2685
f 2680 2685 4812
f 2685 2686 2690
f 2685 2690 4809
f 2690 2691 2695
f 2690 2695 4807
f 2695 2696 2700
f 2695 2700 4805
f 2700 2701 2705
f 2700 2705 4803
f 2705 2706 2710
f 2705 2710 4793
f 4745 4747 4751
f 4745 4751 4788
f 4751 4752 4755
f 4751 4755 4784
f 4756 4757 4759
f 4756 4759 4780
f 4759 4760 4761
f 4759 4761 4774
f 4761 2364 2365
f 4761 2365 4768
f 2537 2538 4727
f 2537 4727 4728
f 2521 2522 4725
f 2521 4725 4727
f 2538 2520 2521
f 2538 2521 4727
f 2518 2519 4666
f 2518 4666 4668
f 2519 2520 4665
f 2519 4665 4666
f 2520 2538 2539
f 2520 2539 4665
f 2539 2457 2535
f 2539 2535 4663
f 2535 2536 2731
f 2535 2731 2733
f 2670 2476 2477
f 2670 2477 2671
f 2423 2443 2668
f 2423 2668 361
f 2473 2469 2600
f 2473 2600 2601
f 2471 2474 2588
f 2471 2588 2589
f 2553 2507 2505
f 2553 2505 2559
f 2542 2727 2546
f 2542 2546 2547
f 3034 3036 3038
f 3034 3038 3125
f 2458 2543 2727
f 2458 2727 2542
f 2534 143 293
f 2534 293 2624
f 2457 2537 142
