# Blender 4.0.0
# www.blender.org
o CabinetHandle001
v -0.016501 0.015235 -0.065476
v -0.011540 0.014905 -0.065476
v -0.011147 0.014905 -0.068462
v -0.009994 0.014905 -0.071246
v -0.008160 0.014905 -0.073636
v -0.005770 0.014905 -0.075470
v -0.002987 0.014905 -0.076623
v -0.000000 0.014905 -0.077016
v 0.002987 0.014905 -0.076623
v 0.005770 0.014905 -0.075470
v 0.008160 0.014905 -0.073636
v 0.009994 0.014905 -0.071246
v 0.011147 0.014905 -0.068462
v 0.011540 0.014905 -0.065476
v 0.011147 0.014905 -0.062489
v 0.009994 0.014905 -0.059705
v 0.008160 0.014905 -0.057315
v 0.005770 0.014905 -0.055481
v 0.002987 0.014905 -0.054328
v -0.000000 0.014905 -0.053935
v -0.002987 0.014905 -0.054328
v -0.005770 0.014905 -0.055481
v -0.008160 0.014905 -0.057315
v -0.009994 0.014905 -0.059705
v -0.011147 0.014905 -0.062488
v -0.015939 0.015235 -0.061205
v -0.014291 0.015235 -0.057225
v -0.011668 0.015235 -0.053807
v -0.008251 0.015235 -0.051185
v -0.004271 0.015235 -0.049536
v -0.000000 0.015235 -0.048974
v 0.004271 0.015235 -0.049536
v 0.008251 0.015235 -0.051185
v 0.011668 0.015235 -0.053807
v 0.014291 0.015235 -0.057225
v 0.015939 0.015235 -0.061205
v 0.016502 0.015235 -0.065476
v 0.015939 0.015235 -0.069747
v 0.014291 0.015235 -0.073726
v 0.011668 0.015235 -0.077144
v 0.008251 0.015235 -0.079765
v 0.004271 0.015235 -0.081415
v -0.000000 0.015235 -0.081977
v -0.004271 0.015235 -0.081415
v -0.008251 0.015235 -0.079765
v -0.011668 0.015235 -0.077144
v -0.014291 0.015235 -0.073726
v -0.015939 0.015235 -0.069745
v -0.016061 0.014355 -0.065476
v -0.015514 0.014355 -0.061319
v -0.013910 0.014355 -0.057445
v -0.011357 0.014355 -0.054118
v -0.008031 0.014355 -0.051566
v -0.004157 0.014355 -0.049961
v -0.000000 0.014355 -0.049414
v 0.004157 0.014355 -0.049961
v 0.008031 0.014355 -0.051566
v 0.011357 0.014355 -0.054118
v 0.013910 0.014355 -0.057445
v 0.015514 0.014355 -0.061319
v 0.016061 0.014355 -0.065476
v 0.015514 0.014355 -0.069633
v 0.013910 0.014355 -0.073506
v 0.011357 0.014355 -0.076833
v 0.008031 0.014355 -0.079385
v 0.004157 0.014355 -0.080990
v -0.000000 0.014355 -0.081537
v -0.004157 0.014355 -0.080990
v -0.008031 0.014355 -0.079385
v -0.011357 0.014355 -0.076833
v -0.013910 0.014355 -0.073506
v -0.015514 0.014355 -0.069633
v -0.011403 0.014245 -0.068530
v -0.010223 0.014245 -0.071378
v -0.008347 0.014245 -0.073822
v -0.005902 0.014245 -0.075699
v -0.003055 0.014245 -0.076878
v -0.000000 0.014245 -0.077280
v 0.003055 0.014245 -0.076878
v 0.005902 0.014245 -0.075699
v 0.008347 0.014245 -0.073822
v 0.010223 0.014245 -0.071378
v 0.011403 0.014245 -0.068530
v 0.011805 0.014245 -0.065476
v 0.011403 0.014245 -0.062420
v 0.010223 0.014245 -0.059573
v 0.008347 0.014245 -0.057128
v 0.005902 0.014245 -0.055252
v 0.003055 0.014245 -0.054073
v -0.000000 0.014245 -0.053671
v -0.003055 0.014245 -0.054073
v -0.005902 0.014245 -0.055252
v -0.008347 0.014245 -0.057128
v -0.010223 0.014245 -0.059573
v -0.011403 0.014245 -0.062419
v -0.011805 0.014245 -0.065476
v -0.010892 0.014245 -0.068393
v -0.009765 0.014245 -0.071113
v -0.007973 0.014245 -0.073449
v -0.005638 0.014245 -0.075241
v -0.002918 0.014245 -0.076366
v -0.000000 0.014245 -0.076751
v 0.002918 0.014245 -0.076366
v 0.005638 0.014245 -0.075241
v 0.007973 0.014245 -0.073449
v 0.009765 0.014245 -0.071113
v 0.010892 0.014245 -0.068393
v 0.011276 0.014245 -0.065476
v 0.010892 0.014245 -0.062557
v 0.009765 0.014245 -0.059838
v 0.007973 0.014245 -0.057502
v 0.005638 0.014245 -0.055710
v 0.002918 0.014245 -0.054584
v -0.000000 0.014245 -0.054200
v -0.002918 0.014245 -0.054584
v -0.005638 0.014245 -0.055710
v -0.007973 0.014245 -0.057502
v -0.009765 0.014245 -0.059838
v -0.010892 0.014245 -0.062557
v -0.011276 0.014245 -0.065476
v -0.016502 0.015235 0.065474
v -0.011540 0.014905 0.065474
v -0.011147 0.014905 0.062487
v -0.009994 0.014905 0.059704
v -0.008160 0.014905 0.057314
v -0.005770 0.014905 0.055480
v -0.002987 0.014905 0.054327
v 0.000000 0.014905 0.053934
v 0.002987 0.014905 0.054327
v 0.005770 0.014905 0.055480
v 0.008160 0.014905 0.057314
v 0.009994 0.014905 0.059704
v 0.011147 0.014905 0.062487
v 0.011540 0.014905 0.065474
v 0.011147 0.014905 0.068461
v 0.009994 0.014905 0.071245
v 0.008160 0.014905 0.073636
v 0.005770 0.014905 0.075469
v 0.002987 0.014905 0.076623
v 0.000000 0.014905 0.077016
v -0.002987 0.014905 0.076623
v -0.005770 0.014905 0.075469
v -0.008160 0.014905 0.073636
v -0.009994 0.014905 0.071245
v -0.011147 0.014905 0.068461
v -0.015939 0.015235 0.069745
v -0.014291 0.015235 0.073725
v -0.011668 0.015235 0.077143
v -0.008251 0.015235 0.079765
v -0.004271 0.015235 0.081414
v 0.000000 0.015235 0.081977
v 0.004271 0.015235 0.081414
v 0.008251 0.015235 0.079765
v 0.011668 0.015235 0.077143
v 0.014291 0.015235 0.073725
v 0.015939 0.015235 0.069745
v 0.016501 0.015235 0.065474
v 0.015939 0.015235 0.061203
v 0.014291 0.015235 0.057224
v 0.011668 0.015235 0.053806
v 0.008251 0.015235 0.051184
v 0.004271 0.015235 0.049535
v 0.000000 0.015235 0.048973
v -0.004271 0.015235 0.049535
v -0.008251 0.015235 0.051184
v -0.011668 0.015235 0.053806
v -0.014291 0.015235 0.057224
v -0.015939 0.015235 0.061203
v -0.016061 0.014355 0.065474
v -0.015514 0.014355 0.069632
v -0.013910 0.014355 0.073505
v -0.011357 0.014355 0.076831
v -0.008031 0.014355 0.079384
v -0.004157 0.014355 0.080988
v 0.000000 0.014355 0.081537
v 0.004157 0.014355 0.080988
v 0.008031 0.014355 0.079384
v 0.011357 0.014355 0.076831
v 0.013910 0.014355 0.073505
v 0.015514 0.014355 0.069632
v 0.016061 0.014355 0.065474
v 0.015514 0.014355 0.061317
v 0.013910 0.014355 0.057444
v 0.011357 0.014355 0.054117
v 0.008031 0.014355 0.051565
v 0.004157 0.014355 0.049960
v 0.000000 0.014355 0.049413
v -0.004157 0.014355 0.049960
v -0.008031 0.014355 0.051565
v -0.011357 0.014355 0.054117
v -0.013910 0.014355 0.057444
v -0.015514 0.014355 0.061317
v -0.011403 0.014245 0.062419
v -0.010223 0.014245 0.059572
v -0.008347 0.014245 0.057127
v -0.005902 0.014245 0.055251
v -0.003055 0.014245 0.054072
v 0.000000 0.014245 0.053669
v 0.003055 0.014245 0.054072
v 0.005902 0.014245 0.055251
v 0.008347 0.014245 0.057127
v 0.010223 0.014245 0.059572
v 0.011403 0.014245 0.062419
v 0.011805 0.014245 0.065474
v 0.011403 0.014245 0.068530
v 0.010223 0.014245 0.071378
v 0.008347 0.014245 0.073822
v 0.005902 0.014245 0.075698
v 0.003055 0.014245 0.076877
v 0.000000 0.014245 0.077279
v -0.003055 0.014245 0.076877
v -0.005902 0.014245 0.075698
v -0.008347 0.014245 0.073822
v -0.010223 0.014245 0.071378
v -0.011403 0.014245 0.068530
v -0.011805 0.014245 0.065474
v -0.010892 0.014245 0.062556
v -0.009765 0.014245 0.059836
v -0.007973 0.014245 0.057501
v -0.005638 0.014245 0.055709
v -0.002918 0.014245 0.054583
v 0.000000 0.014245 0.054198
v 0.002918 0.014245 0.054583
v 0.005638 0.014245 0.055709
v 0.007973 0.014245 0.057501
v 0.009765 0.014245 0.059836
v 0.010892 0.014245 0.062556
v 0.011276 0.014245 0.065474
v 0.010892 0.014245 0.068393
v 0.009765 0.014245 0.071112
v 0.007973 0.014245 0.073448
v 0.005638 0.014245 0.075239
v 0.002918 0.014245 0.076366
v 0.000000 0.014245 0.076751
v -0.002918 0.014245 0.076366
v -0.005638 0.014245 0.075239
v -0.007973 0.014245 0.073448
v -0.009765 0.014245 0.071112
v -0.010892 0.014245 0.068393
v -0.011276 0.014245 0.065474
v 0.002973 0.008934 0.070718
v 0.004204 0.008934 0.069773
v 0.005149 0.008934 0.068541
v 0.005946 0.008934 0.065569
v 0.005149 0.008934 0.062596
v 0.004204 0.008934 0.061364
v 0.002973 0.008934 0.060419
v 0.000000 0.010354 0.059286
v 0.003140 0.013327 0.071007
v 0.004441 0.013327 0.070009
v 0.005439 0.013327 0.068709
v 0.006280 0.013327 0.065569
v 0.005439 0.013327 0.062429
v 0.004441 0.013327 0.061128
v 0.003140 0.013327 0.060130
v 0.000000 0.014284 0.061445
v 0.002599 0.007871 0.070070
v 0.003675 0.007871 0.069245
v 0.004501 0.007871 0.068167
v 0.005196 0.007871 0.065569
v 0.004501 0.007871 0.062971
v 0.003675 0.007871 0.061893
v 0.002599 0.007871 0.061067
v 0.000000 0.007871 0.060371
v 0.002833 -0.000822 0.070297
v 0.003971 0.000334 0.069449
v 0.004910 -0.000614 0.068240
v 0.005308 -0.000059 0.065442
v 0.004898 0.000158 0.062634
v 0.002840 0.000452 0.060598
v 0.000000 0.000562 0.060111
v 0.005488 -0.006136 0.064474
v 0.000000 -0.004230 0.059379
v 0.005008 -0.011195 0.062076
v 0.000000 -0.007987 0.058300
v 0.004278 -0.014628 0.058963
v 0.000000 -0.010895 0.056878
v 0.003649 -0.016559 0.055294
v 0.000000 -0.013049 0.054513
v 0.004391 -0.017326 0.045226
v 0.000000 -0.013313 0.045120
v 0.008171 -0.017682 0.015522
v 0.007698 -0.017997 0.005097
v 0.003354 -0.022334 0.002006
v 0.006424 -0.018171 0.002026
v 0.005684 -0.015775 0.002028
v 0.003607 -0.022615 0.001022
v 0.006028 -0.020751 0.001022
v 0.006914 -0.018204 0.001022
v 0.006028 -0.015658 0.001022
v 0.003607 -0.013793 0.001022
v 0.004635 0.003532 0.068098
v 0.005007 0.004726 0.065569
v 0.004602 0.004121 0.063055
v 0.003845 0.002852 0.061723
v 0.005056 -0.007153 0.067180
v 0.005056 -0.005120 0.061767
v 0.004636 -0.012863 0.064121
v 0.004636 -0.009527 0.060031
v 0.004000 -0.016581 0.060137
v 0.004000 -0.012676 0.057790
v 0.003453 -0.018495 0.055709
v 0.003453 -0.014622 0.054880
v 0.004113 -0.019541 0.045279
v 0.004113 -0.015111 0.045173
v 0.007485 -0.021111 0.015522
v 0.007485 -0.014253 0.015522
v 0.007093 -0.021058 0.005097
v 0.007093 -0.014937 0.005097
v 0.005685 -0.020567 0.002030
v 0.006380 -0.018203 0.001336
v 0.005543 -0.015872 0.001355
v 0.004689 0.002289 0.068271
v 0.005078 0.003471 0.065569
v 0.004647 0.002980 0.062870
v 0.000000 0.005124 0.060362
v 0.002507 0.004444 0.060900
v 0.002521 0.003691 0.070267
v 0.002931 -0.004379 0.059810
v 0.002689 -0.008309 0.058558
v 0.002322 -0.011253 0.056951
v 0.002006 -0.013226 0.054580
v 0.002379 -0.013515 0.045134
v 0.004318 -0.011770 0.015522
v 0.004206 -0.012718 0.005097
v 0.003411 -0.014026 0.002027
v 0.000000 0.003885 0.060285
v 0.002693 0.003303 0.060873
v 0.002931 -0.007892 0.069138
v 0.002689 -0.014079 0.065595
v 0.002322 -0.018006 0.060973
v 0.002006 -0.019908 0.055990
v 0.002379 -0.021157 0.045298
v 0.004318 -0.023617 0.015519
v 0.004194 -0.023301 0.005092
v 0.003312 -0.022244 0.001349
v 0.002695 0.002425 0.070302
v 0.005543 -0.020534 0.001355
v 0.003327 -0.014165 0.001354
v 0.002518 0.006682 0.069947
v 0.003588 0.006375 0.069157
v 0.004365 0.006654 0.068088
v 0.004977 0.006957 0.065569
v 0.004358 0.006785 0.063054
v 0.003579 0.006605 0.061988
v 0.002515 0.006842 0.061196
v 0.000000 0.007033 0.060546
v 0.003141 0.010354 0.071010
v 0.004442 0.010354 0.070011
v 0.005441 0.010354 0.068710
v 0.006282 0.010354 0.065569
v 0.005441 0.010354 0.062427
v 0.004442 0.010354 0.061126
v 0.003141 0.010354 0.060128
v 0.000000 0.008934 0.059623
v 0.001783 0.014284 0.069549
v 0.003194 0.014281 0.069940
v 0.004227 0.014281 0.069139
v 0.005030 0.014281 0.068093
v 0.005706 0.014281 0.065569
v 0.005030 0.014281 0.063045
v 0.004227 0.014281 0.061998
v 0.003194 0.014281 0.061197
v 0.001783 0.014284 0.061589
v 0.000000 0.013327 0.059289
v 0.003097 0.009316 0.070932
v 0.003129 0.009515 0.070988
v 0.004379 0.009316 0.069948
v 0.004425 0.009515 0.069993
v 0.005363 0.009316 0.068666
v 0.005419 0.009515 0.068697
v 0.006193 0.009316 0.065569
v 0.006258 0.009515 0.065569
v 0.005363 0.009316 0.062472
v 0.005419 0.009515 0.062440
v 0.004379 0.009316 0.061189
v 0.004425 0.009515 0.061144
v 0.003097 0.009316 0.060205
v 0.003129 0.009515 0.060149
v 0.000000 0.009515 0.059311
v 0.000000 0.009316 0.059375
v 0.000000 0.014242 0.071696
v 0.003121 0.014132 0.070970
v 0.003070 0.014242 0.070875
v 0.004411 0.014132 0.069980
v 0.004333 0.014242 0.069902
v 0.005402 0.014132 0.068687
v 0.005307 0.014242 0.068633
v 0.006238 0.014132 0.065569
v 0.006128 0.014242 0.065569
v 0.005402 0.014132 0.062450
v 0.005307 0.014242 0.062505
v 0.004411 0.014132 0.061158
v 0.004333 0.014242 0.061235
v 0.003121 0.014132 0.060167
v 0.003070 0.014242 0.060262
v 0.000000 0.014242 0.059441
v 0.000000 0.014132 0.059331
v -0.000000 -0.024376 0.015469
v -0.000000 -0.024063 0.005098
v -0.000000 -0.012247 0.005097
v -0.000000 -0.022940 0.002028
v -0.000000 -0.013466 0.002024
v 0.000000 0.010354 0.071851
v 0.000000 0.013327 0.071849
v -0.003141 0.010354 0.071010
v -0.003140 0.013327 0.071007
v -0.004442 0.010354 0.070011
v -0.004441 0.013327 0.070009
v -0.005441 0.010354 0.068710
v -0.005439 0.013327 0.068709
v -0.006282 0.010354 0.065569
v -0.006280 0.013327 0.065569
v -0.005441 0.010354 0.062427
v -0.005439 0.013327 0.062429
v -0.004442 0.010354 0.061126
v -0.004441 0.013327 0.061128
v -0.003141 0.010354 0.060128
v -0.003140 0.013327 0.060130
v 0.000000 0.008934 0.071515
v 0.000000 0.007871 0.070766
v -0.002973 0.008934 0.070718
v -0.002599 0.007871 0.070070
v -0.004204 0.008934 0.069773
v -0.003675 0.007871 0.069245
v -0.005149 0.008934 0.068541
v -0.004501 0.007871 0.068167
v -0.005946 0.008934 0.065569
v -0.005196 0.007871 0.065569
v -0.005149 0.008934 0.062596
v -0.004501 0.007871 0.062971
v -0.004204 0.008934 0.061364
v -0.003675 0.007871 0.061893
v -0.002973 0.008934 0.060419
v -0.002599 0.007871 0.061067
v 0.000000 0.006891 0.070597
v 0.000000 0.004371 0.070812
v -0.002518 0.006682 0.069947
v -0.002521 0.003691 0.070267
v -0.003588 0.006375 0.069157
v -0.003971 0.000334 0.069449
v -0.004365 0.006654 0.068088
v -0.004635 0.003532 0.068098
v -0.004977 0.006957 0.065569
v -0.005007 0.004726 0.065569
v -0.004358 0.006785 0.063054
v -0.004602 0.004121 0.063055
v -0.003579 0.006605 0.061988
v -0.003845 0.002852 0.061723
v -0.002693 0.003303 0.060873
v -0.002840 0.000452 0.060598
v 0.000000 -0.000655 0.070745
v 0.000000 -0.008011 0.069532
v -0.002931 -0.007892 0.069138
v -0.002833 -0.000822 0.070297
v -0.005056 -0.007153 0.067180
v -0.004910 -0.000614 0.068240
v -0.005308 -0.000059 0.065442
v -0.005488 -0.006136 0.064474
v -0.005056 -0.005120 0.061767
v -0.004898 0.000158 0.062634
v -0.002931 -0.004379 0.059810
v 0.000000 -0.014371 0.065815
v -0.002689 -0.014079 0.065595
v -0.004636 -0.012863 0.064121
v -0.005008 -0.011195 0.062076
v -0.004636 -0.009527 0.060031
v -0.002689 -0.008309 0.058558
v 0.000000 -0.018375 0.060964
v -0.002322 -0.018006 0.060973
v -0.004000 -0.016581 0.060137
v -0.004278 -0.014628 0.058963
v -0.004000 -0.012676 0.057790
v -0.002322 -0.011253 0.056951
v 0.000000 -0.020275 0.055781
v -0.002006 -0.019908 0.055990
v -0.003453 -0.018495 0.055709
v -0.003649 -0.016559 0.055294
v -0.003453 -0.014622 0.054880
v -0.002006 -0.013226 0.054580
v 0.000000 -0.021593 0.045043
v -0.002379 -0.021157 0.045298
v -0.004113 -0.019541 0.045279
v -0.004391 -0.017326 0.045226
v -0.004113 -0.015111 0.045173
v -0.002379 -0.013515 0.045134
v -0.004318 -0.023617 0.015519
v -0.007485 -0.021111 0.015522
v -0.008171 -0.017682 0.015522
v -0.007485 -0.014253 0.015522
v -0.004318 -0.011770 0.015522
v -0.004194 -0.023301 0.005092
v -0.007093 -0.021058 0.005097
v -0.007698 -0.017997 0.005097
v -0.007093 -0.014937 0.005097
v -0.004206 -0.012718 0.005097
v -0.003354 -0.022334 0.002006
v -0.005685 -0.020567 0.002030
v -0.006424 -0.018171 0.002026
v -0.005684 -0.015775 0.002028
v -0.003411 -0.014026 0.002027
v -0.000000 -0.022870 0.001336
v -0.000000 -0.023282 0.001022
v -0.003312 -0.022244 0.001349
v -0.003607 -0.022615 0.001022
v -0.005543 -0.020534 0.001355
v -0.006028 -0.020751 0.001022
v -0.006380 -0.018203 0.001336
v -0.006914 -0.018204 0.001022
v -0.005543 -0.015872 0.001355
v -0.006028 -0.015658 0.001022
v -0.003327 -0.014165 0.001354
v -0.003607 -0.013793 0.001022
v -0.004689 0.002289 0.068271
v -0.005078 0.003471 0.065569
v -0.004647 0.002980 0.062870
v -0.002515 0.006842 0.061196
v -0.002507 0.004444 0.060900
v 0.000000 0.003062 0.070882
v -0.002695 0.002425 0.070302
v -0.000000 -0.013537 0.001335
v -0.001783 0.014284 0.061589
v 0.000000 0.014284 0.069692
v -0.001783 0.014284 0.069549
v -0.003194 0.014281 0.069940
v -0.004227 0.014281 0.069139
v -0.005030 0.014281 0.068093
v -0.005706 0.014281 0.065569
v -0.005030 0.014281 0.063045
v -0.004227 0.014281 0.061998
v -0.003194 0.014281 0.061197
v 0.000000 0.009515 0.071827
v 0.000000 0.014132 0.071806
v -0.003129 0.009515 0.070988
v -0.003121 0.014132 0.070970
v -0.004425 0.009515 0.069993
v -0.004411 0.014132 0.069980
v -0.005419 0.009515 0.068697
v -0.005402 0.014132 0.068687
v -0.006258 0.009515 0.065569
v -0.006238 0.014132 0.065569
v -0.005419 0.009515 0.062440
v -0.005402 0.014132 0.062450
v -0.004425 0.009515 0.061144
v -0.004411 0.014132 0.061158
v -0.003129 0.009515 0.060149
v -0.003121 0.014132 0.060167
v 0.000000 0.009316 0.071763
v -0.003097 0.009316 0.070932
v -0.003070 0.014242 0.070875
v -0.004379 0.009316 0.069948
v -0.004333 0.014242 0.069902
v -0.005363 0.009316 0.068666
v -0.005307 0.014242 0.068633
v -0.006193 0.009316 0.065569
v -0.006128 0.014242 0.065569
v -0.005363 0.009316 0.062472
v -0.005307 0.014242 0.062505
v -0.004379 0.009316 0.061189
v -0.004333 0.014242 0.061235
v -0.003097 0.009316 0.060205
v -0.003070 0.014242 0.060262
v -0.000000 -0.011277 0.015522
v -0.000000 -0.013126 0.001022
v -0.000000 0.010354 -0.071181
v -0.000000 0.013327 -0.071177
v 0.003141 0.010354 -0.070339
v 0.003140 0.013327 -0.070337
v 0.004442 0.010354 -0.069340
v 0.004441 0.013327 -0.069339
v 0.005441 0.010354 -0.068040
v 0.005439 0.013327 -0.068038
v 0.006282 0.010354 -0.064898
v 0.006280 0.013327 -0.064898
v 0.005441 0.010354 -0.061757
v 0.005439 0.013327 -0.061758
v 0.004442 0.010354 -0.060456
v 0.004441 0.013327 -0.060458
v 0.003141 0.010354 -0.059458
v 0.003140 0.013327 -0.059460
v -0.000000 0.010354 -0.058616
v -0.000000 0.013327 -0.058618
v -0.000000 0.008934 -0.070844
v -0.000000 0.007871 -0.070096
v 0.002973 0.008934 -0.070046
v 0.002599 0.007871 -0.069399
v 0.004204 0.008934 -0.069102
v 0.003675 0.007871 -0.068573
v 0.005149 0.008934 -0.067870
v 0.004501 0.007871 -0.067497
v 0.005946 0.008934 -0.064898
v 0.005196 0.007871 -0.064898
v 0.005149 0.008934 -0.061925
v 0.004501 0.007871 -0.062298
v 0.004204 0.008934 -0.060694
v 0.003675 0.007871 -0.061223
v 0.002973 0.008934 -0.059749
v 0.002599 0.007871 -0.060397
v -0.000000 0.008934 -0.058952
v -0.000000 0.007871 -0.059701
v -0.000000 0.006891 -0.069927
v -0.000000 0.004371 -0.070140
v 0.002518 0.006682 -0.069276
v 0.002521 0.003691 -0.069596
v 0.003588 0.006375 -0.068486
v 0.003971 0.000334 -0.068778
v 0.004365 0.006654 -0.067417
v 0.004635 0.003532 -0.067426
v 0.004977 0.006957 -0.064898
v 0.005007 0.004727 -0.064899
v 0.004358 0.006785 -0.062383
v 0.004602 0.004121 -0.062384
v 0.003579 0.006605 -0.061318
v 0.003845 0.002852 -0.061053
v 0.002693 0.003303 -0.060203
v 0.002840 0.000452 -0.059927
v -0.000000 0.000562 -0.059441
v -0.000000 0.003885 -0.059615
v -0.000000 -0.000655 -0.070074
v -0.000000 -0.008011 -0.068861
v 0.002931 -0.007892 -0.068467
v 0.002833 -0.000822 -0.069625
v 0.005056 -0.007153 -0.066510
v 0.004910 -0.000614 -0.067570
v 0.005308 -0.000059 -0.064771
v 0.005488 -0.006136 -0.063802
v 0.005056 -0.005120 -0.061097
v 0.004898 0.000158 -0.061964
v 0.002931 -0.004379 -0.059140
v -0.000000 -0.004230 -0.058708
v -0.000000 -0.014371 -0.065145
v 0.002689 -0.014079 -0.064924
v 0.004636 -0.012863 -0.063451
v 0.005008 -0.011195 -0.061406
v 0.004636 -0.009527 -0.059361
v 0.002689 -0.008309 -0.057888
v -0.000000 -0.007987 -0.057629
v -0.000000 -0.018375 -0.060294
v 0.002322 -0.018006 -0.060302
v 0.004000 -0.016581 -0.059467
v 0.004278 -0.014628 -0.058293
v 0.004000 -0.012676 -0.057120
v 0.002322 -0.011253 -0.056281
v -0.000000 -0.010895 -0.056207
v -0.000000 -0.020275 -0.055110
v 0.002006 -0.019908 -0.055319
v 0.003453 -0.018495 -0.055039
v 0.003649 -0.016559 -0.054624
v 0.003453 -0.014622 -0.054209
v 0.002006 -0.013226 -0.053909
v -0.000000 -0.013049 -0.053843
v -0.000000 -0.021593 -0.044373
v 0.002379 -0.021157 -0.044628
v 0.004113 -0.019541 -0.044609
v 0.004391 -0.017326 -0.044556
v 0.004113 -0.015111 -0.044503
v 0.002379 -0.013515 -0.044464
v -0.000000 -0.013313 -0.044450
v -0.000000 -0.024376 -0.014798
v 0.004318 -0.023617 -0.014848
v 0.007485 -0.021111 -0.014852
v 0.008171 -0.017682 -0.014852
v 0.007485 -0.014253 -0.014852
v 0.004318 -0.011770 -0.014852
v -0.000000 -0.024063 -0.004427
v 0.004194 -0.023301 -0.004422
v 0.007093 -0.021058 -0.004427
v 0.007698 -0.017997 -0.004427
v 0.007093 -0.014937 -0.004427
v 0.004206 -0.012719 -0.004426
v -0.000000 -0.022940 -0.001357
v 0.003354 -0.022334 -0.001336
v 0.005685 -0.020567 -0.001360
v 0.006424 -0.018171 -0.001355
v 0.005684 -0.015775 -0.001358
v 0.003411 -0.014026 -0.001357
v -0.000000 -0.022870 -0.000666
v -0.000000 -0.023282 -0.000352
v 0.003312 -0.022244 -0.000679
v 0.003607 -0.022615 -0.000352
v 0.005543 -0.020534 -0.000685
v 0.006028 -0.020751 -0.000352
v 0.006380 -0.018203 -0.000666
v 0.006914 -0.018204 -0.000352
v 0.005543 -0.015872 -0.000684
v 0.006028 -0.015658 -0.000352
v 0.003327 -0.014165 -0.000684
v 0.003607 -0.013793 -0.000352
v 0.004689 0.002289 -0.067600
v 0.005078 0.003471 -0.064899
v 0.004647 0.002980 -0.062199
v -0.000000 0.005124 -0.059692
v -0.000000 0.007033 -0.059875
v 0.002515 0.006842 -0.060525
v 0.002507 0.004444 -0.060229
v -0.000000 0.003062 -0.070210
v 0.002695 0.002425 -0.069631
v -0.000000 -0.013537 -0.000665
v -0.000000 -0.013466 -0.001353
v 0.001783 0.014284 -0.060918
v -0.000000 0.014284 -0.060775
v -0.000000 0.014284 -0.069022
v 0.001783 0.014284 -0.068878
v 0.003194 0.014281 -0.069270
v 0.004227 0.014281 -0.068468
v 0.005030 0.014281 -0.067423
v 0.005706 0.014281 -0.064898
v 0.005030 0.014281 -0.062374
v 0.004227 0.014281 -0.061328
v 0.003194 0.014281 -0.060527
v -0.000000 0.009515 -0.071156
v -0.000000 0.014132 -0.071136
v 0.003129 0.009515 -0.070318
v 0.003121 0.014132 -0.070300
v 0.004425 0.009515 -0.069322
v 0.004411 0.014132 -0.069309
v 0.005419 0.009515 -0.068026
v 0.005402 0.014132 -0.068016
v 0.006258 0.009515 -0.064898
v 0.006238 0.014132 -0.064898
v 0.005419 0.009515 -0.061769
v 0.005402 0.014132 -0.061779
v 0.004425 0.009515 -0.060473
v 0.004411 0.014132 -0.060487
v 0.003129 0.009515 -0.059479
v 0.003121 0.014132 -0.059496
v -0.000000 0.009515 -0.058641
v -0.000000 0.014132 -0.058661
v -0.000000 0.009316 -0.071091
v -0.000000 0.014242 -0.071026
v 0.003097 0.009316 -0.070262
v 0.003070 0.014242 -0.070204
v 0.004379 0.009316 -0.069276
v 0.004333 0.014242 -0.069230
v 0.005363 0.009316 -0.067995
v 0.005307 0.014242 -0.067961
v 0.006193 0.009316 -0.064898
v 0.006128 0.014242 -0.064898
v 0.005363 0.009316 -0.061802
v 0.005307 0.014242 -0.061834
v 0.004379 0.009316 -0.060519
v 0.004333 0.014242 -0.060565
v 0.003097 0.009316 -0.059535
v 0.003070 0.014242 -0.059592
v -0.000000 0.009316 -0.058705
v -0.000000 0.014242 -0.058771
v -0.000000 -0.011277 -0.014852
v -0.000000 -0.012247 -0.004426
v -0.000000 -0.013126 -0.000352
v -0.003140 0.013327 -0.070337
v -0.003141 0.010354 -0.070339
v -0.004441 0.013327 -0.069339
v -0.004442 0.010354 -0.069340
v -0.005439 0.013327 -0.068038
v -0.005441 0.010354 -0.068039
v -0.006280 0.013327 -0.064898
v -0.006282 0.010354 -0.064898
v -0.005439 0.013327 -0.061758
v -0.005441 0.010354 -0.061757
v -0.004441 0.013327 -0.060458
v -0.004442 0.010354 -0.060456
v -0.003140 0.013327 -0.059460
v -0.003141 0.010354 -0.059458
v -0.002973 0.008934 -0.070046
v -0.002599 0.007871 -0.069399
v -0.004204 0.008934 -0.069102
v -0.003675 0.007871 -0.068573
v -0.005149 0.008934 -0.067870
v -0.004501 0.007871 -0.067497
v -0.005946 0.008934 -0.064898
v -0.005196 0.007871 -0.064898
v -0.005149 0.008934 -0.061925
v -0.004501 0.007871 -0.062298
v -0.004204 0.008934 -0.060694
v -0.003675 0.007871 -0.061223
v -0.002973 0.008934 -0.059749
v -0.002599 0.007871 -0.060397
v -0.002518 0.006682 -0.069276
v -0.002521 0.003691 -0.069596
v -0.003588 0.006375 -0.068486
v -0.003971 0.000334 -0.068778
v -0.004365 0.006654 -0.067417
v -0.004635 0.003532 -0.067426
v -0.004977 0.006957 -0.064898
v -0.005007 0.004727 -0.064899
v -0.004358 0.006785 -0.062383
v -0.004602 0.004121 -0.062384
v -0.003579 0.006605 -0.061318
v -0.003845 0.002852 -0.061053
v -0.002840 0.000452 -0.059927
v -0.002693 0.003303 -0.060203
v -0.002833 -0.000822 -0.069625
v -0.002931 -0.007892 -0.068467
v -0.004910 -0.000614 -0.067570
v -0.005056 -0.007153 -0.066510
v -0.005308 -0.000059 -0.064771
v -0.005488 -0.006136 -0.063802
v -0.004898 0.000158 -0.061964
v -0.005056 -0.005120 -0.061097
v -0.002931 -0.004379 -0.059140
v -0.002689 -0.014079 -0.064924
v -0.004636 -0.012863 -0.063451
v -0.005008 -0.011195 -0.061406
v -0.004636 -0.009527 -0.059361
v -0.002689 -0.008309 -0.057888
v -0.002322 -0.018006 -0.060302
v -0.004000 -0.016581 -0.059467
v -0.004278 -0.014628 -0.058293
v -0.004000 -0.012676 -0.057120
v -0.002322 -0.011253 -0.056281
v -0.002006 -0.019908 -0.055319
v -0.003453 -0.018495 -0.055039
v -0.003649 -0.016559 -0.054624
v -0.003453 -0.014622 -0.054209
v -0.002006 -0.013226 -0.053909
v -0.002379 -0.021157 -0.044628
v -0.004113 -0.019541 -0.044609
v -0.004391 -0.017326 -0.044556
v -0.004113 -0.015111 -0.044503
v -0.002379 -0.013515 -0.044464
v -0.004318 -0.023617 -0.014848
v -0.007485 -0.021111 -0.014852
v -0.008171 -0.017682 -0.014852
v -0.007485 -0.014253 -0.014852
v -0.004318 -0.011770 -0.014852
v -0.015939 0.024376 0.061203
v -0.004194 -0.023301 -0.004422
v -0.014291 0.024376 0.057224
v -0.007093 -0.021058 -0.004427
v -0.007698 -0.017997 -0.004427
v -0.011668 0.024376 0.053806
v -0.008251 0.024376 0.051184
v -0.007093 -0.014937 -0.004427
v -0.004271 0.024376 0.049535
v -0.004206 -0.012718 -0.004426
v 0.000000 0.024376 0.048973
v -0.003354 -0.022334 -0.001336
v 0.004271 0.024376 0.049535
v -0.005685 -0.020567 -0.001360
v 0.008251 0.024376 0.051184
v -0.006424 -0.018171 -0.001355
v 0.011668 0.024376 0.053806
v -0.005684 -0.015775 -0.001358
v 0.014291 0.024376 0.057224
v 0.015939 0.024376 0.061203
v -0.003411 -0.014026 -0.001357
v 0.016501 0.024376 0.065474
v 0.015939 0.024376 0.069745
v -0.003312 -0.022244 -0.000679
v -0.003607 -0.022615 -0.000352
v 0.014291 0.024376 0.073725
v 0.011668 0.024376 0.077143
v -0.005543 -0.020534 -0.000685
v -0.006028 -0.020751 -0.000352
v 0.008251 0.024376 0.079765
v 0.004271 0.024376 0.081414
v -0.006380 -0.018203 -0.000666
v -0.006914 -0.018204 -0.000352
v 0.000000 0.024376 0.081977
v -0.004271 0.024376 0.081414
v -0.005543 -0.015872 -0.000684
v -0.006028 -0.015658 -0.000352
v -0.008251 0.024376 0.079765
v -0.011668 0.024376 0.077143
v -0.003327 -0.014165 -0.000684
v -0.003607 -0.013793 -0.000352
v -0.014291 0.024376 0.073725
v -0.015939 0.024376 0.069745
v -0.004689 0.002289 -0.067600
v -0.016502 0.024376 0.065474
v -0.005078 0.003471 -0.064899
v -0.015939 0.024376 -0.069745
v -0.004647 0.002980 -0.062199
v -0.014291 0.024376 -0.073726
v -0.011668 0.024376 -0.077144
v -0.002507 0.004444 -0.060229
v -0.002515 0.006842 -0.060525
v -0.008251 0.024376 -0.079765
v -0.002695 0.002425 -0.069631
v -0.001783 0.014284 -0.060918
v -0.001783 0.014284 -0.068878
v -0.003194 0.014281 -0.069270
v -0.003194 0.014281 -0.060527
v -0.004227 0.014281 -0.061328
v -0.005030 0.014281 -0.062374
v -0.004271 0.024376 -0.081415
v -0.005706 0.014281 -0.064898
v -0.000000 0.024376 -0.081977
v -0.005030 0.014281 -0.067423
v -0.004227 0.014281 -0.068468
v 0.004271 0.024376 -0.081415
v 0.008251 0.024376 -0.079765
v -0.003129 0.009515 -0.070318
v -0.003121 0.014132 -0.070300
v -0.004425 0.009515 -0.069322
v -0.004411 0.014132 -0.069309
v -0.005419 0.009515 -0.068026
v -0.005402 0.014132 -0.068016
v 0.011668 0.024376 -0.077144
v 0.014291 0.024376 -0.073726
v -0.006258 0.009515 -0.064898
v -0.006238 0.014132 -0.064898
v 0.015939 0.024376 -0.069747
v 0.016502 0.024376 -0.065476
v -0.005419 0.009515 -0.061769
v -0.005402 0.014132 -0.061779
v -0.004425 0.009515 -0.060473
v -0.004411 0.014132 -0.060487
v -0.003129 0.009515 -0.059479
v -0.003121 0.014132 -0.059496
v 0.015939 0.024376 -0.061205
v 0.014291 0.024376 -0.057225
v 0.011668 0.024376 -0.053807
v 0.008251 0.024376 -0.051185
v -0.003097 0.009316 -0.070262
v -0.003070 0.014242 -0.070204
v -0.004379 0.009316 -0.069276
v -0.004333 0.014242 -0.069230
v -0.005363 0.009316 -0.067995
v -0.005307 0.014242 -0.067961
v 0.004271 0.024376 -0.049536
v -0.000000 0.024376 -0.048974
v -0.006193 0.009316 -0.064898
v -0.006128 0.014242 -0.064898
v -0.004271 0.024376 -0.049536
v -0.008251 0.024376 -0.051185
v -0.005363 0.009316 -0.061802
v -0.005307 0.014242 -0.061834
v -0.004379 0.009316 -0.060519
v -0.004333 0.014242 -0.060565
v -0.003097 0.009316 -0.059535
v -0.003070 0.014242 -0.059592
v -0.011668 0.024376 -0.053807
v -0.014291 0.024376 -0.057225
v 0.003118 0.004153 0.069825
v 0.004240 0.004059 0.068688
v 0.004206 0.004693 0.062464
v 0.003102 0.004841 0.061343
v 0.004171 0.014289 0.065569
v -0.003118 0.004153 0.069825
v -0.004240 0.004059 0.068688
v -0.004206 0.004693 0.062464
v -0.003102 0.004841 0.061343
v -0.004171 0.014289 0.065569
v 0.003118 0.004153 -0.069154
v 0.004240 0.004059 -0.068017
v 0.004206 0.004693 -0.061794
v 0.003102 0.004841 -0.060673
v 0.004171 0.014289 -0.064898
v -0.003118 0.004153 -0.069154
v -0.004240 0.004059 -0.068017
v -0.004206 0.004693 -0.061794
v -0.003102 0.004841 -0.060673
v -0.004171 0.014289 -0.064898
v -0.000000 0.014245 -0.065476
v -0.015939 0.024376 -0.061205
v 0.000000 0.014245 0.065474
v -0.016501 0.024376 -0.065476
v 0.000000 0.024376 -0.065475
v -0.000000 0.024376 0.065475
vn -0.7746 -0.4472 0.4472
vn -0.9738 -0.0435 0.2233
vn -0.8736 -0.4469 0.1926
vn -0.7087 -0.0334 -0.7047
vn -0.5375 -0.0000 -0.8433
vn -0.4679 -0.0435 -0.8827
vn -0.8828 -0.0435 0.4678
vn -0.9537 -0.0000 0.3009
vn -0.9737 -0.0561 0.2207
vn -0.0000 -1.0000 -0.0000
vn -0.9536 -0.0561 -0.2958
vn -0.8871 -0.0000 -0.4616
vn -0.8443 -0.0301 -0.5351
vn 0.8855 -0.0301 -0.4637
vn 0.9536 -0.0000 -0.3009
vn 0.9737 -0.0561 -0.2207
vn 0.7087 -0.0334 -0.7047
vn 0.8432 -0.0000 -0.5375
vn 0.2234 -0.0435 0.9738
vn 0.0438 -0.0000 0.9990
vn -0.0388 -0.0560 0.9977
vn -0.7374 -0.0000 -0.6754
vn -0.6803 -0.0435 -0.7316
vn 0.2559 -0.0334 0.9661
vn 0.5000 -0.0000 0.8660
vn 0.2588 -0.0000 0.9659
vn -0.3009 -0.0000 -0.9536
vn -0.2234 -0.0435 -0.9738
vn 0.9990 -0.0000 -0.0439
vn 0.9987 -0.0302 0.0412
vn 0.9537 -0.0000 -0.3009
vn 0.9738 -0.0435 -0.2233
vn -0.2162 -0.0000 0.9763
vn -0.3006 -0.0435 0.9528
vn -0.0412 -0.0301 0.9987
vn -0.0000 -0.0000 -1.0000
vn -0.0000 -0.0796 -0.9968
vn -0.9984 -0.0435 -0.0362
vn -0.9764 -0.0000 -0.2162
vn -0.9550 -0.0435 -0.2933
vn 0.9763 -0.0000 0.2163
vn 0.9536 -0.0561 0.2957
vn 0.9990 -0.0000 -0.0438
vn 0.9977 -0.0561 0.0388
vn -0.4616 -0.0000 0.8871
vn -0.5369 -0.0435 0.8425
vn -0.2588 -0.0000 0.9659
vn -0.2531 -0.0625 0.9654
vn 0.2615 -0.0334 -0.9646
vn 0.2588 -0.0000 -0.9659
vn -0.7367 -0.0434 0.6748
vn -0.6038 -0.4467 0.6602
vn -0.0258 -0.9997 -0.0000
vn -0.0250 -0.9997 0.0067
vn -0.0076 -0.9997 0.0247
vn -0.0117 -0.9997 0.0231
vn -0.0054 -0.9997 0.0253
vn -0.0000 -0.9997 0.0258
vn 0.0054 -0.9997 0.0253
vn 0.0118 -0.9997 0.0230
vn 0.0076 -0.9997 0.0247
vn 0.0173 -0.9997 0.0192
vn 0.0136 -0.9997 0.0220
vn 0.0217 -0.9997 0.0141
vn 0.0188 -0.9997 0.0177
vn 0.0250 -0.9997 0.0067
vn 0.0228 -0.9997 0.0123
vn 0.0258 -0.9997 -0.0000
vn 0.0250 -0.9997 -0.0067
vn 0.0228 -0.9997 -0.0122
vn 0.0217 -0.9997 -0.0141
vn 0.0189 -0.9997 -0.0176
vn 0.0173 -0.9997 -0.0192
vn 0.0136 -0.9997 -0.0220
vn 0.0117 -0.9997 -0.0231
vn 0.0076 -0.9997 -0.0247
vn 0.0054 -0.9997 -0.0253
vn -0.0000 -0.9997 -0.0258
vn -0.0053 -0.9997 -0.0253
vn -0.0117 -0.9997 -0.0231
vn -0.0076 -0.9997 -0.0247
vn -0.0173 -0.9997 -0.0192
vn -0.0137 -0.9997 -0.0219
vn -0.0217 -0.9997 -0.0141
vn -0.0189 -0.9997 -0.0177
vn -0.0250 -0.9997 -0.0067
vn -0.0228 -0.9997 -0.0122
vn -0.8937 -0.4468 -0.0399
vn 0.8038 -0.3722 0.4641
vn 0.8853 -0.3721 0.2788
vn 0.8039 -0.3718 0.4642
vn 0.6564 -0.3719 0.6564
vn -0.0189 -0.9997 0.0177
vn -0.0217 -0.9997 0.0141
vn -0.0173 -0.9997 0.0192
vn -0.9285 -0.3714 -0.0000
vn -0.9065 -0.3710 -0.2014
vn -0.8853 -0.3711 -0.2800
vn -0.4123 -0.4468 0.7939
vn 0.9063 -0.3724 0.2000
vn 0.9280 -0.3726 -0.0000
vn -0.8234 -0.3713 -0.4291
vn -0.7825 -0.3715 -0.4996
vn -0.6564 -0.3719 -0.6564
vn -0.4642 -0.3719 -0.8039
vn -0.4642 -0.3718 -0.8039
vn -0.2787 -0.3721 -0.8854
vn -0.1999 -0.3724 -0.9063
vn -0.0000 -0.3726 -0.9280
vn 0.1999 -0.3724 -0.9063
vn 0.2787 -0.3721 -0.8854
vn 0.4642 -0.3719 -0.8039
vn 0.4642 -0.3718 -0.8039
vn 0.6564 -0.3719 -0.6564
vn 0.7825 -0.3715 -0.4996
vn 0.8234 -0.3713 -0.4291
vn 0.8853 -0.3711 -0.2800
vn 0.9065 -0.3710 -0.2014
vn 0.9285 -0.3714 -0.0000
vn 0.8968 -0.3714 0.2403
vn 0.8969 -0.3713 0.2404
vn 0.8238 -0.3717 0.4280
vn 0.7831 -0.3719 0.4984
vn 0.6850 -0.3718 0.6265
vn 0.6275 -0.3716 0.6842
vn 0.4642 -0.3719 0.8039
vn 0.4642 -0.3718 0.8039
vn 0.2787 -0.3721 0.8854
vn 0.1999 -0.3724 0.9063
vn -0.0000 -0.3726 0.9280
vn -0.2000 -0.3724 0.9063
vn -0.2787 -0.3721 0.8854
vn -0.4642 -0.3719 0.8039
vn -0.4642 -0.3718 0.8039
vn -0.6275 -0.3716 0.6842
vn -0.6850 -0.3718 0.6265
vn -0.7831 -0.3719 0.4984
vn -0.8238 -0.3717 0.4280
vn -0.8968 -0.3714 0.2403
vn -0.8969 -0.3713 0.2404
vn 0.4996 -0.3715 0.7826
vn 0.4291 -0.3713 0.8234
vn 0.2800 -0.3711 0.8854
vn 0.2013 -0.3710 0.9065
vn -0.0000 -0.3714 0.9285
vn -0.2013 -0.3710 0.9065
vn -0.2800 -0.3711 0.8854
vn -0.4291 -0.3713 0.8234
vn -0.4996 -0.3715 0.7826
vn -0.6564 -0.3719 0.6564
vn -0.8038 -0.3722 0.4641
vn -0.8039 -0.3718 0.4642
vn -0.8853 -0.3721 0.2788
vn -0.9063 -0.3724 0.2000
vn -0.9280 -0.3726 -0.0000
vn -0.9063 -0.3724 -0.2000
vn -0.8853 -0.3722 -0.2787
vn -0.8038 -0.3722 -0.4641
vn -0.8039 -0.3718 -0.4642
vn -0.4996 -0.3715 -0.7826
vn -0.4291 -0.3713 -0.8234
vn -0.2800 -0.3711 -0.8854
vn -0.2013 -0.3710 -0.9065
vn -0.0000 -0.3714 -0.9285
vn 0.2013 -0.3710 -0.9065
vn 0.2800 -0.3711 -0.8854
vn 0.4291 -0.3713 -0.8234
vn 0.4995 -0.3715 -0.7826
vn 0.8038 -0.3722 -0.4641
vn 0.8039 -0.3718 -0.4642
vn 0.8853 -0.3721 -0.2787
vn 0.9063 -0.3724 -0.2000
vn -0.9960 0.0117 0.0888
vn -0.9198 -0.0042 0.3923
vn -0.9170 0.0146 0.3987
vn -0.0228 -0.9997 0.0122
vn -0.0217 -0.9997 0.0140
vn -0.7940 -0.4468 0.4123
vn -0.8640 -0.4472 0.2314
vn 0.8871 -0.0000 0.4615
vn 0.8443 -0.0301 0.5350
vn 0.9764 -0.0000 0.2161
vn 0.9528 -0.0435 0.3005
vn 0.9979 -0.0075 -0.0647
vn 0.9394 -0.0843 0.3322
vn 0.9963 -0.0854 -0.0000
vn -0.6754 -0.0000 0.7374
vn -0.4972 -0.0334 0.8670
vn -0.5000 -0.0000 0.8660
vn -0.9987 -0.0302 -0.0412
vn -0.9763 -0.0000 -0.2163
vn 0.4616 -0.0000 -0.8871
vn 0.5369 -0.0435 -0.8425
vn 0.7374 -0.0000 0.6754
vn 0.6803 -0.0435 0.7316
vn 0.8425 -0.0435 0.5369
vn -0.8433 -0.0000 0.5375
vn -0.8855 -0.0301 0.4636
vn -0.9990 -0.0000 0.0438
vn -0.7316 -0.0435 0.6803
vn 0.6754 -0.0000 -0.7374
vn 0.7367 -0.0434 -0.6749
vn 0.5000 -0.0000 -0.8660
vn 0.5037 -0.0625 -0.8616
vn 0.5375 -0.0000 0.8433
vn 0.4679 -0.0435 0.8827
vn 0.6749 -0.0435 0.7367
vn -0.9537 -0.0000 0.3008
vn -0.8660 -0.0000 -0.5000
vn -0.8670 -0.0625 -0.4943
vn -0.9990 -0.0000 0.0439
vn 0.7071 -0.0000 -0.7071
vn -0.6601 -0.4471 0.6036
vn -0.0067 -0.9997 0.0250
vn -0.0118 -0.9997 0.0230
vn 0.0067 -0.9997 0.0250
vn 0.0173 -0.9997 0.0193
vn 0.0135 -0.9997 0.0220
vn 0.0217 -0.9997 0.0140
vn 0.0189 -0.9997 0.0176
vn 0.0228 -0.9997 0.0121
vn 0.0137 -0.9997 -0.0219
vn 0.0067 -0.9997 -0.0250
vn -0.0067 -0.9997 -0.0250
vn -0.0136 -0.9997 -0.0220
vn -0.0188 -0.9997 -0.0177
vn -0.8942 -0.4476 -0.0000
vn 0.8850 -0.3719 0.2800
vn 0.8233 -0.3717 0.4291
vn 0.7826 -0.3715 0.4996
vn -0.7071 -0.0000 -0.7071
vn -0.0188 -0.9997 0.0177
vn -0.0173 -0.9997 0.0193
vn -0.9067 -0.3712 -0.2002
vn -0.9277 -0.3711 -0.0400
vn -0.8856 -0.3714 -0.2788
vn -0.4814 -0.4470 0.7540
vn 0.9061 -0.3722 0.2013
vn 0.9272 -0.3723 0.0413
vn 0.9272 -0.3723 -0.0401
vn -0.2786 -0.3721 -0.8854
vn -0.2001 -0.3720 -0.9064
vn -0.0000 -0.3721 -0.9282
vn 0.2001 -0.3720 -0.9064
vn 0.2786 -0.3721 -0.8854
vn 0.8856 -0.3714 -0.2788
vn 0.9067 -0.3712 -0.2002
vn 0.9277 -0.3711 -0.0400
vn 0.9277 -0.3711 0.0413
vn 0.6274 -0.3719 0.6841
vn 0.4994 -0.3722 0.7824
vn 0.4289 -0.3725 0.8229
vn 0.2401 -0.3728 0.8963
vn 0.2402 -0.3728 0.8963
vn -0.2401 -0.3728 0.8963
vn -0.2402 -0.3728 0.8963
vn -0.4289 -0.3725 0.8229
vn -0.4994 -0.3722 0.7824
vn -0.6274 -0.3719 0.6841
vn -0.8967 -0.3717 0.2403
vn -0.9277 -0.3711 0.0413
vn 0.2014 -0.3714 0.9064
vn -0.0000 -0.3720 0.9282
vn -0.2014 -0.3714 0.9064
vn -0.4995 -0.3715 0.7826
vn -0.7826 -0.3715 0.4996
vn -0.8232 -0.3717 0.4291
vn -0.8850 -0.3719 0.2800
vn -0.9061 -0.3722 0.2013
vn -0.9272 -0.3723 0.0413
vn -0.9272 -0.3723 -0.0401
vn -0.4995 -0.3715 -0.7826
vn 0.8853 -0.3722 -0.2787
vn 0.6753 -0.0059 0.7375
vn 0.4252 -0.1046 0.8990
vn 0.7348 -0.0855 0.6729
vn 0.4427 0.0520 0.8952
vn 0.7246 0.0117 0.6891
vn 0.7367 0.0529 0.6742
vn 0.9395 -0.0843 -0.3321
vn 0.9198 -0.0042 0.3923
vn 0.9428 0.0116 -0.3333
vn 0.8965 -0.0060 -0.4429
vn -0.4252 -0.1046 0.8990
vn -0.6189 -0.4509 0.6431
vn -0.3716 -0.4848 0.7917
vn -0.0000 0.7070 0.7072
vn -0.3176 0.6999 0.6397
vn -0.0000 0.7071 0.7071
vn 0.9170 0.0146 0.3987
vn 0.9416 0.0519 0.3328
vn 0.7295 0.0144 -0.6839
vn 0.6753 -0.0059 -0.7375
vn 0.7071 0.7071 -0.0000
vn 0.6378 0.7054 -0.3092
vn 0.7071 0.7071 0.0001
vn -0.0000 0.0070 -1.0000
vn 0.3334 -0.0057 -0.9428
vn -0.0000 -0.0057 -1.0000
vn 0.0054 0.9999 0.0123
vn 0.0420 0.9981 0.0453
vn 0.0149 0.9998 0.0136
vn 0.9946 0.0521 -0.0892
vn 0.9960 0.0117 0.0888
vn 0.4158 0.0135 -0.9094
vn 0.4159 0.0137 0.9093
vn -0.0000 0.0528 0.9986
vn -0.0000 0.0070 1.0000
vn 0.7670 -0.5641 0.3058
vn 0.8817 -0.4717 -0.0000
vn 0.7911 -0.4715 0.3898
vn 0.0723 0.9968 0.0349
vn 0.0291 0.9995 0.0103
vn -0.0000 -0.0602 -0.9982
vn 0.4252 -0.1046 -0.8990
vn 0.7348 -0.0855 -0.6729
vn 0.0920 0.9958 -0.0000
vn 0.0291 0.9995 -0.0103
vn 0.0240 0.9997 -0.0000
vn 0.6773 -0.3475 -0.6484
vn 0.3715 0.0440 -0.9274
vn 0.3265 -0.4337 -0.8398
vn 0.7911 -0.4715 -0.3898
vn -0.4158 0.0135 -0.9094
vn -0.0000 0.0521 -0.9986
vn 0.9411 0.0141 -0.3379
vn 0.7128 0.0378 -0.7003
vn 0.6189 -0.4509 -0.6431
vn 0.3288 -0.4098 0.8509
vn -0.0000 -0.5707 0.8212
vn -0.0000 -0.4095 0.9123
vn 0.4427 0.0520 -0.8952
vn 0.8951 0.0527 -0.4428
vn 0.7064 0.0526 -0.7059
vn -0.0000 -0.4717 0.8818
vn -0.0000 -0.0602 0.9982
vn -0.0000 -0.0387 -0.9993
vn -0.0000 -0.4368 -0.8996
vn 0.3014 -0.5595 -0.7721
vn -0.0000 -0.4717 -0.8818
vn 0.3716 -0.4848 -0.7917
vn -0.6838 -0.3172 0.6571
vn -0.7670 -0.5641 0.3058
vn -0.8816 -0.3403 0.3269
vn 0.8229 -0.4827 -0.2997
vn 0.3931 -0.9195 0.0031
vn 0.3409 -0.9340 -0.1074
vn 0.0723 0.9968 -0.0349
vn 0.0149 0.9998 -0.0136
vn 0.3176 0.6999 0.6397
vn -0.8682 -0.4962 -0.0000
vn -0.8231 -0.5679 -0.0000
vn 0.9967 -0.0817 0.0020
vn 0.8756 -0.3566 -0.3259
vn 0.8682 -0.4962 -0.0000
vn -0.0079 0.9995 -0.0309
vn -0.0054 0.9999 -0.0123
vn -0.0000 1.0000 -0.0043
vn 0.0420 0.9981 -0.0453
vn 0.0054 0.9999 -0.0123
vn 0.6353 0.7043 0.3168
vn 0.6388 0.7041 0.3103
vn -0.0000 0.9507 -0.3101
vn 0.4151 0.8353 0.3604
vn -0.0000 0.9068 0.4216
vn -0.0000 0.9997 0.0234
vn -0.0000 1.0000 0.0055
vn -0.0079 0.9995 0.0309
vn 0.6838 -0.3172 0.6571
vn 0.9389 0.0193 0.3437
vn 0.8816 -0.3403 0.3269
vn -0.3680 0.0447 0.9288
vn -0.3288 -0.4098 0.8509
vn 0.3680 0.0447 0.9288
vn 0.7112 0.0406 0.7019
vn -0.7071 0.7071 0.0001
vn -0.6353 0.7043 0.3168
vn -0.6388 0.7041 0.3103
vn -0.9389 0.0193 0.3437
vn -0.7112 0.0406 0.7019
vn 0.0010 1.0000 -0.0000
vn 0.5679 -0.5649 0.5986
vn 0.3716 -0.4848 0.7917
vn 0.3014 -0.5595 0.7721
vn -0.0000 1.0000 0.0054
vn -0.0000 1.0000 -0.0042
vn 0.6189 -0.4509 0.6431
vn 0.7670 -0.5641 -0.3057
vn 0.5679 -0.5649 -0.5986
vn 0.4120 -0.7748 0.4794
vn -0.0000 -0.6756 0.7373
vn -0.0000 -0.8858 0.4641
vn 0.3176 0.6999 -0.6397
vn -0.0000 0.7070 -0.7072
vn 0.3137 0.7000 -0.6416
vn 0.3335 -0.0058 0.9427
vn -0.0000 0.0883 0.9961
vn -0.0000 -0.0218 0.9998
vn 0.9984 0.0562 0.0077
vn -0.3176 0.6999 -0.6397
vn -0.0000 0.7071 -0.7071
vn 0.9684 0.0770 0.2373
vn 0.9980 0.0637 0.0014
vn -0.7692 0.0811 0.6338
vn -0.9684 0.0770 0.2373
vn 0.7692 0.0811 0.6338
vn 0.6470 0.1008 -0.7558
vn -0.0000 -0.0000 1.0000
vn 0.2893 0.0833 0.9536
vn -0.7370 -0.5017 0.4529
vn -0.8572 -0.0112 0.5148
vn -0.8898 -0.0000 0.4564
vn -0.6545 0.0825 0.7516
vn -0.2893 0.0833 0.9536
vn -0.4546 0.1835 -0.8716
vn -0.0000 0.3296 -0.9441
vn -0.4276 0.3374 -0.8386
vn -0.7095 0.0312 0.7040
vn 0.5100 0.1038 -0.8539
vn 0.3179 0.0815 -0.9446
vn 0.7143 0.0846 -0.6947
vn 0.6545 0.0825 0.7516
vn 0.7095 0.0312 0.7040
vn 0.9696 0.0789 -0.2318
vn 0.7812 0.0955 -0.6170
vn -0.9967 -0.0817 0.0020
vn -0.0000 0.0560 -0.9984
vn -0.2896 0.0924 -0.9527
vn -0.0000 0.0996 -0.9950
vn 0.8626 -0.0069 0.5058
vn 0.9544 0.0663 0.2911
vn 0.4551 -0.0814 0.8867
vn -0.0000 0.1103 -0.9939
vn 0.3151 0.0105 0.9490
vn 0.4306 -0.8740 0.2253
vn -0.0000 -0.9864 0.1646
vn 0.4546 0.1835 -0.8716
vn -0.0000 0.1922 -0.9814
vn -0.8639 -0.3638 0.3483
vn -0.4564 -0.3025 0.8368
vn -0.8860 -0.1989 0.4189
vn -0.0000 -0.3347 0.9423
vn 0.4343 -0.2817 0.8556
vn 0.9321 0.1114 -0.3446
vn 0.7362 0.5168 0.4370
vn 0.7119 0.5953 -0.3725
vn -0.9943 -0.0939 -0.0513
vn -0.9998 -0.0189 -0.0027
vn 0.9984 0.0524 -0.0219
vn 0.9592 0.0884 -0.2687
vn 0.8507 0.1023 -0.5155
vn 0.9043 0.0882 -0.4177
vn 0.9998 -0.0189 -0.0027
vn 0.4386 0.3375 -0.8329
vn 0.8899 0.1045 -0.4441
vn 0.8917 -0.1884 0.4116
vn 0.9943 -0.0939 -0.0513
vn -0.3151 0.0105 0.9490
vn -0.0000 -0.0934 0.9956
vn 0.9317 0.3444 -0.1158
vn 0.9899 -0.0932 -0.1065
vn 0.9985 -0.0518 0.0185
vn 0.8639 -0.3638 0.3483
vn 0.4719 -0.5763 0.6672
vn 0.8673 -0.4680 0.1694
vn -0.4159 0.0137 0.9093
vn -0.4427 0.0519 0.8952
vn 0.4153 0.5802 -0.7006
vn -0.4466 -0.6186 0.6464
vn -0.8828 -0.4481 0.1411
vn -0.4282 -0.7663 0.4790
vn -0.0000 0.5496 -0.8354
vn 0.9941 0.0135 0.1080
vn 0.9078 0.4136 0.0694
vn 0.4382 -0.8912 0.1173
vn -0.0000 -0.9953 0.0968
vn -0.0000 -0.9991 0.0427
vn 0.8728 -0.4780 0.0993
vn 0.4429 0.8341 -0.3288
vn 0.8887 0.1946 -0.4152
vn -0.8902 -0.4402 0.1176
vn -0.8960 0.2116 -0.3904
vn -0.9899 -0.0932 -0.1065
vn 0.0017 0.9320 -0.3624
vn 0.9964 0.0151 0.0833
vn 0.8496 0.5249 0.0513
vn -0.4401 -0.8903 0.1172
vn 0.8775 -0.4542 0.1537
vn 0.4013 0.9132 0.0705
vn -0.4445 -0.8701 0.2131
vn -0.9010 0.3863 -0.1971
vn -0.9985 -0.0518 0.0185
vn -0.0000 0.9995 0.0331
vn 0.8619 0.4866 -0.1430
vn 0.9912 -0.0385 -0.1267
vn 0.8522 -0.5185 0.0698
vn -0.3794 -0.9235 0.0566
vn 0.3824 0.9233 0.0351
vn -0.4340 0.8998 0.0448
vn -0.0000 0.9993 0.0376
vn -0.3666 0.9296 -0.0376
vn -0.9941 0.0135 0.1080
vn -0.8824 -0.4647 0.0745
vn 0.8492 -0.3916 0.3544
vn 0.9966 -0.0818 -0.0020
vn 0.4632 0.8636 -0.1992
vn -0.8921 0.4511 0.0281
vn -0.9964 0.0151 0.0833
vn 0.0291 -0.9024 0.4300
vn 0.4085 -0.8093 0.4221
vn -0.0000 -0.9067 0.4219
vn -0.0000 -0.9894 -0.1449
vn 0.3096 -0.8923 -0.3285
vn -0.0000 0.9870 -0.1606
vn 0.2767 0.8783 -0.3898
vn -0.3537 0.8787 0.3206
vn -0.2768 0.8783 -0.3898
vn -0.0240 0.9997 -0.0000
vn -0.0010 1.0000 -0.0000
vn -0.0291 0.9995 -0.0103
vn 0.8594 -0.0101 0.5112
vn 0.7388 -0.5019 0.4497
vn 0.8898 -0.0000 0.4564
vn 0.7060 -0.5460 0.4511
vn 0.7266 -0.6089 -0.3183
vn 0.3591 -0.3637 -0.8595
vn 0.5580 -0.5668 -0.6061
vn 0.6838 -0.3171 -0.6572
vn 0.9592 0.0884 0.2687
vn 0.9984 0.0524 0.0219
vn 0.9980 0.0638 -0.0014
vn 0.4105 0.7992 -0.4390
vn 0.7136 0.5632 -0.4166
vn 0.3474 0.8321 -0.4323
vn -0.0000 0.9997 -0.0234
vn 0.0079 0.9995 -0.0309
vn 0.9684 0.0770 -0.2373
vn 0.9544 0.0664 -0.2911
vn 0.8646 0.0065 -0.5025
vn 0.7374 0.5044 -0.4493
vn 0.8898 -0.0000 -0.4564
vn 0.2896 0.0924 -0.9527
vn -0.0000 -0.9598 -0.2806
vn -0.3335 -0.0058 0.9427
vn -0.0000 -0.0060 1.0000
vn 0.0142 0.8928 -0.4503
vn -0.0000 0.9068 -0.4216
vn -0.0290 0.9995 0.0103
vn -0.0149 0.9998 0.0136
vn -0.7238 0.5299 0.4420
vn -0.7134 0.5977 -0.3659
vn -0.3014 -0.5595 0.7721
vn 0.3523 0.8003 0.4852
vn -0.8591 -0.0102 -0.5118
vn -0.7363 -0.5061 -0.4491
vn -0.8898 -0.0000 -0.4564
vn 0.0253 0.9138 0.4054
vn 0.8550 0.1521 0.4959
vn 0.4690 0.1993 0.8604
vn 0.9003 0.0754 0.4286
vn -0.9980 0.0638 0.0014
vn -0.9544 0.0663 0.2911
vn -0.4091 -0.7974 0.4437
vn -0.7141 -0.5635 0.4154
vn -0.7143 0.0847 0.6947
vn -0.8931 0.1946 0.4056
vn -0.4989 0.0748 0.8634
vn -0.4131 0.8403 -0.3510
vn -0.0000 0.9507 0.3102
vn -0.2768 0.8783 0.3898
vn -0.9984 0.0524 0.0219
vn -0.9544 0.0664 -0.2910
vn -0.8978 0.0592 -0.4364
vn -0.9911 -0.0151 -0.1322
vn -0.8715 -0.4366 -0.2234
vn -0.9912 -0.0385 -0.1267
vn -0.9972 -0.0738 0.0133
vn -0.9239 -0.0059 -0.3826
vn -0.9237 -0.1112 -0.3666
vn -0.4548 0.1834 0.8715
vn -0.0000 0.3296 0.9441
vn -0.0000 0.1921 0.9814
vn 0.3679 0.0448 -0.9288
vn 0.6545 0.0825 -0.7516
vn 0.2891 0.0833 -0.9537
vn 0.7231 0.5153 0.4599
vn -0.6470 0.1008 -0.7558
vn -0.3715 0.0440 -0.9274
vn 0.3938 -0.8098 0.4350
vn -0.4218 -0.0514 0.9052
vn -0.8549 0.1521 -0.4959
vn -0.9003 0.0754 -0.4286
vn -0.7812 0.0955 -0.6170
vn -0.9592 0.0884 -0.2687
vn -0.9696 0.0789 -0.2318
vn 0.4427 0.0519 -0.8952
vn -0.8817 -0.4717 -0.0000
vn -0.7911 -0.4715 0.3898
vn -0.0000 1.0000 0.0023
vn -0.0000 1.0000 -0.0041
vn -0.0054 0.9999 0.0123
vn -0.0000 0.9997 -0.0235
vn 0.5017 0.7056 -0.5004
vn 0.5013 0.7058 -0.5005
vn 0.8231 -0.5679 -0.0000
vn 0.5017 0.7056 0.5005
vn 0.5012 0.7058 0.5006
vn -0.6378 0.7054 -0.3092
vn 0.3137 0.6999 0.6416
vn -0.0000 -0.5707 -0.8212
vn -0.8542 -0.5197 0.0172
vn -0.4252 -0.1046 -0.8990
vn -0.3716 -0.4848 -0.7917
vn -0.7433 0.5895 -0.3163
vn 0.7268 -0.0999 -0.6796
vn 0.3896 -0.4723 -0.7907
vn 0.4168 -0.0951 -0.9040
vn 0.7294 0.0144 -0.6839
vn 0.3334 -0.0056 -0.9428
vn -0.7246 0.0117 0.6891
vn -0.6753 -0.0059 0.7375
vn -0.7348 -0.0855 0.6729
vn -0.7367 0.0530 0.6742
vn -0.9416 0.0519 0.3328
vn -0.9979 -0.0075 -0.0647
vn -0.9395 -0.0844 -0.3321
vn -0.9963 -0.0854 -0.0000
vn -0.0920 0.9958 -0.0000
vn -0.0723 0.9968 0.0349
vn -0.9428 0.0116 -0.3333
vn -0.3334 -0.0057 -0.9428
vn -0.8965 -0.0060 -0.4429
vn -0.7348 -0.0855 -0.6729
vn -0.6753 -0.0059 -0.7375
vn -0.7911 -0.4715 -0.3898
vn -0.7294 0.0144 -0.6839
vn -0.8951 0.0527 -0.4427
vn -0.7064 0.0526 -0.7059
vn -0.6189 -0.4509 -0.6431
vn -0.4428 0.0520 -0.8951
vn -0.9984 0.0524 -0.0219
vn -0.9411 0.0141 -0.3379
vn -0.7128 0.0378 -0.7003
vn -0.9984 0.0562 0.0076
vn -0.5679 -0.5649 0.5986
vn -0.3179 0.0815 -0.9446
vn -0.9394 -0.0843 0.3322
vn -0.6773 -0.3475 -0.6484
vn -0.8756 -0.3566 -0.3260
vn -0.5679 -0.5649 -0.5986
vn -0.4123 0.1591 -0.8971
vn -0.7143 0.0846 -0.6948
vn -0.3096 -0.8923 -0.3285
vn -0.3714 -0.8536 0.3653
vn -0.9305 -0.0230 0.3655
vn -0.8820 0.1245 -0.4546
vn -0.4429 0.8341 -0.3288
vn -0.4336 0.4895 -0.7565
vn -0.3190 0.8525 -0.4141
vn -0.3409 -0.9340 -0.1074
vn -0.4632 0.8636 -0.1992
vn -0.8350 0.5498 0.0217
vn 0.2589 -0.0056 -0.9659
vn -0.7246 -0.6024 -0.3347
vn -0.3265 -0.4337 -0.8398
vn -0.3378 0.8435 0.4177
vn -0.7361 0.5042 0.4515
vn -0.0000 -0.3346 -0.9424
vn 0.3840 -0.6077 -0.6952
vn -0.0000 -0.6755 -0.7373
vn 0.3918 -0.8088 -0.4386
vn 0.7141 -0.5635 -0.4154
vn 0.7218 -0.5266 -0.4492
vn -0.0000 -0.0219 -0.9998
vn -0.0000 -0.4779 -0.8784
vn -0.0000 -0.0607 -0.9982
vn -0.4168 -0.0951 -0.9040
vn -0.7229 0.5153 -0.4604
vn -0.7563 0.5178 -0.3999
vn 0.9960 -0.0058 -0.0889
vn -0.0149 0.9998 -0.0136
vn -0.0723 0.9968 -0.0349
vn -0.0421 0.9981 0.0453
vn -0.0422 0.9981 -0.0453
vn -0.3014 -0.5595 -0.7721
vn -0.7670 -0.5641 -0.3057
vn -0.9946 0.0532 -0.0892
vn -0.5017 0.7056 0.5005
vn -0.3137 0.6999 0.6416
vn -0.5012 0.7058 0.5006
vn -0.5017 0.7056 -0.5004
vn -0.5013 0.7058 -0.5005
vn -0.3137 0.7000 -0.6416
vn -0.6754 -0.0059 -0.7374
vn -0.7295 0.0144 -0.6838
vn -0.2782 -0.5606 0.7799
vn -0.0000 -0.4957 0.8685
vn -0.0000 -0.5675 0.8234
vn 0.9986 0.0522 -0.0000
vn 0.8951 0.0527 -0.4427
vn 0.9277 -0.0049 0.3734
vn 0.9924 -0.0852 0.0887
vn 0.8128 -0.4556 -0.3631
vn 0.6354 -0.4906 -0.5962
vn 0.0723 0.9968 -0.0350
vn 0.9971 0.0085 0.0754
vn 0.4167 -0.0945 0.9041
vn 0.4159 0.0135 0.9093
vn 0.6840 -0.0074 0.7294
vn 0.8929 -0.0859 0.4419
vn 0.6951 -0.1058 0.7111
vn 0.6497 -0.4723 0.5957
vn 0.8340 -0.4658 0.2957
vn 0.7294 0.0142 0.6840
vn 0.8951 0.0525 0.4428
vn 0.7064 0.0518 0.7059
vn -0.0000 -0.4723 -0.8814
vn -0.3896 -0.4723 -0.7907
vn 0.3898 -0.4717 0.7909
vn 0.4426 0.0508 0.8953
vn 0.0079 0.9995 0.0309
vn 0.2781 -0.5607 -0.7799
vn -0.0000 -0.5671 -0.8236
vn 0.3137 0.7001 -0.6415
vn -0.7695 -0.5639 0.2996
vn -0.8248 -0.5648 0.0267
vn -0.9299 0.0166 -0.3674
vn -0.9986 0.0522 -0.0000
vn -0.6838 -0.3171 -0.6572
vn -0.3679 0.0448 -0.9288
vn -0.7112 0.0408 -0.7018
vn -0.8808 0.1107 0.4604
vn -0.9998 -0.0189 0.0027
vn -0.9943 -0.0939 0.0513
vn 0.9984 0.0562 -0.0077
vn 0.9411 0.0141 0.3380
vn 0.9696 0.0789 0.2318
vn 0.7811 0.0955 0.6170
vn 0.7129 0.0378 0.7002
vn 0.7693 0.0811 -0.6337
vn 0.7112 0.0408 -0.7018
vn 0.9389 0.0194 -0.3436
vn 0.6377 0.7054 -0.3093
vn 0.7631 -0.5637 -0.3160
vn 0.3178 0.0816 0.9446
vn -0.0000 0.1105 0.9939
vn 0.5099 0.1039 0.8539
vn 0.8789 -0.4708 -0.0773
vn 0.6766 -0.2962 0.6742
vn 0.6473 0.1007 0.7556
vn 0.3716 0.0441 0.9273
vn 0.2896 0.0922 0.9527
vn -0.0000 0.0558 0.9984
vn 0.7695 -0.5639 0.2996
vn 0.5758 -0.5685 0.5876
vn -0.9984 0.0562 -0.0077
vn -0.9411 0.0140 0.3380
vn -0.9966 -0.0818 -0.0020
vn -0.0000 -0.4711 0.8821
vn -0.0000 0.0882 -0.9961
vn -0.9389 0.0194 -0.3436
vn 0.4278 0.3374 0.8386
vn 0.7094 0.0311 -0.7041
vn 0.3150 0.0104 -0.9490
vn -0.0000 -0.0934 -0.9956
vn -0.0000 0.0002 -1.0000
vn 0.9943 -0.0939 0.0513
vn 0.8960 0.2116 0.3903
vn 0.9899 -0.0932 0.1064
vn 0.7143 0.0847 0.6947
vn 0.4160 -0.1189 -0.9016
vn 0.4423 -0.3275 -0.8349
vn 0.8721 -0.3794 -0.3090
vn -0.4121 -0.7748 -0.4794
vn -0.0000 -0.8858 -0.4640
vn -0.0000 0.0994 0.9950
vn -0.0000 -0.0384 0.9993
vn 0.8728 -0.1471 -0.4655
vn 0.9305 -0.0230 -0.3655
vn -0.4140 -0.5605 -0.7173
vn 0.3096 -0.8923 0.3285
vn 0.7701 -0.5869 0.2500
vn 0.9985 -0.0518 -0.0185
vn 0.8790 -0.4338 -0.1980
vn 0.8775 -0.4542 -0.1538
vn 0.8947 -0.4400 -0.0772
vn 0.9998 -0.0189 0.0027
vn -0.6545 0.0825 -0.7516
vn -0.3150 0.0104 -0.9490
vn -0.7094 0.0311 -0.7041
vn 0.9011 0.3863 0.1970
vn 0.9941 0.0135 -0.1080
vn 0.8820 0.1244 0.4546
vn 0.4428 0.8342 0.3287
vn 0.4338 0.4894 0.7565
vn 0.8812 0.4568 -0.1220
vn -0.0000 0.5496 0.8354
vn 0.0028 0.9312 0.3645
vn -0.0000 0.9995 -0.0331
vn 0.3744 0.9270 -0.0215
vn 0.4121 -0.7748 -0.4794
vn 0.4233 -0.8805 -0.2135
vn -0.0000 -0.9864 -0.1646
vn 0.4401 -0.8903 -0.1171
vn -0.0000 -0.9953 -0.0968
vn 0.4248 -0.9024 -0.0724
vn -0.8639 -0.3638 -0.3483
vn -0.4337 -0.3311 -0.8380
vn -0.4248 -0.9024 -0.0724
vn -0.0000 -0.9991 -0.0427
vn 0.9964 0.0151 -0.0833
vn 0.3643 0.9306 0.0362
vn 0.3409 -0.9340 0.1074
vn 0.8256 -0.5478 0.1352
vn 0.8542 -0.5197 -0.0172
vn -0.4306 -0.8740 -0.2252
vn -0.0000 0.9993 -0.0376
vn 0.9912 -0.0384 0.1267
vn 0.7433 0.5895 0.3163
vn 0.4632 0.8636 0.1992
vn 0.8350 0.5498 -0.0217
vn -0.0000 -0.9894 0.1449
vn -0.4321 0.2996 0.8506
vn -0.4382 -0.8912 -0.1173
vn -0.0000 -0.9598 0.2807
vn 0.4084 -0.8093 -0.4221
vn -0.0000 -0.9067 -0.4218
vn 0.8189 0.4429 0.3651
vn 0.9862 0.0851 0.1421
vn 0.2769 0.8783 0.3897
vn -0.4093 0.4995 0.7635
vn 0.3586 -0.3920 0.8472
vn 0.0291 -0.9024 -0.4300
vn -0.2589 -0.0056 -0.9659
vn -0.4383 0.8326 0.3387
vn 0.0001 0.9870 0.1606
vn -0.4006 0.9163 -0.0010
vn -0.9912 -0.0384 0.1267
vn -0.7568 0.4831 0.4402
vn -0.8793 0.3903 0.2730
vn -0.7047 -0.5674 -0.4259
vn -0.4302 -0.7894 -0.4380
vn -0.2891 0.0833 -0.9537
vn -0.8004 -0.4967 0.3357
vn -0.9732 -0.0994 0.2072
vn -0.9684 0.0770 -0.2373
vn -0.9980 0.0637 -0.0014
vn -0.8816 -0.3403 -0.3269
vn -0.4160 -0.1189 -0.9016
vn -0.9592 0.0884 0.2687
vn -0.6337 0.7058 -0.3167
vn -0.5000 0.7081 -0.4986
vn -0.5001 0.7078 -0.4989
vn -0.8728 -0.1471 -0.4655
vn -0.7693 0.0811 -0.6337
vn -0.3591 -0.3637 -0.8595
vn -0.3137 0.7001 -0.6415
vn 0.0423 0.9981 -0.0453
vn -0.2896 0.0922 0.9527
vn -0.2781 -0.5607 -0.7799
vn 0.2782 -0.5606 0.7799
vn 0.8248 -0.5648 0.0267
vn 0.5001 0.7078 -0.4989
vn 0.5000 0.7081 -0.4986
vn 0.9299 0.0166 0.3674
vn 0.6337 0.7058 -0.3167
vn -0.4159 0.0135 0.9093
vn -0.0000 0.0523 0.9986
vn 0.4999 0.7081 0.4988
vn 0.6337 0.7058 0.3167
vn 0.6377 0.7054 0.3093
vn -0.7631 -0.5637 -0.3160
vn 0.3127 0.7029 0.6388
vn 0.4999 0.7079 0.4990
vn -0.8789 -0.4708 -0.0773
vn -0.8128 -0.4556 -0.3631
vn 0.8816 -0.3403 -0.3270
vn -0.9277 -0.0049 0.3734
vn -0.8929 -0.0859 0.4419
vn -0.3162 0.7028 0.6373
vn -0.3127 0.7029 0.6388
vn 0.3162 0.7028 0.6373
vn -0.3690 0.9286 0.0386
vn -0.3096 -0.8923 0.3285
vn -0.4427 0.0519 -0.8952
vn -0.8340 -0.4658 0.2957
vn -0.7268 -0.0998 -0.6795
vn -0.6354 -0.4906 -0.5962
vn -0.3898 -0.4717 0.7909
vn -1.0000 0.0069 -0.0000
vn -0.6337 0.7058 0.3167
vn -0.4999 0.7081 0.4988
vn -0.6377 0.7054 0.3093
vn -0.0291 0.9995 0.0103
vn -1.0000 -0.0058 -0.0000
vn -0.4999 0.7079 0.4990
vn -0.7294 0.0142 0.6840
vn -0.8951 0.0525 0.4428
vn -0.9299 0.0166 0.3674
vn -0.6840 -0.0074 0.7294
vn -0.6951 -0.1058 0.7111
vn -0.4426 0.0508 0.8953
vn -0.7064 0.0518 0.7059
vn -0.4167 -0.0945 0.9041
vn -0.5758 -0.5685 0.5876
vn -0.8492 -0.3916 0.3544
vn -0.6766 -0.2962 0.6742
vn -0.3586 -0.3920 0.8472
vn -0.5580 -0.5668 -0.6061
vn -0.7071 0.7071 -0.0000
vn -0.6377 0.7054 -0.3093
vn -0.3716 0.0441 0.9273
vn -0.7129 0.0378 0.7002
vn -0.6497 -0.4723 0.5957
vn -0.3178 0.0816 0.9446
vn -0.7811 0.0955 0.6170
vn -0.9696 0.0789 0.2318
vn -0.6473 0.1007 0.7556
vn -0.8980 0.1019 0.4281
vn -0.9899 -0.0932 0.1064
vn -0.9225 0.3693 0.1124
vn -0.8960 0.2116 0.3903
vn -0.8666 -0.4647 -0.1819
vn -0.9941 0.0135 -0.1080
vn -0.9078 0.4137 -0.0694
vn -0.8734 -0.4744 -0.1098
vn -0.9985 -0.0518 -0.0185
vn -0.9964 0.0151 -0.0833
vn -0.8496 0.5249 -0.0513
vn -0.8775 -0.4542 -0.1538
vn -0.8522 -0.5185 -0.0698
vn -0.3409 -0.9340 0.1074
vn -0.8055 -0.5097 0.3024
vn -0.3714 -0.8536 -0.3653
vn -0.4632 0.8636 0.1992
vn -0.0723 0.9968 -0.0350
vn -0.0228 -0.9997 0.0123
vn -0.2698 -0.4474 0.8527
vn -0.0135 -0.9997 0.0220
vn 0.1927 -0.4469 0.8736
vn -0.0000 -0.4472 0.8944
vn 0.4123 -0.4468 0.7939
vn 0.6038 -0.4468 0.6602
vn 0.7746 -0.4472 0.4472
vn 0.8640 -0.4472 0.2314
vn 0.8942 -0.4476 -0.0000
vn 0.8640 -0.4472 -0.2314
vn 0.7746 -0.4472 -0.4472
vn 0.6038 -0.4467 -0.6602
vn 0.4123 -0.4468 -0.7939
vn 0.1927 -0.4469 -0.8736
vn -0.0000 -0.4472 -0.8944
vn -0.1927 -0.4469 -0.8736
vn -0.4123 -0.4468 -0.7939
vn -0.6038 -0.4467 -0.6602
vn -0.7540 -0.4468 -0.4815
vn -0.8530 -0.4467 -0.2698
vn 0.3009 -0.0000 0.9536
vn -0.1927 -0.4469 0.8736
vn -0.0000 -0.4476 0.8942
vn 0.2698 -0.4474 0.8527
vn 0.4944 -0.0625 0.8670
vn 0.4814 -0.4470 0.7540
vn 0.6601 -0.4471 0.6036
vn 0.7940 -0.4468 0.4123
vn 0.8736 -0.4469 0.1926
vn 0.8944 -0.4472 -0.0000
vn 0.8736 -0.4469 -0.1927
vn -0.7746 -0.4472 -0.4472
vn -0.8640 -0.4472 -0.2314
vn -0.0136 -0.9997 0.0220
vn 0.6338 0.7057 -0.3166
vn -0.6338 0.7057 -0.3166
vn -0.0000 1.0000 -0.0000
vt 0.870546 0.240015
vt 0.876599 0.264774
vt 0.870897 0.265065
vt 0.810211 0.216740
vt 0.867540 0.240826
vt 0.811207 0.240299
vt 0.876239 0.383006
vt 0.932898 0.409534
vt 0.876599 0.408741
vt 0.872173 0.590847
vt 0.927494 0.633335
vt 0.914609 0.646226
vt 0.875181 0.461205
vt 0.929798 0.485146
vt 0.873500 0.484353
vt 0.936603 0.755999
vt 0.872165 0.729290
vt 0.941313 0.738395
vt 0.523058 0.888172
vt 0.466361 0.861772
vt 0.522771 0.862316
vt 0.941314 0.720164
vt 0.681396 0.897262
vt 0.624143 0.873425
vt 0.680554 0.873969
vt 0.936597 0.702561
vt 0.679793 0.703244
vt 0.623800 0.676061
vt 0.680133 0.676587
vt 0.927493 0.686773
vt 0.233723 0.646475
vt 0.291641 0.666530
vt 0.235308 0.666003
vt 0.914620 0.673885
vt 0.522297 0.717447
vt 0.466304 0.742917
vt 0.465964 0.716920
vt 0.898849 0.664776
vt 0.867880 0.266822
vt 0.811547 0.266295
vt 0.881264 0.660062
vt 0.292636 0.690089
vt 0.236303 0.689562
vt 0.863060 0.660064
vt 0.466647 0.835100
vt 0.523058 0.835645
vt 0.845472 0.664780
vt 0.623856 0.847569
vt 0.680267 0.848114
vt 0.829707 0.673896
vt 0.624796 0.650559
vt 0.681129 0.651086
vt 0.816833 0.686791
vt 0.466304 0.690263
vt 0.522637 0.690790
vt 0.807727 0.702574
vt 0.867540 0.293479
vt 0.811207 0.292952
vt 0.803017 0.720184
vt 0.292976 0.716085
vt 0.236643 0.715558
vt 0.803017 0.738409
vt 0.876238 0.291446
vt 0.931480 0.318025
vt 0.875181 0.317232
vt 0.807733 0.756018
vt 0.467490 0.809438
vt 0.523900 0.809982
vt 0.816838 0.771800
vt 0.624144 0.820898
vt 0.680554 0.821443
vt 0.829710 0.784688
vt 0.626380 0.627952
vt 0.682713 0.628478
vt 0.845482 0.793797
vt 0.467300 0.664762
vt 0.523633 0.665288
vt 0.863066 0.798510
vt 0.810211 0.318454
vt 0.866544 0.318981
vt 0.881270 0.798509
vt 0.875181 0.215992
vt 0.869517 0.217582
vt 0.999998 0.111584
vt 0.973934 0.089060
vt 1.000000 0.085621
vt 0.939526 0.006716
vt 0.945987 0.040610
vt 0.929481 0.031072
vt 0.914476 -0.000000
vt 0.911071 0.026136
vt 0.892013 0.026136
vt 0.873602 0.031074
vt 0.888542 0.000000
vt 0.857094 0.040616
vt 0.863490 0.006724
vt 0.843616 0.054112
vt 0.841034 0.019705
vt 0.834081 0.070637
vt 0.822692 0.038068
vt 0.803018 0.085635
vt 0.829149 0.089074
vt 0.829148 0.108154
vt 0.809725 0.136671
vt 0.834085 0.126586
vt 0.822695 0.159158
vt 0.843615 0.143112
vt 0.841030 0.177513
vt 0.857094 0.156604
vt 0.863491 0.190496
vt 0.873601 0.166142
vt 0.888541 0.197212
vt 0.892010 0.171078
vt 0.911069 0.171078
vt 0.929479 0.166140
vt 0.914475 0.197212
vt 0.945988 0.156598
vt 0.939527 0.190488
vt 0.959466 0.143103
vt 0.961983 0.177507
vt 0.969000 0.126577
vt 0.980325 0.159144
vt 0.973932 0.108147
vt 0.870546 0.291025
vt 0.232279 0.582509
vt 0.237406 0.567178
vt 0.236448 0.583563
vt 0.466419 0.464173
vt 0.471732 0.476916
vt 0.467527 0.477827
vt 0.292636 0.742742
vt 0.236304 0.742215
vt 0.980322 0.038054
vt 0.968996 0.070628
vt 0.959466 0.054102
vt 0.680095 0.528009
vt 0.683584 0.546305
vt 0.679372 0.545630
vt 0.873500 0.197212
vt 0.867880 0.199304
vt 0.233216 0.566486
vt 0.238008 0.548821
vt 0.682407 0.562501
vt 0.678223 0.561454
vt 0.450018 0.567074
vt 0.455306 0.579503
vt 0.451100 0.580415
vt 0.451781 0.596514
vt 0.456002 0.595981
vt 0.456240 0.614159
vt 0.452012 0.614279
vt 0.456002 0.632802
vt 0.451780 0.632491
vt 0.451100 0.649914
vt 0.455306 0.650637
vt 0.450018 0.665366
vt 0.454198 0.666445
vt 0.213539 0.680615
vt 0.208434 0.668482
vt 0.212624 0.667543
vt 0.212049 0.651631
vt 0.207845 0.652195
vt 0.211852 0.633956
vt 0.207644 0.634105
vt 0.212048 0.615734
vt 0.207845 0.615458
vt 0.208434 0.597510
vt 0.212624 0.598195
vt 0.213539 0.582547
vt 0.209371 0.581487
vt 0.461426 0.651879
vt 0.458328 0.666445
vt 0.457220 0.652791
vt 0.460746 0.635780
vt 0.456524 0.636313
vt 0.456286 0.618135
vt 0.460514 0.618014
vt 0.456524 0.599492
vt 0.460746 0.599802
vt 0.461427 0.582379
vt 0.457221 0.581657
vt 0.462509 0.566928
vt 0.458329 0.565849
vt 0.678223 0.463613
vt 0.683584 0.475502
vt 0.679372 0.476447
vt 0.684323 0.491617
vt 0.680094 0.492198
vt 0.684575 0.509619
vt 0.680341 0.509780
vt 0.684323 0.528273
vt 0.914623 0.784676
vt 0.898858 0.793793
vt 0.468223 0.494305
vt 0.472445 0.493773
vt 0.468461 0.512483
vt 0.472687 0.512368
vt 0.468223 0.531126
vt 0.472444 0.531435
vt 0.471732 0.549676
vt 0.467527 0.548961
vt 0.470599 0.565849
vt 0.466419 0.564770
vt 0.219942 0.582072
vt 0.214554 0.569881
vt 0.218766 0.568936
vt 0.218026 0.552821
vt 0.213797 0.553395
vt 0.213539 0.534985
vt 0.217774 0.534819
vt 0.213797 0.515907
vt 0.218026 0.516172
vt 0.218765 0.498134
vt 0.214553 0.497452
vt 0.219942 0.481938
vt 0.215757 0.480890
vt 0.456287 0.564624
vt 0.450973 0.551881
vt 0.455179 0.550970
vt 0.454482 0.534492
vt 0.450260 0.535025
vt 0.454244 0.516314
vt 0.450018 0.516429
vt 0.454482 0.497671
vt 0.450261 0.497362
vt 0.450973 0.479121
vt 0.455178 0.479836
vt 0.452106 0.462948
vt 0.456287 0.464027
vt 0.232279 0.482136
vt 0.237406 0.494576
vt 0.233216 0.495514
vt 0.233805 0.511801
vt 0.238008 0.511237
vt 0.238214 0.529737
vt 0.234005 0.529891
vt 0.233804 0.548544
vt 0.163488 0.033334
vt 0.137902 0.023908
vt 0.154249 0.015659
vt 0.900696 0.859047
vt 0.881340 0.887567
vt 0.876401 0.869135
vt 0.881249 0.660062
vt 0.863039 0.660062
vt 0.870546 0.383982
vt 0.870897 0.409032
vt 0.468829 0.786531
vt 0.525239 0.787075
vt 0.624986 0.795235
vt 0.681396 0.795780
vt 0.566707 0.026530
vt 0.580175 0.012702
vt 0.571337 0.028875
vt 0.931480 0.216785
vt 0.936603 0.617551
vt 0.525217 0.642681
vt 0.468884 0.642154
vt 0.941325 0.599943
vt 0.876239 0.435414
vt 0.931480 0.461998
vt 0.941329 0.581719
vt 0.864960 0.341589
vt 0.808627 0.341062
vt 0.936625 0.564111
vt 0.235308 0.767717
vt 0.291641 0.768244
vt 0.927527 0.548335
vt 0.682713 0.772328
vt 0.624796 0.752273
vt 0.681129 0.752800
vt 0.914656 0.535446
vt 0.626325 0.772328
vt 0.682735 0.772873
vt 0.898892 0.526339
vt 0.932537 0.239832
vt 0.876239 0.239039
vt 0.881309 0.521625
vt 0.932537 0.292239
vt 0.863097 0.521631
vt 0.873500 0.341179
vt 0.931480 0.360752
vt 0.875181 0.359959
vt 0.845511 0.526347
vt 0.525239 0.930591
vt 0.467490 0.910920
vt 0.523900 0.911464
vt 0.829736 0.535467
vt 0.290056 0.790852
vt 0.233723 0.790325
vt 0.816854 0.548353
vt 0.623800 0.728714
vt 0.680133 0.729241
vt 0.807743 0.564142
vt 0.525217 0.786531
vt 0.467300 0.766475
vt 0.523633 0.767002
vt 0.803023 0.581745
vt 0.932898 0.265567
vt 0.803017 0.599975
vt 0.929798 0.341179
vt 0.873500 0.340386
vt 0.807723 0.617577
vt 0.932537 0.383799
vt 0.816819 0.633358
vt 0.932537 0.436207
vt 0.829692 0.646241
vt 0.466648 0.887627
vt 0.845453 0.655354
vt 0.626325 0.915844
vt 0.624986 0.896717
vt 0.869517 0.361555
vt 0.907406 0.910088
vt 0.907406 0.884125
vt 0.846925 0.805231
vt 0.853390 0.839118
vt 0.836883 0.829581
vt 0.818473 0.824647
vt 0.795941 0.798518
vt 0.799414 0.824648
vt 0.781004 0.829588
vt 0.764497 0.839131
vt 0.770890 0.805238
vt 0.751020 0.852627
vt 0.748434 0.818226
vt 0.741486 0.869153
vt 0.730095 0.836585
vt 0.710424 0.884153
vt 0.736555 0.887590
vt 0.736555 0.906670
vt 0.717135 0.935188
vt 0.741494 0.925102
vt 0.730106 0.957675
vt 0.751025 0.941627
vt 0.748443 0.976028
vt 0.764505 0.955119
vt 0.770904 0.989010
vt 0.781012 0.964656
vt 0.799422 0.969596
vt 0.821888 0.995723
vt 0.818481 0.969589
vt 0.836891 0.964649
vt 0.853398 0.955106
vt 0.846940 0.988997
vt 0.866876 0.941610
vt 0.869395 0.976015
vt 0.876409 0.925084
vt 0.887736 0.957650
vt 0.881339 0.906653
vt 0.870546 0.434992
vt 0.227281 0.566492
vt 0.230513 0.583563
vt 0.226345 0.582509
vt 0.443749 0.464173
vt 0.449062 0.476916
vt 0.444857 0.477827
vt 0.864960 0.197739
vt 0.866544 0.217267
vt 0.887724 0.836566
vt 0.866870 0.852610
vt 0.220583 0.666582
vt 0.225534 0.649224
vt 0.224795 0.667262
vt 0.867880 0.343271
vt 0.231472 0.567178
vt 0.227870 0.548544
vt 0.232074 0.548821
vt 0.219434 0.682405
vt 0.223618 0.683452
vt 0.443749 0.567074
vt 0.449037 0.579503
vt 0.444831 0.580415
vt 0.445512 0.596514
vt 0.449734 0.595981
vt 0.449971 0.614159
vt 0.445744 0.614279
vt 0.449734 0.632802
vt 0.445512 0.632492
vt 0.444831 0.649914
vt 0.449037 0.650637
vt 0.443749 0.665366
vt 0.447929 0.666445
vt 0.219434 0.682446
vt 0.214329 0.670313
vt 0.218519 0.669374
vt 0.217943 0.653462
vt 0.213740 0.654026
vt 0.213539 0.635942
vt 0.217747 0.635787
vt 0.213740 0.617289
vt 0.217943 0.617565
vt 0.214328 0.599341
vt 0.218518 0.600025
vt 0.219434 0.584377
vt 0.215265 0.583318
vt 0.212456 0.566921
vt 0.209358 0.581487
vt 0.208250 0.567833
vt 0.211776 0.550823
vt 0.207554 0.551354
vt 0.211544 0.533056
vt 0.207316 0.533176
vt 0.207554 0.514534
vt 0.211776 0.514844
vt 0.212456 0.497421
vt 0.208250 0.496699
vt 0.209358 0.480890
vt 0.213539 0.481971
vt 0.219434 0.584570
vt 0.224795 0.596453
vt 0.220583 0.597398
vt 0.225534 0.612569
vt 0.221305 0.613149
vt 0.225786 0.630571
vt 0.221552 0.630731
vt 0.221306 0.648960
vt 0.898837 0.655341
vt 0.445553 0.494305
vt 0.449775 0.493773
vt 0.445791 0.512483
vt 0.450017 0.512368
vt 0.445553 0.531126
vt 0.449775 0.531437
vt 0.449062 0.549676
vt 0.444857 0.548961
vt 0.447929 0.565849
vt 0.443749 0.564770
vt 0.226345 0.582072
vt 0.220957 0.569881
vt 0.225168 0.568937
vt 0.224429 0.552821
vt 0.220200 0.553396
vt 0.224177 0.534826
vt 0.219942 0.534986
vt 0.224429 0.516172
vt 0.220200 0.515907
vt 0.225168 0.498134
vt 0.220956 0.497453
vt 0.226345 0.481938
vt 0.222160 0.480890
vt 0.462555 0.564624
vt 0.457242 0.551881
vt 0.461448 0.550970
vt 0.460751 0.534492
vt 0.456529 0.535025
vt 0.460513 0.516314
vt 0.456286 0.516429
vt 0.460751 0.497671
vt 0.456530 0.497362
vt 0.457242 0.479121
vt 0.461447 0.479836
vt 0.458375 0.462948
vt 0.462556 0.464027
vt 0.226345 0.482136
vt 0.231471 0.494576
vt 0.227281 0.495514
vt 0.227870 0.511801
vt 0.232073 0.511237
vt 0.232279 0.529738
vt 0.228071 0.529892
vt 0.300408 0.504753
vt 0.309418 0.509488
vt 0.300486 0.509936
vt 0.309493 0.481046
vt 0.300441 0.486432
vt 0.300601 0.481491
vt 0.562578 0.046769
vt 0.292976 0.505414
vt 0.293089 0.510594
vt 0.541517 0.036262
vt 0.557912 0.044496
vt 0.125034 0.012722
vt 0.127886 0.019524
vt 0.124062 0.013570
vt 0.576328 0.812604
vt 0.558825 0.821949
vt 0.576151 0.811946
vt 0.293016 0.487092
vt 0.293227 0.482148
vt 0.537907 0.044366
vt 0.554302 0.052601
vt 0.623460 0.839249
vt 0.622804 0.859068
vt 0.622802 0.839426
vt 0.641777 0.623015
vt 0.623460 0.603875
vt 0.641782 0.604695
vt 0.598246 0.817986
vt 0.605120 0.816387
vt 0.605709 0.821121
vt 0.545868 0.016122
vt 0.550307 0.018306
vt 0.535164 0.051129
vt 0.551559 0.059364
vt 0.309407 0.485983
vt 0.329408 0.480890
vt 0.329445 0.485826
vt 0.582954 0.015435
vt 0.572438 0.029492
vt 0.581185 0.013484
vt 0.612980 0.822416
vt 0.612189 0.826090
vt 0.641810 0.599509
vt 0.623557 0.598693
vt 0.558982 0.054841
vt 0.620283 0.856288
vt 0.620278 0.840102
vt 0.570194 0.056078
vt 0.573967 0.063906
vt 0.567924 0.061675
vt 0.563768 0.047203
vt 0.556247 0.061583
vt 0.661814 0.622837
vt 0.641818 0.627952
vt 0.579414 0.052069
vt 0.577450 0.059162
vt 0.560208 0.055194
vt 0.311700 0.520221
vt 0.329060 0.513098
vt 0.328285 0.520092
vt 0.623460 0.622197
vt 0.623612 0.627138
vt 0.537137 0.033959
vt 0.533552 0.042006
vt 0.329318 0.510597
vt 0.329385 0.509333
vt 0.627737 0.588072
vt 0.643079 0.583481
vt 0.642898 0.588749
vt 0.624787 0.594969
vt 0.641876 0.598245
vt 0.623810 0.597437
vt 0.530828 0.048720
vt 0.121198 0.027135
vt 0.130284 0.028664
vt 0.124857 0.033416
vt 0.712833 0.775265
vt 0.730748 0.710659
vt 0.731422 0.775234
vt 0.617157 0.863832
vt 0.596159 0.811942
vt 0.132501 0.048040
vt 0.139030 0.045394
vt 0.585510 0.037262
vt 0.573183 0.049370
vt 0.580458 0.034509
vt 0.576296 0.885913
vt 0.574055 0.880519
vt 0.581866 0.875913
vt 0.619014 0.868225
vt 0.612263 0.870279
vt 0.613461 0.821940
vt 0.400573 0.807088
vt 0.421316 0.810460
vt 0.400734 0.811352
vt 0.569107 0.828309
vt 0.559282 0.822436
vt 0.304284 0.520592
vt 0.298875 0.528702
vt 0.298138 0.521140
vt 0.111709 0.026085
vt 0.117989 0.022138
vt 0.312058 0.527630
vt 0.304712 0.529873
vt 0.549498 0.859074
vt 0.548842 0.839261
vt 0.549496 0.839431
vt 0.118258 0.037181
vt 0.113128 0.031733
vt 0.611097 0.842563
vt 0.301605 0.513671
vt 0.309555 0.510751
vt 0.310089 0.513246
vt 0.590436 0.822592
vt 0.603195 0.870196
vt 0.293397 0.511846
vt 0.300719 0.511194
vt 0.566235 0.047803
vt 0.562816 0.055477
vt 0.741446 0.429369
vt 0.754741 0.399497
vt 0.755917 0.429417
vt 0.613477 0.876556
vt 0.595974 0.885902
vt 0.613020 0.876070
vt 0.560219 0.061880
vt 0.309375 0.504304
vt 0.328298 0.541635
vt 0.328103 0.526231
vt 0.597816 0.043403
vt 0.576143 0.886563
vt 0.596151 0.886560
vt 0.611531 0.033323
vt 0.604736 0.046803
vt 0.557504 0.061862
vt 0.102254 0.041017
vt 0.101311 0.045903
vt 0.610305 0.029051
vt 0.594293 0.025016
vt 0.585390 0.068041
vt 0.328357 0.549661
vt 0.312338 0.545874
vt 0.842339 0.357748
vt 0.826309 0.358478
vt 0.825965 0.355548
vt 0.342813 0.528177
vt 0.346328 0.543902
vt 0.343130 0.546422
vt 0.300228 0.544353
vt 0.660259 0.513885
vt 0.640825 0.492245
vt 0.657512 0.490382
vt 0.098683 0.034029
vt 0.079474 0.047048
vt 0.607520 0.084508
vt 0.592573 0.075273
vt 0.597395 0.070716
vt 0.308244 0.543224
vt 0.302614 0.566889
vt 0.594101 0.059184
vt 0.589305 0.061219
vt 0.127276 0.050488
vt 0.642821 0.564235
vt 0.658759 0.567571
vt 0.642897 0.571825
vt 0.634791 0.043734
vt 0.618872 0.035764
vt 0.633007 0.035488
vt 0.295634 0.573344
vt 0.310421 0.573635
vt 0.626977 0.560025
vt 0.642652 0.543858
vt 0.311298 0.553637
vt 0.743959 0.460169
vt 0.756475 0.461456
vt 0.628385 0.581662
vt 0.624458 0.513287
vt 0.641917 0.514759
vt 0.021894 0.113368
vt 0.034135 0.071179
vt 0.045419 0.080801
vt 0.326870 0.618702
vt 0.308569 0.617882
vt 0.545355 0.451275
vt 0.530828 0.449468
vt 0.532179 0.445392
vt 0.036922 0.120177
vt 0.058706 0.093090
vt 0.625806 0.542602
vt 0.623838 0.057031
vt 0.599873 0.063302
vt 0.631950 0.102071
vt 0.614767 0.072133
vt 0.641437 0.091294
vt 0.654634 0.078925
vt 0.650120 0.120008
vt 0.660887 0.113368
vt 0.297042 0.555460
vt 0.667875 0.067447
vt 0.675821 0.106468
vt 0.344216 0.554223
vt 0.328182 0.572649
vt 0.674565 0.156719
vt 0.686040 0.133662
vt 0.686405 0.159624
vt 0.292976 0.651300
vt 0.306363 0.658134
vt 0.700129 0.132957
vt 0.701741 0.097658
vt 0.710424 0.134063
vt 0.347760 0.486665
vt 0.347614 0.481724
vt 0.661859 0.137278
vt 0.009456 0.107815
vt 0.011621 0.145423
vt -0.000000 0.144082
vt 0.639379 0.475166
vt 0.624667 0.489833
vt 0.625274 0.472679
vt 0.662285 0.215804
vt 0.649931 0.210249
vt 0.742019 0.526339
vt 0.756862 0.527908
vt 0.757679 0.710953
vt 0.684575 0.493181
vt 0.690158 0.462367
vt 0.693864 0.495061
vt 0.666091 0.155969
vt 0.671987 0.134932
vt 0.012546 0.174957
vt 0.039425 0.147537
vt 0.025780 0.146594
vt 0.388361 0.482295
vt 0.402161 0.466669
vt 0.400758 0.481414
vt 0.580527 0.374655
vt 0.561644 0.365870
vt 0.771448 0.526345
vt 0.734594 0.461949
vt 0.730819 0.526501
vt 0.415984 0.539132
vt 0.405264 0.539777
vt 0.025020 0.239378
vt 0.002699 0.176739
vt 0.036078 0.168780
vt 0.024489 0.171952
vt 0.390546 0.540417
vt 0.536118 0.424924
vt 0.552969 0.432771
vt 0.710424 0.710710
vt 0.784164 0.710671
vt 0.424152 0.722560
vt 0.443749 0.721823
vt 0.375822 0.540884
vt 0.397433 0.723565
vt 0.370714 0.724570
vt 0.048113 0.229959
vt 0.599476 0.384843
vt 0.569885 0.441858
vt 0.035538 0.235703
vt 0.093611 0.411377
vt 0.212175 0.418648
vt 0.223826 0.430125
vt 0.218607 0.432548
vt 0.425884 0.787094
vt 0.443749 0.786423
vt 0.060182 0.223989
vt 0.129749 0.396451
vt 0.864358 0.390845
vt 0.861531 0.411717
vt 0.861623 0.391072
vt 0.757587 0.775181
vt 0.736334 0.794373
vt 0.399858 0.788073
vt 0.421679 0.806276
vt 0.380142 0.812008
vt 0.379466 0.807863
vt 0.552022 0.858397
vt 0.561203 0.855936
vt 0.560113 0.872416
vt 0.840561 0.435103
vt 0.855804 0.430145
vt 0.841410 0.438586
vt 0.722266 0.798454
vt 0.721397 0.794273
vt 0.587798 0.021074
vt 0.232978 0.458782
vt 0.224960 0.459203
vt 0.229831 0.453627
vt 0.238712 0.404384
vt 0.261833 0.409684
vt 0.242938 0.420358
vt 0.864358 0.496362
vt 0.854224 0.510828
vt 0.862059 0.495429
vt 0.255598 0.864817
vt 0.269706 0.854828
vt 0.275276 0.864828
vt 0.558620 0.458638
vt 0.543593 0.455166
vt 0.435028 0.809938
vt 0.249807 0.434679
vt 0.257075 0.432141
vt 0.841066 0.518695
vt 0.855798 0.513185
vt 0.841410 0.521625
vt 0.628137 0.567060
vt 0.624955 0.569183
vt 0.757257 0.794223
vt 0.736567 0.798444
vt 0.347740 0.504987
vt 0.329419 0.504147
vt 0.864358 0.473884
vt 0.862121 0.474664
vt 0.552019 0.842217
vt 0.555145 0.834674
vt 0.366430 0.812518
vt 0.365401 0.808386
vt 0.343445 0.520786
vt 0.346402 0.513892
vt 0.825532 0.432916
vt 0.811074 0.424132
vt 0.812748 0.421701
vt 0.826814 0.442069
vt 0.811571 0.447027
vt 0.825965 0.438586
vt 0.803017 0.403289
vt 0.241290 0.568469
vt 0.256178 0.594958
vt 0.241197 0.600467
vt 0.462556 0.603175
vt 0.471064 0.625510
vt 0.462556 0.625510
vt 0.108200 0.060207
vt 0.094059 0.048421
vt 0.856301 0.370002
vt 0.841308 0.360632
vt 0.464399 0.392445
vt 0.447215 0.391067
vt 0.454098 0.378733
vt 0.553261 0.464430
vt 0.574003 0.467796
vt 0.552898 0.468614
vt 0.438235 0.406215
vt 0.443115 0.427513
vt 0.427235 0.419607
vt 0.161882 0.471596
vt 0.138332 0.462931
vt 0.155714 0.454679
vt 0.490898 0.434077
vt 0.486536 0.452751
vt 0.481937 0.450364
vt 0.291979 0.595555
vt 0.275613 0.616597
vt 0.274520 0.594082
vt 0.480991 0.594867
vt 0.477476 0.579143
vt 0.480674 0.576622
vt 0.770171 0.429376
vt 0.825042 0.436385
vt 0.768775 0.460175
vt 0.323008 0.660096
vt 0.662845 0.569816
vt 0.659104 0.582175
vt 0.690792 0.100329
vt 0.698262 0.162921
vt 0.674667 0.221928
vt 0.853690 0.427204
vt 0.864358 0.413323
vt 0.345024 0.574251
vt 0.351117 0.567752
vt 0.435744 0.805741
vt 0.675146 0.540373
vt 0.675239 0.508375
vt 0.122502 0.073600
vt 0.112393 0.076299
vt 0.118126 0.072092
vt 0.344369 0.618520
vt 0.476044 0.636379
vt 0.494395 0.642154
vt 0.476190 0.641320
vt 0.141355 0.044434
vt 0.132245 0.027006
vt 0.579540 0.824590
vt 0.592761 0.873916
vt 0.560039 0.828227
vt 0.554678 -0.000000
vt 0.559178 0.002070
vt 0.619604 0.868561
vt 0.574557 0.030802
vt 0.347637 0.510169
vt 0.605463 0.815802
vt 0.559321 0.876084
vt 0.548840 0.859250
vt 0.596006 0.812592
vt 0.642131 0.595744
vt 0.800577 0.775285
vt 0.803017 0.710731
vt 0.661776 0.599332
vt 0.661639 0.598069
vt 0.171987 0.445938
vt 0.222168 0.461907
vt 0.226930 0.467272
vt 0.225959 0.468117
vt 0.201208 0.472610
vt 0.213217 0.456611
vt 0.217582 0.464335
vt 0.205011 0.478839
vt 0.221386 0.470564
vt 0.149832 0.008077
vt 0.133481 0.016320
vt 0.128901 0.018742
vt 0.175530 0.468558
vt 0.163527 0.475475
vt 0.145953 0.002038
vt 0.129602 0.010281
vt 0.150461 -0.000000
vt 0.154311 0.005995
vt 0.158701 0.013530
vt 0.147144 0.041588
vt 0.150186 0.060839
vt 0.142509 0.043908
vt 0.171194 0.050324
vt 0.661826 0.604516
vt 0.678223 0.603388
vt 0.670708 0.598874
vt 0.678104 0.598207
vt 0.670792 0.604057
vt 0.677795 0.596956
vt 0.670779 0.622378
vt 0.677998 0.626654
vt 0.670625 0.627319
vt 0.670474 0.597616
vt 0.661733 0.627774
vt 0.089346 0.070808
vt 0.294573 0.514297
vt 0.670733 0.568352
vt 0.672258 0.580911
vt 0.666412 0.580353
vt 0.115036 0.056694
vt 0.132554 0.064602
vt 0.126098 0.021479
vt 0.659871 0.560574
vt 0.133304 0.026300
vt 0.666898 0.588222
vt 0.673044 0.587668
vt 0.669585 0.595140
vt 0.660495 0.543181
vt 0.667776 0.557408
vt 0.777825 0.794382
vt 0.790836 0.798469
vt 0.777538 0.798453
vt 0.339207 0.658719
vt 0.069792 0.045114
vt 0.078380 0.056736
vt 0.051272 0.126683
vt 0.071202 0.105036
vt 0.097739 0.085533
vt 0.649288 0.462367
vt 0.664745 0.464057
vt 0.653636 0.473153
vt 0.670912 0.482201
vt 0.375932 0.482347
vt 0.365083 0.541046
vt 0.366909 0.480827
vt 0.373425 0.467749
vt 0.110269 0.405692
vt 0.462556 0.580840
vt 0.471064 0.603175
vt 0.783304 0.775246
vt 0.373832 0.789052
vt 0.351117 0.725306
vt 0.494360 0.637218
vt 0.476064 0.618057
vt 0.494386 0.618897
vt 0.757237 0.798510
vt 0.174376 0.464632
vt 0.355968 0.789723
vt 0.148023 0.477925
vt 0.791724 0.794289
vt 0.659482 0.588602
vt 0.854133 0.371939
vt 0.803017 0.380811
vt 0.813150 0.366344
vt 0.805316 0.381743
vt 0.811577 0.363988
vt 0.496935 0.504343
vt 0.484599 0.464324
vt 0.500797 0.462948
vt 0.811074 0.507171
vt 0.826067 0.516541
vt 0.825036 0.519425
vt 0.480360 0.602258
vt 0.495702 0.596813
vt 0.495519 0.602953
vt 0.514429 0.618741
vt 0.494419 0.613712
vt 0.514386 0.613556
vt 0.842333 0.440787
vt 0.841842 0.444255
vt 0.856301 0.453041
vt 0.854627 0.455471
vt 0.196843 0.464887
vt 0.204012 0.438851
vt 0.114050 0.082654
vt 0.087509 0.036021
vt 0.805254 0.402509
vt 0.138880 0.062104
vt 0.566593 0.877385
vt 0.553288 0.830280
vt 0.567182 0.882118
vt 0.661101 0.595575
vt 0.146324 0.061481
vt 0.148955 0.061192
vt 0.167876 0.031082
vt 0.552698 0.829944
vt 0.175530 0.047958
vt 0.566839 0.882704
vt 0.676616 0.594507
vt 0.514397 0.637062
vt 0.523396 0.618292
vt 0.523363 0.636613
vt 0.291649 0.513873
vt 0.273538 0.520093
vt 0.274307 0.513098
vt 0.183247 0.449405
vt 0.192386 0.467036
vt 0.200495 0.480890
vt 0.196720 0.474706
vt 0.196239 0.422053
vt 0.208652 0.436526
vt 0.218877 0.453515
vt 0.223178 0.461125
vt 0.291459 0.851331
vt 0.302074 0.837989
vt 0.292252 0.854999
vt 0.187643 0.447138
vt 0.254611 0.504326
vt 0.274627 0.509333
vt 0.254660 0.509510
vt 0.299553 0.821133
vt 0.299550 0.837313
vt 0.274660 0.485826
vt 0.254623 0.486005
vt 0.245645 0.504785
vt 0.238333 0.510634
vt 0.238214 0.505454
vt 0.245729 0.509967
vt 0.245962 0.511226
vt 0.238641 0.511886
vt 0.245657 0.486464
vt 0.238440 0.482187
vt 0.245813 0.481523
vt 0.494488 0.612447
vt 0.514249 0.612293
vt 0.254798 0.510773
vt 0.254704 0.481067
vt 0.282467 0.807219
vt 0.275244 0.791519
vt 0.292290 0.801351
vt 0.477403 0.609152
vt 0.494744 0.609946
vt 0.238095 0.855472
vt 0.255422 0.865475
vt 0.476167 0.612876
vt 0.275429 0.865478
vt 0.481596 0.428536
vt 0.495789 0.415153
vt 0.487625 0.432181
vt 0.502937 0.460892
vt 0.516362 0.446712
vt 0.507429 0.462948
vt 0.519521 0.602452
vt 0.511746 0.595414
vt 0.519092 0.593172
vt 0.239264 0.454843
vt 0.401036 0.350036
vt 0.407469 0.384442
vt 0.386181 0.357005
vt 0.236082 0.423899
vt 0.218504 0.416165
vt 0.232968 0.408607
vt 0.245703 0.540490
vt 0.244178 0.527931
vt 0.250024 0.528488
vt 0.248841 0.439628
vt 0.237910 0.449033
vt 0.232822 0.443484
vt 0.302732 0.838165
vt 0.220828 0.451890
vt 0.256566 0.548268
vt 0.273784 0.564984
vt 0.255942 0.565660
vt 0.217820 0.454213
vt 0.209803 0.436008
vt 0.249538 0.520620
vt 0.243394 0.521173
vt 0.202143 0.419452
vt 0.253592 0.539026
vt 0.257333 0.526666
vt 0.257678 0.541270
vt 0.273615 0.544607
vt 0.239821 0.514335
vt 0.246851 0.513701
vt 0.464209 0.419740
vt 0.482476 0.410996
vt 0.476506 0.425818
vt 0.274561 0.510597
vt 0.272032 0.803505
vt 0.248377 0.849111
vt 0.261138 0.801502
vt 0.678909 0.609156
vt 0.686664 0.625512
vt 0.678223 0.625403
vt 0.495507 0.581409
vt 0.467634 0.438161
vt 0.290369 0.834852
vt 0.284979 0.856300
vt 0.258925 0.618461
vt 0.252347 0.446777
vt 0.271637 0.433585
vt 0.479589 0.568821
vt 0.495623 0.550395
vt 0.495449 0.573383
vt 0.314313 0.360310
vt 0.311743 0.333182
vt 0.325425 0.334035
vt 0.248660 0.551434
vt 0.290631 0.566239
vt 0.478782 0.548792
vt 0.316975 0.409540
vt 0.329340 0.367121
vt 0.341671 0.372941
vt 0.768886 0.369475
vt 0.753320 0.399497
vt 0.754633 0.369347
vt 0.273540 0.537017
vt 0.273358 0.525360
vt 0.305808 0.399621
vt 0.281258 0.435669
vt 0.272791 0.423759
vt 0.517443 0.464909
vt 0.722666 0.000019
vt 0.736715 0.004064
vt 0.721778 0.004193
vt 0.326678 0.308831
vt 0.339587 0.335208
vt 0.315641 0.245172
vt 0.338626 0.305829
vt 0.292526 0.387321
vt 0.515561 0.579821
vt 0.512506 0.569408
vt 0.521190 0.556156
vt 0.315058 0.312059
vt 0.303065 0.250895
vt 0.299919 0.353923
vt 0.279987 0.375515
vt 0.253402 0.395083
vt 0.267151 0.646475
vt 0.251692 0.644785
vt 0.262801 0.635689
vt 0.245525 0.626641
vt 0.598645 0.792537
vt 0.609494 0.733844
vt 0.607668 0.794057
vt 0.277059 0.633676
vt 0.601152 0.807141
vt 0.586216 0.792596
vt 0.584031 0.734473
vt 0.598755 0.734006
vt 0.740162 0.369338
vt 0.736609 0.398057
vt 0.742816 0.338439
vt 0.755338 0.337194
vt 0.741178 0.272194
vt 0.756028 0.270673
vt 0.730748 0.087667
vt 0.530828 0.471744
vt 0.515236 0.505162
vt 0.784163 0.087923
vt 0.757680 0.087464
vt 0.221545 0.084375
vt 0.693881 0.559931
vt 0.702440 0.575453
vt 0.693932 0.575453
vt 0.290962 0.256935
vt 0.603863 0.550321
vt 0.731717 0.023121
vt 0.713127 0.023129
vt 0.710424 0.087668
vt 0.767631 0.338558
vt 0.577144 0.551326
vt 0.351117 0.336783
vt 0.195512 0.026427
vt 0.241009 0.075209
vt 0.179177 0.035299
vt 0.600744 0.485833
vt 0.623460 0.549584
vt 0.757881 0.023255
vt 0.291770 0.619009
vt 0.770607 0.272334
vt 0.326065 0.241759
vt 0.348394 0.304254
vt 0.757638 0.004277
vt 0.736967 -0.000000
vt 0.757637 -0.000000
vt 0.176697 0.016885
vt 0.189252 0.009770
vt 0.609176 0.466504
vt 0.618609 0.485167
vt 0.187604 0.005916
vt 0.203087 0.003540
vt 0.594435 0.462882
vt 0.595111 0.467027
vt 0.572416 0.808222
vt 0.586766 0.807224
vt 0.729979 0.272070
vt 0.256954 0.520240
vt 0.803017 0.486327
vt 0.813242 0.505233
vt 0.678223 0.578664
vt 0.687432 0.594032
vt 0.679013 0.593932
vt 0.687432 0.562601
vt 0.679013 0.562501
vt 0.573819 0.793471
vt 0.574718 0.486811
vt 0.569313 0.735113
vt 0.212881 0.018240
vt 0.509082 0.029508
vt 0.529504 0.016860
vt 0.525828 0.037306
vt 0.813685 0.449968
vt 0.803017 0.463850
vt 0.511466 0.577171
vt 0.503065 0.003738
vt 0.518205 0.007100
vt 0.516459 0.010997
vt 0.608147 0.462367
vt 0.450447 0.429916
vt 0.457297 0.416367
vt 0.474153 0.442067
vt 0.513385 0.549409
vt 0.693947 0.597959
vt 0.228560 0.407181
vt 0.237002 0.398180
vt 0.462067 0.399842
vt 0.472687 0.555292
vt 0.263510 0.444825
vt 0.228112 0.838160
vt 0.232560 0.847135
vt 0.231968 0.847476
vt 0.539549 0.464946
vt 0.530828 0.617630
vt 0.530788 0.635952
vt 0.175530 0.012988
vt 0.471064 0.640502
vt 0.462556 0.640502
vt 0.530209 0.508790
vt 0.451607 0.434212
vt 0.258811 0.852831
vt 0.512105 0.602823
vt 0.238552 0.854985
vt 0.284392 0.861027
vt 0.277517 0.859435
vt 0.288300 0.541782
vt 0.513716 0.609798
vt 0.291533 0.807142
vt 0.255335 0.513267
vt 0.296427 0.813589
vt 0.212116 0.435084
vt 0.284733 0.861619
vt 0.179874 0.430346
vt 0.175530 0.432726
vt 0.292732 0.855480
vt 0.204761 0.419185
vt 0.292976 0.504967
vt 0.292976 0.486645
vt 0.274619 0.480890
vt 0.255566 0.791508
vt 0.298284 0.809195
vt 0.302732 0.818170
vt 0.302076 0.818347
vt 0.479110 0.447656
vt 0.298876 0.808854
vt 0.476422 0.611619
vt 0.489786 0.433468
vt 0.480916 0.449589
vt 0.226221 0.447239
vt 0.504157 0.418411
vt 0.499491 0.416155
vt 0.255415 0.790852
vt 0.292749 0.800859
vt 0.550425 0.552330
vt 0.778206 0.004263
vt 0.429678 0.361278
vt 0.514311 0.641999
vt 0.927497 0.771788
vt 0.498288 0.415736
vt 0.523318 0.613109
vt 0.523086 0.611850
vt 0.530576 0.640897
vt 0.523203 0.641553
vt 0.530714 0.612450
vt 0.292626 0.511405
vt 0.231289 0.835204
vt 0.228770 0.818341
vt 0.231294 0.819018
vt 0.511930 0.444547
vt 0.238112 0.800850
vt 0.246452 0.795303
vt 0.238592 0.801331
vt 0.239383 0.805005
vt 0.495532 0.436400
vt 0.246111 0.794711
vt 0.523980 0.418485
vt 0.524926 0.428848
vt 0.520553 0.426563
vt 0.507587 0.410326
vt 0.502907 0.408103
vt 0.530828 0.414147
vt 0.528332 0.420821
vt 0.505410 0.401407
vt 0.529230 0.608748
vt 0.525666 0.601905
vt 0.499034 0.407503
vt 0.488734 0.413652
vt 0.491570 0.406966
vt 0.524929 0.594343
vt 0.493650 0.401403
vt 0.501414 0.401138
vt 0.522199 0.609374
vt 0.240475 0.821478
vt 0.239309 0.849194
vt 0.234415 0.842747
vt 0.228112 0.818165
vt 0.228768 0.837983
vt 0.288053 0.527179
vt 0.484299 0.403922
vt 0.487597 0.399200
vt 0.292879 0.510148
vt 0.501670 0.407764
vt 0.289459 0.548817
vt 0.504148 0.401136
vt 0.472555 0.401894
vt 0.245863 0.800036
vt 0.253326 0.796901
vt 0.467832 0.403937
vt 0.469018 0.387913
vt 0.476273 0.395096
vt 0.523576 0.578692
vt 0.291481 0.539659
vt 0.411458 0.343426
vt 0.420568 0.372014
vt 0.428866 0.427900
vt 0.375816 0.329868
vt 0.387123 0.306756
vt 0.389812 0.328535
vt 0.394171 0.396032
vt 0.359894 0.366073
vt 0.361689 0.330661
vt 0.371162 0.363250
vt 0.399491 0.247490
vt 0.411797 0.253001
vt 0.399646 0.326215
vt 0.351117 0.329686
vt 0.363431 0.300677
vt 0.375318 0.303906
vt 0.481681 0.087820
vt 0.500444 0.096551
vt 0.395347 0.307533
vt 0.377715 0.235423
vt 0.387064 0.241438
vt 0.558593 0.735758
vt 0.780858 0.272313
vt 0.803016 0.088111
vt 0.462615 0.077753
vt 0.783598 0.023369
vt 0.530828 0.553067
vt 0.800870 0.023549
vt 0.492064 0.020529
vt 0.777938 0.000196
vt 0.548692 0.487790
vt 0.530828 0.488468
vt 0.792104 0.004530
vt 0.462556 0.565849
vt 0.471064 0.580840
vt 0.538833 0.469150
vt 0.702455 0.597959
vt 0.693922 0.620073
vt 0.288699 0.520770
vt 0.791235 0.000347
vt 0.805844 0.465456
vt 0.702430 0.620073
vt 0.693864 0.634501
vt 0.678223 0.594032
vt 0.687350 0.609265
vt 0.530828 0.012773
vt 0.292826 0.481703
vt 0.274654 0.504147
vt 0.526493 0.411762
vt 0.530407 0.611199
vt 0.993292 0.060541
vt 0.529287 0.666473
vt 0.530828 0.644466
vt 0.869388 0.818207
vt 0.685482 0.703035
vt 0.685813 0.677090
vt 0.685813 0.728340
vt 0.686782 0.751271
vt 0.688324 0.770279
vt 0.530828 0.788817
vt 0.529525 0.811114
vt 0.528706 0.836092
vt 0.528426 0.862051
vt 0.528705 0.887218
vt 0.529525 0.909890
vt 0.530828 0.928507
vt 0.803016 0.339276
vt 0.804558 0.317270
vt 0.805527 0.292449
vt 0.805858 0.266504
vt 0.805527 0.241200
vt 0.804558 0.218269
vt 0.803016 0.199262
vt 0.869517 0.316128
vt 0.867880 0.338660
vt 0.623460 0.702717
vt 0.686782 0.652269
vt 0.528317 0.691293
vt 0.527987 0.717239
vt 0.522637 0.743443
vt 0.528317 0.742542
vt 0.529287 0.765474
vt 0.530828 0.784481
vt 0.688324 0.774615
vt 0.687021 0.796911
vt 0.686202 0.821890
vt 0.685922 0.847849
vt 0.686201 0.873015
vt 0.687021 0.895687
vt 0.682735 0.916389
vt 0.688324 0.914304
vt 0.228112 0.788539
vt 0.229654 0.766533
vt 0.230624 0.741712
vt 0.230954 0.715767
vt 0.230624 0.690463
vt 0.229654 0.667532
vt 0.228112 0.648525
vt 0.867880 0.482627
vt 0.869517 0.460095
vt 0.961986 0.019699
vt 0.688324 0.630264
vt 0.575582 0.010287
vt 0.290056 0.647002
vt 0.809728 0.060555
vt 0.803016 0.111597
vt 0.993288 0.136663
vt 0.470599 0.462948
vt 0.454198 0.565849
vt 0.209371 0.681861
vt 0.462509 0.665222
vt 0.682407 0.462367
vt 0.215757 0.583318
vt 0.452106 0.565849
vt 0.236447 0.480890
vt 0.929798 0.198006
vt 0.626380 0.771802
vt 0.929798 0.341973
vt 0.468829 0.930047
vt 0.468884 0.786004
vt 0.821876 0.798510
vt 0.717132 0.859073
vt 0.710424 0.910116
vt 0.795955 0.995724
vt 0.900697 0.935168
vt 0.447929 0.462948
vt 0.808627 0.197212
vt 0.447929 0.565849
vt 0.215265 0.683692
vt 0.213539 0.580264
vt 0.223618 0.583318
vt 0.222160 0.583318
vt 0.458375 0.565849
vt 0.230513 0.480890
vt 0.623460 0.859244
vt 0.309381 0.668721
vt 0.304042 0.662927
vt 0.309381 0.660096
vt 0.228721 0.616855
vt 0.234526 0.624108
vt 0.228721 0.626449
vt 0.228657 0.626449
vt 0.234526 0.633642
vt 0.228657 0.635748
vt 0.738023 0.400864
vt 0.293595 0.614255
vt 0.238214 0.616855
vt 0.228721 0.590889
vt 0.238214 0.583563
vt 0.387810 0.467661
vt 0.684575 0.559931
vt 0.409642 0.479221
vt 0.781699 0.526513
vt 0.147977 0.386652
vt 0.228558 0.465096
vt 0.556546 0.462367
vt 0.573843 0.463539
vt 0.771288 0.400871
vt 0.347382 0.511425
vt 0.558840 0.876565
vt 0.154854 0.058590
vt 0.678204 0.621709
vt 0.122426 0.015762
vt 0.345057 0.667975
vt 0.345057 0.660096
vt 0.351117 0.661279
vt 0.362847 0.462948
vt 0.149896 0.481501
vt 0.479436 0.504525
vt 0.200910 0.419793
vt 0.238233 0.487132
vt 0.292976 0.669379
vt 0.292976 0.660096
vt 0.298856 0.662175
vt 0.298856 0.660096
vt 0.304042 0.666032
vt 0.298856 0.669130
vt 0.769872 0.398216
vt 0.611730 0.811942
vt 0.702389 0.559931
vt 0.203248 0.094322
vt 0.291163 0.636163
vt 0.733459 0.336702
vt 0.201202 -0.000000
vt 0.805752 0.486100
vt 0.686642 0.578765
vt 0.505110 -0.000000
vt 0.528171 0.549700
vt 0.275421 0.790861
vt 0.510100 0.403603
vt 0.228419 0.645030
vt 0.228419 0.635748
vt 0.234526 0.637654
vt 0.345057 0.660096
vt 0.345057 0.667975
vt 0.339214 0.666439
vt 0.354533 0.296925
vt 0.564935 0.795664
vt 0.448106 0.067778
vt 0.471064 0.565849
vt 0.702372 0.634501
vt 0.686664 0.594141
vt 0.062202 0.691022
vt 0.087966 0.684115
vt 0.101305 0.785420
vt 0.182371 0.723217
vt 0.195710 0.746318
vt 0.020238 0.723222
vt 0.039098 0.704356
vt 0.140406 0.879825
vt 0.114647 0.886729
vt 0.062206 0.879825
vt 0.039102 0.866489
vt 0.000000 0.772088
vt 0.006903 0.746318
vt 0.163510 0.704354
vt 0.140406 0.691018
vt 0.114645 0.684116
vt 0.087968 0.886728
vt 0.202613 0.772086
vt 0.202613 0.798756
vt 0.000000 0.798758
vt 0.195709 0.824526
vt 0.182370 0.847625
vt 0.163506 0.866486
vt 0.020241 0.847626
vt 0.006902 0.824526
vt 0.062202 0.488408
vt 0.087966 0.481501
vt 0.101308 0.582810
vt 0.006902 0.621912
vt 0.000000 0.596144
vt 0.140406 0.677212
vt 0.114647 0.684115
vt 0.195709 0.621913
vt 0.182370 0.645012
vt 0.182371 0.520604
vt 0.195710 0.543704
vt 0.000000 0.569474
vt 0.006903 0.543704
vt 0.020243 0.520605
vt 0.039101 0.501748
vt 0.020241 0.645013
vt 0.202613 0.569472
vt 0.087968 0.684114
vt 0.163510 0.663877
vt 0.114645 0.481502
vt 0.202613 0.596142
vt 0.140406 0.488405
vt 0.163510 0.501741
vt 0.062206 0.677212
vt 0.039102 0.663876
s 1
f 51/1/1 26/2/2 50/3/3
f 46/4/4 878/5/5 45/6/6
f 147/7/7 868/8/8 146/9/9
f 957/10/10 217/11/10 218/12/10
f 168/13/11 828/14/12 167/15/13
f 97/16/10 955/17/10 120/18/10
f 39/19/14 903/20/15 38/21/16
f 955/17/10 119/22/10 120/18/10
f 160/23/17 844/24/18 159/25/14
f 955/17/10 118/26/10 119/22/10
f 32/27/19 922/28/20 31/29/21
f 955/17/10 117/30/10 118/26/10
f 167/31/13 831/32/22 166/33/23
f 955/17/10 116/34/10 117/30/10
f 152/35/24 855/36/25 856/37/26
f 955/17/10 115/38/10 116/34/10
f 45/6/6 886/39/27 44/40/28
f 955/17/10 114/41/10 115/38/10
f 166/33/23 832/42/5 165/43/6
f 955/17/10 113/44/10 114/41/10
f 38/21/16 904/45/29 37/46/30
f 955/17/10 112/47/10 113/44/10
f 159/25/14 845/48/31 158/49/32
f 955/17/10 111/50/10 112/47/10
f 31/29/21 925/51/33 30/52/34
f 955/17/10 110/53/10 111/50/10
f 152/35/24 859/54/20 151/55/35
f 955/17/10 109/56/10 110/53/10
f 44/40/28 888/57/36 43/58/37
f 955/17/10 108/59/10 109/56/10
f 165/43/6 834/60/27 164/61/28
f 955/17/10 107/62/10 108/59/10
f 1/63/38 872/64/39 48/65/40
f 955/17/10 106/66/10 107/62/10
f 37/46/30 911/67/41 36/68/42
f 955/17/10 105/69/10 106/66/10
f 158/49/32 847/70/43 157/71/44
f 955/17/10 104/72/10 105/69/10
f 30/52/34 926/73/45 29/74/46
f 955/17/10 103/75/10 104/72/10
f 151/55/35 860/76/47 150/77/48
f 955/17/10 102/78/10 103/75/10
f 42/79/49 888/57/36 891/80/50
f 955/17/10 101/81/10 102/78/10
f 28/82/51 51/1/1 52/83/52
f 49/84/53 95/85/54 50/86/54
f 54/87/55 92/88/56 91/89/57
f 55/90/58 91/89/57 90/91/58
f 89/92/59 55/90/58 90/91/58
f 88/93/60 56/94/61 89/92/59
f 87/95/62 57/96/63 88/93/60
f 86/97/64 58/98/65 87/95/62
f 85/99/66 59/100/67 86/97/64
f 61/101/68 85/99/66 84/102/68
f 83/103/69 61/101/68 84/102/68
f 63/104/70 83/103/69 82/105/71
f 64/106/72 82/105/71 81/107/73
f 65/108/74 81/107/73 80/109/75
f 66/110/76 80/109/75 79/111/77
f 67/112/78 79/111/77 78/113/78
f 77/114/79 67/112/78 78/113/78
f 76/115/80 68/116/81 77/114/79
f 75/117/82 69/118/83 76/115/80
f 74/119/84 70/120/85 75/117/82
f 73/121/86 71/122/87 74/119/84
f 49/84/53 73/121/86 96/123/53
f 50/3/3 1/63/38 49/124/88
f 4/125/89 73/126/90 74/127/91
f 4/128/89 75/129/92 5/130/92
f 164/61/28 836/131/36 163/132/37
f 52/133/93 94/134/94 93/135/95
f 120/136/96 3/137/97 97/138/98
f 29/139/46 52/83/52 53/140/99
f 3/141/100 96/142/101 73/126/90
f 97/138/98 4/143/102 98/144/103
f 98/145/103 5/146/104 99/147/104
f 100/148/105 5/146/104 6/149/106
f 100/148/105 7/150/107 101/151/108
f 101/151/108 8/152/109 102/153/109
f 103/154/110 8/152/109 9/155/111
f 104/156/112 9/155/111 10/157/113
f 104/158/112 11/159/114 105/160/114
f 106/161/115 11/159/114 12/162/116
f 107/163/117 12/162/116 13/164/118
f 108/165/119 13/164/118 14/166/119
f 108/165/119 15/167/120 109/168/121
f 110/169/122 15/167/120 16/170/123
f 111/171/124 16/172/123 17/173/125
f 112/174/126 17/173/125 18/175/127
f 112/174/126 19/176/128 113/177/129
f 113/177/129 20/178/130 114/179/130
f 115/180/131 20/178/130 21/181/132
f 116/182/133 21/181/132 22/183/134
f 116/184/133 23/185/135 117/186/136
f 117/186/136 24/187/137 118/188/138
f 118/188/138 25/189/139 119/190/140
f 120/136/96 25/189/139 2/191/96
f 955/17/10 99/192/10 100/193/10
f 6/194/141 75/129/92 76/195/142
f 7/196/143 76/195/142 77/197/144
f 8/198/145 77/197/144 78/199/145
f 8/198/145 79/200/146 9/201/147
f 9/201/147 80/202/148 10/203/149
f 10/204/149 81/205/150 11/206/150
f 12/207/151 81/205/150 82/208/152
f 12/207/151 83/209/153 13/210/154
f 13/210/154 84/211/155 14/212/155
f 15/213/156 84/211/155 85/214/157
f 16/215/158 85/214/157 86/216/159
f 16/217/158 87/218/104 17/219/104
f 18/220/160 87/218/104 88/221/161
f 19/222/162 88/221/161 89/223/163
f 20/224/164 89/223/163 90/225/164
f 20/224/164 91/226/165 21/227/166
f 21/227/166 92/228/167 22/229/168
f 22/230/168 93/231/114 23/232/114
f 24/233/169 93/231/114 94/234/170
f 24/233/169 95/235/171 25/236/172
f 25/236/172 96/142/101 2/237/101
f 413/238/173 410/239/174 411/240/175
f 171/241/176 215/242/54 214/243/177
f 957/10/10 220/244/10 221/245/10
f 171/246/178 146/9/9 170/247/179
f 36/68/42 912/248/180 35/249/181
f 157/71/44 848/250/182 156/251/183
f 351/252/184 371/253/185 373/254/186
f 29/139/46 933/255/187 28/82/51
f 217/11/10 957/10/10 240/256/10
f 149/257/188 860/76/47 863/258/189
f 957/10/10 239/259/10 240/256/10
f 121/260/190 826/261/191 168/13/11
f 957/10/10 238/262/10 239/259/10
f 42/79/49 892/263/192 41/264/193
f 957/10/10 237/265/10 238/262/10
f 162/266/49 836/131/36 838/267/50
f 957/10/10 236/268/10 237/265/10
f 35/269/181 913/270/194 34/271/195
f 957/10/10 235/272/10 236/268/10
f 156/251/183 851/273/180 155/274/196
f 957/10/10 234/275/10 235/272/10
f 28/82/51 934/276/197 27/277/198
f 957/10/10 233/278/10 234/275/10
f 26/2/2 958/279/199 1/63/38
f 957/10/10 232/280/10 233/278/10
f 149/281/188 864/282/187 148/283/200
f 957/10/10 231/284/10 232/280/10
f 41/285/193 899/286/201 40/287/202
f 957/10/10 230/288/10 231/284/10
f 162/266/49 840/289/203 161/290/204
f 957/10/10 229/291/10 230/288/10
f 34/271/195 914/292/205 33/293/206
f 957/10/10 228/294/10 229/291/10
f 155/295/196 852/296/194 154/297/207
f 957/10/10 227/298/10 228/294/10
f 27/277/198 956/299/208 26/2/2
f 957/10/10 226/300/10 227/298/10
f 48/65/40 874/301/209 47/302/210
f 957/10/10 225/303/10 226/300/10
f 148/283/200 867/304/197 147/7/7
f 957/10/10 224/305/10 225/303/10
f 146/9/9 870/306/211 121/260/190
f 957/10/10 223/307/10 224/305/10
f 40/287/202 900/308/18 39/19/14
f 957/10/10 222/309/10 223/307/10
f 160/23/17 840/310/203 842/311/212
f 957/10/10 221/245/10 222/309/10
f 172/312/213 147/7/7 171/246/178
f 169/313/53 215/242/54 170/314/54
f 174/315/214 212/316/215 211/317/214
f 210/318/58 174/315/214 211/317/214
f 176/319/216 210/318/58 209/320/216
f 208/321/60 176/319/216 209/320/216
f 207/322/217 177/323/218 208/321/60
f 206/324/219 178/325/220 207/322/217
f 205/326/66 179/327/221 206/324/219
f 181/328/68 205/326/66 204/329/68
f 203/330/69 181/328/68 204/329/68
f 183/331/70 203/330/69 202/332/71
f 184/333/72 202/332/71 201/334/73
f 185/335/222 201/334/73 200/336/75
f 186/337/223 200/336/75 199/338/223
f 198/339/78 186/337/223 199/338/223
f 188/340/224 198/339/78 197/341/224
f 196/342/80 188/340/224 197/341/224
f 195/343/82 189/344/225 196/342/80
f 194/345/84 190/346/226 195/343/82
f 193/347/86 191/348/87 194/345/84
f 169/313/53 193/347/86 216/349/53
f 146/9/9 169/350/227 170/247/179
f 123/351/228 194/352/229 124/353/230
f 124/354/230 195/355/92 125/356/92
f 46/4/4 874/357/209 875/358/231
f 172/359/232 214/243/177 213/360/233
f 217/361/234 122/362/235 123/363/236
f 173/364/237 148/283/200 172/312/213
f 193/365/238 122/366/239 216/367/240
f 218/368/159 123/363/236 124/369/159
f 218/370/159 125/371/104 219/372/104
f 220/373/105 125/371/104 126/374/106
f 220/373/105 127/375/241 221/376/242
f 221/376/242 128/377/243 222/378/164
f 223/379/244 128/377/243 129/380/245
f 224/381/112 129/380/245 130/382/113
f 224/383/112 131/384/114 225/385/114
f 226/386/170 131/384/114 132/387/170
f 226/386/170 133/388/246 227/389/247
f 227/389/247 134/390/248 228/391/249
f 228/391/249 135/392/120 229/393/121
f 230/394/122 135/392/120 136/395/123
f 231/396/124 136/397/123 137/398/250
f 232/399/251 137/398/250 138/400/252
f 233/401/253 138/400/252 139/402/254
f 233/401/253 140/403/130 234/404/130
f 235/405/255 140/403/130 141/406/256
f 235/405/255 142/407/257 236/408/258
f 236/409/258 143/410/259 237/411/136
f 237/411/136 144/412/137 238/413/138
f 238/413/138 145/414/260 239/415/140
f 240/416/261 145/414/260 122/362/235
f 957/10/10 219/417/10 220/244/10
f 126/418/141 195/355/92 196/419/142
f 127/420/143 196/419/142 197/421/262
f 128/422/263 197/421/262 198/423/130
f 128/422/263 199/424/264 129/425/147
f 129/425/147 200/426/148 130/427/265
f 130/428/265 201/429/150 131/430/150
f 132/431/266 201/429/150 202/432/267
f 133/433/268 202/432/267 203/434/269
f 134/435/270 203/434/269 204/436/271
f 135/437/156 204/436/271 205/438/157
f 136/439/158 205/438/157 206/440/159
f 136/441/158 207/442/104 137/443/104
f 138/444/272 207/442/104 208/445/161
f 139/446/162 208/445/161 209/447/163
f 140/448/164 209/447/163 210/449/164
f 140/448/164 211/450/165 141/451/166
f 141/451/166 212/452/167 142/453/168
f 142/454/168 213/455/114 143/456/114
f 144/457/169 213/455/114 214/458/170
f 144/457/169 215/459/273 145/460/172
f 145/460/172 216/367/240 122/366/239
f 349/461/274 367/462/275 369/463/276
f 383/464/277 250/465/278 385/466/279
f 375/467/280 351/252/184 373/254/186
f 350/468/281 369/463/276 371/469/185
f 253/470/282 351/252/184 352/471/283
f 534/472/284 551/473/285 549/474/286
f 382/475/287 535/476/288 533/477/289
f 385/466/279 251/478/290 387/479/291
f 254/480/292 352/471/283 353/481/293
f 389/482/294 392/483/295 390/484/296
f 365/485/297 354/486/298 248/487/299
f 357/488/300 386/489/301 358/490/302
f 253/470/282 389/491/303 252/492/304
f 255/493/305 353/481/293 354/494/298
f 249/495/306 533/496/307 405/497/308
f 243/498/309 372/499/310 370/500/311
f 358/490/302 388/501/312 359/502/313
f 380/503/314 354/486/298 379/504/315
f 377/505/316 352/471/283 375/467/280
f 390/484/317 361/506/318 360/507/319
f 390/484/317 359/502/313 388/501/312
f 262/508/320 346/509/321 263/510/322
f 374/511/323 377/505/316 375/467/280
f 379/512/315 353/481/293 377/505/316
f 419/513/324 398/514/325 365/485/297
f 262/508/320 344/515/326 345/516/327
f 376/517/328 379/512/315 377/505/316
f 257/518/329 420/519/330 421/520/331
f 255/521/305 398/514/325 395/522/332
f 391/523/333 254/480/292 393/524/334
f 548/525/335 367/462/275 532/526/336
f 263/527/322 347/528/337 264/529/338
f 247/530/339 381/531/340 378/532/341
f 254/480/292 395/533/332 393/524/334
f 425/534/342 426/535/343 427/536/344
f 308/537/345 334/538/346 335/539/347
f 392/483/348 362/540/349 361/506/318
f 383/541/350 382/475/287 533/477/289
f 429/542/351 426/535/343 428/543/352
f 343/544/353 261/545/354 260/546/355
f 562/547/356 531/548/357 522/549/358
f 394/550/359 363/551/360 362/540/349
f 387/552/361 390/484/296 388/501/362
f 403/553/363 339/554/364 521/555/365
f 382/475/366 524/556/367 550/557/368
f 258/558/369 342/559/370 259/560/371
f 425/534/342 438/561/372 423/562/373
f 258/558/369 340/563/374 341/564/375
f 556/565/376 539/566/377 554/567/378
f 425/534/342 442/568/379 440/569/380
f 359/502/313 360/507/319 939/570/381
f 242/571/382 366/572/383 241/573/384
f 356/574/385 939/570/381 364/575/386
f 242/571/382 370/576/311 368/577/387
f 245/578/388 262/508/320 246/579/389
f 331/580/390 463/581/391 469/582/392
f 395/583/393 397/584/394 396/585/395
f 246/579/389 263/510/322 247/586/339
f 348/587/396 532/526/336 367/462/275
f 437/588/397 340/563/374 436/589/398
f 381/531/340 379/504/315 378/532/341
f 293/590/399 344/515/326 343/544/353
f 547/591/400 397/584/394 398/592/401
f 246/579/389 374/511/323 245/578/388
f 292/593/402 314/594/403 293/590/399
f 246/579/389 378/595/341 376/517/328
f 941/596/404 442/568/379 443/597/405
f 936/598/406 292/593/402 342/599/370
f 241/573/384 548/525/335 420/519/330
f 938/600/407 346/509/321 345/516/327
f 519/601/408 318/602/409 437/588/397
f 507/603/410 508/604/411 509/605/412
f 438/606/372 940/607/413 439/608/414
f 437/588/397 438/606/372 439/608/414
f 936/609/406 342/559/370 341/564/375
f 462/610/415 275/611/416 468/612/417
f 940/613/413 941/596/404 441/614/418
f 270/615/419 328/616/420 295/617/421
f 936/609/406 935/618/422 266/619/423
f 294/620/424 937/621/425 344/515/326
f 427/536/344 444/622/426 442/568/379
f 328/616/420 938/600/407 295/617/421
f 327/623/427 518/624/428 316/625/429
f 938/600/407 937/621/425 295/617/421
f 267/626/430 313/627/431 266/628/423
f 267/629/430 266/619/423 265/630/432
f 328/631/420 271/632/433 327/623/427
f 337/633/434 265/630/432 266/619/423
f 332/634/435 469/582/392 475/635/436
f 346/636/321 316/625/429 347/528/337
f 319/637/437 275/611/416 273/638/438
f 465/639/439 454/640/440 456/641/441
f 265/630/432 453/642/442 329/643/443
f 285/644/444 312/645/445 286/646/446
f 466/647/447 456/641/441 459/648/448
f 270/649/419 273/638/438 271/632/433
f 268/650/449 315/651/450 314/594/403
f 319/652/437 269/653/451 297/654/452
f 297/654/452 268/650/449 272/655/453
f 320/656/454 297/654/452 299/657/455
f 936/609/406 266/619/423 313/658/431
f 296/659/456 274/660/457 272/655/453
f 520/661/458 452/662/459 519/601/408
f 299/657/455 272/655/453 274/660/457
f 303/663/460 276/664/461 278/665/462
f 298/666/463 329/643/443 330/667/464
f 300/668/465 330/669/464 331/670/390
f 407/671/466 533/496/307 535/672/467
f 299/657/455 321/673/468 320/656/454
f 464/674/469 471/675/470 470/676/471
f 277/677/472 320/678/454 321/679/468
f 303/663/460 280/680/473 305/681/474
f 333/682/475 475/635/436 481/683/476
f 399/684/477 335/539/347 334/538/346
f 302/685/478 331/686/390 332/687/435
f 322/688/479 301/689/480 303/663/460
f 477/690/481 470/676/471 471/675/470
f 466/647/447 473/691/482 472/692/483
f 279/693/484 321/694/468 322/695/479
f 305/681/474 282/696/485 307/697/486
f 334/538/346 481/683/476 399/684/477
f 475/635/436 482/698/487 481/683/476
f 302/699/478 333/682/475 304/700/488
f 322/695/479 305/701/474 323/702/489
f 477/690/481 482/703/487 476/704/490
f 472/692/483 479/705/491 478/706/492
f 281/707/493 322/695/479 323/702/489
f 309/708/494 282/696/485 283/709/495
f 304/700/488 334/538/346 306/710/496
f 481/683/476 487/711/497 399/684/477
f 324/712/498 305/701/474 307/713/486
f 486/714/499 563/715/500 491/716/501
f 479/705/491 484/717/502 478/706/492
f 563/715/500 323/702/489 324/712/498
f 286/646/446 283/709/495 285/644/444
f 283/709/495 306/718/496 308/719/345
f 257/518/329 436/589/398 340/563/374
f 483/720/503 487/721/497 482/703/487
f 594/722/504 609/723/505 592/724/355
f 325/725/506 307/713/486 309/726/494
f 485/727/507 489/728/508 484/717/502
f 503/729/509 336/730/510 502/731/511
f 400/732/512 284/733/513 335/539/347
f 401/734/514 326/735/515 403/553/363
f 308/719/345 285/644/444 283/709/495
f 403/553/363 512/736/516 501/737/517
f 528/738/518 944/739/519 529/740/520
f 401/734/514 491/716/501 563/715/500
f 311/741/521 288/742/522 289/743/523
f 401/734/514 324/712/498 325/725/506
f 935/618/422 318/602/409 337/633/434
f 284/733/513 338/744/524 310/745/525
f 259/746/371 343/544/353 260/546/355
f 586/747/526 587/748/527 588/749/528
f 691/750/529 625/751/530 690/752/531
f 688/753/532 685/754/533 687/755/534
f 935/618/422 341/564/375 340/563/374
f 730/756/535 703/757/386 732/758/536
f 439/608/414 519/601/408 437/588/397
f 310/759/525 311/760/521 285/644/444
f 326/735/515 312/761/445 339/554/364
f 608/762/537 690/752/531 689/763/538
f 683/764/539 686/765/540 684/766/541
f 327/623/427 317/767/542 328/631/420
f 346/636/321 938/768/407 317/767/542
f 937/621/425 294/620/424 315/651/450
f 402/769/543 336/770/510 284/733/513
f 268/650/449 313/627/431 267/626/430
f 406/771/544 532/526/336 404/772/545
f 749/773/546 687/755/534 698/774/547
f 944/739/519 527/775/548 526/776/549
f 501/737/517 510/777/550 500/778/551
f 423/779/373 420/519/330 422/780/552
f 312/781/445 291/782/553 339/783/364
f 857/784/554 854/785/555 858/786/556
f 564/787/557 339/783/364 291/782/553
f 628/788/558 629/789/559 627/790/560
f 749/791/546 291/792/553 688/793/532
f 937/621/425 345/516/327 344/515/326
f 443/597/405 515/794/561 514/795/562
f 505/796/563 506/797/564 507/603/410
f 789/798/565 798/799/566 790/800/567
f 865/801/568 699/802/569 846/803/570
f 796/804/571 869/805/572 794/806/573
f 499/807/574 493/808/575 494/809/576
f 901/810/577 755/811/578 897/812/579
f 800/813/580 637/814/581 630/815/582
f 603/816/583 945/817/584 604/818/585
f 463/581/391 470/819/471 469/582/392
f 272/655/453 267/626/430 296/659/456
f 311/741/521 290/820/586 312/781/445
f 936/598/406 313/627/431 292/593/402
f 469/582/392 476/821/490 475/635/436
f 310/745/525 335/539/347 284/733/513
f 938/768/407 328/631/420 317/767/542
f 330/667/464 453/642/442 463/822/391
f 406/771/544 405/497/308 407/671/466
f 518/624/428 943/823/587 517/824/588
f 276/664/461 298/825/463 300/668/465
f 278/665/462 300/668/465 302/826/478
f 278/665/462 304/827/488 280/680/473
f 282/696/485 304/827/488 306/718/496
f 338/828/524 287/829/589 288/742/522
f 935/618/422 337/633/434 266/619/423
f 455/830/590 520/661/458 441/831/418
f 325/725/506 286/832/446 326/735/515
f 314/594/403 294/620/424 293/590/399
f 461/833/591 462/610/415 460/834/592
f 942/835/593 516/836/594 447/837/595
f 937/621/425 315/651/450 295/617/421
f 453/642/442 455/830/590 454/838/440
f 367/462/275 368/577/387 369/463/276
f 568/839/305 712/840/325 714/841/596
f 555/842/597 426/535/343 553/843/598
f 523/844/599 364/575/386 256/845/600
f 944/739/519 525/846/601 524/556/367
f 252/492/304 387/847/291 251/848/290
f 371/253/185 372/499/310 373/254/186
f 397/584/602 256/845/600 364/575/386
f 372/499/310 375/467/280 373/254/186
f 392/483/295 393/849/603 394/550/604
f 393/849/603 396/585/395 394/550/604
f 243/498/309 260/546/355 244/850/605
f 245/578/388 372/499/310 244/850/605
f 534/851/284 548/525/335 532/526/336
f 245/578/388 260/546/355 261/545/354
f 385/852/606 388/501/362 386/489/607
f 558/853/608 541/854/376 556/565/376
f 384/855/609 385/852/606 386/489/607
f 939/570/381 357/488/300 358/490/302
f 939/570/381 358/490/302 359/502/313
f 360/507/319 361/506/318 939/570/381
f 355/856/610 263/527/322 264/529/338
f 939/570/381 361/506/318 362/540/349
f 939/570/381 362/540/349 363/551/360
f 939/570/381 363/551/360 364/575/386
f 493/857/575 487/711/497 488/858/611
f 546/859/612 381/531/340 561/860/613
f 369/463/276 370/576/311 371/469/185
f 489/728/508 495/861/614 494/809/576
f 715/862/615 731/863/616 713/864/617
f 570/865/618 571/866/283 569/867/293
f 568/868/305 569/867/293 567/869/619
f 409/870/620 410/239/174 408/871/621
f 410/239/174 536/872/622 408/871/621
f 499/807/574 510/873/550 508/874/411
f 407/875/466 408/871/621 406/876/544
f 409/870/620 535/877/467 537/878/623
f 536/872/622 553/843/598 551/473/285
f 411/240/175 537/878/623 539/879/624
f 412/880/625 542/881/626 540/882/627
f 527/775/548 556/565/628 554/567/629
f 415/883/630 412/880/625 413/238/173
f 418/884/631 380/503/314 546/859/612
f 529/740/520 556/565/628 528/738/518
f 418/884/631 365/485/297 248/487/299
f 414/885/632 544/886/633 542/887/626
f 416/888/634 546/859/612 544/886/633
f 544/886/633 557/889/635 542/887/626
f 417/890/636 543/891/637 545/892/638
f 546/859/612 559/893/639 544/886/633
f 547/894/640 417/890/636 545/892/638
f 458/895/641 514/795/562 515/794/561
f 941/596/404 440/569/380 442/568/379
f 243/896/309 258/558/369 259/560/371
f 944/739/519 526/776/549 525/846/601
f 548/525/335 422/780/552 420/519/330
f 942/897/593 446/898/642 448/899/643
f 445/900/644 446/901/642 447/837/595
f 424/902/645 549/474/286 551/473/285
f 553/843/598 424/902/645 551/473/285
f 271/632/433 450/903/646 327/623/427
f 538/904/647 555/842/597 553/843/598
f 433/905/648 446/898/642 431/906/649
f 542/881/626 555/842/597 540/882/627
f 943/823/587 448/899/643 517/824/588
f 433/905/648 517/824/588 448/899/643
f 432/907/650 557/889/635 559/893/639
f 561/860/613 432/907/650 559/893/639
f 342/599/370 293/590/399 343/544/353
f 412/880/625 538/904/647 410/239/174
f 442/568/379 445/900/644 443/597/405
f 316/625/429 517/824/588 347/528/337
f 451/908/651 273/638/438 462/610/415
f 942/897/593 943/823/587 449/909/652
f 497/910/653 506/911/564 504/912/654
f 449/909/652 943/823/587 450/903/646
f 464/913/469 453/642/442 454/838/440
f 449/909/652 451/908/651 461/833/591
f 456/641/441 455/914/590 457/915/655
f 471/675/470 478/706/492 477/690/481
f 478/706/492 483/720/503 477/690/481
f 457/915/655 459/648/448 456/641/441
f 459/648/448 467/916/656 466/647/447
f 460/917/592 458/895/641 461/918/591
f 480/919/657 473/920/482 474/921/658
f 460/834/592 468/612/417 467/922/656
f 480/923/657 485/924/507 479/925/491
f 474/921/658 467/922/656 468/612/417
f 447/837/595 515/794/561 445/900/644
f 468/612/417 277/677/472 474/921/658
f 474/926/658 279/693/484 480/923/657
f 480/923/657 281/707/493 486/714/499
f 465/639/439 472/692/483 471/675/470
f 483/720/503 489/728/508 488/927/611
f 866/928/659 564/929/557 749/791/546
f 491/716/501 485/924/507 486/714/499
f 399/684/477 492/930/660 400/732/512
f 488/927/611 494/809/576 493/808/575
f 496/931/661 490/932/662 491/716/501
f 400/732/512 497/910/653 402/769/543
f 566/933/297 567/934/619 565/935/663
f 402/769/543 504/912/654 502/936/511
f 494/809/576 500/937/551 499/807/574
f 496/931/661 500/778/551 495/938/614
f 508/874/411 498/939/664 499/807/574
f 492/930/660 498/940/664 497/910/653
f 435/941/665 347/528/337 517/824/588
f 503/729/509 504/942/654 505/796/563
f 513/943/666 510/944/550 512/945/516
f 511/946/667 508/604/411 510/944/550
f 620/947/668 632/948/669 631/949/670
f 680/950/671 681/951/672 682/952/673
f 586/953/526 601/954/674 584/955/675
f 751/956/631 711/957/676 893/958/677
f 401/734/514 501/737/517 496/931/661
f 857/784/554 862/959/678 861/960/679
f 861/960/679 866/961/659 865/962/568
f 865/962/568 749/773/546 698/774/547
f 940/613/413 438/561/372 440/569/380
f 522/549/358 944/739/519 524/556/367
f 941/596/404 514/795/562 441/614/418
f 941/596/404 443/597/405 514/795/562
f 514/795/562 457/915/655 441/614/418
f 423/779/373 436/589/398 421/520/331
f 572/963/282 573/964/680 571/866/283
f 942/835/593 449/965/652 516/836/594
f 940/613/413 441/614/418 520/966/458
f 940/607/413 520/661/458 439/608/414
f 564/787/557 512/945/516 521/967/365
f 431/968/649 444/622/426 429/542/351
f 446/901/642 942/835/593 447/837/595
f 530/969/681 558/853/682 529/740/520
f 522/549/358 523/844/599 256/845/600
f 552/970/683 525/846/601 526/776/549
f 531/548/357 560/971/684 530/969/681
f 944/739/519 522/549/358 531/548/357
f 434/972/685 381/531/340 355/856/610
f 944/739/519 531/548/357 530/969/681
f 430/973/686 555/842/597 557/974/635
f 944/739/519 530/969/681 529/740/520
f 944/739/519 528/738/518 527/775/548
f 526/776/549 554/567/629 552/970/683
f 413/238/173 539/879/624 541/975/687
f 537/976/688 550/557/689 552/970/690
f 415/883/630 541/975/687 543/977/637
f 554/567/378 537/976/688 552/970/690
f 429/542/351 430/973/686 431/968/649
f 414/885/632 417/890/636 416/888/634
f 416/888/634 419/513/324 418/884/631
f 435/941/665 355/856/610 264/529/338
f 545/978/691 558/853/608 560/971/692
f 562/547/693 545/978/691 560/971/692
f 423/562/373 424/902/645 425/534/342
f 939/570/381 356/574/385 357/488/300
f 433/905/648 430/979/686 432/907/650
f 435/941/665 432/907/650 434/972/685
f 450/903/646 943/823/587 518/624/428
f 569/867/293 713/864/617 567/869/619
f 750/980/324 753/981/694 752/982/695
f 776/983/696 600/984/697 599/985/698
f 720/986/699 572/963/282 718/987/700
f 570/865/618 714/988/596 716/989/334
f 575/990/701 719/991/702 573/964/680
f 715/862/615 735/992/703 733/993/704
f 718/987/700 570/865/618 716/989/334
f 706/994/318 738/995/317 736/996/705
f 574/997/706 575/990/701 573/964/680
f 579/998/396 727/999/336 725/1000/707
f 708/1001/313 738/995/317 707/1002/319
f 582/1003/308 579/998/396 580/1004/708
f 577/1005/709 721/1006/710 575/1007/701
f 577/1005/709 725/1000/707 723/1008/711
f 721/1006/710 741/1009/712 739/1010/713
f 578/1011/714 722/1012/715 724/1013/716
f 893/958/677 729/1014/717 915/1015/718
f 723/1008/711 743/1016/719 741/1009/712
f 726/1017/720 578/1011/714 724/1013/716
f 700/1018/367 746/1019/366 744/1020/721
f 585/1021/722 584/955/675 583/1022/723
f 894/1023/400 730/756/394 712/1024/401
f 625/751/530 689/763/538 690/752/531
f 713/1025/617 729/1014/717 711/957/676
f 714/1026/393 730/756/394 732/758/724
f 771/1027/351 772/1028/725 770/1029/726
f 754/1030/727 902/1031/728 898/1032/637
f 767/1033/729 778/1034/730 780/1035/731
f 588/749/528 603/1036/583 586/747/526
f 804/1037/732 797/1038/733 803/1039/734
f 610/1040/735 611/1041/736 612/1042/737
f 947/1043/738 611/1044/736 613/1045/739
f 946/1046/740 605/1047/741 607/1048/742
f 720/1049/294 736/996/743 738/995/294
f 587/748/527 731/863/616 733/993/704
f 588/749/528 607/1048/742 605/1047/741
f 589/1050/744 733/993/704 735/992/703
f 615/1051/745 617/1052/746 616/1053/747
f 717/1054/280 737/1055/748 735/992/703
f 596/1056/749 611/1044/736 594/1057/504
f 719/991/702 739/1058/713 737/1055/748
f 948/1059/750 613/1045/739 694/1060/751
f 596/1056/749 694/1060/751 613/1045/739
f 750/980/324 712/840/325 566/933/297
f 695/1061/752 618/1062/753 615/1051/745
f 741/1009/712 593/1063/754 739/1010/713
f 743/1016/719 595/1064/755 741/1009/712
f 785/1065/756 786/1066/757 784/1067/758
f 725/1000/707 745/1068/759 743/1016/719
f 701/1069/599 881/1070/386 880/1071/367
f 682/952/673 683/764/539 684/766/541
f 509/1072/412 854/1073/555 507/1074/410
f 603/816/583 602/1075/760 601/954/674
f 782/1076/761 785/1065/756 784/1067/758
f 949/1077/381 706/994/318 705/1078/349
f 629/789/559 637/814/581 636/1079/762
f 945/1080/584 946/1046/740 606/1081/763
f 697/1082/764 619/1083/765 696/1084/766
f 634/1085/767 642/1086/768 641/1087/769
f 616/1053/747 630/815/582 629/789/559
f 947/1043/738 948/1059/750 614/1088/770
f 790/1089/567 630/815/582 617/1052/746
f 614/1088/770 948/1059/750 615/1051/745
f 737/1055/748 589/1050/744 735/992/703
f 622/1090/771 620/947/668 619/1083/765
f 621/1091/772 633/1092/773 632/1093/669
f 806/1094/774 631/1095/670 638/1096/775
f 692/1097/776 694/1060/751 693/1098/777
f 614/1088/770 616/1053/747 628/788/558
f 623/1099/778 622/1100/771 624/1101/779
f 801/1102/780 620/947/668 631/949/670
f 681/1103/672 672/1104/781 673/1105/782
f 648/1106/783 640/1107/784 641/1087/769
f 648/1106/783 654/1108/785 647/1109/786
f 634/1085/767 623/1099/778 626/1110/787
f 641/1087/769 633/1092/773 634/1085/767
f 624/1101/779 626/1110/787 623/1099/778
f 950/1111/788 879/1112/789 781/1113/790
f 641/1087/769 649/1114/791 648/1106/783
f 649/1114/791 655/1115/792 648/1106/783
f 626/1110/787 635/1116/793 634/1085/767
f 627/1117/560 625/751/530 628/1118/558
f 650/1119/794 642/1120/768 643/1121/795
f 627/790/560 636/1079/762 635/1122/793
f 650/1123/794 656/1124/796 649/1125/791
f 643/1121/795 635/1122/793 636/1079/762
f 612/1042/737 690/752/531 610/1040/735
f 636/1079/762 644/1126/797 643/1121/795
f 643/1127/795 651/1128/798 650/1123/794
f 650/1123/794 658/1129/799 657/1130/800
f 639/1131/801 631/1095/670 632/1132/669
f 638/1096/775 646/1133/802 645/1134/803
f 645/1134/803 653/1135/804 652/1136/805
f 660/1137/806 652/1136/805 653/1135/804
f 802/1138/807 793/1139/808 801/1102/780
f 821/1140/809 652/1136/805 659/1141/810
f 640/1107/784 632/1093/669 633/1092/773
f 662/1142/811 654/1108/785 655/1115/792
f 682/1143/673 287/1144/589 680/1145/671
f 656/1146/796 662/1142/811 655/1115/792
f 664/1147/812 656/1124/796 657/1130/800
f 666/1148/813 659/1141/810 660/1137/806
f 667/1149/814 660/1137/806 661/1150/815
f 811/1151/816 638/1096/775 645/1134/803
f 657/1130/800 747/1152/817 664/1147/812
f 647/1109/786 639/1153/801 640/1107/784
f 668/1154/818 661/1155/815 662/1142/811
f 662/1142/811 669/1156/819 668/1154/818
f 670/1157/820 663/1158/821 664/1147/812
f 672/1104/781 665/1159/822 666/1148/813
f 673/1105/782 666/1148/813 667/1149/814
f 805/1160/823 644/1126/797 637/814/581
f 816/1161/824 645/1134/803 652/1136/805
f 647/1109/786 653/1162/804 646/1163/802
f 671/1164/825 679/1165/826 677/1166/827
f 668/1154/818 675/1167/828 674/1168/829
f 670/1157/820 675/1169/828 669/1170/819
f 683/1171/539 673/1172/782 674/1168/829
f 699/802/569 687/1173/534 676/1174/830
f 810/1175/831 651/1128/798 644/1176/797
f 654/1177/785 660/1137/806 653/1135/804
f 318/602/409 935/618/422 340/563/374
f 598/1178/832 693/1098/777 694/1060/751
f 678/1179/833 679/1180/826 680/950/671
f 289/1181/523 686/1182/540 290/1183/586
f 682/1184/673 289/1181/523 288/1185/522
f 751/956/631 566/933/297 565/935/834
f 815/1186/835 658/1129/799 651/1128/798
f 748/1187/836 664/1147/812 747/1152/817
f 249/495/306 349/461/274 250/465/278
f 820/1188/837 747/1152/817 658/1129/799
f 674/1168/829 667/1189/814 668/1154/818
f 830/1190/838 843/1191/839 833/1192/840
f 853/1193/841 850/1194/842 854/785/555
f 405/497/308 348/587/396 249/495/306
f 408/871/621 534/472/284 406/876/544
f 696/1084/766 779/1195/843 602/1075/760
f 839/1196/844 857/1197/554 841/1198/845
f 676/1174/830 748/1187/836 699/802/569
f 676/1174/830 685/1199/533 675/1169/828
f 707/1002/319 949/1077/381 708/1001/313
f 567/934/619 711/957/676 565/935/663
f 783/1200/846 871/1201/847 785/1065/756
f 946/1046/740 689/763/538 606/1081/763
f 769/1202/848 784/1067/758 771/1027/351
f 792/1203/849 620/947/668 793/1139/808
f 946/1046/740 608/762/537 689/763/538
f 689/763/538 624/1101/779 606/1081/763
f 794/806/573 797/1038/733 796/804/571
f 287/1144/589 678/1204/833 680/1145/671
f 604/818/585 696/1084/766 602/1075/760
f 695/1061/752 948/1059/750 694/1060/751
f 947/1205/738 614/1206/770 691/750/529
f 796/804/571 873/1207/850 871/1201/847
f 622/1090/771 697/1082/764 606/1208/763
f 945/1080/584 606/1081/763 697/1209/764
f 898/1210/851 918/1211/852 896/1212/853
f 846/803/570 861/1213/679 865/801/568
f 945/817/584 697/1082/764 604/818/585
f 752/982/695 755/1214/578 754/1215/727
f 674/1168/829 685/1216/533 683/1171/539
f 688/793/532 290/1217/586 686/1218/540
f 792/1203/849 793/1139/808 795/1219/854
f 611/1041/736 947/1205/738 612/1042/737
f 700/1018/367 949/1077/381 703/757/386
f 951/1220/855 783/1200/846 782/1076/761
f 946/1046/740 607/1048/742 608/762/537
f 701/1069/599 703/757/386 702/1221/600
f 601/954/674 765/1222/856 584/955/675
f 896/1212/853 916/1223/857 894/1023/400
f 573/964/680 717/1054/280 571/866/283
f 734/1224/858 704/1225/360 705/1078/349
f 876/1226/859 618/1062/753 692/1097/776
f 764/1227/860 729/1014/717 583/1022/723
f 949/1077/381 700/1018/367 710/1228/300
f 745/1068/759 597/1229/861 743/1016/719
f 949/1077/381 710/1228/300 709/1230/302
f 739/1058/713 591/1231/862 737/1055/748
f 949/1077/381 709/1230/302 708/1001/313
f 949/1077/381 707/1002/319 706/994/318
f 705/1078/349 736/996/705 734/1224/858
f 592/724/355 589/1050/744 591/1231/862
f 571/866/283 715/862/615 569/867/293
f 716/1232/863 732/758/724 734/1224/864
f 576/1233/865 720/986/699 722/1234/715
f 718/1235/866 734/1224/864 736/996/743
f 592/724/355 593/1236/754 594/722/504
f 575/1007/701 578/1011/714 577/1005/709
f 763/1237/544 582/1003/308 762/1238/867
f 577/1005/709 580/1004/708 579/998/396
f 600/984/697 597/1229/861 599/985/698
f 728/1239/868 580/1004/708 726/1017/720
f 746/1019/366 880/1071/367 932/1240/368
f 881/1070/386 702/1221/600 730/756/535
f 742/1241/869 722/1242/870 740/1243/871
f 768/1244/872 771/1027/351 770/1029/726
f 744/1020/873 724/1245/874 742/1241/869
f 585/1021/722 729/1014/717 731/1246/616
f 768/1244/872 923/1247/875 919/1248/876
f 607/1048/742 610/1040/735 608/762/537
f 588/749/528 589/1050/744 590/1249/877
f 759/1250/878 901/810/577 905/1251/879
f 949/1077/381 704/1225/360 703/757/386
f 337/633/434 452/662/459 265/630/432
f 949/1077/381 705/1078/349 704/1225/360
f 740/1243/871 720/1049/294 738/995/294
f 910/1252/880 746/1019/289 932/1240/881
f 594/1057/504 595/1064/755 596/1056/749
f 598/1178/832 595/1064/755 597/1229/861
f 746/1019/289 726/1253/882 744/1020/873
f 778/1034/730 602/1075/760 779/1195/843
f 825/1254/883 748/1187/836 747/1152/817
f 764/1227/860 584/955/675 765/1222/856
f 837/1255/884 665/1159/822 671/1164/825
f 615/1051/745 948/1059/750 695/1061/752
f 748/1187/836 846/803/570 699/802/569
f 798/799/566 800/1256/580 790/800/567
f 710/1228/300 742/1241/301 709/1230/302
f 384/855/721 356/574/385 382/475/366
f 752/982/695 894/1257/885 750/980/324
f 955/17/10 97/16/10 98/1258/10
f 770/1029/726 927/1259/886 923/1247/875
f 895/1260/887 915/1015/718 917/1261/888
f 753/981/694 893/958/677 895/1260/887
f 752/982/695 898/1262/637 896/1263/638
f 755/1214/578 895/1260/887 897/1264/579
f 776/983/696 745/1068/759 931/1265/889
f 889/1266/520 924/1267/628 887/1268/518
f 755/811/578 756/1269/890 754/1030/727
f 906/1270/891 930/1271/892 928/1272/893
f 885/1273/894 924/1267/628 928/1272/629
f 759/1250/878 756/1269/890 757/1274/895
f 908/1275/896 932/1240/881 930/1271/892
f 760/1276/897 906/1277/898 758/1278/899
f 761/1279/900 905/1251/879 907/1280/901
f 760/1276/897 910/1281/902 908/1282/903
f 909/1283/904 761/1279/900 907/1280/901
f 768/1284/872 767/1033/729 769/1285/848
f 774/1286/905 773/1287/906 775/1288/907
f 767/1033/729 782/1289/761 769/1285/848
f 774/1286/905 777/1290/908 776/1291/696
f 766/1292/909 915/1015/718 764/1227/860
f 773/1287/906 784/1067/758 786/1066/757
f 768/1284/872 917/1261/888 766/1292/909
f 954/1293/519 882/1294/357 890/1295/681
f 902/1296/910 920/1297/911 898/1210/851
f 877/1298/912 692/1097/776 693/1098/777
f 954/1293/519 890/1295/681 889/1266/520
f 927/1259/886 901/810/577 923/1247/875
f 902/1296/910 928/1272/893 924/1267/910
f 775/1288/907 786/1066/757 788/1299/913
f 779/1195/843 950/1111/788 778/1034/730
f 775/1288/907 877/1300/912 777/1290/908
f 909/1301/904 745/1068/759 727/999/336
f 772/1028/725 929/1302/914 927/1259/886
f 791/1303/915 617/1052/746 618/1062/753
f 774/1286/905 931/1304/889 929/1302/914
f 952/1305/916 788/1299/913 786/1066/757
f 954/1293/519 885/1273/894 884/1306/549
f 882/1294/357 918/1211/684 890/1295/681
f 590/1249/877 609/723/505 607/1048/742
f 954/1293/519 884/1306/549 883/1307/601
f 954/1293/519 883/1307/601 880/1071/367
f 787/1308/917 952/1305/916 786/1066/757
f 791/1309/915 953/1310/918 789/798/565
f 947/1205/738 691/750/529 612/1042/737
f 951/1311/855 950/1111/788 781/1113/790
f 953/1312/918 791/1303/915 876/1226/859
f 805/1313/823 799/1314/919 804/1037/732
f 952/1305/916 787/1308/917 873/1207/850
f 953/1310/918 877/1300/912 788/1299/913
f 516/836/594 458/895/641 515/794/561
f 794/806/573 869/805/572 781/1315/790
f 953/1310/918 952/1305/916 789/798/565
f 923/1247/875 897/812/579 919/1248/876
f 879/1112/789 792/1203/849 781/1113/790
f 808/1316/920 814/1317/921 809/1318/922
f 795/1319/854 803/1039/734 797/1038/733
f 801/1320/780 807/1321/923 802/1322/807
f 871/1201/847 787/1308/917 785/1065/756
f 796/804/571 799/1314/919 798/799/566
f 808/1316/920 802/1322/807 807/1321/923
f 809/1318/922 803/1039/734 808/1316/920
f 952/1305/916 873/1207/850 789/798/565
f 951/1220/855 781/1315/790 869/805/572
f 814/1317/921 818/1323/924 819/1324/925
f 810/1325/831 804/1037/732 809/1318/922
f 806/1326/774 812/1327/926 807/1321/923
f 813/1328/927 807/1321/923 812/1327/926
f 819/1324/925 823/1329/928 824/1330/929
f 815/1331/835 809/1318/922 814/1317/921
f 812/1327/926 816/1332/824 817/1333/930
f 813/1328/927 817/1333/930 818/1323/924
f 823/1329/928 833/1192/840 824/1330/929
f 815/1186/835 819/1334/925 820/1188/837
f 817/1335/930 821/1140/809 822/1336/931
f 823/1329/928 817/1333/930 822/1337/931
f 827/1338/932 659/1141/810 665/1159/822
f 825/1254/883 819/1334/925 824/1339/929
f 821/1140/809 829/1340/933 822/1336/931
f 830/1190/838 822/1337/931 829/1341/933
f 671/1164/825 849/1342/934 837/1255/884
f 835/1343/935 824/1339/929 833/1344/840
f 827/1338/932 839/1345/844 829/1340/933
f 841/1198/845 829/1341/933 839/1196/844
f 862/1346/678 513/1347/666 866/928/659
f 835/1343/935 843/1348/839 846/803/570
f 503/1349/509 850/1350/842 678/1204/833
f 777/1351/908 693/1098/777 600/984/697
f 837/1255/884 853/1352/841 839/1345/844
f 849/1353/934 678/1179/833 850/1194/842
f 505/1354/563 854/1355/555 850/1350/842
f 511/1356/667 858/1357/556 509/1072/412
f 841/1198/845 861/1358/679 843/1191/839
f 950/1111/788 780/1035/731 778/1034/730
f 951/1311/855 782/1289/761 780/1035/731
f 619/1083/765 879/1112/789 696/1084/766
f 951/1220/855 869/805/572 783/1200/846
f 877/1298/912 953/1312/918 876/1226/859
f 242/571/382 257/518/329 258/558/369
f 945/1080/584 603/1036/583 605/1047/741
f 250/465/278 350/468/281 251/478/290
f 950/1111/788 779/1195/843 879/1112/789
f 301/689/480 274/660/457 276/664/461
f 709/1230/302 740/1243/312 708/1001/313
f 881/1070/386 954/1293/519 880/1071/367
f 762/1238/867 728/1239/868 910/1359/902
f 884/1306/549 928/1272/629 930/1271/683
f 883/1307/601 930/1271/683 932/1240/368
f 758/1278/899 902/1031/728 756/1269/890
f 763/1237/544 727/999/336 581/1360/545
f 759/1250/878 760/1276/897 758/1278/899
f 761/1279/900 762/1361/867 760/1276/897
f 766/1292/909 765/1222/856 767/1033/729
f 954/1293/519 881/1070/386 882/1294/357
f 919/1362/876 895/1260/887 917/1261/888
f 889/1266/520 887/1268/518 954/1293/519
f 887/1268/518 885/1273/894 954/1293/519
f 929/1302/914 905/1251/879 927/1259/886
f 931/1304/889 907/1280/901 929/1302/914
f 890/1295/681 920/1297/936 889/1266/520
f 51/1363/937 95/85/54 94/134/94
f 174/1364/938 149/257/188 173/1365/237
f 173/1366/939 213/360/233 212/316/215
f 56/1367/940 31/29/21 55/1368/941
f 57/1369/942 32/27/19 56/1367/940
f 58/1370/943 33/293/206 57/1369/942
f 59/1371/944 34/271/195 58/1370/943
f 36/68/42 59/1372/944 60/1373/945
f 61/1374/946 36/68/42 60/1373/945
f 38/21/16 61/1374/946 62/1375/947
f 63/1376/948 38/21/16 62/1375/947
f 40/287/202 63/1376/948 64/1377/949
f 41/285/193 64/1377/949 65/1378/950
f 42/79/49 65/1379/950 66/1380/951
f 43/58/37 66/1380/951 67/1381/952
f 68/1382/953 43/58/37 67/1381/952
f 69/1383/954 44/40/28 68/1382/953
f 70/1384/955 45/6/6 69/1383/954
f 71/1385/956 46/4/4 70/1384/955
f 72/1386/957 47/302/210 71/1387/956
f 33/293/206 921/1388/958 32/27/19
f 49/124/88 48/65/40 72/1386/957
f 955/17/10 98/1258/10 99/192/10
f 31/29/21 54/1389/959 55/1368/941
f 152/35/24 175/1390/960 176/1391/961
f 153/1392/962 176/1391/961 177/1393/963
f 154/297/207 177/1393/963 178/1394/964
f 155/295/196 178/1394/964 179/1395/965
f 156/251/183 179/1396/965 180/1397/966
f 157/71/44 180/1397/966 181/1398/967
f 182/1399/968 157/71/44 181/1398/967
f 183/1400/948 158/49/32 182/1399/968
f 160/23/17 183/1400/948 184/1401/949
f 161/1402/204 184/1401/949 185/1403/950
f 162/266/49 185/1404/950 186/1405/951
f 163/132/37 186/1405/951 187/1406/952
f 188/1407/953 163/132/37 187/1406/952
f 189/1408/954 164/61/28 188/1407/953
f 190/1409/955 165/43/6 189/1408/954
f 191/1410/969 166/33/23 190/1409/955
f 168/13/11 191/1411/969 192/1412/970
f 154/297/207 855/36/25 153/1392/962
f 169/350/227 168/13/11 192/1412/970
f 957/10/10 218/12/10 219/417/10
f 175/1390/960 150/77/48 174/1364/938
f 53/1413/971 93/135/95 92/88/56
f 955/17/10 100/193/10 101/81/10
f 30/52/34 53/1414/99 54/1389/959
f 252/492/304 350/1415/281 351/252/184
f 51/1/1 27/277/198 26/2/2
f 46/4/4 875/358/231 878/5/5
f 147/7/7 867/304/197 868/8/8
f 168/13/11 826/261/191 828/14/12
f 39/19/14 900/308/18 903/20/15
f 160/23/17 842/311/212 844/24/18
f 32/27/19 921/1388/958 922/28/20
f 167/31/13 828/1416/12 831/32/22
f 152/35/24 153/1392/962 855/36/25
f 45/6/6 878/5/5 886/39/27
f 166/33/23 831/32/22 832/42/5
f 38/21/16 903/20/15 904/45/29
f 159/25/14 844/24/18 845/48/31
f 31/29/21 922/28/20 925/51/33
f 152/35/24 856/37/26 859/54/20
f 44/40/28 886/39/27 888/57/36
f 165/43/6 832/42/5 834/60/27
f 1/63/38 958/279/199 872/64/39
f 37/46/30 904/45/29 911/67/41
f 158/49/32 845/48/31 847/70/43
f 30/52/34 925/51/33 926/73/45
f 151/55/35 859/54/20 860/76/47
f 42/79/49 43/58/37 888/57/36
f 28/82/51 27/277/198 51/1/1
f 49/84/53 96/123/53 95/85/54
f 54/87/55 53/1413/971 92/88/56
f 55/90/58 54/87/55 91/89/57
f 89/92/59 56/94/61 55/90/58
f 88/93/60 57/96/63 56/94/61
f 87/95/62 58/98/65 57/96/63
f 86/97/64 59/100/67 58/98/65
f 85/99/66 60/1417/66 59/100/67
f 61/101/68 60/1417/66 85/99/66
f 83/103/69 62/1418/69 61/101/68
f 63/104/70 62/1418/69 83/103/69
f 64/106/72 63/104/70 82/105/71
f 65/108/74 64/106/72 81/107/73
f 66/110/76 65/108/74 80/109/75
f 67/112/78 66/110/76 79/111/77
f 77/114/79 68/116/81 67/112/78
f 76/115/80 69/118/83 68/116/81
f 75/117/82 70/120/85 69/118/83
f 74/119/84 71/122/87 70/120/85
f 73/121/86 72/1419/86 71/122/87
f 49/84/53 72/1419/86 73/121/86
f 50/3/3 26/2/2 1/63/38
f 4/125/89 3/141/100 73/126/90
f 4/128/89 74/1420/91 75/129/92
f 164/61/28 834/60/27 836/131/36
f 52/133/93 51/1363/937 94/134/94
f 120/136/96 2/191/96 3/137/97
f 29/139/46 28/82/51 52/83/52
f 3/141/100 2/237/101 96/142/101
f 97/138/98 3/137/97 4/143/102
f 98/145/103 4/1421/102 5/146/104
f 100/148/105 99/147/104 5/146/104
f 100/148/105 6/149/106 7/150/107
f 101/151/108 7/150/107 8/152/109
f 103/154/110 102/153/109 8/152/109
f 104/156/112 103/154/110 9/155/111
f 104/158/112 10/1422/113 11/159/114
f 106/161/115 105/160/114 11/159/114
f 107/163/117 106/161/115 12/162/116
f 108/165/119 107/163/117 13/164/118
f 108/165/119 14/166/119 15/167/120
f 110/169/122 109/168/121 15/167/120
f 111/171/124 110/1423/122 16/172/123
f 112/174/126 111/171/124 17/173/125
f 112/174/126 18/175/127 19/176/128
f 113/177/129 19/176/128 20/178/130
f 115/180/131 114/179/130 20/178/130
f 116/182/133 115/180/131 21/181/132
f 116/184/133 22/1424/134 23/185/135
f 117/186/136 23/185/135 24/187/137
f 118/188/138 24/187/137 25/189/139
f 120/136/96 119/190/140 25/189/139
f 6/194/141 5/130/92 75/129/92
f 7/196/143 6/194/141 76/195/142
f 8/198/145 7/196/143 77/197/144
f 8/198/145 78/199/145 79/200/146
f 9/201/147 79/200/146 80/202/148
f 10/204/149 80/1425/148 81/205/150
f 12/207/151 11/206/150 81/205/150
f 12/207/151 82/208/152 83/209/153
f 13/210/154 83/209/153 84/211/155
f 15/213/156 14/212/155 84/211/155
f 16/215/158 15/213/156 85/214/157
f 16/217/158 86/1426/159 87/218/104
f 18/220/160 17/219/104 87/218/104
f 19/222/162 18/220/160 88/221/161
f 20/224/164 19/222/162 89/223/163
f 20/224/164 90/225/164 91/226/165
f 21/227/166 91/226/165 92/228/167
f 22/230/168 92/1427/167 93/231/114
f 24/233/169 23/232/114 93/231/114
f 24/233/169 94/234/170 95/235/171
f 25/236/172 95/235/171 96/142/101
f 413/238/173 412/880/625 410/239/174
f 171/241/176 170/314/54 215/242/54
f 171/246/178 147/7/7 146/9/9
f 36/68/42 911/67/41 912/248/180
f 157/71/44 847/70/43 848/250/182
f 351/252/184 350/1415/281 371/253/185
f 29/139/46 926/1428/45 933/255/187
f 149/257/188 150/77/48 860/76/47
f 121/260/190 870/306/211 826/261/191
f 42/79/49 891/80/50 892/263/192
f 162/266/49 163/132/37 836/131/36
f 35/269/181 912/1429/180 913/270/194
f 156/251/183 848/250/182 851/273/180
f 28/82/51 933/255/187 934/276/197
f 26/2/2 956/299/208 958/279/199
f 149/281/188 863/1430/189 864/282/187
f 41/285/193 892/1431/192 899/286/201
f 162/266/49 838/267/50 840/289/203
f 34/271/195 913/270/194 914/292/205
f 155/295/196 851/1432/180 852/296/194
f 27/277/198 934/276/197 956/299/208
f 48/65/40 872/64/39 874/301/209
f 148/283/200 864/282/187 867/304/197
f 146/9/9 868/8/8 870/306/211
f 40/287/202 899/286/201 900/308/18
f 160/23/17 161/1402/204 840/310/203
f 172/312/213 148/283/200 147/7/7
f 169/313/53 216/349/53 215/242/54
f 174/315/214 173/1366/939 212/316/215
f 210/318/58 175/1433/58 174/315/214
f 176/319/216 175/1433/58 210/318/58
f 208/321/60 177/323/218 176/319/216
f 207/322/217 178/325/220 177/323/218
f 206/324/219 179/327/221 178/325/220
f 205/326/66 180/1434/66 179/327/221
f 181/328/68 180/1434/66 205/326/66
f 203/330/69 182/1435/69 181/328/68
f 183/331/70 182/1435/69 203/330/69
f 184/333/72 183/331/70 202/332/71
f 185/335/222 184/333/72 201/334/73
f 186/337/223 185/335/222 200/336/75
f 198/339/78 187/1436/78 186/337/223
f 188/340/224 187/1436/78 198/339/78
f 196/342/80 189/344/225 188/340/224
f 195/343/82 190/346/226 189/344/225
f 194/345/84 191/348/87 190/346/226
f 193/347/86 192/1437/86 191/348/87
f 169/313/53 192/1437/86 193/347/86
f 146/9/9 121/260/190 169/350/227
f 123/351/228 193/365/238 194/352/229
f 124/354/230 194/1438/229 195/355/92
f 46/4/4 47/1439/210 874/357/209
f 172/359/232 171/241/176 214/243/177
f 217/361/234 240/416/261 122/362/235
f 173/364/237 149/281/188 148/283/200
f 193/365/238 123/351/228 122/366/239
f 218/368/159 217/361/234 123/363/236
f 218/370/159 124/1440/159 125/371/104
f 220/373/105 219/372/104 125/371/104
f 220/373/105 126/374/106 127/375/241
f 221/376/242 127/375/241 128/377/243
f 223/379/244 222/378/164 128/377/243
f 224/381/112 223/379/244 129/380/245
f 224/383/112 130/1441/113 131/384/114
f 226/386/170 225/385/114 131/384/114
f 226/386/170 132/387/170 133/388/246
f 227/389/247 133/388/246 134/390/248
f 228/391/249 134/390/248 135/392/120
f 230/394/122 229/393/121 135/392/120
f 231/396/124 230/1442/122 136/397/123
f 232/399/251 231/396/124 137/398/250
f 233/401/253 232/399/251 138/400/252
f 233/401/253 139/402/254 140/403/130
f 235/405/255 234/404/130 140/403/130
f 235/405/255 141/406/256 142/407/257
f 236/409/258 142/1443/257 143/410/259
f 237/411/136 143/410/259 144/412/137
f 238/413/138 144/412/137 145/414/260
f 240/416/261 239/415/140 145/414/260
f 126/418/141 125/356/92 195/355/92
f 127/420/143 126/418/141 196/419/142
f 128/422/263 127/420/143 197/421/262
f 128/422/263 198/423/130 199/424/264
f 129/425/147 199/424/264 200/426/148
f 130/428/265 200/1444/148 201/429/150
f 132/431/266 131/430/150 201/429/150
f 133/433/268 132/431/266 202/432/267
f 134/435/270 133/433/268 203/434/269
f 135/437/156 134/435/270 204/436/271
f 136/439/158 135/437/156 205/438/157
f 136/441/158 206/1445/159 207/442/104
f 138/444/272 137/443/104 207/442/104
f 139/446/162 138/444/272 208/445/161
f 140/448/164 139/446/162 209/447/163
f 140/448/164 210/449/164 211/450/165
f 141/451/166 211/450/165 212/452/167
f 142/454/168 212/1446/167 213/455/114
f 144/457/169 143/456/114 213/455/114
f 144/457/169 214/458/170 215/459/273
f 145/460/172 215/459/273 216/367/240
f 349/461/274 348/587/396 367/462/275
f 383/464/277 249/495/306 250/465/278
f 375/467/280 352/471/283 351/252/184
f 350/468/281 349/461/274 369/463/276
f 253/470/282 252/492/304 351/252/184
f 534/472/284 536/872/622 551/473/285
f 382/475/287 550/557/689 535/476/288
f 385/466/279 250/465/278 251/478/290
f 254/480/292 253/470/282 352/471/283
f 389/482/294 391/1447/972 392/483/295
f 365/485/297 255/521/305 354/486/298
f 357/488/300 384/855/721 386/489/301
f 253/470/282 391/523/333 389/491/303
f 255/493/305 254/480/292 353/481/293
f 249/495/306 383/464/277 533/496/307
f 243/498/309 244/850/605 372/499/310
f 358/490/302 386/489/301 388/501/312
f 380/503/314 248/487/299 354/486/298
f 377/505/316 353/481/293 352/471/283
f 390/484/317 392/483/348 361/506/318
f 390/484/317 360/507/319 359/502/313
f 262/1448/320 345/1449/327 346/1450/321
f 374/511/323 376/517/328 377/505/316
f 379/512/315 354/494/298 353/481/293
f 419/513/324 547/894/640 398/514/325
f 262/508/320 261/545/354 344/515/326
f 376/517/328 378/595/341 379/512/315
f 257/518/329 241/573/384 420/519/330
f 255/521/305 365/485/297 398/514/325
f 391/523/333 253/470/282 254/480/292
f 548/525/335 366/572/383 367/462/275
f 263/527/322 346/636/321 347/528/337
f 247/530/339 355/856/610 381/531/340
f 254/480/292 255/493/305 395/533/332
f 425/534/342 424/902/645 426/535/343
f 308/537/345 306/710/496 334/538/346
f 392/483/348 394/550/359 362/540/349
f 383/541/350 384/855/609 382/475/287
f 429/542/351 427/536/344 426/535/343
f 343/544/353 344/515/326 261/545/354
f 522/549/358 256/845/600 397/584/602
f 397/584/602 562/547/356 522/549/358
f 394/550/359 396/585/536 363/551/360
f 387/552/361 389/482/294 390/484/296
f 403/553/363 326/735/515 339/554/364
f 523/844/599 524/556/367 382/475/366
f 524/556/367 525/846/601 550/557/368
f 258/1451/369 341/1452/375 342/1453/370
f 425/1454/342 440/1455/380 438/1456/372
f 258/558/369 257/518/329 340/563/374
f 556/565/376 541/854/376 539/566/377
f 425/534/342 427/536/344 442/568/379
f 242/571/382 368/577/387 366/572/383
f 242/571/382 243/896/309 370/576/311
f 245/578/388 261/545/354 262/508/320
f 331/580/390 330/1457/464 463/581/391
f 395/583/393 398/592/401 397/584/394
f 246/579/389 262/508/320 263/510/322
f 348/587/396 404/772/545 532/526/336
f 437/588/397 318/602/409 340/563/374
f 381/531/340 380/503/314 379/504/315
f 293/590/399 294/620/424 344/515/326
f 547/591/400 562/547/693 397/584/394
f 246/579/389 376/517/328 374/511/323
f 292/593/402 313/627/431 314/594/403
f 246/579/389 247/586/339 378/595/341
f 241/573/384 366/572/383 548/525/335
f 519/601/408 337/633/434 318/602/409
f 507/603/410 506/797/564 508/604/411
f 437/588/397 436/589/398 438/606/372
f 462/610/415 273/638/438 275/611/416
f 940/613/413 440/569/380 941/596/404
f 315/651/450 269/653/451 295/617/421
f 269/653/451 270/615/419 295/617/421
f 936/609/406 341/564/375 935/618/422
f 427/536/344 429/542/351 444/622/426
f 327/623/427 450/903/646 518/624/428
f 938/600/407 345/516/327 937/621/425
f 329/643/443 296/1458/456 265/630/432
f 296/1458/456 267/629/430 265/630/432
f 328/631/420 270/649/419 271/632/433
f 332/634/435 331/580/390 469/582/392
f 346/636/321 317/767/542 316/625/429
f 319/637/437 320/678/454 275/611/416
f 465/639/439 464/674/469 454/640/440
f 265/630/432 452/662/459 453/642/442
f 285/644/444 311/760/521 312/645/445
f 466/647/447 465/639/439 456/641/441
f 270/649/419 319/637/437 273/638/438
f 268/650/449 269/653/451 315/651/450
f 319/652/437 270/615/419 269/653/451
f 297/654/452 269/653/451 268/650/449
f 320/656/454 319/652/437 297/654/452
f 296/659/456 298/825/463 274/660/457
f 520/661/458 455/830/590 452/662/459
f 299/657/455 297/654/452 272/655/453
f 303/663/460 301/689/480 276/664/461
f 298/666/463 296/1458/456 329/643/443
f 300/668/465 298/825/463 330/669/464
f 407/671/466 405/497/308 533/496/307
f 299/657/455 301/689/480 321/673/468
f 464/674/469 465/639/439 471/675/470
f 277/677/472 275/611/416 320/678/454
f 303/663/460 278/665/462 280/680/473
f 333/682/475 332/634/435 475/635/436
f 399/684/477 400/732/512 335/539/347
f 302/1459/478 300/1460/465 331/1461/390
f 322/688/479 321/673/468 301/689/480
f 477/690/481 476/704/490 470/676/471
f 466/647/447 467/916/656 473/691/482
f 279/693/484 277/1462/472 321/694/468
f 305/681/474 280/680/473 282/696/485
f 334/538/346 333/682/475 481/683/476
f 475/635/436 476/821/490 482/698/487
f 302/685/478 332/687/435 333/1463/475
f 322/695/479 303/1464/460 305/701/474
f 477/690/481 483/720/503 482/703/487
f 472/692/483 473/691/482 479/705/491
f 281/707/493 279/693/484 322/695/479
f 309/708/494 307/697/486 282/696/485
f 304/700/488 333/682/475 334/538/346
f 481/683/476 482/698/487 487/711/497
f 324/712/498 323/702/489 305/701/474
f 486/714/499 281/707/493 563/715/500
f 479/705/491 485/727/507 484/717/502
f 563/715/500 281/707/493 323/702/489
f 286/646/446 309/708/494 283/709/495
f 283/709/495 282/696/485 306/718/496
f 257/518/329 421/520/331 436/589/398
f 483/1465/503 488/858/611 487/711/497
f 594/722/504 611/1041/736 609/723/505
f 325/725/506 324/712/498 307/713/486
f 485/727/507 490/1466/662 489/728/508
f 503/729/509 287/829/589 336/730/510
f 400/732/512 402/769/543 284/733/513
f 401/734/514 325/725/506 326/735/515
f 308/719/345 310/759/525 285/644/444
f 403/553/363 521/555/365 512/736/516
f 401/734/514 496/931/661 491/716/501
f 311/741/521 338/828/524 288/742/522
f 401/734/514 563/715/500 324/712/498
f 284/733/513 336/770/510 338/744/524
f 259/746/371 342/599/370 343/544/353
f 586/747/526 585/1467/722 587/748/527
f 691/750/529 628/1118/558 625/751/530
f 688/753/532 686/765/540 685/754/533
f 702/1221/600 703/757/386 730/756/535
f 703/757/386 704/1225/360 732/758/536
f 439/608/414 520/661/458 519/601/408
f 310/759/525 338/1468/524 311/760/521
f 326/735/515 286/832/446 312/761/445
f 608/762/537 610/1040/735 690/752/531
f 683/764/539 685/754/533 686/765/540
f 327/623/427 316/625/429 317/767/542
f 402/769/543 502/936/511 336/770/510
f 268/650/449 314/594/403 313/627/431
f 406/771/544 534/851/284 532/526/336
f 749/773/546 688/753/532 687/755/534
f 501/737/517 512/736/516 510/777/550
f 423/779/373 421/520/331 420/519/330
f 312/781/445 290/820/586 291/782/553
f 857/784/554 853/1193/841 854/785/555
f 564/787/557 521/967/365 339/783/364
f 628/788/558 616/1053/747 629/789/559
f 749/791/546 564/929/557 291/792/553
f 443/597/405 445/900/644 515/794/561
f 505/796/563 504/942/654 506/797/564
f 790/800/567 791/1309/915 789/798/565
f 789/798/565 873/1207/850 798/799/566
f 865/801/568 698/1469/547 699/802/569
f 796/804/571 871/1201/847 869/805/572
f 499/807/574 498/939/664 493/808/575
f 901/810/577 757/1274/895 755/811/578
f 800/813/580 805/1160/823 637/814/581
f 463/581/391 464/1470/469 470/819/471
f 272/655/453 268/650/449 267/626/430
f 311/741/521 289/743/523 290/820/586
f 469/582/392 470/819/471 476/821/490
f 310/745/525 308/537/345 335/539/347
f 330/667/464 329/643/443 453/642/442
f 406/771/544 404/772/545 405/497/308
f 276/664/461 274/660/457 298/825/463
f 278/665/462 276/664/461 300/668/465
f 278/665/462 302/826/478 304/827/488
f 282/696/485 280/680/473 304/827/488
f 338/828/524 336/730/510 287/829/589
f 325/725/506 309/726/494 286/832/446
f 314/594/403 315/651/450 294/620/424
f 461/833/591 451/908/651 462/610/415
f 453/642/442 452/662/459 455/830/590
f 367/462/275 366/572/383 368/577/387
f 568/839/305 566/933/297 712/840/325
f 555/842/597 428/543/352 426/535/343
f 523/844/599 356/574/385 364/575/386
f 252/492/304 389/491/303 387/847/291
f 371/253/185 370/500/311 372/499/310
f 363/551/360 396/585/536 364/575/386
f 396/585/536 397/584/602 364/575/386
f 372/499/310 374/511/323 375/467/280
f 392/483/295 391/1447/972 393/849/603
f 393/849/603 395/583/393 396/585/395
f 243/498/309 259/746/371 260/546/355
f 245/578/388 374/511/323 372/499/310
f 534/851/284 549/1471/286 548/525/335
f 245/578/388 244/850/605 260/546/355
f 385/852/606 387/552/361 388/501/362
f 558/853/608 543/1472/973 541/854/376
f 384/855/609 383/541/350 385/852/606
f 355/856/610 247/530/339 263/527/322
f 493/857/575 492/930/660 487/711/497
f 546/859/612 380/503/314 381/531/340
f 369/463/276 368/577/387 370/576/311
f 489/728/508 490/1466/662 495/861/614
f 715/862/615 733/993/704 731/863/616
f 570/865/618 572/963/282 571/866/283
f 568/868/305 570/865/618 569/867/293
f 409/870/620 411/240/175 410/239/174
f 410/239/174 538/904/647 536/872/622
f 499/807/574 500/937/551 510/873/550
f 407/875/466 409/870/620 408/871/621
f 409/870/620 407/875/466 535/877/467
f 536/872/622 538/904/647 553/843/598
f 411/240/175 409/870/620 537/878/623
f 412/880/625 414/1473/632 542/881/626
f 527/775/548 528/738/518 556/565/628
f 415/883/630 414/1473/632 412/880/625
f 418/884/631 248/487/299 380/503/314
f 529/740/520 558/853/682 556/565/628
f 418/884/631 419/513/324 365/485/297
f 414/885/632 416/888/634 544/886/633
f 416/888/634 418/884/631 546/859/612
f 544/886/633 559/893/639 557/889/635
f 417/890/636 415/1474/630 543/891/637
f 546/859/612 561/860/613 559/893/639
f 547/894/640 419/513/324 417/890/636
f 458/895/641 457/915/655 514/795/562
f 243/896/309 242/571/382 258/558/369
f 548/525/335 549/1471/286 422/780/552
f 445/900/644 444/622/426 446/901/642
f 424/902/645 422/1475/552 549/474/286
f 553/843/598 426/535/343 424/902/645
f 271/632/433 451/908/651 450/903/646
f 538/904/647 540/882/627 555/842/597
f 433/1476/648 448/1477/643 446/1478/642
f 542/881/626 557/974/635 555/842/597
f 433/905/648 435/941/665 517/824/588
f 432/907/650 430/979/686 557/889/635
f 561/860/613 434/972/685 432/907/650
f 342/599/370 292/593/402 293/590/399
f 412/880/625 540/882/627 538/904/647
f 442/568/379 444/622/426 445/900/644
f 316/625/429 518/624/428 517/824/588
f 451/908/651 271/632/433 273/638/438
f 942/897/593 448/899/643 943/823/587
f 497/910/653 498/940/664 506/911/564
f 464/913/469 463/822/391 453/642/442
f 461/918/591 516/836/594 449/965/652
f 449/909/652 450/903/646 451/908/651
f 454/640/440 455/914/590 456/641/441
f 455/914/590 441/614/418 457/915/655
f 471/675/470 472/692/483 478/706/492
f 478/706/492 484/717/502 483/720/503
f 457/915/655 458/895/641 459/648/448
f 459/648/448 460/917/592 467/916/656
f 460/917/592 459/648/448 458/895/641
f 480/923/657 479/925/491 473/1479/482
f 460/834/592 462/610/415 468/612/417
f 480/923/657 486/714/499 485/924/507
f 474/921/658 473/920/482 467/922/656
f 447/837/595 516/836/594 515/794/561
f 468/612/417 275/611/416 277/677/472
f 474/926/658 277/1462/472 279/693/484
f 480/923/657 279/693/484 281/707/493
f 465/639/439 466/647/447 472/692/483
f 483/720/503 484/717/502 489/728/508
f 866/928/659 513/1347/666 564/929/557
f 491/716/501 490/932/662 485/924/507
f 399/684/477 487/711/497 492/930/660
f 488/927/611 489/728/508 494/809/576
f 496/931/661 495/938/614 490/932/662
f 400/732/512 492/930/660 497/910/653
f 566/933/297 568/839/305 567/934/619
f 402/769/543 497/910/653 504/912/654
f 494/809/576 495/861/614 500/937/551
f 496/931/661 501/737/517 500/778/551
f 508/874/411 506/1480/564 498/939/664
f 492/930/660 493/857/575 498/940/664
f 435/941/665 264/529/338 347/528/337
f 503/729/509 502/731/511 504/942/654
f 513/943/666 511/946/667 510/944/550
f 511/946/667 509/605/412 508/604/411
f 620/947/668 621/1481/772 632/948/669
f 680/950/671 679/1180/826 681/951/672
f 586/953/526 603/816/583 601/954/674
f 751/956/631 565/935/834 711/957/676
f 401/734/514 403/553/363 501/737/517
f 857/784/554 858/786/556 862/959/678
f 861/960/679 862/959/678 866/961/659
f 865/962/568 866/961/659 749/773/546
f 423/779/373 438/606/372 436/589/398
f 572/963/282 574/997/706 573/964/680
f 564/787/557 513/943/666 512/945/516
f 431/968/649 446/901/642 444/622/426
f 530/969/681 560/971/684 558/853/682
f 522/549/358 524/556/367 523/844/599
f 552/970/683 550/557/368 525/846/601
f 531/548/357 562/547/356 560/971/684
f 434/972/685 561/860/613 381/531/340
f 430/973/686 428/543/352 555/842/597
f 526/776/549 527/775/548 554/567/629
f 413/238/173 411/240/175 539/879/624
f 537/976/688 535/476/288 550/557/689
f 415/883/630 413/238/173 541/975/687
f 554/567/378 539/566/377 537/976/688
f 429/542/351 428/543/352 430/973/686
f 414/885/632 415/1474/630 417/890/636
f 416/888/634 417/890/636 419/513/324
f 435/941/665 434/972/685 355/856/610
f 545/978/691 543/1472/973 558/853/608
f 562/547/693 547/591/400 545/978/691
f 423/562/373 422/1475/552 424/902/645
f 433/905/648 431/906/649 430/979/686
f 435/941/665 433/905/648 432/907/650
f 569/867/293 715/862/615 713/864/617
f 750/980/324 751/956/631 753/981/694
f 776/983/696 777/1351/908 600/984/697
f 720/986/699 574/997/706 572/963/282
f 570/865/618 568/868/305 714/988/596
f 575/990/701 721/1482/710 719/991/702
f 715/862/615 717/1054/280 735/992/703
f 718/987/700 572/963/282 570/865/618
f 706/994/318 707/1002/319 738/995/317
f 574/997/706 576/1233/865 575/990/701
f 579/998/396 581/1360/545 727/999/336
f 708/1001/313 740/1243/312 738/995/317
f 582/1003/308 581/1360/545 579/998/396
f 577/1005/709 723/1008/711 721/1006/710
f 577/1005/709 579/998/396 725/1000/707
f 721/1006/710 723/1008/711 741/1009/712
f 578/1011/714 576/1483/865 722/1012/715
f 893/958/677 711/957/676 729/1014/717
f 723/1008/711 725/1000/707 743/1016/719
f 726/1017/720 580/1004/708 578/1011/714
f 744/1020/721 710/1228/300 700/1018/367
f 700/1018/367 701/1069/599 746/1019/366
f 585/1021/722 586/953/526 584/955/675
f 894/1023/400 916/1223/857 730/756/394
f 625/751/530 624/1101/779 689/763/538
f 713/1025/617 731/1246/616 729/1014/717
f 714/1026/393 712/1024/401 730/756/394
f 771/1027/351 773/1287/906 772/1028/725
f 754/1030/727 756/1269/890 902/1031/728
f 767/1033/729 765/1222/856 778/1034/730
f 588/1484/528 605/1485/741 603/1486/583
f 804/1037/732 799/1314/919 797/1038/733
f 610/1040/735 609/723/505 611/1041/736
f 720/1049/294 718/1235/866 736/996/743
f 587/748/527 585/1467/722 731/863/616
f 588/749/528 590/1249/877 607/1048/742
f 589/1050/744 587/748/527 733/993/704
f 615/1051/745 618/1062/753 617/1052/746
f 717/1054/280 719/991/702 737/1055/748
f 596/1487/749 613/1488/739 611/1489/736
f 719/991/702 721/1482/710 739/1058/713
f 596/1056/749 598/1178/832 694/1060/751
f 750/980/324 894/1257/885 712/840/325
f 695/1061/752 692/1097/776 618/1062/753
f 741/1009/712 595/1064/755 593/1063/754
f 743/1016/719 597/1229/861 595/1064/755
f 785/1065/756 787/1308/917 786/1066/757
f 725/1000/707 727/999/336 745/1068/759
f 701/1069/599 702/1221/600 881/1070/386
f 682/952/673 681/951/672 683/764/539
f 509/1072/412 858/1357/556 854/1073/555
f 603/816/583 604/818/585 602/1075/760
f 782/1076/761 783/1200/846 785/1065/756
f 629/789/559 630/815/582 637/814/581
f 945/1080/584 605/1047/741 946/1046/740
f 697/1082/764 622/1090/771 619/1083/765
f 634/1085/767 635/1116/793 642/1086/768
f 616/1053/747 617/1052/746 630/815/582
f 947/1043/738 613/1045/739 948/1059/750
f 790/1089/567 800/813/580 630/815/582
f 737/1055/748 591/1231/862 589/1050/744
f 622/1090/771 621/1481/772 620/947/668
f 621/1091/772 623/1099/778 633/1092/773
f 806/1094/774 801/1490/780 631/1095/670
f 692/1097/776 695/1061/752 694/1060/751
f 628/1118/558 691/750/529 614/1206/770
f 614/1088/770 615/1051/745 616/1053/747
f 621/1091/772 622/1100/771 623/1099/778
f 622/1100/771 606/1081/763 624/1101/779
f 801/1102/780 793/1139/808 620/947/668
f 681/1103/672 679/1165/826 672/1104/781
f 648/1106/783 647/1109/786 640/1107/784
f 648/1106/783 655/1115/792 654/1108/785
f 634/1085/767 633/1092/773 623/1099/778
f 641/1087/769 640/1107/784 633/1092/773
f 624/1101/779 625/751/530 626/1110/787
f 641/1087/769 642/1086/768 649/1114/791
f 649/1114/791 656/1146/796 655/1115/792
f 626/1110/787 627/1117/560 635/1116/793
f 627/1117/560 626/1110/787 625/751/530
f 650/1123/794 649/1125/791 642/1491/768
f 627/790/560 629/789/559 636/1079/762
f 650/1123/794 657/1130/800 656/1124/796
f 643/1121/795 642/1120/768 635/1122/793
f 612/1042/737 691/750/529 690/752/531
f 636/1079/762 637/814/581 644/1126/797
f 643/1127/795 644/1176/797 651/1128/798
f 650/1123/794 651/1128/798 658/1129/799
f 639/1131/801 638/1096/775 631/1095/670
f 638/1096/775 639/1131/801 646/1133/802
f 645/1134/803 646/1133/802 653/1135/804
f 660/1137/806 659/1141/810 652/1136/805
f 802/1138/807 795/1219/854 793/1139/808
f 821/1140/809 816/1161/824 652/1136/805
f 640/1107/784 639/1153/801 632/1093/669
f 662/1142/811 661/1155/815 654/1108/785
f 682/1143/673 288/1492/522 287/1144/589
f 656/1146/796 663/1493/821 662/1142/811
f 664/1147/812 663/1158/821 656/1124/796
f 666/1148/813 665/1159/822 659/1141/810
f 667/1149/814 666/1148/813 660/1137/806
f 811/1151/816 806/1094/774 638/1096/775
f 657/1130/800 658/1129/799 747/1152/817
f 647/1109/786 646/1163/802 639/1153/801
f 668/1154/818 667/1189/814 661/1155/815
f 662/1142/811 663/1493/821 669/1156/819
f 670/1157/820 669/1170/819 663/1158/821
f 672/1104/781 671/1164/825 665/1159/822
f 673/1105/782 672/1104/781 666/1148/813
f 805/1160/823 810/1494/831 644/1126/797
f 816/1161/824 811/1151/816 645/1134/803
f 647/1495/786 654/1177/785 653/1135/804
f 671/1164/825 672/1104/781 679/1165/826
f 668/1154/818 669/1156/819 675/1167/828
f 670/1157/820 676/1174/830 675/1169/828
f 683/1171/539 681/1496/672 673/1172/782
f 699/802/569 698/1469/547 687/1173/534
f 810/1175/831 815/1186/835 651/1128/798
f 654/1177/785 661/1150/815 660/1137/806
f 598/1178/832 600/984/697 693/1098/777
f 678/1179/833 677/1497/827 679/1180/826
f 289/1181/523 684/1498/541 686/1182/540
f 682/1184/673 684/1498/541 289/1181/523
f 751/956/631 750/980/324 566/933/297
f 815/1186/835 820/1188/837 658/1129/799
f 748/1187/836 670/1157/820 664/1147/812
f 249/495/306 348/587/396 349/461/274
f 820/1188/837 825/1254/883 747/1152/817
f 674/1168/829 673/1172/782 667/1189/814
f 830/1190/838 841/1198/845 843/1191/839
f 853/1193/841 849/1353/934 850/1194/842
f 405/497/308 404/772/545 348/587/396
f 408/871/621 536/872/622 534/472/284
f 696/1084/766 879/1112/789 779/1195/843
f 839/1196/844 853/1499/841 857/1197/554
f 676/1174/830 670/1157/820 748/1187/836
f 676/1174/830 687/1173/534 685/1199/533
f 567/934/619 713/1025/617 711/957/676
f 783/1200/846 869/805/572 871/1201/847
f 769/1202/848 782/1076/761 784/1067/758
f 792/1203/849 619/1083/765 620/947/668
f 794/806/573 795/1319/854 797/1038/733
f 287/1144/589 503/1349/509 678/1204/833
f 604/818/585 697/1082/764 696/1084/766
f 796/804/571 798/799/566 873/1207/850
f 898/1210/851 920/1297/911 918/1211/852
f 846/803/570 843/1348/839 861/1213/679
f 752/982/695 753/981/694 755/1214/578
f 674/1168/829 675/1167/828 685/1216/533
f 688/793/532 291/792/553 290/1217/586
f 795/1219/854 794/1500/573 792/1203/849
f 794/1500/573 781/1113/790 792/1203/849
f 701/1069/599 700/1018/367 703/757/386
f 601/954/674 778/1034/730 765/1222/856
f 896/1212/853 918/1211/852 916/1223/857
f 573/964/680 719/991/702 717/1054/280
f 734/1224/858 732/758/536 704/1225/360
f 876/1226/859 791/1303/915 618/1062/753
f 764/1227/860 915/1015/718 729/1014/717
f 745/1068/759 599/985/698 597/1229/861
f 739/1058/713 593/1236/754 591/1231/862
f 705/1078/349 706/994/318 736/996/705
f 592/724/355 590/1249/877 589/1050/744
f 571/866/283 717/1054/280 715/862/615
f 716/1232/863 714/1026/393 732/758/724
f 576/1233/865 574/997/706 720/986/699
f 718/1235/866 716/1232/863 734/1224/864
f 592/724/355 591/1231/862 593/1236/754
f 575/1007/701 576/1483/865 578/1011/714
f 763/1237/544 581/1360/545 582/1003/308
f 577/1005/709 578/1011/714 580/1004/708
f 600/984/697 598/1178/832 597/1229/861
f 728/1239/868 582/1003/308 580/1004/708
f 701/1069/599 880/1071/367 746/1019/366
f 880/1071/367 883/1307/601 932/1240/368
f 730/756/535 916/1223/356 881/1070/386
f 916/1223/356 882/1294/357 881/1070/386
f 742/1241/869 724/1245/874 722/1242/870
f 768/1244/872 769/1202/848 771/1027/351
f 744/1020/873 726/1253/882 724/1245/874
f 585/1021/722 583/1022/723 729/1014/717
f 768/1244/872 770/1029/726 923/1247/875
f 607/1048/742 609/723/505 610/1040/735
f 588/749/528 587/748/527 589/1050/744
f 759/1250/878 757/1274/895 901/810/577
f 337/633/434 519/601/408 452/662/459
f 740/1243/871 722/1242/870 720/1049/294
f 910/1252/880 728/1501/289 746/1019/289
f 594/1057/504 593/1063/754 595/1064/755
f 598/1178/832 596/1056/749 595/1064/755
f 746/1019/289 728/1501/289 726/1253/882
f 778/1034/730 601/954/674 602/1075/760
f 825/1254/883 835/1343/935 748/1187/836
f 764/1227/860 583/1022/723 584/955/675
f 837/1255/884 827/1338/932 665/1159/822
f 748/1187/836 835/1343/935 846/803/570
f 798/799/566 799/1314/919 800/1256/580
f 710/1228/300 744/1020/721 742/1241/301
f 357/488/300 356/574/385 384/855/721
f 356/574/385 523/844/599 382/475/366
f 752/982/695 896/1263/638 894/1257/885
f 770/1029/726 772/1028/725 927/1259/886
f 895/1260/887 893/958/677 915/1015/718
f 753/981/694 751/956/631 893/958/677
f 752/982/695 754/1215/727 898/1262/637
f 755/1214/578 753/981/694 895/1260/887
f 776/983/696 599/985/698 745/1068/759
f 889/1266/520 920/1297/936 924/1267/628
f 755/811/578 757/1274/895 756/1269/890
f 906/1270/891 908/1275/896 930/1271/892
f 885/1273/894 887/1268/518 924/1267/628
f 759/1250/878 758/1278/899 756/1269/890
f 908/1275/896 910/1252/880 932/1240/881
f 760/1276/897 908/1282/903 906/1277/898
f 761/1279/900 759/1250/878 905/1251/879
f 760/1276/897 762/1361/867 910/1281/902
f 909/1283/904 763/1502/544 761/1279/900
f 768/1284/872 766/1292/909 767/1033/729
f 774/1286/905 772/1028/725 773/1287/906
f 767/1503/729 780/1504/731 782/1505/761
f 774/1286/905 775/1288/907 777/1290/908
f 766/1292/909 917/1261/888 915/1015/718
f 773/1287/906 771/1027/351 784/1067/758
f 768/1284/872 919/1362/876 917/1261/888
f 902/1296/910 924/1267/910 920/1297/911
f 877/1298/912 876/1226/859 692/1097/776
f 927/1259/886 905/1251/879 901/810/577
f 902/1296/910 906/1270/891 928/1272/893
f 775/1288/907 773/1287/906 786/1066/757
f 775/1506/907 788/1507/913 877/1508/912
f 909/1301/904 931/1265/889 745/1068/759
f 772/1028/725 774/1286/905 929/1302/914
f 791/1303/915 790/1089/567 617/1052/746
f 774/1286/905 776/1291/696 931/1304/889
f 882/1294/357 916/1223/356 918/1211/684
f 590/1249/877 592/724/355 609/723/505
f 951/1311/855 780/1035/731 950/1111/788
f 805/1313/823 800/1256/580 799/1314/919
f 516/836/594 461/918/591 458/895/641
f 953/1310/918 788/1299/913 952/1305/916
f 923/1247/875 901/810/577 897/812/579
f 808/1316/920 813/1328/927 814/1317/921
f 795/1319/854 802/1322/807 803/1039/734
f 801/1320/780 806/1326/774 807/1321/923
f 871/1201/847 873/1207/850 787/1308/917
f 796/804/571 797/1038/733 799/1314/919
f 808/1316/920 803/1039/734 802/1322/807
f 809/1318/922 804/1037/732 803/1039/734
f 814/1317/921 813/1328/927 818/1323/924
f 810/1325/831 805/1313/823 804/1037/732
f 806/1326/774 811/1509/816 812/1327/926
f 813/1328/927 808/1316/920 807/1321/923
f 819/1324/925 818/1323/924 823/1329/928
f 815/1331/835 810/1325/831 809/1318/922
f 812/1327/926 811/1509/816 816/1332/824
f 813/1328/927 812/1327/926 817/1333/930
f 823/1329/928 830/1190/838 833/1192/840
f 815/1186/835 814/1510/921 819/1334/925
f 817/1333/930 816/1332/824 821/1511/809
f 823/1329/928 818/1323/924 817/1333/930
f 827/1338/932 821/1140/809 659/1141/810
f 825/1254/883 820/1188/837 819/1334/925
f 821/1140/809 827/1338/932 829/1340/933
f 830/1190/838 823/1329/928 822/1337/931
f 671/1164/825 677/1166/827 849/1342/934
f 835/1343/935 825/1254/883 824/1339/929
f 827/1338/932 837/1255/884 839/1345/844
f 841/1198/845 830/1190/838 829/1341/933
f 862/1346/678 511/1512/667 513/1347/666
f 835/1343/935 833/1344/840 843/1348/839
f 503/1349/509 505/1354/563 850/1350/842
f 777/1351/908 877/1298/912 693/1098/777
f 837/1255/884 849/1342/934 853/1352/841
f 849/1353/934 677/1497/827 678/1179/833
f 505/1354/563 507/1513/410 854/1355/555
f 511/1356/667 862/1514/678 858/1357/556
f 841/1198/845 857/1197/554 861/1358/679
f 619/1083/765 792/1203/849 879/1112/789
f 242/571/382 241/573/384 257/518/329
f 250/465/278 349/461/274 350/468/281
f 301/689/480 299/657/455 274/660/457
f 709/1230/302 742/1241/301 740/1243/312
f 762/1238/867 582/1003/308 728/1239/868
f 884/1306/549 885/1273/894 928/1272/629
f 883/1307/601 884/1306/549 930/1271/683
f 758/1278/899 906/1277/898 902/1031/728
f 763/1237/544 909/1301/904 727/999/336
f 759/1250/878 761/1279/900 760/1276/897
f 761/1279/900 763/1502/544 762/1361/867
f 766/1292/909 764/1227/860 765/1222/856
f 919/1362/876 897/1264/579 895/1260/887
f 929/1302/914 907/1280/901 905/1251/879
f 931/1304/889 909/1283/904 907/1280/901
f 890/1295/681 918/1211/684 920/1297/936
f 51/1363/937 50/86/54 95/85/54
f 174/1364/938 150/77/48 149/257/188
f 173/1366/939 172/359/232 213/360/233
f 56/1367/940 32/27/19 31/29/21
f 57/1369/942 33/293/206 32/27/19
f 58/1370/943 34/271/195 33/293/206
f 59/1371/944 35/269/181 34/271/195
f 36/68/42 35/249/181 59/1372/944
f 61/1374/946 37/46/30 36/68/42
f 38/21/16 37/46/30 61/1374/946
f 63/1376/948 39/19/14 38/21/16
f 40/287/202 39/19/14 63/1376/948
f 41/285/193 40/287/202 64/1377/949
f 42/79/49 41/264/193 65/1379/950
f 43/58/37 42/79/49 66/1380/951
f 68/1382/953 44/40/28 43/58/37
f 69/1383/954 45/6/6 44/40/28
f 70/1384/955 46/4/4 45/6/6
f 71/1385/956 47/1439/210 46/4/4
f 72/1386/957 48/65/40 47/302/210
f 33/293/206 914/292/205 921/1388/958
f 49/124/88 1/63/38 48/65/40
f 31/29/21 30/52/34 54/1389/959
f 152/35/24 151/55/35 175/1390/960
f 153/1392/962 152/35/24 176/1391/961
f 154/297/207 153/1392/962 177/1393/963
f 155/295/196 154/297/207 178/1394/964
f 156/251/183 155/274/196 179/1396/965
f 157/71/44 156/251/183 180/1397/966
f 182/1399/968 158/49/32 157/71/44
f 183/1400/948 159/25/14 158/49/32
f 160/23/17 159/25/14 183/1400/948
f 161/1402/204 160/23/17 184/1401/949
f 162/266/49 161/290/204 185/1404/950
f 163/132/37 162/266/49 186/1405/951
f 188/1407/953 164/61/28 163/132/37
f 189/1408/954 165/43/6 164/61/28
f 190/1409/955 166/33/23 165/43/6
f 191/1410/969 167/31/13 166/33/23
f 168/13/11 167/15/13 191/1411/969
f 154/297/207 852/296/194 855/36/25
f 169/350/227 121/260/190 168/13/11
f 175/1390/960 151/55/35 150/77/48
f 53/1413/971 52/133/93 93/135/95
f 30/52/34 29/74/46 53/1414/99
f 252/492/304 251/848/290 350/1415/281
f 868/1515/974 867/1516/974 960/1517/974
f 859/1518/974 856/1519/974 960/1517/974
f 826/1520/974 870/1521/974 960/1517/974
f 845/1522/974 844/1523/974 960/1517/974
f 840/1524/974 838/1525/974 960/1517/974
f 831/1526/974 828/1527/974 960/1517/974
f 860/1528/974 859/1518/974 960/1517/974
f 863/1529/974 860/1528/974 960/1517/974
f 864/1530/974 863/1529/974 960/1517/974
f 844/1523/974 842/1531/974 960/1517/974
f 855/1532/974 852/1533/974 960/1517/974
f 828/1527/974 826/1520/974 960/1517/974
f 832/1534/974 831/1526/974 960/1517/974
f 842/1531/974 840/1524/974 960/1517/974
f 851/1535/974 848/1536/974 960/1517/974
f 847/1537/974 845/1522/974 960/1517/974
f 852/1533/974 851/1535/974 960/1517/974
f 838/1525/974 836/1538/974 960/1517/974
f 834/1539/974 832/1534/974 960/1517/974
f 867/1516/974 864/1530/974 960/1517/974
f 836/1538/974 834/1539/974 960/1517/974
f 848/1536/974 847/1537/974 960/1517/974
f 856/1519/974 855/1532/974 960/1517/974
f 870/1521/974 868/1515/974 960/1517/974
f 956/1540/974 934/1541/974 959/1542/974
f 886/1543/974 878/1544/974 959/1542/974
f 903/1545/974 900/1546/974 959/1542/974
f 912/1547/974 911/1548/974 959/1542/974
f 922/1549/974 921/1550/974 959/1542/974
f 875/1551/974 874/1552/974 959/1542/974
f 874/1552/974 872/1553/974 959/1542/974
f 958/1554/974 956/1540/974 959/1542/974
f 888/1555/974 886/1543/974 959/1542/974
f 921/1550/974 914/1556/974 959/1542/974
f 900/1546/974 899/1557/974 959/1542/974
f 911/1548/974 904/1558/974 959/1542/974
f 872/1553/974 958/1554/974 959/1542/974
f 934/1541/974 933/1559/974 959/1542/974
f 904/1558/974 903/1545/974 959/1542/974
f 913/1560/974 912/1547/974 959/1542/974
f 933/1559/974 926/1561/974 959/1542/974
f 878/1544/974 875/1551/974 959/1542/974
f 914/1556/974 913/1560/974 959/1542/974
f 925/1562/974 922/1549/974 959/1542/974
f 899/1557/974 892/1563/974 959/1542/974
f 891/1564/974 888/1555/974 959/1542/974
f 926/1561/974 925/1562/974 959/1542/974
f 892/1563/974 891/1564/974 959/1542/974
