# https://github.com/mikedh/trimesh
mtllib material.mtl
usemtl material_0
v -0.06643780 -0.00464458 0.00364585
v -0.06643780 -0.00464458 0.00364585
v -0.06351150 -0.00443268 0.00107250
v -0.06116825 -0.01753733 0.00107250
v -0.06398730 -0.01835243 0.00364585
v -0.06398730 -0.01835243 0.00364585
v -0.06776185 -0.01944508 0.01050205
v -0.07035730 -0.00492798 0.01050205
v -0.06987825 0.00981142 0.01050205
v -0.06598540 0.00927387 0.00364585
v -0.06598540 0.00927387 0.00364585
v -0.06307860 0.00887217 0.00107250
v -0.05615220 -0.02986848 0.00107250
v -0.05873920 -0.03125168 0.00364585
v -0.05873920 -0.03125168 0.00364585
v -0.06220435 -0.03310483 0.01050205
v -0.04868175 -0.04088663 0.00107250
v -0.05092425 -0.04277813 0.00364585
v -0.05092425 -0.04277813 0.00364585
v -0.05092425 -0.04277813 0.00364585
v -0.05392855 -0.04531053 0.01050205
v -0.05392855 -0.04531053 0.01050205
v -0.03908320 -0.05011078 0.00107250
v -0.03908320 -0.05011078 0.00107250
v -0.04088435 -0.05242738 0.00364585
v -0.04088435 -0.05242738 0.00364585
v -0.04329585 -0.05552983 0.01050205
v -0.02777710 -0.05713793 0.00107250
v -0.02777710 -0.05713793 0.00107250
v -0.02905695 -0.05977823 0.00364585
v -0.03077100 -0.06331423 0.01050205
v -0.01525615 -0.06166128 0.00107250
v -0.01525615 -0.06166128 0.00107250
v -0.01595945 -0.06450957 0.00364585
v -0.01690130 -0.06832508 0.01050205
v -0.00206960 -0.06348193 0.00107250
v -0.00206960 -0.06348193 0.00107250
v -0.00216450 -0.06641473 0.00364585
v -0.00229255 -0.07034268 0.01050205
v 0.01120795 -0.06252188 0.00107250
v 0.01120795 -0.06252188 0.00107250
v 0.01172470 -0.06541048 0.00364585
v 0.01241630 -0.06927863 0.01050205
v 0.02399605 -0.05882208 0.00107250
v 0.02399605 -0.05882208 0.00107250
v 0.02510105 -0.06153973 0.00364585
v 0.02658240 -0.06517973 0.01050205
v 0.03573440 -0.05254373 0.00107250
v 0.03573440 -0.05254373 0.00107250
v 0.03738085 -0.05497213 0.00364585
v 0.03738085 -0.05497213 0.00364585
v 0.03958630 -0.05822473 0.01050205
v 0.04591145 -0.04396243 0.00107250
v 0.04802720 -0.04599563 0.00364585
v 0.04802720 -0.04599563 0.00364585
v 0.04802720 -0.04599563 0.00364585
v 0.05086055 -0.04871848 0.01050205
v 0.05086055 -0.04871848 0.01050205
v 0.05408260 -0.03345258 0.00107250
v 0.05657470 -0.03500153 0.00364585
v 0.05657470 -0.03500153 0.00364585
v 0.05991180 -0.03707568 0.01050205
v 0.05988905 -0.02147373 0.00107250
v 0.06264895 -0.02247083 0.00364585
v 0.06264895 -0.02247083 0.00364585
v 0.06634485 -0.02380593 0.01050205
v 0.06307860 -0.00854913 0.00107250
v 0.06598540 -0.00895083 0.00364585
v 0.06598540 -0.00895083 0.00364585
v 0.06987825 -0.00948838 0.01050205
v 0.06351150 0.00475572 0.00107250
v 0.06643780 0.00496762 0.00364585
v 0.06643780 0.00496762 0.00364585
v 0.07035730 0.00525102 0.01050205
v 0.06116825 0.01786037 0.00107250
v 0.06398730 0.01867547 0.00364585
v 0.06398730 0.01867547 0.00364585
v 0.06776185 0.01976812 0.01050205
v 0.05615220 0.03019152 0.00107250
v 0.05873920 0.03157472 0.00364585
v 0.05873920 0.03157472 0.00364585
v 0.06220435 0.03342787 0.01050205
v 0.04868175 0.04120967 0.00107250
v 0.05092425 0.04310117 0.00364585
v 0.05092425 0.04310117 0.00364585
v 0.05092425 0.04310117 0.00364585
v 0.05392855 0.04563358 0.01050205
v 0.05392855 0.04563358 0.01050205
v 0.03908320 0.05043382 0.00107250
v 0.04088435 0.05275043 0.00364585
v 0.04088435 0.05275043 0.00364585
v 0.04329585 0.05585288 0.01050205
v 0.02777710 0.05746097 0.00107250
v 0.02905695 0.06010128 0.00364585
v 0.02905695 0.06010128 0.00364585
v 0.03077100 0.06363728 0.01050205
v 0.01525615 0.06198432 0.00107250
v 0.01596010 0.06483262 0.00364585
v 0.01596010 0.06483262 0.00364585
v 0.01690130 0.06864813 0.01050205
v 0.00206960 0.06380497 0.00107250
v 0.00216450 0.06673777 0.00364585
v 0.00216450 0.06673777 0.00364585
v 0.00229255 0.07066572 0.01050205
v -0.01120795 0.06284492 0.00107250
v -0.01172470 0.06573353 0.00364585
v -0.01172470 0.06573353 0.00364585
v -0.01241630 0.06960168 0.01050205
v -0.02399605 0.05914512 0.00107250
v -0.02510105 0.06186277 0.00364585
v -0.02510105 0.06186277 0.00364585
v -0.02658240 0.06550277 0.01050205
v -0.03573440 0.05286677 0.00107250
v -0.03738085 0.05529517 0.00364585
v -0.03738085 0.05529517 0.00364585
v -0.03738085 0.05529517 0.00364585
v -0.03958630 0.05854777 0.01050205
v -0.03958630 0.05854777 0.01050205
v -0.04591145 0.04428547 0.00107250
v -0.04802720 0.04631868 0.00364585
v -0.04802720 0.04631868 0.00364585
v -0.05086055 0.04904153 0.01050205
v -0.05086055 0.04904153 0.01050205
v -0.05408260 0.03377562 0.00107250
v -0.05657470 0.03532457 0.00364585
v -0.05657470 0.03532457 0.00364585
v -0.05991180 0.03739872 0.01050205
v -0.05988905 0.02179677 0.00107250
v -0.06264895 0.02279387 0.00364585
v -0.06264895 0.02279387 0.00364585
v -0.06634485 0.02412897 0.01050205
v -0.07528105 -0.00528418 0.02670590
v -0.07250425 -0.02081723 0.02670590
v -0.07702565 -0.02212568 0.05000840
v -0.07997665 -0.00562413 0.05000840
v -0.07943195 0.01113092 0.05000840
v -0.07476820 0.01048677 0.02670590
v -0.06655805 -0.03543313 0.02670590
v -0.07070895 -0.03765288 0.05000840
v -0.05770245 -0.04849293 0.02670590
v -0.05770245 -0.04849293 0.02670590
v -0.06130215 -0.05152778 0.05000840
v -0.06130215 -0.05152778 0.05000840
v -0.04632615 -0.05942723 0.02670590
v -0.04921540 -0.06314393 0.05000840
v -0.03292445 -0.06775698 0.02670590
v -0.03497780 -0.07199303 0.05000840
v -0.01808365 -0.07311753 0.02670590
v -0.01921205 -0.07768833 0.05000840
v -0.00245310 -0.07527618 0.02670590
v -0.00260585 -0.07998153 0.05000840
v 0.01328535 -0.07413803 0.02670590
v 0.01411345 -0.07877188 0.05000840
v 0.02844205 -0.06975183 0.02670590
v 0.03021655 -0.07411333 0.05000840
v 0.04235660 -0.06231128 0.02670590
v 0.04499820 -0.06620738 0.05000840
v 0.05441995 -0.05213943 0.02670590
v 0.05441995 -0.05213943 0.02670590
v 0.05781425 -0.05540113 0.05000840
v 0.05781425 -0.05540113 0.05000840
v 0.06410430 -0.03968218 0.02670590
v 0.06810310 -0.04216713 0.05000840
v 0.07098780 -0.02548358 0.02670590
v 0.07541495 -0.02708258 0.05000840
v 0.07476820 -0.01016373 0.02670590
v 0.07943195 -0.01080788 0.05000840
v 0.07528105 0.00560722 0.02670590
v 0.07997665 0.00594717 0.05000840
v 0.07250425 0.02114027 0.02670590
v 0.07702565 0.02244872 0.05000840
v 0.06655805 0.03575617 0.02670590
v 0.07070895 0.03797592 0.05000840
v 0.05770245 0.04881597 0.02670590
v 0.05770245 0.04881597 0.02670590
v 0.06130215 0.05185082 0.05000840
v 0.06130215 0.05185082 0.05000840
v 0.04632615 0.05975027 0.02670590
v 0.04921540 0.06346697 0.05000840
v 0.03292445 0.06808003 0.02670590
v 0.03497780 0.07231607 0.05000840
v 0.01808365 0.07344057 0.02670590
v 0.01921205 0.07801137 0.05000840
v 0.00245310 0.07559922 0.02670590
v 0.00260585 0.08030458 0.05000840
v -0.01328535 0.07446108 0.02670590
v -0.01411345 0.07909492 0.05000840
v -0.02844205 0.07007552 0.02670590
v -0.03021655 0.07443637 0.05000840
v -0.04235660 0.06263432 0.02670590
v -0.04499820 0.06653043 0.05000840
v -0.05441930 0.05246248 0.02670590
v -0.05441930 0.05246248 0.02670590
v -0.05781425 0.05572482 0.05000840
v -0.05781425 0.05572482 0.05000840
v -0.06410430 0.04000522 0.02670590
v -0.06810310 0.04249017 0.05000840
v -0.07098780 0.02580662 0.02670590
v -0.07541495 0.02740562 0.05000840
v -0.08326630 -0.00586203 0.08062600
v -0.08019440 -0.02304218 0.08062600
v -0.08183305 -0.02351668 0.09988030
v -0.08496735 -0.00598488 0.09988030
v -0.08438885 0.01181537 0.09988030
v -0.08269950 0.01158202 0.08062600
v -0.07361770 -0.03920833 0.08062600
v -0.07512180 -0.04001303 0.09988030
v -0.06382350 -0.05365458 0.08062600
v -0.06382350 -0.05365458 0.08062600
v -0.06512740 -0.05475373 0.09988030
v -0.06512740 -0.05475373 0.09988030
v -0.05124015 -0.06574783 0.08062600
v -0.05228665 -0.06709463 0.09988030
v -0.03641690 -0.07496092 0.08062600
v -0.03716050 -0.07649623 0.09988030
v -0.02000180 -0.08089088 0.08062600
v -0.02041130 -0.08254708 0.09988030
v -0.00271310 -0.08327833 0.08062600
v -0.00276900 -0.08498328 0.09988030
v 0.01469390 -0.08201928 0.08062600
v 0.01499420 -0.08369823 0.09988030
v 0.03145935 -0.07716833 0.08062600
v 0.03210220 -0.07874847 0.09988030
v 0.04685005 -0.06893802 0.08062600
v 0.04780685 -0.07034918 0.09988030
v 0.06019260 -0.05768718 0.08062600
v 0.06019260 -0.05768718 0.08062600
v 0.06142240 -0.05886888 0.09988030
v 0.06142240 -0.05886888 0.09988030
v 0.07090460 -0.04390783 0.08062600
v 0.07235280 -0.04480873 0.09988030
v 0.07851805 -0.02820318 0.08062600
v 0.08012160 -0.02878298 0.09988030
v 0.08269950 -0.01125898 0.08062600
v 0.08438885 -0.01149233 0.09988030
v 0.08326630 0.00618507 0.08062600
v 0.08496735 0.00630857 0.09988030
v 0.08019440 0.02336522 0.08062600
v 0.08183305 0.02383972 0.09988030
v 0.07361770 0.03953137 0.08062600
v 0.07512180 0.04033607 0.09988030
v 0.06382350 0.05397763 0.08062600
v 0.06382350 0.05397763 0.08062600
v 0.06512740 0.05507742 0.09988030
v 0.06512740 0.05507742 0.09988030
v 0.05124015 0.06607088 0.08062600
v 0.05228665 0.06741767 0.09988030
v 0.03641690 0.07528397 0.08062600
v 0.03716050 0.07681927 0.09988030
v 0.02000180 0.08121392 0.08062600
v 0.02041130 0.08287013 0.09988030
v 0.00271310 0.08360138 0.08062600
v 0.00276900 0.08530633 0.09988030
v -0.01469390 0.08234232 0.08062600
v -0.01499420 0.08402127 0.09988030
v -0.03145935 0.07749138 0.08062600
v -0.03210220 0.07907152 0.09988030
v -0.04684940 0.06926107 0.08062600
v -0.04780685 0.07067223 0.09988030
v -0.04780685 0.07067223 0.09988030
v -0.06019260 0.05801022 0.08062600
v -0.06019260 0.05801022 0.08062600
v -0.06142175 0.05919192 0.09988030
v -0.06142175 0.05919192 0.09988030
v -0.07090460 0.04423152 0.08062600
v -0.07235280 0.04513177 0.09988030
v -0.07851805 0.02852687 0.08062600
v -0.08012160 0.02910602 0.09988030
v -0.08575970 -0.00604208 0.10139870
v -0.08517535 0.01192392 0.10139870
v -0.08259615 -0.02373703 0.10139870
v -0.08335080 -0.02395543 0.10291710
v -0.08654295 -0.00609928 0.10291710
v -0.08595340 0.01203117 0.10291710
v -0.07582250 -0.04038743 0.10139870
v -0.07651475 -0.04075793 0.10291710
v -0.06573450 -0.05526593 0.10139870
v -0.06573450 -0.05526593 0.10139870
v -0.06633510 -0.05577228 0.10291710
v -0.06633510 -0.05577228 0.10291710
v -0.05277415 -0.06772188 0.10139870
v -0.05325645 -0.06834197 0.10291710
v -0.03750760 -0.07721058 0.10139870
v -0.03784950 -0.07791713 0.10291710
v -0.02060110 -0.08331798 0.10139870
v -0.02078895 -0.08408043 0.10291710
v -0.00279435 -0.08577693 0.10139870
v -0.00282035 -0.08656148 0.10291710
v 0.01513460 -0.08447953 0.10139870
v 0.01527240 -0.08525303 0.10291710
v 0.03240120 -0.07948363 0.10139870
v 0.03269695 -0.08021098 0.10291710
v 0.04825275 -0.07100698 0.10139870
v 0.04869345 -0.07165698 0.10291710
v 0.06199440 -0.05941943 0.10139870
v 0.06199440 -0.05941943 0.10139870
v 0.06256120 -0.05996348 0.10291710
v 0.06256120 -0.05996348 0.10291710
v 0.07302750 -0.04522733 0.10139870
v 0.07369440 -0.04564268 0.10291710
v 0.08086845 -0.02905273 0.10139870
v 0.08160750 -0.02931923 0.10291710
v 0.08517535 -0.01160088 0.10139870
v 0.08595340 -0.01170813 0.10291710
v 0.08575970 0.00636512 0.10139870
v 0.08654295 0.00642232 0.10291710
v 0.08259615 0.02406007 0.10139870
v 0.08335080 0.02427847 0.10291710
v 0.07582250 0.04071047 0.10139870
v 0.07651475 0.04108097 0.10291710
v 0.06573450 0.05558897 0.10139870
v 0.06573450 0.05558897 0.10139870
v 0.06633510 0.05609533 0.10291710
v 0.06633510 0.05609533 0.10291710
v 0.05277415 0.06804492 0.10139870
v 0.05325645 0.06866502 0.10291710
v 0.03750760 0.07753362 0.10139870
v 0.03784950 0.07824017 0.10291710
v 0.02060110 0.08364102 0.10139870
v 0.02078895 0.08440347 0.10291710
v 0.00279500 0.08609997 0.10139870
v 0.00282035 0.08688453 0.10291710
v -0.01513395 0.08480258 0.10139870
v -0.01527240 0.08557608 0.10291710
v -0.03240120 0.07980667 0.10139870
v -0.03269695 0.08053402 0.10291710
v -0.04825210 0.07133003 0.10139870
v -0.04825210 0.07133003 0.10139870
v -0.04869345 0.07198003 0.10291710
v -0.04869345 0.07198003 0.10291710
v -0.06199440 0.05974247 0.10139870
v -0.06256120 0.06028652 0.10291710
v -0.06256120 0.06028652 0.10291710
v -0.07302750 0.04555103 0.10139870
v -0.07369440 0.04596572 0.10291710
v -0.08086845 0.02937577 0.10139870
v -0.08160750 0.02964292 0.10291710
v -0.08658130 -0.00610188 0.10410010
v -0.08599175 0.01203637 0.10410010
v -0.08338720 -0.02396583 0.10410010
v -0.08335080 -0.02395608 0.10517065
v -0.08335080 -0.02395608 0.10517065
v -0.08654360 -0.00609928 0.10517065
v -0.08654360 -0.00609928 0.10517065
v -0.08595405 0.01203117 0.10517065
v -0.08595405 0.01203117 0.10517065
v -0.07654855 -0.04077613 0.10410010
v -0.07651540 -0.04075858 0.10517065
v -0.07651540 -0.04075858 0.10517065
v -0.06636435 -0.05579698 0.10410010
v -0.06636435 -0.05579698 0.10410010
v -0.06633575 -0.05577293 0.10517065
v -0.06633575 -0.05577293 0.10517065
v -0.06633575 -0.05577293 0.10517065
v -0.05327985 -0.06837188 0.10410010
v -0.05325645 -0.06834263 0.10517065
v -0.05325645 -0.06834263 0.10517065
v -0.03786640 -0.07795158 0.10410010
v -0.03785015 -0.07791778 0.10517065
v -0.03785015 -0.07791778 0.10517065
v -0.02079870 -0.08411748 0.10410010
v -0.02078960 -0.08408108 0.10517065
v -0.02078960 -0.08408108 0.10517065
v -0.00282100 -0.08660047 0.10410010
v -0.00282035 -0.08656278 0.10517065
v -0.00282035 -0.08656278 0.10517065
v 0.01527890 -0.08529073 0.10410010
v 0.01527240 -0.08525433 0.10517065
v 0.01527240 -0.08525433 0.10517065
v 0.03271190 -0.08024673 0.10410010
v 0.03269760 -0.08021227 0.10517065
v 0.03269760 -0.08021227 0.10517065
v 0.04871490 -0.07168883 0.10410010
v 0.04869410 -0.07165763 0.10517065
v 0.04869410 -0.07165763 0.10517065
v 0.06258915 -0.05999013 0.10410010
v 0.06258915 -0.05999013 0.10410010
v 0.06256120 -0.05996413 0.10517065
v 0.06256120 -0.05996413 0.10517065
v 0.06256120 -0.05996413 0.10517065
v 0.07372755 -0.04566283 0.10410010
v 0.07369505 -0.04564268 0.10517065
v 0.07369505 -0.04564268 0.10517065
v 0.08164390 -0.02933288 0.10410010
v 0.08160815 -0.02931988 0.10517065
v 0.08160815 -0.02931988 0.10517065
v 0.08599175 -0.01171333 0.10410010
v 0.08595470 -0.01170813 0.10517065
v 0.08595470 -0.01170813 0.10517065
v 0.08658130 0.00642492 0.10410010
v 0.08654360 0.00642232 0.10517065
v 0.08654360 0.00642232 0.10517065
v 0.08338720 0.02428887 0.10410010
v 0.08335080 0.02427912 0.10517065
v 0.08335080 0.02427912 0.10517065
v 0.07654855 0.04109917 0.10410010
v 0.07651540 0.04108162 0.10517065
v 0.07651540 0.04108162 0.10517065
v 0.06636435 0.05612002 0.10410010
v 0.06636435 0.05612002 0.10410010
v 0.06633575 0.05609597 0.10517065
v 0.06633575 0.05609597 0.10517065
v 0.06633575 0.05609597 0.10517065
v 0.05327985 0.06869493 0.10410010
v 0.05325645 0.06866567 0.10517065
v 0.05325645 0.06866567 0.10517065
v 0.03786640 0.07827463 0.10410010
v 0.03785015 0.07824082 0.10517065
v 0.03785015 0.07824082 0.10517065
v 0.02079870 0.08444053 0.10410010
v 0.02078960 0.08440412 0.10517065
v 0.02078960 0.08440412 0.10517065
v 0.00282100 0.08692352 0.10410010
v 0.00282035 0.08688583 0.10517065
v 0.00282035 0.08688583 0.10517065
v -0.01527890 0.08561378 0.10410010
v -0.01527240 0.08557737 0.10517065
v -0.01527240 0.08557737 0.10517065
v -0.03271190 0.08056977 0.10410010
v -0.03269760 0.08053532 0.10517065
v -0.03269760 0.08053532 0.10517065
v -0.04871490 0.07201188 0.10410010
v -0.04869345 0.07198068 0.10517065
v -0.04869345 0.07198068 0.10517065
v -0.06258915 0.06031382 0.10410010
v -0.06258915 0.06031382 0.10410010
v -0.06256120 0.06028717 0.10517065
v -0.06256120 0.06028717 0.10517065
v -0.06256120 0.06028717 0.10517065
v -0.07372755 0.04598588 0.10410010
v -0.07369505 0.04596572 0.10517065
v -0.07369505 0.04596572 0.10517065
v -0.08164390 0.02965592 0.10410010
v -0.08160815 0.02964292 0.10517065
v -0.08160815 0.02964292 0.10517065
v -0.06217705 0.00874802 0.00089830
v -0.06217705 0.00874802 0.00089830
v -0.06260345 -0.00436703 0.00089830
v -0.06260345 -0.00436703 0.00089830
v -0.06029400 -0.01728383 0.00089830
v -0.06029400 -0.01728383 0.00089830
v -0.05534945 -0.02943883 0.00089830
v -0.05534945 -0.02943883 0.00089830
v -0.04798495 -0.04029968 0.00089830
v -0.04798495 -0.04029968 0.00089830
v -0.04798495 -0.04029968 0.00089830
v -0.03852420 -0.04939188 0.00089830
v -0.03852420 -0.04939188 0.00089830
v -0.02737995 -0.05631893 0.00089830
v -0.02737995 -0.05631893 0.00089830
v -0.01503840 -0.06077728 0.00089830
v -0.01503840 -0.06077728 0.00089830
v -0.00204035 -0.06257193 0.00089830
v -0.00204035 -0.06257193 0.00089830
v 0.01104805 -0.06162553 0.00089830
v 0.01104805 -0.06162553 0.00089830
v 0.02365285 -0.05797838 0.00089830
v 0.02365285 -0.05797838 0.00089830
v 0.03522350 -0.05179038 0.00089830
v 0.03522350 -0.05179038 0.00089830
v 0.04525560 -0.04333193 0.00089830
v 0.04525560 -0.04333193 0.00089830
v 0.04525560 -0.04333193 0.00089830
v 0.05330910 -0.03297223 0.00089830
v 0.05330910 -0.03297223 0.00089830
v 0.05903300 -0.02116433 0.00089830
v 0.05903300 -0.02116433 0.00089830
v 0.06217705 -0.00842498 0.00089830
v 0.06217705 -0.00842498 0.00089830
v 0.06260345 0.00469007 0.00089830
v 0.06260345 0.00469007 0.00089830
v 0.06029400 0.01760687 0.00089830
v 0.06029400 0.01760687 0.00089830
v 0.05534945 0.02976188 0.00089830
v 0.05534945 0.02976188 0.00089830
v 0.04798495 0.04062272 0.00089830
v 0.04798495 0.04062272 0.00089830
v 0.04798495 0.04062272 0.00089830
v 0.03852420 0.04971492 0.00089830
v 0.03852420 0.04971492 0.00089830
v 0.02737995 0.05664197 0.00089830
v 0.02737995 0.05664197 0.00089830
v 0.01503840 0.06110032 0.00089830
v 0.01503840 0.06110032 0.00089830
v 0.00204035 0.06289498 0.00089830
v 0.00204035 0.06289498 0.00089830
v -0.01104805 0.06194857 0.00089830
v -0.01104805 0.06194857 0.00089830
v -0.02365285 0.05830142 0.00089830
v -0.02365285 0.05830142 0.00089830
v -0.03522350 0.05211342 0.00089830
v -0.03522350 0.05211342 0.00089830
v -0.04525495 0.04365497 0.00089830
v -0.04525495 0.04365497 0.00089830
v -0.04525495 0.04365497 0.00089830
v -0.05330910 0.03329527 0.00089830
v -0.05330910 0.03329527 0.00089830
v -0.05903300 0.02148737 0.00089830
v -0.05903300 0.02148737 0.00089830
v -0.06256640 -0.00436443 0.00046540
v -0.06025825 -0.01727343 0.00046540
v -0.06214000 0.00874282 0.00046540
v -0.06210295 0.00873762 0.00003770
v -0.06210295 0.00873762 0.00003770
v -0.06252870 -0.00436183 0.00003770
v -0.06252870 -0.00436183 0.00003770
v -0.06022185 -0.01726303 0.00003770
v -0.06022185 -0.01726303 0.00003770
v -0.05531630 -0.02942128 0.00046540
v -0.05528315 -0.02940308 0.00003770
v -0.05528315 -0.02940308 0.00003770
v -0.04795700 -0.04027563 0.00046540
v -0.04795700 -0.04027563 0.00046540
v -0.04792775 -0.04025158 0.00003770
v -0.04792775 -0.04025158 0.00003770
v -0.04792775 -0.04025158 0.00003770
v -0.03850145 -0.04936263 0.00046540
v -0.03847805 -0.04933338 0.00003770
v -0.03847805 -0.04933338 0.00003770
v -0.02736370 -0.05628513 0.00046540
v -0.02734745 -0.05625133 0.00003770
v -0.02734745 -0.05625133 0.00003770
v -0.01502930 -0.06074088 0.00046540
v -0.01502085 -0.06070448 0.00003770
v -0.01502085 -0.06070448 0.00003770
v -0.00203840 -0.06253488 0.00046540
v -0.00203775 -0.06249718 0.00003770
v -0.00203775 -0.06249718 0.00003770
v 0.01104090 -0.06158913 0.00046540
v 0.01103440 -0.06155143 0.00003770
v 0.01103440 -0.06155143 0.00003770
v 0.02363855 -0.05794393 0.00046540
v 0.02362425 -0.05790883 0.00003770
v 0.02362425 -0.05790883 0.00003770
v 0.03520270 -0.05175983 0.00046540
v 0.03518190 -0.05172798 0.00003770
v 0.03518190 -0.05172798 0.00003770
v 0.04522895 -0.04330593 0.00046540
v 0.04522895 -0.04330593 0.00046540
v 0.04520100 -0.04327928 0.00003770
v 0.04520100 -0.04327928 0.00003770
v 0.04520100 -0.04327928 0.00003770
v 0.05327725 -0.03295208 0.00046540
v 0.05324540 -0.03293258 0.00003770
v 0.05324540 -0.03293258 0.00003770
v 0.05899790 -0.02115133 0.00046540
v 0.05896280 -0.02113898 0.00003770
v 0.05896280 -0.02113898 0.00003770
v 0.06214000 -0.00841978 0.00046540
v 0.06210295 -0.00841458 0.00003770
v 0.06210295 -0.00841458 0.00003770
v 0.06256640 0.00468747 0.00046540
v 0.06252870 0.00468487 0.00003770
v 0.06252870 0.00468487 0.00003770
v 0.06025825 0.01759647 0.00046540
v 0.06022185 0.01758607 0.00003770
v 0.06022185 0.01758607 0.00003770
v 0.05531630 0.02974432 0.00046540
v 0.05528315 0.02972612 0.00003770
v 0.05528315 0.02972612 0.00003770
v 0.04795700 0.04059868 0.00046540
v 0.04795700 0.04059868 0.00046540
v 0.04792775 0.04057462 0.00003770
v 0.04792775 0.04057462 0.00003770
v 0.04792775 0.04057462 0.00003770
v 0.03850145 0.04968567 0.00046540
v 0.03847805 0.04965643 0.00003770
v 0.03847805 0.04965643 0.00003770
v 0.02736370 0.05660817 0.00046540
v 0.02734745 0.05657438 0.00003770
v 0.02734745 0.05657438 0.00003770
v 0.01502930 0.06106392 0.00046540
v 0.01502085 0.06102752 0.00003770
v 0.01502085 0.06102752 0.00003770
v 0.00203840 0.06285792 0.00046540
v 0.00203775 0.06282022 0.00003770
v 0.00203775 0.06282022 0.00003770
v -0.01104090 0.06191217 0.00046540
v -0.01103440 0.06187447 0.00003770
v -0.01103440 0.06187447 0.00003770
v -0.02363855 0.05826697 0.00046540
v -0.02362425 0.05823187 0.00003770
v -0.02362425 0.05823187 0.00003770
v -0.03520270 0.05208288 0.00046540
v -0.03518190 0.05205102 0.00003770
v -0.03518190 0.05205102 0.00003770
v -0.04522830 0.04362898 0.00046540
v -0.04522830 0.04362898 0.00046540
v -0.04520100 0.04360232 0.00003770
v -0.04520100 0.04360232 0.00003770
v -0.04520100 0.04360232 0.00003770
v -0.05327725 0.03327577 0.00046540
v -0.05324540 0.03325562 0.00003770
v -0.05324540 0.03325562 0.00003770
v -0.05899790 0.02147437 0.00046540
v -0.05896215 0.02146202 0.00003770
v -0.05896215 0.02146202 0.00003770
v -0.06223685 -0.00434103 0.00000000
v -0.05994105 -0.01718178 0.00000000
v -0.06181370 0.00869732 0.00000000
v -0.05266755 0.00743502 0.00000000
v -0.05302895 -0.00367478 0.00000000
v -0.05107245 -0.01461558 0.00000000
v -0.05502510 -0.02926528 0.00000000
v -0.04688385 -0.02491158 0.00000000
v -0.04770480 -0.04006308 0.00000000
v -0.04064645 -0.03411168 0.00000000
v -0.03829930 -0.04910263 0.00000000
v -0.03263260 -0.04181353 0.00000000
v -0.02722005 -0.05598873 0.00000000
v -0.02319265 -0.04768108 0.00000000
v -0.01495065 -0.06042108 0.00000000
v -0.01273805 -0.05145693 0.00000000
v -0.00202800 -0.06220533 0.00000000
v -0.00172835 -0.05297793 0.00000000
v 0.01098305 -0.06126413 0.00000000
v 0.00935805 -0.05217583 0.00000000
v 0.02351440 -0.05763843 0.00000000
v 0.02003495 -0.04908638 0.00000000
v 0.03501745 -0.05148683 0.00000000
v 0.02983695 -0.04384478 0.00000000
v 0.04499105 -0.04307713 0.00000000
v 0.03833375 -0.03667983 0.00000000
v 0.05299710 -0.03277853 0.00000000
v 0.04515550 -0.02790483 0.00000000
v 0.05868785 -0.02104018 0.00000000
v 0.05000450 -0.01790263 0.00000000
v 0.06181370 -0.00837428 0.00000000
v 0.05266755 -0.00711133 0.00000000
v 0.06223685 0.00466407 0.00000000
v 0.05302895 0.00399782 0.00000000
v 0.05994105 0.01750482 0.00000000
v 0.05107245 0.01493862 0.00000000
v 0.05502510 0.02958832 0.00000000
v 0.04688385 0.02523462 0.00000000
v 0.04770480 0.04038612 0.00000000
v 0.04064645 0.03443472 0.00000000
v 0.03829930 0.04942567 0.00000000
v 0.03263260 0.04213657 0.00000000
v 0.02722005 0.05631178 0.00000000
v 0.02319265 0.04800413 0.00000000
v 0.01495065 0.06074412 0.00000000
v 0.01273805 0.05177997 0.00000000
v 0.00202800 0.06252837 0.00000000
v 0.00172835 0.05330098 0.00000000
v -0.01098305 0.06158718 0.00000000
v -0.00935805 0.05249887 0.00000000
v -0.02351440 0.05796147 0.00000000
v -0.02003495 0.04940942 0.00000000
v -0.03501745 0.05180987 0.00000000
v -0.02983630 0.04416782 0.00000000
v -0.04499105 0.04340017 0.00000000
v -0.03833375 0.03700287 0.00000000
v -0.05299710 0.03310157 0.00000000
v -0.04515550 0.02822787 0.00000000
v -0.05868785 0.02136322 0.00000000
v -0.05000450 0.01822567 0.00000000
v -0.03596060 0.00512752 0.00000260
v -0.03620695 -0.00245733 0.00000260
v -0.03487120 -0.00992713 0.00000260
v -0.03201185 -0.01695688 0.00000260
v -0.02775305 -0.02323718 0.00000260
v -0.02228200 -0.02849568 0.00000260
v -0.01583660 -0.03250163 0.00000260
v -0.00870025 -0.03507953 0.00000260
v -0.00118300 -0.03611758 0.00000260
v 0.00638560 -0.03557028 0.00000260
v 0.01367535 -0.03346103 0.00000260
v 0.02036710 -0.02988278 0.00000260
v 0.02616835 -0.02499088 0.00000260
v 0.03082560 -0.01899983 0.00000260
v 0.03413605 -0.01217158 0.00000260
v 0.03595410 -0.00480383 0.00000260
v 0.03620045 0.00278037 0.00000260
v 0.03486535 0.01025017 0.00000260
v 0.03200600 0.01727992 0.00000260
v 0.02774720 0.02356087 0.00000260
v 0.02227550 0.02881872 0.00000260
v 0.01583075 0.03282467 0.00000260
v 0.00869375 0.03540257 0.00000260
v 0.00117650 0.03644062 0.00000260
v -0.00639210 0.03589332 0.00000260
v -0.01368120 0.03378407 0.00000260
v -0.02037295 0.03020582 0.00000260
v -0.02617420 0.02531392 0.00000260
v -0.03083210 0.01932287 0.00000260
v -0.03414255 0.01249462 0.00000260
v -0.08512660 -0.00599658 0.10520835
v -0.08198580 -0.02356088 0.10520835
v -0.08025290 -0.02305908 0.10496785
v -0.08332675 -0.00586593 0.10496785
v -0.08275930 0.01158982 0.10496785
v -0.08454680 0.01183682 0.10520835
v -0.07526220 -0.04008778 0.10520835
v -0.07367100 -0.03923693 0.10496785
v -0.06524895 -0.05485643 0.10520835
v -0.06386965 -0.05369293 0.10496785
v -0.05238415 -0.06722008 0.10520835
v -0.05127720 -0.06579593 0.10496785
v -0.03723005 -0.07663858 0.10520835
v -0.03644355 -0.07501552 0.10496785
v -0.02044900 -0.08270113 0.10520835
v -0.02001675 -0.08095003 0.10496785
v -0.00277420 -0.08514252 0.10520835
v -0.00271505 -0.08333878 0.10496785
v 0.01502215 -0.08385488 0.10520835
v 0.01470495 -0.08207908 0.10496785
v 0.03216200 -0.07889603 0.10520835
v 0.03148210 -0.07722423 0.10496785
v 0.04789655 -0.07048113 0.10520835
v 0.04688320 -0.06898808 0.10496785
v 0.06153680 -0.05897938 0.10520835
v 0.06023615 -0.05772878 0.10496785
v 0.07248865 -0.04489258 0.10520835
v 0.07095595 -0.04394033 0.10496785
v 0.08027110 -0.02883693 0.10520835
v 0.07857460 -0.02822398 0.10496785
v 0.08454680 -0.01151378 0.10520835
v 0.08275930 -0.01126678 0.10496785
v 0.08512660 0.00631962 0.10520835
v 0.08332675 0.00618897 0.10496785
v 0.08198580 0.02388392 0.10520835
v 0.08025290 0.02338212 0.10496785
v 0.07526220 0.04041082 0.10520835
v 0.07367100 0.03955997 0.10496785
v 0.06524895 0.05517947 0.10520835
v 0.06386965 0.05401597 0.10496785
v 0.05238415 0.06754312 0.10520835
v 0.05127720 0.06611897 0.10496785
v 0.03723005 0.07696162 0.10520835
v 0.03644355 0.07533857 0.10496785
v 0.02044900 0.08302418 0.10520835
v 0.02001675 0.08127308 0.10496785
v 0.00277420 0.08546557 0.10520835
v 0.00271505 0.08366182 0.10496785
v -0.01502215 0.08417793 0.10520835
v -0.01470495 0.08240212 0.10496785
v -0.03216200 0.07921907 0.10520835
v -0.03148210 0.07754727 0.10496785
v -0.04789655 0.07080417 0.10520835
v -0.04688320 0.06931113 0.10496785
v -0.06153680 0.05930242 0.10520835
v -0.06023550 0.05805183 0.10496785
v -0.07248800 0.04521562 0.10520835
v -0.07095595 0.04426338 0.10496785
v -0.08027110 0.02916062 0.10520835
v -0.07857460 0.02854702 0.10496785
v -0.08226465 -0.00578988 0.10402860
v -0.08286655 -0.00583343 0.10469030
v -0.08286655 -0.00583343 0.10469030
v -0.07980960 -0.02293103 0.10469030
v -0.07980960 -0.02293103 0.10469030
v -0.07922980 -0.02276333 0.10402860
v -0.07728305 -0.02219978 0.08266310
v -0.08024315 -0.00564363 0.08266310
v -0.07969650 0.01116732 0.08266310
v -0.08170435 0.01144487 0.10402860
v -0.08230235 0.01152677 0.10469030
v -0.08230235 0.01152677 0.10469030
v -0.07326410 -0.03901983 0.10469030
v -0.07326410 -0.03901983 0.10469030
v -0.07273240 -0.03873513 0.10402860
v -0.07094490 -0.03777963 0.08266310
v -0.06351670 -0.05339588 0.10469030
v -0.06351670 -0.05339588 0.10469030
v -0.06351670 -0.05339588 0.10469030
v -0.06305585 -0.05300718 0.10402860
v -0.06305585 -0.05300718 0.10402860
v -0.06150625 -0.05170003 0.08266310
v -0.06150625 -0.05170003 0.08266310
v -0.05099380 -0.06543193 0.10469030
v -0.05099380 -0.06543193 0.10469030
v -0.05062330 -0.06495548 0.10402860
v -0.04937920 -0.06335453 0.08266310
v -0.03624205 -0.07460018 0.10469030
v -0.03624205 -0.07460018 0.10469030
v -0.03597880 -0.07405743 0.10402860
v -0.03509415 -0.07223353 0.08266310
v -0.01990625 -0.08050218 0.10469030
v -0.01990625 -0.08050218 0.10469030
v -0.01976130 -0.07991653 0.10402860
v -0.01927640 -0.07794832 0.08266310
v -0.00270010 -0.08287793 0.10469030
v -0.00270010 -0.08287793 0.10469030
v -0.00268060 -0.08227537 0.10402860
v -0.00261495 -0.08024868 0.08266310
v 0.01462370 -0.08162408 0.10469030
v 0.01462370 -0.08162408 0.10469030
v 0.01451710 -0.08103063 0.10402860
v 0.01416090 -0.07903513 0.08266310
v 0.03130855 -0.07679653 0.10469030
v 0.03130855 -0.07679653 0.10469030
v 0.03108105 -0.07623818 0.10402860
v 0.03031730 -0.07436098 0.08266310
v 0.04662450 -0.06860588 0.10469030
v 0.04662450 -0.06860588 0.10469030
v 0.04628585 -0.06810668 0.10402860
v 0.04628585 -0.06810668 0.10402860
v 0.04514835 -0.06642903 0.08266310
v 0.05990335 -0.05740898 0.10469030
v 0.05946850 -0.05699103 0.10402860
v 0.05946850 -0.05699103 0.10402860
v 0.05946850 -0.05699103 0.10402860
v 0.05800665 -0.05558638 0.08266310
v 0.05800665 -0.05558638 0.08266310
v 0.07056400 -0.04369658 0.10469030
v 0.07056400 -0.04369658 0.10469030
v 0.07005180 -0.04337808 0.10402860
v 0.07005180 -0.04337808 0.10402860
v 0.06832995 -0.04230818 0.08266310
v 0.07814040 -0.02806733 0.10469030
v 0.07814040 -0.02806733 0.10469030
v 0.07757295 -0.02786193 0.10402860
v 0.07566715 -0.02717293 0.08266310
v 0.08230235 -0.01120373 0.10469030
v 0.08230235 -0.01120373 0.10469030
v 0.08170435 -0.01112118 0.10402860
v 0.07969650 -0.01084428 0.08266310
v 0.08286655 0.00615647 0.10469030
v 0.08286655 0.00615647 0.10469030
v 0.08226465 0.00611292 0.10402860
v 0.08024315 0.00596667 0.08266310
v 0.07980960 0.02325407 0.10469030
v 0.07980960 0.02325407 0.10469030
v 0.07922980 0.02308637 0.10402860
v 0.07922980 0.02308637 0.10402860
v 0.07728305 0.02252282 0.08266310
v 0.07326410 0.03934287 0.10469030
v 0.07273240 0.03905817 0.10402860
v 0.07273240 0.03905817 0.10402860
v 0.07094490 0.03810267 0.08266310
v 0.06351670 0.05371892 0.10469030
v 0.06305585 0.05333022 0.10402860
v 0.06305585 0.05333022 0.10402860
v 0.06305585 0.05333022 0.10402860
v 0.06150625 0.05202307 0.08266310
v 0.06150625 0.05202307 0.08266310
v 0.05099380 0.06575497 0.10469030
v 0.05062330 0.06527853 0.10402860
v 0.05062330 0.06527853 0.10402860
v 0.04937920 0.06367758 0.08266310
v 0.03624205 0.07492322 0.10469030
v 0.03597880 0.07438048 0.10402860
v 0.03597880 0.07438048 0.10402860
v 0.03509415 0.07255657 0.08266310
v 0.01990625 0.08082523 0.10469030
v 0.01976130 0.08023957 0.10402860
v 0.01976130 0.08023957 0.10402860
v 0.01927640 0.07827137 0.08266310
v 0.00270010 0.08320097 0.10469030
v 0.00268060 0.08259842 0.10402860
v 0.00268060 0.08259842 0.10402860
v 0.00261495 0.08057172 0.08266310
v -0.01462305 0.08194712 0.10469030
v -0.01451710 0.08135432 0.10402860
v -0.01451710 0.08135432 0.10402860
v -0.01416025 0.07935818 0.08266310
v -0.03130855 0.07712023 0.10469030
v -0.03108105 0.07656122 0.10402860
v -0.03108105 0.07656122 0.10402860
v -0.03031730 0.07468403 0.08266310
v -0.04662450 0.06892893 0.10469030
v -0.04628585 0.06842972 0.10402860
v -0.04628585 0.06842972 0.10402860
v -0.04514835 0.06675207 0.08266310
v -0.05990335 0.05773202 0.10469030
v -0.05946785 0.05731407 0.10402860
v -0.05946785 0.05731407 0.10402860
v -0.05946785 0.05731407 0.10402860
v -0.05800665 0.05591007 0.08266310
v -0.05800665 0.05591007 0.08266310
v -0.07056335 0.04402027 0.10469030
v -0.07056335 0.04402027 0.10469030
v -0.07005180 0.04370113 0.10402860
v -0.07005180 0.04370113 0.10402860
v -0.06832995 0.04263122 0.08266310
v -0.07814040 0.02839037 0.10469030
v -0.07814040 0.02839037 0.10469030
v -0.07757295 0.02818497 0.10402860
v -0.07566650 0.02749662 0.08266310
v -0.07696520 -0.00540573 0.04969575
v -0.07644065 0.01071752 0.04969575
v -0.07412535 -0.02128588 0.04969575
v -0.06918275 -0.01985588 0.02609620
v -0.07183280 -0.00503523 0.02609620
v -0.07134335 0.01001357 0.02609620
v -0.06804590 -0.03622938 0.04969575
v -0.06350825 -0.03380228 0.02609620
v -0.05899335 -0.04958168 0.04969575
v -0.05899335 -0.04958168 0.04969575
v -0.05505955 -0.04626473 0.02609620
v -0.05505955 -0.04626473 0.02609620
v -0.04736225 -0.06075973 0.04969575
v -0.04420325 -0.05669723 0.02609620
v -0.03366025 -0.06927538 0.04969575
v -0.03141580 -0.06464543 0.02609620
v -0.01848860 -0.07475683 0.04969575
v -0.01725555 -0.06976093 0.02609620
v -0.00250770 -0.07696358 0.04969575
v -0.00234065 -0.07182078 0.02609620
v 0.01358175 -0.07579943 0.04969575
v 0.01267630 -0.07073398 0.02609620
v 0.02907840 -0.07131572 0.04969575
v 0.02713945 -0.06654928 0.02609620
v 0.04330365 -0.06370813 0.04969575
v 0.04041635 -0.05944868 0.02609620
v 0.05563675 -0.05330878 0.04969575
v 0.05563675 -0.05330878 0.04969575
v 0.05192655 -0.04974353 0.02609620
v 0.05192655 -0.04974353 0.02609620
v 0.06553820 -0.04057333 0.04969575
v 0.06116760 -0.03785633 0.02609620
v 0.07257510 -0.02605623 0.04969575
v 0.06773585 -0.02430838 0.02609620
v 0.07644065 -0.01039448 0.04969575
v 0.07134335 -0.00969053 0.02609620
v 0.07696520 0.00572877 0.04969575
v 0.07183280 0.00535827 0.02609620
v 0.07412535 0.02160892 0.04969575
v 0.06918275 0.02017892 0.02609620
v 0.06804590 0.03655242 0.04969575
v 0.06350825 0.03412532 0.02609620
v 0.05899335 0.04990472 0.04969575
v 0.05899335 0.04990472 0.04969575
v 0.05505955 0.04658777 0.02609620
v 0.05505955 0.04658777 0.02609620
v 0.04736225 0.06108277 0.04969575
v 0.04420325 0.05702027 0.02609620
v 0.03366025 0.06959843 0.04969575
v 0.03141580 0.06496847 0.02609620
v 0.01848860 0.07507988 0.04969575
v 0.01725555 0.07008397 0.02609620
v 0.00250770 0.07728662 0.04969575
v 0.00234065 0.07214382 0.02609620
v -0.01358175 0.07612247 0.04969575
v -0.01267630 0.07105702 0.02609620
v -0.02907840 0.07163877 0.04969575
v -0.02713945 0.06687232 0.02609620
v -0.04330365 0.06403117 0.04969575
v -0.04330365 0.06403117 0.04969575
v -0.04041635 0.05977172 0.02609620
v -0.04041635 0.05977172 0.02609620
v -0.05563675 0.05363183 0.04969575
v -0.05563675 0.05363183 0.04969575
v -0.05192655 0.05006657 0.02609620
v -0.06553820 0.04089637 0.04969575
v -0.06116760 0.03818002 0.02609620
v -0.07257510 0.02637992 0.04969575
v -0.06773585 0.02463142 0.02609620
v -0.06446765 -0.01849153 0.01226680
v -0.06446765 -0.01849153 0.01226680
v -0.06693700 -0.00468098 0.01226680
v -0.06693700 -0.00468098 0.01226680
v -0.06648135 0.00934212 0.01226680
v -0.06648135 0.00934212 0.01226680
v -0.05918055 -0.03148763 0.01226680
v -0.05918055 -0.03148763 0.01226680
v -0.05130710 -0.04310053 0.01226680
v -0.05130710 -0.04310053 0.01226680
v -0.05130710 -0.04310053 0.01226680
v -0.04119115 -0.05282258 0.01226680
v -0.04119115 -0.05282258 0.01226680
v -0.02927470 -0.06022868 0.01226680
v -0.02927470 -0.06022868 0.01226680
v -0.01607970 -0.06499578 0.01226680
v -0.01607970 -0.06499578 0.01226680
v -0.00218140 -0.06691523 0.01226680
v -0.00218140 -0.06691523 0.01226680
v 0.01181245 -0.06590318 0.01226680
v 0.01181245 -0.06590318 0.01226680
v 0.02529020 -0.06200318 0.01226680
v 0.02529020 -0.06200318 0.01226680
v 0.03766230 -0.05538683 0.01226680
v 0.03766230 -0.05538683 0.01226680
v 0.04838795 -0.04634208 0.01226680
v 0.04838795 -0.04634208 0.01226680
v 0.04838795 -0.04634208 0.01226680
v 0.05699915 -0.03526608 0.01226680
v 0.05699915 -0.03526608 0.01226680
v 0.06311955 -0.02264113 0.01226680
v 0.06311955 -0.02264113 0.01226680
v 0.06648135 -0.00901908 0.01226680
v 0.06648135 -0.00901908 0.01226680
v 0.06693700 0.00500402 0.01226680
v 0.06693700 0.00500402 0.01226680
v 0.06446765 0.01881457 0.01226680
v 0.06446765 0.01881457 0.01226680
v 0.05918055 0.03181067 0.01226680
v 0.05918055 0.03181067 0.01226680
v 0.05130710 0.04342357 0.01226680
v 0.05130710 0.04342357 0.01226680
v 0.05130710 0.04342357 0.01226680
v 0.04119115 0.05314563 0.01226680
v 0.04119115 0.05314563 0.01226680
v 0.02927470 0.06055173 0.01226680
v 0.02927470 0.06055173 0.01226680
v 0.01607970 0.06531882 0.01226680
v 0.01607970 0.06531882 0.01226680
v 0.00218140 0.06723828 0.01226680
v 0.00218140 0.06723828 0.01226680
v -0.01181245 0.06622622 0.01226680
v -0.01181245 0.06622622 0.01226680
v -0.02529020 0.06232622 0.01226680
v -0.02529020 0.06232622 0.01226680
v -0.03766230 0.05570987 0.01226680
v -0.03766230 0.05570987 0.01226680
v -0.03766230 0.05570987 0.01226680
v -0.04838795 0.04666512 0.01226680
v -0.04838795 0.04666512 0.01226680
v -0.05699915 0.03558912 0.01226680
v -0.05699915 0.03558912 0.01226680
v -0.06311955 0.02296417 0.01226680
v -0.06311955 0.02296417 0.01226680
v -0.06016855 -0.01724808 0.00872300
v -0.06247345 -0.00435793 0.00872300
v -0.06204770 0.00872982 0.00872300
v -0.05523440 -0.02937708 0.00872300
v -0.04788615 -0.04021583 0.00872300
v -0.03844490 -0.04928983 0.00872300
v -0.02732275 -0.05620193 0.00872300
v -0.01500720 -0.06065118 0.00872300
v -0.00203580 -0.06244258 0.00872300
v 0.01102465 -0.06149748 0.00872300
v 0.02360345 -0.05785748 0.00872300
v 0.03515070 -0.05168248 0.00872300
v 0.04516135 -0.04324093 0.00872300
v 0.05319860 -0.03290333 0.00872300
v 0.05891080 -0.02112013 0.00872300
v 0.06204770 -0.00840678 0.00872300
v 0.06247345 0.00468097 0.00872300
v 0.06016855 0.01757112 0.00872300
v 0.05523440 0.02970012 0.00872300
v 0.04788615 0.04053887 0.00872300
v 0.03844490 0.04961287 0.00872300
v 0.02732275 0.05652497 0.00872300
v 0.01500720 0.06097422 0.00872300
v 0.00203580 0.06276562 0.00872300
v -0.01102465 0.06182053 0.00872300
v -0.02360345 0.05818053 0.00872300
v -0.03515070 0.05200552 0.00872300
v -0.04516135 0.04356462 0.00872300
v -0.05319860 0.03322637 0.00872300
v -0.05891080 0.02144317 0.00872300
v -0.05254665 -0.01504263 0.00763555
v -0.05455905 -0.00378528 0.00763555
v -0.05418790 0.00764432 0.00763555
v -0.04823715 -0.02563503 0.00763555
v -0.04181970 -0.03510098 0.00763555
v -0.03357445 -0.04302513 0.00763555
v -0.02386150 -0.04906168 0.00763555
v -0.01310595 -0.05294738 0.00763555
v -0.00177775 -0.05451128 0.00763555
v 0.00962780 -0.05368643 0.00763555
v 0.02061345 -0.05050793 0.00763555
v 0.03069820 -0.04511488 0.00763555
v 0.03944070 -0.03774323 0.00763555
v 0.04645940 -0.02871473 0.00763555
v 0.05144815 -0.01842393 0.00763555
v 0.05418790 -0.00732128 0.00763555
v 0.05455905 0.00410832 0.00763555
v 0.05254665 0.01536567 0.00763555
v 0.04823715 0.02595807 0.00763555
v 0.04181970 0.03542402 0.00763555
v 0.03357445 0.04334817 0.00763555
v 0.02386150 0.04938472 0.00763555
v 0.01310595 0.05327042 0.00763555
v 0.00177775 0.05483433 0.00763555
v -0.00962780 0.05400947 0.00763555
v -0.02061345 0.05083097 0.00763555
v -0.03069755 0.04543792 0.00763555
v -0.03944070 0.03806627 0.00763555
v -0.04645940 0.02903777 0.00763555
v -0.05144815 0.01874762 0.00763555
v -0.04290715 -0.01225348 0.00763555
v -0.04455035 -0.00306118 0.00763555
v -0.04424745 0.00627217 0.00763555
v -0.03938805 -0.02090303 0.00763555
v -0.03414840 -0.02863218 0.00763555
v -0.02741570 -0.03510228 0.00763555
v -0.01948440 -0.04003188 0.00763555
v -0.01070160 -0.04320453 0.00763555
v -0.00145145 -0.04448242 0.00763555
v 0.00786175 -0.04380838 0.00763555
v 0.01683175 -0.04121293 0.00763555
v 0.02506660 -0.03680918 0.00763555
v 0.03220555 -0.03078953 0.00763555
v 0.03793660 -0.02341723 0.00763555
v 0.04200950 -0.01501468 0.00763555
v 0.04424745 -0.00594848 0.00763555
v 0.04455035 0.00338422 0.00763555
v 0.04290715 0.01257652 0.00763555
v 0.03938805 0.02122607 0.00763555
v 0.03414840 0.02895522 0.00763555
v 0.02741570 0.03542533 0.00763555
v 0.01948440 0.04035492 0.00763555
v 0.01070160 0.04352757 0.00763555
v 0.00145210 0.04480547 0.00763555
v -0.00786175 0.04413142 0.00763555
v -0.01683175 0.04153597 0.00763555
v -0.02506660 0.03713222 0.00763555
v -0.03220555 0.03111322 0.00763555
v -0.03793660 0.02374027 0.00763555
v -0.04200950 0.01533772 0.00763555
v -0.02904720 -0.00502743 0.00763555
v -0.02864875 0.00722702 0.00763555
v -0.02442700 -0.01638423 0.00763555
v -0.01558700 -0.02488038 0.00763555
v -0.00405535 -0.02904623 0.00763555
v 0.00817310 -0.02816158 0.00763555
v 0.01898520 -0.02237983 0.00763555
v 0.02651025 -0.01270003 0.00763555
v 0.02944760 -0.00079593 0.00763555
v 0.02728960 0.01127327 0.00763555
v 0.02040935 0.02142107 0.00763555
v 0.00999635 0.02789377 0.00763555
v -0.00214955 0.02957077 0.00763555
v -0.01392690 0.02616347 0.00763555
v -0.02330055 0.01826012 0.00763555
v -0.02080390 -0.00355323 0.00000455
v -0.02051855 0.00522047 0.00000455
v -0.01668940 0.01311992 0.00000455
v -0.00997750 0.01877882 0.00000455
v -0.00154505 0.02121892 0.00000455
v 0.00715065 0.02001772 0.00000455
v 0.01460680 0.01538387 0.00000455
v 0.01953250 0.00811752 0.00000455
v 0.02107820 -0.00052358 0.00000455
v 0.01897480 -0.00904703 0.00000455
v 0.01358695 -0.01597733 0.00000455
v 0.00584545 -0.02011718 0.00000455
v -0.00291005 -0.02075093 0.00000455
v -0.01116635 -0.01776808 0.00000455
v -0.01749540 -0.01168473 0.00000455
v -0.00007800 0.00016412 0.00763555
v -0.00006175 0.00016347 0.00000455
v -0.07661550 0.04154247 0.08662095
v -0.07666620 0.04101792 0.08662615
v -0.07646210 0.04146253 0.08711885
v -0.07616765 0.04214308 0.08735610
v -0.07637110 0.04224772 0.08674185
v -0.07646665 0.04226267 0.08590790
v -0.07673055 0.04146643 0.08587670
v -0.07677995 0.04081252 0.08588450
v -0.07578870 0.04289253 0.08735870
v -0.07599215 0.04299717 0.08674445
v -0.07605845 0.04306997 0.08591050
v -0.07602725 0.04305762 0.08500635
v -0.07643545 0.04225032 0.08500310
v -0.07670130 0.04145407 0.08503820
v -0.07675070 0.04080017 0.08504535
v -0.07556835 0.04361272 0.08662875
v -0.07556835 0.04361272 0.08662875
v -0.07541430 0.04353342 0.08712600
v -0.07541430 0.04353342 0.08712600
v -0.07517510 0.04396437 0.08663720
v -0.07507500 0.04418213 0.08589685
v -0.07557290 0.04375507 0.08588580
v -0.07557290 0.04375507 0.08588580
v -0.07504575 0.04416978 0.08505770
v -0.07554365 0.04374337 0.08504600
v -0.07554365 0.04374337 0.08504600
v -0.07548775 0.04358087 0.08430890
v -0.07548775 0.04358087 0.08430890
v -0.07509515 0.04393187 0.08431800
v -0.07509515 0.04393187 0.08431800
v -0.07529925 0.04348727 0.08382595
v -0.07529925 0.04348727 0.08382595
v -0.07565805 0.04283987 0.08358545
v -0.07590310 0.04296142 0.08418150
v -0.07603700 0.04208978 0.08358285
v -0.07628270 0.04221197 0.08417890
v -0.07653555 0.04150997 0.08430175
v -0.07634705 0.04141637 0.08381880
v -0.07658560 0.04098542 0.08430760
v -0.07492485 0.04068187 0.08719815
v -0.07492485 0.04068187 0.08719815
v -0.07492485 0.04068187 0.08719815
v -0.07512895 0.04023727 0.08670610
v -0.07512895 0.04023727 0.08670610
v -0.07476690 0.04053952 0.08645000
v -0.07463235 0.04083137 0.08677305
v -0.07432750 0.04130522 0.08692385
v -0.07456345 0.04132797 0.08743865
v -0.07456345 0.04132797 0.08743865
v -0.07481435 0.04141832 0.08773310
v -0.07481435 0.04141832 0.08773310
v -0.07481435 0.04141832 0.08773310
v -0.07517900 0.04067342 0.08742630
v -0.07517900 0.04067342 0.08742630
v -0.07517900 0.04067342 0.08742630
v -0.07543120 0.04012417 0.08681855
v -0.07543120 0.04012417 0.08681855
v -0.07543120 0.04012417 0.08681855
v -0.07402395 0.04190452 0.08692580
v -0.07418385 0.04207743 0.08744125
v -0.07440615 0.04222562 0.08773570
v -0.07440615 0.04222562 0.08773570
v -0.07501715 0.04254477 0.08774090
v -0.07543250 0.04172252 0.08773830
v -0.07580365 0.04096462 0.08742630
v -0.07606040 0.04040627 0.08680880
v -0.07606040 0.04040627 0.08680880
v -0.07387705 0.04275342 0.08720530
v -0.07382310 0.04243168 0.08677890
v -0.07366645 0.04271507 0.08645780
v -0.07363785 0.04318437 0.08671650
v -0.07372625 0.04349377 0.08683155
v -0.07372625 0.04349377 0.08683155
v -0.07402070 0.04296142 0.08743410
v -0.07402070 0.04296142 0.08743410
v -0.07402070 0.04296142 0.08743410
v -0.07432555 0.04383502 0.08682115
v -0.07462455 0.04329422 0.08743475
v -0.07462455 0.04329422 0.08743475
v -0.07560410 0.04282492 0.08763300
v -0.07560410 0.04282492 0.08763300
v -0.07522580 0.04354838 0.08733595
v -0.07522580 0.04354838 0.08733595
v -0.07522580 0.04354838 0.08733595
v -0.07493590 0.04407097 0.08674315
v -0.07600515 0.04203192 0.08762975
v -0.07600515 0.04203192 0.08762975
v -0.07661095 0.04076117 0.08673145
v -0.07661095 0.04076117 0.08673145
v -0.07661095 0.04076117 0.08673145
v -0.07636265 0.04130067 0.08732815
v -0.07636265 0.04130067 0.08732815
v -0.07352345 0.04280867 0.08590010
v -0.07347015 0.04336702 0.08597875
v -0.07356050 0.04375377 0.08600280
v -0.07356050 0.04375377 0.08600280
v -0.07350005 0.04279893 0.08522995
v -0.07344155 0.04335597 0.08513895
v -0.07352865 0.04374142 0.08509865
v -0.07352865 0.04374142 0.08509865
v -0.07412405 0.04408657 0.08505770
v -0.07415590 0.04409958 0.08597745
v -0.07355790 0.04315187 0.08439730
v -0.07360340 0.04268972 0.08466640
v -0.07373795 0.04239722 0.08434270
v -0.07376200 0.04270727 0.08390525
v -0.07388940 0.04290943 0.08366085
v -0.07388940 0.04290943 0.08366085
v -0.07363720 0.04345802 0.08426795
v -0.07363720 0.04345802 0.08426795
v -0.07363720 0.04345802 0.08426795
v -0.07449130 0.04324092 0.08359455
v -0.07423455 0.04379927 0.08421205
v -0.07423455 0.04379927 0.08421205
v -0.07474220 0.04431472 0.08504145
v -0.07484880 0.04403588 0.08422570
v -0.07484880 0.04403588 0.08422570
v -0.07509710 0.04349702 0.08362965
v -0.07509710 0.04349702 0.08362965
v -0.07509710 0.04349702 0.08362965
v -0.07477275 0.04432707 0.08592935
v -0.07392970 0.04186617 0.08419710
v -0.07405320 0.04202542 0.08366735
v -0.07425405 0.04216452 0.08335405
v -0.07425405 0.04216452 0.08335405
v -0.07423260 0.04126752 0.08419450
v -0.07443215 0.04127597 0.08366475
v -0.07443215 0.04127597 0.08366475
v -0.07466225 0.04135722 0.08335080
v -0.07466225 0.04135722 0.08335080
v -0.07466225 0.04135722 0.08335080
v -0.07527780 0.04166077 0.08327995
v -0.07486245 0.04248237 0.08328255
v -0.07480980 0.04063572 0.08389810
v -0.07480980 0.04063572 0.08389810
v -0.07454785 0.04079758 0.08433685
v -0.07470450 0.04051417 0.08465795
v -0.07504835 0.04020477 0.08438690
v -0.07504835 0.04020477 0.08438690
v -0.07534215 0.04008842 0.08425560
v -0.07534215 0.04008842 0.08425560
v -0.07504770 0.04062077 0.08365240
v -0.07504770 0.04062077 0.08365240
v -0.07504770 0.04062077 0.08365240
v -0.07596940 0.04036987 0.08419970
v -0.07567040 0.04091132 0.08358610
v -0.07567040 0.04091132 0.08358610
v -0.07585565 0.04197212 0.08332415
v -0.07585565 0.04197212 0.08332415
v -0.07623460 0.04124867 0.08362120
v -0.07623460 0.04124867 0.08362120
v -0.07623460 0.04124867 0.08362120
v -0.07652385 0.04072607 0.08421400
v -0.07652385 0.04072607 0.08421400
v -0.07545525 0.04276513 0.08332740
v -0.07545525 0.04276513 0.08332740
v -0.07473310 0.04036272 0.08522020
v -0.07514585 0.03998637 0.08512725
v -0.07514585 0.03998637 0.08512725
v -0.07550855 0.03982842 0.08508435
v -0.07550855 0.03982842 0.08508435
v -0.07475650 0.04037247 0.08589165
v -0.07517510 0.03999808 0.08596640
v -0.07517510 0.03999808 0.08596640
v -0.07553975 0.03984077 0.08598850
v -0.07553975 0.03984077 0.08598850
v -0.07617090 0.04011897 0.08596315
v -0.07613905 0.04010597 0.08504275
v -0.07671820 0.04048232 0.08591570
v -0.07671820 0.04048232 0.08591570
v -0.07668700 0.04047062 0.08502780
v -0.07668700 0.04047062 0.08502780
v -0.07019155 0.03829833 0.08697975
v -0.07031635 0.03835942 0.08746595
v -0.07052045 0.03791482 0.08697390
v -0.07052045 0.03791482 0.08697390
v -0.07058155 0.03768277 0.08623355
v -0.07058155 0.03768277 0.08623355
v -0.07016750 0.03815207 0.08624135
v -0.06972485 0.03885797 0.08627970
v -0.06980805 0.03893337 0.08710650
v -0.06996990 0.03901332 0.08770580
v -0.07055295 0.03767172 0.08539440
v -0.07055295 0.03767172 0.08539440
v -0.07013825 0.03814037 0.08540285
v -0.06969300 0.03884562 0.08537555
v -0.06928480 0.03965292 0.08537815
v -0.06931600 0.03966527 0.08628295
v -0.06942845 0.03968347 0.08710910
v -0.06959095 0.03976278 0.08770840
v -0.07011095 0.03826582 0.08466055
v -0.07044050 0.03788232 0.08465470
v -0.07044050 0.03788232 0.08465470
v -0.07020195 0.03831392 0.08416590
v -0.07020195 0.03831392 0.08416590
v -0.06983925 0.03896132 0.08393190
v -0.06971900 0.03889762 0.08454355
v -0.06945965 0.03971077 0.08393515
v -0.06934005 0.03964773 0.08454615
v -0.06906315 0.04033672 0.08466835
v -0.06915415 0.04038482 0.08417305
v -0.06894940 0.04082942 0.08466510
v -0.06884800 0.04104132 0.08540675
v -0.06898060 0.04042902 0.08541065
v -0.06887660 0.04105238 0.08624655
v -0.06900920 0.04044072 0.08624980
v -0.06914375 0.04036923 0.08698755
v -0.06903000 0.04086128 0.08698430
v -0.06926855 0.04043032 0.08747310
v -0.07012525 0.03905492 0.08800415
v -0.07012525 0.03905492 0.08800415
v -0.07048990 0.03831002 0.08769800
v -0.07048990 0.03831002 0.08769800
v -0.07074210 0.03776077 0.08709025
v -0.07074210 0.03776077 0.08709025
v -0.07074210 0.03776077 0.08709025
v -0.07074210 0.03776077 0.08709025
v -0.06971705 0.03986222 0.08800740
v -0.06971705 0.03986222 0.08800740
v -0.06992375 0.03998832 0.08803730
v -0.07033975 0.03916672 0.08803405
v -0.07071025 0.03840882 0.08772205
v -0.07096700 0.03785047 0.08710455
v -0.07096700 0.03785047 0.08710455
v -0.07096700 0.03785047 0.08710455
v -0.06903715 0.04113037 0.08710260
v -0.06903715 0.04113037 0.08710260
v -0.06903715 0.04113037 0.08710260
v -0.06933225 0.04059868 0.08770580
v -0.06933225 0.04059868 0.08770580
v -0.06923215 0.04127922 0.08711690
v -0.06923215 0.04127922 0.08711690
v -0.06953180 0.04073843 0.08773050
v -0.06953180 0.04073843 0.08773050
v -0.06986590 0.04075922 0.08744775
v -0.06962735 0.04119017 0.08695895
v -0.06962735 0.04119017 0.08695895
v -0.06989775 0.04084243 0.08668985
v -0.07005440 0.04055902 0.08701095
v -0.07034300 0.04007607 0.08715395
v -0.07022665 0.04011117 0.08768175
v -0.07012005 0.04008323 0.08795215
v -0.07012005 0.04008323 0.08795215
v -0.06974110 0.04080602 0.08765510
v -0.06974110 0.04080602 0.08765510
v -0.06974110 0.04080602 0.08765510
v -0.06945185 0.04132863 0.08706230
v -0.06945185 0.04132863 0.08706230
v -0.07064525 0.03947807 0.08715200
v -0.07060625 0.03936173 0.08767915
v -0.07052045 0.03929022 0.08794890
v -0.07052045 0.03929022 0.08794890
v -0.07091370 0.03868767 0.08744060
v -0.07086300 0.03896132 0.08700510
v -0.07099755 0.03866882 0.08668140
v -0.07111845 0.03824307 0.08694855
v -0.07112625 0.03801882 0.08705060
v -0.07112625 0.03801882 0.08705060
v -0.07087860 0.03855832 0.08764730
v -0.07087860 0.03855832 0.08764730
v -0.06887140 0.04139038 0.08627385
v -0.06887140 0.04139038 0.08627385
v -0.06883955 0.04137802 0.08536970
v -0.06883955 0.04137802 0.08536970
v -0.06903065 0.04153077 0.08535280
v -0.06906315 0.04154377 0.08627385
v -0.06920095 0.04054602 0.08393255
v -0.06920095 0.04054602 0.08393255
v -0.06894875 0.04109462 0.08453900
v -0.06894875 0.04109462 0.08453900
v -0.06894875 0.04109462 0.08453900
v -0.06939855 0.04068447 0.08389030
v -0.06914180 0.04124282 0.08450780
v -0.06914180 0.04124282 0.08450780
v -0.06954675 0.04115767 0.08464040
v -0.06954675 0.04115767 0.08464040
v -0.06975150 0.04071307 0.08414770
v -0.06997055 0.04052457 0.08457670
v -0.06983600 0.04081708 0.08489975
v -0.06981845 0.04097113 0.08545875
v -0.06948435 0.04138842 0.08538010
v -0.06948435 0.04138842 0.08538010
v -0.06925750 0.04157238 0.08536060
v -0.06936475 0.04129418 0.08454485
v -0.06936475 0.04129418 0.08454485
v -0.06936475 0.04129418 0.08454485
v -0.06961240 0.04075467 0.08394880
v -0.06961240 0.04075467 0.08394880
v -0.06984185 0.04098023 0.08612890
v -0.06951295 0.04140078 0.08621925
v -0.06951295 0.04140078 0.08621925
v -0.06928870 0.04158473 0.08624850
v -0.06956560 0.03980112 0.08362510
v -0.06956560 0.03980112 0.08362510
v -0.06997380 0.03899382 0.08362185
v -0.06997380 0.03899382 0.08362185
v -0.07018505 0.03910498 0.08357505
v -0.06976905 0.03992657 0.08357830
v -0.07065370 0.03772502 0.08452730
v -0.07065370 0.03772502 0.08452730
v -0.07035860 0.03825737 0.08392345
v -0.07035860 0.03825737 0.08392345
v -0.07035860 0.03825737 0.08392345
v -0.07035860 0.03825737 0.08392345
v -0.07087665 0.03781407 0.08449545
v -0.07087665 0.03781407 0.08449545
v -0.07057700 0.03835552 0.08388185
v -0.07057700 0.03835552 0.08388185
v -0.07079930 0.03864217 0.08414055
v -0.07103785 0.03821122 0.08462935
v -0.07093580 0.03864412 0.08489195
v -0.07077915 0.03892752 0.08457085
v -0.07055100 0.03943973 0.08442460
v -0.07047495 0.03930843 0.08390525
v -0.07037160 0.03922977 0.08364330
v -0.07037160 0.03922977 0.08364330
v -0.07074990 0.03850697 0.08394035
v -0.07074990 0.03850697 0.08394035
v -0.07103980 0.03798372 0.08453315
v -0.07103980 0.03798372 0.08453315
v -0.07103980 0.03798372 0.08453315
v -0.07024810 0.04003772 0.08442720
v -0.07009600 0.04005787 0.08390785
v -0.06997055 0.04002277 0.08364655
v -0.06997055 0.04002277 0.08364655
v -0.07081945 0.03746502 0.08535540
v -0.07081945 0.03746502 0.08535540
v -0.07085130 0.03747802 0.08625955
v -0.07085130 0.03747802 0.08625955
v -0.07107750 0.03756252 0.08625890
v -0.07107750 0.03756252 0.08625890
v -0.07104565 0.03754953 0.08533850
v -0.07104565 0.03754953 0.08533850
v -0.07107425 0.03854532 0.08611980
v -0.07121790 0.03803118 0.08620690
v -0.07123350 0.03773998 0.08623485
v -0.07105150 0.03853557 0.08545030
v -0.07118930 0.03801882 0.08536710
v -0.07120295 0.03772762 0.08534695
v -0.07120295 0.03772762 0.08534695
v -0.07456605 0.04065262 0.08582080
v -0.07456605 0.04065262 0.08582080
v -0.07457255 0.04077483 0.08624525
v -0.07457255 0.04077483 0.08624525
v -0.07457255 0.04077483 0.08624525
v -0.07447505 0.04098607 0.08647925
v -0.07447505 0.04098607 0.08647925
v -0.07454785 0.04064547 0.08529625
v -0.07454785 0.04064547 0.08529625
v -0.07452445 0.04075597 0.08486920
v -0.07452445 0.04075597 0.08486920
v -0.07441135 0.04096073 0.08463780
v -0.07441135 0.04096073 0.08463780
v -0.07441135 0.04096073 0.08463780
v -0.07417475 0.04131887 0.08453250
v -0.07417475 0.04131887 0.08453250
v -0.07393750 0.04178752 0.08453380
v -0.07393750 0.04178752 0.08453380
v -0.07378930 0.04218922 0.08464170
v -0.07378930 0.04218922 0.08464170
v -0.07378930 0.04218922 0.08464170
v -0.07369245 0.04240047 0.08487570
v -0.07369245 0.04240047 0.08487570
v -0.07361835 0.04248237 0.08530275
v -0.07361835 0.04248237 0.08530275
v -0.07363655 0.04249017 0.08582795
v -0.07363655 0.04249017 0.08582795
v -0.07373990 0.04241933 0.08625110
v -0.07373990 0.04241933 0.08625110
v -0.07385365 0.04221457 0.08648315
v -0.07385365 0.04221457 0.08648315
v -0.07385365 0.04221457 0.08648315
v -0.07400900 0.04181612 0.08659170
v -0.07400900 0.04181612 0.08659170
v -0.07424625 0.04134748 0.08659040
v -0.07424625 0.04134748 0.08659040
v -0.07061990 0.03954957 0.08681400
v -0.07061990 0.03954957 0.08681400
v -0.07078630 0.03915957 0.08670480
v -0.07078630 0.03915957 0.08670480
v -0.07078630 0.03915957 0.08670480
v -0.07088380 0.03894768 0.08647080
v -0.07088380 0.03894768 0.08647080
v -0.07038395 0.04001497 0.08681530
v -0.07038395 0.04001497 0.08681530
v -0.07016815 0.04038092 0.08670935
v -0.07016815 0.04038092 0.08670935
v -0.07016815 0.04038092 0.08670935
v -0.07005440 0.04058632 0.08647665
v -0.07005440 0.04058632 0.08647665
v -0.07001215 0.04068772 0.08605220
v -0.07001215 0.04068772 0.08605220
v -0.06999395 0.04068057 0.08553155
v -0.06999395 0.04068057 0.08553155
v -0.07000695 0.04056747 0.08510840
v -0.07000695 0.04056747 0.08510840
v -0.07000695 0.04056747 0.08510840
v -0.07010445 0.04035557 0.08487440
v -0.07010445 0.04035557 0.08487440
v -0.07031310 0.03998702 0.08476390
v -0.07031310 0.03998702 0.08476390
v -0.07054840 0.03952097 0.08476195
v -0.07054840 0.03952097 0.08476195
v -0.07072260 0.03913357 0.08486985
v -0.07072260 0.03913357 0.08486985
v -0.07072260 0.03913357 0.08486985
v -0.07083635 0.03892883 0.08510255
v -0.07083635 0.03892883 0.08510255
v -0.07092085 0.03884823 0.08552440
v -0.07092085 0.03884823 0.08552440
v -0.07093905 0.03885537 0.08604635
v -0.07093905 0.03885537 0.08604635
v -0.07448090 0.04065587 0.08582340
v -0.07448415 0.04077092 0.08623290
v -0.07448415 0.04077092 0.08623290
v -0.07439315 0.04096788 0.08645130
v -0.07446270 0.04064872 0.08530860
v -0.07443735 0.04075207 0.08489715
v -0.07433140 0.04094317 0.08468070
v -0.07433140 0.04094317 0.08468070
v -0.07410780 0.04129027 0.08458060
v -0.07387445 0.04175047 0.08458255
v -0.07372820 0.04213527 0.08468460
v -0.07372820 0.04213527 0.08468460
v -0.07363720 0.04233287 0.08490300
v -0.07363720 0.04233287 0.08490300
v -0.07363720 0.04233287 0.08490300
v -0.07357025 0.04241217 0.08531445
v -0.07357025 0.04241217 0.08531445
v -0.07358845 0.04241933 0.08583055
v -0.07358845 0.04241933 0.08583055
v -0.07368400 0.04235172 0.08623875
v -0.07368400 0.04235172 0.08623875
v -0.07378995 0.04216063 0.08645520
v -0.07378995 0.04216063 0.08645520
v -0.07378995 0.04216063 0.08645520
v -0.07394335 0.04177842 0.08655790
v -0.07417605 0.04131757 0.08655595
v -0.07067710 0.03958467 0.08676460
v -0.07084025 0.03921092 0.08666125
v -0.07084025 0.03921092 0.08666125
v -0.07093190 0.03901267 0.08644155
v -0.07093190 0.03901267 0.08644155
v -0.07093190 0.03901267 0.08644155
v -0.07044700 0.04004032 0.08676590
v -0.07024160 0.04039392 0.08666515
v -0.07024160 0.04039392 0.08666515
v -0.07013565 0.04058568 0.08644740
v -0.07009210 0.04068122 0.08603985
v -0.07007455 0.04067342 0.08552960
v -0.07008950 0.04056747 0.08512270
v -0.07008950 0.04056747 0.08512270
v -0.07018115 0.04036987 0.08490365
v -0.07037875 0.04001237 0.08479835
v -0.07060885 0.03955737 0.08479705
v -0.07077915 0.03918622 0.08489910
v -0.07077915 0.03918622 0.08489910
v -0.07077915 0.03918622 0.08489910
v -0.07088575 0.03899447 0.08511620
v -0.07088575 0.03899447 0.08511620
v -0.07096375 0.03891647 0.08552310
v -0.07096375 0.03891647 0.08552310
v -0.07098130 0.03892362 0.08603335
v -0.07098130 0.03892362 0.08603335
v -0.07261670 0.04008908 0.08655595
v -0.07270770 0.03989147 0.08633755
v -0.07270770 0.03989147 0.08633755
v -0.07242690 0.04045112 0.08666060
v -0.07273110 0.03978942 0.08592870
v -0.07271355 0.03978227 0.08541585
v -0.07266155 0.03987327 0.08500700
v -0.07255560 0.04006502 0.08478990
v -0.07255560 0.04006502 0.08478990
v -0.07235865 0.04042382 0.08468850
v -0.07212660 0.04088142 0.08469045
v -0.07195435 0.04125257 0.08479445
v -0.07186335 0.04145017 0.08501285
v -0.07186335 0.04145017 0.08501285
v -0.07182240 0.04154312 0.08542235
v -0.07183995 0.04155027 0.08593455
v -0.07190950 0.04146902 0.08634275
v -0.07201545 0.04127728 0.08656050
v -0.07201545 0.04127728 0.08656050
v -0.07219485 0.04090937 0.08666190
v -0.07806500 -0.03841533 0.08662095
v -0.07806500 -0.03841533 0.08662095
v -0.07766655 -0.03875983 0.08662615
v -0.07791095 -0.03833603 0.08711885
v -0.07791095 -0.03833603 0.08711885
v -0.07791095 -0.03833603 0.08711885
v -0.07829575 -0.03770293 0.08735610
v -0.07829575 -0.03770293 0.08735610
v -0.07849920 -0.03780758 0.08674185
v -0.07856680 -0.03787713 0.08590790
v -0.07806955 -0.03855313 0.08587670
v -0.07806955 -0.03855313 0.08587670
v -0.07756450 -0.03897173 0.08588450
v -0.07868770 -0.03695998 0.08735870
v -0.07889115 -0.03706528 0.08674445
v -0.07898930 -0.03707698 0.08591050
v -0.07896135 -0.03705878 0.08500635
v -0.07853820 -0.03785893 0.08500310
v -0.07804355 -0.03853623 0.08503820
v -0.07804355 -0.03853623 0.08503820
v -0.07753785 -0.03895483 0.08504535
v -0.07914855 -0.03636328 0.08662875
v -0.07899450 -0.03628333 0.08712600
v -0.07920835 -0.03583938 0.08663720
v -0.07932730 -0.03563203 0.08589685
v -0.07926750 -0.03628463 0.08588580
v -0.07930130 -0.03561513 0.08505770
v -0.07924085 -0.03626773 0.08504600
v -0.07907575 -0.03631583 0.08430890
v -0.07913555 -0.03579258 0.08431800
v -0.07889050 -0.03621638 0.08382595
v -0.07856940 -0.03688328 0.08358545
v -0.07881120 -0.03701328 0.08418150
v -0.07817745 -0.03762623 0.08358285
v -0.07817745 -0.03762623 0.08358285
v -0.07841925 -0.03775623 0.08417890
v -0.07799220 -0.03836853 0.08430175
v -0.07799220 -0.03836853 0.08430175
v -0.07780695 -0.03826908 0.08381880
v -0.07780695 -0.03826908 0.08381880
v -0.07759310 -0.03871303 0.08430760
v -0.07638540 -0.03753328 0.08719815
v -0.07614100 -0.03795708 0.08670610
v -0.07617740 -0.03748648 0.08645000
v -0.07633860 -0.03720828 0.08677305
v -0.07654855 -0.03668503 0.08692385
v -0.07670390 -0.03686508 0.08743865
v -0.07692165 -0.03701783 0.08773310
v -0.07692165 -0.03701783 0.08773310
v -0.07652515 -0.03774583 0.08742630
v -0.07652515 -0.03774583 0.08742630
v -0.07622290 -0.03826843 0.08681855
v -0.07622290 -0.03826843 0.08681855
v -0.07622290 -0.03826843 0.08681855
v -0.07686185 -0.03609223 0.08692580
v -0.07709585 -0.03612213 0.08744125
v -0.07709585 -0.03612213 0.08744125
v -0.07734480 -0.03621768 0.08773570
v -0.07734480 -0.03621768 0.08773570
v -0.07734480 -0.03621768 0.08773570
v -0.07795775 -0.03653098 0.08774090
v -0.07752810 -0.03734608 0.08773830
v -0.07712445 -0.03808643 0.08742630
v -0.07681700 -0.03861878 0.08680880
v -0.07681700 -0.03861878 0.08680880
v -0.07746895 -0.03548058 0.08720530
v -0.07746895 -0.03548058 0.08720530
v -0.07717515 -0.03562293 0.08677890
v -0.07717515 -0.03562293 0.08677890
v -0.07731620 -0.03533108 0.08645780
v -0.07731620 -0.03533108 0.08645780
v -0.07768280 -0.03503663 0.08671650
v -0.07798635 -0.03492938 0.08683155
v -0.07798635 -0.03492938 0.08683155
v -0.07772245 -0.03547733 0.08743410
v -0.07772245 -0.03547733 0.08743410
v -0.07772245 -0.03547733 0.08743410
v -0.07861165 -0.03522058 0.08682115
v -0.07861165 -0.03522058 0.08682115
v -0.07834320 -0.03577828 0.08743475
v -0.07834320 -0.03577828 0.08743475
v -0.07852650 -0.03684818 0.08763300
v -0.07852650 -0.03684818 0.08763300
v -0.07889765 -0.03612083 0.08733595
v -0.07889765 -0.03612083 0.08733595
v -0.07915700 -0.03558328 0.08674315
v -0.07915700 -0.03558328 0.08674315
v -0.07915700 -0.03558328 0.08674315
v -0.07811180 -0.03763403 0.08762975
v -0.07811180 -0.03763403 0.08762975
v -0.07742540 -0.03886318 0.08673145
v -0.07742540 -0.03886318 0.08673145
v -0.07772180 -0.03834903 0.08732815
v -0.07772180 -0.03834903 0.08732815
v -0.07731035 -0.03516013 0.08590010
v -0.07731035 -0.03516013 0.08590010
v -0.07773480 -0.03479353 0.08597875
v -0.07810205 -0.03464338 0.08600280
v -0.07810205 -0.03464338 0.08600280
v -0.07728890 -0.03514648 0.08522995
v -0.07728890 -0.03514648 0.08522995
v -0.07770880 -0.03477663 0.08513895
v -0.07807410 -0.03462518 0.08509865
v -0.07807410 -0.03462518 0.08509865
v -0.07870005 -0.03491118 0.08505770
v -0.07872930 -0.03492938 0.08597745
v -0.07761000 -0.03498983 0.08439730
v -0.07761000 -0.03498983 0.08439730
v -0.07725965 -0.03529468 0.08466640
v -0.07725965 -0.03529468 0.08466640
v -0.07709910 -0.03557288 0.08434270
v -0.07736495 -0.03541363 0.08390525
v -0.07736495 -0.03541363 0.08390525
v -0.07736495 -0.03541363 0.08390525
v -0.07760415 -0.03540063 0.08366085
v -0.07760415 -0.03540063 0.08366085
v -0.07760415 -0.03540063 0.08366085
v -0.07790575 -0.03487738 0.08426795
v -0.07790575 -0.03487738 0.08426795
v -0.07790575 -0.03487738 0.08426795
v -0.07822230 -0.03569963 0.08359455
v -0.07852910 -0.03516793 0.08421205
v -0.07852910 -0.03516793 0.08421205
v -0.07924345 -0.03528363 0.08504145
v -0.07924345 -0.03528363 0.08504145
v -0.07907770 -0.03553193 0.08422570
v -0.07907770 -0.03553193 0.08422570
v -0.07907770 -0.03553193 0.08422570
v -0.07878130 -0.03604608 0.08362965
v -0.07878130 -0.03604608 0.08362965
v -0.07927140 -0.03530183 0.08592935
v -0.07927140 -0.03530183 0.08592935
v -0.07677605 -0.03603633 0.08419710
v -0.07697755 -0.03604543 0.08366735
v -0.07697755 -0.03604543 0.08366735
v -0.07720700 -0.03612863 0.08335405
v -0.07720700 -0.03612863 0.08335405
v -0.07720700 -0.03612863 0.08335405
v -0.07646275 -0.03662978 0.08419450
v -0.07658495 -0.03678838 0.08366475
v -0.07678450 -0.03692878 0.08335080
v -0.07678450 -0.03692878 0.08335080
v -0.07738770 -0.03725508 0.08327995
v -0.07781865 -0.03644128 0.08328255
v -0.07628140 -0.03746633 0.08389810
v -0.07626190 -0.03715888 0.08433685
v -0.07612150 -0.03745008 0.08465795
v -0.07606820 -0.03791028 0.08438690
v -0.07614295 -0.03821708 0.08425560
v -0.07614295 -0.03821708 0.08425560
v -0.07640685 -0.03766913 0.08365240
v -0.07640685 -0.03766913 0.08365240
v -0.07640685 -0.03766913 0.08365240
v -0.07673510 -0.03856613 0.08419970
v -0.07700355 -0.03800908 0.08358610
v -0.07700355 -0.03800908 0.08358610
v -0.07797660 -0.03754693 0.08332415
v -0.07797660 -0.03754693 0.08332415
v -0.07797660 -0.03754693 0.08332415
v -0.07760545 -0.03827363 0.08362120
v -0.07760545 -0.03827363 0.08362120
v -0.07734610 -0.03881248 0.08421400
v -0.07839130 -0.03676108 0.08332740
v -0.07839130 -0.03676108 0.08332740
v -0.07601425 -0.03756188 0.08522020
v -0.07594600 -0.03811633 0.08512725
v -0.07602660 -0.03850308 0.08508435
v -0.07602660 -0.03850308 0.08508435
v -0.07603505 -0.03757488 0.08589165
v -0.07597200 -0.03813323 0.08596640
v -0.07605520 -0.03852193 0.08598850
v -0.07605520 -0.03852193 0.08598850
v -0.07664605 -0.03887553 0.08596315
v -0.07661745 -0.03885668 0.08504275
v -0.07725965 -0.03911213 0.08591570
v -0.07723170 -0.03909393 0.08502780
v -0.07170345 -0.03505028 0.08697975
v -0.07182565 -0.03511658 0.08746595
v -0.07158125 -0.03554038 0.08697390
v -0.07142720 -0.03572433 0.08623355
v -0.07157020 -0.03511463 0.08624135
v -0.07189065 -0.03434568 0.08627970
v -0.07199985 -0.03436973 0.08710650
v -0.07215910 -0.03445618 0.08770580
v -0.07140120 -0.03570743 0.08539440
v -0.07154355 -0.03509773 0.08540285
v -0.07186205 -0.03432683 0.08537555
v -0.07228390 -0.03352668 0.08537815
v -0.07231250 -0.03354553 0.08628230
v -0.07239245 -0.03362678 0.08710910
v -0.07255105 -0.03371323 0.08770840
v -0.07163065 -0.03500283 0.08466055
v -0.07150845 -0.03549358 0.08465470
v -0.07172230 -0.03504963 0.08416590
v -0.07204015 -0.03437948 0.08393190
v -0.07191925 -0.03431773 0.08454355
v -0.07243275 -0.03363653 0.08393515
v -0.07231120 -0.03357478 0.08454615
v -0.07271420 -0.03295078 0.08466835
v -0.07280520 -0.03299693 0.08417305
v -0.07280520 -0.03299693 0.08417305
v -0.07305025 -0.03257313 0.08466510
v -0.07305025 -0.03257313 0.08466510
v -0.07316400 -0.03236838 0.08540675
v -0.07316400 -0.03236838 0.08540675
v -0.07274150 -0.03282988 0.08541065
v -0.07274150 -0.03282988 0.08541065
v -0.07319065 -0.03238463 0.08624655
v -0.07276750 -0.03284678 0.08624980
v -0.07276750 -0.03284678 0.08624980
v -0.07278765 -0.03299758 0.08698755
v -0.07278765 -0.03299758 0.08698755
v -0.07312305 -0.03261993 0.08698430
v -0.07312305 -0.03261993 0.08698430
v -0.07290920 -0.03306388 0.08747310
v -0.07290920 -0.03306388 0.08747310
v -0.07228260 -0.03455888 0.08800415
v -0.07228260 -0.03455888 0.08800415
v -0.07188610 -0.03528688 0.08769800
v -0.07188610 -0.03528688 0.08769800
v -0.07158385 -0.03581013 0.08709025
v -0.07158385 -0.03581013 0.08709025
v -0.07158385 -0.03581013 0.08709025
v -0.07270510 -0.03375873 0.08800740
v -0.07270510 -0.03375873 0.08800740
v -0.07292740 -0.03385428 0.08803730
v -0.07249775 -0.03466873 0.08803405
v -0.07209345 -0.03540973 0.08772205
v -0.07178665 -0.03594208 0.08710455
v -0.07178665 -0.03594208 0.08710455
v -0.07334665 -0.03247043 0.08710260
v -0.07334665 -0.03247043 0.08710260
v -0.07308340 -0.03301838 0.08770580
v -0.07308340 -0.03301838 0.08770580
v -0.07308340 -0.03301838 0.08770580
v -0.07308340 -0.03301838 0.08770580
v -0.07358065 -0.03254323 0.08711690
v -0.07358065 -0.03254323 0.08711690
v -0.07358065 -0.03254323 0.08711690
v -0.07331220 -0.03310093 0.08773050
v -0.07331220 -0.03310093 0.08773050
v -0.07352215 -0.03336158 0.08744775
v -0.07373665 -0.03291763 0.08695895
v -0.07360860 -0.03333948 0.08668920
v -0.07346885 -0.03363133 0.08701095
v -0.07324135 -0.03414548 0.08715395
v -0.07320300 -0.03403108 0.08768175
v -0.07311785 -0.03395958 0.08795215
v -0.07311785 -0.03395958 0.08795215
v -0.07348965 -0.03323223 0.08765510
v -0.07348965 -0.03323223 0.08765510
v -0.07374835 -0.03269403 0.08706230
v -0.07374835 -0.03269403 0.08706230
v -0.07292870 -0.03473763 0.08715200
v -0.07281040 -0.03477403 0.08767915
v -0.07270315 -0.03474543 0.08794890
v -0.07270315 -0.03474543 0.08794890
v -0.07243925 -0.03541363 0.08744060
v -0.07243925 -0.03541363 0.08744060
v -0.07263295 -0.03521473 0.08700510
v -0.07247175 -0.03549358 0.08668140
v -0.07219485 -0.03583808 0.08694855
v -0.07219485 -0.03583808 0.08694855
v -0.07201675 -0.03597458 0.08705060
v -0.07201675 -0.03597458 0.08705060
v -0.07231315 -0.03546043 0.08764730
v -0.07231315 -0.03546043 0.08764730
v -0.07231315 -0.03546043 0.08764730
v -0.07346300 -0.03218443 0.08627385
v -0.07346300 -0.03218443 0.08627385
v -0.07343440 -0.03216623 0.08536970
v -0.07343440 -0.03216623 0.08536970
v -0.07366970 -0.03223448 0.08535280
v -0.07366970 -0.03223448 0.08535280
v -0.07369895 -0.03225268 0.08627385
v -0.07369895 -0.03225268 0.08627385
v -0.07296510 -0.03294233 0.08393255
v -0.07296510 -0.03294233 0.08393255
v -0.07296510 -0.03294233 0.08393255
v -0.07326670 -0.03241908 0.08453900
v -0.07326670 -0.03241908 0.08453900
v -0.07326670 -0.03241908 0.08453900
v -0.07319195 -0.03302293 0.08389030
v -0.07349875 -0.03249058 0.08450780
v -0.07349875 -0.03249058 0.08450780
v -0.07349875 -0.03249058 0.08450780
v -0.07366385 -0.03287018 0.08464040
v -0.07341880 -0.03329463 0.08414770
v -0.07339215 -0.03358193 0.08457670
v -0.07355270 -0.03330308 0.08489975
v -0.07366905 -0.03320038 0.08545875
v -0.07381595 -0.03268558 0.08538010
v -0.07383480 -0.03239438 0.08536060
v -0.07366905 -0.03264333 0.08454485
v -0.07366905 -0.03264333 0.08454485
v -0.07337265 -0.03315748 0.08394880
v -0.07337265 -0.03315748 0.08394880
v -0.07368920 -0.03321468 0.08612890
v -0.07384195 -0.03270313 0.08621925
v -0.07386210 -0.03241258 0.08624850
v -0.07256730 -0.03367033 0.08362510
v -0.07256730 -0.03367033 0.08362510
v -0.07214480 -0.03447048 0.08362185
v -0.07214480 -0.03447048 0.08362185
v -0.07235735 -0.03457838 0.08357505
v -0.07278765 -0.03376393 0.08357830
v -0.07150325 -0.03575813 0.08452730
v -0.07150325 -0.03575813 0.08452730
v -0.07176650 -0.03521083 0.08392345
v -0.07176650 -0.03521083 0.08392345
v -0.07176650 -0.03521083 0.08392345
v -0.07170475 -0.03588943 0.08449545
v -0.07197255 -0.03533173 0.08388185
v -0.07197255 -0.03533173 0.08388185
v -0.07233525 -0.03534733 0.08414055
v -0.07233525 -0.03534733 0.08414055
v -0.07212140 -0.03579063 0.08462935
v -0.07212140 -0.03579063 0.08462935
v -0.07241520 -0.03545718 0.08489195
v -0.07255625 -0.03516533 0.08457085
v -0.07284290 -0.03468303 0.08442460
v -0.07269210 -0.03469733 0.08390525
v -0.07256730 -0.03465833 0.08364330
v -0.07256730 -0.03465833 0.08364330
v -0.07219680 -0.03538568 0.08394035
v -0.07219680 -0.03538568 0.08394035
v -0.07219680 -0.03538568 0.08394035
v -0.07193745 -0.03592388 0.08453315
v -0.07315555 -0.03409023 0.08442720
v -0.07308405 -0.03395438 0.08390785
v -0.07298265 -0.03387248 0.08364655
v -0.07298265 -0.03387248 0.08364655
v -0.07138690 -0.03604413 0.08535540
v -0.07138690 -0.03604413 0.08535540
v -0.07141550 -0.03606233 0.08625955
v -0.07141550 -0.03606233 0.08625955
v -0.07161570 -0.03619883 0.08625890
v -0.07158710 -0.03617998 0.08533850
v -0.07241520 -0.03562748 0.08611980
v -0.07207915 -0.03604218 0.08620690
v -0.07207915 -0.03604218 0.08620690
v -0.07185100 -0.03622288 0.08623485
v -0.07239505 -0.03561383 0.08545030
v -0.07205315 -0.03602528 0.08536710
v -0.07205315 -0.03602528 0.08536710
v -0.07182305 -0.03620533 0.08534695
v -0.07615400 -0.03725768 0.08582080
v -0.07615400 -0.03725768 0.08582080
v -0.07625800 -0.03719203 0.08624525
v -0.07625800 -0.03719203 0.08624525
v -0.07625800 -0.03719203 0.08624525
v -0.07637370 -0.03699053 0.08647925
v -0.07637370 -0.03699053 0.08647925
v -0.07613710 -0.03724728 0.08529625
v -0.07613710 -0.03724728 0.08529625
v -0.07621445 -0.03716408 0.08486920
v -0.07621445 -0.03716408 0.08486920
v -0.07631585 -0.03695348 0.08463780
v -0.07631585 -0.03695348 0.08463780
v -0.07631585 -0.03695348 0.08463780
v -0.07647120 -0.03655308 0.08453250
v -0.07647120 -0.03655308 0.08453250
v -0.07671690 -0.03608898 0.08453380
v -0.07671690 -0.03608898 0.08453380
v -0.07695870 -0.03573538 0.08464170
v -0.07695870 -0.03573538 0.08464170
v -0.07695870 -0.03573538 0.08464170
v -0.07707440 -0.03553453 0.08487570
v -0.07707440 -0.03553453 0.08487570
v -0.07709845 -0.03542598 0.08530275
v -0.07709845 -0.03542598 0.08530275
v -0.07711470 -0.03543638 0.08582795
v -0.07711470 -0.03543638 0.08582795
v -0.07711795 -0.03556248 0.08625110
v -0.07711795 -0.03556248 0.08625110
v -0.07701655 -0.03577308 0.08648315
v -0.07701655 -0.03577308 0.08648315
v -0.07701655 -0.03577308 0.08648315
v -0.07678125 -0.03613058 0.08659170
v -0.07678125 -0.03613058 0.08659170
v -0.07653555 -0.03659468 0.08659040
v -0.07653555 -0.03659468 0.08659040
v -0.07297225 -0.03467588 0.08681400
v -0.07297225 -0.03467588 0.08681400
v -0.07274995 -0.03503728 0.08670480
v -0.07274995 -0.03503728 0.08670480
v -0.07263360 -0.03523878 0.08647080
v -0.07263360 -0.03523878 0.08647080
v -0.07263360 -0.03523878 0.08647080
v -0.07321600 -0.03421503 0.08681530
v -0.07321600 -0.03421503 0.08681530
v -0.07338955 -0.03382698 0.08670935
v -0.07338955 -0.03382698 0.08670935
v -0.07338955 -0.03382698 0.08670935
v -0.07349095 -0.03361508 0.08647665
v -0.07349095 -0.03361508 0.08647665
v -0.07354945 -0.03352148 0.08605220
v -0.07354945 -0.03352148 0.08605220
v -0.07353255 -0.03351108 0.08553155
v -0.07353255 -0.03351108 0.08553155
v -0.07344805 -0.03358778 0.08510840
v -0.07344805 -0.03358778 0.08510840
v -0.07333170 -0.03378993 0.08487440
v -0.07333170 -0.03378993 0.08487440
v -0.07333170 -0.03378993 0.08487440
v -0.07315100 -0.03417278 0.08476390
v -0.07315100 -0.03417278 0.08476390
v -0.07290790 -0.03463428 0.08476195
v -0.07290790 -0.03463428 0.08476195
v -0.07269275 -0.03500023 0.08486985
v -0.07269275 -0.03500023 0.08486985
v -0.07269275 -0.03500023 0.08486985
v -0.07259070 -0.03521148 0.08510255
v -0.07259070 -0.03521148 0.08510255
v -0.07257445 -0.03532718 0.08552440
v -0.07257445 -0.03532718 0.08552440
v -0.07259070 -0.03533758 0.08604635
v -0.07259070 -0.03533758 0.08604635
v -0.07610720 -0.03718618 0.08582340
v -0.07610720 -0.03718618 0.08582340
v -0.07620275 -0.03712248 0.08623290
v -0.07620275 -0.03712248 0.08623290
v -0.07620275 -0.03712248 0.08623290
v -0.07631130 -0.03693398 0.08645130
v -0.07609095 -0.03717578 0.08530860
v -0.07609095 -0.03717578 0.08530860
v -0.07616115 -0.03709518 0.08489715
v -0.07616115 -0.03709518 0.08489715
v -0.07625540 -0.03689823 0.08468070
v -0.07625540 -0.03689823 0.08468070
v -0.07625540 -0.03689823 0.08468070
v -0.07640945 -0.03651538 0.08458060
v -0.07664995 -0.03605908 0.08458255
v -0.07687940 -0.03571653 0.08468460
v -0.07687940 -0.03571653 0.08468460
v -0.07698795 -0.03552803 0.08490300
v -0.07698795 -0.03552803 0.08490300
v -0.07701395 -0.03542793 0.08531445
v -0.07703020 -0.03543833 0.08583055
v -0.07703020 -0.03555533 0.08623875
v -0.07703020 -0.03555533 0.08623875
v -0.07693530 -0.03575228 0.08645520
v -0.07693530 -0.03575228 0.08645520
v -0.07671170 -0.03609873 0.08655790
v -0.07647120 -0.03655503 0.08655595
v -0.07303400 -0.03470253 0.08676460
v -0.07282340 -0.03505223 0.08666125
v -0.07271420 -0.03524138 0.08644155
v -0.07271420 -0.03524138 0.08644155
v -0.07327190 -0.03425078 0.08676590
v -0.07344220 -0.03387898 0.08666515
v -0.07344220 -0.03387898 0.08666515
v -0.07353775 -0.03368138 0.08644740
v -0.07353775 -0.03368138 0.08644740
v -0.07353775 -0.03368138 0.08644740
v -0.07358975 -0.03359168 0.08603985
v -0.07358975 -0.03359168 0.08603985
v -0.07357350 -0.03358128 0.08552960
v -0.07357350 -0.03358128 0.08552960
v -0.07349615 -0.03365473 0.08512270
v -0.07349615 -0.03365473 0.08512270
v -0.07349615 -0.03365473 0.08512270
v -0.07338695 -0.03384323 0.08490365
v -0.07338695 -0.03384323 0.08490365
v -0.07321080 -0.03421113 0.08479835
v -0.07297225 -0.03466288 0.08479705
v -0.07276815 -0.03501648 0.08489910
v -0.07276815 -0.03501648 0.08489910
v -0.07267325 -0.03521408 0.08511620
v -0.07265440 -0.03532198 0.08552310
v -0.07267065 -0.03533238 0.08603335
v -0.07456735 -0.03599343 0.08655595
v -0.07445880 -0.03618128 0.08633755
v -0.07445880 -0.03618128 0.08633755
v -0.07475260 -0.03562878 0.08666060
v -0.07438860 -0.03625928 0.08592870
v -0.07437300 -0.03624953 0.08541585
v -0.07441655 -0.03615463 0.08500700
v -0.07451210 -0.03595768 0.08478990
v -0.07451210 -0.03595768 0.08478990
v -0.07469085 -0.03558848 0.08468850
v -0.07493070 -0.03513478 0.08469045
v -0.07513350 -0.03477988 0.08479445
v -0.07524205 -0.03459138 0.08501285
v -0.07524205 -0.03459138 0.08501285
v -0.07529405 -0.03450428 0.08542235
v -0.07531030 -0.03451468 0.08593455
v -0.07528365 -0.03461803 0.08634275
v -0.07528365 -0.03461803 0.08634275
v -0.07518875 -0.03481563 0.08656050
v -0.07499180 -0.03517508 0.08666190
v 0.07661550 -0.04121943 0.08662095
v 0.07666620 -0.04069488 0.08662680
v 0.07646145 -0.04113948 0.08711885
v 0.07616765 -0.04182003 0.08735675
v 0.07637110 -0.04192468 0.08674250
v 0.07646665 -0.04193963 0.08590790
v 0.07673055 -0.04114338 0.08587735
v 0.07677995 -0.04048948 0.08588450
v 0.07578870 -0.04256948 0.08735935
v 0.07599215 -0.04267413 0.08674510
v 0.07605780 -0.04274693 0.08591115
v 0.07602660 -0.04273458 0.08500700
v 0.07643545 -0.04192728 0.08500375
v 0.07670130 -0.04113103 0.08503820
v 0.07675070 -0.04047713 0.08504535
v 0.07556770 -0.04328968 0.08662875
v 0.07541365 -0.04321038 0.08712665
v 0.07541365 -0.04321038 0.08712665
v 0.07517510 -0.04364133 0.08663785
v 0.07517510 -0.04364133 0.08663785
v 0.07507500 -0.04385908 0.08589685
v 0.07507500 -0.04385908 0.08589685
v 0.07557225 -0.04343203 0.08588580
v 0.07557225 -0.04343203 0.08588580
v 0.07504575 -0.04384673 0.08505770
v 0.07554365 -0.04342033 0.08504665
v 0.07554365 -0.04342033 0.08504665
v 0.07548710 -0.04325783 0.08430955
v 0.07548710 -0.04325783 0.08430955
v 0.07509450 -0.04360883 0.08431865
v 0.07529925 -0.04316423 0.08382660
v 0.07529925 -0.04316423 0.08382660
v 0.07565805 -0.04251683 0.08358610
v 0.07565805 -0.04251683 0.08358610
v 0.07590310 -0.04263838 0.08418150
v 0.07603700 -0.04176673 0.08358350
v 0.07628205 -0.04188893 0.08417890
v 0.07653490 -0.04118693 0.08430175
v 0.07634705 -0.04109333 0.08381880
v 0.07658560 -0.04066238 0.08430760
v 0.07492420 -0.04035883 0.08719815
v 0.07492420 -0.04035883 0.08719815
v 0.07492420 -0.04035883 0.08719815
v 0.07512830 -0.03991423 0.08670610
v 0.07512830 -0.03991423 0.08670610
v 0.07476625 -0.04021648 0.08645000
v 0.07463170 -0.04050833 0.08677370
v 0.07432685 -0.04098218 0.08692450
v 0.07456280 -0.04100493 0.08743865
v 0.07456280 -0.04100493 0.08743865
v 0.07481435 -0.04109528 0.08773310
v 0.07481435 -0.04109528 0.08773310
v 0.07481435 -0.04109528 0.08773310
v 0.07517835 -0.04035038 0.08742695
v 0.07517835 -0.04035038 0.08742695
v 0.07517835 -0.04035038 0.08742695
v 0.07517835 -0.04035038 0.08742695
v 0.07543120 -0.03980113 0.08681920
v 0.07543120 -0.03980113 0.08681920
v 0.07402395 -0.04158148 0.08692645
v 0.07418320 -0.04175438 0.08744190
v 0.07440615 -0.04190258 0.08773635
v 0.07440615 -0.04190258 0.08773635
v 0.07501650 -0.04222173 0.08774155
v 0.07543250 -0.04139948 0.08773830
v 0.07580300 -0.04064158 0.08742695
v 0.07580300 -0.04064158 0.08742695
v 0.07605975 -0.04008323 0.08680880
v 0.07387640 -0.04243038 0.08720595
v 0.07382245 -0.04210863 0.08677955
v 0.07366580 -0.04239203 0.08645845
v 0.07363785 -0.04286133 0.08671715
v 0.07372560 -0.04317073 0.08683155
v 0.07372560 -0.04317073 0.08683155
v 0.07372560 -0.04317073 0.08683155
v 0.07402070 -0.04263838 0.08743475
v 0.07402070 -0.04263838 0.08743475
v 0.07432490 -0.04351198 0.08682115
v 0.07432490 -0.04351198 0.08682115
v 0.07462455 -0.04297118 0.08743475
v 0.07560410 -0.04250188 0.08763300
v 0.07560410 -0.04250188 0.08763300
v 0.07522515 -0.04322533 0.08733660
v 0.07522515 -0.04322533 0.08733660
v 0.07522515 -0.04322533 0.08733660
v 0.07493590 -0.04374793 0.08674380
v 0.07493590 -0.04374793 0.08674380
v 0.07600515 -0.04170888 0.08763040
v 0.07600515 -0.04170888 0.08763040
v 0.07661030 -0.04043813 0.08673145
v 0.07661030 -0.04043813 0.08673145
v 0.07636265 -0.04097763 0.08732815
v 0.07636265 -0.04097763 0.08732815
v 0.07636265 -0.04097763 0.08732815
v 0.07352280 -0.04248563 0.08590075
v 0.07346950 -0.04304398 0.08597940
v 0.07355985 -0.04343073 0.08600280
v 0.07355985 -0.04343073 0.08600280
v 0.07350005 -0.04247588 0.08522995
v 0.07344090 -0.04303293 0.08513960
v 0.07352800 -0.04341838 0.08509865
v 0.07352800 -0.04341838 0.08509865
v 0.07412405 -0.04376353 0.08505770
v 0.07415590 -0.04377653 0.08597810
v 0.07355725 -0.04282883 0.08439730
v 0.07360340 -0.04236668 0.08466640
v 0.07373795 -0.04207418 0.08434335
v 0.07376200 -0.04238423 0.08390590
v 0.07388940 -0.04258638 0.08366150
v 0.07388940 -0.04258638 0.08366150
v 0.07388940 -0.04258638 0.08366150
v 0.07363720 -0.04313498 0.08426795
v 0.07363720 -0.04313498 0.08426795
v 0.07449130 -0.04291788 0.08359455
v 0.07449130 -0.04291788 0.08359455
v 0.07423390 -0.04347623 0.08421205
v 0.07474155 -0.04399168 0.08504210
v 0.07484880 -0.04371283 0.08422635
v 0.07509645 -0.04317398 0.08362965
v 0.07509645 -0.04317398 0.08362965
v 0.07477210 -0.04400403 0.08593000
v 0.07392905 -0.04154313 0.08419710
v 0.07405255 -0.04170238 0.08366800
v 0.07425405 -0.04184148 0.08335405
v 0.07425405 -0.04184148 0.08335405
v 0.07423195 -0.04094448 0.08419515
v 0.07443150 -0.04095293 0.08366475
v 0.07466225 -0.04103418 0.08335080
v 0.07466225 -0.04103418 0.08335080
v 0.07527780 -0.04133773 0.08327995
v 0.07486180 -0.04215933 0.08328255
v 0.07480980 -0.04031268 0.08389810
v 0.07480980 -0.04031268 0.08389810
v 0.07454785 -0.04047453 0.08433750
v 0.07470450 -0.04019113 0.08465860
v 0.07504835 -0.03988173 0.08438690
v 0.07504835 -0.03988173 0.08438690
v 0.07534215 -0.03976538 0.08425625
v 0.07534215 -0.03976538 0.08425625
v 0.07534215 -0.03976538 0.08425625
v 0.07504770 -0.04029773 0.08365305
v 0.07504770 -0.04029773 0.08365305
v 0.07504770 -0.04029773 0.08365305
v 0.07596940 -0.04004683 0.08419970
v 0.07596940 -0.04004683 0.08419970
v 0.07567040 -0.04058828 0.08358610
v 0.07585565 -0.04164908 0.08332480
v 0.07585565 -0.04164908 0.08332480
v 0.07623395 -0.04092563 0.08362185
v 0.07623395 -0.04092563 0.08362185
v 0.07652385 -0.04040303 0.08421465
v 0.07652385 -0.04040303 0.08421465
v 0.07652385 -0.04040303 0.08421465
v 0.07545460 -0.04244208 0.08332805
v 0.07545460 -0.04244208 0.08332805
v 0.07545460 -0.04244208 0.08332805
v 0.07473310 -0.04003968 0.08522085
v 0.07473310 -0.04003968 0.08522085
v 0.07514585 -0.03966333 0.08512725
v 0.07514585 -0.03966333 0.08512725
v 0.07550855 -0.03950538 0.08508435
v 0.07550855 -0.03950538 0.08508435
v 0.07475585 -0.04004943 0.08589165
v 0.07475585 -0.04004943 0.08589165
v 0.07517510 -0.03967503 0.08596705
v 0.07517510 -0.03967503 0.08596705
v 0.07553975 -0.03951773 0.08598915
v 0.07553975 -0.03951773 0.08598915
v 0.07617025 -0.03979593 0.08596380
v 0.07613840 -0.03978293 0.08504275
v 0.07671755 -0.04015928 0.08591635
v 0.07671755 -0.04015928 0.08591635
v 0.07668700 -0.04014693 0.08502780
v 0.07668700 -0.04014693 0.08502780
v 0.07019090 -0.03797528 0.08698040
v 0.07031570 -0.03803638 0.08746595
v 0.07052045 -0.03759178 0.08697390
v 0.07052045 -0.03759178 0.08697390
v 0.07058155 -0.03735973 0.08623420
v 0.07058155 -0.03735973 0.08623420
v 0.07016685 -0.03782903 0.08624200
v 0.06972420 -0.03853493 0.08627970
v 0.06980740 -0.03861033 0.08710715
v 0.06996990 -0.03869028 0.08770580
v 0.07055230 -0.03734868 0.08539505
v 0.07055230 -0.03734868 0.08539505
v 0.07013825 -0.03781733 0.08540285
v 0.06969300 -0.03852258 0.08537555
v 0.06928415 -0.03932988 0.08537880
v 0.06931600 -0.03934223 0.08628295
v 0.06942845 -0.03936043 0.08710975
v 0.06959030 -0.03943973 0.08770840
v 0.07011095 -0.03794278 0.08466055
v 0.07043985 -0.03755928 0.08465470
v 0.07043985 -0.03755928 0.08465470
v 0.07020130 -0.03799088 0.08416590
v 0.06983925 -0.03863828 0.08393255
v 0.06971835 -0.03857458 0.08454355
v 0.06945900 -0.03938773 0.08393515
v 0.06933940 -0.03932468 0.08454680
v 0.06906315 -0.04001368 0.08466835
v 0.06915350 -0.04006178 0.08417370
v 0.06894940 -0.04050638 0.08466575
v 0.06884735 -0.04071828 0.08540740
v 0.06897995 -0.04010598 0.08541065
v 0.06887660 -0.04072933 0.08624655
v 0.06900855 -0.04011768 0.08625045
v 0.06914310 -0.04004618 0.08698820
v 0.06902935 -0.04053823 0.08698495
v 0.06926790 -0.04010728 0.08747375
v 0.07012525 -0.03873188 0.08800480
v 0.07012525 -0.03873188 0.08800480
v 0.07048990 -0.03798698 0.08769800
v 0.07048990 -0.03798698 0.08769800
v 0.07048990 -0.03798698 0.08769800
v 0.07074210 -0.03743773 0.08709090
v 0.07074210 -0.03743773 0.08709090
v 0.07074210 -0.03743773 0.08709090
v 0.06971705 -0.03953918 0.08800740
v 0.06971705 -0.03953918 0.08800740
v 0.06992310 -0.03966528 0.08803730
v 0.07033910 -0.03884368 0.08803405
v 0.07071025 -0.03808578 0.08772205
v 0.07071025 -0.03808578 0.08772205
v 0.07071025 -0.03808578 0.08772205
v 0.07096635 -0.03752743 0.08710455
v 0.07096635 -0.03752743 0.08710455
v 0.06903715 -0.04080733 0.08710260
v 0.06903715 -0.04080733 0.08710260
v 0.06903715 -0.04080733 0.08710260
v 0.06933160 -0.04027563 0.08770580
v 0.06933160 -0.04027563 0.08770580
v 0.06923150 -0.04095618 0.08711755
v 0.06923150 -0.04095618 0.08711755
v 0.06953115 -0.04041473 0.08773050
v 0.06986525 -0.04043553 0.08744840
v 0.06962670 -0.04086713 0.08695960
v 0.06962670 -0.04086713 0.08695960
v 0.06989710 -0.04051938 0.08668985
v 0.07005440 -0.04023598 0.08701160
v 0.07034235 -0.03975303 0.08715460
v 0.07022665 -0.03978813 0.08768175
v 0.07011940 -0.03976018 0.08795215
v 0.07011940 -0.03976018 0.08795215
v 0.06974045 -0.04048298 0.08765575
v 0.06974045 -0.04048298 0.08765575
v 0.06945120 -0.04100558 0.08706295
v 0.06945120 -0.04100558 0.08706295
v 0.06945120 -0.04100558 0.08706295
v 0.07064460 -0.03915503 0.08715265
v 0.07060625 -0.03903868 0.08767915
v 0.07052045 -0.03896718 0.08794955
v 0.07052045 -0.03896718 0.08794955
v 0.07091305 -0.03836463 0.08744060
v 0.07086235 -0.03863828 0.08700510
v 0.07099690 -0.03834578 0.08668205
v 0.07111845 -0.03792003 0.08694855
v 0.07112625 -0.03769578 0.08705125
v 0.07087795 -0.03823528 0.08764730
v 0.07087795 -0.03823528 0.08764730
v 0.06887075 -0.04106733 0.08627450
v 0.06887075 -0.04106733 0.08627450
v 0.06883955 -0.04105498 0.08536970
v 0.06883955 -0.04105498 0.08536970
v 0.06903065 -0.04120773 0.08535345
v 0.06906250 -0.04122073 0.08627385
v 0.06920095 -0.04022298 0.08393255
v 0.06920095 -0.04022298 0.08393255
v 0.06920095 -0.04022298 0.08393255
v 0.06894810 -0.04077158 0.08453965
v 0.06894810 -0.04077158 0.08453965
v 0.06939855 -0.04036143 0.08389030
v 0.06939855 -0.04036143 0.08389030
v 0.06914115 -0.04091978 0.08450845
v 0.06954675 -0.04083463 0.08464040
v 0.06954675 -0.04083463 0.08464040
v 0.06975085 -0.04039003 0.08414835
v 0.06975085 -0.04039003 0.08414835
v 0.06996990 -0.04020153 0.08457670
v 0.06983535 -0.04049403 0.08490040
v 0.06981845 -0.04064808 0.08545940
v 0.06948435 -0.04106538 0.08538010
v 0.06948435 -0.04106538 0.08538010
v 0.06925685 -0.04124933 0.08536125
v 0.06936410 -0.04097113 0.08454550
v 0.06961240 -0.04043163 0.08394880
v 0.06961240 -0.04043163 0.08394880
v 0.06961240 -0.04043163 0.08394880
v 0.06984185 -0.04065718 0.08612890
v 0.06951295 -0.04107773 0.08621925
v 0.06951295 -0.04107773 0.08621925
v 0.06928805 -0.04126168 0.08624915
v 0.06956495 -0.03947808 0.08362575
v 0.06956495 -0.03947808 0.08362575
v 0.06997315 -0.03867078 0.08362250
v 0.06997315 -0.03867078 0.08362250
v 0.07018440 -0.03878193 0.08357570
v 0.06976840 -0.03960353 0.08357895
v 0.07065305 -0.03740198 0.08452730
v 0.07065305 -0.03740198 0.08452730
v 0.07065305 -0.03740198 0.08452730
v 0.07065305 -0.03740198 0.08452730
v 0.07035860 -0.03793433 0.08392410
v 0.07035860 -0.03793433 0.08392410
v 0.07087600 -0.03749103 0.08449610
v 0.07087600 -0.03749103 0.08449610
v 0.07087600 -0.03749103 0.08449610
v 0.07057700 -0.03803248 0.08388185
v 0.07079930 -0.03831913 0.08414055
v 0.07103720 -0.03788818 0.08462935
v 0.07093515 -0.03832108 0.08489260
v 0.07077850 -0.03860448 0.08457085
v 0.07055035 -0.03911668 0.08442460
v 0.07047495 -0.03898538 0.08390590
v 0.07037095 -0.03890673 0.08364395
v 0.07037095 -0.03890673 0.08364395
v 0.07074990 -0.03818393 0.08394100
v 0.07074990 -0.03818393 0.08394100
v 0.07103915 -0.03766068 0.08453380
v 0.07103915 -0.03766068 0.08453380
v 0.07024810 -0.03971468 0.08442720
v 0.07009600 -0.03973483 0.08390785
v 0.06996990 -0.03969973 0.08364720
v 0.06996990 -0.03969973 0.08364720
v 0.07081945 -0.03714198 0.08535605
v 0.07081945 -0.03714198 0.08535605
v 0.07085065 -0.03715498 0.08626020
v 0.07085065 -0.03715498 0.08626020
v 0.07107750 -0.03723948 0.08625890
v 0.07107750 -0.03723948 0.08625890
v 0.07104500 -0.03722648 0.08533915
v 0.07104500 -0.03722648 0.08533915
v 0.07107425 -0.03822228 0.08611980
v 0.07121790 -0.03770813 0.08620755
v 0.07123350 -0.03741693 0.08623550
v 0.07105085 -0.03821253 0.08545095
v 0.07118930 -0.03769578 0.08536775
v 0.07120230 -0.03740458 0.08534695
v 0.07456605 -0.04032958 0.08582145
v 0.07456605 -0.04032958 0.08582145
v 0.07457190 -0.04045178 0.08624590
v 0.07457190 -0.04045178 0.08624590
v 0.07447505 -0.04066303 0.08647925
v 0.07447505 -0.04066303 0.08647925
v 0.07447505 -0.04066303 0.08647925
v 0.07454785 -0.04032178 0.08529625
v 0.07454785 -0.04032178 0.08529625
v 0.07452445 -0.04043293 0.08486985
v 0.07452445 -0.04043293 0.08486985
v 0.07441135 -0.04063768 0.08463780
v 0.07441135 -0.04063768 0.08463780
v 0.07441135 -0.04063768 0.08463780
v 0.07417475 -0.04099583 0.08453250
v 0.07417475 -0.04099583 0.08453250
v 0.07393750 -0.04146448 0.08453445
v 0.07393750 -0.04146448 0.08453445
v 0.07378930 -0.04186617 0.08464235
v 0.07378930 -0.04186617 0.08464235
v 0.07378930 -0.04186617 0.08464235
v 0.07369180 -0.04207743 0.08487570
v 0.07369180 -0.04207743 0.08487570
v 0.07361770 -0.04215933 0.08530340
v 0.07361770 -0.04215933 0.08530340
v 0.07363590 -0.04216713 0.08582860
v 0.07363590 -0.04216713 0.08582860
v 0.07373990 -0.04209628 0.08625110
v 0.07373990 -0.04209628 0.08625110
v 0.07373990 -0.04209628 0.08625110
v 0.07385300 -0.04189153 0.08648380
v 0.07385300 -0.04189153 0.08648380
v 0.07400900 -0.04149308 0.08659235
v 0.07400900 -0.04149308 0.08659235
v 0.07424625 -0.04102443 0.08659040
v 0.07424625 -0.04102443 0.08659040
v 0.07061925 -0.03922653 0.08681400
v 0.07061925 -0.03922653 0.08681400
v 0.07078630 -0.03883653 0.08670480
v 0.07078630 -0.03883653 0.08670480
v 0.07078630 -0.03883653 0.08670480
v 0.07088315 -0.03862463 0.08647080
v 0.07088315 -0.03862463 0.08647080
v 0.07038395 -0.03969193 0.08681595
v 0.07038395 -0.03969193 0.08681595
v 0.07016815 -0.04005788 0.08671000
v 0.07016815 -0.04005788 0.08671000
v 0.07005440 -0.04026328 0.08647665
v 0.07005440 -0.04026328 0.08647665
v 0.07005440 -0.04026328 0.08647665
v 0.07001150 -0.04036468 0.08605285
v 0.07001150 -0.04036468 0.08605285
v 0.06999330 -0.04035753 0.08553220
v 0.06999330 -0.04035753 0.08553220
v 0.07000695 -0.04024443 0.08510905
v 0.07000695 -0.04024443 0.08510905
v 0.07010445 -0.04003253 0.08487440
v 0.07010445 -0.04003253 0.08487440
v 0.07010445 -0.04003253 0.08487440
v 0.07031245 -0.03966333 0.08476390
v 0.07031245 -0.03966333 0.08476390
v 0.07054840 -0.03919793 0.08476195
v 0.07054840 -0.03919793 0.08476195
v 0.07072260 -0.03881053 0.08487050
v 0.07072260 -0.03881053 0.08487050
v 0.07083570 -0.03860578 0.08510255
v 0.07083570 -0.03860578 0.08510255
v 0.07083570 -0.03860578 0.08510255
v 0.07092085 -0.03852518 0.08552505
v 0.07092085 -0.03852518 0.08552505
v 0.07093840 -0.03853233 0.08604635
v 0.07093840 -0.03853233 0.08604635
v 0.07448025 -0.04033283 0.08582405
v 0.07448350 -0.04044788 0.08623290
v 0.07439250 -0.04064483 0.08645130
v 0.07439250 -0.04064483 0.08645130
v 0.07446270 -0.04032568 0.08530925
v 0.07443670 -0.04042903 0.08489780
v 0.07443670 -0.04042903 0.08489780
v 0.07433140 -0.04062013 0.08468070
v 0.07433140 -0.04062013 0.08468070
v 0.07410715 -0.04096723 0.08458125
v 0.07387445 -0.04142743 0.08458255
v 0.07372755 -0.04181223 0.08468525
v 0.07372755 -0.04181223 0.08468525
v 0.07372755 -0.04181223 0.08468525
v 0.07363720 -0.04200983 0.08490365
v 0.07363720 -0.04200983 0.08490365
v 0.07357025 -0.04208913 0.08531510
v 0.07357025 -0.04208913 0.08531510
v 0.07358845 -0.04209628 0.08583055
v 0.07358845 -0.04209628 0.08583055
v 0.07368335 -0.04202868 0.08623875
v 0.07368335 -0.04202868 0.08623875
v 0.07368335 -0.04202868 0.08623875
v 0.07378930 -0.04183758 0.08645585
v 0.07394270 -0.04145538 0.08655790
v 0.07417605 -0.04099453 0.08655660
v 0.07067710 -0.03926163 0.08676525
v 0.07084025 -0.03888788 0.08666125
v 0.07084025 -0.03888788 0.08666125
v 0.07084025 -0.03888788 0.08666125
v 0.07093125 -0.03868963 0.08644220
v 0.07093125 -0.03868963 0.08644220
v 0.07044635 -0.03971728 0.08676655
v 0.07024160 -0.04007088 0.08666580
v 0.07013565 -0.04026263 0.08644805
v 0.07013565 -0.04026263 0.08644805
v 0.07009210 -0.04035818 0.08603985
v 0.07007455 -0.04035038 0.08552960
v 0.07008950 -0.04024443 0.08512270
v 0.07018050 -0.04004683 0.08490365
v 0.07018050 -0.04004683 0.08490365
v 0.07037810 -0.03968933 0.08479900
v 0.07060885 -0.03923433 0.08479705
v 0.07077915 -0.03886318 0.08489910
v 0.07088510 -0.03867143 0.08511685
v 0.07088510 -0.03867143 0.08511685
v 0.07088510 -0.03867143 0.08511685
v 0.07096310 -0.03859343 0.08552375
v 0.07096310 -0.03859343 0.08552375
v 0.07098130 -0.03860058 0.08603335
v 0.07098130 -0.03860058 0.08603335
v 0.07261670 -0.03976603 0.08655595
v 0.07261670 -0.03976603 0.08655595
v 0.07270705 -0.03956843 0.08633755
v 0.07242625 -0.04012808 0.08666060
v 0.07273045 -0.03946638 0.08592935
v 0.07271290 -0.03945923 0.08541585
v 0.07266090 -0.03955023 0.08500765
v 0.07266090 -0.03955023 0.08500765
v 0.07255495 -0.03974198 0.08478990
v 0.07235800 -0.04010078 0.08468915
v 0.07212660 -0.04055838 0.08469110
v 0.07195435 -0.04092953 0.08479445
v 0.07195435 -0.04092953 0.08479445
v 0.07186335 -0.04112713 0.08501285
v 0.07182240 -0.04122008 0.08542300
v 0.07183995 -0.04122723 0.08593520
v 0.07190950 -0.04114598 0.08634340
v 0.07190950 -0.04114598 0.08634340
v 0.07201545 -0.04095423 0.08656050
v 0.07219485 -0.04058632 0.08666190
v 0.07806435 0.03873837 0.08662095
v 0.07806435 0.03873837 0.08662095
v 0.07766655 0.03908287 0.08662680
v 0.07791030 0.03865908 0.08711885
v 0.07791030 0.03865908 0.08711885
v 0.07829575 0.03802597 0.08735675
v 0.07829575 0.03802597 0.08735675
v 0.07849920 0.03813062 0.08674250
v 0.07856680 0.03820017 0.08590790
v 0.07806955 0.03887617 0.08587735
v 0.07806955 0.03887617 0.08587735
v 0.07756450 0.03929477 0.08588450
v 0.07868770 0.03728302 0.08735935
v 0.07889115 0.03738833 0.08674510
v 0.07898865 0.03740002 0.08591115
v 0.07896070 0.03738183 0.08500700
v 0.07853820 0.03818197 0.08500375
v 0.07804290 0.03885927 0.08503820
v 0.07804290 0.03885927 0.08503820
v 0.07753785 0.03927787 0.08504535
v 0.07914855 0.03668632 0.08662875
v 0.07899385 0.03660637 0.08712665
v 0.07920770 0.03616242 0.08663785
v 0.07932730 0.03595507 0.08589685
v 0.07926685 0.03660767 0.08588580
v 0.07930065 0.03593817 0.08505770
v 0.07924020 0.03659077 0.08504665
v 0.07907510 0.03663888 0.08430955
v 0.07913490 0.03611562 0.08431865
v 0.07889050 0.03653943 0.08382660
v 0.07856940 0.03720632 0.08358610
v 0.07856940 0.03720632 0.08358610
v 0.07881055 0.03733632 0.08418150
v 0.07817745 0.03794927 0.08358350
v 0.07817745 0.03794927 0.08358350
v 0.07841860 0.03807927 0.08417890
v 0.07799220 0.03869157 0.08430175
v 0.07799220 0.03869157 0.08430175
v 0.07780695 0.03859212 0.08381880
v 0.07780695 0.03859212 0.08381880
v 0.07780695 0.03859212 0.08381880
v 0.07759310 0.03903607 0.08430760
v 0.07638475 0.03785632 0.08719815
v 0.07614035 0.03828012 0.08670610
v 0.07617740 0.03780952 0.08645000
v 0.07633795 0.03753132 0.08677370
v 0.07654790 0.03700807 0.08692450
v 0.07670325 0.03718812 0.08743865
v 0.07670325 0.03718812 0.08743865
v 0.07692165 0.03734087 0.08773310
v 0.07692165 0.03734087 0.08773310
v 0.07692165 0.03734087 0.08773310
v 0.07652450 0.03806888 0.08742695
v 0.07652450 0.03806888 0.08742695
v 0.07652450 0.03806888 0.08742695
v 0.07622290 0.03859212 0.08681920
v 0.07622290 0.03859212 0.08681920
v 0.07686120 0.03641527 0.08692645
v 0.07709520 0.03644517 0.08744190
v 0.07709520 0.03644517 0.08744190
v 0.07734480 0.03654072 0.08773635
v 0.07734480 0.03654072 0.08773635
v 0.07795775 0.03685402 0.08774155
v 0.07752745 0.03766912 0.08773830
v 0.07712380 0.03840947 0.08742695
v 0.07712380 0.03840947 0.08742695
v 0.07681700 0.03894182 0.08680880
v 0.07746895 0.03580362 0.08720595
v 0.07746895 0.03580362 0.08720595
v 0.07746895 0.03580362 0.08720595
v 0.07717515 0.03594597 0.08677955
v 0.07731555 0.03565412 0.08645845
v 0.07731555 0.03565412 0.08645845
v 0.07768215 0.03535967 0.08671715
v 0.07768215 0.03535967 0.08671715
v 0.07798570 0.03525242 0.08683155
v 0.07798570 0.03525242 0.08683155
v 0.07798570 0.03525242 0.08683155
v 0.07772245 0.03580037 0.08743475
v 0.07772245 0.03580037 0.08743475
v 0.07772245 0.03580037 0.08743475
v 0.07861100 0.03554363 0.08682115
v 0.07861100 0.03554363 0.08682115
v 0.07834320 0.03610132 0.08743475
v 0.07852650 0.03717122 0.08763300
v 0.07852650 0.03717122 0.08763300
v 0.07889765 0.03644388 0.08733660
v 0.07889765 0.03644388 0.08733660
v 0.07915635 0.03590632 0.08674380
v 0.07915635 0.03590632 0.08674380
v 0.07915635 0.03590632 0.08674380
v 0.07811180 0.03795707 0.08763040
v 0.07811180 0.03795707 0.08763040
v 0.07811180 0.03795707 0.08763040
v 0.07742475 0.03918622 0.08673145
v 0.07772180 0.03867208 0.08732815
v 0.07772180 0.03867208 0.08732815
v 0.07730970 0.03548317 0.08590075
v 0.07730970 0.03548317 0.08590075
v 0.07773480 0.03511657 0.08597940
v 0.07810205 0.03496643 0.08600280
v 0.07810205 0.03496643 0.08600280
v 0.07728890 0.03546952 0.08522995
v 0.07728890 0.03546952 0.08522995
v 0.07770815 0.03509967 0.08513960
v 0.07807410 0.03494822 0.08509865
v 0.07807410 0.03494822 0.08509865
v 0.07870005 0.03523422 0.08505770
v 0.07872865 0.03525242 0.08597810
v 0.07760935 0.03531288 0.08439730
v 0.07725900 0.03561772 0.08466640
v 0.07725900 0.03561772 0.08466640
v 0.07709910 0.03589592 0.08434335
v 0.07709910 0.03589592 0.08434335
v 0.07736495 0.03573667 0.08390590
v 0.07736495 0.03573667 0.08390590
v 0.07760350 0.03572367 0.08366150
v 0.07760350 0.03572367 0.08366150
v 0.07760350 0.03572367 0.08366150
v 0.07790575 0.03520043 0.08426795
v 0.07790575 0.03520043 0.08426795
v 0.07822165 0.03602267 0.08359455
v 0.07822165 0.03602267 0.08359455
v 0.07852910 0.03549097 0.08421205
v 0.07924280 0.03560667 0.08504210
v 0.07924280 0.03560667 0.08504210
v 0.07907770 0.03585497 0.08422635
v 0.07907770 0.03585497 0.08422635
v 0.07878130 0.03636912 0.08362965
v 0.07878130 0.03636912 0.08362965
v 0.07878130 0.03636912 0.08362965
v 0.07927075 0.03562488 0.08593000
v 0.07927075 0.03562488 0.08593000
v 0.07677540 0.03635937 0.08419710
v 0.07697690 0.03636847 0.08366800
v 0.07697690 0.03636847 0.08366800
v 0.07720700 0.03645167 0.08335405
v 0.07720700 0.03645167 0.08335405
v 0.07720700 0.03645167 0.08335405
v 0.07646275 0.03695282 0.08419515
v 0.07658495 0.03711142 0.08366475
v 0.07678450 0.03725182 0.08335080
v 0.07678450 0.03725182 0.08335080
v 0.07738770 0.03757812 0.08327995
v 0.07781800 0.03676433 0.08328255
v 0.07628140 0.03778938 0.08389810
v 0.07626125 0.03748192 0.08433750
v 0.07612150 0.03777312 0.08465860
v 0.07606820 0.03823332 0.08438690
v 0.07614230 0.03854012 0.08425625
v 0.07614230 0.03854012 0.08425625
v 0.07614230 0.03854012 0.08425625
v 0.07640620 0.03799217 0.08365305
v 0.07640620 0.03799217 0.08365305
v 0.07673445 0.03888917 0.08419970
v 0.07673445 0.03888917 0.08419970
v 0.07700290 0.03833212 0.08358610
v 0.07797595 0.03786998 0.08332480
v 0.07760545 0.03859667 0.08362185
v 0.07760545 0.03859667 0.08362185
v 0.07734545 0.03913552 0.08421465
v 0.07734545 0.03913552 0.08421465
v 0.07839130 0.03708412 0.08332805
v 0.07839130 0.03708412 0.08332805
v 0.07601425 0.03788492 0.08522085
v 0.07594535 0.03843937 0.08512725
v 0.07602660 0.03882612 0.08508435
v 0.07602660 0.03882612 0.08508435
v 0.07603505 0.03789792 0.08589165
v 0.07597200 0.03845627 0.08596705
v 0.07605520 0.03884497 0.08598915
v 0.07605520 0.03884497 0.08598915
v 0.07664605 0.03919857 0.08596380
v 0.07661680 0.03917972 0.08504275
v 0.07725900 0.03943517 0.08591635
v 0.07723170 0.03941697 0.08502780
v 0.07170345 0.03537332 0.08698040
v 0.07182500 0.03543962 0.08746595
v 0.07158125 0.03586342 0.08697390
v 0.07142720 0.03604737 0.08623420
v 0.07156955 0.03543767 0.08624200
v 0.07189000 0.03466872 0.08627970
v 0.07199985 0.03469277 0.08710715
v 0.07215845 0.03477922 0.08770580
v 0.07140055 0.03603047 0.08539505
v 0.07154355 0.03542077 0.08540285
v 0.07186140 0.03464987 0.08537555
v 0.07228390 0.03384972 0.08537880
v 0.07231250 0.03386857 0.08628295
v 0.07239180 0.03395048 0.08710975
v 0.07255040 0.03403627 0.08770840
v 0.07163065 0.03532587 0.08466055
v 0.07150845 0.03581662 0.08465470
v 0.07172165 0.03537267 0.08416590
v 0.07204015 0.03470252 0.08393255
v 0.07191925 0.03464077 0.08454355
v 0.07243210 0.03395957 0.08393515
v 0.07231120 0.03389782 0.08454680
v 0.07271420 0.03327382 0.08466835
v 0.07280520 0.03331998 0.08417370
v 0.07280520 0.03331998 0.08417370
v 0.07305025 0.03289617 0.08466575
v 0.07305025 0.03289617 0.08466575
v 0.07316335 0.03269142 0.08540740
v 0.07316335 0.03269142 0.08540740
v 0.07274085 0.03315292 0.08541065
v 0.07319000 0.03270832 0.08624655
v 0.07319000 0.03270832 0.08624655
v 0.07276750 0.03316983 0.08625045
v 0.07278700 0.03332062 0.08698820
v 0.07312240 0.03294297 0.08698495
v 0.07312240 0.03294297 0.08698495
v 0.07290920 0.03338692 0.08747375
v 0.07290920 0.03338692 0.08747375
v 0.07228260 0.03488192 0.08800480
v 0.07228260 0.03488192 0.08800480
v 0.07188545 0.03560993 0.08769800
v 0.07188545 0.03560993 0.08769800
v 0.07158385 0.03613317 0.08709090
v 0.07158385 0.03613317 0.08709090
v 0.07158385 0.03613317 0.08709090
v 0.07270445 0.03408178 0.08800740
v 0.07270445 0.03408178 0.08800740
v 0.07292740 0.03417732 0.08803730
v 0.07249710 0.03499177 0.08803470
v 0.07209345 0.03573278 0.08772205
v 0.07209345 0.03573278 0.08772205
v 0.07178665 0.03626513 0.08710455
v 0.07178665 0.03626513 0.08710455
v 0.07334665 0.03279347 0.08710260
v 0.07334665 0.03279347 0.08710260
v 0.07334665 0.03279347 0.08710260
v 0.07308275 0.03334143 0.08770580
v 0.07308275 0.03334143 0.08770580
v 0.07308275 0.03334143 0.08770580
v 0.07358065 0.03286627 0.08711755
v 0.07358065 0.03286627 0.08711755
v 0.07358065 0.03286627 0.08711755
v 0.07331220 0.03342398 0.08773050
v 0.07352215 0.03368462 0.08744840
v 0.07373600 0.03324067 0.08695960
v 0.07360860 0.03366252 0.08668985
v 0.07346820 0.03395437 0.08701160
v 0.07324135 0.03446852 0.08715460
v 0.07320300 0.03435412 0.08768175
v 0.07311720 0.03428262 0.08795215
v 0.07311720 0.03428262 0.08795215
v 0.07348900 0.03355527 0.08765575
v 0.07348900 0.03355527 0.08765575
v 0.07374770 0.03301707 0.08706295
v 0.07374770 0.03301707 0.08706295
v 0.07292805 0.03506067 0.08715265
v 0.07281040 0.03509707 0.08767915
v 0.07270250 0.03506847 0.08794955
v 0.07270250 0.03506847 0.08794955
v 0.07243860 0.03573667 0.08744060
v 0.07243860 0.03573667 0.08744060
v 0.07263230 0.03553778 0.08700510
v 0.07247110 0.03581662 0.08668205
v 0.07219420 0.03616112 0.08694855
v 0.07219420 0.03616112 0.08694855
v 0.07201610 0.03629762 0.08705125
v 0.07231250 0.03578347 0.08764730
v 0.07231250 0.03578347 0.08764730
v 0.07231250 0.03578347 0.08764730
v 0.07346235 0.03250748 0.08627450
v 0.07346235 0.03250748 0.08627450
v 0.07343375 0.03248927 0.08536970
v 0.07343375 0.03248927 0.08536970
v 0.07366905 0.03255752 0.08535345
v 0.07366905 0.03255752 0.08535345
v 0.07369830 0.03257572 0.08627385
v 0.07369830 0.03257572 0.08627385
v 0.07296445 0.03326537 0.08393255
v 0.07296445 0.03326537 0.08393255
v 0.07296445 0.03326537 0.08393255
v 0.07296445 0.03326537 0.08393255
v 0.07326605 0.03274212 0.08453965
v 0.07326605 0.03274212 0.08453965
v 0.07319130 0.03334597 0.08389030
v 0.07319130 0.03334597 0.08389030
v 0.07349875 0.03281362 0.08450845
v 0.07349875 0.03281362 0.08450845
v 0.07366320 0.03319387 0.08464040
v 0.07341815 0.03361767 0.08414835
v 0.07339150 0.03390497 0.08457670
v 0.07355270 0.03362612 0.08490040
v 0.07366840 0.03352342 0.08545940
v 0.07381595 0.03300862 0.08538010
v 0.07383415 0.03271742 0.08536125
v 0.07383415 0.03271742 0.08536125
v 0.07366905 0.03296637 0.08454550
v 0.07366905 0.03296637 0.08454550
v 0.07366905 0.03296637 0.08454550
v 0.07337265 0.03348052 0.08394880
v 0.07337265 0.03348052 0.08394880
v 0.07368920 0.03353772 0.08612890
v 0.07384195 0.03302617 0.08621925
v 0.07386210 0.03273562 0.08624915
v 0.07256730 0.03399337 0.08362575
v 0.07256730 0.03399337 0.08362575
v 0.07214480 0.03479352 0.08362250
v 0.07214480 0.03479352 0.08362250
v 0.07235735 0.03490142 0.08357570
v 0.07278765 0.03408697 0.08357895
v 0.07150325 0.03608117 0.08452730
v 0.07150325 0.03608117 0.08452730
v 0.07150325 0.03608117 0.08452730
v 0.07176650 0.03553387 0.08392410
v 0.07176650 0.03553387 0.08392410
v 0.07170410 0.03621247 0.08449610
v 0.07170410 0.03621247 0.08449610
v 0.07197255 0.03565542 0.08388185
v 0.07233525 0.03567037 0.08414055
v 0.07233525 0.03567037 0.08414055
v 0.07212140 0.03611367 0.08462935
v 0.07212140 0.03611367 0.08462935
v 0.07241520 0.03578022 0.08489260
v 0.07255560 0.03548837 0.08457085
v 0.07284290 0.03500607 0.08442460
v 0.07269145 0.03502037 0.08390590
v 0.07256730 0.03498137 0.08364395
v 0.07256730 0.03498137 0.08364395
v 0.07219615 0.03570872 0.08394100
v 0.07219615 0.03570872 0.08394100
v 0.07219615 0.03570872 0.08394100
v 0.07193680 0.03624692 0.08453380
v 0.07193680 0.03624692 0.08453380
v 0.07315555 0.03441327 0.08442720
v 0.07308405 0.03427742 0.08390785
v 0.07298265 0.03419552 0.08364720
v 0.07298265 0.03419552 0.08364720
v 0.07138690 0.03636717 0.08535605
v 0.07138690 0.03636717 0.08535605
v 0.07141485 0.03638537 0.08626020
v 0.07141485 0.03638537 0.08626020
v 0.07161505 0.03652187 0.08625890
v 0.07158645 0.03650302 0.08533915
v 0.07241520 0.03595052 0.08611980
v 0.07207850 0.03636522 0.08620755
v 0.07207850 0.03636522 0.08620755
v 0.07185035 0.03654592 0.08623550
v 0.07239440 0.03593687 0.08545095
v 0.07205250 0.03634832 0.08536775
v 0.07205250 0.03634832 0.08536775
v 0.07182240 0.03652837 0.08534695
v 0.07615335 0.03758072 0.08582145
v 0.07615335 0.03758072 0.08582145
v 0.07625735 0.03751507 0.08624590
v 0.07625735 0.03751507 0.08624590
v 0.07637370 0.03731357 0.08647925
v 0.07637370 0.03731357 0.08647925
v 0.07637370 0.03731357 0.08647925
v 0.07613645 0.03757032 0.08529625
v 0.07613645 0.03757032 0.08529625
v 0.07621445 0.03748712 0.08486985
v 0.07621445 0.03748712 0.08486985
v 0.07631585 0.03727652 0.08463780
v 0.07631585 0.03727652 0.08463780
v 0.07631585 0.03727652 0.08463780
v 0.07647120 0.03687612 0.08453250
v 0.07647120 0.03687612 0.08453250
v 0.07671625 0.03641202 0.08453445
v 0.07671625 0.03641202 0.08453445
v 0.07695805 0.03605842 0.08464235
v 0.07695805 0.03605842 0.08464235
v 0.07695805 0.03605842 0.08464235
v 0.07707440 0.03585757 0.08487570
v 0.07707440 0.03585757 0.08487570
v 0.07709845 0.03574902 0.08530340
v 0.07709845 0.03574902 0.08530340
v 0.07711470 0.03575942 0.08582860
v 0.07711470 0.03575942 0.08582860
v 0.07711730 0.03588553 0.08625110
v 0.07711730 0.03588553 0.08625110
v 0.07711730 0.03588553 0.08625110
v 0.07701590 0.03609612 0.08648380
v 0.07701590 0.03609612 0.08648380
v 0.07678060 0.03645362 0.08659235
v 0.07678060 0.03645362 0.08659235
v 0.07653555 0.03691837 0.08659040
v 0.07653555 0.03691837 0.08659040
v 0.07297225 0.03499892 0.08681400
v 0.07297225 0.03499892 0.08681400
v 0.07274995 0.03536032 0.08670480
v 0.07274995 0.03536032 0.08670480
v 0.07274995 0.03536032 0.08670480
v 0.07263295 0.03556182 0.08647080
v 0.07263295 0.03556182 0.08647080
v 0.07321535 0.03453808 0.08681595
v 0.07321535 0.03453808 0.08681595
v 0.07338890 0.03415003 0.08671000
v 0.07338890 0.03415003 0.08671000
v 0.07338890 0.03415003 0.08671000
v 0.07349095 0.03393812 0.08647665
v 0.07349095 0.03393812 0.08647665
v 0.07354880 0.03384452 0.08605285
v 0.07354880 0.03384452 0.08605285
v 0.07353255 0.03383412 0.08553220
v 0.07353255 0.03383412 0.08553220
v 0.07344805 0.03391082 0.08510905
v 0.07344805 0.03391082 0.08510905
v 0.07333170 0.03411297 0.08487440
v 0.07333170 0.03411297 0.08487440
v 0.07333170 0.03411297 0.08487440
v 0.07315100 0.03449583 0.08476390
v 0.07315100 0.03449583 0.08476390
v 0.07290725 0.03495732 0.08476195
v 0.07290725 0.03495732 0.08476195
v 0.07269210 0.03532327 0.08487050
v 0.07269210 0.03532327 0.08487050
v 0.07259005 0.03553452 0.08510255
v 0.07259005 0.03553452 0.08510255
v 0.07259005 0.03553452 0.08510255
v 0.07257380 0.03565023 0.08552505
v 0.07257380 0.03565023 0.08552505
v 0.07259005 0.03566063 0.08604635
v 0.07259005 0.03566063 0.08604635
v 0.07610720 0.03750923 0.08582405
v 0.07610720 0.03750923 0.08582405
v 0.07620275 0.03744553 0.08623290
v 0.07620275 0.03744553 0.08623290
v 0.07631130 0.03725702 0.08645130
v 0.07631130 0.03725702 0.08645130
v 0.07631130 0.03725702 0.08645130
v 0.07609095 0.03749882 0.08530925
v 0.07609095 0.03749882 0.08530925
v 0.07616050 0.03741822 0.08489780
v 0.07616050 0.03741822 0.08489780
v 0.07616050 0.03741822 0.08489780
v 0.07625540 0.03722127 0.08468070
v 0.07625540 0.03722127 0.08468070
v 0.07640880 0.03683842 0.08458125
v 0.07664995 0.03638213 0.08458255
v 0.07687940 0.03603957 0.08468525
v 0.07687940 0.03603957 0.08468525
v 0.07698795 0.03585107 0.08490365
v 0.07701395 0.03575097 0.08531510
v 0.07703020 0.03576137 0.08583055
v 0.07702955 0.03587837 0.08623875
v 0.07702955 0.03587837 0.08623875
v 0.07693465 0.03607532 0.08645585
v 0.07671170 0.03642177 0.08655790
v 0.07647120 0.03687807 0.08655660
v 0.07303335 0.03502557 0.08676525
v 0.07282340 0.03537527 0.08666125
v 0.07282340 0.03537527 0.08666125
v 0.07271420 0.03556442 0.08644220
v 0.07327190 0.03457382 0.08676655
v 0.07344220 0.03420202 0.08666580
v 0.07344220 0.03420202 0.08666580
v 0.07353775 0.03400442 0.08644805
v 0.07353775 0.03400442 0.08644805
v 0.07353775 0.03400442 0.08644805
v 0.07358975 0.03391472 0.08603985
v 0.07358975 0.03391472 0.08603985
v 0.07357350 0.03390432 0.08552960
v 0.07357350 0.03390432 0.08552960
v 0.07349550 0.03397777 0.08512270
v 0.07349550 0.03397777 0.08512270
v 0.07338695 0.03416627 0.08490365
v 0.07338695 0.03416627 0.08490365
v 0.07338695 0.03416627 0.08490365
v 0.07321015 0.03453417 0.08479900
v 0.07297225 0.03498592 0.08479705
v 0.07276750 0.03533952 0.08489910
v 0.07267260 0.03553712 0.08511685
v 0.07267260 0.03553712 0.08511685
v 0.07265440 0.03564502 0.08552375
v 0.07267065 0.03565542 0.08603335
v 0.07456670 0.03631647 0.08655660
v 0.07456670 0.03631647 0.08655660
v 0.07445815 0.03650432 0.08633755
v 0.07475260 0.03595182 0.08666060
v 0.07438860 0.03658232 0.08592935
v 0.07437235 0.03657257 0.08541585
v 0.07441655 0.03647767 0.08500765
v 0.07441655 0.03647767 0.08500765
v 0.07451145 0.03628072 0.08478990
v 0.07469020 0.03591152 0.08468915
v 0.07493005 0.03545782 0.08469110
v 0.07513350 0.03510292 0.08479445
v 0.07513350 0.03510292 0.08479445
v 0.07524205 0.03491442 0.08501285
v 0.07529340 0.03482732 0.08542300
v 0.07530965 0.03483772 0.08593520
v 0.07528365 0.03494107 0.08634340
v 0.07528365 0.03494107 0.08634340
v 0.07518875 0.03513867 0.08656050
v 0.07499180 0.03549812 0.08666190
v -0.12550200 -0.00982898 0.10082930
v -0.12550200 -0.00982898 0.10082930
v -0.12782640 -0.01001813 0.09799075
v -0.12782640 -0.01001813 0.09799075
v -0.12487410 -0.02148153 0.09799075
v -0.12487410 -0.02148153 0.09799075
v -0.12487410 -0.02148153 0.09799075
v -0.12275185 -0.02054748 0.10032620
v -0.11741925 -0.01847463 0.10007920
v -0.11813750 -0.00942143 0.10058165
v -0.11751610 0.00398287 0.10088260
v -0.12622025 0.00426627 0.10112895
v -0.12622025 0.00426627 0.10112895
v -0.12867595 0.00434557 0.09799075
v -0.11310065 -0.00920303 0.09749610
v -0.11310065 -0.00920303 0.09749610
v -0.11421085 -0.01733518 0.09749610
v -0.11421085 -0.01733518 0.09749610
v -0.11429015 -0.01737678 0.09599330
v -0.11429015 -0.01737678 0.09599330
v -0.11319165 -0.00921408 0.09599330
v -0.11319165 -0.00921408 0.09599330
v -0.11136385 0.00378267 0.09599330
v -0.11136385 0.00378267 0.09599330
v -0.11127220 0.00378007 0.09749610
v -0.11127220 0.00378007 0.09749610
v -0.11696685 -0.00942143 0.09456525
v -0.11701950 -0.01843368 0.09472970
v -0.12234885 -0.02050653 0.09497735
v -0.12432615 -0.00982898 0.09481225
v -0.12452635 0.00421102 0.09473620
v -0.11582935 0.00392827 0.09448920
v -0.12791220 -0.01002918 0.09648795
v -0.12791220 -0.01002918 0.09648795
v -0.12495080 -0.02152313 0.09648795
v -0.12495080 -0.02152313 0.09648795
v -0.12495080 -0.02152313 0.09648795
v -0.12876175 0.00434882 0.09648795
v -0.12876175 0.00434882 0.09648795
v -0.11903645 -0.02750768 0.09797775
v -0.11903645 -0.02750768 0.09797775
v -0.11746540 -0.02570718 0.09986405
v -0.11408930 -0.02201908 0.09962940
v -0.11228555 -0.02013083 0.09750910
v -0.11228555 -0.02013083 0.09750910
v -0.11228555 -0.02013083 0.09750910
v -0.11235640 -0.02018803 0.09600630
v -0.11235640 -0.02018803 0.09600630
v -0.11235640 -0.02018803 0.09600630
v -0.11408865 -0.02206068 0.09486555
v -0.11746345 -0.02574878 0.09509955
v -0.11910600 -0.02756488 0.09647495
v -0.11910600 -0.02756488 0.09647495
v -0.10962055 -0.03026693 0.09759750
v -0.10962055 -0.03026693 0.09759750
v -0.10899460 -0.02811738 0.09895990
v -0.10771930 -0.02387743 0.09879090
v -0.10707060 -0.02178768 0.09728225
v -0.10707060 -0.02178768 0.09728225
v -0.10711870 -0.02183513 0.09576450
v -0.10711870 -0.02183513 0.09576450
v -0.10775115 -0.02397883 0.09467575
v -0.10902840 -0.02821488 0.09484605
v -0.10967060 -0.03031048 0.09608040
v -0.10967060 -0.03031048 0.09608040
v -0.09987770 -0.03146423 0.09630400
v -0.09987770 -0.03146423 0.09630400
v -0.09793095 -0.03056073 0.09669270
v -0.10034635 -0.02873878 0.09745450
v -0.10008375 -0.02549593 0.09738950
v -0.09756695 -0.02414068 0.09661405
v -0.09756695 -0.02414068 0.09661405
v -0.09929985 -0.02287903 0.09619285
v -0.09929985 -0.02287903 0.09619285
v -0.09935770 -0.02291348 0.09462375
v -0.09935770 -0.02291348 0.09462375
v -0.09770930 -0.02419398 0.09330425
v -0.10011365 -0.02556353 0.09369360
v -0.10037690 -0.02879663 0.09375925
v -0.09806485 -0.03058868 0.09337965
v -0.09806485 -0.03058868 0.09337965
v -0.09993295 -0.03148308 0.09473295
v -0.09590295 -0.02945183 0.09620780
v -0.09590295 -0.02945183 0.09620780
v -0.09590295 -0.02945183 0.09620780
v -0.09655100 -0.02847423 0.09648795
v -0.09655100 -0.02847423 0.09648795
v -0.09647820 -0.02657753 0.09647495
v -0.09647820 -0.02657753 0.09647495
v -0.09338550 -0.02454043 0.09537775
v -0.09341410 -0.02350303 0.09459840
v -0.09341410 -0.02350303 0.09459840
v -0.09349730 -0.02352838 0.09298380
v -0.09349730 -0.02352838 0.09298380
v -0.09593415 -0.02570588 0.09280245
v -0.09593415 -0.02570588 0.09280245
v -0.09661470 -0.02660678 0.09294350
v -0.09661470 -0.02660678 0.09294350
v -0.09661470 -0.02660678 0.09294350
v -0.09668230 -0.02849438 0.09295585
v -0.09668230 -0.02849438 0.09295585
v -0.09374300 -0.03083828 0.09220965
v -0.09374300 -0.03083828 0.09220965
v -0.09374430 -0.03187828 0.09311965
v -0.09367085 -0.03187633 0.09473750
v -0.09367085 -0.03187633 0.09473750
v -0.08579805 -0.03116003 0.09243130
v -0.08986640 -0.03097283 0.09414470
v -0.08979230 -0.03200373 0.09326980
v -0.08979230 -0.03200373 0.09326980
v -0.08431865 -0.03225463 0.09097855
v -0.08431865 -0.03225463 0.09097855
v -0.07971080 -0.03287018 0.08915400
v -0.07971080 -0.03287018 0.08915400
v -0.08060975 -0.03070178 0.08982480
v -0.08399560 -0.02973393 0.09145175
v -0.08647600 -0.02896693 0.09256130
v -0.08647600 -0.02896693 0.09256130
v -0.08647600 -0.02896693 0.09256130
v -0.08731385 -0.02982623 0.09302345
v -0.08731385 -0.02982623 0.09302345
v -0.08991710 -0.02971313 0.09413755
v -0.08991710 -0.02971313 0.09413755
v -0.08567910 -0.02410688 0.09075625
v -0.08642270 -0.02505523 0.09211995
v -0.08642270 -0.02505523 0.09211995
v -0.08470410 -0.02667373 0.09135295
v -0.08221200 -0.02636628 0.08981830
v -0.08221200 -0.02636628 0.08981830
v -0.08290620 -0.02421153 0.08914165
v -0.08290620 -0.02421153 0.08914165
v -0.08290620 -0.02421153 0.08914165
v -0.08268975 -0.02420048 0.08649030
v -0.08268975 -0.02420048 0.08649030
v -0.08268975 -0.02420048 0.08649030
v -0.08564855 -0.02413223 0.08909810
v -0.08564855 -0.02413223 0.08909810
v -0.08962265 -0.02384428 0.09130355
v -0.08962265 -0.02384428 0.09130355
v -0.08956025 -0.02381503 0.09293375
v -0.08956025 -0.02381503 0.09293375
v -0.08968895 -0.02481668 0.09381255
v -0.08968895 -0.02481668 0.09381255
v -0.08643375 -0.02510463 0.08890505
v -0.08190585 -0.02603998 0.08417760
v -0.08190585 -0.02603998 0.08417760
v -0.08459230 -0.02671013 0.08808670
v -0.08459230 -0.02671013 0.08808670
v -0.08642920 -0.02721908 0.08930025
v -0.08642920 -0.02721908 0.08930025
v -0.08729760 -0.02627593 0.08960965
v -0.08729760 -0.02627593 0.08960965
v -0.08729760 -0.02627593 0.08960965
v -0.08998080 -0.02610043 0.09072505
v -0.08998080 -0.02610043 0.09072505
v -0.08983780 -0.02486608 0.09059245
v -0.08428810 -0.03224878 0.08931910
v -0.08984625 -0.03200373 0.09163895
v -0.09000355 -0.03097998 0.09092395
v -0.09000355 -0.03097998 0.09092395
v -0.08580585 -0.03116198 0.08921575
v -0.08580585 -0.03116198 0.08921575
v -0.08388575 -0.02974498 0.08818420
v -0.08388575 -0.02974498 0.08818420
v -0.08062470 -0.02966633 0.08371415
v -0.07981675 -0.03215063 0.08603270
v -0.07981675 -0.03215063 0.08603270
v -0.11726585 0.01739952 0.10058165
v -0.12458745 0.01828482 0.10082930
v -0.12458745 0.01828482 0.10082930
v -0.12689495 0.01862477 0.09799075
v -0.11234340 0.01687107 0.09599330
v -0.11234340 0.01687107 0.09599330
v -0.11225305 0.01685417 0.09749610
v -0.11225305 0.01685417 0.09749610
v -0.12341485 0.01820877 0.09481225
v -0.11609780 0.01732347 0.09456525
v -0.12698010 0.01864102 0.09648795
v -0.12698010 0.01864102 0.09648795
v -0.07869160 -0.03098323 0.08922160
v -0.07943715 -0.03102483 0.08928855
v -0.07792005 -0.03460243 0.08929050
v -0.07792005 -0.03460243 0.08929050
v -0.07718815 -0.03451663 0.08922030
v -0.07644520 -0.03443213 0.08915075
v -0.07644520 -0.03443213 0.08915075
v -0.07793370 -0.03094228 0.08915530
v -0.07793370 -0.03094228 0.08915530
v -0.07977645 -0.02644493 0.08915855
v -0.07977645 -0.02644493 0.08915855
v -0.08048105 -0.02645598 0.08922160
v -0.08117785 -0.02646768 0.08928465
v -0.08130655 -0.02416343 0.08872500
v -0.08130655 -0.02416343 0.08872500
v -0.08065265 -0.02414978 0.08867300
v -0.08065265 -0.02414978 0.08867300
v -0.08065265 -0.02414978 0.08867300
v -0.08031985 -0.02408673 0.08509085
v -0.08031985 -0.02408673 0.08509085
v -0.08097765 -0.02411013 0.08512400
v -0.08163415 -0.02413483 0.08515650
v -0.08163415 -0.02413483 0.08515650
v -0.08195720 -0.02417773 0.08877700
v -0.08195720 -0.02417773 0.08877700
v -0.08013200 -0.02575658 0.08134620
v -0.08013200 -0.02575658 0.08134620
v -0.07947290 -0.02572928 0.08132150
v -0.07947290 -0.02572928 0.08132150
v -0.07947290 -0.02572928 0.08132150
v -0.07839650 -0.02886098 0.08038485
v -0.07839650 -0.02886098 0.08038485
v -0.07904520 -0.02890973 0.08041085
v -0.07969390 -0.02895848 0.08043620
v -0.07969390 -0.02895848 0.08043620
v -0.08079110 -0.02578453 0.08136960
v -0.08079110 -0.02578453 0.08136960
v -0.08079110 -0.02578453 0.08136960
v -0.07446855 -0.03971078 0.08518705
v -0.07507760 -0.03990708 0.08523320
v -0.07507760 -0.03990708 0.08523320
v -0.07529470 -0.03904323 0.08170175
v -0.07529470 -0.03904323 0.08170175
v -0.07529470 -0.03904323 0.08170175
v -0.07467265 -0.03886383 0.08166535
v -0.07467265 -0.03886383 0.08166535
v -0.07404995 -0.03868573 0.08163025
v -0.07404995 -0.03868573 0.08163025
v -0.07404995 -0.03868573 0.08163025
v -0.07385950 -0.03951448 0.08514025
v -0.07385950 -0.03951448 0.08514025
v -0.07400380 -0.03971663 0.08793265
v -0.07400380 -0.03971663 0.08793265
v -0.07400380 -0.03971663 0.08793265
v -0.07460050 -0.03991228 0.08799895
v -0.07460050 -0.03991228 0.08799895
v -0.07519590 -0.04010728 0.08806525
v -0.07519590 -0.04010728 0.08806525
v -0.07519590 -0.04010728 0.08806525
v -0.07519590 -0.04010728 0.08806525
v -0.07802340 -0.03461153 0.08879390
v -0.07802340 -0.03461153 0.08879390
v -0.07802340 -0.03461153 0.08879390
v -0.07854925 -0.03190038 0.08015085
v -0.07854925 -0.03190038 0.08015085
v -0.07833215 -0.03326018 0.08422050
v -0.07833215 -0.03326018 0.08422050
v -0.07779590 -0.03092018 0.08800675
v -0.07631780 -0.03440873 0.08865350
v -0.07674290 -0.03306258 0.08413015
v -0.07803900 -0.02987888 0.08362510
v -0.07948070 -0.02606858 0.08409570
v -0.07962760 -0.02642803 0.08801065
v -0.07589075 -0.03735713 0.08921705
v -0.07513350 -0.03897563 0.08919820
v -0.07450235 -0.03880988 0.08912280
v -0.07450235 -0.03880988 0.08912280
v -0.07521150 -0.03722453 0.08914425
v -0.07521150 -0.03722453 0.08914425
v -0.07656415 -0.03748973 0.08929050
v -0.07656415 -0.03748973 0.08929050
v -0.07576075 -0.03914333 0.08927295
v -0.07576075 -0.03914333 0.08927295
v -0.07665775 -0.03750403 0.08879455
v -0.07706530 -0.03608573 0.08423090
v -0.07607600 -0.03817223 0.08441615
v -0.07584460 -0.03916413 0.08878545
v -0.07674875 -0.03455693 0.08014110
v -0.07559305 -0.03702628 0.08050705
v -0.07622225 -0.03716408 0.08054020
v -0.07622225 -0.03716408 0.08054020
v -0.07738315 -0.03465833 0.08017100
v -0.07738315 -0.03465833 0.08017100
v -0.07791160 -0.03181978 0.08012355
v -0.07727330 -0.03173853 0.08009625
v -0.07727330 -0.03173853 0.08009625
v -0.07611370 -0.03445423 0.08011055
v -0.07611370 -0.03445423 0.08011055
v -0.07496255 -0.03689043 0.08047455
v -0.07496255 -0.03689043 0.08047455
v -0.07553780 -0.03580818 0.08413340
v -0.07508085 -0.03719008 0.08864635
v -0.07436845 -0.03877023 0.08863270
v -0.07459920 -0.03781213 0.08431280
v -0.09356425 -0.02458463 0.09208160
v -0.09358115 -0.03082853 0.09551035
v -0.07424300 -0.03930258 0.08857550
v -0.07424300 -0.03930258 0.08857550
v -0.07485335 -0.03948393 0.08865220
v -0.07546175 -0.03966658 0.08872760
v -0.07546175 -0.03966658 0.08872760
v -0.07546175 -0.03966658 0.08872760
v -0.08721570 -0.02623303 0.09262500
v -0.08721570 -0.02623303 0.09262500
v -0.08642725 -0.02717878 0.09237410
v -0.08642725 -0.02717878 0.09237410
v -0.08739055 -0.02983988 0.09001005
v -0.08739055 -0.02983988 0.09001005
v -0.08739055 -0.02983988 0.09001005
v -0.08647405 -0.02899163 0.08948875
v -0.08647405 -0.02899163 0.08948875
v -0.07555080 -0.03969258 0.08842665
v -0.07555080 -0.03969258 0.08842665
v -0.07546825 -0.03938058 0.08491080
v -0.07402070 -0.03895548 0.08480355
v -0.07411755 -0.03926423 0.08827260
v -0.09605505 -0.02946548 0.09282065
v -0.09605505 -0.02946548 0.09282065
v -0.09363380 -0.02957078 0.09214335
v -0.09363380 -0.02957078 0.09214335
v -0.09576970 -0.02567338 0.09618635
v -0.09576970 -0.02567338 0.09618635
v -0.09334650 -0.02583263 0.09528740
v -0.09334650 -0.02583263 0.09528740
v -0.09352980 -0.02586578 0.09201985
v -0.09352980 -0.02586578 0.09201985
v -0.09346220 -0.02955843 0.09541155
v -0.09346220 -0.02955843 0.09541155
v -0.09008025 -0.02972418 0.09105395
v -0.09008025 -0.02972418 0.09105395
v -0.08981310 -0.02606338 0.09381060
v -0.08981310 -0.02606338 0.09381060
v -0.09578270 -0.02923473 0.09582430
v -0.09578270 -0.02923473 0.09582430
v -0.09642425 -0.02837673 0.09611615
v -0.09636055 -0.02671793 0.09610380
v -0.09646845 -0.02673938 0.09323730
v -0.09646845 -0.02673938 0.09323730
v -0.09652955 -0.02839168 0.09324900
v -0.09652955 -0.02839168 0.09324900
v -0.09590555 -0.02924513 0.09309885
v -0.09590555 -0.02924513 0.09309885
v -0.09590555 -0.02924513 0.09309885
v -0.08657805 -0.02727693 0.09208680
v -0.08657805 -0.02727693 0.09208680
v -0.08657805 -0.02727693 0.09208680
v -0.08662030 -0.02884083 0.09227465
v -0.08662030 -0.02884083 0.09227465
v -0.08744905 -0.02958898 0.09273875
v -0.08751600 -0.02959808 0.09039810
v -0.08751600 -0.02959808 0.09039810
v -0.08662420 -0.02885838 0.08989110
v -0.08662420 -0.02885838 0.08989110
v -0.08658455 -0.02730618 0.08970325
v -0.08658455 -0.02730618 0.08970325
v -0.08998665 -0.02948108 0.09382815
v -0.09355190 -0.02934393 0.09244755
v -0.09341280 -0.02933548 0.09505470
v -0.09012120 -0.02948823 0.09140755
v -0.09579830 -0.02595288 0.09308065
v -0.09579830 -0.02595288 0.09308065
v -0.09566700 -0.02592948 0.09580415
v -0.09566700 -0.02592948 0.09580415
v -0.09566700 -0.02592948 0.09580415
v -0.08743410 -0.02647678 0.08999770
v -0.08743410 -0.02647678 0.08999770
v -0.08736390 -0.02644558 0.09233965
v -0.08736390 -0.02644558 0.09233965
v -0.09003345 -0.02631493 0.09107930
v -0.09331205 -0.02607638 0.09493055
v -0.09331205 -0.02607638 0.09493055
v -0.09346025 -0.02610043 0.09232535
v -0.08989565 -0.02628893 0.09350055
v -0.08662420 -0.02884928 0.09108255
v -0.08662420 -0.02884928 0.09108255
v -0.08658325 -0.02729188 0.09089470
v -0.08658325 -0.02729188 0.09089470
v -0.08748480 -0.02959353 0.09156875
v -0.08740095 -0.02646118 0.09116900
v -0.08996650 -0.02630193 0.09229025
v -0.09338745 -0.02608873 0.09362795
v -0.09573395 -0.02594118 0.09444240
v -0.09573395 -0.02594118 0.09444240
v -0.09641645 -0.02672833 0.09468680
v -0.09647820 -0.02838388 0.09469980
v -0.09584575 -0.02923993 0.09446190
v -0.09584575 -0.02923993 0.09446190
v -0.09348365 -0.02933938 0.09375145
v -0.09005555 -0.02948498 0.09261720
v -0.11596065 0.02638642 0.10007920
v -0.12114700 0.02880182 0.10032620
v -0.12114700 0.02880182 0.10032620
v -0.12320425 0.02987172 0.09799075
v -0.12320425 0.02987172 0.09799075
v -0.12320425 0.02987172 0.09799075
v -0.11290955 0.02508837 0.09599330
v -0.11290955 0.02508837 0.09599330
v -0.11283285 0.02504157 0.09749610
v -0.11283285 0.02504157 0.09749610
v -0.12074725 0.02873487 0.09497735
v -0.11556350 0.02632012 0.09472970
v -0.12327770 0.02991852 0.09648795
v -0.12327770 0.02991852 0.09648795
v -0.12327770 0.02991852 0.09648795
v -0.11240710 0.02970727 0.09962940
v -0.11553685 0.03360727 0.09986405
v -0.11698765 0.03550593 0.09797775
v -0.11698765 0.03550593 0.09797775
v -0.11079770 0.02776767 0.09600630
v -0.11079770 0.02776767 0.09600630
v -0.11079770 0.02776767 0.09600630
v -0.11073010 0.02770657 0.09750910
v -0.11073010 0.02770657 0.09750910
v -0.11073010 0.02770657 0.09750910
v -0.11553165 0.03364888 0.09509955
v -0.11240450 0.02974887 0.09486555
v -0.11705265 0.03556702 0.09647495
v -0.11705265 0.03556702 0.09647495
v -0.10592985 0.03114832 0.09879090
v -0.10692695 0.03546172 0.09895990
v -0.10741120 0.03764767 0.09759750
v -0.10741120 0.03764767 0.09759750
v -0.10546315 0.02907092 0.09576450
v -0.10546315 0.02907092 0.09576450
v -0.10541830 0.02902087 0.09728225
v -0.10541830 0.02902087 0.09728225
v -0.10695490 0.03556182 0.09484605
v -0.10595520 0.03125167 0.09467575
v -0.10745865 0.03769447 0.09608040
v -0.10745865 0.03769447 0.09608040
v -0.09820590 0.03226697 0.09738950
v -0.09825660 0.03551957 0.09745450
v -0.09572810 0.03718097 0.09669270
v -0.09761245 0.03820862 0.09630400
v -0.09761245 0.03820862 0.09630400
v -0.09764820 0.02964292 0.09462375
v -0.09759360 0.02960522 0.09619285
v -0.09759360 0.02960522 0.09619285
v -0.09578140 0.03075117 0.09661405
v -0.09828325 0.03558002 0.09375925
v -0.09823125 0.03233652 0.09369360
v -0.09592115 0.03081357 0.09330425
v -0.09592115 0.03081357 0.09330425
v -0.09766640 0.03823202 0.09473295
v -0.09766640 0.03823202 0.09473295
v -0.09586005 0.03721802 0.09337965
v -0.09453795 0.03311197 0.09647495
v -0.09453795 0.03311197 0.09647495
v -0.09448660 0.03500932 0.09648795
v -0.09448660 0.03500932 0.09648795
v -0.09377615 0.03594272 0.09620780
v -0.09377615 0.03594272 0.09620780
v -0.09377615 0.03594272 0.09620780
v -0.09176115 0.02987627 0.09298380
v -0.09167925 0.02984507 0.09459840
v -0.09167925 0.02984507 0.09459840
v -0.09158370 0.03087792 0.09537775
v -0.09461595 0.03503792 0.09295585
v -0.09461595 0.03503792 0.09295585
v -0.09461595 0.03503792 0.09295585
v -0.09467120 0.03315032 0.09294350
v -0.09467120 0.03315032 0.09294350
v -0.09405110 0.03220717 0.09280245
v -0.09405110 0.03220717 0.09280245
v -0.09139130 0.03821707 0.09473750
v -0.09139130 0.03821707 0.09473750
v -0.09146475 0.03822422 0.09311965
v -0.09146475 0.03822422 0.09311965
v -0.09153105 0.03718552 0.09220965
v -0.08358155 0.03699118 0.09243130
v -0.08358155 0.03699118 0.09243130
v -0.08203455 0.03798762 0.09097855
v -0.08203455 0.03798762 0.09097855
v -0.08751340 0.03809227 0.09326980
v -0.08751340 0.03809227 0.09326980
v -0.08765445 0.03706917 0.09414470
v -0.08778640 0.03581532 0.09413755
v -0.08778640 0.03581532 0.09413755
v -0.08518120 0.03575942 0.09302345
v -0.08518120 0.03575942 0.09302345
v -0.08440120 0.03484747 0.09256130
v -0.08440120 0.03484747 0.09256130
v -0.08187595 0.03545067 0.09145175
v -0.07843420 0.03619753 0.08982480
v -0.07739680 0.03830222 0.08915400
v -0.07739680 0.03830222 0.08915400
v -0.07739680 0.03830222 0.08915400
v -0.08392150 0.02994517 0.09075625
v -0.08392150 0.02994517 0.09075625
v -0.08781305 0.02990618 0.09293375
v -0.08781305 0.02990618 0.09293375
v -0.08787350 0.02993932 0.09130355
v -0.08787350 0.02993932 0.09130355
v -0.08388965 0.02996857 0.08909810
v -0.08388965 0.02996857 0.08909810
v -0.08093215 0.02984442 0.08649030
v -0.08093215 0.02984442 0.08649030
v -0.08114730 0.02986912 0.08914165
v -0.08114730 0.02986912 0.08914165
v -0.08031530 0.03197447 0.08981830
v -0.08278140 0.03244312 0.09135295
v -0.08460205 0.03093967 0.09211995
v -0.08787675 0.03091367 0.09381255
v -0.08460985 0.03098972 0.08890505
v -0.08460985 0.03098972 0.08890505
v -0.08802235 0.03097347 0.09059245
v -0.08802235 0.03097347 0.09059245
v -0.08808475 0.03221367 0.09072505
v -0.08808475 0.03221367 0.09072505
v -0.08539570 0.03221497 0.08960965
v -0.08539570 0.03221497 0.08960965
v -0.08539570 0.03221497 0.08960965
v -0.08446750 0.03309962 0.08930025
v -0.08446750 0.03309962 0.08930025
v -0.08266765 0.03247237 0.08808670
v -0.08266765 0.03247237 0.08808670
v -0.08003060 0.03162932 0.08417760
v -0.08003060 0.03162932 0.08417760
v -0.08200465 0.03797917 0.08931910
v -0.08200465 0.03797917 0.08931910
v -0.08358935 0.03699312 0.08921575
v -0.08779030 0.03708478 0.09092395
v -0.08756605 0.03809682 0.09163895
v -0.08756605 0.03809682 0.09163895
v -0.07754890 0.03759112 0.08603270
v -0.07754890 0.03759112 0.08603270
v -0.07754890 0.03759112 0.08603270
v -0.07851675 0.03516467 0.08371415
v -0.08176545 0.03545522 0.08818420
v -0.08176545 0.03545522 0.08818420
v -0.07650175 0.03635287 0.08922160
v -0.07477145 0.03978227 0.08922030
v -0.07549685 0.03991422 0.08929050
v -0.07549685 0.03991422 0.08929050
v -0.07724340 0.03644322 0.08928855
v -0.07927530 0.03200827 0.08928465
v -0.07858110 0.03195173 0.08922160
v -0.07787975 0.03189452 0.08915855
v -0.07787975 0.03189452 0.08915855
v -0.07574840 0.03626317 0.08915530
v -0.07574840 0.03626317 0.08915530
v -0.07403630 0.03964837 0.08915075
v -0.07403630 0.03964837 0.08915075
v -0.07955415 0.02971767 0.08872500
v -0.07955415 0.02971767 0.08872500
v -0.08020285 0.02977422 0.08877700
v -0.08020285 0.02977422 0.08877700
v -0.07988305 0.02971052 0.08515650
v -0.07988305 0.02971052 0.08515650
v -0.07922980 0.02964357 0.08512400
v -0.07857460 0.02957662 0.08509085
v -0.07857460 0.02957662 0.08509085
v -0.07890285 0.02966112 0.08867300
v -0.07890285 0.02966112 0.08867300
v -0.07890285 0.02966112 0.08867300
v -0.07827950 0.03123087 0.08134620
v -0.07827950 0.03123087 0.08134620
v -0.07893470 0.03130172 0.08136960
v -0.07893470 0.03130172 0.08136960
v -0.07893470 0.03130172 0.08136960
v -0.07763405 0.03439767 0.08043620
v -0.07763405 0.03439767 0.08043620
v -0.07698990 0.03430732 0.08041085
v -0.07634510 0.03421632 0.08038485
v -0.07634510 0.03421632 0.08038485
v -0.07762300 0.03116067 0.08132150
v -0.07762300 0.03116067 0.08132150
v -0.07762300 0.03116067 0.08132150
v -0.07172100 0.04478792 0.08518705
v -0.07197970 0.04395528 0.08166535
v -0.07197970 0.04395528 0.08166535
v -0.07258810 0.04417497 0.08170175
v -0.07258810 0.04417497 0.08170175
v -0.07258810 0.04417497 0.08170175
v -0.07231575 0.04502322 0.08523320
v -0.07231575 0.04502322 0.08523320
v -0.07242040 0.04523122 0.08806525
v -0.07242040 0.04523122 0.08806525
v -0.07183930 0.04499722 0.08799895
v -0.07125690 0.04476322 0.08793265
v -0.07125690 0.04476322 0.08793265
v -0.07112560 0.04455262 0.08514025
v -0.07112560 0.04455262 0.08514025
v -0.07137000 0.04373752 0.08163025
v -0.07137000 0.04373752 0.08163025
v -0.07137000 0.04373752 0.08163025
v -0.07559955 0.03992982 0.08879390
v -0.07559955 0.03992982 0.08879390
v -0.07599540 0.03860187 0.08422050
v -0.07630025 0.03725897 0.08015085
v -0.07630025 0.03725897 0.08015085
v -0.07561255 0.03623262 0.08800675
v -0.07773155 0.03186852 0.08801065
v -0.07760805 0.03150062 0.08409570
v -0.07592260 0.03520952 0.08362510
v -0.07442240 0.03830157 0.08413015
v -0.07391085 0.03961717 0.08865350
v -0.07329335 0.04253113 0.08921705
v -0.07395635 0.04270793 0.08929050
v -0.07395635 0.04270793 0.08929050
v -0.07262320 0.04235497 0.08914425
v -0.07262320 0.04235497 0.08914425
v -0.07181265 0.04389092 0.08912280
v -0.07181265 0.04389092 0.08912280
v -0.07181265 0.04389092 0.08912280
v -0.07243210 0.04409763 0.08919820
v -0.07243210 0.04409763 0.08919820
v -0.07304700 0.04430627 0.08927295
v -0.07304700 0.04430627 0.08927295
v -0.07304700 0.04430627 0.08927295
v -0.07404865 0.04272807 0.08879455
v -0.07312955 0.04433162 0.08878545
v -0.07342465 0.04335662 0.08441615
v -0.07454720 0.04133903 0.08423090
v -0.07433140 0.03979267 0.08014110
v -0.07370480 0.03964967 0.08011055
v -0.07370480 0.03964967 0.08011055
v -0.07503730 0.03701457 0.08009625
v -0.07503730 0.03701457 0.08009625
v -0.07566910 0.03713742 0.08012355
v -0.07495800 0.03993567 0.08017100
v -0.07495800 0.03993567 0.08017100
v -0.07363590 0.04236082 0.08054020
v -0.07363590 0.04236082 0.08054020
v -0.07301710 0.04218207 0.08050705
v -0.07239700 0.04200528 0.08047455
v -0.07239700 0.04200528 0.08047455
v -0.07304115 0.04096267 0.08413340
v -0.07197450 0.04290227 0.08431280
v -0.07168200 0.04384282 0.08863270
v -0.07249645 0.04231273 0.08864635
v -0.09175855 0.03093447 0.09208160
v -0.09175855 0.03093447 0.09208160
v -0.09137050 0.03716602 0.09551035
v -0.07211945 0.04458642 0.08865220
v -0.07152210 0.04436607 0.08857615
v -0.07152210 0.04436607 0.08857615
v -0.07271420 0.04480807 0.08872760
v -0.07271420 0.04480807 0.08872760
v -0.08446815 0.03305932 0.09237410
v -0.08446815 0.03305932 0.09237410
v -0.08446815 0.03305932 0.09237410
v -0.08531705 0.03216622 0.09262500
v -0.08531705 0.03216622 0.09262500
v -0.08439730 0.03487153 0.08948875
v -0.08439730 0.03487153 0.08948875
v -0.08525660 0.03577697 0.09001005
v -0.08525660 0.03577697 0.09001005
v -0.08525660 0.03577697 0.09001005
v -0.07280195 0.04484058 0.08842730
v -0.07280195 0.04484058 0.08842730
v -0.07273955 0.04452403 0.08491080
v -0.07132320 0.04400532 0.08480355
v -0.07139925 0.04431927 0.08827260
v -0.09392695 0.03596677 0.09282065
v -0.09392695 0.03596677 0.09282065
v -0.09150505 0.03591412 0.09214335
v -0.09150505 0.03591412 0.09214335
v -0.09388925 0.03216362 0.09618635
v -0.09388925 0.03216362 0.09618635
v -0.09388925 0.03216362 0.09618635
v -0.09146020 0.03216492 0.09528740
v -0.09146020 0.03216492 0.09528740
v -0.09164155 0.03221043 0.09201985
v -0.09164155 0.03221043 0.09201985
v -0.09133410 0.03589072 0.09541155
v -0.09133410 0.03589072 0.09541155
v -0.08794890 0.03583678 0.09105395
v -0.08794890 0.03583678 0.09105395
v -0.08791900 0.03216622 0.09381060
v -0.08791900 0.03216622 0.09381060
v -0.09441055 0.03324457 0.09610380
v -0.09436635 0.03490467 0.09611615
v -0.09367085 0.03571847 0.09582430
v -0.09367085 0.03571847 0.09582430
v -0.09379305 0.03573667 0.09309885
v -0.09379305 0.03573667 0.09309885
v -0.09447035 0.03492612 0.09324900
v -0.09447035 0.03492612 0.09324900
v -0.09451715 0.03327252 0.09323730
v -0.09451715 0.03327252 0.09323730
v -0.08533135 0.03553062 0.09273875
v -0.08533135 0.03553062 0.09273875
v -0.08455330 0.03473047 0.09227465
v -0.08455330 0.03473047 0.09227465
v -0.08455330 0.03473047 0.09227465
v -0.08461245 0.03316722 0.09208680
v -0.08461245 0.03316722 0.09208680
v -0.08461765 0.03319647 0.08970325
v -0.08461765 0.03319647 0.08970325
v -0.08455590 0.03474802 0.08989110
v -0.08455590 0.03474802 0.08989110
v -0.08539765 0.03554427 0.09039810
v -0.08539765 0.03554427 0.09039810
v -0.08787025 0.03558782 0.09382815
v -0.09143680 0.03568272 0.09244755
v -0.09129900 0.03566582 0.09505470
v -0.08800480 0.03560472 0.09140755
v -0.09389900 0.03244507 0.09308065
v -0.09389900 0.03244507 0.09308065
v -0.09389900 0.03244507 0.09308065
v -0.09376965 0.03241322 0.09580415
v -0.09376965 0.03241322 0.09580415
v -0.08551920 0.03242427 0.08999770
v -0.08551920 0.03242427 0.08999770
v -0.08545095 0.03238852 0.09233965
v -0.08812310 0.03243142 0.09107930
v -0.09141080 0.03240672 0.09493055
v -0.09155640 0.03244052 0.09232535
v -0.08798725 0.03239697 0.09350055
v -0.08455720 0.03473892 0.09108255
v -0.08455720 0.03473892 0.09108255
v -0.08536645 0.03553712 0.09156875
v -0.08461700 0.03318152 0.09089470
v -0.08461700 0.03318152 0.09089470
v -0.08548670 0.03240607 0.09116900
v -0.08805745 0.03241452 0.09229025
v -0.09148490 0.03242297 0.09362795
v -0.09383595 0.03242882 0.09444240
v -0.09383595 0.03242882 0.09444240
v -0.09446580 0.03325887 0.09468680
v -0.09442030 0.03491507 0.09469980
v -0.09373325 0.03572757 0.09446190
v -0.09373325 0.03572757 0.09446190
v -0.09136985 0.03567427 0.09375145
v -0.08793915 0.03559627 0.09261720
v 0.12550200 0.01015202 0.10082930
v 0.12550200 0.01015202 0.10082930
v 0.12782640 0.01034117 0.09799075
v 0.12487410 0.02180457 0.09799075
v 0.12487410 0.02180457 0.09799075
v 0.12487410 0.02180457 0.09799075
v 0.12275185 0.02087117 0.10032620
v 0.12275185 0.02087117 0.10032620
v 0.11741925 0.01879767 0.10007920
v 0.11813750 0.00974447 0.10058165
v 0.11751610 -0.00365983 0.10088260
v 0.12622025 -0.00394323 0.10112895
v 0.12622025 -0.00394323 0.10112895
v 0.12867595 -0.00402253 0.09799075
v 0.11310065 0.00952672 0.09749610
v 0.11310065 0.00952672 0.09749610
v 0.11421085 0.01765887 0.09749610
v 0.11421085 0.01765887 0.09749610
v 0.11429015 0.01769982 0.09599330
v 0.11429015 0.01769982 0.09599330
v 0.11319165 0.00953712 0.09599330
v 0.11319165 0.00953712 0.09599330
v 0.11136385 -0.00345963 0.09599330
v 0.11136385 -0.00345963 0.09599330
v 0.11127220 -0.00345703 0.09749610
v 0.11127220 -0.00345703 0.09749610
v 0.11696685 0.00974512 0.09456525
v 0.11701950 0.01875672 0.09472970
v 0.12234885 0.02083022 0.09497735
v 0.12432615 0.01015267 0.09481225
v 0.12452635 -0.00388798 0.09473620
v 0.11582935 -0.00360458 0.09448920
v 0.12791220 0.01035222 0.09648795
v 0.12791220 0.01035222 0.09648795
v 0.12495080 0.02184682 0.09648795
v 0.12495080 0.02184682 0.09648795
v 0.12495080 0.02184682 0.09648795
v 0.12876175 -0.00402513 0.09648795
v 0.12876175 -0.00402513 0.09648795
v 0.11903645 0.02783137 0.09797775
v 0.11903645 0.02783137 0.09797775
v 0.11746540 0.02603087 0.09986405
v 0.11408865 0.02234212 0.09962940
v 0.11228555 0.02045452 0.09750910
v 0.11228555 0.02045452 0.09750910
v 0.11228555 0.02045452 0.09750910
v 0.11235640 0.02051172 0.09600630
v 0.11235640 0.02051172 0.09600630
v 0.11235640 0.02051172 0.09600630
v 0.11408865 0.02238373 0.09486555
v 0.11746345 0.02607247 0.09509955
v 0.11910600 0.02788792 0.09647495
v 0.11910600 0.02788792 0.09647495
v 0.10961990 0.03058997 0.09759750
v 0.10961990 0.03058997 0.09759750
v 0.10899460 0.02844042 0.09895990
v 0.10771930 0.02420047 0.09879090
v 0.10707060 0.02211072 0.09728225
v 0.10707060 0.02211072 0.09728225
v 0.10711870 0.02215882 0.09576450
v 0.10711870 0.02215882 0.09576450
v 0.10775115 0.02430187 0.09467575
v 0.10902840 0.02853792 0.09484605
v 0.10966995 0.03063352 0.09608040
v 0.10966995 0.03063352 0.09608040
v 0.09987770 0.03178727 0.09630400
v 0.09987770 0.03178727 0.09630400
v 0.09793095 0.03088377 0.09669270
v 0.10034635 0.02906182 0.09745450
v 0.10008375 0.02581897 0.09738950
v 0.09756695 0.02446437 0.09661405
v 0.09929985 0.02320272 0.09619285
v 0.09929985 0.02320272 0.09619285
v 0.09935770 0.02323717 0.09462375
v 0.09770930 0.02451702 0.09330425
v 0.09770930 0.02451702 0.09330425
v 0.10011365 0.02588722 0.09369360
v 0.10037690 0.02911967 0.09375925
v 0.09806420 0.03091172 0.09337965
v 0.09993295 0.03180677 0.09473295
v 0.09993295 0.03180677 0.09473295
v 0.09590295 0.02977487 0.09620780
v 0.09590295 0.02977487 0.09620780
v 0.09590295 0.02977487 0.09620780
v 0.09655100 0.02879727 0.09648795
v 0.09655100 0.02879727 0.09648795
v 0.09647820 0.02690057 0.09647495
v 0.09647820 0.02690057 0.09647495
v 0.09338550 0.02486412 0.09537775
v 0.09341410 0.02382607 0.09459840
v 0.09341410 0.02382607 0.09459840
v 0.09349730 0.02385207 0.09298380
v 0.09593415 0.02602957 0.09280245
v 0.09593415 0.02602957 0.09280245
v 0.09661470 0.02693047 0.09294350
v 0.09661470 0.02693047 0.09294350
v 0.09668230 0.02881742 0.09295585
v 0.09668230 0.02881742 0.09295585
v 0.09668230 0.02881742 0.09295585
v 0.09374300 0.03116132 0.09220965
v 0.09374430 0.03220132 0.09311965
v 0.09374430 0.03220132 0.09311965
v 0.09367085 0.03220003 0.09473750
v 0.09367085 0.03220003 0.09473750
v 0.08579805 0.03148307 0.09243130
v 0.08579805 0.03148307 0.09243130
v 0.08986640 0.03129587 0.09414470
v 0.08979230 0.03232677 0.09326980
v 0.08979230 0.03232677 0.09326980
v 0.08431865 0.03257832 0.09097855
v 0.08431865 0.03257832 0.09097855
v 0.07971080 0.03319322 0.08915400
v 0.07971080 0.03319322 0.08915400
v 0.08060975 0.03102482 0.08982480
v 0.08399495 0.03005697 0.09145175
v 0.08647600 0.02929062 0.09256130
v 0.08647600 0.02929062 0.09256130
v 0.08731385 0.03014992 0.09302345
v 0.08731385 0.03014992 0.09302345
v 0.08991710 0.03003682 0.09413755
v 0.08991710 0.03003682 0.09413755
v 0.08567910 0.02442992 0.09075625
v 0.08567910 0.02442992 0.09075625
v 0.08642270 0.02537827 0.09211995
v 0.08470410 0.02699677 0.09135295
v 0.08221200 0.02668997 0.08981830
v 0.08290620 0.02453457 0.08914165
v 0.08290620 0.02453457 0.08914165
v 0.08268975 0.02452352 0.08649030
v 0.08268975 0.02452352 0.08649030
v 0.08564855 0.02445527 0.08909810
v 0.08564855 0.02445527 0.08909810
v 0.08962265 0.02416732 0.09130355
v 0.08962265 0.02416732 0.09130355
v 0.08956025 0.02413872 0.09293375
v 0.08956025 0.02413872 0.09293375
v 0.08968895 0.02514037 0.09381255
v 0.08643375 0.02542832 0.08890505
v 0.08643375 0.02542832 0.08890505
v 0.08190585 0.02636367 0.08417760
v 0.08190585 0.02636367 0.08417760
v 0.08459230 0.02703317 0.08808670
v 0.08459230 0.02703317 0.08808670
v 0.08642920 0.02754277 0.08930025
v 0.08642920 0.02754277 0.08930025
v 0.08729760 0.02659897 0.08960965
v 0.08729760 0.02659897 0.08960965
v 0.08729760 0.02659897 0.08960965
v 0.08998080 0.02642347 0.09072505
v 0.08998080 0.02642347 0.09072505
v 0.08983780 0.02518977 0.09059245
v 0.08983780 0.02518977 0.09059245
v 0.08428810 0.03257182 0.08931910
v 0.08428810 0.03257182 0.08931910
v 0.08984625 0.03232742 0.09163895
v 0.08984625 0.03232742 0.09163895
v 0.09000355 0.03130368 0.09092395
v 0.08580585 0.03148502 0.08921575
v 0.08388575 0.03006802 0.08818420
v 0.08388575 0.03006802 0.08818420
v 0.08062470 0.02999002 0.08371415
v 0.07981675 0.03247367 0.08603270
v 0.07981675 0.03247367 0.08603270
v 0.07981675 0.03247367 0.08603270
v 0.11726585 -0.01707583 0.10058165
v 0.12458745 -0.01796113 0.10082930
v 0.12458745 -0.01796113 0.10082930
v 0.12689495 -0.01830173 0.09799075
v 0.11234340 -0.01654803 0.09599330
v 0.11234340 -0.01654803 0.09599330
v 0.11225305 -0.01653113 0.09749610
v 0.11225305 -0.01653113 0.09749610
v 0.12341485 -0.01788508 0.09481225
v 0.11609780 -0.01700043 0.09456525
v 0.12698010 -0.01831733 0.09648795
v 0.12698010 -0.01831733 0.09648795
v 0.07869160 0.03130627 0.08922160
v 0.07943715 0.03134853 0.08928855
v 0.07792005 0.03492612 0.08929050
v 0.07792005 0.03492612 0.08929050
v 0.07718815 0.03484032 0.08922030
v 0.07644520 0.03475517 0.08915075
v 0.07644520 0.03475517 0.08915075
v 0.07793370 0.03126532 0.08915530
v 0.07793370 0.03126532 0.08915530
v 0.07977645 0.02676797 0.08915855
v 0.07977645 0.02676797 0.08915855
v 0.08048105 0.02677902 0.08922160
v 0.08117720 0.02679072 0.08928465
v 0.08130655 0.02448647 0.08872500
v 0.08130655 0.02448647 0.08872500
v 0.08065265 0.02447282 0.08867300
v 0.08065265 0.02447282 0.08867300
v 0.08065265 0.02447282 0.08867300
v 0.08031985 0.02440977 0.08509085
v 0.08031985 0.02440977 0.08509085
v 0.08097765 0.02443317 0.08512400
v 0.08163415 0.02445852 0.08515650
v 0.08163415 0.02445852 0.08515650
v 0.08195720 0.02450142 0.08877700
v 0.08195720 0.02450142 0.08877700
v 0.08013200 0.02608027 0.08134620
v 0.08013200 0.02608027 0.08134620
v 0.07947290 0.02605232 0.08132150
v 0.07947290 0.02605232 0.08132150
v 0.07947290 0.02605232 0.08132150
v 0.07839650 0.02918468 0.08038485
v 0.07839650 0.02918468 0.08038485
v 0.07904520 0.02923277 0.08041085
v 0.07969390 0.02928152 0.08043620
v 0.07969390 0.02928152 0.08043620
v 0.08079110 0.02610757 0.08136960
v 0.08079110 0.02610757 0.08136960
v 0.08079110 0.02610757 0.08136960
v 0.07446855 0.04003447 0.08518705
v 0.07507760 0.04023012 0.08523320
v 0.07507760 0.04023012 0.08523320
v 0.07529470 0.03936627 0.08170175
v 0.07529470 0.03936627 0.08170175
v 0.07529470 0.03936627 0.08170175
v 0.07467265 0.03918687 0.08166535
v 0.07467265 0.03918687 0.08166535
v 0.07404995 0.03900877 0.08163025
v 0.07404995 0.03900877 0.08163025
v 0.07404995 0.03900877 0.08163025
v 0.07385950 0.03983752 0.08514025
v 0.07385950 0.03983752 0.08514025
v 0.07400380 0.04003967 0.08793265
v 0.07400380 0.04003967 0.08793265
v 0.07460050 0.04023532 0.08799895
v 0.07519590 0.04043098 0.08806525
v 0.07519590 0.04043098 0.08806525
v 0.07802340 0.03493457 0.08879390
v 0.07802340 0.03493457 0.08879390
v 0.07802340 0.03493457 0.08879390
v 0.07854925 0.03222407 0.08015085
v 0.07854925 0.03222407 0.08015085
v 0.07833215 0.03358322 0.08422050
v 0.07833215 0.03358322 0.08422050
v 0.07779590 0.03124387 0.08800675
v 0.07631780 0.03473242 0.08865350
v 0.07674290 0.03338562 0.08413015
v 0.07803900 0.03020257 0.08362510
v 0.07948070 0.02639162 0.08409570
v 0.07962760 0.02675107 0.08801065
v 0.07589075 0.03768017 0.08921705
v 0.07513350 0.03929932 0.08919820
v 0.07513350 0.03929932 0.08919820
v 0.07450235 0.03913357 0.08912280
v 0.07450235 0.03913357 0.08912280
v 0.07450235 0.03913357 0.08912280
v 0.07521150 0.03754757 0.08914425
v 0.07521150 0.03754757 0.08914425
v 0.07656415 0.03781342 0.08929050
v 0.07656415 0.03781342 0.08929050
v 0.07576075 0.03946702 0.08927295
v 0.07576075 0.03946702 0.08927295
v 0.07576075 0.03946702 0.08927295
v 0.07665775 0.03782772 0.08879455
v 0.07706530 0.03640877 0.08423090
v 0.07607600 0.03849527 0.08441615
v 0.07584460 0.03948717 0.08878545
v 0.07674875 0.03487998 0.08014110
v 0.07559240 0.03734997 0.08050705
v 0.07622160 0.03748712 0.08054020
v 0.07622160 0.03748712 0.08054020
v 0.07738315 0.03498137 0.08017100
v 0.07738315 0.03498137 0.08017100
v 0.07791160 0.03214282 0.08012355
v 0.07727330 0.03206158 0.08009625
v 0.07727330 0.03206158 0.08009625
v 0.07611370 0.03477792 0.08011055
v 0.07611370 0.03477792 0.08011055
v 0.07496255 0.03721347 0.08047455
v 0.07496255 0.03721347 0.08047455
v 0.07553780 0.03613122 0.08413340
v 0.07508085 0.03751312 0.08864635
v 0.07436845 0.03909327 0.08863270
v 0.07459920 0.03813518 0.08431280
v 0.09356425 0.02490832 0.09208160
v 0.09356425 0.02490832 0.09208160
v 0.09358115 0.03115157 0.09551035
v 0.07424300 0.03962627 0.08857615
v 0.07424300 0.03962627 0.08857615
v 0.07485335 0.03980762 0.08865220
v 0.07546175 0.03998963 0.08872760
v 0.07546175 0.03998963 0.08872760
v 0.08721570 0.02655607 0.09262500
v 0.08721570 0.02655607 0.09262500
v 0.08642660 0.02750182 0.09237410
v 0.08642660 0.02750182 0.09237410
v 0.08642660 0.02750182 0.09237410
v 0.08739055 0.03016357 0.09001005
v 0.08739055 0.03016357 0.09001005
v 0.08739055 0.03016357 0.09001005
v 0.08647405 0.02931467 0.08948875
v 0.08647405 0.02931467 0.08948875
v 0.07555080 0.04001627 0.08842730
v 0.07555080 0.04001627 0.08842730
v 0.07546825 0.03970427 0.08491080
v 0.07402070 0.03927917 0.08480355
v 0.07411755 0.03958727 0.08827260
v 0.09605505 0.02978917 0.09282065
v 0.09605505 0.02978917 0.09282065
v 0.09363380 0.02989447 0.09214335
v 0.09363380 0.02989447 0.09214335
v 0.09576970 0.02599642 0.09618635
v 0.09576970 0.02599642 0.09618635
v 0.09576970 0.02599642 0.09618635
v 0.09334650 0.02615567 0.09528740
v 0.09334650 0.02615567 0.09528740
v 0.09352980 0.02618882 0.09201985
v 0.09352980 0.02618882 0.09201985
v 0.09346220 0.02988212 0.09541155
v 0.09346220 0.02988212 0.09541155
v 0.09008025 0.03004722 0.09105395
v 0.09008025 0.03004722 0.09105395
v 0.08981310 0.02638642 0.09381060
v 0.08981310 0.02638642 0.09381060
v 0.09578270 0.02955777 0.09582430
v 0.09578270 0.02955777 0.09582430
v 0.09642425 0.02870042 0.09611615
v 0.09636055 0.02704162 0.09610380
v 0.09646845 0.02706242 0.09323730
v 0.09646845 0.02706242 0.09323730
v 0.09652955 0.02871472 0.09324900
v 0.09652955 0.02871472 0.09324900
v 0.09590555 0.02956817 0.09309885
v 0.09590555 0.02956817 0.09309885
v 0.08657805 0.02759997 0.09208680
v 0.08657805 0.02759997 0.09208680
v 0.08662030 0.02916387 0.09227465
v 0.08662030 0.02916387 0.09227465
v 0.08662030 0.02916387 0.09227465
v 0.08744905 0.02991202 0.09273875
v 0.08744905 0.02991202 0.09273875
v 0.08751600 0.02992112 0.09039810
v 0.08751600 0.02992112 0.09039810
v 0.08662420 0.02918142 0.08989110
v 0.08662420 0.02918142 0.08989110
v 0.08658455 0.02762922 0.08970325
v 0.08658455 0.02762922 0.08970325
v 0.08998600 0.02980412 0.09382815
v 0.09355190 0.02966697 0.09244755
v 0.09341280 0.02965917 0.09505470
v 0.09012120 0.02981192 0.09140755
v 0.09579765 0.02627592 0.09308065
v 0.09579765 0.02627592 0.09308065
v 0.09579765 0.02627592 0.09308065
v 0.09566700 0.02625252 0.09580415
v 0.09566700 0.02625252 0.09580415
v 0.08743410 0.02679982 0.08999770
v 0.08743410 0.02679982 0.08999770
v 0.08736390 0.02676927 0.09233965
v 0.09003345 0.02663862 0.09107930
v 0.09331205 0.02640007 0.09493055
v 0.09345960 0.02642412 0.09232535
v 0.08989565 0.02661197 0.09350055
v 0.08662420 0.02917297 0.09108255
v 0.08662420 0.02917297 0.09108255
v 0.08658325 0.02761492 0.09089470
v 0.08658325 0.02761492 0.09089470
v 0.08748480 0.02991657 0.09156875
v 0.08740095 0.02678422 0.09116900
v 0.08996650 0.02662497 0.09229025
v 0.09338745 0.02641177 0.09362795
v 0.09573330 0.02626487 0.09444240
v 0.09573330 0.02626487 0.09444240
v 0.09641645 0.02705202 0.09468680
v 0.09647820 0.02870692 0.09469980
v 0.09584575 0.02956297 0.09446190
v 0.09584575 0.02956297 0.09446190
v 0.09348365 0.02966307 0.09375145
v 0.09005555 0.02980802 0.09261720
v 0.11596065 -0.02606338 0.10007920
v 0.12114700 -0.02847878 0.10032620
v 0.12114700 -0.02847878 0.10032620
v 0.12320425 -0.02954868 0.09799075
v 0.12320425 -0.02954868 0.09799075
v 0.11290955 -0.02476533 0.09599330
v 0.11290955 -0.02476533 0.09599330
v 0.11283285 -0.02471853 0.09749610
v 0.11283285 -0.02471853 0.09749610
v 0.12074725 -0.02841183 0.09497735
v 0.11556350 -0.02599708 0.09472970
v 0.12327770 -0.02959483 0.09648795
v 0.12327770 -0.02959483 0.09648795
v 0.11240710 -0.02938423 0.09962940
v 0.11553685 -0.03328423 0.09986405
v 0.11698700 -0.03518288 0.09797775
v 0.11698700 -0.03518288 0.09797775
v 0.11698700 -0.03518288 0.09797775
v 0.11079770 -0.02744463 0.09600630
v 0.11079770 -0.02744463 0.09600630
v 0.11079770 -0.02744463 0.09600630
v 0.11073010 -0.02738353 0.09750910
v 0.11073010 -0.02738353 0.09750910
v 0.11073010 -0.02738353 0.09750910
v 0.11553165 -0.03332518 0.09509955
v 0.11240450 -0.02942518 0.09486555
v 0.11705265 -0.03524398 0.09647495
v 0.11705265 -0.03524398 0.09647495
v 0.11705265 -0.03524398 0.09647495
v 0.10592920 -0.03082463 0.09879090
v 0.10692695 -0.03513803 0.09895990
v 0.10741120 -0.03732398 0.09759750
v 0.10741120 -0.03732398 0.09759750
v 0.10546315 -0.02874788 0.09576450
v 0.10546315 -0.02874788 0.09576450
v 0.10541830 -0.02869718 0.09728225
v 0.10541830 -0.02869718 0.09728225
v 0.10695490 -0.03523813 0.09484605
v 0.10595520 -0.03092863 0.09467575
v 0.10745865 -0.03737078 0.09608040
v 0.10745865 -0.03737078 0.09608040
v 0.09820590 -0.03194393 0.09738950
v 0.09825660 -0.03519653 0.09745450
v 0.09572810 -0.03685793 0.09669270
v 0.09761245 -0.03788558 0.09630400
v 0.09761245 -0.03788558 0.09630400
v 0.09764820 -0.02931988 0.09462375
v 0.09764820 -0.02931988 0.09462375
v 0.09759295 -0.02928218 0.09619285
v 0.09759295 -0.02928218 0.09619285
v 0.09578140 -0.03042813 0.09661405
v 0.09578140 -0.03042813 0.09661405
v 0.09828325 -0.03525633 0.09375925
v 0.09823125 -0.03201348 0.09369360
v 0.09592115 -0.03049053 0.09330425
v 0.09766640 -0.03790898 0.09473295
v 0.09586005 -0.03689433 0.09337965
v 0.09586005 -0.03689433 0.09337965
v 0.09453795 -0.03278893 0.09647495
v 0.09453795 -0.03278893 0.09647495
v 0.09448660 -0.03468628 0.09648795
v 0.09448660 -0.03468628 0.09648795
v 0.09377615 -0.03561968 0.09620780
v 0.09377615 -0.03561968 0.09620780
v 0.09377615 -0.03561968 0.09620780
v 0.09176115 -0.02955258 0.09298380
v 0.09176115 -0.02955258 0.09298380
v 0.09167925 -0.02952203 0.09459840
v 0.09167925 -0.02952203 0.09459840
v 0.09158370 -0.03055488 0.09537775
v 0.09461595 -0.03471488 0.09295585
v 0.09461595 -0.03471488 0.09295585
v 0.09467120 -0.03282728 0.09294350
v 0.09467120 -0.03282728 0.09294350
v 0.09467120 -0.03282728 0.09294350
v 0.09405110 -0.03188413 0.09280245
v 0.09405110 -0.03188413 0.09280245
v 0.09139130 -0.03789403 0.09473750
v 0.09139130 -0.03789403 0.09473750
v 0.09146475 -0.03790118 0.09311965
v 0.09153105 -0.03686248 0.09220965
v 0.09153105 -0.03686248 0.09220965
v 0.08358155 -0.03666813 0.09243130
v 0.08203455 -0.03766458 0.09097855
v 0.08203455 -0.03766458 0.09097855
v 0.08751340 -0.03776923 0.09326980
v 0.08751340 -0.03776923 0.09326980
v 0.08765445 -0.03674548 0.09414470
v 0.08778640 -0.03549228 0.09413755
v 0.08778640 -0.03549228 0.09413755
v 0.08518120 -0.03543573 0.09302345
v 0.08518120 -0.03543573 0.09302345
v 0.08440120 -0.03452378 0.09256130
v 0.08440120 -0.03452378 0.09256130
v 0.08440120 -0.03452378 0.09256130
v 0.08187595 -0.03512698 0.09145175
v 0.07843420 -0.03587383 0.08982480
v 0.07739680 -0.03797918 0.08915400
v 0.07739680 -0.03797918 0.08915400
v 0.08392150 -0.02962213 0.09075625
v 0.08781305 -0.02958313 0.09293375
v 0.08781305 -0.02958313 0.09293375
v 0.08787350 -0.02961563 0.09130355
v 0.08787350 -0.02961563 0.09130355
v 0.08388965 -0.02964488 0.08909810
v 0.08388965 -0.02964488 0.08909810
v 0.08093215 -0.02952138 0.08649030
v 0.08093215 -0.02952138 0.08649030
v 0.08093215 -0.02952138 0.08649030
v 0.08114730 -0.02954608 0.08914165
v 0.08114730 -0.02954608 0.08914165
v 0.08031530 -0.03165143 0.08981830
v 0.08278140 -0.03212008 0.09135295
v 0.08460205 -0.03061598 0.09211995
v 0.08460205 -0.03061598 0.09211995
v 0.08787675 -0.03059063 0.09381255
v 0.08787675 -0.03059063 0.09381255
v 0.08460985 -0.03066668 0.08890505
v 0.08802235 -0.03065043 0.09059245
v 0.08808475 -0.03189063 0.09072505
v 0.08808475 -0.03189063 0.09072505
v 0.08539570 -0.03189193 0.08960965
v 0.08539570 -0.03189193 0.08960965
v 0.08539570 -0.03189193 0.08960965
v 0.08446750 -0.03277658 0.08930025
v 0.08446750 -0.03277658 0.08930025
v 0.08266765 -0.03214868 0.08808670
v 0.08266765 -0.03214868 0.08808670
v 0.08002995 -0.03130563 0.08417760
v 0.08002995 -0.03130563 0.08417760
v 0.08200465 -0.03765613 0.08931910
v 0.08358935 -0.03667008 0.08921575
v 0.08358935 -0.03667008 0.08921575
v 0.08779030 -0.03676108 0.09092395
v 0.08779030 -0.03676108 0.09092395
v 0.08756605 -0.03777313 0.09163895
v 0.07754890 -0.03726808 0.08603270
v 0.07754890 -0.03726808 0.08603270
v 0.07851675 -0.03484163 0.08371415
v 0.08176545 -0.03513218 0.08818420
v 0.08176545 -0.03513218 0.08818420
v 0.07650110 -0.03602983 0.08922160
v 0.07477145 -0.03945858 0.08922030
v 0.07549685 -0.03959118 0.08929050
v 0.07549685 -0.03959118 0.08929050
v 0.07724340 -0.03612018 0.08928855
v 0.07927530 -0.03168458 0.08928465
v 0.07858110 -0.03162803 0.08922160
v 0.07787975 -0.03157148 0.08915855
v 0.07787975 -0.03157148 0.08915855
v 0.07574840 -0.03593948 0.08915530
v 0.07574840 -0.03593948 0.08915530
v 0.07403630 -0.03932533 0.08915075
v 0.07403630 -0.03932533 0.08915075
v 0.07955415 -0.02939398 0.08872500
v 0.07955415 -0.02939398 0.08872500
v 0.08020220 -0.02945053 0.08877700
v 0.08020220 -0.02945053 0.08877700
v 0.07988305 -0.02938683 0.08515650
v 0.07988305 -0.02938683 0.08515650
v 0.07922980 -0.02931988 0.08512400
v 0.07857460 -0.02925358 0.08509085
v 0.07857460 -0.02925358 0.08509085
v 0.07890285 -0.02933808 0.08867300
v 0.07890285 -0.02933808 0.08867300
v 0.07890285 -0.02933808 0.08867300
v 0.07827950 -0.03090783 0.08134620
v 0.07827950 -0.03090783 0.08134620
v 0.07893470 -0.03097868 0.08136960
v 0.07893470 -0.03097868 0.08136960
v 0.07893470 -0.03097868 0.08136960
v 0.07763340 -0.03407398 0.08043620
v 0.07763340 -0.03407398 0.08043620
v 0.07698990 -0.03398363 0.08041085
v 0.07634510 -0.03389328 0.08038485
v 0.07634510 -0.03389328 0.08038485
v 0.07762300 -0.03083698 0.08132150
v 0.07762300 -0.03083698 0.08132150
v 0.07762300 -0.03083698 0.08132150
v 0.07172100 -0.04446488 0.08518705
v 0.07197970 -0.04363223 0.08166535
v 0.07197970 -0.04363223 0.08166535
v 0.07258810 -0.04385128 0.08170175
v 0.07258810 -0.04385128 0.08170175
v 0.07258810 -0.04385128 0.08170175
v 0.07231575 -0.04470018 0.08523320
v 0.07231575 -0.04470018 0.08523320
v 0.07242040 -0.04490818 0.08806525
v 0.07242040 -0.04490818 0.08806525
v 0.07242040 -0.04490818 0.08806525
v 0.07242040 -0.04490818 0.08806525
v 0.07183930 -0.04467418 0.08799895
v 0.07183930 -0.04467418 0.08799895
v 0.07125690 -0.04444018 0.08793265
v 0.07125690 -0.04444018 0.08793265
v 0.07125690 -0.04444018 0.08793265
v 0.07112560 -0.04422893 0.08514025
v 0.07112560 -0.04422893 0.08514025
v 0.07137000 -0.04341448 0.08163025
v 0.07137000 -0.04341448 0.08163025
v 0.07137000 -0.04341448 0.08163025
v 0.07559955 -0.03960678 0.08879390
v 0.07559955 -0.03960678 0.08879390
v 0.07559955 -0.03960678 0.08879390
v 0.07599540 -0.03827883 0.08422050
v 0.07599540 -0.03827883 0.08422050
v 0.07630025 -0.03693593 0.08015085
v 0.07630025 -0.03693593 0.08015085
v 0.07561255 -0.03590893 0.08800675
v 0.07773155 -0.03154548 0.08801065
v 0.07760805 -0.03117693 0.08409570
v 0.07592260 -0.03488583 0.08362510
v 0.07442240 -0.03797788 0.08413015
v 0.07391085 -0.03929413 0.08865350
v 0.07329335 -0.04220808 0.08921705
v 0.07395635 -0.04238488 0.08929050
v 0.07395635 -0.04238488 0.08929050
v 0.07262320 -0.04203193 0.08914425
v 0.07262320 -0.04203193 0.08914425
v 0.07181265 -0.04356788 0.08912280
v 0.07181265 -0.04356788 0.08912280
v 0.07243210 -0.04377458 0.08919820
v 0.07304700 -0.04398258 0.08927295
v 0.07304700 -0.04398258 0.08927295
v 0.07404865 -0.04240503 0.08879455
v 0.07312955 -0.04400858 0.08878545
v 0.07342465 -0.04303358 0.08441615
v 0.07454720 -0.04101598 0.08423090
v 0.07433075 -0.03946898 0.08014110
v 0.07370480 -0.03932663 0.08011055
v 0.07370480 -0.03932663 0.08011055
v 0.07503730 -0.03669153 0.08009625
v 0.07503730 -0.03669153 0.08009625
v 0.07566910 -0.03681438 0.08012355
v 0.07495800 -0.03961198 0.08017100
v 0.07495800 -0.03961198 0.08017100
v 0.07363590 -0.04203777 0.08054020
v 0.07363590 -0.04203777 0.08054020
v 0.07301710 -0.04185838 0.08050705
v 0.07239700 -0.04168158 0.08047455
v 0.07239700 -0.04168158 0.08047455
v 0.07304115 -0.04063962 0.08413340
v 0.07197450 -0.04257858 0.08431280
v 0.07168200 -0.04351913 0.08863270
v 0.07249580 -0.04198903 0.08864635
v 0.09175855 -0.03061143 0.09208160
v 0.09137050 -0.03684298 0.09551035
v 0.07211945 -0.04426273 0.08865220
v 0.07152210 -0.04404303 0.08857550
v 0.07152210 -0.04404303 0.08857550
v 0.07271420 -0.04448503 0.08872760
v 0.07271420 -0.04448503 0.08872760
v 0.07271420 -0.04448503 0.08872760
v 0.08446815 -0.03273563 0.09237410
v 0.08446815 -0.03273563 0.09237410
v 0.08531705 -0.03184318 0.09262500
v 0.08531705 -0.03184318 0.09262500
v 0.08439730 -0.03454783 0.08948875
v 0.08439730 -0.03454783 0.08948875
v 0.08525660 -0.03545393 0.09001005
v 0.08525660 -0.03545393 0.09001005
v 0.08525660 -0.03545393 0.09001005
v 0.07280130 -0.04451688 0.08842665
v 0.07280130 -0.04451688 0.08842665
v 0.07273955 -0.04420033 0.08491080
v 0.07132255 -0.04368163 0.08480355
v 0.07139925 -0.04399622 0.08827260
v 0.09392695 -0.03564373 0.09282065
v 0.09392695 -0.03564373 0.09282065
v 0.09150505 -0.03559108 0.09214335
v 0.09150505 -0.03559108 0.09214335
v 0.09388925 -0.03183993 0.09618635
v 0.09388925 -0.03183993 0.09618635
v 0.09146020 -0.03184188 0.09528740
v 0.09146020 -0.03184188 0.09528740
v 0.09164155 -0.03188738 0.09201985
v 0.09164155 -0.03188738 0.09201985
v 0.09133410 -0.03556768 0.09541155
v 0.09133410 -0.03556768 0.09541155
v 0.08794890 -0.03551308 0.09105395
v 0.08794890 -0.03551308 0.09105395
v 0.08791900 -0.03184318 0.09381060
v 0.08791900 -0.03184318 0.09381060
v 0.09441055 -0.03292153 0.09610380
v 0.09436635 -0.03458098 0.09611615
v 0.09367085 -0.03539543 0.09582430
v 0.09367085 -0.03539543 0.09582430
v 0.09379305 -0.03541363 0.09309885
v 0.09379305 -0.03541363 0.09309885
v 0.09379305 -0.03541363 0.09309885
v 0.09447035 -0.03460243 0.09324900
v 0.09447035 -0.03460243 0.09324900
v 0.09451715 -0.03294948 0.09323730
v 0.09451715 -0.03294948 0.09323730
v 0.08533135 -0.03520758 0.09273875
v 0.08455330 -0.03440678 0.09227465
v 0.08455330 -0.03440678 0.09227465
v 0.08461245 -0.03284353 0.09208680
v 0.08461245 -0.03284353 0.09208680
v 0.08461765 -0.03287278 0.08970325
v 0.08461765 -0.03287278 0.08970325
v 0.08455590 -0.03442498 0.08989110
v 0.08455590 -0.03442498 0.08989110
v 0.08539765 -0.03522123 0.09039810
v 0.08539765 -0.03522123 0.09039810
v 0.08787025 -0.03526478 0.09382815
v 0.09143680 -0.03535968 0.09244755
v 0.09129900 -0.03534213 0.09505470
v 0.08800480 -0.03528103 0.09140755
v 0.09389900 -0.03212138 0.09308065
v 0.09389900 -0.03212138 0.09308065
v 0.09376965 -0.03208953 0.09580415
v 0.09376965 -0.03208953 0.09580415
v 0.09376965 -0.03208953 0.09580415
v 0.08551855 -0.03210058 0.08999770
v 0.08551855 -0.03210058 0.08999770
v 0.08545030 -0.03206483 0.09233965
v 0.08545030 -0.03206483 0.09233965
v 0.08545030 -0.03206483 0.09233965
v 0.08812310 -0.03210838 0.09107930
v 0.09141080 -0.03208368 0.09493055
v 0.09141080 -0.03208368 0.09493055
v 0.09155640 -0.03211683 0.09232535
v 0.08798725 -0.03207328 0.09350055
v 0.08455655 -0.03441588 0.09108255
v 0.08455655 -0.03441588 0.09108255
v 0.08536645 -0.03521408 0.09156875
v 0.08461700 -0.03285848 0.09089470
v 0.08461700 -0.03285848 0.09089470
v 0.08548670 -0.03208303 0.09116900
v 0.08548670 -0.03208303 0.09116900
v 0.08805680 -0.03209083 0.09229025
v 0.09148490 -0.03209993 0.09362795
v 0.09383595 -0.03210513 0.09444240
v 0.09383595 -0.03210513 0.09444240
v 0.09446580 -0.03293583 0.09468680
v 0.09442030 -0.03459203 0.09469980
v 0.09373325 -0.03540388 0.09446190
v 0.09373325 -0.03540388 0.09446190
v 0.09136920 -0.03535058 0.09375145
v 0.08793915 -0.03527323 0.09261720
v -0.10377380 -0.03056788 0.09774375
v -0.10377380 -0.03056788 0.09774375
v -0.10281830 -0.02291998 0.09754810
v -0.10281830 -0.02291998 0.09754810
v -0.10286965 -0.02299733 0.09457435
v -0.10382970 -0.03063093 0.09477195
v -0.10382970 -0.03063093 0.09477195
v -0.08173555 -0.03198553 0.09053785
v -0.08404435 -0.02466523 0.09046830
v -0.08404435 -0.02466523 0.09046830
v -0.08404435 -0.02466523 0.09046830
v -0.08385455 -0.02468148 0.08711495
v -0.08385455 -0.02468148 0.08711495
v -0.08163155 -0.03178793 0.08706945
v -0.08163155 -0.03178793 0.08706945
v -0.08163155 -0.03178793 0.08706945
v -0.07883980 -0.03308273 0.08929635
v -0.07883980 -0.03308273 0.08929635
v -0.07930585 -0.03078758 0.08134035
v -0.10155795 0.03756772 0.09774375
v -0.10155795 0.03756772 0.09774375
v -0.10110165 0.02987432 0.09754810
v -0.10110165 0.02987432 0.09754810
v -0.10114715 0.02995427 0.09457435
v -0.10114715 0.02995427 0.09457435
v -0.10161060 0.03763467 0.09477195
v -0.10161060 0.03763467 0.09477195
v -0.07947420 0.03755082 0.09053785
v -0.07947420 0.03755082 0.09053785
v -0.08225425 0.03039627 0.09046830
v -0.08206315 0.03040017 0.08711495
v -0.08206315 0.03040017 0.08711495
v -0.08206315 0.03040017 0.08711495
v -0.07938385 0.03734738 0.08706945
v -0.07938385 0.03734738 0.08706945
v -0.07651410 0.03845757 0.08929635
v -0.07651410 0.03845757 0.08929635
v -0.07712705 0.03619753 0.08134035
v 0.10377380 0.03089092 0.09774375
v 0.10377380 0.03089092 0.09774375
v 0.10281830 0.02324302 0.09754810
v 0.10281830 0.02324302 0.09754810
v 0.10286965 0.02332037 0.09457435
v 0.10286965 0.02332037 0.09457435
v 0.10382970 0.03095397 0.09477195
v 0.10382970 0.03095397 0.09477195
v 0.08173490 0.03230922 0.09053785
v 0.08173490 0.03230922 0.09053785
v 0.08404435 0.02498827 0.09046830
v 0.08385455 0.02500452 0.08711495
v 0.08385455 0.02500452 0.08711495
v 0.08385455 0.02500452 0.08711495
v 0.08163155 0.03211097 0.08706945
v 0.08163155 0.03211097 0.08706945
v 0.07883980 0.03340577 0.08929635
v 0.07883980 0.03340577 0.08929635
v 0.07930585 0.03111062 0.08134035
v 0.10155795 -0.03724468 0.09774375
v 0.10155795 -0.03724468 0.09774375
v 0.10110165 -0.02955063 0.09754810
v 0.10110165 -0.02955063 0.09754810
v 0.10114715 -0.02963123 0.09457435
v 0.10160995 -0.03731098 0.09477195
v 0.10160995 -0.03731098 0.09477195
v 0.07947420 -0.03722778 0.09053785
v 0.08225425 -0.03007258 0.09046830
v 0.08225425 -0.03007258 0.09046830
v 0.08206315 -0.03007648 0.08711495
v 0.08206315 -0.03007648 0.08711495
v 0.07938320 -0.03702368 0.08706945
v 0.07938320 -0.03702368 0.08706945
v 0.07938320 -0.03702368 0.08706945
v 0.07651410 -0.03813388 0.08929635
v 0.07651410 -0.03813388 0.08929635
v 0.07712705 -0.03587448 0.08134035
v -0.08701225 -0.00625788 0.10692955
v -0.08642335 0.01186542 0.10692955
v -0.08852870 0.01215597 0.10700170
v -0.08913255 -0.00641063 0.10700170
v -0.08586305 -0.02469773 0.10700170
v -0.08382075 -0.02410753 0.10692955
v -0.08112325 -0.02332688 0.10633220
v -0.08421140 -0.00605508 0.10633220
v -0.08364070 0.01148127 0.10633220
v -0.07886255 -0.04190583 0.10700170
v -0.07698795 -0.04090288 0.10692955
v -0.07451145 -0.03957818 0.10633220
v -0.06843785 -0.05728158 0.10700170
v -0.06681220 -0.05591138 0.10692955
v -0.06466525 -0.05410113 0.10633220
v -0.05504330 -0.07015353 0.10700170
v -0.05373875 -0.06847588 0.10692955
v -0.05201495 -0.06625807 0.10633220
v -0.03926585 -0.07996008 0.10700170
v -0.03833895 -0.07804777 0.10692955
v -0.03711305 -0.07552058 0.10633220
v -0.02179385 -0.08627223 0.10700170
v -0.02128490 -0.08420848 0.10692955
v -0.02061150 -0.08148173 0.10633220
v -0.00339170 -0.08881308 0.10700170
v -0.00332215 -0.08668888 0.10692955
v -0.00323115 -0.08388152 0.10633220
v 0.01513720 -0.08747343 0.10700170
v 0.01476280 -0.08538108 0.10692955
v 0.01426815 -0.08261598 0.10633220
v 0.03298165 -0.08230983 0.10700170
v 0.03218085 -0.08034098 0.10692955
v 0.03112265 -0.07773903 0.10633220
v 0.04936295 -0.07354913 0.10700170
v 0.04817020 -0.07178958 0.10692955
v 0.04659460 -0.06946453 0.10633220
v 0.06356545 -0.06157353 0.10700170
v 0.06203275 -0.06010128 0.10692955
v 0.06000800 -0.05815453 0.10633220
v 0.07496710 -0.04690758 0.10700170
v 0.07316205 -0.04578568 0.10692955
v 0.07077655 -0.04430303 0.10633220
v 0.08307065 -0.03019153 0.10700170
v 0.08107125 -0.02946938 0.10692955
v 0.07843030 -0.02851518 0.10633220
v 0.08752120 -0.01215598 0.10700170
v 0.08541585 -0.01186478 0.10692955
v 0.08263385 -0.01148063 0.10633220
v 0.08812570 0.00641192 0.10700170
v 0.08600540 0.00625787 0.10692955
v 0.08320390 0.00605507 0.10633220
v 0.08485555 0.02469837 0.10700170
v 0.08281390 0.02410752 0.10692955
v 0.08011640 0.02332687 0.10633220
v 0.07785505 0.04190583 0.10700170
v 0.07598110 0.04090352 0.10692955
v 0.07350460 0.03957947 0.10633220
v 0.06742970 0.05728157 0.10700170
v 0.06580535 0.05591137 0.10692955
v 0.06365775 0.05410112 0.10633220
v 0.05403645 0.07015483 0.10700170
v 0.05273190 0.06847587 0.10692955
v 0.05100745 0.06625873 0.10633220
v 0.03825835 0.07996072 0.10700170
v 0.03733145 0.07804843 0.10692955
v 0.03610620 0.07552057 0.10633220
v 0.02078635 0.08627223 0.10700170
v 0.02027740 0.08420912 0.10692955
v 0.01960465 0.08148172 0.10633220
v 0.00238485 0.08881373 0.10700105
v 0.00231530 0.08668952 0.10692955
v 0.00222430 0.08388218 0.10633220
v -0.01614405 0.08747342 0.10700105
v -0.01577030 0.08538108 0.10692955
v -0.01527565 0.08261597 0.10633220
v -0.03398915 0.08230982 0.10700170
v -0.03318770 0.08034097 0.10692955
v -0.03212950 0.07773967 0.10633220
v -0.05037045 0.07354977 0.10700170
v -0.04917770 0.07179022 0.10692955
v -0.04760145 0.06946582 0.10633220
v -0.06457230 0.06157482 0.10700170
v -0.06303960 0.06010128 0.10692955
v -0.06101485 0.05815517 0.10633220
v -0.07597460 0.04690822 0.10700170
v -0.07416890 0.04578567 0.10692955
v -0.07178340 0.04430367 0.10633220
v -0.08407815 0.03019152 0.10700170
v -0.08207875 0.02946937 0.10692955
v -0.07943715 0.02851517 0.10633220
v -0.08244470 -0.00592703 0.10492235
v -0.07942220 -0.02283418 0.10492235
v -0.07802340 -0.02242988 0.10367435
v -0.08099260 -0.00582238 0.10367435
v -0.08044465 0.01103992 0.10367435
v -0.08188700 0.01123882 0.10492235
v -0.07294950 -0.03874358 0.10492235
v -0.07294950 -0.03874358 0.10492235
v -0.07166575 -0.03805653 0.10367435
v -0.06331130 -0.05295908 0.10492235
v -0.06219850 -0.05202113 0.10367435
v -0.05092815 -0.06486058 0.10492235
v -0.05092815 -0.06486058 0.10492235
v -0.05003440 -0.06371138 0.10367435
v -0.03634085 -0.07392678 0.10492235
v -0.03570580 -0.07261638 0.10367435
v -0.02018770 -0.07976248 0.10492235
v -0.01983865 -0.07834873 0.10367435
v -0.00317330 -0.08211222 0.10492235
v -0.00312650 -0.08065623 0.10367435
v 0.01395680 -0.08087268 0.10492235
v 0.01370070 -0.07943943 0.10367435
v 0.03045510 -0.07609908 0.10492235
v 0.02990650 -0.07475033 0.10367435
v 0.04560075 -0.06799943 0.10492235
v 0.04560075 -0.06799943 0.10492235
v 0.04478305 -0.06679433 0.10367435
v 0.05873075 -0.05692798 0.10492235
v 0.05768100 -0.05591918 0.10367435
v 0.06927245 -0.04336768 0.10492235
v 0.06803550 -0.04260003 0.10367435
v 0.07676500 -0.02791328 0.10492235
v 0.07676500 -0.02791328 0.10492235
v 0.07539545 -0.02741863 0.10367435
v 0.08087950 -0.01123818 0.10492235
v 0.08087950 -0.01123818 0.10492235
v 0.07943715 -0.01103928 0.10367435
v 0.08143785 0.00592767 0.10492235
v 0.07998575 0.00582237 0.10367435
v 0.07841470 0.02283482 0.10492235
v 0.07701590 0.02242987 0.10367435
v 0.07194265 0.03874357 0.10492235
v 0.07065890 0.03805717 0.10367435
v 0.06230445 0.05295972 0.10492235
v 0.06119100 0.05202112 0.10367435
v 0.04992065 0.06486058 0.10492235
v 0.04902690 0.06371138 0.10367435
v 0.03533400 0.07392678 0.10492235
v 0.03469830 0.07261767 0.10367435
v 0.01918020 0.07976313 0.10492235
v 0.01883115 0.07834937 0.10367435
v 0.00216645 0.08211222 0.10492235
v 0.00211900 0.08065753 0.10367435
v -0.01496365 0.08087332 0.10492235
v -0.01470755 0.07943943 0.10367435
v -0.03146195 0.07609908 0.10492235
v -0.03091400 0.07475033 0.10367435
v -0.04660760 0.06799943 0.10492235
v -0.04579055 0.06679498 0.10367435
v -0.05973825 0.05692862 0.10492235
v -0.05868785 0.05591917 0.10367435
v -0.07027995 0.04336897 0.10492235
v -0.06904300 0.04260002 0.10367435
v -0.07777185 0.02791392 0.10492235
v -0.07777185 0.02791392 0.10492235
v -0.07640230 0.02741927 0.10367435
v -0.07696065 -0.02212243 0.10312510
v -0.07696065 -0.02212243 0.10312510
v -0.07988955 -0.00574243 0.10312510
v -0.07988955 -0.00574243 0.10312510
v -0.07934875 0.01088847 0.10312510
v -0.07934875 0.01088847 0.10312510
v -0.07069075 -0.03753523 0.10312510
v -0.07069075 -0.03753523 0.10312510
v -0.06135285 -0.05130743 0.10312510
v -0.04935580 -0.06283777 0.10312510
v -0.04935580 -0.06283777 0.10312510
v -0.03522285 -0.07162123 0.10312510
v -0.03522285 -0.07162123 0.10312510
v -0.01957345 -0.07727493 0.10312510
v -0.01957345 -0.07727493 0.10312510
v -0.00309010 -0.07955123 0.10312510
v -0.00309010 -0.07955123 0.10312510
v 0.01350570 -0.07835132 0.10312510
v 0.01350570 -0.07835132 0.10312510
v 0.02948985 -0.07372592 0.10312510
v 0.02948985 -0.07372592 0.10312510
v 0.04416295 -0.06587913 0.10312510
v 0.04416295 -0.06587913 0.10312510
v 0.05688410 -0.05515218 0.10312510
v 0.06709690 -0.04201568 0.10312510
v 0.07435545 -0.02704293 0.10312510
v 0.07435545 -0.02704293 0.10312510
v 0.07834190 -0.01088783 0.10312510
v 0.07834190 -0.01088783 0.10312510
v 0.07888270 0.00574307 0.10312510
v 0.07595380 0.02212307 0.10312510
v 0.06968390 0.03753587 0.10312510
v 0.06034535 0.05130808 0.10312510
v 0.04834830 0.06283843 0.10312510
v 0.03421600 0.07162188 0.10312510
v 0.01856660 0.07727557 0.10312510
v 0.00208325 0.07955187 0.10312510
v -0.01451320 0.07835132 0.10312510
v -0.03049670 0.07372658 0.10312510
v -0.04516980 0.06587912 0.10312510
v -0.05789095 0.05515347 0.10312510
v -0.06810375 0.04201633 0.10312510
v -0.07536230 0.02704292 0.10312510
v -0.07536230 0.02704292 0.10312510
v -0.08701225 -0.00625788 0.10577255
v -0.08913255 -0.00641063 0.10584535
v -0.08852870 0.01215597 0.10584535
v -0.08642335 0.01186542 0.10577255
v -0.08364070 0.01148127 0.10517650
v -0.08421140 -0.00605508 0.10517650
v -0.08112325 -0.02332688 0.10517650
v -0.08382075 -0.02410753 0.10577255
v -0.08586305 -0.02469773 0.10584535
v -0.07451145 -0.03957818 0.10517650
v -0.07698795 -0.04090288 0.10577255
v -0.07886255 -0.04190583 0.10584535
v -0.06466525 -0.05410113 0.10517650
v -0.06681220 -0.05591138 0.10577255
v -0.06843720 -0.05728158 0.10584535
v -0.05201495 -0.06625807 0.10517650
v -0.05373875 -0.06847588 0.10577255
v -0.05504330 -0.07015353 0.10584535
v -0.03711305 -0.07552058 0.10517650
v -0.03833895 -0.07804777 0.10577255
v -0.03926585 -0.07996008 0.10584535
v -0.02061150 -0.08148173 0.10517650
v -0.02128490 -0.08420848 0.10577255
v -0.02179385 -0.08627223 0.10584535
v -0.00323115 -0.08388152 0.10517650
v -0.00332215 -0.08668888 0.10577255
v -0.00339170 -0.08881308 0.10584535
v 0.01426815 -0.08261598 0.10517650
v 0.01476280 -0.08538108 0.10577255
v 0.01513720 -0.08747343 0.10584535
v 0.03112265 -0.07773903 0.10517650
v 0.03218085 -0.08034098 0.10577255
v 0.03298165 -0.08230983 0.10584535
v 0.04659460 -0.06946453 0.10517650
v 0.04817020 -0.07178958 0.10577255
v 0.04936295 -0.07354913 0.10584535
v 0.06000800 -0.05815453 0.10517650
v 0.06203275 -0.06010128 0.10577255
v 0.06356545 -0.06157353 0.10584535
v 0.07077655 -0.04430303 0.10517650
v 0.07316205 -0.04578568 0.10577255
v 0.07496710 -0.04690758 0.10584535
v 0.07843030 -0.02851518 0.10517650
v 0.08107125 -0.02946938 0.10577255
v 0.08307065 -0.03019153 0.10584535
v 0.08263385 -0.01148063 0.10517650
v 0.08541585 -0.01186478 0.10577255
v 0.08752120 -0.01215598 0.10584535
v 0.08320390 0.00605507 0.10517650
v 0.08600540 0.00625787 0.10577255
v 0.08812570 0.00641192 0.10584535
v 0.08011640 0.02332687 0.10517650
v 0.08281390 0.02410752 0.10577255
v 0.08485555 0.02469837 0.10584535
v 0.07350460 0.03957947 0.10517650
v 0.07598110 0.04090352 0.10577255
v 0.07785505 0.04190583 0.10584535
v 0.06365775 0.05410112 0.10517650
v 0.06580535 0.05591137 0.10577255
v 0.06742970 0.05728157 0.10584535
v 0.05100745 0.06625873 0.10517650
v 0.05273190 0.06847587 0.10577255
v 0.05403645 0.07015483 0.10584535
v 0.03610620 0.07552057 0.10517650
v 0.03733145 0.07804843 0.10577255
v 0.03825835 0.07996072 0.10584535
v 0.01960465 0.08148172 0.10517650
v 0.02027740 0.08420912 0.10577255
v 0.02078635 0.08627223 0.10584535
v 0.00222430 0.08388218 0.10517650
v 0.00231530 0.08668952 0.10577255
v 0.00238485 0.08881373 0.10584535
v -0.01527565 0.08261597 0.10517650
v -0.01577030 0.08538108 0.10577255
v -0.01614405 0.08747342 0.10584535
v -0.03212950 0.07773967 0.10517650
v -0.03318770 0.08034097 0.10577255
v -0.03398915 0.08230982 0.10584535
v -0.04760145 0.06946582 0.10517650
v -0.04917770 0.07179022 0.10577255
v -0.05037045 0.07354977 0.10584535
v -0.06101485 0.05815517 0.10517650
v -0.06303960 0.06010128 0.10577255
v -0.06457230 0.06157482 0.10584535
v -0.07178340 0.04430367 0.10517650
v -0.07416890 0.04578567 0.10577255
v -0.07597460 0.04690822 0.10584535
v -0.07943715 0.02851517 0.10517650
v -0.08207875 0.02946937 0.10577255
v -0.08407815 0.03019152 0.10584535
v -0.08244470 -0.00592703 0.10376600
v -0.08188700 0.01123882 0.10376600
v -0.08044465 0.01103992 0.10251735
v -0.08099260 -0.00582238 0.10251735
v -0.07802340 -0.02242988 0.10251735
v -0.07942220 -0.02283418 0.10376600
v -0.07166575 -0.03805653 0.10251735
v -0.07294950 -0.03874358 0.10376600
v -0.07294950 -0.03874358 0.10376600
v -0.06219850 -0.05202113 0.10251735
v -0.06331130 -0.05295908 0.10376600
v -0.06331130 -0.05295908 0.10376600
v -0.05003440 -0.06371138 0.10251735
v -0.05092815 -0.06486058 0.10376600
v -0.03570580 -0.07261638 0.10251735
v -0.03634085 -0.07392678 0.10376600
v -0.01983865 -0.07834873 0.10251735
v -0.02018770 -0.07976248 0.10376600
v -0.00312650 -0.08065623 0.10251735
v -0.00317330 -0.08211222 0.10376600
v 0.01370070 -0.07943943 0.10251735
v 0.01395680 -0.08087268 0.10376600
v 0.02990650 -0.07475033 0.10251735
v 0.03045510 -0.07609908 0.10376600
v 0.04478305 -0.06679433 0.10251735
v 0.04560075 -0.06799943 0.10376600
v 0.05768100 -0.05591918 0.10251735
v 0.05873075 -0.05692798 0.10376600
v 0.06803550 -0.04260003 0.10251735
v 0.06927245 -0.04336768 0.10376600
v 0.07539545 -0.02741863 0.10251735
v 0.07676500 -0.02791328 0.10376600
v 0.07943715 -0.01103928 0.10251735
v 0.08087950 -0.01123818 0.10376600
v 0.08087950 -0.01123818 0.10376600
v 0.07998575 0.00582237 0.10251735
v 0.08143785 0.00592767 0.10376600
v 0.07701590 0.02242987 0.10251735
v 0.07841470 0.02283482 0.10376600
v 0.07065890 0.03805717 0.10251735
v 0.07194265 0.03874357 0.10376600
v 0.06119100 0.05202112 0.10251735
v 0.06230445 0.05295972 0.10376600
v 0.04902690 0.06371138 0.10251735
v 0.04992065 0.06486058 0.10376600
v 0.03469830 0.07261767 0.10251735
v 0.03533400 0.07392678 0.10376600
v 0.01883115 0.07834937 0.10251735
v 0.01918020 0.07976313 0.10376600
v 0.00211900 0.08065753 0.10251735
v 0.00216645 0.08211222 0.10376600
v -0.01470755 0.07943943 0.10251735
v -0.01496365 0.08087332 0.10376600
v -0.03091400 0.07475033 0.10251735
v -0.03146195 0.07609908 0.10376600
v -0.04579055 0.06679498 0.10251735
v -0.04660760 0.06799943 0.10376600
v -0.05868785 0.05591917 0.10251735
v -0.05973825 0.05692862 0.10376600
v -0.06904300 0.04260002 0.10251735
v -0.07027995 0.04336897 0.10376600
v -0.07640230 0.02741927 0.10251735
v -0.07777185 0.02791392 0.10376600
v -0.07777185 0.02791392 0.10376600
v -0.07934875 0.01088847 0.10196875
v -0.07988955 -0.00574243 0.10196875
v -0.07696065 -0.02212243 0.10196875
v -0.07069075 -0.03753523 0.10196875
v -0.06135285 -0.05130743 0.10196875
v -0.04935580 -0.06283777 0.10196875
v -0.03522285 -0.07162188 0.10196940
v -0.01957345 -0.07727493 0.10196940
v -0.00309010 -0.07955123 0.10196940
v 0.01350570 -0.07835132 0.10196940
v 0.02948985 -0.07372592 0.10196940
v 0.04416230 -0.06587913 0.10196940
v 0.05688410 -0.05515218 0.10196875
v 0.06709690 -0.04201568 0.10196875
v 0.07435545 -0.02704293 0.10196875
v 0.07834190 -0.01088783 0.10196875
v 0.07888270 0.00574307 0.10196875
v 0.07595380 0.02212307 0.10196875
v 0.06968390 0.03753587 0.10196875
v 0.06034535 0.05130808 0.10196875
v 0.04834830 0.06283843 0.10196875
v 0.03421600 0.07162188 0.10196875
v 0.01856660 0.07727557 0.10196875
v 0.00208325 0.07955187 0.10196875
v -0.01451320 0.07835132 0.10196875
v -0.03049670 0.07372658 0.10196875
v -0.04516980 0.06587912 0.10196875
v -0.05789095 0.05515347 0.10196875
v -0.06810375 0.04201633 0.10196875
v -0.07536230 0.02704292 0.10196875
v -0.08891415 0.01220927 0.10643620
v -0.08952060 -0.00643923 0.10643620
v -0.08623615 -0.02480628 0.10643620
v -0.07920575 -0.04208913 0.10643620
v -0.06873490 -0.05753248 0.10643620
v -0.06873490 -0.05753248 0.10643620
v -0.05528250 -0.07046098 0.10643620
v -0.03943550 -0.08031043 0.10643620
v -0.02188745 -0.08664988 0.10643620
v -0.00340405 -0.08920243 0.10643620
v 0.01520545 -0.08785563 0.10643620
v 0.03312855 -0.08267057 0.10643620
v 0.04958135 -0.07387088 0.10643620
v 0.06384560 -0.06184328 0.10643620
v 0.06384560 -0.06184328 0.10643620
v 0.07529795 -0.04711298 0.10643620
v 0.08343660 -0.03032348 0.10643620
v 0.08790730 -0.01220928 0.10643620
v 0.08851375 0.00643987 0.10643620
v 0.08522930 0.02480627 0.10643620
v 0.07819890 0.04208978 0.10643620
v 0.06772805 0.05753247 0.10643620
v 0.06772805 0.05753247 0.10643620
v 0.05427500 0.07046162 0.10643620
v 0.03842800 0.08031042 0.10643620
v 0.02087995 0.08665053 0.10643620
v 0.00239720 0.08920243 0.10643620
v -0.01621230 0.08785693 0.10643620
v -0.03413540 0.08267057 0.10643620
v -0.05058885 0.07387152 0.10643620
v -0.06485310 0.06184392 0.10643620
v -0.07630480 0.04711362 0.10643620
v -0.08444345 0.03032412 0.10643620
v -0.07662590 -0.02202558 0.10237435
v -0.07954180 -0.00571708 0.10237435
v -0.07900360 0.01084037 0.10237435
v -0.07038330 -0.03737078 0.10237435
v -0.06108635 -0.05108318 0.10237435
v -0.06108635 -0.05108318 0.10237435
v -0.04914130 -0.06256218 0.10237435
v -0.03507075 -0.07130793 0.10237435
v -0.01948960 -0.07693627 0.10237435
v -0.00307905 -0.07920217 0.10237435
v 0.01344460 -0.07800748 0.10237435
v 0.02935855 -0.07340288 0.10237435
v 0.04396730 -0.06558988 0.10237435
v 0.05663255 -0.05491103 0.10237435
v 0.06680050 -0.04183173 0.10237435
v 0.07402655 -0.02692463 0.10237435
v 0.07799610 -0.01084038 0.10237435
v 0.07853495 0.00571772 0.10237435
v 0.07561905 0.02202557 0.10237435
v 0.06937580 0.03737142 0.10237435
v 0.06007885 0.05108317 0.10237435
v 0.06007885 0.05108317 0.10237435
v 0.04813445 0.06256283 0.10237435
v 0.03406390 0.07130792 0.10237435
v 0.01848275 0.07693693 0.10237435
v 0.00207220 0.07920347 0.10237435
v -0.01445145 0.07800812 0.10237435
v -0.03036540 0.07340287 0.10237435
v -0.04497415 0.06559052 0.10237435
v -0.05763940 0.05491102 0.10237435
v -0.05763940 0.05491102 0.10237435
v -0.06780735 0.04183237 0.10237435
v -0.07503405 0.02692462 0.10237435
v -0.08840845 -0.00635863 0.10697700
v -0.08719425 0.00281937 0.10692955
v -0.08588580 -0.01526623 0.10692955
v -0.08544575 -0.00614478 0.10675015
v -0.08516495 -0.02449623 0.10697700
v -0.08084570 -0.03268493 0.10692955
v -0.08231275 -0.02367073 0.10675015
v -0.07822230 -0.04156328 0.10697700
v -0.07229430 -0.04867493 0.10692955
v -0.07560345 -0.04016253 0.10675015
v -0.06788275 -0.05681358 0.10697700
v -0.06060535 -0.06253683 0.10692955
v -0.06561165 -0.05489868 0.10675015
v -0.05459740 -0.06958088 0.10697700
v -0.04629040 -0.07366678 0.10692955
v -0.05277480 -0.06723568 0.10675015
v -0.03894930 -0.07930683 0.10697700
v -0.02997345 -0.08157598 0.10692955
v -0.03765320 -0.07663468 0.10675015
v -0.02161965 -0.08556763 0.10697700
v -0.01236820 -0.08592057 0.10692955
v -0.02090790 -0.08268358 0.10675015
v -0.00336765 -0.08808768 0.10697700
v 0.00575445 -0.08651012 0.10692955
v -0.00327145 -0.08511978 0.10675015
v 0.01500915 -0.08675843 0.10697700
v 0.02360410 -0.08331863 0.10692955
v 0.01448590 -0.08383473 0.10675015
v 0.03270800 -0.08163708 0.10697700
v 0.04040075 -0.07648518 0.10692955
v 0.03158935 -0.07888628 0.10675015
v 0.04895540 -0.07294788 0.10697700
v 0.05540860 -0.06630943 0.10692955
v 0.04728880 -0.07049023 0.10675015
v 0.06304220 -0.06107108 0.10697700
v 0.06797375 -0.05323598 0.10692955
v 0.06090045 -0.05901253 0.10675015
v 0.07435090 -0.04652408 0.10697700
v 0.07754500 -0.03783488 0.10692955
v 0.07182825 -0.04495628 0.10675015
v 0.08238815 -0.02994453 0.10697700
v 0.08370635 -0.02078148 0.10692955
v 0.07959445 -0.02893573 0.10675015
v 0.08680230 -0.01205653 0.10697700
v 0.08618675 -0.00281873 0.10692955
v 0.08386040 -0.01164963 0.10675015
v 0.08740160 0.00635927 0.10697700
v 0.08487895 0.01526687 0.10692955
v 0.08443890 0.00614477 0.10675015
v 0.08415810 0.02449687 0.10697700
v 0.07983885 0.03268492 0.10692955
v 0.08130525 0.02367072 0.10675015
v 0.07721545 0.04156327 0.10697700
v 0.07128745 0.04867492 0.10692955
v 0.07459660 0.04016252 0.10675015
v 0.06687525 0.05681357 0.10697700
v 0.05959850 0.06253748 0.10692955
v 0.06460480 0.05489932 0.10675015
v 0.05359055 0.06958088 0.10697700
v 0.04528290 0.07366678 0.10692955
v 0.05176730 0.06723632 0.10675015
v 0.03794180 0.07930748 0.10697700
v 0.02896595 0.08157662 0.10692955
v 0.03664635 0.07663533 0.10675015
v 0.02061280 0.08556763 0.10697700
v 0.01136135 0.08592123 0.10692955
v 0.01990105 0.08268422 0.10675015
v 0.00236080 0.08808832 0.10697700
v -0.00676195 0.08651012 0.10692955
v 0.00226460 0.08511977 0.10675015
v -0.01601600 0.08675908 0.10697700
v -0.02461160 0.08331862 0.10692955
v -0.01549340 0.08383472 0.10675015
v -0.03371550 0.08163772 0.10697700
v -0.04140760 0.07648582 0.10692955
v -0.03259620 0.07888692 0.10675015
v -0.04996290 0.07294853 0.10697700
v -0.05641545 0.06631007 0.10692955
v -0.04829630 0.07049023 0.10675015
v -0.06404905 0.06107107 0.10697700
v -0.06898060 0.05323597 0.10692955
v -0.06190730 0.05901317 0.10675015
v -0.07535775 0.04652538 0.10697700
v -0.07855250 0.03783617 0.10692955
v -0.07283510 0.04495757 0.10675015
v -0.08339500 0.02994582 0.10697700
v -0.08471385 0.02078147 0.10692955
v -0.08060195 0.02893637 0.10675015
v -0.08780980 0.01205652 0.10697700
v -0.08486725 0.01165092 0.10675015
v -0.08137805 -0.01446023 0.10492235
v -0.08323445 -0.00598488 0.10571145
v -0.08323445 -0.00598488 0.10571145
v -0.08173360 -0.00587633 0.10417355
v -0.08173360 -0.00587633 0.10417355
v -0.08261695 0.00267052 0.10492235
v -0.07660380 -0.03095918 0.10492235
v -0.07660380 -0.03095918 0.10492235
v -0.08018270 -0.02305453 0.10571145
v -0.08018270 -0.02305453 0.10571145
v -0.07873645 -0.02263593 0.10417355
v -0.07873645 -0.02263593 0.10417355
v -0.06850415 -0.04610483 0.10492235
v -0.07364825 -0.03911668 0.10571145
v -0.07232095 -0.03840688 0.10417355
v -0.07232095 -0.03840688 0.10417355
v -0.05743205 -0.05923548 0.10492235
v -0.05743205 -0.05923548 0.10492235
v -0.06391645 -0.05346998 0.10571145
v -0.06276595 -0.05249953 0.10417355
v -0.04387240 -0.06977653 0.10492235
v -0.05141435 -0.06548588 0.10571145
v -0.05141435 -0.06548588 0.10571145
v -0.05049070 -0.06429703 0.10417355
v -0.05049070 -0.06429703 0.10417355
v -0.02841735 -0.07726908 0.10492235
v -0.03668665 -0.07463983 0.10571145
v -0.03668665 -0.07463983 0.10571145
v -0.03602950 -0.07328458 0.10417355
v -0.03602950 -0.07328458 0.10417355
v -0.01174225 -0.08138423 0.10492235
v -0.02037750 -0.08053143 0.10571145
v -0.02037750 -0.08053143 0.10571145
v -0.02001610 -0.07906958 0.10417355
v -0.02001610 -0.07906958 0.10417355
v 0.00542425 -0.08194258 0.10492235
v -0.00319930 -0.08290327 0.10571145
v -0.00319930 -0.08290327 0.10571145
v -0.00315055 -0.08139853 0.10417355
v -0.00315055 -0.08139853 0.10417355
v 0.02233140 -0.07891943 0.10492235
v 0.01409590 -0.08165203 0.10571145
v 0.01409590 -0.08165203 0.10571145
v 0.01383135 -0.08017003 0.10417355
v 0.01383135 -0.08017003 0.10417355
v 0.03824080 -0.07244673 0.10492235
v 0.03824080 -0.07244673 0.10492235
v 0.03075410 -0.07683293 0.10571145
v 0.03075410 -0.07683293 0.10571145
v 0.03018665 -0.07543803 0.10417355
v 0.03018665 -0.07543803 0.10417355
v 0.05245630 -0.06280853 0.10492235
v 0.04604470 -0.06865463 0.10571145
v 0.04520035 -0.06740858 0.10417355
v 0.04520035 -0.06740858 0.10417355
v 0.06435780 -0.05042538 0.10492235
v 0.05930210 -0.05747658 0.10571145
v 0.05821660 -0.05643332 0.10417355
v 0.07342465 -0.03583743 0.10492235
v 0.06994520 -0.04378628 0.10571145
v 0.06866665 -0.04299133 0.10417355
v 0.07925970 -0.01968428 0.10492235
v 0.07925970 -0.01968428 0.10492235
v 0.07750925 -0.02818238 0.10571145
v 0.07609355 -0.02767083 0.10417355
v 0.07609355 -0.02767083 0.10417355
v 0.08161010 -0.00266988 0.10492235
v 0.08161010 -0.00266988 0.10492235
v 0.08166405 -0.01134673 0.10571145
v 0.08017295 -0.01114068 0.10417355
v 0.08017295 -0.01114068 0.10417355
v 0.08037055 0.01446087 0.10492235
v 0.08222760 0.00598487 0.10571145
v 0.08072675 0.00587632 0.10417355
v 0.07559695 0.03095917 0.10492235
v 0.07917585 0.02305517 0.10571145
v 0.07772960 0.02263657 0.10417355
v 0.06749665 0.04610482 0.10492235
v 0.07264075 0.03911732 0.10571145
v 0.07131345 0.03840752 0.10417355
v 0.05642520 0.05923548 0.10492235
v 0.06290960 0.05346997 0.10571145
v 0.06175845 0.05249952 0.10417355
v 0.04286555 0.06977783 0.10492235
v 0.05040685 0.06548653 0.10571145
v 0.04948255 0.06429767 0.10417355
v 0.02741050 0.07726972 0.10492235
v 0.03567915 0.07463983 0.10571145
v 0.03502265 0.07328522 0.10417355
v 0.01073475 0.08138487 0.10492235
v 0.01937000 0.08053143 0.10571145
v 0.01900925 0.07907023 0.10417355
v -0.00643110 0.08194258 0.10492235
v 0.00219245 0.08290392 0.10571145
v 0.00214370 0.08139917 0.10417355
v -0.02333825 0.07892007 0.10492235
v -0.01510340 0.08165333 0.10571145
v -0.01483820 0.08017132 0.10417355
v -0.03924765 0.07244737 0.10492235
v -0.03176030 0.07683292 0.10571145
v -0.03119350 0.07543867 0.10417355
v -0.05346380 0.06280852 0.10492235
v -0.04705220 0.06865528 0.10571145
v -0.04620720 0.06740922 0.10417355
v -0.06536530 0.05042537 0.10492235
v -0.06030895 0.05747722 0.10571145
v -0.05922345 0.05643397 0.10417355
v -0.07443150 0.03583807 0.10492235
v -0.07095205 0.04378692 0.10571145
v -0.06967415 0.04299197 0.10417355
v -0.08026720 0.01968427 0.10492235
v -0.08026720 0.01968427 0.10492235
v -0.07851675 0.02818302 0.10571145
v -0.07710105 0.02767147 0.10417355
v -0.07710105 0.02767147 0.10417355
v -0.08267155 0.01134672 0.10571145
v -0.08267155 0.01134672 0.10571145
v -0.08118045 0.01114132 0.10417355
v -0.08118045 0.01114132 0.10417355
v -0.08033935 -0.00577493 0.10334870
v -0.07994415 -0.01420413 0.10367435
v -0.08116160 0.00262307 0.10367435
v -0.07739420 -0.02224788 0.10334870
v -0.07525505 -0.03041058 0.10367435
v -0.07108790 -0.03774778 0.10334870
v -0.06729905 -0.04528778 0.10367435
v -0.06169735 -0.05159798 0.10334870
v -0.05642325 -0.05818508 0.10367435
v -0.04963205 -0.06319398 0.10334870
v -0.04310410 -0.06854023 0.10367435
v -0.03542045 -0.07202748 0.10334870
v -0.02792270 -0.07589953 0.10367435
v -0.01968200 -0.07771303 0.10334870
v -0.01154270 -0.07994188 0.10367435
v -0.00310505 -0.08000232 0.10334870
v 0.00531895 -0.08049048 0.10367435
v 0.01358500 -0.07879463 0.10334870
v 0.02192645 -0.07752063 0.10367435
v 0.02966015 -0.07414323 0.10334870
v 0.03755375 -0.07116298 0.10367435
v 0.04441580 -0.06625223 0.10334870
v 0.05151835 -0.06169508 0.10367435
v 0.05720845 -0.05546483 0.10334870
v 0.06320860 -0.04953098 0.10367435
v 0.06747975 -0.04225358 0.10334870
v 0.07211425 -0.03520238 0.10367435
v 0.07477860 -0.02719568 0.10334870
v 0.07784660 -0.01933523 0.10367435
v 0.07878845 -0.01094958 0.10334870
v 0.08015410 -0.00262243 0.10367435
v 0.07933250 0.00577557 0.10334870
v 0.07893730 0.01420412 0.10367435
v 0.07638735 0.02224787 0.10334870
v 0.07424820 0.03041057 0.10367435
v 0.07008105 0.03774842 0.10334870
v 0.06629220 0.04528777 0.10367435
v 0.06069050 0.05159927 0.10334870
v 0.05541640 0.05818573 0.10367435
v 0.04862520 0.06319397 0.10334870
v 0.04209725 0.06854088 0.10367435
v 0.03441295 0.07202747 0.10334870
v 0.02691585 0.07590018 0.10367435
v 0.01867450 0.07771367 0.10334870
v 0.01053585 0.07994253 0.10367435
v 0.00209820 0.08000232 0.10334870
v -0.00632645 0.08049047 0.10367435
v -0.01459250 0.07879527 0.10334870
v -0.02293395 0.07752128 0.10367435
v -0.03066700 0.07414387 0.10334870
v -0.03856125 0.07116362 0.10367435
v -0.04542330 0.06625222 0.10334870
v -0.05252520 0.06169637 0.10367435
v -0.05821595 0.05546548 0.10334870
v -0.06421545 0.04953227 0.10367435
v -0.06848660 0.04225422 0.10334870
v -0.07312175 0.03520302 0.10367435
v -0.07578610 0.02719697 0.10334870
v -0.07885410 0.01933587 0.10367435
v -0.07979530 0.01095022 0.10334870
v -0.08312070 -0.01477223 0.10633220
v -0.08438690 0.00272772 0.10633220
v -0.07824440 -0.03162608 0.10633220
v -0.06996990 -0.04709867 0.10633220
v -0.05865990 -0.06051208 0.10633220
v -0.04480775 -0.07128128 0.10633220
v -0.02901925 -0.07893438 0.10633220
v -0.01198470 -0.08313858 0.10633220
v 0.00555165 -0.08370863 0.10633220
v 0.02282345 -0.08062048 0.10633220
v 0.03907605 -0.07400868 0.10633220
v 0.05359835 -0.06416248 0.10633220
v 0.06575595 -0.05151218 0.10633220
v 0.07501845 -0.03661028 0.10633220
v 0.08097960 -0.02010808 0.10633220
v 0.08337940 -0.00272773 0.10633220
v 0.08211385 0.01477222 0.10633220
v 0.07723690 0.03162672 0.10633220
v 0.06896240 0.04709867 0.10633220
v 0.05765240 0.06051272 0.10633220
v 0.04380025 0.07128127 0.10633220
v 0.02801175 0.07893503 0.10633220
v 0.01097785 0.08313857 0.10633220
v -0.00655915 0.08370927 0.10633220
v -0.02383095 0.08062113 0.10633220
v -0.04008290 0.07400933 0.10633220
v -0.05460520 0.06416313 0.10633220
v -0.06676345 0.05151282 0.10633220
v -0.07602530 0.03661027 0.10633220
v -0.08198645 0.02010872 0.10633220
v -0.08719425 0.00281937 0.10577255
v -0.08840845 -0.00635863 0.10582000
v -0.08544575 -0.00614478 0.10559445
v -0.08588580 -0.01526623 0.10577255
v -0.08516495 -0.02449623 0.10582000
v -0.08231275 -0.02367073 0.10559445
v -0.08084570 -0.03268493 0.10577255
v -0.07822230 -0.04156328 0.10582000
v -0.07560345 -0.04016253 0.10559445
v -0.07229430 -0.04867493 0.10577255
v -0.06788275 -0.05681358 0.10582000
v -0.06561165 -0.05489868 0.10559445
v -0.06060535 -0.06253683 0.10577255
v -0.05459740 -0.06958088 0.10582000
v -0.05277480 -0.06723568 0.10559445
v -0.04629040 -0.07366678 0.10577255
v -0.03894930 -0.07930683 0.10582000
v -0.03765320 -0.07663468 0.10559445
v -0.02997345 -0.08157598 0.10577255
v -0.02161965 -0.08556763 0.10582000
v -0.02090790 -0.08268358 0.10559445
v -0.01236820 -0.08592057 0.10577255
v -0.00336765 -0.08808768 0.10582000
v -0.00327145 -0.08511978 0.10559445
v 0.00575445 -0.08651012 0.10577255
v 0.01500915 -0.08675843 0.10582000
v 0.01448590 -0.08383473 0.10559445
v 0.02360410 -0.08331863 0.10577255
v 0.03270800 -0.08163708 0.10582000
v 0.03158935 -0.07888628 0.10559445
v 0.04040075 -0.07648518 0.10577255
v 0.04895540 -0.07294788 0.10582000
v 0.04728880 -0.07049023 0.10559445
v 0.05540860 -0.06630943 0.10577255
v 0.06304220 -0.06107108 0.10582000
v 0.06090045 -0.05901253 0.10559445
v 0.06797375 -0.05323598 0.10577255
v 0.07435090 -0.04652408 0.10582000
v 0.07182825 -0.04495628 0.10559445
v 0.07754500 -0.03783488 0.10577255
v 0.08238815 -0.02994453 0.10582000
v 0.07959445 -0.02893573 0.10559445
v 0.08370635 -0.02078148 0.10577255
v 0.08680230 -0.01205653 0.10582000
v 0.08386040 -0.01164963 0.10559445
v 0.08618675 -0.00281873 0.10577255
v 0.08740160 0.00635927 0.10582000
v 0.08443890 0.00614477 0.10559445
v 0.08487895 0.01526687 0.10577255
v 0.08415810 0.02449687 0.10582000
v 0.08130525 0.02367072 0.10559445
v 0.07983885 0.03268492 0.10577255
v 0.07721545 0.04156327 0.10582000
v 0.07459660 0.04016252 0.10559445
v 0.07128745 0.04867492 0.10577255
v 0.06687525 0.05681357 0.10582000
v 0.06460480 0.05489932 0.10559445
v 0.05959850 0.06253748 0.10577255
v 0.05359055 0.06958088 0.10582000
v 0.05176730 0.06723632 0.10559445
v 0.04528290 0.07366678 0.10577255
v 0.03794180 0.07930748 0.10582000
v 0.03664635 0.07663533 0.10559445
v 0.02896595 0.08157662 0.10577255
v 0.02061280 0.08556763 0.10582000
v 0.01990105 0.08268422 0.10559445
v 0.01136135 0.08592123 0.10577255
v 0.00236080 0.08808832 0.10582000
v 0.00226460 0.08511977 0.10559445
v -0.00676195 0.08651012 0.10577255
v -0.01601600 0.08675908 0.10582000
v -0.01549340 0.08383472 0.10559445
v -0.02461160 0.08331862 0.10577255
v -0.03371550 0.08163772 0.10582000
v -0.03259620 0.07888692 0.10559445
v -0.04140760 0.07648582 0.10577255
v -0.04996290 0.07294853 0.10582000
v -0.04829630 0.07049023 0.10559445
v -0.05641545 0.06631007 0.10577255
v -0.06404905 0.06107107 0.10582000
v -0.06190730 0.05901317 0.10559445
v -0.06898060 0.05323597 0.10577255
v -0.07535775 0.04652538 0.10582000
v -0.07283510 0.04495757 0.10559445
v -0.07855250 0.03783617 0.10577255
v -0.08339500 0.02994582 0.10582000
v -0.08060195 0.02893637 0.10559445
v -0.08471385 0.02078147 0.10577255
v -0.08780980 0.01205652 0.10582000
v -0.08486725 0.01165092 0.10559445
v -0.08173360 -0.00587633 0.10301785
v -0.08173360 -0.00587633 0.10301785
v -0.08261695 0.00267052 0.10376600
v -0.08137805 -0.01446023 0.10376600
v -0.08323445 -0.00598488 0.10455510
v -0.08323445 -0.00598488 0.10455510
v -0.07873645 -0.02263593 0.10301785
v -0.07873645 -0.02263593 0.10301785
v -0.07660380 -0.03095918 0.10376600
v -0.07660380 -0.03095918 0.10376600
v -0.08018270 -0.02305453 0.10455510
v -0.08018270 -0.02305453 0.10455510
v -0.07232095 -0.03840688 0.10301785
v -0.07232095 -0.03840688 0.10301785
v -0.06850415 -0.04610483 0.10376600
v -0.07364825 -0.03911668 0.10455510
v -0.06276595 -0.05249953 0.10301785
v -0.06276595 -0.05249953 0.10301785
v -0.05743205 -0.05923548 0.10376600
v -0.05743205 -0.05923548 0.10376600
v -0.06391645 -0.05346998 0.10455510
v -0.05049070 -0.06429703 0.10301785
v -0.05049070 -0.06429703 0.10301785
v -0.04387240 -0.06977653 0.10376600
v -0.05141435 -0.06548588 0.10455510
v -0.05141435 -0.06548588 0.10455510
v -0.03602950 -0.07328458 0.10301785
v -0.03602950 -0.07328458 0.10301785
v -0.02841735 -0.07726908 0.10376600
v -0.03668665 -0.07463983 0.10455510
v -0.03668665 -0.07463983 0.10455510
v -0.02001610 -0.07906958 0.10301785
v -0.02001610 -0.07906958 0.10301785
v -0.01174225 -0.08138423 0.10376600
v -0.02037750 -0.08053143 0.10455510
v -0.02037750 -0.08053143 0.10455510
v -0.00315055 -0.08139853 0.10301785
v -0.00315055 -0.08139853 0.10301785
v 0.00542425 -0.08194258 0.10376600
v -0.00319930 -0.08290327 0.10455510
v -0.00319930 -0.08290327 0.10455510
v 0.01383135 -0.08017003 0.10301785
v 0.01383135 -0.08017003 0.10301785
v 0.02233140 -0.07891943 0.10376600
v 0.01409590 -0.08165203 0.10455510
v 0.01409590 -0.08165203 0.10455510
v 0.03018665 -0.07543803 0.10301785
v 0.03018665 -0.07543803 0.10301785
v 0.03824080 -0.07244673 0.10376600
v 0.03075410 -0.07683293 0.10455510
v 0.03075410 -0.07683293 0.10455510
v 0.04520035 -0.06740858 0.10301785
v 0.04520035 -0.06740858 0.10301785
v 0.05245630 -0.06280853 0.10376600
v 0.05245630 -0.06280853 0.10376600
v 0.04604470 -0.06865463 0.10455510
v 0.04604470 -0.06865463 0.10455510
v 0.05821660 -0.05643332 0.10301785
v 0.06435780 -0.05042538 0.10376600
v 0.05930210 -0.05747658 0.10455510
v 0.06866665 -0.04299133 0.10301785
v 0.07342465 -0.03583743 0.10376600
v 0.06994520 -0.04378628 0.10455510
v 0.07609355 -0.02767083 0.10301785
v 0.07925970 -0.01968428 0.10376600
v 0.07925970 -0.01968428 0.10376600
v 0.07750925 -0.02818238 0.10455510
v 0.08017295 -0.01114068 0.10301785
v 0.08017295 -0.01114068 0.10301785
v 0.08161010 -0.00266988 0.10376600
v 0.08161010 -0.00266988 0.10376600
v 0.08166405 -0.01134673 0.10455510
v 0.08072675 0.00587632 0.10301785
v 0.08037055 0.01446087 0.10376600
v 0.08222760 0.00598487 0.10455510
v 0.07772960 0.02263657 0.10301785
v 0.07559695 0.03095917 0.10376600
v 0.07917585 0.02305517 0.10455510
v 0.07131345 0.03840752 0.10301785
v 0.06749665 0.04610482 0.10376600
v 0.07264075 0.03911732 0.10455510
v 0.06175845 0.05249952 0.10301785
v 0.05642520 0.05923548 0.10376600
v 0.06290960 0.05346997 0.10455510
v 0.04948255 0.06429767 0.10301785
v 0.04286555 0.06977783 0.10376600
v 0.05040685 0.06548653 0.10455510
v 0.03502265 0.07328522 0.10301785
v 0.02741050 0.07726972 0.10376600
v 0.03567915 0.07463983 0.10455510
v 0.01900925 0.07907023 0.10301785
v 0.01073475 0.08138487 0.10376600
v 0.01937000 0.08053143 0.10455510
v 0.00214370 0.08139917 0.10301785
v -0.00643110 0.08194258 0.10376600
v 0.00219245 0.08290392 0.10455445
v -0.01483820 0.08017132 0.10301785
v -0.02333825 0.07892007 0.10376600
v -0.01510340 0.08165333 0.10455510
v -0.03119350 0.07543867 0.10301785
v -0.03924765 0.07244737 0.10376600
v -0.03176030 0.07683292 0.10455510
v -0.04620720 0.06740922 0.10301785
v -0.05346380 0.06280852 0.10376600
v -0.04705220 0.06865528 0.10455510
v -0.05922345 0.05643397 0.10301785
v -0.06536530 0.05042537 0.10376600
v -0.06030895 0.05747722 0.10455510
v -0.06967415 0.04299197 0.10301785
v -0.07443150 0.03583807 0.10376600
v -0.07443150 0.03583807 0.10376600
v -0.07095205 0.04378692 0.10455510
v -0.07710105 0.02767147 0.10301785
v -0.07710105 0.02767147 0.10301785
v -0.08026720 0.01968427 0.10376600
v -0.07851675 0.02818302 0.10455510
v -0.07851675 0.02818302 0.10455510
v -0.08118045 0.01114132 0.10301785
v -0.08118045 0.01114132 0.10301785
v -0.08267155 0.01134672 0.10455510
v -0.08267155 0.01134672 0.10455510
v -0.08116160 0.00262307 0.10251735
v -0.08033935 -0.00577493 0.10219300
v -0.07994415 -0.01420413 0.10251735
v -0.07739420 -0.02224788 0.10219300
v -0.07525505 -0.03041058 0.10251735
v -0.07108790 -0.03774778 0.10219300
v -0.06729905 -0.04528778 0.10251735
v -0.06169735 -0.05159798 0.10219300
v -0.05642325 -0.05818508 0.10251735
v -0.04963205 -0.06319398 0.10219300
v -0.04310410 -0.06854023 0.10251735
v -0.03542045 -0.07202748 0.10219300
v -0.02792270 -0.07589953 0.10251735
v -0.01968200 -0.07771303 0.10219300
v -0.01154270 -0.07994188 0.10251735
v -0.00310505 -0.08000232 0.10219300
v 0.00531895 -0.08049048 0.10251735
v 0.01358500 -0.07879463 0.10219300
v 0.02192645 -0.07752063 0.10251735
v 0.02966015 -0.07414323 0.10219300
v 0.03755375 -0.07116298 0.10251735
v 0.04441580 -0.06625223 0.10219300
v 0.05151835 -0.06169508 0.10251735
v 0.05720845 -0.05546483 0.10219300
v 0.06320860 -0.04953098 0.10251735
v 0.06747975 -0.04225358 0.10219300
v 0.07211425 -0.03520238 0.10251735
v 0.07477860 -0.02719568 0.10219300
v 0.07784660 -0.01933523 0.10251735
v 0.07878845 -0.01094958 0.10219300
v 0.08015410 -0.00262243 0.10251735
v 0.07933250 0.00577557 0.10219300
v 0.07893730 0.01420412 0.10251735
v 0.07638735 0.02224787 0.10219300
v 0.07424820 0.03041057 0.10251735
v 0.07008105 0.03774842 0.10219300
v 0.06629220 0.04528777 0.10251735
v 0.06069050 0.05159927 0.10219300
v 0.05541640 0.05818573 0.10251735
v 0.04862520 0.06319397 0.10219300
v 0.04209725 0.06854088 0.10251735
v 0.03441295 0.07202747 0.10219300
v 0.02691585 0.07590018 0.10251735
v 0.01867450 0.07771367 0.10219300
v 0.01053585 0.07994253 0.10251735
v 0.00209820 0.08000232 0.10219300
v -0.00632645 0.08049047 0.10251735
v -0.01459250 0.07879527 0.10219300
v -0.02293395 0.07752128 0.10251735
v -0.03066700 0.07414387 0.10219300
v -0.03856125 0.07116362 0.10251735
v -0.04542330 0.06625222 0.10219300
v -0.05252520 0.06169637 0.10251735
v -0.05821595 0.05546548 0.10219300
v -0.06421545 0.04953227 0.10251735
v -0.06848660 0.04225422 0.10219300
v -0.07312175 0.03520302 0.10251735
v -0.07578610 0.02719697 0.10219300
v -0.07885410 0.01933587 0.10251735
v -0.07979530 0.01095022 0.10219300
v -0.08312070 -0.01477223 0.10517650
v -0.08438690 0.00272772 0.10517650
v -0.07824440 -0.03162608 0.10517650
v -0.06996990 -0.04709867 0.10517650
v -0.05865990 -0.06051208 0.10517650
v -0.04480775 -0.07128128 0.10517650
v -0.02901925 -0.07893438 0.10517650
v -0.01198470 -0.08313858 0.10517650
v 0.00555165 -0.08370863 0.10517650
v 0.02282345 -0.08062048 0.10517650
v 0.03907605 -0.07400868 0.10517650
v 0.05359835 -0.06416248 0.10517650
v 0.06575595 -0.05151218 0.10517650
v 0.07501845 -0.03661028 0.10517650
v 0.08097960 -0.02010808 0.10517650
v 0.08337940 -0.00272773 0.10517650
v 0.08211385 0.01477222 0.10517650
v 0.07723690 0.03162672 0.10517650
v 0.06896240 0.04709867 0.10517650
v 0.05765240 0.06051272 0.10517650
v 0.04380025 0.07128127 0.10517650
v 0.02801175 0.07893503 0.10517650
v 0.01097785 0.08313857 0.10517650
v -0.00655915 0.08370927 0.10517650
v -0.02383095 0.08062113 0.10517650
v -0.04008290 0.07400933 0.10517650
v -0.05460520 0.06416313 0.10517650
v -0.06676345 0.05151282 0.10517650
v -0.07602530 0.03661027 0.10517650
v -0.08198645 0.02010872 0.10517650
v -0.08931845 0.00288827 0.10700170
v -0.08942310 -0.00643208 0.10686650
v -0.08942310 -0.00643208 0.10686650
v -0.08797815 -0.01564063 0.10700170
v -0.08614320 -0.02477898 0.10686650
v -0.08614320 -0.02477898 0.10686650
v -0.08281455 -0.03348573 0.10700170
v -0.07911995 -0.04204298 0.10686650
v -0.07911995 -0.04204298 0.10686650
v -0.07405385 -0.04986768 0.10700170
v -0.06866080 -0.05747008 0.10686650
v -0.06866080 -0.05747008 0.10686650
v -0.06207890 -0.06406953 0.10700170
v -0.05522270 -0.07038428 0.10686650
v -0.05522270 -0.07038428 0.10686650
v -0.04741230 -0.07547183 0.10700170
v -0.03939260 -0.08022333 0.10686650
v -0.03939260 -0.08022333 0.10686650
v -0.03069560 -0.08357538 0.10700170
v -0.02186405 -0.08655563 0.10686650
v -0.02186405 -0.08655563 0.10686650
v -0.01265940 -0.08802593 0.10700170
v -0.00340080 -0.08910493 0.10686650
v -0.00340080 -0.08910493 0.10686650
v 0.00590785 -0.08863043 0.10700170
v 0.01518790 -0.08776008 0.10686650
v 0.01518790 -0.08776008 0.10686650
v 0.02419495 -0.08536027 0.10700170
v 0.03309215 -0.08258023 0.10686650
v 0.03309215 -0.08258023 0.10686650
v 0.04140305 -0.07835978 0.10700170
v 0.04952740 -0.07379093 0.10686650
v 0.04952740 -0.07379093 0.10686650
v 0.05677880 -0.06793443 0.10700170
v 0.06377605 -0.06177633 0.10686650
v 0.06377605 -0.06177633 0.10686650
v 0.06965140 -0.05454053 0.10700170
v 0.07521475 -0.04706163 0.10686650
v 0.07521475 -0.04706163 0.10686650
v 0.07945795 -0.03876243 0.10700170
v 0.08334560 -0.03029098 0.10686650
v 0.08334560 -0.03029098 0.10686650
v 0.08577010 -0.02129043 0.10700170
v 0.08781045 -0.01219563 0.10686650
v 0.08781045 -0.01219563 0.10686650
v 0.08831095 -0.00288763 0.10700170
v 0.08841625 0.00643272 0.10686650
v 0.08841625 0.00643272 0.10686650
v 0.08697130 0.01564062 0.10700170
v 0.08513635 0.02477962 0.10686650
v 0.08513635 0.02477962 0.10686650
v 0.08180770 0.03348637 0.10700170
v 0.07811245 0.04204363 0.10686650
v 0.07811245 0.04204363 0.10686650
v 0.07304635 0.04986767 0.10700170
v 0.06765330 0.05747007 0.10686650
v 0.06765330 0.05747007 0.10686650
v 0.06765330 0.05747007 0.10686650
v 0.06107140 0.06407018 0.10700170
v 0.05421520 0.07038492 0.10686650
v 0.05421520 0.07038492 0.10686650
v 0.04640480 0.07547247 0.10700170
v 0.03838575 0.08022332 0.10686650
v 0.03838575 0.08022332 0.10686650
v 0.02968810 0.08357602 0.10700170
v 0.02085720 0.08655562 0.10686650
v 0.02085720 0.08655562 0.10686650
v 0.01165255 0.08802657 0.10700170
v 0.00239395 0.08910557 0.10686650
v 0.00239395 0.08910557 0.10686650
v -0.00691470 0.08863042 0.10700105
v -0.01619540 0.08776072 0.10686650
v -0.01619540 0.08776072 0.10686650
v -0.02520180 0.08536093 0.10700170
v -0.03409900 0.08258022 0.10686650
v -0.03409900 0.08258022 0.10686650
v -0.04240925 0.07836042 0.10700170
v -0.05053425 0.07379092 0.10686650
v -0.05053425 0.07379092 0.10686650
v -0.05778630 0.06793507 0.10700170
v -0.06478290 0.06177697 0.10686650
v -0.06478290 0.06177697 0.10686650
v -0.07065890 0.05454052 0.10700170
v -0.07622225 0.04706227 0.10686650
v -0.07622225 0.04706227 0.10686650
v -0.08046545 0.03876308 0.10700170
v -0.08435245 0.03029097 0.10686650
v -0.08435245 0.03029097 0.10686650
v -0.08677695 0.02129107 0.10700170
v -0.08881795 0.01219562 0.10686650
v -0.08881795 0.01219562 0.10686650
v -0.07885540 -0.01400913 0.10312510
v -0.07885540 -0.01400913 0.10312510
v -0.07962890 -0.00572358 0.10285080
v -0.08005595 0.00258732 0.10312510
v -0.08005595 0.00258732 0.10312510
v -0.07423065 -0.02999328 0.10312510
v -0.07423065 -0.02999328 0.10312510
v -0.07670975 -0.02204963 0.10285080
v -0.06638385 -0.04466703 0.10312510
v -0.07046000 -0.03741238 0.10285080
v -0.07046000 -0.03741238 0.10285080
v -0.05565755 -0.05738818 0.10312510
v -0.05565755 -0.05738818 0.10312510
v -0.06115265 -0.05113907 0.10285080
v -0.06115265 -0.05113907 0.10285080
v -0.06115265 -0.05113907 0.10285080
v -0.04252040 -0.06760098 0.10312510
v -0.04252040 -0.06760098 0.10312510
v -0.04919525 -0.06263108 0.10285080
v -0.02754700 -0.07485953 0.10312510
v -0.02754700 -0.07485953 0.10312510
v -0.03510910 -0.07138593 0.10285145
v -0.01139190 -0.07884663 0.10312510
v -0.01139190 -0.07884663 0.10312510
v -0.01951105 -0.07702143 0.10285145
v 0.00523965 -0.07938743 0.10312510
v 0.00523965 -0.07938743 0.10312510
v -0.00308165 -0.07928992 0.10285145
v 0.02161965 -0.07645852 0.10312510
v 0.02161965 -0.07645852 0.10312510
v 0.01346020 -0.07809328 0.10285145
v 0.03703245 -0.07018798 0.10312510
v 0.03703245 -0.07018798 0.10312510
v 0.02939170 -0.07348348 0.10285145
v 0.05080530 -0.06085008 0.10312510
v 0.04401605 -0.06566268 0.10285145
v 0.04401605 -0.06566268 0.10285145
v 0.06233565 -0.04885238 0.10312510
v 0.05669495 -0.05497148 0.10285080
v 0.05669495 -0.05497148 0.10285080
v 0.07111910 -0.03472008 0.10312510
v 0.06687460 -0.04187788 0.10285080
v 0.06687460 -0.04187788 0.10285080
v 0.07677280 -0.01907003 0.10312510
v 0.07677280 -0.01907003 0.10312510
v 0.07410910 -0.02695388 0.10285080
v 0.07410910 -0.02695388 0.10285080
v 0.07904910 -0.00258668 0.10312510
v 0.07904910 -0.00258668 0.10312510
v 0.07808255 -0.01085208 0.10285080
v 0.07784855 0.01400977 0.10312510
v 0.07862140 0.00572422 0.10285080
v 0.07862140 0.00572422 0.10285080
v 0.07322315 0.02999392 0.10312510
v 0.07570290 0.02204962 0.10285080
v 0.07570290 0.02204962 0.10285080
v 0.06537635 0.04466702 0.10312510
v 0.06945315 0.03741237 0.10285080
v 0.06945315 0.03741237 0.10285080
v 0.05465005 0.05738817 0.10312510
v 0.06014580 0.05113972 0.10285080
v 0.06014580 0.05113972 0.10285080
v 0.04151290 0.06760162 0.10312510
v 0.04818775 0.06263172 0.10285080
v 0.04818775 0.06263172 0.10285080
v 0.02653950 0.07485952 0.10312510
v 0.03410225 0.07138657 0.10285080
v 0.03410225 0.07138657 0.10285080
v 0.01038505 0.07884662 0.10312510
v 0.01850355 0.07702143 0.10285080
v 0.01850355 0.07702143 0.10285080
v -0.00624650 0.07938742 0.10312510
v 0.00207480 0.07928992 0.10285080
v 0.00207480 0.07928992 0.10285080
v -0.02262650 0.07645852 0.10312510
v -0.01446705 0.07809392 0.10285080
v -0.01446705 0.07809392 0.10285080
v -0.03803995 0.07018797 0.10312510
v -0.03039790 0.07348347 0.10285080
v -0.03039790 0.07348347 0.10285080
v -0.05181215 0.06085073 0.10312510
v -0.04502355 0.06566268 0.10285080
v -0.04502355 0.06566268 0.10285080
v -0.06334250 0.04885303 0.10312510
v -0.05770245 0.05497147 0.10285080
v -0.05770245 0.05497147 0.10285080
v -0.07212660 0.03472072 0.10312510
v -0.06788145 0.04187852 0.10285080
v -0.06788145 0.04187852 0.10285080
v -0.07778030 0.01907067 0.10312510
v -0.07778030 0.01907067 0.10312510
v -0.07511595 0.02695452 0.10285080
v -0.07511595 0.02695452 0.10285080
v -0.07909005 0.01085272 0.10285080
v -0.08797815 -0.01564063 0.10584535
v -0.08942310 -0.00643208 0.10600005
v -0.08942310 -0.00643208 0.10600005
v -0.08931845 0.00288827 0.10584535
v -0.08281455 -0.03348573 0.10584535
v -0.08614320 -0.02477898 0.10600005
v -0.08614320 -0.02477898 0.10600005
v -0.07405385 -0.04986768 0.10584535
v -0.07911995 -0.04204298 0.10600005
v -0.07911995 -0.04204298 0.10600005
v -0.06207890 -0.06406953 0.10584535
v -0.06866080 -0.05747008 0.10600005
v -0.06866080 -0.05747008 0.10600005
v -0.06866080 -0.05747008 0.10600005
v -0.04741230 -0.07547183 0.10584535
v -0.05522270 -0.07038428 0.10600005
v -0.05522270 -0.07038428 0.10600005
v -0.03069560 -0.08357538 0.10584535
v -0.03939260 -0.08022333 0.10600005
v -0.03939260 -0.08022333 0.10600005
v -0.01265940 -0.08802593 0.10584535
v -0.02186405 -0.08655563 0.10600005
v -0.02186405 -0.08655563 0.10600005
v 0.00590785 -0.08863043 0.10584535
v -0.00340080 -0.08910493 0.10600005
v -0.00340080 -0.08910493 0.10600005
v 0.02419495 -0.08536027 0.10584535
v 0.01518790 -0.08776008 0.10600005
v 0.01518790 -0.08776008 0.10600005
v 0.04140305 -0.07835978 0.10584535
v 0.03309215 -0.08258023 0.10600005
v 0.03309215 -0.08258023 0.10600005
v 0.05677880 -0.06793443 0.10584535
v 0.04952740 -0.07379093 0.10600005
v 0.04952740 -0.07379093 0.10600005
v 0.06965140 -0.05454053 0.10584535
v 0.06377605 -0.06177633 0.10600005
v 0.06377605 -0.06177633 0.10600005
v 0.06377605 -0.06177633 0.10600005
v 0.07945795 -0.03876243 0.10584535
v 0.07521475 -0.04706163 0.10600005
v 0.07521475 -0.04706163 0.10600005
v 0.08577010 -0.02129043 0.10584535
v 0.08334560 -0.03029098 0.10600005
v 0.08334560 -0.03029098 0.10600005
v 0.08831095 -0.00288763 0.10584535
v 0.08781045 -0.01219563 0.10600005
v 0.08781045 -0.01219563 0.10600005
v 0.08697130 0.01564062 0.10584535
v 0.08841625 0.00643272 0.10600005
v 0.08841625 0.00643272 0.10600005
v 0.08180770 0.03348637 0.10584535
v 0.08513635 0.02477962 0.10600005
v 0.08513635 0.02477962 0.10600005
v 0.07304635 0.04986767 0.10584535
v 0.07811245 0.04204363 0.10600005
v 0.07811245 0.04204363 0.10600005
v 0.06107140 0.06407018 0.10584535
v 0.06765330 0.05747007 0.10600005
v 0.06765330 0.05747007 0.10600005
v 0.06765330 0.05747007 0.10600005
v 0.04640480 0.07547247 0.10584535
v 0.05421520 0.07038492 0.10600005
v 0.05421520 0.07038492 0.10600005
v 0.02968810 0.08357602 0.10584535
v 0.03838575 0.08022332 0.10600005
v 0.03838575 0.08022332 0.10600005
v 0.01165255 0.08802657 0.10584535
v 0.02085720 0.08655562 0.10600005
v 0.02085720 0.08655562 0.10600005
v -0.00691470 0.08863042 0.10584535
v 0.00239395 0.08910557 0.10600005
v 0.00239395 0.08910557 0.10600005
v -0.02520180 0.08536093 0.10584535
v -0.01619540 0.08776072 0.10600005
v -0.01619540 0.08776072 0.10600005
v -0.04240925 0.07836042 0.10584535
v -0.03409900 0.08258022 0.10600005
v -0.03409900 0.08258022 0.10600005
v -0.05778630 0.06793507 0.10584535
v -0.05053425 0.07379092 0.10600005
v -0.05053425 0.07379092 0.10600005
v -0.07065890 0.05454052 0.10584535
v -0.06478290 0.06177697 0.10600005
v -0.06478290 0.06177697 0.10600005
v -0.08046545 0.03876308 0.10584535
v -0.07622225 0.04706227 0.10600005
v -0.07622225 0.04706227 0.10600005
v -0.08677695 0.02129107 0.10584535
v -0.08435245 0.03029097 0.10600005
v -0.08435245 0.03029097 0.10600005
v -0.08881795 0.01219562 0.10600005
v -0.08881795 0.01219562 0.10600005
v -0.08005595 0.00258732 0.10196875
v -0.07962890 -0.00572358 0.10198370
v -0.07962890 -0.00572358 0.10198370
v -0.07885540 -0.01400913 0.10196875
v -0.07670975 -0.02204963 0.10198370
v -0.07670975 -0.02204963 0.10198370
v -0.07423065 -0.02999328 0.10196875
v -0.07046000 -0.03741238 0.10198370
v -0.07046000 -0.03741238 0.10198370
v -0.06638385 -0.04466703 0.10196875
v -0.06115265 -0.05113907 0.10198370
v -0.06115265 -0.05113907 0.10198370
v -0.06115265 -0.05113907 0.10198370
v -0.05565690 -0.05738818 0.10196875
v -0.04919525 -0.06263108 0.10198370
v -0.04919525 -0.06263108 0.10198370
v -0.04252040 -0.06760098 0.10196940
v -0.03510910 -0.07138593 0.10198370
v -0.03510910 -0.07138593 0.10198370
v -0.02754700 -0.07485953 0.10196940
v -0.01951105 -0.07702143 0.10198370
v -0.01951105 -0.07702143 0.10198370
v -0.01139190 -0.07884663 0.10196940
v -0.00308165 -0.07928992 0.10198370
v -0.00308165 -0.07928992 0.10198370
v 0.00523965 -0.07938743 0.10196940
v 0.01346020 -0.07809328 0.10198370
v 0.01346020 -0.07809328 0.10198370
v 0.02161965 -0.07645852 0.10196940
v 0.02939170 -0.07348348 0.10198370
v 0.02939170 -0.07348348 0.10198370
v 0.03703245 -0.07018798 0.10196940
v 0.04401605 -0.06566268 0.10198370
v 0.04401605 -0.06566268 0.10198370
v 0.05080530 -0.06085008 0.10196875
v 0.05669495 -0.05497148 0.10198370
v 0.05669495 -0.05497148 0.10198370
v 0.06233565 -0.04885238 0.10196875
v 0.06687460 -0.04187788 0.10198370
v 0.06687460 -0.04187788 0.10198370
v 0.07111910 -0.03472008 0.10196875
v 0.07410910 -0.02695388 0.10198370
v 0.07410910 -0.02695388 0.10198370
v 0.07677280 -0.01907003 0.10196875
v 0.07808255 -0.01085208 0.10198370
v 0.07808255 -0.01085208 0.10198370
v 0.07904910 -0.00258668 0.10196875
v 0.07862140 0.00572422 0.10198370
v 0.07862140 0.00572422 0.10198370
v 0.07784855 0.01400977 0.10196875
v 0.07570290 0.02204962 0.10198370
v 0.07570290 0.02204962 0.10198370
v 0.07322315 0.02999392 0.10196875
v 0.06945315 0.03741237 0.10198370
v 0.06945315 0.03741237 0.10198370
v 0.06537635 0.04466702 0.10196875
v 0.06014580 0.05113972 0.10198370
v 0.06014580 0.05113972 0.10198370
v 0.06014580 0.05113972 0.10198370
v 0.05465005 0.05738817 0.10196875
v 0.04818775 0.06263172 0.10198370
v 0.04818775 0.06263172 0.10198370
v 0.04151290 0.06760162 0.10196875
v 0.03410225 0.07138657 0.10198370
v 0.03410225 0.07138657 0.10198370
v 0.02653950 0.07485952 0.10196875
v 0.01850355 0.07702143 0.10198370
v 0.01850355 0.07702143 0.10198370
v 0.01038505 0.07884662 0.10196875
v 0.00207480 0.07928992 0.10198370
v 0.00207480 0.07928992 0.10198370
v -0.00624650 0.07938742 0.10196875
v -0.01446705 0.07809392 0.10198370
v -0.01446705 0.07809392 0.10198370
v -0.02262650 0.07645852 0.10196875
v -0.03039790 0.07348347 0.10198370
v -0.03039790 0.07348347 0.10198370
v -0.03803995 0.07018797 0.10196875
v -0.04502355 0.06566268 0.10198370
v -0.04502355 0.06566268 0.10198370
v -0.05181215 0.06085073 0.10196875
v -0.05770245 0.05497147 0.10198370
v -0.05770245 0.05497147 0.10198370
v -0.05770245 0.05497147 0.10198370
v -0.06334250 0.04885303 0.10196875
v -0.06788145 0.04187852 0.10198370
v -0.06788145 0.04187852 0.10198370
v -0.07212660 0.03472072 0.10196875
v -0.07511595 0.02695452 0.10198370
v -0.07511595 0.02695452 0.10198370
v -0.07778030 0.01907067 0.10196875
v -0.07909005 0.01085272 0.10198370
v -0.07909005 0.01085272 0.10198370
v -0.05541510 -0.05713663 0.10237435
v -0.04233580 -0.06730458 0.10237435
v -0.02742805 -0.07453128 0.10237435
v -0.01134445 -0.07850083 0.10237435
v 0.00521430 -0.07903902 0.10237435
v 0.02152215 -0.07612312 0.10237435
v 0.03686800 -0.06987988 0.10237435
v 0.05058040 -0.06058358 0.10237435
v 0.05058040 -0.06058358 0.10237435
v 0.06206005 -0.04863853 0.10237435
v 0.07080515 -0.03456798 0.10237435
v 0.07643415 -0.01898618 0.10237435
v 0.07870005 -0.00257563 0.10237435
v 0.07750535 0.01394867 0.10237435
v 0.07290075 0.02986262 0.10237435
v 0.06508775 0.04447137 0.10237435
v 0.05440825 0.05713727 0.10237435
v 0.05440825 0.05713727 0.10237435
v 0.04132895 0.06730522 0.10237435
v 0.02642120 0.07453192 0.10237435
v 0.01033695 0.07850148 0.10237435
v -0.00622115 0.07903968 0.10237435
v -0.02252900 0.07612377 0.10237435
v -0.03787485 0.06988117 0.10237435
v -0.05158725 0.06058357 0.10237435
v -0.05158725 0.06058357 0.10237435
v -0.06306755 0.04863917 0.10237435
v -0.07181265 0.03456862 0.10237435
v -0.07744100 0.01898682 0.10237435
v -0.07970755 0.00257562 0.10237435
v -0.07851285 -0.01394803 0.10237435
v -0.07390760 -0.02986198 0.10237435
v -0.06609525 -0.04447138 0.10237435
v -0.03082755 -0.08394133 0.10643620
v -0.04761770 -0.07580267 0.10643620
v -0.06234865 -0.06435033 0.10643620
v -0.06234865 -0.06435033 0.10643620
v -0.07437625 -0.05008543 0.10643620
v -0.08317530 -0.03363263 0.10643620
v -0.08836165 -0.01570888 0.10643620
v -0.08970715 0.00290127 0.10643620
v -0.08715525 0.02138402 0.10643620
v -0.08081515 0.03893272 0.10643620
v -0.07096635 0.05477973 0.10643620
v -0.05803655 0.06823212 0.10643620
v -0.05803655 0.06823212 0.10643620
v -0.04259320 0.07870362 0.10643620
v -0.02531035 0.08573402 0.10643620
v -0.00694265 0.08901847 0.10643620
v 0.01170585 0.08841203 0.10643620
v 0.02982070 0.08394198 0.10643620
v 0.04661020 0.07580267 0.10643620
v 0.06134115 0.06435097 0.10643620
v 0.07336875 0.05008608 0.10643620
v 0.08216780 0.03363262 0.10643620
v 0.08735415 0.01570887 0.10643620
v 0.08870030 -0.00290063 0.10643620
v 0.08614775 -0.02138403 0.10643620
v 0.07980830 -0.03893208 0.10643620
v 0.06995885 -0.05477973 0.10643620
v 0.05702970 -0.06823213 0.10643620
v 0.05702970 -0.06823213 0.10643620
v 0.04158635 -0.07870298 0.10643620
v 0.02430285 -0.08573403 0.10643620
v 0.00593580 -0.08901847 0.10643620
v -0.01271270 -0.08841203 0.10643620
v -0.08859240 0.00286487 0.10697700
v -0.08726315 -0.01551258 0.10697700
v -0.08433945 -0.01498998 0.10675015
v -0.08562450 0.00276802 0.10675015
v -0.08214245 -0.03321208 0.10697700
v -0.07939100 -0.03209278 0.10675015
v -0.07345325 -0.04946013 0.10697700
v -0.07099430 -0.04779288 0.10675015
v -0.06157580 -0.06354628 0.10697700
v -0.05951725 -0.06140453 0.10675015
v -0.04702880 -0.07485563 0.10697700
v -0.04546100 -0.07233233 0.10675015
v -0.03044860 -0.08289288 0.10697700
v -0.02943980 -0.08009918 0.10675015
v -0.01256060 -0.08730702 0.10697700
v -0.01215370 -0.08436512 0.10675015
v 0.00585520 -0.08790633 0.10697700
v 0.00564135 -0.08494363 0.10675015
v 0.02399345 -0.08466283 0.10697700
v 0.02316730 -0.08180998 0.10675015
v 0.04106050 -0.07771953 0.10697700
v 0.03965975 -0.07510068 0.10675015
v 0.05631080 -0.06737998 0.10697700
v 0.05439655 -0.06510888 0.10675015
v 0.06907875 -0.05409463 0.10697700
v 0.06673355 -0.05227203 0.10675015
v 0.07880470 -0.03844588 0.10697700
v 0.07613255 -0.03715043 0.10675015
v 0.08506550 -0.02111623 0.10697700
v 0.08218145 -0.02040448 0.10675015
v 0.08758555 -0.00286423 0.10697700
v 0.08461765 -0.00276803 0.10675015
v 0.08625630 0.01551322 0.10697700
v 0.08333260 0.01498997 0.10675015
v 0.08113495 0.03321272 0.10697700
v 0.07838350 0.03209343 0.10675015
v 0.07244575 0.04946077 0.10697700
v 0.06998745 0.04779352 0.10675015
v 0.06056830 0.06354627 0.10697700
v 0.05851040 0.06140517 0.10675015
v 0.04602195 0.07485562 0.10697700
v 0.04445415 0.07233298 0.10675015
v 0.02944175 0.08289288 0.10697700
v 0.02843295 0.08009982 0.10675015
v 0.01155310 0.08730768 0.10697700
v 0.01114685 0.08436577 0.10675015
v -0.00686270 0.08790632 0.10697700
v -0.00664820 0.08494362 0.10675015
v -0.02500030 0.08466282 0.10697700
v -0.02417480 0.08181062 0.10675015
v -0.04206735 0.07772018 0.10697700
v -0.04066660 0.07510068 0.10675015
v -0.05731765 0.06737997 0.10697700
v -0.05540340 0.06510953 0.10675015
v -0.07008560 0.05409527 0.10697700
v -0.06774105 0.05227268 0.10675015
v -0.07981220 0.03844652 0.10697700
v -0.07713940 0.03715042 0.10675015
v -0.08607235 0.02111752 0.10697700
v -0.08318895 0.02040577 0.10675015
v -0.08215740 -0.01459998 0.10571145
v -0.08215740 -0.01459998 0.10571145
v -0.08067540 -0.01433478 0.10417355
v -0.08067540 -0.01433478 0.10417355
v -0.08190390 0.00264712 0.10417355
v -0.08190390 0.00264712 0.10417355
v -0.08340865 0.00269587 0.10571145
v -0.08340865 0.00269587 0.10571145
v -0.07733765 -0.03125753 0.10571145
v -0.07733765 -0.03125753 0.10571145
v -0.07594340 -0.03069008 0.10417355
v -0.07594340 -0.03069008 0.10417355
v -0.06916000 -0.04654943 0.10571145
v -0.06791395 -0.04570443 0.10417355
v -0.05798130 -0.05980618 0.10571145
v -0.05693805 -0.05872133 0.10417355
v -0.05693805 -0.05872133 0.10417355
v -0.04429100 -0.07044992 0.10571145
v -0.04429100 -0.07044992 0.10571145
v -0.04349605 -0.06917073 0.10417355
v -0.04349605 -0.06917073 0.10417355
v -0.02868645 -0.07801398 0.10571145
v -0.02868645 -0.07801398 0.10571145
v -0.02817555 -0.07659828 0.10417355
v -0.02817555 -0.07659828 0.10417355
v -0.01185080 -0.08216877 0.10571145
v -0.01185080 -0.08216877 0.10571145
v -0.01164475 -0.08067768 0.10417355
v -0.01164475 -0.08067768 0.10417355
v 0.00548080 -0.08273233 0.10571145
v 0.00548080 -0.08273233 0.10571145
v 0.00537225 -0.08123083 0.10417355
v 0.00537225 -0.08123083 0.10417355
v 0.02255175 -0.07968058 0.10571145
v 0.02255175 -0.07968058 0.10571145
v 0.02213315 -0.07823433 0.10417355
v 0.02213315 -0.07823433 0.10417355
v 0.03861455 -0.07314548 0.10571145
v 0.03861455 -0.07314548 0.10571145
v 0.03790410 -0.07181818 0.10417355
v 0.03790410 -0.07181818 0.10417355
v 0.05296720 -0.06341433 0.10571145
v 0.05199675 -0.06226318 0.10417355
v 0.06498310 -0.05091158 0.10571145
v 0.06379490 -0.04998663 0.10417355
v 0.07413770 -0.03618323 0.10571145
v 0.07278245 -0.03552673 0.10417355
v 0.08002930 -0.01987343 0.10571145
v 0.07856745 -0.01951268 0.10417355
v 0.07856745 -0.01951268 0.10417355
v 0.08240115 -0.00269588 0.10571145
v 0.08089640 -0.00264648 0.10417355
v 0.08089640 -0.00264648 0.10417355
v 0.08114990 0.01459997 0.10571145
v 0.07966790 0.01433542 0.10417355
v 0.07633015 0.03125752 0.10571145
v 0.07493590 0.03069007 0.10417355
v 0.06815250 0.04654942 0.10571145
v 0.06690645 0.04570442 0.10417355
v 0.05697445 0.05980682 0.10571145
v 0.05593120 0.05872132 0.10417355
v 0.04328350 0.07044992 0.10571145
v 0.04248855 0.06917137 0.10417355
v 0.02767895 0.07801463 0.10571145
v 0.02716805 0.07659828 0.10417355
v 0.01084330 0.08216943 0.10571145
v 0.01063790 0.08067767 0.10417355
v -0.00648830 0.08273233 0.10571145
v -0.00637975 0.08123147 0.10417355
v -0.02355860 0.07968058 0.10571145
v -0.02314000 0.07823432 0.10417355
v -0.03962140 0.07314612 0.10571145
v -0.03891095 0.07181883 0.10417355
v -0.05397405 0.06341432 0.10571145
v -0.05300360 0.06226383 0.10417355
v -0.06599060 0.05091157 0.10571145
v -0.06480175 0.04998792 0.10417355
v -0.07514455 0.03618387 0.10571145
v -0.07378995 0.03552672 0.10417355
v -0.08103615 0.01987407 0.10571145
v -0.08103615 0.01987407 0.10571145
v -0.07957430 0.01951397 0.10417355
v -0.07957430 0.01951397 0.10417355
v -0.07930000 -0.01408908 0.10334870
v -0.08050705 0.00260227 0.10334870
v -0.07464860 -0.03016358 0.10334870
v -0.06675695 -0.04491988 0.10334870
v -0.05596955 -0.05771318 0.10334870
v -0.04275830 -0.06798383 0.10334870
v -0.02770040 -0.07528333 0.10334870
v -0.01145365 -0.07929318 0.10334870
v 0.00527215 -0.07983658 0.10334870
v 0.02174445 -0.07689142 0.10334870
v 0.03724500 -0.07058578 0.10334870
v 0.05109585 -0.06119458 0.10334870
v 0.06269120 -0.04912928 0.10334870
v 0.07152535 -0.03491703 0.10334870
v 0.07721090 -0.01917793 0.10334870
v 0.07950020 -0.00260098 0.10334870
v 0.07829250 0.01408907 0.10334870
v 0.07364110 0.03016357 0.10334870
v 0.06575010 0.04492053 0.10334870
v 0.05496205 0.05771382 0.10334870
v 0.04175080 0.06798382 0.10334870
v 0.02669355 0.07528397 0.10334870
v 0.01044615 0.07929317 0.10334870
v -0.00627835 0.07983722 0.10334870
v -0.02275195 0.07689208 0.10334870
v -0.03825250 0.07058577 0.10334870
v -0.05210270 0.06119522 0.10334870
v -0.06369870 0.04912928 0.10334870
v -0.07253155 0.03491702 0.10334870
v -0.07821775 0.01917857 0.10334870
v -0.08859240 0.00286487 0.10582000
v -0.08562450 0.00276802 0.10559445
v -0.08433945 -0.01498998 0.10559445
v -0.08726315 -0.01551258 0.10582000
v -0.07939100 -0.03209278 0.10559445
v -0.08214245 -0.03321208 0.10582000
v -0.07099430 -0.04779288 0.10559445
v -0.07345325 -0.04946013 0.10582000
v -0.05951725 -0.06140453 0.10559445
v -0.06157580 -0.06354628 0.10582000
v -0.04546100 -0.07233233 0.10559445
v -0.04702880 -0.07485563 0.10582000
v -0.02943980 -0.08009918 0.10559445
v -0.03044860 -0.08289288 0.10582000
v -0.01215370 -0.08436512 0.10559445
v -0.01256060 -0.08730702 0.10582000
v 0.00564135 -0.08494363 0.10559445
v 0.00585520 -0.08790633 0.10582000
v 0.02316730 -0.08180998 0.10559445
v 0.02399345 -0.08466283 0.10582000
v 0.03965975 -0.07510068 0.10559445
v 0.04106050 -0.07771953 0.10582000
v 0.05439655 -0.06510888 0.10559445
v 0.05631080 -0.06737998 0.10582000
v 0.06673355 -0.05227203 0.10559445
v 0.06907875 -0.05409463 0.10582000
v 0.07613255 -0.03715043 0.10559445
v 0.07880470 -0.03844588 0.10582000
v 0.08218145 -0.02040448 0.10559445
v 0.08506550 -0.02111623 0.10582000
v 0.08461765 -0.00276803 0.10559445
v 0.08758555 -0.00286423 0.10582000
v 0.08333260 0.01498997 0.10559445
v 0.08625630 0.01551322 0.10582000
v 0.07838350 0.03209343 0.10559445
v 0.08113495 0.03321272 0.10582000
v 0.06998745 0.04779352 0.10559445
v 0.07244575 0.04946077 0.10582000
v 0.05851040 0.06140517 0.10559445
v 0.06056830 0.06354627 0.10582000
v 0.04445415 0.07233298 0.10559445
v 0.04602195 0.07485562 0.10582000
v 0.02843295 0.08009982 0.10559445
v 0.02944175 0.08289288 0.10582000
v 0.01114685 0.08436577 0.10559445
v 0.01155310 0.08730768 0.10582000
v -0.00664820 0.08494362 0.10559445
v -0.00686270 0.08790632 0.10582000
v -0.02417480 0.08181062 0.10559445
v -0.02500030 0.08466282 0.10582000
v -0.04066660 0.07510068 0.10559445
v -0.04206735 0.07772018 0.10582000
v -0.05540340 0.06510953 0.10559445
v -0.05731765 0.06737997 0.10582000
v -0.06774105 0.05227268 0.10559445
v -0.07008560 0.05409527 0.10582000
v -0.07713940 0.03715042 0.10559445
v -0.07981220 0.03844652 0.10582000
v -0.08318895 0.02040577 0.10559445
v -0.08607235 0.02111752 0.10582000
v -0.08190390 0.00264712 0.10301785
v -0.08190390 0.00264712 0.10301785
v -0.08067540 -0.01433478 0.10301785
v -0.08067540 -0.01433478 0.10301785
v -0.08215740 -0.01459998 0.10455510
v -0.08215740 -0.01459998 0.10455510
v -0.08340865 0.00269587 0.10455510
v -0.08340865 0.00269587 0.10455510
v -0.07594340 -0.03069008 0.10301785
v -0.07594340 -0.03069008 0.10301785
v -0.07733765 -0.03125753 0.10455510
v -0.07733765 -0.03125753 0.10455510
v -0.06791395 -0.04570443 0.10301785
v -0.06916000 -0.04654943 0.10455510
v -0.05693805 -0.05872133 0.10301785
v -0.05693805 -0.05872133 0.10301785
v -0.05798130 -0.05980618 0.10455510
v -0.05798130 -0.05980618 0.10455510
v -0.04349605 -0.06917073 0.10301785
v -0.04349605 -0.06917073 0.10301785
v -0.04429100 -0.07044992 0.10455510
v -0.04429100 -0.07044992 0.10455510
v -0.02817555 -0.07659828 0.10301785
v -0.02817555 -0.07659828 0.10301785
v -0.02868645 -0.07801398 0.10455510
v -0.02868645 -0.07801398 0.10455510
v -0.01164475 -0.08067768 0.10301785
v -0.01164475 -0.08067768 0.10301785
v -0.01185080 -0.08216877 0.10455510
v -0.01185080 -0.08216877 0.10455510
v 0.00537225 -0.08123083 0.10301785
v 0.00537225 -0.08123083 0.10301785
v 0.00548080 -0.08273233 0.10455510
v 0.00548080 -0.08273233 0.10455510
v 0.02213315 -0.07823433 0.10301785
v 0.02213315 -0.07823433 0.10301785
v 0.02255175 -0.07968058 0.10455510
v 0.02255175 -0.07968058 0.10455510
v 0.03790410 -0.07181818 0.10301785
v 0.03790410 -0.07181818 0.10301785
v 0.03861455 -0.07314548 0.10455510
v 0.03861455 -0.07314548 0.10455510
v 0.05199675 -0.06226318 0.10301785
v 0.05199675 -0.06226318 0.10301785
v 0.05296720 -0.06341433 0.10455510
v 0.05296720 -0.06341433 0.10455510
v 0.06379490 -0.04998663 0.10301785
v 0.06498310 -0.05091158 0.10455510
v 0.07278245 -0.03552673 0.10301785
v 0.07413770 -0.03618323 0.10455510
v 0.07856745 -0.01951268 0.10301785
v 0.07856745 -0.01951268 0.10301785
v 0.08002930 -0.01987343 0.10455510
v 0.08089640 -0.00264648 0.10301785
v 0.08089640 -0.00264648 0.10301785
v 0.08240115 -0.00269588 0.10455510
v 0.07966790 0.01433542 0.10301785
v 0.08114990 0.01459997 0.10455510
v 0.07493590 0.03069007 0.10301785
v 0.07633015 0.03125752 0.10455510
v 0.06690645 0.04570442 0.10301785
v 0.06815250 0.04654942 0.10455510
v 0.05593120 0.05872132 0.10301785
v 0.05697445 0.05980682 0.10455510
v 0.04248855 0.06917137 0.10301785
v 0.04328350 0.07044992 0.10455510
v 0.02716805 0.07659828 0.10301785
v 0.02767895 0.07801463 0.10455510
v 0.01063790 0.08067767 0.10301785
v 0.01084330 0.08216943 0.10455445
v -0.00637975 0.08123147 0.10301785
v -0.00648830 0.08273233 0.10455510
v -0.02314000 0.07823432 0.10301785
v -0.02355860 0.07968058 0.10455510
v -0.03891095 0.07181883 0.10301785
v -0.03962140 0.07314612 0.10455510
v -0.05300360 0.06226383 0.10301785
v -0.05397405 0.06341432 0.10455510
v -0.06480175 0.04998792 0.10301785
v -0.06599060 0.05091157 0.10455510
v -0.07378995 0.03552672 0.10301785
v -0.07378995 0.03552672 0.10301785
v -0.07514455 0.03618387 0.10455510
v -0.07957430 0.01951397 0.10301785
v -0.07957430 0.01951397 0.10301785
v -0.08103615 0.01987407 0.10455510
v -0.08103615 0.01987407 0.10455510
v -0.08050705 0.00260227 0.10219300
v -0.07930000 -0.01408908 0.10219300
v -0.07464860 -0.03016358 0.10219300
v -0.06675695 -0.04491988 0.10219300
v -0.05596955 -0.05771318 0.10219300
v -0.04275830 -0.06798383 0.10219300
v -0.02770040 -0.07528333 0.10219300
v -0.01145365 -0.07929318 0.10219300
v 0.00527215 -0.07983658 0.10219300
v 0.02174445 -0.07689142 0.10219300
v 0.03724500 -0.07058578 0.10219300
v 0.05109585 -0.06119458 0.10219300
v 0.06269120 -0.04912928 0.10219300
v 0.07152535 -0.03491703 0.10219300
v 0.07721090 -0.01917793 0.10219300
v 0.07950020 -0.00260098 0.10219300
v 0.07829250 0.01408907 0.10219300
v 0.07364110 0.03016357 0.10219300
v 0.06575010 0.04492053 0.10219300
v 0.05496205 0.05771382 0.10219300
v 0.04175080 0.06798382 0.10219300
v 0.02669355 0.07528397 0.10219300
v 0.01044615 0.07929317 0.10219300
v -0.00627835 0.07983722 0.10219300
v -0.02275195 0.07689208 0.10219300
v -0.03825250 0.07058577 0.10219300
v -0.05210270 0.06119522 0.10219300
v -0.06369870 0.04912928 0.10219300
v -0.07253155 0.03491702 0.10219300
v -0.07821775 0.01917857 0.10219300
v -0.08961030 0.00289802 0.10686650
v -0.08961030 0.00289802 0.10686650
v -0.08826545 -0.01569198 0.10686650
v -0.08826545 -0.01569198 0.10686650
v -0.08308495 -0.03359558 0.10686650
v -0.08308495 -0.03359558 0.10686650
v -0.07429500 -0.05003148 0.10686650
v -0.07429500 -0.05003148 0.10686650
v -0.06228105 -0.06428013 0.10686650
v -0.06228105 -0.06428013 0.10686650
v -0.06228105 -0.06428013 0.10686650
v -0.04756635 -0.07571948 0.10686650
v -0.04756635 -0.07571948 0.10686650
v -0.03079505 -0.08384968 0.10686650
v -0.03079505 -0.08384968 0.10686650
v -0.01269970 -0.08831517 0.10686650
v -0.01269970 -0.08831517 0.10686650
v 0.00592865 -0.08892098 0.10686650
v 0.00592865 -0.08892098 0.10686650
v 0.02427620 -0.08564043 0.10686650
v 0.02427620 -0.08564043 0.10686650
v 0.04154085 -0.07861718 0.10686650
v 0.04154085 -0.07861718 0.10686650
v 0.05696730 -0.06815738 0.10686650
v 0.05696730 -0.06815738 0.10686650
v 0.05696730 -0.06815738 0.10686650
v 0.06988215 -0.05471928 0.10686650
v 0.06988215 -0.05471928 0.10686650
v 0.07972120 -0.03888983 0.10686650
v 0.07972120 -0.03888983 0.10686650
v 0.08605350 -0.02135998 0.10686650
v 0.08605350 -0.02135998 0.10686650
v 0.08860280 -0.00289738 0.10686650
v 0.08860280 -0.00289738 0.10686650
v 0.08725795 0.01569197 0.10686650
v 0.08725795 0.01569197 0.10686650
v 0.08207810 0.03359622 0.10686650
v 0.08207810 0.03359622 0.10686650
v 0.07328815 0.05003147 0.10686650
v 0.07328815 0.05003147 0.10686650
v 0.06127420 0.06428077 0.10686650
v 0.06127420 0.06428077 0.10686650
v 0.04655885 0.07572012 0.10686650
v 0.04655885 0.07572012 0.10686650
v 0.02978755 0.08385033 0.10686650
v 0.02978755 0.08385033 0.10686650
v 0.01169220 0.08831583 0.10686650
v 0.01169220 0.08831583 0.10686650
v -0.00693615 0.08892163 0.10686650
v -0.00693615 0.08892163 0.10686650
v -0.02528305 0.08564108 0.10686650
v -0.02528305 0.08564108 0.10686650
v -0.04254770 0.07861783 0.10686650
v -0.04254770 0.07861783 0.10686650
v -0.05797415 0.06815868 0.10686650
v -0.05797415 0.06815868 0.10686650
v -0.05797415 0.06815868 0.10686650
v -0.07088900 0.05472057 0.10686650
v -0.07088900 0.05472057 0.10686650
v -0.08072805 0.03889047 0.10686650
v -0.08072805 0.03889047 0.10686650
v -0.08706035 0.02136062 0.10686650
v -0.08706035 0.02136062 0.10686650
v -0.07859865 -0.01396298 0.10285145
v -0.07979465 0.00257887 0.10285145
v -0.07398820 -0.02989513 0.10285145
v -0.06616675 -0.04452013 0.10285145
v -0.06616675 -0.04452013 0.10285145
v -0.05547555 -0.05719903 0.10285145
v -0.05547555 -0.05719903 0.10285145
v -0.04238195 -0.06737868 0.10285145
v -0.02745860 -0.07461383 0.10285145
v -0.01135615 -0.07858727 0.10285145
v 0.00522015 -0.07912613 0.10285145
v 0.02154620 -0.07620698 0.10285145
v 0.03690895 -0.06995723 0.10285145
v 0.05063695 -0.06064988 0.10285145
v 0.05063695 -0.06064988 0.10285145
v 0.05063695 -0.06064988 0.10285145
v 0.06212895 -0.04869248 0.10285145
v 0.06212895 -0.04869248 0.10285145
v 0.07088380 -0.03460568 0.10285145
v 0.07088380 -0.03460568 0.10285145
v 0.07651930 -0.01900763 0.10285145
v 0.07878780 -0.00257823 0.10285145
v 0.07878780 -0.00257823 0.10285145
v 0.07759115 0.01396362 0.10285145
v 0.07759115 0.01396362 0.10285145
v 0.07298135 0.02989512 0.10285145
v 0.07298135 0.02989512 0.10285145
v 0.06515990 0.04452077 0.10285145
v 0.06515990 0.04452077 0.10285145
v 0.05446870 0.05720032 0.10285145
v 0.05446870 0.05720032 0.10285145
v 0.05446870 0.05720032 0.10285145
v 0.04137510 0.06737933 0.10285080
v 0.04137510 0.06737933 0.10285080
v 0.02645110 0.07461382 0.10285080
v 0.02645110 0.07461382 0.10285080
v 0.01034930 0.07858793 0.10285080
v 0.01034930 0.07858793 0.10285080
v -0.00622765 0.07912677 0.10285080
v -0.00622765 0.07912677 0.10285080
v -0.02255370 0.07620697 0.10285080
v -0.02255370 0.07620697 0.10285080
v -0.03791580 0.06995722 0.10285080
v -0.03791580 0.06995722 0.10285080
v -0.05164315 0.06065052 0.10285145
v -0.05164315 0.06065052 0.10285145
v -0.05164315 0.06065052 0.10285145
v -0.06313645 0.04869247 0.10285145
v -0.06313645 0.04869247 0.10285145
v -0.07189065 0.03460697 0.10285145
v -0.07189065 0.03460697 0.10285145
v -0.07752615 0.01900762 0.10285145
v -0.08826545 -0.01569198 0.10600005
v -0.08826545 -0.01569198 0.10600005
v -0.08961030 0.00289802 0.10600005
v -0.08961030 0.00289802 0.10600005
v -0.08308495 -0.03359558 0.10600005
v -0.08308495 -0.03359558 0.10600005
v -0.07429500 -0.05003148 0.10600005
v -0.07429500 -0.05003148 0.10600005
v -0.06228105 -0.06428013 0.10600005
v -0.06228105 -0.06428013 0.10600005
v -0.04756635 -0.07571948 0.10600005
v -0.04756635 -0.07571948 0.10600005
v -0.03079505 -0.08384968 0.10600005
v -0.03079505 -0.08384968 0.10600005
v -0.01269970 -0.08831517 0.10600005
v -0.01269970 -0.08831517 0.10600005
v 0.00592865 -0.08892098 0.10600005
v 0.00592865 -0.08892098 0.10600005
v 0.02427620 -0.08564043 0.10600005
v 0.02427620 -0.08564043 0.10600005
v 0.04154085 -0.07861718 0.10600005
v 0.04154085 -0.07861718 0.10600005
v 0.05696730 -0.06815738 0.10600005
v 0.05696730 -0.06815738 0.10600005
v 0.06988215 -0.05471928 0.10600005
v 0.06988215 -0.05471928 0.10600005
v 0.07972120 -0.03888983 0.10600005
v 0.07972120 -0.03888983 0.10600005
v 0.08605350 -0.02135998 0.10600005
v 0.08605350 -0.02135998 0.10600005
v 0.08860280 -0.00289738 0.10600005
v 0.08860280 -0.00289738 0.10600005
v 0.08725795 0.01569197 0.10600005
v 0.08725795 0.01569197 0.10600005
v 0.08207810 0.03359622 0.10600005
v 0.08207810 0.03359622 0.10600005
v 0.07328815 0.05003147 0.10600005
v 0.07328815 0.05003147 0.10600005
v 0.06127420 0.06428077 0.10600005
v 0.06127420 0.06428077 0.10600005
v 0.04655885 0.07572012 0.10600005
v 0.04655885 0.07572012 0.10600005
v 0.02978755 0.08385033 0.10600005
v 0.02978755 0.08385033 0.10600005
v 0.01169220 0.08831583 0.10600005
v 0.01169220 0.08831583 0.10600005
v -0.00693615 0.08892163 0.10600005
v -0.00693615 0.08892163 0.10600005
v -0.02528305 0.08564108 0.10600005
v -0.02528305 0.08564108 0.10600005
v -0.04254770 0.07861783 0.10600005
v -0.04254770 0.07861783 0.10600005
v -0.05797415 0.06815868 0.10600005
v -0.05797415 0.06815868 0.10600005
v -0.05797415 0.06815868 0.10600005
v -0.07088900 0.05472057 0.10600005
v -0.07088900 0.05472057 0.10600005
v -0.08072805 0.03889047 0.10600005
v -0.08072805 0.03889047 0.10600005
v -0.08706035 0.02136062 0.10600005
v -0.08706035 0.02136062 0.10600005
v -0.07979465 0.00257887 0.10198370
v -0.07979465 0.00257887 0.10198370
v -0.07859865 -0.01396298 0.10198370
v -0.07859865 -0.01396298 0.10198370
v -0.07398820 -0.02989513 0.10198370
v -0.07398820 -0.02989513 0.10198370
v -0.06616675 -0.04452013 0.10198370
v -0.06616675 -0.04452013 0.10198370
v -0.05547555 -0.05719903 0.10198370
v -0.05547555 -0.05719903 0.10198370
v -0.04238195 -0.06737868 0.10198370
v -0.04238195 -0.06737868 0.10198370
v -0.02745860 -0.07461383 0.10198370
v -0.02745860 -0.07461383 0.10198370
v -0.01135615 -0.07858727 0.10198370
v -0.01135615 -0.07858727 0.10198370
v 0.00522015 -0.07912613 0.10198370
v 0.00522015 -0.07912613 0.10198370
v 0.02154620 -0.07620698 0.10198370
v 0.02154620 -0.07620698 0.10198370
v 0.03690895 -0.06995723 0.10198370
v 0.03690895 -0.06995723 0.10198370
v 0.05063695 -0.06064988 0.10198370
v 0.05063695 -0.06064988 0.10198370
v 0.05063695 -0.06064988 0.10198370
v 0.06212895 -0.04869248 0.10198370
v 0.06212895 -0.04869248 0.10198370
v 0.07088380 -0.03460568 0.10198370
v 0.07088380 -0.03460568 0.10198370
v 0.07651930 -0.01900763 0.10198370
v 0.07651930 -0.01900763 0.10198370
v 0.07878780 -0.00257823 0.10198370
v 0.07878780 -0.00257823 0.10198370
v 0.07759115 0.01396362 0.10198370
v 0.07759115 0.01396362 0.10198370
v 0.07298135 0.02989512 0.10198370
v 0.07298135 0.02989512 0.10198370
v 0.06515990 0.04452077 0.10198370
v 0.06515990 0.04452077 0.10198370
v 0.05446870 0.05720032 0.10198370
v 0.05446870 0.05720032 0.10198370
v 0.04137510 0.06737933 0.10198370
v 0.04137510 0.06737933 0.10198370
v 0.02645110 0.07461382 0.10198370
v 0.02645110 0.07461382 0.10198370
v 0.01034930 0.07858793 0.10198370
v 0.01034930 0.07858793 0.10198370
v -0.00622765 0.07912677 0.10198370
v -0.00622765 0.07912677 0.10198370
v -0.02255370 0.07620697 0.10198370
v -0.02255370 0.07620697 0.10198370
v -0.03791580 0.06995722 0.10198370
v -0.03791580 0.06995722 0.10198370
v -0.05164315 0.06065052 0.10198370
v -0.05164315 0.06065052 0.10198370
v -0.06313645 0.04869247 0.10198370
v -0.06313645 0.04869247 0.10198370
v -0.07189065 0.03460697 0.10198370
v -0.07189065 0.03460697 0.10198370
v -0.07752615 0.01900762 0.10198370
v -0.07752615 0.01900762 0.10198370
vt 0.16584500 0.03936700
vt 0.07999600 0.21626400
vt 0.08056100 0.21438600
vt 0.08966600 0.21530200
vt 0.08951900 0.21722100
vt 0.16573900 0.03000700
vt 0.17055600 0.02910600
vt 0.17066900 0.03901800
vt 0.17070700 0.04919200
vt 0.07088800 0.21334300
vt 0.16588200 0.04897400
vt 0.07185500 0.21159400
vt 0.09877000 0.21430000
vt 0.16556600 0.02130400
vt 0.09904300 0.21617300
vt 0.17037300 0.01989000
vt 0.10747600 0.21142400
vt 0.16533500 0.01363800
vt 0.10815000 0.21316500
vt 0.20809700 0.18745300
vt 0.20309000 0.18544600
vt 0.17012800 0.01177100
vt 0.11540400 0.20680200
vt 0.20884300 0.19580500
vt 0.20676400 0.19462200
vt 0.11644300 0.20832900
vt 0.20167900 0.19303800
vt 0.20789400 0.20378000
vt 0.12220700 0.20063300
vt 0.20577100 0.20296400
vt 0.20062700 0.20187200
vt 0.12758700 0.19318800
vt 0.20731000 0.21252800
vt 0.20516100 0.21211600
vt 0.19998100 0.21156300
vt 0.13131100 0.18479300
vt 0.20711900 0.22166700
vt 0.20496000 0.22167600
vt 0.19976800 0.22168800
vt 0.20732700 0.23079800
vt 0.13321400 0.17581400
vt 0.20517800 0.23122800
vt 0.19999900 0.23180300
vt 0.13321400 0.16664400
vt 0.20792600 0.23952100
vt 0.20580500 0.24035300
vt 0.20066300 0.24146700
vt 0.20889000 0.24745600
vt 0.13131100 0.15768300
vt 0.13308300 0.15694800
vt 0.20681300 0.24865300
vt 0.20173100 0.25025700
vt 0.12758700 0.14932400
vt 0.23786500 0.14886600
vt 0.12918800 0.14820300
vt 0.20815900 0.25576600
vt 0.24254300 0.15065800
vt 0.20315600 0.25778900
vt 0.12220700 0.14193100
vt 0.23772400 0.14102900
vt 0.12356000 0.14046900
vt 0.24239300 0.14235900
vt 0.11540400 0.13582700
vt 0.23762700 0.13220800
vt 0.11644300 0.13408400
vt 0.24229100 0.13301700
vt 0.10747600 0.13128000
vt 0.10815000 0.12932700
vt 0.23757900 0.12278800
vt 0.24224000 0.12304100
vt 0.09877000 0.12848700
vt 0.23758200 0.11317900
vt 0.09904300 0.12640600
vt 0.24224300 0.11286600
vt 0.08966600 0.12757200
vt 0.08951900 0.12544900
vt 0.23763500 0.10380400
vt 0.24229900 0.10293700
vt 0.08056100 0.12857400
vt 0.07999600 0.12649700
vt 0.23773700 0.09507000
vt 0.24240700 0.09368800
vt 0.07185500 0.13144900
vt 0.07088800 0.12950500
vt 0.23788300 0.08736000
vt 0.21408600 0.23800800
vt 0.24256100 0.08552300
vt 0.21866700 0.23998500
vt 0.06392700 0.13607200
vt 0.21362200 0.23073700
vt 0.06259500 0.13434100
vt 0.21817600 0.23228500
vt 0.05712500 0.14224100
vt 0.05547900 0.14079300
vt 0.21328100 0.22231800
vt 0.21781400 0.22337000
vt 0.05174400 0.14968500
vt 0.21307500 0.21312100
vt 0.04985000 0.14858100
vt 0.21759700 0.21363000
vt 0.04802000 0.15808000
vt 0.21301600 0.20354600
vt 0.04595500 0.15736300
vt 0.21753400 0.20349100
vt 0.04611700 0.16705900
vt 0.21310400 0.19401300
vt 0.04396400 0.16675600
vt 0.21762800 0.19339500
vt 0.04611700 0.17623000
vt 0.04396400 0.17634800
vt 0.21333700 0.18493700
vt 0.21787400 0.18378400
vt 0.04802000 0.18519000
vt 0.21370400 0.17671600
vt 0.04595500 0.18572200
vt 0.16533500 0.08169800
vt 0.17012800 0.08384700
vt 0.21826300 0.17507800
vt 0.05174400 0.19355000
vt 0.04985000 0.19446700
vt 0.16556600 0.07513600
vt 0.21877700 0.16765700
vt 0.17037300 0.07689800
vt 0.05712500 0.20094300
vt 0.16573900 0.06725800
vt 0.05547900 0.20220100
vt 0.17055600 0.06855500
vt 0.06392700 0.20704700
vt 0.06259500 0.20858600
vt 0.16584500 0.05840800
vt 0.17066900 0.05918300
vt 0.18196200 0.03856400
vt 0.18184100 0.02795900
vt 0.19801600 0.02684800
vt 0.19814400 0.03811400
vt 0.19818800 0.04967900
vt 0.18200300 0.04945000
vt 0.18164500 0.01809700
vt 0.19780800 0.01637100
vt 0.19167800 0.18292500
vt 0.18138300 0.00941000
vt 0.19752900 0.00714200
vt 0.17549700 0.18052000
vt 0.19016800 0.19104800
vt 0.17389200 0.18915000
vt 0.18904200 0.20050000
vt 0.17269700 0.19919200
vt 0.18835100 0.21087000
vt 0.17196200 0.21020800
vt 0.18812400 0.22170300
vt 0.17172100 0.22171700
vt 0.18837000 0.23252600
vt 0.17198300 0.23321500
vt 0.18908100 0.24286600
vt 0.17273800 0.24420000
vt 0.19022300 0.25227100
vt 0.17395200 0.25419200
vt 0.19174800 0.26033000
vt 0.25365500 0.15290800
vt 0.26966600 0.15505500
vt 0.17557200 0.26275400
vt 0.25349500 0.14402900
vt 0.26949600 0.14562100
vt 0.25338500 0.13403300
vt 0.26937900 0.13500200
vt 0.25333000 0.12335900
vt 0.26932200 0.12366200
vt 0.25333400 0.11247200
vt 0.26932500 0.11209600
vt 0.25339400 0.10184800
vt 0.26938900 0.10081000
vt 0.25350900 0.09195200
vt 0.26951200 0.09029600
vt 0.25367500 0.08321600
vt 0.22964500 0.24246900
vt 0.26968700 0.08101500
vt 0.24551600 0.24483800
vt 0.22912000 0.23423000
vt 0.24495800 0.23608500
vt 0.22873300 0.22469100
vt 0.24454700 0.22595200
vt 0.22850000 0.21427000
vt 0.24430000 0.21488000
vt 0.22843300 0.20342100
vt 0.24422800 0.20335400
vt 0.22853300 0.19261800
vt 0.24433400 0.19187800
vt 0.22879700 0.18233500
vt 0.24461500 0.18095300
vt 0.22921300 0.17301900
vt 0.24505700 0.17105700
vt 0.22976200 0.16508000
vt 0.18164500 0.07909400
vt 0.19780800 0.08117300
vt 0.24564000 0.16262100
vt 0.18184100 0.07016800
vt 0.19801600 0.07168900
vt 0.18196200 0.06014000
vt 0.19814400 0.06103600
vt 0.21933700 0.03776900
vt 0.21920300 0.02603800
vt 0.23251900 0.02561300
vt 0.23265600 0.03758300
vt 0.23270200 0.04986900
vt 0.21938300 0.04980900
vt 0.21898700 0.01513100
vt 0.23229800 0.01448200
vt 0.21869700 0.00552300
vt 0.15451500 0.17883600
vt 0.23200300 0.00467800
vt 0.14135600 0.17796400
vt 0.15284500 0.18782000
vt 0.13965100 0.18713200
vt 0.15160000 0.19827500
vt 0.13838100 0.19780100
vt 0.15083500 0.20974500
vt 0.13760100 0.20950500
vt 0.15058400 0.22172700
vt 0.13734400 0.22173200
vt 0.15085700 0.23369800
vt 0.13762300 0.23394700
vt 0.15164300 0.24513500
vt 0.13842500 0.24561800
vt 0.15290600 0.25553700
vt 0.13971400 0.25623300
vt 0.29074200 0.15655800
vt 0.15459300 0.26445200
vt 0.30400200 0.15733600
vt 0.14143500 0.26533000
vt 0.29056500 0.14673700
vt 0.30382100 0.14731400
vt 0.29044400 0.13568100
vt 0.30369700 0.13603200
vt 0.29038300 0.12387500
vt 0.30363500 0.12398400
vt 0.29038700 0.11183300
vt 0.30363900 0.11169700
vt 0.29045400 0.10008200
vt 0.30370700 0.09970600
vt 0.29058200 0.08913600
vt 0.30383700 0.08853600
vt 0.26647000 0.24649800
vt 0.29076400 0.07947400
vt 0.30402400 0.07867600
vt 0.27966000 0.24735600
vt 0.26588900 0.23738500
vt 0.27906700 0.23805700
vt 0.26546100 0.22683400
vt 0.27863000 0.22729100
vt 0.26520300 0.21530700
vt 0.27836800 0.21552800
vt 0.26512900 0.20330700
vt 0.27829200 0.20328300
vt 0.26524000 0.19135900
vt 0.27840500 0.19109100
vt 0.26553200 0.17998500
vt 0.27870300 0.17948400
vt 0.26599200 0.16968100
vt 0.27917200 0.16897000
vt 0.23200300 0.09172100
vt 0.21898700 0.08259800
vt 0.26660000 0.16089900
vt 0.27979200 0.16000900
vt 0.23229800 0.08332800
vt 0.21920300 0.07272500
vt 0.23251900 0.07325300
vt 0.21933700 0.06163400
vt 0.23265600 0.06193500
vt 0.23372200 0.03751200
vt 0.23376900 0.04991300
vt 0.23358400 0.02543000
vt 0.23464900 0.02525000
vt 0.23478800 0.03744200
vt 0.23483500 0.04995600
vt 0.23336100 0.01419600
vt 0.23442400 0.01391300
vt 0.23306200 0.00430000
vt 0.14025500 0.17755900
vt 0.13915400 0.17715800
vt 0.23412200 0.00392700
vt 0.13853400 0.18681200
vt 0.13741800 0.18649600
vt 0.13725200 0.19758100
vt 0.13612400 0.19736200
vt 0.13646500 0.20939400
vt 0.13532900 0.20928300
vt 0.13620600 0.22173400
vt 0.13506800 0.22173700
vt 0.13648700 0.23406400
vt 0.13535200 0.23417900
vt 0.13729600 0.24584300
vt 0.13616900 0.24606600
vt 0.13859800 0.25655700
vt 0.13748200 0.25687800
vt 0.30503800 0.15769800
vt 0.14033500 0.26573800
vt 0.30607500 0.15805600
vt 0.13923500 0.26614300
vt 0.30485600 0.14758300
vt 0.30589100 0.14784800
vt 0.30473100 0.13619600
vt 0.30576500 0.13635800
vt 0.30466800 0.12403600
vt 0.30570200 0.12408600
vt 0.30467200 0.11163300
vt 0.30570600 0.11157000
vt 0.30474100 0.09953100
vt 0.30577500 0.09935700
vt 0.30487300 0.08825700
vt 0.30590800 0.08798100
vt 0.30506100 0.07830500
vt 0.28067700 0.24775600
vt 0.28169400 0.24815100
vt 0.30609800 0.07793800
vt 0.28007900 0.23837000
vt 0.28109100 0.23867900
vt 0.27963800 0.22750300
vt 0.28064500 0.22771400
vt 0.27937300 0.21563100
vt 0.28037800 0.21573300
vt 0.27929600 0.20327200
vt 0.28030100 0.20326100
vt 0.27941000 0.19096600
vt 0.28041600 0.19084200
vt 0.27971100 0.17925100
vt 0.28071900 0.17902000
vt 0.28018400 0.16863900
vt 0.23306200 0.09215500
vt 0.23412200 0.09258400
vt 0.28119700 0.16831200
vt 0.23336100 0.08368400
vt 0.28182900 0.15918400
vt 0.23442400 0.08403600
vt 0.23358400 0.07351500
vt 0.23464900 0.07377400
vt 0.23372200 0.06209100
vt 0.23478800 0.06224600
vt 0.23560500 0.03743600
vt 0.23565200 0.04995600
vt 0.23546600 0.02523900
vt 0.23620300 0.02524500
vt 0.14736800 0.02345600
vt 0.13812300 0.01514000
vt 0.23634200 0.03743700
vt 0.23638900 0.04995200
vt 0.12734900 0.00894700
vt 0.23524100 0.01389700
vt 0.15468000 0.03353100
vt 0.23597800 0.01390800
vt 0.13835200 0.17713800
vt 0.23493900 0.00390600
vt 0.23567700 0.00392200
vt 0.15974000 0.04492500
vt 0.13763300 0.17715700
vt 0.13661500 0.18648000
vt 0.13589700 0.18649500
vt 0.16232700 0.05714000
vt 0.13532100 0.19735200
vt 0.16232700 0.06964200
vt 0.13460300 0.19736200
vt 0.13452500 0.20927800
vt 0.13380800 0.20928300
vt 0.15974000 0.08188400
vt 0.13426400 0.22173700
vt 0.15468000 0.09333200
vt 0.13354700 0.22173700
vt 0.13454800 0.23418400
vt 0.14736800 0.10348600
vt 0.13383100 0.23417900
vt 0.13536500 0.24607700
vt 0.13464700 0.24606600
vt 0.13812300 0.11190100
vt 0.13667900 0.25689400
vt 0.12734900 0.11821000
vt 0.13596100 0.25687800
vt 0.30689100 0.15807400
vt 0.13843300 0.26616300
vt 0.11551800 0.12213600
vt 0.13771400 0.26614300
vt 0.30763000 0.15805700
vt 0.30670700 0.14786100
vt 0.30744600 0.14784900
vt 0.10314500 0.12351000
vt 0.30658000 0.13636500
vt 0.30731900 0.13635800
vt 0.09077300 0.12226900
vt 0.30651800 0.12408900
vt 0.30725700 0.12408600
vt 0.07894200 0.11846900
vt 0.30652100 0.11156700
vt 0.06816800 0.11227600
vt 0.30726000 0.11157000
vt 0.30659100 0.09934900
vt 0.30733000 0.09935700
vt 0.05892300 0.10396000
vt 0.30672400 0.08796700
vt 0.30746300 0.08798100
vt 0.05161100 0.09388500
vt 0.30691400 0.07792000
vt 0.28250700 0.24817000
vt 0.30765300 0.07793800
vt 0.04655100 0.08249100
vt 0.28324500 0.24815100
vt 0.28190300 0.23869500
vt 0.28264200 0.23868000
vt 0.04396400 0.07027600
vt 0.28145800 0.22772400
vt 0.04396400 0.05777400
vt 0.28219600 0.22771400
vt 0.28119100 0.21573800
vt 0.04655100 0.04553200
vt 0.28192900 0.21573300
vt 0.28111300 0.20326000
vt 0.28185100 0.20326100
vt 0.05161100 0.03408300
vt 0.28122800 0.19083600
vt 0.05892300 0.02393000
vt 0.28196700 0.19084200
vt 0.28153200 0.17900900
vt 0.06816800 0.01551500
vt 0.28227000 0.17902000
vt 0.28201000 0.16829500
vt 0.28274800 0.16831100
vt 0.07894200 0.00920600
vt 0.23524100 0.08405100
vt 0.28264200 0.15916400
vt 0.09077300 0.00527900
vt 0.28338000 0.15918300
vt 0.23597800 0.08403100
vt 0.23546600 0.07378400
vt 0.23620300 0.07376900
vt 0.10314500 0.00390600
vt 0.23560500 0.06225100
vt 0.11551700 0.00514700
vt 0.23634200 0.06224100
vt 0.25347300 0.02855800
vt 0.07212000 0.21102700
vt 0.08070200 0.21377900
vt 0.25347900 0.03761000
vt 0.25355200 0.04643000
vt 0.08967500 0.21468100
vt 0.09864900 0.21369400
vt 0.25368900 0.05463100
vt 0.24342400 0.00390600
vt 0.25388500 0.06185600
vt 0.10723100 0.21086000
vt 0.24216800 0.01066100
vt 0.11504600 0.20630300
vt 0.24123200 0.01852200
vt 0.12175100 0.20022200
vt 0.12705500 0.19288400
vt 0.24065800 0.02714500
vt 0.13072500 0.18460900
vt 0.24046900 0.03615400
vt 0.24067400 0.04515400
vt 0.13260100 0.17575900
vt 0.24126500 0.05375300
vt 0.13260100 0.16672000
vt 0.24221500 0.06157400
vt 0.13072500 0.15788700
vt 0.12705500 0.14964700
vt 0.25866900 0.06186200
vt 0.24348300 0.06827600
vt 0.12175100 0.14235900
vt 0.25853600 0.05447800
vt 0.25844500 0.04616600
vt 0.11504600 0.13634300
vt 0.10723100 0.13186100
vt 0.25840000 0.03728900
vt 0.25840200 0.02823500
vt 0.09864900 0.12910800
vt 0.08967500 0.12820600
vt 0.25845300 0.01940100
vt 0.25854900 0.01117100
vt 0.08070200 0.12919400
vt 0.25868600 0.00390600
vt 0.24929000 0.06826300
vt 0.07212000 0.13202800
vt 0.24885300 0.06141200
vt 0.06430500 0.13658500
vt 0.05760000 0.14266500
vt 0.24853100 0.05347900
vt 0.05229600 0.15000300
vt 0.24833800 0.04481300
vt 0.24828200 0.03579100
vt 0.04862600 0.15827800
vt 0.04675000 0.16712900
vt 0.24836500 0.02680700
vt 0.04675000 0.17616800
vt 0.24858400 0.01825600
vt 0.24893000 0.01050900
vt 0.04862600 0.18500100
vt 0.25384600 0.00390600
vt 0.05229600 0.19324100
vt 0.24938700 0.00390600
vt 0.25366100 0.01132900
vt 0.05760000 0.20052800
vt 0.06430500 0.20654500
vt 0.25353400 0.01966800
vt 0.25377800 0.03760700
vt 0.25385200 0.04642100
vt 0.25377200 0.02856000
vt 0.25406800 0.02856200
vt 0.14264900 0.12149400
vt 0.14077200 0.13029700
vt 0.25407400 0.03760400
vt 0.25414700 0.04641300
vt 0.14077200 0.13930500
vt 0.25398900 0.05461800
vt 0.14264900 0.14812500
vt 0.25428500 0.05460500
vt 0.25418400 0.06183800
vt 0.24372000 0.00392500
vt 0.25448000 0.06182000
vt 0.24401200 0.00394500
vt 0.14632300 0.15637000
vt 0.24246500 0.01067600
vt 0.15163300 0.16368100
vt 0.24275800 0.01069100
vt 0.24153000 0.01853200
vt 0.15834500 0.16973800
vt 0.24182300 0.01854300
vt 0.24095500 0.02715000
vt 0.24124900 0.02715600
vt 0.16616700 0.17427600
vt 0.24076600 0.03615400
vt 0.24106000 0.03615400
vt 0.17475800 0.17709600
vt 0.24097200 0.04514900
vt 0.24126500 0.04514300
vt 0.18374100 0.17807700
vt 0.24156200 0.05374200
vt 0.24185500 0.05373200
vt 0.19272400 0.17717400
vt 0.24251100 0.06155900
vt 0.24280400 0.06154400
vt 0.20131400 0.17442700
vt 0.24377900 0.06825700
vt 0.25837100 0.06184500
vt 0.25807700 0.06182800
vt 0.24407100 0.06823800
vt 0.20913700 0.16995600
vt 0.25823800 0.05446500
vt 0.25794400 0.05445300
vt 0.21584900 0.16395700
vt 0.25814700 0.04615800
vt 0.22115800 0.15669200
vt 0.25785200 0.04615000
vt 0.25810100 0.03728600
vt 0.22483200 0.14847900
vt 0.25780700 0.03728400
vt 0.25810400 0.02823800
vt 0.22671000 0.13967500
vt 0.25781000 0.02824100
vt 0.25815400 0.01940900
vt 0.25786000 0.01941700
vt 0.22671000 0.13066700
vt 0.25825000 0.01118400
vt 0.22483200 0.12184700
vt 0.25795600 0.01119700
vt 0.24899300 0.06824400
vt 0.25838800 0.00392400
vt 0.22115800 0.11360200
vt 0.24870000 0.06822500
vt 0.25809300 0.00394100
vt 0.24855700 0.06139700
vt 0.21584900 0.10629100
vt 0.24826400 0.06138200
vt 0.24823500 0.05346900
vt 0.20913700 0.10023400
vt 0.24794200 0.05345900
vt 0.24804100 0.04480800
vt 0.24774900 0.04480300
vt 0.20131400 0.09569700
vt 0.24798500 0.03579100
vt 0.19272400 0.09287600
vt 0.24769300 0.03579200
vt 0.24806900 0.02681300
vt 0.24777600 0.02681900
vt 0.18374100 0.09189600
vt 0.24828800 0.01826700
vt 0.24799600 0.01827800
vt 0.17475800 0.09279900
vt 0.24863400 0.01052500
vt 0.24834100 0.01054000
vt 0.16616700 0.09554500
vt 0.24909000 0.00392600
vt 0.25414600 0.00392300
vt 0.25444100 0.00394000
vt 0.15834500 0.10001600
vt 0.24879700 0.00394500
vt 0.25396000 0.01134200
vt 0.25425600 0.01135400
vt 0.15163300 0.10601500
vt 0.25383400 0.01967500
vt 0.14632300 0.11328000
vt 0.25412900 0.01968300
vt 0.14097000 0.13032100
vt 0.14097000 0.13928800
vt 0.14284000 0.12155900
vt 0.14889100 0.12354600
vt 0.14729900 0.13101200
vt 0.14729900 0.13865100
vt 0.14284000 0.14806600
vt 0.14889100 0.14613100
vt 0.14649600 0.15627300
vt 0.15200700 0.15312400
vt 0.15178100 0.16355000
vt 0.15650900 0.15932400
vt 0.15846200 0.16957800
vt 0.16220200 0.16446000
vt 0.16624800 0.17409500
vt 0.16883600 0.16830900
vt 0.17479800 0.17690200
vt 0.17612100 0.17070100
vt 0.18374000 0.17787800
vt 0.18374000 0.17153200
vt 0.19268100 0.17697900
vt 0.19135800 0.17076600
vt 0.20123100 0.17424500
vt 0.19864300 0.16843700
vt 0.20901700 0.16979600
vt 0.20527700 0.16464600
vt 0.21569800 0.16382500
vt 0.21097000 0.15955800
vt 0.22098300 0.15659300
vt 0.21547200 0.15339700
vt 0.22464000 0.14841800
vt 0.21858800 0.14643100
vt 0.22650900 0.13965600
vt 0.22018100 0.13896500
vt 0.22650900 0.13068900
vt 0.22018100 0.13132500
vt 0.22464000 0.12191100
vt 0.21858800 0.12384600
vt 0.22098300 0.11370400
vt 0.21547200 0.11685300
vt 0.21569800 0.10642700
vt 0.21097000 0.11065300
vt 0.20901700 0.10039900
vt 0.20527700 0.10551600
vt 0.20123100 0.09588200
vt 0.19864300 0.10166800
vt 0.19268100 0.09307400
vt 0.19135800 0.09927600
vt 0.18374000 0.09209900
vt 0.18374000 0.09844500
vt 0.17479800 0.09299700
vt 0.17612100 0.09921000
vt 0.16624800 0.09573100
vt 0.16883600 0.10154000
vt 0.15846200 0.10018100
vt 0.16220200 0.10533100
vt 0.15178100 0.10615200
vt 0.15650900 0.11041900
vt 0.14649600 0.11338300
vt 0.15200700 0.11658000
vt 0.15994600 0.12717600
vt 0.15885800 0.13227300
vt 0.15885800 0.13748900
vt 0.15994600 0.14259500
vt 0.16207300 0.14736900
vt 0.16514700 0.15160200
vt 0.16903300 0.15510900
vt 0.17356300 0.15773600
vt 0.17853600 0.15937000
vt 0.18373800 0.15993700
vt 0.18893900 0.15941400
vt 0.19391300 0.15782400
vt 0.19844200 0.15523500
vt 0.20232800 0.15176200
vt 0.20540200 0.14755600
vt 0.20752900 0.14280000
vt 0.20861700 0.13770300
vt 0.20861700 0.13248700
vt 0.20752900 0.12738000
vt 0.20540200 0.12260600
vt 0.20232800 0.11837300
vt 0.19844200 0.11486700
vt 0.19391300 0.11223900
vt 0.18893900 0.11060600
vt 0.18373800 0.11003800
vt 0.17853600 0.11056100
vt 0.17356300 0.11215200
vt 0.16903300 0.11474000
vt 0.16514700 0.11821300
vt 0.16207300 0.12242000
vt 0.13754700 0.01593400
vt 0.14664100 0.02411400
vt 0.14573900 0.02495900
vt 0.13683800 0.01695200
vt 0.12646500 0.01098900
vt 0.12695000 0.00984200
vt 0.15383300 0.03402400
vt 0.15278000 0.03465900
vt 0.15881000 0.04523100
vt 0.15765200 0.04563000
vt 0.16135400 0.05724600
vt 0.16014200 0.05739000
vt 0.16135400 0.06954300
vt 0.16014200 0.06942800
vt 0.15881000 0.08158500
vt 0.15765200 0.08121500
vt 0.15383300 0.09284600
vt 0.15278000 0.09223800
vt 0.14664100 0.10283300
vt 0.14573900 0.10201400
vt 0.13754700 0.11111000
vt 0.13683800 0.11011600
vt 0.12695000 0.11731600
vt 0.12646500 0.11619000
vt 0.11531200 0.12117800
vt 0.11507300 0.11997100
vt 0.10314300 0.12252900
vt 0.10316100 0.12129300
vt 0.09097300 0.12130900
vt 0.09124800 0.12009900
vt 0.07933500 0.11757100
vt 0.07985700 0.11644000
vt 0.06873800 0.11147900
vt 0.06948400 0.11047700
vt 0.05964400 0.10330000
vt 0.06058200 0.10247100
vt 0.05245200 0.09339000
vt 0.05354200 0.09277000
vt 0.04747500 0.08218200
vt 0.04867000 0.08180000
vt 0.04493100 0.07016700
vt 0.04617900 0.07003900
vt 0.04493100 0.05787000
vt 0.04617900 0.05800200
vt 0.04747500 0.04582800
vt 0.04867000 0.04621400
vt 0.05245200 0.03456700
vt 0.05354200 0.03519100
vt 0.05964400 0.02458000
vt 0.06058200 0.02541500
vt 0.06873800 0.01630300
vt 0.06948300 0.01731300
vt 0.07933500 0.01009800
vt 0.07985700 0.01123900
vt 0.09097300 0.00623500
vt 0.09124800 0.00745800
vt 0.10314200 0.00488500
vt 0.10316100 0.00613600
vt 0.11531200 0.00610500
vt 0.11507300 0.00733000
vt 0.14560500 0.30039900
vt 0.13667300 0.01721900
vt 0.14513800 0.30035000
vt 0.14523300 0.28865600
vt 0.14552500 0.02518200
vt 0.14569900 0.28879000
vt 0.16046900 0.28927200
vt 0.16037700 0.30059600
vt 0.16034600 0.31220100
vt 0.14557300 0.31229600
vt 0.12635700 0.01128900
vt 0.14510600 0.31233400
vt 0.15252700 0.03482900
vt 0.14538600 0.27776300
vt 0.14585100 0.27797600
vt 0.16061700 0.27872400
vt 0.12845200 0.21734000
vt 0.15737200 0.04573900
vt 0.14559000 0.26814700
vt 0.12797600 0.21764400
vt 0.14605400 0.26843000
vt 0.11320300 0.21866400
vt 0.16081500 0.26941300
vt 0.12903000 0.22640900
vt 0.15984900 0.05743500
vt 0.12855000 0.22664700
vt 0.11376300 0.22744600
vt 0.15984900 0.06940500
vt 0.12945600 0.23690900
vt 0.12897300 0.23707100
vt 0.11417600 0.23761300
vt 0.15737200 0.08112800
vt 0.12971200 0.24838100
vt 0.12922700 0.24845900
vt 0.11442300 0.24872200
vt 0.15252700 0.09209000
vt 0.12978700 0.26032300
vt 0.12930100 0.26031500
vt 0.11449500 0.26028600
vt 0.12967600 0.27221400
vt 0.14552500 0.10181200
vt 0.12919100 0.27211900
vt 0.11438800 0.27180100
vt 0.12938600 0.28353400
vt 0.13667300 0.10986900
vt 0.12890300 0.28335700
vt 0.11410700 0.28276200
vt 0.12635700 0.11591000
vt 0.12892800 0.29378800
vt 0.12844800 0.29353600
vt 0.12623900 0.11555300
vt 0.11366400 0.29269100
vt 0.11502800 0.11967000
vt 0.11499300 0.11928500
vt 0.12784800 0.30221300
vt 0.34423900 0.24524300
vt 0.11307800 0.30115400
vt 0.32954600 0.24619200
vt 0.10318200 0.12098400
vt 0.34445900 0.25479500
vt 0.34401700 0.25499800
vt 0.10323200 0.12059100
vt 0.32932900 0.25570700
vt 0.34431700 0.26583300
vt 0.09133500 0.11979700
vt 0.34387500 0.26595500
vt 0.32919100 0.26639500
vt 0.34426100 0.27760100
vt 0.08000700 0.11615800
vt 0.34382000 0.27763700
vt 0.32913700 0.27779000
vt 0.34429600 0.28958300
vt 0.06969100 0.11022800
vt 0.34385400 0.28953300
vt 0.32917100 0.28939300
vt 0.06083900 0.10226600
vt 0.34441900 0.30125700
vt 0.06119600 0.10200800
vt 0.34397700 0.30112200
vt 0.32929000 0.30069800
vt 0.05383700 0.09261900
vt 0.05424500 0.09243100
vt 0.34418100 0.31189900
vt 0.32949000 0.31121000
vt 0.04899200 0.08170900
vt 0.34445900 0.32139200
vt 0.21309300 0.33019200
vt 0.04943600 0.08160000
vt 0.22731600 0.32915700
vt 0.32976100 0.32046900
vt 0.04651500 0.07001300
vt 0.04697700 0.06998900
vt 0.21474300 0.32131600
vt 0.22892500 0.32049800
vt 0.04651500 0.05804200
vt 0.21597300 0.31098600
vt 0.04697700 0.05810600
vt 0.23012500 0.31042300
vt 0.04899200 0.04632000
vt 0.21672800 0.29965500
vt 0.04943600 0.04646800
vt 0.23086200 0.29937000
vt 0.05383700 0.03535800
vt 0.05424500 0.03558600
vt 0.21697600 0.28781700
vt 0.23110400 0.28782300
vt 0.06083800 0.02563600
vt 0.21670700 0.27599000
vt 0.06119600 0.02593500
vt 0.23084100 0.27628600
vt 0.06969100 0.01757900
vt 0.21593100 0.26469000
vt 0.06998400 0.01793600
vt 0.23008400 0.26526500
vt 0.08000700 0.01153800
vt 0.21468200 0.25441300
vt 0.08022500 0.01193900
vt 0.22886600 0.25524000
vt 0.09133500 0.00777800
vt 0.14585100 0.34458800
vt 0.21301600 0.24560600
vt 0.09147200 0.00820600
vt 0.22724100 0.24664900
vt 0.16061700 0.34369900
vt 0.10318200 0.00646300
vt 0.14523300 0.33508700
vt 0.14569900 0.33488400
vt 0.10323200 0.00690100
vt 0.16046900 0.33423400
vt 0.14513800 0.32408400
vt 0.11502800 0.00765100
vt 0.14560500 0.32396100
vt 0.16037700 0.32357900
vt 0.18317400 0.30091300
vt 0.18314400 0.31204300
vt 0.18326200 0.29005200
vt 0.19962300 0.29122600
vt 0.19954100 0.30136300
vt 0.19951300 0.31175100
vt 0.18340400 0.27993500
vt 0.19975600 0.28178300
vt 0.09040300 0.22031800
vt 0.18359400 0.27100400
vt 0.19993300 0.27344800
vt 0.07398400 0.22290700
vt 0.09094000 0.22874100
vt 0.07448500 0.23076800
vt 0.09133600 0.23849300
vt 0.07485500 0.23987000
vt 0.09157300 0.24914800
vt 0.07507700 0.24981500
vt 0.09164300 0.26024000
vt 0.07514100 0.26016700
vt 0.09154000 0.27128400
vt 0.07504500 0.27047400
vt 0.09127000 0.28179700
vt 0.07479400 0.28028700
vt 0.09084500 0.29132100
vt 0.07439700 0.28917500
vt 0.30687800 0.24772800
vt 0.09028300 0.29943800
vt 0.07387200 0.29675100
vt 0.29070600 0.25009000
vt 0.30667000 0.25685400
vt 0.29051200 0.25860800
vt 0.30653700 0.26710600
vt 0.29038800 0.26817600
vt 0.30648600 0.27803600
vt 0.29034000 0.27837700
vt 0.30651800 0.28916500
vt 0.29037000 0.28876400
vt 0.30663200 0.30000700
vt 0.29047700 0.29888300
vt 0.30682400 0.31009000
vt 0.29065600 0.30829300
vt 0.30708400 0.31897100
vt 0.24924700 0.32747800
vt 0.26467600 0.32485000
vt 0.29089800 0.31658300
vt 0.25079100 0.31917300
vt 0.26611700 0.31709900
vt 0.25194100 0.30950900
vt 0.26719100 0.30807900
vt 0.25264800 0.29890800
vt 0.26785100 0.29818500
vt 0.25288000 0.28783300
vt 0.26806700 0.28784800
vt 0.25262800 0.27676800
vt 0.26783200 0.27752100
vt 0.25190200 0.26619600
vt 0.26715400 0.26765500
vt 0.18359400 0.34979500
vt 0.25073400 0.25658100
vt 0.19993300 0.34698600
vt 0.26606400 0.25868000
vt 0.24917500 0.24834100
vt 0.18340400 0.34225400
vt 0.19975600 0.33994700
vt 0.18326200 0.33317600
vt 0.19962300 0.33147400
vt 0.18317400 0.32295700
vt 0.19954100 0.32193700
vt 0.20924200 0.29233100
vt 0.09458700 0.10209200
vt 0.10414800 0.10313200
vt 0.20916500 0.30177700
vt 0.11370900 0.10214900
vt 0.20913900 0.31145800
vt 0.08544300 0.09907300
vt 0.20936500 0.28353200
vt 0.06429700 0.22537700
vt 0.20953100 0.27576500
vt 0.07711800 0.09420900
vt 0.06476400 0.23270200
vt 0.06997300 0.08771200
vt 0.06432200 0.07986500
vt 0.06510800 0.24118400
vt 0.06531500 0.25045100
vt 0.06041200 0.07101300
vt 0.05841300 0.06154000
vt 0.06537500 0.26009700
vt 0.06528600 0.26970200
vt 0.05841300 0.05186200
vt 0.06041200 0.04240200
vt 0.06505100 0.27884600
vt 0.06432200 0.03357300
vt 0.06468100 0.28712900
vt 0.28126700 0.25233000
vt 0.06419300 0.29418900
vt 0.06997300 0.02576100
vt 0.07711800 0.01930600
vt 0.28108500 0.26026700
vt 0.08544300 0.01449300
vt 0.28097000 0.26918300
vt 0.28092500 0.27868900
vt 0.09458700 0.01153000
vt 0.28095300 0.28836800
vt 0.10414800 0.01054700
vt 0.28105300 0.29779800
vt 0.11370900 0.01158800
vt 0.28121900 0.30656700
vt 0.12285200 0.01460600
vt 0.13117800 0.01947000
vt 0.27353500 0.32234300
vt 0.28144600 0.31429100
vt 0.27487800 0.31512000
vt 0.13832300 0.02596700
vt 0.14397400 0.03381400
vt 0.27587800 0.30671500
vt 0.14788400 0.04266700
vt 0.27649300 0.29749500
vt 0.14988300 0.05213900
vt 0.27669500 0.28786300
vt 0.27647600 0.27824000
vt 0.14988300 0.06181700
vt 0.14788400 0.07127700
vt 0.27584400 0.26904600
vt 0.14397400 0.08010600
vt 0.20953100 0.34429100
vt 0.27482800 0.26068300
vt 0.20936500 0.33773300
vt 0.13832300 0.08791900
vt 0.13117800 0.09437300
vt 0.20924200 0.32983700
vt 0.20916500 0.32094900
vt 0.12285300 0.09918600
vt 0.09493700 0.09913600
vt 0.10386100 0.10010700
vt 0.11278400 0.09919000
vt 0.08640300 0.09631900
vt 0.07863300 0.09177900
vt 0.07196500 0.08571500
vt 0.06669100 0.07839200
vt 0.06304100 0.07012900
vt 0.06117500 0.06128900
vt 0.06117500 0.05225600
vt 0.06304100 0.04342700
vt 0.06669100 0.03518600
vt 0.07196500 0.02789500
vt 0.07863300 0.02187100
vt 0.08640300 0.01737900
vt 0.09493700 0.01461300
vt 0.10386100 0.01369600
vt 0.11278400 0.01466700
vt 0.12131800 0.01748400
vt 0.12908900 0.02202400
vt 0.13575700 0.02808800
vt 0.14103100 0.03541100
vt 0.14468000 0.04367400
vt 0.14654600 0.05251500
vt 0.14654600 0.06154700
vt 0.14468000 0.07037600
vt 0.14103100 0.07861700
vt 0.13575700 0.08590800
vt 0.12908900 0.09193200
vt 0.12131800 0.09642500
vt 0.09597900 0.09380500
vt 0.10377200 0.09465300
vt 0.11156600 0.09385200
vt 0.08852700 0.09134500
vt 0.08174000 0.08738000
vt 0.07591700 0.08208400
vt 0.07131100 0.07568900
vt 0.06812400 0.06847300
vt 0.06649500 0.06075200
vt 0.06649500 0.05286400
vt 0.06812400 0.04515300
vt 0.07131100 0.03795600
vt 0.07591700 0.03158900
vt 0.08174000 0.02632800
vt 0.08852700 0.02240400
vt 0.09597900 0.01998900
vt 0.10377200 0.01918800
vt 0.11156600 0.02003600
vt 0.11901800 0.02249700
vt 0.12580500 0.02646100
vt 0.13162800 0.03175700
vt 0.13623400 0.03815300
vt 0.13942100 0.04536900
vt 0.14105000 0.05308900
vt 0.14105000 0.06097800
vt 0.13942100 0.06868800
vt 0.13623400 0.07588500
vt 0.13162800 0.08225300
vt 0.12580500 0.08751300
vt 0.11901800 0.09143700
vt 0.09740900 0.08703900
vt 0.10377200 0.08773100
vt 0.11013600 0.08707700
vt 0.09132300 0.08503000
vt 0.08578200 0.08179200
vt 0.08102700 0.07746800
vt 0.07726600 0.07224600
vt 0.07466300 0.06635400
vt 0.07333300 0.06004900
vt 0.07333300 0.05360800
vt 0.07466300 0.04731200
vt 0.07726600 0.04143500
vt 0.08102700 0.03623600
vt 0.08578200 0.03194000
vt 0.09132300 0.02873600
vt 0.09740900 0.02676400
vt 0.10377200 0.02611000
vt 0.11013600 0.02680300
vt 0.11622100 0.02881200
vt 0.12176300 0.03204900
vt 0.12651800 0.03637300
vt 0.13027900 0.04159600
vt 0.13288100 0.04748800
vt 0.13421200 0.05379200
vt 0.13421200 0.06023300
vt 0.13288100 0.06653000
vt 0.13027900 0.07240600
vt 0.12651800 0.07760600
vt 0.12176300 0.08190100
vt 0.11622200 0.08510500
vt 0.10166200 0.07715700
vt 0.11001800 0.07629800
vt 0.09367200 0.07451900
vt 0.08742800 0.06884100
vt 0.08401100 0.06110500
vt 0.08401100 0.05264700
vt 0.08742800 0.04493200
vt 0.09367200 0.03929200
vt 0.10166200 0.03670200
vt 0.11001800 0.03761200
vt 0.11729300 0.04186200
vt 0.12223200 0.04871900
vt 0.12397800 0.05699700
vt 0.12223200 0.06526400
vt 0.11729300 0.07209100
vt 0.16917500 0.13492200
vt 0.17043300 0.12902600
vt 0.17398900 0.12416000
vt 0.17922900 0.12116500
vt 0.18524600 0.12056000
vt 0.19100000 0.12245000
vt 0.19549600 0.12650600
vt 0.19795600 0.13202900
vt 0.19795600 0.13806300
vt 0.19549600 0.14356500
vt 0.19100000 0.14758300
vt 0.18524600 0.14942200
vt 0.17922900 0.14876600
vt 0.17398900 0.14572600
vt 0.17043300 0.14083000
vt 0.10377800 0.05697400
vt 0.18369800 0.13497900
vt 0.17588100 0.50399100
vt 0.17276000 0.50355600
vt 0.17582600 0.50101800
vt 0.18012300 0.50018700
vt 0.18022600 0.50386100
vt 0.17965900 0.50879900
vt 0.17483700 0.50832200
vt 0.17095100 0.50777900
vt 0.18467600 0.50082300
vt 0.18477900 0.50449700
vt 0.18456400 0.50948400
vt 0.18381600 0.51484900
vt 0.17891100 0.51416400
vt 0.17414300 0.51330200
vt 0.17025600 0.51275900
vt 0.18846200 0.50575000
vt 0.17591700 0.53241100
vt 0.18840700 0.50277600
vt 0.17697000 0.52944400
vt 0.17814800 0.53260200
vt 0.17851800 0.53713800
vt 0.17568500 0.53690500
vt 0.18874100 0.51026500
vt 0.17851800 0.54214700
vt 0.17568500 0.54191400
vt 0.18804600 0.51524500
vt 0.18654200 0.51951100
vt 0.17591700 0.54625400
vt 0.17814800 0.54644500
vt 0.18874100 0.51981900
vt 0.18567500 0.52235700
vt 0.17696900 0.54914100
vt 0.18155200 0.52321200
vt 0.18265700 0.51970500
vt 0.17699900 0.52257600
vt 0.17810400 0.51906900
vt 0.17396100 0.51775300
vt 0.17309400 0.52059900
vt 0.17084000 0.51731700
vt 0.15943700 0.52443600
vt 0.04595700 0.57023100
vt 0.06452400 0.47263700
vt 0.06720100 0.47558600
vt 0.16085500 0.52658700
vt 0.06528000 0.47714700
vt 0.06352100 0.47520900
vt 0.06061900 0.47431500
vt 0.06058200 0.47119900
vt 0.04570600 0.56567100
vt 0.06013400 0.46939000
vt 0.04735800 0.56563200
vt 0.04735800 0.56563200
vt 0.04735800 0.57077300
vt 0.04735800 0.57077300
vt 0.16076700 0.52289000
vt 0.04719100 0.57478200
vt 0.16251600 0.52554500
vt 0.16251600 0.52554500
vt 0.05695800 0.47429900
vt 0.05600100 0.47117900
vt 0.05519800 0.46936800
vt 0.04721300 0.56025000
vt 0.05133300 0.56009900
vt 0.05148100 0.56557800
vt 0.05148100 0.57081100
vt 0.05131200 0.57488900
vt 0.16635800 0.52542700
vt 0.05186400 0.47258100
vt 0.05374200 0.47516500
vt 0.05198200 0.47708900
vt 0.04918700 0.47550600
vt 0.18700100 0.53158400
vt 0.04736700 0.47478200
vt 0.18554700 0.52768700
vt 0.04694700 0.55551800
vt 0.05067000 0.47117100
vt 0.18330800 0.53165000
vt 0.18182900 0.52768600
vt 0.05106300 0.55528200
vt 0.18453500 0.49919500
vt 0.05520400 0.56017400
vt 0.18870700 0.50158900
vt 0.17813400 0.52824200
vt 0.05494200 0.55552700
vt 0.17956300 0.53207200
vt 0.17971800 0.49852200
vt 0.05534600 0.56546000
vt 0.16981600 0.52585100
vt 0.05518200 0.57445000
vt 0.17133300 0.50275800
vt 0.17505100 0.49968000
vt 0.05534600 0.57051000
vt 0.05134100 0.48043900
vt 0.04799200 0.47993200
vt 0.04570600 0.47974300
vt 0.18773200 0.53667800
vt 0.05134100 0.48445600
vt 0.04799300 0.48496000
vt 0.04570600 0.48516000
vt 0.18773200 0.54207500
vt 0.18405100 0.54232800
vt 0.18405100 0.53683400
vt 0.04918700 0.48940000
vt 0.05198200 0.48782000
vt 0.05374200 0.48975900
vt 0.05186400 0.49235000
vt 0.11444300 0.56464700
vt 0.05067000 0.49377600
vt 0.04736700 0.49013700
vt 0.11429500 0.56068900
vt 0.18700100 0.54688300
vt 0.11034100 0.56450900
vt 0.18330800 0.54722200
vt 0.11019100 0.56048300
vt 0.18028200 0.54237600
vt 0.10626400 0.56083400
vt 0.17956300 0.54709700
vt 0.17813400 0.55036700
vt 0.18563800 0.52358200
vt 0.10640900 0.56472400
vt 0.18028200 0.53707500
vt 0.05695800 0.49064600
vt 0.05600100 0.49378400
vt 0.11448700 0.56976900
vt 0.05519800 0.49561900
vt 0.06062000 0.49066200
vt 0.15943700 0.54606900
vt 0.06058200 0.49380400
vt 0.06013400 0.49564100
vt 0.16107200 0.54779900
vt 0.11443500 0.57516100
vt 0.11033200 0.57521100
vt 0.11038500 0.56972200
vt 0.16125500 0.54363400
vt 0.06452400 0.49240600
vt 0.06352100 0.48980200
vt 0.06528000 0.48787900
vt 0.06720100 0.48948000
vt 0.16213200 0.54008000
vt 0.16392700 0.54045600
vt 0.16392700 0.54045600
vt 0.16284500 0.54484200
vt 0.16284500 0.54484200
vt 0.11429500 0.57993100
vt 0.16779500 0.54060500
vt 0.16669400 0.54506600
vt 0.11019000 0.58006600
vt 0.10640100 0.57505000
vt 0.17615400 0.52406800
vt 0.17013900 0.54480600
vt 0.10626400 0.57973500
vt 0.17198300 0.52167400
vt 0.17120300 0.54049600
vt 0.16924900 0.51769500
vt 0.10645200 0.56975500
vt 0.18097100 0.52474100
vt 0.06623700 0.48452200
vt 0.06859000 0.48505100
vt 0.16206200 0.53543500
vt 0.16418300 0.53519500
vt 0.16418300 0.53519500
vt 0.06623700 0.48050400
vt 0.06859000 0.48002300
vt 0.16160000 0.53055200
vt 0.16368500 0.52993500
vt 0.16368500 0.52993500
vt 0.16754600 0.52989600
vt 0.16805300 0.53525100
vt 0.16903500 0.50736500
vt 0.17096600 0.53016200
vt 0.16830000 0.51263400
vt 0.17145500 0.53532800
vt 0.12958800 0.48935800
vt 0.12929000 0.48642700
vt 0.07376900 0.56583500
vt 0.13196700 0.48937600
vt 0.13331500 0.49381400
vt 0.07451300 0.56981900
vt 0.13040300 0.49379100
vt 0.12606600 0.49357200
vt 0.12569800 0.48860600
vt 0.12530700 0.48499000
vt 0.13331600 0.49884200
vt 0.07486000 0.57471100
vt 0.13040300 0.49881900
vt 0.12606600 0.49898900
vt 0.12113000 0.49896700
vt 0.12113000 0.49355000
vt 0.12111600 0.48858600
vt 0.12072600 0.48496900
vt 0.12958800 0.50325200
vt 0.07473000 0.57935400
vt 0.13196700 0.50327000
vt 0.12929100 0.50619600
vt 0.07376900 0.58288700
vt 0.12530700 0.50759500
vt 0.12569800 0.50396100
vt 0.12072600 0.50757500
vt 0.12111600 0.50394100
vt 0.11692800 0.50319600
vt 0.11663000 0.50614000
vt 0.11395300 0.50319000
vt 0.11271800 0.49875100
vt 0.11641100 0.49875700
vt 0.11271800 0.49372300
vt 0.11641100 0.49372900
vt 0.11692800 0.48930200
vt 0.11395300 0.48929600
vt 0.11663000 0.48637100
vt 0.12512300 0.48317500
vt 0.14065000 0.56925900
vt 0.12965100 0.48501800
vt 0.14051100 0.57439900
vt 0.07495800 0.56481800
vt 0.07495800 0.56481800
vt 0.13295400 0.48865800
vt 0.14023600 0.57840200
vt 0.14065000 0.56387500
vt 0.12018700 0.48315400
vt 0.14210000 0.56374500
vt 0.14210100 0.56922600
vt 0.14196000 0.57445700
vt 0.14168000 0.57852900
vt 0.07631700 0.56469200
vt 0.12420500 0.46089200
vt 0.14023600 0.55593500
vt 0.24161800 0.41918000
vt 0.11235600 0.48856700
vt 0.11565900 0.48495600
vt 0.14051100 0.55913800
vt 0.24041000 0.41908700
vt 0.14168000 0.55566500
vt 0.14196000 0.55892300
vt 0.23902000 0.41509100
vt 0.14190700 0.45882500
vt 0.14459300 0.46176300
vt 0.23802900 0.41984200
vt 0.14245100 0.46335000
vt 0.14068400 0.46141800
vt 0.13770000 0.46053900
vt 0.13790500 0.45740600
vt 0.14338100 0.56383500
vt 0.13775100 0.45581200
vt 0.23772000 0.41548900
vt 0.14221300 0.45760700
vt 0.14324500 0.55918200
vt 0.23906300 0.41935000
vt 0.14547000 0.46117000
vt 0.13403300 0.46053900
vt 0.13330800 0.45740500
vt 0.14338100 0.56912200
vt 0.13288700 0.45581100
vt 0.12920400 0.45882200
vt 0.13088400 0.46141500
vt 0.12911800 0.46334700
vt 0.12651800 0.46175900
vt 0.14297500 0.57810500
vt 0.12516800 0.46116600
vt 0.12842500 0.45760400
vt 0.14324500 0.57417100
vt 0.24223500 0.42428900
vt 0.11069500 0.49352900
vt 0.11069500 0.49894500
vt 0.24211500 0.42968500
vt 0.24091500 0.42977900
vt 0.24103800 0.42428700
vt 0.11566000 0.50756200
vt 0.24805100 0.54951000
vt 0.24127700 0.43447500
vt 0.11235600 0.50392200
vt 0.24786600 0.54555300
vt 0.24662600 0.54933100
vt 0.24643700 0.54530500
vt 0.24006400 0.43465500
vt 0.23772000 0.43368200
vt 0.14459300 0.47565700
vt 0.14190700 0.47859500
vt 0.14068400 0.47600000
vt 0.14245100 0.47406900
vt 0.14333400 0.47071500
vt 0.23827000 0.42939200
vt 0.14594000 0.47122500
vt 0.23955300 0.42966700
vt 0.14547000 0.47625100
vt 0.23872800 0.43437100
vt 0.24510500 0.54561400
vt 0.24528700 0.54950300
vt 0.14221300 0.47981300
vt 0.14333400 0.46670400
vt 0.23838100 0.42438400
vt 0.14594000 0.46619600
vt 0.23967100 0.42436800
vt 0.12018700 0.50940500
vt 0.24814400 0.55463100
vt 0.12512300 0.50942600
vt 0.24814400 0.56002300
vt 0.24672100 0.56003200
vt 0.24672100 0.55454300
vt 0.07602000 0.57975800
vt 0.07602000 0.57975800
vt 0.24805100 0.56479400
vt 0.12965100 0.50762300
vt 0.07483500 0.58411800
vt 0.07483500 0.58411800
vt 0.07739700 0.57989900
vt 0.24643700 0.56820400
vt 0.24662600 0.56488800
vt 0.07619200 0.58433300
vt 0.12920400 0.47859200
vt 0.12651800 0.47565300
vt 0.12911800 0.47406600
vt 0.13088400 0.47599800
vt 0.13403300 0.47687600
vt 0.13330800 0.48001100
vt 0.24537900 0.55982900
vt 0.13288700 0.48160500
vt 0.24528700 0.56451400
vt 0.12842500 0.47981000
vt 0.12516800 0.47624700
vt 0.07840100 0.57977300
vt 0.24510500 0.56771800
vt 0.13770000 0.47687700
vt 0.13790500 0.48001200
vt 0.24537900 0.55453400
vt 0.13775100 0.48160600
vt 0.07639800 0.57450500
vt 0.07639800 0.57450500
vt 0.07602400 0.56923400
vt 0.07602400 0.56923400
vt 0.07740000 0.56918700
vt 0.12251200 0.46594900
vt 0.07778100 0.57455200
vt 0.12251200 0.47146300
vt 0.12839800 0.46670100
vt 0.12527300 0.46619200
vt 0.12352800 0.46604600
vt 0.12839800 0.47071200
vt 0.12527300 0.47122000
vt 0.07877400 0.57461300
vt 0.12352800 0.47136600
vt 0.23179800 0.43461900
vt 0.06450600 0.48093000
vt 0.06380400 0.47838200
vt 0.23411300 0.43435300
vt 0.21643500 0.46730300
vt 0.06253300 0.47698100
vt 0.21489200 0.46722300
vt 0.06450600 0.48407600
vt 0.22874700 0.43494500
vt 0.22612000 0.43520700
vt 0.06380400 0.48662400
vt 0.22442700 0.43481100
vt 0.20817900 0.49487900
vt 0.06253300 0.48801300
vt 0.21065000 0.49522100
vt 0.06032300 0.48864800
vt 0.21378000 0.49527000
vt 0.05745700 0.48863500
vt 0.05502300 0.48798000
vt 0.05502300 0.48798000
vt 0.21638200 0.49500600
vt 0.05375200 0.48657900
vt 0.05375200 0.48657900
vt 0.05327400 0.48402600
vt 0.05327400 0.48402600
vt 0.05327400 0.48088100
vt 0.05327400 0.48088100
vt 0.05375200 0.47833800
vt 0.05375200 0.47833800
vt 0.05502300 0.47694800
vt 0.20670200 0.46736500
vt 0.05502300 0.47694800
vt 0.20916500 0.46754400
vt 0.05745700 0.47630800
vt 0.06032300 0.47632100
vt 0.21229000 0.46749000
vt 0.13449300 0.46256100
vt 0.21225200 0.49165300
vt 0.21484700 0.49179900
vt 0.13211600 0.46321100
vt 0.13211600 0.46321100
vt 0.13083800 0.46460900
vt 0.13083800 0.46460900
vt 0.20915000 0.49170600
vt 0.13734700 0.46256200
vt 0.20670200 0.49193900
vt 0.13960900 0.46321200
vt 0.22147300 0.50730900
vt 0.22300500 0.50683300
vt 0.14088800 0.46461100
vt 0.14153900 0.46714800
vt 0.22559200 0.50684600
vt 0.22869700 0.50702000
vt 0.14153900 0.47027000
vt 0.21786300 0.51957900
vt 0.14088800 0.47280700
vt 0.23115800 0.50728800
vt 0.21633600 0.51962700
vt 0.13960900 0.47420500
vt 0.13734700 0.47485400
vt 0.21375000 0.51947800
vt 0.21064300 0.51943000
vt 0.13449300 0.47485300
vt 0.20817900 0.51950000
vt 0.13211600 0.47420300
vt 0.13211600 0.47420300
vt 0.13083800 0.47280500
vt 0.13083800 0.47280500
vt 0.13030100 0.47026700
vt 0.13030100 0.47026700
vt 0.13030100 0.46714600
vt 0.13030100 0.46714600
vt 0.23173200 0.43411500
vt 0.21623600 0.46779300
vt 0.23396700 0.43383800
vt 0.21479500 0.46771900
vt 0.22873800 0.43443500
vt 0.22620800 0.43466700
vt 0.20832100 0.49534900
vt 0.22462600 0.43429700
vt 0.21070300 0.49565300
vt 0.21377600 0.49570100
vt 0.21628200 0.49547300
vt 0.05533000 0.48773600
vt 0.05414200 0.48642700
vt 0.23104200 0.52963300
vt 0.21770600 0.49542800
vt 0.22866400 0.52903800
vt 0.05367900 0.48396700
vt 0.22559300 0.52886600
vt 0.05367900 0.48087900
vt 0.05414200 0.47842800
vt 0.22308400 0.52918900
vt 0.05532900 0.47713000
vt 0.22165600 0.52963300
vt 0.20684500 0.46785600
vt 0.20922000 0.46800400
vt 0.21228800 0.46795100
vt 0.21224900 0.49126400
vt 0.21474500 0.49138200
vt 0.13240900 0.46345700
vt 0.23411300 0.41195800
vt 0.21619100 0.49145600
vt 0.13121300 0.46476400
vt 0.20921200 0.49131600
vt 0.22169700 0.50777600
vt 0.20685600 0.49151800
vt 0.22313000 0.50733100
vt 0.22561900 0.50732800
vt 0.22865900 0.50749700
vt 0.21765800 0.51913300
vt 0.23102700 0.50777200
vt 0.21622900 0.51917800
vt 0.21374100 0.51905600
vt 0.21069900 0.51900800
vt 0.22482700 0.41240900
vt 0.20832800 0.51905500
vt 0.13240900 0.47401100
vt 0.22641400 0.41278100
vt 0.13121300 0.47270300
vt 0.13069600 0.47026100
vt 0.22893300 0.41287200
vt 0.23189600 0.41255500
vt 0.13069600 0.46720600
vt 0.21477000 0.47955100
vt 0.23404000 0.42289800
vt 0.21621300 0.47962500
vt 0.21226800 0.47960700
vt 0.23181400 0.42333500
vt 0.22883500 0.42365300
vt 0.22631100 0.42372400
vt 0.22472600 0.42335300
vt 0.20832400 0.50720200
vt 0.21070100 0.50733100
vt 0.21375800 0.50737800
vt 0.21625600 0.50732500
vt 0.21768200 0.50728100
vt 0.23103500 0.51870200
vt 0.22866200 0.51826800
vt 0.22560600 0.51809700
vt 0.22310700 0.51826000
vt 0.22167600 0.51870500
vt 0.20685100 0.47968700
vt 0.20921600 0.47966000
vt 0.08342100 0.51401900
vt 0.18546800 0.39585000
vt 0.08098300 0.51346500
vt 0.18605500 0.39291700
vt 0.08264400 0.51117400
vt 0.17149300 0.56622800
vt 0.18975500 0.39148600
vt 0.17171600 0.56168300
vt 0.18898500 0.39510400
vt 0.18844200 0.40007000
vt 0.18454700 0.40028200
vt 0.08322900 0.51819900
vt 0.08014300 0.51751800
vt 0.19407700 0.39147200
vt 0.19330700 0.39509000
vt 0.19309800 0.40005500
vt 0.19309800 0.40547200
vt 0.18844200 0.40548700
vt 0.08285300 0.52312400
vt 0.18454700 0.40531000
vt 0.07976700 0.52244300
vt 0.19741100 0.39581000
vt 0.19799800 0.39287800
vt 0.20052400 0.39580700
vt 0.20163200 0.40023600
vt 0.19774600 0.40023900
vt 0.20163200 0.40526400
vt 0.19774600 0.40526700
vt 0.19741100 0.40970500
vt 0.20052400 0.40970200
vt 0.19799900 0.41264800
vt 0.19407700 0.41407700
vt 0.19330800 0.41044500
vt 0.08342100 0.53280600
vt 0.18975500 0.41409200
vt 0.18898500 0.41045900
vt 0.18546800 0.40974400
vt 0.08238100 0.52762800
vt 0.18605500 0.41268700
vt 0.08116400 0.53053800
vt 0.07994300 0.52707400
vt 0.14888100 0.50532500
vt 0.15165200 0.50803500
vt 0.14902400 0.50984300
vt 0.14720200 0.50806200
vt 0.14404900 0.50745200
vt 0.14483100 0.50425100
vt 0.14561100 0.50236300
vt 0.16239100 0.56162500
vt 0.16239100 0.56674400
vt 0.15003600 0.50381000
vt 0.15345600 0.50715300
vt 0.07248700 0.51263300
vt 0.16246600 0.57069500
vt 0.14059400 0.50775100
vt 0.13210400 0.51331000
vt 0.14050700 0.50462500
vt 0.13051800 0.51161200
vt 0.16245600 0.55623200
vt 0.14095200 0.50276500
vt 0.16657000 0.55619800
vt 0.16650300 0.56168700
vt 0.16650300 0.56689700
vt 0.16657900 0.57091600
vt 0.07597700 0.51238700
vt 0.13693100 0.50635900
vt 0.12980000 0.51516500
vt 0.13177700 0.51751600
vt 0.13797200 0.50886000
vt 0.13647200 0.51092800
vt 0.13099600 0.51962200
vt 0.12861300 0.51837000
vt 0.12672100 0.51786200
vt 0.12672100 0.51786200
vt 0.12818600 0.51390700
vt 0.16257500 0.55145800
vt 0.12818600 0.51390700
vt 0.12308100 0.51804600
vt 0.16685500 0.54801400
vt 0.12457100 0.51402400
vt 0.16669100 0.55133700
vt 0.19483000 0.38988300
vt 0.17049900 0.55637100
vt 0.17061600 0.55168200
vt 0.19902500 0.39166300
vt 0.20208800 0.39521500
vt 0.11996300 0.51856800
vt 0.17077500 0.54847100
vt 0.17043500 0.56166700
vt 0.19025700 0.38989800
vt 0.07955100 0.51266900
vt 0.17050900 0.57057800
vt 0.17043500 0.56669500
vt 0.08156600 0.50989100
vt 0.13122600 0.52301900
vt 0.13580500 0.51435300
vt 0.12855300 0.52289700
vt 0.12630900 0.52297600
vt 0.12630900 0.52297600
vt 0.13164000 0.52701000
vt 0.13613900 0.51835700
vt 0.12907200 0.52789100
vt 0.12686800 0.52835600
vt 0.12686800 0.52835600
vt 0.12323300 0.52872800
vt 0.12266400 0.52325100
vt 0.13004700 0.53217100
vt 0.13580500 0.52335100
vt 0.13736500 0.52162300
vt 0.13210400 0.53028200
vt 0.13918600 0.52340400
vt 0.24123800 0.55954000
vt 0.13857600 0.52606000
vt 0.13184100 0.53480300
vt 0.23990500 0.55890100
vt 0.13051900 0.53636200
vt 0.23990500 0.55890100
vt 0.12830600 0.53311400
vt 0.12830600 0.53311400
vt 0.24003600 0.55504500
vt 0.23577800 0.55876500
vt 0.12469500 0.53357100
vt 0.23591100 0.55484300
vt 0.20362900 0.40541100
vt 0.12010700 0.52887500
vt 0.12152000 0.53354800
vt 0.20208800 0.41029600
vt 0.23200500 0.55521100
vt 0.23187700 0.55900000
vt 0.19902500 0.41386900
vt 0.20362900 0.40009100
vt 0.11955700 0.52359100
vt 0.14195400 0.52404200
vt 0.14238800 0.52715200
vt 0.24142200 0.56405700
vt 0.14313600 0.52892600
vt 0.23983900 0.56397900
vt 0.23983900 0.56397900
vt 0.14540900 0.52374300
vt 0.14671200 0.52677800
vt 0.23983900 0.56938400
vt 0.14779500 0.52852400
vt 0.23571100 0.56943600
vt 0.23571100 0.56393300
vt 0.15052500 0.52502700
vt 0.14841600 0.52260500
vt 0.14991600 0.52053800
vt 0.15280800 0.52188100
vt 0.07133800 0.52767300
vt 0.15473300 0.52245500
vt 0.23990500 0.57422300
vt 0.15191700 0.52633700
vt 0.07284500 0.53194800
vt 0.07480700 0.52769600
vt 0.07634000 0.53204400
vt 0.23577800 0.57436100
vt 0.23181200 0.56929700
vt 0.08216400 0.53437300
vt 0.19025700 0.41569200
vt 0.07990400 0.53164200
vt 0.23187700 0.57404900
vt 0.07842300 0.52744100
vt 0.19483000 0.41567700
vt 0.23181200 0.56398800
vt 0.15019800 0.51714100
vt 0.15353900 0.51736700
vt 0.07081500 0.52244200
vt 0.15588800 0.51736800
vt 0.14986400 0.51313700
vt 0.15312100 0.51235600
vt 0.15543700 0.51196900
vt 0.07122100 0.51713600
vt 0.07468900 0.51697100
vt 0.07427600 0.52237200
vt 0.07830600 0.51709200
vt 0.07790800 0.52230200
vt 0.17932700 0.42532000
vt 0.17969100 0.42238500
vt 0.18222700 0.42531500
vt 0.18338300 0.42974400
vt 0.17977500 0.42974900
vt 0.17525100 0.42956600
vt 0.17531700 0.42459900
vt 0.17579600 0.42097800
vt 0.18338300 0.43477200
vt 0.17977500 0.43477700
vt 0.17525100 0.43498300
vt 0.17057500 0.43499700
vt 0.17057500 0.42957900
vt 0.17097700 0.42461200
vt 0.17145500 0.42099100
vt 0.17932700 0.43921400
vt 0.18222700 0.43921000
vt 0.17969200 0.44215500
vt 0.17579600 0.44358400
vt 0.17531700 0.43995400
vt 0.17145500 0.44359700
vt 0.17097700 0.43996700
vt 0.16733200 0.43925000
vt 0.16769700 0.44219000
vt 0.05099300 0.54807900
vt 0.16516100 0.43926000
vt 0.04946200 0.54528700
vt 0.04881800 0.54093100
vt 0.16386800 0.43483000
vt 0.16652000 0.43481700
vt 0.05149500 0.54077600
vt 0.04878300 0.53590900
vt 0.05146000 0.53575500
vt 0.16652000 0.42978900
vt 0.05149500 0.53128500
vt 0.16733200 0.42535500
vt 0.16516100 0.42536600
vt 0.04936500 0.53141100
vt 0.05085500 0.52833600
vt 0.16769700 0.42242100
vt 0.17640600 0.41915800
vt 0.05899900 0.56892300
vt 0.18069500 0.42096900
vt 0.05906100 0.57404100
vt 0.23864000 0.39287800
vt 0.18382500 0.42458400
vt 0.05918300 0.57799200
vt 0.05899900 0.56353000
vt 0.17173000 0.41917200
vt 0.06042800 0.56338700
vt 0.06042800 0.56887700
vt 0.06049100 0.57408600
vt 0.23981500 0.39258600
vt 0.06061500 0.57810400
vt 0.04799500 0.53073500
vt 0.04799500 0.53073500
vt 0.04983500 0.52694000
vt 0.04983500 0.52694000
vt 0.16744000 0.42100800
vt 0.05906100 0.55875400
vt 0.04662300 0.53058100
vt 0.09287300 0.48620100
vt 0.06061500 0.55520100
vt 0.04849400 0.52672100
vt 0.06049100 0.55852600
vt 0.08804400 0.48413400
vt 0.09056900 0.48706300
vt 0.08805100 0.48865600
vt 0.08639100 0.48672900
vt 0.08340400 0.48586100
vt 0.08416900 0.48272800
vt 0.08465700 0.48113700
vt 0.06176200 0.56345400
vt 0.08885200 0.48291700
vt 0.06182300 0.55876300
vt 0.06194300 0.55555100
vt 0.09191500 0.48646900
vt 0.07995700 0.48587200
vt 0.07984700 0.48274200
vt 0.08008400 0.48115200
vt 0.06176200 0.56875000
vt 0.07610000 0.48417300
vt 0.24379100 0.39112100
vt 0.07717700 0.48676000
vt 0.07551600 0.48869700
vt 0.24230900 0.39353200
vt 0.07357500 0.48711900
vt 0.06194300 0.57766000
vt 0.24119000 0.39280700
vt 0.06182300 0.57377800
vt 0.24298800 0.38988300
vt 0.07588900 0.48295900
vt 0.04709200 0.53578500
vt 0.04709200 0.53578500
vt 0.04713000 0.54119400
vt 0.04713000 0.54119400
vt 0.09446500 0.49676700
vt 0.04574500 0.54122700
vt 0.04570600 0.53572100
vt 0.09446500 0.49125300
vt 0.04999300 0.54951500
vt 0.16744000 0.44361400
vt 0.25822300 0.39399200
vt 0.25832800 0.39013600
vt 0.04810300 0.54606900
vt 0.04810300 0.54606900
vt 0.25677800 0.39380600
vt 0.09287300 0.50183000
vt 0.04673300 0.54618900
vt 0.25688400 0.38988300
vt 0.09056900 0.50095800
vt 0.08804400 0.50390400
vt 0.08639100 0.50131200
vt 0.08805100 0.49937500
vt 0.08870200 0.49601700
vt 0.09172400 0.49652000
vt 0.09345600 0.49666500
vt 0.25557800 0.39020100
vt 0.09191500 0.50155000
vt 0.25547500 0.39399000
vt 0.08885200 0.50512300
vt 0.08870200 0.49200600
vt 0.09172400 0.49149200
vt 0.09345600 0.49134500
vt 0.17173000 0.44542400
vt 0.25819200 0.39907000
vt 0.17640600 0.44541000
vt 0.25822900 0.40447600
vt 0.25678400 0.40447700
vt 0.25674600 0.39897500
vt 0.18382500 0.43994000
vt 0.23864000 0.40796200
vt 0.25832800 0.40931400
vt 0.18069600 0.44357400
vt 0.24046800 0.41210900
vt 0.23981500 0.40794000
vt 0.25688400 0.40940200
vt 0.24167500 0.41215900
vt 0.24379100 0.41054100
vt 0.07610000 0.50394300
vt 0.24230900 0.40718000
vt 0.07357500 0.50101400
vt 0.07551600 0.49941600
vt 0.07717700 0.50134200
vt 0.07995700 0.50220900
vt 0.07984700 0.50534800
vt 0.25548100 0.40428700
vt 0.08008400 0.50694600
vt 0.25557800 0.40903900
vt 0.24298800 0.41169700
vt 0.07588900 0.50516600
vt 0.24119100 0.40762100
vt 0.08340400 0.50219800
vt 0.08416900 0.50533400
vt 0.25544400 0.39897900
vt 0.08465700 0.50693100
vt 0.23772000 0.40278600
vt 0.18539900 0.43496600
vt 0.18539900 0.42954900
vt 0.23772000 0.39746400
vt 0.23888100 0.39725500
vt 0.23888000 0.40267200
vt 0.07465900 0.49205200
vt 0.07229200 0.49155600
vt 0.24170200 0.39764500
vt 0.24028600 0.39731100
vt 0.07465900 0.49606300
vt 0.24170200 0.40258400
vt 0.07229200 0.49658400
vt 0.24028600 0.40253700
vt 0.14804900 0.51373100
vt 0.14804900 0.51373100
vt 0.14741600 0.51122900
vt 0.05456800 0.55237100
vt 0.14741600 0.51122900
vt 0.05608800 0.55231700
vt 0.14610000 0.50994300
vt 0.14831000 0.51686500
vt 0.14831000 0.51686500
vt 0.14810200 0.51944200
vt 0.14810200 0.51944200
vt 0.14701800 0.52093700
vt 0.14701800 0.52093700
vt 0.11576800 0.55758400
vt 0.14474400 0.52178200
vt 0.11326900 0.55732300
vt 0.14203900 0.52201500
vt 0.11013100 0.55730500
vt 0.13993000 0.52155000
vt 0.21476600 0.57025800
vt 0.10754400 0.55753800
vt 0.13861400 0.52026300
vt 0.21343500 0.57097600
vt 0.13770900 0.51778200
vt 0.21092600 0.57107700
vt 0.20778500 0.57107700
vt 0.13744700 0.51464700
vt 0.20520400 0.57097600
vt 0.13792800 0.51205000
vt 0.13901200 0.51055500
vt 0.06429300 0.55227500
vt 0.20374800 0.57025800
vt 0.06181500 0.55199500
vt 0.14101300 0.50973100
vt 0.05868300 0.55201100
vt 0.14371900 0.50949700
vt 0.08027100 0.48789300
vt 0.05872800 0.52774700
vt 0.07816200 0.48855000
vt 0.05614000 0.52764100
vt 0.07696000 0.48995200
vt 0.05461700 0.52769600
vt 0.23476600 0.45851400
vt 0.08295400 0.48788400
vt 0.06183600 0.52773100
vt 0.08520700 0.48852700
vt 0.06430000 0.52759900
vt 0.08520700 0.48852700
vt 0.08641000 0.48992100
vt 0.08641000 0.48992100
vt 0.08689600 0.49245600
vt 0.08689600 0.49245600
vt 0.08689600 0.49557800
vt 0.08689600 0.49557800
vt 0.08641000 0.49811700
vt 0.08641000 0.49811700
vt 0.08520700 0.49952000
vt 0.10754000 0.53286200
vt 0.08520700 0.49952000
vt 0.08295400 0.50017600
vt 0.11011300 0.53304100
vt 0.11322800 0.53305900
vt 0.08027100 0.50018400
vt 0.11571800 0.53290800
vt 0.24444200 0.45862600
vt 0.07816200 0.49954300
vt 0.24278800 0.45919400
vt 0.07696000 0.49814800
vt 0.07633000 0.49561200
vt 0.24016900 0.45917800
vt 0.07633000 0.49249100
vt 0.23711400 0.45891900
vt 0.23705000 0.43825600
vt 0.14761000 0.51376800
vt 0.23476600 0.43754800
vt 0.14699700 0.51135700
vt 0.05476900 0.55189300
vt 0.05619000 0.55184100
vt 0.14786700 0.51684500
vt 0.24007200 0.43851200
vt 0.14766200 0.51932900
vt 0.24259600 0.43821100
vt 0.24413800 0.43768200
vt 0.11563300 0.55709400
vt 0.14665000 0.52072500
vt 0.11322400 0.55686700
vt 0.11014300 0.55685000
vt 0.21453400 0.56978400
vt 0.10765000 0.55704900
vt 0.10626400 0.55699400
vt 0.21329000 0.57045500
vt 0.21087100 0.57056900
vt 0.20778800 0.57056900
vt 0.20530100 0.57045500
vt 0.06532900 0.55183900
vt 0.06415400 0.55180100
vt 0.20394100 0.56978400
vt 0.06176400 0.55155700
vt 0.05869000 0.55157300
vt 0.05873600 0.52816800
vt 0.05624600 0.52808600
vt 0.23495300 0.45804100
vt 0.05482200 0.52813800
vt 0.06177800 0.52815200
vt 0.06415000 0.52804600
vt 0.08487100 0.48877100
vt 0.08599500 0.49007600
vt 0.06532900 0.52808400
vt 0.20557400 0.55017100
vt 0.08646700 0.49251500
vt 0.20803700 0.55058700
vt 0.08646700 0.49557100
vt 0.21108900 0.55058700
vt 0.08599500 0.49801500
vt 0.21350300 0.55017100
vt 0.10626400 0.53323800
vt 0.08487100 0.49932600
vt 0.10765500 0.53329300
vt 0.11013000 0.53344400
vt 0.11318000 0.53346200
vt 0.11557700 0.53333800
vt 0.24427000 0.45816800
vt 0.24272400 0.45869900
vt 0.24020600 0.45869800
vt 0.23721500 0.45844500
vt 0.05621800 0.53996400
vt 0.23486000 0.44779400
vt 0.05479500 0.54001500
vt 0.05871300 0.53987000
vt 0.23713300 0.44835000
vt 0.24013900 0.44860500
vt 0.24266000 0.44845500
vt 0.11560500 0.54521600
vt 0.24420400 0.44792500
vt 0.11320200 0.54516400
vt 0.11013700 0.54514700
vt 0.10765300 0.54517100
vt 0.10626400 0.54511600
vt 0.21339600 0.56031300
vt 0.21098000 0.56057800
vt 0.20791200 0.56057800
vt 0.06532900 0.53996200
vt 0.20543800 0.56031300
vt 0.06415200 0.53992300
vt 0.06177100 0.53985500
vt 0.05037400 0.50700600
vt 0.04738200 0.50799000
vt 0.04899700 0.50430400
vt 0.05245400 0.50158800
vt 0.05419000 0.50491600
vt 0.05585900 0.50963600
vt 0.05135100 0.51139500
vt 0.04762200 0.51261500
vt 0.05677100 0.50005100
vt 0.05850600 0.50337900
vt 0.06050900 0.50798100
vt 0.06218200 0.51312300
vt 0.05753100 0.51477800
vt 0.05290300 0.51616700
vt 0.04917500 0.51738800
vt 0.06230300 0.50276100
vt 0.06092500 0.50005900
vt 0.19278300 0.52359100
vt 0.06435500 0.50195000
vt 0.19416400 0.52587600
vt 0.06702900 0.50570800
vt 0.19480100 0.52992400
vt 0.06453400 0.50670300
vt 0.19193200 0.53060600
vt 0.19508200 0.53484700
vt 0.06608600 0.51147600
vt 0.19221200 0.53552900
vt 0.19267800 0.54003400
vt 0.06659300 0.51595000
vt 0.19493900 0.53947900
vt 0.19388600 0.54294700
vt 0.06702900 0.51882500
vt 0.19193200 0.54522000
vt 0.06375000 0.52150900
vt 0.06324700 0.51795500
vt 0.05943300 0.52304500
vt 0.05893000 0.51949100
vt 0.05466400 0.52019500
vt 0.05510100 0.52307000
vt 0.05167200 0.52117900
vt 0.14548900 0.53331400
vt 0.08229600 0.44898200
vt 0.22783700 0.55596200
vt 0.14668100 0.53641200
vt 0.08498100 0.45199700
vt 0.08304600 0.45343100
vt 0.08128100 0.45144900
vt 0.07836900 0.45045300
vt 0.22807700 0.56019800
vt 0.07834000 0.44742500
vt 0.07790100 0.44571000
vt 0.22656100 0.55979200
vt 0.22656100 0.55979200
vt 0.14695700 0.53190800
vt 0.14695700 0.53190800
vt 0.22655700 0.55507100
vt 0.22655700 0.55507100
vt 0.14842800 0.53573100
vt 0.14842800 0.53573100
vt 0.07469600 0.45033700
vt 0.07374500 0.44728000
vt 0.22656200 0.56517200
vt 0.07295100 0.44555400
vt 0.22244200 0.56520500
vt 0.22244000 0.55972800
vt 0.15077700 0.53165800
vt 0.22243600 0.55492200
vt 0.15227300 0.53554700
vt 0.06959700 0.44858100
vt 0.07147300 0.45113900
vt 0.06970800 0.45301000
vt 0.06691300 0.45142700
vt 0.22655700 0.57434500
vt 0.20292100 0.52507500
vt 0.06509600 0.45074100
vt 0.06840900 0.44722900
vt 0.22656100 0.57032000
vt 0.19925700 0.52481400
vt 0.22243600 0.57453900
vt 0.22244000 0.57044500
vt 0.05590100 0.49858600
vt 0.21852500 0.56517300
vt 0.06064500 0.49879700
vt 0.19388000 0.52231000
vt 0.21852300 0.57023000
vt 0.19555400 0.52508200
vt 0.21851900 0.57418500
vt 0.05133400 0.50021100
vt 0.21852300 0.55989000
vt 0.04573900 0.50787500
vt 0.15568800 0.53574500
vt 0.15424300 0.53198800
vt 0.04769700 0.50340500
vt 0.21851900 0.55525300
vt 0.06906300 0.45630800
vt 0.06571300 0.45579300
vt 0.20395400 0.52957400
vt 0.06343000 0.45564500
vt 0.06906300 0.46031600
vt 0.06571300 0.46080800
vt 0.06343000 0.46104800
vt 0.20425600 0.53487700
vt 0.20061400 0.53479200
vt 0.20030700 0.52939300
vt 0.06691300 0.46528600
vt 0.06970900 0.46371500
vt 0.07147300 0.46569700
vt 0.06959800 0.46830100
vt 0.06841000 0.46977800
vt 0.11816700 0.58396200
vt 0.20247900 0.54438800
vt 0.20377800 0.54010900
vt 0.06509600 0.46605700
vt 0.19880700 0.54446900
vt 0.12228200 0.58412100
vt 0.20012900 0.54011600
vt 0.19686600 0.53470800
vt 0.19639500 0.53984700
vt 0.12620400 0.58381000
vt 0.19511800 0.54405200
vt 0.19656900 0.52950000
vt 0.07469700 0.46664300
vt 0.07374500 0.46982800
vt 0.07295100 0.47174000
vt 0.11810400 0.57920700
vt 0.07836900 0.46675900
vt 0.07834000 0.46997300
vt 0.11808000 0.57381800
vt 0.07790200 0.47189600
vt 0.12219400 0.57379500
vt 0.12221800 0.57928100
vt 0.14548900 0.55304700
vt 0.08229600 0.46870200
vt 0.08128100 0.46600700
vt 0.08304600 0.46413600
vt 0.08498100 0.46585700
vt 0.14668100 0.55028100
vt 0.14842800 0.55105700
vt 0.14842800 0.55105700
vt 0.11816700 0.56470900
vt 0.08244300 0.47022100
vt 0.14695700 0.55447100
vt 0.11810000 0.56868800
vt 0.12228200 0.56452700
vt 0.15227300 0.55114700
vt 0.12221400 0.56857400
vt 0.12611900 0.57384800
vt 0.05929700 0.52469500
vt 0.05455400 0.52448400
vt 0.12613900 0.56880900
vt 0.15568900 0.55079700
vt 0.05039500 0.52219100
vt 0.12620400 0.56489800
vt 0.06386400 0.52307000
vt 0.12614200 0.57913900
vt 0.19319700 0.54679000
vt 0.14466700 0.54529100
vt 0.08400300 0.46078800
vt 0.08637200 0.46146000
vt 0.14704000 0.54594200
vt 0.14916800 0.54620100
vt 0.14916800 0.54620100
vt 0.08400300 0.45678000
vt 0.14466700 0.54128100
vt 0.14704000 0.54092300
vt 0.08637200 0.45644500
vt 0.14916800 0.54079400
vt 0.14916800 0.54079400
vt 0.15302500 0.54070000
vt 0.15302500 0.54620300
vt 0.15641600 0.54071700
vt 0.04570600 0.51305600
vt 0.15641600 0.54602700
vt 0.04734800 0.51810600
vt 0.15179000 0.39623000
vt 0.15149600 0.39334700
vt 0.23788600 0.53556800
vt 0.15418100 0.39636200
vt 0.15553200 0.40081600
vt 0.23828300 0.54008100
vt 0.15260400 0.40065000
vt 0.14825100 0.40028200
vt 0.14788500 0.39535000
vt 0.14750000 0.39179600
vt 0.23822300 0.54509900
vt 0.15553200 0.40583100
vt 0.15260400 0.40566500
vt 0.14825100 0.40568600
vt 0.14330000 0.40552900
vt 0.14330000 0.40012600
vt 0.14328900 0.39520500
vt 0.14290500 0.39165000
vt 0.15179000 0.41008900
vt 0.23772000 0.54943500
vt 0.15418100 0.41022100
vt 0.15149600 0.41306700
vt 0.14750000 0.41434400
vt 0.14788500 0.41066700
vt 0.14290500 0.41419900
vt 0.14328900 0.41052100
vt 0.13909100 0.40968800
vt 0.13879800 0.41266600
vt 0.13611300 0.40965100
vt 0.13487300 0.40517900
vt 0.13857000 0.40522200
vt 0.13487300 0.40016300
vt 0.13857000 0.40020600
vt 0.13909100 0.39582900
vt 0.13611300 0.39579100
vt 0.13879800 0.39294500
vt 0.14732200 0.39004000
vt 0.25820600 0.41716000
vt 0.15186300 0.39200100
vt 0.23772000 0.53107500
vt 0.25820200 0.41243900
vt 0.15517600 0.39572200
vt 0.23914600 0.53491500
vt 0.23914600 0.53491500
vt 0.25820800 0.42254000
vt 0.14237100 0.38988300
vt 0.25677100 0.42263000
vt 0.25676900 0.41715400
vt 0.25676400 0.41234800
vt 0.23906400 0.53085900
vt 0.09506400 0.46036500
vt 0.24051400 0.53476600
vt 0.09170400 0.46413800
vt 0.04921600 0.44708500
vt 0.13451700 0.39507000
vt 0.25820200 0.43171400
vt 0.25820600 0.42768900
vt 0.13783000 0.39155800
vt 0.25676400 0.43196500
vt 0.04801000 0.44687100
vt 0.25676900 0.42787000
vt 0.10935900 0.46171400
vt 0.04570600 0.44800900
vt 0.11203500 0.46457300
vt 0.10990500 0.46625400
vt 0.10814500 0.46437400
vt 0.10517300 0.46359300
vt 0.10537200 0.46041600
vt 0.10521300 0.45878300
vt 0.25545000 0.42265600
vt 0.10965800 0.46045100
vt 0.25544900 0.42771300
vt 0.04669400 0.44718600
vt 0.25544400 0.43166900
vt 0.11290400 0.46391800
vt 0.10152000 0.46369300
vt 0.10079200 0.46054200
vt 0.25544900 0.41737300
vt 0.10036700 0.45891600
vt 0.09670200 0.46206100
vt 0.09838100 0.46464200
vt 0.09662100 0.46661800
vt 0.09402600 0.46506700
vt 0.09267500 0.46447300
vt 0.09592100 0.46082800
vt 0.25544400 0.41273600
vt 0.05032100 0.45156600
vt 0.13285100 0.39997400
vt 0.05070900 0.45686400
vt 0.13285100 0.40537700
vt 0.04952900 0.45682600
vt 0.04913300 0.45143200
vt 0.13783000 0.41410700
vt 0.04908700 0.46640200
vt 0.11669000 0.47955100
vt 0.13451700 0.41038600
vt 0.05031700 0.46210300
vt 0.11812300 0.47977400
vt 0.04788000 0.46653000
vt 0.04913000 0.46215700
vt 0.11203500 0.47844200
vt 0.04670200 0.46159900
vt 0.04570600 0.46508200
vt 0.10935900 0.48144800
vt 0.10814500 0.47893000
vt 0.10990500 0.47695300
vt 0.11078800 0.47359400
vt 0.04685300 0.45696600
vt 0.11337800 0.47398800
vt 0.04816300 0.45678900
vt 0.04777600 0.46193500
vt 0.11945100 0.47952600
vt 0.10965800 0.48261700
vt 0.04656700 0.46616000
vt 0.11078800 0.46959100
vt 0.11337800 0.46896900
vt 0.04649300 0.45204800
vt 0.04778100 0.45158600
vt 0.14237100 0.41606900
vt 0.11662700 0.47479600
vt 0.14732200 0.41622500
vt 0.11660300 0.46940700
vt 0.11803500 0.46944800
vt 0.11805900 0.47493300
vt 0.11669000 0.46029800
vt 0.15517600 0.41103900
vt 0.23896300 0.55024000
vt 0.23896300 0.55024000
vt 0.11662300 0.46427700
vt 0.15186300 0.41455000
vt 0.24032800 0.55036500
vt 0.11812300 0.46018000
vt 0.09170400 0.47973900
vt 0.11805600 0.46422700
vt 0.09670200 0.48179500
vt 0.09402600 0.47893600
vt 0.09662100 0.47731800
vt 0.09838100 0.47919800
vt 0.10152000 0.48000100
vt 0.10079200 0.48310700
vt 0.11936500 0.46956400
vt 0.10036700 0.48466200
vt 0.11938500 0.46452500
vt 0.09592100 0.48299400
vt 0.11945100 0.46061500
vt 0.09267500 0.47952700
vt 0.10517300 0.47990000
vt 0.10537200 0.48298100
vt 0.11938900 0.47485500
vt 0.10521300 0.48452900
vt 0.23976000 0.54539200
vt 0.23976000 0.54539200
vt 0.23982500 0.53998600
vt 0.23982500 0.53998600
vt 0.24120500 0.53992700
vt 0.09001700 0.46923300
vt 0.24113900 0.54543100
vt 0.09001700 0.47473700
vt 0.09590600 0.46999900
vt 0.09278600 0.46953500
vt 0.09104200 0.46939000
vt 0.09590600 0.47400300
vt 0.09278600 0.47455400
vt 0.09104200 0.47470000
vt 0.13240800 0.56171600
vt 0.08226500 0.45714100
vt 0.08156300 0.45459800
vt 0.13499400 0.56174800
vt 0.20670200 0.41460700
vt 0.08028800 0.45316600
vt 0.13647500 0.56120800
vt 0.12926800 0.56166000
vt 0.08226500 0.46027900
vt 0.08156300 0.46281900
vt 0.12676900 0.56160000
vt 0.08028800 0.46417100
vt 0.12546600 0.56101000
vt 0.21644000 0.54723300
vt 0.07806900 0.46472500
vt 0.21383900 0.54694700
vt 0.21071100 0.54694700
vt 0.07519500 0.46463500
vt 0.20824200 0.54723300
vt 0.07275600 0.46393300
vt 0.07275600 0.46393300
vt 0.07148000 0.46250100
vt 0.07148000 0.46250100
vt 0.07099900 0.45992300
vt 0.07099900 0.45992300
vt 0.07099900 0.45678500
vt 0.07099900 0.45678500
vt 0.21643700 0.41455900
vt 0.07148000 0.45428000
vt 0.07148000 0.45428000
vt 0.07275500 0.45292900
vt 0.21488800 0.41456500
vt 0.07519400 0.45233900
vt 0.21228000 0.41430600
vt 0.07806900 0.45243000
vt 0.20915600 0.41432200
vt 0.20918900 0.39005900
vt 0.10198000 0.46570900
vt 0.09961000 0.46641300
vt 0.20674500 0.38993100
vt 0.09961000 0.46641300
vt 0.09833600 0.46784400
vt 0.09833600 0.46784400
vt 0.10482300 0.46563000
vt 0.21228900 0.39004300
vt 0.10707600 0.46620800
vt 0.21488400 0.38988900
vt 0.10835000 0.46756900
vt 0.20013000 0.57176900
vt 0.21643700 0.38988300
vt 0.19778300 0.57206900
vt 0.10900000 0.47009300
vt 0.10900000 0.47320800
vt 0.19472800 0.57226700
vt 0.10835000 0.47574900
vt 0.19210900 0.57228900
vt 0.19045500 0.57180100
vt 0.20817900 0.52257600
vt 0.10707600 0.47718000
vt 0.10482300 0.47790000
vt 0.21063600 0.52270300
vt 0.10198000 0.47797800
vt 0.21374100 0.52270300
vt 0.09961000 0.47738500
vt 0.21633200 0.52257600
vt 0.09833600 0.47602400
vt 0.21786700 0.52260800
vt 0.09833600 0.47602400
vt 0.09780300 0.47351600
vt 0.09780300 0.47351600
vt 0.09780300 0.47040000
vt 0.09780300 0.47040000
vt 0.13241800 0.56120800
vt 0.13491000 0.56121900
vt 0.13629400 0.56071500
vt 0.20684400 0.41412500
vt 0.12933700 0.56115200
vt 0.21777400 0.54678800
vt 0.12692700 0.56107600
vt 0.12570900 0.56052400
vt 0.21634300 0.54675800
vt 0.21383700 0.54650800
vt 0.21076600 0.54650800
vt 0.19075900 0.54971100
vt 0.07306000 0.46366600
vt 0.20838500 0.54675800
vt 0.19230100 0.55016600
vt 0.07186800 0.46232800
vt 0.19482500 0.55047700
vt 0.07140300 0.45984500
vt 0.19784600 0.55028100
vt 0.07140300 0.45676500
vt 0.20013000 0.54965900
vt 0.07186800 0.45434800
vt 0.21623600 0.41407900
vt 0.21478900 0.41408400
vt 0.21227700 0.41386100
vt 0.20921100 0.41387600
vt 0.20925400 0.39047000
vt 0.13647500 0.53891400
vt 0.09990600 0.46667900
vt 0.20690100 0.39036800
vt 0.09871400 0.46801800
vt 0.13508700 0.53942000
vt 0.21228900 0.39045500
vt 0.21478500 0.39032800
vt 0.19994300 0.57128900
vt 0.21623700 0.39032300
vt 0.19768200 0.57159400
vt 0.19469200 0.57178800
vt 0.19217400 0.57179300
vt 0.20832800 0.52301900
vt 0.19062700 0.57133600
vt 0.21069400 0.52311900
vt 0.21373300 0.52311900
vt 0.21622500 0.52301900
vt 0.09871400 0.47594200
vt 0.21766100 0.52304900
vt 0.12716400 0.53927800
vt 0.09820000 0.47352700
vt 0.12956300 0.53967600
vt 0.09820000 0.47047600
vt 0.13261200 0.53973100
vt 0.20687300 0.40224700
vt 0.13638500 0.54981400
vt 0.13499800 0.55031900
vt 0.20923200 0.40217300
vt 0.13251500 0.55046900
vt 0.12945000 0.55041400
vt 0.12704500 0.55017700
vt 0.21771700 0.53491900
vt 0.21628400 0.53488800
vt 0.21378500 0.53481400
vt 0.21073000 0.53481400
vt 0.20835700 0.53488800
vt 0.19069300 0.56052400
vt 0.19223800 0.56098000
vt 0.19475800 0.56113300
vt 0.19776400 0.56093800
vt 0.20003600 0.56047400
vt 0.21623700 0.40220100
vt 0.21478700 0.40220600
vt 0.21228300 0.40215800
vt 0.20349900 0.50387800
vt 0.09389100 0.50996900
vt 0.20103300 0.50425900
vt 0.09447200 0.50698000
vt 0.20228000 0.50098500
vt 0.09818700 0.50570000
vt 0.20458500 0.49903300
vt 0.09742500 0.50939200
vt 0.09688500 0.51438400
vt 0.09297100 0.51440200
vt 0.20397200 0.50835600
vt 0.20085300 0.50882700
vt 0.10252500 0.50584200
vt 0.10176300 0.50953400
vt 0.10155800 0.51453700
vt 0.10155800 0.51994500
vt 0.09688500 0.51979200
vt 0.09297100 0.51942200
vt 0.20436500 0.51334600
vt 0.20124600 0.51381600
vt 0.10587800 0.51036100
vt 0.10645900 0.50737300
vt 0.10899300 0.51038900
vt 0.11010600 0.51486600
vt 0.10621800 0.51483600
vt 0.11010600 0.51988600
vt 0.10621800 0.51985600
vt 0.10587800 0.52423400
vt 0.10899300 0.52426200
vt 0.10645900 0.52711200
vt 0.10252400 0.52841300
vt 0.15849800 0.57155700
vt 0.10176300 0.52486600
vt 0.09818700 0.52827100
vt 0.15849800 0.56654100
vt 0.09742500 0.52472400
vt 0.20458500 0.51766700
vt 0.09389100 0.52384200
vt 0.09447200 0.52671900
vt 0.20382500 0.52060400
vt 0.15843900 0.56201600
vt 0.20211900 0.51804700
vt 0.19179200 0.45054800
vt 0.19362500 0.45386800
vt 0.19057200 0.45482100
vt 0.18936700 0.45263900
vt 0.18653800 0.45119400
vt 0.18534700 0.48065000
vt 0.18824400 0.44843200
vt 0.18364100 0.48029100
vt 0.18364100 0.48029100
vt 0.18955000 0.44694500
vt 0.19334600 0.44949900
vt 0.19400000 0.49974900
vt 0.18383800 0.47552900
vt 0.19246000 0.50378900
vt 0.19560900 0.45359600
vt 0.18314300 0.45056300
vt 0.18399500 0.44764200
vt 0.18534700 0.48565300
vt 0.18364100 0.48568000
vt 0.18364100 0.48568000
vt 0.17952400 0.48576100
vt 0.17952400 0.48027400
vt 0.17972400 0.47542700
vt 0.19746900 0.49953400
vt 0.19590300 0.50364400
vt 0.18526500 0.49020800
vt 0.18005100 0.44836600
vt 0.20260300 0.41879800
vt 0.18029900 0.45095300
vt 0.17824100 0.45252900
vt 0.20295200 0.42305900
vt 0.17692000 0.45076300
vt 0.20094600 0.42092500
vt 0.18422900 0.49477600
vt 0.19922000 0.41990800
vt 0.19922000 0.41990800
vt 0.18383800 0.49080700
vt 0.18383800 0.49080700
vt 0.20126500 0.41728300
vt 0.19551800 0.41989300
vt 0.18012200 0.49501600
vt 0.17972400 0.49097800
vt 0.10327200 0.50419600
vt 0.17568500 0.48576200
vt 0.17587800 0.49079700
vt 0.10748200 0.50612400
vt 0.17626300 0.49469800
vt 0.19224100 0.42041700
vt 0.11055500 0.50978200
vt 0.17568500 0.48046900
vt 0.09868200 0.50404500
vt 0.20333000 0.49749200
vt 0.19950300 0.50383700
vt 0.20101600 0.49986700
vt 0.17587800 0.47579300
vt 0.17657200 0.45559400
vt 0.20256500 0.42608600
vt 0.20007500 0.42486600
vt 0.19790100 0.42427700
vt 0.19790100 0.42427700
vt 0.20219500 0.42998000
vt 0.17568500 0.45950300
vt 0.19961300 0.42973900
vt 0.19740300 0.42952600
vt 0.19740300 0.42952600
vt 0.19367000 0.42968400
vt 0.19417800 0.42434000
vt 0.19966700 0.43438900
vt 0.20196400 0.43345900
vt 0.17587000 0.46297200
vt 0.20269800 0.43580300
vt 0.17707600 0.46515400
vt 0.20078300 0.43795600
vt 0.17568500 0.46760300
vt 0.19918300 0.43919000
vt 0.14929900 0.57661500
vt 0.19918300 0.43919000
vt 0.19780600 0.43478800
vt 0.19780600 0.43478800
vt 0.19548000 0.43951600
vt 0.15336800 0.57680800
vt 0.19407900 0.43503900
vt 0.19045500 0.42986200
vt 0.11210300 0.52001800
vt 0.11055500 0.52484000
vt 0.19085200 0.43503100
vt 0.19220600 0.43935700
vt 0.10748200 0.52829600
vt 0.15730000 0.57654600
vt 0.11210300 0.51470600
vt 0.19094500 0.42470700
vt 0.17953200 0.46647000
vt 0.20295200 0.44040900
vt 0.17900300 0.46964000
vt 0.14909800 0.57179000
vt 0.20136100 0.44217400
vt 0.17917500 0.47163900
vt 0.18292700 0.46710100
vt 0.18325100 0.47042900
vt 0.18375300 0.47249000
vt 0.14909800 0.56638700
vt 0.15316400 0.56639600
vt 0.15316400 0.57189600
vt 0.18742500 0.46978600
vt 0.18614400 0.46684000
vt 0.18820200 0.46526400
vt 0.19055700 0.46738800
vt 0.19366100 0.51902700
vt 0.19221800 0.46853800
vt 0.14969900 0.55742400
vt 0.18835400 0.47149600
vt 0.14929900 0.56130000
vt 0.15377500 0.55727600
vt 0.19712500 0.51915400
vt 0.15336800 0.56121900
vt 0.15710200 0.56650000
vt 0.20275200 0.52190400
vt 0.15730000 0.56150400
vt 0.15769300 0.55769500
vt 0.20068200 0.51880300
vt 0.15710200 0.57180600
vt 0.10327100 0.52994900
vt 0.18949800 0.46207100
vt 0.19261900 0.46325700
vt 0.19235500 0.51431900
vt 0.19485600 0.46398900
vt 0.19038500 0.45816100
vt 0.19372900 0.45836400
vt 0.19193200 0.50894300
vt 0.19605200 0.45871800
vt 0.19536700 0.50888900
vt 0.19579800 0.51436100
vt 0.19898300 0.50889900
vt 0.19939900 0.51417900
vt 0.17481000 0.39582200
vt 0.17518000 0.39293200
vt 0.17770300 0.39576300
vt 0.17885100 0.40013100
vt 0.17525200 0.40020000
vt 0.17074700 0.40014800
vt 0.17081800 0.39522300
vt 0.17130300 0.39165900
vt 0.17885100 0.40514800
vt 0.17525200 0.40521700
vt 0.17074700 0.40555300
vt 0.16609500 0.40573700
vt 0.16609500 0.40033200
vt 0.16650000 0.39539300
vt 0.16698500 0.39182900
vt 0.17481000 0.40968600
vt 0.17770300 0.40962800
vt 0.17518000 0.41265900
vt 0.17130300 0.41421600
vt 0.17081800 0.41054500
vt 0.16698500 0.41438600
vt 0.16650000 0.41071500
vt 0.16287700 0.41015700
vt 0.16324800 0.41312900
vt 0.10196900 0.57836900
vt 0.16072500 0.41029700
vt 0.10052100 0.57492400
vt 0.09994000 0.57031100
vt 0.15943700 0.40591400
vt 0.16206500 0.40573700
vt 0.09994000 0.56541600
vt 0.15943700 0.40089700
vt 0.16206500 0.40072000
vt 0.16287700 0.39629200
vt 0.10052100 0.56139900
vt 0.16072500 0.39643300
vt 0.16324800 0.39340200
vt 0.10196900 0.55912400
vt 0.17191900 0.38988300
vt 0.25077500 0.50172000
vt 0.25097200 0.49695800
vt 0.17618700 0.39153400
vt 0.17930000 0.39502900
vt 0.25136400 0.49371300
vt 0.08356300 0.56270200
vt 0.25077500 0.50710900
vt 0.16726700 0.39006700
vt 0.24932100 0.50721900
vt 0.24932100 0.50173300
vt 0.08661600 0.55867300
vt 0.24952200 0.49688600
vt 0.24992000 0.49358500
vt 0.08473200 0.56264600
vt 0.09917700 0.56048900
vt 0.09917700 0.56048900
vt 0.25136400 0.51620500
vt 0.16300000 0.39205400
vt 0.25097200 0.51223600
vt 0.10096500 0.55768200
vt 0.24992000 0.51647400
vt 0.16973800 0.45163600
vt 0.09779400 0.56046400
vt 0.24952100 0.51243600
vt 0.16490500 0.44953400
vt 0.16744000 0.45255000
vt 0.16491700 0.45409000
vt 0.16325000 0.45210600
vt 0.16025500 0.45114500
vt 0.16101800 0.44799900
vt 0.16150200 0.44637800
vt 0.24805900 0.50725100
vt 0.16571200 0.44830600
vt 0.24825300 0.51228600
vt 0.24863800 0.51618700
vt 0.16878600 0.45196400
vt 0.15679400 0.45103200
vt 0.15668000 0.44785700
vt 0.15691300 0.44622700
vt 0.24805900 0.50195800
vt 0.15291900 0.44914200
vt 0.08873000 0.56029900
vt 0.15400300 0.45180300
vt 0.15233700 0.45367700
vt 0.15038500 0.45199200
vt 0.08723000 0.56346500
vt 0.08610500 0.56294500
vt 0.24825300 0.49728100
vt 0.08792500 0.55910600
vt 0.15270200 0.44788000
vt 0.09827800 0.56496200
vt 0.09827800 0.56496200
vt 0.09827800 0.57023600
vt 0.09827800 0.57023600
vt 0.09688100 0.57038600
vt 0.17133600 0.46224400
vt 0.09688100 0.56501800
vt 0.17133600 0.45673800
vt 0.10096500 0.57968700
vt 0.10096500 0.57968700
vt 0.16300000 0.41461100
vt 0.24678300 0.48700800
vt 0.09917700 0.57543600
vt 0.09917700 0.57543600
vt 0.09961300 0.58000300
vt 0.24819000 0.48724000
vt 0.09779400 0.57567800
vt 0.24859700 0.49065300
vt 0.16744000 0.46642300
vt 0.16490500 0.46927300
vt 0.16325000 0.46666600
vt 0.16491700 0.46479200
vt 0.16557100 0.46147700
vt 0.16860000 0.46204300
vt 0.17033300 0.46219900
vt 0.09592500 0.57051800
vt 0.16878600 0.46702200
vt 0.24993900 0.49031500
vt 0.09680900 0.57562600
vt 0.24954600 0.48701600
vt 0.16571200 0.47047800
vt 0.16557100 0.45747300
vt 0.16860000 0.45702300
vt 0.17033300 0.45688800
vt 0.24658200 0.48218300
vt 0.16726700 0.41626100
vt 0.17191900 0.41607800
vt 0.24658200 0.47678000
vt 0.24798600 0.47682800
vt 0.24798600 0.48232800
vt 0.08356300 0.57798700
vt 0.24718300 0.46781700
vt 0.17930000 0.41035100
vt 0.24678300 0.47169300
vt 0.17618700 0.41409100
vt 0.08473200 0.57820500
vt 0.24859700 0.46770800
vt 0.24819000 0.47165000
vt 0.08873000 0.57997900
vt 0.15291900 0.46888100
vt 0.15038500 0.46586500
vt 0.08723000 0.57729600
vt 0.15233700 0.46438000
vt 0.15400300 0.46636300
vt 0.15679400 0.46734400
vt 0.15668000 0.47042800
vt 0.15691300 0.47198100
vt 0.24934800 0.47697100
vt 0.15270200 0.47005200
vt 0.24954600 0.47197500
vt 0.08792500 0.58121200
vt 0.24993900 0.46816600
vt 0.08610500 0.57795800
vt 0.16025500 0.46745700
vt 0.16101800 0.47057000
vt 0.16150200 0.47213100
vt 0.24934800 0.48227700
vt 0.18086600 0.40533000
vt 0.08263200 0.57319100
vt 0.18086600 0.39992500
vt 0.08263200 0.56779800
vt 0.08378600 0.56783300
vt 0.08378600 0.57332200
vt 0.15147800 0.45701100
vt 0.14909800 0.45638400
vt 0.08661300 0.56800000
vt 0.08518900 0.56795100
vt 0.15147800 0.46101600
vt 0.08661300 0.57300500
vt 0.14909800 0.46140400
vt 0.08518900 0.57324700
vt 0.18847100 0.45822800
vt 0.18847100 0.45822800
vt 0.18861900 0.45569300
vt 0.18861900 0.45569300
vt 0.18774800 0.45411600
vt 0.18774800 0.45411600
vt 0.09679100 0.53128400
vt 0.18777700 0.46128900
vt 0.18777700 0.46128900
vt 0.18679900 0.46371300
vt 0.18679900 0.46371300
vt 0.18531200 0.46485100
vt 0.18531200 0.46485100
vt 0.07078800 0.53729100
vt 0.07337400 0.53762600
vt 0.18288400 0.46503500
vt 0.07651200 0.53761800
vt 0.18022600 0.46454100
vt 0.07900800 0.53727100
vt 0.18534500 0.57529600
vt 0.17834800 0.46355700
vt 0.18362800 0.57574700
vt 0.17747700 0.46198000
vt 0.18100200 0.57545800
vt 0.17736100 0.45935300
vt 0.17805500 0.45629300
vt 0.17797100 0.57502800
vt 0.17568500 0.57462000
vt 0.08706300 0.53139700
vt 0.17929700 0.45396000
vt 0.08859100 0.53125200
vt 0.18078400 0.45282200
vt 0.18294800 0.45254600
vt 0.09119300 0.53146200
vt 0.18560600 0.45304000
vt 0.09432300 0.53147400
vt 0.09433100 0.55554700
vt 0.15711100 0.45307000
vt 0.24445800 0.50708300
vt 0.15499400 0.45364000
vt 0.09679100 0.55576800
vt 0.24290300 0.50647900
vt 0.15378700 0.45499700
vt 0.09122500 0.55553500
vt 0.15980400 0.45315800
vt 0.16206400 0.45387200
vt 0.08863700 0.55573600
vt 0.16206400 0.45387200
vt 0.16327000 0.45530800
vt 0.16327000 0.45530800
vt 0.16375900 0.45786600
vt 0.16375900 0.45786600
vt 0.16375900 0.46098300
vt 0.16375900 0.46098300
vt 0.16327000 0.46349100
vt 0.16327000 0.46349100
vt 0.07900800 0.56174300
vt 0.16206400 0.46484700
vt 0.16206400 0.46484700
vt 0.07652500 0.56168000
vt 0.15980400 0.46543100
vt 0.15711100 0.46534300
vt 0.07341200 0.56168800
vt 0.15499400 0.46461600
vt 0.07083400 0.56176300
vt 0.06933800 0.56161200
vt 0.23476600 0.50706900
vt 0.15378700 0.46318000
vt 0.23721000 0.50668100
vt 0.15315500 0.46063500
vt 0.15315500 0.45751900
vt 0.24030900 0.50645700
vt 0.24019400 0.52701300
vt 0.18804400 0.45811600
vt 0.24270800 0.52734800
vt 0.18818200 0.45566900
vt 0.18736900 0.45419600
vt 0.24415800 0.52791100
vt 0.09665300 0.53178200
vt 0.18736200 0.46112000
vt 0.23712800 0.52723500
vt 0.23476600 0.52792400
vt 0.18641600 0.46345300
vt 0.06949700 0.53760200
vt 0.07089100 0.53774300
vt 0.18502600 0.46451700
vt 0.07338400 0.53803800
vt 0.07646300 0.53803100
vt 0.07887000 0.53772300
vt 0.18515000 0.57478600
vt 0.18354600 0.57520800
vt 0.18101800 0.57494700
vt 0.17804200 0.57452500
vt 0.17583600 0.57411400
vt 0.08726600 0.53188600
vt 0.08869400 0.53175100
vt 0.09120100 0.53192900
vt 0.09427300 0.53194100
vt 0.09427000 0.55516800
vt 0.24423400 0.50754100
vt 0.09663800 0.55535800
vt 0.24278000 0.50697700
vt 0.09123000 0.55515600
vt 0.08873900 0.55532800
vt 0.16172900 0.45413500
vt 0.16285800 0.45547800
vt 0.08730700 0.55546300
vt 0.17568500 0.55329900
vt 0.17787200 0.55401800
vt 0.16333200 0.45793900
vt 0.16333200 0.46099000
vt 0.18081700 0.55443600
vt 0.18333600 0.55438500
vt 0.16285800 0.46340500
vt 0.18494500 0.55396200
vt 0.07886600 0.56128700
vt 0.16172900 0.46467300
vt 0.07647600 0.56124600
vt 0.07342800 0.56125400
vt 0.07094800 0.56130600
vt 0.23489800 0.50754800
vt 0.06955000 0.56116500
vt 0.23725000 0.50716100
vt 0.24028400 0.50694100
vt 0.24419600 0.51772600
vt 0.09664600 0.54357000
vt 0.24274400 0.51716200
vt 0.09427100 0.54355400
vt 0.24023900 0.51697700
vt 0.23718900 0.51719800
vt 0.06952300 0.54938400
vt 0.23483200 0.51773600
vt 0.07092000 0.54952400
vt 0.07340600 0.54964600
vt 0.07647000 0.54963900
vt 0.18504800 0.56437400
vt 0.07886800 0.54950500
vt 0.18344100 0.56479700
vt 0.18091800 0.56469200
vt 0.17795700 0.56427100
vt 0.08728600 0.54367500
vt 0.17576000 0.56370600
vt 0.08871700 0.54353900
vt 0.09121500 0.54354300
vt 0.77049000 0.08288900
vt 0.83265900 0.08055700
vt 0.83549300 0.08125900
vt 0.77379900 0.08325900
vt 0.77395200 0.09683600
vt 0.83158300 0.09484500
vt 0.96916400 0.01609800
vt 0.82902400 0.09333300
vt 0.82268800 0.09073900
vt 0.82383000 0.07988900
vt 0.82350400 0.06384000
vt 0.83396300 0.06372300
vt 0.77006800 0.06601700
vt 0.77373100 0.06607200
vt 0.86939000 0.07985900
vt 0.81783800 0.07992300
vt 0.81891400 0.08965600
vt 0.86941300 0.08968000
vt 0.86760900 0.08973500
vt 0.91467900 0.08368600
vt 0.91542500 0.07386400
vt 0.86758700 0.07987700
vt 0.86754800 0.06417700
vt 0.91670500 0.05822100
vt 0.81605300 0.06438300
vt 0.86935100 0.06417500
vt 0.91086500 0.07453000
vt 0.91144000 0.08527700
vt 0.90520100 0.08807900
vt 0.90207600 0.07547800
vt 0.90085000 0.05873300
vt 0.91129200 0.05852000
vt 0.89784400 0.07576100
vt 0.77560100 0.08327800
vt 0.97090000 0.01637200
vt 0.77575400 0.09689000
vt 0.90220200 0.08929100
vt 0.77553300 0.06607400
vt 0.89581700 0.05864700
vt 0.82438000 0.10186300
vt 0.96625500 0.02292200
vt 0.82251800 0.09939800
vt 0.81858300 0.09493300
vt 0.86936600 0.09293600
vt 0.87311900 0.03538100
vt 0.81651200 0.09293200
vt 0.86756200 0.09300800
vt 0.91719500 0.08691300
vt 0.87144700 0.03604300
vt 0.91521200 0.08939700
vt 0.91143200 0.09399900
vt 0.90963400 0.09611800
vt 0.96798600 0.02320400
vt 0.96374400 0.03407500
vt 0.81298700 0.10493000
vt 0.81228100 0.10215200
vt 0.81088700 0.09708200
vt 0.87559200 0.04124600
vt 0.81019900 0.09478600
vt 0.87391500 0.04194000
vt 0.92358400 0.08855900
vt 0.92294100 0.09128800
vt 0.92171200 0.09641200
vt 0.92112900 0.09881300
vt 0.96549000 0.03438300
vt 0.80126900 0.10625600
vt 0.96260200 0.04584500
vt 0.79895200 0.10506600
vt 0.80189800 0.10285400
vt 0.80168700 0.09898800
vt 0.79872000 0.09740900
vt 0.87975000 0.05204600
vt 0.87830900 0.05032500
vt 0.80084900 0.09601600
vt 0.87656900 0.05103400
vt 0.93293100 0.08946200
vt 0.93495400 0.09103500
vt 0.93217900 0.09278500
vt 0.93209300 0.09665600
vt 0.96575500 0.04869500
vt 0.93497900 0.09868600
vt 0.96441700 0.04616100
vt 0.92312900 0.05913900
vt 0.79187900 0.01609800
vt 0.79655900 0.10375300
vt 0.79151400 0.01723500
vt 0.79736400 0.10256600
vt 0.79151400 0.01951600
vt 0.79733800 0.10030300
vt 0.79370600 0.09794000
vt 0.87950400 0.05757600
vt 0.79378500 0.09681500
vt 0.93994800 0.08999700
vt 0.87770100 0.05827900
vt 0.93717300 0.09278000
vt 0.78849100 0.11032300
vt 0.93642500 0.09388500
vt 0.78837600 0.10945800
vt 0.79575200 0.01950200
vt 0.79575300 0.01723200
vt 0.93647600 0.09614200
vt 0.94014100 0.09883200
vt 0.96600600 0.05406300
vt 0.96469500 0.05383300
vt 0.96281700 0.05352700
vt 0.79382600 0.10679000
vt 0.78443100 0.10603500
vt 0.78929500 0.10568500
vt 0.78918800 0.10703800
vt 0.96354700 0.05844700
vt 0.78264300 0.10750500
vt 0.96481200 0.06544300
vt 0.96565400 0.07130300
vt 0.77712000 0.10836500
vt 0.77825700 0.10570900
vt 0.78232700 0.10442000
vt 0.92236600 0.07124500
vt 0.78531300 0.10342000
vt 0.84490300 0.01687900
vt 0.92267500 0.07014500
vt 0.78628400 0.10440300
vt 0.92298300 0.06675400
vt 0.78939600 0.10418500
vt 0.87914300 0.06795800
vt 0.88037200 0.06649300
vt 0.78538000 0.09881500
vt 0.78327700 0.10080500
vt 0.78031900 0.10058600
vt 0.86795000 0.01609800
vt 0.87874200 0.07179400
vt 0.86795000 0.01876800
vt 0.78123300 0.09813200
vt 0.95382100 0.11562300
vt 0.87594800 0.07333400
vt 0.95274600 0.09083400
vt 0.87734800 0.06880700
vt 0.94927700 0.09064600
vt 0.94456300 0.09031100
vt 0.87778900 0.06336000
vt 0.78917400 0.09731200
vt 0.87959800 0.06262700
vt 0.78928300 0.09838500
vt 0.88060300 0.06207500
vt 0.94839800 0.09188200
vt 0.95374000 0.09324700
vt 0.95658800 0.11784500
vt 0.95175900 0.11870700
vt 0.95069200 0.09377200
vt 0.94856400 0.09436200
vt 0.84122800 0.01937700
vt 0.78849100 0.12135500
vt 0.84174900 0.02040700
vt 0.94746700 0.09325700
vt 0.94427200 0.09309600
vt 0.78835300 0.11787900
vt 0.94435300 0.09162800
vt 0.96671500 0.06588100
vt 0.96543600 0.05877900
vt 0.96655600 0.05877500
vt 0.94459400 0.09890200
vt 0.96747200 0.06412800
vt 0.94958500 0.09903800
vt 0.95159900 0.12230300
vt 0.95175500 0.09733800
vt 0.95711200 0.12213100
vt 0.96945300 0.07194200
vt 0.95430400 0.12500100
vt 0.82363300 0.04787200
vt 0.83245200 0.04699700
vt 0.77046800 0.04909200
vt 0.77377600 0.04882600
vt 0.91461400 0.04265600
vt 0.86759600 0.04851400
vt 0.81764700 0.04881700
vt 0.86939900 0.04853000
vt 0.90120400 0.04193400
vt 0.91003300 0.04253200
vt 0.77557800 0.04881100
vt 0.89695300 0.04146000
vt 0.77595400 0.10607400
vt 0.77684700 0.10613700
vt 0.77491100 0.11035900
vt 0.95041700 0.12774100
vt 0.77403500 0.11024500
vt 0.77314700 0.11013200
vt 0.92230500 0.14173300
vt 0.92230500 0.13762000
vt 0.77504600 0.10601200
vt 0.92229900 0.13231800
vt 0.77740300 0.10070200
vt 0.77824700 0.10072700
vt 0.77908200 0.10075200
vt 0.87906200 0.07375200
vt 0.77932000 0.09808800
vt 0.87932300 0.07449400
vt 0.77853500 0.09806000
vt 0.92170800 0.12961600
vt 0.91739400 0.12958100
vt 0.87556300 0.07661800
vt 0.87528000 0.07588100
vt 0.87499800 0.07514600
vt 0.95547100 0.11551600
vt 0.87880300 0.07301300
vt 0.78010000 0.09811700
vt 0.80928600 0.03672500
vt 0.87173900 0.07870100
vt 0.81002600 0.03700600
vt 0.91286500 0.13157000
vt 0.87203200 0.07943500
vt 0.91175300 0.13529000
vt 0.80968500 0.04105000
vt 0.80894700 0.04079600
vt 0.80821000 0.04054200
vt 0.96110700 0.12131200
vt 0.87144700 0.07796700
vt 0.96001500 0.11754600
vt 0.80854600 0.03644400
vt 0.85852500 0.05604700
vt 0.95528400 0.13404300
vt 0.85925000 0.05595300
vt 0.95953600 0.13311300
vt 0.80849000 0.05361300
vt 0.85945500 0.06032400
vt 0.80925700 0.05371000
vt 0.85871500 0.06040100
vt 0.81002600 0.05381000
vt 0.85797300 0.06047700
vt 0.91326000 0.14683700
vt 0.85780000 0.05614100
vt 0.91748300 0.14776500
vt 0.92084400 0.14796900
vt 0.77006800 0.11653800
vt 0.85803600 0.05281200
vt 0.77077700 0.11677900
vt 0.85874600 0.05269400
vt 0.85945500 0.05257700
vt 0.87047300 0.01684800
vt 0.77148500 0.11702100
vt 0.95187300 0.13421500
vt 0.77504300 0.11044400
vt 0.95100800 0.12777200
vt 0.96522400 0.07336200
vt 0.80808500 0.04435000
vt 0.96142800 0.12478200
vt 0.95651800 0.12629100
vt 0.97090000 0.07411900
vt 0.92092000 0.13760600
vt 0.92170300 0.14170600
vt 0.91626300 0.14018600
vt 0.91564900 0.13644000
vt 0.91620200 0.13193300
vt 0.92091500 0.13230900
vt 0.77238800 0.11359500
vt 0.77142700 0.11550600
vt 0.77067500 0.11530000
vt 0.92227600 0.14688700
vt 0.92230000 0.14502100
vt 0.77157600 0.11342700
vt 0.95040600 0.13112400
vt 0.77319100 0.11376300
vt 0.95042200 0.13306000
vt 0.77217300 0.11571400
vt 0.95099700 0.13116000
vt 0.95649300 0.12960500
vt 0.95626300 0.13204300
vt 0.95100300 0.13310300
vt 0.80884100 0.04812400
vt 0.80900100 0.05135700
vt 0.96093500 0.13094600
vt 0.80824400 0.05121100
vt 0.96138900 0.12802000
vt 0.80809500 0.04793600
vt 0.80882600 0.04456200
vt 0.80956700 0.04477500
vt 0.91141400 0.13869000
vt 0.91143600 0.14189000
vt 0.80958700 0.04831300
vt 0.80975800 0.05150600
vt 0.91187300 0.14474800
vt 0.91627000 0.14341900
vt 0.92169800 0.14498100
vt 0.92168300 0.14684000
vt 0.91648600 0.14577400
vt 0.93991300 0.09136800
vt 0.79373900 0.10542700
vt 0.92161900 0.14747500
vt 0.77035700 0.11595900
vt 0.77108300 0.11618200
vt 0.95107800 0.13368400
vt 0.77180700 0.11640700
vt 0.87047300 0.01609800
vt 0.78628600 0.10017100
vt 0.78513000 0.12026500
vt 0.84490400 0.01904000
vt 0.78531300 0.10131300
vt 0.94761800 0.09747300
vt 0.91921300 0.07117100
vt 0.84177600 0.01609800
vt 0.84122800 0.01723500
vt 0.94864100 0.09645900
vt 0.95143400 0.13372900
vt 0.87072300 0.01635900
vt 0.95566700 0.13344400
vt 0.91707500 0.14710800
vt 0.92125000 0.14742700
vt 0.93729200 0.09727700
vt 0.91921300 0.06021600
vt 0.94018100 0.09731900
vt 0.91933500 0.06323700
vt 0.79187300 0.02064100
vt 0.79652000 0.09924500
vt 0.79361900 0.09949300
vt 0.78469000 0.11227800
vt 0.94004200 0.09290200
vt 0.78837200 0.11335200
vt 0.92312300 0.06222600
vt 0.79363800 0.10392200
vt 0.91940800 0.06770700
vt 0.94441800 0.09739200
vt 0.78939200 0.09987600
vt 0.78487900 0.11685800
vt 0.79234100 0.01636800
vt 0.92271300 0.05941000
vt 0.79196300 0.01736100
vt 0.79196400 0.01935600
vt 0.79540500 0.01934900
vt 0.78796000 0.10950200
vt 0.79540400 0.01736200
vt 0.93666200 0.09597500
vt 0.79561200 0.01637200
vt 0.91956200 0.06027700
vt 0.93746500 0.09697000
vt 0.78521300 0.12115700
vt 0.78549600 0.10147500
vt 0.84455400 0.01894900
vt 0.92197300 0.07118200
vt 0.84458100 0.01705700
vt 0.92227700 0.07008800
vt 0.84227600 0.01632900
vt 0.91958500 0.07087600
vt 0.84173200 0.01733400
vt 0.91925500 0.07205800
vt 0.78784900 0.12208400
vt 0.84170400 0.01921300
vt 0.92258000 0.06678200
vt 0.91969000 0.06321100
vt 0.92271200 0.06240700
vt 0.91977200 0.06752200
vt 0.79560600 0.02032900
vt 0.78806700 0.11035800
vt 0.79233800 0.02034200
vt 0.78500500 0.10943700
vt 0.79639400 0.09960300
vt 0.78806400 0.12103900
vt 0.84219300 0.02011000
vt 0.78646200 0.10047000
vt 0.78545000 0.12020000
vt 0.78792800 0.11767100
vt 0.79357600 0.09983400
vt 0.78501000 0.11244600
vt 0.78794800 0.11330200
vt 0.78519800 0.11687700
vt 0.84315600 0.01719500
vt 0.92061300 0.07161800
vt 0.78653200 0.12161800
vt 0.84312900 0.01908100
vt 0.92093000 0.07048000
vt 0.78675800 0.12061800
vt 0.78656400 0.11727200
vt 0.78647900 0.11287200
vt 0.79397200 0.02033600
vt 0.78653700 0.10989600
vt 0.79366400 0.01935200
vt 0.79366400 0.01736100
vt 0.79397600 0.01637000
vt 0.92113700 0.05984200
vt 0.92120000 0.06280700
vt 0.92117500 0.06715000
vt 0.82235900 0.03718600
vt 0.77119700 0.03625800
vt 0.82866200 0.03442300
vt 0.83120600 0.03354300
vt 0.77391000 0.03510100
vt 0.80206100 0.03530200
vt 0.86762400 0.03867900
vt 0.91335900 0.03288000
vt 0.81860300 0.03906900
vt 0.86942700 0.03873100
vt 0.90367000 0.02916600
vt 0.91004800 0.03173300
vt 0.80028700 0.03564600
vt 0.90060200 0.02774600
vt 0.77571300 0.03504900
vt 0.81820400 0.03318500
vt 0.82208300 0.02859200
vt 0.80323600 0.04232700
vt 0.82391700 0.02664100
vt 0.86757800 0.03535100
vt 0.91570400 0.02953800
vt 0.78114100 0.11119100
vt 0.81616100 0.03582700
vt 0.77950000 0.11049200
vt 0.86938200 0.03542100
vt 0.90958500 0.02293600
vt 0.91360100 0.02741200
vt 0.90767100 0.02058600
vt 0.80146200 0.04268000
vt 0.81048300 0.03139600
vt 0.81181400 0.02625600
vt 0.80528600 0.05351700
vt 0.81248900 0.02385900
vt 0.77897700 0.11719500
vt 0.92200200 0.02765400
vt 0.80982600 0.03413500
vt 0.77733500 0.11646500
vt 0.91972900 0.02011000
vt 0.92122300 0.02521000
vt 0.80350300 0.05389500
vt 0.91901500 0.01745200
vt 0.80126300 0.03003500
vt 0.80142700 0.02614700
vt 0.79845500 0.02420000
vt 0.80075700 0.02308600
vt 0.80649800 0.06529300
vt 0.77631300 0.12630100
vt 0.77461400 0.12555700
vt 0.80046400 0.03336300
vt 0.79831700 0.03188200
vt 0.93009200 0.01963600
vt 0.93037900 0.02351300
vt 0.77710900 0.12893100
vt 0.93324400 0.02522300
vt 0.80465200 0.06568100
vt 0.93067700 0.01631400
vt 0.93287100 0.01756200
vt 0.80257700 0.01953300
vt 0.79690000 0.02905000
vt 0.80257700 0.01725300
vt 0.79689800 0.02678300
vt 0.80221100 0.01609800
vt 0.79607900 0.02568900
vt 0.87729600 0.07869100
vt 0.77508300 0.13354700
vt 0.77332500 0.13280900
vt 0.79339400 0.03313100
vt 0.79329900 0.03178400
vt 0.79833700 0.01725700
vt 0.93450100 0.02013200
vt 0.88100900 0.07886900
vt 0.93456700 0.02239100
vt 0.79833800 0.01952600
vt 0.80906000 0.07258500
vt 0.93537200 0.02349300
vt 0.80643500 0.07299800
vt 0.79331100 0.02311700
vt 0.93806300 0.01609800
vt 0.80453100 0.07337700
vt 0.93802600 0.01744800
vt 0.78393100 0.02468000
vt 0.80608500 0.08281700
vt 0.80473300 0.08499900
vt 0.78212800 0.02365400
vt 0.78867400 0.02336200
vt 0.80583700 0.07794700
vt 0.78879600 0.02446200
vt 0.78891500 0.02596200
vt 0.87742700 0.08629600
vt 0.78580300 0.02611200
vt 0.87772300 0.08968100
vt 0.81686000 0.01683600
vt 0.78484400 0.02724300
vt 0.78184900 0.02660800
vt 0.77776600 0.02584900
vt 0.80389000 0.09091800
vt 0.77659800 0.02340400
vt 0.84236400 0.12693600
vt 0.78414400 0.03333500
vt 0.77343300 0.14320000
vt 0.78878000 0.03318300
vt 0.77311700 0.13786000
vt 0.77488100 0.13862900
vt 0.94289100 0.02596400
vt 0.77517800 0.14408300
vt 0.94759500 0.02592000
vt 0.77639000 0.14861600
vt 0.83908700 0.11663300
vt 0.77369900 0.14703100
vt 0.78083600 0.03357500
vt 0.77989100 0.03094200
vt 0.78284300 0.03023600
vt 0.78496900 0.03197300
vt 0.78887400 0.03185700
vt 0.77600100 0.14347000
vt 0.94665400 0.02477000
vt 0.77596300 0.13890200
vt 0.94261700 0.02482200
vt 0.94245900 0.02332900
vt 0.80920900 0.08017200
vt 0.94564800 0.02327800
vt 0.80907400 0.08366800
vt 0.82000900 0.02040900
vt 0.94668900 0.02219500
vt 0.82053400 0.01933900
vt 0.84114700 0.11963900
vt 0.94885200 0.02296600
vt 0.77881200 0.15089900
vt 0.83632100 0.11888700
vt 0.94930100 0.01620200
vt 0.80281100 0.08551000
vt 0.94746600 0.01749700
vt 0.94247800 0.01746900
vt 0.94269900 0.01616300
vt 0.80392400 0.07835300
vt 0.95456500 0.01675100
vt 0.83860300 0.12615000
vt 0.80028700 0.09166700
vt 0.83579600 0.12323600
vt 0.94972800 0.01933200
vt 0.84130600 0.12327200
vt 0.77545900 0.02569300
vt 0.77349000 0.02155200
vt 0.77436400 0.02140500
vt 0.84249100 0.12898600
vt 0.77635200 0.02559800
vt 0.77865300 0.03094800
vt 0.77781800 0.03100400
vt 0.89192400 0.12590000
vt 0.77697500 0.03106000
vt 0.89191800 0.13125600
vt 0.77455300 0.02578800
vt 0.89191800 0.13541200
vt 0.77260300 0.02169900
vt 0.77892400 0.03376900
vt 0.77328600 0.14896300
vt 0.77357700 0.14823600
vt 0.77970400 0.03371300
vt 0.77723100 0.15042700
vt 0.83743800 0.11657000
vt 0.77691400 0.15114900
vt 0.77659500 0.15187200
vt 0.89682800 0.12314300
vt 0.89251400 0.12317200
vt 0.77814000 0.03382400
vt 0.77299200 0.14969300
vt 0.95148100 0.04455100
vt 0.78081300 0.15421900
vt 0.83289500 0.11863200
vt 0.95073700 0.04482200
vt 0.78114100 0.15350000
vt 0.95049700 0.04092700
vt 0.83180200 0.12245000
vt 0.95123900 0.04068300
vt 0.95198100 0.04043900
vt 0.90247000 0.12890400
vt 0.90135800 0.12515300
vt 0.78048400 0.15493900
vt 0.95222500 0.04427900
vt 0.94971000 0.06294900
vt 0.95145100 0.02753500
vt 0.94919800 0.06707100
vt 0.83337200 0.13446500
vt 0.94845700 0.06699900
vt 0.95067900 0.02762000
vt 0.94898500 0.06286700
vt 0.83762400 0.13541300
vt 0.94905400 0.05948900
vt 0.84103500 0.13558700
vt 0.94976100 0.05959400
vt 0.95047000 0.05970000
vt 0.89337800 0.14171800
vt 0.89674000 0.14151500
vt 0.95043600 0.06303200
vt 0.94994100 0.06714300
vt 0.90096300 0.14057800
vt 0.95222500 0.02744700
vt 0.77449600 0.02146100
vt 0.84190000 0.12901000
vt 0.83639000 0.12750400
vt 0.83148000 0.12597400
vt 0.95040600 0.03718700
vt 0.89330300 0.13124500
vt 0.89330800 0.12589400
vt 0.89802100 0.12551900
vt 0.89857400 0.13006800
vt 0.89796000 0.13385200
vt 0.89251900 0.13538900
vt 0.77180100 0.01822900
vt 0.77260200 0.01802800
vt 0.84250200 0.13243300
vt 0.89192300 0.13873500
vt 0.77099300 0.01843100
vt 0.77006800 0.01657800
vt 0.94995200 0.05815900
vt 0.89194700 0.14062300
vt 0.77081700 0.01633900
vt 0.94920200 0.05803700
vt 0.94845700 0.05791700
vt 0.77156100 0.01609800
vt 0.84248600 0.13440800
vt 0.84191100 0.13246400
vt 0.84190500 0.13444600
vt 0.83664500 0.13336500
vt 0.83641500 0.13087800
vt 0.95117100 0.03342700
vt 0.95192300 0.03324900
vt 0.90278700 0.13557000
vt 0.95189700 0.03678200
vt 0.90280900 0.13233700
vt 0.95115100 0.03698400
vt 0.95042000 0.03360400
vt 0.83152000 0.12926800
vt 0.95054000 0.03026000
vt 0.83197300 0.13225100
vt 0.95130200 0.03012500
vt 0.90235000 0.13846100
vt 0.95206400 0.02998700
vt 0.89795300 0.13711900
vt 0.89773600 0.13950100
vt 0.89254000 0.14057900
vt 0.89252500 0.13869900
vt 0.77629600 0.13408300
vt 0.93818700 0.02494400
vt 0.79324000 0.02425900
vt 0.94950200 0.05875600
vt 0.89260400 0.14121700
vt 0.95022700 0.05887600
vt 0.94878000 0.05863800
vt 0.84183000 0.13504400
vt 0.81685800 0.01899700
vt 0.78487200 0.02940400
vt 0.81247400 0.08352800
vt 0.81249700 0.08249300
vt 0.78585800 0.03045800
vt 0.82053400 0.01719700
vt 0.94665600 0.02005300
vt 0.81998200 0.01609800
vt 0.88112700 0.09068100
vt 0.94557800 0.01896800
vt 0.84147400 0.13508500
vt 0.94865100 0.05899400
vt 0.83724100 0.13479500
vt 0.89714800 0.14085300
vt 0.89297300 0.14117200
vt 0.93525700 0.01899200
vt 0.88114600 0.07973900
vt 0.93814500 0.01897300
vt 0.88102000 0.08275800
vt 0.81293100 0.07134800
vt 0.79609500 0.03020400
vt 0.80221700 0.02064100
vt 0.81293100 0.07445900
vt 0.79319300 0.03025900
vt 0.80918400 0.07562500
vt 0.93823600 0.02341900
vt 0.79315800 0.02579300
vt 0.87729600 0.08177500
vt 0.88094100 0.08722300
vt 0.94238000 0.01895500
vt 0.78896400 0.03036500
vt 0.81274600 0.07906500
vt 0.80212600 0.01937100
vt 0.80212800 0.01737600
vt 0.80174900 0.01636500
vt 0.87763100 0.07894200
vt 0.79847900 0.01637400
vt 0.88072800 0.07978600
vt 0.88060000 0.07892700
vt 0.79868600 0.01738200
vt 0.79868600 0.01936800
vt 0.93475300 0.02220100
vt 0.78598100 0.02643000
vt 0.87803800 0.08960400
vt 0.81718100 0.01702000
vt 0.78502800 0.02742800
vt 0.87807600 0.09063500
vt 0.81720800 0.01891300
vt 0.81208000 0.08348300
vt 0.80939900 0.08447700
vt 0.82005800 0.01918100
vt 0.88074800 0.09149200
vt 0.82003000 0.01730200
vt 0.88068400 0.09037200
vt 0.81948200 0.01633500
vt 0.87774700 0.08630400
vt 0.88059700 0.08271700
vt 0.87762600 0.08193600
vt 0.88050700 0.08702300
vt 0.93554700 0.02316700
vt 0.80941100 0.07263200
vt 0.79848500 0.02033200
vt 0.80175200 0.02033900
vt 0.81252500 0.07163600
vt 0.81956400 0.02011700
vt 0.80943700 0.08336000
vt 0.81209800 0.08245500
vt 0.80956700 0.07997400
vt 0.81252700 0.07465800
vt 0.80953700 0.07558600
vt 0.81234500 0.07911200
vt 0.81860500 0.01716100
vt 0.87941300 0.09106100
vt 0.87936200 0.08998600
vt 0.81863300 0.01904700
vt 0.81073900 0.08397700
vt 0.81076600 0.08290600
vt 0.81095500 0.07954100
vt 0.81103100 0.07512000
vt 0.80011800 0.02033500
vt 0.81096700 0.07213200
vt 0.80042600 0.01937000
vt 0.80042700 0.01737900
vt 0.80011400 0.01637000
vt 0.87918000 0.07936200
vt 0.87911200 0.08232500
vt 0.87912800 0.08666200
vt 0.83885600 0.04716400
vt 0.95459100 0.07103300
vt 0.95807100 0.07139000
vt 0.84019800 0.03370700
vt 0.78374000 0.03545100
vt 0.95793700 0.08499700
vt 0.95507100 0.08375900
vt 0.84266800 0.03458000
vt 0.84897800 0.03732600
vt 0.84768400 0.04801500
vt 0.84779700 0.06398100
vt 0.95430600 0.05414800
vt 0.83732900 0.06389400
vt 0.95815100 0.05418900
vt 0.85376800 0.04894400
vt 0.97290200 0.02923600
vt 0.85281500 0.03919800
vt 0.97293100 0.01940800
vt 0.86070000 0.12233700
vt 0.97474000 0.01935300
vt 0.97471100 0.02921700
vt 0.85943700 0.13210500
vt 0.85733200 0.14765900
vt 0.97466100 0.04492800
vt 0.85535500 0.06450500
vt 0.97285200 0.04493000
vt 0.86391600 0.13200800
vt 0.86392200 0.12120900
vt 0.87031800 0.11868300
vt 0.87276100 0.13146900
vt 0.87309600 0.14827300
vt 0.86263800 0.14799100
vt 0.95987900 0.07141100
vt 0.87713100 0.13102600
vt 0.78550500 0.03584300
vt 0.95974500 0.08505500
vt 0.87349500 0.11728600
vt 0.87825100 0.14822400
vt 0.95996000 0.05419400
vt 0.78229100 0.04271600
vt 0.84749000 0.02678500
vt 0.84926400 0.02873100
vt 0.85314900 0.03331300
vt 0.94132600 0.10082100
vt 0.97282700 0.01617000
vt 0.85525800 0.03594900
vt 0.97463500 0.01609800
vt 0.93968300 0.10151700
vt 0.85835900 0.11897900
vt 0.86038300 0.11686400
vt 0.86441900 0.11241400
vt 0.86643200 0.11007900
vt 0.78405600 0.04311700
vt 0.77989400 0.05395800
vt 0.85893200 0.02397100
vt 0.85956200 0.02636700
vt 0.86089700 0.03150300
vt 0.86160000 0.03424000
vt 0.94349600 0.10680700
vt 0.94185300 0.10753400
vt 0.85204700 0.11705300
vt 0.85275000 0.11461100
vt 0.85426100 0.10952000
vt 0.85506500 0.10687000
vt 0.78166700 0.05438400
vt 0.77834000 0.06573300
vt 0.87070500 0.02316600
vt 0.87299500 0.02427400
vt 0.86999800 0.02622900
vt 0.87016200 0.03011600
vt 0.87313200 0.03195500
vt 0.87099800 0.03344200
vt 0.94621900 0.11590500
vt 0.94451900 0.11664600
vt 0.94372700 0.11928500
vt 0.84063400 0.11454300
vt 0.84352800 0.11285200
vt 0.84382300 0.10897600
vt 0.84102000 0.10688300
vt 0.84331000 0.10565200
vt 0.78017400 0.06616800
vt 0.87530100 0.08120900
vt 0.87538500 0.02575600
vt 0.77818100 0.01609800
vt 0.87455700 0.02685200
vt 0.77786600 0.01722900
vt 0.77786600 0.01950900
vt 0.87455500 0.02911900
vt 0.87819000 0.03184400
vt 0.94750800 0.12315800
vt 0.87811900 0.03319100
vt 0.94574700 0.12389300
vt 0.81293500 0.05746700
vt 0.83847200 0.11279700
vt 0.83928900 0.11170100
vt 0.78211300 0.01949700
vt 0.87158300 0.08136500
vt 0.78211400 0.01722800
vt 0.83935800 0.10944100
vt 0.83578200 0.10673300
vt 0.78007700 0.07386800
vt 0.83581100 0.10538400
vt 0.77818300 0.07344100
vt 0.87820100 0.02317600
vt 0.88765400 0.02471400
vt 0.77827000 0.08321200
vt 0.88273500 0.02450900
vt 0.77864200 0.07840000
vt 0.88288500 0.02340900
vt 0.88950400 0.02368300
vt 0.77954800 0.08547500
vt 0.78021900 0.09143200
vt 0.89509200 0.02341800
vt 0.89390200 0.02586600
vt 0.88976700 0.02663600
vt 0.81468400 0.01686000
vt 0.88673600 0.02727900
vt 0.87485500 0.09219300
vt 0.88576300 0.02615100
vt 0.87515700 0.08881100
vt 0.88261500 0.02600900
vt 0.94739600 0.13354400
vt 0.88749200 0.03336900
vt 0.88662300 0.03200900
vt 0.88877400 0.03026700
vt 0.89177500 0.03096500
vt 0.94712700 0.13737200
vt 0.89085100 0.03360100
vt 0.94443400 0.13895300
vt 0.81178400 0.14174700
vt 0.82598700 0.11513700
vt 0.94564900 0.13442400
vt 0.83084700 0.11521600
vt 0.94594800 0.12897300
vt 0.88278600 0.03323000
vt 0.94771400 0.12820800
vt 0.88266500 0.03190500
vt 0.82691500 0.11399300
vt 0.94483000 0.13382000
vt 0.94201800 0.14124700
vt 0.80900400 0.13961600
vt 0.82466100 0.11217200
vt 0.81360600 0.13861000
vt 0.81101000 0.01936400
vt 0.82691000 0.11141800
vt 0.81146600 0.02040900
vt 0.82797200 0.11250800
vt 0.81292100 0.06855300
vt 0.83123900 0.11258200
vt 0.81278600 0.06505700
vt 0.83107100 0.11407400
vt 0.94487000 0.12925500
vt 0.78145600 0.08603500
vt 0.82430500 0.10540600
vt 0.78054500 0.07885400
vt 0.83107100 0.10541500
vt 0.83124000 0.10672200
vt 0.82613100 0.10671300
vt 0.82379500 0.10853200
vt 0.81370100 0.13500100
vt 0.80843400 0.13533700
vt 0.81880800 0.10591400
vt 0.78381200 0.09223700
vt 0.81120800 0.13236000
vt 0.84747500 0.08003200
vt 0.83863700 0.08072400
vt 0.95467000 0.03723300
vt 0.95815100 0.03695300
vt 0.85859800 0.16331300
vt 0.97473200 0.06057600
vt 0.85356500 0.08005000
vt 0.97292300 0.06056100
vt 0.87186000 0.16501200
vt 0.86305600 0.16400600
vt 0.95996000 0.03694100
vt 0.87621000 0.16532700
vt 0.89622800 0.02570300
vt 0.89533300 0.02561100
vt 0.89732200 0.02141300
vt 0.81514500 0.12946400
vt 0.89819800 0.02155800
vt 0.89908700 0.02170200
vt 0.83050600 0.14323100
vt 0.83050600 0.14732900
vt 0.89713600 0.02579600
vt 0.89471300 0.03107500
vt 0.83050600 0.15261400
vt 0.89386700 0.03102100
vt 0.89303000 0.03096700
vt 0.89277600 0.03378900
vt 0.94754000 0.13930300
vt 0.83108800 0.15532400
vt 0.89356100 0.03384200
vt 0.94783300 0.14003300
vt 0.83537400 0.15549000
vt 0.94422600 0.14220400
vt 0.94390800 0.14148100
vt 0.81021500 0.14190200
vt 0.94359100 0.14076000
vt 0.94724900 0.13857700
vt 0.89199400 0.03373500
vt 0.81272900 0.05470800
vt 0.94001200 0.14455800
vt 0.94034000 0.14527800
vt 0.81198400 0.05443300
vt 0.83989000 0.15364300
vt 0.81216300 0.05055800
vt 0.84102100 0.14996700
vt 0.81290600 0.05080500
vt 0.81364800 0.05105200
vt 0.80453600 0.13628800
vt 0.81347300 0.05498200
vt 0.80567000 0.14002600
vt 0.93968300 0.14383900
vt 0.94921400 0.05178600
vt 0.81028300 0.12330800
vt 0.94992800 0.05170700
vt 0.81353200 0.03775400
vt 0.80604600 0.12439000
vt 0.95049700 0.05583800
vt 0.94976500 0.05590700
vt 0.81275900 0.03766500
vt 0.83950400 0.13841800
vt 0.81198400 0.03757400
vt 0.94903200 0.05597500
vt 0.94849900 0.05186600
vt 0.83529400 0.13736600
vt 0.83195100 0.13706200
vt 0.94845700 0.04853500
vt 0.94915500 0.04843200
vt 0.81367800 0.12301600
vt 0.94985200 0.04833000
vt 0.81454500 0.12945500
vt 0.78021200 0.09364500
vt 0.89720600 0.02146900
vt 0.81371500 0.04729600
vt 0.80418600 0.13282000
vt 0.78550500 0.09462100
vt 0.80906100 0.13113400
vt 0.83187800 0.14738500
vt 0.83109600 0.14327600
vt 0.83652400 0.14495400
vt 0.83713300 0.14870500
vt 0.83656600 0.15318100
vt 0.83187700 0.15266500
vt 0.89988900 0.01823000
vt 0.94976000 0.04687500
vt 0.90087400 0.01633600
vt 0.90162600 0.01657300
vt 0.94901900 0.04699300
vt 0.83052800 0.13809600
vt 0.83050700 0.13995500
vt 0.90070000 0.01842900
vt 0.89908500 0.01803100
vt 0.81514500 0.12606800
vt 0.81512500 0.12412500
vt 0.95049700 0.04675800
vt 0.90012800 0.01609800
vt 0.81454600 0.12605400
vt 0.80907200 0.12780800
vt 0.80929500 0.12535200
vt 0.81453700 0.12410300
vt 0.81294700 0.04352500
vt 0.81283600 0.04022700
vt 0.81359900 0.04036500
vt 0.80465000 0.12661600
vt 0.80420600 0.12956900
vt 0.81369900 0.04370600
vt 0.81297000 0.04709000
vt 0.84136800 0.14658800
vt 0.81222400 0.04688400
vt 0.81219500 0.04334400
vt 0.84134700 0.14339900
vt 0.84090100 0.14053900
vt 0.81207300 0.04008600
vt 0.83651400 0.14173200
vt 0.83109800 0.14001400
vt 0.83111000 0.13816200
vt 0.83629100 0.13938000
vt 0.83560600 0.11422800
vt 0.94453800 0.12443600
vt 0.87824700 0.02431800
vt 0.83118200 0.13753100
vt 0.94872000 0.04771000
vt 0.94943500 0.04759400
vt 0.95014800 0.04747900
vt 0.81447200 0.12352100
vt 0.88571900 0.03049700
vt 0.80949500 0.06738600
vt 0.88671400 0.02944100
vt 0.81468600 0.01902100
vt 0.80950300 0.06846200
vt 0.87144700 0.09318200
vt 0.81149300 0.01609800
vt 0.82807400 0.10819900
vt 0.82695900 0.10927600
vt 0.81101000 0.01722200
vt 0.95027500 0.04783500
vt 0.81410700 0.12349000
vt 0.80989100 0.12392400
vt 0.83569600 0.13803400
vt 0.83154000 0.13759100
vt 0.87144700 0.08224400
vt 0.83859200 0.10829700
vt 0.83565800 0.10825600
vt 0.87156800 0.08526200
vt 0.80906000 0.05624100
vt 0.87536800 0.03027000
vt 0.77817600 0.02064100
vt 0.80906000 0.05935300
vt 0.87829900 0.03031800
vt 0.81281100 0.06050900
vt 0.83555300 0.11270300
vt 0.87529600 0.08429100
vt 0.87833200 0.02585200
vt 0.83134600 0.10820900
vt 0.87163900 0.08972500
vt 0.80924500 0.06395900
vt 0.88257500 0.03041200
vt 0.87496500 0.08145700
vt 0.77863500 0.01636900
vt 0.77830600 0.01735600
vt 0.77830800 0.01935100
vt 0.78175500 0.01934500
vt 0.83912400 0.11151000
vt 0.87199200 0.08142300
vt 0.78175400 0.01735800
vt 0.87186400 0.08229000
vt 0.78191300 0.01637400
vt 0.81432500 0.01893400
vt 0.80989500 0.06842100
vt 0.88656100 0.02746500
vt 0.81435200 0.01704000
vt 0.87449600 0.09313500
vt 0.87453800 0.09211200
vt 0.88559400 0.02646900
vt 0.87189000 0.09287100
vt 0.81198300 0.01633100
vt 0.81150200 0.01732200
vt 0.87182100 0.09398300
vt 0.81147400 0.01920200
vt 0.81257800 0.06940800
vt 0.87483600 0.08881500
vt 0.87199100 0.08522100
vt 0.87496500 0.08444900
vt 0.87207300 0.08952500
vt 0.78190900 0.02033100
vt 0.83831800 0.11247000
vt 0.81257900 0.05752700
vt 0.80946200 0.05653900
vt 0.77863200 0.02034300
vt 0.81190000 0.02011300
vt 0.81255400 0.06825600
vt 0.80989100 0.06735800
vt 0.81242300 0.06487000
vt 0.80946100 0.05956100
vt 0.81245300 0.06048200
vt 0.80964200 0.06401500
vt 0.81292700 0.01718100
vt 0.87315800 0.09355700
vt 0.81290000 0.01906800
vt 0.81123700 0.06891200
vt 0.87321400 0.09249000
vt 0.81122300 0.06780500
vt 0.81103400 0.06444100
vt 0.81095700 0.06002000
vt 0.78027100 0.02033700
vt 0.81102100 0.05703100
vt 0.78001200 0.01934800
vt 0.78001100 0.01735700
vt 0.87341400 0.08187200
vt 0.78027400 0.01637100
vt 0.87347700 0.08483300
vt 0.87345400 0.08916800
vt 0.84862800 0.09087800
vt 0.84228400 0.09349000
vt 0.95520900 0.02442600
vt 0.95808100 0.02325600
vt 0.83979800 0.09500900
vt 0.85933500 0.17314100
vt 0.97477400 0.07040300
vt 0.85248500 0.08978500
vt 0.97296500 0.07035200
vt 0.86873600 0.17759500
vt 0.86248300 0.17475100
vt 0.95989000 0.02320700
vt 0.87184100 0.17882900
vt 0.85274600 0.09506100
vt 0.84880200 0.09953700
vt 0.95792900 0.01616400
vt 0.92872400 0.02869900
vt 0.84699900 0.10200700
vt 0.96929900 0.07657700
vt 0.97467400 0.07374900
vt 0.85681800 0.17635200
vt 0.97286500 0.07367900
vt 0.85488500 0.09305400
vt 0.96762500 0.07591800
vt 0.86251000 0.18347500
vt 0.85871700 0.17884700
vt 0.86440300 0.18560900
vt 0.92701100 0.02907700
vt 0.95973700 0.01609800
vt 0.86046800 0.09718800
vt 0.85906700 0.10226200
vt 0.93186500 0.03966400
vt 0.85840300 0.10504300
vt 0.85041100 0.17795600
vt 0.96684600 0.08240100
vt 0.96516700 0.08171000
vt 0.86120500 0.09489100
vt 0.85221100 0.18582000
vt 0.85097500 0.18068700
vt 0.93013900 0.04006900
vt 0.85287900 0.18822900
vt 0.86971200 0.09906900
vt 0.86949700 0.10293600
vt 0.87246700 0.10513900
vt 0.93367900 0.05133800
vt 0.87016200 0.10633600
vt 0.84098400 0.17879600
vt 0.96418500 0.09144700
vt 0.96244400 0.09074000
vt 0.87058900 0.09609500
vt 0.96102200 0.09240500
vt 0.87270500 0.09748200
vt 0.84175400 0.18599500
vt 0.84166600 0.18212200
vt 0.83886600 0.18035300
vt 0.93188500 0.05175400
vt 0.83884000 0.18800500
vt 0.93069600 0.05436800
vt 0.78893700 0.01954000
vt 0.87409000 0.10037200
vt 0.78893800 0.01726000
vt 0.87406200 0.10263500
vt 0.87487600 0.10381900
vt 0.92408700 0.04509400
vt 0.78862300 0.01609800
vt 0.96304400 0.09866400
vt 0.83385100 0.17928100
vt 0.87770300 0.09687400
vt 0.96124100 0.09796300
vt 0.87775800 0.09799900
vt 0.83731500 0.18545000
vt 0.78469000 0.01725700
vt 0.78469000 0.01952600
vt 0.93394700 0.10076100
vt 0.83736800 0.18319300
vt 0.83661100 0.18208300
vt 0.93383500 0.10163500
vt 0.93390500 0.05901500
vt 0.87765500 0.10684900
vt 0.93204700 0.05942500
vt 0.93075400 0.05973800
vt 0.83359600 0.18811500
vt 0.88712400 0.10606800
vt 0.88895700 0.10753400
vt 0.93259600 0.07101700
vt 0.88233900 0.10708500
vt 0.93345800 0.06396500
vt 0.88220500 0.10573200
vt 0.92423300 0.05269900
vt 0.88210500 0.10423200
vt 0.88525200 0.10444200
vt 0.92454000 0.05608500
vt 0.92483700 0.05722400
vt 0.88623900 0.10345600
vt 0.80516100 0.01686200
vt 0.88925900 0.10444800
vt 0.89338100 0.10572600
vt 0.89453800 0.10837800
vt 0.93209000 0.07690700
vt 0.96158600 0.10831700
vt 0.88236700 0.09735900
vt 0.96113900 0.10300000
vt 0.82911800 0.17956100
vt 0.96294900 0.10373100
vt 0.96338200 0.10916500
vt 0.82424800 0.17986100
vt 0.82059500 0.18002100
vt 0.90697700 0.13005800
vt 0.96477300 0.11368900
vt 0.89042900 0.09815800
vt 0.96197900 0.11214900
vt 0.89132000 0.10060900
vt 0.88831400 0.10083600
vt 0.96037900 0.10681100
vt 0.88618700 0.09885200
vt 0.88223100 0.09843200
vt 0.96015400 0.10240300
vt 0.82511200 0.18110300
vt 0.82927600 0.18087900
vt 0.82936500 0.18234800
vt 0.93397300 0.10918500
vt 0.80840300 0.02040900
vt 0.93383500 0.11265800
vt 0.82609200 0.18248500
vt 0.82497100 0.18358200
vt 0.80885400 0.01933600
vt 0.90515400 0.12697100
vt 0.82275800 0.18297600
vt 0.90975700 0.12790200
vt 0.81943400 0.18242300
vt 0.93072100 0.07156000
vt 0.92986700 0.06986400
vt 0.82394100 0.18825200
vt 0.82905200 0.18815300
vt 0.93047500 0.06447100
vt 0.93159100 0.06440200
vt 0.92833500 0.07776400
vt 0.90755300 0.12058600
vt 0.91032700 0.12358400
vt 0.82169900 0.18653600
vt 0.90505900 0.12334100
vt 0.89570300 0.10608500
vt 0.89762000 0.11025000
vt 0.89674200 0.11036600
vt 0.90361600 0.11763900
vt 0.89480700 0.10614900
vt 0.89257500 0.10077200
vt 0.89341200 0.10074400
vt 0.82674600 0.15392100
vt 0.89425800 0.10071700
vt 0.89661300 0.10602000
vt 0.82674600 0.14854700
vt 0.89851000 0.11013400
vt 0.82674600 0.14437800
vt 0.96165300 0.11410900
vt 0.89235600 0.09810800
vt 0.89157400 0.09813900
vt 0.96191400 0.11337000
vt 0.96571800 0.11550300
vt 0.90854600 0.13018300
vt 0.96543300 0.11623900
vt 0.82187800 0.15681700
vt 0.96514700 0.11697800
vt 0.96138900 0.11485200
vt 0.82616400 0.15667300
vt 0.89314200 0.09807800
vt 0.96900400 0.11898400
vt 0.87219100 0.04894500
vt 0.87293400 0.04866800
vt 0.91309200 0.12827900
vt 0.96929900 0.11824900
vt 0.87320600 0.05278600
vt 0.91422500 0.12450800
vt 0.87246500 0.05303600
vt 0.81623000 0.15119300
vt 0.87172300 0.05328700
vt 0.87144700 0.04922300
vt 0.81736100 0.15492300
vt 0.96870900 0.11971900
vt 0.82461200 0.01956800
vt 0.82442400 0.02392200
vt 0.87222000 0.06588500
vt 0.91271500 0.11248500
vt 0.87299100 0.06579000
vt 0.82368200 0.02384500
vt 0.82388500 0.01947400
vt 0.90847800 0.11139900
vt 0.90020500 0.11701900
vt 0.82368200 0.01609800
vt 0.87364600 0.01684600
vt 0.90508200 0.11111200
vt 0.90091500 0.11677500
vt 0.82439300 0.01621500
vt 0.82510500 0.01633200
vt 0.82530100 0.13808900
vt 0.90162600 0.11653200
vt 0.82533900 0.01966100
vt 0.82195800 0.13838300
vt 0.81774800 0.13943700
vt 0.87144700 0.06598100
vt 0.82516800 0.02399800
vt 0.90421600 0.11763300
vt 0.89662500 0.11045100
vt 0.93263400 0.07892200
vt 0.90969900 0.11931800
vt 0.92701100 0.08000700
vt 0.91457500 0.12100600
vt 0.87330800 0.05659500
vt 0.82537400 0.14859600
vt 0.82537500 0.15396400
vt 0.82068600 0.15446600
vt 0.82011900 0.14991900
vt 0.82072800 0.14610600
vt 0.82615600 0.14441700
vt 0.89926600 0.11359500
vt 0.89846100 0.11376500
vt 0.90361600 0.11420400
vt 0.90008000 0.11342500
vt 0.82674500 0.14104300
vt 0.90098200 0.11529600
vt 0.82672400 0.13915000
vt 0.90022700 0.11550400
vt 0.89947800 0.11571400
vt 0.90363600 0.11223800
vt 0.90421500 0.11419200
vt 0.90422400 0.11221900
vt 0.90946600 0.11347100
vt 0.90968900 0.11595500
vt 0.87254600 0.06035800
vt 0.87179500 0.06054300
vt 0.81590500 0.14451400
vt 0.81588400 0.14775900
vt 0.87181900 0.05701400
vt 0.87256400 0.05680400
vt 0.91455500 0.11772200
vt 0.87329500 0.06017200
vt 0.87316600 0.06342900
vt 0.91411100 0.11473600
vt 0.87240500 0.06357200
vt 0.87164300 0.06371800
vt 0.81635100 0.14160000
vt 0.82073800 0.14282700
vt 0.82096000 0.14043100
vt 0.82614200 0.13920900
vt 0.82615400 0.14109500
vt 0.83382100 0.18065000
vt 0.87771800 0.10548600
vt 0.90058800 0.11617900
vt 0.90131600 0.11595400
vt 0.82607000 0.13857100
vt 0.89986200 0.11640600
vt 0.87364600 0.01609800
vt 0.90428900 0.11162600
vt 0.80517500 0.01902400
vt 0.88624400 0.10134900
vt 0.88526400 0.10021000
vt 0.93719800 0.11157300
vt 0.80883800 0.01719400
vt 0.82490600 0.18568000
vt 0.92800600 0.05710100
vt 0.80834400 0.01609800
vt 0.82596500 0.18670200
vt 0.87339700 0.01636000
vt 0.90465300 0.11159600
vt 0.90887000 0.11202600
vt 0.82155500 0.13905700
vt 0.82571200 0.13862500
vt 0.92800600 0.04616000
vt 0.83648900 0.18657900
vt 0.83355300 0.18660100
vt 0.92788300 0.04917800
vt 0.78862700 0.02064100
vt 0.87491700 0.09931200
vt 0.93763800 0.10359300
vt 0.87784700 0.09955100
vt 0.83368600 0.18218400
vt 0.93395400 0.10466200
vt 0.87782200 0.10398100
vt 0.92409200 0.04817700
vt 0.82923900 0.18664400
vt 0.92781000 0.05364200
vt 0.93744900 0.10817000
vt 0.88212100 0.09992300
vt 0.78849600 0.01937600
vt 0.78849800 0.01738100
vt 0.92449900 0.04537400
vt 0.78817000 0.01636300
vt 0.83633600 0.18627200
vt 0.78489100 0.01636800
vt 0.92765400 0.04623200
vt 0.78505000 0.01738200
vt 0.83715100 0.18528200
vt 0.78504800 0.01936800
vt 0.93436200 0.10080500
vt 0.92493600 0.05603800
vt 0.92522800 0.05716600
vt 0.80549400 0.01704400
vt 0.88607100 0.10151200
vt 0.80553500 0.01893700
vt 0.93447400 0.11337800
vt 0.80838800 0.01918200
vt 0.80834600 0.01730300
vt 0.92794800 0.05803500
vt 0.80785500 0.01633800
vt 0.92763000 0.05681800
vt 0.92463200 0.05273600
vt 0.92752500 0.04916300
vt 0.92450000 0.04836700
vt 0.92744300 0.05346900
vt 0.93425800 0.10166800
vt 0.78489400 0.02032500
vt 0.78817000 0.02033700
vt 0.87505500 0.09966900
vt 0.93732200 0.10075200
vt 0.80796600 0.02012000
vt 0.93426200 0.11234100
vt 0.88509700 0.10051000
vt 0.80516100 0.01988300
vt 0.93687700 0.11150600
vt 0.93439700 0.10897600
vt 0.87790100 0.09989300
vt 0.93731700 0.10375900
vt 0.93437700 0.10461000
vt 0.93712900 0.10818600
vt 0.80692000 0.01717300
vt 0.92658900 0.05759800
vt 0.92628400 0.05642600
vt 0.80696100 0.01905900
vt 0.93579100 0.11291400
vt 0.93556800 0.11192100
vt 0.80656400 0.02000200
vt 0.93576200 0.10857900
vt 0.93584700 0.10418200
vt 0.78653200 0.02033100
vt 0.93578900 0.10120800
vt 0.78679200 0.01937200
vt 0.78679400 0.01738100
vt 0.92607700 0.04580100
vt 0.78653000 0.01636500
vt 0.92601300 0.04876300
vt 0.92603800 0.05310000
vt 0.80595300 0.10509600
vt 0.96210400 0.04091800
vt 0.80505100 0.09597300
vt 0.87807800 0.04580200
vt 0.92872400 0.08980100
vt 0.92811300 0.09895900
vt 0.96551900 0.04157200
vt 0.77955600 0.10717100
vt 0.78256300 0.09851700
vt 0.87968500 0.06990400
vt 0.86657300 0.01771000
vt 0.95140300 0.09141300
vt 0.95300800 0.11625400
vt 0.96878500 0.06955700
vt 0.95456500 0.09975700
vt 0.95298700 0.12464800
vt 0.77606400 0.10857200
vt 0.95040600 0.12597300
vt 0.95999400 0.12345900
vt 0.80545300 0.02376000
vt 0.80712100 0.06030400
vt 0.80466400 0.03295200
vt 0.77504600 0.12107500
vt 0.77823700 0.12254900
vt 0.92707700 0.02645000
vt 0.80364100 0.06109500
vt 0.92599100 0.01728600
vt 0.80498800 0.08812900
vt 0.77904600 0.02416300
vt 0.78215900 0.03278900
vt 0.83989900 0.11721400
vt 0.77644500 0.14710800
vt 0.94969100 0.02551300
vt 0.83991900 0.12571700
vt 0.95241600 0.01704400
vt 0.84250200 0.12717400
vt 0.77553900 0.02317200
vt 0.83291500 0.12461900
vt 0.77786600 0.06069700
vt 0.86596300 0.02385300
vt 0.86675500 0.03304200
vt 0.94578900 0.11142700
vt 0.94259600 0.11289600
vt 0.84688900 0.11581300
vt 0.78132400 0.06157800
vt 0.84799800 0.10665500
vt 0.89260000 0.02418300
vt 0.77920900 0.08857800
vt 0.88948500 0.03281800
vt 0.94438200 0.13745000
vt 0.82375100 0.11471200
vt 0.81249100 0.14109900
vt 0.82103000 0.10622300
vt 0.81240200 0.13268400
vt 0.81514500 0.13124000
vt 0.89614600 0.02318300
vt 0.80560700 0.13409800
vt 0.93389600 0.04640100
vt 0.86543300 0.10518900
vt 0.96268800 0.08621600
vt 0.86634400 0.09606400
vt 0.84518700 0.17916300
vt 0.84580300 0.18832600
vt 0.93052200 0.04724300
vt 0.89205800 0.10719100
vt 0.88905700 0.09854600
vt 0.96104900 0.11023900
vt 0.82198100 0.18061000
vt 0.90627000 0.12944100
vt 0.90635800 0.12096000
vt 0.81880800 0.18893500
vt 0.92886600 0.07535000
vt 0.89558900 0.10858300
vt 0.90361600 0.11944200
vt 0.91315400 0.12230700
vt 0.59403700 0.42650400
vt 0.59194300 0.43740000
vt 0.59063700 0.43729500
vt 0.59278200 0.42613200
vt 0.59721900 0.41565800
vt 0.59836700 0.41628100
vt 0.59988800 0.41706600
vt 0.59569700 0.42695800
vt 0.59367100 0.43750200
vt 0.60375300 0.40633200
vt 0.60474500 0.40717800
vt 0.60605900 0.40825800
vt 0.61209900 0.39856000
vt 0.61289100 0.39959200
vt 0.61394100 0.40091800
vt 0.62189200 0.39268300
vt 0.62245000 0.39385500
vt 0.62319100 0.39536700
vt 0.63270400 0.38895700
vt 0.63300300 0.39021900
vt 0.63340200 0.39184800
vt 0.64406200 0.38754600
vt 0.64409000 0.38884100
vt 0.64413000 0.39051500
vt 0.65547100 0.38851000
vt 0.65522600 0.38978200
vt 0.65490500 0.39142600
vt 0.66643100 0.39180800
vt 0.66592400 0.39300100
vt 0.66525700 0.39454000
vt 0.67646400 0.39729600
vt 0.67571700 0.39835700
vt 0.67473300 0.39972300
vt 0.68513100 0.40473300
vt 0.68417600 0.40561700
vt 0.68291800 0.40674800
vt 0.69205300 0.41379500
vt 0.69093300 0.41446200
vt 0.68945600 0.41530600
vt 0.69692700 0.42408500
vt 0.69569100 0.42450600
vt 0.69405900 0.42502600
vt 0.69954200 0.43515500
vt 0.69824200 0.43531100
vt 0.69652900 0.43548100
vt 0.69978100 0.44652000
vt 0.69847600 0.44640400
vt 0.69675500 0.44621400
vt 0.69763600 0.45768300
vt 0.69638200 0.45730000
vt 0.69472900 0.45675700
vt 0.69319900 0.46815600
vt 0.69205200 0.46752300
vt 0.69053900 0.46664900
vt 0.68666500 0.47748300
vt 0.68567400 0.47662600
vt 0.68436700 0.47545800
vt 0.67832000 0.48525400
vt 0.67752800 0.48421200
vt 0.67648500 0.48279800
vt 0.66852700 0.49113100
vt 0.66796900 0.48994900
vt 0.66723600 0.48834900
vt 0.65771500 0.49485700
vt 0.65741600 0.49358500
vt 0.65702400 0.49186800
vt 0.64635600 0.49626900
vt 0.64632900 0.49496300
vt 0.64629600 0.49320100
vt 0.63494700 0.49530500
vt 0.63519300 0.49402200
vt 0.63552100 0.49229000
vt 0.62398700 0.49200700
vt 0.62449500 0.49080300
vt 0.62516900 0.48917500
vt 0.61395400 0.48651900
vt 0.61470200 0.48544700
vt 0.61569400 0.48399200
vt 0.60528800 0.47908200
vt 0.60624300 0.47818700
vt 0.60750800 0.47696800
vt 0.59836600 0.47002000
vt 0.59948700 0.46934200
vt 0.60097100 0.46840900
vt 0.59349100 0.45972900
vt 0.59472900 0.45929800
vt 0.59636700 0.45869000
vt 0.59087700 0.44866000
vt 0.59217700 0.44849300
vt 0.59389800 0.44823500
vt 0.50193000 0.35763600
vt 0.51225300 0.35799700
vt 0.60164600 0.41782300
vt 0.59761700 0.42733500
vt 0.59566900 0.43747300
vt 0.49135000 0.35732300
vt 0.52186700 0.35839000
vt 0.60689300 0.40886300
vt 0.60758000 0.40935300
vt 0.61461000 0.40167700
vt 0.61515900 0.40229600
vt 0.62366400 0.39624400
vt 0.54805200 0.42936400
vt 0.62405300 0.39695800
vt 0.53877100 0.42942000
vt 0.63387200 0.39357500
vt 0.52863700 0.42929600
vt 0.64418700 0.39229300
vt 0.51809300 0.42899800
vt 0.65454800 0.39316800
vt 0.50760000 0.42853700
vt 0.66450200 0.39616300
vt 0.49761700 0.42793600
vt 0.67361300 0.40114700
vt 0.68213100 0.40738400
vt 0.48857900 0.42721900
vt 0.68148400 0.40790100
vt 0.68853000 0.41576300
vt 0.68777000 0.41613100
vt 0.69303700 0.42527700
vt 0.69219700 0.42547600
vt 0.69545400 0.43551100
vt 0.47667700 0.49050700
vt 0.69457100 0.43552900
vt 0.69567600 0.44601800
vt 0.48706400 0.49086200
vt 0.69478900 0.44585000
vt 0.69369200 0.45633900
vt 0.69284100 0.45598800
vt 0.68959100 0.46602200
vt 0.68881200 0.46550000
vt 0.68355000 0.47464500
vt 0.68287800 0.47397000
vt 0.67583300 0.48183000
vt 0.67529800 0.48102800
vt 0.66677900 0.48726400
vt 0.66640500 0.48636500
vt 0.65678300 0.49070800
vt 0.65658600 0.48974800
vt 0.64628200 0.49201300
vt 0.64627000 0.49103000
vt 0.63573400 0.49112200
vt 0.63590900 0.49015500
vt 0.62560100 0.48807300
vt 0.62595600 0.48716000
vt 0.61632500 0.48299900
vt 0.61684400 0.48217600
vt 0.60831200 0.47612300
vt 0.60897400 0.47542200
vt 0.60191300 0.46774500
vt 0.60268700 0.46719200
vt 0.59740600 0.45823100
vt 0.59826100 0.45784700
vt 0.48097400 0.35707300
vt 0.59498900 0.44799700
vt 0.59588600 0.44779400
vt 0.53911800 0.43264900
vt 0.60224700 0.41810900
vt 0.59827300 0.42749100
vt 0.52911800 0.43227000
vt 0.59635100 0.43749000
vt 0.51886900 0.43193700
vt 0.60809900 0.40975600
vt 0.54843100 0.43305800
vt 0.61557500 0.40279400
vt 0.54215700 0.36692700
vt 0.62434600 0.39753000
vt 0.63403100 0.39419300
vt 0.53316500 0.36698100
vt 0.52334700 0.36686100
vt 0.64420500 0.39292900
vt 0.51313200 0.36657100
vt 0.65442400 0.39379200
vt 0.50296600 0.36612500
vt 0.66424100 0.39674600
vt 0.67322700 0.40166200
vt 0.49329400 0.36554300
vt 0.68099000 0.40832300
vt 0.48453800 0.36484800
vt 0.68719000 0.41644000
vt 0.69155700 0.42565800
vt 0.53818300 0.43665000
vt 0.69389800 0.43557300
vt 0.52812100 0.43625600
vt 0.69411300 0.44575200
vt 0.69219100 0.45575100
vt 0.68821800 0.46513300
vt 0.68236500 0.47348600
vt 0.67488900 0.48044800
vt 0.66611800 0.48571200
vt 0.65643300 0.48904900
vt 0.64625900 0.49031300
vt 0.63604000 0.48945000
vt 0.62622300 0.48649600
vt 0.61723700 0.48158000
vt 0.60947400 0.47491900
vt 0.60327400 0.46680200
vt 0.59890700 0.45758400
vt 0.50881800 0.43166500
vt 0.59656600 0.44766900
vt 0.58375300 0.42072100
vt 0.58499000 0.42029800
vt 0.58760000 0.43139200
vt 0.58630000 0.43154900
vt 0.58458500 0.43172600
vt 0.58212000 0.42124900
vt 0.57752000 0.41150900
vt 0.57899900 0.41065500
vt 0.58011900 0.40998500
vt 0.57098600 0.40293200
vt 0.57224600 0.40179100
vt 0.57320100 0.40090400
vt 0.56280300 0.39589200
vt 0.56378900 0.39451600
vt 0.56453700 0.39345100
vt 0.55332900 0.39069900
vt 0.55399800 0.38914900
vt 0.55450600 0.38795200
vt 0.54297900 0.38757800
vt 0.54330100 0.38592300
vt 0.54354700 0.38464800
vt 0.53220400 0.38666600
vt 0.53216600 0.38498100
vt 0.53213900 0.38368200
vt 0.52147500 0.38800300
vt 0.52107800 0.38636300
vt 0.52077900 0.38509800
vt 0.51126200 0.39153000
vt 0.51052300 0.39000800
vt 0.50996500 0.38883200
vt 0.50201000 0.39709400
vt 0.50096200 0.39575800
vt 0.50017000 0.39472300
vt 0.49412400 0.40445000
vt 0.49281200 0.40336000
vt 0.49182000 0.40251200
vt 0.48794900 0.41327900
vt 0.48643000 0.41248400
vt 0.48528200 0.41185900
vt 0.48375500 0.42319300
vt 0.48209600 0.42273000
vt 0.48084100 0.42235600
vt 0.48172500 0.43375900
vt 0.47999700 0.43365000
vt 0.47869200 0.43354400
vt 0.48194700 0.44451600
vt 0.48022700 0.44476700
vt 0.47892700 0.44493300
vt 0.48441200 0.45499400
vt 0.48277400 0.45559500
vt 0.48153700 0.45602700
vt 0.48901200 0.46473400
vt 0.48752800 0.46566100
vt 0.48640700 0.46634000
vt 0.49554600 0.47331100
vt 0.49428100 0.47452500
vt 0.49332500 0.47542100
vt 0.50372900 0.48035000
vt 0.50273800 0.48180000
vt 0.50198900 0.48287400
vt 0.51320200 0.48554300
vt 0.51252800 0.48716700
vt 0.51202000 0.48837300
vt 0.52355300 0.48866400
vt 0.52322500 0.49039300
vt 0.52297900 0.49167700
vt 0.53432800 0.48957600
vt 0.53436100 0.49133500
vt 0.53438800 0.49264300
vt 0.54505700 0.48823900
vt 0.54544900 0.48995300
vt 0.54574700 0.49122700
vt 0.55527000 0.48471200
vt 0.55600400 0.48630800
vt 0.55656100 0.48749300
vt 0.56452200 0.47914900
vt 0.56556500 0.48055800
vt 0.56635600 0.48160200
vt 0.57240700 0.47179200
vt 0.57371500 0.47295600
vt 0.57470600 0.47381300
vt 0.57858200 0.46296400
vt 0.58009600 0.46383200
vt 0.58124400 0.46446600
vt 0.58277700 0.45305000
vt 0.58443100 0.45358600
vt 0.58568500 0.45396900
vt 0.58480700 0.44248300
vt 0.58653000 0.44266600
vt 0.58783500 0.44278100
vt 0.50681100 0.36129800
vt 0.49623400 0.36093700
vt 0.58262300 0.43180800
vt 0.58025300 0.42173300
vt 0.57583000 0.41236800
vt 0.51711900 0.36157000
vt 0.56954700 0.40412000
vt 0.52670700 0.36174300
vt 0.57019600 0.40358700
vt 0.56167900 0.39735200
vt 0.55232400 0.37416700
vt 0.56218600 0.39669600
vt 0.55256900 0.39235800
vt 0.54446100 0.37252400
vt 0.54261600 0.38935700
vt 0.53529800 0.37122600
vt 0.53225600 0.38848000
vt 0.52523300 0.37033100
vt 0.52193900 0.38976600
vt 0.51470900 0.36987600
vt 0.51211900 0.39315700
vt 0.50418300 0.36988300
vt 0.50322300 0.39850700
vt 0.49411800 0.37035000
vt 0.49564000 0.40558100
vt 0.48495100 0.37125700
vt 0.48970300 0.41407000
vt 0.48891200 0.41371600
vt 0.48567000 0.42360200
vt 0.48480600 0.42342000
vt 0.48371700 0.43376200
vt 0.48281800 0.43376400
vt 0.48393100 0.44410600
vt 0.48303500 0.44429400
vt 0.48201300 0.48771200
vt 0.48630100 0.45418100
vt 0.48544800 0.45455000
vt 0.49072400 0.46354600
vt 0.48995100 0.46408500
vt 0.49700700 0.47179400
vt 0.49634800 0.47248100
vt 0.50487500 0.47856200
vt 0.50435800 0.47937200
vt 0.51398500 0.48355600
vt 0.51363200 0.48445600
vt 0.52393700 0.48655700
vt 0.52376400 0.48751100
vt 0.53429800 0.48743400
vt 0.53431100 0.48840300
vt 0.54461400 0.48614800
vt 0.54481400 0.48709500
vt 0.55443500 0.48275600
vt 0.55481200 0.48364200
vt 0.56333100 0.47740700
vt 0.56386800 0.47819600
vt 0.57091300 0.47033300
vt 0.57158700 0.47099400
vt 0.57685100 0.46184400
vt 0.57763200 0.46235200
vt 0.58088400 0.45231200
vt 0.58173800 0.45264800
vt 0.58283700 0.44215100
vt 0.58372600 0.44230400
vt 0.48584900 0.36050400
vt 0.58194900 0.43185800
vt 0.57961100 0.42192200
vt 0.57524900 0.41268400
vt 0.56905200 0.40455000
vt 0.56129200 0.39787400
vt 0.55230700 0.39294900
vt 0.54249100 0.38998900
vt 0.53227200 0.38912400
vt 0.52209700 0.39039200
vt 0.51241100 0.39373700
vt 0.50363700 0.39901400
vt 0.49615800 0.40599100
vt 0.49030200 0.41436300
vt 0.48632400 0.42376500
vt 0.48439900 0.43378600
vt 0.48460900 0.44398800
vt 0.48694700 0.45392400
vt 0.49131000 0.46316200
vt 0.49750700 0.47129600
vt 0.50526700 0.47797200
vt 0.51425100 0.48289700
vt 0.52406800 0.48585700
vt 0.53428600 0.48672200
vt 0.54446100 0.48545400
vt 0.55414700 0.48210900
vt 0.56292100 0.47683200
vt 0.57040000 0.46985500
vt 0.57625600 0.46148300
vt 0.58023400 0.45208100
vt 0.58216000 0.44206000
vt 0.53317100 0.43939000
vt 0.52167900 0.43902700
vt 0.51048000 0.43876000
vt 0.50006300 0.43859900
vt 0.48719700 0.44164500
vt 0.49088400 0.43855200
vt 0.49572100 0.44351500
vt 0.50566100 0.44502400
vt 0.51658400 0.44610700
vt 0.52801200 0.44671500
vt 0.53944600 0.44682200
vt 0.55038500 0.44642400
vt 0.56035200 0.44553800
vt 0.56891200 0.44420200
vt 0.49439500 0.45350200
vt 0.50377400 0.45363500
vt 0.51432900 0.45385900
vt 0.52559900 0.45416400
vt 0.53709200 0.45453700
vt 0.54830500 0.45496300
vt 0.55874800 0.45542100
vt 0.56796400 0.45589200
vt 0.48902600 0.45000500
vt 0.49774200 0.44975100
vt 0.50782400 0.44969000
vt 0.51883400 0.44982500
vt 0.53028800 0.45015000
vt 0.54168700 0.45065000
vt 0.55253200 0.45130300
vt 0.56235000 0.45208200
vt 0.56444800 0.44087200
vt 0.55503300 0.44033300
vt 0.54445300 0.43983100
vt 0.53903400 0.43311500
vt 0.52907800 0.43273800
vt 0.51887400 0.43240600
vt 0.54830600 0.43352200
vt 0.55649000 0.43394100
vt 0.54978900 0.36622300
vt 0.54205100 0.36644800
vt 0.53309800 0.36650200
vt 0.52332300 0.36638200
vt 0.51315200 0.36609400
vt 0.50303100 0.36565000
vt 0.49340200 0.36507000
vt 0.48468500 0.36437800
vt 0.55588800 0.43711700
vt 0.54752900 0.43663800
vt 0.53813500 0.43619300
vt 0.52811700 0.43580100
vt 0.51791300 0.43547900
vt 0.50797000 0.43524200
vt 0.49872100 0.43509900
vt 0.55285600 0.38148400
vt 0.49057100 0.43505700
vt 0.54528800 0.37982300
vt 0.53646200 0.37848300
vt 0.52676400 0.37752200
vt 0.51661700 0.37698200
vt 0.50646500 0.37688700
vt 0.49675100 0.37724000
vt 0.48790100 0.37802700
vt 0.49116700 0.43181800
vt 0.48030100 0.37921300
vt 0.49949500 0.43193600
vt 0.50886700 0.43213500
vt 0.59321100 0.42625900
vt 0.59270100 0.43189700
vt 0.59593100 0.42127900
vt 0.59496400 0.42676900
vt 0.59761100 0.41587100
vt 0.60131500 0.41156200
vt 0.59921700 0.41673100
vt 0.60409200 0.40662100
vt 0.60861700 0.40317200
vt 0.60547900 0.40779300
vt 0.61237000 0.39891300
vt 0.61751900 0.39647400
vt 0.61347800 0.40034500
vt 0.62208200 0.39308400
vt 0.62763000 0.39176200
vt 0.62286300 0.39471200
vt 0.63280600 0.38938800
vt 0.63851000 0.38924000
vt 0.63322600 0.39114100
vt 0.64407200 0.38798800
vt 0.64968300 0.38902100
vt 0.64411200 0.38978800
vt 0.65538700 0.38894400
vt 0.66066000 0.39111300
vt 0.65504600 0.39071200
vt 0.66625800 0.39221500
vt 0.67096200 0.39542400
vt 0.66555000 0.39387300
vt 0.67620900 0.39765800
vt 0.68013800 0.40176700
vt 0.67516600 0.39913300
vt 0.68480500 0.40503500
vt 0.68778800 0.40986300
vt 0.68347200 0.40626100
vt 0.69167000 0.41402300
vt 0.69357700 0.41936000
vt 0.69010600 0.41494600
vt 0.69650500 0.42422900
vt 0.69725200 0.42984300
vt 0.69477800 0.42480800
vt 0.69909800 0.43520800
vt 0.69865300 0.44085200
vt 0.69728300 0.43541700
vt 0.69933600 0.44648000
vt 0.69771800 0.45190700
vt 0.69751300 0.44630900
vt 0.69720800 0.45755200
vt 0.69448800 0.46252500
vt 0.69545700 0.45700800
vt 0.69280700 0.46794000
vt 0.68910400 0.47224100
vt 0.69120500 0.46704600
vt 0.68632700 0.47719000
vt 0.68180200 0.48063200
vt 0.68494300 0.47598500
vt 0.67804900 0.48489800
vt 0.67290100 0.48733000
vt 0.67694400 0.48343300
vt 0.66833600 0.49072700
vt 0.66278900 0.49204200
vt 0.66755800 0.48906500
vt 0.65761300 0.49442300
vt 0.65190900 0.49456300
vt 0.65719600 0.49263600
vt 0.64634700 0.49582300
vt 0.64073600 0.49478300
vt 0.64631000 0.49398900
vt 0.63503100 0.49486600
vt 0.62975900 0.49269100
vt 0.63537600 0.49306500
vt 0.62416100 0.49159500
vt 0.61945700 0.48838000
vt 0.62487100 0.48990400
vt 0.61421000 0.48615300
vt 0.61028100 0.48203700
vt 0.61525600 0.48464500
vt 0.60561400 0.47877600
vt 0.60263100 0.47394100
vt 0.60695000 0.47751700
vt 0.59874900 0.46978800
vt 0.59684200 0.46444400
vt 0.60031600 0.46883200
vt 0.59391400 0.45958200
vt 0.59316700 0.45396100
vt 0.59564400 0.45896900
vt 0.59132100 0.44860300
vt 0.59176600 0.44295200
vt 0.59313800 0.44836000
vt 0.59108300 0.43733100
vt 0.59290800 0.43746800
vt 0.50715200 0.35781100
vt 0.50200100 0.35713900
vt 0.59627800 0.42708600
vt 0.50186500 0.35810600
vt 0.59717600 0.42724000
vt 0.49664300 0.35747300
vt 0.51717600 0.35819000
vt 0.60364400 0.41301600
vt 0.51242300 0.35750400
vt 0.60042000 0.41731000
vt 0.51209800 0.35846400
vt 0.60124200 0.41764100
vt 0.61056100 0.40506900
vt 0.60651900 0.40860400
vt 0.52162900 0.35885400
vt 0.60723100 0.40909300
vt 0.55224500 0.42926900
vt 0.61899200 0.39872400
vt 0.61431000 0.40134900
vt 0.61488000 0.40197000
vt 0.54354500 0.42941500
vt 0.62345100 0.39586300
vt 0.54831300 0.42988800
vt 0.62385500 0.39658400
vt 0.54781800 0.42886900
vt 0.53378400 0.42938100
vt 0.63354400 0.39238500
vt 0.53894200 0.42994500
vt 0.53861800 0.42892500
vt 0.63376500 0.39316900
vt 0.52338800 0.42916800
vt 0.64414600 0.39106800
vt 0.52871100 0.42981900
vt 0.64417500 0.39187500
vt 0.52857100 0.42880200
vt 0.51281100 0.42878700
vt 0.51806500 0.42951800
vt 0.65479600 0.39196800
vt 0.65463100 0.39275900
vt 0.51811900 0.42850600
vt 0.50251600 0.42825300
vt 0.50747100 0.42905300
vt 0.66502700 0.39504600
vt 0.50771700 0.42804900
vt 0.66467600 0.39578200
vt 0.49295400 0.42759000
vt 0.67830600 0.40373700
vt 0.49739100 0.42844600
vt 0.67439200 0.40016900
vt 0.49782100 0.42745300
vt 0.67387100 0.40081100
vt 0.68555200 0.41140700
vt 0.68248200 0.40711100
vt 0.68181500 0.40762700
vt 0.48886200 0.42674200
vt 0.69103500 0.42040200
vt 0.68894300 0.41557000
vt 0.68815900 0.41593300
vt 0.69451600 0.43033100
vt 0.69349400 0.42517600
vt 0.69262600 0.42536400
vt 0.69584300 0.44075900
vt 0.48181800 0.49069300
vt 0.69593400 0.43550900
vt 0.47679300 0.49095600
vt 0.69502200 0.43551000
vt 0.49235900 0.49101200
vt 0.69495700 0.45123100
vt 0.69615800 0.44611700
vt 0.48709000 0.49130800
vt 0.69524200 0.44592600
vt 0.69189800 0.46128800
vt 0.69415500 0.45653800
vt 0.69327600 0.45615700
vt 0.68679800 0.47049100
vt 0.69001400 0.46631400
vt 0.68921000 0.46575600
vt 0.67988200 0.47843900
vt 0.68391400 0.47502000
vt 0.68322100 0.47430400
vt 0.67145000 0.48478300
vt 0.67612400 0.48227500
vt 0.67557200 0.48142700
vt 0.66187300 0.48924700
vt 0.66698300 0.48776100
vt 0.66659700 0.48681300
vt 0.65156700 0.49163500
vt 0.65689000 0.49123800
vt 0.65668700 0.49022800
vt 0.64098400 0.49184300
vt 0.64628700 0.49255600
vt 0.64627700 0.49152200
vt 0.63058700 0.48986200
vt 0.63563800 0.49165600
vt 0.63582100 0.49063800
vt 0.62082900 0.48577800
vt 0.62540700 0.48857800
vt 0.62577500 0.48761500
vt 0.61213700 0.47977000
vt 0.61604200 0.48345500
vt 0.61658000 0.48258600
vt 0.60489100 0.47210100
vt 0.60795200 0.47651300
vt 0.60863700 0.47576900
vt 0.59940800 0.46310500
vt 0.60149000 0.46805400
vt 0.60229300 0.46746400
vt 0.59592600 0.45317600
vt 0.59694000 0.45844800
vt 0.59782500 0.45803200
vt 0.48610700 0.35719000
vt 0.59460000 0.44274800
vt 0.59450000 0.44811500
vt 0.48109200 0.35754800
vt 0.59542900 0.44788700
vt 0.49131900 0.35682400
vt 0.59427600 0.43750700
vt 0.59521000 0.43747100
vt 0.49137700 0.35779700
vt 0.59800500 0.42742700
vt 0.59938000 0.42247400
vt 0.59637400 0.43235300
vt 0.60200200 0.41799300
vt 0.60438900 0.41343300
vt 0.60788800 0.40959200
vt 0.61118300 0.40562700
vt 0.61540500 0.40259100
vt 0.61946500 0.39939500
vt 0.62422700 0.39729700
vt 0.62887300 0.39501000
vt 0.63396600 0.39394100
vt 0.63899500 0.39266400
vt 0.64419800 0.39266900
vt 0.64939100 0.39246000
vt 0.65447500 0.39353800
vt 0.65960400 0.39440600
vt 0.66434700 0.39650900
vt 0.66918900 0.39841800
vt 0.67338500 0.40145200
vt 0.67772700 0.40431900
vt 0.68119200 0.40815100
vt 0.68484500 0.41185200
vt 0.68742700 0.41631400
vt 0.69023100 0.42068900
vt 0.69181800 0.42558400
vt 0.69365000 0.43044100
vt 0.69417300 0.43555500
vt 0.69495300 0.44068400
vt 0.69438900 0.44579200
vt 0.69408300 0.45097000
vt 0.69245600 0.45584800
vt 0.69107800 0.46084900
vt 0.68846000 0.46528200
vt 0.68606900 0.46989000
vt 0.68257400 0.47368300
vt 0.67927500 0.47769700
vt 0.67505600 0.48068400
vt 0.67099300 0.48392800
vt 0.66623500 0.48597800
vt 0.66158500 0.48831300
vt 0.65649500 0.48933400
vt 0.65146200 0.49065900
vt 0.64626400 0.49060600
vt 0.64106700 0.49086300
vt 0.63598700 0.48973700
vt 0.63085400 0.48891700
vt 0.62611400 0.48676600
vt 0.62126800 0.48490500
vt 0.61707700 0.48182300
vt 0.61273100 0.47900400
vt 0.60927000 0.47512400
vt 0.60561300 0.47147100
vt 0.60303500 0.46696100
vt 0.60022700 0.46263500
vt 0.59864400 0.45769100
vt 0.59680700 0.45288200
vt 0.59628900 0.44772000
vt 0.59550400 0.44263900
vt 0.59607300 0.43748300
vt 0.59753100 0.42190300
vt 0.59440500 0.43217700
vt 0.60274000 0.41250100
vt 0.60980600 0.40438200
vt 0.61841900 0.39790100
vt 0.62820300 0.39334100
vt 0.63873100 0.39090200
vt 0.64954100 0.39068900
vt 0.66016300 0.39271300
vt 0.67013200 0.39688500
vt 0.67901100 0.40302200
vt 0.68641300 0.41085700
vt 0.69201500 0.42004600
vt 0.69557100 0.43018900
vt 0.69692600 0.44084200
vt 0.69602100 0.45153900
vt 0.69289600 0.46181300
vt 0.68768600 0.47121500
vt 0.68062100 0.47933400
vt 0.67200800 0.48581500
vt 0.66222300 0.49037500
vt 0.65169600 0.49281400
vt 0.64088500 0.49302700
vt 0.63026300 0.49100300
vt 0.62029500 0.48683100
vt 0.61141500 0.48069400
vt 0.60401300 0.47285900
vt 0.59841200 0.46367000
vt 0.59485600 0.45352700
vt 0.59350000 0.44287400
vt 0.58531200 0.42606900
vt 0.58456700 0.42044300
vt 0.58283900 0.42102600
vt 0.58164100 0.41556400
vt 0.57973600 0.41021400
vt 0.57817100 0.41114200
vt 0.57585600 0.40604600
vt 0.57287500 0.40120700
vt 0.57154100 0.40243800
vt 0.56820900 0.39793200
vt 0.56428200 0.39381500
vt 0.56323700 0.39529500
vt 0.55903500 0.39157700
vt 0.55433300 0.38836100
vt 0.55362400 0.39002500
vt 0.54873500 0.38725700
vt 0.54346300 0.38508300
vt 0.54312000 0.38685800
vt 0.53775800 0.38516100
vt 0.53214800 0.38412600
vt 0.53218600 0.38593300
vt 0.52658500 0.38538200
vt 0.52088100 0.38553000
vt 0.52129900 0.38728900
vt 0.51570400 0.38790900
vt 0.51015600 0.38923400
vt 0.51093500 0.39086900
vt 0.50559000 0.39263300
vt 0.50044000 0.39507600
vt 0.50154700 0.39651400
vt 0.49668600 0.39934600
vt 0.49215900 0.40280200
vt 0.49354500 0.40397900
vt 0.48938000 0.40775500
vt 0.48567500 0.41207300
vt 0.48727900 0.41293800
vt 0.48399200 0.41749300
vt 0.48127000 0.42248400
vt 0.48302300 0.42299800
vt 0.48075800 0.42813500
vt 0.47913700 0.43358000
vt 0.48096200 0.43372000
vt 0.47981800 0.43921400
vt 0.47937100 0.44487600
vt 0.48118800 0.44463600
vt 0.48121400 0.45024700
vt 0.48195900 0.45587900
vt 0.48368900 0.45526800
vt 0.48488500 0.46075200
vt 0.48679000 0.46610800
vt 0.48835700 0.46515200
vt 0.49067100 0.47027000
vt 0.49365200 0.47511500
vt 0.49498800 0.47385600
vt 0.49831700 0.47838300
vt 0.50224500 0.48250700
vt 0.50329100 0.48099900
vt 0.50749200 0.48473900
vt 0.51219400 0.48796100
vt 0.51290500 0.48626900
vt 0.51779200 0.48905900
vt 0.52306300 0.49123800
vt 0.52340800 0.48943600
vt 0.52876900 0.49115500
vt 0.53437900 0.49219600
vt 0.53434200 0.49036100
vt 0.53994200 0.49093400
vt 0.54564500 0.49079200
vt 0.54522900 0.48900500
vt 0.55082300 0.48840700
vt 0.55637100 0.48708800
vt 0.55559300 0.48542500
vt 0.56093700 0.48368300
vt 0.56608600 0.48124500
vt 0.56498100 0.47978000
vt 0.56984100 0.47697000
vt 0.57436700 0.47352000
vt 0.57298300 0.47231400
vt 0.57714700 0.46856100
vt 0.58085200 0.46424900
vt 0.57924900 0.46335600
vt 0.58253400 0.45882300
vt 0.58525700 0.45383800
vt 0.58350500 0.45329600
vt 0.58576900 0.44818100
vt 0.58738900 0.44274200
vt 0.58556600 0.44257400
vt 0.58670800 0.43710200
vt 0.58715600 0.43144500
vt 0.58534100 0.43165800
vt 0.58068300 0.42161500
vt 0.50677400 0.36082000
vt 0.50152700 0.36112800
vt 0.51202800 0.36144600
vt 0.50685400 0.36180300
vt 0.58155300 0.42140700
vt 0.51699200 0.36109000
vt 0.57621900 0.41216300
vt 0.52203100 0.36167000
vt 0.57361600 0.40761800
vt 0.51726100 0.36207800
vt 0.57700700 0.41178100
vt 0.56987800 0.40384000
vt 0.52649700 0.36126100
vt 0.56637300 0.39993200
vt 0.57054900 0.40330400
vt 0.56193800 0.39700900
vt 0.55198700 0.37467200
vt 0.55768300 0.39391200
vt 0.54857900 0.37330600
vt 0.56246100 0.39634700
vt 0.55274500 0.39196900
vt 0.54419300 0.37304400
vt 0.54001900 0.37182800
vt 0.54475900 0.37197200
vt 0.55309800 0.39121400
vt 0.54270000 0.38894100
vt 0.53510900 0.37175700
vt 0.53035200 0.37072500
vt 0.54286800 0.38812900
vt 0.53550700 0.37066200
vt 0.53224400 0.38805600
vt 0.52513200 0.37086900
vt 0.52000000 0.37004600
vt 0.53221900 0.38722800
vt 0.52534600 0.36975800
vt 0.51469900 0.37041900
vt 0.52183300 0.38935300
vt 0.50941700 0.36982100
vt 0.51471900 0.36929900
vt 0.52161500 0.38854900
vt 0.50426500 0.37042500
vt 0.51192200 0.39277600
vt 0.49906500 0.37005900
vt 0.50409300 0.36930500
vt 0.51152100 0.39203500
vt 0.49428600 0.37088800
vt 0.50294400 0.39817500
vt 0.48939500 0.37075000
vt 0.49393000 0.36977700
vt 0.50237700 0.39753400
vt 0.48519900 0.37178800
vt 0.49529200 0.40531400
vt 0.48083200 0.37186400
vt 0.49170600 0.40923600
vt 0.49458300 0.40480500
vt 0.48467500 0.37069400
vt 0.48930000 0.41388100
vt 0.48660200 0.41846100
vt 0.48848100 0.41353000
vt 0.48523000 0.42350100
vt 0.48353900 0.42854000
vt 0.48433500 0.42332800
vt 0.48325900 0.43375500
vt 0.48264900 0.43903400
vt 0.47677200 0.48755100
vt 0.48232800 0.43377100
vt 0.48347500 0.44419300
vt 0.48207000 0.48726400
vt 0.48730600 0.48789000
vt 0.48397100 0.44948500
vt 0.48254800 0.44440300
vt 0.48586700 0.45436100
vt 0.48744800 0.45943500
vt 0.48498400 0.45475800
vt 0.49033100 0.46381300
vt 0.49292800 0.46845000
vt 0.48953000 0.46438500
vt 0.49667100 0.47213600
vt 0.50017100 0.47613600
vt 0.49598800 0.47286200
vt 0.50461200 0.47896600
vt 0.50886100 0.48215600
vt 0.50407600 0.47981900
vt 0.51380500 0.48400600
vt 0.51861700 0.48624800
vt 0.51343900 0.48495200
vt 0.52384900 0.48703500
vt 0.52901400 0.48823300
vt 0.52366900 0.48803600
vt 0.53430600 0.48792000
vt 0.53959700 0.48802400
vt 0.53431800 0.48893800
vt 0.54471700 0.48662200
vt 0.54990400 0.48563000
vt 0.54492200 0.48761600
vt 0.55462800 0.48320000
vt 0.55948400 0.48115600
vt 0.55501600 0.48413000
vt 0.56360500 0.47780100
vt 0.56791800 0.47479700
vt 0.56416000 0.47863200
vt 0.57125800 0.47066200
vt 0.57483800 0.46683200
vt 0.57195300 0.47136100
vt 0.57725000 0.46209500
vt 0.57994100 0.45760800
vt 0.57805600 0.46263600
vt 0.58132000 0.45247500
vt 0.58300500 0.44752800
vt 0.48087200 0.36026600
vt 0.58220200 0.45283700
vt 0.48599400 0.36003300
vt 0.58329100 0.44222100
vt 0.49098800 0.36072900
vt 0.58420900 0.44239400
vt 0.48568900 0.36100200
vt 0.49628800 0.36046200
vt 0.58307500 0.43178200
vt 0.49617400 0.36143900
vt 0.58398900 0.43176300
vt 0.58170400 0.42670900
vt 0.57987300 0.42184500
vt 0.57828900 0.41693500
vt 0.57548600 0.41255500
vt 0.57290600 0.40808000
vt 0.56925400 0.40437500
vt 0.56579100 0.40053000
vt 0.56144900 0.39766100
vt 0.55725600 0.39461700
vt 0.55241400 0.39270800
vt 0.54767200 0.39059700
vt 0.54254200 0.38973100
vt 0.53745900 0.38864800
vt 0.53226500 0.38886200
vt 0.52706300 0.38885300
vt 0.52203300 0.39013700
vt 0.51693900 0.39120500
vt 0.51229200 0.39350100
vt 0.50752900 0.39559900
vt 0.50346800 0.39880700
vt 0.49924500 0.40184500
vt 0.49594700 0.40582300
vt 0.49244700 0.40967000
vt 0.49005800 0.41424300
vt 0.48743400 0.41873000
vt 0.48605700 0.42369900
vt 0.48442500 0.42863100
vt 0.48412100 0.43377600
vt 0.48355100 0.43894000
vt 0.48433300 0.44403600
vt 0.48485000 0.44920500
vt 0.48668400 0.45402900
vt 0.48826500 0.45897900
vt 0.49107100 0.46331800
vt 0.49364800 0.46783400
vt 0.49730300 0.47149900
vt 0.50076300 0.47538300
vt 0.50510700 0.47821200
vt 0.50929800 0.48129700
vt 0.51414300 0.48316600
vt 0.51888200 0.48531600
vt 0.52401500 0.48614200
vt 0.52909500 0.48726600
vt 0.53429100 0.48701200
vt 0.53949000 0.48706100
vt 0.54452400 0.48573700
vt 0.54961400 0.48470900
vt 0.55426500 0.48237300
vt 0.55902400 0.48031400
vt 0.56308800 0.47706700
vt 0.56730900 0.47406800
vt 0.57060900 0.47005000
vt 0.57410700 0.46624400
vt 0.57649900 0.46163000
vt 0.57911900 0.45718400
vt 0.58049900 0.45217500
vt 0.58212900 0.44728300
vt 0.58243600 0.44209700
vt 0.58300300 0.43697400
vt 0.58222400 0.43183800
vt 0.58007700 0.41625900
vt 0.58362900 0.42642300
vt 0.57447900 0.40704900
vt 0.56708000 0.39919800
vt 0.55820300 0.39304800
vt 0.54823600 0.38886800
vt 0.53761500 0.38684000
vt 0.52680400 0.38705400
vt 0.51627500 0.38949900
vt 0.50648900 0.39407000
vt 0.49787300 0.40056600
vt 0.49080400 0.40870300
vt 0.48559000 0.41812600
vt 0.48246100 0.42842200
vt 0.48155100 0.43914300
vt 0.48290200 0.44981900
vt 0.48645400 0.45998400
vt 0.49205200 0.46919300
vt 0.49945200 0.47704400
vt 0.50832900 0.48319400
vt 0.51829500 0.48737400
vt 0.52891700 0.48940200
vt 0.53972800 0.48918800
vt 0.55025700 0.48674300
vt 0.56004300 0.48217200
vt 0.56865900 0.47567600
vt 0.57572800 0.46753900
vt 0.58094100 0.45811700
vt 0.58407100 0.44782000
vt 0.58498000 0.43709900
vt 0.59141400 0.43165700
vt 0.59261100 0.42607000
vt 0.52169500 0.43876500
vt 0.59472300 0.42077900
vt 0.51050800 0.43849800
vt 0.59706200 0.41556200
vt 0.60023900 0.41082400
vt 0.50010300 0.43833700
vt 0.60361800 0.40620500
vt 0.60772000 0.40222800
vt 0.49093400 0.43829000
vt 0.61199100 0.39840800
vt 0.61684000 0.39536600
vt 0.62181600 0.39251200
vt 0.49574700 0.44376500
vt 0.62719900 0.39053800
vt 0.63266400 0.38877400
vt 0.50567700 0.44527300
vt 0.63834500 0.38795500
vt 0.51658800 0.44635400
vt 0.64405900 0.38735700
vt 0.64979200 0.38773000
vt 0.52800400 0.44696200
vt 0.65550600 0.38832500
vt 0.66103800 0.38987300
vt 0.66650200 0.39163400
vt 0.53942500 0.44706900
vt 0.67159300 0.39429000
vt 0.67656700 0.39713900
vt 0.55035200 0.44667100
vt 0.68099400 0.40078800
vt 0.56030900 0.44578600
vt 0.68526300 0.40460100
vt 0.68883100 0.40908400
vt 0.49442600 0.45376900
vt 0.69220700 0.41369300
vt 0.69476200 0.41881300
vt 0.69709800 0.42401700
vt 0.50379500 0.45390200
vt 0.69852700 0.42955200
vt 0.69972100 0.43512300
vt 0.51433800 0.45412600
vt 0.69996200 0.44083100
vt 0.52559600 0.45443100
vt 0.69996100 0.44652500
vt 0.69900400 0.45215800
vt 0.69780900 0.45772500
vt 0.53707700 0.45480400
vt 0.69569500 0.46303600
vt 0.69335800 0.46823300
vt 0.54827700 0.45522800
vt 0.69017900 0.47299000
vt 0.55870900 0.45568600
vt 0.68680200 0.47759000
vt 0.68269800 0.48158600
vt 0.67842900 0.48538700
vt 0.56791500 0.45615700
vt 0.48906000 0.45027400
vt 0.67357900 0.48844900
vt 0.66860400 0.49128300
vt 0.49776600 0.45002000
vt 0.66321900 0.49327600
vt 0.50783800 0.44996000
vt 0.65775600 0.49502100
vt 0.65207300 0.49585900
vt 0.64636100 0.49643700
vt 0.51883600 0.45009400
vt 0.64062600 0.49608400
vt 0.63491400 0.49547000
vt 0.53027800 0.45041800
vt 0.62938000 0.49394100
vt 0.54166400 0.45091800
vt 0.62391800 0.49216100
vt 0.61882600 0.48952400
vt 0.55249800 0.45157100
vt 0.61385300 0.48665600
vt 0.60942400 0.48302600
vt 0.60515700 0.47919400
vt 0.56230500 0.45234900
vt 0.60158700 0.47473100
vt 0.56441700 0.44060800
vt 0.59821300 0.47010200
vt 0.59565600 0.46500100
vt 0.59332200 0.45977800
vt 0.55501300 0.44006900
vt 0.59189100 0.45426200
vt 0.59069900 0.44867200
vt 0.54444400 0.43956800
vt 0.59045600 0.44298300
vt 0.59045900 0.43727000
vt 0.53317400 0.43912700
vt 0.60001100 0.42269600
vt 0.53417700 0.43245500
vt 0.52909400 0.43244300
vt 0.59704700 0.43244000
vt 0.52399700 0.43209700
vt 0.54388700 0.43285100
vt 0.60495200 0.41378000
vt 0.53906100 0.43282100
vt 0.61165200 0.40608000
vt 0.60822300 0.40984000
vt 0.54834300 0.43322800
vt 0.54621900 0.36683500
vt 0.61982100 0.39993300
vt 0.55653500 0.43364700
vt 0.54981800 0.36652000
vt 0.61567400 0.40290200
vt 0.62910000 0.39560900
vt 0.53779000 0.36697600
vt 0.54207100 0.36674500
vt 0.52833300 0.36694300
vt 0.63908400 0.39329500
vt 0.53310900 0.36679900
vt 0.64933700 0.39309400
vt 0.51826100 0.36673700
vt 0.52332300 0.36668000
vt 0.50801400 0.36636700
vt 0.65941000 0.39501300
vt 0.51314100 0.36639100
vt 0.66886400 0.39897000
vt 0.49804100 0.36585000
vt 0.50300900 0.36594700
vt 0.48877600 0.36520700
vt 0.67728500 0.40479000
vt 0.49336900 0.36536600
vt 0.68430500 0.41222000
vt 0.68087400 0.40841300
vt 0.48464200 0.36467300
vt 0.68961700 0.42093500
vt 0.55591400 0.43741100
vt 0.68705400 0.41650300
vt 0.69299000 0.43055500
vt 0.69140600 0.42569000
vt 0.54754500 0.43693100
vt 0.69427500 0.44065700
vt 0.53320300 0.43644600
vt 0.53814100 0.43648500
vt 0.69374000 0.43557300
vt 0.52299200 0.43608500
vt 0.69341700 0.45080200
vt 0.52811200 0.43609300
vt 0.69045300 0.46054600
vt 0.51789700 0.43577100
vt 0.69203900 0.45568500
vt 0.68551200 0.46946200
vt 0.50794300 0.43553300
vt 0.68807800 0.46503500
vt 0.67881200 0.47716200
vt 0.49868400 0.43539000
vt 0.68224400 0.47336100
vt 0.67064300 0.48330900
vt 0.67479400 0.48030000
vt 0.49052500 0.43534800
vt 0.66136400 0.48763300
vt 0.66605100 0.48554700
vt 0.54531100 0.38010300
vt 0.65138000 0.48994700
vt 0.53647500 0.37876100
vt 0.65639800 0.48887300
vt 0.64112700 0.49014800
vt 0.64625700 0.49013300
vt 0.52676600 0.37779900
vt 0.63105400 0.48822900
vt 0.63607200 0.48927200
vt 0.51660800 0.37725800
vt 0.62160000 0.48427200
vt 0.62628700 0.48632800
vt 0.50644400 0.37716300
vt 0.61317900 0.47845200
vt 0.61733000 0.48142900
vt 0.49672000 0.37751700
vt 0.60615900 0.47102200
vt 0.60959300 0.47478900
vt 0.48786100 0.37830400
vt 0.60084700 0.46230700
vt 0.49114100 0.43152200
vt 0.60341300 0.46669900
vt 0.59747400 0.45268800
vt 0.49947800 0.43164000
vt 0.59906100 0.45751200
vt 0.51379000 0.43179300
vt 0.59618900 0.44258500
vt 0.59672700 0.44762900
vt 0.50886000 0.43183900
vt 0.51887800 0.43211100
vt 0.58282700 0.41501500
vt 0.58515900 0.42024900
vt 0.52167700 0.43929900
vt 0.58658800 0.42577700
vt 0.57690000 0.40526400
vt 0.51049100 0.43903100
vt 0.58027200 0.40990200
vt 0.56906600 0.39695100
vt 0.50008500 0.43887100
vt 0.57333100 0.40079100
vt 0.55966700 0.39043900
vt 0.49091600 0.43882400
vt 0.56463900 0.39331400
vt 0.48725000 0.44137500
vt 0.54911400 0.38601400
vt 0.49576400 0.44324300
vt 0.55457500 0.38779700
vt 0.53786800 0.38386700
vt 0.54358000 0.38448200
vt 0.50569400 0.44475100
vt 0.52642100 0.38409300
vt 0.51660500 0.44583200
vt 0.53213400 0.38351300
vt 0.51527300 0.38668200
vt 0.52073700 0.38493300
vt 0.52802100 0.44643900
vt 0.50491200 0.39152100
vt 0.53944200 0.44654700
vt 0.50988800 0.38868000
vt 0.49578900 0.39839900
vt 0.50006000 0.39459000
vt 0.55036900 0.44614900
vt 0.48830400 0.40701500
vt 0.56032600 0.44526400
vt 0.49168400 0.40240500
vt 0.48278500 0.41699100
vt 0.56887600 0.44392900
vt 0.48512400 0.41178300
vt 0.49444300 0.45323500
vt 0.47947100 0.42789400
vt 0.50381200 0.45336800
vt 0.48066900 0.42231400
vt 0.47850800 0.43924400
vt 0.51435600 0.45359200
vt 0.47851200 0.43353800
vt 0.47993900 0.45054800
vt 0.47874800 0.44496500
vt 0.52561400 0.45389700
vt 0.48370000 0.46131000
vt 0.48136600 0.45609500
vt 0.53709400 0.45427000
vt 0.48962700 0.47106100
vt 0.48625300 0.46644200
vt 0.54829400 0.45469400
vt 0.49746100 0.47937400
vt 0.55872600 0.45515200
vt 0.49319400 0.47555300
vt 0.50686000 0.48588500
vt 0.50188600 0.48303000
vt 0.48907800 0.44974100
vt 0.56793200 0.45562300
vt 0.51741300 0.49031100
vt 0.51195000 0.48854700
vt 0.49778500 0.44948800
vt 0.52865800 0.49245800
vt 0.50785700 0.44942700
vt 0.52294500 0.49186200
vt 0.54010500 0.49223200
vt 0.53439100 0.49283100
vt 0.51885400 0.44956200
vt 0.55125300 0.48964300
vt 0.53029600 0.44988600
vt 0.54578800 0.49141100
vt 0.56161400 0.48480300
vt 0.54168200 0.45038500
vt 0.55663700 0.48766400
vt 0.57073700 0.47792600
vt 0.56646500 0.48175400
vt 0.55251600 0.45103800
vt 0.57822200 0.46931000
vt 0.57484100 0.47393900
vt 0.56232300 0.45181600
vt 0.58374200 0.45933300
vt 0.56440000 0.44114100
vt 0.58140100 0.46456200
vt 0.58705500 0.44843100
vt 0.58585600 0.45403000
vt 0.55499500 0.44060300
vt 0.58801800 0.43708100
vt 0.58801300 0.44280600
vt 0.54442700 0.44010200
vt 0.53315700 0.43966100
vt 0.58777700 0.43137900
vt 0.58104300 0.42682900
vt 0.57945900 0.42197500
vt 0.52907700 0.43297700
vt 0.57767400 0.41718900
vt 0.53904300 0.43335500
vt 0.57511100 0.41276800
vt 0.57236500 0.40845500
vt 0.56893400 0.40466100
vt 0.54832600 0.43376200
vt 0.56534800 0.40100900
vt 0.54983700 0.36598700
vt 0.55651800 0.43418100
vt 0.56119900 0.39800700
vt 0.55692900 0.39517700
vt 0.55224400 0.39309800
vt 0.54208900 0.36621300
vt 0.54747700 0.39121200
vt 0.53312700 0.36626700
vt 0.54246000 0.39014800
vt 0.53740400 0.38929000
vt 0.52334100 0.36614700
vt 0.53227500 0.38928600
vt 0.52715100 0.38949200
vt 0.52213400 0.39054900
vt 0.51316000 0.36585800
vt 0.51716600 0.39181100
vt 0.50302700 0.36541400
vt 0.51248000 0.39388300
vt 0.50788500 0.39614600
vt 0.50373400 0.39914200
vt 0.49338700 0.36483300
vt 0.49971300 0.40230600
vt 0.48466000 0.36414100
vt 0.49628000 0.40609600
vt 0.49300900 0.41002300
vt 0.49044300 0.41444100
vt 0.55593100 0.43687700
vt 0.48806500 0.41896000
vt 0.54756200 0.43639700
vt 0.48647900 0.42381300
vt 0.48509700 0.42872500
vt 0.53815800 0.43595200
vt 0.48455900 0.43380000
vt 0.48423500 0.43889200
vt 0.48476900 0.44396900
vt 0.52812900 0.43555900
vt 0.48551600 0.44901700
vt 0.51791500 0.43523700
vt 0.48709900 0.45387300
vt 0.48888400 0.45865700
vt 0.49144700 0.46308000
vt 0.50796000 0.43499900
vt 0.49419300 0.46739100
vt 0.49870100 0.43485600
vt 0.49762400 0.47118700
vt 0.50121100 0.47483700
vt 0.49054200 0.43481400
vt 0.55290400 0.38124200
vt 0.50535900 0.47784100
vt 0.50962900 0.48066900
vt 0.51431400 0.48275000
vt 0.54532700 0.37958000
vt 0.51908200 0.48463300
vt 0.53649200 0.37823800
vt 0.52409800 0.48570000
vt 0.52915400 0.48655600
vt 0.52678200 0.37727600
vt 0.53428300 0.48656200
vt 0.53940800 0.48635400
vt 0.51662400 0.37673600
vt 0.54442400 0.48529800
vt 0.54939300 0.48403400
vt 0.55407900 0.48196400
vt 0.50646100 0.37664000
vt 0.55867400 0.47970000
vt 0.49673700 0.37699400
vt 0.56282400 0.47670500
vt 0.56684500 0.47354000
vt 0.48787800 0.37778200
vt 0.57027800 0.46975100
vt 0.57354900 0.46582300
vt 0.48026900 0.37896900
vt 0.49112400 0.43205600
vt 0.57611500 0.46140700
vt 0.57849300 0.45688600
vt 0.58008000 0.45203500
vt 0.49946100 0.43217400
vt 0.58146200 0.44712100
vt 0.50884300 0.43237300
vt 0.58199900 0.44204700
vt 0.58232400 0.43695400
vt 0.58178900 0.43187900
vt 0.51886100 0.43264500
vt 0.54609500 0.36635600
vt 0.53770300 0.36649700
vt 0.52828700 0.36646400
vt 0.51826000 0.36625900
vt 0.50805800 0.36589100
vt 0.49812800 0.36537600
vt 0.48890400 0.36473600
vt 0.55956500 0.43736300
vt 0.48078900 0.36400000
vt 0.55186200 0.43687500
vt 0.54293700 0.43641000
vt 0.53317700 0.43598900
vt 0.52301100 0.43563000
vt 0.51288100 0.43534900
vt 0.50323200 0.43515800
vt 0.49448500 0.43506500
vt 0.48702100 0.43507500
vt 0.54925200 0.38061800
vt 0.54101000 0.37910900
vt 0.53169600 0.37795200
vt 0.52171900 0.37719700
vt 0.51151300 0.37687800
vt 0.50152600 0.37700800
vt 0.49219300 0.37758100
vt 0.48392200 0.37857300
vt 0.48751000 0.43179100
vt 0.49517600 0.43186600
vt 0.50407500 0.43202600
vt 0.51381800 0.43226200
vt 0.52397900 0.43256500
vt 0.53411500 0.43292200
vt 0.54378200 0.43331600
vt 0.55255800 0.43373100
vt 0.51102800 0.44562300
vt 0.50053900 0.44432000
vt 0.48688600 0.43857200
vt 0.49125600 0.44262000
vt 0.49529200 0.43856100
vt 0.50514400 0.43866600
vt 0.51601100 0.43888100
vt 0.52741900 0.43919700
vt 0.53887000 0.43960200
vt 0.54986100 0.44007600
vt 0.55991400 0.44059900
vt 0.56858800 0.44114900
vt 0.56673800 0.45250800
vt 0.55759800 0.45167900
vt 0.54721000 0.45095900
vt 0.53602600 0.45037900
vt 0.52453600 0.44996400
vt 0.51324200 0.44973300
vt 0.50263800 0.44969600
vt 0.49318700 0.44985400
vt 0.56353700 0.45565600
vt 0.55365300 0.45518900
vt 0.54276500 0.45474500
vt 0.53134900 0.45434300
vt 0.51990500 0.45400200
vt 0.50893200 0.45373600
vt 0.49891000 0.45355600
vt 0.49027600 0.45347200
vt 0.56483400 0.44492300
vt 0.55551900 0.44604000
vt 0.54500800 0.44668600
vt 0.53376000 0.44683200
vt 0.52226600 0.44647300
vt 0.59185400 0.43173900
vt 0.59513600 0.42095000
vt 0.59682500 0.42163900
vt 0.59365300 0.43206500
vt 0.60060700 0.41107600
vt 0.60211100 0.41209900
vt 0.60802600 0.40255000
vt 0.60928100 0.40386000
vt 0.61707100 0.39574400
vt 0.61802100 0.39728300
vt 0.62734600 0.39095600
vt 0.62795000 0.39265600
vt 0.63840200 0.38839400
vt 0.63863200 0.39018100
vt 0.64975500 0.38817100
vt 0.64960300 0.38996500
vt 0.66090900 0.39029600
vt 0.66038100 0.39201900
vt 0.67137700 0.39467700
vt 0.67049700 0.39625200
vt 0.68070200 0.40112200
vt 0.67950700 0.40248000
vt 0.68847500 0.40935000
vt 0.68701800 0.41043000
vt 0.69435800 0.41900000
vt 0.69270300 0.41975500
vt 0.69809200 0.42965200
vt 0.69631100 0.43004800
vt 0.69951500 0.44083800
vt 0.69768600 0.44085800
vt 0.69856500 0.45207200
vt 0.69676800 0.45171300
vt 0.69528300 0.46286100
vt 0.69359700 0.46213800
vt 0.68981200 0.47273500
vt 0.68831000 0.47167900
vt 0.68239200 0.48126100
vt 0.68114100 0.47991800
vt 0.67334700 0.48806600
vt 0.67240000 0.48649400
vt 0.66307200 0.49285500
vt 0.66247200 0.49112100
vt 0.65201700 0.49541700
vt 0.65178900 0.49359700
vt 0.64066400 0.49564000
vt 0.64081900 0.49381200
vt 0.62951000 0.49351400
vt 0.63004000 0.49175900
vt 0.61904200 0.48913400
vt 0.61992500 0.48752500
vt 0.60971700 0.48268900
vt 0.61091400 0.48129700
vt 0.60194400 0.47446100
vt 0.60340300 0.47334700
vt 0.59606100 0.46481100
vt 0.59771900 0.46402200
vt 0.59232700 0.45416000
vt 0.59411000 0.45373000
vt 0.59090400 0.44297300
vt 0.59273500 0.44292000
vt 0.50727400 0.35731600
vt 0.59809000 0.42209000
vt 0.59895500 0.42233400
vt 0.50704200 0.35828000
vt 0.49662400 0.35794500
vt 0.59592200 0.43230400
vt 0.59500100 0.43224400
vt 0.49666300 0.35697500
vt 0.51739400 0.35769900
vt 0.60323900 0.41279700
vt 0.51697900 0.35865600
vt 0.60401000 0.41321000
vt 0.61022200 0.40477300
vt 0.61086600 0.40533200
vt 0.61873500 0.39836800
vt 0.61922500 0.39904300
vt 0.55197500 0.42877500
vt 0.62840500 0.39386100
vt 0.54376300 0.42993900
vt 0.62871900 0.39461800
vt 0.54335000 0.42891900
vt 0.63881000 0.39145000
vt 0.53390700 0.42990500
vt 0.53367400 0.42888500
vt 0.63893500 0.39225100
vt 0.64949500 0.39124000
vt 0.52341100 0.42969000
vt 0.52336800 0.42867500
vt 0.64942600 0.39204400
vt 0.65999300 0.39324000
vt 0.51273200 0.42930500
vt 0.51288300 0.42829700
vt 0.65973300 0.39400800
vt 0.66984500 0.39736300
vt 0.50233800 0.42876600
vt 0.50267800 0.42776700
vt 0.66940700 0.39805700
vt 0.49268300 0.42809600
vt 0.67862000 0.40342900
vt 0.67802300 0.40401200
vt 0.49319800 0.42711000
vt 0.68593600 0.41117200
vt 0.68520600 0.41161500
vt 0.69147200 0.42025500
vt 0.69064200 0.42053200
vt 0.69498700 0.43027900
vt 0.69409300 0.43037500
vt 0.69632700 0.44080800
vt 0.48188900 0.49114000
vt 0.69540800 0.44071200
vt 0.69543200 0.45138000
vt 0.49233900 0.49145700
vt 0.69453000 0.45109300
vt 0.69234300 0.46153400
vt 0.69149700 0.46106300
vt 0.68719500 0.47082700
vt 0.68644200 0.47018700
vt 0.68021100 0.47885100
vt 0.67958500 0.47806500
vt 0.67169900 0.48525600
vt 0.67122700 0.48435400
vt 0.66202900 0.48976300
vt 0.66173300 0.48877900
vt 0.65162400 0.49217400
vt 0.65151700 0.49114600
vt 0.64093900 0.49238400
vt 0.64102600 0.49135200
vt 0.63044100 0.49038400
vt 0.63071800 0.48938900
vt 0.62058900 0.48626100
vt 0.62104500 0.48534000
vt 0.61181300 0.48019500
vt 0.61242900 0.47938500
vt 0.60449700 0.47245200
vt 0.60524600 0.47178200
vt 0.59896100 0.46336900
vt 0.59981000 0.46286500
vt 0.59544700 0.45334500
vt 0.59635900 0.45302200
vt 0.48602600 0.35668900
vt 0.59410700 0.44281600
vt 0.59504400 0.44268500
vt 0.48618000 0.35766400
vt 0.59975400 0.42260500
vt 0.59677300 0.43240400
vt 0.60472200 0.41363800
vt 0.61146100 0.40589500
vt 0.61967600 0.39971400
vt 0.62900700 0.39536500
vt 0.63904800 0.39303800
vt 0.64935900 0.39283600
vt 0.65948900 0.39476600
vt 0.66899700 0.39874500
vt 0.67746500 0.40459800
vt 0.68452500 0.41207000
vt 0.68986700 0.42083500
vt 0.69325900 0.43050800
vt 0.69455200 0.44066800
vt 0.69368900 0.45087100
vt 0.69070800 0.46067000
vt 0.68573900 0.46963700
vt 0.67900000 0.47738000
vt 0.67078600 0.48356100
vt 0.66145400 0.48791000
vt 0.65141400 0.49023700
vt 0.64110300 0.49043900
vt 0.63097200 0.48850900
vt 0.62146500 0.48453000
vt 0.61299600 0.47867700
vt 0.60593600 0.47120500
vt 0.60059400 0.46244000
vt 0.59720200 0.45276700
vt 0.59591000 0.44260700
vt 0.58615200 0.42587600
vt 0.58437100 0.42627600
vt 0.58076600 0.41596200
vt 0.58242200 0.41520200
vt 0.57508600 0.40661700
vt 0.57654300 0.40553100
vt 0.56757700 0.39865000
vt 0.56877300 0.39728600
vt 0.55856900 0.39240900
vt 0.55945100 0.39082800
vt 0.54845500 0.38816700
vt 0.54898400 0.38643800
vt 0.53767800 0.38611000
vt 0.53783100 0.38430900
vt 0.52670700 0.38632600
vt 0.52647700 0.38453300
vt 0.51602300 0.38880800
vt 0.51542000 0.38710100
vt 0.50609200 0.39344600
vt 0.50514400 0.39190100
vt 0.49734900 0.40003800
vt 0.49609600 0.39872200
vt 0.49017600 0.40829500
vt 0.48867200 0.40726800
vt 0.48488500 0.41785700
vt 0.48319700 0.41716300
vt 0.48170900 0.42830500
vt 0.47991100 0.42797600
vt 0.48078700 0.43918400
vt 0.47895600 0.43923400
vt 0.48215800 0.45001700
vt 0.48037400 0.45044500
vt 0.48576200 0.46033200
vt 0.48410500 0.46112000
vt 0.49144300 0.46967700
vt 0.48998300 0.47079100
vt 0.49895100 0.47764400
vt 0.49775300 0.47903600
vt 0.50795900 0.48388500
vt 0.50707500 0.48549400
vt 0.51807300 0.48812700
vt 0.51754200 0.48988400
vt 0.52885100 0.49018400
vt 0.52869600 0.49201300
vt 0.53982100 0.48996700
vt 0.54004900 0.49178900
vt 0.55050600 0.48748600
vt 0.55110600 0.48922100
vt 0.56043600 0.48284800
vt 0.56138300 0.48442100
vt 0.56917900 0.47625600
vt 0.57043100 0.47759900
vt 0.57635300 0.46799900
vt 0.57785500 0.46905400
vt 0.58164300 0.45843700
vt 0.58332900 0.45915900
vt 0.58481900 0.44798900
vt 0.58661600 0.44834600
vt 0.58574200 0.43711000
vt 0.58757100 0.43708800
vt 0.58214800 0.42663600
vt 0.50153600 0.36065100
vt 0.57870100 0.41677200
vt 0.51194500 0.36096600
vt 0.57953400 0.41647500
vt 0.51212100 0.36195200
vt 0.58304500 0.42652100
vt 0.50151900 0.36163100
vt 0.57326800 0.40783600
vt 0.52186100 0.36118800
vt 0.52222000 0.36217800
vt 0.57400100 0.40737300
vt 0.56608800 0.40021700
vt 0.56668800 0.39961400
vt 0.55747400 0.39424900
vt 0.54827500 0.37381900
vt 0.54891600 0.37276200
vt 0.55791500 0.39353500
vt 0.53978900 0.37235400
vt 0.54780200 0.39019200
vt 0.54806400 0.38940400
vt 0.54027300 0.37127000
vt 0.53020600 0.37126000
vt 0.53749500 0.38822500
vt 0.53756700 0.38740000
vt 0.53051300 0.37015600
vt 0.51994400 0.37058700
vt 0.52700400 0.38843200
vt 0.52688200 0.38761100
vt 0.52006200 0.36947100
vt 0.50945300 0.37036400
vt 0.51678700 0.39080500
vt 0.50937700 0.36924300
vt 0.51647600 0.39002800
vt 0.49919000 0.37060000
vt 0.50729000 0.39524100
vt 0.49892500 0.36948400
vt 0.50680400 0.39454500
vt 0.49892900 0.40154400
vt 0.48960500 0.37128500
vt 0.48916200 0.37018200
vt 0.49828800 0.40096500
vt 0.48111600 0.37239000
vt 0.49207000 0.40944000
vt 0.49130100 0.40900800
vt 0.48051600 0.37130700
vt 0.48701100 0.41858400
vt 0.48614900 0.41832100
vt 0.48397400 0.42857600
vt 0.48305600 0.42849700
vt 0.48309100 0.43897900
vt 0.47687400 0.48710400
vt 0.48215700 0.43909300
vt 0.48731700 0.48744000
vt 0.48440200 0.44933900
vt 0.48349200 0.44964400
vt 0.48784900 0.45920300
vt 0.48700300 0.45969000
vt 0.49328100 0.46814000
vt 0.49253600 0.46879200
vt 0.50046100 0.47575900
vt 0.49984800 0.47655200
vt 0.50907600 0.48172700
vt 0.50862200 0.48263000
vt 0.51874800 0.48578300
vt 0.51847300 0.48676200
vt 0.52905400 0.48775100
vt 0.52897000 0.48876500
vt 0.53954600 0.48754300
vt 0.53965500 0.48855400
vt 0.54976300 0.48517000
vt 0.55006100 0.48613700
vt 0.55925900 0.48073500
vt 0.55973300 0.48162000
vt 0.56762000 0.47443100
vt 0.56824900 0.47520000
vt 0.57448000 0.46653500
vt 0.57523500 0.46715800
vt 0.57953900 0.45739100
vt 0.58038800 0.45784500
vt 0.48105900 0.35979700
vt 0.58257600 0.44739900
vt 0.58348100 0.44766800
vt 0.49108800 0.36025500
vt 0.58345900 0.43699600
vt 0.58438000 0.43707300
vt 0.49087800 0.36122800
vt 0.58131200 0.42678000
vt 0.57792500 0.41708500
vt 0.57258600 0.40830200
vt 0.56552900 0.40081400
vt 0.55706200 0.39494900
vt 0.54755600 0.39096200
vt 0.53742600 0.38902800
vt 0.52711500 0.38923200
vt 0.51707300 0.39156400
vt 0.50774000 0.39592300
vt 0.49952200 0.40211900
vt 0.49278000 0.40987900
vt 0.48780800 0.41886600
vt 0.48482300 0.42868700
vt 0.48395600 0.43891100
vt 0.48524400 0.44909400
vt 0.48863200 0.45878800
vt 0.49397100 0.46757100
vt 0.50102800 0.47505900
vt 0.50949400 0.48092500
vt 0.51900000 0.48491200
vt 0.52913000 0.48684600
vt 0.53944100 0.48664200
vt 0.54948300 0.48431000
vt 0.55881700 0.47995000
vt 0.56703400 0.47375500
vt 0.57377600 0.46599400
vt 0.57874900 0.45700700
vt 0.58173400 0.44718700
vt 0.58260100 0.43696200
vt 0.52742900 0.43893500
vt 0.59123800 0.43161300
vt 0.59455800 0.42070000
vt 0.51603300 0.43861800
vt 0.60009200 0.41071200
vt 0.50517800 0.43840300
vt 0.49533700 0.43829900
vt 0.60759800 0.40208800
vt 0.49128800 0.44287200
vt 0.48694000 0.43831000
vt 0.61674700 0.39520300
vt 0.62714100 0.39035900
vt 0.50056100 0.44456900
vt 0.51103900 0.44587100
vt 0.63832400 0.38776800
vt 0.64980800 0.38754200
vt 0.52226400 0.44672000
vt 0.66109100 0.38969200
vt 0.53374500 0.44707900
vt 0.67168000 0.39412400
vt 0.54498100 0.44693300
vt 0.68111200 0.40064300
vt 0.55548100 0.44628800
vt 0.49031200 0.45373900
vt 0.56478500 0.44517200
vt 0.68897500 0.40896600
vt 0.69492600 0.41872800
vt 0.49893600 0.45382400
vt 0.69870300 0.42950200
vt 0.50894700 0.45400300
vt 0.70014300 0.44081800
vt 0.51990800 0.45426900
vt 0.69918200 0.45218100
vt 0.53134000 0.45461000
vt 0.54274300 0.45501100
vt 0.69586200 0.46309500
vt 0.55361900 0.45545400
vt 0.69032800 0.47308200
vt 0.56349200 0.45592100
vt 0.68282200 0.48170700
vt 0.49321700 0.45012300
vt 0.67367300 0.48859100
vt 0.66327900 0.49343500
vt 0.50265800 0.44996600
vt 0.65209600 0.49602700
vt 0.51325000 0.45000300
vt 0.52453200 0.45023300
vt 0.64061200 0.49625200
vt 0.53600900 0.45064700
vt 0.62932900 0.49410200
vt 0.61874000 0.48967100
vt 0.54718100 0.45122700
vt 0.55755800 0.45194600
vt 0.60930800 0.48315100
vt 0.56855300 0.44088400
vt 0.56668700 0.45277400
vt 0.60144500 0.47482900
vt 0.59549400 0.46506700
vt 0.55988800 0.44033500
vt 0.59171700 0.45429300
vt 0.54984600 0.43981200
vt 0.59027700 0.44297700
vt 0.53886700 0.43933900
vt 0.53413600 0.43262700
vt 0.52398900 0.43227000
vt 0.54381400 0.43302200
vt 0.61176400 0.40617600
vt 0.55260000 0.43343700
vt 0.61990600 0.40005000
vt 0.54612000 0.36665400
vt 0.53771900 0.36679400
vt 0.52829300 0.36676100
vt 0.51825400 0.36655600
vt 0.50804100 0.36618700
vt 0.49810000 0.36567200
vt 0.48886600 0.36503200
vt 0.68417800 0.41229700
vt 0.48074200 0.36429500
vt 0.55959400 0.43765600
vt 0.68947300 0.42098300
vt 0.55188400 0.43716800
vt 0.69283400 0.43057100
vt 0.54294800 0.43670300
vt 0.53317800 0.43628100
vt 0.69326000 0.45075200
vt 0.52300000 0.43592200
vt 0.51286000 0.43564100
vt 0.69030600 0.46046300
vt 0.50320000 0.43544900
vt 0.68538200 0.46935100
vt 0.49444300 0.43535600
vt 0.67870300 0.47702500
vt 0.54927900 0.38089800
vt 0.67056100 0.48315100
vt 0.48697100 0.43536600
vt 0.66131300 0.48746200
vt 0.54102700 0.37938700
vt 0.53170400 0.37822900
vt 0.65136100 0.48976700
vt 0.52171500 0.37747400
vt 0.64114200 0.48996800
vt 0.63110200 0.48805500
vt 0.51149900 0.37715400
vt 0.50150000 0.37728400
vt 0.62167900 0.48411200
vt 0.61328600 0.47831100
vt 0.49215700 0.37785800
vt 0.48748000 0.43149500
vt 0.48387700 0.37885100
vt 0.60628900 0.47090500
vt 0.60099400 0.46221800
vt 0.49515400 0.43157100
vt 0.50406300 0.43173000
vt 0.59763300 0.45263100
vt 0.51381700 0.43196700
vt 0.51601600 0.43915200
vt 0.58298900 0.41494800
vt 0.52741200 0.43946900
vt 0.58676200 0.42574600
vt 0.57704200 0.40516500
vt 0.50516100 0.43893700
vt 0.49531900 0.43883300
vt 0.56918200 0.39682500
vt 0.49130500 0.44234900
vt 0.55975300 0.39029200
vt 0.50057800 0.44404600
vt 0.54916500 0.38585200
vt 0.51105600 0.44534800
vt 0.53788300 0.38369800
vt 0.52639800 0.38392500
vt 0.52228000 0.44619700
vt 0.51521400 0.38652300
vt 0.53376200 0.44655600
vt 0.54499800 0.44641000
vt 0.50481800 0.39137800
vt 0.55549800 0.44576500
vt 0.49566600 0.39827800
vt 0.48815600 0.40692200
vt 0.56480200 0.44464900
vt 0.48261800 0.41693100
vt 0.49895300 0.45329000
vt 0.50896400 0.45346900
vt 0.47929400 0.42786900
vt 0.47832800 0.43925800
vt 0.51992500 0.45373500
vt 0.47976300 0.45059800
vt 0.53135700 0.45407600
vt 0.54276000 0.45447700
vt 0.48353600 0.46139600
vt 0.48948300 0.47117900
vt 0.55363600 0.45492000
vt 0.49734300 0.47951900
vt 0.56350900 0.45538700
vt 0.49323500 0.44959100
vt 0.50677200 0.48605200
vt 0.51736000 0.49049200
vt 0.50267600 0.44943300
vt 0.51326900 0.44947000
vt 0.52864200 0.49264600
vt 0.54012700 0.49241900
vt 0.52455000 0.44970100
vt 0.55131100 0.48982100
vt 0.53602800 0.45011500
vt 0.56170700 0.48496600
vt 0.54719900 0.45069400
vt 0.55757600 0.45141300
vt 0.57085900 0.47806600
vt 0.56853600 0.44141800
vt 0.56670600 0.45224100
vt 0.57836900 0.46942200
vt 0.58390700 0.45941300
vt 0.55987100 0.44086900
vt 0.58723100 0.44847500
vt 0.54982900 0.44034600
vt 0.58819700 0.43708700
vt 0.53884900 0.43987200
vt 0.52397200 0.43280400
vt 0.58088600 0.42686600
vt 0.57752800 0.41725800
vt 0.53411900 0.43316100
vt 0.54379700 0.43355600
vt 0.57223700 0.40855300
vt 0.56524200 0.40113200
vt 0.55258200 0.43397100
vt 0.55685100 0.39531800
vt 0.54613800 0.36612100
vt 0.53773700 0.36626100
vt 0.54743000 0.39136700
vt 0.52831100 0.36622800
vt 0.53739000 0.38945000
vt 0.52717100 0.38965200
vt 0.51827200 0.36602300
vt 0.51721800 0.39196400
vt 0.50805900 0.36565500
vt 0.50796800 0.39628400
vt 0.49811800 0.36513900
vt 0.48888400 0.36449900
vt 0.49982400 0.40242400
vt 0.48076000 0.36376200
vt 0.49314100 0.41011600
vt 0.55961200 0.43712300
vt 0.48821400 0.41902300
vt 0.55190100 0.43663400
vt 0.54296500 0.43616900
vt 0.48525500 0.42875600
vt 0.53319500 0.43574700
vt 0.48439600 0.43889000
vt 0.48567300 0.44898100
vt 0.52301700 0.43538800
vt 0.51287700 0.43510700
vt 0.48903000 0.45859000
vt 0.49432200 0.46729500
vt 0.50321700 0.43491500
vt 0.50131600 0.47471600
vt 0.49446000 0.43482200
vt 0.50970700 0.48053000
vt 0.54929600 0.38037500
vt 0.54104400 0.37886500
vt 0.51912800 0.48448100
vt 0.52916800 0.48639700
vt 0.53172100 0.37770700
vt 0.53938700 0.48619500
vt 0.52173200 0.37695100
vt 0.54934000 0.48388400
vt 0.51151500 0.37663100
vt 0.50151700 0.37676100
vt 0.55859000 0.47956400
vt 0.49217400 0.37733500
vt 0.56673500 0.47342300
vt 0.48389400 0.37832800
vt 0.57341700 0.46573200
vt 0.57834500 0.45682500
vt 0.49513700 0.43210500
vt 0.50404600 0.43226400
vt 0.58130300 0.44709200
vt 0.51379900 0.43250100
vt 0.58216300 0.43695800
f 3/3 5/5 2/2
f 134/134 200/200 135/135
f 22/22 14/14 18/18
f 4/4 15/15 5/5
f 13/13 19/19 15/15
f 17/17 26/26 19/19
f 24/24 30/30 25/25
f 28/28 34/34 30/30
f 33/33 38/38 34/34
f 37/37 42/42 38/38
f 40/40 46/46 42/42
f 45/45 51/51 46/46
f 49/49 55/55 50/50
f 53/53 61/61 55/55
f 59/59 65/65 61/61
f 63/63 68/68 65/65
f 67/67 73/73 68/68
f 71/71 76/76 73/73
f 75/75 80/80 76/76
f 79/79 84/84 80/80
f 83/83 91/91 84/84
f 89/89 94/94 91/91
f 93/93 99/99 94/94
f 97/97 103/103 99/99
f 101/101 107/107 103/103
f 105/105 110/110 107/107
f 109/109 115/115 110/110
f 113/113 120/120 115/115
f 119/119 126/126 120/120
f 124/124 129/129 126/126
f 128/128 10/10 129/129
f 448/448 17/17 446/446
f 437/437 3/3 12/12
f 133/133 135/135 132/132
f 214/214 213/213 212/212
f 16/16 133/133 7/7
f 9/9 132/132 137/137
f 216/216 215/215 214/214
f 218/218 217/217 216/216
f 220/220 219/219 218/218
f 222/222 221/221 220/220
f 224/224 223/223 222/222
f 227/227 225/225 224/224
f 230/230 228/228 226/226
f 232/232 231/231 230/230
f 234/234 233/233 232/232
f 236/236 235/235 234/234
f 238/238 237/237 236/236
f 240/240 239/239 238/238
f 243/243 241/241 240/240
f 246/246 245/245 242/242
f 248/248 247/247 246/246
f 250/250 249/249 248/248
f 252/252 251/251 250/250
f 254/254 253/253 252/252
f 256/256 255/255 254/254
f 258/258 257/257 256/256
f 262/262 259/259 258/258
f 265/265 264/264 261/261
f 267/267 266/266 265/265
f 205/205 268/268 267/267
f 276/276 340/340 272/272
f 276/276 271/271 275/275
f 201/201 203/203 200/200
f 139/139 201/201 134/134
f 136/136 200/200 205/205
f 202/202 269/269 203/203
f 16/16 6/6 14/14
f 9/9 1/1 8/8
f 450/450 23/23 448/448
f 451/451 29/29 450/450
f 453/453 32/32 451/451
f 456/456 36/36 453/453
f 458/458 41/41 456/456
f 460/460 44/44 458/458
f 461/461 49/49 460/460
f 464/464 53/53 461/461
f 467/467 59/59 464/464
f 468/468 63/63 467/467
f 471/471 67/67 468/468
f 472/472 71/71 471/471
f 475/475 75/75 472/472
f 478/478 79/79 475/475
f 480/480 83/83 478/478
f 481/481 89/89 480/480
f 483/483 93/93 481/481
f 486/486 97/97 483/483
f 487/487 101/101 486/486
f 489/489 105/105 487/487
f 492/492 109/109 489/489
f 494/494 113/113 492/492
f 497/497 119/119 494/494
f 498/498 124/124 497/497
f 136/136 132/132 135/135
f 9/9 130/130 11/11
f 7/7 132/132 8/8
f 208/208 207/207 206/206
f 520/520 447/447 517/517
f 212/212 211/211 209/209
f 27/27 140/140 21/21
f 31/31 144/144 27/27
f 35/35 146/146 31/31
f 39/39 148/148 35/35
f 43/43 150/150 39/39
f 47/47 152/152 43/43
f 52/52 154/154 47/47
f 58/58 156/156 52/52
f 62/62 159/159 57/57
f 66/66 162/162 62/62
f 70/70 164/164 66/66
f 74/74 166/166 70/70
f 78/78 168/168 74/74
f 82/82 170/170 78/78
f 87/87 172/172 82/82
f 92/92 175/175 88/88
f 96/96 178/178 92/92
f 100/100 180/180 96/96
f 104/104 182/182 100/100
f 108/108 184/184 104/104
f 112/112 186/186 108/108
f 118/118 188/188 112/112
f 122/122 190/190 118/118
f 127/127 193/193 123/123
f 131/131 196/196 127/127
f 9/9 198/198 131/131
f 142/142 206/206 139/139
f 207/207 271/271 202/202
f 270/270 203/203 269/269
f 280/280 275/275 277/277
f 210/210 275/275 207/207
f 284/284 281/281 283/283
f 286/286 283/283 285/285
f 288/288 285/285 287/287
f 290/290 287/287 289/289
f 292/292 289/289 291/291
f 294/294 291/291 293/293
f 298/298 293/293 296/296
f 300/300 295/295 299/299
f 302/302 299/299 301/301
f 304/304 301/301 303/303
f 306/306 303/303 305/305
f 308/308 305/305 307/307
f 310/310 307/307 309/309
f 314/314 309/309 311/311
f 316/316 312/312 315/315
f 318/318 315/315 317/317
f 320/320 317/317 319/319
f 322/322 319/319 321/321
f 324/324 321/321 323/323
f 326/326 323/323 325/325
f 330/330 325/325 327/327
f 333/333 328/328 331/331
f 335/335 331/331 334/334
f 337/337 334/334 336/336
f 274/274 336/336 270/270
f 272/272 338/338 273/273
f 339/339 273/273 338/338
f 352/352 347/347 351/351
f 280/280 347/347 276/276
f 697/697 694/694 696/696
f 360/360 355/355 358/358
f 699/699 696/696 698/698
f 362/362 358/358 361/361
f 701/701 698/698 700/700
f 366/366 361/361 364/364
f 703/703 700/700 702/702
f 369/369 364/364 367/367
f 705/705 702/702 704/704
f 371/371 367/367 370/370
f 707/707 704/704 706/706
f 375/375 370/370 373/373
f 709/709 706/706 708/708
f 379/379 373/373 377/377
f 711/711 708/708 710/710
f 382/382 376/376 381/381
f 713/713 710/710 712/712
f 385/385 381/381 384/384
f 715/715 712/712 714/714
f 388/388 384/384 387/387
f 717/717 714/714 716/716
f 392/392 387/387 390/390
f 719/719 716/716 718/718
f 394/394 390/390 393/393
f 721/721 718/718 720/720
f 397/397 393/393 396/396
f 723/723 720/720 722/722
f 401/401 396/396 399/399
f 725/725 722/722 724/724
f 405/405 400/400 404/404
f 727/727 724/724 726/726
f 409/409 404/404 407/407
f 729/729 726/726 728/728
f 412/412 407/407 410/410
f 731/731 728/728 730/730
f 414/414 410/410 413/413
f 733/733 730/730 732/732
f 418/418 413/413 416/416
f 735/735 732/732 734/734
f 421/421 416/416 419/419
f 737/737 734/734 736/736
f 423/423 419/419 422/422
f 739/739 736/736 738/738
f 428/428 422/422 426/426
f 741/741 738/738 740/740
f 431/431 425/425 430/430
f 743/743 740/740 742/742
f 435/435 430/430 433/433
f 745/745 742/742 744/744
f 345/345 433/433 339/339
f 747/747 744/744 746/746
f 517/517 444/444 513/513
f 754/754 748/748 753/753
f 145/145 209/209 143/143
f 147/147 212/212 145/145
f 213/213 278/278 211/211
f 149/149 214/214 147/147
f 215/215 281/281 213/213
f 151/151 216/216 149/149
f 217/217 283/283 215/215
f 153/153 218/218 151/151
f 219/219 285/285 217/217
f 155/155 220/220 153/153
f 221/221 287/287 219/219
f 157/157 222/222 155/155
f 223/223 289/289 221/221
f 161/161 224/224 157/157
f 225/225 291/291 223/223
f 163/163 226/226 160/160
f 229/229 293/293 225/225
f 165/165 230/230 163/163
f 231/231 295/295 228/228
f 167/167 232/232 165/165
f 233/233 299/299 231/231
f 169/169 234/234 167/167
f 235/235 301/301 233/233
f 171/171 236/236 169/169
f 237/237 303/303 235/235
f 173/173 238/238 171/171
f 239/239 305/305 237/237
f 176/176 240/240 173/173
f 241/241 307/307 239/239
f 179/179 242/242 177/177
f 244/244 309/309 241/241
f 181/181 246/246 179/179
f 247/247 312/312 245/245
f 183/183 248/248 181/181
f 249/249 315/315 247/247
f 185/185 250/250 183/183
f 251/251 317/317 249/249
f 187/187 252/252 185/185
f 253/253 319/319 251/251
f 189/189 254/254 187/187
f 255/255 321/321 253/253
f 191/191 256/256 189/189
f 257/257 323/323 255/255
f 195/195 258/258 191/191
f 259/259 325/325 257/257
f 197/197 261/261 194/194
f 264/264 328/328 260/260
f 199/199 265/265 197/197
f 266/266 331/331 264/264
f 136/136 267/267 199/199
f 268/268 334/334 266/266
f 204/204 336/336 268/268
f 345/345 338/338 344/344
f 272/272 269/269 271/271
f 282/282 350/350 279/279
f 284/284 355/355 282/282
f 286/286 358/358 284/284
f 288/288 361/361 286/286
f 290/290 364/364 288/288
f 292/292 367/367 290/290
f 294/294 370/370 292/292
f 298/298 373/373 294/294
f 300/300 376/376 297/297
f 302/302 381/381 300/300
f 304/304 384/384 302/302
f 306/306 387/387 304/304
f 308/308 390/390 306/306
f 310/310 393/393 308/308
f 314/314 396/396 310/310
f 316/316 400/400 313/313
f 318/318 404/404 316/316
f 320/320 407/407 318/318
f 322/322 410/410 320/320
f 324/324 413/413 322/322
f 326/326 416/416 324/324
f 330/330 419/419 326/326
f 332/332 422/422 330/330
f 335/335 425/425 333/333
f 337/337 430/430 335/335
f 274/274 433/433 337/337
f 514/514 509/509 511/511
f 341/341 338/338 340/340
f 282/282 278/278 281/281
f 349/349 340/340 347/347
f 442/442 4/4 441/441
f 607/607 604/604 605/605
f 27/27 20/20 25/25
f 144/144 143/143 140/140
f 31/31 25/25 30/30
f 146/146 145/145 144/144
f 35/35 30/30 34/34
f 148/148 147/147 146/146
f 39/39 34/34 38/38
f 150/150 149/149 148/148
f 43/43 38/38 42/42
f 152/152 151/151 150/150
f 47/47 42/42 46/46
f 154/154 153/153 152/152
f 52/52 46/46 51/51
f 156/156 155/155 154/154
f 58/58 51/51 56/56
f 158/158 157/157 156/156
f 62/62 54/54 60/60
f 162/162 160/160 159/159
f 66/66 60/60 64/64
f 164/164 163/163 162/162
f 70/70 64/64 69/69
f 166/166 165/165 164/164
f 74/74 69/69 72/72
f 168/168 167/167 166/166
f 78/78 72/72 77/77
f 170/170 169/169 168/168
f 82/82 77/77 81/81
f 172/172 171/171 170/170
f 87/87 81/81 85/85
f 174/174 173/173 172/172
f 92/92 86/86 90/90
f 178/178 177/177 175/175
f 96/96 90/90 95/95
f 180/180 179/179 178/178
f 100/100 95/95 98/98
f 182/182 181/181 180/180
f 104/104 98/98 102/102
f 184/184 183/183 182/182
f 108/108 102/102 106/106
f 186/186 185/185 184/184
f 112/112 106/106 111/111
f 188/188 187/187 186/186
f 118/118 111/111 114/114
f 190/190 189/189 188/188
f 123/123 116/116 121/121
f 192/192 191/191 190/190
f 127/127 121/121 125/125
f 196/196 194/194 193/193
f 131/131 125/125 130/130
f 198/198 197/197 196/196
f 437/437 128/128 498/498
f 137/137 199/199 198/198
f 204/204 200/200 203/203
f 274/274 269/269 273/273
f 523/523 449/449 520/520
f 22/22 138/138 16/16
f 206/206 202/202 201/201
f 501/501 439/439 500/500
f 658/658 602/602 601/601
f 601/601 687/687 658/658
f 503/503 500/500 502/502
f 608/608 516/516 606/606
f 610/610 518/518 608/608
f 612/612 521/521 610/610
f 614/614 525/525 612/612
f 616/616 528/528 614/614
f 618/618 531/531 616/616
f 620/620 534/534 618/618
f 622/622 537/537 620/620
f 624/624 542/542 622/622
f 626/626 545/545 624/624
f 628/628 547/547 626/626
f 630/630 550/550 628/628
f 632/632 553/553 630/630
f 634/634 557/557 632/632
f 636/636 559/559 634/634
f 638/638 563/563 636/636
f 640/640 567/567 638/638
f 642/642 570/570 640/640
f 644/644 574/574 642/642
f 646/646 576/576 644/644
f 648/648 580/580 646/646
f 650/650 583/583 648/648
f 652/652 586/586 650/650
f 654/654 590/590 652/652
f 656/656 594/594 654/654
f 600/600 596/596 656/656
f 356/356 350/350 355/355
f 1132/1132 1135/1135 1131/1131
f 691/691 752/752 749/749
f 512/512 443/443 509/509
f 599/599 505/505 598/598
f 603/603 659/659 660/660
f 1129/1129 1135/1135 1128/1128
f 601/601 598/598 600/600
f 609/609 606/606 607/607
f 605/605 660/660 661/661
f 607/607 661/661 662/662
f 609/609 662/662 663/663
f 664/664 609/609 663/663
f 613/613 664/664 665/665
f 615/615 665/665 666/666
f 617/617 666/666 667/667
f 619/619 667/667 668/668
f 621/621 668/668 669/669
f 623/623 669/669 670/670
f 625/625 670/670 671/671
f 627/627 671/671 672/672
f 629/629 672/672 673/673
f 631/631 673/673 674/674
f 633/633 674/674 675/675
f 635/635 675/675 676/676
f 637/637 676/676 677/677
f 639/639 677/677 678/678
f 641/641 678/678 679/679
f 643/643 679/679 680/680
f 645/645 680/680 681/681
f 647/647 681/681 682/682
f 649/649 682/682 683/683
f 651/651 683/683 684/684
f 653/653 684/684 685/685
f 655/655 685/685 686/686
f 657/657 686/686 687/687
f 606/606 510/510 604/604
f 522/522 517/517 519/519
f 1130/1130 1135/1135 1129/1129
f 524/524 520/520 522/522
f 1128/1128 1135/1135 1127/1127
f 527/527 523/523 524/524
f 530/530 526/526 527/527
f 1127/1127 1135/1135 1126/1126
f 533/533 529/529 530/530
f 536/536 532/532 533/533
f 541/541 535/535 536/536
f 544/544 539/539 540/540
f 1125/1125 1135/1135 1124/1124
f 548/548 543/543 544/544
f 551/551 546/546 548/548
f 1126/1126 1135/1135 1125/1125
f 554/554 549/549 551/551
f 556/556 552/552 554/554
f 1123/1123 1135/1135 1122/1122
f 560/560 555/555 556/556
f 565/565 558/558 560/560
f 1122/1122 1135/1135 1121/1121
f 568/568 561/561 564/564
f 571/571 566/566 568/568
f 1121/1121 1135/1135 1120/1120
f 573/573 569/569 571/571
f 577/577 572/572 573/573
f 579/579 575/575 577/577
f 582/582 578/578 579/579
f 691/691 758/758 692/692
f 585/585 581/581 582/582
f 591/591 584/584 585/585
f 593/593 588/588 589/589
f 597/597 592/592 593/593
f 1120/1120 658/658 687/687
f 503/503 595/595 597/597
f 504/504 598/598 505/505
f 604/604 508/508 599/599
f 690/690 688/688 689/689
f 950/950 885/885 884/884
f 526/526 452/452 523/523
f 511/511 501/501 507/507
f 529/529 454/454 526/526
f 611/611 608/608 609/609
f 532/532 455/455 529/529
f 613/613 610/610 611/611
f 535/535 457/457 532/532
f 615/615 612/612 613/613
f 538/538 459/459 535/535
f 617/617 614/614 615/615
f 543/543 462/462 539/539
f 619/619 616/616 617/617
f 546/546 465/465 543/543
f 621/621 618/618 619/619
f 549/549 466/466 546/546
f 623/623 620/620 621/621
f 552/552 469/469 549/549
f 625/625 622/622 623/623
f 555/555 470/470 552/552
f 627/627 624/624 625/625
f 558/558 473/473 555/555
f 629/629 626/626 627/627
f 562/562 474/474 558/558
f 631/631 628/628 629/629
f 566/566 477/477 561/561
f 633/633 630/630 631/631
f 569/569 479/479 566/566
f 635/635 632/632 633/633
f 572/572 482/482 569/569
f 637/637 634/634 635/635
f 575/575 484/484 572/572
f 639/639 636/636 637/637
f 578/578 485/485 575/575
f 641/641 638/638 639/639
f 581/581 488/488 578/578
f 643/643 640/640 641/641
f 584/584 490/490 581/581
f 645/645 642/642 643/643
f 587/587 491/491 584/584
f 647/647 644/644 645/645
f 592/592 493/493 588/588
f 649/649 646/646 647/647
f 595/595 496/496 592/592
f 651/651 648/648 649/649
f 502/502 499/499 595/595
f 653/653 650/650 651/651
f 603/603 598/598 602/602
f 655/655 652/652 653/653
f 657/657 654/654 655/655
f 436/436 500/500 439/439
f 601/601 656/656 657/657
f 507/507 500/500 506/506
f 509/509 440/440 501/501
f 519/519 513/513 515/515
f 605/605 599/599 603/603
f 343/343 689/689 688/688
f 342/342 694/694 689/689
f 348/348 696/696 694/694
f 353/353 698/698 696/696
f 357/357 700/700 698/698
f 359/359 702/702 700/700
f 363/363 704/704 702/702
f 365/365 706/706 704/704
f 368/368 708/708 706/706
f 372/372 710/710 708/708
f 374/374 712/712 710/710
f 378/378 714/714 712/712
f 383/383 716/716 714/714
f 386/386 718/718 716/716
f 389/389 720/720 718/718
f 391/391 722/722 720/720
f 395/395 724/724 722/722
f 398/398 726/726 724/724
f 402/402 728/728 726/726
f 406/406 730/730 728/728
f 408/408 732/732 730/730
f 411/411 734/734 732/732
f 415/415 736/736 734/734
f 417/417 738/738 736/736
f 420/420 740/740 738/738
f 424/424 742/742 740/740
f 427/427 744/744 742/742
f 432/432 746/746 744/744
f 434/434 693/693 746/746
f 695/695 689/689 694/694
f 750/750 753/753 748/748
f 751/751 762/762 753/753
f 761/761 768/768 762/762
f 764/764 773/773 767/767
f 771/771 777/777 773/773
f 776/776 781/781 777/777
f 780/780 785/785 781/781
f 784/784 789/789 785/785
f 787/787 793/793 789/789
f 791/791 797/797 793/793
f 795/795 801/801 798/798
f 800/800 809/809 801/801
f 807/807 813/813 808/808
f 811/811 817/817 813/813
f 815/815 821/821 817/817
f 819/819 826/826 821/821
f 823/823 829/829 825/825
f 828/828 835/835 829/829
f 832/832 839/839 835/835
f 838/838 844/844 839/839
f 842/842 848/848 844/844
f 846/846 851/851 848/848
f 850/850 856/856 851/851
f 854/854 860/860 856/856
f 858/858 864/864 860/860
f 862/862 869/869 864/864
f 866/866 875/875 869/869
f 873/873 879/879 874/874
f 877/877 757/757 879/879
f 882/882 755/755 881/881
f 955/955 885/885 953/953
f 891/891 887/887 890/890
f 770/770 887/887 763/763
f 1019/1019 960/960 962/962
f 957/957 884/884 888/888
f 896/896 893/893 895/895
f 1021/1021 963/963 966/966
f 959/959 888/888 891/891
f 898/898 895/895 897/897
f 1022/1022 966/966 967/967
f 961/961 892/892 894/894
f 900/900 897/897 899/899
f 1023/1023 967/967 970/970
f 964/964 894/894 896/896
f 902/902 899/899 901/901
f 1024/1024 970/970 971/971
f 965/965 896/896 898/898
f 904/904 901/901 903/903
f 1025/1025 971/971 973/973
f 968/968 898/898 900/900
f 906/906 903/903 905/905
f 1026/1026 973/973 977/977
f 969/969 900/900 902/902
f 909/909 905/905 908/908
f 1027/1027 977/977 978/978
f 972/972 902/902 904/904
f 912/912 907/907 911/911
f 1028/1028 978/978 980/980
f 974/974 904/904 906/906
f 914/914 911/911 913/913
f 1029/1029 980/980 983/983
f 976/976 906/906 909/909
f 916/916 913/913 915/915
f 1030/1030 983/983 985/985
f 979/979 910/910 912/912
f 918/918 915/915 917/917
f 1031/1031 985/985 987/987
f 981/981 912/912 914/914
f 920/920 917/917 919/919
f 1032/1032 987/987 989/989
f 982/982 914/914 916/916
f 922/922 919/919 921/921
f 1033/1033 989/989 990/990
f 984/984 916/916 918/918
f 926/926 921/921 923/923
f 1034/1034 990/990 994/994
f 986/986 918/918 920/920
f 928/928 924/924 927/927
f 1035/1035 994/994 995/995
f 988/988 920/920 922/922
f 930/930 927/927 929/929
f 1036/1036 995/995 997/997
f 992/992 922/922 926/926
f 932/932 929/929 931/931
f 1037/1037 997/997 999/999
f 993/993 925/925 928/928
f 934/934 931/931 933/933
f 1038/1038 999/999 1002/1002
f 996/996 928/928 930/930
f 936/936 933/933 935/935
f 1039/1039 1002/1002 1003/1003
f 998/998 930/930 932/932
f 938/938 935/935 937/937
f 1040/1040 1003/1003 1005/1005
f 1000/1000 932/932 934/934
f 942/942 937/937 940/940
f 1041/1041 1005/1005 1009/1009
f 1001/1001 934/934 936/936
f 945/945 939/939 944/944
f 1042/1042 1009/1009 1010/1010
f 1004/1004 936/936 938/938
f 947/947 944/944 946/946
f 1043/1043 1010/1010 1013/1013
f 1007/1007 938/938 942/942
f 949/949 946/946 948/948
f 1016/1016 1013/1013 954/954
f 1008/1008 941/941 945/945
f 886/886 948/948 882/882
f 1047/1047 1014/1014 1017/1017
f 1011/1011 945/945 947/947
f 1017/1017 951/951 956/956
f 1044/1044 1015/1015 1014/1014
f 1012/1012 947/947 949/949
f 955/955 949/949 886/886
f 1018/1018 956/956 960/960
f 894/894 889/889 893/893
f 695/695 765/765 760/760
f 1016/1016 952/952 1015/1015
f 697/697 772/772 765/765
f 699/699 775/775 772/772
f 701/701 779/779 775/775
f 703/703 783/783 779/779
f 705/705 788/788 783/783
f 707/707 792/792 788/788
f 709/709 795/795 792/792
f 711/711 800/800 795/795
f 713/713 806/806 800/800
f 715/715 812/812 806/806
f 717/717 816/816 812/812
f 719/719 820/820 816/816
f 721/721 823/823 820/820
f 723/723 828/828 823/823
f 725/725 832/832 828/828
f 727/727 838/838 832/832
f 729/729 842/842 838/838
f 731/731 846/846 842/842
f 733/733 850/850 846/846
f 735/735 854/854 850/850
f 737/737 858/858 854/854
f 739/739 862/862 858/858
f 741/741 866/866 862/862
f 743/743 872/872 866/866
f 745/745 878/878 872/872
f 886/886 881/881 885/885
f 1048/1048 1017/1017 1018/1018
f 1020/1020 962/962 963/963
f 1078/1078 1047/1047 1048/1048
f 1049/1049 1018/1018 1019/1019
f 1046/1046 1015/1015 1045/1045
f 1051/1051 1020/1020 1021/1021
f 1052/1052 1021/1021 1022/1022
f 1053/1053 1022/1022 1023/1023
f 1054/1054 1023/1023 1024/1024
f 1055/1055 1024/1024 1025/1025
f 1056/1056 1025/1025 1026/1026
f 1057/1057 1026/1026 1027/1027
f 1058/1058 1027/1027 1028/1028
f 1059/1059 1028/1028 1029/1029
f 1060/1060 1029/1029 1030/1030
f 1061/1061 1030/1030 1031/1031
f 1062/1062 1031/1031 1032/1032
f 1063/1063 1032/1032 1033/1033
f 1064/1064 1033/1033 1034/1034
f 1065/1065 1034/1034 1035/1035
f 1066/1066 1035/1035 1036/1036
f 1067/1067 1036/1036 1037/1037
f 1068/1068 1037/1037 1038/1038
f 1069/1069 1038/1038 1039/1039
f 1070/1070 1039/1039 1040/1040
f 1071/1071 1040/1040 1041/1041
f 1072/1072 1041/1041 1042/1042
f 1073/1073 1042/1042 1043/1043
f 1046/1046 1043/1043 1016/1016
f 1077/1077 1044/1044 1047/1047
f 1074/1074 1045/1045 1044/1044
f 1050/1050 1019/1019 1020/1020
f 1082/1082 1108/1108 1081/1081
f 1079/1079 1048/1048 1049/1049
f 1076/1076 1045/1045 1075/1075
f 1081/1081 1050/1050 1051/1051
f 1082/1082 1051/1051 1052/1052
f 1083/1083 1052/1052 1053/1053
f 1084/1084 1053/1053 1054/1054
f 1085/1085 1054/1054 1055/1055
f 1086/1086 1055/1055 1056/1056
f 1087/1087 1056/1056 1057/1057
f 1088/1088 1057/1057 1058/1058
f 1089/1089 1058/1058 1059/1059
f 1090/1090 1059/1059 1060/1060
f 1091/1091 1060/1060 1061/1061
f 1092/1092 1061/1061 1062/1062
f 1093/1093 1062/1062 1063/1063
f 1094/1094 1063/1063 1064/1064
f 1095/1095 1064/1064 1065/1065
f 1096/1096 1065/1065 1066/1066
f 1097/1097 1066/1066 1067/1067
f 1098/1098 1067/1067 1068/1068
f 1099/1099 1068/1068 1069/1069
f 1100/1100 1069/1069 1070/1070
f 1101/1101 1070/1070 1071/1071
f 1102/1102 1071/1071 1072/1072
f 1103/1103 1072/1072 1073/1073
f 1076/1076 1073/1073 1046/1046
f 1106/1106 1074/1074 1077/1077
f 1080/1080 1049/1049 1050/1050
f 1074/1074 1104/1104 1075/1075
f 1107/1107 1078/1078 1079/1079
f 1105/1105 1075/1075 1104/1104
f 1108/1108 1080/1080 1081/1081
f 1086/1086 1110/1110 1085/1085
f 1109/1109 1082/1082 1083/1083
f 1088/1088 1111/1111 1087/1087
f 1110/1110 1084/1084 1085/1085
f 1090/1090 1112/1112 1089/1089
f 1111/1111 1086/1086 1087/1087
f 1092/1092 1113/1113 1091/1091
f 1112/1112 1088/1088 1089/1089
f 1094/1094 1114/1114 1093/1093
f 1113/1113 1090/1090 1091/1091
f 1096/1096 1115/1115 1095/1095
f 1114/1114 1092/1092 1093/1093
f 1098/1098 1116/1116 1097/1097
f 1115/1115 1094/1094 1095/1095
f 1100/1100 1117/1117 1099/1099
f 1116/1116 1096/1096 1097/1097
f 1102/1102 1118/1118 1101/1101
f 1117/1117 1098/1098 1099/1099
f 1119/1119 1135/1135 1133/1133
f 1118/1118 1100/1100 1101/1101
f 1133/1133 1135/1135 1132/1132
f 1105/1105 1102/1102 1103/1103
f 1135/1135 1119/1119 1120/1120
f 1134/1134 1104/1104 1106/1106
f 1076/1076 1105/1105 1103/1103
f 1084/1084 1109/1109 1083/1083
f 1078/1078 1106/1106 1077/1077
f 661/661 1119/1119 1133/1133
f 1080/1080 1107/1107 1079/1079
f 1104/1104 1134/1134 1105/1105
f 1134/1134 1106/1106 1107/1107
f 1134/1134 1107/1107 1108/1108
f 1134/1134 1108/1108 1109/1109
f 1134/1134 1109/1109 1110/1110
f 1134/1134 1110/1110 1111/1111
f 1134/1134 1111/1111 1112/1112
f 1134/1134 1112/1112 1113/1113
f 1134/1134 1113/1113 1114/1114
f 1134/1134 1114/1114 1115/1115
f 1134/1134 1115/1115 1116/1116
f 1134/1134 1116/1116 1117/1117
f 1134/1134 1117/1117 1118/1118
f 1134/1134 1118/1118 1105/1105
f 1131/1131 1135/1135 1130/1130
f 659/659 1120/1120 1119/1119
f 1119/1119 660/660 659/659
f 663/663 1133/1133 1132/1132
f 665/665 1132/1132 1131/1131
f 667/667 1131/1131 1130/1130
f 669/669 1130/1130 1129/1129
f 671/671 1129/1129 1128/1128
f 673/673 1128/1128 1127/1127
f 675/675 1127/1127 1126/1126
f 674/674 673/673 1127/1127
f 679/679 1125/1125 1124/1124
f 681/681 1124/1124 1123/1123
f 683/683 1123/1123 1122/1122
f 685/685 1122/1122 1121/1121
f 687/687 1121/1121 1120/1120
f 1121/1121 686/686 685/685
f 1133/1133 662/662 661/661
f 1124/1124 1135/1135 1123/1123
f 1131/1131 666/666 665/665
f 1132/1132 664/664 663/663
f 346/346 688/688 693/693
f 1122/1122 684/684 683/683
f 1123/1123 682/682 681/681
f 1124/1124 680/680 679/679
f 1125/1125 678/678 677/677
f 677/677 1126/1126 1125/1125
f 1126/1126 676/676 675/675
f 1128/1128 672/672 671/671
f 1129/1129 670/670 669/669
f 1130/1130 668/668 667/667
f 763/763 883/883 754/754
f 690/690 760/760 752/752
f 770/770 762/762 768/768
f 774/774 767/767 773/773
f 778/778 773/773 777/777
f 782/782 777/777 781/781
f 786/786 781/781 785/785
f 790/790 785/785 789/789
f 794/794 789/789 793/793
f 799/799 793/793 797/797
f 804/804 797/797 802/802
f 810/810 803/803 808/808
f 814/814 808/808 813/813
f 818/818 813/813 817/817
f 822/822 817/817 821/821
f 827/827 821/821 826/826
f 831/831 826/826 830/830
f 837/837 830/830 833/833
f 841/841 834/834 840/840
f 845/845 840/840 843/843
f 849/849 843/843 847/847
f 853/853 847/847 852/852
f 857/857 852/852 855/855
f 861/861 855/855 859/859
f 865/865 859/859 863/863
f 870/870 863/863 868/868
f 876/876 867/867 874/874
f 880/880 874/874 879/879
f 747/747 758/758 878/878
f 441/441 3/3 438/438
f 763/763 753/753 762/762
f 756/756 748/748 755/755
f 774/774 889/889 769/769
f 778/778 893/893 774/774
f 782/782 895/895 778/778
f 786/786 897/897 782/782
f 790/790 899/899 786/786
f 794/794 901/901 790/790
f 799/799 903/903 794/794
f 804/804 905/905 799/799
f 810/810 907/907 805/805
f 814/814 911/911 810/810
f 818/818 913/913 814/814
f 822/822 915/915 818/818
f 827/827 917/917 822/822
f 831/831 919/919 827/827
f 837/837 921/921 831/831
f 841/841 924/924 836/836
f 845/845 927/927 841/841
f 849/849 929/929 845/845
f 853/853 931/931 849/849
f 857/857 933/933 853/853
f 861/861 935/935 857/857
f 865/865 937/937 861/861
f 870/870 940/940 865/865
f 876/876 944/944 871/871
f 880/880 946/946 876/876
f 756/756 879/879 757/757
f 756/756 948/948 880/880
f 754/754 881/881 755/755
f 1014/1014 952/952 951/951
f 884/884 881/881 883/883
f 888/888 883/883 887/887
f 692/692 688/688 691/691
f 692/692 746/746 693/693
f 141/141 139/139 138/138
f 7/7 1/1 6/6
f 759/759 748/748 757/757
f 3/3 10/10 12/12
f 446/446 13/13 442/442
f 138/138 134/134 133/133
f 1149/1149 1143/1143 1142/1142
f 1256/1256 1236/1236 1250/1250
f 1139/1139 1145/1145 1140/1140
f 1144/1144 1151/1151 1145/1145
f 1170/1170 1172/1172 1171/1171
f 1146/1146 1148/1148 1141/1141
f 1146/1146 1140/1140 1145/1145
f 1221/1221 1144/1144 1139/1139
f 1215/1215 1153/1153 1144/1144
f 1156/1156 1160/1160 1157/1157
f 1149/1149 1141/1141 1148/1148
f 1147/1147 1158/1158 1161/1161
f 1162/1162 1165/1165 1166/1166
f 1220/1220 1154/1154 1218/1218
f 1250/1250 1164/1164 1159/1159
f 1168/1168 1171/1171 1169/1169
f 1289/1289 1173/1173 1287/1287
f 1148/1148 1169/1169 1171/1171
f 1172/1172 1173/1173 1174/1174
f 1221/1221 1138/1138 1226/1226
f 1150/1150 1172/1172 1174/1174
f 1312/1312 1308/1308 1311/1311
f 1284/1284 1173/1173 1170/1170
f 1291/1291 1170/1170 1168/1168
f 1156/1156 1152/1152 1155/1155
f 1494/1494 1257/1257 1240/1240
f 1486/1486 1292/1292 1272/1272
f 1297/1297 1178/1178 1298/1298
f 1180/1180 1177/1177 1178/1178
f 1200/1200 1191/1191 1188/1188
f 1196/1196 1203/1203 1211/1211
f 1182/1182 1195/1195 1183/1183
f 1194/1194 1203/1203 1195/1195
f 1222/1222 1198/1198 1216/1216
f 1197/1197 1199/1199 1186/1186
f 1196/1196 1183/1183 1195/1195
f 1510/1510 1194/1194 1182/1182
f 1204/1204 1206/1206 1203/1203
f 1509/1509 1204/1204 1194/1194
f 1574/1574 1514/1514 1513/1513
f 1207/1207 1213/1213 1209/1209
f 1200/1200 1186/1186 1199/1199
f 1198/1198 1210/1210 1214/1214
f 1256/1256 1155/1155 1220/1220
f 1300/1300 1179/1179 1193/1193
f 1193/1193 1175/1175 1190/1190
f 1147/1147 1162/1162 1169/1169
f 1222/1222 1200/1200 1199/1199
f 1208/1208 1203/1203 1206/1206
f 1152/1152 1154/1154 1155/1155
f 1159/1159 1163/1163 1160/1160
f 1228/1228 1206/1206 1205/1205
f 1219/1219 1198/1198 1214/1214
f 1234/1234 1229/1229 1233/1233
f 1580/1580 1513/1513 1519/1519
f 1228/1228 1233/1233 1229/1229
f 1497/1497 1240/1240 1239/1239
f 1573/1573 1508/1508 1511/1511
f 1235/1235 1237/1237 1231/1231
f 1501/1501 1232/1232 1228/1228
f 1230/1230 1206/1206 1229/1229
f 1239/1239 1241/1241 1238/1238
f 1499/1499 1239/1239 1232/1232
f 1572/1572 1506/1506 1508/1508
f 1242/1242 1249/1249 1245/1245
f 1212/1212 1231/1231 1237/1237
f 1236/1236 1246/1246 1248/1248
f 1291/1291 1166/1166 1254/1254
f 1481/1481 1180/1180 1478/1478
f 1290/1290 1267/1267 1283/1283
f 1148/1148 1172/1172 1149/1149
f 1212/1212 1218/1218 1213/1213
f 1304/1304 1137/1137 1143/1143
f 1243/1243 1238/1238 1241/1241
f 1252/1252 1236/1236 1248/1248
f 1264/1264 1258/1258 1263/1263
f 1569/1569 1503/1503 1507/1507
f 1257/1257 1263/1263 1258/1258
f 1489/1489 1272/1272 1271/1271
f 1566/1566 1500/1500 1502/1502
f 1266/1266 1268/1268 1259/1259
f 1493/1493 1261/1261 1257/1257
f 1271/1271 1273/1273 1270/1270
f 1491/1491 1271/1271 1261/1261
f 1564/1564 1498/1498 1500/1500
f 1275/1275 1281/1281 1277/1277
f 1247/1247 1259/1259 1268/1268
f 1267/1267 1279/1279 1282/1282
f 1306/1306 1174/1174 1289/1289
f 1582/1582 1519/1519 1521/1521
f 1232/1232 1238/1238 1233/1233
f 1307/1307 1302/1302 1305/1305
f 1302/1302 1192/1192 1202/1202
f 1247/1247 1251/1251 1249/1249
f 1276/1276 1269/1269 1274/1274
f 1286/1286 1267/1267 1282/1282
f 1300/1300 1294/1294 1299/1299
f 1560/1560 1495/1495 1498/1498
f 1292/1292 1298/1298 1293/1293
f 1557/1557 1490/1490 1492/1492
f 1301/1301 1303/1303 1296/1296
f 1483/1483 1297/1297 1292/1292
f 1477/1477 1180/1180 1297/1297
f 1280/1280 1296/1296 1303/1303
f 1168/1168 1162/1162 1166/1166
f 1253/1253 1164/1164 1252/1252
f 1146/1146 1151/1151 1158/1158
f 1308/1308 1309/1309 1311/1311
f 1555/1555 1485/1485 1487/1487
f 1280/1280 1285/1285 1281/1281
f 1182/1182 1177/1177 1181/1181
f 1481/1481 1182/1182 1181/1181
f 1504/1504 1228/1228 1205/1205
f 1261/1261 1270/1270 1263/1263
f 1551/1551 1511/1511 1482/1482
f 1257/1257 1241/1241 1240/1240
f 1317/1317 1308/1308 1316/1316
f 1567/1567 1502/1502 1503/1503
f 1292/1292 1273/1273 1272/1272
f 1558/1558 1492/1492 1496/1496
f 1223/1223 1302/1302 1202/1202
f 1354/1354 1317/1317 1325/1325
f 1315/1315 1308/1308 1314/1314
f 1324/1324 1317/1317 1316/1316
f 1345/1345 1309/1309 1317/1317
f 1312/1312 1320/1320 1314/1314
f 1318/1318 1326/1326 1320/1320
f 1340/1340 1342/1342 1341/1341
f 1321/1321 1323/1323 1315/1315
f 1321/1321 1314/1314 1320/1320
f 1463/1463 1319/1319 1313/1313
f 1462/1462 1327/1327 1319/1319
f 1542/1542 1447/1447 1446/1446
f 1331/1331 1334/1334 1332/1332
f 1324/1324 1315/1315 1323/1323
f 1322/1322 1332/1332 1334/1334
f 1335/1335 1336/1336 1337/1337
f 1434/1434 1330/1330 1327/1327
f 1428/1428 1336/1336 1333/1333
f 1534/1534 1414/1414 1413/1413
f 1338/1338 1341/1341 1339/1339
f 1363/1363 1344/1344 1343/1343
f 1323/1323 1339/1339 1341/1341
f 1342/1342 1343/1343 1344/1344
f 1325/1325 1342/1342 1344/1344
f 1518/1518 1389/1389 1515/1515
f 1397/1397 1343/1343 1340/1340
f 1452/1452 1432/1432 1442/1442
f 1398/1398 1340/1340 1338/1338
f 1525/1525 1374/1374 1373/1373
f 1331/1331 1326/1326 1329/1329
f 1387/1387 1388/1388 1394/1394
f 1463/1463 1310/1310 1350/1350
f 1338/1338 1335/1335 1337/1337
f 1357/1357 1352/1352 1348/1348
f 1402/1402 1337/1337 1336/1336
f 1355/1355 1365/1365 1368/1368
f 1321/1321 1326/1326 1332/1332
f 1353/1353 1356/1356 1346/1346
f 1357/1357 1346/1346 1356/1356
f 1361/1361 1368/1368 1365/1365
f 1522/1522 1375/1375 1374/1374
f 1424/1424 1371/1371 1426/1426
f 1375/1375 1370/1370 1374/1374
f 1383/1383 1370/1370 1380/1380
f 1371/1371 1374/1374 1370/1370
f 1384/1384 1388/1388 1385/1385
f 1585/1585 1527/1527 1528/1528
f 1393/1393 1388/1388 1391/1391
f 1375/1375 1385/1385 1376/1376
f 1430/1430 1329/1329 1437/1437
f 1587/1587 1528/1528 1532/1532
f 1389/1389 1391/1391 1388/1388
f 1512/1512 1389/1389 1384/1384
f 1427/1427 1400/1400 1418/1418
f 1386/1386 1357/1357 1356/1356
f 1427/1427 1372/1372 1382/1382
f 1354/1354 1344/1344 1364/1364
f 1387/1387 1376/1376 1385/1385
f 1427/1427 1366/1366 1401/1401
f 1400/1400 1404/1404 1409/1409
f 1399/1399 1401/1401 1396/1396
f 1366/1366 1396/1396 1401/1401
f 1398/1398 1337/1337 1405/1405
f 1403/1403 1408/1408 1406/1406
f 1531/1531 1415/1415 1414/1414
f 1457/1457 1412/1412 1458/1458
f 1415/1415 1411/1411 1414/1414
f 1423/1423 1411/1411 1419/1419
f 1412/1412 1414/1414 1411/1411
f 1590/1590 1536/1536 1537/1537
f 1415/1415 1426/1426 1417/1417
f 1471/1471 1391/1391 1470/1470
f 1592/1592 1537/1537 1539/1539
f 1520/1520 1384/1384 1375/1375
f 1392/1392 1357/1357 1395/1395
f 1460/1460 1412/1412 1423/1423
f 1469/1469 1391/1391 1390/1390
f 1427/1427 1416/1416 1425/1425
f 1381/1381 1355/1355 1368/1368
f 1465/1465 1349/1349 1359/1359
f 1459/1459 1407/1407 1433/1433
f 1432/1432 1436/1436 1442/1442
f 1431/1431 1433/1433 1429/1429
f 1407/1407 1429/1429 1433/1433
f 1323/1323 1342/1342 1324/1324
f 1435/1435 1443/1443 1438/1438
f 1541/1541 1448/1448 1447/1447
f 1472/1472 1445/1445 1473/1473
f 1448/1448 1444/1444 1447/1447
f 1454/1454 1444/1444 1453/1453
f 1445/1445 1447/1447 1444/1444
f 1599/1599 1545/1545 1546/1546
f 1448/1448 1458/1458 1449/1449
f 1552/1552 1476/1476 1484/1484
f 1579/1579 1546/1546 1517/1517
f 1529/1529 1424/1424 1415/1415
f 1526/1526 1373/1373 1424/1424
f 1588/1588 1530/1530 1533/1533
f 1475/1475 1445/1445 1454/1454
f 1459/1459 1432/1432 1450/1450
f 1460/1460 1449/1449 1458/1458
f 1420/1420 1400/1400 1409/1409
f 1474/1474 1440/1440 1467/1467
f 1386/1386 1355/1355 1377/1377
f 1464/1464 1467/1467 1461/1461
f 1440/1440 1461/1461 1467/1467
f 1322/1322 1335/1335 1339/1339
f 1393/1393 1466/1466 1360/1360
f 1548/1548 1479/1479 1476/1476
f 1326/1326 1328/1328 1329/1329
f 1333/1333 1335/1335 1334/1334
f 1518/1518 1469/1469 1390/1390
f 1469/1469 1473/1473 1470/1470
f 1475/1475 1470/1470 1473/1473
f 1620/1620 1622/1622 1624/1624
f 1583/1583 1523/1523 1524/1524
f 1538/1538 1457/1457 1448/1448
f 1535/1535 1413/1413 1457/1457
f 1595/1595 1540/1540 1543/1543
f 1475/1475 1466/1466 1471/1471
f 1547/1547 1472/1472 1469/1469
f 1366/1366 1379/1379 1369/1369
f 1589/1589 1533/1533 1536/1536
f 1407/1407 1421/1421 1408/1408
f 1596/1596 1543/1543 1545/1545
f 1590/1590 1608/1608 1609/1609
f 1441/1441 1452/1452 1442/1442
f 1544/1544 1446/1446 1472/1472
f 1562/1562 1611/1611 1558/1558
f 1607/1607 1594/1594 1606/1606
f 1553/1553 1484/1484 1485/1485
f 1482/1482 1549/1549 1551/1551
f 1307/1307 1280/1280 1303/1303
f 1430/1430 1333/1333 1331/1331
f 1290/1290 1247/1247 1268/1268
f 1351/1351 1309/1309 1347/1347
f 1265/1265 1269/1269 1278/1278
f 1256/1256 1212/1212 1237/1237
f 1295/1295 1274/1274 1294/1294
f 1234/1234 1238/1238 1244/1244
f 1505/1505 1205/1205 1204/1204
f 1260/1260 1241/1241 1258/1258
f 1187/1187 1176/1176 1184/1184
f 1556/1556 1488/1488 1490/1490
f 1579/1579 1516/1516 1576/1576
f 1378/1378 1370/1370 1376/1376
f 1418/1418 1410/1410 1416/1416
f 1451/1451 1444/1444 1449/1449
f 1584/1584 1524/1524 1527/1527
f 1589/1589 1609/1609 1610/1610
f 1606/1606 1597/1597 1605/1605
f 1585/1585 1613/1613 1614/1614
f 1584/1584 1614/1614 1615/1615
f 1632/1632 1620/1620 1631/1631
f 1795/1795 1632/1632 1640/1640
f 1626/1626 1621/1621 1623/1623
f 1604/1604 1577/1577 1601/1601
f 1602/1602 1575/1575 1600/1600
f 1552/1552 1604/1604 1548/1548
f 1605/1605 1598/1598 1604/1604
f 1573/1573 1600/1600 1603/1603
f 1553/1553 1605/1605 1552/1552
f 1555/1555 1606/1606 1553/1553
f 1554/1554 1609/1609 1608/1608
f 1556/1556 1610/1610 1609/1609
f 1561/1561 1614/1614 1613/1613
f 1563/1563 1615/1615 1614/1614
f 1565/1565 1616/1616 1615/1615
f 1568/1568 1617/1617 1616/1616
f 1571/1571 1619/1619 1618/1618
f 1572/1572 1603/1603 1619/1619
f 1580/1580 1618/1618 1619/1619
f 1548/1548 1601/1601 1550/1550
f 1574/1574 1600/1600 1575/1575
f 1549/1549 1600/1600 1551/1551
f 1611/1611 1589/1589 1610/1610
f 1558/1558 1610/1610 1557/1557
f 1612/1612 1588/1588 1611/1611
f 1629/1629 1621/1621 1628/1628
f 1574/1574 1619/1619 1603/1603
f 1710/1710 1624/1624 1622/1622
f 1583/1583 1615/1615 1616/1616
f 1711/1711 1682/1682 1712/1712
f 1581/1581 1616/1616 1617/1617
f 1750/1750 1646/1646 1644/1644
f 1638/1638 1632/1632 1631/1631
f 1751/1751 1724/1724 1744/1744
f 1626/1626 1634/1634 1628/1628
f 1633/1633 1641/1641 1634/1634
f 1654/1654 1656/1656 1655/1655
f 1635/1635 1637/1637 1629/1629
f 1635/1635 1628/1628 1634/1634
f 1709/1709 1633/1633 1626/1626
f 1701/1701 1642/1642 1633/1633
f 1644/1644 1647/1647 1645/1645
f 1639/1639 1629/1629 1637/1637
f 1636/1636 1645/1645 1647/1647
f 1648/1648 1649/1649 1650/1650
f 1705/1705 1642/1642 1704/1704
f 1743/1743 1649/1649 1646/1646
f 1651/1651 1655/1655 1652/1652
f 1781/1781 1659/1659 1779/1779
f 1637/1637 1652/1652 1655/1655
f 1657/1657 1659/1659 1660/1660
f 1708/1708 1625/1625 1712/1712
f 1640/1640 1657/1657 1660/1660
f 1799/1799 1796/1796 1798/1798
f 1777/1777 1659/1659 1653/1653
f 1782/1782 1654/1654 1651/1651
f 1644/1644 1641/1641 1643/1643
f 1984/1984 1752/1752 1730/1730
f 1976/1976 1784/1784 1766/1766
f 1788/1788 1662/1662 1789/1789
f 1663/1663 1661/1661 1662/1662
f 1682/1682 1673/1673 1669/1669
f 1677/1677 1686/1686 1694/1694
f 1665/1665 1676/1676 1666/1666
f 1674/1674 1685/1685 1676/1676
f 1708/1708 1680/1680 1702/1702
f 1678/1678 1681/1681 1668/1668
f 1679/1679 1666/1666 1676/1676
f 2001/2001 1674/1674 1665/1665
f 1687/1687 1691/1691 1686/1686
f 1999/1999 1688/1688 1674/1674
f 2065/2065 2005/2005 2003/2003
f 1693/1693 1699/1699 1696/1696
f 1682/1682 1668/1668 1681/1681
f 1680/1680 1695/1695 1700/1700
f 1750/1750 1643/1643 1705/1705
f 1790/1790 1662/1662 1671/1671
f 1671/1671 1661/1661 1670/1670
f 1636/1636 1648/1648 1652/1652
f 1708/1708 1682/1682 1681/1681
f 1692/1692 1686/1686 1691/1691
f 1641/1641 1642/1642 1643/1643
f 1646/1646 1648/1648 1647/1647
f 1714/1714 1691/1691 1690/1690
f 1703/1703 1680/1680 1700/1700
f 1722/1722 1716/1716 1721/1721
f 2069/2069 2003/2003 2010/2010
f 1714/1714 1721/1721 1716/1716
f 1987/1987 1730/1730 1728/1728
f 2064/2064 1998/1998 2000/2000
f 1723/1723 1725/1725 1717/1717
f 1992/1992 1720/1720 1715/1715
f 1718/1718 1691/1691 1716/1716
f 1728/1728 1732/1732 1727/1727
f 1989/1989 1728/1728 1720/1720
f 2063/2063 1996/1996 1998/1998
f 1736/1736 1742/1742 1739/1739
f 1697/1697 1717/1717 1725/1725
f 1724/1724 1737/1737 1741/1741
f 1782/1782 1650/1650 1749/1749
f 1972/1972 1663/1663 1970/1970
f 1783/1783 1762/1762 1776/1776
f 1637/1637 1656/1656 1639/1639
f 1698/1698 1703/1703 1700/1700
f 1794/1794 1622/1622 1632/1632
f 1735/1735 1726/1726 1733/1733
f 1745/1745 1724/1724 1741/1741
f 1761/1761 1753/1753 1759/1759
f 2062/2062 1993/1993 1997/1997
f 1752/1752 1759/1759 1753/1753
f 1978/1978 1766/1766 1765/1765
f 2058/2058 1990/1990 1991/1991
f 1760/1760 1763/1763 1757/1757
f 1982/1982 1758/1758 1752/1752
f 1765/1765 1767/1767 1764/1764
f 1980/1980 1765/1765 1758/1758
f 2057/2057 1988/1988 1990/1990
f 1768/1768 1774/1774 1772/1772
f 1740/1740 1757/1757 1763/1763
f 1762/1762 1770/1770 1775/1775
f 1795/1795 1660/1660 1781/1781
f 2070/2070 2010/2010 2012/2012
f 1719/1719 1726/1726 1721/1721
f 1795/1795 1792/1792 1794/1794
f 1792/1792 1672/1672 1684/1684
f 1740/1740 1747/1747 1742/1742
f 1769/1769 1764/1764 1767/1767
f 1780/1780 1762/1762 1775/1775
f 1790/1790 1785/1785 1789/1789
f 2056/2056 1985/1985 1988/1988
f 1784/1784 1789/1789 1785/1785
f 2052/2052 1981/1981 1983/1983
f 1791/1791 1793/1793 1786/1786
f 1974/1974 1788/1788 1784/1784
f 1966/1966 1663/1663 1788/1788
f 1773/1773 1786/1786 1793/1793
f 1651/1651 1648/1648 1650/1650
f 1749/1749 1649/1649 1746/1746
f 1635/1635 1641/1641 1645/1645
f 1796/1796 1797/1797 1798/1798
f 2050/2050 1975/1975 1977/1977
f 1773/1773 1779/1779 1774/1774
f 1665/1665 1661/1661 1664/1664
f 1972/1972 1665/1665 1664/1664
f 1994/1994 1715/1715 1689/1689
f 1758/1758 1764/1764 1759/1759
f 2043/2043 2000/2000 1971/1971
f 1752/1752 1732/1732 1730/1730
f 1803/1803 1796/1796 1802/1802
f 2059/2059 1991/1991 1993/1993
f 1784/1784 1767/1767 1766/1766
f 2054/2054 1983/1983 1986/1986
f 1710/1710 1792/1792 1684/1684
f 1844/1844 1803/1803 1810/1810
f 1801/1801 1796/1796 1800/1800
f 1809/1809 1803/1803 1802/1802
f 1836/1836 1797/1797 1803/1803
f 1799/1799 1805/1805 1800/1800
f 1804/1804 1811/1811 1805/1805
f 1827/1827 1830/1830 1828/1828
f 1806/1806 1808/1808 1801/1801
f 1806/1806 1800/1800 1805/1805
f 1954/1954 1804/1804 1799/1799
f 1953/1953 1812/1812 1804/1804
f 2033/2033 1939/1939 1938/1938
f 1814/1814 1817/1817 1815/1815
f 1809/1809 1801/1801 1808/1808
f 1807/1807 1815/1815 1817/1817
f 1818/1818 1819/1819 1821/1821
f 1926/1926 1813/1813 1812/1812
f 1920/1920 1819/1819 1816/1816
f 2022/2022 1909/1909 1908/1908
f 1823/1823 1828/1828 1826/1826
f 1851/1851 1834/1834 1833/1833
f 1808/1808 1825/1825 1829/1829
f 1831/1831 1832/1832 1835/1835
f 1810/1810 1831/1831 1835/1835
f 2006/2006 1879/1879 2004/2004
f 1889/1889 1833/1833 1827/1827
f 1944/1944 1924/1924 1932/1932
f 1891/1891 1827/1827 1823/1823
f 2015/2015 1864/1864 1863/1863
f 1814/1814 1811/1811 1813/1813
f 1875/1875 1877/1877 1887/1887
f 1954/1954 1798/1798 1841/1841
f 1824/1824 1818/1818 1821/1821
f 1847/1847 1842/1842 1839/1839
f 1896/1896 1822/1822 1820/1820
f 1845/1845 1855/1855 1860/1860
f 1806/1806 1811/1811 1815/1815
f 1843/1843 1846/1846 1837/1837
f 1847/1847 1837/1837 1846/1846
f 1850/1850 1859/1859 1852/1852
f 2013/2013 1865/1865 1864/1864
f 1917/1917 1862/1862 1918/1918
f 1865/1865 1861/1861 1864/1864
f 1872/1872 1861/1861 1869/1869
f 1862/1862 1864/1864 1861/1861
f 1873/1873 1877/1877 1874/1874
f 2077/2077 2016/2016 2019/2019
f 1884/1884 1878/1878 1881/1881
f 1865/1865 1874/1874 1866/1866
f 1922/1922 1813/1813 1929/1929
f 2079/2079 2019/2019 2021/2021
f 1879/1879 1882/1882 1877/1877
f 2002/2002 1879/1879 1873/1873
f 1919/1919 1892/1892 1912/1912
f 1876/1876 1847/1847 1846/1846
f 1919/1919 1862/1862 1872/1872
f 1844/1844 1835/1835 1854/1854
f 1875/1875 1866/1866 1874/1874
f 1919/1919 1857/1857 1895/1895
f 1893/1893 1900/1900 1904/1904
f 1890/1890 1894/1894 1888/1888
f 1856/1856 1888/1888 1894/1894
f 1891/1891 1822/1822 1901/1901
f 1898/1898 1905/1905 1899/1899
f 2020/2020 1910/1910 1909/1909
f 1948/1948 1907/1907 1949/1949
f 1910/1910 1906/1906 1909/1909
f 1916/1916 1906/1906 1914/1914
f 1907/1907 1909/1909 1906/1906
f 2085/2085 2026/2026 2027/2027
f 1910/1910 1918/1918 1911/1911
f 1961/1961 1881/1881 1960/1960
f 2086/2086 2027/2027 2029/2029
f 2009/2009 1873/1873 1865/1865
f 1883/1883 1847/1847 1885/1885
f 1951/1951 1907/1907 1916/1916
f 1958/1958 1882/1882 1880/1880
f 1919/1919 1911/1911 1918/1918
f 1870/1870 1845/1845 1860/1860
f 1956/1956 1840/1840 1848/1848
f 1950/1950 1902/1902 1925/1925
f 1924/1924 1928/1928 1932/1932
f 1923/1923 1925/1925 1921/1921
f 1902/1902 1921/1921 1925/1925
f 1808/1808 1831/1831 1809/1809
f 1927/1927 1933/1933 1930/1930
f 2031/2031 1940/1940 1939/1939
f 1962/1962 1937/1937 1964/1964
f 1940/1940 1935/1935 1939/1939
f 1947/1947 1934/1934 1945/1945
f 1937/1937 1939/1939 1935/1935
f 2090/2090 2035/2035 2037/2037
f 1940/1940 1949/1949 1941/1941
f 2044/2044 1967/1967 1973/1973
f 2067/2067 2037/2037 2008/2008
f 2018/2018 1917/1917 1910/1910
f 2017/2017 1863/1863 1917/1917
f 2082/2082 2021/2021 2024/2024
f 1965/1965 1936/1936 1947/1947
f 1950/1950 1924/1924 1942/1942
f 1951/1951 1941/1941 1949/1949
f 1914/1914 1892/1892 1903/1903
f 1965/1965 1931/1931 1957/1957
f 1876/1876 1845/1845 1868/1868
f 1955/1955 1957/1957 1952/1952
f 1931/1931 1952/1952 1957/1957
f 1807/1807 1818/1818 1825/1825
f 1884/1884 1956/1956 1848/1848
f 2039/2039 1968/1968 1967/1967
f 1811/1811 1812/1812 1813/1813
f 1816/1816 1818/1818 1817/1817
f 2006/2006 1958/1958 1880/1880
f 1958/1958 1964/1964 1959/1959
f 1965/1965 1960/1960 1963/1963
f 2111/2111 2112/2112 2113/2113
f 2072/2072 2011/2011 2014/2014
f 2028/2028 1948/1948 1940/1940
f 2025/2025 1908/1908 1948/1948
f 2088/2088 2030/2030 2032/2032
f 1965/1965 1956/1956 1961/1961
f 2036/2036 1962/1962 1958/1958
f 1858/1858 1870/1870 1860/1860
f 2084/2084 2023/2023 2026/2026
f 1902/1902 1913/1913 1905/1905
f 2089/2089 2032/2032 2035/2035
f 2085/2085 2098/2098 2100/2100
f 1931/1931 1945/1945 1933/1933
f 2034/2034 1938/1938 1962/1962
f 2055/2055 2102/2102 2054/2054
f 2099/2099 2088/2088 2097/2097
f 2046/2046 1973/1973 1975/1975
f 1971/1971 2042/2042 2043/2043
f 1795/1795 1773/1773 1793/1793
f 1922/1922 1816/1816 1814/1814
f 1783/1783 1740/1740 1763/1763
f 1841/1841 1797/1797 1838/1838
f 1761/1761 1764/1764 1771/1771
f 1751/1751 1697/1697 1725/1725
f 1787/1787 1767/1767 1785/1785
f 1722/1722 1726/1726 1738/1738
f 1995/1995 1689/1689 1688/1688
f 1756/1756 1731/1731 1754/1754
f 1667/1667 1661/1661 1666/1666
f 2051/2051 1979/1979 1981/1981
f 2068/2068 2005/2005 2066/2066
f 1867/1867 1861/1861 1866/1866
f 1912/1912 1906/1906 1911/1911
f 1943/1943 1935/1935 1941/1941
f 2075/2075 2014/2014 2016/2016
f 2084/2084 2100/2100 2101/2101
f 2097/2097 2089/2089 2096/2096
f 2078/2078 2104/2104 2105/2105
f 2076/2076 2105/2105 2106/2106
f 2118/2118 2111/2111 2117/2117
f 2284/2284 2118/2118 2125/2125
f 2114/2114 2111/2111 2113/2113
f 2095/2095 2067/2067 2092/2092
f 2093/2093 2066/2066 2091/2091
f 2045/2045 2095/2095 2038/2038
f 2096/2096 2090/2090 2095/2095
f 2064/2064 2091/2091 2094/2094
f 2047/2047 2096/2096 2045/2045
f 2048/2048 2097/2097 2047/2047
f 2049/2049 2100/2100 2098/2098
f 2051/2051 2101/2101 2100/2100
f 2056/2056 2105/2105 2104/2104
f 2057/2057 2106/2106 2105/2105
f 2058/2058 2108/2108 2106/2106
f 2060/2060 2109/2109 2107/2107
f 2061/2061 2110/2110 2109/2109
f 2063/2063 2094/2094 2110/2110
f 2069/2069 2109/2109 2110/2110
f 2038/2038 2092/2092 2040/2040
f 2065/2065 2091/2091 2066/2066
f 2042/2042 2091/2091 2043/2043
f 2102/2102 2084/2084 2101/2101
f 2054/2054 2101/2101 2052/2052
f 2103/2103 2083/2083 2102/2102
f 2116/2116 2111/2111 2115/2115
f 2065/2065 2110/2110 2094/2094
f 2200/2200 2113/2113 2112/2112
f 2074/2074 2106/2106 2108/2108
f 2201/2201 2176/2176 2202/2202
f 2070/2070 2107/2107 2109/2109
f 2231/2231 2135/2135 2132/2132
f 2124/2124 2118/2118 2117/2117
f 2231/2231 2213/2213 2227/2227
f 2114/2114 2120/2120 2115/2115
f 2119/2119 2126/2126 2120/2120
f 2146/2146 2148/2148 2147/2147
f 2121/2121 2123/2123 2116/2116
f 2121/2121 2115/2115 2120/2120
f 2198/2198 2119/2119 2114/2114
f 2191/2191 2127/2127 2119/2119
f 2132/2132 2137/2137 2134/2134
f 2124/2124 2116/2116 2123/2123
f 2122/2122 2133/2133 2136/2136
f 2138/2138 2140/2140 2141/2141
f 2196/2196 2128/2128 2194/2194
f 2227/2227 2140/2140 2135/2135
f 2144/2144 2147/2147 2145/2145
f 2262/2262 2149/2149 2259/2259
f 2123/2123 2145/2145 2147/2147
f 2148/2148 2149/2149 2150/2150
f 2198/2198 2113/2113 2203/2203
f 2125/2125 2148/2148 2150/2150
f 2289/2289 2285/2285 2288/2288
f 2258/2258 2149/2149 2146/2146
f 2264/2264 2146/2146 2144/2144
f 2131/2131 2126/2126 2129/2129
f 2468/2468 2232/2232 2217/2217
f 2458/2458 2268/2268 2245/2245
f 2273/2273 2155/2155 2276/2276
f 2156/2156 2152/2152 2155/2155
f 2176/2176 2168/2168 2164/2164
f 2173/2173 2179/2179 2186/2186
f 2158/2158 2171/2171 2160/2160
f 2170/2170 2179/2179 2171/2171
f 2199/2199 2174/2174 2192/2192
f 2172/2172 2175/2175 2163/2163
f 2173/2173 2160/2160 2171/2171
f 2483/2483 2170/2170 2158/2158
f 2180/2180 2182/2182 2179/2179
f 2481/2481 2180/2180 2170/2170
f 2547/2547 2488/2488 2485/2485
f 2183/2183 2190/2190 2187/2187
f 2177/2177 2163/2163 2175/2175
f 2174/2174 2187/2187 2190/2190
f 2231/2231 2130/2130 2196/2196
f 2277/2277 2154/2154 2169/2169
f 2169/2169 2151/2151 2165/2165
f 2122/2122 2139/2139 2145/2145
f 2199/2199 2177/2177 2175/2175
f 2185/2185 2179/2179 2182/2182
f 2126/2126 2127/2127 2129/2129
f 2135/2135 2138/2138 2137/2137
f 2205/2205 2182/2182 2181/2181
f 2195/2195 2174/2174 2190/2190
f 2211/2211 2206/2206 2210/2210
f 2553/2553 2485/2485 2493/2493
f 2205/2205 2210/2210 2206/2206
f 2470/2470 2217/2217 2216/2216
f 2546/2546 2482/2482 2484/2484
f 2212/2212 2214/2214 2207/2207
f 2475/2475 2209/2209 2205/2205
f 2208/2208 2182/2182 2206/2206
f 2216/2216 2218/2218 2215/2215
f 2472/2472 2216/2216 2209/2209
f 2545/2545 2480/2480 2482/2482
f 2221/2221 2226/2226 2222/2222
f 2188/2188 2207/2207 2214/2214
f 2213/2213 2222/2222 2226/2226
f 2266/2266 2141/2141 2230/2230
f 2454/2454 2156/2156 2451/2451
f 2265/2265 2240/2240 2257/2257
f 2123/2123 2148/2148 2124/2124
f 2189/2189 2195/2195 2190/2190
f 2282/2282 2112/2112 2118/2118
f 2219/2219 2215/2215 2218/2218
f 2228/2228 2213/2213 2226/2226
f 2239/2239 2233/2233 2237/2237
f 2544/2544 2476/2476 2480/2480
f 2232/2232 2237/2237 2233/2233
f 2460/2460 2245/2245 2244/2244
f 2540/2540 2473/2473 2474/2474
f 2238/2238 2241/2241 2235/2235
f 2466/2466 2236/2236 2232/2232
f 2244/2244 2246/2246 2243/2243
f 2463/2463 2244/2244 2236/2236
f 2538/2538 2471/2471 2473/2473
f 2250/2250 2256/2256 2253/2253
f 2225/2225 2235/2235 2241/2241
f 2240/2240 2253/2253 2256/2256
f 2284/2284 2150/2150 2262/2262
f 2554/2554 2493/2493 2495/2495
f 2209/2209 2215/2215 2210/2210
f 2283/2283 2279/2279 2281/2281
f 2279/2279 2168/2168 2178/2178
f 2224/2224 2228/2228 2226/2226
f 2249/2249 2242/2242 2247/2247
f 2260/2260 2240/2240 2256/2256
f 2277/2277 2270/2270 2275/2275
f 2536/2536 2469/2469 2471/2471
f 2267/2267 2275/2275 2270/2270
f 2531/2531 2464/2464 2465/2465
f 2278/2278 2280/2280 2271/2271
f 2457/2457 2273/2273 2268/2268
f 2450/2450 2156/2156 2273/2273
f 2255/2255 2271/2271 2280/2280
f 2144/2144 2139/2139 2142/2142
f 2230/2230 2140/2140 2228/2228
f 2121/2121 2126/2126 2133/2133
f 2285/2285 2286/2286 2288/2288
f 2528/2528 2459/2459 2461/2461
f 2254/2254 2260/2260 2256/2256
f 2158/2158 2152/2152 2157/2157
f 2454/2454 2158/2158 2157/2157
f 2478/2478 2205/2205 2181/2181
f 2236/2236 2243/2243 2237/2237
f 2524/2524 2484/2484 2453/2453
f 2232/2232 2218/2218 2217/2217
f 2294/2294 2285/2285 2293/2293
f 2542/2542 2474/2474 2477/2477
f 2268/2268 2246/2246 2245/2245
f 2534/2534 2465/2465 2467/2467
f 2201/2201 2279/2279 2178/2178
f 2330/2330 2294/2294 2302/2302
f 2292/2292 2285/2285 2291/2291
f 2301/2301 2294/2294 2293/2293
f 2321/2321 2286/2286 2294/2294
f 2289/2289 2297/2297 2291/2291
f 2296/2296 2303/2303 2297/2297
f 2316/2316 2318/2318 2317/2317
f 2298/2298 2300/2300 2292/2292
f 2298/2298 2291/2291 2297/2297
f 2438/2438 2295/2295 2290/2290
f 2435/2435 2304/2304 2295/2295
f 2514/2514 2422/2422 2421/2421
f 2307/2307 2310/2310 2308/2308
f 2301/2301 2292/2292 2300/2300
f 2299/2299 2308/2308 2310/2310
f 2311/2311 2312/2312 2313/2313
f 2410/2410 2306/2306 2305/2305
f 2403/2403 2312/2312 2309/2309
f 2507/2507 2390/2390 2389/2389
f 2314/2314 2317/2317 2315/2315
f 2339/2339 2320/2320 2319/2319
f 2300/2300 2315/2315 2317/2317
f 2318/2318 2319/2319 2320/2320
f 2302/2302 2318/2318 2320/2320
f 2491/2491 2365/2365 2489/2489
f 2372/2372 2319/2319 2316/2316
f 2427/2427 2407/2407 2418/2418
f 2374/2374 2316/2316 2314/2314
f 2496/2496 2350/2350 2349/2349
f 2307/2307 2303/2303 2306/2306
f 2363/2363 2364/2364 2369/2369
f 2438/2438 2287/2287 2327/2327
f 2314/2314 2311/2311 2313/2313
f 2334/2334 2328/2328 2324/2324
f 2377/2377 2313/2313 2312/2312
f 2331/2331 2341/2341 2345/2345
f 2298/2298 2303/2303 2308/2308
f 2329/2329 2332/2332 2322/2322
f 2333/2333 2322/2322 2332/2332
f 2340/2340 2345/2345 2341/2341
f 2494/2494 2351/2351 2350/2350
f 2399/2399 2348/2348 2400/2400
f 2351/2351 2346/2346 2350/2350
f 2359/2359 2346/2346 2355/2355
f 2348/2348 2350/2350 2346/2346
f 2360/2360 2364/2364 2361/2361
f 2558/2558 2499/2499 2502/2502
f 2368/2368 2364/2364 2367/2367
f 2351/2351 2361/2361 2352/2352
f 2405/2405 2306/2306 2414/2414
f 2559/2559 2502/2502 2504/2504
f 2365/2365 2367/2367 2364/2364
f 2486/2486 2365/2365 2360/2360
f 2402/2402 2375/2375 2394/2394
f 2362/2362 2333/2333 2332/2332
f 2402/2402 2347/2347 2357/2357
f 2330/2330 2320/2320 2342/2342
f 2363/2363 2352/2352 2361/2361
f 2402/2402 2344/2344 2376/2376
f 2375/2375 2381/2381 2384/2384
f 2373/2373 2376/2376 2371/2371
f 2344/2344 2371/2371 2376/2376
f 2374/2374 2313/2313 2380/2380
f 2378/2378 2384/2384 2381/2381
f 2503/2503 2391/2391 2390/2390
f 2431/2431 2388/2388 2432/2432
f 2391/2391 2385/2385 2390/2390
f 2398/2398 2386/2386 2395/2395
f 2388/2388 2390/2390 2385/2385
f 2563/2563 2509/2509 2511/2511
f 2391/2391 2400/2400 2393/2393
f 2445/2445 2367/2367 2444/2444
f 2564/2564 2511/2511 2513/2513
f 2492/2492 2360/2360 2351/2351
f 2368/2368 2335/2335 2369/2369
f 2434/2434 2388/2388 2397/2397
f 2443/2443 2367/2367 2366/2366
f 2402/2402 2392/2392 2401/2401
f 2356/2356 2331/2331 2345/2345
f 2439/2439 2328/2328 2336/2336
f 2433/2433 2382/2382 2408/2408
f 2407/2407 2413/2413 2418/2418
f 2406/2406 2408/2408 2404/2404
f 2382/2382 2404/2404 2408/2408
f 2300/2300 2318/2318 2301/2301
f 2409/2409 2418/2418 2413/2413
f 2512/2512 2423/2423 2422/2422
f 2446/2446 2420/2420 2447/2447
f 2423/2423 2419/2419 2422/2422
f 2430/2430 2419/2419 2428/2428
f 2420/2420 2422/2422 2419/2419
f 2570/2570 2518/2518 2519/2519
f 2423/2423 2432/2432 2424/2424
f 2525/2525 2449/2449 2456/2456
f 2551/2551 2519/2519 2490/2490
f 2501/2501 2399/2399 2391/2391
f 2500/2500 2349/2349 2399/2399
f 2561/2561 2504/2504 2505/2505
f 2448/2448 2420/2420 2430/2430
f 2433/2433 2407/2407 2425/2425
f 2434/2434 2424/2424 2432/2432
f 2395/2395 2375/2375 2384/2384
f 2448/2448 2417/2417 2442/2442
f 2362/2362 2331/2331 2354/2354
f 2437/2437 2441/2441 2436/2436
f 2415/2415 2436/2436 2441/2441
f 2299/2299 2311/2311 2315/2315
f 2368/2368 2440/2440 2337/2337
f 2521/2521 2452/2452 2449/2449
f 2303/2303 2305/2305 2306/2306
f 2309/2309 2311/2311 2310/2310
f 2491/2491 2443/2443 2366/2366
f 2443/2443 2447/2447 2444/2444
f 2448/2448 2444/2444 2447/2447
f 2592/2592 2594/2594 2596/2596
f 2556/2556 2495/2495 2498/2498
f 2510/2510 2431/2431 2423/2423
f 2508/2508 2389/2389 2431/2431
f 2566/2566 2513/2513 2515/2515
f 2448/2448 2440/2440 2445/2445
f 2520/2520 2446/2446 2443/2443
f 2343/2343 2356/2356 2345/2345
f 2562/2562 2506/2506 2509/2509
f 2383/2383 2395/2395 2384/2384
f 2568/2568 2516/2516 2518/2518
f 2563/2563 2580/2580 2581/2581
f 2416/2416 2427/2427 2418/2418
f 2517/2517 2421/2421 2446/2446
f 2535/2535 2584/2584 2532/2532
f 2580/2580 2566/2566 2579/2579
f 2527/2527 2456/2456 2459/2459
f 2455/2455 2522/2522 2523/2523
f 2283/2283 2255/2255 2280/2280
f 2405/2405 2309/2309 2307/2307
f 2265/2265 2225/2225 2241/2241
f 2326/2326 2286/2286 2323/2323
f 2239/2239 2243/2243 2251/2251
f 2231/2231 2188/2188 2214/2214
f 2272/2272 2247/2247 2270/2270
f 2211/2211 2215/2215 2223/2223
f 2479/2479 2181/2181 2180/2180
f 2234/2234 2218/2218 2233/2233
f 2162/2162 2153/2153 2159/2159
f 2530/2530 2462/2462 2464/2464
f 2551/2551 2487/2487 2549/2549
f 2353/2353 2346/2346 2352/2352
f 2394/2394 2386/2386 2392/2392
f 2426/2426 2419/2419 2424/2424
f 2557/2557 2497/2497 2499/2499
f 2562/2562 2581/2581 2582/2582
f 2578/2578 2569/2569 2577/2577
f 2558/2558 2585/2585 2586/2586
f 2557/2557 2586/2586 2587/2587
f 2603/2603 2592/2592 2602/2602
f 2767/2767 2603/2603 2611/2611
f 2597/2597 2593/2593 2595/2595
f 2576/2576 2552/2552 2574/2574
f 2574/2574 2548/2548 2573/2573
f 2525/2525 2576/2576 2521/2521
f 2577/2577 2571/2571 2576/2576
f 2546/2546 2572/2572 2575/2575
f 2527/2527 2577/2577 2525/2525
f 2529/2529 2579/2579 2526/2526
f 2529/2529 2581/2581 2580/2580
f 2530/2530 2582/2582 2581/2581
f 2535/2535 2586/2586 2585/2585
f 2537/2537 2587/2587 2586/2586
f 2539/2539 2588/2588 2587/2587
f 2543/2543 2590/2590 2589/2589
f 2544/2544 2591/2591 2590/2590
f 2545/2545 2575/2575 2591/2591
f 2553/2553 2590/2590 2591/2591
f 2521/2521 2574/2574 2522/2522
f 2547/2547 2572/2572 2550/2550
f 2522/2522 2573/2573 2523/2523
f 2583/2583 2562/2562 2582/2582
f 2534/2534 2582/2582 2531/2531
f 2585/2585 2561/2561 2584/2584
f 2600/2600 2593/2593 2599/2599
f 2547/2547 2591/2591 2575/2575
f 2686/2686 2596/2596 2594/2594
f 2555/2555 2587/2587 2588/2588
f 2686/2686 2657/2657 2687/2687
f 2554/2554 2589/2589 2590/2590
f 2723/2723 2617/2617 2615/2615
f 2610/2610 2603/2603 2602/2602
f 2724/2724 2699/2699 2716/2716
f 2597/2597 2605/2605 2599/2599
f 2604/2604 2612/2612 2605/2605
f 2625/2625 2629/2629 2627/2627
f 2606/2606 2608/2608 2600/2600
f 2606/2606 2599/2599 2605/2605
f 2684/2684 2604/2604 2597/2597
f 2676/2676 2613/2613 2604/2604
f 2615/2615 2618/2618 2616/2616
f 2609/2609 2600/2600 2608/2608
f 2607/2607 2616/2616 2618/2618
f 2619/2619 2620/2620 2621/2621
f 2682/2682 2613/2613 2679/2679
f 2717/2717 2620/2620 2617/2617
f 2622/2622 2627/2627 2624/2624
f 2753/2753 2631/2631 2750/2750
f 2608/2608 2624/2624 2627/2627
f 2628/2628 2631/2631 2633/2633
f 2685/2685 2596/2596 2687/2687
f 2611/2611 2628/2628 2633/2633
f 2771/2771 2768/2768 2770/2770
f 2749/2749 2632/2632 2626/2626
f 2754/2754 2626/2626 2623/2623
f 2615/2615 2612/2612 2614/2614
f 2958/2958 2725/2725 2705/2705
f 2948/2948 2756/2756 2739/2739
f 2760/2760 2635/2635 2761/2761
f 2636/2636 2634/2634 2635/2635
f 2657/2657 2647/2647 2645/2645
f 2653/2653 2659/2659 2671/2671
f 2638/2638 2650/2650 2640/2640
f 2649/2649 2660/2660 2650/2650
f 2683/2683 2654/2654 2677/2677
f 2652/2652 2655/2655 2642/2642
f 2653/2653 2639/2639 2651/2651
f 2972/2972 2649/2649 2638/2638
f 2662/2662 2665/2665 2660/2660
f 2970/2970 2662/2662 2649/2649
f 3036/3036 2978/2978 2974/2974
f 2667/2667 2675/2675 2670/2670
f 2656/2656 2642/2642 2655/2655
f 2654/2654 2670/2670 2675/2675
f 2723/2723 2614/2614 2682/2682
f 2763/2763 2635/2635 2648/2648
f 2648/2648 2634/2634 2644/2644
f 2607/2607 2619/2619 2624/2624
f 2683/2683 2656/2656 2655/2655
f 2668/2668 2661/2661 2666/2666
f 2612/2612 2613/2613 2614/2614
f 2617/2617 2619/2619 2618/2618
f 2690/2690 2666/2666 2664/2664
f 2678/2678 2654/2654 2675/2675
f 2697/2697 2691/2691 2696/2696
f 3040/3040 2974/2974 2981/2981
f 2690/2690 2696/2696 2691/2691
f 2960/2960 2705/2705 2703/2703
f 3035/3035 2971/2971 2973/2973
f 2698/2698 2700/2700 2692/2692
f 2963/2963 2695/2695 2689/2689
f 2693/2693 2666/2666 2691/2691
f 2702/2702 2706/2706 2701/2701
f 2962/2962 2703/2703 2695/2695
f 3034/3034 2968/2968 2971/2971
f 2708/2708 2715/2715 2712/2712
f 2673/2673 2692/2692 2700/2700
f 2699/2699 2712/2712 2715/2715
f 2755/2755 2621/2621 2721/2721
f 2942/2942 2636/2636 2941/2941
f 2754/2754 2735/2735 2749/2749
f 2608/2608 2629/2629 2609/2609
f 2674/2674 2678/2678 2675/2675
f 2766/2766 2594/2594 2603/2603
f 2710/2710 2701/2701 2706/2706
f 2719/2719 2699/2699 2715/2715
f 2733/2733 2727/2727 2732/2732
f 3033/3033 2966/2966 2968/2968
f 2725/2725 2732/2732 2727/2727
f 2950/2950 2739/2739 2738/2738
f 3030/3030 2961/2961 2964/2964
f 2734/2734 2736/2736 2728/2728
f 2955/2955 2731/2731 2725/2725
f 2738/2738 2740/2740 2737/2737
f 2953/2953 2738/2738 2731/2731
f 3029/3029 2959/2959 2961/2961
f 2743/2743 2748/2748 2745/2745
f 2714/2714 2728/2728 2736/2736
f 2735/2735 2745/2745 2748/2748
f 2767/2767 2633/2633 2753/2753
f 3041/3041 2981/2981 2984/2984
f 2694/2694 2701/2701 2696/2696
f 2767/2767 2764/2764 2766/2766
f 2764/2764 2647/2647 2658/2658
f 2713/2713 2719/2719 2715/2715
f 2742/2742 2737/2737 2740/2740
f 2751/2751 2735/2735 2748/2748
f 2763/2763 2757/2757 2761/2761
f 3028/3028 2957/2957 2959/2959
f 2756/2756 2761/2761 2757/2757
f 3025/3025 2952/2952 2954/2954
f 2762/2762 2765/2765 2758/2758
f 2945/2945 2760/2760 2756/2756
f 2939/2939 2636/2636 2760/2760
f 2747/2747 2758/2758 2765/2765
f 2622/2622 2619/2619 2621/2621
f 2721/2721 2620/2620 2718/2718
f 2606/2606 2612/2612 2616/2616
f 2768/2768 2769/2769 2770/2770
f 3023/3023 2947/2947 2949/2949
f 2746/2746 2751/2751 2748/2748
f 2638/2638 2634/2634 2637/2637
f 2942/2942 2638/2638 2637/2637
f 2967/2967 2689/2689 2663/2663
f 2731/2731 2737/2737 2732/2732
f 3016/3016 2973/2973 2944/2944
f 2725/2725 2707/2707 2705/2705
f 2775/2775 2768/2768 2774/2774
f 3031/3031 2964/2964 2965/2965
f 2756/2756 2740/2740 2739/2739
f 3026/3026 2954/2954 2956/2956
f 2686/2686 2764/2764 2658/2658
f 2814/2814 2775/2775 2782/2782
f 2773/2773 2768/2768 2772/2772
f 2781/2781 2775/2775 2774/2774
f 2806/2806 2769/2769 2775/2775
f 2771/2771 2777/2777 2772/2772
f 2776/2776 2783/2783 2777/2777
f 2799/2799 2801/2801 2800/2800
f 2778/2778 2780/2780 2773/2773
f 2778/2778 2772/2772 2777/2777
f 2926/2926 2776/2776 2771/2771
f 2924/2924 2784/2784 2776/2776
f 3005/3005 2910/2910 2909/2909
f 2786/2786 2789/2789 2787/2787
f 2781/2781 2773/2773 2780/2780
f 2779/2779 2787/2787 2789/2789
f 2790/2790 2791/2791 2793/2793
f 2899/2899 2785/2785 2784/2784
f 2892/2892 2791/2791 2788/2788
f 2996/2996 2878/2878 2877/2877
f 2796/2796 2800/2800 2797/2797
f 2822/2822 2805/2805 2802/2802
f 2780/2780 2797/2797 2800/2800
f 2801/2801 2803/2803 2804/2804
f 2782/2782 2801/2801 2804/2804
f 2980/2980 2849/2849 2977/2977
f 2858/2858 2802/2802 2798/2798
f 2916/2916 2895/2895 2904/2904
f 2859/2859 2798/2798 2795/2795
f 2987/2987 2834/2834 2833/2833
f 2786/2786 2783/2783 2785/2785
f 2845/2845 2847/2847 2856/2856
f 2926/2926 2770/2770 2810/2810
f 2796/2796 2790/2790 2793/2793
f 2818/2818 2811/2811 2808/2808
f 2866/2866 2794/2794 2792/2792
f 2815/2815 2825/2825 2830/2830
f 2778/2778 2783/2783 2787/2787
f 2813/2813 2816/2816 2807/2807
f 2818/2818 2807/2807 2816/2816
f 2823/2823 2830/2830 2825/2825
f 2985/2985 2835/2835 2834/2834
f 2888/2888 2832/2832 2889/2889
f 2835/2835 2831/2831 2834/2834
f 2842/2842 2831/2831 2839/2839
f 2832/2832 2834/2834 2831/2831
f 2843/2843 2847/2847 2844/2844
f 3048/3048 2988/2988 2990/2990
f 2853/2853 2848/2848 2852/2852
f 2835/2835 2844/2844 2836/2836
f 2893/2893 2785/2785 2901/2901
f 3051/3051 2990/2990 2992/2992
f 2849/2849 2851/2851 2847/2847
f 2975/2975 2849/2849 2843/2843
f 2890/2890 2862/2862 2881/2881
f 2846/2846 2818/2818 2816/2816
f 2890/2890 2832/2832 2842/2842
f 2814/2814 2804/2804 2824/2824
f 2845/2845 2836/2836 2844/2844
f 2890/2890 2828/2828 2864/2864
f 2861/2861 2870/2870 2873/2873
f 2860/2860 2863/2863 2857/2857
f 2829/2829 2857/2857 2863/2863
f 2859/2859 2794/2794 2869/2869
f 2865/2865 2873/2873 2870/2870
f 2993/2993 2879/2879 2878/2878
f 2920/2920 2876/2876 2921/2921
f 2879/2879 2875/2875 2878/2878
f 2887/2887 2875/2875 2883/2883
f 2876/2876 2878/2878 2875/2875
f 3056/3056 2997/2997 3000/3000
f 2879/2879 2889/2889 2880/2880
f 2933/2933 2852/2852 2932/2932
f 3057/3057 3000/3000 3002/3002
f 2982/2982 2843/2843 2835/2835
f 2853/2853 2817/2817 2855/2855
f 2922/2922 2876/2876 2887/2887
f 2930/2930 2851/2851 2850/2850
f 2890/2890 2880/2880 2889/2889
f 2840/2840 2815/2815 2830/2830
f 2928/2928 2812/2812 2820/2820
f 2923/2923 2872/2872 2896/2896
f 2895/2895 2900/2900 2904/2904
f 2894/2894 2896/2896 2891/2891
f 2872/2872 2891/2891 2896/2896
f 2780/2780 2801/2801 2781/2781
f 2898/2898 2904/2904 2900/2900
f 3001/3001 2911/2911 2910/2910
f 2934/2934 2907/2907 2936/2936
f 2911/2911 2906/2906 2910/2910
f 2919/2919 2905/2905 2917/2917
f 2907/2907 2910/2910 2906/2906
f 3061/3061 3006/3006 3009/3009
f 2911/2911 2921/2921 2912/2912
f 3017/3017 2938/2938 2946/2946
f 3039/3039 3009/3009 2979/2979
f 2991/2991 2888/2888 2879/2879
f 2989/2989 2833/2833 2888/2888
f 3054/3054 2992/2992 2995/2995
f 2937/2937 2908/2908 2919/2919
f 2923/2923 2895/2895 2914/2914
f 2922/2922 2912/2912 2921/2921
f 2885/2885 2861/2861 2873/2873
f 2937/2937 2902/2902 2929/2929
f 2846/2846 2815/2815 2838/2838
f 2927/2927 2929/2929 2925/2925
f 2902/2902 2925/2925 2929/2929
f 2779/2779 2790/2790 2797/2797
f 2853/2853 2928/2928 2820/2820
f 3011/3011 2940/2940 2938/2938
f 2783/2783 2784/2784 2785/2785
f 2788/2788 2790/2790 2789/2789
f 2980/2980 2930/2930 2850/2850
f 2930/2930 2936/2936 2931/2931
f 2937/2937 2932/2932 2935/2935
f 3043/3043 2983/2983 2986/2986
f 2999/2999 2920/2920 2911/2911
f 2998/2998 2877/2877 2920/2920
f 3059/3059 3002/3002 3003/3003
f 2937/2937 2928/2928 2933/2933
f 3008/3008 2934/2934 2930/2930
f 2827/2827 2840/2840 2830/2830
f 3055/3055 2994/2994 2997/2997
f 2872/2872 2884/2884 2874/2874
f 3060/3060 3004/3004 3006/3006
f 3056/3056 3070/3070 3071/3071
f 2903/2903 2916/2916 2904/2904
f 3007/3007 2909/2909 2934/2934
f 3028/3028 3073/3073 3027/3027
f 3070/3070 3059/3059 3068/3068
f 3020/3020 2946/2946 2947/2947
f 2943/2943 3013/3013 3014/3014
f 2767/2767 2747/2747 2765/2765
f 2893/2893 2788/2788 2786/2786
f 2754/2754 2714/2714 2736/2736
f 2810/2810 2769/2769 2809/2809
f 2733/2733 2737/2737 2744/2744
f 2724/2724 2673/2673 2700/2700
f 2759/2759 2740/2740 2757/2757
f 2697/2697 2701/2701 2711/2711
f 2969/2969 2663/2663 2662/2662
f 2729/2729 2706/2706 2726/2726
f 2643/2643 2634/2634 2640/2640
f 3024/3024 2951/2951 2952/2952
f 3039/3039 2976/2976 3037/3037
f 2837/2837 2831/2831 2836/2836
f 2881/2881 2875/2875 2880/2880
f 2913/2913 2906/2906 2912/2912
f 3047/3047 2986/2986 2988/2988
f 3055/3055 3071/3071 3072/3072
f 3069/3069 3060/3060 3067/3067
f 3049/3049 3075/3075 3076/3076
f 3046/3046 3076/3076 3077/3077
f 3066/3066 3039/3039 3064/3064
f 3064/3064 3037/3037 3062/3062
f 3018/3018 3066/3066 3010/3010
f 3067/3067 3061/3061 3066/3066
f 3035/3035 3063/3063 3065/3065
f 3019/3019 3067/3067 3018/3018
f 3022/3022 3068/3068 3021/3021
f 3022/3022 3071/3071 3070/3070
f 3024/3024 3072/3072 3071/3071
f 3028/3028 3076/3076 3075/3075
f 3029/3029 3077/3077 3076/3076
f 3030/3030 3079/3079 3077/3077
f 3032/3032 3080/3080 3078/3078
f 3033/3033 3081/3081 3080/3080
f 3034/3034 3065/3065 3081/3081
f 1306/1306 1143/1143 1150/1150
f 3040/3040 3080/3080 3081/3081
f 3010/3010 3064/3064 3012/3012
f 3036/3036 3063/3063 3038/3038
f 3012/3012 3062/3062 3015/3015
f 3074/3074 3055/3055 3072/3072
f 3026/3026 3072/3072 3025/3025
f 3075/3075 3052/3052 3073/3073
f 1139/1139 1136/1136 1138/1138
f 3036/3036 3081/3081 3065/3065
f 1136/1136 1137/1137 1138/1138
f 3045/3045 3077/3077 3079/3079
f 1225/1225 1138/1138 1137/1137
f 3041/3041 3078/3078 3080/3080
f 1143/1143 1136/1136 1142/1142
f 1224/1224 1200/1200 1227/1227
f 1141/1141 1136/1136 1140/1140
f 1256/1256 1159/1159 1156/1156
f 3084/3084 3089/3089 3083/3083
f 3249/3249 3106/3106 3255/3255
f 3091/3091 3098/3098 3097/3097
f 3102/3102 3109/3109 3108/3108
f 3253/3253 3113/3113 3258/3258
f 3111/3111 3118/3118 3114/3114
f 3257/3257 3120/3120 3260/3260
f 3128/3128 3099/3099 3125/3125
f 3087/3087 3123/3123 3089/3089
f 3393/3393 3152/3152 3392/3392
f 3138/3138 3127/3127 3124/3124
f 3090/3090 3127/3127 3098/3098
f 3252/3252 3119/3119 3095/3095
f 3101/3101 3131/3131 3109/3109
f 4512/4512 3137/3137 3136/3136
f 3110/3110 3133/3133 3118/3118
f 3141/3141 3126/3126 3139/3139
f 3121/3121 3137/3137 3123/3123
f 3137/3137 4512/4512 3150/3150
f 3132/3132 3145/3145 3133/3133
f 3151/3151 3137/3137 3150/3150
f 3398/3398 3149/3149 3366/3366
f 3169/3169 3405/3405 3406/3406
f 3262/3262 4528/4528 3263/3263
f 4514/4514 3138/3138 3151/3151
f 3148/3148 3146/3146 3163/3163
f 3149/3149 3168/3168 3150/3150
f 3152/3152 3173/3173 3155/3155
f 3160/3160 3143/3143 3159/3159
f 3158/3158 3178/3178 3159/3159
f 3226/3226 4523/4523 3216/3216
f 3403/3403 3167/3167 3165/3165
f 3295/3295 3227/3227 3297/3297
f 3189/3189 3192/3192 3188/3188
f 3426/3426 3201/3201 3419/3419
f 3215/3215 3205/3205 3211/3211
f 3206/3206 4521/4521 3205/3205
f 3436/3436 3231/3231 3425/3425
f 3230/3230 3225/3225 3229/3229
f 4523/4523 3225/3225 3218/3218
f 3460/3460 3255/3255 3468/3468
f 3239/3239 3242/3242 3238/3238
f 3248/3248 3246/3246 4530/4530
f 3144/3144 4517/4517 3145/3145
f 3160/3160 4517/4517 3144/3144
f 3262/3262 3265/3265 3261/3261
f 3273/3273 3275/3275 3285/3285
f 3272/3272 3277/3277 3275/3275
f 3281/3281 3290/3290 3287/3287
f 3230/3230 3245/3245 3381/3381
f 4520/4520 3208/3208 3209/3209
f 3354/3354 3294/3294 3293/3293
f 3301/3301 3306/3306 3299/3299
f 3359/3359 3348/3348 3358/3358
f 3196/3196 3195/3195 4528/4528
f 4530/4530 3295/3295 3325/3325
f 3209/3209 3285/3285 3213/3213
f 3214/3214 3297/3297 3227/3227
f 3321/3321 4528/4528 3195/3195
f 4527/4527 3244/3244 3246/3246
f 3329/3329 3331/3331 3328/3328
f 3208/3208 4520/4520 3207/3207
f 3335/3335 3339/3339 3334/3334
f 3324/3324 3348/3348 3353/3353
f 4522/4522 3210/3210 3212/3212
f 3345/3345 3347/3347 3344/3344
f 3162/3162 4517/4517 3160/3160
f 3326/3326 3344/3344 3322/3322
f 3349/3349 3353/3353 3348/3348
f 3395/3395 3158/3158 3365/3365
f 4512/4512 3147/3147 3149/3149
f 3362/3362 3364/3364 3361/3361
f 3199/3199 3208/3208 3376/3376
f 3329/3329 3361/3361 3330/3330
f 3112/3112 3114/3114 3120/3120
f 3257/3257 3113/3113 3112/3112
f 3105/3105 3108/3108 3113/3113
f 3092/3092 3083/3083 3091/3091
f 3138/3138 3123/3123 3137/3137
f 3095/3095 3115/3115 3085/3085
f 3086/3086 3115/3115 3117/3117
f 3144/3144 3131/3131 3143/3143
f 3104/3104 3096/3096 3103/3103
f 3431/3431 3179/3179 3177/3177
f 3135/3135 3134/3134 3146/3146
f 4513/4513 3135/3135 3148/3148
f 4515/4515 3153/3153 3154/3154
f 3460/3460 3250/3250 3249/3249
f 3163/3163 4518/4518 3161/3161
f 3429/3429 3378/3378 3399/3399
f 3186/3186 3163/3163 3185/3185
f 3175/3175 3154/3154 3172/3172
f 3156/3156 3139/3139 3154/3154
f 3143/3143 4516/4516 3159/3159
f 3240/3240 3185/3185 3184/3184
f 3170/3170 3150/3150 3168/3168
f 3187/3187 3149/3149 3147/3147
f 3220/3220 3205/3205 3217/3217
f 3199/3199 3188/3188 3197/3197
f 3401/3401 3207/3207 3223/3223
f 4519/4519 3192/3192 3195/3195
f 3219/3219 3225/3225 3237/3237
f 3350/3350 3384/3384 3346/3346
f 3343/3343 3334/3334 3341/3341
f 3282/3282 3274/3274 3281/3281
f 3248/3248 4530/4530 3326/3326
f 3313/3313 3369/3369 3315/3315
f 3273/3273 3196/3196 3262/3262
f 3317/3317 3299/3299 3316/3316
f 3323/3323 3247/3247 3327/3327
f 4524/4524 3227/3227 3228/3228
f 3197/3197 4519/4519 3196/3196
f 3437/3437 3376/3376 3373/3373
f 3330/3330 3291/3291 3331/3331
f 3307/3307 3349/3349 3359/3359
f 3264/3264 3344/3344 3340/3340
f 3342/3342 3344/3344 3347/3347
f 3356/3356 3361/3361 3357/3357
f 3360/3360 3361/3361 3364/3364
f 3470/3470 3260/3260 3473/3473
f 3100/3100 3096/3096 3099/3099
f 3254/3254 3107/3107 3104/3104
f 3112/3112 3108/3108 3111/3111
f 3122/3122 3116/3116 3134/3134
f 3110/3110 3108/3108 3109/3109
f 3132/3132 3109/3109 3131/3131
f 4514/4514 3140/3140 3138/3138
f 4516/4516 3143/3143 3142/3142
f 3204/3204 3188/3188 3202/3202
f 3150/3150 4512/4512 3149/3149
f 4516/4516 3142/3142 3157/3157
f 3416/3416 3200/3200 3375/3375
f 3159/3159 4516/4516 3158/3158
f 3235/3235 3365/3365 3237/3237
f 3184/3184 3163/3163 3161/3161
f 3139/3139 4515/4515 3154/3154
f 3373/3373 3208/3208 3207/3207
f 3355/3355 3293/3293 3292/3292
f 3332/3332 3328/3328 3331/3331
f 3425/3425 3380/3380 3422/3422
f 3478/3478 3462/3462 3476/3476
f 3466/3466 3256/3256 3254/3254
f 3464/3464 3259/3259 3252/3252
f 3485/3485 3471/3471 3470/3470
f 3346/3346 3382/3382 3347/3347
f 3282/3282 3287/3287 3296/3296
f 3420/3420 3380/3380 3379/3379
f 3332/3332 3278/3278 3333/3333
f 3278/3278 3270/3270 3333/3333
f 3300/3300 3382/3382 3384/3384
f 3337/3337 3386/3386 3363/3363
f 3267/3267 3328/3328 3268/3268
f 3386/3386 3311/3311 3385/3385
f 3442/3442 3177/3177 3396/3396
f 3342/3342 3382/3382 3370/3370
f 3360/3360 3385/3385 3309/3309
f 3311/3311 3309/3309 3385/3385
f 3204/3204 3366/3366 3189/3189
f 3363/3363 3385/3385 3364/3364
f 3280/3280 3274/3274 3276/3276
f 3377/3377 3245/3245 3243/3243
f 3351/3351 3305/3305 3303/3303
f 3314/3314 3299/3299 3310/3310
f 3282/3282 3211/3211 3284/3284
f 3325/3325 3345/3345 3326/3326
f 3197/3197 3209/3209 3208/3208
f 3401/3401 3171/3171 3393/3393
f 3264/3264 4529/4529 3322/3322
f 3326/3326 4530/4530 3325/3325
f 3386/3386 3367/3367 3312/3312
f 4516/4516 3157/3157 3158/3158
f 3270/3270 3328/3328 3333/3333
f 3244/3244 3227/3227 3246/3246
f 3308/3308 3299/3299 3306/3306
f 3318/3318 3372/3372 3383/3383
f 3384/3384 3302/3302 3300/3300
f 3196/3196 4528/4528 3262/3262
f 3400/3400 3183/3183 3389/3389
f 3266/3266 3334/3334 3339/3339
f 3292/3292 3286/3286 3288/3288
f 3267/3267 3362/3362 3329/3329
f 3289/3289 3331/3331 3291/3291
f 3413/3413 3182/3182 3410/3410
f 3355/3355 3348/3348 3354/3354
f 3263/3263 3334/3334 3265/3265
f 3352/3352 3346/3346 3345/3345
f 3338/3338 3363/3363 3362/3362
f 4519/4519 3188/3188 3192/3192
f 3427/3427 3388/3388 3412/3412
f 3427/3427 3399/3399 3390/3390
f 3440/3440 3392/3392 3434/3434
f 3336/3336 3369/3369 3368/3368
f 3371/3371 3335/3335 3343/3343
f 3146/3146 4518/4518 3163/3163
f 3365/3365 3157/3157 3174/3174
f 3407/3407 3181/3181 3180/3180
f 3182/3182 3162/3162 3160/3160
f 3419/3419 3198/3198 3417/3417
f 3092/3092 3097/3097 3106/3106
f 3294/3294 3286/3286 3293/3293
f 3224/3224 3205/3205 3222/3222
f 3225/3225 4523/4523 3229/3229
f 3479/3479 3469/3469 3466/3466
f 3187/3187 3189/3189 3366/3366
f 3391/3391 3406/3406 3432/3432
f 3171/3171 3221/3221 3173/3173
f 3170/3170 3152/3152 3151/3151
f 3174/3174 3237/3237 3365/3365
f 3191/3191 3185/3185 3239/3239
f 3245/3245 4526/4526 3243/3243
f 3191/3191 3238/3238 3193/3193
f 3371/3371 3315/3315 3369/3369
f 3152/3152 4514/4514 3151/3151
f 3238/3238 4525/4525 3247/3247
f 3220/3220 3172/3172 3222/3222
f 3427/3427 3457/3457 3458/3458
f 3426/3426 3458/3458 3428/3428
f 3485/3485 3473/3473 3487/3487
f 3427/3427 3459/3459 3429/3429
f 4530/4530 3246/3246 3295/3295
f 3235/3235 3225/3225 3234/3234
f 3389/3389 3162/3162 3387/3387
f 3443/3443 3374/3374 3402/3402
f 3182/3182 3159/3159 3178/3178
f 3441/3441 3402/3402 3394/3394
f 3411/3411 3455/3455 3456/3456
f 3188/3188 4519/4519 3197/3197
f 4525/4525 3238/3238 3242/3242
f 3475/3475 3468/3468 3482/3482
f 3454/3454 3430/3430 3452/3452
f 3428/3428 3164/3164 3397/3397
f 3453/3453 3441/3441 3433/3433
f 3447/3447 3422/3422 3444/3444
f 3435/3435 3446/3446 3449/3449
f 3414/3414 3449/3449 3446/3446
f 3453/3453 3442/3442 3451/3451
f 3405/3405 3454/3454 3406/3406
f 3443/3443 3451/3451 3450/3450
f 3405/3405 3456/3456 3455/3455
f 3428/3428 3457/3457 3404/3404
f 3426/3426 3448/3448 3459/3459
f 3475/3475 3462/3462 3460/3460
f 3450/3450 3435/3435 3449/3449
f 3419/3419 3445/3445 3448/3448
f 3421/3421 3445/3445 3423/3423
f 3406/3406 3452/3452 3432/3432
f 3439/3439 3451/3451 3442/3442
f 3443/3443 3449/3449 3438/3438
f 3505/3505 3499/3499 3491/3491
f 3421/3421 3459/3459 3448/3448
f 3464/3464 3251/3251 3461/3461
f 3416/3416 3444/3444 3418/3418
f 3470/3470 3258/3258 3257/3257
f 3205/3205 4521/4521 3211/3211
f 3400/3400 3243/3243 3241/3241
f 3252/3252 3094/3094 3251/3251
f 3194/3194 3238/3238 3247/3247
f 3426/3426 3397/3397 3203/3203
f 4523/4523 3218/3218 3216/3216
f 3439/3439 3232/3232 3435/3435
f 3439/3439 3396/3396 3236/3236
f 3455/3455 3407/3407 3454/3454
f 3480/3480 3471/3471 3486/3486
f 3467/3467 3258/3258 3471/3471
f 3271/3271 3261/3261 3269/3269
f 3332/3332 3289/3289 3279/3279
f 3489/3489 3476/3476 3475/3475
f 3501/3501 3490/3490 3489/3489
f 3489/3489 3482/3482 3495/3495
f 3494/3494 3486/3486 3498/3498
f 4531/4531 3490/3490 3502/3502
f 3618/3618 3568/3568 3566/3566
f 3573/3573 3526/3526 3560/3560
f 3490/3490 4531/4531 3492/3492
f 3632/3632 4549/4549 3660/3660
f 4534/4534 3496/3496 3507/3507
f 3524/3524 3507/3507 3506/3506
f 3766/3766 3738/3738 3768/3768
f 3606/3606 3601/3601 3605/3605
f 3736/3736 3503/3503 3522/3522
f 3742/3742 3519/3519 3517/3517
f 4531/4531 3502/3502 3503/3503
f 3673/3673 3668/3668 3672/3672
f 3543/3543 3546/3546 3540/3540
f 3589/3589 4546/4546 3591/3591
f 3752/3752 3552/3552 3549/3549
f 3561/3561 3564/3564 3559/3559
f 3777/3777 3581/3581 3579/3579
f 3577/3577 3580/3580 3575/3575
f 3545/3545 3590/3590 3594/3594
f 3592/3592 3589/3589 3591/3591
f 4548/4548 3605/3605 3603/3603
f 3545/3545 3538/3538 3535/3535
f 3552/3552 3540/3540 3549/3549
f 3602/3602 3605/3605 3601/3601
f 3740/3740 3572/3572 3714/3714
f 3616/3616 3620/3620 3615/3615
f 3583/3583 3599/3599 3586/3586
f 3634/3634 3626/3626 3633/3633
f 3629/3629 3633/3633 3626/3626
f 3664/3664 3662/3662 3663/3663
f 3760/3760 3715/3715 3584/3584
f 3647/3647 3639/3639 3645/3645
f 3641/3641 3645/3645 3639/3639
f 4538/4538 3516/3516 3510/3510
f 3705/3705 3650/3650 3649/3649
f 3571/3571 3554/3554 3553/3553
f 3606/3606 3569/3569 3617/3617
f 3675/3675 3701/3701 3700/3700
f 3600/3600 3588/3588 3585/3585
f 3688/3688 3633/3633 3690/3690
f 3632/3632 3588/3588 3598/3598
f 3641/3641 3653/3653 3654/3654
f 3606/3606 3614/3614 3607/3607
f 3610/3610 3663/3663 3662/3662
f 3764/3764 3715/3715 3762/3762
f 3669/3669 3602/3602 3668/3668
f 3612/3612 3662/3662 3667/3667
f 3658/3658 3670/3670 3681/3681
f 3660/3660 3684/3684 3692/3692
f 3686/3686 3690/3690 3685/3685
f 3666/3666 3687/3687 3698/3698
f 3612/3612 3701/3701 3671/3671
f 3492/3492 3476/3476 3490/3490
f 3273/3273 3261/3261 3272/3272
f 3497/3497 3486/3486 3485/3485
f 3491/3491 3488/3488 3477/3477
f 3510/3510 3498/3498 3497/3497
f 3518/3518 3502/3502 3501/3501
f 3765/3765 3550/3550 3548/3548
f 3527/3527 3508/3508 3526/3526
f 3498/3498 4536/4536 3494/3494
f 3497/3497 4538/4538 3510/3510
f 4538/4538 3515/3515 3516/3516
f 3535/3535 3514/3514 3505/3505
f 3733/3733 3573/3573 3740/3740
f 3539/3539 3515/3515 3537/3537
f 4537/4537 3499/3499 3514/3514
f 3562/3562 3702/3702 3576/3576
f 3708/3708 3649/3649 3647/3647
f 4533/4533 3509/3509 3501/3501
f 4541/4541 3571/3571 3572/3572
f 4546/4546 3589/3589 3595/3595
f 3613/3613 3601/3601 3611/3611
f 3622/3622 3636/3636 3664/3664
f 3606/3606 3554/3554 3570/3570
f 4542/4542 3585/3585 3588/3588
f 3571/3571 4541/4541 3570/3570
f 4548/4548 3554/3554 3605/3605
f 3689/3689 3665/3665 3635/3635
f 3504/3504 4531/4531 3503/3503
f 3693/3693 3685/3685 3691/3691
f 3696/3696 3698/3698 3687/3687
f 3266/3266 3261/3261 3265/3265
f 3477/3477 3472/3472 3465/3465
f 3497/3497 3487/3487 3500/3500
f 3493/3493 3483/3483 3481/3481
f 3495/3495 4533/4533 3489/3489
f 3506/3506 3496/3496 3493/3493
f 4536/4536 3498/3498 3511/3511
f 4533/4533 3501/3501 3489/3489
f 3529/3529 3511/3511 3510/3510
f 3500/3500 4538/4538 3497/3497
f 3493/3493 4535/4535 3506/3506
f 3534/3534 3511/3511 3531/3531
f 4532/4532 3505/3505 3491/3491
f 3522/3522 3502/3502 3520/3520
f 3552/3552 3571/3571 3553/3553
f 3739/3739 3591/3591 3719/3719
f 3619/3619 3588/3588 3628/3628
f 3621/3621 3627/3627 3637/3637
f 3621/3621 3615/3615 3620/3620
f 3646/3646 3720/3720 3648/3648
f 3651/3651 3706/3706 3724/3724
f 3697/3697 3640/3640 3656/3656
f 3661/3661 3685/3685 3690/3690
f 4543/4543 3587/3587 3566/3566
f 4541/4541 3569/3569 3570/3570
f 4549/4549 3596/3596 3659/3659
f 3598/3598 4549/4549 3632/3632
f 3682/3682 3709/3709 3720/3720
f 3694/3694 3722/3722 3642/3642
f 3693/3693 3640/3640 3695/3695
f 3686/3686 3695/3695 3697/3697
f 3554/3554 4540/4540 3553/3553
f 3699/3699 3655/3655 3723/3723
f 3675/3675 3724/3724 3706/3706
f 3714/3714 3571/3571 3711/3711
f 3749/3749 3791/3791 3750/3750
f 3666/3666 3662/3662 3665/3665
f 3613/3613 3668/3668 3602/3602
f 3609/3609 3601/3601 3607/3607
f 3680/3680 3681/3681 3670/3670
f 3609/3609 3614/3614 3624/3624
f 4549/4549 3659/3659 3660/3660
f 3661/3661 3633/3633 3631/3631
f 3674/3674 3705/3705 3677/3677
f 3608/3608 3623/3623 3663/3663
f 3683/3683 3681/3681 3682/3682
f 4540/4540 4548/4548 3556/3556
f 3636/3636 3665/3665 3664/3664
f 3658/3658 3684/3684 3659/3659
f 3547/3547 3704/3704 3736/3736
f 3650/3650 3639/3639 3649/3649
f 3666/3666 3701/3701 3667/3667
f 3683/3683 3720/3720 3722/3722
f 3747/3747 3530/3530 3726/3726
f 3669/3669 3676/3676 3679/3679
f 3700/3700 3698/3698 3699/3699
f 3778/3778 3729/3729 3732/3732
f 3651/3651 3723/3723 3652/3652
f 3646/3646 3642/3642 3722/3722
f 3700/3700 3723/3723 3724/3724
f 3694/3694 3684/3684 3683/3683
f 3708/3708 3647/3647 3721/3721
f 3658/3658 4547/4547 3604/3604
f 3506/3506 4535/4535 3512/3512
f 3655/3655 3652/3652 3723/3723
f 3766/3766 3726/3726 3728/3728
f 3725/3725 3510/3510 3516/3516
f 3541/3541 4539/4539 3542/3542
f 3730/3730 3501/3501 3509/3509
f 3768/3768 3718/3718 3763/3763
f 3547/3547 3540/3540 3546/3546
f 3772/3772 3517/3517 3731/3731
f 3750/3750 3528/3528 3749/3749
f 3704/3704 3504/3504 3503/3503
f 3744/3744 3519/3519 3743/3743
f 3757/3757 3551/3551 3754/3754
f 3776/3776 3712/3712 3758/3758
f 3719/3719 3599/3599 3716/3716
f 4545/4545 4549/4549 3598/3598
f 4541/4541 3558/3558 3569/3569
f 3600/3600 4545/4545 3598/3598
f 3558/3558 4541/4541 3572/3572
f 4546/4546 3599/3599 3591/3591
f 4544/4544 3575/3575 3586/3586
f 3574/3574 4543/4543 3564/3564
f 3618/3618 3627/3627 3620/3620
f 3730/3730 3527/3527 3733/3733
f 3555/3555 3590/3590 3542/3542
f 3727/3727 3592/3592 3739/3739
f 4536/4536 3511/3511 3513/3513
f 3778/3778 3741/3741 3780/3780
f 3678/3678 3705/3705 3708/3708
f 4540/4540 3540/3540 3553/3553
f 3766/3766 3796/3796 3795/3795
f 3564/3564 4543/4543 3566/3566
f 3735/3735 3513/3513 3534/3534
f 3562/3562 3525/3525 3524/3524
f 3658/3658 3596/3596 3557/3557
f 3702/3702 3506/3506 3512/3512
f 4533/4533 3508/3508 3509/3509
f 3573/3573 3558/3558 3572/3572
f 3544/3544 3704/3704 3546/3546
f 3777/3777 3788/3788 3787/3787
f 3725/3725 3539/3539 3727/3727
f 3542/3542 4539/4539 3555/3555
f 3769/3769 3531/3531 3751/3751
f 3622/3622 3663/3663 3623/3623
f 3556/3556 4548/4548 3657/3657
f 3779/3779 3533/3533 3770/3770
f 3775/3775 3785/3785 3759/3759
f 3566/3566 3559/3559 3564/3564
f 3774/3774 3584/3584 3582/3582
f 3778/3778 3790/3790 3773/3773
f 3756/3756 3783/3783 3782/3782
f 3786/3786 3758/3758 3785/3785
f 3780/3780 3788/3788 3778/3778
f 3772/3772 3791/3791 3742/3742
f 3793/3793 3743/3743 3792/3792
f 3750/3750 3789/3789 3771/3771
f 3767/3767 3796/3796 3765/3765
f 3753/3753 3796/3796 3783/3783
f 3805/3805 3797/3797 3804/3804
f 3780/3780 3713/3713 3776/3776
f 3777/3777 3786/3786 3775/3775
f 3757/3757 3781/3781 3784/3784
f 3961/3961 3809/3809 3807/3807
f 3839/3839 3804/3804 3838/3838
f 3776/3776 3787/3787 3780/3780
f 3763/3763 3782/3782 3783/3783
f 3763/3763 3796/3796 3768/3768
f 3795/3795 3745/3745 3794/3794
f 3857/3857 3846/3846 3845/3845
f 3810/3810 3798/3798 3808/3808
f 3765/3765 3737/3737 3767/3767
f 3777/3777 3734/3734 3779/3779
f 3539/3539 3593/3593 3592/3592
f 3770/3770 3788/3788 3779/3779
f 3583/3583 3575/3575 3580/3580
f 3760/3760 3781/3781 3762/3762
f 3563/3563 3575/3575 3565/3565
f 3767/3767 3523/3523 3745/3745
f 3578/3578 3703/3703 3735/3735
f 3743/3743 3791/3791 3792/3792
f 3746/3746 3792/3792 3749/3749
f 3766/3766 3794/3794 3747/3747
f 3799/3799 3803/3803 3798/3798
f 3961/3961 3821/3821 3967/3967
f 3806/3806 3813/3813 3811/3811
f 3818/3818 3824/3824 3823/3823
f 3965/3965 3828/3828 3970/3970
f 3826/3826 3833/3833 3830/3830
f 3969/3969 3834/3834 3972/3972
f 3843/3843 3814/3814 3841/3841
f 3800/3800 3838/3838 3804/3804
f 4107/4107 3867/3867 4104/4104
f 3853/3853 3842/3842 3839/3839
f 3805/3805 3842/3842 3813/3813
f 3964/3964 3835/3835 3810/3810
f 3815/3815 3846/3846 3824/3824
f 4551/4551 3852/3852 3851/3851
f 3825/3825 3848/3848 3833/3833
f 3856/3856 3840/3840 3855/3855
f 3837/3837 3852/3852 3838/3838
f 3852/3852 4551/4551 3865/3865
f 3847/3847 3860/3860 3848/3848
f 3866/3866 3852/3852 3865/3865
f 4111/4111 3864/3864 4078/4078
f 3883/3883 4118/4118 4119/4119
f 3974/3974 4567/4567 3975/3975
f 4552/4552 3853/3853 3866/3866
f 3862/3862 3861/3861 3877/3877
f 3864/3864 3881/3881 3865/3865
f 3867/3867 3887/3887 3868/3868
f 3874/3874 3858/3858 3873/3873
f 3872/3872 3891/3891 3873/3873
f 3936/3936 4561/4561 3925/3925
f 4117/4117 3882/3882 3880/3880
f 4007/4007 3937/3937 4009/4009
f 3903/3903 3906/3906 3901/3901
f 4139/4139 3914/3914 4131/4131
f 3925/3925 3918/3918 3923/3923
f 3920/3920 4560/4560 3919/3919
f 4148/4148 3940/3940 4137/4137
f 3941/3941 3934/3934 3938/3938
f 4561/4561 3935/3935 3928/3928
f 4171/4171 3967/3967 4178/4178
f 3952/3952 3954/3954 3950/3950
f 3960/3960 3957/3957 4568/4568
f 3859/3859 4557/4557 3860/3860
f 3874/3874 4557/4557 3859/3859
f 3974/3974 3977/3977 3973/3973
f 3985/3985 3986/3986 3997/3997
f 3984/3984 3989/3989 3986/3986
f 3993/3993 4000/4000 3999/3999
f 3941/3941 3955/3955 4092/4092
f 4560/4560 3921/3921 3922/3922
f 4065/4065 4006/4006 4005/4005
f 4013/4013 4017/4017 4011/4011
f 4071/4071 4059/4059 4068/4068
f 3910/3910 3909/3909 4567/4567
f 4568/4568 4007/4007 4033/4033
f 3922/3922 3997/3997 3924/3924
f 3926/3926 4009/4009 3937/3937
f 4031/4031 4567/4567 3909/3909
f 4565/4565 3956/3956 3957/3957
f 4037/4037 4039/4039 4036/4036
f 3921/3921 4560/4560 3920/3920
f 4044/4044 4049/4049 4042/4042
f 4032/4032 4059/4059 4064/4064
f 4560/4560 3922/3922 3924/3924
f 4056/4056 4058/4058 4055/4055
f 3875/3875 4557/4557 3874/3874
f 4035/4035 4055/4055 4029/4029
f 4060/4060 4064/4064 4059/4059
f 4109/4109 3872/3872 4076/4076
f 4551/4551 3863/3863 3864/3864
f 4073/4073 4075/4075 4072/4072
f 3913/3913 3921/3921 4086/4086
f 4037/4037 4072/4072 4038/4038
f 3827/3827 3830/3830 3834/3834
f 3969/3969 3828/3828 3827/3827
f 3819/3819 3823/3823 3828/3828
f 3807/3807 3797/3797 3806/3806
f 3853/3853 3838/3838 3852/3852
f 3810/3810 3829/3829 3799/3799
f 3802/3802 3829/3829 3832/3832
f 3859/3859 3846/3846 3858/3858
f 3820/3820 3812/3812 3817/3817
f 4144/4144 3891/3891 3890/3890
f 3850/3850 3849/3849 3861/3861
f 4550/4550 3850/3850 3862/3862
f 4552/4552 3867/3867 3868/3868
f 4171/4171 3962/3962 3961/3961
f 3876/3876 4557/4557 3875/3875
f 4142/4142 4089/4089 4113/4113
f 3899/3899 3877/3877 3897/3897
f 3888/3888 3869/3869 3886/3886
f 3870/3870 3855/3855 3869/3869
f 3858/3858 4555/4555 3873/3873
f 3953/3953 3898/3898 3896/3896
f 3884/3884 3865/3865 3881/3881
f 3900/3900 3864/3864 3863/3863
f 3930/3930 3918/3918 3928/3928
f 3913/3913 3901/3901 3911/3911
f 4115/4115 3920/3920 3933/3933
f 4559/4559 3907/3907 3908/3908
f 3929/3929 3934/3934 3947/3947
f 4062/4062 4096/4096 4057/4057
f 4054/4054 4042/4042 4050/4050
f 3995/3995 3987/3987 3993/3993
f 3960/3960 4568/4568 4035/4035
f 4025/4025 4081/4081 4026/4026
f 3985/3985 3910/3910 3974/3974
f 4028/4028 4011/4011 4026/4026
f 4030/4030 3959/3959 4034/4034
f 4563/4563 3937/3937 3939/3939
f 3911/3911 4558/4558 3910/3910
f 4150/4150 4088/4088 4085/4085
f 4038/4038 4004/4004 4039/4039
f 4020/4020 4060/4060 4071/4071
f 3976/3976 4055/4055 4051/4051
f 4052/4052 4055/4055 4058/4058
f 4066/4066 4072/4072 4069/4069
f 4070/4070 4072/4072 4075/4075
f 4180/4180 3972/3972 4183/4183
f 3816/3816 3812/3812 3814/3814
f 3966/3966 3822/3822 3820/3820
f 3827/3827 3823/3823 3826/3826
f 3836/3836 3831/3831 3849/3849
f 3825/3825 3823/3823 3824/3824
f 3847/3847 3824/3824 3846/3846
f 4552/4552 3854/3854 3853/3853
f 4555/4555 3858/3858 3857/3857
f 3917/3917 3901/3901 3915/3915
f 3865/3865 4551/4551 3864/3864
f 4554/4554 3856/3856 3870/3870
f 4126/4126 3912/3912 4087/4087
f 3873/3873 4555/4555 3872/3872
f 3945/3945 4076/4076 3947/3947
f 3896/3896 3876/3876 3875/3875
f 3855/3855 4553/4553 3869/3869
f 4084/4084 3921/3921 3920/3920
f 4067/4067 4005/4005 4003/4003
f 4040/4040 4036/4036 4039/4039
f 4137/4137 4093/4093 4135/4135
f 4188/4188 4172/4172 4185/4185
f 4177/4177 3968/3968 3966/3966
f 4174/4174 3971/3971 3964/3964
f 4195/4195 4181/4181 4180/4180
f 4057/4057 4095/4095 4058/4058
f 3995/3995 3999/3999 4010/4010
f 4134/4134 4093/4093 4090/4090
f 4040/4040 3988/3988 4041/4041
f 3988/3988 3983/3983 4041/4041
f 4012/4012 4095/4095 4096/4096
f 4047/4047 4098/4098 4074/4074
f 3979/3979 4036/4036 3980/3980
f 4098/4098 4023/4023 4097/4097
f 4153/4153 3889/3889 4108/4108
f 4052/4052 4095/4095 4083/4083
f 4070/4070 4097/4097 4019/4019
f 4023/4023 4019/4019 4097/4097
f 3917/3917 4078/4078 3903/3903
f 4074/4074 4097/4097 4075/4075
f 3992/3992 3987/3987 3990/3990
f 4091/4091 3955/3955 3954/3954
f 4061/4061 4018/4018 4014/4014
f 4025/4025 4011/4011 4022/4022
f 3995/3995 3923/3923 3996/3996
f 4033/4033 4056/4056 4035/4035
f 3911/3911 3922/3922 3921/3921
f 4115/4115 3885/3885 4107/4107
f 3976/3976 4566/4566 4029/4029
f 4035/4035 4568/4568 4033/4033
f 4098/4098 4079/4079 4024/4024
f 4554/4554 3870/3870 3871/3871
f 3983/3983 4036/4036 4041/4041
f 3956/3956 3937/3937 3957/3957
f 4021/4021 4011/4011 4017/4017
f 4028/4028 4082/4082 4094/4094
f 4096/4096 4015/4015 4012/4012
f 3910/3910 4567/4567 3974/3974
f 4112/4112 3896/3896 4101/4101
f 3978/3978 4042/4042 4049/4049
f 4003/4003 3998/3998 4001/4001
f 3979/3979 4073/4073 4037/4037
f 4002/4002 4039/4039 4004/4004
f 4124/4124 3893/3893 4122/4122
f 4067/4067 4059/4059 4065/4065
f 3975/3975 4042/4042 3977/3977
f 4063/4063 4057/4057 4056/4056
f 4048/4048 4074/4074 4073/4073
f 4559/4559 3902/3902 3907/3907
f 4140/4140 4099/4099 4124/4124
f 4140/4140 4113/4113 4102/4102
f 4152/4152 4103/4103 4146/4146
f 4046/4046 4081/4081 4080/4080
f 4082/4082 4043/4043 4053/4053
f 3861/3861 4556/4556 3877/3877
f 4077/4077 3870/3870 3888/3888
f 4120/4120 3894/3894 3892/3892
f 3895/3895 3875/3875 3874/3874
f 4132/4132 3913/3913 4128/4128
f 3807/3807 3811/3811 3821/3821
f 4006/4006 3998/3998 4005/4005
f 3933/3933 3919/3919 3931/3931
f 3934/3934 4562/4562 3938/3938
f 4190/4190 4179/4179 4177/4177
f 3900/3900 3903/3903 4078/4078
f 4105/4105 4119/4119 4147/4147
f 3885/3885 3931/3931 3887/3887
f 3884/3884 3867/3867 3866/3866
f 3888/3888 3948/3948 4077/4077
f 3904/3904 3897/3897 3951/3951
f 3955/3955 4564/4564 3954/3954
f 3904/3904 3949/3949 3907/3907
f 4082/4082 4026/4026 4081/4081
f 3867/3867 4552/4552 3866/3866
f 3950/3950 4564/4564 3958/3958
f 3930/3930 3886/3886 3932/3932
f 4140/4140 4167/4167 4169/4169
f 4139/4139 4169/4169 4141/4141
f 4195/4195 4183/4183 4197/4197
f 4140/4140 4170/4170 4142/4142
f 4568/4568 3957/3957 4007/4007
f 3945/3945 3934/3934 3943/3943
f 4101/4101 3875/3875 4100/4100
f 4154/4154 4085/4085 4114/4114
f 3895/3895 3873/3873 3891/3891
f 4152/4152 4114/4114 4106/4106
f 4125/4125 4166/4166 4168/4168
f 3901/3901 4558/4558 3911/3911
f 4564/4564 3950/3950 3954/3954
f 4184/4184 4178/4178 4193/4193
f 4165/4165 4143/4143 4163/4163
f 4141/4141 3878/3878 4110/4110
f 4164/4164 4152/4152 4146/4146
f 4157/4157 4135/4135 4155/4155
f 4149/4149 4158/4158 4160/4160
f 4127/4127 4160/4160 4158/4158
f 4164/4164 4153/4153 4162/4162
f 4118/4118 4165/4165 4119/4119
f 4154/4154 4162/4162 4161/4161
f 4118/4118 4168/4168 4166/4166
f 4141/4141 4167/4167 4116/4116
f 4139/4139 4159/4159 4170/4170
f 4184/4184 4172/4172 4171/4171
f 4161/4161 4149/4149 4160/4160
f 4131/4131 4156/4156 4159/4159
f 4133/4133 4156/4156 4136/4136
f 4119/4119 4163/4163 4147/4147
f 4151/4151 4162/4162 4153/4153
f 4154/4154 4160/4160 4150/4150
f 4215/4215 4210/4210 4202/4202
f 4133/4133 4170/4170 4159/4159
f 4174/4174 3963/3963 4173/4173
f 4126/4126 4155/4155 4129/4129
f 4180/4180 3970/3970 3969/3969
f 3919/3919 4560/4560 3924/3924
f 4112/4112 3954/3954 3953/3953
f 3964/3964 3808/3808 3963/3963
f 3908/3908 3949/3949 3959/3959
f 4139/4139 4110/4110 3916/3916
f 4561/4561 3928/3928 3925/3925
f 4151/4151 3944/3944 4149/4149
f 4151/4151 4108/4108 3946/3946
f 4166/4166 4120/4120 4165/4165
f 4191/4191 4181/4181 4196/4196
f 4176/4176 3970/3970 4181/4181
f 3982/3982 3973/3973 3981/3981
f 4040/4040 4002/4002 3991/3991
f 4200/4200 4185/4185 4184/4184
f 4212/4212 4201/4201 4200/4200
f 4200/4200 4193/4193 4207/4207
f 4204/4204 4196/4196 4209/4209
f 4570/4570 4201/4201 4213/4213
f 4329/4329 4281/4281 4279/4279
f 4286/4286 4238/4238 4271/4271
f 4201/4201 4570/4570 4203/4203
f 4343/4343 4586/4586 4377/4377
f 4571/4571 4206/4206 4219/4219
f 4236/4236 4219/4219 4218/4218
f 4477/4477 4451/4451 4479/4479
f 4317/4317 4312/4312 4316/4316
f 4448/4448 4214/4214 4233/4233
f 4454/4454 4231/4231 4229/4229
f 4570/4570 4213/4213 4214/4214
f 4390/4390 4385/4385 4388/4388
f 4254/4254 4258/4258 4253/4253
f 4301/4301 4583/4583 4302/4302
f 4465/4465 4263/4263 4262/4262
f 4272/4272 4275/4275 4270/4270
f 4490/4490 4293/4293 4291/4291
f 4289/4289 4294/4294 4288/4288
f 4257/4257 4301/4301 4306/4306
f 4305/4305 4301/4301 4302/4302
f 4584/4584 4316/4316 4314/4314
f 4257/4257 4250/4250 4248/4248
f 4264/4264 4253/4253 4261/4261
f 4313/4313 4316/4316 4312/4312
f 4453/4453 4285/4285 4426/4426
f 4328/4328 4331/4331 4325/4325
f 4295/4295 4310/4310 4298/4298
f 4346/4346 4338/4338 4344/4344
f 4339/4339 4344/4344 4338/4338
f 4381/4381 4379/4379 4380/4380
f 4471/4471 4428/4428 4296/4296
f 4359/4359 4350/4350 4356/4356
f 4351/4351 4356/4356 4350/4350
f 4574/4574 4227/4227 4223/4223
f 4418/4418 4366/4366 4362/4362
f 4283/4283 4267/4267 4266/4266
f 4317/4317 4280/4280 4327/4327
f 4391/4391 4415/4415 4414/4414
f 4311/4311 4299/4299 4297/4297
f 4403/4403 4344/4344 4404/4404
f 4343/4343 4299/4299 4309/4309
f 4351/4351 4367/4367 4371/4371
f 4317/4317 4326/4326 4318/4318
f 4322/4322 4380/4380 4379/4379
f 4474/4474 4428/4428 4472/4472
f 4386/4386 4313/4313 4385/4385
f 4324/4324 4379/4379 4384/4384
f 4372/4372 4387/4387 4395/4395
f 4377/4377 4398/4398 4405/4405
f 4400/4400 4404/4404 4399/4399
f 4383/4383 4401/4401 4412/4412
f 4324/4324 4415/4415 4389/4389
f 4203/4203 4185/4185 4201/4201
f 3985/3985 3973/3973 3984/3984
f 4208/4208 4196/4196 4195/4195
f 4202/4202 4198/4198 4187/4187
f 4223/4223 4209/4209 4208/4208
f 4230/4230 4213/4213 4212/4212
f 4476/4476 4262/4262 4259/4259
f 4240/4240 4220/4220 4238/4238
f 4209/4209 4573/4573 4204/4204
f 4208/4208 4574/4574 4223/4223
f 4575/4575 4226/4226 4228/4228
f 4248/4248 4226/4226 4215/4215
f 4445/4445 4286/4286 4453/4453
f 4251/4251 4226/4226 4250/4250
f 4575/4575 4210/4210 4226/4226
f 4273/4273 4416/4416 4289/4289
f 4421/4421 4362/4362 4358/4358
f 4572/4572 4222/4222 4212/4212
f 4577/4577 4283/4283 4285/4285
f 4583/4583 4301/4301 4307/4307
f 4323/4323 4312/4312 4321/4321
f 4332/4332 4348/4348 4381/4381
f 4317/4317 4267/4267 4282/4282
f 4580/4580 4297/4297 4299/4299
f 4283/4283 4577/4577 4282/4282
f 4584/4584 4267/4267 4316/4316
f 4402/4402 4382/4382 4345/4345
f 4216/4216 4570/4570 4214/4214
f 4407/4407 4399/4399 4406/4406
f 4411/4411 4412/4412 4401/4401
f 3978/3978 3973/3973 3977/3977
f 4186/4186 4182/4182 4174/4174
f 4208/4208 4197/4197 4211/4211
f 4205/4205 4194/4194 4189/4189
f 4207/4207 4572/4572 4200/4200
f 4218/4218 4206/4206 4205/4205
f 4573/4573 4209/4209 4224/4224
f 4572/4572 4212/4212 4200/4200
f 4241/4241 4224/4224 4223/4223
f 4211/4211 4574/4574 4208/4208
f 4204/4204 4573/4573 4217/4217
f 4246/4246 4224/4224 4245/4245
f 4569/4569 4215/4215 4202/4202
f 4233/4233 4213/4213 4232/4232
f 4264/4264 4283/4283 4266/4266
f 4450/4450 4303/4303 4432/4432
f 4330/4330 4299/4299 4340/4340
f 4333/4333 4337/4337 4349/4349
f 4333/4333 4325/4325 4331/4331
f 4357/4357 4434/4434 4361/4361
f 4365/4365 4420/4420 4437/4437
f 4410/4410 4352/4352 4370/4370
f 4378/4378 4399/4399 4404/4404
f 4579/4579 4300/4300 4277/4277
f 4577/4577 4280/4280 4282/4282
f 4586/4586 4308/4308 4375/4375
f 4309/4309 4586/4586 4343/4343
f 4396/4396 4423/4423 4434/4434
f 4408/4408 4435/4435 4353/4353
f 4407/4407 4352/4352 4409/4409
f 4400/4400 4409/4409 4410/4410
f 4267/4267 4576/4576 4266/4266
f 4413/4413 4369/4369 4436/4436
f 4391/4391 4437/4437 4420/4420
f 4426/4426 4283/4283 4425/4425
f 4461/4461 4506/4506 4463/4463
f 4383/4383 4379/4379 4382/4382
f 4323/4323 4385/4385 4313/4313
f 4320/4320 4312/4312 4318/4318
f 4394/4394 4395/4395 4387/4387
f 4320/4320 4326/4326 4336/4336
f 4586/4586 4375/4375 4377/4377
f 4378/4378 4344/4344 4342/4342
f 4390/4390 4418/4418 4392/4392
f 4319/4319 4335/4335 4380/4380
f 4397/4397 4395/4395 4396/4396
f 4576/4576 4584/4584 4268/4268
f 4348/4348 4382/4382 4381/4381
f 4372/4372 4398/4398 4375/4375
f 4260/4260 4417/4417 4448/4448
f 4364/4364 4350/4350 4363/4363
f 4383/4383 4415/4415 4384/4384
f 4397/4397 4434/4434 4435/4435
f 4458/4458 4241/4241 4439/4439
f 4386/4386 4392/4392 4393/4393
f 4414/4414 4412/4412 4413/4413
f 4491/4491 4443/4443 4445/4445
f 4365/4365 4436/4436 4368/4368
f 4357/4357 4353/4353 4435/4435
f 4414/4414 4436/4436 4437/4437
f 4408/4408 4398/4398 4397/4397
f 4422/4422 4360/4360 4433/4433
f 4372/4372 4585/4585 4315/4315
f 4217/4217 4573/4573 4225/4225
f 4369/4369 4368/4368 4436/4436
f 4477/4477 4438/4438 4441/4441
f 4439/4439 4223/4223 4227/4227
f 4253/4253 4576/4576 4254/4254
f 4443/4443 4212/4212 4222/4222
f 4479/4479 4430/4430 4475/4475
f 4260/4260 4253/4253 4258/4258
f 4482/4482 4229/4229 4442/4442
f 4463/4463 4242/4242 4461/4461
f 4417/4417 4216/4216 4214/4214
f 4457/4457 4231/4231 4455/4455
f 4469/4469 4265/4265 4467/4467
f 4487/4487 4425/4425 4468/4468
f 4432/4432 4310/4310 4429/4429
f 4581/4581 4586/4586 4309/4309
f 4578/4578 4270/4270 4281/4281
f 4311/4311 4581/4581 4309/4309
f 4270/4270 4578/4578 4284/4284
f 4582/4582 4310/4310 4303/4303
f 4579/4579 4288/4288 4298/4298
f 4288/4288 4579/4579 4276/4276
f 4329/4329 4337/4337 4331/4331
f 4443/4443 4240/4240 4445/4445
f 4269/4269 4301/4301 4255/4255
f 4440/4440 4304/4304 4450/4450
f 4573/4573 4224/4224 4225/4225
f 4492/4492 4452/4452 4494/4494
f 4393/4393 4418/4418 4421/4421
f 4576/4576 4253/4253 4266/4266
f 4477/4477 4511/4511 4510/4510
f 4276/4276 4579/4579 4277/4277
f 4446/4446 4225/4225 4246/4246
f 4274/4274 4239/4239 4236/4236
f 4374/4374 4307/4307 4269/4269
f 4416/4416 4217/4217 4225/4225
f 4571/4571 4219/4219 4221/4221
f 4287/4287 4270/4270 4284/4284
f 4256/4256 4417/4417 4258/4258
f 4490/4490 4503/4503 4502/4502
f 4439/4439 4252/4252 4440/4440
f 4254/4254 4576/4576 4268/4268
f 4480/4480 4244/4244 4464/4464
f 4332/4332 4380/4380 4335/4335
f 4268/4268 4584/4584 4373/4373
f 4493/4493 4247/4247 4480/4480
f 4486/4486 4499/4499 4470/4470
f 4279/4279 4270/4270 4275/4275
f 4485/4485 4296/4296 4292/4292
f 4492/4492 4505/4505 4484/4484
f 4466/4466 4497/4497 4496/4496
f 4501/4501 4469/4469 4498/4498
f 4494/4494 4503/4503 4492/4492
f 4482/4482 4506/4506 4454/4454
f 4509/4509 4455/4455 4507/4507
f 4463/4463 4504/4504 4481/4481
f 4478/4478 4511/4511 4476/4476
f 3095/3095 3082/3082 3094/3094
f 4465/4465 4511/4511 4497/4497
f 3124/3124 3089/3089 3123/3123
f 4494/4494 4427/4427 4489/4489
f 4490/4490 4500/4500 4486/4486
f 4469/4469 4495/4495 4498/4498
f 3090/3090 3083/3083 3089/3089
f 4489/4489 4502/4502 4494/4494
f 4475/4475 4496/4496 4497/4497
f 4475/4475 4511/4511 4479/4479
f 4510/4510 4456/4456 4508/4508
f 4476/4476 4449/4449 4478/4478
f 4490/4490 4447/4447 4493/4493
f 4251/4251 4306/4306 4305/4305
f 4480/4480 4503/4503 4493/4493
f 4295/4295 4288/4288 4294/4294
f 4471/4471 4495/4495 4472/4472
f 4273/4273 4288/4288 4276/4276
f 4478/4478 4234/4234 4456/4456
f 4290/4290 4416/4416 4446/4446
f 4455/4455 4506/4506 4507/4507
f 4459/4459 4507/4507 4461/4461
f 3142/3142 3131/3131 3129/3129
f 4477/4477 4508/4508 4460/4460
f 3249/3249 3093/3093 3092/3092
f 6074/6074 4587/4587 5038/5038
f 5037/5037 5039/5039 4587/4587
f 4587/4587 6076/6076 5040/5040
f 5038/5038 5040/5040 6077/6077
f 6075/6075 4592/4592 5039/5039
f 5041/5041 5042/5042 4592/4592
f 4592/4592 6079/6079 5043/5043
f 5039/5039 5043/5043 6076/6076
f 6078/6078 4597/4597 5042/5042
f 5044/5044 5045/5045 4597/4597
f 4597/4597 6081/6081 5046/5046
f 5042/5042 5046/5046 6079/6079
f 6080/6080 4600/4600 5045/5045
f 5047/5047 5048/5048 4600/4600
f 4600/4600 6083/6083 5049/5049
f 5045/5045 5049/5049 6081/6081
f 6082/6082 4603/4603 5048/5048
f 5050/5050 5051/5051 4603/4603
f 4603/4603 6085/6085 5052/5052
f 5048/5048 5052/5052 6083/6083
f 6084/6084 4606/4606 5051/5051
f 5053/5053 5054/5054 4606/4606
f 4606/4606 6087/6087 5055/5055
f 5051/5051 5055/5055 6085/6085
f 6086/6086 4609/4609 5054/5054
f 5056/5056 5057/5057 4609/4609
f 4609/4609 6089/6089 5058/5058
f 5054/5054 5058/5058 6087/6087
f 6088/6088 4612/4612 5057/5057
f 5059/5059 5060/5060 4612/4612
f 4612/4612 6091/6091 5061/5061
f 5057/5057 5061/5061 6089/6089
f 6090/6090 4615/4615 5060/5060
f 5062/5062 5063/5063 4615/4615
f 4615/4615 6093/6093 5064/5064
f 5060/5060 5064/5064 6091/6091
f 6092/6092 4618/4618 5063/5063
f 5065/5065 5066/5066 4618/4618
f 4618/4618 6095/6095 5067/5067
f 5063/5063 5067/5067 6093/6093
f 6094/6094 4621/4621 5066/5066
f 5068/5068 5069/5069 4621/4621
f 4621/4621 6097/6097 5070/5070
f 5066/5066 5070/5070 6095/6095
f 6096/6096 4624/4624 5069/5069
f 5071/5071 5072/5072 4624/4624
f 4624/4624 6099/6099 5073/5073
f 5069/5069 5073/5073 6097/6097
f 6098/6098 4627/4627 5072/5072
f 5074/5074 5075/5075 4627/4627
f 4627/4627 6101/6101 5076/5076
f 5072/5072 5076/5076 6099/6099
f 6100/6100 4630/4630 5075/5075
f 5077/5077 5078/5078 4630/4630
f 4630/4630 6103/6103 5079/5079
f 5075/5075 5079/5079 6101/6101
f 6102/6102 4633/4633 5078/5078
f 5080/5080 5081/5081 4633/4633
f 4633/4633 6105/6105 5082/5082
f 5078/5078 5082/5082 6103/6103
f 6104/6104 4636/4636 5081/5081
f 5083/5083 5084/5084 4636/4636
f 4636/4636 6107/6107 5085/5085
f 5081/5081 5085/5085 6105/6105
f 6106/6106 4639/4639 5084/5084
f 5086/5086 5087/5087 4639/4639
f 4639/4639 6109/6109 5088/5088
f 5084/5084 5088/5088 6107/6107
f 6108/6108 4642/4642 5087/5087
f 5089/5089 5090/5090 4642/4642
f 4642/4642 6111/6111 5091/5091
f 5087/5087 5091/5091 6109/6109
f 6110/6110 4645/4645 5090/5090
f 5092/5092 5093/5093 4645/4645
f 4645/4645 6113/6113 5094/5094
f 5090/5090 5094/5094 6111/6111
f 6112/6112 4648/4648 5093/5093
f 5095/5095 5096/5096 4648/4648
f 4648/4648 6115/6115 5097/5097
f 5093/5093 5097/5097 6113/6113
f 6114/6114 4651/4651 5096/5096
f 5098/5098 5099/5099 4651/4651
f 4651/4651 6117/6117 5100/5100
f 5096/5096 5100/5100 6115/6115
f 6116/6116 4654/4654 5099/5099
f 5101/5101 5102/5102 4654/4654
f 4654/4654 6119/6119 5103/5103
f 5099/5099 5103/5103 6117/6117
f 6118/6118 4657/4657 5102/5102
f 5104/5104 5105/5105 4657/4657
f 4657/4657 6121/6121 5106/5106
f 5102/5102 5106/5106 6119/6119
f 6120/6120 4660/4660 5105/5105
f 5107/5107 5108/5108 4660/4660
f 4660/4660 6123/6123 5109/5109
f 5105/5105 5109/5109 6121/6121
f 6122/6122 4663/4663 5108/5108
f 5110/5110 5111/5111 4663/4663
f 4663/4663 6125/6125 5112/5112
f 5108/5108 5112/5112 6123/6123
f 6124/6124 4666/4666 5111/5111
f 5113/5113 5114/5114 4666/4666
f 4666/4666 6127/6127 5115/5115
f 5111/5111 5115/5115 6125/6125
f 6126/6126 4669/4669 5114/5114
f 5116/5116 5117/5117 4669/4669
f 4669/4669 6129/6129 5118/5118
f 5114/5114 5118/5118 6127/6127
f 6128/6128 4672/4672 5117/5117
f 5119/5119 5120/5120 4672/4672
f 4672/4672 6131/6131 5121/5121
f 5117/5117 5121/5121 6129/6129
f 6130/6130 4675/4675 5120/5120
f 5122/5122 5123/5123 4675/4675
f 4675/4675 6133/6133 5124/5124
f 5120/5120 5124/5124 6131/6131
f 6132/6132 4588/4588 5123/5123
f 5125/5125 5038/5038 4588/4588
f 4588/4588 6077/6077 5126/5126
f 5123/5123 5126/5126 6133/6133
f 6134/6134 4677/4677 5128/5128
f 5127/5127 5130/5130 4677/4677
f 4677/4677 6138/6138 5132/5132
f 5128/5128 5132/5132 6141/6141
f 6142/6142 4678/4678 5135/5135
f 5133/5133 5137/5137 4678/4678
f 4678/4678 6137/6137 5127/5127
f 5135/5135 5127/5127 6134/6134
f 6146/6146 4684/4684 5140/5140
f 5139/5139 5142/5142 4684/4684
f 4683/4683 6144/6144 5133/5133
f 5140/5140 5134/5134 6143/6143
f 6148/6148 4686/4686 5145/5145
f 5144/5144 5146/5146 4686/4686
f 4686/4686 6147/6147 5139/5139
f 5145/5145 5139/5139 6146/6146
f 6152/6152 4689/4689 5149/5149
f 5147/5147 5151/5151 4689/4689
f 4689/4689 6150/6150 5143/5143
f 5148/5148 5144/5144 6148/6148
f 6156/6156 4691/4691 5154/5154
f 5152/5152 5155/5155 4691/4691
f 4691/4691 6154/6154 5147/5147
f 5154/5154 5147/5147 6152/6152
f 6160/6160 4693/4693 5159/5159
f 5157/5157 5161/5161 4693/4693
f 4693/4693 6157/6157 5152/5152
f 5159/5159 5152/5152 6156/6156
f 6164/6164 4695/4695 5163/5163
f 5162/5162 5166/5166 4695/4695
f 4695/4695 6161/6161 5157/5157
f 5163/5163 5157/5157 6160/6160
f 6168/6168 4697/4697 5168/5168
f 5167/5167 5170/5170 4697/4697
f 4697/4697 6165/6165 5162/5162
f 5168/5168 5162/5162 6164/6164
f 6171/6171 4699/4699 5174/5174
f 5172/5172 5176/5176 4699/4699
f 4699/4699 6169/6169 5167/5167
f 5174/5174 5167/5167 6168/6168
f 6175/6175 4701/4701 5179/5179
f 5178/5178 5180/5180 4701/4701
f 4702/4702 6174/6174 5172/5172
f 5179/5179 5173/5173 6172/6172
f 6177/6177 4704/4704 5183/5183
f 5182/5182 5184/5184 4704/4704
f 4704/4704 6176/6176 5178/5178
f 5183/5183 5178/5178 6175/6175
f 6179/6179 4706/4706 5186/5186
f 5185/5185 5187/5187 4706/4706
f 4706/4706 6178/6178 5182/5182
f 5186/5186 5182/5182 6177/6177
f 6181/6181 4708/4708 5190/5190
f 5189/5189 5191/5191 4709/4709
f 4708/4708 6180/6180 5185/5185
f 5190/5190 5185/5185 6179/6179
f 6184/6184 4711/4711 5195/5195
f 5193/5193 5196/5196 4712/4712
f 4712/4712 6182/6182 5189/5189
f 5195/5195 5188/5188 6181/6181
f 6187/6187 4714/4714 5199/5199
f 5198/5198 5200/5200 4714/4714
f 4714/4714 6186/6186 5194/5194
f 5199/5199 5194/5194 6184/6184
f 6189/6189 4716/4716 5202/5202
f 5201/5201 5203/5203 4716/4716
f 4716/4716 6188/6188 5198/5198
f 5202/5202 5198/5198 6187/6187
f 6191/6191 4718/4718 5205/5205
f 5204/5204 5206/5206 4718/4718
f 4718/4718 6190/6190 5201/5201
f 5205/5205 5201/5201 6189/6189
f 6193/6193 4720/4720 5208/5208
f 5207/5207 5209/5209 4720/4720
f 4720/4720 6192/6192 5204/5204
f 5208/5208 5204/5204 6191/6191
f 6195/6195 4722/4722 5211/5211
f 5210/5210 5212/5212 4722/4722
f 4722/4722 6194/6194 5207/5207
f 5211/5211 5207/5207 6193/6193
f 6197/6197 4724/4724 5214/5214
f 5213/5213 5215/5215 4724/4724
f 4724/4724 6196/6196 5210/5210
f 5214/5214 5210/5210 6195/6195
f 6199/6199 4726/4726 5217/5217
f 5216/5216 5218/5218 4726/4726
f 4726/4726 6198/6198 5213/5213
f 5217/5217 5213/5213 6197/6197
f 6201/6201 4728/4728 5220/5220
f 5219/5219 5221/5221 4728/4728
f 4728/4728 6200/6200 5216/5216
f 5220/5220 5216/5216 6199/6199
f 6203/6203 4730/4730 5223/5223
f 5222/5222 5224/5224 4730/4730
f 4730/4730 6202/6202 5219/5219
f 5223/5223 5219/5219 6201/6201
f 6205/6205 4732/4732 5226/5226
f 5225/5225 5227/5227 4732/4732
f 4732/4732 6204/6204 5222/5222
f 5226/5226 5222/5222 6203/6203
f 6207/6207 4734/4734 5229/5229
f 5228/5228 5230/5230 4734/4734
f 4734/4734 6206/6206 5225/5225
f 5229/5229 5225/5225 6205/6205
f 6209/6209 4736/4736 5232/5232
f 5231/5231 5233/5233 4736/4736
f 4736/4736 6208/6208 5228/5228
f 5232/5232 5228/5228 6207/6207
f 6211/6211 4738/4738 5235/5235
f 5234/5234 5236/5236 4738/4738
f 4738/4738 6210/6210 5231/5231
f 5235/5235 5231/5231 6209/6209
f 6214/6214 4741/4741 5239/5239
f 5237/5237 5240/5240 4740/4740
f 4741/4741 6212/6212 5234/5234
f 5239/5239 5234/5234 6211/6211
f 6141/6141 4682/4682 5242/5242
f 5132/5132 5245/5245 4682/4682
f 4682/4682 6216/6216 5237/5237
f 5242/5242 5237/5237 6213/6213
f 6217/6217 4680/4680 5247/5247
f 5246/5246 5248/5248 4680/4680
f 4680/4680 6139/6139 5131/5131
f 5247/5247 5131/5131 6136/6136
f 6219/6219 4679/4679 5250/5250
f 5249/5249 5247/5247 4679/4679
f 4679/4679 6136/6136 5138/5138
f 5250/5250 5138/5138 6145/6145
f 6220/6220 4685/4685 5252/5252
f 5251/5251 5250/5250 4685/4685
f 4685/4685 6145/6145 5142/5142
f 5252/5252 5142/5142 6147/6147
f 6221/6221 4687/4687 5254/5254
f 5253/5253 5252/5252 4687/4687
f 4687/4687 6147/6147 5146/5146
f 5254/5254 5146/5146 6149/6149
f 6222/6222 4690/4690 5256/5256
f 5255/5255 5254/5254 4690/4690
f 4690/4690 6149/6149 5150/5150
f 5256/5256 5150/5150 6153/6153
f 6223/6223 4692/4692 5258/5258
f 5257/5257 5256/5256 4692/4692
f 4692/4692 6153/6153 5156/5156
f 5258/5258 5156/5156 6158/6158
f 6224/6224 4694/4694 5260/5260
f 5259/5259 5258/5258 4694/4694
f 4694/4694 6158/6158 5160/5160
f 5260/5260 5160/5160 6162/6162
f 6225/6225 4696/4696 5262/5262
f 5261/5261 5260/5260 4696/4696
f 4696/4696 6162/6162 5165/5165
f 5262/5262 5165/5165 6166/6166
f 6226/6226 4698/4698 5264/5264
f 5263/5263 5262/5262 4698/4698
f 4698/4698 6166/6166 5171/5171
f 5264/5264 5171/5171 6170/6170
f 6227/6227 4700/4700 5266/5266
f 5265/5265 5264/5264 4700/4700
f 4700/4700 6170/6170 5177/5177
f 5266/5266 5177/5177 6173/6173
f 6228/6228 4703/4703 5268/5268
f 5267/5267 5266/5266 4703/4703
f 4703/4703 6173/6173 5180/5180
f 5268/5268 5180/5180 6176/6176
f 6229/6229 4705/4705 5270/5270
f 5269/5269 5268/5268 4705/4705
f 4705/4705 6176/6176 5184/5184
f 5270/5270 5184/5184 6178/6178
f 6230/6230 4707/4707 5272/5272
f 5271/5271 5270/5270 4707/4707
f 4707/4707 6178/6178 5187/5187
f 5272/5272 5187/5187 6180/6180
f 6231/6231 4710/4710 5274/5274
f 5273/5273 5272/5272 4710/4710
f 4710/4710 6180/6180 5192/5192
f 5274/5274 5192/5192 6183/6183
f 6232/6232 4713/4713 5276/5276
f 5275/5275 5274/5274 4713/4713
f 4713/4713 6183/6183 5197/5197
f 5276/5276 5197/5197 6186/6186
f 6233/6233 4715/4715 5278/5278
f 5277/5277 5276/5276 4715/4715
f 4715/4715 6186/6186 5200/5200
f 5278/5278 5200/5200 6188/6188
f 6234/6234 4717/4717 5280/5280
f 5279/5279 5278/5278 4717/4717
f 4717/4717 6188/6188 5203/5203
f 5280/5280 5203/5203 6190/6190
f 6235/6235 4719/4719 5282/5282
f 5281/5281 5280/5280 4719/4719
f 4719/4719 6190/6190 5206/5206
f 5282/5282 5206/5206 6192/6192
f 6236/6236 4721/4721 5284/5284
f 5283/5283 5282/5282 4721/4721
f 4721/4721 6192/6192 5209/5209
f 5284/5284 5209/5209 6194/6194
f 6237/6237 4723/4723 5286/5286
f 5285/5285 5284/5284 4723/4723
f 4723/4723 6194/6194 5212/5212
f 5286/5286 5212/5212 6196/6196
f 6238/6238 4725/4725 5288/5288
f 5287/5287 5286/5286 4725/4725
f 4725/4725 6196/6196 5215/5215
f 5288/5288 5215/5215 6198/6198
f 6239/6239 4727/4727 5290/5290
f 5289/5289 5288/5288 4727/4727
f 4727/4727 6198/6198 5218/5218
f 5290/5290 5218/5218 6200/6200
f 6240/6240 4729/4729 5292/5292
f 5291/5291 5290/5290 4729/4729
f 4729/4729 6200/6200 5221/5221
f 5292/5292 5221/5221 6202/6202
f 6241/6241 4731/4731 5294/5294
f 5293/5293 5292/5292 4731/4731
f 4731/4731 6202/6202 5224/5224
f 5294/5294 5224/5224 6204/6204
f 6242/6242 4733/4733 5296/5296
f 5295/5295 5294/5294 4733/4733
f 4733/4733 6204/6204 5227/5227
f 5296/5296 5227/5227 6206/6206
f 6243/6243 4735/4735 5298/5298
f 5297/5297 5296/5296 4735/4735
f 4735/4735 6206/6206 5230/5230
f 5298/5298 5230/5230 6208/6208
f 6244/6244 4737/4737 5300/5300
f 5299/5299 5298/5298 4737/4737
f 4737/4737 6208/6208 5233/5233
f 5300/5300 5233/5233 6210/6210
f 6245/6245 4739/4739 5302/5302
f 5301/5301 5300/5300 4739/4739
f 4739/4739 6210/6210 5236/5236
f 5302/5302 5236/5236 6212/6212
f 6246/6246 4742/4742 5304/5304
f 5303/5303 5302/5302 4742/4742
f 4742/4742 6212/6212 5241/5241
f 5304/5304 5241/5241 6215/6215
f 6218/6218 4681/4681 5248/5248
f 5305/5305 5304/5304 4681/4681
f 4681/4681 6215/6215 5244/5244
f 5248/5248 5244/5244 6139/6139
f 6076/6076 4594/4594 5040/5040
f 5306/5306 5129/5129 4594/4594
f 4594/4594 6140/6140 5307/5307
f 5040/5040 5307/5307 6077/6077
f 6079/6079 4593/4593 5043/5043
f 5308/5308 5136/5136 4593/4593
f 4593/4593 6135/6135 5306/5306
f 5043/5043 5306/5306 6076/6076
f 6081/6081 4598/4598 5046/5046
f 5309/5309 5140/5140 4598/4598
f 4598/4598 6143/6143 5308/5308
f 5046/5046 5308/5308 6079/6079
f 6083/6083 4601/4601 5049/5049
f 5310/5310 5145/5145 4601/4601
f 4601/4601 6146/6146 5309/5309
f 5049/5049 5309/5309 6081/6081
f 6085/6085 4604/4604 5052/5052
f 5311/5311 5148/5148 4604/4604
f 4604/4604 6148/6148 5310/5310
f 5052/5052 5310/5310 6083/6083
f 6087/6087 4607/4607 5055/5055
f 5312/5312 5153/5153 4607/4607
f 4607/4607 6151/6151 5311/5311
f 5055/5055 5311/5311 6085/6085
f 6089/6089 4610/4610 5058/5058
f 5313/5313 5158/5158 4610/4610
f 4610/4610 6155/6155 5312/5312
f 5058/5058 5312/5312 6087/6087
f 6091/6091 4613/4613 5061/5061
f 5314/5314 5164/5164 4613/4613
f 4613/4613 6159/6159 5313/5313
f 5061/5061 5313/5313 6089/6089
f 6093/6093 4616/4616 5064/5064
f 5315/5315 5169/5169 4616/4616
f 4616/4616 6163/6163 5314/5314
f 5064/5064 5314/5314 6091/6091
f 6095/6095 4619/4619 5067/5067
f 5316/5316 5175/5175 4619/4619
f 4619/4619 6167/6167 5315/5315
f 5067/5067 5315/5315 6093/6093
f 6097/6097 4622/4622 5070/5070
f 5317/5317 5179/5179 4622/4622
f 4622/4622 6172/6172 5316/5316
f 5070/5070 5316/5316 6095/6095
f 6099/6099 4625/4625 5073/5073
f 5318/5318 5183/5183 4625/4625
f 4625/4625 6175/6175 5317/5317
f 5073/5073 5317/5317 6097/6097
f 6101/6101 4628/4628 5076/5076
f 5319/5319 5186/5186 4628/4628
f 4628/4628 6177/6177 5318/5318
f 5076/5076 5318/5318 6099/6099
f 6103/6103 4631/4631 5079/5079
f 5320/5320 5190/5190 4631/4631
f 4631/4631 6179/6179 5319/5319
f 5079/5079 5319/5319 6101/6101
f 6105/6105 4634/4634 5082/5082
f 5321/5321 5195/5195 4634/4634
f 4634/4634 6181/6181 5320/5320
f 5082/5082 5320/5320 6103/6103
f 6107/6107 4637/4637 5085/5085
f 5322/5322 5199/5199 4637/4637
f 4637/4637 6184/6184 5321/5321
f 5085/5085 5321/5321 6105/6105
f 6109/6109 4640/4640 5088/5088
f 5323/5323 5202/5202 4640/4640
f 4640/4640 6187/6187 5322/5322
f 5088/5088 5322/5322 6107/6107
f 6111/6111 4643/4643 5091/5091
f 5324/5324 5205/5205 4643/4643
f 4643/4643 6189/6189 5323/5323
f 5091/5091 5323/5323 6109/6109
f 6113/6113 4646/4646 5094/5094
f 5325/5325 5208/5208 4646/4646
f 4646/4646 6191/6191 5324/5324
f 5094/5094 5324/5324 6111/6111
f 6115/6115 4649/4649 5097/5097
f 5326/5326 5211/5211 4649/4649
f 4649/4649 6193/6193 5325/5325
f 5097/5097 5325/5325 6113/6113
f 6117/6117 4652/4652 5100/5100
f 5327/5327 5214/5214 4652/4652
f 4652/4652 6195/6195 5326/5326
f 5100/5100 5326/5326 6115/6115
f 6119/6119 4655/4655 5103/5103
f 5328/5328 5217/5217 4655/4655
f 4655/4655 6197/6197 5327/5327
f 5103/5103 5327/5327 6117/6117
f 6121/6121 4658/4658 5106/5106
f 5329/5329 5220/5220 4658/4658
f 4658/4658 6199/6199 5328/5328
f 5106/5106 5328/5328 6119/6119
f 6123/6123 4661/4661 5109/5109
f 5330/5330 5223/5223 4661/4661
f 4661/4661 6201/6201 5329/5329
f 5109/5109 5329/5329 6121/6121
f 6125/6125 4664/4664 5112/5112
f 5331/5331 5226/5226 4664/4664
f 4664/4664 6203/6203 5330/5330
f 5112/5112 5330/5330 6123/6123
f 6127/6127 4667/4667 5115/5115
f 5332/5332 5229/5229 4667/4667
f 4667/4667 6205/6205 5331/5331
f 5115/5115 5331/5331 6125/6125
f 6129/6129 4670/4670 5118/5118
f 5333/5333 5232/5232 4670/4670
f 4670/4670 6207/6207 5332/5332
f 5118/5118 5332/5332 6127/6127
f 6131/6131 4673/4673 5121/5121
f 5334/5334 5235/5235 4673/4673
f 4673/4673 6209/6209 5333/5333
f 5121/5121 5333/5333 6129/6129
f 6133/6133 4676/4676 5124/5124
f 5335/5335 5239/5239 4676/4676
f 4676/4676 6211/6211 5334/5334
f 5124/5124 5334/5334 6131/6131
f 6077/6077 4595/4595 5126/5126
f 5307/5307 5243/5243 4595/4595
f 4595/4595 6214/6214 5335/5335
f 5126/5126 5335/5335 6133/6133
f 6247/6247 4787/4787 5337/5337
f 5336/5336 5338/5338 4787/4787
f 4787/4787 6249/6249 5339/5339
f 5337/5337 5339/5339 6250/6250
f 6250/6250 4794/4794 5340/5340
f 5339/5339 5341/5341 4794/4794
f 4794/4794 6251/6251 5342/5342
f 5340/5340 5342/5342 6252/6252
f 6252/6252 4797/4797 5343/5343
f 5342/5342 5344/5344 4797/4797
f 4797/4797 6253/6253 5345/5345
f 5343/5343 5345/5345 6254/6254
f 6254/6254 4800/4800 5346/5346
f 5345/5345 5347/5347 4800/4800
f 4800/4800 6255/6255 5348/5348
f 5346/5346 5348/5348 6256/6256
f 6256/6256 4803/4803 5349/5349
f 5348/5348 5350/5350 4803/4803
f 4803/4803 6257/6257 5351/5351
f 5349/5349 5351/5351 6258/6258
f 6258/6258 4806/4806 5352/5352
f 5351/5351 5353/5353 4806/4806
f 4806/4806 6259/6259 5354/5354
f 5352/5352 5354/5354 6260/6260
f 6260/6260 4809/4809 5355/5355
f 5354/5354 5356/5356 4809/4809
f 4809/4809 6261/6261 5357/5357
f 5355/5355 5357/5357 6262/6262
f 6262/6262 4812/4812 5358/5358
f 5357/5357 5359/5359 4812/4812
f 4812/4812 6263/6263 5360/5360
f 5358/5358 5360/5360 6264/6264
f 6264/6264 4815/4815 5361/5361
f 5360/5360 5362/5362 4815/4815
f 4815/4815 6265/6265 5363/5363
f 5361/5361 5363/5363 6266/6266
f 6266/6266 4818/4818 5364/5364
f 5363/5363 5365/5365 4818/4818
f 4818/4818 6267/6267 5366/5366
f 5364/5364 5366/5366 6268/6268
f 6268/6268 4821/4821 5367/5367
f 5366/5366 5368/5368 4821/4821
f 4821/4821 6269/6269 5369/5369
f 5367/5367 5369/5369 6270/6270
f 6270/6270 4824/4824 5370/5370
f 5369/5369 5371/5371 4824/4824
f 4824/4824 6271/6271 5372/5372
f 5370/5370 5372/5372 6272/6272
f 6272/6272 4827/4827 5373/5373
f 5372/5372 5374/5374 4827/4827
f 4827/4827 6273/6273 5375/5375
f 5373/5373 5375/5375 6274/6274
f 6274/6274 4830/4830 5376/5376
f 5375/5375 5377/5377 4830/4830
f 4830/4830 6275/6275 5378/5378
f 5376/5376 5378/5378 6276/6276
f 6276/6276 4833/4833 5379/5379
f 5378/5378 5380/5380 4833/4833
f 4833/4833 6277/6277 5381/5381
f 5379/5379 5381/5381 6278/6278
f 6278/6278 4836/4836 5382/5382
f 5381/5381 5383/5383 4836/4836
f 4836/4836 6279/6279 5384/5384
f 5382/5382 5384/5384 6280/6280
f 6280/6280 4839/4839 5385/5385
f 5384/5384 5386/5386 4839/4839
f 4839/4839 6281/6281 5387/5387
f 5385/5385 5387/5387 6282/6282
f 6282/6282 4842/4842 5388/5388
f 5387/5387 5389/5389 4842/4842
f 4842/4842 6283/6283 5390/5390
f 5388/5388 5390/5390 6284/6284
f 6284/6284 4845/4845 5391/5391
f 5390/5390 5392/5392 4845/4845
f 4845/4845 6285/6285 5393/5393
f 5391/5391 5393/5393 6286/6286
f 6286/6286 4848/4848 5394/5394
f 5393/5393 5395/5395 4848/4848
f 4848/4848 6287/6287 5396/5396
f 5394/5394 5396/5396 6288/6288
f 6288/6288 4851/4851 5397/5397
f 5396/5396 5398/5398 4851/4851
f 4851/4851 6289/6289 5399/5399
f 5397/5397 5399/5399 6290/6290
f 6290/6290 4854/4854 5400/5400
f 5399/5399 5401/5401 4854/4854
f 4854/4854 6291/6291 5402/5402
f 5400/5400 5402/5402 6292/6292
f 6292/6292 4857/4857 5403/5403
f 5402/5402 5404/5404 4857/4857
f 4857/4857 6293/6293 5405/5405
f 5403/5403 5405/5405 6294/6294
f 6294/6294 4860/4860 5406/5406
f 5405/5405 5407/5407 4860/4860
f 4860/4860 6295/6295 5408/5408
f 5406/5406 5408/5408 6296/6296
f 6296/6296 4863/4863 5409/5409
f 5408/5408 5410/5410 4863/4863
f 4863/4863 6297/6297 5411/5411
f 5409/5409 5411/5411 6298/6298
f 6298/6298 4866/4866 5412/5412
f 5411/5411 5413/5413 4866/4866
f 4866/4866 6299/6299 5414/5414
f 5412/5412 5414/5414 6300/6300
f 6300/6300 4869/4869 5415/5415
f 5414/5414 5416/5416 4869/4869
f 4869/4869 6301/6301 5417/5417
f 5415/5415 5417/5417 6302/6302
f 6302/6302 4872/4872 5418/5418
f 5417/5417 5419/5419 4872/4872
f 4872/4872 6303/6303 5420/5420
f 5418/5418 5420/5420 6304/6304
f 6304/6304 4875/4875 5421/5421
f 5420/5420 5422/5422 4875/4875
f 4875/4875 6305/6305 5423/5423
f 5421/5421 5423/5423 6306/6306
f 6306/6306 4790/4790 5424/5424
f 5423/5423 5425/5425 4790/4790
f 4790/4790 6248/6248 5336/5336
f 5424/5424 5336/5336 6247/6247
f 6308/6308 4877/4877 5428/5428
f 5427/5427 5429/5429 4877/4877
f 4877/4877 6312/6312 5430/5430
f 5428/5428 5430/5430 6314/6314
f 6310/6310 4882/4882 5429/5429
f 5432/5432 5434/5434 4882/4882
f 4882/4882 6317/6317 5436/5436
f 5429/5429 5436/5436 6312/6312
f 6316/6316 4884/4884 5434/5434
f 5438/5438 5440/5440 4885/4885
f 4885/4885 6320/6320 5441/5441
f 5435/5435 5441/5441 6318/6318
f 6319/6319 4888/4888 5440/5440
f 5443/5443 5445/5445 4887/4887
f 4888/4888 6324/6324 5446/5446
f 5440/5440 5446/5446 6320/6320
f 6322/6322 4890/4890 5445/5445
f 5448/5448 5449/5449 4890/4890
f 4890/4890 6328/6328 5450/5450
f 5445/5445 5450/5450 6323/6323
f 6325/6325 4892/4892 5449/5449
f 5453/5453 5454/5454 4892/4892
f 4892/4892 6332/6332 5456/5456
f 5449/5449 5456/5456 6328/6328
f 6329/6329 4894/4894 5454/5454
f 5458/5458 5459/5459 4894/4894
f 4894/4894 6336/6336 5461/5461
f 5454/5454 5461/5461 6332/6332
f 6333/6333 4896/4896 5459/5459
f 5462/5462 5464/5464 4896/4896
f 4896/4896 6339/6339 5465/5465
f 5459/5459 5465/5465 6336/6336
f 6337/6337 4898/4898 5464/5464
f 5467/5467 5469/5469 4898/4898
f 4898/4898 6343/6343 5470/5470
f 5464/5464 5470/5470 6339/6339
f 6341/6341 4900/4900 5469/5469
f 5472/5472 5474/5474 4900/4900
f 4900/4900 6347/6347 5475/5475
f 5469/5469 5475/5475 6343/6343
f 6346/6346 4902/4902 5474/5474
f 5477/5477 5479/5479 4902/4902
f 4902/4902 6352/6352 5482/5482
f 5474/5474 5482/5482 6347/6347
f 6350/6350 4904/4904 5480/5480
f 5483/5483 5484/5484 4904/4904
f 4904/4904 6354/6354 5485/5485
f 5480/5480 5485/5485 6351/6351
f 6353/6353 4906/4906 5484/5484
f 5486/5486 5487/5487 4906/4906
f 4906/4906 6356/6356 5488/5488
f 5484/5484 5488/5488 6354/6354
f 6355/6355 4908/4908 5487/5487
f 5489/5489 5490/5490 4908/4908
f 4908/4908 6359/6359 5492/5492
f 5487/5487 5492/5492 6356/6356
f 6358/6358 4911/4911 5491/5491
f 5494/5494 5495/5495 4911/4911
f 4910/4910 6362/6362 5497/5497
f 5490/5490 5497/5497 6359/6359
f 6361/6361 4913/4913 5496/5496
f 5498/5498 5499/5499 4913/4913
f 4913/4913 6364/6364 5500/5500
f 5496/5496 5500/5500 6362/6362
f 6363/6363 4915/4915 5499/5499
f 5501/5501 5502/5502 4915/4915
f 4915/4915 6366/6366 5503/5503
f 5499/5499 5503/5503 6364/6364
f 6365/6365 4917/4917 5502/5502
f 5504/5504 5505/5505 4917/4917
f 4917/4917 6368/6368 5506/5506
f 5502/5502 5506/5506 6366/6366
f 6367/6367 4919/4919 5505/5505
f 5507/5507 5508/5508 4919/4919
f 4919/4919 6370/6370 5509/5509
f 5505/5505 5509/5509 6368/6368
f 6369/6369 4921/4921 5508/5508
f 5510/5510 5511/5511 4921/4921
f 4921/4921 6372/6372 5512/5512
f 5508/5508 5512/5512 6370/6370
f 6371/6371 4923/4923 5511/5511
f 5513/5513 5514/5514 4923/4923
f 4923/4923 6374/6374 5515/5515
f 5511/5511 5515/5515 6372/6372
f 6373/6373 4925/4925 5514/5514
f 5516/5516 5517/5517 4925/4925
f 4925/4925 6376/6376 5518/5518
f 5514/5514 5518/5518 6374/6374
f 6375/6375 4927/4927 5517/5517
f 5519/5519 5520/5520 4927/4927
f 4927/4927 6378/6378 5521/5521
f 5517/5517 5521/5521 6376/6376
f 6377/6377 4929/4929 5520/5520
f 5522/5522 5523/5523 4929/4929
f 4929/4929 6380/6380 5524/5524
f 5520/5520 5524/5524 6378/6378
f 6379/6379 4931/4931 5523/5523
f 5525/5525 5526/5526 4931/4931
f 4931/4931 6382/6382 5527/5527
f 5523/5523 5527/5527 6380/6380
f 6381/6381 4933/4933 5526/5526
f 5528/5528 5529/5529 4933/4933
f 4933/4933 6384/6384 5530/5530
f 5526/5526 5530/5530 6382/6382
f 6383/6383 4935/4935 5529/5529
f 5531/5531 5532/5532 4935/4935
f 4935/4935 6386/6386 5533/5533
f 5529/5529 5533/5533 6384/6384
f 6385/6385 4937/4937 5532/5532
f 5534/5534 5535/5535 4937/4937
f 4937/4937 6389/6389 5537/5537
f 5532/5532 5537/5537 6386/6386
f 6387/6387 4940/4940 5536/5536
f 5538/5538 5540/5540 4940/4940
f 4940/4940 6393/6393 5542/5542
f 5535/5535 5541/5541 6389/6389
f 6390/6390 4878/4878 5540/5540
f 5543/5543 5428/5428 4878/4878
f 4878/4878 6314/6314 5545/5545
f 5540/5540 5545/5545 6393/6393
f 6307/6307 4880/4880 5426/5426
f 5547/5547 5548/5548 4880/4880
f 4880/4880 6395/6395 5549/5549
f 5426/5426 5549/5549 6309/6309
f 6309/6309 4881/4881 5433/5433
f 5549/5549 5550/5550 4881/4881
f 4881/4881 6396/6396 5551/5551
f 5433/5433 5551/5551 6315/6315
f 6315/6315 4883/4883 5438/5438
f 5551/5551 5552/5552 4883/4883
f 4883/4883 6397/6397 5553/5553
f 5438/5438 5553/5553 6319/6319
f 6319/6319 4886/4886 5442/5442
f 5553/5553 5554/5554 4886/4886
f 4886/4886 6398/6398 5555/5555
f 5442/5442 5555/5555 6321/6321
f 6321/6321 4889/4889 5447/5447
f 5555/5555 5556/5556 4889/4889
f 4889/4889 6399/6399 5557/5557
f 5447/5447 5557/5557 6326/6326
f 6326/6326 4891/4891 5452/5452
f 5557/5557 5558/5558 4891/4891
f 4891/4891 6400/6400 5559/5559
f 5452/5452 5559/5559 6330/6330
f 6330/6330 4893/4893 5457/5457
f 5559/5559 5560/5560 4893/4893
f 4893/4893 6401/6401 5561/5561
f 5457/5457 5561/5561 6334/6334
f 6334/6334 4895/4895 5463/5463
f 5561/5561 5562/5562 4895/4895
f 4895/4895 6402/6402 5563/5563
f 5463/5463 5563/5563 6338/6338
f 6338/6338 4897/4897 5468/5468
f 5563/5563 5564/5564 4897/4897
f 4897/4897 6403/6403 5565/5565
f 5468/5468 5565/5565 6342/6342
f 6342/6342 4899/4899 5473/5473
f 5565/5565 5566/5566 4899/4899
f 4899/4899 6404/6404 5567/5567
f 5473/5473 5567/5567 6345/6345
f 6345/6345 4901/4901 5478/5478
f 5567/5567 5568/5568 4901/4901
f 4901/4901 6405/6405 5569/5569
f 5478/5478 5569/5569 6350/6350
f 6350/6350 4903/4903 5483/5483
f 5569/5569 5570/5570 4903/4903
f 4903/4903 6406/6406 5571/5571
f 5483/5483 5571/5571 6353/6353
f 6353/6353 4905/4905 5486/5486
f 5571/5571 5572/5572 4905/4905
f 4905/4905 6407/6407 5573/5573
f 5486/5486 5573/5573 6355/6355
f 6355/6355 4907/4907 5489/5489
f 5573/5573 5574/5574 4907/4907
f 4907/4907 6408/6408 5575/5575
f 5489/5489 5575/5575 6357/6357
f 6357/6357 4909/4909 5493/5493
f 5575/5575 5576/5576 4909/4909
f 4909/4909 6409/6409 5577/5577
f 5493/5493 5577/5577 6361/6361
f 6361/6361 4912/4912 5498/5498
f 5577/5577 5578/5578 4912/4912
f 4912/4912 6410/6410 5579/5579
f 5498/5498 5579/5579 6363/6363
f 6363/6363 4914/4914 5501/5501
f 5579/5579 5580/5580 4914/4914
f 4914/4914 6411/6411 5581/5581
f 5501/5501 5581/5581 6365/6365
f 6365/6365 4916/4916 5504/5504
f 5581/5581 5582/5582 4916/4916
f 4916/4916 6412/6412 5583/5583
f 5504/5504 5583/5583 6367/6367
f 6367/6367 4918/4918 5507/5507
f 5583/5583 5584/5584 4918/4918
f 4918/4918 6413/6413 5585/5585
f 5507/5507 5585/5585 6369/6369
f 6369/6369 4920/4920 5510/5510
f 5585/5585 5586/5586 4920/4920
f 4920/4920 6414/6414 5587/5587
f 5510/5510 5587/5587 6371/6371
f 6371/6371 4922/4922 5513/5513
f 5587/5587 5588/5588 4922/4922
f 4922/4922 6415/6415 5589/5589
f 5513/5513 5589/5589 6373/6373
f 6373/6373 4924/4924 5516/5516
f 5589/5589 5590/5590 4924/4924
f 4924/4924 6416/6416 5591/5591
f 5516/5516 5591/5591 6375/6375
f 6375/6375 4926/4926 5519/5519
f 5591/5591 5592/5592 4926/4926
f 4926/4926 6417/6417 5593/5593
f 5519/5519 5593/5593 6377/6377
f 6377/6377 4928/4928 5522/5522
f 5593/5593 5594/5594 4928/4928
f 4928/4928 6418/6418 5595/5595
f 5522/5522 5595/5595 6379/6379
f 6379/6379 4930/4930 5525/5525
f 5595/5595 5596/5596 4930/4930
f 4930/4930 6419/6419 5597/5597
f 5525/5525 5597/5597 6381/6381
f 6381/6381 4932/4932 5528/5528
f 5597/5597 5598/5598 4932/4932
f 4932/4932 6420/6420 5599/5599
f 5528/5528 5599/5599 6383/6383
f 6383/6383 4934/4934 5531/5531
f 5599/5599 5600/5600 4934/4934
f 4934/4934 6421/6421 5601/5601
f 5531/5531 5601/5601 6385/6385
f 6385/6385 4936/4936 5534/5534
f 5601/5601 5602/5602 4936/4936
f 4936/4936 6422/6422 5603/5603
f 5534/5534 5603/5603 6388/6388
f 6388/6388 4938/4938 5539/5539
f 5603/5603 5604/5604 4938/4938
f 4938/4938 6423/6423 5605/5605
f 5539/5539 5605/5605 6391/6391
f 6391/6391 4879/4879 5544/5544
f 5605/5605 5606/5606 4879/4879
f 4879/4879 6394/6394 5547/5547
f 5544/5544 5547/5547 6307/6307
f 6249/6249 4792/4792 5607/5607
f 5338/5338 5608/5608 4792/4792
f 4792/4792 6313/6313 5431/5431
f 5607/5607 5431/5431 6311/6311
f 6251/6251 4793/4793 5609/5609
f 5341/5341 5607/5607 4793/4793
f 4793/4793 6311/6311 5437/5437
f 5609/5609 5437/5437 6318/6318
f 6253/6253 4796/4796 5610/5610
f 5344/5344 5609/5609 4796/4796
f 4796/4796 6318/6318 5441/5441
f 5610/5610 5441/5441 6320/6320
f 6255/6255 4799/4799 5611/5611
f 5347/5347 5610/5610 4799/4799
f 4799/4799 6320/6320 5446/5446
f 5611/5611 5446/5446 6324/6324
f 6257/6257 4802/4802 5612/5612
f 5350/5350 5611/5611 4802/4802
f 4802/4802 6324/6324 5451/5451
f 5612/5612 5451/5451 6327/6327
f 6259/6259 4805/4805 5613/5613
f 5353/5353 5612/5612 4805/4805
f 4805/4805 6327/6327 5455/5455
f 5613/5613 5455/5455 6331/6331
f 6261/6261 4808/4808 5614/5614
f 5356/5356 5613/5613 4808/4808
f 4808/4808 6331/6331 5460/5460
f 5614/5614 5460/5460 6335/6335
f 6263/6263 4811/4811 5615/5615
f 5359/5359 5614/5614 4811/4811
f 4811/4811 6335/6335 5466/5466
f 5615/5615 5466/5466 6340/6340
f 6265/6265 4814/4814 5616/5616
f 5362/5362 5615/5615 4814/4814
f 4814/4814 6340/6340 5471/5471
f 5616/5616 5471/5471 6344/6344
f 6267/6267 4817/4817 5617/5617
f 5365/5365 5616/5616 4817/4817
f 4817/4817 6344/6344 5476/5476
f 5617/5617 5476/5476 6348/6348
f 6269/6269 4820/4820 5618/5618
f 5368/5368 5617/5617 4820/4820
f 4820/4820 6348/6348 5481/5481
f 5618/5618 5481/5481 6351/6351
f 6271/6271 4823/4823 5619/5619
f 5371/5371 5618/5618 4823/4823
f 4823/4823 6351/6351 5485/5485
f 5619/5619 5485/5485 6354/6354
f 6273/6273 4826/4826 5620/5620
f 5374/5374 5619/5619 4826/4826
f 4826/4826 6354/6354 5488/5488
f 5620/5620 5488/5488 6356/6356
f 6275/6275 4829/4829 5621/5621
f 5377/5377 5620/5620 4829/4829
f 4829/4829 6356/6356 5492/5492
f 5621/5621 5492/5492 6359/6359
f 6277/6277 4832/4832 5622/5622
f 5380/5380 5621/5621 4832/4832
f 4832/4832 6359/6359 5497/5497
f 5622/5622 5497/5497 6362/6362
f 6279/6279 4835/4835 5623/5623
f 5383/5383 5622/5622 4835/4835
f 4835/4835 6362/6362 5500/5500
f 5623/5623 5500/5500 6364/6364
f 6281/6281 4838/4838 5624/5624
f 5386/5386 5623/5623 4838/4838
f 4838/4838 6364/6364 5503/5503
f 5624/5624 5503/5503 6366/6366
f 6283/6283 4841/4841 5625/5625
f 5389/5389 5624/5624 4841/4841
f 4841/4841 6366/6366 5506/5506
f 5625/5625 5506/5506 6368/6368
f 6285/6285 4844/4844 5626/5626
f 5392/5392 5625/5625 4844/4844
f 4844/4844 6368/6368 5509/5509
f 5626/5626 5509/5509 6370/6370
f 6287/6287 4847/4847 5627/5627
f 5395/5395 5626/5626 4847/4847
f 4847/4847 6370/6370 5512/5512
f 5627/5627 5512/5512 6372/6372
f 6289/6289 4850/4850 5628/5628
f 5398/5398 5627/5627 4850/4850
f 4850/4850 6372/6372 5515/5515
f 5628/5628 5515/5515 6374/6374
f 6291/6291 4853/4853 5629/5629
f 5401/5401 5628/5628 4853/4853
f 4853/4853 6374/6374 5518/5518
f 5629/5629 5518/5518 6376/6376
f 6293/6293 4856/4856 5630/5630
f 5404/5404 5629/5629 4856/4856
f 4856/4856 6376/6376 5521/5521
f 5630/5630 5521/5521 6378/6378
f 6295/6295 4859/4859 5631/5631
f 5407/5407 5630/5630 4859/4859
f 4859/4859 6378/6378 5524/5524
f 5631/5631 5524/5524 6380/6380
f 6297/6297 4862/4862 5632/5632
f 5410/5410 5631/5631 4862/4862
f 4862/4862 6380/6380 5527/5527
f 5632/5632 5527/5527 6382/6382
f 6299/6299 4865/4865 5633/5633
f 5413/5413 5632/5632 4865/4865
f 4865/4865 6382/6382 5530/5530
f 5633/5633 5530/5530 6384/6384
f 6301/6301 4868/4868 5634/5634
f 5416/5416 5633/5633 4868/4868
f 4868/4868 6384/6384 5533/5533
f 5634/5634 5533/5533 6386/6386
f 6303/6303 4871/4871 5635/5635
f 5419/5419 5634/5634 4871/4871
f 4871/4871 6386/6386 5537/5537
f 5635/5635 5537/5537 6389/6389
f 6305/6305 4874/4874 5636/5636
f 5422/5422 5635/5635 4874/4874
f 4874/4874 6389/6389 5541/5541
f 5636/5636 5541/5541 6392/6392
f 6248/6248 4791/4791 5608/5608
f 5425/5425 5636/5636 4791/4791
f 4791/4791 6392/6392 5546/5546
f 5608/5608 5546/5546 6313/6313
f 6074/6074 4590/4590 5037/5037
f 5637/5637 5638/5638 4590/4590
f 4590/4590 6426/6426 5640/5640
f 5037/5037 5640/5640 6075/6075
f 6075/6075 4591/4591 5041/5041
f 5640/5640 5642/5642 4591/4591
f 4591/4591 6428/6428 5643/5643
f 5041/5041 5643/5643 6078/6078
f 6078/6078 4596/4596 5044/5044
f 5643/5643 5645/5645 4596/4596
f 4596/4596 6431/6431 5646/5646
f 5044/5044 5646/5646 6080/6080
f 6080/6080 4599/4599 5047/5047
f 5646/5646 5648/5648 4599/4599
f 4599/4599 6434/6434 5649/5649
f 5047/5047 5649/5649 6082/6082
f 6082/6082 4602/4602 5050/5050
f 5649/5649 5650/5650 4602/4602
f 4602/4602 6435/6435 5652/5652
f 5050/5050 5652/5652 6084/6084
f 6084/6084 4605/4605 5053/5053
f 5652/5652 5653/5653 4605/4605
f 4605/4605 6438/6438 5655/5655
f 5053/5053 5655/5655 6086/6086
f 6086/6086 4608/4608 5056/5056
f 5655/5655 5657/5657 4608/4608
f 4608/4608 6439/6439 5658/5658
f 5056/5056 5658/5658 6088/6088
f 6088/6088 4611/4611 5059/5059
f 5658/5658 5660/5660 4611/4611
f 4611/4611 6441/6441 5661/5661
f 5059/5059 5661/5661 6090/6090
f 6090/6090 4614/4614 5062/5062
f 5661/5661 5662/5662 4614/4614
f 4614/4614 6443/6443 5664/5664
f 5062/5062 5664/5664 6092/6092
f 6092/6092 4617/4617 5065/5065
f 5664/5664 5665/5665 4617/4617
f 4617/4617 6445/6445 5667/5667
f 5065/5065 5667/5667 6094/6094
f 6094/6094 4620/4620 5068/5068
f 5667/5667 5669/5669 4620/4620
f 4620/4620 6449/6449 5670/5670
f 5068/5068 5670/5670 6096/6096
f 6096/6096 4623/4623 5071/5071
f 5670/5670 5672/5672 4623/4623
f 4623/4623 6450/6450 5673/5673
f 5071/5071 5673/5673 6098/6098
f 6098/6098 4626/4626 5074/5074
f 5673/5673 5674/5674 4626/4626
f 4626/4626 6452/6452 5676/5676
f 5074/5074 5676/5676 6100/6100
f 6100/6100 4629/4629 5077/5077
f 5676/5676 5677/5677 4629/4629
f 4629/4629 6454/6454 5679/5679
f 5077/5077 5679/5679 6102/6102
f 6102/6102 4632/4632 5080/5080
f 5679/5679 5681/5681 4632/4632
f 4632/4632 6456/6456 5682/5682
f 5080/5080 5682/5682 6104/6104
f 6104/6104 4635/4635 5083/5083
f 5682/5682 5683/5683 4635/4635
f 4635/4635 6459/6459 5685/5685
f 5083/5083 5685/5685 6106/6106
f 6106/6106 4638/4638 5086/5086
f 5685/5685 5686/5686 4638/4638
f 4638/4638 6461/6461 5688/5688
f 5086/5086 5688/5688 6108/6108
f 6108/6108 4641/4641 5089/5089
f 5688/5688 5690/5690 4641/4641
f 4641/4641 6463/6463 5691/5691
f 5089/5089 5691/5691 6110/6110
f 6110/6110 4644/4644 5092/5092
f 5691/5691 5692/5692 4644/4644
f 4644/4644 6465/6465 5695/5695
f 5092/5092 5695/5695 6112/6112
f 6112/6112 4647/4647 5095/5095
f 5695/5695 5696/5696 4647/4647
f 4647/4647 6466/6466 5698/5698
f 5095/5095 5698/5698 6114/6114
f 6114/6114 4650/4650 5098/5098
f 5698/5698 5700/5700 4650/4650
f 4650/4650 6468/6468 5701/5701
f 5098/5098 5701/5701 6116/6116
f 6116/6116 4653/4653 5101/5101
f 5701/5701 5702/5702 4653/4653
f 4653/4653 6471/6471 5704/5704
f 5101/5101 5704/5704 6118/6118
f 6118/6118 4656/4656 5104/5104
f 5704/5704 5705/5705 4656/4656
f 4656/4656 6473/6473 5707/5707
f 5104/5104 5707/5707 6120/6120
f 6120/6120 4659/4659 5107/5107
f 5707/5707 5709/5709 4659/4659
f 4659/4659 6474/6474 5710/5710
f 5107/5107 5710/5710 6122/6122
f 6122/6122 4662/4662 5110/5110
f 5710/5710 5712/5712 4662/4662
f 4662/4662 6477/6477 5713/5713
f 5110/5110 5713/5713 6124/6124
f 6124/6124 4665/4665 5113/5113
f 5713/5713 5714/5714 4665/4665
f 4665/4665 6480/6480 5716/5716
f 5113/5113 5716/5716 6126/6126
f 6126/6126 4668/4668 5116/5116
f 5716/5716 5718/5718 4668/4668
f 4668/4668 6481/6481 5719/5719
f 5116/5116 5719/5719 6128/6128
f 6128/6128 4671/4671 5119/5119
f 5719/5719 5720/5720 4671/4671
f 4671/4671 6483/6483 5722/5722
f 5119/5119 5722/5722 6130/6130
f 6130/6130 4674/4674 5122/5122
f 5722/5722 5723/5723 4674/4674
f 4674/4674 6485/6485 5725/5725
f 5122/5122 5725/5725 6132/6132
f 6132/6132 4589/4589 5125/5125
f 5725/5725 5726/5726 4589/4589
f 4589/4589 6425/6425 5637/5637
f 5125/5125 5637/5637 6074/6074
f 6217/6217 4745/4745 5246/5246
f 5729/5729 5730/5730 4746/4746
f 4746/4746 6488/6488 5732/5732
f 5246/5246 5731/5731 6218/6218
f 6219/6219 4744/4744 5249/5249
f 5733/5733 5735/5735 4743/4743
f 4743/4743 6487/6487 5729/5729
f 5249/5249 5728/5728 6217/6217
f 6220/6220 4749/4749 5251/5251
f 5736/5736 5737/5737 4749/4749
f 4750/4750 6489/6489 5733/5733
f 5251/5251 5734/5734 6219/6219
f 6221/6221 4751/4751 5253/5253
f 5740/5740 5743/5743 4751/4751
f 4751/4751 6490/6490 5736/5736
f 5253/5253 5736/5736 6220/6220
f 6222/6222 4753/4753 5255/5255
f 5745/5745 5746/5746 4752/4752
f 4752/4752 6493/6493 5739/5739
f 5255/5255 5740/5740 6221/6221
f 6223/6223 4754/4754 5257/5257
f 5747/5747 5749/5749 4755/4755
f 4755/4755 6494/6494 5745/5745
f 5257/5257 5744/5744 6222/6222
f 6224/6224 4757/4757 5259/5259
f 5751/5751 5752/5752 4756/4756
f 4756/4756 6495/6495 5747/5747
f 5259/5259 5748/5748 6223/6223
f 6225/6225 4759/4759 5261/5261
f 5753/5753 5755/5755 4758/4758
f 4758/4758 6496/6496 5751/5751
f 5261/5261 5750/5750 6224/6224
f 6226/6226 4761/4761 5263/5263
f 5757/5757 5758/5758 4760/4760
f 4760/4760 6497/6497 5753/5753
f 5263/5263 5754/5754 6225/6225
f 6227/6227 4762/4762 5265/5265
f 5759/5759 5761/5761 4763/4763
f 4763/4763 6498/6498 5757/5757
f 5265/5265 5756/5756 6226/6226
f 6228/6228 4764/4764 5267/5267
f 5762/5762 5763/5763 4764/4764
f 4765/4765 6499/6499 5759/5759
f 5267/5267 5760/5760 6227/6227
f 6229/6229 4766/4766 5269/5269
f 5765/5765 5767/5767 4766/4766
f 4766/4766 6500/6500 5762/5762
f 5269/5269 5762/5762 6228/6228
f 6230/6230 4767/4767 5271/5271
f 5768/5768 5769/5769 4767/4767
f 4767/4767 6503/6503 5765/5765
f 5271/5271 5765/5765 6229/6229
f 6231/6231 4769/4769 5273/5273
f 5772/5772 5773/5773 4768/4768
f 4769/4769 6505/6505 5768/5768
f 5273/5273 5768/5768 6230/6230
f 6232/6232 4771/4771 5275/5275
f 5775/5775 5777/5777 4770/4770
f 4770/4770 6507/6507 5772/5772
f 5275/5275 5771/5771 6231/6231
f 6233/6233 4772/4772 5277/5277
f 5778/5778 5780/5780 4772/4772
f 4772/4772 6508/6508 5776/5776
f 5277/5277 5776/5776 6232/6232
f 6234/6234 4773/4773 5279/5279
f 5781/5781 5783/5783 4773/4773
f 4773/4773 6511/6511 5778/5778
f 5279/5279 5778/5778 6233/6233
f 6235/6235 4774/4774 5281/5281
f 5784/5784 5786/5786 4774/4774
f 4774/4774 6513/6513 5781/5781
f 5281/5281 5781/5781 6234/6234
f 6236/6236 4775/4775 5283/5283
f 5787/5787 5788/5788 4775/4775
f 4775/4775 6515/6515 5784/5784
f 5283/5283 5784/5784 6235/6235
f 6237/6237 4776/4776 5285/5285
f 5790/5790 5791/5791 4776/4776
f 4776/4776 6517/6517 5787/5787
f 5285/5285 5787/5787 6236/6236
f 6238/6238 4777/4777 5287/5287
f 5793/5793 5795/5795 4777/4777
f 4777/4777 6519/6519 5790/5790
f 5287/5287 5790/5790 6237/6237
f 6239/6239 4778/4778 5289/5289
f 5796/5796 5797/5797 4778/4778
f 4778/4778 6522/6522 5793/5793
f 5289/5289 5793/5793 6238/6238
f 6240/6240 4779/4779 5291/5291
f 5799/5799 5800/5800 4779/4779
f 4779/4779 6524/6524 5796/5796
f 5291/5291 5796/5796 6239/6239
f 6241/6241 4780/4780 5293/5293
f 5802/5802 5803/5803 4780/4780
f 4780/4780 6525/6525 5799/5799
f 5293/5293 5799/5799 6240/6240
f 6242/6242 4781/4781 5295/5295
f 5805/5805 5806/5806 4781/4781
f 4781/4781 6528/6528 5802/5802
f 5295/5295 5802/5802 6241/6241
f 6243/6243 4782/4782 5297/5297
f 5808/5808 5809/5809 4782/4782
f 4782/4782 6529/6529 5805/5805
f 5297/5297 5805/5805 6242/6242
f 6244/6244 4783/4783 5299/5299
f 5811/5811 5813/5813 4783/4783
f 4783/4783 6533/6533 5808/5808
f 5299/5299 5808/5808 6243/6243
f 6245/6245 4784/4784 5301/5301
f 5814/5814 5816/5816 4784/4784
f 4784/4784 6534/6534 5811/5811
f 5301/5301 5811/5811 6244/6244
f 6246/6246 4786/4786 5303/5303
f 5817/5817 5820/5820 4785/4785
f 4786/4786 6537/6537 5814/5814
f 5303/5303 5814/5814 6245/6245
f 6218/6218 4747/4747 5305/5305
f 5732/5732 5821/5821 4748/4748
f 4748/4748 6538/6538 5817/5817
f 5305/5305 5818/5818 6246/6246
f 6250/6250 4788/4788 5337/5337
f 5822/5822 5823/5823 4788/4788
f 4788/4788 6542/6542 5825/5825
f 5337/5337 5825/5825 6247/6247
f 6252/6252 4795/4795 5340/5340
f 5826/5826 5828/5828 4795/4795
f 4795/4795 6540/6540 5822/5822
f 5340/5340 5822/5822 6250/6250
f 6254/6254 4798/4798 5343/5343
f 5829/5829 5831/5831 4798/4798
f 4798/4798 6543/6543 5826/5826
f 5343/5343 5826/5826 6252/6252
f 6256/6256 4801/4801 5346/5346
f 5832/5832 5834/5834 4801/4801
f 4801/4801 6546/6546 5829/5829
f 5346/5346 5829/5829 6254/6254
f 6258/6258 4804/4804 5349/5349
f 5836/5836 5838/5838 4804/4804
f 4804/4804 6548/6548 5832/5832
f 5349/5349 5832/5832 6256/6256
f 6260/6260 4807/4807 5352/5352
f 5839/5839 5840/5840 4807/4807
f 4807/4807 6550/6550 5836/5836
f 5352/5352 5836/5836 6258/6258
f 6262/6262 4810/4810 5355/5355
f 5842/5842 5844/5844 4810/4810
f 4810/4810 6552/6552 5839/5839
f 5355/5355 5839/5839 6260/6260
f 6264/6264 4813/4813 5358/5358
f 5845/5845 5846/5846 4813/4813
f 4813/4813 6553/6553 5842/5842
f 5358/5358 5842/5842 6262/6262
f 6266/6266 4816/4816 5361/5361
f 5848/5848 5850/5850 4816/4816
f 4816/4816 6555/6555 5845/5845
f 5361/5361 5845/5845 6264/6264
f 6268/6268 4819/4819 5364/5364
f 5851/5851 5852/5852 4819/4819
f 4819/4819 6558/6558 5848/5848
f 5364/5364 5848/5848 6266/6266
f 6270/6270 4822/4822 5367/5367
f 5854/5854 5856/5856 4822/4822
f 4822/4822 6560/6560 5851/5851
f 5367/5367 5851/5851 6268/6268
f 6272/6272 4825/4825 5370/5370
f 5857/5857 5859/5859 4825/4825
f 4825/4825 6561/6561 5854/5854
f 5370/5370 5854/5854 6270/6270
f 6274/6274 4828/4828 5373/5373
f 5861/5861 5863/5863 4828/4828
f 4828/4828 6563/6563 5857/5857
f 5373/5373 5857/5857 6272/6272
f 6276/6276 4831/4831 5376/5376
f 5864/5864 5866/5866 4831/4831
f 4831/4831 6566/6566 5861/5861
f 5376/5376 5861/5861 6274/6274
f 6278/6278 4834/4834 5379/5379
f 5867/5867 5868/5868 4834/4834
f 4834/4834 6567/6567 5864/5864
f 5379/5379 5864/5864 6276/6276
f 6280/6280 4837/4837 5382/5382
f 5870/5870 5871/5871 4837/4837
f 4837/4837 6569/6569 5867/5867
f 5382/5382 5867/5867 6278/6278
f 6282/6282 4840/4840 5385/5385
f 5873/5873 5874/5874 4840/4840
f 4840/4840 6572/6572 5870/5870
f 5385/5385 5870/5870 6280/6280
f 6284/6284 4843/4843 5388/5388
f 5876/5876 5878/5878 4843/4843
f 4843/4843 6573/6573 5873/5873
f 5388/5388 5873/5873 6282/6282
f 6286/6286 4846/4846 5391/5391
f 5879/5879 5880/5880 4846/4846
f 4846/4846 6575/6575 5876/5876
f 5391/5391 5876/5876 6284/6284
f 6288/6288 4849/4849 5394/5394
f 5883/5883 5884/5884 4849/4849
f 4849/4849 6578/6578 5879/5879
f 5394/5394 5879/5879 6286/6286
f 6290/6290 4852/4852 5397/5397
f 5886/5886 5888/5888 4852/4852
f 4852/4852 6579/6579 5883/5883
f 5397/5397 5883/5883 6288/6288
f 6292/6292 4855/4855 5400/5400
f 5889/5889 5890/5890 4855/4855
f 4855/4855 6582/6582 5886/5886
f 5400/5400 5886/5886 6290/6290
f 6294/6294 4858/4858 5403/5403
f 5892/5892 5894/5894 4858/4858
f 4858/4858 6583/6583 5889/5889
f 5403/5403 5889/5889 6292/6292
f 6296/6296 4861/4861 5406/5406
f 5895/5895 5897/5897 4861/4861
f 4861/4861 6585/6585 5892/5892
f 5406/5406 5892/5892 6294/6294
f 6298/6298 4864/4864 5409/5409
f 5898/5898 5899/5899 4864/4864
f 4864/4864 6587/6587 5895/5895
f 5409/5409 5895/5895 6296/6296
f 6300/6300 4867/4867 5412/5412
f 5901/5901 5902/5902 4867/4867
f 4867/4867 6590/6590 5898/5898
f 5412/5412 5898/5898 6298/6298
f 6302/6302 4870/4870 5415/5415
f 5904/5904 5906/5906 4870/4870
f 4870/4870 6593/6593 5901/5901
f 5415/5415 5901/5901 6300/6300
f 6304/6304 4873/4873 5418/5418
f 5907/5907 5908/5908 4873/4873
f 4873/4873 6594/6594 5904/5904
f 5418/5418 5904/5904 6302/6302
f 6306/6306 4876/4876 5421/5421
f 5910/5910 5911/5911 4876/4876
f 4876/4876 6596/6596 5907/5907
f 5421/5421 5907/5907 6304/6304
f 6247/6247 4789/4789 5424/5424
f 5825/5825 5914/5914 4789/4789
f 4789/4789 6598/6598 5910/5910
f 5424/5424 5910/5910 6306/6306
f 6394/6394 4942/4942 5548/5548
f 5915/5915 5916/5916 4942/4942
f 4942/4942 6602/6602 5918/5918
f 5548/5548 5918/5918 6395/6395
f 6395/6395 4943/4943 5550/5550
f 5918/5918 5920/5920 4943/4943
f 4943/4943 6605/6605 5921/5921
f 5550/5550 5921/5921 6396/6396
f 6396/6396 4944/4944 5552/5552
f 5921/5921 5922/5922 4944/4944
f 4944/4944 6606/6606 5924/5924
f 5552/5552 5924/5924 6397/6397
f 6397/6397 4945/4945 5554/5554
f 5924/5924 5927/5927 4945/4945
f 4945/4945 6608/6608 5928/5928
f 5554/5554 5928/5928 6398/6398
f 6398/6398 4946/4946 5556/5556
f 5928/5928 5929/5929 4946/4946
f 4946/4946 6611/6611 5931/5931
f 5556/5556 5931/5931 6399/6399
f 6399/6399 4947/4947 5558/5558
f 5931/5931 5933/5933 4947/4947
f 4947/4947 6613/6613 5934/5934
f 5558/5558 5934/5934 6400/6400
f 6400/6400 4948/4948 5560/5560
f 5934/5934 5936/5936 4948/4948
f 4948/4948 6614/6614 5937/5937
f 5560/5560 5937/5937 6401/6401
f 6401/6401 4949/4949 5562/5562
f 5937/5937 5938/5938 4949/4949
f 4949/4949 6616/6616 5940/5940
f 5562/5562 5940/5940 6402/6402
f 6402/6402 4950/4950 5564/5564
f 5940/5940 5942/5942 4950/4950
f 4950/4950 6618/6618 5943/5943
f 5564/5564 5943/5943 6403/6403
f 6403/6403 4951/4951 5566/5566
f 5943/5943 5944/5944 4951/4951
f 4951/4951 6621/6621 5946/5946
f 5566/5566 5946/5946 6404/6404
f 6404/6404 4952/4952 5568/5568
f 5946/5946 5948/5948 4952/4952
f 4952/4952 6623/6623 5949/5949
f 5568/5568 5949/5949 6405/6405
f 6405/6405 4953/4953 5570/5570
f 5949/5949 5950/5950 4953/4953
f 4953/4953 6625/6625 5952/5952
f 5570/5570 5952/5952 6406/6406
f 6406/6406 4954/4954 5572/5572
f 5952/5952 5954/5954 4954/4954
f 4954/4954 6628/6628 5955/5955
f 5572/5572 5955/5955 6407/6407
f 6407/6407 4955/4955 5574/5574
f 5955/5955 5957/5957 4955/4955
f 4955/4955 6630/6630 5958/5958
f 5574/5574 5958/5958 6408/6408
f 6408/6408 4956/4956 5576/5576
f 5958/5958 5959/5959 4956/4956
f 4956/4956 6631/6631 5961/5961
f 5576/5576 5961/5961 6409/6409
f 6409/6409 4957/4957 5578/5578
f 5961/5961 5963/5963 4957/4957
f 4957/4957 6634/6634 5964/5964
f 5578/5578 5964/5964 6410/6410
f 6410/6410 4958/4958 5580/5580
f 5964/5964 5965/5965 4958/4958
f 4958/4958 6635/6635 5967/5967
f 5580/5580 5967/5967 6411/6411
f 6411/6411 4959/4959 5582/5582
f 5967/5967 5969/5969 4959/4959
f 4959/4959 6637/6637 5970/5970
f 5582/5582 5970/5970 6412/6412
f 6412/6412 4960/4960 5584/5584
f 5970/5970 5973/5973 4960/4960
f 4960/4960 6639/6639 5974/5974
f 5584/5584 5974/5974 6413/6413
f 6413/6413 4961/4961 5586/5586
f 5974/5974 5975/5975 4961/4961
f 4961/4961 6642/6642 5977/5977
f 5586/5586 5977/5977 6414/6414
f 6414/6414 4962/4962 5588/5588
f 5977/5977 5979/5979 4962/4962
f 4962/4962 6643/6643 5980/5980
f 5588/5588 5980/5980 6415/6415
f 6415/6415 4963/4963 5590/5590
f 5980/5980 5982/5982 4963/4963
f 4963/4963 6645/6645 5983/5983
f 5590/5590 5983/5983 6416/6416
f 6416/6416 4964/4964 5592/5592
f 5983/5983 5985/5985 4964/4964
f 4964/4964 6647/6647 5986/5986
f 5592/5592 5986/5986 6417/6417
f 6417/6417 4965/4965 5594/5594
f 5986/5986 5987/5987 4965/4965
f 4965/4965 6650/6650 5989/5989
f 5594/5594 5989/5989 6418/6418
f 6418/6418 4966/4966 5596/5596
f 5989/5989 5991/5991 4966/4966
f 4966/4966 6652/6652 5992/5992
f 5596/5596 5992/5992 6419/6419
f 6419/6419 4967/4967 5598/5598
f 5992/5992 5994/5994 4967/4967
f 4967/4967 6654/6654 5995/5995
f 5598/5598 5995/5995 6420/6420
f 6420/6420 4968/4968 5600/5600
f 5995/5995 5998/5998 4968/4968
f 4968/4968 6655/6655 5999/5999
f 5600/5600 5999/5999 6421/6421
f 6421/6421 4969/4969 5602/5602
f 5999/5999 6000/6000 4969/4969
f 4969/4969 6658/6658 6002/6002
f 5602/5602 6002/6002 6422/6422
f 6422/6422 4970/4970 5604/5604
f 6002/6002 6004/6004 4970/4970
f 4970/4970 6660/6660 6005/6005
f 5604/5604 6005/6005 6423/6423
f 6423/6423 4941/4941 5606/5606
f 6005/6005 6006/6006 4941/4941
f 4941/4941 6601/6601 5915/5915
f 5606/5606 5915/5915 6394/6394
f 6493/6493 5010/5010 6008/6008
f 5746/5746 6009/6009 5010/5010
f 5010/5010 6610/6610 5930/5930
f 6008/6008 5930/5930 6609/6609
f 6494/6494 5011/5011 6009/6009
f 5749/5749 6010/6010 5011/5011
f 5011/5011 6612/6612 5932/5932
f 6009/6009 5932/5932 6610/6610
f 6495/6495 5012/5012 6010/6010
f 5752/5752 6011/6011 5012/5012
f 5012/5012 6615/6615 5935/5935
f 6010/6010 5935/5935 6612/6612
f 6496/6496 5013/5013 6011/6011
f 5755/5755 6012/6012 5013/5013
f 5013/5013 6617/6617 5939/5939
f 6011/6011 5939/5939 6615/6615
f 6497/6497 5014/5014 6012/6012
f 5758/5758 6013/6013 5014/5014
f 5014/5014 6619/6619 5941/5941
f 6012/6012 5941/5941 6617/6617
f 6498/6498 5015/5015 6013/6013
f 5761/5761 6014/6014 5015/5015
f 5015/5015 6620/6620 5945/5945
f 6013/6013 5945/5945 6619/6619
f 6499/6499 5016/5016 6014/6014
f 5764/5764 6016/6016 5016/5016
f 5016/5016 6622/6622 5947/5947
f 6014/6014 5947/5947 6620/6620
f 6502/6502 5017/5017 6015/6015
f 5766/5766 6017/6017 5017/5017
f 5017/5017 6626/6626 5951/5951
f 6015/6015 5951/5951 6624/6624
f 6504/6504 5018/5018 6017/6017
f 5770/5770 6018/6018 5018/5018
f 5018/5018 6627/6627 5953/5953
f 6017/6017 5953/5953 6626/6626
f 6506/6506 5019/5019 6018/6018
f 5773/5773 6019/6019 5019/5019
f 5019/5019 6629/6629 5956/5956
f 6018/6018 5956/5956 6627/6627
f 6507/6507 5020/5020 6019/6019
f 5777/5777 6020/6020 5020/5020
f 5020/5020 6632/6632 5960/5960
f 6019/6019 5960/5960 6629/6629
f 6509/6509 5021/5021 6020/6020
f 5779/5779 6021/6021 5021/5021
f 5021/5021 6633/6633 5962/5962
f 6020/6020 5962/5962 6632/6632
f 6510/6510 5022/5022 6021/6021
f 5782/5782 6022/6022 5022/5022
f 5022/5022 6636/6636 5966/5966
f 6021/6021 5966/5966 6633/6633
f 6512/6512 5023/5023 6022/6022
f 5785/5785 6023/6023 5023/5023
f 5023/5023 6638/6638 5968/5968
f 6022/6022 5968/5968 6636/6636
f 6514/6514 5025/5025 6023/6023
f 5789/5789 6024/6024 5025/5025
f 5024/5024 6640/6640 5972/5972
f 6023/6023 5971/5971 6638/6638
f 6516/6516 5026/5026 6025/6025
f 5792/5792 6026/6026 5026/5026
f 5026/5026 6641/6641 5976/5976
f 6025/6025 5976/5976 6640/6640
f 6520/6520 5027/5027 6026/6026
f 5794/5794 6027/6027 5027/5027
f 5027/5027 6644/6644 5978/5978
f 6026/6026 5978/5978 6641/6641
f 6521/6521 5028/5028 6027/6027
f 5798/5798 6028/6028 5028/5028
f 5028/5028 6646/6646 5981/5981
f 6027/6027 5981/5981 6644/6644
f 6523/6523 5029/5029 6028/6028
f 5801/5801 6029/6029 5029/5029
f 5029/5029 6648/6648 5984/5984
f 6028/6028 5984/5984 6646/6646
f 6526/6526 5030/5030 6029/6029
f 5804/5804 6030/6030 5030/5030
f 5030/5030 6649/6649 5988/5988
f 6029/6029 5988/5988 6648/6648
f 6527/6527 5031/5031 6030/6030
f 5807/5807 6031/6031 5031/5031
f 5031/5031 6651/6651 5990/5990
f 6030/6030 5990/5990 6649/6649
f 6530/6530 5032/5032 6031/6031
f 5810/5810 6032/6032 5032/5032
f 5032/5032 6653/6653 5993/5993
f 6031/6031 5993/5993 6651/6651
f 6531/6531 5033/5033 6033/6033
f 5812/5812 6034/6034 5033/5033
f 5033/5033 6656/6656 5997/5997
f 6032/6032 5996/5996 6653/6653
f 6535/6535 5035/5035 6034/6034
f 5815/5815 6035/6035 5035/5035
f 5035/5035 6657/6657 6001/6001
f 6034/6034 6001/6001 6656/6656
f 6536/6536 5036/5036 6035/6035
f 5820/5820 6036/6036 5036/5036
f 5036/5036 6659/6659 6003/6003
f 6035/6035 6003/6003 6657/6657
f 6538/6538 5006/5006 6036/6036
f 5821/5821 6037/6037 5006/5006
f 5006/5006 6600/6600 6007/6007
f 6036/6036 6007/6007 6659/6659
f 6488/6488 5005/5005 6037/6037
f 5730/5730 6038/6038 5005/5005
f 5005/5005 6603/6603 5917/5917
f 6037/6037 5917/5917 6600/6600
f 6487/6487 5004/5004 6038/6038
f 5735/5735 6039/6039 5004/5004
f 5004/5004 6604/6604 5919/5919
f 6038/6038 5919/5919 6603/6603
f 6489/6489 5007/5007 6039/6039
f 5738/5738 6040/6040 5007/5007
f 5007/5007 6607/6607 5923/5923
f 6039/6039 5923/5923 6604/6604
f 6491/6491 5008/5008 6040/6040
f 5742/5742 6008/6008 5009/5009
f 5009/5009 6609/6609 5925/5925
f 6040/6040 5926/5926 6607/6607
f 6437/6437 4978/4978 6041/6041
f 5654/5654 6042/6042 4978/4978
f 4978/4978 6549/6549 5841/5841
f 6041/6041 5841/5841 6551/6551
f 6436/6436 4977/4977 6042/6042
f 5651/5651 6044/6044 4977/4977
f 4977/4977 6547/6547 5837/5837
f 6042/6042 5837/5837 6549/6549
f 6433/6433 4976/4976 6043/6043
f 5647/5647 6045/6045 4976/4976
f 4976/4976 6545/6545 5833/5833
f 6044/6044 5835/5835 6547/6547
f 6430/6430 4974/4974 6045/6045
f 5644/5644 6046/6046 4974/4974
f 4974/4974 6544/6544 5830/5830
f 6045/6045 5830/5830 6545/6545
f 6429/6429 4973/4973 6046/6046
f 5641/5641 6047/6047 4973/4973
f 4973/4973 6539/6539 5827/5827
f 6046/6046 5827/5827 6544/6544
f 6427/6427 4972/4972 6047/6047
f 5639/5639 6048/6048 4972/4972
f 4972/4972 6541/6541 5824/5824
f 6047/6047 5824/5824 6539/6539
f 6424/6424 4971/4971 6048/6048
f 5727/5727 6049/6049 4971/4971
f 4971/4971 6599/6599 5913/5913
f 6048/6048 5913/5913 6541/6541
f 6486/6486 5003/5003 6049/6049
f 5724/5724 6050/6050 5003/5003
f 5003/5003 6597/6597 5912/5912
f 6049/6049 5912/5912 6599/6599
f 6484/6484 5002/5002 6050/6050
f 5721/5721 6051/6051 5002/5002
f 5002/5002 6595/6595 5909/5909
f 6050/6050 5909/5909 6597/6597
f 6482/6482 5001/5001 6051/6051
f 5717/5717 6052/6052 5001/5001
f 5001/5001 6591/6591 5905/5905
f 6051/6051 5905/5905 6595/6595
f 6479/6479 5000/5000 6053/6053
f 5715/5715 6054/6054 5000/5000
f 5000/5000 6589/6589 5903/5903
f 6053/6053 5903/5903 6592/6592
f 6476/6476 4999/4999 6054/6054
f 5711/5711 6055/6055 4999/4999
f 4999/4999 6588/6588 5900/5900
f 6054/6054 5900/5900 6589/6589
f 6475/6475 4998/4998 6055/6055
f 5708/5708 6056/6056 4998/4998
f 4998/4998 6586/6586 5896/5896
f 6055/6055 5896/5896 6588/6588
f 6472/6472 4997/4997 6056/6056
f 5706/5706 6057/6057 4997/4997
f 4997/4997 6584/6584 5893/5893
f 6056/6056 5893/5893 6586/6586
f 6470/6470 4996/4996 6057/6057
f 5703/5703 6058/6058 4996/4996
f 4996/4996 6581/6581 5891/5891
f 6057/6057 5891/5891 6584/6584
f 6469/6469 4995/4995 6058/6058
f 5699/5699 6059/6059 4995/4995
f 4995/4995 6580/6580 5887/5887
f 6058/6058 5887/5887 6581/6581
f 6467/6467 4994/4994 6059/6059
f 5697/5697 6060/6060 4994/4994
f 4994/4994 6577/6577 5885/5885
f 6059/6059 5885/5885 6580/6580
f 6464/6464 4993/4993 6060/6060
f 5693/5693 6061/6061 4992/4992
f 4992/4992 6576/6576 5882/5882
f 6060/6060 5881/5881 6577/6577
f 6462/6462 4991/4991 6061/6061
f 5689/5689 6062/6062 4991/4991
f 4991/4991 6574/6574 5877/5877
f 6061/6061 5877/5877 6576/6576
f 6460/6460 4990/4990 6062/6062
f 5687/5687 6063/6063 4990/4990
f 4990/4990 6571/6571 5875/5875
f 6062/6062 5875/5875 6574/6574
f 6458/6458 4989/4989 6063/6063
f 5684/5684 6064/6064 4989/4989
f 4989/4989 6570/6570 5872/5872
f 6063/6063 5872/5872 6571/6571
f 6457/6457 4988/4988 6064/6064
f 5680/5680 6065/6065 4988/4988
f 4988/4988 6568/6568 5869/5869
f 6064/6064 5869/5869 6570/6570
f 6455/6455 4987/4987 6065/6065
f 5678/5678 6066/6066 4987/4987
f 4987/4987 6565/6565 5865/5865
f 6065/6065 5865/5865 6568/6568
f 6453/6453 4986/4986 6066/6066
f 5675/5675 6067/6067 4986/4986
f 4986/4986 6564/6564 5862/5862
f 6066/6066 5862/5862 6565/6565
f 6451/6451 4985/4985 6067/6067
f 5671/5671 6068/6068 4985/4985
f 4984/4984 6562/6562 5858/5858
f 6067/6067 5860/5860 6564/6564
f 6448/6448 4983/4983 6069/6069
f 5668/5668 6070/6070 4983/4983
f 4983/4983 6559/6559 5855/5855
f 6069/6069 5855/5855 6562/6562
f 6446/6446 4982/4982 6070/6070
f 5666/5666 6071/6071 4982/4982
f 4982/4982 6557/6557 5853/5853
f 6070/6070 5853/5853 6559/6559
f 6444/6444 4981/4981 6071/6071
f 5663/5663 6072/6072 4981/4981
f 4981/4981 6556/6556 5849/5849
f 6071/6071 5849/5849 6557/6557
f 6442/6442 4980/4980 6072/6072
f 5659/5659 6073/6073 4980/4980
f 4980/4980 6554/6554 5847/5847
f 6072/6072 5847/5847 6556/6556
f 6440/6440 4979/4979 6073/6073
f 5656/5656 6041/6041 4979/4979
f 4979/4979 6551/6551 5843/5843
f 6073/6073 5843/5843 6554/6554
f 3/3 4/4 5/5
f 134/134 201/201 200/200
f 22/22 16/16 14/14
f 4/4 13/13 15/15
f 13/13 17/17 19/19
f 17/17 23/23 26/26
f 24/24 28/28 30/30
f 28/28 33/33 34/34
f 33/33 37/37 38/38
f 37/37 40/40 42/42
f 40/40 45/45 46/46
f 45/45 48/48 51/51
f 49/49 53/53 55/55
f 53/53 59/59 61/61
f 59/59 63/63 65/65
f 63/63 67/67 68/68
f 67/67 71/71 73/73
f 71/71 75/75 76/76
f 75/75 79/79 80/80
f 79/79 83/83 84/84
f 83/83 89/89 91/91
f 89/89 93/93 94/94
f 93/93 97/97 99/99
f 97/97 101/101 103/103
f 101/101 105/105 107/107
f 105/105 109/109 110/110
f 109/109 113/113 115/115
f 113/113 119/119 120/120
f 119/119 124/124 126/126
f 124/124 128/128 129/129
f 128/128 12/12 10/10
f 448/448 23/23 17/17
f 437/437 438/438 3/3
f 133/133 134/134 135/135
f 214/214 215/215 213/213
f 16/16 138/138 133/133
f 9/9 8/8 132/132
f 216/216 217/217 215/215
f 218/218 219/219 217/217
f 220/220 221/221 219/219
f 222/222 223/223 221/221
f 224/224 225/225 223/223
f 227/227 229/229 225/225
f 230/230 231/231 228/228
f 232/232 233/233 231/231
f 234/234 235/235 233/233
f 236/236 237/237 235/235
f 238/238 239/239 237/237
f 240/240 241/241 239/239
f 243/243 244/244 241/241
f 246/246 247/247 245/245
f 248/248 249/249 247/247
f 250/250 251/251 249/249
f 252/252 253/253 251/251
f 254/254 255/255 253/253
f 256/256 257/257 255/255
f 258/258 259/259 257/257
f 262/262 263/263 259/259
f 265/265 266/266 264/264
f 267/267 268/268 266/266
f 205/205 204/204 268/268
f 276/276 347/347 340/340
f 276/276 272/272 271/271
f 201/201 202/202 203/203
f 139/139 206/206 201/201
f 136/136 135/135 200/200
f 202/202 271/271 269/269
f 16/16 7/7 6/6
f 9/9 11/11 1/1
f 450/450 29/29 23/23
f 451/451 32/32 29/29
f 453/453 36/36 32/32
f 456/456 41/41 36/36
f 458/458 44/44 41/41
f 460/460 49/49 44/44
f 461/461 53/53 49/49
f 464/464 59/59 53/53
f 467/467 63/63 59/59
f 468/468 67/67 63/63
f 471/471 71/71 67/67
f 472/472 75/75 71/71
f 475/475 79/79 75/75
f 478/478 83/83 79/79
f 480/480 89/89 83/83
f 481/481 93/93 89/89
f 483/483 97/97 93/93
f 486/486 101/101 97/97
f 487/487 105/105 101/101
f 489/489 109/109 105/105
f 492/492 113/113 109/109
f 494/494 119/119 113/113
f 497/497 124/124 119/119
f 498/498 128/128 124/124
f 136/136 137/137 132/132
f 9/9 131/131 130/130
f 7/7 133/133 132/132
f 208/208 210/210 207/207
f 520/520 449/449 447/447
f 212/212 213/213 211/211
f 27/27 144/144 140/140
f 31/31 146/146 144/144
f 35/35 148/148 146/146
f 39/39 150/150 148/148
f 43/43 152/152 150/150
f 47/47 154/154 152/152
f 52/52 156/156 154/154
f 58/58 158/158 156/156
f 62/62 162/162 159/159
f 66/66 164/164 162/162
f 70/70 166/166 164/164
f 74/74 168/168 166/166
f 78/78 170/170 168/168
f 82/82 172/172 170/170
f 87/87 174/174 172/172
f 92/92 178/178 175/175
f 96/96 180/180 178/178
f 100/100 182/182 180/180
f 104/104 184/184 182/182
f 108/108 186/186 184/184
f 112/112 188/188 186/186
f 118/118 190/190 188/188
f 122/122 192/192 190/190
f 127/127 196/196 193/193
f 131/131 198/198 196/196
f 9/9 137/137 198/198
f 142/142 208/208 206/206
f 207/207 275/275 271/271
f 270/270 204/204 203/203
f 280/280 276/276 275/275
f 210/210 277/277 275/275
f 284/284 282/282 281/281
f 286/286 284/284 283/283
f 288/288 286/286 285/285
f 290/290 288/288 287/287
f 292/292 290/290 289/289
f 294/294 292/292 291/291
f 298/298 294/294 293/293
f 300/300 297/297 295/295
f 302/302 300/300 299/299
f 304/304 302/302 301/301
f 306/306 304/304 303/303
f 308/308 306/306 305/305
f 310/310 308/308 307/307
f 314/314 310/310 309/309
f 316/316 313/313 312/312
f 318/318 316/316 315/315
f 320/320 318/318 317/317
f 322/322 320/320 319/319
f 324/324 322/322 321/321
f 326/326 324/324 323/323
f 330/330 326/326 325/325
f 333/333 329/329 328/328
f 335/335 333/333 331/331
f 337/337 335/335 334/334
f 274/274 337/337 336/336
f 272/272 340/340 338/338
f 339/339 274/274 273/273
f 352/352 349/349 347/347
f 280/280 351/351 347/347
f 697/697 695/695 694/694
f 360/360 356/356 355/355
f 699/699 697/697 696/696
f 362/362 360/360 358/358
f 701/701 699/699 698/698
f 366/366 362/362 361/361
f 703/703 701/701 700/700
f 369/369 366/366 364/364
f 705/705 703/703 702/702
f 371/371 369/369 367/367
f 707/707 705/705 704/704
f 375/375 371/371 370/370
f 709/709 707/707 706/706
f 379/379 375/375 373/373
f 711/711 709/709 708/708
f 382/382 380/380 376/376
f 713/713 711/711 710/710
f 385/385 382/382 381/381
f 715/715 713/713 712/712
f 388/388 385/385 384/384
f 717/717 715/715 714/714
f 392/392 388/388 387/387
f 719/719 717/717 716/716
f 394/394 392/392 390/390
f 721/721 719/719 718/718
f 397/397 394/394 393/393
f 723/723 721/721 720/720
f 401/401 397/397 396/396
f 725/725 723/723 722/722
f 405/405 403/403 400/400
f 727/727 725/725 724/724
f 409/409 405/405 404/404
f 729/729 727/727 726/726
f 412/412 409/409 407/407
f 731/731 729/729 728/728
f 414/414 412/412 410/410
f 733/733 731/731 730/730
f 418/418 414/414 413/413
f 735/735 733/733 732/732
f 421/421 418/418 416/416
f 737/737 735/735 734/734
f 423/423 421/421 419/419
f 739/739 737/737 736/736
f 428/428 423/423 422/422
f 741/741 739/739 738/738
f 431/431 429/429 425/425
f 743/743 741/741 740/740
f 435/435 431/431 430/430
f 745/745 743/743 742/742
f 345/345 435/435 433/433
f 747/747 745/745 744/744
f 517/517 447/447 444/444
f 754/754 755/755 748/748
f 145/145 212/212 209/209
f 147/147 214/214 212/212
f 213/213 281/281 278/278
f 149/149 216/216 214/214
f 215/215 283/283 281/281
f 151/151 218/218 216/216
f 217/217 285/285 283/283
f 153/153 220/220 218/218
f 219/219 287/287 285/285
f 155/155 222/222 220/220
f 221/221 289/289 287/287
f 157/157 224/224 222/222
f 223/223 291/291 289/289
f 161/161 227/227 224/224
f 225/225 293/293 291/291
f 163/163 230/230 226/226
f 229/229 296/296 293/293
f 165/165 232/232 230/230
f 231/231 299/299 295/295
f 167/167 234/234 232/232
f 233/233 301/301 299/299
f 169/169 236/236 234/234
f 235/235 303/303 301/301
f 171/171 238/238 236/236
f 237/237 305/305 303/303
f 173/173 240/240 238/238
f 239/239 307/307 305/305
f 176/176 243/243 240/240
f 241/241 309/309 307/307
f 179/179 246/246 242/242
f 244/244 311/311 309/309
f 181/181 248/248 246/246
f 247/247 315/315 312/312
f 183/183 250/250 248/248
f 249/249 317/317 315/315
f 185/185 252/252 250/250
f 251/251 319/319 317/317
f 187/187 254/254 252/252
f 253/253 321/321 319/319
f 189/189 256/256 254/254
f 255/255 323/323 321/321
f 191/191 258/258 256/256
f 257/257 325/325 323/323
f 195/195 262/262 258/258
f 259/259 327/327 325/325
f 197/197 265/265 261/261
f 264/264 331/331 328/328
f 199/199 267/267 265/265
f 266/266 334/334 331/331
f 136/136 205/205 267/267
f 268/268 336/336 334/334
f 204/204 270/270 336/336
f 345/345 339/339 338/338
f 272/272 273/273 269/269
f 282/282 355/355 350/350
f 284/284 358/358 355/355
f 286/286 361/361 358/358
f 288/288 364/364 361/361
f 290/290 367/367 364/364
f 292/292 370/370 367/367
f 294/294 373/373 370/370
f 298/298 377/377 373/373
f 300/300 381/381 376/376
f 302/302 384/384 381/381
f 304/304 387/387 384/384
f 306/306 390/390 387/387
f 308/308 393/393 390/390
f 310/310 396/396 393/393
f 314/314 399/399 396/396
f 316/316 404/404 400/400
f 318/318 407/407 404/404
f 320/320 410/410 407/407
f 322/322 413/413 410/410
f 324/324 416/416 413/413
f 326/326 419/419 416/416
f 330/330 422/422 419/419
f 332/332 426/426 422/422
f 335/335 430/430 425/425
f 337/337 433/433 430/430
f 274/274 339/339 433/433
f 514/514 512/512 509/509
f 341/341 344/344 338/338
f 282/282 279/279 278/278
f 349/349 341/341 340/340
f 442/442 13/13 4/4
f 607/607 606/606 604/604
f 27/27 21/21 20/20
f 144/144 145/145 143/143
f 31/31 27/27 25/25
f 146/146 147/147 145/145
f 35/35 31/31 30/30
f 148/148 149/149 147/147
f 39/39 35/35 34/34
f 150/150 151/151 149/149
f 43/43 39/39 38/38
f 152/152 153/153 151/151
f 47/47 43/43 42/42
f 154/154 155/155 153/153
f 52/52 47/47 46/46
f 156/156 157/157 155/155
f 58/58 52/52 51/51
f 158/158 161/161 157/157
f 62/62 57/57 54/54
f 162/162 163/163 160/160
f 66/66 62/62 60/60
f 164/164 165/165 163/163
f 70/70 66/66 64/64
f 166/166 167/167 165/165
f 74/74 70/70 69/69
f 168/168 169/169 167/167
f 78/78 74/74 72/72
f 170/170 171/171 169/169
f 82/82 78/78 77/77
f 172/172 173/173 171/171
f 87/87 82/82 81/81
f 174/174 176/176 173/173
f 92/92 88/88 86/86
f 178/178 179/179 177/177
f 96/96 92/92 90/90
f 180/180 181/181 179/179
f 100/100 96/96 95/95
f 182/182 183/183 181/181
f 104/104 100/100 98/98
f 184/184 185/185 183/183
f 108/108 104/104 102/102
f 186/186 187/187 185/185
f 112/112 108/108 106/106
f 188/188 189/189 187/187
f 118/118 112/112 111/111
f 190/190 191/191 189/189
f 123/123 117/117 116/116
f 192/192 195/195 191/191
f 127/127 123/123 121/121
f 196/196 197/197 194/194
f 131/131 127/127 125/125
f 198/198 199/199 197/197
f 437/437 12/12 128/128
f 137/137 136/136 199/199
f 204/204 205/205 200/200
f 274/274 270/270 269/269
f 523/523 452/452 449/449
f 22/22 141/141 138/138
f 206/206 207/207 202/202
f 501/501 440/440 439/439
f 658/658 659/659 602/602
f 601/601 657/657 687/687
f 503/503 506/506 500/500
f 608/608 518/518 516/516
f 610/610 521/521 518/518
f 612/612 525/525 521/521
f 614/614 528/528 525/525
f 616/616 531/531 528/528
f 618/618 534/534 531/531
f 620/620 537/537 534/534
f 622/622 542/542 537/537
f 624/624 545/545 542/542
f 626/626 547/547 545/545
f 628/628 550/550 547/547
f 630/630 553/553 550/550
f 632/632 557/557 553/553
f 634/634 559/559 557/557
f 636/636 563/563 559/559
f 638/638 567/567 563/563
f 640/640 570/570 567/567
f 642/642 574/574 570/570
f 644/644 576/576 574/574
f 646/646 580/580 576/576
f 648/648 583/583 580/580
f 650/650 586/586 583/583
f 652/652 590/590 586/586
f 654/654 594/594 590/590
f 656/656 596/596 594/594
f 600/600 504/504 596/596
f 356/356 354/354 350/350
f 691/691 690/690 752/752
f 512/512 445/445 443/443
f 599/599 508/508 505/505
f 603/603 602/602 659/659
f 601/601 602/602 598/598
f 609/609 608/608 606/606
f 605/605 603/603 660/660
f 607/607 605/605 661/661
f 609/609 607/607 662/662
f 664/664 611/611 609/609
f 613/613 611/611 664/664
f 615/615 613/613 665/665
f 617/617 615/615 666/666
f 619/619 617/617 667/667
f 621/621 619/619 668/668
f 623/623 621/621 669/669
f 625/625 623/623 670/670
f 627/627 625/625 671/671
f 629/629 627/627 672/672
f 631/631 629/629 673/673
f 633/633 631/631 674/674
f 635/635 633/633 675/675
f 637/637 635/635 676/676
f 639/639 637/637 677/677
f 641/641 639/639 678/678
f 643/643 641/641 679/679
f 645/645 643/643 680/680
f 647/647 645/645 681/681
f 649/649 647/647 682/682
f 651/651 649/649 683/683
f 653/653 651/651 684/684
f 655/655 653/653 685/685
f 657/657 655/655 686/686
f 606/606 516/516 510/510
f 522/522 520/520 517/517
f 524/524 523/523 520/520
f 527/527 526/526 523/523
f 530/530 529/529 526/526
f 533/533 532/532 529/529
f 536/536 535/535 532/532
f 541/541 538/538 535/535
f 544/544 543/543 539/539
f 548/548 546/546 543/543
f 551/551 549/549 546/546
f 554/554 552/552 549/549
f 556/556 555/555 552/552
f 560/560 558/558 555/555
f 565/565 562/562 558/558
f 568/568 566/566 561/561
f 571/571 569/569 566/566
f 573/573 572/572 569/569
f 577/577 575/575 572/572
f 579/579 578/578 575/575
f 582/582 581/581 578/578
f 691/691 749/749 758/758
f 585/585 584/584 581/581
f 591/591 587/587 584/584
f 593/593 592/592 588/588
f 597/597 595/595 592/592
f 503/503 502/502 595/595
f 504/504 600/600 598/598
f 604/604 510/510 508/508
f 690/690 691/691 688/688
f 950/950 953/953 885/885
f 526/526 454/454 452/452
f 511/511 509/509 501/501
f 529/529 455/455 454/454
f 611/611 610/610 608/608
f 532/532 457/457 455/455
f 613/613 612/612 610/610
f 535/535 459/459 457/457
f 615/615 614/614 612/612
f 538/538 463/463 459/459
f 617/617 616/616 614/614
f 543/543 465/465 462/462
f 619/619 618/618 616/616
f 546/546 466/466 465/465
f 621/621 620/620 618/618
f 549/549 469/469 466/466
f 623/623 622/622 620/620
f 552/552 470/470 469/469
f 625/625 624/624 622/622
f 555/555 473/473 470/470
f 627/627 626/626 624/624
f 558/558 474/474 473/473
f 629/629 628/628 626/626
f 562/562 476/476 474/474
f 631/631 630/630 628/628
f 566/566 479/479 477/477
f 633/633 632/632 630/630
f 569/569 482/482 479/479
f 635/635 634/634 632/632
f 572/572 484/484 482/482
f 637/637 636/636 634/634
f 575/575 485/485 484/484
f 639/639 638/638 636/636
f 578/578 488/488 485/485
f 641/641 640/640 638/638
f 581/581 490/490 488/488
f 643/643 642/642 640/640
f 584/584 491/491 490/490
f 645/645 644/644 642/642
f 587/587 495/495 491/491
f 647/647 646/646 644/644
f 592/592 496/496 493/493
f 649/649 648/648 646/646
f 595/595 499/499 496/496
f 651/651 650/650 648/648
f 502/502 436/436 499/499
f 653/653 652/652 650/650
f 603/603 599/599 598/598
f 655/655 654/654 652/652
f 657/657 656/656 654/654
f 436/436 502/502 500/500
f 601/601 600/600 656/656
f 507/507 501/501 500/500
f 509/509 443/443 440/440
f 519/519 517/517 513/513
f 605/605 604/604 599/599
f 343/343 342/342 689/689
f 342/342 348/348 694/694
f 348/348 353/353 696/696
f 353/353 357/357 698/698
f 357/357 359/359 700/700
f 359/359 363/363 702/702
f 363/363 365/365 704/704
f 365/365 368/368 706/706
f 368/368 372/372 708/708
f 372/372 374/374 710/710
f 374/374 378/378 712/712
f 378/378 383/383 714/714
f 383/383 386/386 716/716
f 386/386 389/389 718/718
f 389/389 391/391 720/720
f 391/391 395/395 722/722
f 395/395 398/398 724/724
f 398/398 402/402 726/726
f 402/402 406/406 728/728
f 406/406 408/408 730/730
f 408/408 411/411 732/732
f 411/411 415/415 734/734
f 415/415 417/417 736/736
f 417/417 420/420 738/738
f 420/420 424/424 740/740
f 424/424 427/427 742/742
f 427/427 432/432 744/744
f 432/432 434/434 746/746
f 434/434 346/346 693/693
f 695/695 690/690 689/689
f 750/750 751/751 753/753
f 751/751 761/761 762/762
f 761/761 766/766 768/768
f 764/764 771/771 773/773
f 771/771 776/776 777/777
f 776/776 780/780 781/781
f 780/780 784/784 785/785
f 784/784 787/787 789/789
f 787/787 791/791 793/793
f 791/791 796/796 797/797
f 795/795 800/800 801/801
f 800/800 806/806 809/809
f 807/807 811/811 813/813
f 811/811 815/815 817/817
f 815/815 819/819 821/821
f 819/819 824/824 826/826
f 823/823 828/828 829/829
f 828/828 832/832 835/835
f 832/832 838/838 839/839
f 838/838 842/842 844/844
f 842/842 846/846 848/848
f 846/846 850/850 851/851
f 850/850 854/854 856/856
f 854/854 858/858 860/860
f 858/858 862/862 864/864
f 862/862 866/866 869/869
f 866/866 872/872 875/875
f 873/873 877/877 879/879
f 877/877 759/759 757/757
f 882/882 756/756 755/755
f 955/955 886/886 885/885
f 891/891 888/888 887/887
f 770/770 890/890 887/887
f 1019/1019 1018/1018 960/960
f 957/957 950/950 884/884
f 896/896 894/894 893/893
f 1021/1021 1020/1020 963/963
f 959/959 957/957 888/888
f 898/898 896/896 895/895
f 1022/1022 1021/1021 966/966
f 961/961 958/958 892/892
f 900/900 898/898 897/897
f 1023/1023 1022/1022 967/967
f 964/964 961/961 894/894
f 902/902 900/900 899/899
f 1024/1024 1023/1023 970/970
f 965/965 964/964 896/896
f 904/904 902/902 901/901
f 1025/1025 1024/1024 971/971
f 968/968 965/965 898/898
f 906/906 904/904 903/903
f 1026/1026 1025/1025 973/973
f 969/969 968/968 900/900
f 909/909 906/906 905/905
f 1027/1027 1026/1026 977/977
f 972/972 969/969 902/902
f 912/912 910/910 907/907
f 1028/1028 1027/1027 978/978
f 974/974 972/972 904/904
f 914/914 912/912 911/911
f 1029/1029 1028/1028 980/980
f 976/976 974/974 906/906
f 916/916 914/914 913/913
f 1030/1030 1029/1029 983/983
f 979/979 975/975 910/910
f 918/918 916/916 915/915
f 1031/1031 1030/1030 985/985
f 981/981 979/979 912/912
f 920/920 918/918 917/917
f 1032/1032 1031/1031 987/987
f 982/982 981/981 914/914
f 922/922 920/920 919/919
f 1033/1033 1032/1032 989/989
f 984/984 982/982 916/916
f 926/926 922/922 921/921
f 1034/1034 1033/1033 990/990
f 986/986 984/984 918/918
f 928/928 925/925 924/924
f 1035/1035 1034/1034 994/994
f 988/988 986/986 920/920
f 930/930 928/928 927/927
f 1036/1036 1035/1035 995/995
f 992/992 988/988 922/922
f 932/932 930/930 929/929
f 1037/1037 1036/1036 997/997
f 993/993 991/991 925/925
f 934/934 932/932 931/931
f 1038/1038 1037/1037 999/999
f 996/996 993/993 928/928
f 936/936 934/934 933/933
f 1039/1039 1038/1038 1002/1002
f 998/998 996/996 930/930
f 938/938 936/936 935/935
f 1040/1040 1039/1039 1003/1003
f 1000/1000 998/998 932/932
f 942/942 938/938 937/937
f 1041/1041 1040/1040 1005/1005
f 1001/1001 1000/1000 934/934
f 945/945 941/941 939/939
f 1042/1042 1041/1041 1009/1009
f 1004/1004 1001/1001 936/936
f 947/947 945/945 944/944
f 1043/1043 1042/1042 1010/1010
f 1007/1007 1004/1004 938/938
f 949/949 947/947 946/946
f 1016/1016 1043/1043 1013/1013
f 1008/1008 1006/1006 941/941
f 886/886 949/949 948/948
f 1047/1047 1044/1044 1014/1014
f 1011/1011 1008/1008 945/945
f 1017/1017 1014/1014 951/951
f 1044/1044 1045/1045 1015/1015
f 1012/1012 1011/1011 947/947
f 955/955 1012/1012 949/949
f 1018/1018 1017/1017 956/956
f 894/894 892/892 889/889
f 695/695 697/697 765/765
f 1016/1016 954/954 952/952
f 697/697 699/699 772/772
f 699/699 701/701 775/775
f 701/701 703/703 779/779
f 703/703 705/705 783/783
f 705/705 707/707 788/788
f 707/707 709/709 792/792
f 709/709 711/711 795/795
f 711/711 713/713 800/800
f 713/713 715/715 806/806
f 715/715 717/717 812/812
f 717/717 719/719 816/816
f 719/719 721/721 820/820
f 721/721 723/723 823/823
f 723/723 725/725 828/828
f 725/725 727/727 832/832
f 727/727 729/729 838/838
f 729/729 731/731 842/842
f 731/731 733/733 846/846
f 733/733 735/735 850/850
f 735/735 737/737 854/854
f 737/737 739/739 858/858
f 739/739 741/741 862/862
f 741/741 743/743 866/866
f 743/743 745/745 872/872
f 745/745 747/747 878/878
f 886/886 882/882 881/881
f 1048/1048 1047/1047 1017/1017
f 1020/1020 1019/1019 962/962
f 1078/1078 1077/1077 1047/1047
f 1049/1049 1048/1048 1018/1018
f 1046/1046 1016/1016 1015/1015
f 1051/1051 1050/1050 1020/1020
f 1052/1052 1051/1051 1021/1021
f 1053/1053 1052/1052 1022/1022
f 1054/1054 1053/1053 1023/1023
f 1055/1055 1054/1054 1024/1024
f 1056/1056 1055/1055 1025/1025
f 1057/1057 1056/1056 1026/1026
f 1058/1058 1057/1057 1027/1027
f 1059/1059 1058/1058 1028/1028
f 1060/1060 1059/1059 1029/1029
f 1061/1061 1060/1060 1030/1030
f 1062/1062 1061/1061 1031/1031
f 1063/1063 1062/1062 1032/1032
f 1064/1064 1063/1063 1033/1033
f 1065/1065 1064/1064 1034/1034
f 1066/1066 1065/1065 1035/1035
f 1067/1067 1066/1066 1036/1036
f 1068/1068 1067/1067 1037/1037
f 1069/1069 1068/1068 1038/1038
f 1070/1070 1069/1069 1039/1039
f 1071/1071 1070/1070 1040/1040
f 1072/1072 1071/1071 1041/1041
f 1073/1073 1072/1072 1042/1042
f 1046/1046 1073/1073 1043/1043
f 1077/1077 1074/1074 1044/1044
f 1074/1074 1075/1075 1045/1045
f 1050/1050 1049/1049 1019/1019
f 1079/1079 1078/1078 1048/1048
f 1076/1076 1046/1046 1045/1045
f 1081/1081 1080/1080 1050/1050
f 1082/1082 1081/1081 1051/1051
f 1083/1083 1082/1082 1052/1052
f 1084/1084 1083/1083 1053/1053
f 1085/1085 1084/1084 1054/1054
f 1086/1086 1085/1085 1055/1055
f 1087/1087 1086/1086 1056/1056
f 1088/1088 1087/1087 1057/1057
f 1089/1089 1088/1088 1058/1058
f 1090/1090 1089/1089 1059/1059
f 1091/1091 1090/1090 1060/1060
f 1092/1092 1091/1091 1061/1061
f 1093/1093 1092/1092 1062/1062
f 1094/1094 1093/1093 1063/1063
f 1095/1095 1094/1094 1064/1064
f 1096/1096 1095/1095 1065/1065
f 1097/1097 1096/1096 1066/1066
f 1098/1098 1097/1097 1067/1067
f 1099/1099 1098/1098 1068/1068
f 1100/1100 1099/1099 1069/1069
f 1101/1101 1100/1100 1070/1070
f 1102/1102 1101/1101 1071/1071
f 1103/1103 1102/1102 1072/1072
f 1076/1076 1103/1103 1073/1073
f 1106/1106 1104/1104 1074/1074
f 1080/1080 1079/1079 1049/1049
f 1107/1107 1106/1106 1078/1078
f 1105/1105 1076/1076 1075/1075
f 1108/1108 1107/1107 1080/1080
f 1109/1109 1108/1108 1082/1082
f 1110/1110 1109/1109 1084/1084
f 1111/1111 1110/1110 1086/1086
f 1112/1112 1111/1111 1088/1088
f 1113/1113 1112/1112 1090/1090
f 1114/1114 1113/1113 1092/1092
f 1115/1115 1114/1114 1094/1094
f 1116/1116 1115/1115 1096/1096
f 1117/1117 1116/1116 1098/1098
f 1118/1118 1117/1117 1100/1100
f 1105/1105 1118/1118 1102/1102
f 661/661 660/660 1119/1119
f 659/659 658/658 1120/1120
f 663/663 662/662 1133/1133
f 665/665 664/664 1132/1132
f 667/667 666/666 1131/1131
f 669/669 668/668 1130/1130
f 671/671 670/670 1129/1129
f 673/673 672/672 1128/1128
f 675/675 674/674 1127/1127
f 679/679 678/678 1125/1125
f 681/681 680/680 1124/1124
f 683/683 682/682 1123/1123
f 685/685 684/684 1122/1122
f 687/687 686/686 1121/1121
f 346/346 343/343 688/688
f 677/677 676/676 1126/1126
f 763/763 887/887 883/883
f 690/690 695/695 760/760
f 770/770 763/763 762/762
f 774/774 769/769 767/767
f 778/778 774/774 773/773
f 782/782 778/778 777/777
f 786/786 782/782 781/781
f 790/790 786/786 785/785
f 794/794 790/790 789/789
f 799/799 794/794 793/793
f 804/804 799/799 797/797
f 810/810 805/805 803/803
f 814/814 810/810 808/808
f 818/818 814/814 813/813
f 822/822 818/818 817/817
f 827/827 822/822 821/821
f 831/831 827/827 826/826
f 837/837 831/831 830/830
f 841/841 836/836 834/834
f 845/845 841/841 840/840
f 849/849 845/845 843/843
f 853/853 849/849 847/847
f 857/857 853/853 852/852
f 861/861 857/857 855/855
f 865/865 861/861 859/859
f 870/870 865/865 863/863
f 876/876 871/871 867/867
f 880/880 876/876 874/874
f 747/747 692/692 758/758
f 441/441 4/4 3/3
f 763/763 754/754 753/753
f 756/756 757/757 748/748
f 774/774 893/893 889/889
f 778/778 895/895 893/893
f 782/782 897/897 895/895
f 786/786 899/899 897/897
f 790/790 901/901 899/899
f 794/794 903/903 901/901
f 799/799 905/905 903/903
f 804/804 908/908 905/905
f 810/810 911/911 907/907
f 814/814 913/913 911/911
f 818/818 915/915 913/913
f 822/822 917/917 915/915
f 827/827 919/919 917/917
f 831/831 921/921 919/919
f 837/837 923/923 921/921
f 841/841 927/927 924/924
f 845/845 929/929 927/927
f 849/849 931/931 929/929
f 853/853 933/933 931/931
f 857/857 935/935 933/933
f 861/861 937/937 935/935
f 865/865 940/940 937/937
f 870/870 943/943 940/940
f 876/876 946/946 944/944
f 880/880 948/948 946/946
f 756/756 880/880 879/879
f 756/756 882/882 948/948
f 754/754 883/883 881/881
f 1014/1014 1015/1015 952/952
f 884/884 885/885 881/881
f 888/888 884/884 883/883
f 692/692 693/693 688/688
f 692/692 747/747 746/746
f 141/141 142/142 139/139
f 7/7 8/8 1/1
f 759/759 750/750 748/748
f 3/3 2/2 10/10
f 446/446 17/17 13/13
f 138/138 139/139 134/134
f 1149/1149 1150/1150 1143/1143
f 1256/1256 1237/1237 1236/1236
f 1139/1139 1144/1144 1145/1145
f 1144/1144 1153/1153 1151/1151
f 1170/1170 1173/1173 1172/1172
f 1146/1146 1147/1147 1148/1148
f 1146/1146 1141/1141 1140/1140
f 1221/1221 1215/1215 1144/1144
f 1215/1215 1217/1217 1153/1153
f 1156/1156 1159/1159 1160/1160
f 1149/1149 1142/1142 1141/1141
f 1147/1147 1146/1146 1158/1158
f 1220/1220 1155/1155 1154/1154
f 1250/1250 1252/1252 1164/1164
f 1168/1168 1170/1170 1171/1171
f 1289/1289 1174/1174 1173/1173
f 1148/1148 1147/1147 1169/1169
f 1221/1221 1139/1139 1138/1138
f 1150/1150 1149/1149 1172/1172
f 1312/1312 1314/1314 1308/1308
f 1284/1284 1287/1287 1173/1173
f 1291/1291 1284/1284 1170/1170
f 1156/1156 1157/1157 1152/1152
f 1494/1494 1493/1493 1257/1257
f 1486/1486 1483/1483 1292/1292
f 1297/1297 1180/1180 1178/1178
f 1180/1180 1181/1181 1177/1177
f 1200/1200 1201/1201 1191/1191
f 1196/1196 1195/1195 1203/1203
f 1182/1182 1194/1194 1195/1195
f 1194/1194 1204/1204 1203/1203
f 1222/1222 1199/1199 1198/1198
f 1197/1197 1198/1198 1199/1199
f 1196/1196 1185/1185 1183/1183
f 1510/1510 1509/1509 1194/1194
f 1204/1204 1205/1205 1206/1206
f 1509/1509 1505/1505 1204/1204
f 1574/1574 1575/1575 1514/1514
f 1207/1207 1212/1212 1213/1213
f 1200/1200 1188/1188 1186/1186
f 1198/1198 1197/1197 1210/1210
f 1256/1256 1156/1156 1155/1155
f 1300/1300 1299/1299 1179/1179
f 1193/1193 1179/1179 1175/1175
f 1147/1147 1161/1161 1162/1162
f 1222/1222 1227/1227 1200/1200
f 1208/1208 1211/1211 1203/1203
f 1159/1159 1164/1164 1163/1163
f 1228/1228 1229/1229 1206/1206
f 1219/1219 1216/1216 1198/1198
f 1234/1234 1230/1230 1229/1229
f 1580/1580 1574/1574 1513/1513
f 1228/1228 1232/1232 1233/1233
f 1497/1497 1494/1494 1240/1240
f 1573/1573 1572/1572 1508/1508
f 1235/1235 1236/1236 1237/1237
f 1501/1501 1499/1499 1232/1232
f 1230/1230 1208/1208 1206/1206
f 1239/1239 1240/1240 1241/1241
f 1499/1499 1497/1497 1239/1239
f 1572/1572 1571/1571 1506/1506
f 1242/1242 1247/1247 1249/1249
f 1212/1212 1207/1207 1231/1231
f 1236/1236 1235/1235 1246/1246
f 1291/1291 1168/1168 1166/1166
f 1481/1481 1181/1181 1180/1180
f 1290/1290 1268/1268 1267/1267
f 1148/1148 1171/1171 1172/1172
f 1212/1212 1220/1220 1218/1218
f 1304/1304 1225/1225 1137/1137
f 1243/1243 1244/1244 1238/1238
f 1252/1252 1250/1250 1236/1236
f 1264/1264 1260/1260 1258/1258
f 1569/1569 1567/1567 1503/1503
f 1257/1257 1261/1261 1263/1263
f 1489/1489 1486/1486 1272/1272
f 1566/1566 1564/1564 1500/1500
f 1266/1266 1267/1267 1268/1268
f 1493/1493 1491/1491 1261/1261
f 1271/1271 1272/1272 1273/1273
f 1491/1491 1489/1489 1271/1271
f 1564/1564 1560/1560 1498/1498
f 1275/1275 1280/1280 1281/1281
f 1247/1247 1242/1242 1259/1259
f 1267/1267 1266/1266 1279/1279
f 1306/1306 1150/1150 1174/1174
f 1582/1582 1580/1580 1519/1519
f 1232/1232 1239/1239 1238/1238
f 1307/1307 1303/1303 1302/1302
f 1302/1302 1301/1301 1192/1192
f 1247/1247 1255/1255 1251/1251
f 1276/1276 1278/1278 1269/1269
f 1286/1286 1283/1283 1267/1267
f 1300/1300 1295/1295 1294/1294
f 1560/1560 1559/1559 1495/1495
f 1292/1292 1297/1297 1298/1298
f 1557/1557 1556/1556 1490/1490
f 1301/1301 1302/1302 1303/1303
f 1483/1483 1477/1477 1297/1297
f 1477/1477 1478/1478 1180/1180
f 1280/1280 1275/1275 1296/1296
f 1168/1168 1169/1169 1162/1162
f 1253/1253 1167/1167 1164/1164
f 1146/1146 1145/1145 1151/1151
f 1555/1555 1553/1553 1485/1485
f 1280/1280 1288/1288 1285/1285
f 1182/1182 1183/1183 1177/1177
f 1481/1481 1510/1510 1182/1182
f 1504/1504 1501/1501 1228/1228
f 1261/1261 1271/1271 1270/1270
f 1551/1551 1573/1573 1511/1511
f 1257/1257 1258/1258 1241/1241
f 1317/1317 1309/1309 1308/1308
f 1567/1567 1566/1566 1502/1502
f 1292/1292 1293/1293 1273/1273
f 1558/1558 1557/1557 1492/1492
f 1223/1223 1305/1305 1302/1302
f 1354/1354 1345/1345 1317/1317
f 1315/1315 1316/1316 1308/1308
f 1324/1324 1325/1325 1317/1317
f 1345/1345 1347/1347 1309/1309
f 1312/1312 1318/1318 1320/1320
f 1318/1318 1328/1328 1326/1326
f 1340/1340 1343/1343 1342/1342
f 1321/1321 1322/1322 1323/1323
f 1321/1321 1315/1315 1314/1314
f 1463/1463 1462/1462 1319/1319
f 1462/1462 1434/1434 1327/1327
f 1542/1542 1541/1541 1447/1447
f 1331/1331 1333/1333 1334/1334
f 1324/1324 1316/1316 1315/1315
f 1322/1322 1321/1321 1332/1332
f 1434/1434 1439/1439 1330/1330
f 1428/1428 1402/1402 1336/1336
f 1534/1534 1531/1531 1414/1414
f 1338/1338 1340/1340 1341/1341
f 1363/1363 1364/1364 1344/1344
f 1323/1323 1322/1322 1339/1339
f 1325/1325 1324/1324 1342/1342
f 1518/1518 1390/1390 1389/1389
f 1397/1397 1363/1363 1343/1343
f 1452/1452 1450/1450 1432/1432
f 1398/1398 1397/1397 1340/1340
f 1525/1525 1522/1522 1374/1374
f 1331/1331 1332/1332 1326/1326
f 1387/1387 1385/1385 1388/1388
f 1463/1463 1313/1313 1310/1310
f 1338/1338 1339/1339 1335/1335
f 1357/1357 1358/1358 1352/1352
f 1402/1402 1405/1405 1337/1337
f 1355/1355 1353/1353 1365/1365
f 1321/1321 1320/1320 1326/1326
f 1353/1353 1355/1355 1356/1356
f 1357/1357 1348/1348 1346/1346
f 1361/1361 1367/1367 1368/1368
f 1522/1522 1520/1520 1375/1375
f 1424/1424 1373/1373 1371/1371
f 1375/1375 1376/1376 1370/1370
f 1383/1383 1371/1371 1370/1370
f 1371/1371 1373/1373 1374/1374
f 1384/1384 1389/1389 1388/1388
f 1585/1585 1584/1584 1527/1527
f 1393/1393 1394/1394 1388/1388
f 1375/1375 1384/1384 1385/1385
f 1430/1430 1331/1331 1329/1329
f 1587/1587 1585/1585 1528/1528
f 1389/1389 1390/1390 1391/1391
f 1512/1512 1515/1515 1389/1389
f 1427/1427 1401/1401 1400/1400
f 1386/1386 1395/1395 1357/1357
f 1427/1427 1425/1425 1372/1372
f 1354/1354 1325/1325 1344/1344
f 1387/1387 1378/1378 1376/1376
f 1427/1427 1382/1382 1366/1366
f 1400/1400 1399/1399 1404/1404
f 1399/1399 1400/1400 1401/1401
f 1366/1366 1362/1362 1396/1396
f 1398/1398 1338/1338 1337/1337
f 1403/1403 1407/1407 1408/1408
f 1531/1531 1529/1529 1415/1415
f 1457/1457 1413/1413 1412/1412
f 1415/1415 1417/1417 1411/1411
f 1423/1423 1412/1412 1411/1411
f 1412/1412 1413/1413 1414/1414
f 1590/1590 1589/1589 1536/1536
f 1415/1415 1424/1424 1426/1426
f 1471/1471 1393/1393 1391/1391
f 1592/1592 1590/1590 1537/1537
f 1520/1520 1512/1512 1384/1384
f 1392/1392 1358/1358 1357/1357
f 1460/1460 1458/1458 1412/1412
f 1469/1469 1470/1470 1391/1391
f 1427/1427 1418/1418 1416/1416
f 1381/1381 1377/1377 1355/1355
f 1465/1465 1464/1464 1349/1349
f 1459/1459 1422/1422 1407/1407
f 1432/1432 1431/1431 1436/1436
f 1431/1431 1432/1432 1433/1433
f 1407/1407 1403/1403 1429/1429
f 1323/1323 1341/1341 1342/1342
f 1435/1435 1440/1440 1443/1443
f 1541/1541 1538/1538 1448/1448
f 1472/1472 1446/1446 1445/1445
f 1448/1448 1449/1449 1444/1444
f 1454/1454 1445/1445 1444/1444
f 1445/1445 1446/1446 1447/1447
f 1599/1599 1596/1596 1545/1545
f 1448/1448 1457/1457 1458/1458
f 1552/1552 1548/1548 1476/1476
f 1579/1579 1599/1599 1546/1546
f 1529/1529 1526/1526 1424/1424
f 1526/1526 1525/1525 1373/1373
f 1588/1588 1586/1586 1530/1530
f 1475/1475 1473/1473 1445/1445
f 1459/1459 1433/1433 1432/1432
f 1460/1460 1451/1451 1449/1449
f 1420/1420 1418/1418 1400/1400
f 1474/1474 1455/1455 1440/1440
f 1386/1386 1356/1356 1355/1355
f 1464/1464 1465/1465 1467/1467
f 1440/1440 1435/1435 1461/1461
f 1322/1322 1334/1334 1335/1335
f 1393/1393 1471/1471 1466/1466
f 1548/1548 1550/1550 1479/1479
f 1333/1333 1336/1336 1335/1335
f 1518/1518 1547/1547 1469/1469
f 1469/1469 1472/1472 1473/1473
f 1475/1475 1471/1471 1470/1470
f 1583/1583 1581/1581 1523/1523
f 1538/1538 1535/1535 1457/1457
f 1535/1535 1534/1534 1413/1413
f 1595/1595 1593/1593 1540/1540
f 1475/1475 1468/1468 1466/1466
f 1547/1547 1544/1544 1472/1472
f 1366/1366 1382/1382 1379/1379
f 1589/1589 1588/1588 1533/1533
f 1407/1407 1422/1422 1421/1421
f 1596/1596 1595/1595 1543/1543
f 1590/1590 1592/1592 1608/1608
f 1441/1441 1456/1456 1452/1452
f 1544/1544 1542/1542 1446/1446
f 1562/1562 1612/1612 1611/1611
f 1607/1607 1591/1591 1594/1594
f 1553/1553 1552/1552 1484/1484
f 1482/1482 1480/1480 1549/1549
f 1307/1307 1288/1288 1280/1280
f 1430/1430 1428/1428 1333/1333
f 1290/1290 1255/1255 1247/1247
f 1351/1351 1311/1311 1309/1309
f 1265/1265 1262/1262 1269/1269
f 1256/1256 1220/1220 1212/1212
f 1295/1295 1276/1276 1274/1274
f 1234/1234 1233/1233 1238/1238
f 1505/1505 1504/1504 1205/1205
f 1260/1260 1243/1243 1241/1241
f 1187/1187 1189/1189 1176/1176
f 1556/1556 1554/1554 1488/1488
f 1579/1579 1517/1517 1516/1516
f 1378/1378 1380/1380 1370/1370
f 1418/1418 1420/1420 1410/1410
f 1451/1451 1453/1453 1444/1444
f 1584/1584 1583/1583 1524/1524
f 1589/1589 1590/1590 1609/1609
f 1606/1606 1594/1594 1597/1597
f 1585/1585 1587/1587 1613/1613
f 1584/1584 1585/1585 1614/1614
f 1632/1632 1622/1622 1620/1620
f 1795/1795 1794/1794 1632/1632
f 1626/1626 1628/1628 1621/1621
f 1604/1604 1598/1598 1577/1577
f 1602/1602 1578/1578 1575/1575
f 1552/1552 1605/1605 1604/1604
f 1605/1605 1597/1597 1598/1598
f 1573/1573 1551/1551 1600/1600
f 1553/1553 1606/1606 1605/1605
f 1555/1555 1607/1607 1606/1606
f 1554/1554 1556/1556 1609/1609
f 1556/1556 1557/1557 1610/1610
f 1561/1561 1563/1563 1614/1614
f 1563/1563 1565/1565 1615/1615
f 1565/1565 1568/1568 1616/1616
f 1568/1568 1570/1570 1617/1617
f 1571/1571 1572/1572 1619/1619
f 1572/1572 1573/1573 1603/1603
f 1580/1580 1582/1582 1618/1618
f 1548/1548 1604/1604 1601/1601
f 1574/1574 1603/1603 1600/1600
f 1549/1549 1602/1602 1600/1600
f 1611/1611 1588/1588 1589/1589
f 1558/1558 1611/1611 1610/1610
f 1612/1612 1586/1586 1588/1588
f 1629/1629 1630/1630 1621/1621
f 1574/1574 1580/1580 1619/1619
f 1710/1710 1713/1713 1624/1624
f 1583/1583 1584/1584 1615/1615
f 1711/1711 1683/1683 1682/1682
f 1581/1581 1583/1583 1616/1616
f 1750/1750 1743/1743 1646/1646
f 1638/1638 1640/1640 1632/1632
f 1751/1751 1725/1725 1724/1724
f 1626/1626 1633/1633 1634/1634
f 1633/1633 1642/1642 1641/1641
f 1654/1654 1658/1658 1656/1656
f 1635/1635 1636/1636 1637/1637
f 1635/1635 1629/1629 1628/1628
f 1709/1709 1701/1701 1633/1633
f 1701/1701 1704/1704 1642/1642
f 1644/1644 1646/1646 1647/1647
f 1639/1639 1630/1630 1629/1629
f 1636/1636 1635/1635 1645/1645
f 1705/1705 1643/1643 1642/1642
f 1743/1743 1746/1746 1649/1649
f 1651/1651 1654/1654 1655/1655
f 1781/1781 1660/1660 1659/1659
f 1637/1637 1636/1636 1652/1652
f 1708/1708 1627/1627 1625/1625
f 1640/1640 1638/1638 1657/1657
f 1799/1799 1800/1800 1796/1796
f 1777/1777 1779/1779 1659/1659
f 1782/1782 1778/1778 1654/1654
f 1644/1644 1645/1645 1641/1641
f 1984/1984 1982/1982 1752/1752
f 1976/1976 1974/1974 1784/1784
f 1788/1788 1663/1663 1662/1662
f 1663/1663 1664/1664 1661/1661
f 1682/1682 1683/1683 1673/1673
f 1677/1677 1675/1675 1686/1686
f 1665/1665 1674/1674 1676/1676
f 1674/1674 1688/1688 1685/1685
f 1708/1708 1681/1681 1680/1680
f 1678/1678 1680/1680 1681/1681
f 1679/1679 1667/1667 1666/1666
f 2001/2001 1999/1999 1674/1674
f 1687/1687 1690/1690 1691/1691
f 1999/1999 1995/1995 1688/1688
f 2065/2065 2066/2066 2005/2005
f 1693/1693 1697/1697 1699/1699
f 1682/1682 1669/1669 1668/1668
f 1680/1680 1678/1678 1695/1695
f 1750/1750 1644/1644 1643/1643
f 1790/1790 1789/1789 1662/1662
f 1671/1671 1662/1662 1661/1661
f 1636/1636 1647/1647 1648/1648
f 1708/1708 1712/1712 1682/1682
f 1692/1692 1694/1694 1686/1686
f 1646/1646 1649/1649 1648/1648
f 1714/1714 1716/1716 1691/1691
f 1703/1703 1702/1702 1680/1680
f 1722/1722 1718/1718 1716/1716
f 2069/2069 2065/2065 2003/2003
f 1714/1714 1719/1719 1721/1721
f 1987/1987 1984/1984 1730/1730
f 2064/2064 2063/2063 1998/1998
f 1723/1723 1724/1724 1725/1725
f 1992/1992 1989/1989 1720/1720
f 1718/1718 1692/1692 1691/1691
f 1728/1728 1730/1730 1732/1732
f 1989/1989 1987/1987 1728/1728
f 2063/2063 2061/2061 1996/1996
f 1736/1736 1740/1740 1742/1742
f 1697/1697 1693/1693 1717/1717
f 1724/1724 1723/1723 1737/1737
f 1782/1782 1651/1651 1650/1650
f 1972/1972 1664/1664 1663/1663
f 1783/1783 1763/1763 1762/1762
f 1637/1637 1655/1655 1656/1656
f 1698/1698 1707/1707 1703/1703
f 1794/1794 1710/1710 1622/1622
f 1735/1735 1738/1738 1726/1726
f 1745/1745 1744/1744 1724/1724
f 1761/1761 1755/1755 1753/1753
f 2062/2062 2059/2059 1993/1993
f 1752/1752 1758/1758 1759/1759
f 1978/1978 1976/1976 1766/1766
f 2058/2058 2057/2057 1990/1990
f 1760/1760 1762/1762 1763/1763
f 1982/1982 1980/1980 1758/1758
f 1765/1765 1766/1766 1767/1767
f 1980/1980 1978/1978 1765/1765
f 2057/2057 2056/2056 1988/1988
f 1768/1768 1773/1773 1774/1774
f 1740/1740 1736/1736 1757/1757
f 1762/1762 1760/1760 1770/1770
f 1795/1795 1640/1640 1660/1660
f 2070/2070 2069/2069 2010/2010
f 1719/1719 1729/1729 1726/1726
f 1795/1795 1793/1793 1792/1792
f 1792/1792 1791/1791 1672/1672
f 1740/1740 1748/1748 1747/1747
f 1769/1769 1771/1771 1764/1764
f 1780/1780 1776/1776 1762/1762
f 1790/1790 1787/1787 1785/1785
f 2056/2056 2053/2053 1985/1985
f 1784/1784 1788/1788 1789/1789
f 2052/2052 2051/2051 1981/1981
f 1791/1791 1792/1792 1793/1793
f 1974/1974 1966/1966 1788/1788
f 1966/1966 1970/1970 1663/1663
f 1773/1773 1768/1768 1786/1786
f 1651/1651 1652/1652 1648/1648
f 1749/1749 1650/1650 1649/1649
f 1635/1635 1634/1634 1641/1641
f 2050/2050 2046/2046 1975/1975
f 1773/1773 1781/1781 1779/1779
f 1665/1665 1666/1666 1661/1661
f 1972/1972 2001/2001 1665/1665
f 1994/1994 1992/1992 1715/1715
f 1758/1758 1765/1765 1764/1764
f 2043/2043 2064/2064 2000/2000
f 1752/1752 1753/1753 1732/1732
f 1803/1803 1797/1797 1796/1796
f 2059/2059 2058/2058 1991/1991
f 1784/1784 1785/1785 1767/1767
f 2054/2054 2052/2052 1983/1983
f 1710/1710 1794/1794 1792/1792
f 1844/1844 1836/1836 1803/1803
f 1801/1801 1802/1802 1796/1796
f 1809/1809 1810/1810 1803/1803
f 1836/1836 1838/1838 1797/1797
f 1799/1799 1804/1804 1805/1805
f 1804/1804 1812/1812 1811/1811
f 1827/1827 1833/1833 1830/1830
f 1806/1806 1807/1807 1808/1808
f 1806/1806 1801/1801 1800/1800
f 1954/1954 1953/1953 1804/1804
f 1953/1953 1926/1926 1812/1812
f 2033/2033 2031/2031 1939/1939
f 1814/1814 1816/1816 1817/1817
f 1809/1809 1802/1802 1801/1801
f 1807/1807 1806/1806 1815/1815
f 1926/1926 1929/1929 1813/1813
f 1920/1920 1897/1897 1819/1819
f 2022/2022 2020/2020 1909/1909
f 1823/1823 1827/1827 1828/1828
f 1851/1851 1853/1853 1834/1834
f 1808/1808 1807/1807 1825/1825
f 1810/1810 1809/1809 1831/1831
f 2006/2006 1880/1880 1879/1879
f 1889/1889 1851/1851 1833/1833
f 1944/1944 1942/1942 1924/1924
f 1891/1891 1889/1889 1827/1827
f 2015/2015 2013/2013 1864/1864
f 1814/1814 1815/1815 1811/1811
f 1875/1875 1874/1874 1877/1877
f 1954/1954 1799/1799 1798/1798
f 1824/1824 1825/1825 1818/1818
f 1847/1847 1849/1849 1842/1842
f 1896/1896 1901/1901 1822/1822
f 1845/1845 1843/1843 1855/1855
f 1806/1806 1805/1805 1811/1811
f 1843/1843 1845/1845 1846/1846
f 1847/1847 1839/1839 1837/1837
f 1850/1850 1856/1856 1859/1859
f 2013/2013 2009/2009 1865/1865
f 1917/1917 1863/1863 1862/1862
f 1865/1865 1866/1866 1861/1861
f 1872/1872 1862/1862 1861/1861
f 1862/1862 1863/1863 1864/1864
f 1873/1873 1879/1879 1877/1877
f 2077/2077 2075/2075 2016/2016
f 1884/1884 1886/1886 1878/1878
f 1865/1865 1873/1873 1874/1874
f 1922/1922 1814/1814 1813/1813
f 2079/2079 2077/2077 2019/2019
f 1879/1879 1880/1880 1882/1882
f 2002/2002 2004/2004 1879/1879
f 1919/1919 1895/1895 1892/1892
f 1876/1876 1885/1885 1847/1847
f 1919/1919 1918/1918 1862/1862
f 1844/1844 1810/1810 1835/1835
f 1875/1875 1867/1867 1866/1866
f 1919/1919 1872/1872 1857/1857
f 1893/1893 1890/1890 1900/1900
f 1890/1890 1893/1893 1894/1894
f 1856/1856 1850/1850 1888/1888
f 1891/1891 1823/1823 1822/1822
f 1898/1898 1902/1902 1905/1905
f 2020/2020 2018/2018 1910/1910
f 1948/1948 1908/1908 1907/1907
f 1910/1910 1911/1911 1906/1906
f 1916/1916 1907/1907 1906/1906
f 1907/1907 1908/1908 1909/1909
f 2085/2085 2084/2084 2026/2026
f 1910/1910 1917/1917 1918/1918
f 1961/1961 1884/1884 1881/1881
f 2086/2086 2085/2085 2027/2027
f 2009/2009 2002/2002 1873/1873
f 1883/1883 1849/1849 1847/1847
f 1951/1951 1949/1949 1907/1907
f 1958/1958 1959/1959 1882/1882
f 1919/1919 1912/1912 1911/1911
f 1870/1870 1868/1868 1845/1845
f 1956/1956 1955/1955 1840/1840
f 1950/1950 1915/1915 1902/1902
f 1924/1924 1923/1923 1928/1928
f 1923/1923 1924/1924 1925/1925
f 1902/1902 1898/1898 1921/1921
f 1808/1808 1829/1829 1831/1831
f 1927/1927 1931/1931 1933/1933
f 2031/2031 2028/2028 1940/1940
f 1962/1962 1938/1938 1937/1937
f 1940/1940 1941/1941 1935/1935
f 1947/1947 1936/1936 1934/1934
f 1937/1937 1938/1938 1939/1939
f 2090/2090 2089/2089 2035/2035
f 1940/1940 1948/1948 1949/1949
f 2044/2044 2039/2039 1967/1967
f 2067/2067 2090/2090 2037/2037
f 2018/2018 2017/2017 1917/1917
f 2017/2017 2015/2015 1863/1863
f 2082/2082 2079/2079 2021/2021
f 1965/1965 1963/1963 1936/1936
f 1950/1950 1925/1925 1924/1924
f 1951/1951 1943/1943 1941/1941
f 1914/1914 1912/1912 1892/1892
f 1965/1965 1947/1947 1931/1931
f 1876/1876 1846/1846 1845/1845
f 1955/1955 1956/1956 1957/1957
f 1931/1931 1927/1927 1952/1952
f 1807/1807 1817/1817 1818/1818
f 1884/1884 1961/1961 1956/1956
f 2039/2039 2041/2041 1968/1968
f 1816/1816 1819/1819 1818/1818
f 2006/2006 2036/2036 1958/1958
f 1958/1958 1962/1962 1964/1964
f 1965/1965 1961/1961 1960/1960
f 2072/2072 2071/2071 2011/2011
f 2028/2028 2025/2025 1948/1948
f 2025/2025 2022/2022 1908/1908
f 2088/2088 2087/2087 2030/2030
f 1965/1965 1957/1957 1956/1956
f 2036/2036 2034/2034 1962/1962
f 1858/1858 1871/1871 1870/1870
f 2084/2084 2083/2083 2023/2023
f 1902/1902 1915/1915 1913/1913
f 2089/2089 2088/2088 2032/2032
f 2085/2085 2086/2086 2098/2098
f 1931/1931 1947/1947 1945/1945
f 2034/2034 2033/2033 1938/1938
f 2055/2055 2103/2103 2102/2102
f 2099/2099 2087/2087 2088/2088
f 2046/2046 2044/2044 1973/1973
f 1971/1971 1969/1969 2042/2042
f 1795/1795 1781/1781 1773/1773
f 1922/1922 1920/1920 1816/1816
f 1783/1783 1748/1748 1740/1740
f 1841/1841 1798/1798 1797/1797
f 1761/1761 1759/1759 1764/1764
f 1751/1751 1706/1706 1697/1697
f 1787/1787 1769/1769 1767/1767
f 1722/1722 1721/1721 1726/1726
f 1995/1995 1994/1994 1689/1689
f 1756/1756 1734/1734 1731/1731
f 1667/1667 1670/1670 1661/1661
f 2051/2051 2049/2049 1979/1979
f 2068/2068 2007/2007 2005/2005
f 1867/1867 1869/1869 1861/1861
f 1912/1912 1914/1914 1906/1906
f 1943/1943 1946/1946 1935/1935
f 2075/2075 2072/2072 2014/2014
f 2084/2084 2085/2085 2100/2100
f 2097/2097 2088/2088 2089/2089
f 2078/2078 2080/2080 2104/2104
f 2076/2076 2078/2078 2105/2105
f 2118/2118 2112/2112 2111/2111
f 2284/2284 2282/2282 2118/2118
f 2114/2114 2115/2115 2111/2111
f 2095/2095 2090/2090 2067/2067
f 2093/2093 2068/2068 2066/2066
f 2045/2045 2096/2096 2095/2095
f 2096/2096 2089/2089 2090/2090
f 2064/2064 2043/2043 2091/2091
f 2047/2047 2097/2097 2096/2096
f 2048/2048 2099/2099 2097/2097
f 2049/2049 2051/2051 2100/2100
f 2051/2051 2052/2052 2101/2101
f 2056/2056 2057/2057 2105/2105
f 2057/2057 2058/2058 2106/2106
f 2058/2058 2059/2059 2108/2108
f 2060/2060 2061/2061 2109/2109
f 2061/2061 2063/2063 2110/2110
f 2063/2063 2064/2064 2094/2094
f 2069/2069 2070/2070 2109/2109
f 2038/2038 2095/2095 2092/2092
f 2065/2065 2094/2094 2091/2091
f 2042/2042 2093/2093 2091/2091
f 2102/2102 2083/2083 2084/2084
f 2054/2054 2102/2102 2101/2101
f 2103/2103 2081/2081 2083/2083
f 2116/2116 2117/2117 2111/2111
f 2065/2065 2069/2069 2110/2110
f 2200/2200 2203/2203 2113/2113
f 2074/2074 2076/2076 2106/2106
f 2201/2201 2178/2178 2176/2176
f 2070/2070 2073/2073 2107/2107
f 2231/2231 2227/2227 2135/2135
f 2124/2124 2125/2125 2118/2118
f 2231/2231 2214/2214 2213/2213
f 2114/2114 2119/2119 2120/2120
f 2119/2119 2127/2127 2126/2126
f 2146/2146 2149/2149 2148/2148
f 2121/2121 2122/2122 2123/2123
f 2121/2121 2116/2116 2115/2115
f 2198/2198 2191/2191 2119/2119
f 2191/2191 2193/2193 2127/2127
f 2132/2132 2135/2135 2137/2137
f 2124/2124 2117/2117 2116/2116
f 2122/2122 2121/2121 2133/2133
f 2196/2196 2130/2130 2128/2128
f 2227/2227 2228/2228 2140/2140
f 2144/2144 2146/2146 2147/2147
f 2262/2262 2150/2150 2149/2149
f 2123/2123 2122/2122 2145/2145
f 2198/2198 2114/2114 2113/2113
f 2125/2125 2124/2124 2148/2148
f 2289/2289 2291/2291 2285/2285
f 2258/2258 2259/2259 2149/2149
f 2264/2264 2258/2258 2146/2146
f 2131/2131 2133/2133 2126/2126
f 2468/2468 2466/2466 2232/2232
f 2458/2458 2457/2457 2268/2268
f 2273/2273 2156/2156 2155/2155
f 2156/2156 2157/2157 2152/2152
f 2176/2176 2178/2178 2168/2168
f 2173/2173 2171/2171 2179/2179
f 2158/2158 2170/2170 2171/2171
f 2170/2170 2180/2180 2179/2179
f 2199/2199 2175/2175 2174/2174
f 2172/2172 2174/2174 2175/2175
f 2173/2173 2161/2161 2160/2160
f 2483/2483 2481/2481 2170/2170
f 2180/2180 2181/2181 2182/2182
f 2481/2481 2479/2479 2180/2180
f 2547/2547 2550/2550 2488/2488
f 2183/2183 2189/2189 2190/2190
f 2177/2177 2167/2167 2163/2163
f 2174/2174 2172/2172 2187/2187
f 2231/2231 2132/2132 2130/2130
f 2277/2277 2275/2275 2154/2154
f 2169/2169 2154/2154 2151/2151
f 2122/2122 2136/2136 2139/2139
f 2199/2199 2204/2204 2177/2177
f 2185/2185 2186/2186 2179/2179
f 2135/2135 2140/2140 2138/2138
f 2205/2205 2206/2206 2182/2182
f 2195/2195 2192/2192 2174/2174
f 2211/2211 2208/2208 2206/2206
f 2553/2553 2547/2547 2485/2485
f 2205/2205 2209/2209 2210/2210
f 2470/2470 2468/2468 2217/2217
f 2546/2546 2545/2545 2482/2482
f 2212/2212 2213/2213 2214/2214
f 2475/2475 2472/2472 2209/2209
f 2208/2208 2185/2185 2182/2182
f 2216/2216 2217/2217 2218/2218
f 2472/2472 2470/2470 2216/2216
f 2545/2545 2544/2544 2480/2480
f 2221/2221 2224/2224 2226/2226
f 2188/2188 2184/2184 2207/2207
f 2213/2213 2212/2212 2222/2222
f 2266/2266 2143/2143 2141/2141
f 2454/2454 2157/2157 2156/2156
f 2265/2265 2241/2241 2240/2240
f 2123/2123 2147/2147 2148/2148
f 2189/2189 2197/2197 2195/2195
f 2282/2282 2200/2200 2112/2112
f 2219/2219 2223/2223 2215/2215
f 2228/2228 2227/2227 2213/2213
f 2239/2239 2234/2234 2233/2233
f 2544/2544 2543/2543 2476/2476
f 2232/2232 2236/2236 2237/2237
f 2460/2460 2458/2458 2245/2245
f 2540/2540 2538/2538 2473/2473
f 2238/2238 2240/2240 2241/2241
f 2466/2466 2463/2463 2236/2236
f 2244/2244 2245/2245 2246/2246
f 2463/2463 2460/2460 2244/2244
f 2538/2538 2536/2536 2471/2471
f 2250/2250 2254/2254 2256/2256
f 2225/2225 2220/2220 2235/2235
f 2240/2240 2238/2238 2253/2253
f 2284/2284 2125/2125 2150/2150
f 2554/2554 2553/2553 2493/2493
f 2209/2209 2216/2216 2215/2215
f 2283/2283 2280/2280 2279/2279
f 2279/2279 2278/2278 2168/2168
f 2224/2224 2230/2230 2228/2228
f 2249/2249 2252/2252 2242/2242
f 2260/2260 2257/2257 2240/2240
f 2277/2277 2272/2272 2270/2270
f 2536/2536 2533/2533 2469/2469
f 2267/2267 2274/2274 2275/2275
f 2531/2531 2530/2530 2464/2464
f 2278/2278 2279/2279 2280/2280
f 2457/2457 2450/2450 2273/2273
f 2450/2450 2451/2451 2156/2156
f 2255/2255 2248/2248 2271/2271
f 2144/2144 2145/2145 2139/2139
f 2230/2230 2141/2141 2140/2140
f 2121/2121 2120/2120 2126/2126
f 2528/2528 2527/2527 2459/2459
f 2254/2254 2263/2263 2260/2260
f 2158/2158 2160/2160 2152/2152
f 2454/2454 2483/2483 2158/2158
f 2478/2478 2475/2475 2205/2205
f 2236/2236 2244/2244 2243/2243
f 2524/2524 2546/2546 2484/2484
f 2232/2232 2233/2233 2218/2218
f 2294/2294 2286/2286 2285/2285
f 2542/2542 2540/2540 2474/2474
f 2268/2268 2269/2269 2246/2246
f 2534/2534 2531/2531 2465/2465
f 2201/2201 2281/2281 2279/2279
f 2330/2330 2321/2321 2294/2294
f 2292/2292 2293/2293 2285/2285
f 2301/2301 2302/2302 2294/2294
f 2321/2321 2323/2323 2286/2286
f 2289/2289 2296/2296 2297/2297
f 2296/2296 2305/2305 2303/2303
f 2316/2316 2319/2319 2318/2318
f 2298/2298 2299/2299 2300/2300
f 2298/2298 2292/2292 2291/2291
f 2438/2438 2435/2435 2295/2295
f 2435/2435 2412/2412 2304/2304
f 2514/2514 2512/2512 2422/2422
f 2307/2307 2309/2309 2310/2310
f 2301/2301 2293/2293 2292/2292
f 2299/2299 2298/2298 2308/2308
f 2410/2410 2414/2414 2306/2306
f 2403/2403 2377/2377 2312/2312
f 2507/2507 2503/2503 2390/2390
f 2314/2314 2316/2316 2317/2317
f 2339/2339 2342/2342 2320/2320
f 2300/2300 2299/2299 2315/2315
f 2302/2302 2301/2301 2318/2318
f 2491/2491 2366/2366 2365/2365
f 2372/2372 2339/2339 2319/2319
f 2427/2427 2425/2425 2407/2407
f 2374/2374 2372/2372 2316/2316
f 2496/2496 2494/2494 2350/2350
f 2307/2307 2308/2308 2303/2303
f 2363/2363 2361/2361 2364/2364
f 2438/2438 2290/2290 2287/2287
f 2314/2314 2315/2315 2311/2311
f 2334/2334 2336/2336 2328/2328
f 2377/2377 2380/2380 2313/2313
f 2331/2331 2329/2329 2341/2341
f 2298/2298 2297/2297 2303/2303
f 2329/2329 2331/2331 2332/2332
f 2333/2333 2325/2325 2322/2322
f 2340/2340 2343/2343 2345/2345
f 2494/2494 2492/2492 2351/2351
f 2399/2399 2349/2349 2348/2348
f 2351/2351 2352/2352 2346/2346
f 2359/2359 2348/2348 2346/2346
f 2348/2348 2349/2349 2350/2350
f 2360/2360 2365/2365 2364/2364
f 2558/2558 2557/2557 2499/2499
f 2368/2368 2369/2369 2364/2364
f 2351/2351 2360/2360 2361/2361
f 2405/2405 2307/2307 2306/2306
f 2559/2559 2558/2558 2502/2502
f 2365/2365 2366/2366 2367/2367
f 2486/2486 2489/2489 2365/2365
f 2402/2402 2376/2376 2375/2375
f 2362/2362 2370/2370 2333/2333
f 2402/2402 2401/2401 2347/2347
f 2330/2330 2302/2302 2320/2320
f 2363/2363 2353/2353 2352/2352
f 2402/2402 2357/2357 2344/2344
f 2375/2375 2373/2373 2381/2381
f 2373/2373 2375/2375 2376/2376
f 2344/2344 2338/2338 2371/2371
f 2374/2374 2314/2314 2313/2313
f 2378/2378 2383/2383 2384/2384
f 2503/2503 2501/2501 2391/2391
f 2431/2431 2389/2389 2388/2388
f 2391/2391 2393/2393 2385/2385
f 2398/2398 2387/2387 2386/2386
f 2388/2388 2389/2389 2390/2390
f 2563/2563 2562/2562 2509/2509
f 2391/2391 2399/2399 2400/2400
f 2445/2445 2368/2368 2367/2367
f 2564/2564 2563/2563 2511/2511
f 2492/2492 2486/2486 2360/2360
f 2368/2368 2337/2337 2335/2335
f 2434/2434 2432/2432 2388/2388
f 2443/2443 2444/2444 2367/2367
f 2402/2402 2394/2394 2392/2392
f 2356/2356 2354/2354 2331/2331
f 2439/2439 2437/2437 2328/2328
f 2433/2433 2396/2396 2382/2382
f 2407/2407 2406/2406 2413/2413
f 2406/2406 2407/2407 2408/2408
f 2382/2382 2379/2379 2404/2404
f 2300/2300 2317/2317 2318/2318
f 2409/2409 2416/2416 2418/2418
f 2512/2512 2510/2510 2423/2423
f 2446/2446 2421/2421 2420/2420
f 2423/2423 2424/2424 2419/2419
f 2430/2430 2420/2420 2419/2419
f 2420/2420 2421/2421 2422/2422
f 2570/2570 2568/2568 2518/2518
f 2423/2423 2431/2431 2432/2432
f 2525/2525 2521/2521 2449/2449
f 2551/2551 2570/2570 2519/2519
f 2501/2501 2500/2500 2399/2399
f 2500/2500 2496/2496 2349/2349
f 2561/2561 2559/2559 2504/2504
f 2448/2448 2447/2447 2420/2420
f 2433/2433 2408/2408 2407/2407
f 2434/2434 2426/2426 2424/2424
f 2395/2395 2394/2394 2375/2375
f 2448/2448 2430/2430 2417/2417
f 2362/2362 2332/2332 2331/2331
f 2437/2437 2439/2439 2441/2441
f 2415/2415 2411/2411 2436/2436
f 2299/2299 2310/2310 2311/2311
f 2368/2368 2445/2445 2440/2440
f 2521/2521 2522/2522 2452/2452
f 2309/2309 2312/2312 2311/2311
f 2491/2491 2520/2520 2443/2443
f 2443/2443 2446/2446 2447/2447
f 2448/2448 2445/2445 2444/2444
f 2556/2556 2554/2554 2495/2495
f 2510/2510 2508/2508 2431/2431
f 2508/2508 2507/2507 2389/2389
f 2566/2566 2564/2564 2513/2513
f 2448/2448 2442/2442 2440/2440
f 2520/2520 2517/2517 2446/2446
f 2343/2343 2358/2358 2356/2356
f 2562/2562 2560/2560 2506/2506
f 2383/2383 2398/2398 2395/2395
f 2568/2568 2565/2565 2516/2516
f 2563/2563 2564/2564 2580/2580
f 2416/2416 2429/2429 2427/2427
f 2517/2517 2514/2514 2421/2421
f 2535/2535 2585/2585 2584/2584
f 2580/2580 2564/2564 2566/2566
f 2527/2527 2525/2525 2456/2456
f 2455/2455 2452/2452 2522/2522
f 2283/2283 2261/2261 2255/2255
f 2405/2405 2403/2403 2309/2309
f 2265/2265 2229/2229 2225/2225
f 2326/2326 2288/2288 2286/2286
f 2239/2239 2237/2237 2243/2243
f 2231/2231 2196/2196 2188/2188
f 2272/2272 2249/2249 2247/2247
f 2211/2211 2210/2210 2215/2215
f 2479/2479 2478/2478 2181/2181
f 2234/2234 2219/2219 2218/2218
f 2162/2162 2166/2166 2153/2153
f 2530/2530 2529/2529 2462/2462
f 2551/2551 2490/2490 2487/2487
f 2353/2353 2355/2355 2346/2346
f 2394/2394 2395/2395 2386/2386
f 2426/2426 2428/2428 2419/2419
f 2557/2557 2555/2555 2497/2497
f 2562/2562 2563/2563 2581/2581
f 2578/2578 2567/2567 2569/2569
f 2558/2558 2559/2559 2585/2585
f 2557/2557 2558/2558 2586/2586
f 2603/2603 2594/2594 2592/2592
f 2767/2767 2766/2766 2603/2603
f 2597/2597 2599/2599 2593/2593
f 2576/2576 2571/2571 2552/2552
f 2574/2574 2552/2552 2548/2548
f 2525/2525 2577/2577 2576/2576
f 2577/2577 2569/2569 2571/2571
f 2546/2546 2524/2524 2572/2572
f 2527/2527 2578/2578 2577/2577
f 2529/2529 2580/2580 2579/2579
f 2529/2529 2530/2530 2581/2581
f 2530/2530 2531/2531 2582/2582
f 2535/2535 2537/2537 2586/2586
f 2537/2537 2539/2539 2587/2587
f 2539/2539 2541/2541 2588/2588
f 2543/2543 2544/2544 2590/2590
f 2544/2544 2545/2545 2591/2591
f 2545/2545 2546/2546 2575/2575
f 2553/2553 2554/2554 2590/2590
f 2521/2521 2576/2576 2574/2574
f 2547/2547 2575/2575 2572/2572
f 2522/2522 2574/2574 2573/2573
f 2583/2583 2560/2560 2562/2562
f 2534/2534 2583/2583 2582/2582
f 2585/2585 2559/2559 2561/2561
f 2600/2600 2601/2601 2593/2593
f 2547/2547 2553/2553 2591/2591
f 2686/2686 2687/2687 2596/2596
f 2555/2555 2557/2557 2587/2587
f 2686/2686 2658/2658 2657/2657
f 2554/2554 2556/2556 2589/2589
f 2723/2723 2717/2717 2617/2617
f 2610/2610 2611/2611 2603/2603
f 2724/2724 2700/2700 2699/2699
f 2597/2597 2604/2604 2605/2605
f 2604/2604 2613/2613 2612/2612
f 2625/2625 2630/2630 2629/2629
f 2606/2606 2607/2607 2608/2608
f 2606/2606 2600/2600 2599/2599
f 2684/2684 2676/2676 2604/2604
f 2676/2676 2679/2679 2613/2613
f 2615/2615 2617/2617 2618/2618
f 2609/2609 2601/2601 2600/2600
f 2607/2607 2606/2606 2616/2616
f 2682/2682 2614/2614 2613/2613
f 2717/2717 2718/2718 2620/2620
f 2622/2622 2625/2625 2627/2627
f 2753/2753 2633/2633 2631/2631
f 2608/2608 2607/2607 2624/2624
f 2685/2685 2598/2598 2596/2596
f 2611/2611 2610/2610 2628/2628
f 2771/2771 2772/2772 2768/2768
f 2749/2749 2751/2751 2632/2632
f 2754/2754 2749/2749 2626/2626
f 2615/2615 2616/2616 2612/2612
f 2958/2958 2955/2955 2725/2725
f 2948/2948 2945/2945 2756/2756
f 2760/2760 2636/2636 2635/2635
f 2636/2636 2637/2637 2634/2634
f 2657/2657 2658/2658 2647/2647
f 2653/2653 2651/2651 2659/2659
f 2638/2638 2649/2649 2650/2650
f 2649/2649 2662/2662 2660/2660
f 2683/2683 2655/2655 2654/2654
f 2652/2652 2654/2654 2655/2655
f 2653/2653 2641/2641 2639/2639
f 2972/2972 2970/2970 2649/2649
f 2662/2662 2663/2663 2665/2665
f 2970/2970 2969/2969 2662/2662
f 3036/3036 3038/3038 2978/2978
f 2667/2667 2674/2674 2675/2675
f 2656/2656 2646/2646 2642/2642
f 2654/2654 2652/2652 2670/2670
f 2723/2723 2615/2615 2614/2614
f 2763/2763 2761/2761 2635/2635
f 2648/2648 2635/2635 2634/2634
f 2607/2607 2618/2618 2619/2619
f 2683/2683 2688/2688 2656/2656
f 2668/2668 2672/2672 2661/2661
f 2617/2617 2620/2620 2619/2619
f 2690/2690 2691/2691 2666/2666
f 2678/2678 2677/2677 2654/2654
f 2697/2697 2693/2693 2691/2691
f 3040/3040 3036/3036 2974/2974
f 2690/2690 2694/2694 2696/2696
f 2960/2960 2958/2958 2705/2705
f 3035/3035 3034/3034 2971/2971
f 2698/2698 2699/2699 2700/2700
f 2963/2963 2962/2962 2695/2695
f 2693/2693 2668/2668 2666/2666
f 2702/2702 2704/2704 2706/2706
f 2962/2962 2960/2960 2703/2703
f 3034/3034 3033/3033 2968/2968
f 2708/2708 2713/2713 2715/2715
f 2673/2673 2669/2669 2692/2692
f 2699/2699 2698/2698 2712/2712
f 2755/2755 2622/2622 2621/2621
f 2942/2942 2637/2637 2636/2636
f 2754/2754 2736/2736 2735/2735
f 2608/2608 2627/2627 2629/2629
f 2674/2674 2680/2680 2678/2678
f 2766/2766 2686/2686 2594/2594
f 2710/2710 2711/2711 2701/2701
f 2719/2719 2716/2716 2699/2699
f 2733/2733 2730/2730 2727/2727
f 3033/3033 3032/3032 2966/2966
f 2725/2725 2731/2731 2732/2732
f 2950/2950 2948/2948 2739/2739
f 3030/3030 3029/3029 2961/2961
f 2734/2734 2735/2735 2736/2736
f 2955/2955 2953/2953 2731/2731
f 2738/2738 2739/2739 2740/2740
f 2953/2953 2950/2950 2738/2738
f 3029/3029 3028/3028 2959/2959
f 2743/2743 2746/2746 2748/2748
f 2714/2714 2709/2709 2728/2728
f 2735/2735 2734/2734 2745/2745
f 2767/2767 2611/2611 2633/2633
f 3041/3041 3040/3040 2981/2981
f 2694/2694 2702/2702 2701/2701
f 2767/2767 2765/2765 2764/2764
f 2764/2764 2762/2762 2647/2647
f 2713/2713 2720/2720 2719/2719
f 2742/2742 2744/2744 2737/2737
f 2751/2751 2749/2749 2735/2735
f 2763/2763 2759/2759 2757/2757
f 3028/3028 3027/3027 2957/2957
f 2756/2756 2760/2760 2761/2761
f 3025/3025 3024/3024 2952/2952
f 2762/2762 2764/2764 2765/2765
f 2945/2945 2939/2939 2760/2760
f 2939/2939 2941/2941 2636/2636
f 2747/2747 2741/2741 2758/2758
f 2622/2622 2624/2624 2619/2619
f 2721/2721 2621/2621 2620/2620
f 2606/2606 2605/2605 2612/2612
f 3023/3023 3020/3020 2947/2947
f 2746/2746 2752/2752 2751/2751
f 2638/2638 2640/2640 2634/2634
f 2942/2942 2972/2972 2638/2638
f 2967/2967 2963/2963 2689/2689
f 2731/2731 2738/2738 2737/2737
f 3016/3016 3035/3035 2973/2973
f 2725/2725 2727/2727 2707/2707
f 2775/2775 2769/2769 2768/2768
f 3031/3031 3030/3030 2964/2964
f 2756/2756 2757/2757 2740/2740
f 3026/3026 3025/3025 2954/2954
f 2686/2686 2766/2766 2764/2764
f 2814/2814 2806/2806 2775/2775
f 2773/2773 2774/2774 2768/2768
f 2781/2781 2782/2782 2775/2775
f 2806/2806 2809/2809 2769/2769
f 2771/2771 2776/2776 2777/2777
f 2776/2776 2784/2784 2783/2783
f 2799/2799 2803/2803 2801/2801
f 2778/2778 2779/2779 2780/2780
f 2778/2778 2773/2773 2772/2772
f 2926/2926 2924/2924 2776/2776
f 2924/2924 2899/2899 2784/2784
f 3005/3005 3001/3001 2910/2910
f 2786/2786 2788/2788 2789/2789
f 2781/2781 2774/2774 2773/2773
f 2779/2779 2778/2778 2787/2787
f 2899/2899 2901/2901 2785/2785
f 2892/2892 2867/2867 2791/2791
f 2996/2996 2993/2993 2878/2878
f 2796/2796 2799/2799 2800/2800
f 2822/2822 2826/2826 2805/2805
f 2780/2780 2779/2779 2797/2797
f 2782/2782 2781/2781 2801/2801
f 2980/2980 2850/2850 2849/2849
f 2858/2858 2822/2822 2802/2802
f 2916/2916 2914/2914 2895/2895
f 2859/2859 2858/2858 2798/2798
f 2987/2987 2985/2985 2834/2834
f 2786/2786 2787/2787 2783/2783
f 2845/2845 2844/2844 2847/2847
f 2926/2926 2771/2771 2770/2770
f 2796/2796 2797/2797 2790/2790
f 2818/2818 2819/2819 2811/2811
f 2866/2866 2869/2869 2794/2794
f 2815/2815 2813/2813 2825/2825
f 2778/2778 2777/2777 2783/2783
f 2813/2813 2815/2815 2816/2816
f 2818/2818 2808/2808 2807/2807
f 2823/2823 2827/2827 2830/2830
f 2985/2985 2982/2982 2835/2835
f 2888/2888 2833/2833 2832/2832
f 2835/2835 2836/2836 2831/2831
f 2842/2842 2832/2832 2831/2831
f 2832/2832 2833/2833 2834/2834
f 2843/2843 2849/2849 2847/2847
f 3048/3048 3047/3047 2988/2988
f 2853/2853 2855/2855 2848/2848
f 2835/2835 2843/2843 2844/2844
f 2893/2893 2786/2786 2785/2785
f 3051/3051 3048/3048 2990/2990
f 2849/2849 2850/2850 2851/2851
f 2975/2975 2977/2977 2849/2849
f 2890/2890 2864/2864 2862/2862
f 2846/2846 2854/2854 2818/2818
f 2890/2890 2889/2889 2832/2832
f 2814/2814 2782/2782 2804/2804
f 2845/2845 2837/2837 2836/2836
f 2890/2890 2842/2842 2828/2828
f 2861/2861 2860/2860 2870/2870
f 2860/2860 2861/2861 2863/2863
f 2829/2829 2821/2821 2857/2857
f 2859/2859 2795/2795 2794/2794
f 2865/2865 2871/2871 2873/2873
f 2993/2993 2991/2991 2879/2879
f 2920/2920 2877/2877 2876/2876
f 2879/2879 2880/2880 2875/2875
f 2887/2887 2876/2876 2875/2875
f 2876/2876 2877/2877 2878/2878
f 3056/3056 3055/3055 2997/2997
f 2879/2879 2888/2888 2889/2889
f 2933/2933 2853/2853 2852/2852
f 3057/3057 3056/3056 3000/3000
f 2982/2982 2975/2975 2843/2843
f 2853/2853 2820/2820 2817/2817
f 2922/2922 2921/2921 2876/2876
f 2930/2930 2931/2931 2851/2851
f 2890/2890 2881/2881 2880/2880
f 2840/2840 2838/2838 2815/2815
f 2928/2928 2927/2927 2812/2812
f 2923/2923 2886/2886 2872/2872
f 2895/2895 2894/2894 2900/2900
f 2894/2894 2895/2895 2896/2896
f 2872/2872 2868/2868 2891/2891
f 2780/2780 2800/2800 2801/2801
f 2898/2898 2903/2903 2904/2904
f 3001/3001 2999/2999 2911/2911
f 2934/2934 2909/2909 2907/2907
f 2911/2911 2912/2912 2906/2906
f 2919/2919 2908/2908 2905/2905
f 2907/2907 2909/2909 2910/2910
f 3061/3061 3060/3060 3006/3006
f 2911/2911 2920/2920 2921/2921
f 3017/3017 3011/3011 2938/2938
f 3039/3039 3061/3061 3009/3009
f 2991/2991 2989/2989 2888/2888
f 2989/2989 2987/2987 2833/2833
f 3054/3054 3051/3051 2992/2992
f 2937/2937 2935/2935 2908/2908
f 2923/2923 2896/2896 2895/2895
f 2922/2922 2913/2913 2912/2912
f 2885/2885 2882/2882 2861/2861
f 2937/2937 2919/2919 2902/2902
f 2846/2846 2816/2816 2815/2815
f 2927/2927 2928/2928 2929/2929
f 2902/2902 2897/2897 2925/2925
f 2779/2779 2789/2789 2790/2790
f 2853/2853 2933/2933 2928/2928
f 3011/3011 3013/3013 2940/2940
f 2788/2788 2791/2791 2790/2790
f 2980/2980 3008/3008 2930/2930
f 2930/2930 2934/2934 2936/2936
f 2937/2937 2933/2933 2932/2932
f 3043/3043 3042/3042 2983/2983
f 2999/2999 2998/2998 2920/2920
f 2998/2998 2996/2996 2877/2877
f 3059/3059 3057/3057 3002/3002
f 2937/2937 2929/2929 2928/2928
f 3008/3008 3007/3007 2934/2934
f 2827/2827 2841/2841 2840/2840
f 3055/3055 3053/3053 2994/2994
f 2872/2872 2886/2886 2884/2884
f 3060/3060 3058/3058 3004/3004
f 3056/3056 3057/3057 3070/3070
f 2903/2903 2918/2918 2916/2916
f 3007/3007 3005/3005 2909/2909
f 3028/3028 3075/3075 3073/3073
f 3070/3070 3057/3057 3059/3059
f 3020/3020 3017/3017 2946/2946
f 2943/2943 2940/2940 3013/3013
f 2767/2767 2753/2753 2747/2747
f 2893/2893 2892/2892 2788/2788
f 2754/2754 2722/2722 2714/2714
f 2810/2810 2770/2770 2769/2769
f 2733/2733 2732/2732 2737/2737
f 2724/2724 2681/2681 2673/2673
f 2759/2759 2742/2742 2740/2740
f 2697/2697 2696/2696 2701/2701
f 2969/2969 2967/2967 2663/2663
f 2729/2729 2710/2710 2706/2706
f 2643/2643 2644/2644 2634/2634
f 3024/3024 3022/3022 2951/2951
f 3039/3039 2979/2979 2976/2976
f 2837/2837 2839/2839 2831/2831
f 2881/2881 2883/2883 2875/2875
f 2913/2913 2915/2915 2906/2906
f 3047/3047 3043/3043 2986/2986
f 3055/3055 3056/3056 3071/3071
f 3069/3069 3058/3058 3060/3060
f 3049/3049 3050/3050 3075/3075
f 3046/3046 3049/3049 3076/3076
f 3066/3066 3061/3061 3039/3039
f 3064/3064 3039/3039 3037/3037
f 3018/3018 3067/3067 3066/3066
f 3067/3067 3060/3060 3061/3061
f 3035/3035 3016/3016 3063/3063
f 3019/3019 3069/3069 3067/3067
f 3022/3022 3070/3070 3068/3068
f 3022/3022 3024/3024 3071/3071
f 3024/3024 3025/3025 3072/3072
f 3028/3028 3029/3029 3076/3076
f 3029/3029 3030/3030 3077/3077
f 3030/3030 3031/3031 3079/3079
f 3032/3032 3033/3033 3080/3080
f 3033/3033 3034/3034 3081/3081
f 3034/3034 3035/3035 3065/3065
f 1306/1306 1304/1304 1143/1143
f 3040/3040 3041/3041 3080/3080
f 3010/3010 3066/3066 3064/3064
f 3036/3036 3065/3065 3063/3063
f 3012/3012 3064/3064 3062/3062
f 3074/3074 3053/3053 3055/3055
f 3026/3026 3074/3074 3072/3072
f 3075/3075 3050/3050 3052/3052
f 1139/1139 1140/1140 1136/1136
f 3036/3036 3040/3040 3081/3081
f 3045/3045 3046/3046 3077/3077
f 1225/1225 1226/1226 1138/1138
f 3041/3041 3044/3044 3078/3078
f 1143/1143 1137/1137 1136/1136
f 1224/1224 1201/1201 1200/1200
f 1141/1141 1142/1142 1136/1136
f 1256/1256 1250/1250 1159/1159
f 3084/3084 3087/3087 3089/3089
f 3249/3249 3092/3092 3106/3106
f 3091/3091 3090/3090 3098/3098
f 3102/3102 3101/3101 3109/3109
f 3253/3253 3105/3105 3113/3113
f 3111/3111 3110/3110 3118/3118
f 3257/3257 3112/3112 3120/3120
f 3128/3128 3100/3100 3099/3099
f 3087/3087 3121/3121 3123/3123
f 3393/3393 3171/3171 3152/3152
f 3138/3138 3140/3140 3127/3127
f 3090/3090 3124/3124 3127/3127
f 3252/3252 3259/3259 3119/3119
f 3101/3101 3129/3129 3131/3131
f 3110/3110 3132/3132 3133/3133
f 3141/3141 3130/3130 3126/3126
f 3121/3121 3136/3136 3137/3137
f 3132/3132 3144/3144 3145/3145
f 3151/3151 3138/3138 3137/3137
f 3398/3398 3166/3166 3149/3149
f 3169/3169 3167/3167 3405/3405
f 3148/3148 3135/3135 3146/3146
f 3149/3149 3166/3166 3168/3168
f 3152/3152 3171/3171 3173/3173
f 3160/3160 3144/3144 3143/3143
f 3158/3158 3176/3176 3178/3178
f 3403/3403 3405/3405 3167/3167
f 3295/3295 3246/3246 3227/3227
f 3189/3189 3190/3190 3192/3192
f 3426/3426 3203/3203 3201/3201
f 3215/3215 3217/3217 3205/3205
f 3436/3436 3233/3233 3231/3231
f 3230/3230 3234/3234 3225/3225
f 3460/3460 3249/3249 3255/3255
f 3239/3239 3240/3240 3242/3242
f 3248/3248 4527/4527 3246/3246
f 3262/3262 3263/3263 3265/3265
f 3273/3273 3272/3272 3275/3275
f 3272/3272 3271/3271 3277/3277
f 3281/3281 3280/3280 3290/3290
f 3230/3230 3229/3229 3245/3245
f 3354/3354 3324/3324 3294/3294
f 3301/3301 3304/3304 3306/3306
f 3359/3359 3349/3349 3348/3348
f 3196/3196 4519/4519 3195/3195
f 3209/3209 3273/3273 3285/3285
f 3214/3214 3283/3283 3297/3297
f 3329/3329 3330/3330 3331/3331
f 3335/3335 3336/3336 3339/3339
f 3324/3324 3354/3354 3348/3348
f 3345/3345 3346/3346 3347/3347
f 3326/3326 3345/3345 3344/3344
f 3349/3349 3351/3351 3353/3353
f 3395/3395 3176/3176 3158/3158
f 3362/3362 3363/3363 3364/3364
f 3199/3199 3197/3197 3208/3208
f 3329/3329 3362/3362 3361/3361
f 3112/3112 3111/3111 3114/3114
f 3257/3257 3258/3258 3113/3113
f 3105/3105 3102/3102 3108/3108
f 3092/3092 3093/3093 3083/3083
f 3138/3138 3124/3124 3123/3123
f 3095/3095 3119/3119 3115/3115
f 3086/3086 3085/3085 3115/3115
f 3144/3144 3132/3132 3131/3131
f 3104/3104 3107/3107 3096/3096
f 3431/3431 3408/3408 3179/3179
f 3135/3135 3122/3122 3134/3134
f 3460/3460 3462/3462 3250/3250
f 3429/3429 3421/3421 3378/3378
f 3186/3186 3148/3148 3163/3163
f 3175/3175 3156/3156 3154/3154
f 3156/3156 3141/3141 3139/3139
f 3240/3240 3239/3239 3185/3185
f 3170/3170 3151/3151 3150/3150
f 3187/3187 3366/3366 3149/3149
f 3220/3220 3222/3222 3205/3205
f 3199/3199 3202/3202 3188/3188
f 3401/3401 3373/3373 3207/3207
f 3219/3219 3218/3218 3225/3225
f 3350/3350 3302/3302 3384/3384
f 3343/3343 3335/3335 3334/3334
f 3282/3282 3284/3284 3274/3274
f 3313/3313 3368/3368 3369/3369
f 3273/3273 3209/3209 3196/3196
f 3317/3317 3301/3301 3299/3299
f 3323/3323 3194/3194 3247/3247
f 3437/3437 3415/3415 3376/3376
f 3330/3330 3356/3356 3291/3291
f 3307/3307 3305/3305 3349/3349
f 3264/3264 3322/3322 3344/3344
f 3342/3342 3340/3340 3344/3344
f 3356/3356 3330/3330 3361/3361
f 3360/3360 3357/3357 3361/3361
f 3470/3470 3257/3257 3260/3260
f 3100/3100 3103/3103 3096/3096
f 3254/3254 3256/3256 3107/3107
f 3112/3112 3113/3113 3108/3108
f 3122/3122 3088/3088 3116/3116
f 3110/3110 3111/3111 3108/3108
f 3132/3132 3110/3110 3109/3109
f 3204/3204 3189/3189 3188/3188
f 3416/3416 3418/3418 3200/3200
f 3235/3235 3395/3395 3365/3365
f 3184/3184 3185/3185 3163/3163
f 3373/3373 3376/3376 3208/3208
f 3355/3355 3354/3354 3293/3293
f 3332/3332 3333/3333 3328/3328
f 3425/3425 3231/3231 3380/3380
f 3478/3478 3463/3463 3462/3462
f 3466/3466 3469/3469 3256/3256
f 3464/3464 3474/3474 3259/3259
f 3485/3485 3486/3486 3471/3471
f 3346/3346 3384/3384 3382/3382
f 3282/3282 3281/3281 3287/3287
f 3420/3420 3422/3422 3380/3380
f 3332/3332 3279/3279 3278/3278
f 3300/3300 3320/3320 3382/3382
f 3337/3337 3367/3367 3386/3386
f 3267/3267 3329/3329 3328/3328
f 3386/3386 3312/3312 3311/3311
f 3442/3442 3431/3431 3177/3177
f 3342/3342 3347/3347 3382/3382
f 3360/3360 3364/3364 3385/3385
f 3204/3204 3398/3398 3366/3366
f 3363/3363 3386/3386 3385/3385
f 3280/3280 3281/3281 3274/3274
f 3377/3377 3381/3381 3245/3245
f 3351/3351 3349/3349 3305/3305
f 3314/3314 3316/3316 3299/3299
f 3282/3282 3215/3215 3211/3211
f 3325/3325 3352/3352 3345/3345
f 3197/3197 3196/3196 3209/3209
f 3401/3401 3223/3223 3171/3171
f 3270/3270 3268/3268 3328/3328
f 3244/3244 3228/3228 3227/3227
f 3308/3308 3310/3310 3299/3299
f 3400/3400 3241/3241 3183/3183
f 3266/3266 3265/3265 3334/3334
f 3292/3292 3293/3293 3286/3286
f 3267/3267 3338/3338 3362/3362
f 3289/3289 3332/3332 3331/3331
f 3413/3413 3387/3387 3182/3182
f 3355/3355 3358/3358 3348/3348
f 3263/3263 3341/3341 3334/3334
f 3352/3352 3350/3350 3346/3346
f 3338/3338 3337/3337 3363/3363
f 3427/3427 3390/3390 3388/3388
f 3427/3427 3429/3429 3399/3399
f 3440/3440 3393/3393 3392/3392
f 3336/3336 3335/3335 3369/3369
f 3371/3371 3369/3369 3335/3335
f 3365/3365 3158/3158 3157/3157
f 3407/3407 3409/3409 3181/3181
f 3182/3182 3387/3387 3162/3162
f 3419/3419 3201/3201 3198/3198
f 3092/3092 3091/3091 3097/3097
f 3294/3294 3298/3298 3286/3286
f 3224/3224 3206/3206 3205/3205
f 3479/3479 3484/3484 3469/3469
f 3187/3187 3190/3190 3189/3189
f 3391/3391 3169/3169 3406/3406
f 3171/3171 3223/3223 3221/3221
f 3170/3170 3392/3392 3152/3152
f 3174/3174 3219/3219 3237/3237
f 3191/3191 3186/3186 3185/3185
f 3191/3191 3239/3239 3238/3238
f 3371/3371 3319/3319 3315/3315
f 3220/3220 3175/3175 3172/3172
f 3427/3427 3412/3412 3457/3457
f 3426/3426 3459/3459 3458/3458
f 3485/3485 3470/3470 3473/3473
f 3427/3427 3458/3458 3459/3459
f 3235/3235 3237/3237 3225/3225
f 3389/3389 3183/3183 3162/3162
f 3443/3443 3438/3438 3374/3374
f 3182/3182 3160/3160 3159/3159
f 3441/3441 3443/3443 3402/3402
f 3411/3411 3409/3409 3455/3455
f 3475/3475 3460/3460 3468/3468
f 3454/3454 3407/3407 3430/3430
f 3428/3428 3404/3404 3164/3164
f 3453/3453 3451/3451 3441/3441
f 3447/3447 3425/3425 3422/3422
f 3435/3435 3424/3424 3446/3446
f 3414/3414 3438/3438 3449/3449
f 3453/3453 3431/3431 3442/3442
f 3405/3405 3455/3455 3454/3454
f 3443/3443 3441/3441 3451/3451
f 3405/3405 3403/3403 3456/3456
f 3428/3428 3458/3458 3457/3457
f 3426/3426 3419/3419 3448/3448
f 3475/3475 3476/3476 3462/3462
f 3450/3450 3439/3439 3435/3435
f 3419/3419 3417/3417 3445/3445
f 3421/3421 3448/3448 3445/3445
f 3406/3406 3454/3454 3452/3452
f 3439/3439 3450/3450 3451/3451
f 3443/3443 3450/3450 3449/3449
f 3505/3505 3514/3514 3499/3499
f 3421/3421 3429/3429 3459/3459
f 3464/3464 3252/3252 3251/3251
f 3416/3416 3447/3447 3444/3444
f 3470/3470 3471/3471 3258/3258
f 3400/3400 3377/3377 3243/3243
f 3252/3252 3095/3095 3094/3094
f 3194/3194 3193/3193 3238/3238
f 3426/3426 3428/3428 3397/3397
f 3439/3439 3236/3236 3232/3232
f 3439/3439 3442/3442 3396/3396
f 3455/3455 3409/3409 3407/3407
f 3480/3480 3467/3467 3471/3471
f 3467/3467 3253/3253 3258/3258
f 3271/3271 3272/3272 3261/3261
f 3489/3489 3490/3490 3476/3476
f 3501/3501 3502/3502 3490/3490
f 3489/3489 3475/3475 3482/3482
f 3494/3494 3480/3480 3486/3486
f 3618/3618 3616/3616 3568/3568
f 3573/3573 3527/3527 3526/3526
f 3524/3524 3525/3525 3507/3507
f 3766/3766 3728/3728 3738/3738
f 3606/3606 3607/3607 3601/3601
f 3736/3736 3704/3704 3503/3503
f 3742/3742 3743/3743 3519/3519
f 3673/3673 3676/3676 3668/3668
f 3543/3543 3544/3544 3546/3546
f 3752/3752 3755/3755 3552/3552
f 3561/3561 3562/3562 3564/3564
f 3777/3777 3775/3775 3581/3581
f 3577/3577 3578/3578 3580/3580
f 3545/3545 3542/3542 3590/3590
f 3592/3592 3593/3593 3589/3589
f 3545/3545 3594/3594 3538/3538
f 3552/3552 3553/3553 3540/3540
f 3602/3602 3603/3603 3605/3605
f 3740/3740 3573/3573 3572/3572
f 3616/3616 3618/3618 3620/3620
f 3583/3583 3716/3716 3599/3599
f 3634/3634 3638/3638 3626/3626
f 3629/3629 3631/3631 3633/3633
f 3664/3664 3665/3665 3662/3662
f 3760/3760 3762/3762 3715/3715
f 3647/3647 3649/3649 3639/3639
f 3641/3641 3643/3643 3645/3645
f 3705/3705 3707/3707 3650/3650
f 3571/3571 3570/3570 3554/3554
f 3606/3606 3570/3570 3569/3569
f 3675/3675 3671/3671 3701/3701
f 3600/3600 3598/3598 3588/3588
f 3688/3688 3634/3634 3633/3633
f 3632/3632 3628/3628 3588/3588
f 3641/3641 3639/3639 3653/3653
f 3606/3606 3617/3617 3614/3614
f 3610/3610 3608/3608 3663/3663
f 3764/3764 3717/3717 3715/3715
f 3669/3669 3603/3603 3602/3602
f 3612/3612 3610/3610 3662/3662
f 3658/3658 3604/3604 3670/3670
f 3660/3660 3659/3659 3684/3684
f 3686/3686 3688/3688 3690/3690
f 3666/3666 3689/3689 3687/3687
f 3612/3612 3667/3667 3701/3701
f 3492/3492 3478/3478 3476/3476
f 3273/3273 3262/3262 3261/3261
f 3497/3497 3498/3498 3486/3486
f 3491/3491 3499/3499 3488/3488
f 3510/3510 3511/3511 3498/3498
f 3518/3518 3520/3520 3502/3502
f 3765/3765 3753/3753 3550/3550
f 3527/3527 3509/3509 3508/3508
f 3535/3535 3538/3538 3514/3514
f 3733/3733 3527/3527 3573/3573
f 3539/3539 3516/3516 3515/3515
f 3562/3562 3524/3524 3702/3702
f 3708/3708 3705/3705 3649/3649
f 3613/3613 3602/3602 3601/3601
f 3606/3606 3605/3605 3554/3554
f 3689/3689 3666/3666 3665/3665
f 3693/3693 3695/3695 3685/3685
f 3696/3696 3699/3699 3698/3698
f 3266/3266 3269/3269 3261/3261
f 3477/3477 3488/3488 3472/3472
f 3497/3497 3485/3485 3487/3487
f 3493/3493 3496/3496 3483/3483
f 3506/3506 3507/3507 3496/3496
f 3529/3529 3531/3531 3511/3511
f 3534/3534 3513/3513 3511/3511
f 3522/3522 3503/3503 3502/3502
f 3552/3552 3711/3711 3571/3571
f 3739/3739 3592/3592 3591/3591
f 3619/3619 3567/3567 3588/3588
f 3621/3621 3620/3620 3627/3627
f 3621/3621 3625/3625 3615/3615
f 3646/3646 3722/3722 3720/3720
f 3697/3697 3695/3695 3640/3640
f 3661/3661 3691/3691 3685/3685
f 3682/3682 3680/3680 3709/3709
f 3694/3694 3683/3683 3722/3722
f 3693/3693 3644/3644 3640/3640
f 3686/3686 3685/3685 3695/3695
f 3699/3699 3696/3696 3655/3655
f 3675/3675 3700/3700 3724/3724
f 3714/3714 3572/3572 3571/3571
f 3749/3749 3792/3792 3791/3791
f 3666/3666 3667/3667 3662/3662
f 3613/3613 3672/3672 3668/3668
f 3609/3609 3611/3611 3601/3601
f 3680/3680 3682/3682 3681/3681
f 3609/3609 3607/3607 3614/3614
f 3661/3661 3690/3690 3633/3633
f 3674/3674 3707/3707 3705/3705
f 3683/3683 3684/3684 3681/3681
f 4540/4540 3554/3554 4548/4548
f 3636/3636 3635/3635 3665/3665
f 3658/3658 3681/3681 3684/3684
f 3547/3547 3546/3546 3704/3704
f 3650/3650 3653/3653 3639/3639
f 3666/3666 3698/3698 3701/3701
f 3683/3683 3682/3682 3720/3720
f 3747/3747 3748/3748 3530/3530
f 3669/3669 3668/3668 3676/3676
f 3700/3700 3701/3701 3698/3698
f 3778/3778 3773/3773 3729/3729
f 3651/3651 3724/3724 3723/3723
f 3700/3700 3699/3699 3723/3723
f 3694/3694 3692/3692 3684/3684
f 3766/3766 3747/3747 3726/3726
f 3725/3725 3529/3529 3510/3510
f 3730/3730 3518/3518 3501/3501
f 3768/3768 3738/3738 3718/3718
f 3547/3547 3549/3549 3540/3540
f 3772/3772 3742/3742 3517/3517
f 3750/3750 3532/3532 3528/3528
f 3704/3704 3536/3536 3504/3504
f 3744/3744 3521/3521 3519/3519
f 3757/3757 3710/3710 3551/3551
f 3776/3776 3713/3713 3712/3712
f 3719/3719 3591/3591 3599/3599
f 4545/4545 3596/3596 4549/4549
f 3618/3618 3630/3630 3627/3627
f 3730/3730 3509/3509 3527/3527
f 3555/3555 3597/3597 3590/3590
f 3727/3727 3539/3539 3592/3592
f 3778/3778 3732/3732 3741/3741
f 3678/3678 3677/3677 3705/3705
f 3766/3766 3768/3768 3796/3796
f 3735/3735 3703/3703 3513/3513
f 3562/3562 3561/3561 3525/3525
f 3658/3658 3659/3659 3596/3596
f 3702/3702 3524/3524 3506/3506
f 3573/3573 3560/3560 3558/3558
f 3544/3544 3536/3536 3704/3704
f 3777/3777 3779/3779 3788/3788
f 3725/3725 3516/3516 3539/3539
f 3769/3769 3534/3534 3531/3531
f 3622/3622 3664/3664 3663/3663
f 3779/3779 3734/3734 3533/3533
f 3775/3775 3786/3786 3785/3785
f 3566/3566 3568/3568 3559/3559
f 3774/3774 3760/3760 3584/3584
f 3778/3778 3788/3788 3790/3790
f 3756/3756 3753/3753 3783/3783
f 3786/3786 3776/3776 3758/3758
f 3780/3780 3787/3787 3788/3788
f 3772/3772 3789/3789 3791/3791
f 3793/3793 3744/3744 3743/3743
f 3750/3750 3791/3791 3789/3789
f 3767/3767 3795/3795 3796/3796
f 3753/3753 3765/3765 3796/3796
f 3805/3805 3806/3806 3797/3797
f 3780/3780 3741/3741 3713/3713
f 3777/3777 3787/3787 3786/3786
f 3757/3757 3754/3754 3781/3781
f 3961/3961 3962/3962 3809/3809
f 3839/3839 3805/3805 3804/3804
f 3776/3776 3786/3786 3787/3787
f 3763/3763 3761/3761 3782/3782
f 3763/3763 3783/3783 3796/3796
f 3795/3795 3767/3767 3745/3745
f 3857/3857 3858/3858 3846/3846
f 3810/3810 3799/3799 3798/3798
f 3765/3765 3548/3548 3737/3737
f 3777/3777 3579/3579 3734/3734
f 3539/3539 3537/3537 3593/3593
f 3770/3770 3790/3790 3788/3788
f 3583/3583 3586/3586 3575/3575
f 3760/3760 3784/3784 3781/3781
f 3563/3563 3577/3577 3575/3575
f 3767/3767 3737/3737 3523/3523
f 3578/3578 3577/3577 3703/3703
f 3743/3743 3742/3742 3791/3791
f 3746/3746 3793/3793 3792/3792
f 3766/3766 3795/3795 3794/3794
f 3799/3799 3802/3802 3803/3803
f 3961/3961 3807/3807 3821/3821
f 3806/3806 3805/3805 3813/3813
f 3818/3818 3815/3815 3824/3824
f 3965/3965 3819/3819 3828/3828
f 3826/3826 3825/3825 3833/3833
f 3969/3969 3827/3827 3834/3834
f 3843/3843 3816/3816 3814/3814
f 3800/3800 3837/3837 3838/3838
f 4107/4107 3885/3885 3867/3867
f 3853/3853 3854/3854 3842/3842
f 3805/3805 3839/3839 3842/3842
f 3964/3964 3971/3971 3835/3835
f 3815/3815 3845/3845 3846/3846
f 3825/3825 3847/3847 3848/3848
f 3856/3856 3844/3844 3840/3840
f 3837/3837 3851/3851 3852/3852
f 3847/3847 3859/3859 3860/3860
f 3866/3866 3853/3853 3852/3852
f 4111/4111 3879/3879 3864/3864
f 3883/3883 3882/3882 4118/4118
f 3862/3862 3850/3850 3861/3861
f 3864/3864 3879/3879 3881/3881
f 3867/3867 3885/3885 3887/3887
f 3874/3874 3859/3859 3858/3858
f 3872/3872 3890/3890 3891/3891
f 4117/4117 4118/4118 3882/3882
f 4007/4007 3957/3957 3937/3937
f 3903/3903 3905/3905 3906/3906
f 4139/4139 3916/3916 3914/3914
f 3925/3925 3928/3928 3918/3918
f 4148/4148 3942/3942 3940/3940
f 3941/3941 3943/3943 3934/3934
f 4171/4171 3961/3961 3967/3967
f 3952/3952 3953/3953 3954/3954
f 3960/3960 4565/4565 3957/3957
f 3974/3974 3975/3975 3977/3977
f 3985/3985 3984/3984 3986/3986
f 3984/3984 3982/3982 3989/3989
f 3993/3993 3992/3992 4000/4000
f 3941/3941 3938/3938 3955/3955
f 4065/4065 4032/4032 4006/4006
f 4013/4013 4016/4016 4017/4017
f 4071/4071 4060/4060 4059/4059
f 3910/3910 4558/4558 3909/3909
f 3922/3922 3985/3985 3997/3997
f 3926/3926 3994/3994 4009/4009
f 4037/4037 4038/4038 4039/4039
f 4044/4044 4045/4045 4049/4049
f 4032/4032 4065/4065 4059/4059
f 4056/4056 4057/4057 4058/4058
f 4035/4035 4056/4056 4055/4055
f 4060/4060 4061/4061 4064/4064
f 4109/4109 3890/3890 3872/3872
f 4073/4073 4074/4074 4075/4075
f 3913/3913 3911/3911 3921/3921
f 4037/4037 4073/4073 4072/4072
f 3827/3827 3826/3826 3830/3830
f 3969/3969 3970/3970 3828/3828
f 3819/3819 3818/3818 3823/3823
f 3807/3807 3809/3809 3797/3797
f 3853/3853 3839/3839 3838/3838
f 3810/3810 3835/3835 3829/3829
f 3802/3802 3799/3799 3829/3829
f 3859/3859 3847/3847 3846/3846
f 3820/3820 3822/3822 3812/3812
f 4144/4144 4121/4121 3891/3891
f 3850/3850 3836/3836 3849/3849
f 4171/4171 4172/4172 3962/3962
f 4142/4142 4133/4133 4089/4089
f 3899/3899 3862/3862 3877/3877
f 3888/3888 3870/3870 3869/3869
f 3870/3870 3856/3856 3855/3855
f 3953/3953 3952/3952 3898/3898
f 3884/3884 3866/3866 3865/3865
f 3900/3900 4078/4078 3864/3864
f 3930/3930 3932/3932 3918/3918
f 3913/3913 3915/3915 3901/3901
f 4115/4115 4084/4084 3920/3920
f 3929/3929 3927/3927 3934/3934
f 4062/4062 4015/4015 4096/4096
f 4054/4054 4044/4044 4042/4042
f 3995/3995 3996/3996 3987/3987
f 4025/4025 4080/4080 4081/4081
f 3985/3985 3922/3922 3910/3910
f 4028/4028 4013/4013 4011/4011
f 4030/4030 3908/3908 3959/3959
f 4150/4150 4127/4127 4088/4088
f 4038/4038 4066/4066 4004/4004
f 4020/4020 4018/4018 4060/4060
f 3976/3976 4029/4029 4055/4055
f 4052/4052 4051/4051 4055/4055
f 4066/4066 4038/4038 4072/4072
f 4070/4070 4069/4069 4072/4072
f 4180/4180 3969/3969 3972/3972
f 3816/3816 3817/3817 3812/3812
f 3966/3966 3968/3968 3822/3822
f 3827/3827 3828/3828 3823/3823
f 3836/3836 3801/3801 3831/3831
f 3825/3825 3826/3826 3823/3823
f 3847/3847 3825/3825 3824/3824
f 3917/3917 3903/3903 3901/3901
f 4126/4126 4129/4129 3912/3912
f 3945/3945 4109/4109 4076/4076
f 3896/3896 3898/3898 3876/3876
f 4084/4084 4086/4086 3921/3921
f 4067/4067 4065/4065 4005/4005
f 4040/4040 4041/4041 4036/4036
f 4137/4137 3940/3940 4093/4093
f 4188/4188 4175/4175 4172/4172
f 4177/4177 4179/4179 3968/3968
f 4174/4174 4182/4182 3971/3971
f 4195/4195 4196/4196 4181/4181
f 4057/4057 4096/4096 4095/4095
f 3995/3995 3993/3993 3999/3999
f 4134/4134 4135/4135 4093/4093
f 4040/4040 3991/3991 3988/3988
f 4012/4012 4027/4027 4095/4095
f 4047/4047 4079/4079 4098/4098
f 3979/3979 4037/4037 4036/4036
f 4098/4098 4024/4024 4023/4023
f 4153/4153 4145/4145 3889/3889
f 4052/4052 4058/4058 4095/4095
f 4070/4070 4075/4075 4097/4097
f 3917/3917 4111/4111 4078/4078
f 4074/4074 4098/4098 4097/4097
f 3992/3992 3993/3993 3987/3987
f 4091/4091 4092/4092 3955/3955
f 4061/4061 4060/4060 4018/4018
f 4025/4025 4026/4026 4011/4011
f 3995/3995 3925/3925 3923/3923
f 4033/4033 4063/4063 4056/4056
f 3911/3911 3910/3910 3922/3922
f 4115/4115 3933/3933 3885/3885
f 3983/3983 3980/3980 4036/4036
f 3956/3956 3939/3939 3937/3937
f 4021/4021 4022/4022 4011/4011
f 4112/4112 3953/3953 3896/3896
f 3978/3978 3977/3977 4042/4042
f 4003/4003 4005/4005 3998/3998
f 3979/3979 4048/4048 4073/4073
f 4002/4002 4040/4040 4039/4039
f 4124/4124 4099/4099 3893/3893
f 4067/4067 4068/4068 4059/4059
f 3975/3975 4050/4050 4042/4042
f 4063/4063 4062/4062 4057/4057
f 4048/4048 4047/4047 4074/4074
f 4140/4140 4102/4102 4099/4099
f 4140/4140 4142/4142 4113/4113
f 4152/4152 4106/4106 4103/4103
f 4046/4046 4043/4043 4081/4081
f 4082/4082 4081/4081 4043/4043
f 4077/4077 3871/3871 3870/3870
f 4120/4120 4123/4123 3894/3894
f 3895/3895 4100/4100 3875/3875
f 4132/4132 3915/3915 3913/3913
f 3807/3807 3806/3806 3811/3811
f 4006/4006 4008/4008 3998/3998
f 3933/3933 3920/3920 3919/3919
f 4190/4190 4192/4192 4179/4179
f 3900/3900 3905/3905 3903/3903
f 4105/4105 3883/3883 4119/4119
f 3885/3885 3933/3933 3931/3931
f 3884/3884 4104/4104 3867/3867
f 3888/3888 3930/3930 3948/3948
f 3904/3904 3899/3899 3897/3897
f 3904/3904 3951/3951 3949/3949
f 4082/4082 4028/4028 4026/4026
f 3930/3930 3888/3888 3886/3886
f 4140/4140 4124/4124 4167/4167
f 4139/4139 4170/4170 4169/4169
f 4195/4195 4180/4180 4183/4183
f 4140/4140 4169/4169 4170/4170
f 3945/3945 3947/3947 3934/3934
f 4101/4101 3896/3896 3875/3875
f 4154/4154 4150/4150 4085/4085
f 3895/3895 3874/3874 3873/3873
f 4152/4152 4154/4154 4114/4114
f 4125/4125 4123/4123 4166/4166
f 4184/4184 4171/4171 4178/4178
f 4165/4165 4120/4120 4143/4143
f 4141/4141 4116/4116 3878/3878
f 4164/4164 4162/4162 4152/4152
f 4157/4157 4137/4137 4135/4135
f 4149/4149 4138/4138 4158/4158
f 4127/4127 4150/4150 4160/4160
f 4164/4164 4145/4145 4153/4153
f 4118/4118 4166/4166 4165/4165
f 4154/4154 4152/4152 4162/4162
f 4118/4118 4117/4117 4168/4168
f 4141/4141 4169/4169 4167/4167
f 4139/4139 4131/4131 4159/4159
f 4184/4184 4185/4185 4172/4172
f 4161/4161 4151/4151 4149/4149
f 4131/4131 4130/4130 4156/4156
f 4133/4133 4159/4159 4156/4156
f 4119/4119 4165/4165 4163/4163
f 4151/4151 4161/4161 4162/4162
f 4154/4154 4161/4161 4160/4160
f 4215/4215 4226/4226 4210/4210
f 4133/4133 4142/4142 4170/4170
f 4174/4174 3964/3964 3963/3963
f 4126/4126 4157/4157 4155/4155
f 4180/4180 4181/4181 3970/3970
f 4112/4112 4091/4091 3954/3954
f 3964/3964 3810/3810 3808/3808
f 3908/3908 3907/3907 3949/3949
f 4139/4139 4141/4141 4110/4110
f 4151/4151 3946/3946 3944/3944
f 4151/4151 4153/4153 4108/4108
f 4166/4166 4123/4123 4120/4120
f 4191/4191 4176/4176 4181/4181
f 4176/4176 3965/3965 3970/3970
f 3982/3982 3984/3984 3973/3973
f 4200/4200 4201/4201 4185/4185
f 4212/4212 4213/4213 4201/4201
f 4200/4200 4184/4184 4193/4193
f 4204/4204 4191/4191 4196/4196
f 4329/4329 4328/4328 4281/4281
f 4286/4286 4240/4240 4238/4238
f 4236/4236 4239/4239 4219/4219
f 4477/4477 4441/4441 4451/4451
f 4317/4317 4318/4318 4312/4312
f 4448/4448 4417/4417 4214/4214
f 4454/4454 4455/4455 4231/4231
f 4390/4390 4392/4392 4385/4385
f 4254/4254 4256/4256 4258/4258
f 4465/4465 4466/4466 4263/4263
f 4272/4272 4274/4274 4275/4275
f 4490/4490 4486/4486 4293/4293
f 4289/4289 4290/4290 4294/4294
f 4257/4257 4255/4255 4301/4301
f 4305/4305 4306/4306 4301/4301
f 4257/4257 4306/4306 4250/4250
f 4264/4264 4266/4266 4253/4253
f 4313/4313 4314/4314 4316/4316
f 4453/4453 4286/4286 4285/4285
f 4328/4328 4329/4329 4331/4331
f 4295/4295 4429/4429 4310/4310
f 4346/4346 4347/4347 4338/4338
f 4339/4339 4342/4342 4344/4344
f 4381/4381 4382/4382 4379/4379
f 4471/4471 4472/4472 4428/4428
f 4359/4359 4363/4363 4350/4350
f 4351/4351 4355/4355 4356/4356
f 4418/4418 4419/4419 4366/4366
f 4283/4283 4282/4282 4267/4267
f 4317/4317 4282/4282 4280/4280
f 4391/4391 4389/4389 4415/4415
f 4311/4311 4309/4309 4299/4299
f 4403/4403 4346/4346 4344/4344
f 4343/4343 4340/4340 4299/4299
f 4351/4351 4350/4350 4367/4367
f 4317/4317 4327/4327 4326/4326
f 4322/4322 4319/4319 4380/4380
f 4474/4474 4431/4431 4428/4428
f 4386/4386 4314/4314 4313/4313
f 4324/4324 4322/4322 4379/4379
f 4372/4372 4315/4315 4387/4387
f 4377/4377 4375/4375 4398/4398
f 4400/4400 4403/4403 4404/4404
f 4383/4383 4402/4402 4401/4401
f 4324/4324 4384/4384 4415/4415
f 4203/4203 4188/4188 4185/4185
f 3985/3985 3974/3974 3973/3973
f 4208/4208 4209/4209 4196/4196
f 4202/4202 4210/4210 4198/4198
f 4223/4223 4224/4224 4209/4209
f 4230/4230 4232/4232 4213/4213
f 4476/4476 4465/4465 4262/4262
f 4240/4240 4222/4222 4220/4220
f 4248/4248 4250/4250 4226/4226
f 4445/4445 4240/4240 4286/4286
f 4251/4251 4228/4228 4226/4226
f 4273/4273 4237/4237 4416/4416
f 4421/4421 4418/4418 4362/4362
f 4323/4323 4313/4313 4312/4312
f 4317/4317 4316/4316 4267/4267
f 4402/4402 4383/4383 4382/4382
f 4407/4407 4409/4409 4399/4399
f 4411/4411 4413/4413 4412/4412
f 3978/3978 3981/3981 3973/3973
f 4186/4186 4199/4199 4182/4182
f 4208/4208 4195/4195 4197/4197
f 4205/4205 4206/4206 4194/4194
f 4218/4218 4219/4219 4206/4206
f 4241/4241 4245/4245 4224/4224
f 4246/4246 4225/4225 4224/4224
f 4233/4233 4214/4214 4213/4213
f 4264/4264 4425/4425 4283/4283
f 4450/4450 4304/4304 4303/4303
f 4330/4330 4278/4278 4299/4299
f 4333/4333 4331/4331 4337/4337
f 4333/4333 4334/4334 4325/4325
f 4357/4357 4435/4435 4434/4434
f 4410/4410 4409/4409 4352/4352
f 4378/4378 4406/4406 4399/4399
f 4396/4396 4394/4394 4423/4423
f 4408/4408 4397/4397 4435/4435
f 4407/4407 4354/4354 4352/4352
f 4400/4400 4399/4399 4409/4409
f 4413/4413 4411/4411 4369/4369
f 4391/4391 4414/4414 4437/4437
f 4426/4426 4285/4285 4283/4283
f 4461/4461 4507/4507 4506/4506
f 4383/4383 4384/4384 4379/4379
f 4323/4323 4388/4388 4385/4385
f 4320/4320 4321/4321 4312/4312
f 4394/4394 4396/4396 4395/4395
f 4320/4320 4318/4318 4326/4326
f 4378/4378 4404/4404 4344/4344
f 4390/4390 4419/4419 4418/4418
f 4397/4397 4398/4398 4395/4395
f 4576/4576 4267/4267 4584/4584
f 4348/4348 4345/4345 4382/4382
f 4372/4372 4395/4395 4398/4398
f 4260/4260 4258/4258 4417/4417
f 4364/4364 4367/4367 4350/4350
f 4383/4383 4412/4412 4415/4415
f 4397/4397 4396/4396 4434/4434
f 4458/4458 4462/4462 4241/4241
f 4386/4386 4385/4385 4392/4392
f 4414/4414 4415/4415 4412/4412
f 4491/4491 4483/4483 4443/4443
f 4365/4365 4437/4437 4436/4436
f 4414/4414 4413/4413 4436/4436
f 4408/4408 4405/4405 4398/4398
f 4477/4477 4460/4460 4438/4438
f 4439/4439 4241/4241 4223/4223
f 4443/4443 4230/4230 4212/4212
f 4479/4479 4451/4451 4430/4430
f 4260/4260 4261/4261 4253/4253
f 4482/4482 4454/4454 4229/4229
f 4463/4463 4243/4243 4242/4242
f 4417/4417 4249/4249 4216/4216
f 4457/4457 4235/4235 4231/4231
f 4469/4469 4424/4424 4265/4265
f 4487/4487 4426/4426 4425/4425
f 4432/4432 4303/4303 4310/4310
f 4581/4581 4308/4308 4586/4586
f 4329/4329 4341/4341 4337/4337
f 4443/4443 4222/4222 4240/4240
f 4269/4269 4307/4307 4301/4301
f 4440/4440 4252/4252 4304/4304
f 4492/4492 4444/4444 4452/4452
f 4393/4393 4392/4392 4418/4418
f 4477/4477 4479/4479 4511/4511
f 4446/4446 4416/4416 4225/4225
f 4274/4274 4272/4272 4239/4239
f 4374/4374 4376/4376 4307/4307
f 4416/4416 4237/4237 4217/4217
f 4287/4287 4272/4272 4270/4270
f 4256/4256 4249/4249 4417/4417
f 4490/4490 4493/4493 4503/4503
f 4439/4439 4227/4227 4252/4252
f 4480/4480 4247/4247 4244/4244
f 4332/4332 4381/4381 4380/4380
f 4493/4493 4447/4447 4247/4247
f 4486/4486 4500/4500 4499/4499
f 4279/4279 4281/4281 4270/4270
f 4485/4485 4471/4471 4296/4296
f 4492/4492 4503/4503 4505/4505
f 4466/4466 4465/4465 4497/4497
f 4501/4501 4488/4488 4469/4469
f 4494/4494 4502/4502 4503/4503
f 4482/4482 4504/4504 4506/4506
f 4509/4509 4457/4457 4455/4455
f 4463/4463 4506/4506 4504/4504
f 4478/4478 4510/4510 4511/4511
f 3095/3095 3085/3085 3082/3082
f 4465/4465 4476/4476 4511/4511
f 3124/3124 3090/3090 3089/3089
f 4494/4494 4452/4452 4427/4427
f 4490/4490 4502/4502 4500/4500
f 4469/4469 4467/4467 4495/4495
f 3090/3090 3091/3091 3083/3083
f 4489/4489 4500/4500 4502/4502
f 4475/4475 4473/4473 4496/4496
f 4475/4475 4497/4497 4511/4511
f 4510/4510 4478/4478 4456/4456
f 4476/4476 4259/4259 4449/4449
f 4490/4490 4291/4291 4447/4447
f 4251/4251 4250/4250 4306/4306
f 4480/4480 4505/4505 4503/4503
f 4295/4295 4298/4298 4288/4288
f 4471/4471 4498/4498 4495/4495
f 4273/4273 4289/4289 4288/4288
f 4478/4478 4449/4449 4234/4234
f 4290/4290 4289/4289 4416/4416
f 4455/4455 4454/4454 4506/4506
f 4459/4459 4509/4509 4507/4507
f 3142/3142 3143/3143 3131/3131
f 4477/4477 4510/4510 4508/4508
f 3249/3249 3250/3250 3093/3093
f 6074/6074 5037/5037 4587/4587
f 5037/5037 6075/6075 5039/5039
f 4587/4587 5039/5039 6076/6076
f 5038/5038 4587/4587 5040/5040
f 6075/6075 5041/5041 4592/4592
f 5041/5041 6078/6078 5042/5042
f 4592/4592 5042/5042 6079/6079
f 5039/5039 4592/4592 5043/5043
f 6078/6078 5044/5044 4597/4597
f 5044/5044 6080/6080 5045/5045
f 4597/4597 5045/5045 6081/6081
f 5042/5042 4597/4597 5046/5046
f 6080/6080 5047/5047 4600/4600
f 5047/5047 6082/6082 5048/5048
f 4600/4600 5048/5048 6083/6083
f 5045/5045 4600/4600 5049/5049
f 6082/6082 5050/5050 4603/4603
f 5050/5050 6084/6084 5051/5051
f 4603/4603 5051/5051 6085/6085
f 5048/5048 4603/4603 5052/5052
f 6084/6084 5053/5053 4606/4606
f 5053/5053 6086/6086 5054/5054
f 4606/4606 5054/5054 6087/6087
f 5051/5051 4606/4606 5055/5055
f 6086/6086 5056/5056 4609/4609
f 5056/5056 6088/6088 5057/5057
f 4609/4609 5057/5057 6089/6089
f 5054/5054 4609/4609 5058/5058
f 6088/6088 5059/5059 4612/4612
f 5059/5059 6090/6090 5060/5060
f 4612/4612 5060/5060 6091/6091
f 5057/5057 4612/4612 5061/5061
f 6090/6090 5062/5062 4615/4615
f 5062/5062 6092/6092 5063/5063
f 4615/4615 5063/5063 6093/6093
f 5060/5060 4615/4615 5064/5064
f 6092/6092 5065/5065 4618/4618
f 5065/5065 6094/6094 5066/5066
f 4618/4618 5066/5066 6095/6095
f 5063/5063 4618/4618 5067/5067
f 6094/6094 5068/5068 4621/4621
f 5068/5068 6096/6096 5069/5069
f 4621/4621 5069/5069 6097/6097
f 5066/5066 4621/4621 5070/5070
f 6096/6096 5071/5071 4624/4624
f 5071/5071 6098/6098 5072/5072
f 4624/4624 5072/5072 6099/6099
f 5069/5069 4624/4624 5073/5073
f 6098/6098 5074/5074 4627/4627
f 5074/5074 6100/6100 5075/5075
f 4627/4627 5075/5075 6101/6101
f 5072/5072 4627/4627 5076/5076
f 6100/6100 5077/5077 4630/4630
f 5077/5077 6102/6102 5078/5078
f 4630/4630 5078/5078 6103/6103
f 5075/5075 4630/4630 5079/5079
f 6102/6102 5080/5080 4633/4633
f 5080/5080 6104/6104 5081/5081
f 4633/4633 5081/5081 6105/6105
f 5078/5078 4633/4633 5082/5082
f 6104/6104 5083/5083 4636/4636
f 5083/5083 6106/6106 5084/5084
f 4636/4636 5084/5084 6107/6107
f 5081/5081 4636/4636 5085/5085
f 6106/6106 5086/5086 4639/4639
f 5086/5086 6108/6108 5087/5087
f 4639/4639 5087/5087 6109/6109
f 5084/5084 4639/4639 5088/5088
f 6108/6108 5089/5089 4642/4642
f 5089/5089 6110/6110 5090/5090
f 4642/4642 5090/5090 6111/6111
f 5087/5087 4642/4642 5091/5091
f 6110/6110 5092/5092 4645/4645
f 5092/5092 6112/6112 5093/5093
f 4645/4645 5093/5093 6113/6113
f 5090/5090 4645/4645 5094/5094
f 6112/6112 5095/5095 4648/4648
f 5095/5095 6114/6114 5096/5096
f 4648/4648 5096/5096 6115/6115
f 5093/5093 4648/4648 5097/5097
f 6114/6114 5098/5098 4651/4651
f 5098/5098 6116/6116 5099/5099
f 4651/4651 5099/5099 6117/6117
f 5096/5096 4651/4651 5100/5100
f 6116/6116 5101/5101 4654/4654
f 5101/5101 6118/6118 5102/5102
f 4654/4654 5102/5102 6119/6119
f 5099/5099 4654/4654 5103/5103
f 6118/6118 5104/5104 4657/4657
f 5104/5104 6120/6120 5105/5105
f 4657/4657 5105/5105 6121/6121
f 5102/5102 4657/4657 5106/5106
f 6120/6120 5107/5107 4660/4660
f 5107/5107 6122/6122 5108/5108
f 4660/4660 5108/5108 6123/6123
f 5105/5105 4660/4660 5109/5109
f 6122/6122 5110/5110 4663/4663
f 5110/5110 6124/6124 5111/5111
f 4663/4663 5111/5111 6125/6125
f 5108/5108 4663/4663 5112/5112
f 6124/6124 5113/5113 4666/4666
f 5113/5113 6126/6126 5114/5114
f 4666/4666 5114/5114 6127/6127
f 5111/5111 4666/4666 5115/5115
f 6126/6126 5116/5116 4669/4669
f 5116/5116 6128/6128 5117/5117
f 4669/4669 5117/5117 6129/6129
f 5114/5114 4669/4669 5118/5118
f 6128/6128 5119/5119 4672/4672
f 5119/5119 6130/6130 5120/5120
f 4672/4672 5120/5120 6131/6131
f 5117/5117 4672/4672 5121/5121
f 6130/6130 5122/5122 4675/4675
f 5122/5122 6132/6132 5123/5123
f 4675/4675 5123/5123 6133/6133
f 5120/5120 4675/4675 5124/5124
f 6132/6132 5125/5125 4588/4588
f 5125/5125 6074/6074 5038/5038
f 4588/4588 5038/5038 6077/6077
f 5123/5123 4588/4588 5126/5126
f 6134/6134 5127/5127 4677/4677
f 5127/5127 6137/6137 5130/5130
f 4677/4677 5130/5130 6138/6138
f 5128/5128 4677/4677 5132/5132
f 6142/6142 5133/5133 4678/4678
f 5133/5133 6144/6144 5137/5137
f 4678/4678 5137/5137 6137/6137
f 5135/5135 4678/4678 5127/5127
f 6146/6146 5139/5139 4684/4684
f 5139/5139 6147/6147 5142/5142
f 4683/4683 5141/5141 6144/6144
f 5140/5140 4684/4684 5134/5134
f 6148/6148 5144/5144 4686/4686
f 5144/5144 6149/6149 5146/5146
f 4686/4686 5146/5146 6147/6147
f 5145/5145 4686/4686 5139/5139
f 6152/6152 5147/5147 4689/4689
f 5147/5147 6154/6154 5151/5151
f 4689/4689 5151/5151 6150/6150
f 5148/5148 4688/4688 5144/5144
f 6156/6156 5152/5152 4691/4691
f 5152/5152 6157/6157 5155/5155
f 4691/4691 5155/5155 6154/6154
f 5154/5154 4691/4691 5147/5147
f 6160/6160 5157/5157 4693/4693
f 5157/5157 6161/6161 5161/5161
f 4693/4693 5161/5161 6157/6157
f 5159/5159 4693/4693 5152/5152
f 6164/6164 5162/5162 4695/4695
f 5162/5162 6165/6165 5166/5166
f 4695/4695 5166/5166 6161/6161
f 5163/5163 4695/4695 5157/5157
f 6168/6168 5167/5167 4697/4697
f 5167/5167 6169/6169 5170/5170
f 4697/4697 5170/5170 6165/6165
f 5168/5168 4697/4697 5162/5162
f 6171/6171 5172/5172 4699/4699
f 5172/5172 6174/6174 5176/5176
f 4699/4699 5176/5176 6169/6169
f 5174/5174 4699/4699 5167/5167
f 6175/6175 5178/5178 4701/4701
f 5178/5178 6176/6176 5180/5180
f 4702/4702 5181/5181 6174/6174
f 5179/5179 4701/4701 5173/5173
f 6177/6177 5182/5182 4704/4704
f 5182/5182 6178/6178 5184/5184
f 4704/4704 5184/5184 6176/6176
f 5183/5183 4704/4704 5178/5178
f 6179/6179 5185/5185 4706/4706
f 5185/5185 6180/6180 5187/5187
f 4706/4706 5187/5187 6178/6178
f 5186/5186 4706/4706 5182/5182
f 6181/6181 5188/5188 4708/4708
f 5189/5189 6182/6182 5191/5191
f 4708/4708 5192/5192 6180/6180
f 5190/5190 4708/4708 5185/5185
f 6184/6184 5194/5194 4711/4711
f 5193/5193 6185/6185 5196/5196
f 4712/4712 5196/5196 6182/6182
f 5195/5195 4711/4711 5188/5188
f 6187/6187 5198/5198 4714/4714
f 5198/5198 6188/6188 5200/5200
f 4714/4714 5200/5200 6186/6186
f 5199/5199 4714/4714 5194/5194
f 6189/6189 5201/5201 4716/4716
f 5201/5201 6190/6190 5203/5203
f 4716/4716 5203/5203 6188/6188
f 5202/5202 4716/4716 5198/5198
f 6191/6191 5204/5204 4718/4718
f 5204/5204 6192/6192 5206/5206
f 4718/4718 5206/5206 6190/6190
f 5205/5205 4718/4718 5201/5201
f 6193/6193 5207/5207 4720/4720
f 5207/5207 6194/6194 5209/5209
f 4720/4720 5209/5209 6192/6192
f 5208/5208 4720/4720 5204/5204
f 6195/6195 5210/5210 4722/4722
f 5210/5210 6196/6196 5212/5212
f 4722/4722 5212/5212 6194/6194
f 5211/5211 4722/4722 5207/5207
f 6197/6197 5213/5213 4724/4724
f 5213/5213 6198/6198 5215/5215
f 4724/4724 5215/5215 6196/6196
f 5214/5214 4724/4724 5210/5210
f 6199/6199 5216/5216 4726/4726
f 5216/5216 6200/6200 5218/5218
f 4726/4726 5218/5218 6198/6198
f 5217/5217 4726/4726 5213/5213
f 6201/6201 5219/5219 4728/4728
f 5219/5219 6202/6202 5221/5221
f 4728/4728 5221/5221 6200/6200
f 5220/5220 4728/4728 5216/5216
f 6203/6203 5222/5222 4730/4730
f 5222/5222 6204/6204 5224/5224
f 4730/4730 5224/5224 6202/6202
f 5223/5223 4730/4730 5219/5219
f 6205/6205 5225/5225 4732/4732
f 5225/5225 6206/6206 5227/5227
f 4732/4732 5227/5227 6204/6204
f 5226/5226 4732/4732 5222/5222
f 6207/6207 5228/5228 4734/4734
f 5228/5228 6208/6208 5230/5230
f 4734/4734 5230/5230 6206/6206
f 5229/5229 4734/4734 5225/5225
f 6209/6209 5231/5231 4736/4736
f 5231/5231 6210/6210 5233/5233
f 4736/4736 5233/5233 6208/6208
f 5232/5232 4736/4736 5228/5228
f 6211/6211 5234/5234 4738/4738
f 5234/5234 6212/6212 5236/5236
f 4738/4738 5236/5236 6210/6210
f 5235/5235 4738/4738 5231/5231
f 6214/6214 5238/5238 4741/4741
f 5237/5237 6216/6216 5240/5240
f 4741/4741 5241/5241 6212/6212
f 5239/5239 4741/4741 5234/5234
f 6141/6141 5132/5132 4682/4682
f 5132/5132 6138/6138 5245/5245
f 4682/4682 5245/5245 6216/6216
f 5242/5242 4682/4682 5237/5237
f 6217/6217 5246/5246 4680/4680
f 5246/5246 6218/6218 5248/5248
f 4680/4680 5248/5248 6139/6139
f 5247/5247 4680/4680 5131/5131
f 6219/6219 5249/5249 4679/4679
f 5249/5249 6217/6217 5247/5247
f 4679/4679 5247/5247 6136/6136
f 5250/5250 4679/4679 5138/5138
f 6220/6220 5251/5251 4685/4685
f 5251/5251 6219/6219 5250/5250
f 4685/4685 5250/5250 6145/6145
f 5252/5252 4685/4685 5142/5142
f 6221/6221 5253/5253 4687/4687
f 5253/5253 6220/6220 5252/5252
f 4687/4687 5252/5252 6147/6147
f 5254/5254 4687/4687 5146/5146
f 6222/6222 5255/5255 4690/4690
f 5255/5255 6221/6221 5254/5254
f 4690/4690 5254/5254 6149/6149
f 5256/5256 4690/4690 5150/5150
f 6223/6223 5257/5257 4692/4692
f 5257/5257 6222/6222 5256/5256
f 4692/4692 5256/5256 6153/6153
f 5258/5258 4692/4692 5156/5156
f 6224/6224 5259/5259 4694/4694
f 5259/5259 6223/6223 5258/5258
f 4694/4694 5258/5258 6158/6158
f 5260/5260 4694/4694 5160/5160
f 6225/6225 5261/5261 4696/4696
f 5261/5261 6224/6224 5260/5260
f 4696/4696 5260/5260 6162/6162
f 5262/5262 4696/4696 5165/5165
f 6226/6226 5263/5263 4698/4698
f 5263/5263 6225/6225 5262/5262
f 4698/4698 5262/5262 6166/6166
f 5264/5264 4698/4698 5171/5171
f 6227/6227 5265/5265 4700/4700
f 5265/5265 6226/6226 5264/5264
f 4700/4700 5264/5264 6170/6170
f 5266/5266 4700/4700 5177/5177
f 6228/6228 5267/5267 4703/4703
f 5267/5267 6227/6227 5266/5266
f 4703/4703 5266/5266 6173/6173
f 5268/5268 4703/4703 5180/5180
f 6229/6229 5269/5269 4705/4705
f 5269/5269 6228/6228 5268/5268
f 4705/4705 5268/5268 6176/6176
f 5270/5270 4705/4705 5184/5184
f 6230/6230 5271/5271 4707/4707
f 5271/5271 6229/6229 5270/5270
f 4707/4707 5270/5270 6178/6178
f 5272/5272 4707/4707 5187/5187
f 6231/6231 5273/5273 4710/4710
f 5273/5273 6230/6230 5272/5272
f 4710/4710 5272/5272 6180/6180
f 5274/5274 4710/4710 5192/5192
f 6232/6232 5275/5275 4713/4713
f 5275/5275 6231/6231 5274/5274
f 4713/4713 5274/5274 6183/6183
f 5276/5276 4713/4713 5197/5197
f 6233/6233 5277/5277 4715/4715
f 5277/5277 6232/6232 5276/5276
f 4715/4715 5276/5276 6186/6186
f 5278/5278 4715/4715 5200/5200
f 6234/6234 5279/5279 4717/4717
f 5279/5279 6233/6233 5278/5278
f 4717/4717 5278/5278 6188/6188
f 5280/5280 4717/4717 5203/5203
f 6235/6235 5281/5281 4719/4719
f 5281/5281 6234/6234 5280/5280
f 4719/4719 5280/5280 6190/6190
f 5282/5282 4719/4719 5206/5206
f 6236/6236 5283/5283 4721/4721
f 5283/5283 6235/6235 5282/5282
f 4721/4721 5282/5282 6192/6192
f 5284/5284 4721/4721 5209/5209
f 6237/6237 5285/5285 4723/4723
f 5285/5285 6236/6236 5284/5284
f 4723/4723 5284/5284 6194/6194
f 5286/5286 4723/4723 5212/5212
f 6238/6238 5287/5287 4725/4725
f 5287/5287 6237/6237 5286/5286
f 4725/4725 5286/5286 6196/6196
f 5288/5288 4725/4725 5215/5215
f 6239/6239 5289/5289 4727/4727
f 5289/5289 6238/6238 5288/5288
f 4727/4727 5288/5288 6198/6198
f 5290/5290 4727/4727 5218/5218
f 6240/6240 5291/5291 4729/4729
f 5291/5291 6239/6239 5290/5290
f 4729/4729 5290/5290 6200/6200
f 5292/5292 4729/4729 5221/5221
f 6241/6241 5293/5293 4731/4731
f 5293/5293 6240/6240 5292/5292
f 4731/4731 5292/5292 6202/6202
f 5294/5294 4731/4731 5224/5224
f 6242/6242 5295/5295 4733/4733
f 5295/5295 6241/6241 5294/5294
f 4733/4733 5294/5294 6204/6204
f 5296/5296 4733/4733 5227/5227
f 6243/6243 5297/5297 4735/4735
f 5297/5297 6242/6242 5296/5296
f 4735/4735 5296/5296 6206/6206
f 5298/5298 4735/4735 5230/5230
f 6244/6244 5299/5299 4737/4737
f 5299/5299 6243/6243 5298/5298
f 4737/4737 5298/5298 6208/6208
f 5300/5300 4737/4737 5233/5233
f 6245/6245 5301/5301 4739/4739
f 5301/5301 6244/6244 5300/5300
f 4739/4739 5300/5300 6210/6210
f 5302/5302 4739/4739 5236/5236
f 6246/6246 5303/5303 4742/4742
f 5303/5303 6245/6245 5302/5302
f 4742/4742 5302/5302 6212/6212
f 5304/5304 4742/4742 5241/5241
f 6218/6218 5305/5305 4681/4681
f 5305/5305 6246/6246 5304/5304
f 4681/4681 5304/5304 6215/6215
f 5248/5248 4681/4681 5244/5244
f 6076/6076 5306/5306 4594/4594
f 5306/5306 6135/6135 5129/5129
f 4594/4594 5129/5129 6140/6140
f 5040/5040 4594/4594 5307/5307
f 6079/6079 5308/5308 4593/4593
f 5308/5308 6143/6143 5136/5136
f 4593/4593 5136/5136 6135/6135
f 5043/5043 4593/4593 5306/5306
f 6081/6081 5309/5309 4598/4598
f 5309/5309 6146/6146 5140/5140
f 4598/4598 5140/5140 6143/6143
f 5046/5046 4598/4598 5308/5308
f 6083/6083 5310/5310 4601/4601
f 5310/5310 6148/6148 5145/5145
f 4601/4601 5145/5145 6146/6146
f 5049/5049 4601/4601 5309/5309
f 6085/6085 5311/5311 4604/4604
f 5311/5311 6151/6151 5148/5148
f 4604/4604 5148/5148 6148/6148
f 5052/5052 4604/4604 5310/5310
f 6087/6087 5312/5312 4607/4607
f 5312/5312 6155/6155 5153/5153
f 4607/4607 5153/5153 6151/6151
f 5055/5055 4607/4607 5311/5311
f 6089/6089 5313/5313 4610/4610
f 5313/5313 6159/6159 5158/5158
f 4610/4610 5158/5158 6155/6155
f 5058/5058 4610/4610 5312/5312
f 6091/6091 5314/5314 4613/4613
f 5314/5314 6163/6163 5164/5164
f 4613/4613 5164/5164 6159/6159
f 5061/5061 4613/4613 5313/5313
f 6093/6093 5315/5315 4616/4616
f 5315/5315 6167/6167 5169/5169
f 4616/4616 5169/5169 6163/6163
f 5064/5064 4616/4616 5314/5314
f 6095/6095 5316/5316 4619/4619
f 5316/5316 6172/6172 5175/5175
f 4619/4619 5175/5175 6167/6167
f 5067/5067 4619/4619 5315/5315
f 6097/6097 5317/5317 4622/4622
f 5317/5317 6175/6175 5179/5179
f 4622/4622 5179/5179 6172/6172
f 5070/5070 4622/4622 5316/5316
f 6099/6099 5318/5318 4625/4625
f 5318/5318 6177/6177 5183/5183
f 4625/4625 5183/5183 6175/6175
f 5073/5073 4625/4625 5317/5317
f 6101/6101 5319/5319 4628/4628
f 5319/5319 6179/6179 5186/5186
f 4628/4628 5186/5186 6177/6177
f 5076/5076 4628/4628 5318/5318
f 6103/6103 5320/5320 4631/4631
f 5320/5320 6181/6181 5190/5190
f 4631/4631 5190/5190 6179/6179
f 5079/5079 4631/4631 5319/5319
f 6105/6105 5321/5321 4634/4634
f 5321/5321 6184/6184 5195/5195
f 4634/4634 5195/5195 6181/6181
f 5082/5082 4634/4634 5320/5320
f 6107/6107 5322/5322 4637/4637
f 5322/5322 6187/6187 5199/5199
f 4637/4637 5199/5199 6184/6184
f 5085/5085 4637/4637 5321/5321
f 6109/6109 5323/5323 4640/4640
f 5323/5323 6189/6189 5202/5202
f 4640/4640 5202/5202 6187/6187
f 5088/5088 4640/4640 5322/5322
f 6111/6111 5324/5324 4643/4643
f 5324/5324 6191/6191 5205/5205
f 4643/4643 5205/5205 6189/6189
f 5091/5091 4643/4643 5323/5323
f 6113/6113 5325/5325 4646/4646
f 5325/5325 6193/6193 5208/5208
f 4646/4646 5208/5208 6191/6191
f 5094/5094 4646/4646 5324/5324
f 6115/6115 5326/5326 4649/4649
f 5326/5326 6195/6195 5211/5211
f 4649/4649 5211/5211 6193/6193
f 5097/5097 4649/4649 5325/5325
f 6117/6117 5327/5327 4652/4652
f 5327/5327 6197/6197 5214/5214
f 4652/4652 5214/5214 6195/6195
f 5100/5100 4652/4652 5326/5326
f 6119/6119 5328/5328 4655/4655
f 5328/5328 6199/6199 5217/5217
f 4655/4655 5217/5217 6197/6197
f 5103/5103 4655/4655 5327/5327
f 6121/6121 5329/5329 4658/4658
f 5329/5329 6201/6201 5220/5220
f 4658/4658 5220/5220 6199/6199
f 5106/5106 4658/4658 5328/5328
f 6123/6123 5330/5330 4661/4661
f 5330/5330 6203/6203 5223/5223
f 4661/4661 5223/5223 6201/6201
f 5109/5109 4661/4661 5329/5329
f 6125/6125 5331/5331 4664/4664
f 5331/5331 6205/6205 5226/5226
f 4664/4664 5226/5226 6203/6203
f 5112/5112 4664/4664 5330/5330
f 6127/6127 5332/5332 4667/4667
f 5332/5332 6207/6207 5229/5229
f 4667/4667 5229/5229 6205/6205
f 5115/5115 4667/4667 5331/5331
f 6129/6129 5333/5333 4670/4670
f 5333/5333 6209/6209 5232/5232
f 4670/4670 5232/5232 6207/6207
f 5118/5118 4670/4670 5332/5332
f 6131/6131 5334/5334 4673/4673
f 5334/5334 6211/6211 5235/5235
f 4673/4673 5235/5235 6209/6209
f 5121/5121 4673/4673 5333/5333
f 6133/6133 5335/5335 4676/4676
f 5335/5335 6214/6214 5239/5239
f 4676/4676 5239/5239 6211/6211
f 5124/5124 4676/4676 5334/5334
f 6077/6077 5307/5307 4595/4595
f 5307/5307 6140/6140 5243/5243
f 4595/4595 5243/5243 6214/6214
f 5126/5126 4595/4595 5335/5335
f 6247/6247 5336/5336 4787/4787
f 5336/5336 6248/6248 5338/5338
f 4787/4787 5338/5338 6249/6249
f 5337/5337 4787/4787 5339/5339
f 6250/6250 5339/5339 4794/4794
f 5339/5339 6249/6249 5341/5341
f 4794/4794 5341/5341 6251/6251
f 5340/5340 4794/4794 5342/5342
f 6252/6252 5342/5342 4797/4797
f 5342/5342 6251/6251 5344/5344
f 4797/4797 5344/5344 6253/6253
f 5343/5343 4797/4797 5345/5345
f 6254/6254 5345/5345 4800/4800
f 5345/5345 6253/6253 5347/5347
f 4800/4800 5347/5347 6255/6255
f 5346/5346 4800/4800 5348/5348
f 6256/6256 5348/5348 4803/4803
f 5348/5348 6255/6255 5350/5350
f 4803/4803 5350/5350 6257/6257
f 5349/5349 4803/4803 5351/5351
f 6258/6258 5351/5351 4806/4806
f 5351/5351 6257/6257 5353/5353
f 4806/4806 5353/5353 6259/6259
f 5352/5352 4806/4806 5354/5354
f 6260/6260 5354/5354 4809/4809
f 5354/5354 6259/6259 5356/5356
f 4809/4809 5356/5356 6261/6261
f 5355/5355 4809/4809 5357/5357
f 6262/6262 5357/5357 4812/4812
f 5357/5357 6261/6261 5359/5359
f 4812/4812 5359/5359 6263/6263
f 5358/5358 4812/4812 5360/5360
f 6264/6264 5360/5360 4815/4815
f 5360/5360 6263/6263 5362/5362
f 4815/4815 5362/5362 6265/6265
f 5361/5361 4815/4815 5363/5363
f 6266/6266 5363/5363 4818/4818
f 5363/5363 6265/6265 5365/5365
f 4818/4818 5365/5365 6267/6267
f 5364/5364 4818/4818 5366/5366
f 6268/6268 5366/5366 4821/4821
f 5366/5366 6267/6267 5368/5368
f 4821/4821 5368/5368 6269/6269
f 5367/5367 4821/4821 5369/5369
f 6270/6270 5369/5369 4824/4824
f 5369/5369 6269/6269 5371/5371
f 4824/4824 5371/5371 6271/6271
f 5370/5370 4824/4824 5372/5372
f 6272/6272 5372/5372 4827/4827
f 5372/5372 6271/6271 5374/5374
f 4827/4827 5374/5374 6273/6273
f 5373/5373 4827/4827 5375/5375
f 6274/6274 5375/5375 4830/4830
f 5375/5375 6273/6273 5377/5377
f 4830/4830 5377/5377 6275/6275
f 5376/5376 4830/4830 5378/5378
f 6276/6276 5378/5378 4833/4833
f 5378/5378 6275/6275 5380/5380
f 4833/4833 5380/5380 6277/6277
f 5379/5379 4833/4833 5381/5381
f 6278/6278 5381/5381 4836/4836
f 5381/5381 6277/6277 5383/5383
f 4836/4836 5383/5383 6279/6279
f 5382/5382 4836/4836 5384/5384
f 6280/6280 5384/5384 4839/4839
f 5384/5384 6279/6279 5386/5386
f 4839/4839 5386/5386 6281/6281
f 5385/5385 4839/4839 5387/5387
f 6282/6282 5387/5387 4842/4842
f 5387/5387 6281/6281 5389/5389
f 4842/4842 5389/5389 6283/6283
f 5388/5388 4842/4842 5390/5390
f 6284/6284 5390/5390 4845/4845
f 5390/5390 6283/6283 5392/5392
f 4845/4845 5392/5392 6285/6285
f 5391/5391 4845/4845 5393/5393
f 6286/6286 5393/5393 4848/4848
f 5393/5393 6285/6285 5395/5395
f 4848/4848 5395/5395 6287/6287
f 5394/5394 4848/4848 5396/5396
f 6288/6288 5396/5396 4851/4851
f 5396/5396 6287/6287 5398/5398
f 4851/4851 5398/5398 6289/6289
f 5397/5397 4851/4851 5399/5399
f 6290/6290 5399/5399 4854/4854
f 5399/5399 6289/6289 5401/5401
f 4854/4854 5401/5401 6291/6291
f 5400/5400 4854/4854 5402/5402
f 6292/6292 5402/5402 4857/4857
f 5402/5402 6291/6291 5404/5404
f 4857/4857 5404/5404 6293/6293
f 5403/5403 4857/4857 5405/5405
f 6294/6294 5405/5405 4860/4860
f 5405/5405 6293/6293 5407/5407
f 4860/4860 5407/5407 6295/6295
f 5406/5406 4860/4860 5408/5408
f 6296/6296 5408/5408 4863/4863
f 5408/5408 6295/6295 5410/5410
f 4863/4863 5410/5410 6297/6297
f 5409/5409 4863/4863 5411/5411
f 6298/6298 5411/5411 4866/4866
f 5411/5411 6297/6297 5413/5413
f 4866/4866 5413/5413 6299/6299
f 5412/5412 4866/4866 5414/5414
f 6300/6300 5414/5414 4869/4869
f 5414/5414 6299/6299 5416/5416
f 4869/4869 5416/5416 6301/6301
f 5415/5415 4869/4869 5417/5417
f 6302/6302 5417/5417 4872/4872
f 5417/5417 6301/6301 5419/5419
f 4872/4872 5419/5419 6303/6303
f 5418/5418 4872/4872 5420/5420
f 6304/6304 5420/5420 4875/4875
f 5420/5420 6303/6303 5422/5422
f 4875/4875 5422/5422 6305/6305
f 5421/5421 4875/4875 5423/5423
f 6306/6306 5423/5423 4790/4790
f 5423/5423 6305/6305 5425/5425
f 4790/4790 5425/5425 6248/6248
f 5424/5424 4790/4790 5336/5336
f 6308/6308 5427/5427 4877/4877
f 5427/5427 6310/6310 5429/5429
f 4877/4877 5429/5429 6312/6312
f 5428/5428 4877/4877 5430/5430
f 6310/6310 5432/5432 4882/4882
f 5432/5432 6316/6316 5434/5434
f 4882/4882 5434/5434 6317/6317
f 5429/5429 4882/4882 5436/5436
f 6316/6316 5439/5439 4884/4884
f 5438/5438 6319/6319 5440/5440
f 4885/4885 5440/5440 6320/6320
f 5435/5435 4885/4885 5441/5441
f 6319/6319 5442/5442 4888/4888
f 5443/5443 6322/6322 5445/5445
f 4888/4888 5444/5444 6324/6324
f 5440/5440 4888/4888 5446/5446
f 6322/6322 5448/5448 4890/4890
f 5448/5448 6325/6325 5449/5449
f 4890/4890 5449/5449 6328/6328
f 5445/5445 4890/4890 5450/5450
f 6325/6325 5453/5453 4892/4892
f 5453/5453 6329/6329 5454/5454
f 4892/4892 5454/5454 6332/6332
f 5449/5449 4892/4892 5456/5456
f 6329/6329 5458/5458 4894/4894
f 5458/5458 6333/6333 5459/5459
f 4894/4894 5459/5459 6336/6336
f 5454/5454 4894/4894 5461/5461
f 6333/6333 5462/5462 4896/4896
f 5462/5462 6337/6337 5464/5464
f 4896/4896 5464/5464 6339/6339
f 5459/5459 4896/4896 5465/5465
f 6337/6337 5467/5467 4898/4898
f 5467/5467 6341/6341 5469/5469
f 4898/4898 5469/5469 6343/6343
f 5464/5464 4898/4898 5470/5470
f 6341/6341 5472/5472 4900/4900
f 5472/5472 6346/6346 5474/5474
f 4900/4900 5474/5474 6347/6347
f 5469/5469 4900/4900 5475/5475
f 6346/6346 5477/5477 4902/4902
f 5477/5477 6349/6349 5479/5479
f 4902/4902 5479/5479 6352/6352
f 5474/5474 4902/4902 5482/5482
f 6350/6350 5483/5483 4904/4904
f 5483/5483 6353/6353 5484/5484
f 4904/4904 5484/5484 6354/6354
f 5480/5480 4904/4904 5485/5485
f 6353/6353 5486/5486 4906/4906
f 5486/5486 6355/6355 5487/5487
f 4906/4906 5487/5487 6356/6356
f 5484/5484 4906/4906 5488/5488
f 6355/6355 5489/5489 4908/4908
f 5489/5489 6357/6357 5490/5490
f 4908/4908 5490/5490 6359/6359
f 5487/5487 4908/4908 5492/5492
f 6358/6358 5494/5494 4911/4911
f 5494/5494 6360/6360 5495/5495
f 4910/4910 5496/5496 6362/6362
f 5490/5490 4910/4910 5497/5497
f 6361/6361 5498/5498 4913/4913
f 5498/5498 6363/6363 5499/5499
f 4913/4913 5499/5499 6364/6364
f 5496/5496 4913/4913 5500/5500
f 6363/6363 5501/5501 4915/4915
f 5501/5501 6365/6365 5502/5502
f 4915/4915 5502/5502 6366/6366
f 5499/5499 4915/4915 5503/5503
f 6365/6365 5504/5504 4917/4917
f 5504/5504 6367/6367 5505/5505
f 4917/4917 5505/5505 6368/6368
f 5502/5502 4917/4917 5506/5506
f 6367/6367 5507/5507 4919/4919
f 5507/5507 6369/6369 5508/5508
f 4919/4919 5508/5508 6370/6370
f 5505/5505 4919/4919 5509/5509
f 6369/6369 5510/5510 4921/4921
f 5510/5510 6371/6371 5511/5511
f 4921/4921 5511/5511 6372/6372
f 5508/5508 4921/4921 5512/5512
f 6371/6371 5513/5513 4923/4923
f 5513/5513 6373/6373 5514/5514
f 4923/4923 5514/5514 6374/6374
f 5511/5511 4923/4923 5515/5515
f 6373/6373 5516/5516 4925/4925
f 5516/5516 6375/6375 5517/5517
f 4925/4925 5517/5517 6376/6376
f 5514/5514 4925/4925 5518/5518
f 6375/6375 5519/5519 4927/4927
f 5519/5519 6377/6377 5520/5520
f 4927/4927 5520/5520 6378/6378
f 5517/5517 4927/4927 5521/5521
f 6377/6377 5522/5522 4929/4929
f 5522/5522 6379/6379 5523/5523
f 4929/4929 5523/5523 6380/6380
f 5520/5520 4929/4929 5524/5524
f 6379/6379 5525/5525 4931/4931
f 5525/5525 6381/6381 5526/5526
f 4931/4931 5526/5526 6382/6382
f 5523/5523 4931/4931 5527/5527
f 6381/6381 5528/5528 4933/4933
f 5528/5528 6383/6383 5529/5529
f 4933/4933 5529/5529 6384/6384
f 5526/5526 4933/4933 5530/5530
f 6383/6383 5531/5531 4935/4935
f 5531/5531 6385/6385 5532/5532
f 4935/4935 5532/5532 6386/6386
f 5529/5529 4935/4935 5533/5533
f 6385/6385 5534/5534 4937/4937
f 5534/5534 6388/6388 5535/5535
f 4937/4937 5535/5535 6389/6389
f 5532/5532 4937/4937 5537/5537
f 6387/6387 5538/5538 4940/4940
f 5538/5538 6390/6390 5540/5540
f 4940/4940 5540/5540 6393/6393
f 5535/5535 4939/4939 5541/5541
f 6390/6390 5543/5543 4878/4878
f 5543/5543 6308/6308 5428/5428
f 4878/4878 5428/5428 6314/6314
f 5540/5540 4878/4878 5545/5545
f 6307/6307 5547/5547 4880/4880
f 5547/5547 6394/6394 5548/5548
f 4880/4880 5548/5548 6395/6395
f 5426/5426 4880/4880 5549/5549
f 6309/6309 5549/5549 4881/4881
f 5549/5549 6395/6395 5550/5550
f 4881/4881 5550/5550 6396/6396
f 5433/5433 4881/4881 5551/5551
f 6315/6315 5551/5551 4883/4883
f 5551/5551 6396/6396 5552/5552
f 4883/4883 5552/5552 6397/6397
f 5438/5438 4883/4883 5553/5553
f 6319/6319 5553/5553 4886/4886
f 5553/5553 6397/6397 5554/5554
f 4886/4886 5554/5554 6398/6398
f 5442/5442 4886/4886 5555/5555
f 6321/6321 5555/5555 4889/4889
f 5555/5555 6398/6398 5556/5556
f 4889/4889 5556/5556 6399/6399
f 5447/5447 4889/4889 5557/5557
f 6326/6326 5557/5557 4891/4891
f 5557/5557 6399/6399 5558/5558
f 4891/4891 5558/5558 6400/6400
f 5452/5452 4891/4891 5559/5559
f 6330/6330 5559/5559 4893/4893
f 5559/5559 6400/6400 5560/5560
f 4893/4893 5560/5560 6401/6401
f 5457/5457 4893/4893 5561/5561
f 6334/6334 5561/5561 4895/4895
f 5561/5561 6401/6401 5562/5562
f 4895/4895 5562/5562 6402/6402
f 5463/5463 4895/4895 5563/5563
f 6338/6338 5563/5563 4897/4897
f 5563/5563 6402/6402 5564/5564
f 4897/4897 5564/5564 6403/6403
f 5468/5468 4897/4897 5565/5565
f 6342/6342 5565/5565 4899/4899
f 5565/5565 6403/6403 5566/5566
f 4899/4899 5566/5566 6404/6404
f 5473/5473 4899/4899 5567/5567
f 6345/6345 5567/5567 4901/4901
f 5567/5567 6404/6404 5568/5568
f 4901/4901 5568/5568 6405/6405
f 5478/5478 4901/4901 5569/5569
f 6350/6350 5569/5569 4903/4903
f 5569/5569 6405/6405 5570/5570
f 4903/4903 5570/5570 6406/6406
f 5483/5483 4903/4903 5571/5571
f 6353/6353 5571/5571 4905/4905
f 5571/5571 6406/6406 5572/5572
f 4905/4905 5572/5572 6407/6407
f 5486/5486 4905/4905 5573/5573
f 6355/6355 5573/5573 4907/4907
f 5573/5573 6407/6407 5574/5574
f 4907/4907 5574/5574 6408/6408
f 5489/5489 4907/4907 5575/5575
f 6357/6357 5575/5575 4909/4909
f 5575/5575 6408/6408 5576/5576
f 4909/4909 5576/5576 6409/6409
f 5493/5493 4909/4909 5577/5577
f 6361/6361 5577/5577 4912/4912
f 5577/5577 6409/6409 5578/5578
f 4912/4912 5578/5578 6410/6410
f 5498/5498 4912/4912 5579/5579
f 6363/6363 5579/5579 4914/4914
f 5579/5579 6410/6410 5580/5580
f 4914/4914 5580/5580 6411/6411
f 5501/5501 4914/4914 5581/5581
f 6365/6365 5581/5581 4916/4916
f 5581/5581 6411/6411 5582/5582
f 4916/4916 5582/5582 6412/6412
f 5504/5504 4916/4916 5583/5583
f 6367/6367 5583/5583 4918/4918
f 5583/5583 6412/6412 5584/5584
f 4918/4918 5584/5584 6413/6413
f 5507/5507 4918/4918 5585/5585
f 6369/6369 5585/5585 4920/4920
f 5585/5585 6413/6413 5586/5586
f 4920/4920 5586/5586 6414/6414
f 5510/5510 4920/4920 5587/5587
f 6371/6371 5587/5587 4922/4922
f 5587/5587 6414/6414 5588/5588
f 4922/4922 5588/5588 6415/6415
f 5513/5513 4922/4922 5589/5589
f 6373/6373 5589/5589 4924/4924
f 5589/5589 6415/6415 5590/5590
f 4924/4924 5590/5590 6416/6416
f 5516/5516 4924/4924 5591/5591
f 6375/6375 5591/5591 4926/4926
f 5591/5591 6416/6416 5592/5592
f 4926/4926 5592/5592 6417/6417
f 5519/5519 4926/4926 5593/5593
f 6377/6377 5593/5593 4928/4928
f 5593/5593 6417/6417 5594/5594
f 4928/4928 5594/5594 6418/6418
f 5522/5522 4928/4928 5595/5595
f 6379/6379 5595/5595 4930/4930
f 5595/5595 6418/6418 5596/5596
f 4930/4930 5596/5596 6419/6419
f 5525/5525 4930/4930 5597/5597
f 6381/6381 5597/5597 4932/4932
f 5597/5597 6419/6419 5598/5598
f 4932/4932 5598/5598 6420/6420
f 5528/5528 4932/4932 5599/5599
f 6383/6383 5599/5599 4934/4934
f 5599/5599 6420/6420 5600/5600
f 4934/4934 5600/5600 6421/6421
f 5531/5531 4934/4934 5601/5601
f 6385/6385 5601/5601 4936/4936
f 5601/5601 6421/6421 5602/5602
f 4936/4936 5602/5602 6422/6422
f 5534/5534 4936/4936 5603/5603
f 6388/6388 5603/5603 4938/4938
f 5603/5603 6422/6422 5604/5604
f 4938/4938 5604/5604 6423/6423
f 5539/5539 4938/4938 5605/5605
f 6391/6391 5605/5605 4879/4879
f 5605/5605 6423/6423 5606/5606
f 4879/4879 5606/5606 6394/6394
f 5544/5544 4879/4879 5547/5547
f 6249/6249 5338/5338 4792/4792
f 5338/5338 6248/6248 5608/5608
f 4792/4792 5608/5608 6313/6313
f 5607/5607 4792/4792 5431/5431
f 6251/6251 5341/5341 4793/4793
f 5341/5341 6249/6249 5607/5607
f 4793/4793 5607/5607 6311/6311
f 5609/5609 4793/4793 5437/5437
f 6253/6253 5344/5344 4796/4796
f 5344/5344 6251/6251 5609/5609
f 4796/4796 5609/5609 6318/6318
f 5610/5610 4796/4796 5441/5441
f 6255/6255 5347/5347 4799/4799
f 5347/5347 6253/6253 5610/5610
f 4799/4799 5610/5610 6320/6320
f 5611/5611 4799/4799 5446/5446
f 6257/6257 5350/5350 4802/4802
f 5350/5350 6255/6255 5611/5611
f 4802/4802 5611/5611 6324/6324
f 5612/5612 4802/4802 5451/5451
f 6259/6259 5353/5353 4805/4805
f 5353/5353 6257/6257 5612/5612
f 4805/4805 5612/5612 6327/6327
f 5613/5613 4805/4805 5455/5455
f 6261/6261 5356/5356 4808/4808
f 5356/5356 6259/6259 5613/5613
f 4808/4808 5613/5613 6331/6331
f 5614/5614 4808/4808 5460/5460
f 6263/6263 5359/5359 4811/4811
f 5359/5359 6261/6261 5614/5614
f 4811/4811 5614/5614 6335/6335
f 5615/5615 4811/4811 5466/5466
f 6265/6265 5362/5362 4814/4814
f 5362/5362 6263/6263 5615/5615
f 4814/4814 5615/5615 6340/6340
f 5616/5616 4814/4814 5471/5471
f 6267/6267 5365/5365 4817/4817
f 5365/5365 6265/6265 5616/5616
f 4817/4817 5616/5616 6344/6344
f 5617/5617 4817/4817 5476/5476
f 6269/6269 5368/5368 4820/4820
f 5368/5368 6267/6267 5617/5617
f 4820/4820 5617/5617 6348/6348
f 5618/5618 4820/4820 5481/5481
f 6271/6271 5371/5371 4823/4823
f 5371/5371 6269/6269 5618/5618
f 4823/4823 5618/5618 6351/6351
f 5619/5619 4823/4823 5485/5485
f 6273/6273 5374/5374 4826/4826
f 5374/5374 6271/6271 5619/5619
f 4826/4826 5619/5619 6354/6354
f 5620/5620 4826/4826 5488/5488
f 6275/6275 5377/5377 4829/4829
f 5377/5377 6273/6273 5620/5620
f 4829/4829 5620/5620 6356/6356
f 5621/5621 4829/4829 5492/5492
f 6277/6277 5380/5380 4832/4832
f 5380/5380 6275/6275 5621/5621
f 4832/4832 5621/5621 6359/6359
f 5622/5622 4832/4832 5497/5497
f 6279/6279 5383/5383 4835/4835
f 5383/5383 6277/6277 5622/5622
f 4835/4835 5622/5622 6362/6362
f 5623/5623 4835/4835 5500/5500
f 6281/6281 5386/5386 4838/4838
f 5386/5386 6279/6279 5623/5623
f 4838/4838 5623/5623 6364/6364
f 5624/5624 4838/4838 5503/5503
f 6283/6283 5389/5389 4841/4841
f 5389/5389 6281/6281 5624/5624
f 4841/4841 5624/5624 6366/6366
f 5625/5625 4841/4841 5506/5506
f 6285/6285 5392/5392 4844/4844
f 5392/5392 6283/6283 5625/5625
f 4844/4844 5625/5625 6368/6368
f 5626/5626 4844/4844 5509/5509
f 6287/6287 5395/5395 4847/4847
f 5395/5395 6285/6285 5626/5626
f 4847/4847 5626/5626 6370/6370
f 5627/5627 4847/4847 5512/5512
f 6289/6289 5398/5398 4850/4850
f 5398/5398 6287/6287 5627/5627
f 4850/4850 5627/5627 6372/6372
f 5628/5628 4850/4850 5515/5515
f 6291/6291 5401/5401 4853/4853
f 5401/5401 6289/6289 5628/5628
f 4853/4853 5628/5628 6374/6374
f 5629/5629 4853/4853 5518/5518
f 6293/6293 5404/5404 4856/4856
f 5404/5404 6291/6291 5629/5629
f 4856/4856 5629/5629 6376/6376
f 5630/5630 4856/4856 5521/5521
f 6295/6295 5407/5407 4859/4859
f 5407/5407 6293/6293 5630/5630
f 4859/4859 5630/5630 6378/6378
f 5631/5631 4859/4859 5524/5524
f 6297/6297 5410/5410 4862/4862
f 5410/5410 6295/6295 5631/5631
f 4862/4862 5631/5631 6380/6380
f 5632/5632 4862/4862 5527/5527
f 6299/6299 5413/5413 4865/4865
f 5413/5413 6297/6297 5632/5632
f 4865/4865 5632/5632 6382/6382
f 5633/5633 4865/4865 5530/5530
f 6301/6301 5416/5416 4868/4868
f 5416/5416 6299/6299 5633/5633
f 4868/4868 5633/5633 6384/6384
f 5634/5634 4868/4868 5533/5533
f 6303/6303 5419/5419 4871/4871
f 5419/5419 6301/6301 5634/5634
f 4871/4871 5634/5634 6386/6386
f 5635/5635 4871/4871 5537/5537
f 6305/6305 5422/5422 4874/4874
f 5422/5422 6303/6303 5635/5635
f 4874/4874 5635/5635 6389/6389
f 5636/5636 4874/4874 5541/5541
f 6248/6248 5425/5425 4791/4791
f 5425/5425 6305/6305 5636/5636
f 4791/4791 5636/5636 6392/6392
f 5608/5608 4791/4791 5546/5546
f 6074/6074 5637/5637 4590/4590
f 5637/5637 6425/6425 5638/5638
f 4590/4590 5638/5638 6426/6426
f 5037/5037 4590/4590 5640/5640
f 6075/6075 5640/5640 4591/4591
f 5640/5640 6426/6426 5642/5642
f 4591/4591 5642/5642 6428/6428
f 5041/5041 4591/4591 5643/5643
f 6078/6078 5643/5643 4596/4596
f 5643/5643 6428/6428 5645/5645
f 4596/4596 5645/5645 6431/6431
f 5044/5044 4596/4596 5646/5646
f 6080/6080 5646/5646 4599/4599
f 5646/5646 6431/6431 5648/5648
f 4599/4599 5648/5648 6434/6434
f 5047/5047 4599/4599 5649/5649
f 6082/6082 5649/5649 4602/4602
f 5649/5649 6434/6434 5650/5650
f 4602/4602 5650/5650 6435/6435
f 5050/5050 4602/4602 5652/5652
f 6084/6084 5652/5652 4605/4605
f 5652/5652 6435/6435 5653/5653
f 4605/4605 5653/5653 6438/6438
f 5053/5053 4605/4605 5655/5655
f 6086/6086 5655/5655 4608/4608
f 5655/5655 6438/6438 5657/5657
f 4608/4608 5657/5657 6439/6439
f 5056/5056 4608/4608 5658/5658
f 6088/6088 5658/5658 4611/4611
f 5658/5658 6439/6439 5660/5660
f 4611/4611 5660/5660 6441/6441
f 5059/5059 4611/4611 5661/5661
f 6090/6090 5661/5661 4614/4614
f 5661/5661 6441/6441 5662/5662
f 4614/4614 5662/5662 6443/6443
f 5062/5062 4614/4614 5664/5664
f 6092/6092 5664/5664 4617/4617
f 5664/5664 6443/6443 5665/5665
f 4617/4617 5665/5665 6445/6445
f 5065/5065 4617/4617 5667/5667
f 6094/6094 5667/5667 4620/4620
f 5667/5667 6445/6445 5669/5669
f 4620/4620 5669/5669 6449/6449
f 5068/5068 4620/4620 5670/5670
f 6096/6096 5670/5670 4623/4623
f 5670/5670 6449/6449 5672/5672
f 4623/4623 5672/5672 6450/6450
f 5071/5071 4623/4623 5673/5673
f 6098/6098 5673/5673 4626/4626
f 5673/5673 6450/6450 5674/5674
f 4626/4626 5674/5674 6452/6452
f 5074/5074 4626/4626 5676/5676
f 6100/6100 5676/5676 4629/4629
f 5676/5676 6452/6452 5677/5677
f 4629/4629 5677/5677 6454/6454
f 5077/5077 4629/4629 5679/5679
f 6102/6102 5679/5679 4632/4632
f 5679/5679 6454/6454 5681/5681
f 4632/4632 5681/5681 6456/6456
f 5080/5080 4632/4632 5682/5682
f 6104/6104 5682/5682 4635/4635
f 5682/5682 6456/6456 5683/5683
f 4635/4635 5683/5683 6459/6459
f 5083/5083 4635/4635 5685/5685
f 6106/6106 5685/5685 4638/4638
f 5685/5685 6459/6459 5686/5686
f 4638/4638 5686/5686 6461/6461
f 5086/5086 4638/4638 5688/5688
f 6108/6108 5688/5688 4641/4641
f 5688/5688 6461/6461 5690/5690
f 4641/4641 5690/5690 6463/6463
f 5089/5089 4641/4641 5691/5691
f 6110/6110 5691/5691 4644/4644
f 5691/5691 6463/6463 5692/5692
f 4644/4644 5692/5692 6465/6465
f 5092/5092 4644/4644 5695/5695
f 6112/6112 5695/5695 4647/4647
f 5695/5695 6465/6465 5696/5696
f 4647/4647 5696/5696 6466/6466
f 5095/5095 4647/4647 5698/5698
f 6114/6114 5698/5698 4650/4650
f 5698/5698 6466/6466 5700/5700
f 4650/4650 5700/5700 6468/6468
f 5098/5098 4650/4650 5701/5701
f 6116/6116 5701/5701 4653/4653
f 5701/5701 6468/6468 5702/5702
f 4653/4653 5702/5702 6471/6471
f 5101/5101 4653/4653 5704/5704
f 6118/6118 5704/5704 4656/4656
f 5704/5704 6471/6471 5705/5705
f 4656/4656 5705/5705 6473/6473
f 5104/5104 4656/4656 5707/5707
f 6120/6120 5707/5707 4659/4659
f 5707/5707 6473/6473 5709/5709
f 4659/4659 5709/5709 6474/6474
f 5107/5107 4659/4659 5710/5710
f 6122/6122 5710/5710 4662/4662
f 5710/5710 6474/6474 5712/5712
f 4662/4662 5712/5712 6477/6477
f 5110/5110 4662/4662 5713/5713
f 6124/6124 5713/5713 4665/4665
f 5713/5713 6477/6477 5714/5714
f 4665/4665 5714/5714 6480/6480
f 5113/5113 4665/4665 5716/5716
f 6126/6126 5716/5716 4668/4668
f 5716/5716 6480/6480 5718/5718
f 4668/4668 5718/5718 6481/6481
f 5116/5116 4668/4668 5719/5719
f 6128/6128 5719/5719 4671/4671
f 5719/5719 6481/6481 5720/5720
f 4671/4671 5720/5720 6483/6483
f 5119/5119 4671/4671 5722/5722
f 6130/6130 5722/5722 4674/4674
f 5722/5722 6483/6483 5723/5723
f 4674/4674 5723/5723 6485/6485
f 5122/5122 4674/4674 5725/5725
f 6132/6132 5725/5725 4589/4589
f 5725/5725 6485/6485 5726/5726
f 4589/4589 5726/5726 6425/6425
f 5125/5125 4589/4589 5637/5637
f 6217/6217 5728/5728 4745/4745
f 5729/5729 6487/6487 5730/5730
f 4746/4746 5730/5730 6488/6488
f 5246/5246 4745/4745 5731/5731
f 6219/6219 5734/5734 4744/4744
f 5733/5733 6489/6489 5735/5735
f 4743/4743 5735/5735 6487/6487
f 5249/5249 4744/4744 5728/5728
f 6220/6220 5736/5736 4749/4749
f 5736/5736 6490/6490 5737/5737
f 4750/4750 5738/5738 6489/6489
f 5251/5251 4749/4749 5734/5734
f 6221/6221 5740/5740 4751/4751
f 5740/5740 6492/6492 5743/5743
f 4751/4751 5743/5743 6490/6490
f 5253/5253 4751/4751 5736/5736
f 6222/6222 5744/5744 4753/4753
f 5745/5745 6494/6494 5746/5746
f 4752/4752 5746/5746 6493/6493
f 5255/5255 4753/4753 5740/5740
f 6223/6223 5748/5748 4754/4754
f 5747/5747 6495/6495 5749/5749
f 4755/4755 5749/5749 6494/6494
f 5257/5257 4754/4754 5744/5744
f 6224/6224 5750/5750 4757/4757
f 5751/5751 6496/6496 5752/5752
f 4756/4756 5752/5752 6495/6495
f 5259/5259 4757/4757 5748/5748
f 6225/6225 5754/5754 4759/4759
f 5753/5753 6497/6497 5755/5755
f 4758/4758 5755/5755 6496/6496
f 5261/5261 4759/4759 5750/5750
f 6226/6226 5756/5756 4761/4761
f 5757/5757 6498/6498 5758/5758
f 4760/4760 5758/5758 6497/6497
f 5263/5263 4761/4761 5754/5754
f 6227/6227 5760/5760 4762/4762
f 5759/5759 6499/6499 5761/5761
f 4763/4763 5761/5761 6498/6498
f 5265/5265 4762/4762 5756/5756
f 6228/6228 5762/5762 4764/4764
f 5762/5762 6500/6500 5763/5763
f 4765/4765 5764/5764 6499/6499
f 5267/5267 4764/4764 5760/5760
f 6229/6229 5765/5765 4766/4766
f 5765/5765 6503/6503 5767/5767
f 4766/4766 5767/5767 6500/6500
f 5269/5269 4766/4766 5762/5762
f 6230/6230 5768/5768 4767/4767
f 5768/5768 6505/6505 5769/5769
f 4767/4767 5769/5769 6503/6503
f 5271/5271 4767/4767 5765/5765
f 6231/6231 5771/5771 4769/4769
f 5772/5772 6507/6507 5773/5773
f 4769/4769 5774/5774 6505/6505
f 5273/5273 4769/4769 5768/5768
f 6232/6232 5776/5776 4771/4771
f 5775/5775 6509/6509 5777/5777
f 4770/4770 5777/5777 6507/6507
f 5275/5275 4771/4771 5771/5771
f 6233/6233 5778/5778 4772/4772
f 5778/5778 6511/6511 5780/5780
f 4772/4772 5780/5780 6508/6508
f 5277/5277 4772/4772 5776/5776
f 6234/6234 5781/5781 4773/4773
f 5781/5781 6513/6513 5783/5783
f 4773/4773 5783/5783 6511/6511
f 5279/5279 4773/4773 5778/5778
f 6235/6235 5784/5784 4774/4774
f 5784/5784 6515/6515 5786/5786
f 4774/4774 5786/5786 6513/6513
f 5281/5281 4774/4774 5781/5781
f 6236/6236 5787/5787 4775/4775
f 5787/5787 6517/6517 5788/5788
f 4775/4775 5788/5788 6515/6515
f 5283/5283 4775/4775 5784/5784
f 6237/6237 5790/5790 4776/4776
f 5790/5790 6519/6519 5791/5791
f 4776/4776 5791/5791 6517/6517
f 5285/5285 4776/4776 5787/5787
f 6238/6238 5793/5793 4777/4777
f 5793/5793 6522/6522 5795/5795
f 4777/4777 5795/5795 6519/6519
f 5287/5287 4777/4777 5790/5790
f 6239/6239 5796/5796 4778/4778
f 5796/5796 6524/6524 5797/5797
f 4778/4778 5797/5797 6522/6522
f 5289/5289 4778/4778 5793/5793
f 6240/6240 5799/5799 4779/4779
f 5799/5799 6525/6525 5800/5800
f 4779/4779 5800/5800 6524/6524
f 5291/5291 4779/4779 5796/5796
f 6241/6241 5802/5802 4780/4780
f 5802/5802 6528/6528 5803/5803
f 4780/4780 5803/5803 6525/6525
f 5293/5293 4780/4780 5799/5799
f 6242/6242 5805/5805 4781/4781
f 5805/5805 6529/6529 5806/5806
f 4781/4781 5806/5806 6528/6528
f 5295/5295 4781/4781 5802/5802
f 6243/6243 5808/5808 4782/4782
f 5808/5808 6533/6533 5809/5809
f 4782/4782 5809/5809 6529/6529
f 5297/5297 4782/4782 5805/5805
f 6244/6244 5811/5811 4783/4783
f 5811/5811 6534/6534 5813/5813
f 4783/4783 5813/5813 6533/6533
f 5299/5299 4783/4783 5808/5808
f 6245/6245 5814/5814 4784/4784
f 5814/5814 6537/6537 5816/5816
f 4784/4784 5816/5816 6534/6534
f 5301/5301 4784/4784 5811/5811
f 6246/6246 5818/5818 4786/4786
f 5817/5817 6538/6538 5820/5820
f 4786/4786 5819/5819 6537/6537
f 5303/5303 4786/4786 5814/5814
f 6218/6218 5731/5731 4747/4747
f 5732/5732 6488/6488 5821/5821
f 4748/4748 5821/5821 6538/6538
f 5305/5305 4747/4747 5818/5818
f 6250/6250 5822/5822 4788/4788
f 5822/5822 6540/6540 5823/5823
f 4788/4788 5823/5823 6542/6542
f 5337/5337 4788/4788 5825/5825
f 6252/6252 5826/5826 4795/4795
f 5826/5826 6543/6543 5828/5828
f 4795/4795 5828/5828 6540/6540
f 5340/5340 4795/4795 5822/5822
f 6254/6254 5829/5829 4798/4798
f 5829/5829 6546/6546 5831/5831
f 4798/4798 5831/5831 6543/6543
f 5343/5343 4798/4798 5826/5826
f 6256/6256 5832/5832 4801/4801
f 5832/5832 6548/6548 5834/5834
f 4801/4801 5834/5834 6546/6546
f 5346/5346 4801/4801 5829/5829
f 6258/6258 5836/5836 4804/4804
f 5836/5836 6550/6550 5838/5838
f 4804/4804 5838/5838 6548/6548
f 5349/5349 4804/4804 5832/5832
f 6260/6260 5839/5839 4807/4807
f 5839/5839 6552/6552 5840/5840
f 4807/4807 5840/5840 6550/6550
f 5352/5352 4807/4807 5836/5836
f 6262/6262 5842/5842 4810/4810
f 5842/5842 6553/6553 5844/5844
f 4810/4810 5844/5844 6552/6552
f 5355/5355 4810/4810 5839/5839
f 6264/6264 5845/5845 4813/4813
f 5845/5845 6555/6555 5846/5846
f 4813/4813 5846/5846 6553/6553
f 5358/5358 4813/4813 5842/5842
f 6266/6266 5848/5848 4816/4816
f 5848/5848 6558/6558 5850/5850
f 4816/4816 5850/5850 6555/6555
f 5361/5361 4816/4816 5845/5845
f 6268/6268 5851/5851 4819/4819
f 5851/5851 6560/6560 5852/5852
f 4819/4819 5852/5852 6558/6558
f 5364/5364 4819/4819 5848/5848
f 6270/6270 5854/5854 4822/4822
f 5854/5854 6561/6561 5856/5856
f 4822/4822 5856/5856 6560/6560
f 5367/5367 4822/4822 5851/5851
f 6272/6272 5857/5857 4825/4825
f 5857/5857 6563/6563 5859/5859
f 4825/4825 5859/5859 6561/6561
f 5370/5370 4825/4825 5854/5854
f 6274/6274 5861/5861 4828/4828
f 5861/5861 6566/6566 5863/5863
f 4828/4828 5863/5863 6563/6563
f 5373/5373 4828/4828 5857/5857
f 6276/6276 5864/5864 4831/4831
f 5864/5864 6567/6567 5866/5866
f 4831/4831 5866/5866 6566/6566
f 5376/5376 4831/4831 5861/5861
f 6278/6278 5867/5867 4834/4834
f 5867/5867 6569/6569 5868/5868
f 4834/4834 5868/5868 6567/6567
f 5379/5379 4834/4834 5864/5864
f 6280/6280 5870/5870 4837/4837
f 5870/5870 6572/6572 5871/5871
f 4837/4837 5871/5871 6569/6569
f 5382/5382 4837/4837 5867/5867
f 6282/6282 5873/5873 4840/4840
f 5873/5873 6573/6573 5874/5874
f 4840/4840 5874/5874 6572/6572
f 5385/5385 4840/4840 5870/5870
f 6284/6284 5876/5876 4843/4843
f 5876/5876 6575/6575 5878/5878
f 4843/4843 5878/5878 6573/6573
f 5388/5388 4843/4843 5873/5873
f 6286/6286 5879/5879 4846/4846
f 5879/5879 6578/6578 5880/5880
f 4846/4846 5880/5880 6575/6575
f 5391/5391 4846/4846 5876/5876
f 6288/6288 5883/5883 4849/4849
f 5883/5883 6579/6579 5884/5884
f 4849/4849 5884/5884 6578/6578
f 5394/5394 4849/4849 5879/5879
f 6290/6290 5886/5886 4852/4852
f 5886/5886 6582/6582 5888/5888
f 4852/4852 5888/5888 6579/6579
f 5397/5397 4852/4852 5883/5883
f 6292/6292 5889/5889 4855/4855
f 5889/5889 6583/6583 5890/5890
f 4855/4855 5890/5890 6582/6582
f 5400/5400 4855/4855 5886/5886
f 6294/6294 5892/5892 4858/4858
f 5892/5892 6585/6585 5894/5894
f 4858/4858 5894/5894 6583/6583
f 5403/5403 4858/4858 5889/5889
f 6296/6296 5895/5895 4861/4861
f 5895/5895 6587/6587 5897/5897
f 4861/4861 5897/5897 6585/6585
f 5406/5406 4861/4861 5892/5892
f 6298/6298 5898/5898 4864/4864
f 5898/5898 6590/6590 5899/5899
f 4864/4864 5899/5899 6587/6587
f 5409/5409 4864/4864 5895/5895
f 6300/6300 5901/5901 4867/4867
f 5901/5901 6593/6593 5902/5902
f 4867/4867 5902/5902 6590/6590
f 5412/5412 4867/4867 5898/5898
f 6302/6302 5904/5904 4870/4870
f 5904/5904 6594/6594 5906/5906
f 4870/4870 5906/5906 6593/6593
f 5415/5415 4870/4870 5901/5901
f 6304/6304 5907/5907 4873/4873
f 5907/5907 6596/6596 5908/5908
f 4873/4873 5908/5908 6594/6594
f 5418/5418 4873/4873 5904/5904
f 6306/6306 5910/5910 4876/4876
f 5910/5910 6598/6598 5911/5911
f 4876/4876 5911/5911 6596/6596
f 5421/5421 4876/4876 5907/5907
f 6247/6247 5825/5825 4789/4789
f 5825/5825 6542/6542 5914/5914
f 4789/4789 5914/5914 6598/6598
f 5424/5424 4789/4789 5910/5910
f 6394/6394 5915/5915 4942/4942
f 5915/5915 6601/6601 5916/5916
f 4942/4942 5916/5916 6602/6602
f 5548/5548 4942/4942 5918/5918
f 6395/6395 5918/5918 4943/4943
f 5918/5918 6602/6602 5920/5920
f 4943/4943 5920/5920 6605/6605
f 5550/5550 4943/4943 5921/5921
f 6396/6396 5921/5921 4944/4944
f 5921/5921 6605/6605 5922/5922
f 4944/4944 5922/5922 6606/6606
f 5552/5552 4944/4944 5924/5924
f 6397/6397 5924/5924 4945/4945
f 5924/5924 6606/6606 5927/5927
f 4945/4945 5927/5927 6608/6608
f 5554/5554 4945/4945 5928/5928
f 6398/6398 5928/5928 4946/4946
f 5928/5928 6608/6608 5929/5929
f 4946/4946 5929/5929 6611/6611
f 5556/5556 4946/4946 5931/5931
f 6399/6399 5931/5931 4947/4947
f 5931/5931 6611/6611 5933/5933
f 4947/4947 5933/5933 6613/6613
f 5558/5558 4947/4947 5934/5934
f 6400/6400 5934/5934 4948/4948
f 5934/5934 6613/6613 5936/5936
f 4948/4948 5936/5936 6614/6614
f 5560/5560 4948/4948 5937/5937
f 6401/6401 5937/5937 4949/4949
f 5937/5937 6614/6614 5938/5938
f 4949/4949 5938/5938 6616/6616
f 5562/5562 4949/4949 5940/5940
f 6402/6402 5940/5940 4950/4950
f 5940/5940 6616/6616 5942/5942
f 4950/4950 5942/5942 6618/6618
f 5564/5564 4950/4950 5943/5943
f 6403/6403 5943/5943 4951/4951
f 5943/5943 6618/6618 5944/5944
f 4951/4951 5944/5944 6621/6621
f 5566/5566 4951/4951 5946/5946
f 6404/6404 5946/5946 4952/4952
f 5946/5946 6621/6621 5948/5948
f 4952/4952 5948/5948 6623/6623
f 5568/5568 4952/4952 5949/5949
f 6405/6405 5949/5949 4953/4953
f 5949/5949 6623/6623 5950/5950
f 4953/4953 5950/5950 6625/6625
f 5570/5570 4953/4953 5952/5952
f 6406/6406 5952/5952 4954/4954
f 5952/5952 6625/6625 5954/5954
f 4954/4954 5954/5954 6628/6628
f 5572/5572 4954/4954 5955/5955
f 6407/6407 5955/5955 4955/4955
f 5955/5955 6628/6628 5957/5957
f 4955/4955 5957/5957 6630/6630
f 5574/5574 4955/4955 5958/5958
f 6408/6408 5958/5958 4956/4956
f 5958/5958 6630/6630 5959/5959
f 4956/4956 5959/5959 6631/6631
f 5576/5576 4956/4956 5961/5961
f 6409/6409 5961/5961 4957/4957
f 5961/5961 6631/6631 5963/5963
f 4957/4957 5963/5963 6634/6634
f 5578/5578 4957/4957 5964/5964
f 6410/6410 5964/5964 4958/4958
f 5964/5964 6634/6634 5965/5965
f 4958/4958 5965/5965 6635/6635
f 5580/5580 4958/4958 5967/5967
f 6411/6411 5967/5967 4959/4959
f 5967/5967 6635/6635 5969/5969
f 4959/4959 5969/5969 6637/6637
f 5582/5582 4959/4959 5970/5970
f 6412/6412 5970/5970 4960/4960
f 5970/5970 6637/6637 5973/5973
f 4960/4960 5973/5973 6639/6639
f 5584/5584 4960/4960 5974/5974
f 6413/6413 5974/5974 4961/4961
f 5974/5974 6639/6639 5975/5975
f 4961/4961 5975/5975 6642/6642
f 5586/5586 4961/4961 5977/5977
f 6414/6414 5977/5977 4962/4962
f 5977/5977 6642/6642 5979/5979
f 4962/4962 5979/5979 6643/6643
f 5588/5588 4962/4962 5980/5980
f 6415/6415 5980/5980 4963/4963
f 5980/5980 6643/6643 5982/5982
f 4963/4963 5982/5982 6645/6645
f 5590/5590 4963/4963 5983/5983
f 6416/6416 5983/5983 4964/4964
f 5983/5983 6645/6645 5985/5985
f 4964/4964 5985/5985 6647/6647
f 5592/5592 4964/4964 5986/5986
f 6417/6417 5986/5986 4965/4965
f 5986/5986 6647/6647 5987/5987
f 4965/4965 5987/5987 6650/6650
f 5594/5594 4965/4965 5989/5989
f 6418/6418 5989/5989 4966/4966
f 5989/5989 6650/6650 5991/5991
f 4966/4966 5991/5991 6652/6652
f 5596/5596 4966/4966 5992/5992
f 6419/6419 5992/5992 4967/4967
f 5992/5992 6652/6652 5994/5994
f 4967/4967 5994/5994 6654/6654
f 5598/5598 4967/4967 5995/5995
f 6420/6420 5995/5995 4968/4968
f 5995/5995 6654/6654 5998/5998
f 4968/4968 5998/5998 6655/6655
f 5600/5600 4968/4968 5999/5999
f 6421/6421 5999/5999 4969/4969
f 5999/5999 6655/6655 6000/6000
f 4969/4969 6000/6000 6658/6658
f 5602/5602 4969/4969 6002/6002
f 6422/6422 6002/6002 4970/4970
f 6002/6002 6658/6658 6004/6004
f 4970/4970 6004/6004 6660/6660
f 5604/5604 4970/4970 6005/6005
f 6423/6423 6005/6005 4941/4941
f 6005/6005 6660/6660 6006/6006
f 4941/4941 6006/6006 6601/6601
f 5606/5606 4941/4941 5915/5915
f 6493/6493 5746/5746 5010/5010
f 5746/5746 6494/6494 6009/6009
f 5010/5010 6009/6009 6610/6610
f 6008/6008 5010/5010 5930/5930
f 6494/6494 5749/5749 5011/5011
f 5749/5749 6495/6495 6010/6010
f 5011/5011 6010/6010 6612/6612
f 6009/6009 5011/5011 5932/5932
f 6495/6495 5752/5752 5012/5012
f 5752/5752 6496/6496 6011/6011
f 5012/5012 6011/6011 6615/6615
f 6010/6010 5012/5012 5935/5935
f 6496/6496 5755/5755 5013/5013
f 5755/5755 6497/6497 6012/6012
f 5013/5013 6012/6012 6617/6617
f 6011/6011 5013/5013 5939/5939
f 6497/6497 5758/5758 5014/5014
f 5758/5758 6498/6498 6013/6013
f 5014/5014 6013/6013 6619/6619
f 6012/6012 5014/5014 5941/5941
f 6498/6498 5761/5761 5015/5015
f 5761/5761 6499/6499 6014/6014
f 5015/5015 6014/6014 6620/6620
f 6013/6013 5015/5015 5945/5945
f 6499/6499 5764/5764 5016/5016
f 5764/5764 6501/6501 6016/6016
f 5016/5016 6016/6016 6622/6622
f 6014/6014 5016/5016 5947/5947
f 6502/6502 5766/5766 5017/5017
f 5766/5766 6504/6504 6017/6017
f 5017/5017 6017/6017 6626/6626
f 6015/6015 5017/5017 5951/5951
f 6504/6504 5770/5770 5018/5018
f 5770/5770 6506/6506 6018/6018
f 5018/5018 6018/6018 6627/6627
f 6017/6017 5018/5018 5953/5953
f 6506/6506 5773/5773 5019/5019
f 5773/5773 6507/6507 6019/6019
f 5019/5019 6019/6019 6629/6629
f 6018/6018 5019/5019 5956/5956
f 6507/6507 5777/5777 5020/5020
f 5777/5777 6509/6509 6020/6020
f 5020/5020 6020/6020 6632/6632
f 6019/6019 5020/5020 5960/5960
f 6509/6509 5779/5779 5021/5021
f 5779/5779 6510/6510 6021/6021
f 5021/5021 6021/6021 6633/6633
f 6020/6020 5021/5021 5962/5962
f 6510/6510 5782/5782 5022/5022
f 5782/5782 6512/6512 6022/6022
f 5022/5022 6022/6022 6636/6636
f 6021/6021 5022/5022 5966/5966
f 6512/6512 5785/5785 5023/5023
f 5785/5785 6514/6514 6023/6023
f 5023/5023 6023/6023 6638/6638
f 6022/6022 5023/5023 5968/5968
f 6514/6514 5789/5789 5025/5025
f 5789/5789 6518/6518 6024/6024
f 5024/5024 6025/6025 6640/6640
f 6023/6023 5025/5025 5971/5971
f 6516/6516 5792/5792 5026/5026
f 5792/5792 6520/6520 6026/6026
f 5026/5026 6026/6026 6641/6641
f 6025/6025 5026/5026 5976/5976
f 6520/6520 5794/5794 5027/5027
f 5794/5794 6521/6521 6027/6027
f 5027/5027 6027/6027 6644/6644
f 6026/6026 5027/5027 5978/5978
f 6521/6521 5798/5798 5028/5028
f 5798/5798 6523/6523 6028/6028
f 5028/5028 6028/6028 6646/6646
f 6027/6027 5028/5028 5981/5981
f 6523/6523 5801/5801 5029/5029
f 5801/5801 6526/6526 6029/6029
f 5029/5029 6029/6029 6648/6648
f 6028/6028 5029/5029 5984/5984
f 6526/6526 5804/5804 5030/5030
f 5804/5804 6527/6527 6030/6030
f 5030/5030 6030/6030 6649/6649
f 6029/6029 5030/5030 5988/5988
f 6527/6527 5807/5807 5031/5031
f 5807/5807 6530/6530 6031/6031
f 5031/5031 6031/6031 6651/6651
f 6030/6030 5031/5031 5990/5990
f 6530/6530 5810/5810 5032/5032
f 5810/5810 6532/6532 6032/6032
f 5032/5032 6032/6032 6653/6653
f 6031/6031 5032/5032 5993/5993
f 6531/6531 5812/5812 5033/5033
f 5812/5812 6535/6535 6034/6034
f 5033/5033 6034/6034 6656/6656
f 6032/6032 5034/5034 5996/5996
f 6535/6535 5815/5815 5035/5035
f 5815/5815 6536/6536 6035/6035
f 5035/5035 6035/6035 6657/6657
f 6034/6034 5035/5035 6001/6001
f 6536/6536 5820/5820 5036/5036
f 5820/5820 6538/6538 6036/6036
f 5036/5036 6036/6036 6659/6659
f 6035/6035 5036/5036 6003/6003
f 6538/6538 5821/5821 5006/5006
f 5821/5821 6488/6488 6037/6037
f 5006/5006 6037/6037 6600/6600
f 6036/6036 5006/5006 6007/6007
f 6488/6488 5730/5730 5005/5005
f 5730/5730 6487/6487 6038/6038
f 5005/5005 6038/6038 6603/6603
f 6037/6037 5005/5005 5917/5917
f 6487/6487 5735/5735 5004/5004
f 5735/5735 6489/6489 6039/6039
f 5004/5004 6039/6039 6604/6604
f 6038/6038 5004/5004 5919/5919
f 6489/6489 5738/5738 5007/5007
f 5738/5738 6491/6491 6040/6040
f 5007/5007 6040/6040 6607/6607
f 6039/6039 5007/5007 5923/5923
f 6491/6491 5741/5741 5008/5008
f 5742/5742 6493/6493 6008/6008
f 5009/5009 6008/6008 6609/6609
f 6040/6040 5008/5008 5926/5926
f 6437/6437 5654/5654 4978/4978
f 5654/5654 6436/6436 6042/6042
f 4978/4978 6042/6042 6549/6549
f 6041/6041 4978/4978 5841/5841
f 6436/6436 5651/5651 4977/4977
f 5651/5651 6432/6432 6044/6044
f 4977/4977 6044/6044 6547/6547
f 6042/6042 4977/4977 5837/5837
f 6433/6433 5647/5647 4976/4976
f 5647/5647 6430/6430 6045/6045
f 4976/4976 6045/6045 6545/6545
f 6044/6044 4975/4975 5835/5835
f 6430/6430 5644/5644 4974/4974
f 5644/5644 6429/6429 6046/6046
f 4974/4974 6046/6046 6544/6544
f 6045/6045 4974/4974 5830/5830
f 6429/6429 5641/5641 4973/4973
f 5641/5641 6427/6427 6047/6047
f 4973/4973 6047/6047 6539/6539
f 6046/6046 4973/4973 5827/5827
f 6427/6427 5639/5639 4972/4972
f 5639/5639 6424/6424 6048/6048
f 4972/4972 6048/6048 6541/6541
f 6047/6047 4972/4972 5824/5824
f 6424/6424 5727/5727 4971/4971
f 5727/5727 6486/6486 6049/6049
f 4971/4971 6049/6049 6599/6599
f 6048/6048 4971/4971 5913/5913
f 6486/6486 5724/5724 5003/5003
f 5724/5724 6484/6484 6050/6050
f 5003/5003 6050/6050 6597/6597
f 6049/6049 5003/5003 5912/5912
f 6484/6484 5721/5721 5002/5002
f 5721/5721 6482/6482 6051/6051
f 5002/5002 6051/6051 6595/6595
f 6050/6050 5002/5002 5909/5909
f 6482/6482 5717/5717 5001/5001
f 5717/5717 6478/6478 6052/6052
f 5001/5001 6052/6052 6591/6591
f 6051/6051 5001/5001 5905/5905
f 6479/6479 5715/5715 5000/5000
f 5715/5715 6476/6476 6054/6054
f 5000/5000 6054/6054 6589/6589
f 6053/6053 5000/5000 5903/5903
f 6476/6476 5711/5711 4999/4999
f 5711/5711 6475/6475 6055/6055
f 4999/4999 6055/6055 6588/6588
f 6054/6054 4999/4999 5900/5900
f 6475/6475 5708/5708 4998/4998
f 5708/5708 6472/6472 6056/6056
f 4998/4998 6056/6056 6586/6586
f 6055/6055 4998/4998 5896/5896
f 6472/6472 5706/5706 4997/4997
f 5706/5706 6470/6470 6057/6057
f 4997/4997 6057/6057 6584/6584
f 6056/6056 4997/4997 5893/5893
f 6470/6470 5703/5703 4996/4996
f 5703/5703 6469/6469 6058/6058
f 4996/4996 6058/6058 6581/6581
f 6057/6057 4996/4996 5891/5891
f 6469/6469 5699/5699 4995/4995
f 5699/5699 6467/6467 6059/6059
f 4995/4995 6059/6059 6580/6580
f 6058/6058 4995/4995 5887/5887
f 6467/6467 5697/5697 4994/4994
f 5697/5697 6464/6464 6060/6060
f 4994/4994 6060/6060 6577/6577
f 6059/6059 4994/4994 5885/5885
f 6464/6464 5694/5694 4993/4993
f 5693/5693 6462/6462 6061/6061
f 4992/4992 6061/6061 6576/6576
f 6060/6060 4993/4993 5881/5881
f 6462/6462 5689/5689 4991/4991
f 5689/5689 6460/6460 6062/6062
f 4991/4991 6062/6062 6574/6574
f 6061/6061 4991/4991 5877/5877
f 6460/6460 5687/5687 4990/4990
f 5687/5687 6458/6458 6063/6063
f 4990/4990 6063/6063 6571/6571
f 6062/6062 4990/4990 5875/5875
f 6458/6458 5684/5684 4989/4989
f 5684/5684 6457/6457 6064/6064
f 4989/4989 6064/6064 6570/6570
f 6063/6063 4989/4989 5872/5872
f 6457/6457 5680/5680 4988/4988
f 5680/5680 6455/6455 6065/6065
f 4988/4988 6065/6065 6568/6568
f 6064/6064 4988/4988 5869/5869
f 6455/6455 5678/5678 4987/4987
f 5678/5678 6453/6453 6066/6066
f 4987/4987 6066/6066 6565/6565
f 6065/6065 4987/4987 5865/5865
f 6453/6453 5675/5675 4986/4986
f 5675/5675 6451/6451 6067/6067
f 4986/4986 6067/6067 6564/6564
f 6066/6066 4986/4986 5862/5862
f 6451/6451 5671/5671 4985/4985
f 5671/5671 6447/6447 6068/6068
f 4984/4984 6069/6069 6562/6562
f 6067/6067 4985/4985 5860/5860
f 6448/6448 5668/5668 4983/4983
f 5668/5668 6446/6446 6070/6070
f 4983/4983 6070/6070 6559/6559
f 6069/6069 4983/4983 5855/5855
f 6446/6446 5666/5666 4982/4982
f 5666/5666 6444/6444 6071/6071
f 4982/4982 6071/6071 6557/6557
f 6070/6070 4982/4982 5853/5853
f 6444/6444 5663/5663 4981/4981
f 5663/5663 6442/6442 6072/6072
f 4981/4981 6072/6072 6556/6556
f 6071/6071 4981/4981 5849/5849
f 6442/6442 5659/5659 4980/4980
f 5659/5659 6440/6440 6073/6073
f 4980/4980 6073/6073 6554/6554
f 6072/6072 4980/4980 5847/5847
f 6440/6440 5656/5656 4979/4979
f 5656/5656 6437/6437 6041/6041
f 4979/4979 6041/6041 6551/6551
f 6073/6073 4979/4979 5843/5843

