# https://github.com/mikedh/trimesh
v -0.02489450 0.02355475 0.04698100
v -0.02468400 0.02321475 0.04791150
v -0.02441350 0.02418575 0.00233950
v -0.02338200 -0.02474025 0.04992300
v -0.02372500 -0.02465775 0.00026350
v -0.02497050 0.02359825 0.04650950
v -0.02499650 0.02333825 0.04648400
v -0.02494850 0.02331175 0.04693200
v -0.02472300 0.02371775 0.04649400
v -0.02489250 0.02328625 0.04726400
v -0.02476050 0.02325425 0.04777500
v -0.02485250 0.02300325 0.04775650
v -0.02476150 0.02304275 0.04796850
v -0.02459650 0.02309775 0.04812450
v -0.02456000 0.02328625 0.04795500
v -0.02460700 0.02340175 0.04777950
v -0.02419300 0.02422175 0.00235300
v -0.02422050 0.02405825 0.00219950
v -0.02448900 0.02405125 0.00229700
v -0.02469650 0.02408525 0.00263500
v -0.02348650 -0.02448275 0.04994200
v -0.02357700 -0.02446825 0.04969200
v -0.02342650 -0.02477025 0.04969900
v -0.02318350 -0.02479725 0.04994600
v -0.02323150 -0.02445025 0.04996400
v -0.02322750 -0.02491125 0.04970350
v -0.01368900 -0.01912975 0.04999450
v -0.01369300 -0.01853125 0.04999050
v -0.01218300 0.02460575 0.00212600
v -0.02381700 -0.02432325 0.00030650
v -0.02349600 -0.02429175 0.00021100
v -0.02376850 -0.02464175 0.00060100
v -0.02344450 -0.02471975 0.00058350
v -0.02309200 -0.02472575 0.00058150
v -0.02309950 -0.02478025 0.00094900
v -0.02346500 -0.02476975 0.00095250
v -0.02384300 -0.02395675 0.00033500
v -0.02385950 -0.02356175 0.00035250
v -0.02353500 -0.02393175 0.00020250
v -0.02357600 -0.02311025 0.00021800
v -0.02316200 -0.02309925 0.00015600
v -0.02388900 -0.02258825 0.00039100
v -0.02359950 -0.02257025 0.00023750
v -0.02274250 -0.02254525 0.00010900
v -0.02277100 -0.02187625 0.00012150
v -0.02221050 -0.02186225 0.00008950
v -0.02219450 -0.02104525 0.00010200
v -0.02137050 -0.02100775 0.00007650
v -0.02275700 -0.02016725 0.00016350
v -0.02131350 -0.02010375 0.00008850
v -0.01938450 -0.02002425 0.00004250
v -0.02018350 -0.01711375 0.00010900
v -0.01821100 -0.01513425 0.00011750
v -0.00934700 -0.00920925 0.00018700
v -0.00932850 -0.00825625 0.00020450
v -0.00095750 0.00110375 0.00050050
v -0.00097150 0.00318525 0.00059150
v -0.00093300 -0.00203025 0.00036550
v -0.01541350 -0.01697675 0.00006200
v -0.01543150 -0.01795075 0.00004500
v -0.01544900 -0.01890875 0.00003150
v -0.01744350 -0.02076725 0.00002350
v -0.01943050 -0.02090175 0.00003800
v -0.02220250 -0.02309975 0.00007350
v -0.02219250 -0.02354575 0.00006850
v -0.02271250 -0.02352375 0.00009400
v -0.02218850 -0.02395675 0.00006450
v -0.02270400 -0.02392675 0.00009050
v -0.02313300 -0.02393025 0.00014000
v -0.02270150 -0.02430525 0.00009950
v -0.02312250 -0.02429325 0.00015800
v -0.02217050 -0.02468675 0.00023050
v -0.02214550 -0.02473775 0.00059550
v -0.02219050 -0.02435525 0.00006450
v -0.02152200 -0.02440325 0.00005600
v -0.02056000 -0.02402825 0.00003250
v -0.02058000 -0.02444325 0.00004050
v -0.01746250 -0.02227225 0.00001550
v -0.01746500 -0.02289175 0.00001350
v -0.01548700 -0.02071925 0.00001550
v -0.01547150 -0.01983725 0.00001950
v -0.01053100 -0.01601425 0.00006650
v -0.01050200 -0.01506725 0.00008350
v -0.00858600 -0.01786575 0.00003550
v -0.01057100 -0.01790025 0.00003700
v -0.01450200 -0.02153775 0.00001050
v -0.01848750 -0.02395675 0.00002150
v -0.01953350 -0.02443675 0.00003850
v -0.02312000 -0.02482425 0.00138300
v -0.02315850 -0.02487925 0.00197700
v -0.02355050 -0.02487625 0.00195150
v -0.02361150 -0.02493375 0.00275100
v -0.02388300 -0.02482425 0.00275650
v -0.02387900 -0.02477225 0.00193950
v -0.02389200 -0.02444625 0.00196850
v -0.02201550 -0.01711525 0.00017950
v -0.02195300 -0.01610025 0.00019950
v -0.02105700 -0.01609675 0.00016050
v -0.02099950 -0.01508725 0.00018350
v -0.01716350 -0.01116125 0.00019300
v -0.00830600 -0.00422875 0.00031600
v -0.00000000 0.02505275 0.02324300
v -0.00000000 0.02489725 0.03033150
v -0.00859650 -0.01883125 0.00002700
v -0.02368750 -0.02500325 0.00469400
v -0.02365550 -0.02497525 0.00369050
v -0.02392150 -0.02486925 0.00469700
v -0.02390850 -0.02485425 0.00369350
v -0.02393700 -0.02453775 0.00470850
v -0.02392250 -0.02452325 0.00370800
v -0.02394950 -0.02418325 0.00472100
v -0.02393550 -0.02415975 0.00372050
v -0.02394800 -0.02377025 0.00373400
v -0.01905200 -0.01210125 0.00020000
v -0.01714600 -0.01013625 0.00021450
v -0.01709650 -0.00806975 0.00027650
v -0.01313450 -0.00518275 0.00032150
v -0.01310600 -0.00413175 0.00036250
v -0.01016400 -0.00214075 0.00040250
v -0.01343300 -0.02422475 0.00000000
v -0.02373250 -0.02501975 0.00676050
v -0.02371200 -0.02501175 0.00572500
v -0.02392950 -0.02486925 0.00572850
v -0.02394250 -0.02453725 0.00573750
v -0.02395750 -0.02416925 0.00677600
v -0.02395400 -0.02418375 0.00574700
v -0.02396900 -0.02379325 0.00678250
v -0.02396600 -0.02381175 0.00575650
v -0.02414800 -0.01513825 0.00096400
v -0.02359700 -0.01512225 0.00040650
v -0.02312000 -0.01409325 0.00036450
v -0.02256150 -0.01205325 0.00034800
v -0.02176100 -0.01101975 0.00032950
v -0.02082200 -0.00895925 0.00033350
v -0.01789700 -0.00592975 0.00036850
v -0.01120550 0.00102275 0.00055050
v -0.00000000 0.02517975 0.01502250
v -0.00000000 0.02462575 0.04248550
v -0.02393800 -0.02485675 0.00779500
v -0.02394850 -0.02450875 0.00779950
v -0.02259100 -0.00900025 0.00043900
v -0.02259800 -0.00798725 0.00046950
v -0.02081150 -0.00792975 0.00036550
v -0.01784150 -0.00490225 0.00040450
v -0.01127250 0.00319225 0.00064600
v -0.00363050 0.01040625 0.00094700
v -0.00357750 0.01144325 0.00100900
v -0.00000000 0.01553125 0.00127750
v -0.00000000 0.01656625 0.00134600
v -0.00000000 0.02528025 0.00778900
v -0.00000000 0.02527275 0.00886000
v -0.00000000 0.02450725 0.04549500
v -0.00000000 0.02454525 0.04454400
v -0.02422000 -0.01534875 0.00512050
v -0.02423850 -0.01429725 0.00425400
v -0.02376200 -0.00704875 0.00062700
v -0.02267050 -0.00497725 0.00057350
v -0.02180650 -0.00393975 0.00055700
v -0.01788250 0.00019425 0.00061050
v -0.01492050 0.00117625 0.00059950
v -0.00000000 0.01859175 0.00150500
v -0.00000000 0.02528725 0.00474950
v -0.00000000 0.02528325 0.00673600
v -0.02425300 -0.01438725 0.00705250
v -0.02425350 -0.01435975 0.00609350
v -0.02425050 -0.01432975 0.00515200
v -0.02428300 -0.01334075 0.00611200
v -0.02428000 -0.01331075 0.00517350
v -0.02430800 -0.01229125 0.00518450
v -0.02429750 -0.01225925 0.00429000
v -0.02377950 -0.00603875 0.00066000
v -0.02184350 -0.00293375 0.00059850
v -0.02089050 -0.00188475 0.00058550
v -0.02092400 -0.00087175 0.00063100
v -0.02095200 0.00014175 0.00067800
v -0.01789550 0.00122125 0.00065650
v -0.01416400 0.00538525 0.00078000
v -0.01321600 0.00855525 0.00093000
v -0.01119450 0.00959775 0.00096450
v -0.01118800 0.01059075 0.00101400
v -0.00071300 0.02056725 0.00167800
v -0.00078200 0.02149725 0.00176150
v -0.00000000 0.02526775 0.00388150
v -0.00272900 0.02518525 0.00477850
v -0.00000000 0.02441925 0.04706500
v -0.02391350 -0.02498925 0.01495800
v -0.02428150 -0.01339475 0.00803700
v -0.02428250 -0.01336875 0.00706800
v -0.02431050 -0.01237675 0.00804500
v -0.02431150 -0.01234975 0.00707700
v -0.02431150 -0.01232125 0.00612150
v -0.02433950 -0.01133075 0.00707750
v -0.02433950 -0.01130125 0.00612000
v -0.02436650 -0.01028225 0.00610900
v -0.02437800 -0.00920425 0.00422450
v -0.02440450 -0.00818925 0.00418650
v -0.02441650 -0.00506225 0.00109350
v -0.02442950 -0.00404675 0.00107750
v -0.02444250 -0.00302925 0.00107200
v -0.02378900 -0.00300175 0.00076650
v -0.01118950 0.01247475 0.00111450
v -0.00000000 0.02490275 0.00211100
v -0.00000000 0.02523075 0.00230750
v -0.00365700 0.02420975 0.04809700
v -0.00000000 0.02435175 0.04805750
v -0.00000000 0.02437825 0.04773850
v -0.00088600 0.02407975 0.04826200
v -0.00365800 0.02399775 0.04828450
v -0.00658400 0.02394575 0.04826550
v -0.01553850 0.02365925 0.04827400
v -0.01756050 0.02362875 0.04825950
v -0.01856850 0.02368325 0.04819200
v -0.01956650 0.02337275 0.04828200
v -0.02430900 -0.01240275 0.00902200
v -0.02433700 -0.01138525 0.00902450
v -0.02433850 -0.01135875 0.00804700
v -0.02436450 -0.01036875 0.00902250
v -0.02436600 -0.01034125 0.00804300
v -0.02436700 -0.01031225 0.00707150
v -0.02425900 0.00002825 0.00094900
v -0.02097200 0.00521425 0.00091100
v -0.01902500 0.00632725 0.00091250
v -0.01123050 0.01620675 0.00137600
v -0.00274800 0.02347075 0.00194550
v -0.00090850 0.02489475 0.00211450
v -0.00279300 0.02481375 0.00208850
v -0.02257350 0.02354625 0.04819450
v -0.02161550 0.02362775 0.04814550
v -0.01144200 0.02149775 0.04845200
v -0.01146400 0.02209625 0.04840700
v -0.00359450 0.02111575 0.04848900
v -0.02390050 -0.02505875 0.01903950
v -0.02444500 -0.00732275 0.00899500
v -0.02452300 -0.00416625 0.00498600
v -0.02451000 -0.00413625 0.00404700
v -0.02453400 -0.00312225 0.00400250
v -0.02452250 0.00102325 0.00112450
v -0.02453650 0.00304225 0.00110750
v -0.01321100 0.01707875 0.00144700
v -0.00944800 0.02103925 0.00174800
v -0.00562800 0.02273225 0.00187350
v -0.00573900 0.02502175 0.00231050
v -0.02359500 0.02354275 0.04813300
v -0.02314700 0.02356675 0.04816400
v -0.02360000 0.02322175 0.04822100
v -0.02315800 0.02322325 0.04824450
v -0.00350150 0.01941925 0.04860200
v -0.02380800 -0.02514475 0.02108250
v -0.02386200 -0.02512675 0.02006000
v -0.02444000 -0.00740175 0.01198200
v -0.02444350 -0.00735025 0.00998750
v -0.02449700 -0.00532375 0.00996300
v -0.02455350 -0.00324325 0.00792500
v -0.02455450 -0.00321425 0.00692300
v -0.02455400 -0.00318425 0.00592550
v -0.02458050 -0.00220175 0.00689400
v -0.02458000 -0.00217175 0.00588900
v -0.02457400 -0.00214025 0.00489650
v -0.02460550 -0.00115975 0.00585200
v -0.02459850 -0.00112775 0.00484650
v -0.02462250 -0.00011675 0.00479900
v -0.02454050 0.00404425 0.00113500
v -0.02293050 0.00907275 0.00117850
v -0.02114750 0.01219425 0.00128350
v -0.01921250 0.01426125 0.00135100
v -0.01322650 0.01903625 0.00160200
v -0.01323050 0.01996275 0.00167750
v -0.00773000 0.02493775 0.00231100
v -0.00879650 0.02487925 0.00228200
v -0.02419150 0.02353325 0.04778850
v -0.02394200 0.02346375 0.04812650
v -0.00083050 0.01759325 0.04871050
v -0.02376300 -0.02516775 0.02312800
v -0.02446500 -0.00641275 0.01297700
v -0.02446700 -0.00638825 0.01197450
v -0.02449150 -0.00540025 0.01297000
v -0.02449350 -0.00537525 0.01196600
v -0.02449550 -0.00534975 0.01096350
v -0.02451950 -0.00436275 0.01195650
v -0.02452150 -0.00433725 0.01095200
v -0.02452350 -0.00431075 0.00994850
v -0.02454750 -0.00332475 0.01094000
v -0.02454950 -0.00329825 0.00993400
v -0.02455150 -0.00327125 0.00892850
v -0.02457750 -0.00225925 0.00891000
v -0.02457950 -0.00223125 0.00790150
v -0.02460300 -0.00124675 0.00889200
v -0.02460500 -0.00121925 0.00787900
v -0.02460600 -0.00119025 0.00686550
v -0.02462950 -0.00020725 0.00785800
v -0.02463050 -0.00017875 0.00683850
v -0.02463000 -0.00014825 0.00581700
v -0.02465450 0.00083225 0.00681500
v -0.02467000 0.00190125 0.00473600
v -0.02470300 0.00801025 0.00159700
v -0.02469350 0.00902975 0.00133550
v -0.01138450 0.02247075 0.00188900
v -0.01314400 0.02383325 0.00204400
v -0.02486700 0.02378625 0.04521400
v -0.02504350 0.02365625 0.04521500
v -0.02500700 0.02362925 0.04593700
v -0.02505900 0.02336825 0.04518900
v -0.02502950 0.02335975 0.04591700
v -0.02505850 0.02306075 0.04516950
v -0.02503250 0.02305375 0.04588850
v -0.02500250 0.02303625 0.04644100
v -0.02503050 0.02273875 0.04585950
v -0.02500150 0.02271025 0.04641050
v -0.02497350 0.02268625 0.04682600
v -0.02494450 0.02268025 0.04715500
v -0.02493350 0.02299925 0.04719950
v -0.02491650 0.02268175 0.04746450
v -0.02489200 0.02298525 0.04749350
v -0.02483950 0.02326275 0.04754450
v -0.02468450 0.02347975 0.04756500
v -0.02442600 0.02347725 0.04777900
v -0.02440600 0.02334775 0.04799650
v -0.02466300 0.02280875 0.04820950
v -0.02442850 0.02281375 0.04826300
v -0.02470450 0.02241925 0.04824600
v -0.02448000 0.02242525 0.04832750
v -0.02474950 0.02194225 0.04828300
v -0.02452850 0.02194275 0.04836500
v -0.02456900 0.02139275 0.04839400
v -0.02479100 0.02071525 0.04833450
v -0.02460000 0.02070625 0.04843700
v -0.01425550 0.01623775 0.04875600
v -0.01428050 0.01717825 0.04870350
v -0.00097000 0.01365925 0.04892350
v -0.02375000 -0.02518525 0.02517750
v -0.02375450 -0.02517725 0.02415250
v -0.02448550 -0.00546725 0.01599100
v -0.02448750 -0.00544575 0.01498250
v -0.02448950 -0.00542375 0.01397600
v -0.02451350 -0.00443325 0.01497700
v -0.02451550 -0.00441075 0.01396900
v -0.02451750 -0.00438725 0.01296200
v -0.02454550 -0.00334975 0.01194650
v -0.02470150 0.00282525 0.00780600
v -0.02471350 0.01004525 0.00136250
v -0.02470750 0.01106375 0.00137000
v -0.02470550 0.01208425 0.00139750
v -0.02356100 0.01310525 0.00141400
v -0.02358500 0.01411375 0.00147000
v -0.02360200 0.01512075 0.00153000
v -0.02226450 0.01615325 0.00154450
v -0.01621900 0.02415025 0.00210900
v -0.02497150 0.02385725 0.04336550
v -0.02492550 0.02383175 0.04433700
v -0.02509750 0.02368425 0.04335950
v -0.02507150 0.02367725 0.04433550
v -0.02510150 0.02338175 0.04334800
v -0.02508150 0.02337675 0.04431950
v -0.02509850 0.02307525 0.04333550
v -0.02508100 0.02306675 0.04430600
v -0.02509450 0.02274525 0.04332000
v -0.02507950 0.02274775 0.04429050
v -0.02505650 0.02274525 0.04515000
v -0.02507550 0.02240325 0.04427000
v -0.02505150 0.02240175 0.04512050
v -0.02502550 0.02240625 0.04583050
v -0.02504500 0.02201625 0.04509150
v -0.02499750 0.02234275 0.04639800
v -0.02497150 0.02231725 0.04680600
v -0.02493900 0.02185125 0.04716600
v -0.02494450 0.02230325 0.04714750
v -0.02491350 0.02186175 0.04746700
v -0.02488550 0.02188075 0.04775750
v -0.02488600 0.02232375 0.04774100
v -0.02487700 0.02270675 0.04773900
v -0.02482750 0.02237275 0.04801950
v -0.02481650 0.02274875 0.04799950
v -0.02484050 0.02191425 0.04803450
v -0.02483900 0.02136975 0.04805950
v -0.02478800 0.01989475 0.04838800
v -0.02477800 0.01896375 0.04844150
v -0.02460050 0.01896725 0.04853950
v -0.01418600 0.01430525 0.04886300
v -0.00100050 0.01165125 0.04902900
v -0.02374550 -0.02520125 0.02722950
v -0.02470000 0.00279925 0.00883150
v -0.02475000 0.01309875 0.00148500
v -0.02472000 0.01411575 0.00151000
v -0.02232200 0.01816475 0.00166800
v -0.02235050 0.01914475 0.00173900
v -0.01926050 0.02446825 0.00258300
v -0.02510700 0.02428225 0.01603650
v -0.02508350 0.02425575 0.01809000
v -0.02506900 0.02424175 0.01911950
v -0.02501350 0.02404125 0.03326200
v -0.02502900 0.02399425 0.03626450
v -0.02503350 0.02393875 0.03929000
v -0.02502700 0.02390125 0.04132900
v -0.02500550 0.02389425 0.04235200
v -0.02512350 0.02367775 0.04132350
v -0.02511300 0.02368325 0.04234650
v -0.02511250 0.02337775 0.04233650
v -0.02511450 0.02305375 0.04130600
v -0.02510900 0.02306525 0.04232500
v -0.02510900 0.02272675 0.04129550
v -0.02510350 0.02273225 0.04231200
v -0.02510300 0.02237975 0.04128450
v -0.02509750 0.02238875 0.04229800
v -0.02508950 0.02240475 0.04330400
v -0.02506900 0.02202075 0.04424550
v -0.02507100 0.02150075 0.04325350
v -0.02505850 0.02148525 0.04421400
v -0.02494750 0.02132375 0.04688450
v -0.02492550 0.02132275 0.04722000
v -0.02490300 0.02133225 0.04751250
v -0.02475600 0.01703175 0.04854400
v -0.02451850 0.01606075 0.04869850
v -0.01415450 0.01332525 0.04891500
v -0.02469500 0.00272775 0.01189350
v -0.01927350 0.02444225 0.00224250
v -0.02510050 0.02435725 0.00775200
v -0.02512050 0.02435525 0.00880000
v -0.02513700 0.02433725 0.00984550
v -0.02513650 0.02432975 0.01088450
v -0.02512700 0.02432125 0.01191950
v -0.02519000 0.02405075 0.01295250
v -0.02518650 0.02372925 0.01295200
v -0.02518650 0.02372025 0.01398200
v -0.02519050 0.02404425 0.01398300
v -0.02518500 0.02370725 0.01500950
v -0.02517700 0.02372975 0.01911750
v -0.02518100 0.02403925 0.01911950
v -0.02517750 0.02403675 0.02014500
v -0.02515550 0.02397425 0.02820650
v -0.02515100 0.02395825 0.02921850
v -0.02514700 0.02384975 0.03325950
v -0.02514100 0.02351675 0.03426300
v -0.02513800 0.02349025 0.03526150
v -0.02512300 0.02336975 0.04029550
v -0.02511850 0.02305875 0.04028800
v -0.02511350 0.02274275 0.04028050
v -0.02510800 0.02241825 0.04027200
v -0.02510400 0.02204325 0.03925100
v -0.02510000 0.02199975 0.04026100
v -0.02509500 0.02197625 0.04127100
v -0.02508750 0.02139975 0.04024450
v -0.02508400 0.02143025 0.04125250
v -0.02507900 0.02146625 0.04225700
v -0.02506800 0.02071475 0.04122850
v -0.02506200 0.02070225 0.04222400
v -0.02505300 0.02066775 0.04320750
v -0.02504050 0.01975425 0.04218600
v -0.02503250 0.01973525 0.04316700
v -0.02499650 0.01973325 0.04504750
v -0.02468700 0.01407125 0.04871850
v -0.02466250 0.01306175 0.04877700
v -0.02445050 0.01307175 0.04885250
v -0.02463950 0.01205025 0.04883100
v -0.02442700 0.01206175 0.04889700
v -0.02439100 0.01105675 0.04894100
v -0.00346000 0.00752225 0.04922000
v -0.00000000 0.00553025 0.04931250
v -0.00000000 0.00447125 0.04935900
v -0.02449650 -0.00458725 0.02409450
v -0.02492400 0.01812175 0.00201600
v -0.02494050 0.01911925 0.00206300
v -0.02476950 0.02009375 0.00186900
v -0.02475700 0.02099275 0.00192100
v -0.02284250 0.02426775 0.00225150
v -0.02331150 0.02418775 0.00220500
v -0.02495250 0.02434675 0.00477950
v -0.02503050 0.02436175 0.00568250
v -0.02507050 0.02436525 0.00671050
v -0.02517000 0.02420525 0.00568200
v -0.02518400 0.02417075 0.00670900
v -0.02518300 0.02386275 0.00671000
v -0.02517500 0.02309675 0.01295150
v -0.02518150 0.02341625 0.01295200
v -0.02518100 0.02340425 0.01398150
v -0.02517950 0.02338925 0.01500900
v -0.02513500 0.02291575 0.03324600
v -0.02513950 0.02322875 0.03325050
v -0.02512950 0.02286325 0.03525100
v -0.02513450 0.02318225 0.03525650
v -0.02512400 0.02283025 0.03724700
v -0.02512850 0.02313975 0.03725150
v -0.02511800 0.02250425 0.03724250
v -0.02509750 0.02146475 0.03722700
v -0.02509100 0.02140625 0.03923750
v -0.02507450 0.02066775 0.03922050
v -0.02507200 0.02068975 0.04022500
v -0.02505450 0.01979375 0.03920050
v -0.02505150 0.01979525 0.04020100
v -0.02504700 0.01977925 0.04119700
v -0.02502800 0.01878825 0.04017400
v -0.02434550 0.01005425 0.04898450
v -0.02455000 0.00903975 0.04899300
v -0.00000000 0.00235575 0.04944700
v -0.02373800 -0.02524075 0.03231150
v -0.02468200 0.00256775 0.02000250
v -0.02500350 0.01599775 0.00574950
v -0.02502700 0.01701175 0.00576000
v -0.02497000 0.02098675 0.00216850
v -0.02497700 0.02178875 0.00220300
v -0.02473950 0.02180025 0.00197350
v -0.02498100 0.02243575 0.00222450
v -0.02469900 0.02247425 0.00202000
v -0.02463700 0.02295775 0.00205900
v -0.02368050 0.02414275 0.00219550
v -0.02396800 0.02409075 0.00219200
v -0.02367900 0.02425975 0.00248650
v -0.02370550 0.02428225 0.00283800
v -0.02472600 0.02426125 0.00354050
v -0.02483150 0.02429775 0.00407850
v -0.02497450 0.02414725 0.00349400
v -0.02508050 0.02419325 0.00404000
v -0.02516050 0.02420925 0.00476600
v -0.02512700 0.02389625 0.00406850
v -0.02516100 0.02391025 0.00477950
v -0.02517450 0.02389975 0.00568800
v -0.02515950 0.02358375 0.00480150
v -0.02517150 0.02358775 0.00570200
v -0.02517900 0.02355975 0.00671250
v -0.02516700 0.02326875 0.00571850
v -0.02517350 0.02324425 0.00671600
v -0.02516700 0.02283125 0.00880850
v -0.02516800 0.02283575 0.00984950
v -0.02515900 0.02239925 0.01088850
v -0.02515900 0.02237975 0.01192200
v -0.02516800 0.02278575 0.01192100
v -0.02515800 0.02234075 0.01295200
v -0.02516800 0.02277375 0.01295200
v -0.02515700 0.02231425 0.01398000
v -0.02516700 0.02275875 0.01398050
v -0.02516550 0.02273925 0.01500750
v -0.02512000 0.02220975 0.03424050
v -0.02511700 0.02217725 0.03523950
v -0.02512350 0.02253375 0.03524600
v -0.02511400 0.02214525 0.03623600
v -0.02510300 0.02149825 0.03522800
v -0.02510050 0.02149225 0.03622650
v -0.02508250 0.02067025 0.03621350
v -0.02506150 0.01976075 0.03619800
v -0.02505700 0.01977825 0.03819900
v -0.02503450 0.01881175 0.03818000
v -0.02503150 0.01880525 0.03917800
v -0.02446200 0.00702925 0.04910000
v -0.02444650 0.00602975 0.04913500
v -0.00069450 -0.00083375 0.04957500
v -0.00071650 -0.00188625 0.04961100
v -0.02381900 -0.02525675 0.03533050
v -0.02415350 -0.01680225 0.03435000
v -0.02501150 0.01596225 0.00881900
v -0.02501150 0.01597075 0.00779000
v -0.02503500 0.01697875 0.00882450
v -0.02503500 0.01698675 0.00779650
v -0.02503350 0.01699775 0.00677150
v -0.02505800 0.01800025 0.00780150
v -0.02506950 0.02172275 0.00342850
v -0.02506300 0.02236125 0.00307750
v -0.02503700 0.02238625 0.00262700
v -0.02507150 0.02286975 0.00309300
v -0.02504000 0.02290225 0.00263600
v -0.02497150 0.02295675 0.00223250
v -0.02503200 0.02330175 0.00262050
v -0.02491500 0.02336225 0.00222650
v -0.02454550 0.02331875 0.00210450
v -0.02478050 0.02365575 0.00225400
v -0.02498150 0.02362025 0.00261150
v -0.02487550 0.02388475 0.00261150
v -0.02506600 0.02358875 0.00306700
v -0.02500950 0.02388325 0.00303200
v -0.02485600 0.02413325 0.00302850
v -0.02508150 0.02388175 0.00351250
v -0.02510500 0.02357575 0.00356350
v -0.02513400 0.02357025 0.00409750
v -0.02510500 0.02325475 0.00358550
v -0.02513050 0.02324425 0.00412000
v -0.02515700 0.02325275 0.00482600
v -0.02512450 0.02285175 0.00411450
v -0.02516100 0.02294925 0.00573200
v -0.02513950 0.02240475 0.00487000
v -0.02515100 0.02243875 0.00575500
v -0.02515650 0.02244225 0.00673700
v -0.02515800 0.02243625 0.00777350
v -0.02515850 0.02242775 0.00881300
v -0.02514250 0.02173625 0.00778300
v -0.02514250 0.02170675 0.00881850
v -0.02514250 0.02168175 0.00985550
v -0.02513900 0.02158975 0.01500400
v -0.02513500 0.02161025 0.01807450
v -0.02508650 0.02066175 0.03421300
v -0.02510450 0.02148425 0.03422700
v -0.02488550 0.01270175 0.04014200
v -0.02484200 0.01289075 0.04521800
v -0.02447050 0.00502825 0.04914550
v -0.02124300 0.00410625 0.04927800
v -0.01852300 0.00418075 0.04929950
v -0.01302800 0.00015975 0.04947600
v -0.01907500 0.00109825 0.04940350
v -0.02440600 0.00095225 0.04919000
v -0.02469050 0.00791875 0.04622950
v -0.02472900 0.00788025 0.04530000
v -0.02486650 0.01164525 0.03811400
v -0.02488800 0.01267125 0.03911900
v -0.02489250 0.01263825 0.03709400
v -0.02489450 0.01263425 0.03609000
v -0.02514100 0.02175325 0.00675500
v -0.02513600 0.02174275 0.00577350
v -0.02512450 0.02171625 0.00487000
v -0.02511300 0.02236225 0.00408250
v -0.02509850 0.02285275 0.00356850
v -0.02507550 0.02326975 0.00308650
v -0.02487050 0.01161575 0.03608650
v -0.02472600 0.00683325 0.04433000
v -0.02470550 0.00687225 0.04532900
v -0.02470250 0.00582325 0.04435150
v -0.02468200 0.00586325 0.04535200
v -0.02414350 -0.00109425 0.04940800
v -0.02419850 -0.00006575 0.04936750
v -0.01299700 -0.00087575 0.04951300
v -0.00336050 -0.00897925 0.04984950
v -0.02384750 -0.02526175 0.03734500
v -0.02384100 -0.02526025 0.03633650
v -0.02423850 -0.01372575 0.03738500
v -0.02475050 0.00659275 0.03616400
v -0.02472400 0.00563525 0.03822950
v -0.02472050 0.00569025 0.04027300
v -0.02471800 0.00572025 0.04129450
v -0.02471000 0.00578675 0.04333500
v -0.02469100 0.00474275 0.04233400
v -0.02188550 -0.00204725 0.04947650
v -0.02383900 -0.02527275 0.03936800
v -0.02384550 -0.02526625 0.03835550
v -0.02389700 -0.02492875 0.03937350
v -0.02389950 -0.02491525 0.03836100
v -0.02391100 -0.02454425 0.03937850
v -0.02420700 -0.01474475 0.03941500
v -0.02420800 -0.01475075 0.03840200
v -0.02423650 -0.01371125 0.03941050
v -0.02423750 -0.01371925 0.03839800
v -0.02426500 -0.01267875 0.03940550
v -0.02426600 -0.01268925 0.03839350
v -0.02429200 -0.01164775 0.03940000
v -0.02431850 -0.01061825 0.03939500
v -0.02434450 -0.00959075 0.03939000
v -0.02450450 -0.00353125 0.03529100
v -0.02450600 -0.00354525 0.03427400
v -0.02453150 -0.00253025 0.03426400
v -0.02472650 0.00558875 0.03618450
v -0.02424250 -0.00518025 0.04947250
v -0.02428450 -0.00416025 0.04942000
v -0.01551000 -0.00503975 0.04964500
v -0.02379550 -0.02527925 0.04140550
v -0.02382150 -0.02527625 0.04038450
v -0.02389050 -0.02497775 0.04141100
v -0.02389400 -0.02495075 0.04039050
v -0.02390550 -0.02459475 0.04141550
v -0.02390850 -0.02457225 0.04039550
v -0.02391900 -0.02421125 0.04142050
v -0.02392200 -0.02418025 0.04040050
v -0.02393550 -0.02376325 0.04040550
v -0.02394750 -0.02330625 0.04142950
v -0.02395050 -0.02327725 0.04041100
v -0.02396750 -0.02263625 0.04143450
v -0.02417450 -0.01577225 0.04043200
v -0.02420300 -0.01472425 0.04143900
v -0.02420500 -0.01473575 0.04042750
v -0.02423250 -0.01368675 0.04143250
v -0.02423500 -0.01370025 0.04042200
v -0.02426050 -0.01265075 0.04142600
v -0.02426300 -0.01266575 0.04041600
v -0.02428750 -0.01161625 0.04141900
v -0.02429000 -0.01163325 0.04041050
v -0.02431650 -0.01060225 0.04040500
v -0.02433950 -0.00955275 0.04140800
v -0.02434250 -0.00957275 0.04040000
v -0.02445600 -0.00328425 0.04539650
v -0.02424800 -0.00621575 0.04919000
v -0.00829450 -0.01007525 0.04983750
v -0.02388450 -0.02499225 0.04346500
v -0.02388800 -0.02498875 0.04243550
v -0.02389700 -0.02461575 0.04346850
v -0.02390200 -0.02460725 0.04243950
v -0.02390900 -0.02424525 0.04346900
v -0.02391450 -0.02422825 0.04244300
v -0.02392100 -0.02386675 0.04346950
v -0.02392750 -0.02383125 0.04244600
v -0.02393650 -0.02337125 0.04346950
v -0.02394250 -0.02334975 0.04244950
v -0.02395800 -0.02266325 0.04346800
v -0.02413400 -0.01677925 0.04347250
v -0.02416500 -0.01573475 0.04346900
v -0.02416900 -0.01575075 0.04245700
v -0.02419550 -0.01469225 0.04346150
v -0.02420000 -0.01470975 0.04245050
v -0.02422450 -0.01365075 0.04345150
v -0.02422900 -0.01367025 0.04244250
v -0.02425650 -0.01263275 0.04243350
v -0.02427850 -0.01157475 0.04342800
v -0.02428350 -0.01159675 0.04242550
v -0.02430500 -0.01053975 0.04341850
v -0.02431000 -0.01056275 0.04241850
v -0.02452200 -0.00243825 0.03935100
v -0.02452400 -0.00246075 0.03833400
v -0.02433200 -0.00735825 0.04623500
v -0.02410700 -0.00928375 0.04962850
v -0.02091550 -0.00921875 0.04971450
v -0.02375500 -0.02526975 0.04555550
v -0.02377450 -0.02528725 0.04450950
v -0.02386500 -0.02497775 0.04554750
v -0.02387700 -0.02498775 0.04450800
v -0.02387750 -0.02460925 0.04553400
v -0.02389050 -0.02461825 0.04450450
v -0.02389000 -0.02423425 0.04551950
v -0.02390150 -0.02385725 0.04550900
v -0.02391400 -0.02386325 0.04449450
v -0.02392850 -0.02339475 0.04448700
v -0.02393750 -0.02266825 0.04546950
v -0.02395050 -0.02267025 0.04447750
v -0.02411200 -0.01674325 0.04547250
v -0.02412650 -0.01676225 0.04447900
v -0.02414250 -0.01569175 0.04547850
v -0.02415750 -0.01571475 0.04447850
v -0.02418750 -0.01467025 0.04447200
v -0.02419750 -0.01360175 0.04545500
v -0.02421600 -0.01362825 0.04445850
v -0.02422500 -0.01256175 0.04542700
v -0.02424300 -0.01258825 0.04444100
v -0.02427950 -0.01048775 0.04537700
v -0.02429600 -0.01051475 0.04440850
v -0.02433100 -0.00842025 0.04534950
v -0.02425250 -0.01045975 0.04629600
v -0.02400550 -0.01135775 0.04971800
v -0.02362950 -0.02516075 0.04740850
v -0.02370500 -0.02522525 0.04655500
v -0.02379000 -0.02492025 0.04741650
v -0.02383050 -0.02496475 0.04654550
v -0.02381350 -0.02455825 0.04739100
v -0.02385050 -0.02459225 0.04652300
v -0.02383200 -0.02416675 0.04736450
v -0.02386550 -0.02420875 0.04650050
v -0.02387850 -0.02379625 0.04647900
v -0.02405100 -0.01344975 0.04970000
v -0.02400650 -0.01240275 0.04974550
v -0.02022950 -0.01441825 0.04984750
v -0.02344700 -0.02500375 0.04867650
v -0.02353550 -0.02507175 0.04810450
v -0.02366100 -0.02478175 0.04869150
v -0.02371750 -0.02484725 0.04812150
v -0.02370950 -0.02445675 0.04864400
v -0.02376650 -0.02450525 0.04807950
v -0.02375450 -0.02408025 0.04858200
v -0.02379300 -0.02411625 0.04804650
v -0.02026550 -0.01547275 0.04987050
v -0.02371450 -0.02405125 0.04901200
v -0.02375150 -0.02360125 0.04895450
v -0.02398800 -0.01663225 0.04974800
v -0.02369200 -0.01769425 0.04987650
v -0.02373800 -0.01661925 0.04985300
v -0.01635400 -0.02280925 0.05000000
v -0.01636250 -0.02338525 0.05000000
v -0.02358950 -0.02083625 0.04993550
v -0.02355750 -0.02172175 0.04994950
v -0.02387700 -0.01984925 0.04983300
v -0.02392350 -0.01878275 0.04984300
v -0.02372350 -0.02248275 0.04985650
v -0.02352100 -0.02248325 0.04996150
v -0.02347850 -0.02306825 0.04996650
v -0.01637350 -0.02389225 0.04999850
v -0.01538200 -0.02436875 0.04999450
v -0.02194050 -0.02481575 0.04997850
v -0.02239000 -0.02481375 0.04996750
v -0.02238950 -0.02496825 0.04968500
v -0.02268000 -0.02480725 0.04996600
v -0.02270450 -0.02496425 0.04969050
v -0.02295150 -0.02479425 0.04996300
v -0.02299400 -0.02495825 0.04969700
v -0.02269300 -0.02445375 0.04997700
v -0.02334550 -0.02405625 0.04996800
v -0.02361000 -0.02407975 0.04990400
v -0.02342700 -0.02359325 0.04996850
v -0.02364700 -0.02360425 0.04988800
v -0.02243150 -0.02403425 0.04997950
v -0.02239900 -0.02444925 0.04997900
v 0.02489450 0.02355475 0.04698100
v 0.02468400 0.02321475 0.04791150
v 0.02441300 0.02418575 0.00233950
v 0.02338200 -0.02474025 0.04992300
v 0.02372450 -0.02465775 0.00026350
v 0.02497000 0.02359825 0.04650950
v 0.02499650 0.02333825 0.04648400
v 0.02494800 0.02331175 0.04693200
v 0.02472300 0.02371775 0.04649400
v 0.02489250 0.02328625 0.04726400
v 0.02476000 0.02325425 0.04777500
v 0.02485250 0.02300325 0.04775650
v 0.02476150 0.02304275 0.04796850
v 0.02459650 0.02309775 0.04812450
v 0.02455950 0.02328625 0.04795500
v 0.02460700 0.02340175 0.04777950
v 0.02419250 0.02422175 0.00235300
v 0.02422050 0.02405825 0.00219950
v 0.02448900 0.02405125 0.00229700
v 0.02469650 0.02408525 0.00263500
v 0.02348650 -0.02448275 0.04994200
v 0.02357700 -0.02446825 0.04969200
v 0.02342600 -0.02477025 0.04969900
v 0.02318350 -0.02479725 0.04994600
v 0.02323150 -0.02445025 0.04996400
v 0.02322750 -0.02491125 0.04970350
v 0.01368900 -0.01912975 0.04999450
v 0.01369250 -0.01853125 0.04999050
v 0.01218300 0.02460575 0.00212600
v 0.02381700 -0.02432325 0.00030650
v 0.02349550 -0.02429175 0.00021100
v 0.02376850 -0.02464175 0.00060100
v 0.02344450 -0.02471975 0.00058350
v 0.02309200 -0.02472575 0.00058150
v 0.02309950 -0.02478025 0.00094900
v 0.02346500 -0.02476975 0.00095250
v 0.02384250 -0.02395675 0.00033500
v 0.02385950 -0.02356175 0.00035250
v 0.02353500 -0.02393175 0.00020250
v 0.02357600 -0.02311025 0.00021800
v 0.02316150 -0.02309925 0.00015600
v 0.02388900 -0.02258825 0.00039100
v 0.02359950 -0.02257025 0.00023750
v 0.02274250 -0.02254525 0.00010900
v 0.02277050 -0.02187625 0.00012150
v 0.02221050 -0.02186225 0.00008950
v 0.02219450 -0.02104525 0.00010200
v 0.02137000 -0.02100775 0.00007650
v 0.02275650 -0.02016725 0.00016350
v 0.02131300 -0.02010375 0.00008850
v 0.01938450 -0.02002425 0.00004250
v 0.02018350 -0.01711375 0.00010900
v 0.01821050 -0.01513425 0.00011750
v 0.00934700 -0.00920925 0.00018700
v 0.00932850 -0.00825625 0.00020450
v 0.00095750 0.00110375 0.00050050
v 0.00097150 0.00318525 0.00059150
v 0.00093300 -0.00203025 0.00036550
v 0.01541300 -0.01697675 0.00006200
v 0.01543150 -0.01795075 0.00004500
v 0.01544900 -0.01890875 0.00003150
v 0.01744300 -0.02076725 0.00002350
v 0.01943000 -0.02090175 0.00003800
v 0.02220250 -0.02309975 0.00007350
v 0.02219200 -0.02354575 0.00006850
v 0.02271200 -0.02352375 0.00009400
v 0.02218800 -0.02395675 0.00006450
v 0.02270350 -0.02392675 0.00009050
v 0.02313250 -0.02393025 0.00014000
v 0.02270150 -0.02430525 0.00009950
v 0.02312250 -0.02429325 0.00015800
v 0.02217000 -0.02468675 0.00023050
v 0.02214500 -0.02473775 0.00059550
v 0.02219050 -0.02435525 0.00006450
v 0.02152150 -0.02440325 0.00005600
v 0.02056000 -0.02402825 0.00003250
v 0.02057950 -0.02444325 0.00004050
v 0.01746250 -0.02227225 0.00001550
v 0.01746500 -0.02289175 0.00001350
v 0.01548700 -0.02071925 0.00001550
v 0.01547150 -0.01983725 0.00001950
v 0.01053100 -0.01601425 0.00006650
v 0.01050200 -0.01506725 0.00008350
v 0.00858600 -0.01786575 0.00003550
v 0.01057100 -0.01790025 0.00003700
v 0.01450150 -0.02153775 0.00001050
v 0.01848700 -0.02395675 0.00002150
v 0.01953300 -0.02443675 0.00003850
v 0.02312000 -0.02482425 0.00138300
v 0.02315800 -0.02487925 0.00197700
v 0.02355000 -0.02487625 0.00195150
v 0.02361150 -0.02493375 0.00275100
v 0.02388250 -0.02482425 0.00275650
v 0.02387900 -0.02477225 0.00193950
v 0.02389200 -0.02444625 0.00196850
v 0.02201550 -0.01711525 0.00017950
v 0.02195300 -0.01610025 0.00019950
v 0.02105700 -0.01609675 0.00016050
v 0.02099950 -0.01508725 0.00018350
v 0.01716300 -0.01116125 0.00019300
v 0.00830600 -0.00422875 0.00031600
v 0.00859650 -0.01883125 0.00002700
v 0.02368750 -0.02500325 0.00469400
v 0.02365500 -0.02497525 0.00369050
v 0.02392150 -0.02486925 0.00469700
v 0.02390850 -0.02485425 0.00369350
v 0.02393700 -0.02453775 0.00470850
v 0.02392250 -0.02452325 0.00370800
v 0.02394900 -0.02418325 0.00472100
v 0.02393550 -0.02415975 0.00372050
v 0.02394800 -0.02377025 0.00373400
v 0.01905150 -0.01210125 0.00020000
v 0.01714600 -0.01013625 0.00021450
v 0.01709600 -0.00806975 0.00027650
v 0.01313450 -0.00518275 0.00032150
v 0.01310550 -0.00413175 0.00036250
v 0.01016400 -0.00214075 0.00040250
v 0.01343300 -0.02422475 0.00000000
v 0.02373250 -0.02501975 0.00676050
v 0.02371200 -0.02501175 0.00572500
v 0.02392900 -0.02486925 0.00572850
v 0.02394250 -0.02453725 0.00573750
v 0.02395400 -0.02418375 0.00574700
v 0.02396900 -0.02379325 0.00678250
v 0.02396600 -0.02381175 0.00575650
v 0.02414800 -0.01513825 0.00096400
v 0.02359700 -0.01512225 0.00040650
v 0.02312000 -0.01409325 0.00036450
v 0.02256150 -0.01205325 0.00034800
v 0.02176050 -0.01101975 0.00032950
v 0.02082200 -0.00895925 0.00033350
v 0.01789700 -0.00592975 0.00036850
v 0.01120550 0.00102275 0.00055050
v 0.02393800 -0.02485675 0.00779500
v 0.02259100 -0.00900025 0.00043900
v 0.02259800 -0.00798725 0.00046950
v 0.02081150 -0.00792975 0.00036550
v 0.01784150 -0.00490225 0.00040450
v 0.01127200 0.00319225 0.00064600
v 0.00363050 0.01040625 0.00094700
v 0.00357750 0.01144325 0.00100900
v 0.02422000 -0.01534875 0.00512050
v 0.02423850 -0.01429725 0.00425400
v 0.02376200 -0.00704875 0.00062700
v 0.02267050 -0.00497725 0.00057350
v 0.02180650 -0.00393975 0.00055700
v 0.01788250 0.00019425 0.00061050
v 0.01492050 0.00117625 0.00059950
v 0.02425300 -0.01438725 0.00705250
v 0.02425300 -0.01435975 0.00609350
v 0.02425050 -0.01432975 0.00515200
v 0.02428250 -0.01334075 0.00611200
v 0.02427950 -0.01331075 0.00517350
v 0.02430800 -0.01229125 0.00518450
v 0.02429750 -0.01225925 0.00429000
v 0.02377950 -0.00603875 0.00066000
v 0.02184300 -0.00293375 0.00059850
v 0.02089050 -0.00188475 0.00058550
v 0.02092400 -0.00087175 0.00063100
v 0.02095200 0.00014175 0.00067800
v 0.01789550 0.00122125 0.00065650
v 0.01416400 0.00538525 0.00078000
v 0.01321600 0.00855525 0.00093000
v 0.01119450 0.00959775 0.00096450
v 0.01118800 0.01059075 0.00101400
v 0.00071300 0.02056725 0.00167800
v 0.00078200 0.02149725 0.00176150
v 0.00272900 0.02518525 0.00477850
v 0.02391350 -0.02498925 0.01495800
v 0.02428100 -0.01339475 0.00803700
v 0.02428250 -0.01336875 0.00706800
v 0.02431000 -0.01237675 0.00804500
v 0.02431150 -0.01234975 0.00707700
v 0.02433950 -0.01133075 0.00707750
v 0.02433950 -0.01130125 0.00612000
v 0.02440450 -0.00818925 0.00418650
v 0.02441600 -0.00506225 0.00109350
v 0.02442900 -0.00404675 0.00107750
v 0.02378900 -0.00300175 0.00076650
v 0.01118900 0.01247475 0.00111450
v 0.00365700 0.02420975 0.04809700
v 0.00088600 0.02407975 0.04826200
v 0.00365800 0.02399775 0.04828450
v 0.00658400 0.02394575 0.04826550
v 0.01553850 0.02365925 0.04827400
v 0.01756000 0.02362875 0.04825950
v 0.01856850 0.02368325 0.04819200
v 0.01956600 0.02337275 0.04828200
v 0.02430850 -0.01240275 0.00902200
v 0.02433700 -0.01138525 0.00902450
v 0.02433850 -0.01135875 0.00804700
v 0.02436650 -0.01031225 0.00707150
v 0.02439250 -0.00932425 0.00803450
v 0.02425850 0.00002825 0.00094900
v 0.02097150 0.00521425 0.00091100
v 0.01902450 0.00632725 0.00091250
v 0.01123000 0.01620675 0.00137600
v 0.00274800 0.02347075 0.00194550
v 0.00090850 0.02489475 0.00211450
v 0.00279300 0.02481375 0.00208850
v 0.02257300 0.02354625 0.04819450
v 0.02161550 0.02362775 0.04814550
v 0.01144200 0.02149775 0.04845200
v 0.01146350 0.02209625 0.04840700
v 0.00359450 0.02111575 0.04848900
v 0.02390050 -0.02505875 0.01903950
v 0.02436250 -0.01039475 0.01000850
v 0.02438950 -0.00937925 0.01000400
v 0.02441800 -0.00833725 0.00900700
v 0.02452250 -0.00416625 0.00498600
v 0.02450950 -0.00413625 0.00404700
v 0.02453350 -0.00312225 0.00400250
v 0.02452250 0.00102325 0.00112450
v 0.02453650 0.00304225 0.00110750
v 0.01321100 0.01707875 0.00144700
v 0.00944800 0.02103925 0.00174800
v 0.00562800 0.02273225 0.00187350
v 0.00573900 0.02502175 0.00231050
v 0.02359450 0.02354275 0.04813300
v 0.02314700 0.02356675 0.04816400
v 0.02360000 0.02322175 0.04822100
v 0.02315800 0.02322325 0.04824450
v 0.00350100 0.01941925 0.04860200
v 0.02380800 -0.02514475 0.02108250
v 0.02386200 -0.02512675 0.02006000
v 0.02455350 -0.00324325 0.00792500
v 0.02455450 -0.00321425 0.00692300
v 0.02455400 -0.00318425 0.00592550
v 0.02458050 -0.00220175 0.00689400
v 0.02457400 -0.00214025 0.00489650
v 0.02460550 -0.00115975 0.00585200
v 0.02459850 -0.00112775 0.00484650
v 0.02457850 -0.00109625 0.00388950
v 0.02462250 -0.00011675 0.00479900
v 0.02454050 0.00404425 0.00113500
v 0.02293050 0.00907275 0.00117850
v 0.02114750 0.01219425 0.00128350
v 0.01921250 0.01426125 0.00135100
v 0.01322650 0.01903625 0.00160200
v 0.01323000 0.01996275 0.00167750
v 0.00773000 0.02493775 0.00231100
v 0.00879650 0.02487925 0.00228200
v 0.02419150 0.02353325 0.04778850
v 0.02394200 0.02346375 0.04812650
v 0.00083050 0.01759325 0.04871050
v 0.02376250 -0.02516775 0.02312800
v 0.02446500 -0.00641275 0.01297700
v 0.02446700 -0.00638825 0.01197450
v 0.02449150 -0.00540025 0.01297000
v 0.02449350 -0.00537525 0.01196600
v 0.02451950 -0.00436275 0.01195650
v 0.02452150 -0.00433725 0.01095200
v 0.02454750 -0.00332475 0.01094000
v 0.02454950 -0.00329825 0.00993400
v 0.02455150 -0.00327125 0.00892850
v 0.02457750 -0.00225925 0.00891000
v 0.02457950 -0.00223125 0.00790150
v 0.02460500 -0.00121925 0.00787900
v 0.02460600 -0.00119025 0.00686550
v 0.02463000 -0.00014825 0.00581700
v 0.02465450 0.00083225 0.00681500
v 0.02467000 0.00190125 0.00473600
v 0.02470300 0.00801025 0.00159700
v 0.02469350 0.00902975 0.00133550
v 0.01138450 0.02247075 0.00188900
v 0.01314400 0.02383325 0.00204400
v 0.02486700 0.02378625 0.04521400
v 0.02504300 0.02365625 0.04521500
v 0.02500700 0.02362925 0.04593700
v 0.02505900 0.02336825 0.04518900
v 0.02502950 0.02335975 0.04591700
v 0.02505800 0.02306075 0.04516950
v 0.02503200 0.02305375 0.04588850
v 0.02500200 0.02303625 0.04644100
v 0.02503050 0.02273875 0.04585950
v 0.02500150 0.02271025 0.04641050
v 0.02497300 0.02268625 0.04682600
v 0.02494400 0.02268025 0.04715500
v 0.02493350 0.02299925 0.04719950
v 0.02491650 0.02268175 0.04746450
v 0.02489200 0.02298525 0.04749350
v 0.02483900 0.02326275 0.04754450
v 0.02468450 0.02347975 0.04756500
v 0.02442600 0.02347725 0.04777900
v 0.02440600 0.02334775 0.04799650
v 0.02466250 0.02280875 0.04820950
v 0.02442850 0.02281375 0.04826300
v 0.02470400 0.02241925 0.04824600
v 0.02448000 0.02242525 0.04832750
v 0.02474900 0.02194225 0.04828300
v 0.02452850 0.02194275 0.04836500
v 0.02476900 0.02138025 0.04830500
v 0.02456900 0.02139275 0.04839400
v 0.02479100 0.02071525 0.04833450
v 0.02460000 0.02070625 0.04843700
v 0.01425550 0.01623775 0.04875600
v 0.01428050 0.01717825 0.04870350
v 0.00096950 0.01365925 0.04892350
v 0.02375000 -0.02518525 0.02517750
v 0.02375400 -0.02517725 0.02415250
v 0.02448550 -0.00546725 0.01599100
v 0.02448750 -0.00544575 0.01498250
v 0.02448950 -0.00542375 0.01397600
v 0.02451350 -0.00443325 0.01497700
v 0.02451550 -0.00441075 0.01396900
v 0.02451750 -0.00438725 0.01296200
v 0.02465350 0.00080375 0.00783850
v 0.02470150 0.00282525 0.00780600
v 0.02471300 0.01004525 0.00136250
v 0.02470700 0.01106375 0.00137000
v 0.02470500 0.01208425 0.00139750
v 0.02356050 0.01310525 0.00141400
v 0.02358450 0.01411375 0.00147000
v 0.02360150 0.01512075 0.00153000
v 0.02226450 0.01615325 0.00154450
v 0.01621900 0.02415025 0.00210900
v 0.02497150 0.02385725 0.04336550
v 0.02492500 0.02383175 0.04433700
v 0.02509700 0.02368425 0.04335950
v 0.02507150 0.02367725 0.04433550
v 0.02510100 0.02338175 0.04334800
v 0.02508100 0.02337675 0.04431950
v 0.02509850 0.02307525 0.04333550
v 0.02508100 0.02306675 0.04430600
v 0.02509450 0.02274525 0.04332000
v 0.02507950 0.02274775 0.04429050
v 0.02505600 0.02274525 0.04515000
v 0.02507550 0.02240325 0.04427000
v 0.02505150 0.02240175 0.04512050
v 0.02502550 0.02240625 0.04583050
v 0.02504500 0.02201625 0.04509150
v 0.02499750 0.02234275 0.04639800
v 0.02497100 0.02231725 0.04680600
v 0.02493900 0.02185125 0.04716600
v 0.02494400 0.02230325 0.04714750
v 0.02491300 0.02186175 0.04746700
v 0.02488500 0.02188075 0.04775750
v 0.02488550 0.02232375 0.04774100
v 0.02487700 0.02270675 0.04773900
v 0.02482700 0.02237275 0.04801950
v 0.02481650 0.02274875 0.04799950
v 0.02484000 0.02191425 0.04803450
v 0.02487550 0.02134875 0.04779600
v 0.02483900 0.02136975 0.04805950
v 0.02478800 0.01989475 0.04838800
v 0.02477800 0.01896375 0.04844150
v 0.02460000 0.01896725 0.04853950
v 0.01418550 0.01430525 0.04886300
v 0.00100050 0.01165125 0.04902900
v 0.02374550 -0.02520125 0.02722950
v 0.02448350 -0.00548775 0.01700050
v 0.02450950 -0.00447525 0.01699550
v 0.02451150 -0.00445475 0.01598600
v 0.02475000 0.01309875 0.00148500
v 0.02472000 0.01411575 0.00151000
v 0.02232200 0.01816475 0.00166800
v 0.02235050 0.01914475 0.00173900
v 0.01926050 0.02446825 0.00258300
v 0.02510700 0.02428225 0.01603650
v 0.02508350 0.02425575 0.01809000
v 0.02506900 0.02424175 0.01911950
v 0.02501350 0.02404125 0.03326200
v 0.02502900 0.02399425 0.03626450
v 0.02503350 0.02393875 0.03929000
v 0.02502650 0.02390125 0.04132900
v 0.02500550 0.02389425 0.04235200
v 0.02512300 0.02367775 0.04132350
v 0.02511250 0.02368325 0.04234650
v 0.02511900 0.02336825 0.04131500
v 0.02511200 0.02337775 0.04233650
v 0.02510850 0.02306525 0.04232500
v 0.02510900 0.02272675 0.04129550
v 0.02510350 0.02273225 0.04231200
v 0.02509700 0.02238875 0.04229800
v 0.02508900 0.02240475 0.04330400
v 0.02508950 0.02199225 0.04228050
v 0.02508150 0.02201725 0.04328200
v 0.02506850 0.02202075 0.04424550
v 0.02507100 0.02150075 0.04325350
v 0.02505800 0.02148525 0.04421400
v 0.02494700 0.02132375 0.04688450
v 0.02490250 0.02133225 0.04751250
v 0.02475600 0.01703175 0.04854400
v 0.02451800 0.01606075 0.04869850
v 0.01415450 0.01332525 0.04891500
v 0.02469500 0.00272775 0.01189350
v 0.01927300 0.02444225 0.00224250
v 0.02510050 0.02435725 0.00775200
v 0.02512050 0.02435525 0.00880000
v 0.02513700 0.02433725 0.00984550
v 0.02513600 0.02432975 0.01088450
v 0.02512700 0.02432125 0.01191950
v 0.02519000 0.02405075 0.01295250
v 0.02518650 0.02372925 0.01295200
v 0.02518650 0.02372025 0.01398200
v 0.02519050 0.02404425 0.01398300
v 0.02518450 0.02370725 0.01500950
v 0.02517700 0.02372975 0.01911750
v 0.02518050 0.02403925 0.01911950
v 0.02517700 0.02403675 0.02014500
v 0.02515550 0.02397425 0.02820650
v 0.02515100 0.02395825 0.02921850
v 0.02514700 0.02384975 0.03325950
v 0.02514100 0.02351675 0.03426300
v 0.02512250 0.02336975 0.04029550
v 0.02512600 0.02368525 0.04030250
v 0.02511350 0.02274275 0.04028050
v 0.02510800 0.02241825 0.04027200
v 0.02510000 0.02199975 0.04026100
v 0.02509500 0.02197625 0.04127100
v 0.02508750 0.02139975 0.04024450
v 0.02508350 0.02143025 0.04125250
v 0.02507850 0.02146625 0.04225700
v 0.02506800 0.02071475 0.04122850
v 0.02506150 0.02070225 0.04222400
v 0.02505300 0.02066775 0.04320750
v 0.02504000 0.01975425 0.04218600
v 0.02503200 0.01973525 0.04316700
v 0.02501950 0.01972575 0.04413250
v 0.02468700 0.01407125 0.04871850
v 0.02466250 0.01306175 0.04877700
v 0.02445000 0.01307175 0.04885250
v 0.02463900 0.01205025 0.04883100
v 0.02442700 0.01206175 0.04889700
v 0.02439050 0.01105675 0.04894100
v 0.00345950 0.00752225 0.04922000
v 0.02492400 0.01812175 0.00201600
v 0.02494000 0.01911925 0.00206300
v 0.02495600 0.02009325 0.00212250
v 0.02476950 0.02009375 0.00186900
v 0.02475650 0.02099275 0.00192100
v 0.02284200 0.02426775 0.00225150
v 0.02331150 0.02418775 0.00220500
v 0.02495250 0.02434675 0.00477950
v 0.02503050 0.02436175 0.00568250
v 0.02507050 0.02436525 0.00671050
v 0.02516950 0.02420525 0.00568200
v 0.02518350 0.02417075 0.00670900
v 0.02518300 0.02386275 0.00671000
v 0.02518050 0.02342925 0.01192000
v 0.02517450 0.02311225 0.01192050
v 0.02517450 0.02309675 0.01295150
v 0.02518100 0.02341625 0.01295200
v 0.02517400 0.02308275 0.01398100
v 0.02518050 0.02340425 0.01398150
v 0.02517250 0.02306675 0.01500800
v 0.02517900 0.02338925 0.01500900
v 0.02513450 0.02291575 0.03324600
v 0.02513200 0.02289275 0.03425250
v 0.02513700 0.02320825 0.03425800
v 0.02512400 0.02283025 0.03724700
v 0.02512850 0.02313975 0.03725150
v 0.02511800 0.02250425 0.03724250
v 0.02511050 0.02210925 0.03723700
v 0.02509050 0.02140625 0.03923750
v 0.02507450 0.02066775 0.03922050
v 0.02505450 0.01979375 0.03920050
v 0.02505150 0.01979525 0.04020100
v 0.02504650 0.01977925 0.04119700
v 0.02434550 0.01005425 0.04898450
v 0.02455000 0.00903975 0.04899300
v 0.02373800 -0.02524075 0.03231150
v 0.02449450 -0.00459625 0.02511500
v 0.02468150 0.00256775 0.02000250
v 0.02502700 0.01701175 0.00576000
v 0.02496950 0.02098675 0.00216850
v 0.02497650 0.02178875 0.00220300
v 0.02473900 0.02180025 0.00197350
v 0.02498100 0.02243575 0.00222450
v 0.02469900 0.02247425 0.00202000
v 0.02463650 0.02295775 0.00205900
v 0.02368050 0.02414275 0.00219550
v 0.02396750 0.02409075 0.00219200
v 0.02367900 0.02425975 0.00248650
v 0.02370550 0.02428225 0.00283800
v 0.02472550 0.02426125 0.00354050
v 0.02483150 0.02429775 0.00407850
v 0.02497400 0.02414725 0.00349400
v 0.02508050 0.02419325 0.00404000
v 0.02516050 0.02420925 0.00476600
v 0.02512650 0.02389625 0.00406850
v 0.02516050 0.02391025 0.00477950
v 0.02517400 0.02389975 0.00568800
v 0.02515950 0.02358375 0.00480150
v 0.02517150 0.02358775 0.00570200
v 0.02517900 0.02355975 0.00671250
v 0.02516700 0.02326875 0.00571850
v 0.02517300 0.02324425 0.00671600
v 0.02517350 0.02317175 0.00880550
v 0.02517400 0.02315875 0.00984750
v 0.02516750 0.02283575 0.00984950
v 0.02515900 0.02237975 0.01192200
v 0.02515800 0.02234075 0.01295200
v 0.02516750 0.02277375 0.01295200
v 0.02516700 0.02275875 0.01398050
v 0.02515500 0.02228525 0.01500650
v 0.02515000 0.02228675 0.01807950
v 0.02512100 0.02219225 0.03323400
v 0.02512900 0.02259475 0.03324100
v 0.02512650 0.02257675 0.03424650
v 0.02511700 0.02217725 0.03523950
v 0.02512350 0.02253375 0.03524600
v 0.02510300 0.02149825 0.03522800
v 0.02508450 0.02066875 0.03521400
v 0.02507950 0.02066675 0.03721400
v 0.02505900 0.01976775 0.03719850
v 0.02503650 0.01880075 0.03718100
v 0.02503150 0.01880525 0.03917800
v 0.02446150 0.00702925 0.04910000
v 0.02444650 0.00602975 0.04913500
v 0.00069450 -0.00083375 0.04957500
v 0.00071600 -0.00188625 0.04961100
v 0.02381850 -0.02525675 0.03533050
v 0.02415350 -0.01680225 0.03435000
v 0.02501000 0.01595575 0.00984800
v 0.02501100 0.01596225 0.00881900
v 0.02503500 0.01697875 0.00882450
v 0.02503500 0.01698675 0.00779650
v 0.02503350 0.01699775 0.00677150
v 0.02505800 0.01800025 0.00780150
v 0.02506950 0.02172275 0.00342850
v 0.02506250 0.02236125 0.00307750
v 0.02503700 0.02238625 0.00262700
v 0.02507150 0.02286975 0.00309300
v 0.02504000 0.02290225 0.00263600
v 0.02497150 0.02295675 0.00223250
v 0.02503150 0.02330175 0.00262050
v 0.02491500 0.02336225 0.00222650
v 0.02454500 0.02331875 0.00210450
v 0.02478050 0.02365575 0.00225400
v 0.02498150 0.02362025 0.00261150
v 0.02487550 0.02388475 0.00261150
v 0.02506550 0.02358875 0.00306700
v 0.02500950 0.02388325 0.00303200
v 0.02485600 0.02413325 0.00302850
v 0.02508150 0.02388175 0.00351250
v 0.02510500 0.02357575 0.00356350
v 0.02513400 0.02357025 0.00409750
v 0.02510450 0.02325475 0.00358550
v 0.02513050 0.02324425 0.00412000
v 0.02515650 0.02325275 0.00482600
v 0.02512450 0.02285175 0.00411450
v 0.02516100 0.02294925 0.00573200
v 0.02513950 0.02240475 0.00487000
v 0.02515100 0.02243875 0.00575500
v 0.02515650 0.02244225 0.00673700
v 0.02516650 0.02291975 0.00672150
v 0.02515800 0.02243625 0.00777350
v 0.02515850 0.02242775 0.00881300
v 0.02514250 0.02173625 0.00778300
v 0.02514250 0.02170675 0.00881850
v 0.02514000 0.02160375 0.01397800
v 0.02513600 0.02159575 0.01705250
v 0.02508750 0.02065425 0.03320900
v 0.02510450 0.02148425 0.03422700
v 0.02506450 0.01973925 0.03419750
v 0.02506300 0.01975125 0.03519850
v 0.02487250 0.01281025 0.04321450
v 0.02484200 0.01289075 0.04521800
v 0.02447000 0.00502825 0.04914550
v 0.02124300 0.00410625 0.04927800
v 0.01852250 0.00418075 0.04929950
v 0.01302800 0.00015975 0.04947600
v 0.01907500 0.00109825 0.04940350
v 0.02440550 0.00095225 0.04919000
v 0.02469050 0.00791875 0.04622950
v 0.02488800 0.01267125 0.03911900
v 0.02489000 0.01264925 0.03810300
v 0.02486850 0.01162625 0.03709750
v 0.02489400 0.01263425 0.03609000
v 0.02514100 0.02175325 0.00675500
v 0.02513600 0.02174275 0.00577350
v 0.02512400 0.02171625 0.00487000
v 0.02511300 0.02236225 0.00408250
v 0.02509850 0.02285275 0.00356850
v 0.02507500 0.02326975 0.00308650
v 0.02487000 0.01161575 0.03608650
v 0.02484600 0.01060275 0.03609000
v 0.02472600 0.00683325 0.04433000
v 0.02470550 0.00687225 0.04532900
v 0.02470250 0.00582325 0.04435150
v 0.02468200 0.00586325 0.04535200
v 0.02414300 -0.00109425 0.04940800
v 0.02419800 -0.00006575 0.04936750
v 0.01299650 -0.00087575 0.04951300
v 0.00336000 -0.00897925 0.04984950
v 0.02384700 -0.02526175 0.03734500
v 0.02384100 -0.02526025 0.03633650
v 0.02472500 0.00561075 0.03720700
v 0.02472350 0.00563525 0.03822950
v 0.02472200 0.00566175 0.03925150
v 0.02472000 0.00569025 0.04027300
v 0.02471750 0.00572025 0.04129450
v 0.02471450 0.00575275 0.04231550
v 0.02471000 0.00578675 0.04333500
v 0.02469050 0.00474275 0.04233400
v 0.02188550 -0.00204725 0.04947650
v 0.02383900 -0.02527275 0.03936800
v 0.02384550 -0.02526625 0.03835550
v 0.02389700 -0.02492875 0.03937350
v 0.02389950 -0.02491525 0.03836100
v 0.02420650 -0.01474475 0.03941500
v 0.02423650 -0.01371125 0.03941050
v 0.02423750 -0.01371925 0.03839800
v 0.02426450 -0.01267875 0.03940550
v 0.02426550 -0.01268925 0.03839350
v 0.02429150 -0.01164775 0.03940000
v 0.02429300 -0.01166025 0.03838850
v 0.02431800 -0.01061825 0.03939500
v 0.02431950 -0.01063275 0.03838350
v 0.02434400 -0.00959075 0.03939000
v 0.02434550 -0.00960675 0.03837800
v 0.02450600 -0.00354525 0.03427400
v 0.02453250 -0.00254325 0.03324600
v 0.02455750 -0.00152975 0.03323500
v 0.02472750 0.00556825 0.03516200
v 0.02469300 0.00471125 0.04131250
v 0.02424200 -0.00518025 0.04947250
v 0.02428400 -0.00416025 0.04942000
v 0.01550950 -0.00503975 0.04964500
v 0.02379550 -0.02527925 0.04140550
v 0.02382100 -0.02527625 0.04038450
v 0.02389000 -0.02497775 0.04141100
v 0.02390550 -0.02459475 0.04141550
v 0.02390850 -0.02457225 0.04039550
v 0.02391850 -0.02421125 0.04142050
v 0.02392200 -0.02418025 0.04040050
v 0.02393150 -0.02380975 0.04142500
v 0.02393550 -0.02376325 0.04040550
v 0.02394700 -0.02330625 0.04142950
v 0.02395000 -0.02327725 0.04041100
v 0.02396700 -0.02263625 0.04143450
v 0.02420300 -0.01472425 0.04143900
v 0.02420500 -0.01473575 0.04042750
v 0.02423250 -0.01368675 0.04143250
v 0.02423450 -0.01370025 0.04042200
v 0.02426050 -0.01265075 0.04142600
v 0.02426300 -0.01266575 0.04041600
v 0.02429000 -0.01163325 0.04041050
v 0.02431350 -0.01058325 0.04141300
v 0.02431650 -0.01060225 0.04040500
v 0.02433950 -0.00955275 0.04140800
v 0.02434250 -0.00957275 0.04040000
v 0.02452950 -0.00251575 0.03528150
v 0.02455600 -0.00151625 0.03425300
v 0.02445600 -0.00328425 0.04539650
v 0.02424750 -0.00621575 0.04919000
v 0.00829450 -0.01007525 0.04983750
v 0.02388450 -0.02499225 0.04346500
v 0.02388750 -0.02498875 0.04243550
v 0.02389700 -0.02461575 0.04346850
v 0.02390150 -0.02460725 0.04243950
v 0.02390900 -0.02424525 0.04346900
v 0.02391450 -0.02422825 0.04244300
v 0.02392100 -0.02386675 0.04346950
v 0.02392750 -0.02383125 0.04244600
v 0.02393650 -0.02337125 0.04346950
v 0.02396300 -0.02265675 0.04245200
v 0.02413400 -0.01677925 0.04347250
v 0.02416500 -0.01573475 0.04346900
v 0.02416900 -0.01575075 0.04245700
v 0.02419550 -0.01469225 0.04346150
v 0.02420000 -0.01470975 0.04245050
v 0.02422400 -0.01365075 0.04345150
v 0.02422900 -0.01367025 0.04244250
v 0.02425150 -0.01261225 0.04343950
v 0.02425650 -0.01263275 0.04243350
v 0.02427850 -0.01157475 0.04342800
v 0.02430500 -0.01053975 0.04341850
v 0.02430950 -0.01056275 0.04241850
v 0.02433550 -0.00953075 0.04241250
v 0.02452400 -0.00246075 0.03833400
v 0.02433200 -0.00735825 0.04623500
v 0.02410700 -0.00928375 0.04962850
v 0.02091550 -0.00921875 0.04971450
v 0.02375500 -0.02526975 0.04555550
v 0.02377400 -0.02528725 0.04450950
v 0.02386450 -0.02497775 0.04554750
v 0.02387700 -0.02498775 0.04450800
v 0.02387750 -0.02460925 0.04553400
v 0.02389000 -0.02461825 0.04450450
v 0.02388950 -0.02423425 0.04551950
v 0.02390200 -0.02424475 0.04449950
v 0.02391400 -0.02386325 0.04449450
v 0.02392850 -0.02339475 0.04448700
v 0.02393750 -0.02266825 0.04546950
v 0.02395050 -0.02267025 0.04447750
v 0.02397500 -0.02184875 0.04447000
v 0.02411200 -0.01674325 0.04547250
v 0.02412600 -0.01676225 0.04447900
v 0.02414200 -0.01569175 0.04547850
v 0.02415700 -0.01571475 0.04447850
v 0.02418700 -0.01467025 0.04447200
v 0.02419750 -0.01360175 0.04545500
v 0.02421600 -0.01362825 0.04445850
v 0.02424300 -0.01258825 0.04444100
v 0.02427900 -0.01048775 0.04537700
v 0.02429600 -0.01051475 0.04440850
v 0.02433100 -0.00842025 0.04534950
v 0.02425250 -0.01045975 0.04629600
v 0.02400500 -0.01135775 0.04971800
v 0.02362950 -0.02516075 0.04740850
v 0.02370500 -0.02522525 0.04655500
v 0.02378950 -0.02492025 0.04741650
v 0.02383050 -0.02496475 0.04654550
v 0.02381350 -0.02455825 0.04739100
v 0.02385000 -0.02459225 0.04652300
v 0.02383150 -0.02416675 0.04736450
v 0.02386550 -0.02420875 0.04650050
v 0.02387850 -0.02379625 0.04647900
v 0.02405100 -0.01344975 0.04970000
v 0.02400650 -0.01240275 0.04974550
v 0.02022900 -0.01441825 0.04984750
v 0.02344700 -0.02500375 0.04867650
v 0.02353500 -0.02507175 0.04810450
v 0.02366100 -0.02478175 0.04869150
v 0.02371700 -0.02484725 0.04812150
v 0.02370900 -0.02445675 0.04864400
v 0.02376650 -0.02450525 0.04807950
v 0.02375400 -0.02408025 0.04858200
v 0.02379300 -0.02411625 0.04804650
v 0.02026500 -0.01547275 0.04987050
v 0.02371450 -0.02405125 0.04901200
v 0.02375100 -0.02360125 0.04895450
v 0.02398750 -0.01663225 0.04974800
v 0.02369150 -0.01769425 0.04987650
v 0.02373800 -0.01661925 0.04985300
v 0.01635400 -0.02280925 0.05000000
v 0.01636250 -0.02338525 0.05000000
v 0.02358950 -0.02083625 0.04993550
v 0.02355750 -0.02172175 0.04994950
v 0.02387650 -0.01984925 0.04983300
v 0.02392300 -0.01878275 0.04984300
v 0.02372350 -0.02248275 0.04985650
v 0.02352100 -0.02248325 0.04996150
v 0.02347850 -0.02306825 0.04996650
v 0.01637350 -0.02389225 0.04999850
v 0.01538200 -0.02436875 0.04999450
v 0.02194000 -0.02481575 0.04997850
v 0.02239000 -0.02481375 0.04996750
v 0.02238900 -0.02496825 0.04968500
v 0.02268000 -0.02480725 0.04996600
v 0.02270400 -0.02496425 0.04969050
v 0.02295100 -0.02479425 0.04996300
v 0.02299400 -0.02495825 0.04969700
v 0.02269250 -0.02445375 0.04997700
v 0.02334500 -0.02405625 0.04996800
v 0.02361000 -0.02407975 0.04990400
v 0.02342650 -0.02359325 0.04996850
v 0.02364700 -0.02360425 0.04988800
v 0.02243150 -0.02403425 0.04997950
v 0.02239850 -0.02444925 0.04997900
f 1139 1169 151
f 466 242 386
f 17 504 3
f 504 18 3
f 511 512 466
f 512 515 470
f 470 515 471
f 517 515 574
f 471 515 517
f 249 121 248
f 922 931 930
f 546 331 494
f 546 628 619
f 546 248 331
f 546 619 249
f 249 248 546
f 494 331 380
f 922 930 905
f 891 922 889
f 889 890 891
f 887 890 889
f 922 905 889
f 783 1252 797
f 783 798 1252
f 1214 1260 1259
f 1218 1263 1260
f 1219 1263 1218
f 138 103 394
f 1168 1169 1260
f 187 547 214
f 129 235 197
f 129 38 95
f 110 95 94
f 94 108 110
f 94 93 108
f 95 38 94
f 92 93 94
f 249 232 123
f 128 165 154
f 154 111 128
f 113 111 154
f 113 129 95
f 90 92 91
f 92 94 91
f 164 547 187
f 215 214 638
f 644 459 643
f 29 269 242
f 240 161 267
f 240 241 161
f 267 297 240
f 240 297 241
f 394 103 102
f 465 504 17
f 465 29 504
f 242 269 415
f 269 29 415
f 29 465 415
f 466 386 507
f 512 571 514
f 514 515 512
f 574 571 573
f 570 566 608
f 570 571 512
f 508 3 568
f 568 511 508
f 17 3 508
f 568 3 20
f 564 566 567
f 424 470 421
f 421 470 471
f 1167 809 1022
f 1253 798 1309
f 1252 798 1253
f 149 161 995
f 201 223 149
f 650 649 705
f 705 628 650
f 331 248 273
f 273 248 121
f 121 122 273
f 105 331 273
f 273 122 105
f 619 628 618
f 249 619 618
f 618 232 249
f 923 922 891
f 923 931 922
f 817 874 810
f 873 886 884
f 873 874 886
f 872 873 884
f 874 873 872
f 906 923 891
f 886 874 888
f 888 887 886
f 888 890 887
f 904 905 930
f 1004 899 1005
f 330 380 331
f 1242 1130 1080
f 929 950 1294
f 1255 1138 1214
f 1321 1318 1264
f 1320 1318 1321
f 1356 1313 1317
f 1260 1318 1317
f 1315 783 1256
f 1256 1259 1315
f 1256 783 797
f 800 783 1315
f 1314 1313 1311
f 1260 1169 1217
f 1217 1218 1260
f 1173 1218 1176
f 1219 1218 1173
f 1299 1040 1245
f 1245 1352 1299
f 705 704 706
f 26 773 24
f 328 229 323
f 593 452 592
f 413 452 593
f 615 729 614
f 592 542 614
f 614 542 615
f 1520 1519 1525
f 779 28 764
f 13 11 12
f 427 470 424
f 1150 1148 1101
f 1098 1047 1049
f 1000 789 982
f 152 1047 1098
f 243 244 9
f 9 244 228
f 212 228 244
f 211 209 212
f 211 212 227
f 227 212 244
f 1172 1169 1139
f 1139 1171 1172
f 1172 1171 1169
f 1176 1218 1179
f 1218 1171 1179
f 1099 1101 1148
f 1181 1171 1139
f 292 293 549
f 42 129 197
f 38 129 42
f 106 93 92
f 105 108 106
f 108 93 106
f 37 38 30
f 30 94 37
f 37 94 38
f 154 165 166
f 124 123 139
f 110 108 109
f 109 124 111
f 123 124 109
f 186 232 139
f 139 123 186
f 186 123 232
f 139 165 127
f 165 128 127
f 111 113 112
f 110 109 112
f 112 109 111
f 112 95 110
f 112 113 95
f 140 165 139
f 140 164 165
f 139 547 140
f 547 164 140
f 232 618 677
f 656 657 139
f 495 459 644
f 215 638 217
f 275 638 637
f 637 638 635
f 635 665 637
f 636 638 214
f 635 638 636
f 214 620 636
f 504 29 347
f 1146 102 103
f 1146 138 1098
f 103 138 1146
f 466 512 467
f 268 386 242
f 242 415 268
f 268 415 386
f 464 465 17
f 17 415 464
f 464 415 465
f 506 17 466
f 466 507 506
f 506 415 17
f 386 415 506
f 506 507 386
f 574 515 516
f 515 514 516
f 516 571 574
f 516 514 571
f 38 42 237
f 513 570 512
f 566 570 513
f 509 511 466
f 509 508 511
f 466 17 509
f 17 508 509
f 19 3 18
f 563 19 18
f 3 19 563
f 564 567 565
f 565 567 568
f 568 20 565
f 561 564 565
f 565 563 561
f 565 20 3
f 3 563 565
f 510 511 568
f 568 567 510
f 510 567 511
f 569 567 566
f 511 567 569
f 512 511 569
f 569 513 512
f 566 513 569
f 980 226 202
f 1096 809 1252
f 1252 1253 1096
f 1212 1167 797
f 161 241 181
f 977 149 995
f 82 84 85
f 85 84 81
f 81 84 104
f 79 86 120
f 117 144 160
f 116 117 115
f 144 117 116
f 83 54 82
f 54 83 59
f 59 83 82
f 629 628 676
f 629 618 628
f 676 677 629
f 629 677 618
f 1038 1244 1036
f 1166 1244 1038
f 1332 1166 1088
f 1293 1004 1005
f 1242 1080 1293
f 1293 1080 1004
f 1401 1402 1457
f 812 874 785
f 785 810 812
f 812 810 874
f 818 874 817
f 817 810 818
f 887 889 902
f 899 1004 1026
f 1004 1080 1026
f 883 1026 1080
f 884 886 883
f 1079 1080 1130
f 950 929 951
f 953 952 951
f 951 929 930
f 914 904 930
f 930 929 914
f 914 929 1294
f 905 904 914
f 1294 1409 914
f 1294 950 969
f 950 951 969
f 969 951 952
f 969 952 970
f 802 1528 801
f 801 784 802
f 1516 1529 801
f 1214 797 1254
f 1254 1255 1214
f 797 1167 1254
f 1254 1167 1138
f 1138 1255 1254
f 150 417 151
f 150 151 1169
f 203 29 242
f 203 226 29
f 809 980 203
f 1169 1168 1216
f 1216 150 1169
f 1216 1168 1260
f 1262 1318 1260
f 1262 1264 1318
f 1260 1263 1262
f 1263 1264 1262
f 1318 1320 1355
f 1260 1317 1261
f 1261 1317 1313
f 1214 1259 1257
f 1259 1256 1257
f 1257 797 1214
f 1257 1256 797
f 798 783 799
f 798 799 1310
f 1310 799 783
f 1308 1309 1310
f 1309 798 1310
f 1312 1314 1311
f 1315 1314 1312
f 1312 800 1315
f 1312 1311 1308
f 1308 1310 1312
f 783 800 1312
f 1312 1310 783
f 1315 1259 1258
f 1258 1314 1315
f 1259 1314 1258
f 1313 1314 1316
f 1316 1314 1259
f 1316 1259 1260
f 1260 1261 1316
f 1316 1261 1313
f 1170 1171 1218
f 1218 1217 1170
f 1169 1171 1170
f 1170 1217 1169
f 1265 1263 1219
f 1265 1267 1321
f 1321 1264 1265
f 1265 1264 1263
f 745 744 732
f 732 744 746
f 704 731 732
f 708 706 737
f 25 24 772
f 770 773 768
f 770 24 773
f 770 772 24
f 26 24 4
f 377 328 323
f 491 542 592
f 413 593 456
f 456 593 493
f 363 308 307
f 1520 1525 1522
f 1522 1519 1520
f 804 1525 806
f 806 784 804
f 804 1522 1525
f 804 784 801
f 801 805 804
f 746 744 776
f 597 613 647
f 737 761 738
f 738 761 718
f 766 765 767
f 767 770 768
f 772 770 767
f 767 771 769
f 768 773 767
f 773 771 767
f 703 614 729
f 28 779 27
f 779 756 27
f 758 754 761
f 761 754 740
f 740 703 729
f 740 729 615
f 13 14 2
f 2 11 13
f 2 14 15
f 1 11 315
f 9 1 315
f 6 1 9
f 394 393 350
f 314 11 1
f 1 12 314
f 314 12 11
f 395 432 433
f 349 138 394
f 270 243 9
f 270 315 316
f 9 315 270
f 15 14 317
f 244 243 271
f 271 14 319
f 271 317 14
f 271 270 316
f 243 270 271
f 204 212 209
f 211 227 213
f 213 210 211
f 213 321 323
f 323 229 213
f 246 227 244
f 319 321 246
f 321 213 246
f 246 213 227
f 1000 1024 999
f 999 789 1000
f 1180 1179 1171
f 1171 1181 1180
f 1180 1181 1179
f 1183 1182 1148
f 1183 1181 1182
f 1179 1181 1183
f 1067 794 1024
f 1485 1483 1456
f 1366 808 1493
f 1291 1342 493
f 1377 1455 1363
f 493 1342 1206
f 219 253 254
f 218 253 219
f 292 549 552
f 552 549 551
f 548 549 293
f 551 549 548
f 605 294 604
f 574 197 605
f 197 294 605
f 197 235 236
f 236 294 197
f 285 338 459
f 167 166 165
f 154 166 155
f 129 113 155
f 155 113 154
f 255 219 254
f 193 234 169
f 215 217 216
f 216 217 218
f 126 128 111
f 111 124 126
f 107 109 108
f 123 109 107
f 249 123 107
f 107 121 249
f 107 122 121
f 107 108 105
f 105 122 107
f 139 127 125
f 125 127 128
f 128 126 125
f 125 124 139
f 125 126 124
f 32 94 30
f 90 91 89
f 91 35 89
f 36 35 91
f 33 35 36
f 853 852 815
f 652 677 653
f 644 643 642
f 598 597 361
f 597 647 361
f 361 363 307
f 659 547 139
f 139 657 659
f 657 658 659
f 659 658 660
f 676 678 679
f 679 677 676
f 653 677 679
f 612 697 726
f 698 697 626
f 626 488 624
f 250 638 275
f 275 217 250
f 250 217 638
f 218 217 251
f 251 217 275
f 633 636 620
f 635 636 633
f 547 659 633
f 633 665 635
f 459 338 335
f 332 639 459
f 275 637 274
f 274 637 639
f 346 384 265
f 159 144 173
f 160 144 159
f 239 149 223
f 239 265 384
f 161 149 239
f 239 223 201
f 201 265 239
f 298 347 29
f 241 297 298
f 298 226 241
f 29 226 298
f 1139 151 1140
f 151 1141 1140
f 1142 1141 151
f 1142 1140 1141
f 1097 1146 1098
f 1146 1097 1048
f 1098 1049 1048
f 1048 1097 1098
f 417 418 419
f 470 427 419
f 419 418 470
f 468 467 512
f 162 467 468
f 417 150 468
f 466 467 184
f 184 467 162
f 184 242 466
f 184 162 242
f 469 417 512
f 469 418 417
f 512 470 469
f 470 418 469
f 389 390 151
f 151 388 389
f 389 388 390
f 387 388 151
f 151 417 387
f 387 419 429
f 572 573 571
f 572 607 573
f 571 570 572
f 572 570 608
f 608 558 556
f 606 197 574
f 198 42 197
f 197 237 198
f 30 38 238
f 38 237 238
f 220 156 238
f 608 566 560
f 560 558 608
f 560 566 564
f 501 558 560
f 560 559 501
f 560 564 561
f 561 559 560
f 562 563 18
f 561 563 562
f 519 517 574
f 574 576 519
f 520 519 576
f 524 527 525
f 1167 1212 1213
f 1252 809 1213
f 809 1167 1213
f 797 1252 1213
f 1213 1212 797
f 182 181 241
f 947 997 946
f 161 181 946
f 946 997 161
f 809 1096 1046
f 1046 997 980
f 1046 980 809
f 241 226 224
f 160 222 177
f 177 145 160
f 65 51 67
f 81 86 80
f 86 79 80
f 115 114 134
f 134 116 115
f 5 72 33
f 5 77 72
f 5 32 30
f 33 36 5
f 5 36 91
f 5 91 94
f 94 32 5
f 40 5 30
f 115 117 55
f 54 59 55
f 117 101 55
f 785 852 857
f 971 954 973
f 971 989 970
f 973 989 971
f 953 954 971
f 971 952 953
f 970 952 971
f 973 954 972
f 972 1007 973
f 988 987 970
f 970 989 988
f 1028 987 988
f 988 989 1028
f 1243 1036 1244
f 1244 1393 1243
f 1028 989 1006
f 973 1007 1006
f 1006 989 973
f 1358 1357 1349
f 1244 1357 1358
f 1333 1357 1244
f 1087 1166 1038
f 1087 1088 1166
f 1038 1041 1087
f 1087 1041 1088
f 1295 1296 1332
f 1332 1088 1295
f 1295 1088 1296
f 1298 1040 1299
f 1298 1041 1040
f 1299 1352 1326
f 1349 1287 1348
f 1147 1148 1150
f 1147 1183 1148
f 931 923 935
f 935 933 931
f 923 906 935
f 1042 1245 1040
f 1352 1245 1042
f 874 818 875
f 875 818 906
f 875 906 891
f 891 890 875
f 875 888 874
f 890 888 875
f 957 906 822
f 906 818 822
f 34 35 33
f 33 72 34
f 34 72 35
f 35 72 73
f 899 1026 900
f 1026 883 900
f 1432 1429 1404
f 1405 1381 1407
f 1407 1404 1405
f 1406 1404 1407
f 1407 914 1409
f 1381 914 1407
f 1432 1404 1434
f 1434 1404 1406
f 1434 1429 1432
f 1436 1434 1406
f 905 914 903
f 903 914 902
f 903 889 905
f 903 902 889
f 886 887 885
f 1005 899 885
f 899 900 885
f 885 883 886
f 885 900 883
f 1403 914 1381
f 1378 1379 1429
f 1457 1402 1378
f 1368 1293 1005
f 1368 1378 1293
f 1379 1378 1368
f 1528 802 1496
f 1528 1496 1498
f 806 1525 1482
f 1495 1494 1482
f 1482 1494 806
f 1497 1496 1482
f 242 162 183
f 183 203 242
f 202 226 225
f 225 203 202
f 226 203 225
f 979 980 202
f 202 203 979
f 979 203 980
f 1214 1138 998
f 203 183 998
f 1022 809 998
f 809 203 998
f 998 1167 1022
f 998 183 162
f 162 1216 1215
f 1215 1260 1214
f 1215 1216 1260
f 1319 1317 1318
f 1318 1355 1319
f 1356 1317 1319
f 1303 1305 1356
f 1322 1355 1320
f 1322 1320 1321
f 1311 1313 1307
f 1308 1311 1307
f 1307 1313 1356
f 1356 1305 1307
f 1307 1305 1249
f 1266 1265 1219
f 1267 1265 1266
f 1176 1177 1175
f 733 706 704
f 704 732 733
f 716 738 718
f 26 742 743
f 412 452 413
f 328 377 327
f 326 377 323
f 452 542 454
f 592 452 454
f 229 328 247
f 247 231 229
f 801 1529 1527
f 1527 805 801
f 1526 1527 1529
f 805 1527 1526
f 7 6 301
f 611 597 598
f 611 613 597
f 612 726 725
f 722 723 725
f 725 723 728
f 728 701 725
f 1524 804 805
f 1522 804 1524
f 805 1526 1524
f 1519 1522 1524
f 1524 1526 1519
f 22 776 744
f 761 647 753
f 613 701 753
f 753 701 728
f 718 761 753
f 780 767 765
f 777 779 764
f 28 617 741
f 616 594 593
f 757 756 779
f 757 780 765
f 779 780 757
f 764 28 763
f 761 776 763
f 739 647 761
f 761 740 739
f 755 740 754
f 703 740 755
f 755 741 703
f 615 542 543
f 543 740 615
f 230 213 229
f 210 213 230
f 11 2 16
f 16 315 11
f 16 2 15
f 15 317 16
f 316 315 16
f 16 271 316
f 317 271 16
f 10 12 1
f 301 349 300
f 396 350 393
f 352 350 396
f 13 12 372
f 429 427 431
f 431 427 432
f 395 396 431
f 431 432 395
f 210 230 208
f 229 231 208
f 208 230 229
f 208 209 211
f 211 210 208
f 9 206 185
f 185 206 789
f 789 1047 185
f 1047 152 185
f 138 349 153
f 153 349 152
f 1098 138 153
f 153 152 1098
f 152 349 299
f 9 185 299
f 299 185 152
f 299 6 9
f 301 6 299
f 299 349 301
f 319 246 245
f 245 246 244
f 245 271 319
f 244 271 245
f 789 999 1023
f 1023 1063 789
f 1023 1064 1063
f 1023 999 1024
f 1024 1064 1023
f 1070 1121 1068
f 1069 1067 1002
f 1491 1513 1505
f 1428 1455 1366
f 1366 1493 1428
f 1428 1493 1455
f 1366 1291 1292
f 1365 1291 1366
f 544 1291 493
f 493 593 544
f 593 594 544
f 594 616 544
f 544 617 545
f 544 616 617
f 1341 1377 1363
f 1341 1202 1342
f 1455 1377 1400
f 1366 1455 1400
f 1400 1365 1366
f 1342 1365 1400
f 1129 457 1206
f 1289 1341 1363
f 192 219 193
f 190 216 192
f 218 219 192
f 192 216 218
f 291 293 292
f 292 289 291
f 291 289 288
f 496 294 292
f 292 552 496
f 604 552 579
f 528 527 526
f 526 548 528
f 290 291 288
f 288 495 290
f 495 414 290
f 574 605 577
f 286 285 288
f 253 285 286
f 288 289 286
f 286 289 256
f 286 256 254
f 254 253 286
f 338 285 282
f 253 281 284
f 284 285 253
f 281 285 284
f 459 495 287
f 287 285 459
f 287 495 288
f 288 285 287
f 190 167 188
f 188 164 187
f 165 164 188
f 188 167 165
f 235 234 258
f 258 260 235
f 261 236 235
f 235 260 261
f 294 236 261
f 292 294 261
f 261 260 292
f 194 234 193
f 194 255 234
f 193 219 194
f 219 255 194
f 193 169 168
f 166 167 168
f 189 214 215
f 215 216 189
f 189 216 190
f 187 214 189
f 189 188 187
f 190 188 189
f 785 816 813
f 816 815 813
f 813 852 785
f 677 652 651
f 139 232 651
f 232 677 651
f 651 631 139
f 651 652 631
f 631 654 632
f 632 654 656
f 139 631 632
f 632 656 139
f 630 652 653
f 653 654 630
f 631 652 630
f 630 654 631
f 479 477 476
f 479 433 432
f 432 427 479
f 395 433 434
f 433 479 434
f 621 495 645
f 587 602 538
f 538 537 587
f 587 537 535
f 538 602 601
f 644 642 622
f 622 642 700
f 622 495 644
f 645 495 622
f 622 621 645
f 598 361 590
f 590 407 598
f 590 449 407
f 354 357 352
f 360 361 307
f 655 658 657
f 653 679 655
f 657 656 655
f 655 654 653
f 656 654 655
f 661 659 660
f 661 633 659
f 660 658 685
f 695 697 698
f 695 692 722
f 625 697 612
f 625 626 697
f 700 642 641
f 641 672 700
f 641 642 643
f 700 672 699
f 626 672 671
f 698 626 671
f 639 637 667
f 667 669 639
f 667 637 665
f 233 253 218
f 218 251 233
f 233 251 253
f 253 251 252
f 634 620 214
f 634 633 620
f 634 214 547
f 547 633 634
f 336 335 338
f 334 335 336
f 333 334 639
f 639 332 333
f 333 332 459
f 459 335 333
f 333 335 334
f 334 336 276
f 639 334 276
f 276 274 639
f 276 277 275
f 275 274 276
f 176 222 160
f 160 159 176
f 137 1142 151
f 102 1142 137
f 151 390 137
f 137 390 102
f 102 1146 1143
f 1143 1142 102
f 1139 1140 1143
f 1140 1142 1143
f 1099 1146 1100
f 1146 1048 1100
f 1100 1050 1099
f 1100 1048 1050
f 1148 1182 1145
f 1145 1099 1148
f 1145 1146 1099
f 428 427 429
f 429 419 428
f 428 419 427
f 417 419 420
f 420 387 417
f 419 387 420
f 512 417 416
f 416 468 512
f 417 468 416
f 162 468 163
f 163 468 150
f 163 1216 162
f 150 1216 163
f 390 388 391
f 388 387 391
f 394 102 391
f 102 390 391
f 557 572 608
f 608 556 557
f 607 572 557
f 498 556 558
f 461 556 498
f 573 607 575
f 574 573 575
f 575 606 574
f 197 606 575
f 460 556 461
f 461 340 460
f 199 237 42
f 42 198 199
f 199 198 237
f 505 18 504
f 505 562 18
f 504 347 505
f 522 473 520
f 553 552 551
f 553 582 552
f 527 524 550
f 550 526 527
f 548 526 550
f 551 548 550
f 550 524 551
f 525 527 472
f 472 522 525
f 473 522 472
f 424 421 422
f 422 421 471
f 585 414 495
f 528 548 585
f 425 427 424
f 528 585 530
f 995 161 1019
f 161 1020 1019
f 1019 1250 995
f 1020 1250 1019
f 161 997 996
f 996 1020 161
f 997 1046 1045
f 1045 996 997
f 1020 996 1045
f 980 997 978
f 201 180 178
f 180 177 178
f 178 177 222
f 178 265 201
f 222 265 178
f 865 864 862
f 50 51 48
f 48 51 65
f 48 46 50
f 52 51 50
f 82 85 60
f 60 59 82
f 51 52 53
f 59 60 53
f 53 60 51
f 53 114 115
f 53 52 114
f 63 51 62
f 62 51 81
f 65 67 66
f 74 67 76
f 76 77 74
f 76 51 63
f 76 67 51
f 120 77 76
f 45 156 131
f 173 144 135
f 144 116 135
f 47 46 45
f 50 46 47
f 74 77 75
f 75 5 74
f 77 5 75
f 141 156 142
f 142 134 141
f 342 156 220
f 45 69 41
f 41 40 45
f 69 40 41
f 130 156 45
f 45 40 130
f 130 40 156
f 39 40 69
f 5 40 39
f 43 238 156
f 156 40 43
f 30 238 43
f 43 40 30
f 160 145 136
f 118 117 160
f 119 101 117
f 117 118 119
f 119 118 160
f 160 136 119
f 119 136 145
f 58 119 56
f 101 119 58
f 58 55 101
f 855 854 785
f 785 857 855
f 855 857 854
f 898 857 868
f 854 857 856
f 856 857 898
f 898 867 856
f 931 933 932
f 932 930 931
f 953 951 932
f 932 951 930
f 1030 1029 1028
f 1028 1006 1030
f 1038 1036 1037
f 1036 1006 1037
f 1007 1009 1037
f 1037 1006 1007
f 1028 1029 1027
f 1086 1083 1029
f 1036 1243 1132
f 1243 1131 1132
f 1033 1036 1133
f 1133 1084 1033
f 1036 1132 1133
f 1244 1358 1396
f 1041 1298 1297
f 1296 1088 1297
f 1088 1041 1297
f 1298 1272 1297
f 1332 1296 1297
f 1330 1326 1328
f 1325 1326 1352
f 1235 1236 1283
f 933 935 934
f 1010 1011 1008
f 1008 1009 1007
f 1008 1011 1009
f 1040 1041 1039
f 1039 1011 1040
f 1039 1041 1038
f 1009 1011 1039
f 1038 1037 1039
f 1039 1037 1009
f 1352 1042 1353
f 1353 1042 957
f 871 872 870
f 871 815 816
f 785 874 871
f 874 872 871
f 871 816 785
f 1200 1203 1345
f 1487 1485 1458
f 1458 1456 1457
f 1458 1485 1456
f 970 987 1386
f 1409 1411 1412
f 1429 1434 1431
f 1434 1436 1431
f 901 914 949
f 902 914 901
f 887 902 901
f 901 885 887
f 1380 1403 1381
f 1380 1381 1405
f 1405 1404 1380
f 949 914 986
f 914 1403 986
f 986 901 949
f 885 901 986
f 1005 885 986
f 803 802 784
f 803 1496 802
f 803 1494 1495
f 1495 1482 803
f 803 1482 1496
f 803 784 806
f 806 1494 803
f 1530 1513 1528
f 1521 1482 1523
f 1523 1482 1525
f 1523 1519 1521
f 1523 1525 1519
f 769 771 730
f 730 771 773
f 730 773 26
f 26 743 730
f 745 732 730
f 730 732 731
f 730 744 745
f 1138 1167 1021
f 1021 998 1138
f 1167 998 1021
f 948 1215 1214
f 162 1215 948
f 1214 998 948
f 948 998 162
f 1356 1319 1304
f 1304 1303 1356
f 1304 1319 1355
f 1208 1303 1207
f 1209 1303 1208
f 1305 1303 1246
f 1303 1209 1246
f 1246 1209 1208
f 1354 1322 1321
f 957 1322 1354
f 1308 1307 1306
f 1306 1307 1249
f 1306 1210 1211
f 1251 1309 1308
f 1308 1250 1251
f 1251 1046 1096
f 1251 1045 1046
f 1251 1250 1020
f 1020 1045 1251
f 1251 1253 1309
f 1251 1096 1253
f 1248 1250 1308
f 1308 1306 1248
f 1248 1306 1211
f 993 1044 957
f 993 822 818
f 1091 1090 974
f 974 924 1091
f 1091 924 936
f 976 1018 1017
f 976 1017 975
f 1221 1328 1271
f 1269 1266 1220
f 1176 1179 1178
f 1178 1177 1176
f 1179 1183 1178
f 1183 1184 1178
f 1223 1269 1220
f 734 733 732
f 732 749 734
f 746 776 751
f 722 718 721
f 721 723 722
f 718 753 721
f 728 723 721
f 721 753 728
f 722 692 720
f 720 718 722
f 719 716 718
f 718 720 719
f 705 706 707
f 707 628 705
f 676 628 707
f 453 412 377
f 452 412 453
f 378 412 413
f 377 412 378
f 378 327 377
f 324 326 323
f 542 491 455
f 455 454 542
f 455 491 592
f 592 454 455
f 328 327 272
f 272 247 328
f 327 378 272
f 983 1077 1071
f 1071 1077 1127
f 1070 1068 1071
f 1071 1068 1069
f 307 308 305
f 325 372 371
f 727 613 612
f 612 725 727
f 727 725 613
f 673 701 613
f 613 725 673
f 673 725 701
f 722 725 724
f 724 725 726
f 724 695 722
f 724 726 697
f 697 695 724
f 752 762 760
f 760 749 752
f 761 734 760
f 760 734 749
f 23 22 744
f 4 22 23
f 744 730 23
f 23 730 743
f 23 743 742
f 26 4 23
f 23 742 26
f 674 647 613
f 613 753 674
f 674 753 647
f 775 777 21
f 21 777 764
f 21 22 4
f 776 22 21
f 25 775 21
f 764 763 21
f 21 763 776
f 21 24 25
f 21 4 24
f 774 777 775
f 774 780 779
f 779 777 774
f 774 775 25
f 25 772 774
f 772 767 774
f 767 780 774
f 617 703 675
f 675 741 617
f 703 741 675
f 28 741 750
f 750 755 754
f 741 755 750
f 750 758 28
f 754 758 750
f 648 703 617
f 617 616 648
f 648 616 593
f 1531 1516 808
f 1529 1516 1531
f 1531 1508 1509
f 1531 1526 1529
f 807 1531 808
f 1508 1531 807
f 1519 1517 1518
f 28 758 759
f 759 763 28
f 759 758 761
f 761 763 759
f 647 739 646
f 646 739 740
f 394 350 351
f 351 300 394
f 348 349 394
f 394 300 348
f 348 300 349
f 303 7 301
f 301 300 303
f 430 396 393
f 429 431 430
f 430 431 396
f 377 326 375
f 363 361 596
f 596 361 647
f 647 453 596
f 318 14 13
f 13 372 318
f 318 321 319
f 319 14 318
f 1070 1125 1074
f 1163 1127 1200
f 1200 1345 1163
f 205 208 207
f 207 962 205
f 205 204 209
f 209 208 205
f 205 206 9
f 789 206 205
f 205 964 961
f 9 228 205
f 228 212 205
f 212 204 205
f 205 982 789
f 782 794 793
f 793 791 782
f 1024 794 1065
f 794 1067 1066
f 793 794 1066
f 1066 1067 1069
f 1069 1068 1066
f 1066 1121 793
f 1066 1068 1121
f 1183 1147 1186
f 1186 1184 1183
f 1232 1184 1186
f 1000 1002 1001
f 1001 1002 1067
f 1001 1024 1000
f 1001 1067 1024
f 981 1002 1000
f 1069 1002 968
f 968 1071 1069
f 1002 981 968
f 983 1071 968
f 963 205 962
f 964 205 963
f 963 985 983
f 1486 1485 1487
f 1528 1498 1503
f 1503 1530 1528
f 808 1516 1515
f 1528 1513 1515
f 801 1528 1515
f 1515 1516 801
f 1502 1493 808
f 808 1510 1502
f 1455 1493 1507
f 1493 1502 1507
f 1342 1291 1343
f 1343 1365 1342
f 1291 1365 1343
f 1377 1341 1344
f 1344 1400 1377
f 1344 1341 1342
f 1342 1400 1344
f 458 456 493
f 458 457 456
f 493 1206 458
f 1206 457 458
f 1128 1025 1078
f 1165 1129 1206
f 1128 1078 1165
f 1165 1078 1129
f 1165 1206 1342
f 1342 1202 1165
f 413 456 379
f 456 457 379
f 457 1129 379
f 1164 1127 1128
f 1128 1165 1164
f 1164 1165 1202
f 1202 1203 1164
f 1203 1127 1164
f 1201 1203 1200
f 1200 1127 1201
f 1201 1127 1203
f 1241 1203 1202
f 1202 1289 1241
f 1340 1203 1241
f 1341 1289 1240
f 497 552 604
f 497 496 552
f 604 294 497
f 294 496 497
f 604 579 578
f 578 579 520
f 578 520 576
f 578 576 574
f 574 577 578
f 578 605 604
f 578 577 605
f 552 582 603
f 603 579 552
f 582 579 603
f 339 548 293
f 293 291 339
f 291 290 339
f 283 285 281
f 281 282 283
f 283 282 285
f 278 281 253
f 253 252 278
f 275 277 278
f 278 251 275
f 278 252 251
f 234 255 257
f 257 258 234
f 256 289 257
f 254 256 257
f 257 255 254
f 193 168 191
f 191 168 167
f 191 167 190
f 191 192 193
f 190 192 191
f 196 234 235
f 235 129 196
f 170 168 169
f 170 169 234
f 170 196 129
f 129 155 170
f 170 155 166
f 166 168 170
f 814 815 852
f 852 813 814
f 814 813 815
f 478 479 476
f 480 479 478
f 480 478 534
f 534 532 535
f 535 532 531
f 531 478 476
f 481 479 480
f 481 434 479
f 407 448 610
f 598 407 610
f 610 625 612
f 448 625 610
f 610 611 598
f 612 613 610
f 613 611 610
f 353 350 352
f 407 449 362
f 361 360 362
f 449 590 362
f 362 590 361
f 358 304 357
f 358 360 307
f 307 305 358
f 358 305 304
f 687 715 717
f 686 685 684
f 686 687 685
f 715 687 686
f 658 655 683
f 683 685 658
f 683 678 680
f 680 682 683
f 684 685 683
f 683 682 684
f 488 626 489
f 626 625 489
f 672 641 670
f 640 643 459
f 640 641 643
f 459 639 640
f 640 670 641
f 639 669 640
f 669 670 640
f 277 276 279
f 338 282 279
f 279 278 277
f 337 336 338
f 337 276 336
f 338 279 337
f 337 279 276
f 296 238 237
f 296 340 238
f 296 237 197
f 197 295 296
f 295 460 296
f 296 460 340
f 344 345 346
f 383 345 344
f 344 342 383
f 343 342 344
f 264 265 222
f 264 342 343
f 343 344 264
f 346 265 264
f 264 344 346
f 1144 1143 1146
f 1146 1145 1144
f 1139 1143 1144
f 1144 1181 1139
f 1182 1181 1144
f 1144 1145 1182
f 392 391 387
f 392 387 429
f 392 393 394
f 394 391 392
f 429 430 392
f 392 430 393
f 499 558 501
f 501 498 499
f 499 498 558
f 556 460 555
f 607 557 555
f 555 557 556
f 607 555 554
f 554 555 460
f 554 460 295
f 197 575 554
f 554 575 607
f 554 295 197
f 503 505 347
f 562 505 503
f 347 298 503
f 503 298 297
f 561 562 503
f 503 502 561
f 503 297 267
f 267 502 503
f 266 502 267
f 239 502 266
f 267 161 266
f 161 239 266
f 385 239 384
f 384 502 385
f 385 502 239
f 463 345 383
f 463 384 346
f 346 345 463
f 473 472 474
f 474 472 527
f 518 422 471
f 519 520 518
f 520 473 518
f 473 422 518
f 471 517 518
f 517 519 518
f 495 621 609
f 621 622 609
f 609 601 602
f 609 622 601
f 602 587 586
f 586 609 602
f 586 585 495
f 495 609 586
f 587 530 586
f 586 530 585
f 438 534 483
f 476 477 426
f 426 425 476
f 427 425 426
f 426 479 427
f 477 479 426
f 529 527 528
f 528 530 529
f 529 474 527
f 530 474 529
f 588 587 535
f 588 530 587
f 535 531 588
f 145 177 179
f 179 177 180
f 201 149 147
f 149 148 147
f 61 85 81
f 61 60 85
f 81 51 61
f 51 60 61
f 115 55 100
f 100 53 115
f 100 55 59
f 59 53 100
f 63 62 78
f 78 76 63
f 79 76 78
f 78 62 81
f 81 80 78
f 78 80 79
f 45 46 44
f 46 66 44
f 44 69 45
f 44 66 69
f 65 66 64
f 64 66 46
f 64 48 65
f 46 48 64
f 69 66 68
f 68 67 74
f 68 66 67
f 87 79 120
f 120 76 87
f 87 76 79
f 45 131 49
f 132 156 141
f 132 97 45
f 132 131 156
f 45 49 132
f 132 49 131
f 45 97 96
f 96 47 45
f 98 96 97
f 47 96 98
f 98 52 50
f 50 47 98
f 171 142 156
f 157 142 171
f 156 342 171
f 143 157 158
f 143 142 157
f 134 142 143
f 143 158 173
f 173 135 143
f 116 134 143
f 143 135 116
f 158 157 172
f 157 342 172
f 173 158 172
f 172 342 173
f 382 498 501
f 501 559 382
f 382 340 461
f 461 498 382
f 383 342 382
f 341 342 220
f 238 340 341
f 340 382 341
f 341 382 342
f 31 39 69
f 5 39 31
f 69 71 31
f 31 71 5
f 881 835 838
f 88 77 120
f 831 856 843
f 856 858 843
f 898 866 859
f 859 867 898
f 859 856 867
f 859 858 856
f 861 841 831
f 861 882 864
f 864 865 861
f 865 841 861
f 840 865 862
f 840 841 865
f 831 841 840
f 1029 1030 1031
f 1033 1086 1031
f 1031 1086 1029
f 1033 1031 1032
f 1032 1031 1030
f 1032 1030 1006
f 1033 1084 1085
f 1085 1086 1033
f 1084 1083 1085
f 1083 1086 1085
f 1082 1083 1084
f 1084 1133 1082
f 1276 1277 1333
f 1332 1275 1276
f 1276 1333 1244
f 1276 1166 1332
f 1244 1166 1276
f 1329 1328 1221
f 1221 1272 1329
f 1329 1330 1328
f 1273 1297 1272
f 1273 1275 1332
f 1332 1297 1273
f 1299 1326 1351
f 1351 1330 1299
f 1326 1330 1351
f 1331 1329 1272
f 1330 1329 1331
f 1321 1267 1323
f 1323 1325 1321
f 1267 1266 1323
f 1326 1325 1327
f 1328 1326 1327
f 1283 1236 1285
f 1236 1286 1285
f 1237 1286 1236
f 1287 1286 1237
f 1357 1333 1350
f 1333 1336 1350
f 1349 1357 1350
f 1350 1336 1349
f 1284 1287 1349
f 1284 1286 1287
f 1283 1285 1284
f 1284 1285 1286
f 1333 1277 1284
f 1185 1187 1232
f 1232 1186 1185
f 1185 1186 1147
f 1232 1187 1231
f 934 1008 955
f 933 934 955
f 955 932 933
f 955 954 953
f 955 972 954
f 953 932 955
f 1007 972 955
f 955 1008 1007
f 1324 1325 1352
f 1352 1353 1324
f 1321 1325 1324
f 1324 1353 957
f 1324 1354 1321
f 957 1354 1324
f 957 1042 1013
f 1014 1042 1040
f 991 906 957
f 869 871 870
f 815 871 869
f 1469 1490 1466
f 1513 1490 1469
f 1466 1490 1462
f 1388 987 1028
f 1388 1386 987
f 1028 1027 1388
f 1388 1027 1029
f 1029 1083 1388
f 1083 1082 1388
f 1409 1412 1410
f 1438 1436 1410
f 1410 1412 1438
f 1379 986 1430
f 1430 986 1403
f 1429 1379 1430
f 1403 1380 1430
f 1430 1404 1429
f 1430 1380 1404
f 1005 986 1367
f 1367 986 1379
f 1367 1368 1005
f 1379 1368 1367
f 957 1044 1043
f 1044 1207 1043
f 1302 1207 1303
f 1302 1304 1355
f 1303 1304 1302
f 1089 1207 1044
f 1208 1207 1089
f 1249 1305 1247
f 1247 1246 1249
f 1305 1246 1247
f 1210 1306 1134
f 1134 1306 1249
f 1134 1090 1091
f 1134 1246 1208
f 1249 1246 1134
f 1208 1089 1134
f 1134 1089 1090
f 957 822 958
f 958 993 957
f 822 993 958
f 994 818 810
f 994 993 818
f 1044 993 994
f 1090 1089 994
f 994 1089 1044
f 924 974 994
f 785 851 811
f 811 851 849
f 849 851 850
f 785 854 850
f 850 851 785
f 848 850 854
f 849 850 848
f 1135 1094 1211
f 1211 1210 1135
f 1135 1134 1091
f 1210 1134 1135
f 1136 1248 1211
f 1136 1018 995
f 1250 1248 1136
f 1091 936 959
f 1016 1017 1091
f 1091 975 1016
f 1016 975 1017
f 1091 938 939
f 937 938 1091
f 1227 1175 1177
f 1177 1178 1227
f 1178 1279 1227
f 1275 1273 1274
f 1274 1273 1272
f 1270 1223 1221
f 1269 1223 1270
f 1221 1271 1270
f 1270 1271 1328
f 1328 1269 1270
f 1225 1223 1175
f 1224 1223 1225
f 1175 1227 1225
f 1220 1266 1174
f 1174 1223 1220
f 1175 1223 1174
f 1174 1266 1219
f 1219 1173 1174
f 1174 1173 1176
f 1176 1175 1174
f 752 749 748
f 748 751 752
f 733 734 735
f 737 706 735
f 706 733 735
f 717 715 714
f 714 719 717
f 716 719 714
f 706 708 709
f 709 707 706
f 684 682 709
f 709 682 680
f 680 678 709
f 709 678 676
f 676 707 709
f 377 411 450
f 411 596 450
f 450 596 453
f 492 542 452
f 452 453 492
f 1076 1025 1128
f 1076 1077 1025
f 1128 1127 1076
f 1127 1077 1076
f 1025 1077 1003
f 1003 1077 983
f 983 985 1003
f 1075 1071 1127
f 1075 1125 1070
f 1075 1127 1125
f 778 760 762
f 778 776 761
f 761 760 778
f 778 751 776
f 778 762 752
f 752 751 778
f 703 648 627
f 592 614 627
f 614 703 627
f 595 593 592
f 595 648 593
f 592 627 595
f 595 627 648
f 1509 1517 1532
f 1532 1531 1509
f 1532 1517 1519
f 1519 1526 1532
f 1526 1531 1532
f 702 646 740
f 376 411 377
f 377 375 376
f 363 596 408
f 322 372 325
f 322 324 323
f 326 324 322
f 325 375 322
f 322 375 326
f 1072 1121 1070
f 1070 1074 1072
f 1072 1074 1121
f 1121 1074 1120
f 1122 1074 1125
f 1122 1120 1074
f 1117 1125 1126
f 1126 1163 1117
f 1125 1127 1126
f 1127 1163 1126
f 796 1064 1024
f 1024 1065 796
f 1063 1064 796
f 796 791 1063
f 796 782 791
f 967 981 1000
f 961 964 967
f 967 205 961
f 1000 982 967
f 982 205 967
f 965 968 966
f 966 968 981
f 981 967 966
f 966 967 964
f 966 963 965
f 964 963 966
f 965 963 984
f 984 963 983
f 984 968 965
f 983 968 984
f 1488 1486 1487
f 1513 1486 1488
f 1485 1486 1484
f 1483 1485 1484
f 1484 1482 1483
f 1497 1482 1484
f 1484 1496 1497
f 1484 1498 1496
f 1484 1486 1501
f 1512 1486 1513
f 1501 1486 1512
f 1513 1530 1512
f 1512 1530 1514
f 1513 1510 1511
f 1511 1515 1513
f 1511 1510 808
f 808 1515 1511
f 1506 1502 1510
f 1506 1507 1502
f 1506 1510 1513
f 1363 1455 1481
f 329 272 378
f 329 378 413
f 413 379 329
f 1341 1240 1205
f 1205 1240 1289
f 381 585 548
f 548 339 381
f 414 585 381
f 381 290 414
f 381 339 290
f 258 257 259
f 292 260 259
f 260 258 259
f 259 289 292
f 259 257 289
f 234 196 195
f 195 170 234
f 196 170 195
f 438 480 482
f 482 534 438
f 480 534 482
f 532 534 533
f 533 534 478
f 533 531 532
f 478 531 533
f 407 362 405
f 405 362 360
f 357 354 359
f 354 356 359
f 359 358 357
f 360 358 359
f 359 405 360
f 589 600 624
f 601 622 623
f 624 600 623
f 623 626 624
f 623 622 700
f 700 699 623
f 623 672 626
f 623 699 672
f 538 601 540
f 601 600 540
f 357 304 355
f 352 357 355
f 355 353 352
f 304 305 302
f 305 303 302
f 302 355 304
f 353 355 302
f 302 303 300
f 300 351 302
f 302 351 350
f 350 353 302
f 681 655 679
f 681 683 655
f 681 679 678
f 678 683 681
f 447 625 448
f 447 489 625
f 438 483 484
f 537 485 484
f 484 483 537
f 664 667 665
f 696 695 698
f 692 695 696
f 280 279 282
f 278 279 280
f 280 282 281
f 281 278 280
f 222 176 174
f 174 175 222
f 174 159 173
f 174 176 159
f 173 342 174
f 342 175 174
f 221 264 222
f 222 175 221
f 221 175 342
f 500 502 384
f 384 463 500
f 561 502 500
f 500 559 561
f 500 463 559
f 559 463 462
f 462 463 383
f 462 382 559
f 383 382 462
f 551 524 584
f 584 553 551
f 424 422 423
f 423 425 424
f 423 422 473
f 473 474 423
f 535 537 536
f 537 483 536
f 536 534 535
f 536 483 534
f 530 588 475
f 475 588 531
f 475 474 530
f 476 425 475
f 475 531 476
f 425 423 475
f 475 423 474
f 921 147 148
f 921 148 149
f 145 179 146
f 146 179 180
f 146 180 201
f 201 147 146
f 943 1018 976
f 70 71 69
f 69 68 70
f 70 68 74
f 74 5 70
f 5 71 70
f 134 97 133
f 97 132 133
f 141 134 133
f 133 132 141
f 99 97 134
f 99 98 97
f 99 134 114
f 114 52 99
f 52 98 99
f 200 342 157
f 157 171 200
f 200 171 342
f 220 238 262
f 262 341 220
f 238 341 262
f 842 861 831
f 858 861 842
f 831 843 842
f 842 843 858
f 860 861 858
f 858 859 860
f 866 861 860
f 860 859 866
f 862 834 863
f 839 834 835
f 839 863 834
f 839 840 862
f 862 863 839
f 1034 1036 1033
f 1033 1032 1034
f 1081 1082 1133
f 1081 1132 1131
f 1081 1133 1132
f 1131 1388 1081
f 1081 1388 1082
f 1244 1425 1395
f 1395 1425 1393
f 1330 1331 1300
f 1300 1298 1299
f 1299 1330 1300
f 1300 1272 1298
f 1300 1331 1272
f 1268 1323 1266
f 1266 1269 1268
f 1325 1323 1268
f 1268 1327 1325
f 1268 1269 1328
f 1328 1327 1268
f 1349 1336 1337
f 1337 1284 1349
f 1336 1284 1337
f 1334 1336 1333
f 1333 1284 1334
f 1334 1284 1336
f 1283 1284 1335
f 1335 1284 1277
f 1149 1185 1147
f 1187 1185 1149
f 1230 1178 1184
f 1230 1184 1232
f 1232 1231 1230
f 1160 1359 1199
f 1150 1101 1103
f 1101 1106 1103
f 1010 1008 990
f 990 991 1010
f 990 1008 934
f 990 934 935
f 1012 1014 1040
f 1040 1011 1012
f 1012 1011 1010
f 1010 991 1012
f 1012 991 1014
f 992 991 957
f 957 1013 992
f 992 1013 1042
f 1042 1014 992
f 1014 991 992
f 1287 1237 1288
f 1361 1479 1478
f 1399 1491 1505
f 1399 1203 1340
f 1399 1345 1203
f 1437 1436 1438
f 1459 1458 1457
f 1457 1378 1459
f 1459 1378 1429
f 1505 1474 1480
f 1489 1462 1490
f 1487 1458 1489
f 1489 1490 1513
f 1489 1488 1487
f 1513 1488 1489
f 1101 1099 1102
f 1099 1050 1102
f 1345 1399 1110
f 1110 1399 1346
f 1382 1409 1294
f 1390 1131 1243
f 1390 1388 1131
f 1390 1243 1393
f 1393 1392 1390
f 1390 1392 1389
f 1393 1425 1424
f 1424 1423 1393
f 1424 1452 1423
f 1423 1452 1397
f 1409 1410 1408
f 1408 1407 1409
f 1406 1407 1408
f 1408 1436 1406
f 1408 1410 1436
f 1301 1043 1207
f 1301 1302 1355
f 1207 1302 1301
f 957 1043 1301
f 1301 1322 957
f 1355 1322 1301
f 1015 974 1090
f 1090 994 1015
f 1015 994 974
f 820 810 785
f 820 907 924
f 820 849 821
f 1094 1135 1093
f 1093 1135 1091
f 995 1250 1137
f 1137 1136 995
f 1250 1136 1137
f 881 838 897
f 838 836 897
f 976 975 940
f 940 939 976
f 940 975 1091
f 1091 939 940
f 927 939 938
f 916 936 924
f 911 917 916
f 1221 1223 1222
f 1222 1272 1221
f 1222 1274 1272
f 1222 1223 1224
f 1222 1224 1275
f 1275 1274 1222
f 751 748 747
f 747 732 746
f 746 751 747
f 747 749 732
f 747 748 749
f 736 734 761
f 736 735 734
f 736 761 737
f 737 735 736
f 711 714 715
f 738 716 711
f 716 714 711
f 451 453 377
f 377 450 451
f 451 450 453
f 591 543 542
f 542 492 591
f 647 646 591
f 591 453 647
f 591 492 453
f 646 702 591
f 740 543 591
f 591 702 740
f 1070 1071 1073
f 1073 1075 1070
f 1071 1075 1073
f 325 371 373
f 373 375 325
f 375 373 374
f 320 318 372
f 372 322 320
f 321 318 320
f 323 321 320
f 320 322 323
f 1117 1060 1118
f 1124 1125 1117
f 1124 1122 1125
f 1117 1118 1124
f 1124 1118 1122
f 787 1060 1058
f 1060 1115 1058
f 795 1065 794
f 795 796 1065
f 794 782 795
f 782 796 795
f 792 788 790
f 793 1121 792
f 792 791 793
f 792 1062 791
f 786 787 1049
f 786 788 787
f 786 1047 789
f 786 1049 1047
f 1499 1503 1498
f 1498 1484 1499
f 1499 1484 1501
f 1501 1512 1504
f 1504 1512 1514
f 1514 1530 1504
f 1530 1503 1504
f 1455 1507 1492
f 1492 1481 1455
f 1492 1506 1513
f 1507 1506 1492
f 1513 1491 1492
f 1492 1454 1340
f 1204 1289 1202
f 1204 1205 1289
f 1202 1341 1204
f 1341 1205 1204
f 397 354 352
f 397 396 395
f 352 396 397
f 435 481 480
f 434 481 435
f 404 359 356
f 405 359 404
f 404 406 407
f 407 405 404
f 600 589 490
f 624 488 490
f 490 589 624
f 599 600 601
f 601 623 599
f 599 623 600
f 541 540 600
f 541 490 488
f 600 490 541
f 539 537 538
f 538 540 539
f 539 485 537
f 540 541 539
f 406 404 443
f 665 633 663
f 633 661 663
f 693 664 691
f 667 664 666
f 669 667 666
f 666 664 693
f 342 264 263
f 263 221 342
f 264 221 263
f 583 581 582
f 582 553 583
f 553 584 583
f 523 524 525
f 523 584 524
f 525 522 523
f 522 581 523
f 581 583 523
f 523 583 584
f 580 581 522
f 520 579 580
f 580 579 582
f 582 581 580
f 1018 943 960
f 995 1018 960
f 960 977 995
f 920 921 960
f 149 977 960
f 960 921 149
f 976 928 942
f 942 943 976
f 942 928 919
f 920 960 945
f 945 960 943
f 943 942 945
f 920 919 837
f 919 897 837
f 837 897 836
f 880 835 893
f 880 839 835
f 1035 1032 1006
f 1035 1034 1032
f 1035 1006 1036
f 1036 1034 1035
f 1394 1393 1244
f 1244 1395 1394
f 1394 1395 1393
f 1226 1276 1275
f 1275 1224 1226
f 1277 1276 1226
f 1226 1335 1277
f 1224 1225 1226
f 1226 1225 1227
f 1283 1335 1226
f 1226 1278 1283
f 1238 1288 1237
f 1238 1237 1236
f 1153 1149 1151
f 1150 1103 1151
f 1151 1147 1150
f 1151 1149 1147
f 1234 1235 1283
f 1228 1279 1178
f 1178 1230 1228
f 1153 1151 1105
f 1105 1151 1103
f 1359 1160 1360
f 1360 1110 1346
f 991 990 956
f 906 991 956
f 956 990 935
f 956 935 906
f 1340 1454 1398
f 1398 1399 1340
f 1491 1399 1398
f 1398 1492 1491
f 1454 1492 1398
f 1433 1431 1436
f 1466 1462 1465
f 1465 1467 1466
f 1465 1462 1464
f 1464 1437 1465
f 1437 1467 1465
f 1439 1467 1437
f 1439 1437 1438
f 1468 1467 1439
f 1429 1431 1461
f 1461 1459 1429
f 1431 1433 1461
f 1458 1459 1461
f 1478 1479 1477
f 1477 1480 1474
f 1460 1489 1458
f 1462 1489 1460
f 1458 1461 1460
f 1104 1102 1050
f 1050 1052 1104
f 1104 1052 1106
f 1104 1106 1101
f 1101 1102 1104
f 1345 1110 1112
f 1106 1052 1107
f 1050 1048 1051
f 1051 1048 1049
f 1049 787 1051
f 1475 1446 1448
f 1475 1473 1442
f 1475 1477 1474
f 970 1386 1383
f 1383 1382 1294
f 1448 1446 1447
f 1452 1424 1371
f 823 994 810
f 810 820 823
f 924 994 823
f 823 820 924
f 785 811 819
f 819 820 785
f 819 811 849
f 849 820 819
f 1095 1093 1017
f 1095 1017 1018
f 1018 1136 1095
f 1094 1093 1095
f 1211 1094 1095
f 1095 1136 1211
f 1091 1017 1092
f 1092 1093 1091
f 1017 1093 1092
f 919 928 913
f 913 897 919
f 928 897 913
f 881 897 895
f 893 835 895
f 895 835 881
f 941 928 976
f 941 927 928
f 976 939 941
f 939 927 941
f 893 911 892
f 924 908 909
f 925 916 917
f 925 937 1091
f 936 916 925
f 1091 959 925
f 925 959 936
f 715 686 713
f 713 686 684
f 6 7 8
f 12 10 8
f 1 6 8
f 8 10 1
f 370 312 369
f 370 372 12
f 370 371 372
f 370 373 371
f 369 373 370
f 1163 1162 1116
f 1116 1060 1117
f 1116 1115 1060
f 1059 1060 787
f 787 788 1059
f 1119 792 1121
f 1121 1120 1119
f 1119 1118 1060
f 1120 1122 1119
f 1122 1118 1119
f 1060 1059 1119
f 781 792 790
f 1062 792 781
f 790 788 781
f 788 786 781
f 1063 791 781
f 791 1062 781
f 789 1063 781
f 781 786 789
f 1500 1499 1501
f 1501 1504 1500
f 1503 1499 1500
f 1500 1504 1503
f 1290 1492 1340
f 1340 1241 1290
f 1290 1241 1289
f 1363 1481 1364
f 1481 1492 1364
f 1492 1290 1364
f 1364 1289 1363
f 1364 1290 1289
f 399 356 354
f 354 397 399
f 399 404 356
f 401 404 399
f 399 397 395
f 487 541 488
f 487 539 541
f 485 539 487
f 446 443 448
f 406 443 446
f 446 448 407
f 407 406 446
f 445 447 448
f 448 443 445
f 489 447 445
f 403 404 401
f 403 443 404
f 401 402 403
f 442 445 443
f 692 693 690
f 693 691 690
f 690 720 692
f 690 719 720
f 662 661 660
f 662 663 661
f 665 663 662
f 662 664 665
f 662 691 664
f 660 685 689
f 689 662 660
f 691 662 689
f 685 687 689
f 687 691 689
f 694 666 693
f 694 693 692
f 692 696 694
f 668 696 698
f 668 694 696
f 666 694 668
f 698 671 668
f 672 670 668
f 668 670 669
f 669 666 668
f 668 671 672
f 521 522 520
f 520 580 521
f 521 580 522
f 944 919 920
f 920 945 944
f 944 942 919
f 944 945 942
f 145 146 57
f 57 119 145
f 56 119 57
f 833 832 831
f 839 880 833
f 833 880 893
f 893 892 833
f 833 892 832
f 831 840 833
f 840 839 833
f 1359 1361 1375
f 1199 1359 1196
f 1196 1160 1199
f 1374 1238 1239
f 1239 1375 1374
f 1281 1234 1283
f 1283 1278 1281
f 1278 1226 1281
f 1281 1279 1280
f 1233 1234 1281
f 1281 1226 1227
f 1281 1227 1279
f 1231 1233 1281
f 1280 1279 1229
f 1279 1228 1229
f 1229 1230 1231
f 1229 1228 1230
f 1108 1103 1106
f 1108 1105 1103
f 1106 1107 1108
f 1362 1361 1359
f 1359 1360 1362
f 1426 1479 1362
f 1479 1361 1362
f 1346 1399 1362
f 1362 1360 1346
f 1110 1360 1339
f 1339 1360 1160
f 1436 1437 1435
f 1435 1433 1436
f 1435 1437 1464
f 1472 1469 1466
f 1472 1473 1469
f 1442 1473 1472
f 1345 1112 1161
f 1054 1051 787
f 1449 1361 1478
f 1449 1375 1361
f 1478 1477 1476
f 1477 1475 1476
f 1476 1475 1448
f 1476 1449 1478
f 1448 1449 1476
f 1469 1473 1471
f 1473 1475 1471
f 1471 1475 1474
f 1505 1513 1471
f 1513 1469 1471
f 1471 1474 1505
f 1386 1388 1385
f 1385 1383 1386
f 1384 969 970
f 970 1383 1384
f 1294 969 1384
f 1384 1383 1294
f 1389 1392 1391
f 1391 1421 1389
f 1423 1421 1391
f 1393 1423 1391
f 1391 1392 1393
f 1444 1447 1446
f 1444 1475 1442
f 1446 1475 1444
f 1372 1397 1452
f 1452 1371 1372
f 1244 1396 1369
f 1369 1425 1244
f 1369 1396 1358
f 1369 1424 1425
f 1369 1358 1349
f 896 897 928
f 928 895 896
f 896 895 897
f 928 927 918
f 918 895 928
f 918 927 938
f 854 856 847
f 847 856 831
f 847 848 854
f 911 877 879
f 879 892 911
f 832 892 879
f 829 909 908
f 915 916 924
f 924 909 915
f 911 916 915
f 910 877 911
f 910 909 877
f 911 915 910
f 910 915 909
f 937 925 926
f 926 925 917
f 938 937 926
f 926 917 938
f 710 709 708
f 710 711 715
f 715 713 710
f 710 708 737
f 737 738 710
f 738 711 710
f 7 312 311
f 311 8 7
f 312 370 311
f 306 309 7
f 306 305 308
f 7 303 306
f 306 303 305
f 310 312 7
f 7 309 310
f 308 363 364
f 364 306 308
f 309 306 364
f 363 408 364
f 1117 1163 1123
f 1123 1116 1117
f 1163 1116 1123
f 788 792 1061
f 1061 1059 788
f 792 1119 1061
f 1061 1119 1059
f 437 480 438
f 400 437 402
f 400 402 401
f 488 489 486
f 486 484 485
f 486 487 488
f 485 487 486
f 688 691 687
f 688 690 691
f 719 690 688
f 717 719 688
f 688 687 717
f 1191 1238 1236
f 1236 1235 1191
f 1194 1375 1239
f 1197 1375 1194
f 1239 1238 1194
f 1238 1191 1194
f 1153 1190 1152
f 1187 1149 1152
f 1152 1149 1153
f 1198 1196 1359
f 1158 1160 1157
f 1282 1281 1280
f 1231 1281 1282
f 1280 1229 1282
f 1282 1229 1231
f 1453 1362 1505
f 1505 1480 1453
f 1426 1362 1453
f 1480 1477 1453
f 1453 1479 1426
f 1453 1477 1479
f 1427 1399 1505
f 1505 1362 1427
f 1427 1362 1399
f 1110 1339 1111
f 1111 1339 1160
f 1111 1160 1158
f 1158 1108 1111
f 1463 1461 1433
f 1433 1435 1463
f 1463 1435 1464
f 1463 1460 1461
f 1464 1462 1463
f 1462 1460 1463
f 1441 1439 1438
f 1438 1412 1441
f 1382 1383 1414
f 1414 1412 1411
f 1414 1411 1409
f 1409 1382 1414
f 1470 1472 1466
f 1466 1467 1470
f 1470 1467 1468
f 1468 1439 1470
f 1442 1472 1440
f 1440 1470 1439
f 1472 1470 1440
f 1114 1162 1163
f 1114 1163 1345
f 1345 1161 1114
f 1115 1116 1114
f 1114 1116 1162
f 1051 1054 1053
f 1053 1052 1050
f 1050 1051 1053
f 1451 1422 1376
f 1376 1374 1375
f 1376 1449 1451
f 1375 1449 1376
f 1423 1397 1376
f 1376 1422 1423
f 1450 1422 1451
f 1451 1449 1450
f 1448 1447 1450
f 1450 1449 1448
f 1383 1385 1418
f 1347 1371 1349
f 1347 1372 1371
f 1349 1348 1347
f 1347 1348 1287
f 1287 1288 1347
f 1288 1238 1347
f 1370 1371 1424
f 1424 1369 1370
f 1349 1371 1370
f 1370 1369 1349
f 893 895 894
f 895 918 894
f 894 911 893
f 894 917 911
f 848 847 846
f 849 848 846
f 846 824 849
f 832 879 878
f 878 879 877
f 877 909 825
f 909 829 825
f 821 849 825
f 849 824 825
f 825 820 821
f 907 820 825
f 924 907 825
f 825 908 924
f 825 829 908
f 831 832 830
f 832 878 830
f 830 878 827
f 709 710 712
f 712 710 713
f 684 709 712
f 712 713 684
f 313 370 12
f 313 311 370
f 12 8 313
f 8 311 313
f 309 364 365
f 402 437 439
f 438 484 439
f 439 437 438
f 398 399 395
f 395 434 398
f 434 435 398
f 401 399 398
f 398 400 401
f 444 486 489
f 442 486 444
f 489 445 444
f 445 442 444
f 1189 1191 1235
f 1235 1234 1189
f 1190 1191 1189
f 1192 1191 1190
f 1192 1194 1191
f 1359 1375 1338
f 1338 1198 1359
f 1338 1375 1197
f 1196 1198 1195
f 1195 1338 1197
f 1198 1338 1195
f 1197 1194 1195
f 1160 1196 1159
f 1159 1157 1160
f 1159 1156 1157
f 1153 1105 1155
f 1157 1156 1155
f 1105 1108 1155
f 1155 1108 1158
f 1158 1157 1155
f 1110 1111 1109
f 1109 1108 1107
f 1109 1111 1108
f 1442 1440 1443
f 1439 1441 1443
f 1443 1440 1439
f 1113 1161 1112
f 1113 1114 1161
f 1055 1112 1110
f 1110 1109 1055
f 1055 1109 1107
f 1055 1107 1052
f 1052 1053 1055
f 1374 1376 1373
f 1372 1347 1373
f 1397 1372 1373
f 1373 1376 1397
f 1238 1374 1373
f 1373 1347 1238
f 1420 1447 1417
f 1420 1450 1447
f 1422 1450 1420
f 1417 1421 1420
f 1420 1421 1423
f 1423 1422 1420
f 1415 1418 1417
f 1419 1421 1417
f 1417 1418 1419
f 1389 1421 1419
f 1419 1390 1389
f 1387 1385 1388
f 1387 1418 1385
f 1387 1419 1418
f 1388 1390 1387
f 1390 1419 1387
f 917 894 912
f 912 894 918
f 938 917 912
f 912 918 938
f 845 846 847
f 845 847 831
f 876 878 877
f 827 878 876
f 877 825 876
f 876 825 827
f 831 830 828
f 828 845 831
f 411 365 409
f 409 596 411
f 409 408 596
f 409 364 408
f 409 365 364
f 402 439 440
f 440 439 442
f 440 403 402
f 443 403 440
f 440 442 443
f 484 486 441
f 441 439 484
f 441 486 442
f 442 439 441
f 437 400 436
f 400 398 436
f 436 398 435
f 436 435 480
f 480 437 436
f 1188 1234 1233
f 1188 1189 1234
f 1188 1233 1231
f 1188 1231 1187
f 1187 1152 1188
f 1188 1152 1190
f 1190 1189 1188
f 1154 1190 1153
f 1154 1156 1190
f 1153 1155 1154
f 1154 1155 1156
f 1196 1195 1193
f 1193 1159 1196
f 1156 1159 1193
f 1193 1195 1194
f 1194 1192 1193
f 1193 1192 1190
f 1190 1156 1193
f 1056 1113 1112
f 1112 1055 1056
f 1056 1053 1054
f 1056 1055 1053
f 1115 1114 1057
f 1114 1113 1057
f 1057 1058 1115
f 1057 1056 1054
f 1113 1056 1057
f 787 1058 1057
f 1057 1054 787
f 1383 1418 1416
f 1418 1415 1416
f 1416 1414 1383
f 1413 1415 1443
f 1414 1416 1413
f 1413 1416 1415
f 1412 1414 1413
f 1413 1443 1441
f 1413 1441 1412
f 1443 1415 1445
f 1447 1444 1445
f 1417 1447 1445
f 1445 1415 1417
f 1445 1444 1442
f 1442 1443 1445
f 826 830 827
f 826 828 830
f 824 846 826
f 826 825 824
f 827 825 826
f 312 310 366
f 366 367 312
f 366 310 309
f 309 365 366
f 365 367 366
f 369 312 368
f 312 367 368
f 368 367 411
f 411 376 368
f 368 373 369
f 368 374 373
f 368 376 375
f 375 374 368
f 410 365 411
f 411 367 410
f 410 367 365
f 845 828 844
f 828 826 844
f 846 845 844
f 844 826 846
f 494 380 1130
f 1130 1242 494
f 90 870 872
f 872 92 90
f 1456 704 705
f 705 1457 1456
f 617 28 808
f 617 808 1366
f 92 872 106
f 106 872 884
f 494 1242 1293
f 1293 546 494
f 1401 1457 705
f 705 649 1401
f 649 650 1401
f 650 1402 1401
f 883 1080 331
f 883 331 105
f 883 106 884
f 105 106 883
f 1079 1130 380
f 380 330 1079
f 331 1080 1079
f 1079 330 331
f 704 1456 1483
f 1483 731 704
f 769 1521 767
f 1521 1519 767
f 241 997 182
f 182 997 947
f 946 182 947
f 181 182 946
f 82 862 864
f 864 84 82
f 72 77 857
f 852 72 857
f 73 815 35
f 853 815 73
f 73 72 852
f 73 852 853
f 1378 1402 650
f 1378 650 628
f 546 1293 1378
f 628 546 1378
f 1509 1508 757
f 757 1508 756
f 1509 757 1517
f 1517 757 765
f 1292 617 1366
f 545 617 1292
f 545 1292 544
f 544 1292 1291
f 978 224 226
f 226 980 978
f 978 997 241
f 241 224 978
f 84 864 882
f 882 104 84
f 866 898 120
f 120 86 866
f 730 1521 769
f 730 1482 1521
f 731 1483 730
f 1483 1482 730
f 808 28 807
f 28 27 807
f 756 1508 807
f 807 27 756
f 1518 767 1519
f 766 767 1518
f 1518 1517 765
f 1518 765 766
f 207 208 963
f 963 962 207
f 963 208 231
f 231 985 963
f 834 862 82
f 82 54 834
f 54 55 834
f 55 835 834
f 838 835 55
f 55 58 838
f 120 898 88
f 898 868 88
f 88 857 77
f 88 868 857
f 104 882 861
f 81 104 861
f 861 866 86
f 861 86 81
f 869 870 90
f 90 89 869
f 35 815 869
f 869 89 35
f 247 272 1003
f 1003 272 1025
f 1003 985 231
f 231 247 1003
f 1025 272 329
f 329 1078 1025
f 1129 1078 329
f 329 379 1129
f 147 921 146
f 146 921 920
f 836 838 58
f 836 58 56
f 57 836 56
f 57 837 836
f 57 146 920
f 920 837 57
