# https://github.com/mikedh/trimesh
v -0.01463068 0.04936489 0.05261298
v -0.01463068 0.04936489 0.05261298
v -0.01463068 0.04936489 0.05261298
v -0.01463068 0.04936489 0.05261298
v -0.01463068 0.04936489 0.05261298
v -0.01463068 0.04936489 0.05261298
v -0.01463068 0.04936489 0.05261298
v -0.01463068 0.04936489 0.05261298
v -0.01463068 0.04936489 0.05261298
v -0.01463068 0.04936489 0.05261298
v -0.01463068 0.04936489 0.05261298
v -0.01463068 0.04936489 0.05261298
v -0.01361100 0.04936489 0.04498660
v -0.01361100 0.04936489 0.04498660
v -0.01361100 0.04936489 0.04498660
v -0.01460204 0.04936489 0.05510296
v -0.01460204 0.04936489 0.05510296
v -0.01460204 0.04936489 0.05510296
v -0.01460204 0.04936489 0.05510296
v -0.01460204 0.04936489 0.05510296
v -0.01456481 0.05185852 0.05261298
v -0.01456481 0.05185852 0.05261298
v -0.01456481 0.05185852 0.05261298
v -0.01456481 0.05185852 0.05261298
v -0.01437003 0.05691681 0.05008389
v -0.01437003 0.05691681 0.05008389
v -0.01437003 0.05691681 0.05008389
v -0.01437003 0.05691681 0.05008389
v -0.01437003 0.05691681 0.05008389
v -0.01437003 0.05691681 0.05008389
v -0.01437003 0.05691681 0.05008389
v -0.01268299 0.06846455 0.02292225
v -0.01268299 0.06846455 0.02292225
v -0.01268299 0.06846455 0.02292225
v -0.01268299 0.06846455 0.02292225
v -0.01268299 0.06846455 0.02292225
v -0.01268299 0.06846455 0.02292225
v -0.01268299 0.06846455 0.02292225
v -0.01268299 0.06820781 0.02292225
v -0.01268299 0.06820781 0.02292225
v -0.01268299 0.06820781 0.02292225
v -0.01268299 0.06820781 0.02292225
v -0.01184662 0.06956251 0.01467664
v -0.01184662 0.06956251 0.01467664
v -0.01184662 0.06956251 0.01467664
v -0.01184662 0.06956251 0.01467664
v -0.01151150 0.06956251 0.01214755
v -0.01151150 0.06956251 0.01214755
v -0.01151150 0.06956251 0.01214755
v -0.01151150 0.06956251 0.01214755
v -0.01151150 0.06956251 0.01214755
v -0.01151150 0.06956251 0.01214755
v -0.01151150 0.06956251 0.01214755
v -0.01151150 0.06956251 0.01214755
v -0.01151150 0.06956251 0.01214755
v -0.01151150 0.06956251 0.01214755
v -0.01325297 0.04936489 0.04249662
v -0.01325297 0.04936489 0.04249662
v -0.01325297 0.04936489 0.04249662
v -0.01325297 0.04936489 0.04249662
v -0.01459918 0.04936489 0.05514207
v -0.01459918 0.04936489 0.05514207
v -0.01459918 0.04936489 0.05514207
v -0.01448174 0.05185852 0.05514207
v -0.01448174 0.05185852 0.05514207
v -0.01448174 0.05185852 0.05514207
v -0.01448174 0.05185852 0.05514207
v -0.01448174 0.05185852 0.05514207
v -0.01448174 0.05185852 0.05514207
v -0.01448174 0.05185852 0.05514207
v -0.01447315 0.05438767 0.05261298
v -0.01447315 0.05438767 0.05261298
v -0.01447315 0.05438767 0.05261298
v -0.01447315 0.05438767 0.05261298
v -0.01447315 0.05438767 0.05261298
v -0.01447315 0.05438767 0.05261298
v -0.01424401 0.05944868 0.05008389
v -0.01424401 0.05944868 0.05008389
v -0.01424401 0.05944868 0.05008389
v -0.01424401 0.05944868 0.05008389
v -0.01424401 0.05944868 0.05008389
v -0.01424401 0.05944868 0.05008389
v -0.01405496 0.06197782 0.04755480
v -0.01405496 0.06197782 0.04755480
v -0.01405496 0.06197782 0.04755480
v -0.01405496 0.06197782 0.04755480
v -0.01405496 0.06197782 0.04755480
v -0.01405496 0.06197782 0.04755480
v -0.01374563 0.06450423 0.04249662
v -0.01374563 0.06450423 0.04249662
v -0.01374563 0.06450423 0.04249662
v -0.01374563 0.06450423 0.04249662
v -0.01374563 0.06450423 0.04249662
v -0.01374563 0.06450423 0.04249662
v -0.01329307 0.06703337 0.03490935
v -0.01329307 0.06703337 0.03490935
v -0.01329307 0.06703337 0.03490935
v -0.01329307 0.06703337 0.03490935
v -0.01329307 0.06703337 0.03490935
v -0.01329307 0.06703337 0.03490935
v -0.01329307 0.06703337 0.03490935
v -0.01329307 0.06703337 0.03490935
v -0.01272595 0.06863935 0.02479300
v -0.01272595 0.06863935 0.02479300
v -0.01272595 0.06863935 0.02479300
v -0.01272595 0.06863935 0.02479300
v -0.01170341 0.07209166 0.01214755
v -0.01170341 0.07209166 0.01214755
v -0.01170341 0.07209166 0.01214755
v -0.01170341 0.07209166 0.01214755
v -0.01170341 0.07209166 0.01214755
v -0.01170341 0.07209166 0.01214755
v -0.01170341 0.07209166 0.01214755
v -0.01170341 0.07209166 0.01214755
v -0.01170341 0.07209166 0.01214755
v -0.01170341 0.07209166 0.01214755
v -0.01170341 0.07209166 0.01214755
v -0.01170341 0.07209166 0.01214755
v -0.01170341 0.07209166 0.01214755
v -0.01170341 0.07209166 0.01214755
v -0.01170341 0.07209166 0.01214755
v -0.01170341 0.07209166 0.01214755
v -0.01075820 0.07187862 0.00947506
v -0.01075820 0.07187862 0.00947506
v -0.01075820 0.07187862 0.00947506
v -0.01075820 0.07187862 0.00947506
v -0.01075820 0.07187862 0.00947506
v -0.01075820 0.07187862 0.00947506
v -0.01060353 0.06980560 0.00976838
v -0.01060353 0.06980560 0.00976838
v -0.01060353 0.06980560 0.00976838
v -0.01060353 0.06980560 0.00976838
v -0.01026555 0.06801935 0.01071353
v -0.01026555 0.06801935 0.01071353
v -0.01026555 0.06801935 0.01071353
v -0.01026555 0.06801935 0.01071353
v -0.01026555 0.06801935 0.01071353
v -0.01026555 0.06801935 0.01071353
v -0.01280615 0.04936489 0.04080187
v -0.01280615 0.04936489 0.04080187
v -0.01280615 0.04936489 0.04080187
v -0.01280615 0.04936489 0.04080187
v -0.01280615 0.04936489 0.04080187
v -0.01324725 0.04936489 0.04245751
v -0.01324725 0.04936489 0.04245751
v -0.01324725 0.04936489 0.04245751
v -0.01324725 0.04936489 0.04245751
v -0.01439295 0.04936489 0.05767116
v -0.01439295 0.04936489 0.05767116
v -0.01439295 0.04936489 0.05767116
v -0.01439295 0.04936489 0.05767116
v -0.01427265 0.05185852 0.05767116
v -0.01427265 0.05185852 0.05767116
v -0.01427265 0.05185852 0.05767116
v -0.01427265 0.05185852 0.05767116
v -0.01427265 0.05185852 0.05767116
v -0.01434712 0.05438767 0.05514207
v -0.01434712 0.05438767 0.05514207
v -0.01434712 0.05438767 0.05514207
v -0.01434712 0.05438767 0.05514207
v -0.01434712 0.05438767 0.05514207
v -0.01434426 0.05691681 0.05261298
v -0.01434426 0.05691681 0.05261298
v -0.01434426 0.05691681 0.05261298
v -0.01434426 0.05691681 0.05261298
v -0.01434426 0.05691681 0.05261298
v -0.01434426 0.05691681 0.05261298
v -0.01414949 0.05944868 0.05261298
v -0.01414949 0.05944868 0.05261298
v -0.01414949 0.05944868 0.05261298
v -0.01414949 0.05944868 0.05261298
v -0.01414949 0.05944868 0.05261298
v -0.01400341 0.06197782 0.05008389
v -0.01400341 0.06197782 0.05008389
v -0.01400341 0.06197782 0.05008389
v -0.01400341 0.06197782 0.05008389
v -0.01400341 0.06197782 0.05008389
v -0.01400341 0.06197782 0.05008389
v -0.01400341 0.06197782 0.05008389
v -0.01373417 0.06450423 0.04755480
v -0.01373417 0.06450423 0.04755480
v -0.01373417 0.06450423 0.04755480
v -0.01373417 0.06450423 0.04755480
v -0.01373417 0.06450423 0.04755480
v -0.01373417 0.06450423 0.04755480
v -0.01373417 0.06450423 0.04755480
v -0.01377713 0.06450423 0.04502571
v -0.01377713 0.06450423 0.04502571
v -0.01377713 0.06450423 0.04502571
v -0.01377713 0.06450423 0.04502571
v -0.01377713 0.06450423 0.04502571
v -0.01377713 0.06450423 0.04502571
v -0.01377713 0.06450423 0.04502571
v -0.01333890 0.06703337 0.03743844
v -0.01333890 0.06703337 0.03743844
v -0.01333890 0.06703337 0.03743844
v -0.01333890 0.06703337 0.03743844
v -0.01333890 0.06703337 0.03743844
v -0.01333890 0.06703337 0.03743844
v -0.01285771 0.06917195 0.03490935
v -0.01285771 0.06917195 0.03490935
v -0.01285771 0.06917195 0.03490935
v -0.01285771 0.06917195 0.03490935
v -0.01285771 0.06917195 0.03490935
v -0.01285771 0.06917195 0.03490935
v -0.01283193 0.06907089 0.03238026
v -0.01283193 0.06907089 0.03238026
v -0.01283193 0.06907089 0.03238026
v -0.01283193 0.06907089 0.03238026
v -0.01283193 0.06907089 0.03238026
v -0.01280042 0.06893978 0.02985117
v -0.01280042 0.06893978 0.02985117
v -0.01280042 0.06893978 0.02985117
v -0.01280042 0.06893978 0.02985117
v -0.01276605 0.06879776 0.02732208
v -0.01276605 0.06879776 0.02732208
v -0.01276605 0.06879776 0.02732208
v -0.01276605 0.06879776 0.02732208
v -0.01073243 0.07436952 0.01214755
v -0.01073243 0.07436952 0.01214755
v -0.01073243 0.07436952 0.01214755
v -0.01073243 0.07436952 0.01214755
v -0.01073243 0.07436952 0.01214755
v -0.01073243 0.07436952 0.01214755
v -0.01073243 0.07436952 0.01214755
v -0.01052620 0.07402265 0.01023118
v -0.01052620 0.07402265 0.01023118
v -0.01052620 0.07402265 0.01023118
v -0.01052620 0.07402265 0.01023118
v -0.01052620 0.07402265 0.01023118
v -0.01052620 0.07402265 0.01023118
v -0.01052620 0.07402265 0.01023118
v -0.01052620 0.07402265 0.01023118
v -0.01252832 0.07033546 0.03238026
v -0.01252832 0.07033546 0.03238026
v -0.01252832 0.07033546 0.03238026
v -0.01252832 0.07033546 0.03238026
v -0.01255123 0.07043925 0.03490935
v -0.01255123 0.07043925 0.03490935
v -0.01255123 0.07043925 0.03490935
v -0.01255123 0.07043925 0.03490935
v -0.01255123 0.07043925 0.03490935
v -0.01255123 0.07043925 0.03490935
v -0.01207576 0.07209166 0.03490935
v -0.01207576 0.07209166 0.03490935
v -0.01207576 0.07209166 0.03490935
v -0.01207576 0.07209166 0.03490935
v -0.01207576 0.07209166 0.03490935
v -0.01207576 0.07209166 0.03490935
v -0.01119357 0.07462353 0.03490935
v -0.01119357 0.07462353 0.03490935
v -0.01119357 0.07462353 0.03490935
v -0.01119357 0.07462353 0.03490935
v -0.01119357 0.07462353 0.03490935
v -0.01119357 0.07462353 0.03490935
v -0.01113056 0.07462353 0.03238026
v -0.01113056 0.07462353 0.03238026
v -0.01113056 0.07462353 0.03238026
v -0.01113056 0.07462353 0.03238026
v -0.01013379 0.07088990 0.00834088
v -0.01013379 0.07088990 0.00834088
v -0.01013379 0.07088990 0.00834088
v -0.01013379 0.07088990 0.00834088
v -0.01013379 0.07088990 0.00834088
v -0.01013379 0.07088990 0.00834088
v -0.01013379 0.07081070 0.00834088
v -0.01013379 0.07081070 0.00834088
v -0.01013379 0.07081070 0.00834088
v -0.01013379 0.07081070 0.00834088
v -0.01013379 0.07081070 0.00834088
v -0.01013379 0.07081070 0.00834088
v -0.01013379 0.07081070 0.00834088
v -0.01013379 0.07081070 0.00834088
v -0.01013379 0.07081070 0.00834088
v -0.00809158 0.06540555 0.01048539
v -0.00809158 0.06540555 0.01048539
v -0.00809158 0.06540555 0.01048539
v -0.00809158 0.06540555 0.01048539
v -0.00809158 0.06540555 0.01048539
v -0.00809158 0.06540555 0.01048539
v -0.00809158 0.06540555 0.01048539
v -0.00977863 0.06633144 0.01169779
v -0.00977863 0.06633144 0.01169779
v -0.00977863 0.06633144 0.01169779
v -0.00977863 0.06633144 0.01169779
v -0.00977863 0.06633144 0.01169779
v -0.00977863 0.06633144 0.01169779
v -0.01226194 0.04936489 0.03955688
v -0.01226194 0.04936489 0.03955688
v -0.01226194 0.04936489 0.03955688
v -0.01226194 0.04936489 0.03955688
v -0.01407788 0.04936489 0.06020025
v -0.01407788 0.04936489 0.06020025
v -0.01407788 0.04936489 0.06020025
v -0.01395758 0.05185852 0.06020025
v -0.01395758 0.05185852 0.06020025
v -0.01395758 0.05185852 0.06020025
v -0.01395758 0.05185852 0.06020025
v -0.01395758 0.05185852 0.06020025
v -0.01395758 0.05185852 0.06020025
v -0.01413230 0.05438767 0.05767116
v -0.01413230 0.05438767 0.05767116
v -0.01413230 0.05438767 0.05767116
v -0.01413230 0.05438767 0.05767116
v -0.01413230 0.05438767 0.05767116
v -0.01413230 0.05438767 0.05767116
v -0.01418672 0.05691681 0.05514207
v -0.01418672 0.05691681 0.05514207
v -0.01418672 0.05691681 0.05514207
v -0.01418672 0.05691681 0.05514207
v -0.01418672 0.05691681 0.05514207
v -0.01399195 0.05944868 0.05514207
v -0.01399195 0.05944868 0.05514207
v -0.01399195 0.05944868 0.05514207
v -0.01399195 0.05944868 0.05514207
v -0.01399195 0.05944868 0.05514207
v -0.01389457 0.06197782 0.05261298
v -0.01389457 0.06197782 0.05261298
v -0.01389457 0.06197782 0.05261298
v -0.01389457 0.06197782 0.05261298
v -0.01389457 0.06197782 0.05261298
v -0.01389457 0.06197782 0.05261298
v -0.01356231 0.06450423 0.05261298
v -0.01356231 0.06450423 0.05261298
v -0.01356231 0.06450423 0.05261298
v -0.01356231 0.06450423 0.05261298
v -0.01356231 0.06450423 0.05261298
v -0.01356231 0.06450423 0.05261298
v -0.01366256 0.06450423 0.05008389
v -0.01366256 0.06450423 0.05008389
v -0.01366256 0.06450423 0.05008389
v -0.01366256 0.06450423 0.05008389
v -0.01366256 0.06450423 0.05008389
v -0.01322720 0.06703337 0.05008389
v -0.01322720 0.06703337 0.05008389
v -0.01322720 0.06703337 0.05008389
v -0.01322720 0.06703337 0.05008389
v -0.01322720 0.06703337 0.05008389
v -0.01322720 0.06703337 0.05008389
v -0.01329307 0.06703337 0.04755480
v -0.01329307 0.06703337 0.04755480
v -0.01329307 0.06703337 0.04755480
v -0.01329307 0.06703337 0.04755480
v -0.01329307 0.06703337 0.04755480
v -0.01333890 0.06703337 0.04502571
v -0.01333890 0.06703337 0.04502571
v -0.01333890 0.06703337 0.04502571
v -0.01333890 0.06703337 0.04502571
v -0.01333890 0.06703337 0.04502571
v -0.01333890 0.06703337 0.04502571
v -0.01336182 0.06703337 0.04249662
v -0.01336182 0.06703337 0.04249662
v -0.01336182 0.06703337 0.04249662
v -0.01336182 0.06703337 0.04249662
v -0.01336182 0.06703337 0.04249662
v -0.01336182 0.06703337 0.04249662
v -0.01335609 0.06703337 0.03997405
v -0.01335609 0.06703337 0.03997405
v -0.01335609 0.06703337 0.03997405
v -0.01335609 0.06703337 0.03997405
v -0.01335609 0.06703337 0.03997405
v -0.01287489 0.06923476 0.03743844
v -0.01287489 0.06923476 0.03743844
v -0.01287489 0.06923476 0.03743844
v -0.01287489 0.06923476 0.03743844
v -0.01287489 0.06923476 0.03743844
v -0.01287489 0.06923476 0.03743844
v -0.01287489 0.06923476 0.03743844
v -0.00924015 0.07563409 0.01214755
v -0.00924015 0.07563409 0.01214755
v -0.00924015 0.07563409 0.01214755
v -0.00924015 0.07563409 0.01214755
v -0.00924015 0.07563409 0.01214755
v -0.00924015 0.07563409 0.01214755
v -0.00924015 0.07563409 0.01214755
v -0.01040590 0.07619400 0.03490935
v -0.01040590 0.07619400 0.03490935
v -0.01040590 0.07619400 0.03490935
v -0.01040590 0.07619400 0.03490935
v -0.01040590 0.07619400 0.03490935
v -0.01040590 0.07619400 0.03490935
v -0.01040590 0.07619400 0.03490935
v -0.01036293 0.07614483 0.03238026
v -0.01036293 0.07614483 0.03238026
v -0.01036293 0.07614483 0.03238026
v -0.01036293 0.07614483 0.03238026
v -0.01036293 0.07614483 0.03238026
v -0.01036293 0.07614483 0.03238026
v -0.01028274 0.07605470 0.02985117
v -0.01028274 0.07605470 0.02985117
v -0.01028274 0.07605470 0.02985117
v -0.00871026 0.07476828 0.00998348
v -0.00871026 0.07476828 0.00998348
v -0.00871026 0.07476828 0.00998348
v -0.00871026 0.07476828 0.00998348
v -0.00885347 0.07232654 0.00854295
v -0.00885347 0.07232654 0.00854295
v -0.00885347 0.07232654 0.00854295
v -0.00885347 0.07232654 0.00854295
v -0.00885347 0.07232654 0.00854295
v -0.00777078 0.07591541 0.01081782
v -0.00777078 0.07591541 0.01081782
v -0.00777078 0.07591541 0.01081782
v -0.00777078 0.07591541 0.01081782
v -0.00777078 0.07591541 0.01081782
v -0.00777078 0.07591541 0.01081782
v -0.00777078 0.07591541 0.01081782
v -0.00777078 0.07591541 0.01081782
v -0.01256555 0.07049934 0.03743844
v -0.01256555 0.07049934 0.03743844
v -0.01256555 0.07049934 0.03743844
v -0.01256555 0.07049934 0.03743844
v -0.01256555 0.07049934 0.03743844
v -0.01256555 0.07049934 0.03743844
v -0.01210154 0.07209166 0.03743844
v -0.01210154 0.07209166 0.03743844
v -0.01210154 0.07209166 0.03743844
v -0.01210154 0.07209166 0.03743844
v -0.01122221 0.07462353 0.03743844
v -0.01122221 0.07462353 0.03743844
v -0.01122221 0.07462353 0.03743844
v -0.01122221 0.07462353 0.03743844
v -0.01122221 0.07462353 0.03743844
v -0.01122221 0.07462353 0.03743844
v -0.01042309 0.07622131 0.03743844
v -0.01042309 0.07622131 0.03743844
v -0.01042309 0.07622131 0.03743844
v -0.01042309 0.07622131 0.03743844
v -0.01042309 0.07622131 0.03743844
v -0.01042309 0.07622131 0.03743844
v -0.00632147 0.07245491 0.00844517
v -0.00632147 0.07245491 0.00844517
v -0.00632147 0.07245491 0.00844517
v -0.00632147 0.07245491 0.00844517
v -0.00632147 0.07245491 0.00844517
v -0.00632147 0.07245491 0.00844517
v -0.00632147 0.07245491 0.00844517
v -0.00632147 0.07245491 0.00844517
v -0.00885347 0.07106197 0.00832132
v -0.00885347 0.07106197 0.00832132
v -0.00885347 0.07106197 0.00832132
v -0.00885347 0.07106197 0.00832132
v -0.00885347 0.07076427 0.00832132
v -0.00885347 0.07076427 0.00832132
v -0.00885347 0.07076427 0.00832132
v -0.00885347 0.07076427 0.00832132
v -0.00379232 0.06703337 0.00925996
v -0.00379232 0.06703337 0.00925996
v -0.00379232 0.06703337 0.00925996
v -0.00379232 0.06703337 0.00925996
v -0.00379232 0.06703337 0.00925996
v -0.00379232 0.06703337 0.00925996
v -0.00379232 0.06703337 0.00925996
v -0.00632147 0.06703337 0.00940336
v -0.00632147 0.06703337 0.00940336
v -0.00632147 0.06703337 0.00940336
v -0.00632147 0.06703337 0.00940336
v -0.00632147 0.06505321 0.01018555
v -0.00632147 0.06505321 0.01018555
v -0.00632147 0.06505321 0.01018555
v -0.00632147 0.06505321 0.01018555
v -0.00632147 0.06505321 0.01018555
v -0.00632147 0.06505321 0.01018555
v -0.00632147 0.06505321 0.01018555
v -0.00893653 0.04936762 0.03539171
v -0.00893653 0.04936762 0.03539171
v -0.00893653 0.04936762 0.03539171
v -0.00893653 0.04936762 0.03539171
v -0.00893653 0.04936762 0.03539171
v -0.01004500 0.04936489 0.03621301
v -0.01004500 0.04936489 0.03621301
v -0.01004500 0.04936489 0.03621301
v -0.01004500 0.04936489 0.03621301
v -0.01090142 0.04936489 0.03732763
v -0.01090142 0.04936489 0.03732763
v -0.01090142 0.04936489 0.03732763
v -0.01090142 0.04936489 0.03732763
v -0.01224762 0.04936489 0.03952429
v -0.01224762 0.04936489 0.03952429
v -0.01224762 0.04936489 0.03952429
v -0.01224762 0.04936489 0.03952429
v -0.01357377 0.04936489 0.06272933
v -0.01357377 0.04936489 0.06272933
v -0.01357377 0.04936489 0.06272933
v -0.01357377 0.04936489 0.06272933
v -0.01357377 0.04936489 0.06272933
v -0.01344488 0.05185852 0.06272933
v -0.01344488 0.05185852 0.06272933
v -0.01344488 0.05185852 0.06272933
v -0.01344488 0.05185852 0.06272933
v -0.01344488 0.05185852 0.06272933
v -0.01344488 0.05185852 0.06272933
v -0.01380864 0.05438767 0.06020025
v -0.01380864 0.05438767 0.06020025
v -0.01380864 0.05438767 0.06020025
v -0.01380864 0.05438767 0.06020025
v -0.01380864 0.05438767 0.06020025
v -0.01380864 0.05438767 0.06020025
v -0.01396617 0.05691681 0.05767116
v -0.01396617 0.05691681 0.05767116
v -0.01396617 0.05691681 0.05767116
v -0.01396617 0.05691681 0.05767116
v -0.01396617 0.05691681 0.05767116
v -0.01377140 0.05944868 0.05767116
v -0.01377140 0.05944868 0.05767116
v -0.01377140 0.05944868 0.05767116
v -0.01377140 0.05944868 0.05767116
v -0.01377140 0.05944868 0.05767116
v -0.01377140 0.05944868 0.05767116
v -0.01377140 0.05944868 0.05767116
v -0.01371985 0.06197782 0.05514207
v -0.01371985 0.06197782 0.05514207
v -0.01371985 0.06197782 0.05514207
v -0.01371985 0.06197782 0.05514207
v -0.01371985 0.06197782 0.05514207
v -0.01339332 0.06450423 0.05514207
v -0.01339332 0.06450423 0.05514207
v -0.01339332 0.06450423 0.05514207
v -0.01339332 0.06450423 0.05514207
v -0.01339332 0.06450423 0.05514207
v -0.01339332 0.06450423 0.05514207
v -0.01339332 0.06450423 0.05514207
v -0.01298373 0.06703337 0.05514207
v -0.01298373 0.06703337 0.05514207
v -0.01298373 0.06703337 0.05514207
v -0.01298373 0.06703337 0.05514207
v -0.01298373 0.06703337 0.05514207
v -0.01298373 0.06703337 0.05514207
v -0.01312981 0.06703337 0.05261298
v -0.01312981 0.06703337 0.05261298
v -0.01312981 0.06703337 0.05261298
v -0.01312981 0.06703337 0.05261298
v -0.01312981 0.06703337 0.05261298
v -0.01312981 0.06703337 0.05261298
v -0.01276605 0.06878411 0.05261298
v -0.01276605 0.06878411 0.05261298
v -0.01276605 0.06878411 0.05261298
v -0.01276605 0.06878411 0.05261298
v -0.01276605 0.06878411 0.05261298
v -0.01276605 0.06878411 0.05261298
v -0.01281474 0.06898622 0.05008389
v -0.01281474 0.06898622 0.05008389
v -0.01281474 0.06898622 0.05008389
v -0.01281474 0.06898622 0.05008389
v -0.01281474 0.06898622 0.05008389
v -0.01281474 0.06898622 0.05008389
v -0.01284625 0.06913098 0.04755480
v -0.01284625 0.06913098 0.04755480
v -0.01284625 0.06913098 0.04755480
v -0.01284625 0.06913098 0.04755480
v -0.01284625 0.06913098 0.04755480
v -0.01286916 0.06921838 0.04502571
v -0.01286916 0.06921838 0.04502571
v -0.01286916 0.06921838 0.04502571
v -0.01286916 0.06921838 0.04502571
v -0.01286916 0.06921838 0.04502571
v -0.01288062 0.06925661 0.04249662
v -0.01288062 0.06925661 0.04249662
v -0.01288062 0.06925661 0.04249662
v -0.01288062 0.06925661 0.04249662
v -0.01288062 0.06925661 0.04249662
v -0.01288062 0.06925935 0.03997405
v -0.01288062 0.06925935 0.03997405
v -0.01288062 0.06925935 0.03997405
v -0.01288062 0.06925935 0.03997405
v -0.01288062 0.06925935 0.03997405
v -0.00797414 0.07595365 0.01214755
v -0.00797414 0.07595365 0.01214755
v -0.00797414 0.07595365 0.01214755
v -0.00797414 0.07595365 0.01214755
v -0.00885347 0.07676757 0.03490935
v -0.00885347 0.07676757 0.03490935
v -0.00885347 0.07676757 0.03490935
v -0.00885347 0.07676757 0.03490935
v -0.00885347 0.07676757 0.03490935
v -0.00885347 0.07690412 0.03997405
v -0.00885347 0.07690412 0.03997405
v -0.00885347 0.07690412 0.03997405
v -0.00885347 0.07690412 0.03997405
v -0.00885347 0.07690412 0.03997405
v -0.00885347 0.07690412 0.03997405
v -0.00885347 0.07690412 0.03997405
v -0.00885347 0.07684950 0.03743844
v -0.00885347 0.07684950 0.03743844
v -0.00885347 0.07684950 0.03743844
v -0.00885347 0.07684950 0.03743844
v -0.00885347 0.07684950 0.03743844
v -0.00885347 0.07684950 0.03743844
v -0.00632147 0.07462353 0.00961846
v -0.00632147 0.07462353 0.00961846
v -0.00632147 0.07462353 0.00961846
v -0.00632147 0.07462353 0.00961846
v -0.00632147 0.07462353 0.00961846
v -0.00632147 0.07462353 0.00961846
v -0.00632147 0.07714447 0.03743844
v -0.00632147 0.07714447 0.03743844
v -0.00632147 0.07714447 0.03743844
v -0.00632147 0.07714447 0.03743844
v -0.00632147 0.07714447 0.03743844
v -0.00632147 0.07714447 0.03743844
v -0.00632147 0.07714447 0.03743844
v -0.00632147 0.07714447 0.03743844
v -0.00632147 0.07714447 0.03743844
v -0.00632147 0.07602739 0.01214755
v -0.00632147 0.07602739 0.01214755
v -0.00632147 0.07602739 0.01214755
v -0.00632147 0.07602739 0.01214755
v -0.00632147 0.07593179 0.01078523
v -0.00632147 0.07593179 0.01078523
v -0.00632147 0.07593179 0.01078523
v -0.00632147 0.07593179 0.01078523
v -0.00632147 0.07593179 0.01078523
v -0.00632147 0.07593179 0.01078523
v -0.01257128 0.07052391 0.03997405
v -0.01257128 0.07052391 0.03997405
v -0.01257128 0.07052391 0.03997405
v -0.01257128 0.07052391 0.03997405
v -0.01257128 0.07052391 0.03997405
v -0.01211586 0.07209166 0.03997405
v -0.01211586 0.07209166 0.03997405
v -0.01211586 0.07209166 0.03997405
v -0.01211586 0.07209166 0.03997405
v -0.01211586 0.07209166 0.03997405
v -0.01211586 0.07209166 0.03997405
v -0.01211586 0.07209166 0.03997405
v -0.01123367 0.07462353 0.03997405
v -0.01123367 0.07462353 0.03997405
v -0.01123367 0.07462353 0.03997405
v -0.01123367 0.07462353 0.03997405
v -0.01123367 0.07462353 0.03997405
v -0.01123367 0.07462353 0.03997405
v -0.01042595 0.07623770 0.03997405
v -0.01042595 0.07623770 0.03997405
v -0.01042595 0.07623770 0.03997405
v -0.01042595 0.07623770 0.03997405
v -0.01042595 0.07623770 0.03997405
v -0.01042595 0.07623770 0.03997405
v -0.00126318 0.07462353 0.00959890
v -0.00126318 0.07462353 0.00959890
v -0.00126318 0.07462353 0.00959890
v -0.00126318 0.07462353 0.00959890
v -0.00126318 0.07462353 0.00959890
v -0.00126318 0.07462353 0.00959890
v -0.00126318 0.07246584 0.00844517
v -0.00126318 0.07246584 0.00844517
v -0.00126318 0.07246584 0.00844517
v -0.00126318 0.07246584 0.00844517
v -0.00126318 0.07119853 0.00830829
v -0.00126318 0.07119853 0.00830829
v -0.00126318 0.07119853 0.00830829
v -0.00126318 0.07119853 0.00830829
v -0.00126318 0.07119853 0.00830829
v -0.00126318 0.07119853 0.00830829
v -0.00126318 0.07119853 0.00830829
v -0.00632147 0.07119034 0.00831481
v -0.00632147 0.07119034 0.00831481
v -0.00632147 0.07119034 0.00831481
v -0.00632147 0.07119034 0.00831481
v -0.00632147 0.07073149 0.00831481
v -0.00632147 0.07073149 0.00831481
v -0.00632147 0.07073149 0.00831481
v -0.00632147 0.07073149 0.00831481
v -0.00632147 0.07073149 0.00831481
v -0.00126318 0.06478009 0.01006822
v -0.00126318 0.06478009 0.01006822
v -0.00126318 0.06478009 0.01006822
v -0.00126318 0.06478009 0.01006822
v -0.00126318 0.06478009 0.01006822
v -0.00126318 0.06478009 0.01006822
v -0.00379232 0.06483471 0.01007474
v -0.00379232 0.06483471 0.01007474
v -0.00379232 0.06483471 0.01007474
v -0.00379232 0.06483471 0.01007474
v -0.00379232 0.06483471 0.01007474
v -0.00379232 0.06483471 0.01007474
v -0.00126318 0.06703337 0.00925344
v -0.00126318 0.06703337 0.00925344
v -0.00126318 0.06703337 0.00925344
v -0.00126318 0.06703337 0.00925344
v -0.00126318 0.06703337 0.00925344
v -0.00379232 0.06357014 0.01186074
v -0.00379232 0.06357014 0.01186074
v -0.00379232 0.06357014 0.01186074
v -0.00379232 0.06357014 0.01186074
v -0.00379232 0.06357014 0.01186074
v -0.00379232 0.06357014 0.01186074
v -0.00639307 0.04936489 0.03421190
v -0.00639307 0.04936489 0.03421190
v -0.00639307 0.04936489 0.03421190
v -0.00639307 0.04936489 0.03421190
v -0.00639307 0.04936489 0.03421190
v -0.00893940 0.04936489 0.03539822
v -0.00893940 0.04936489 0.03539822
v -0.00893940 0.04936489 0.03539822
v -0.01295509 0.04936489 0.06484777
v -0.01295509 0.04936489 0.06484777
v -0.01295509 0.04936489 0.06484777
v -0.01288635 0.05185852 0.06465875
v -0.01288635 0.05185852 0.06465875
v -0.01288635 0.05185852 0.06465875
v -0.01288635 0.05185852 0.06465875
v -0.01288635 0.05185852 0.06465875
v -0.01288635 0.05185852 0.06465875
v -0.01280615 0.05438767 0.06443060
v -0.01280615 0.05438767 0.06443060
v -0.01280615 0.05438767 0.06443060
v -0.01280615 0.05438767 0.06443060
v -0.01280615 0.05438767 0.06443060
v -0.01280615 0.05438767 0.06443060
v -0.01328734 0.05438767 0.06272933
v -0.01328734 0.05438767 0.06272933
v -0.01328734 0.05438767 0.06272933
v -0.01328734 0.05438767 0.06272933
v -0.01328734 0.05438767 0.06272933
v -0.01328734 0.05438767 0.06272933
v -0.01328734 0.05438767 0.06272933
v -0.01363392 0.05691681 0.06020025
v -0.01363392 0.05691681 0.06020025
v -0.01363392 0.05691681 0.06020025
v -0.01363392 0.05691681 0.06020025
v -0.01363392 0.05691681 0.06020025
v -0.01363392 0.05691681 0.06020025
v -0.01342769 0.05944868 0.06020025
v -0.01342769 0.05944868 0.06020025
v -0.01342769 0.05944868 0.06020025
v -0.01342769 0.05944868 0.06020025
v -0.01342769 0.05944868 0.06020025
v -0.01342769 0.05944868 0.06020025
v -0.01316132 0.06197782 0.06020025
v -0.01316132 0.06197782 0.06020025
v -0.01316132 0.06197782 0.06020025
v -0.01316132 0.06197782 0.06020025
v -0.01316132 0.06197782 0.06020025
v -0.01316132 0.06197782 0.06020025
v -0.01316132 0.06197782 0.06020025
v -0.01316132 0.06197782 0.06020025
v -0.01349357 0.06197782 0.05767116
v -0.01349357 0.06197782 0.05767116
v -0.01349357 0.06197782 0.05767116
v -0.01349357 0.06197782 0.05767116
v -0.01349357 0.06197782 0.05767116
v -0.01316132 0.06450423 0.05767116
v -0.01316132 0.06450423 0.05767116
v -0.01316132 0.06450423 0.05767116
v -0.01316132 0.06450423 0.05767116
v -0.01316132 0.06450423 0.05767116
v -0.01278896 0.06699514 0.05742998
v -0.01278896 0.06699514 0.05742998
v -0.01278896 0.06699514 0.05742998
v -0.01278896 0.06699514 0.05742998
v -0.01278896 0.06699514 0.05742998
v -0.01278896 0.06699514 0.05742998
v -0.01264861 0.06830614 0.05642617
v -0.01264861 0.06830614 0.05642617
v -0.01264861 0.06830614 0.05642617
v -0.01264861 0.06830614 0.05642617
v -0.01264861 0.06830614 0.05642617
v -0.01264861 0.06830614 0.05642617
v -0.01269444 0.06848913 0.05514207
v -0.01269444 0.06848913 0.05514207
v -0.01269444 0.06848913 0.05514207
v -0.01269444 0.06848913 0.05514207
v -0.01269444 0.06848913 0.05514207
v -0.01269444 0.06848913 0.05514207
v -0.01244812 0.07004868 0.05261298
v -0.01244812 0.07004868 0.05261298
v -0.01244812 0.07004868 0.05261298
v -0.01244812 0.07004868 0.05261298
v -0.01244812 0.07004868 0.05261298
v -0.01244812 0.07004868 0.05261298
v -0.01244812 0.07004868 0.05261298
v -0.01250254 0.07025079 0.05008389
v -0.01250254 0.07025079 0.05008389
v -0.01250254 0.07025079 0.05008389
v -0.01250254 0.07025079 0.05008389
v -0.01250254 0.07025079 0.05008389
v -0.01250254 0.07025079 0.05008389
v -0.01253977 0.07039555 0.04755480
v -0.01253977 0.07039555 0.04755480
v -0.01253977 0.07039555 0.04755480
v -0.01253977 0.07039555 0.04755480
v -0.01253977 0.07039555 0.04755480
v -0.01253977 0.07039555 0.04755480
v -0.01256269 0.07048295 0.04502571
v -0.01256269 0.07048295 0.04502571
v -0.01256269 0.07048295 0.04502571
v -0.01256269 0.07048295 0.04502571
v -0.01256269 0.07048295 0.04502571
v -0.01256269 0.07048295 0.04502571
v -0.01257128 0.07052118 0.04249662
v -0.01257128 0.07052118 0.04249662
v -0.01257128 0.07052118 0.04249662
v -0.01257128 0.07052118 0.04249662
v -0.01257128 0.07052118 0.04249662
v -0.00885347 0.07691778 0.04249662
v -0.00885347 0.07691778 0.04249662
v -0.00885347 0.07691778 0.04249662
v -0.00885347 0.07691778 0.04249662
v -0.00885347 0.07691778 0.04249662
v -0.00885347 0.07691778 0.04249662
v -0.00632147 0.07725919 0.04249662
v -0.00632147 0.07725919 0.04249662
v -0.00632147 0.07725919 0.04249662
v -0.00632147 0.07725919 0.04249662
v -0.00632147 0.07725919 0.04249662
v -0.00632147 0.07725919 0.04249662
v -0.00632147 0.07722368 0.03997405
v -0.00632147 0.07722368 0.03997405
v -0.00632147 0.07722368 0.03997405
v -0.00632147 0.07722368 0.03997405
v -0.00632147 0.07722368 0.03997405
v -0.00632147 0.07722368 0.03997405
v -0.00126318 0.07714994 0.03743844
v -0.00126318 0.07714994 0.03743844
v -0.00126318 0.07714994 0.03743844
v -0.00126318 0.07714994 0.03743844
v -0.00379232 0.07703796 0.03490935
v -0.00379232 0.07703796 0.03490935
v -0.00379232 0.07703796 0.03490935
v -0.00126318 0.07603832 0.01214755
v -0.00126318 0.07603832 0.01214755
v -0.00126318 0.07603832 0.01214755
v -0.00126318 0.07603832 0.01214755
v -0.00126318 0.07603832 0.01214755
v -0.00126318 0.07603832 0.01214755
v -0.00126318 0.07603832 0.01214755
v -0.00126318 0.07593726 0.01077219
v -0.00126318 0.07593726 0.01077219
v -0.00126318 0.07593726 0.01077219
v -0.00126318 0.07593726 0.01077219
v -0.01211300 0.07209166 0.04249662
v -0.01211300 0.07209166 0.04249662
v -0.01211300 0.07209166 0.04249662
v -0.01211300 0.07209166 0.04249662
v -0.01211300 0.07209166 0.04249662
v -0.01211300 0.07209166 0.04249662
v -0.01121935 0.07462353 0.04249662
v -0.01121935 0.07462353 0.04249662
v -0.01121935 0.07462353 0.04249662
v -0.01121935 0.07462353 0.04249662
v -0.01121935 0.07462353 0.04249662
v -0.01121935 0.07462353 0.04249662
v -0.01121935 0.07462353 0.04249662
v -0.01041163 0.07623223 0.04249662
v -0.01041163 0.07623223 0.04249662
v -0.01041163 0.07623223 0.04249662
v -0.01041163 0.07623223 0.04249662
v -0.01041163 0.07623223 0.04249662
v 0.00126309 0.07462353 0.00959890
v 0.00126309 0.07462353 0.00959890
v 0.00126309 0.07462353 0.00959890
v 0.00126309 0.07462353 0.00959890
v 0.00126309 0.07462353 0.00959890
v 0.00126309 0.07246584 0.00844517
v 0.00126309 0.07246584 0.00844517
v 0.00126309 0.07246584 0.00844517
v 0.00126309 0.07246584 0.00844517
v 0.00632138 0.07119034 0.00831481
v 0.00632138 0.07119034 0.00831481
v 0.00632138 0.07119034 0.00831481
v 0.00632138 0.07119034 0.00831481
v -0.00126318 0.07072603 0.00830829
v -0.00126318 0.07072603 0.00830829
v -0.00126318 0.07072603 0.00830829
v -0.00126318 0.07072603 0.00830829
v -0.00126318 0.07072603 0.00830829
v 0.00632138 0.07245491 0.00844517
v 0.00632138 0.07245491 0.00844517
v 0.00632138 0.07245491 0.00844517
v 0.00632138 0.07245491 0.00844517
v 0.00632138 0.07245491 0.00844517
v 0.00632138 0.07245491 0.00844517
v 0.00632138 0.07245491 0.00844517
v 0.00632138 0.07245491 0.00844517
v 0.00126309 0.06478009 0.01006822
v 0.00126309 0.06478009 0.01006822
v 0.00126309 0.06478009 0.01006822
v 0.00126309 0.06478009 0.01006822
v 0.00126309 0.06478009 0.01006822
v -0.00126318 0.06351552 0.01166520
v -0.00126318 0.06351552 0.01166520
v -0.00126318 0.06351552 0.01166520
v -0.00126318 0.06351552 0.01166520
v -0.00126318 0.06351552 0.01166520
v -0.00126318 0.06351552 0.01166520
v -0.00126318 0.06351552 0.01166520
v -0.00126318 0.06351552 0.01166520
v 0.00126309 0.06703337 0.00925344
v 0.00126309 0.06703337 0.00925344
v 0.00126309 0.06703337 0.00925344
v 0.00126309 0.06703337 0.00925344
v 0.00126309 0.06703337 0.00925344
v 0.00126309 0.06703337 0.00925344
v -0.00425920 0.04936489 0.03397072
v -0.00425920 0.04936489 0.03397072
v -0.00425920 0.04936489 0.03397072
v -0.00425920 0.04936489 0.03397072
v -0.00630142 0.04936489 0.03419886
v -0.00630142 0.04936489 0.03419886
v -0.00630142 0.04936489 0.03419886
v -0.01248822 0.04936489 0.06611232
v -0.01248822 0.04936489 0.06611232
v -0.01248822 0.04936489 0.06611232
v -0.01248822 0.04936489 0.06611232
v -0.01248822 0.04936489 0.06611232
v -0.01241374 0.05185852 0.06592329
v -0.01241374 0.05185852 0.06592329
v -0.01241374 0.05185852 0.06592329
v -0.01241374 0.05185852 0.06592329
v -0.01241374 0.05185852 0.06592329
v -0.01241374 0.05185852 0.06592329
v -0.01270876 0.05691681 0.06416336
v -0.01270876 0.05691681 0.06416336
v -0.01270876 0.05691681 0.06416336
v -0.01270876 0.05691681 0.06416336
v -0.01232209 0.05438767 0.06569515
v -0.01232209 0.05438767 0.06569515
v -0.01232209 0.05438767 0.06569515
v -0.01232209 0.05438767 0.06569515
v -0.01232209 0.05438767 0.06569515
v -0.01232209 0.05438767 0.06569515
v -0.01232209 0.05438767 0.06569515
v -0.01265434 0.05824966 0.06401343
v -0.01265434 0.05824966 0.06401343
v -0.01265434 0.05824966 0.06401343
v -0.01265434 0.05824966 0.06401343
v -0.01265434 0.05824966 0.06401343
v -0.01265434 0.05824966 0.06401343
v -0.01265434 0.05824966 0.06401343
v -0.01265434 0.05824966 0.06401343
v -0.01265434 0.05824966 0.06401343
v -0.01310117 0.05691681 0.06272933
v -0.01310117 0.05691681 0.06272933
v -0.01310117 0.05691681 0.06272933
v -0.01310117 0.05691681 0.06272933
v -0.01310117 0.05691681 0.06272933
v -0.01287775 0.05923564 0.06281407
v -0.01287775 0.05923564 0.06281407
v -0.01287775 0.05923564 0.06281407
v -0.01287775 0.05923564 0.06281407
v -0.01287775 0.05923564 0.06281407
v -0.01279469 0.06197782 0.06201232
v -0.01279469 0.06197782 0.06201232
v -0.01279469 0.06197782 0.06201232
v -0.01279469 0.06197782 0.06201232
v -0.01279469 0.06197782 0.06201232
v -0.01279469 0.06197782 0.06201232
v -0.01283193 0.06442502 0.06017417
v -0.01283193 0.06442502 0.06017417
v -0.01283193 0.06442502 0.06017417
v -0.01283193 0.06442502 0.06017417
v -0.01271736 0.06612933 0.05931376
v -0.01271736 0.06612933 0.05931376
v -0.01271736 0.06612933 0.05931376
v -0.01271736 0.06612933 0.05931376
v -0.01271736 0.06612933 0.05931376
v -0.01271736 0.06612933 0.05931376
v -0.01271736 0.06612933 0.05931376
v -0.01269444 0.06353191 0.06163426
v -0.01269444 0.06353191 0.06163426
v -0.01269444 0.06353191 0.06163426
v -0.01269444 0.06353191 0.06163426
v -0.01269444 0.06353191 0.06163426
v -0.01269444 0.06353191 0.06163426
v -0.01254837 0.06781451 0.05810788
v -0.01254837 0.06781451 0.05810788
v -0.01254837 0.06781451 0.05810788
v -0.01254837 0.06781451 0.05810788
v -0.01254837 0.06781451 0.05810788
v -0.01254837 0.06781451 0.05810788
v -0.01226767 0.06931397 0.05742998
v -0.01226767 0.06931397 0.05742998
v -0.01226767 0.06931397 0.05742998
v -0.01226767 0.06931397 0.05742998
v -0.01226767 0.06931397 0.05742998
v -0.01237078 0.06975370 0.05514207
v -0.01237078 0.06975370 0.05514207
v -0.01237078 0.06975370 0.05514207
v -0.01237078 0.06975370 0.05514207
v -0.01237078 0.06975370 0.05514207
v -0.01237078 0.06975370 0.05514207
v -0.01167190 0.07209166 0.05514207
v -0.01167190 0.07209166 0.05514207
v -0.01167190 0.07209166 0.05514207
v -0.01167190 0.07209166 0.05514207
v -0.01167190 0.07209166 0.05514207
v -0.01167190 0.07209166 0.05514207
v -0.01167190 0.07209166 0.05514207
v -0.01183516 0.07209166 0.05261298
v -0.01183516 0.07209166 0.05261298
v -0.01183516 0.07209166 0.05261298
v -0.01183516 0.07209166 0.05261298
v -0.01183516 0.07209166 0.05261298
v -0.01195260 0.07209166 0.05008389
v -0.01195260 0.07209166 0.05008389
v -0.01195260 0.07209166 0.05008389
v -0.01195260 0.07209166 0.05008389
v -0.01195260 0.07209166 0.05008389
v -0.01195260 0.07209166 0.05008389
v -0.01203853 0.07209166 0.04755480
v -0.01203853 0.07209166 0.04755480
v -0.01203853 0.07209166 0.04755480
v -0.01203853 0.07209166 0.04755480
v -0.01203853 0.07209166 0.04755480
v -0.01203853 0.07209166 0.04755480
v -0.01209008 0.07209166 0.04502571
v -0.01209008 0.07209166 0.04502571
v -0.01209008 0.07209166 0.04502571
v -0.01209008 0.07209166 0.04502571
v -0.01209008 0.07209166 0.04502571
v -0.01209008 0.07209166 0.04502571
v -0.00885347 0.07687954 0.04502571
v -0.00885347 0.07687954 0.04502571
v -0.00885347 0.07687954 0.04502571
v -0.00885347 0.07687954 0.04502571
v -0.00885347 0.07687954 0.04502571
v -0.00885347 0.07687954 0.04502571
v -0.00885347 0.07687954 0.04502571
v -0.00632147 0.07724007 0.04502571
v -0.00632147 0.07724007 0.04502571
v -0.00632147 0.07724007 0.04502571
v -0.00632147 0.07724007 0.04502571
v -0.00632147 0.07724007 0.04502571
v -0.00632147 0.07724007 0.04502571
v -0.00379232 0.07724553 0.04502571
v -0.00379232 0.07724553 0.04502571
v -0.00379232 0.07724553 0.04502571
v -0.00379232 0.07724553 0.04502571
v -0.00379232 0.07724553 0.04502571
v -0.00126318 0.07726738 0.04249662
v -0.00126318 0.07726738 0.04249662
v -0.00126318 0.07726738 0.04249662
v -0.00126318 0.07726738 0.04249662
v -0.00126318 0.07726738 0.04249662
v -0.00126318 0.07726738 0.04249662
v -0.00126318 0.07726738 0.04249662
v -0.00126318 0.07726738 0.04249662
v -0.00126318 0.07722914 0.03997405
v -0.00126318 0.07722914 0.03997405
v -0.00126318 0.07722914 0.03997405
v -0.00126318 0.07722914 0.03997405
v 0.00126309 0.07714994 0.03743844
v 0.00126309 0.07714994 0.03743844
v 0.00126309 0.07714994 0.03743844
v 0.00126309 0.07714994 0.03743844
v -0.00126318 0.07704069 0.03490935
v -0.00126318 0.07704069 0.03490935
v -0.00126318 0.07704069 0.03490935
v -0.00126318 0.07704069 0.03490935
v 0.00126309 0.07603832 0.01214755
v 0.00126309 0.07603832 0.01214755
v 0.00126309 0.07603832 0.01214755
v 0.00126309 0.07603832 0.01214755
v 0.00126309 0.07603832 0.01214755
v 0.00126309 0.07603832 0.01214755
v 0.00126309 0.07603832 0.01214755
v 0.00126309 0.07593726 0.01077219
v 0.00126309 0.07593726 0.01077219
v 0.00126309 0.07593726 0.01077219
v 0.00126309 0.07593726 0.01077219
v 0.00126309 0.07593726 0.01077219
v -0.01117925 0.07462353 0.04502571
v -0.01117925 0.07462353 0.04502571
v -0.01117925 0.07462353 0.04502571
v -0.01117925 0.07462353 0.04502571
v -0.01117925 0.07462353 0.04502571
v -0.01117925 0.07462353 0.04502571
v -0.01038585 0.07620492 0.04502571
v -0.01038585 0.07620492 0.04502571
v -0.01038585 0.07620492 0.04502571
v -0.01038585 0.07620492 0.04502571
v -0.01038585 0.07620492 0.04502571
v 0.00632138 0.07462353 0.00961194
v 0.00632138 0.07462353 0.00961194
v 0.00632138 0.07462353 0.00961194
v 0.00632138 0.07462353 0.00961194
v 0.00632138 0.07462353 0.00961194
v 0.00632138 0.07462353 0.00961194
v 0.00632138 0.07462353 0.00961194
v 0.00885338 0.07106470 0.00832132
v 0.00885338 0.07106470 0.00832132
v 0.00885338 0.07106470 0.00832132
v 0.00885338 0.07106470 0.00832132
v 0.00632138 0.07073149 0.00831481
v 0.00632138 0.07073149 0.00831481
v 0.00632138 0.07073149 0.00831481
v 0.00632138 0.07073149 0.00831481
v 0.00632138 0.07073149 0.00831481
v 0.01013370 0.07088990 0.00834088
v 0.01013370 0.07088990 0.00834088
v 0.01013370 0.07088990 0.00834088
v 0.01013370 0.07088990 0.00834088
v 0.01013370 0.07088990 0.00834088
v 0.01013370 0.07088990 0.00834088
v 0.00885338 0.07232928 0.00854295
v 0.00885338 0.07232928 0.00854295
v 0.00885338 0.07232928 0.00854295
v 0.00885338 0.07232928 0.00854295
v 0.00885338 0.07232928 0.00854295
v 0.00379223 0.06703337 0.00925996
v 0.00379223 0.06703337 0.00925996
v 0.00379223 0.06703337 0.00925996
v 0.00379223 0.06703337 0.00925996
v 0.00379223 0.06703337 0.00925996
v 0.00379223 0.06703337 0.00925996
v 0.00379223 0.06703337 0.00925996
v 0.00379223 0.06483198 0.01006822
v 0.00379223 0.06483198 0.01006822
v 0.00379223 0.06483198 0.01006822
v 0.00379223 0.06483198 0.01006822
v 0.00379223 0.06483198 0.01006822
v 0.00379223 0.06483198 0.01006822
v 0.00126309 0.06351552 0.01166520
v 0.00126309 0.06351552 0.01166520
v 0.00126309 0.06351552 0.01166520
v 0.00126309 0.06351552 0.01166520
v 0.00126309 0.06351552 0.01166520
v 0.00126309 0.06351552 0.01166520
v 0.00126309 0.06351552 0.01166520
v -0.00126318 0.04936489 0.03391206
v -0.00126318 0.04936489 0.03391206
v -0.00126318 0.04936489 0.03391206
v -0.00200789 0.04936489 0.03391858
v -0.00200789 0.04936489 0.03391858
v -0.00200789 0.04936489 0.03391858
v -0.00379232 0.04936489 0.03393813
v -0.00379232 0.04936489 0.03393813
v -0.00379232 0.04936489 0.03393813
v -0.01164899 0.04936489 0.06776144
v -0.01164899 0.04936489 0.06776144
v -0.01164899 0.04936489 0.06776144
v -0.01164899 0.04936489 0.06776144
v -0.01148000 0.05185852 0.06778751
v -0.01148000 0.05185852 0.06778751
v -0.01148000 0.05185852 0.06778751
v -0.01148000 0.05185852 0.06778751
v -0.01148000 0.05185852 0.06778751
v -0.01148000 0.05185852 0.06778751
v -0.01148000 0.05185852 0.06778751
v -0.01127663 0.05438767 0.06778751
v -0.01127663 0.05438767 0.06778751
v -0.01127663 0.05438767 0.06778751
v -0.01127663 0.05438767 0.06778751
v -0.01127663 0.05438767 0.06778751
v -0.01127663 0.05438767 0.06778751
v -0.01127663 0.05438767 0.06778751
v -0.01103890 0.05691681 0.06778751
v -0.01103890 0.05691681 0.06778751
v -0.01103890 0.05691681 0.06778751
v -0.01103890 0.05691681 0.06778751
v -0.01103890 0.05691681 0.06778751
v -0.01103890 0.05691681 0.06778751
v -0.01221038 0.05691681 0.06542790
v -0.01221038 0.05691681 0.06542790
v -0.01221038 0.05691681 0.06542790
v -0.01221038 0.05691681 0.06542790
v -0.01221038 0.05691681 0.06542790
v -0.01221038 0.05691681 0.06542790
v -0.01256555 0.05993757 0.06370708
v -0.01256555 0.05993757 0.06370708
v -0.01256555 0.05993757 0.06370708
v -0.01256555 0.05993757 0.06370708
v -0.01256555 0.05993757 0.06370708
v -0.01214737 0.05923564 0.06501725
v -0.01214737 0.05923564 0.06501725
v -0.01214737 0.05923564 0.06501725
v -0.01172059 0.06197782 0.06525843
v -0.01172059 0.06197782 0.06525843
v -0.01172059 0.06197782 0.06525843
v -0.01172059 0.06197782 0.06525843
v -0.01172059 0.06197782 0.06525843
v -0.01172059 0.06197782 0.06525843
v -0.01172059 0.06197782 0.06525843
v -0.01172059 0.06197782 0.06525843
v -0.01244239 0.06197782 0.06327687
v -0.01244239 0.06197782 0.06327687
v -0.01244239 0.06197782 0.06327687
v -0.01244239 0.06197782 0.06327687
v -0.01244239 0.06197782 0.06327687
v -0.01244239 0.06197782 0.06327687
v -0.01255696 0.06521709 0.06100199
v -0.01255696 0.06521709 0.06100199
v -0.01255696 0.06521709 0.06100199
v -0.01255696 0.06521709 0.06100199
v -0.01255696 0.06521709 0.06100199
v -0.01255696 0.06521709 0.06100199
v -0.01237937 0.06699514 0.06017417
v -0.01237937 0.06699514 0.06017417
v -0.01237937 0.06699514 0.06017417
v -0.01237937 0.06699514 0.06017417
v -0.01237937 0.06699514 0.06017417
v -0.01228199 0.06442502 0.06257942
v -0.01228199 0.06442502 0.06257942
v -0.01228199 0.06442502 0.06257942
v -0.01228199 0.06442502 0.06257942
v -0.01228199 0.06442502 0.06257942
v -0.01177788 0.06956251 0.06020025
v -0.01177788 0.06956251 0.06020025
v -0.01177788 0.06956251 0.06020025
v -0.01177788 0.06956251 0.06020025
v -0.01177788 0.06956251 0.06020025
v -0.01177788 0.06956251 0.06020025
v -0.01177788 0.06956251 0.06020025
v -0.01141698 0.07209166 0.05767116
v -0.01141698 0.07209166 0.05767116
v -0.01141698 0.07209166 0.05767116
v -0.01141698 0.07209166 0.05767116
v -0.01141698 0.07209166 0.05767116
v -0.01141698 0.07209166 0.05767116
v -0.01141698 0.07209166 0.05767116
v -0.01058348 0.07479559 0.05501822
v -0.01058348 0.07479559 0.05501822
v -0.01058348 0.07479559 0.05501822
v -0.01058348 0.07479559 0.05501822
v -0.01085559 0.07462353 0.05261298
v -0.01085559 0.07462353 0.05261298
v -0.01085559 0.07462353 0.05261298
v -0.01085559 0.07462353 0.05261298
v -0.01085559 0.07462353 0.05261298
v -0.01085559 0.07462353 0.05261298
v -0.01055198 0.07423842 0.05767116
v -0.01055198 0.07423842 0.05767116
v -0.01055198 0.07423842 0.05767116
v -0.01055198 0.07423842 0.05767116
v -0.01055198 0.07423842 0.05767116
v -0.01055198 0.07423842 0.05767116
v -0.01101312 0.07462353 0.05008389
v -0.01101312 0.07462353 0.05008389
v -0.01101312 0.07462353 0.05008389
v -0.01101312 0.07462353 0.05008389
v -0.01101312 0.07462353 0.05008389
v -0.01101312 0.07462353 0.05008389
v -0.01111910 0.07462353 0.04755480
v -0.01111910 0.07462353 0.04755480
v -0.01111910 0.07462353 0.04755480
v -0.01111910 0.07462353 0.04755480
v -0.01111910 0.07462353 0.04755480
v -0.01111910 0.07462353 0.04755480
v -0.01035434 0.07615849 0.04755480
v -0.01035434 0.07615849 0.04755480
v -0.01035434 0.07615849 0.04755480
v -0.01035434 0.07615849 0.04755480
v -0.01035434 0.07615849 0.04755480
v -0.01035434 0.07615849 0.04755480
v -0.00885347 0.07679487 0.04755480
v -0.00885347 0.07679487 0.04755480
v -0.00885347 0.07679487 0.04755480
v -0.00885347 0.07679487 0.04755480
v -0.00885347 0.07679487 0.04755480
v -0.00885347 0.07679487 0.04755480
v -0.00632147 0.07716087 0.04755480
v -0.00632147 0.07716087 0.04755480
v -0.00632147 0.07716087 0.04755480
v -0.00632147 0.07716087 0.04755480
v -0.00632147 0.07716087 0.04755480
v -0.00379232 0.07716905 0.04755480
v -0.00379232 0.07716905 0.04755480
v -0.00379232 0.07716905 0.04755480
v -0.00379232 0.07716905 0.04755480
v -0.00126318 0.07717452 0.04755480
v -0.00126318 0.07717452 0.04755480
v -0.00126318 0.07717452 0.04755480
v -0.00126318 0.07717452 0.04755480
v -0.00126318 0.07717452 0.04755480
v -0.00126318 0.07724827 0.04502571
v -0.00126318 0.07724827 0.04502571
v -0.00126318 0.07724827 0.04502571
v -0.00126318 0.07724827 0.04502571
v 0.00126309 0.07724827 0.04502571
v 0.00126309 0.07724827 0.04502571
v 0.00126309 0.07724827 0.04502571
v 0.00126309 0.07724827 0.04502571
v 0.00379223 0.07724553 0.04502571
v 0.00379223 0.07724553 0.04502571
v 0.00379223 0.07724553 0.04502571
v 0.00379223 0.07724553 0.04502571
v 0.00632138 0.07725919 0.04249662
v 0.00632138 0.07725919 0.04249662
v 0.00632138 0.07725919 0.04249662
v 0.00632138 0.07725919 0.04249662
v 0.00632138 0.07725919 0.04249662
v 0.00632138 0.07725919 0.04249662
v 0.00632138 0.07722368 0.03997405
v 0.00632138 0.07722368 0.03997405
v 0.00632138 0.07722368 0.03997405
v 0.00632138 0.07722368 0.03997405
v 0.00632138 0.07722368 0.03997405
v 0.00126309 0.07722914 0.03997405
v 0.00126309 0.07722914 0.03997405
v 0.00126309 0.07722914 0.03997405
v 0.00126309 0.07722914 0.03997405
v 0.00632138 0.07714447 0.03743844
v 0.00632138 0.07714447 0.03743844
v 0.00632138 0.07714447 0.03743844
v 0.00632138 0.07714447 0.03743844
v 0.00632138 0.07714447 0.03743844
v 0.00632138 0.07714447 0.03743844
v 0.00632138 0.07714447 0.03743844
v 0.00632138 0.07714447 0.03743844
v 0.00632138 0.07714447 0.03743844
v 0.00126309 0.07704069 0.03490935
v 0.00126309 0.07704069 0.03490935
v 0.00126309 0.07704069 0.03490935
v 0.00126309 0.07704069 0.03490935
v 0.00632138 0.07602739 0.01214755
v 0.00632138 0.07602739 0.01214755
v 0.00632138 0.07602739 0.01214755
v 0.00632138 0.07602739 0.01214755
v 0.00632138 0.07593179 0.01078523
v 0.00632138 0.07593179 0.01078523
v 0.00632138 0.07593179 0.01078523
v 0.00632138 0.07593179 0.01078523
v 0.00632138 0.07593179 0.01078523
v 0.00379223 0.07703796 0.03490935
v 0.00379223 0.07703796 0.03490935
v 0.00379223 0.07703796 0.03490935
v 0.00777642 0.07591814 0.01081782
v 0.00777642 0.07591814 0.01081782
v 0.00777642 0.07591814 0.01081782
v 0.00777642 0.07591814 0.01081782
v 0.00777642 0.07591814 0.01081782
v 0.00777642 0.07591814 0.01081782
v 0.00777642 0.07591814 0.01081782
v 0.00777642 0.07591814 0.01081782
v 0.00871303 0.07476828 0.00998348
v 0.00871303 0.07476828 0.00998348
v 0.00871303 0.07476828 0.00998348
v 0.00871303 0.07476828 0.00998348
v 0.00885338 0.07076427 0.00832132
v 0.00885338 0.07076427 0.00832132
v 0.00885338 0.07076427 0.00832132
v 0.00885338 0.07076427 0.00832132
v 0.01013370 0.07081070 0.00834088
v 0.01013370 0.07081070 0.00834088
v 0.01013370 0.07081070 0.00834088
v 0.01013370 0.07081070 0.00834088
v 0.01013370 0.07081070 0.00834088
v 0.01013370 0.07081070 0.00834088
v 0.01013370 0.07081070 0.00834088
v 0.01013370 0.07081070 0.00834088
v 0.01013370 0.07081070 0.00834088
v 0.01052611 0.07402265 0.01023118
v 0.01052611 0.07402265 0.01023118
v 0.01052611 0.07402265 0.01023118
v 0.01052611 0.07402265 0.01023118
v 0.01052611 0.07402265 0.01023118
v 0.01052611 0.07402265 0.01023118
v 0.01052611 0.07402265 0.01023118
v 0.01052611 0.07402265 0.01023118
v 0.01075811 0.07187862 0.00947506
v 0.01075811 0.07187862 0.00947506
v 0.01075811 0.07187862 0.00947506
v 0.01075811 0.07187862 0.00947506
v 0.01075811 0.07187862 0.00947506
v 0.01075811 0.07187862 0.00947506
v 0.00632138 0.06703337 0.00940336
v 0.00632138 0.06703337 0.00940336
v 0.00632138 0.06703337 0.00940336
v 0.00632138 0.06703337 0.00940336
v 0.00632138 0.06505049 0.01017903
v 0.00632138 0.06505049 0.01017903
v 0.00632138 0.06505049 0.01017903
v 0.00632138 0.06505049 0.01017903
v 0.00632138 0.06505049 0.01017903
v 0.00632138 0.06505049 0.01017903
v 0.00632138 0.06505049 0.01017903
v 0.00632138 0.06505049 0.01017903
v 0.00379223 0.06356741 0.01186074
v 0.00379223 0.06356741 0.01186074
v 0.00379223 0.06356741 0.01186074
v 0.00379223 0.06356741 0.01186074
v 0.00639298 0.04936489 0.03421190
v 0.00639298 0.04936489 0.03421190
v 0.00639298 0.04936489 0.03421190
v 0.00639298 0.04936489 0.03421190
v 0.00639298 0.04936489 0.03421190
v 0.00639298 0.04936489 0.03421190
v 0.00379223 0.04936489 0.03393813
v 0.00379223 0.04936489 0.03393813
v 0.00379223 0.04936489 0.03393813
v 0.00126309 0.04936489 0.03391206
v 0.00126309 0.04936489 0.03391206
v 0.00126309 0.04936489 0.03391206
v -0.01163467 0.04936489 0.06778751
v -0.01163467 0.04936489 0.06778751
v -0.01163467 0.04936489 0.06778751
v -0.01163467 0.04936489 0.06778751
v -0.01163467 0.04936489 0.06778751
v -0.01044600 0.05185852 0.06948878
v -0.01044600 0.05185852 0.06948878
v -0.01044600 0.05185852 0.06948878
v -0.01044600 0.05185852 0.06948878
v -0.01044600 0.05185852 0.06948878
v -0.01044600 0.05185852 0.06948878
v -0.01044600 0.05185852 0.06948878
v -0.01044600 0.05185852 0.06948878
v -0.01033716 0.05438767 0.06933886
v -0.01033716 0.05438767 0.06933886
v -0.01033716 0.05438767 0.06933886
v -0.01033716 0.05438767 0.06933886
v -0.01033716 0.05438767 0.06933886
v -0.01033716 0.05438767 0.06933886
v -0.01020826 0.05691681 0.06916939
v -0.01020826 0.05691681 0.06916939
v -0.01020826 0.05691681 0.06916939
v -0.01020826 0.05691681 0.06916939
v -0.01013379 0.05831794 0.06907813
v -0.01013379 0.05831794 0.06907813
v -0.01013379 0.05831794 0.06907813
v -0.01013379 0.05831794 0.06907813
v -0.01013379 0.05831794 0.06907813
v -0.01013379 0.05831794 0.06907813
v -0.01013379 0.05831794 0.06907813
v -0.01013379 0.05831794 0.06907813
v -0.01013379 0.05831794 0.06907813
v -0.01066082 0.06197782 0.06743553
v -0.01066082 0.06197782 0.06743553
v -0.01066082 0.06197782 0.06743553
v -0.01066082 0.06197782 0.06743553
v -0.01066082 0.06197782 0.06743553
v -0.01066082 0.06197782 0.06743553
v -0.01066082 0.06197782 0.06743553
v -0.01068660 0.05927661 0.06796351
v -0.01068660 0.05927661 0.06796351
v -0.01068660 0.05927661 0.06796351
v -0.01068660 0.05927661 0.06796351
v -0.01132819 0.06450423 0.06525843
v -0.01132819 0.06450423 0.06525843
v -0.01132819 0.06450423 0.06525843
v -0.01132819 0.06450423 0.06525843
v -0.01132819 0.06450423 0.06525843
v -0.01132819 0.06450423 0.06525843
v -0.01132819 0.06450423 0.06525843
v -0.01045459 0.06450423 0.06709006
v -0.01045459 0.06450423 0.06709006
v -0.01045459 0.06450423 0.06709006
v -0.01045459 0.06450423 0.06709006
v -0.01045459 0.06450423 0.06709006
v -0.01045459 0.06450423 0.06709006
v -0.01175783 0.06703337 0.06272933
v -0.01175783 0.06703337 0.06272933
v -0.01175783 0.06703337 0.06272933
v -0.01175783 0.06703337 0.06272933
v -0.01175783 0.06703337 0.06272933
v -0.01175783 0.06703337 0.06272933
v -0.01175783 0.06703337 0.06272933
v -0.01175783 0.06703337 0.06272933
v -0.01100167 0.07209166 0.06020025
v -0.01100167 0.07209166 0.06020025
v -0.01100167 0.07209166 0.06020025
v -0.01100167 0.07209166 0.06020025
v -0.01100167 0.07209166 0.06020025
v -0.01100167 0.07209166 0.06020025
v -0.01114202 0.06956251 0.06272933
v -0.01114202 0.06956251 0.06272933
v -0.01114202 0.06956251 0.06272933
v -0.01114202 0.06956251 0.06272933
v -0.01114202 0.06956251 0.06272933
v -0.01114202 0.06956251 0.06272933
v -0.01034002 0.07379322 0.06020025
v -0.01034002 0.07379322 0.06020025
v -0.01034002 0.07379322 0.06020025
v -0.01034002 0.07379322 0.06020025
v -0.01034002 0.07379322 0.06020025
v -0.01034002 0.07379322 0.06020025
v -0.01013952 0.07591268 0.05409263
v -0.01013952 0.07591268 0.05409263
v -0.01013952 0.07591268 0.05409263
v -0.01013952 0.07591268 0.05409263
v -0.01013952 0.07591268 0.05409263
v -0.01013952 0.07591268 0.05409263
v -0.01013952 0.07591268 0.05409263
v -0.01013952 0.07591268 0.05409263
v -0.01013952 0.07591268 0.05409263
v -0.01013952 0.07591268 0.05409263
v -0.01020540 0.07598096 0.05261298
v -0.01020540 0.07598096 0.05261298
v -0.01020540 0.07598096 0.05261298
v -0.01020540 0.07598096 0.05261298
v -0.01020540 0.07598096 0.05261298
v -0.00993330 0.07575154 0.05578086
v -0.00993330 0.07575154 0.05578086
v -0.00993330 0.07575154 0.05578086
v -0.00993330 0.07575154 0.05578086
v -0.00993330 0.07575154 0.05578086
v -0.00993330 0.07575154 0.05578086
v -0.01029706 0.07608474 0.05008389
v -0.01029706 0.07608474 0.05008389
v -0.01029706 0.07608474 0.05008389
v -0.01029706 0.07608474 0.05008389
v -0.01029706 0.07608474 0.05008389
v -0.01029706 0.07608474 0.05008389
v -0.00885347 0.07665831 0.05008389
v -0.00885347 0.07665831 0.05008389
v -0.00885347 0.07665831 0.05008389
v -0.00885347 0.07665831 0.05008389
v -0.00885347 0.07665831 0.05008389
v -0.00885347 0.07665831 0.05008389
v -0.00885347 0.07665831 0.05008389
v -0.00632147 0.07703523 0.05008389
v -0.00632147 0.07703523 0.05008389
v -0.00632147 0.07703523 0.05008389
v -0.00632147 0.07703523 0.05008389
v -0.00632147 0.07703523 0.05008389
v -0.00632147 0.07703523 0.05008389
v -0.00379232 0.07704342 0.05008389
v -0.00379232 0.07704342 0.05008389
v -0.00379232 0.07704342 0.05008389
v -0.00379232 0.07704342 0.05008389
v -0.00126318 0.07704888 0.05008389
v -0.00126318 0.07704888 0.05008389
v -0.00126318 0.07704888 0.05008389
v -0.00126318 0.07704888 0.05008389
v 0.00126309 0.07717452 0.04755480
v 0.00126309 0.07717452 0.04755480
v 0.00126309 0.07717452 0.04755480
v 0.00126309 0.07717452 0.04755480
v 0.00126309 0.07717452 0.04755480
v 0.00632138 0.07724007 0.04502571
v 0.00632138 0.07724007 0.04502571
v 0.00632138 0.07724007 0.04502571
v 0.00632138 0.07724007 0.04502571
v 0.00632138 0.07724007 0.04502571
v 0.00885338 0.07691778 0.04249662
v 0.00885338 0.07691778 0.04249662
v 0.00885338 0.07691778 0.04249662
v 0.00885338 0.07691778 0.04249662
v 0.00885338 0.07691778 0.04249662
v 0.00885338 0.07691778 0.04249662
v 0.00885338 0.07691778 0.04249662
v 0.00885338 0.07690686 0.03997405
v 0.00885338 0.07690686 0.03997405
v 0.00885338 0.07690686 0.03997405
v 0.00885338 0.07690686 0.03997405
v 0.00885338 0.07690686 0.03997405
v 0.00885338 0.07690686 0.03997405
v 0.00885338 0.07690686 0.03997405
v 0.00885338 0.07684677 0.03743844
v 0.00885338 0.07684677 0.03743844
v 0.00885338 0.07684677 0.03743844
v 0.00885338 0.07684677 0.03743844
v 0.00885338 0.07684677 0.03743844
v 0.00885338 0.07684677 0.03743844
v 0.00885338 0.07676483 0.03490935
v 0.00885338 0.07676483 0.03490935
v 0.00885338 0.07676483 0.03490935
v 0.00885338 0.07676483 0.03490935
v 0.00885338 0.07676483 0.03490935
v 0.00798265 0.07595638 0.01214755
v 0.00798265 0.07595638 0.01214755
v 0.00798265 0.07595638 0.01214755
v 0.00798265 0.07595638 0.01214755
v 0.00924578 0.07563409 0.01214755
v 0.00924578 0.07563409 0.01214755
v 0.00924578 0.07563409 0.01214755
v 0.00924578 0.07563409 0.01214755
v 0.00924578 0.07563409 0.01214755
v 0.00924578 0.07563409 0.01214755
v 0.00924578 0.07563409 0.01214755
v 0.01060344 0.06980560 0.00976838
v 0.01060344 0.06980560 0.00976838
v 0.01060344 0.06980560 0.00976838
v 0.01060344 0.06980560 0.00976838
v 0.01026832 0.06801662 0.01071353
v 0.01026832 0.06801662 0.01071353
v 0.01026832 0.06801662 0.01071353
v 0.01026832 0.06801662 0.01071353
v 0.01026832 0.06801662 0.01071353
v 0.01026832 0.06801662 0.01071353
v 0.00809149 0.06540555 0.01048539
v 0.00809149 0.06540555 0.01048539
v 0.00809149 0.06540555 0.01048539
v 0.00809149 0.06540555 0.01048539
v 0.00809149 0.06540555 0.01048539
v 0.00809149 0.06540555 0.01048539
v 0.01073233 0.07436952 0.01214755
v 0.01073233 0.07436952 0.01214755
v 0.01073233 0.07436952 0.01214755
v 0.01073233 0.07436952 0.01214755
v 0.01073233 0.07436952 0.01214755
v 0.01073233 0.07436952 0.01214755
v 0.01170332 0.07209166 0.01214755
v 0.01170332 0.07209166 0.01214755
v 0.01170332 0.07209166 0.01214755
v 0.01170332 0.07209166 0.01214755
v 0.01170332 0.07209166 0.01214755
v 0.01170332 0.07209166 0.01214755
v 0.01170332 0.07209166 0.01214755
v 0.01170332 0.07209166 0.01214755
v 0.01170332 0.07209166 0.01214755
v 0.01170332 0.07209166 0.01214755
v 0.01170332 0.07209166 0.01214755
v 0.01170332 0.07209166 0.01214755
v 0.01170332 0.07209166 0.01214755
v 0.01170332 0.07209166 0.01214755
v 0.01170332 0.07209166 0.01214755
v 0.01151141 0.06956251 0.01214755
v 0.01151141 0.06956251 0.01214755
v 0.01151141 0.06956251 0.01214755
v 0.01151141 0.06956251 0.01214755
v 0.01151141 0.06956251 0.01214755
v 0.01151141 0.06956251 0.01214755
v 0.01151141 0.06956251 0.01214755
v 0.01151141 0.06956251 0.01214755
v 0.01151141 0.06956251 0.01214755
v 0.01151141 0.06956251 0.01214755
v 0.00893645 0.04936489 0.03539171
v 0.00893645 0.04936489 0.03539171
v 0.00893645 0.04936489 0.03539171
v 0.00893645 0.04936489 0.03539171
v 0.00646172 0.04936489 0.03423145
v 0.00646172 0.04936489 0.03423145
v 0.00646172 0.04936489 0.03423145
v 0.00646172 0.04936489 0.03423145
v -0.01054338 0.04936489 0.06956700
v -0.01054338 0.04936489 0.06956700
v -0.01054338 0.04936489 0.06956700
v -0.01054338 0.04936489 0.06956700
v -0.01052620 0.04936489 0.06959308
v -0.01052620 0.04936489 0.06959308
v -0.01052620 0.04936489 0.06959308
v -0.01052620 0.04936489 0.06959308
v -0.01051188 0.04936489 0.06961263
v -0.01051188 0.04936489 0.06961263
v -0.01051188 0.04936489 0.06961263
v -0.01051188 0.04936489 0.06961263
v -0.00944351 0.04936489 0.07085762
v -0.00944351 0.04936489 0.07085762
v -0.00944351 0.04936489 0.07085762
v -0.00944351 0.04936489 0.07085762
v -0.00944351 0.04936489 0.07085762
v -0.00933180 0.05185852 0.07075333
v -0.00933180 0.05185852 0.07075333
v -0.00933180 0.05185852 0.07075333
v -0.00933180 0.05185852 0.07075333
v -0.00933180 0.05185852 0.07075333
v -0.00933180 0.05185852 0.07075333
v -0.00919145 0.05438767 0.07060341
v -0.00919145 0.05438767 0.07060341
v -0.00919145 0.05438767 0.07060341
v -0.00919145 0.05438767 0.07060341
v -0.00919145 0.05438767 0.07060341
v -0.00919145 0.05438767 0.07060341
v -0.00919145 0.05438767 0.07060341
v -0.00919145 0.05438767 0.07060341
v -0.01002209 0.06000313 0.06891518
v -0.01002209 0.06000313 0.06891518
v -0.01002209 0.06000313 0.06891518
v -0.01002209 0.06000313 0.06891518
v -0.01002209 0.06000313 0.06891518
v -0.00902246 0.05691681 0.07044045
v -0.00902246 0.05691681 0.07044045
v -0.00902246 0.05691681 0.07044045
v -0.00902246 0.05691681 0.07044045
v -0.00883342 0.05926569 0.07029705
v -0.00883342 0.05926569 0.07029705
v -0.00883342 0.05926569 0.07029705
v -0.00883342 0.05926569 0.07029705
v -0.00860428 0.06197782 0.07009498
v -0.00860428 0.06197782 0.07009498
v -0.00860428 0.06197782 0.07009498
v -0.00860428 0.06197782 0.07009498
v -0.00860428 0.06197782 0.07009498
v -0.00860428 0.06197782 0.07009498
v -0.00860428 0.06197782 0.07009498
v -0.00987028 0.06197782 0.06870007
v -0.00987028 0.06197782 0.06870007
v -0.00987028 0.06197782 0.06870007
v -0.00987028 0.06197782 0.06870007
v -0.00987028 0.06197782 0.06870007
v -0.00987028 0.06197782 0.06870007
v -0.01026269 0.06637787 0.06676414
v -0.01026269 0.06637787 0.06676414
v -0.01026269 0.06637787 0.06676414
v -0.01026269 0.06637787 0.06676414
v -0.01026269 0.06637787 0.06676414
v -0.01026269 0.06637787 0.06676414
v -0.01071238 0.06714535 0.06544094
v -0.01071238 0.06714535 0.06544094
v -0.01071238 0.06714535 0.06544094
v -0.01071238 0.06714535 0.06544094
v -0.01071238 0.06714535 0.06544094
v -0.00961536 0.06450423 0.06835461
v -0.00961536 0.06450423 0.06835461
v -0.00961536 0.06450423 0.06835461
v -0.00961536 0.06450423 0.06835461
v -0.00961536 0.06450423 0.06835461
v -0.00961536 0.06450423 0.06835461
v -0.01043168 0.06956251 0.06467830
v -0.01043168 0.06956251 0.06467830
v -0.01043168 0.06956251 0.06467830
v -0.01043168 0.06956251 0.06467830
v -0.01043168 0.06956251 0.06467830
v -0.01042309 0.07197694 0.06257942
v -0.01042309 0.07197694 0.06257942
v -0.01042309 0.07197694 0.06257942
v -0.01042309 0.07197694 0.06257942
v -0.01042309 0.07197694 0.06257942
v -0.01017676 0.07347367 0.06163426
v -0.01017676 0.07347367 0.06163426
v -0.01017676 0.07347367 0.06163426
v -0.01017676 0.07347367 0.06163426
v -0.01017676 0.07347367 0.06163426
v -0.01017676 0.07347367 0.06163426
v -0.01017676 0.07347367 0.06163426
v -0.01017676 0.07347367 0.06163426
v -0.01020540 0.07105651 0.06418291
v -0.01020540 0.07105651 0.06418291
v -0.01020540 0.07105651 0.06418291
v -0.01020540 0.07105651 0.06418291
v -0.01020540 0.07105651 0.06418291
v -0.01020540 0.07105651 0.06418291
v -0.01020540 0.07105651 0.06418291
v -0.00961823 0.07550299 0.05767116
v -0.00961823 0.07550299 0.05767116
v -0.00961823 0.07550299 0.05767116
v -0.00961823 0.07550299 0.05767116
v -0.00961823 0.07550299 0.05767116
v -0.00789394 0.07600281 0.06020025
v -0.00789394 0.07600281 0.06020025
v -0.00789394 0.07600281 0.06020025
v -0.00789394 0.07600281 0.06020025
v -0.00789394 0.07600281 0.06020025
v -0.00835223 0.07615030 0.05767116
v -0.00835223 0.07615030 0.05767116
v -0.00835223 0.07615030 0.05767116
v -0.00835223 0.07615030 0.05767116
v -0.00835223 0.07615030 0.05767116
v -0.00835223 0.07615030 0.05767116
v -0.00899668 0.07621038 0.05501822
v -0.00899668 0.07621038 0.05501822
v -0.00899668 0.07621038 0.05501822
v -0.00885347 0.07647258 0.05261298
v -0.00885347 0.07647258 0.05261298
v -0.00885347 0.07647258 0.05261298
v -0.00885347 0.07647258 0.05261298
v -0.00885347 0.07647258 0.05261298
v -0.00763616 0.07590721 0.06157560
v -0.00763616 0.07590721 0.06157560
v -0.00763616 0.07590721 0.06157560
v -0.00763616 0.07590721 0.06157560
v -0.00763616 0.07590721 0.06157560
v -0.00763616 0.07590721 0.06157560
v -0.00763616 0.07590721 0.06157560
v -0.00763616 0.07590721 0.06157560
v -0.00763616 0.07590721 0.06157560
v -0.00763616 0.07590721 0.06157560
v -0.00763616 0.07590721 0.06157560
v -0.00763616 0.07590721 0.06157560
v -0.00632147 0.07686862 0.05261298
v -0.00632147 0.07686862 0.05261298
v -0.00632147 0.07686862 0.05261298
v -0.00632147 0.07686862 0.05261298
v -0.00632147 0.07686862 0.05261298
v -0.00632147 0.07686862 0.05261298
v -0.00126318 0.07689046 0.05261298
v -0.00126318 0.07689046 0.05261298
v -0.00126318 0.07689046 0.05261298
v -0.00126318 0.07689046 0.05261298
v -0.00126318 0.07689046 0.05261298
v -0.00126318 0.07689046 0.05261298
v -0.00126318 0.07689046 0.05261298
v 0.00126309 0.07704888 0.05008389
v 0.00126309 0.07704888 0.05008389
v 0.00126309 0.07704888 0.05008389
v 0.00126309 0.07704888 0.05008389
v 0.00632138 0.07716359 0.04755480
v 0.00632138 0.07716359 0.04755480
v 0.00632138 0.07716359 0.04755480
v 0.00632138 0.07716359 0.04755480
v 0.00632138 0.07716359 0.04755480
v 0.00632138 0.07716359 0.04755480
v 0.00885338 0.07688774 0.04502571
v 0.00885338 0.07688774 0.04502571
v 0.00885338 0.07688774 0.04502571
v 0.00885338 0.07688774 0.04502571
v 0.00885338 0.07688774 0.04502571
v 0.00885338 0.07688774 0.04502571
v 0.01039435 0.07621311 0.04502571
v 0.01039435 0.07621311 0.04502571
v 0.01039435 0.07621311 0.04502571
v 0.01039435 0.07621311 0.04502571
v 0.01039435 0.07621311 0.04502571
v 0.01039435 0.07621311 0.04502571
v 0.01041154 0.07623223 0.04249662
v 0.01041154 0.07623223 0.04249662
v 0.01041154 0.07623223 0.04249662
v 0.01041154 0.07623223 0.04249662
v 0.01042586 0.07623770 0.03997405
v 0.01042586 0.07623770 0.03997405
v 0.01042586 0.07623770 0.03997405
v 0.01042586 0.07623770 0.03997405
v 0.01042586 0.07623770 0.03997405
v 0.01042586 0.07623770 0.03997405
v 0.01042586 0.07623770 0.03997405
v 0.01042300 0.07621858 0.03743844
v 0.01042300 0.07621858 0.03743844
v 0.01042300 0.07621858 0.03743844
v 0.01042300 0.07621858 0.03743844
v 0.01042300 0.07621858 0.03743844
v 0.01040581 0.07619400 0.03490935
v 0.01040581 0.07619400 0.03490935
v 0.01040581 0.07619400 0.03490935
v 0.01040581 0.07619400 0.03490935
v 0.01040581 0.07619400 0.03490935
v 0.01036571 0.07614756 0.03238026
v 0.01036571 0.07614756 0.03238026
v 0.01036571 0.07614756 0.03238026
v 0.01036571 0.07614756 0.03238026
v 0.01036571 0.07614756 0.03238026
v 0.01036571 0.07614756 0.03238026
v 0.01036571 0.07614756 0.03238026
v 0.01027978 0.07605470 0.02985117
v 0.01027978 0.07605470 0.02985117
v 0.01027978 0.07605470 0.02985117
v 0.00977854 0.06633144 0.01169779
v 0.00977854 0.06633144 0.01169779
v 0.00977854 0.06633144 0.01169779
v 0.00977854 0.06633144 0.01169779
v 0.00977854 0.06633144 0.01169779
v 0.01279747 0.04936489 0.04077580
v 0.01279747 0.04936489 0.04077580
v 0.01279747 0.04936489 0.04077580
v 0.01279747 0.04936489 0.04077580
v 0.01279747 0.04936489 0.04077580
v 0.01090133 0.04936489 0.03732763
v 0.01090133 0.04936489 0.03732763
v 0.01090133 0.04936489 0.03732763
v 0.01090133 0.04936489 0.03732763
v 0.01119634 0.07462353 0.03490935
v 0.01119634 0.07462353 0.03490935
v 0.01119634 0.07462353 0.03490935
v 0.01119634 0.07462353 0.03490935
v 0.01119634 0.07462353 0.03490935
v 0.01119634 0.07462353 0.03490935
v 0.01119634 0.07462353 0.03490935
v 0.01272586 0.06864208 0.02479300
v 0.01272586 0.06864208 0.02479300
v 0.01272586 0.06864208 0.02479300
v 0.01272586 0.06864208 0.02479300
v 0.01268576 0.06846728 0.02291573
v 0.01268576 0.06846728 0.02291573
v 0.01268576 0.06846728 0.02291573
v 0.01268576 0.06846728 0.02291573
v 0.01268576 0.06846728 0.02291573
v 0.01268576 0.06846728 0.02291573
v 0.01268576 0.06846728 0.02291573
v 0.01268576 0.06846728 0.02291573
v 0.01268576 0.06820508 0.02291573
v 0.01268576 0.06820508 0.02291573
v 0.01268576 0.06820508 0.02291573
v 0.01268576 0.06820508 0.02291573
v 0.01184653 0.06956251 0.01467664
v 0.01184653 0.06956251 0.01467664
v 0.01184653 0.06956251 0.01467664
v 0.01184653 0.06956251 0.01467664
v 0.01207567 0.07209166 0.03490935
v 0.01207567 0.07209166 0.03490935
v 0.01207567 0.07209166 0.03490935
v 0.01207567 0.07209166 0.03490935
v 0.01207567 0.07209166 0.03490935
v 0.01255114 0.07043651 0.03490935
v 0.01255114 0.07043651 0.03490935
v 0.01255114 0.07043651 0.03490935
v 0.01255114 0.07043651 0.03490935
v 0.01255114 0.07043651 0.03490935
v 0.01255114 0.07043651 0.03490935
v 0.01252823 0.07033546 0.03238026
v 0.01252823 0.07033546 0.03238026
v 0.01252823 0.07033546 0.03238026
v 0.01252823 0.07033546 0.03238026
v 0.01283184 0.06907089 0.03238026
v 0.01283184 0.06907089 0.03238026
v 0.01283184 0.06907089 0.03238026
v 0.01283184 0.06907089 0.03238026
v 0.01283184 0.06907089 0.03238026
v 0.01283184 0.06907089 0.03238026
v 0.01280033 0.06893978 0.02985117
v 0.01280033 0.06893978 0.02985117
v 0.01280033 0.06893978 0.02985117
v 0.01280033 0.06893978 0.02985117
v 0.01276596 0.06880049 0.02732208
v 0.01276596 0.06880049 0.02732208
v 0.01276596 0.06880049 0.02732208
v 0.01276596 0.06880049 0.02732208
v 0.01463059 0.04936489 0.05261298
v 0.01463059 0.04936489 0.05261298
v 0.01463059 0.04936489 0.05261298
v 0.01463059 0.04936489 0.05261298
v 0.01463059 0.04936489 0.05261298
v 0.01463059 0.04936489 0.05261298
v 0.01463059 0.04936489 0.05261298
v 0.01463059 0.04936489 0.05261298
v 0.01361378 0.04936489 0.04502571
v 0.01361378 0.04936489 0.04502571
v 0.01361378 0.04936489 0.04502571
v 0.01325288 0.04936489 0.04249662
v 0.01325288 0.04936489 0.04249662
v 0.01325288 0.04936489 0.04249662
v 0.01280606 0.04936489 0.04080187
v 0.01280606 0.04936489 0.04080187
v 0.01280606 0.04936489 0.04080187
v -0.00817751 0.04936489 0.07208305
v -0.00817751 0.04936489 0.07208305
v -0.00817751 0.04936489 0.07208305
v -0.00806866 0.05185852 0.07199180
v -0.00806866 0.05185852 0.07199180
v -0.00806866 0.05185852 0.07199180
v -0.00806866 0.05185852 0.07199180
v -0.00806866 0.05185852 0.07199180
v -0.00806866 0.05185852 0.07199180
v -0.00806866 0.05185852 0.07199180
v -0.00792545 0.05438767 0.07186795
v -0.00792545 0.05438767 0.07186795
v -0.00792545 0.05438767 0.07186795
v -0.00792545 0.05438767 0.07186795
v -0.00792545 0.05438767 0.07186795
v -0.00792545 0.05438767 0.07186795
v -0.00775932 0.05691681 0.07172455
v -0.00775932 0.05691681 0.07172455
v -0.00775932 0.05691681 0.07172455
v -0.00775932 0.05691681 0.07172455
v -0.00764475 0.05853098 0.07163329
v -0.00764475 0.05853098 0.07163329
v -0.00764475 0.05853098 0.07163329
v -0.00764475 0.05853098 0.07163329
v -0.00764475 0.05853098 0.07163329
v -0.00764475 0.05853098 0.07163329
v -0.00764475 0.05853098 0.07163329
v -0.00764475 0.05853098 0.07163329
v -0.00764475 0.05853098 0.07163329
v -0.00835223 0.06450423 0.06982773
v -0.00835223 0.06450423 0.06982773
v -0.00835223 0.06450423 0.06982773
v -0.00835223 0.06450423 0.06982773
v -0.00835223 0.06450423 0.06982773
v -0.00835223 0.06450423 0.06982773
v -0.00835223 0.06450423 0.06982773
v -0.00748722 0.06021616 0.07150945
v -0.00748722 0.06021616 0.07150945
v -0.00748722 0.06021616 0.07150945
v -0.00748722 0.06021616 0.07150945
v -0.00748722 0.06021616 0.07150945
v -0.00748722 0.06021616 0.07150945
v -0.01005646 0.06806306 0.06640564
v -0.01005646 0.06806306 0.06640564
v -0.01005646 0.06806306 0.06640564
v -0.01005646 0.06806306 0.06640564
v -0.01005646 0.06806306 0.06640564
v -0.01005646 0.06806306 0.06640564
v -0.01005646 0.06806306 0.06640564
v -0.00940341 0.06714535 0.06768322
v -0.00940341 0.06714535 0.06768322
v -0.00940341 0.06714535 0.06768322
v -0.00940341 0.06714535 0.06768322
v -0.00940341 0.06714535 0.06768322
v -0.00940341 0.06714535 0.06768322
v -0.00800279 0.06703337 0.06946923
v -0.00800279 0.06703337 0.06946923
v -0.00800279 0.06703337 0.06946923
v -0.00800279 0.06703337 0.06946923
v -0.00800279 0.06703337 0.06946923
v -0.00985596 0.07274169 0.06332250
v -0.00985596 0.07274169 0.06332250
v -0.00985596 0.07274169 0.06332250
v -0.00985596 0.07274169 0.06332250
v -0.00985596 0.07274169 0.06332250
v -0.00985596 0.07274169 0.06332250
v -0.00805148 0.07387516 0.06525843
v -0.00805148 0.07387516 0.06525843
v -0.00805148 0.07387516 0.06525843
v -0.00805148 0.07387516 0.06525843
v -0.00805148 0.07387516 0.06525843
v -0.00805148 0.07387516 0.06525843
v -0.00874463 0.07457983 0.06244905
v -0.00874463 0.07457983 0.06244905
v -0.00874463 0.07457983 0.06244905
v -0.00874463 0.07457983 0.06244905
v -0.00915995 0.07505780 0.06020025
v -0.00915995 0.07505780 0.06020025
v -0.00915995 0.07505780 0.06020025
v -0.00915995 0.07505780 0.06020025
v -0.00980441 0.06956251 0.06594285
v -0.00980441 0.06956251 0.06594285
v -0.00980441 0.06956251 0.06594285
v -0.00980441 0.06956251 0.06594285
v -0.00980441 0.06956251 0.06594285
v -0.00926306 0.07197694 0.06512154
v -0.00926306 0.07197694 0.06512154
v -0.00926306 0.07197694 0.06512154
v -0.00926306 0.07197694 0.06512154
v -0.00926306 0.07197694 0.06512154
v -0.00632147 0.07666377 0.05514207
v -0.00632147 0.07666377 0.05514207
v -0.00632147 0.07666377 0.05514207
v -0.00632147 0.07666377 0.05514207
v -0.00632147 0.07666377 0.05514207
v -0.00632147 0.07666377 0.05514207
v -0.00632147 0.07666377 0.05514207
v -0.00632147 0.07486661 0.06525843
v -0.00632147 0.07486661 0.06525843
v -0.00632147 0.07486661 0.06525843
v -0.00632147 0.07486661 0.06525843
v -0.00632147 0.07486661 0.06525843
v -0.00632147 0.07486661 0.06525843
v -0.00379232 0.07535824 0.06525843
v -0.00379232 0.07535824 0.06525843
v -0.00379232 0.07535824 0.06525843
v -0.00379232 0.07535824 0.06525843
v -0.00379232 0.07535824 0.06525843
v -0.00379232 0.07535824 0.06525843
v -0.00379232 0.07535824 0.06525843
v -0.00632147 0.07592361 0.06169293
v -0.00632147 0.07592361 0.06169293
v -0.00632147 0.07592361 0.06169293
v -0.00632147 0.07592361 0.06169293
v -0.00632147 0.07592361 0.06169293
v -0.00632147 0.07612299 0.06020025
v -0.00632147 0.07612299 0.06020025
v -0.00632147 0.07612299 0.06020025
v -0.00632147 0.07612299 0.06020025
v -0.00632147 0.07612299 0.06020025
v -0.00632147 0.07641796 0.05767116
v -0.00632147 0.07641796 0.05767116
v -0.00632147 0.07641796 0.05767116
v -0.00632147 0.07641796 0.05767116
v -0.00632147 0.07641796 0.05767116
v -0.00632147 0.07641796 0.05767116
v -0.00379232 0.07666651 0.05514207
v -0.00379232 0.07666651 0.05514207
v -0.00379232 0.07666651 0.05514207
v -0.00379232 0.07666651 0.05514207
v 0.00126309 0.07689046 0.05261298
v 0.00126309 0.07689046 0.05261298
v 0.00126309 0.07689046 0.05261298
v 0.00126309 0.07689046 0.05261298
v 0.00126309 0.07689046 0.05261298
v 0.00126309 0.07689046 0.05261298
v 0.00126309 0.07689046 0.05261298
v 0.00379223 0.07704342 0.05008389
v 0.00379223 0.07704342 0.05008389
v 0.00379223 0.07704342 0.05008389
v 0.00379223 0.07704342 0.05008389
v 0.00632138 0.07703523 0.05008389
v 0.00632138 0.07703523 0.05008389
v 0.00632138 0.07703523 0.05008389
v 0.00632138 0.07703523 0.05008389
v 0.00632138 0.07703523 0.05008389
v 0.00632138 0.07703523 0.05008389
v 0.00885338 0.07680306 0.04755480
v 0.00885338 0.07680306 0.04755480
v 0.00885338 0.07680306 0.04755480
v 0.00885338 0.07680306 0.04755480
v 0.00885338 0.07680306 0.04755480
v 0.00885338 0.07680306 0.04755480
v 0.00885338 0.07680306 0.04755480
v 0.01036285 0.07616941 0.04755480
v 0.01036285 0.07616941 0.04755480
v 0.01036285 0.07616941 0.04755480
v 0.01036285 0.07616941 0.04755480
v 0.01036285 0.07616941 0.04755480
v 0.01036285 0.07616941 0.04755480
v 0.01118775 0.07462353 0.04502571
v 0.01118775 0.07462353 0.04502571
v 0.01118775 0.07462353 0.04502571
v 0.01118775 0.07462353 0.04502571
v 0.01118775 0.07462353 0.04502571
v 0.01118775 0.07462353 0.04502571
v 0.01121926 0.07462353 0.04249662
v 0.01121926 0.07462353 0.04249662
v 0.01121926 0.07462353 0.04249662
v 0.01121926 0.07462353 0.04249662
v 0.01121926 0.07462353 0.04249662
v 0.01121926 0.07462353 0.04249662
v 0.01121926 0.07462353 0.04249662
v 0.01123358 0.07462353 0.03997405
v 0.01123358 0.07462353 0.03997405
v 0.01123358 0.07462353 0.03997405
v 0.01123358 0.07462353 0.03997405
v 0.01123358 0.07462353 0.03997405
v 0.01122499 0.07462353 0.03743844
v 0.01122499 0.07462353 0.03743844
v 0.01122499 0.07462353 0.03743844
v 0.01122499 0.07462353 0.03743844
v 0.01122499 0.07462353 0.03743844
v 0.01122499 0.07462353 0.03743844
v 0.01225899 0.04936489 0.03953732
v 0.01225899 0.04936489 0.03953732
v 0.01225899 0.04936489 0.03953732
v 0.01329012 0.06703337 0.03490935
v 0.01329012 0.06703337 0.03490935
v 0.01329012 0.06703337 0.03490935
v 0.01329012 0.06703337 0.03490935
v 0.01329012 0.06703337 0.03490935
v 0.01329012 0.06703337 0.03490935
v 0.01329012 0.06703337 0.03490935
v 0.01374554 0.06450423 0.04249662
v 0.01374554 0.06450423 0.04249662
v 0.01374554 0.06450423 0.04249662
v 0.01374554 0.06450423 0.04249662
v 0.01374554 0.06450423 0.04249662
v 0.01374554 0.06450423 0.04249662
v 0.01395463 0.06197782 0.04502571
v 0.01395463 0.06197782 0.04502571
v 0.01395463 0.06197782 0.04502571
v 0.01395463 0.06197782 0.04502571
v 0.01437281 0.05691681 0.05008389
v 0.01437281 0.05691681 0.05008389
v 0.01437281 0.05691681 0.05008389
v 0.01437281 0.05691681 0.05008389
v 0.01437281 0.05691681 0.05008389
v 0.01437281 0.05691681 0.05008389
v 0.01437281 0.05691681 0.05008389
v 0.01210432 0.07209166 0.03743844
v 0.01210432 0.07209166 0.03743844
v 0.01210432 0.07209166 0.03743844
v 0.01210432 0.07209166 0.03743844
v 0.01210432 0.07209166 0.03743844
v 0.01256546 0.07050206 0.03743844
v 0.01256546 0.07050206 0.03743844
v 0.01256546 0.07050206 0.03743844
v 0.01256546 0.07050206 0.03743844
v 0.01256546 0.07050206 0.03743844
v 0.01287480 0.06923750 0.03743844
v 0.01287480 0.06923750 0.03743844
v 0.01287480 0.06923750 0.03743844
v 0.01287480 0.06923750 0.03743844
v 0.01287480 0.06923750 0.03743844
v 0.01287480 0.06923750 0.03743844
v 0.01285762 0.06917195 0.03490935
v 0.01285762 0.06917195 0.03490935
v 0.01285762 0.06917195 0.03490935
v 0.01285762 0.06917195 0.03490935
v 0.01285762 0.06917195 0.03490935
v 0.01333881 0.06703337 0.03743844
v 0.01333881 0.06703337 0.03743844
v 0.01333881 0.06703337 0.03743844
v 0.01333881 0.06703337 0.03743844
v 0.01333881 0.06703337 0.03743844
v 0.01333881 0.06703337 0.03743844
v 0.01333881 0.06703337 0.03743844
v 0.01456471 0.05185852 0.05261298
v 0.01456471 0.05185852 0.05261298
v 0.01456471 0.05185852 0.05261298
v 0.01456471 0.05185852 0.05261298
v 0.01459908 0.04936489 0.05514207
v 0.01459908 0.04936489 0.05514207
v 0.01459908 0.04936489 0.05514207
v 0.01459908 0.04936489 0.05514207
v 0.01459908 0.04936489 0.05514207
v -0.00815173 0.04936489 0.07210261
v -0.00815173 0.04936489 0.07210261
v -0.00815173 0.04936489 0.07210261
v -0.00609519 0.04936489 0.07343885
v -0.00609519 0.04936489 0.07343885
v -0.00609519 0.04936489 0.07343885
v -0.00609519 0.04936489 0.07343885
v -0.00632147 0.05185852 0.07312598
v -0.00632147 0.05185852 0.07312598
v -0.00632147 0.05185852 0.07312598
v -0.00632147 0.05185852 0.07312598
v -0.00632147 0.05185852 0.07312598
v -0.00632147 0.05185852 0.07312598
v -0.00632147 0.05438767 0.07289784
v -0.00632147 0.05438767 0.07289784
v -0.00632147 0.05438767 0.07289784
v -0.00632147 0.05438767 0.07289784
v -0.00632147 0.05438767 0.07289784
v -0.00632147 0.05438767 0.07289784
v -0.00632147 0.05438767 0.07289784
v -0.00632147 0.05691681 0.07262407
v -0.00632147 0.05691681 0.07262407
v -0.00632147 0.05691681 0.07262407
v -0.00632147 0.05691681 0.07262407
v -0.00632147 0.05691681 0.07262407
v -0.00632147 0.05691681 0.07262407
v -0.00651623 0.05940225 0.07220690
v -0.00651623 0.05940225 0.07220690
v -0.00651623 0.05940225 0.07220690
v -0.00651623 0.05940225 0.07220690
v -0.00727240 0.06197782 0.07135953
v -0.00727240 0.06197782 0.07135953
v -0.00727240 0.06197782 0.07135953
v -0.00727240 0.06197782 0.07135953
v -0.00727240 0.06197782 0.07135953
v -0.00687713 0.06450423 0.07109228
v -0.00687713 0.06450423 0.07109228
v -0.00687713 0.06450423 0.07109228
v -0.00687713 0.06450423 0.07109228
v -0.00687713 0.06450423 0.07109228
v -0.00687713 0.06450423 0.07109228
v -0.00687713 0.06450423 0.07109228
v -0.00600640 0.06197782 0.07214172
v -0.00600640 0.06197782 0.07214172
v -0.00600640 0.06197782 0.07214172
v -0.00600640 0.06197782 0.07214172
v -0.00600640 0.06197782 0.07214172
v -0.00600640 0.06197782 0.07214172
v -0.00600640 0.06197782 0.07214172
v -0.00600640 0.06197782 0.07214172
v -0.00843815 0.06951062 0.06789833
v -0.00843815 0.06951062 0.06789833
v -0.00843815 0.06951062 0.06789833
v -0.00843815 0.06951062 0.06789833
v -0.00843815 0.06951062 0.06789833
v -0.00843815 0.06951062 0.06789833
v -0.00773355 0.06863389 0.06919546
v -0.00773355 0.06863389 0.06919546
v -0.00773355 0.06863389 0.06919546
v -0.00773355 0.06863389 0.06919546
v -0.00773355 0.06863389 0.06919546
v -0.00773355 0.06863389 0.06919546
v -0.00773355 0.06863389 0.06919546
v -0.00762470 0.07339993 0.06656860
v -0.00762470 0.07339993 0.06656860
v -0.00762470 0.07339993 0.06656860
v -0.00762470 0.07339993 0.06656860
v -0.00762470 0.07339993 0.06656860
v -0.00762470 0.07339993 0.06656860
v -0.00762470 0.07339993 0.06656860
v -0.00762470 0.07339993 0.06656860
v -0.00762470 0.07339993 0.06656860
v -0.00797987 0.07209166 0.06700532
v -0.00797987 0.07209166 0.06700532
v -0.00797987 0.07209166 0.06700532
v -0.00797987 0.07209166 0.06700532
v -0.00797987 0.07209166 0.06700532
v -0.00632147 0.07381781 0.06709658
v -0.00632147 0.07381781 0.06709658
v -0.00632147 0.07381781 0.06709658
v -0.00632147 0.07381781 0.06709658
v -0.00388398 0.07421657 0.06797003
v -0.00388398 0.07421657 0.06797003
v -0.00388398 0.07421657 0.06797003
v -0.00388398 0.07421657 0.06797003
v -0.00388398 0.07421657 0.06797003
v -0.00388398 0.07421657 0.06797003
v -0.00388398 0.07421657 0.06797003
v -0.00126318 0.07471366 0.06778751
v -0.00126318 0.07471366 0.06778751
v -0.00126318 0.07471366 0.06778751
v -0.00126318 0.07471366 0.06778751
v 0.00126309 0.07471639 0.06778751
v 0.00126309 0.07471639 0.06778751
v 0.00126309 0.07471639 0.06778751
v 0.00126309 0.07471639 0.06778751
v 0.00126309 0.07471639 0.06778751
v 0.00126309 0.07471639 0.06778751
v 0.00379223 0.07536370 0.06525843
v 0.00379223 0.07536370 0.06525843
v 0.00379223 0.07536370 0.06525843
v 0.00379223 0.07536370 0.06525843
v 0.00379223 0.07536370 0.06525843
v 0.00379223 0.07536370 0.06525843
v 0.00379223 0.07536370 0.06525843
v 0.00632138 0.07592634 0.06169945
v 0.00632138 0.07592634 0.06169945
v 0.00632138 0.07592634 0.06169945
v 0.00632138 0.07592634 0.06169945
v 0.00632138 0.07592634 0.06169945
v 0.00632138 0.07612571 0.06020025
v 0.00632138 0.07612571 0.06020025
v 0.00632138 0.07612571 0.06020025
v 0.00632138 0.07612571 0.06020025
v 0.00632138 0.07612571 0.06020025
v 0.00632138 0.07641796 0.05767116
v 0.00632138 0.07641796 0.05767116
v 0.00632138 0.07641796 0.05767116
v 0.00632138 0.07641796 0.05767116
v 0.00632138 0.07641796 0.05767116
v 0.00379223 0.07666651 0.05514207
v 0.00379223 0.07666651 0.05514207
v 0.00379223 0.07666651 0.05514207
v 0.00379223 0.07666651 0.05514207
v 0.00632138 0.07666377 0.05514207
v 0.00632138 0.07666377 0.05514207
v 0.00632138 0.07666377 0.05514207
v 0.00632138 0.07666377 0.05514207
v 0.00632138 0.07666377 0.05514207
v 0.00632138 0.07666377 0.05514207
v 0.00632138 0.07666377 0.05514207
v 0.00632138 0.07686862 0.05261298
v 0.00632138 0.07686862 0.05261298
v 0.00632138 0.07686862 0.05261298
v 0.00632138 0.07686862 0.05261298
v 0.00632138 0.07686862 0.05261298
v 0.00632138 0.07686862 0.05261298
v 0.00885338 0.07665558 0.05008389
v 0.00885338 0.07665558 0.05008389
v 0.00885338 0.07665558 0.05008389
v 0.00885338 0.07665558 0.05008389
v 0.00885338 0.07665558 0.05008389
v 0.00885338 0.07665558 0.05008389
v 0.01020531 0.07598096 0.05261298
v 0.01020531 0.07598096 0.05261298
v 0.01020531 0.07598096 0.05261298
v 0.01020531 0.07598096 0.05261298
v 0.01020531 0.07598096 0.05261298
v 0.01020531 0.07598096 0.05261298
v 0.01029697 0.07608474 0.05008389
v 0.01029697 0.07608474 0.05008389
v 0.01029697 0.07608474 0.05008389
v 0.01029697 0.07608474 0.05008389
v 0.01029697 0.07608474 0.05008389
v 0.01112760 0.07462353 0.04755480
v 0.01112760 0.07462353 0.04755480
v 0.01112760 0.07462353 0.04755480
v 0.01112760 0.07462353 0.04755480
v 0.01112760 0.07462353 0.04755480
v 0.01112760 0.07462353 0.04755480
v 0.01204130 0.07209166 0.04755480
v 0.01204130 0.07209166 0.04755480
v 0.01204130 0.07209166 0.04755480
v 0.01204130 0.07209166 0.04755480
v 0.01204130 0.07209166 0.04755480
v 0.01204130 0.07209166 0.04755480
v 0.01208999 0.07209166 0.04502571
v 0.01208999 0.07209166 0.04502571
v 0.01208999 0.07209166 0.04502571
v 0.01208999 0.07209166 0.04502571
v 0.01208999 0.07209166 0.04502571
v 0.01208999 0.07209166 0.04502571
v 0.01211291 0.07209166 0.04249662
v 0.01211291 0.07209166 0.04249662
v 0.01211291 0.07209166 0.04249662
v 0.01211291 0.07209166 0.04249662
v 0.01211291 0.07209166 0.04249662
v 0.01211291 0.07209166 0.04249662
v 0.01211577 0.07209166 0.03997405
v 0.01211577 0.07209166 0.03997405
v 0.01211577 0.07209166 0.03997405
v 0.01211577 0.07209166 0.03997405
v 0.01211577 0.07209166 0.03997405
v 0.01211577 0.07209166 0.03997405
v 0.01377704 0.06450423 0.04502571
v 0.01377704 0.06450423 0.04502571
v 0.01377704 0.06450423 0.04502571
v 0.01377704 0.06450423 0.04502571
v 0.01377704 0.06450423 0.04502571
v 0.01377704 0.06450423 0.04502571
v 0.01377704 0.06450423 0.04502571
v 0.01405488 0.06197782 0.04755480
v 0.01405488 0.06197782 0.04755480
v 0.01405488 0.06197782 0.04755480
v 0.01405488 0.06197782 0.04755480
v 0.01405488 0.06197782 0.04755480
v 0.01405488 0.06197782 0.04755480
v 0.01405488 0.06197782 0.04755480
v 0.01424392 0.05944868 0.05008389
v 0.01424392 0.05944868 0.05008389
v 0.01424392 0.05944868 0.05008389
v 0.01424392 0.05944868 0.05008389
v 0.01424392 0.05944868 0.05008389
v 0.01424392 0.05944868 0.05008389
v 0.01447306 0.05438767 0.05261298
v 0.01447306 0.05438767 0.05261298
v 0.01447306 0.05438767 0.05261298
v 0.01447306 0.05438767 0.05261298
v 0.01447306 0.05438767 0.05261298
v 0.01447306 0.05438767 0.05261298
v 0.01257119 0.07052391 0.03997405
v 0.01257119 0.07052391 0.03997405
v 0.01257119 0.07052391 0.03997405
v 0.01257119 0.07052391 0.03997405
v 0.01257119 0.07052391 0.03997405
v 0.01288053 0.06925935 0.03997405
v 0.01288053 0.06925935 0.03997405
v 0.01288053 0.06925935 0.03997405
v 0.01288053 0.06925935 0.03997405
v 0.01288053 0.06925935 0.03997405
v 0.01335886 0.06703337 0.03997405
v 0.01335886 0.06703337 0.03997405
v 0.01335886 0.06703337 0.03997405
v 0.01335886 0.06703337 0.03997405
v 0.01335886 0.06703337 0.03997405
v 0.01448165 0.05185852 0.05514207
v 0.01448165 0.05185852 0.05514207
v 0.01448165 0.05185852 0.05514207
v 0.01448165 0.05185852 0.05514207
v 0.01448165 0.05185852 0.05514207
v 0.01448165 0.05185852 0.05514207
v 0.01448165 0.05185852 0.05514207
v 0.01459622 0.04936489 0.05518118
v 0.01459622 0.04936489 0.05518118
v 0.01459622 0.04936489 0.05518118
v -0.00493230 0.04936489 0.07407765
v -0.00493230 0.04936489 0.07407765
v -0.00493230 0.04936489 0.07407765
v -0.00493230 0.04936489 0.07407765
v -0.00489506 0.04975819 0.07406461
v -0.00489506 0.04975819 0.07406461
v -0.00489506 0.04975819 0.07406461
v -0.00489506 0.04975819 0.07406461
v -0.00489506 0.04975819 0.07406461
v -0.00489506 0.04975819 0.07406461
v -0.00465733 0.05185852 0.07398639
v -0.00465733 0.05185852 0.07398639
v -0.00465733 0.05185852 0.07398639
v -0.00465733 0.05185852 0.07398639
v -0.00465733 0.05185852 0.07398639
v -0.00465733 0.05185852 0.07398639
v -0.00431076 0.05438767 0.07387558
v -0.00431076 0.05438767 0.07387558
v -0.00431076 0.05438767 0.07387558
v -0.00431076 0.05438767 0.07387558
v -0.00431076 0.05438767 0.07387558
v -0.00431076 0.05438767 0.07387558
v -0.00431076 0.05438767 0.07387558
v -0.00561113 0.06450423 0.07190054
v -0.00561113 0.06450423 0.07190054
v -0.00561113 0.06450423 0.07190054
v -0.00561113 0.06450423 0.07190054
v -0.00561113 0.06450423 0.07190054
v -0.00561113 0.06450423 0.07190054
v -0.00527315 0.06619215 0.07170499
v -0.00527315 0.06619215 0.07170499
v -0.00527315 0.06619215 0.07170499
v -0.00527315 0.06619215 0.07170499
v -0.00527315 0.06619215 0.07170499
v -0.00527315 0.06619215 0.07170499
v -0.00619830 0.06703337 0.07083155
v -0.00619830 0.06703337 0.07083155
v -0.00619830 0.06703337 0.07083155
v -0.00619830 0.06703337 0.07083155
v -0.00619830 0.06703337 0.07083155
v -0.00379232 0.05944868 0.07347145
v -0.00379232 0.05944868 0.07347145
v -0.00379232 0.05944868 0.07347145
v -0.00379232 0.05944868 0.07347145
v -0.00379232 0.05944868 0.07347145
v -0.00379232 0.05944868 0.07347145
v -0.00379232 0.06197782 0.07309990
v -0.00379232 0.06197782 0.07309990
v -0.00379232 0.06197782 0.07309990
v -0.00379232 0.06197782 0.07309990
v -0.00379232 0.06197782 0.07309990
v -0.00379232 0.06197782 0.07309990
v -0.00379232 0.06197782 0.07309990
v -0.00729818 0.07032180 0.06881088
v -0.00729818 0.07032180 0.06881088
v -0.00729818 0.07032180 0.06881088
v -0.00729818 0.07032180 0.06881088
v -0.00729818 0.07032180 0.06881088
v -0.00729818 0.07032180 0.06881088
v -0.00729818 0.07032180 0.06881088
v -0.00640166 0.06951062 0.06978862
v -0.00640166 0.06951062 0.06978862
v -0.00640166 0.06951062 0.06978862
v -0.00640166 0.06951062 0.06978862
v -0.00640166 0.06951062 0.06978862
v -0.00640166 0.07223368 0.06835461
v -0.00640166 0.07223368 0.06835461
v -0.00640166 0.07223368 0.06835461
v -0.00640166 0.07223368 0.06835461
v -0.00478622 0.07317323 0.06893473
v -0.00478622 0.07317323 0.06893473
v -0.00478622 0.07317323 0.06893473
v -0.00478622 0.07317323 0.06893473
v -0.00478622 0.07317323 0.06893473
v -0.00478622 0.07317323 0.06893473
v -0.00478622 0.07317323 0.06893473
v -0.00309917 0.07360204 0.06926716
v -0.00309917 0.07360204 0.06926716
v -0.00309917 0.07360204 0.06926716
v -0.00309917 0.07360204 0.06926716
v -0.00309917 0.07360204 0.06926716
v -0.00126318 0.07379596 0.06945619
v -0.00126318 0.07379596 0.06945619
v -0.00126318 0.07379596 0.06945619
v -0.00126318 0.07379596 0.06945619
v -0.00126318 0.07379596 0.06945619
v -0.00126318 0.07379596 0.06945619
v 0.00388389 0.07421657 0.06797003
v 0.00388389 0.07421657 0.06797003
v 0.00388389 0.07421657 0.06797003
v 0.00388389 0.07421657 0.06797003
v 0.00388389 0.07421657 0.06797003
v 0.00388389 0.07421657 0.06797003
v 0.00388389 0.07421657 0.06797003
v 0.00126309 0.07379596 0.06945619
v 0.00126309 0.07379596 0.06945619
v 0.00126309 0.07379596 0.06945619
v 0.00126309 0.07379596 0.06945619
v 0.00126309 0.07379596 0.06945619
v 0.00632138 0.07486661 0.06525843
v 0.00632138 0.07486661 0.06525843
v 0.00632138 0.07486661 0.06525843
v 0.00632138 0.07486661 0.06525843
v 0.00632138 0.07486661 0.06525843
v 0.00632138 0.07486661 0.06525843
v 0.00764180 0.07590995 0.06158864
v 0.00764180 0.07590995 0.06158864
v 0.00764180 0.07590995 0.06158864
v 0.00764180 0.07590995 0.06158864
v 0.00764180 0.07590995 0.06158864
v 0.00764180 0.07590995 0.06158864
v 0.00764180 0.07590995 0.06158864
v 0.00764180 0.07590995 0.06158864
v 0.00764180 0.07590995 0.06158864
v 0.00764180 0.07590995 0.06158864
v 0.00764180 0.07590995 0.06158864
v 0.00764180 0.07590995 0.06158864
v 0.00789958 0.07600554 0.06020025
v 0.00789958 0.07600554 0.06020025
v 0.00789958 0.07600554 0.06020025
v 0.00789958 0.07600554 0.06020025
v 0.00789958 0.07600554 0.06020025
v 0.00835214 0.07615030 0.05767116
v 0.00835214 0.07615030 0.05767116
v 0.00835214 0.07615030 0.05767116
v 0.00835214 0.07615030 0.05767116
v 0.00835214 0.07615030 0.05767116
v 0.00835214 0.07615030 0.05767116
v 0.00885338 0.07646985 0.05261298
v 0.00885338 0.07646985 0.05261298
v 0.00885338 0.07646985 0.05261298
v 0.00885338 0.07646985 0.05261298
v 0.00885338 0.07646985 0.05261298
v 0.01013943 0.07591268 0.05409263
v 0.01013943 0.07591268 0.05409263
v 0.01013943 0.07591268 0.05409263
v 0.01013943 0.07591268 0.05409263
v 0.01013943 0.07591268 0.05409263
v 0.01013943 0.07591268 0.05409263
v 0.01013943 0.07591268 0.05409263
v 0.01013943 0.07591268 0.05409263
v 0.01013943 0.07591268 0.05409263
v 0.01013943 0.07591268 0.05409263
v 0.01085550 0.07462353 0.05261298
v 0.01085550 0.07462353 0.05261298
v 0.01085550 0.07462353 0.05261298
v 0.01085550 0.07462353 0.05261298
v 0.01085550 0.07462353 0.05261298
v 0.01085550 0.07462353 0.05261298
v 0.01101303 0.07462353 0.05008389
v 0.01101303 0.07462353 0.05008389
v 0.01101303 0.07462353 0.05008389
v 0.01101303 0.07462353 0.05008389
v 0.01101303 0.07462353 0.05008389
v 0.01101303 0.07462353 0.05008389
v 0.01195251 0.07209166 0.05008389
v 0.01195251 0.07209166 0.05008389
v 0.01195251 0.07209166 0.05008389
v 0.01195251 0.07209166 0.05008389
v 0.01195251 0.07209166 0.05008389
v 0.01195251 0.07209166 0.05008389
v 0.01250245 0.07025079 0.05008389
v 0.01250245 0.07025079 0.05008389
v 0.01250245 0.07025079 0.05008389
v 0.01250245 0.07025079 0.05008389
v 0.01250245 0.07025079 0.05008389
v 0.01250245 0.07025079 0.05008389
v 0.01253968 0.07039555 0.04755480
v 0.01253968 0.07039555 0.04755480
v 0.01253968 0.07039555 0.04755480
v 0.01253968 0.07039555 0.04755480
v 0.01253968 0.07039555 0.04755480
v 0.01253968 0.07039555 0.04755480
v 0.01256260 0.07048295 0.04502571
v 0.01256260 0.07048295 0.04502571
v 0.01256260 0.07048295 0.04502571
v 0.01256260 0.07048295 0.04502571
v 0.01256260 0.07048295 0.04502571
v 0.01257119 0.07051845 0.04249662
v 0.01257119 0.07051845 0.04249662
v 0.01257119 0.07051845 0.04249662
v 0.01257119 0.07051845 0.04249662
v 0.01257119 0.07051845 0.04249662
v 0.01373408 0.06450423 0.04755480
v 0.01373408 0.06450423 0.04755480
v 0.01373408 0.06450423 0.04755480
v 0.01373408 0.06450423 0.04755480
v 0.01373408 0.06450423 0.04755480
v 0.01373408 0.06450423 0.04755480
v 0.01336173 0.06703337 0.04249662
v 0.01336173 0.06703337 0.04249662
v 0.01336173 0.06703337 0.04249662
v 0.01336173 0.06703337 0.04249662
v 0.01336173 0.06703337 0.04249662
v 0.01336173 0.06703337 0.04249662
v 0.01334168 0.06703337 0.04502571
v 0.01334168 0.06703337 0.04502571
v 0.01334168 0.06703337 0.04502571
v 0.01334168 0.06703337 0.04502571
v 0.01334168 0.06703337 0.04502571
v 0.01334168 0.06703337 0.04502571
v 0.01400332 0.06197782 0.05008389
v 0.01400332 0.06197782 0.05008389
v 0.01400332 0.06197782 0.05008389
v 0.01400332 0.06197782 0.05008389
v 0.01400332 0.06197782 0.05008389
v 0.01400332 0.06197782 0.05008389
v 0.01400332 0.06197782 0.05008389
v 0.01414940 0.05944868 0.05261298
v 0.01414940 0.05944868 0.05261298
v 0.01414940 0.05944868 0.05261298
v 0.01414940 0.05944868 0.05261298
v 0.01414940 0.05944868 0.05261298
v 0.01434417 0.05691681 0.05261298
v 0.01434417 0.05691681 0.05261298
v 0.01434417 0.05691681 0.05261298
v 0.01434417 0.05691681 0.05261298
v 0.01434417 0.05691681 0.05261298
v 0.01434417 0.05691681 0.05261298
v 0.01288053 0.06925389 0.04249662
v 0.01288053 0.06925389 0.04249662
v 0.01288053 0.06925389 0.04249662
v 0.01288053 0.06925389 0.04249662
v 0.01434417 0.05438767 0.05514207
v 0.01434417 0.05438767 0.05514207
v 0.01434417 0.05438767 0.05514207
v 0.01434417 0.05438767 0.05514207
v 0.01434417 0.05438767 0.05514207
v 0.01427256 0.05185852 0.05767116
v 0.01427256 0.05185852 0.05767116
v 0.01427256 0.05185852 0.05767116
v 0.01427256 0.05185852 0.05767116
v 0.01427256 0.05185852 0.05767116
v 0.01439286 0.04936489 0.05767116
v 0.01439286 0.04936489 0.05767116
v 0.01439286 0.04936489 0.05767116
v 0.01439286 0.04936489 0.05767116
v -0.00434799 0.04936489 0.07424712
v -0.00434799 0.04936489 0.07424712
v -0.00434799 0.04936489 0.07424712
v -0.00434799 0.04936489 0.07424712
v -0.00339419 0.05185852 0.07436445
v -0.00339419 0.05185852 0.07436445
v -0.00339419 0.05185852 0.07436445
v -0.00339419 0.05185852 0.07436445
v -0.00339419 0.05185852 0.07436445
v -0.00339419 0.05185852 0.07436445
v -0.00339419 0.05185852 0.07436445
v -0.00304475 0.05438767 0.07426668
v -0.00304475 0.05438767 0.07426668
v -0.00304475 0.05438767 0.07426668
v -0.00304475 0.05438767 0.07426668
v -0.00304475 0.05438767 0.07426668
v -0.00274687 0.05626131 0.07417542
v -0.00274687 0.05626131 0.07417542
v -0.00274687 0.05626131 0.07417542
v -0.00274687 0.05626131 0.07417542
v -0.00274687 0.05626131 0.07417542
v -0.00274687 0.05626131 0.07417542
v -0.00274687 0.05626131 0.07417542
v -0.00367203 0.05702879 0.07380388
v -0.00367203 0.05702879 0.07380388
v -0.00367203 0.05702879 0.07380388
v -0.00379232 0.06450423 0.07262407
v -0.00379232 0.06450423 0.07262407
v -0.00379232 0.06450423 0.07262407
v -0.00379232 0.06450423 0.07262407
v -0.00379232 0.06450423 0.07262407
v -0.00379232 0.06450423 0.07262407
v -0.00470889 0.06787733 0.07145730
v -0.00470889 0.06787733 0.07145730
v -0.00470889 0.06787733 0.07145730
v -0.00470889 0.06787733 0.07145730
v -0.00470889 0.06787733 0.07145730
v -0.00470889 0.06787733 0.07145730
v -0.00470889 0.06787733 0.07145730
v -0.00383529 0.06703337 0.07199180
v -0.00383529 0.06703337 0.07199180
v -0.00383529 0.06703337 0.07199180
v -0.00383529 0.06703337 0.07199180
v -0.00383529 0.06703337 0.07199180
v -0.00229145 0.05794649 0.07409069
v -0.00229145 0.05794649 0.07409069
v -0.00229145 0.05794649 0.07409069
v -0.00229145 0.05794649 0.07409069
v -0.00229145 0.05794649 0.07409069
v -0.00229145 0.05794649 0.07409069
v -0.00229145 0.05794649 0.07409069
v -0.00229145 0.05794649 0.07409069
v -0.00126318 0.06197782 0.07363441
v -0.00126318 0.06197782 0.07363441
v -0.00126318 0.06197782 0.07363441
v -0.00126318 0.06197782 0.07363441
v -0.00126318 0.06197782 0.07363441
v -0.00126318 0.06197782 0.07363441
v -0.00126318 0.06450423 0.07317161
v -0.00126318 0.06450423 0.07317161
v -0.00126318 0.06450423 0.07317161
v -0.00126318 0.06450423 0.07317161
v -0.00126318 0.06450423 0.07317161
v -0.00561113 0.07148532 0.06942360
v -0.00561113 0.07148532 0.06942360
v -0.00561113 0.07148532 0.06942360
v -0.00561113 0.07148532 0.06942360
v -0.00561113 0.07148532 0.06942360
v -0.00561113 0.07148532 0.06942360
v -0.00561113 0.07148532 0.06942360
v -0.00388398 0.07223368 0.06981470
v -0.00388398 0.07223368 0.06981470
v -0.00388398 0.07223368 0.06981470
v -0.00388398 0.07223368 0.06981470
v -0.00388398 0.07223368 0.06981470
v -0.00388398 0.07223368 0.06981470
v -0.00126318 0.07209166 0.07055778
v -0.00126318 0.07209166 0.07055778
v -0.00126318 0.07209166 0.07055778
v -0.00126318 0.07209166 0.07055778
v -0.00126318 0.07209166 0.07055778
v 0.00632138 0.07382054 0.06709658
v 0.00632138 0.07382054 0.06709658
v 0.00632138 0.07382054 0.06709658
v 0.00632138 0.07382054 0.06709658
v 0.00310195 0.07360477 0.06927368
v 0.00310195 0.07360477 0.06927368
v 0.00310195 0.07360477 0.06927368
v 0.00310195 0.07360477 0.06927368
v 0.00310195 0.07360477 0.06927368
v 0.00478613 0.07317323 0.06893473
v 0.00478613 0.07317323 0.06893473
v 0.00478613 0.07317323 0.06893473
v 0.00478613 0.07317323 0.06893473
v 0.00478613 0.07317323 0.06893473
v 0.00478613 0.07317323 0.06893473
v 0.00478613 0.07317323 0.06893473
v 0.00126309 0.07209166 0.07055778
v 0.00126309 0.07209166 0.07055778
v 0.00126309 0.07209166 0.07055778
v 0.00126309 0.07209166 0.07055778
v 0.00126309 0.07209166 0.07055778
v 0.00762461 0.07339993 0.06656860
v 0.00762461 0.07339993 0.06656860
v 0.00762461 0.07339993 0.06656860
v 0.00762461 0.07339993 0.06656860
v 0.00762461 0.07339993 0.06656860
v 0.00762461 0.07339993 0.06656860
v 0.00762461 0.07339993 0.06656860
v 0.00762461 0.07339993 0.06656860
v 0.00762461 0.07339993 0.06656860
v 0.00804852 0.07387243 0.06525843
v 0.00804852 0.07387243 0.06525843
v 0.00804852 0.07387243 0.06525843
v 0.00804852 0.07387243 0.06525843
v 0.00804852 0.07387243 0.06525843
v 0.00804852 0.07387243 0.06525843
v 0.00874740 0.07457983 0.06245557
v 0.00874740 0.07457983 0.06245557
v 0.00874740 0.07457983 0.06245557
v 0.00874740 0.07457983 0.06245557
v 0.00916272 0.07505780 0.06020025
v 0.00916272 0.07505780 0.06020025
v 0.00916272 0.07505780 0.06020025
v 0.00916272 0.07505780 0.06020025
v 0.00961814 0.07550299 0.05767116
v 0.00961814 0.07550299 0.05767116
v 0.00961814 0.07550299 0.05767116
v 0.00961814 0.07550299 0.05767116
v 0.00961814 0.07550299 0.05767116
v 0.00993321 0.07575154 0.05578086
v 0.00993321 0.07575154 0.05578086
v 0.00993321 0.07575154 0.05578086
v 0.00993321 0.07575154 0.05578086
v 0.00993321 0.07575154 0.05578086
v 0.00993321 0.07575154 0.05578086
v 0.00899659 0.07621038 0.05501822
v 0.00899659 0.07621038 0.05501822
v 0.00899659 0.07621038 0.05501822
v 0.01055189 0.07423842 0.05767116
v 0.01055189 0.07423842 0.05767116
v 0.01055189 0.07423842 0.05767116
v 0.01055189 0.07423842 0.05767116
v 0.01055189 0.07423842 0.05767116
v 0.01055189 0.07423842 0.05767116
v 0.01058339 0.07479559 0.05501822
v 0.01058339 0.07479559 0.05501822
v 0.01058339 0.07479559 0.05501822
v 0.01058339 0.07479559 0.05501822
v 0.01167181 0.07209166 0.05514207
v 0.01167181 0.07209166 0.05514207
v 0.01167181 0.07209166 0.05514207
v 0.01167181 0.07209166 0.05514207
v 0.01167181 0.07209166 0.05514207
v 0.01167181 0.07209166 0.05514207
v 0.01167181 0.07209166 0.05514207
v 0.01183221 0.07209166 0.05261298
v 0.01183221 0.07209166 0.05261298
v 0.01183221 0.07209166 0.05261298
v 0.01183221 0.07209166 0.05261298
v 0.01183221 0.07209166 0.05261298
v 0.01244803 0.07004868 0.05261298
v 0.01244803 0.07004868 0.05261298
v 0.01244803 0.07004868 0.05261298
v 0.01244803 0.07004868 0.05261298
v 0.01244803 0.07004868 0.05261298
v 0.01244803 0.07004868 0.05261298
v 0.01244803 0.07004868 0.05261298
v 0.01276596 0.06878411 0.05261298
v 0.01276596 0.06878411 0.05261298
v 0.01276596 0.06878411 0.05261298
v 0.01276596 0.06878411 0.05261298
v 0.01276596 0.06878411 0.05261298
v 0.01276596 0.06878411 0.05261298
v 0.01281465 0.06898622 0.05008389
v 0.01281465 0.06898622 0.05008389
v 0.01281465 0.06898622 0.05008389
v 0.01281465 0.06898622 0.05008389
v 0.01281465 0.06898622 0.05008389
v 0.01281465 0.06898622 0.05008389
v 0.01284902 0.06913098 0.04755480
v 0.01284902 0.06913098 0.04755480
v 0.01284902 0.06913098 0.04755480
v 0.01284902 0.06913098 0.04755480
v 0.01284902 0.06913098 0.04755480
v 0.01287194 0.06921838 0.04502571
v 0.01287194 0.06921838 0.04502571
v 0.01287194 0.06921838 0.04502571
v 0.01287194 0.06921838 0.04502571
v 0.01287194 0.06921838 0.04502571
v 0.01329585 0.06703337 0.04755480
v 0.01329585 0.06703337 0.04755480
v 0.01329585 0.06703337 0.04755480
v 0.01329585 0.06703337 0.04755480
v 0.01329585 0.06703337 0.04755480
v 0.01366247 0.06450423 0.05008389
v 0.01366247 0.06450423 0.05008389
v 0.01366247 0.06450423 0.05008389
v 0.01366247 0.06450423 0.05008389
v 0.01366247 0.06450423 0.05008389
v 0.01356222 0.06450423 0.05261298
v 0.01356222 0.06450423 0.05261298
v 0.01356222 0.06450423 0.05261298
v 0.01356222 0.06450423 0.05261298
v 0.01356222 0.06450423 0.05261298
v 0.01356222 0.06450423 0.05261298
v 0.01389448 0.06197782 0.05261298
v 0.01389448 0.06197782 0.05261298
v 0.01389448 0.06197782 0.05261298
v 0.01389448 0.06197782 0.05261298
v 0.01389448 0.06197782 0.05261298
v 0.01389448 0.06197782 0.05261298
v 0.01399186 0.05944868 0.05514207
v 0.01399186 0.05944868 0.05514207
v 0.01399186 0.05944868 0.05514207
v 0.01399186 0.05944868 0.05514207
v 0.01399186 0.05944868 0.05514207
v 0.01399186 0.05944868 0.05514207
v 0.01418663 0.05691681 0.05514207
v 0.01418663 0.05691681 0.05514207
v 0.01418663 0.05691681 0.05514207
v 0.01418663 0.05691681 0.05514207
v 0.01418663 0.05691681 0.05514207
v 0.01413221 0.05438767 0.05767116
v 0.01413221 0.05438767 0.05767116
v 0.01413221 0.05438767 0.05767116
v 0.01413221 0.05438767 0.05767116
v 0.01413221 0.05438767 0.05767116
v 0.01413221 0.05438767 0.05767116
v 0.01395749 0.05185852 0.06020025
v 0.01395749 0.05185852 0.06020025
v 0.01395749 0.05185852 0.06020025
v 0.01395749 0.05185852 0.06020025
v 0.01395749 0.05185852 0.06020025
v 0.01395749 0.05185852 0.06020025
v 0.01407779 0.04936489 0.06020025
v 0.01407779 0.04936489 0.06020025
v 0.01407779 0.04936489 0.06020025
v -0.00389257 0.04936489 0.07437748
v -0.00389257 0.04936489 0.07437748
v -0.00389257 0.04936489 0.07437748
v -0.00126318 0.04936489 0.07489895
v -0.00126318 0.04936489 0.07489895
v -0.00126318 0.04936489 0.07489895
v -0.00126318 0.04936489 0.07489895
v -0.00126318 0.04936489 0.07489895
v -0.00126318 0.05185852 0.07474251
v -0.00126318 0.05185852 0.07474251
v -0.00126318 0.05185852 0.07474251
v -0.00126318 0.05185852 0.07474251
v -0.00126318 0.05185852 0.07474251
v -0.00126318 0.05185852 0.07474251
v -0.00126318 0.05438767 0.07454696
v -0.00126318 0.05438767 0.07454696
v -0.00126318 0.05438767 0.07454696
v -0.00126318 0.05438767 0.07454696
v -0.00126318 0.05438767 0.07454696
v -0.00126318 0.05438767 0.07454696
v -0.00126318 0.06703337 0.07257193
v -0.00126318 0.06703337 0.07257193
v -0.00126318 0.06703337 0.07257193
v -0.00126318 0.06703337 0.07257193
v -0.00126318 0.06703337 0.07257193
v -0.00126318 0.06703337 0.07257193
v -0.00302184 0.06873494 0.07175062
v -0.00302184 0.06873494 0.07175062
v -0.00302184 0.06873494 0.07175062
v -0.00302184 0.06873494 0.07175062
v -0.00302184 0.06873494 0.07175062
v -0.00302184 0.06873494 0.07175062
v -0.00383529 0.06957071 0.07112487
v -0.00383529 0.06957071 0.07112487
v -0.00383529 0.06957071 0.07112487
v -0.00383529 0.06957071 0.07112487
v -0.00383529 0.06957071 0.07112487
v -0.00137489 0.05702879 0.07427971
v -0.00137489 0.05702879 0.07427971
v -0.00137489 0.05702879 0.07427971
v -0.00060440 0.05865935 0.07417542
v -0.00060440 0.05865935 0.07417542
v -0.00060440 0.05865935 0.07417542
v -0.00060440 0.05865935 0.07417542
v -0.00060440 0.05865935 0.07417542
v -0.00060440 0.05865935 0.07417542
v -0.00137489 0.05947872 0.07398639
v -0.00137489 0.05947872 0.07398639
v -0.00137489 0.05947872 0.07398639
v 0.00126309 0.06197782 0.07363441
v 0.00126309 0.06197782 0.07363441
v 0.00126309 0.06197782 0.07363441
v 0.00126309 0.06197782 0.07363441
v 0.00126309 0.06197782 0.07363441
v 0.00126309 0.06197782 0.07363441
v 0.00126309 0.06450423 0.07317161
v 0.00126309 0.06450423 0.07317161
v 0.00126309 0.06450423 0.07317161
v 0.00126309 0.06450423 0.07317161
v 0.00126309 0.06450423 0.07317161
v -0.00126318 0.07041193 0.07141819
v -0.00126318 0.07041193 0.07141819
v -0.00126318 0.07041193 0.07141819
v -0.00126318 0.07041193 0.07141819
v -0.00126318 0.07041193 0.07141819
v -0.00126318 0.07041193 0.07141819
v 0.00388389 0.07223368 0.06981470
v 0.00388389 0.07223368 0.06981470
v 0.00388389 0.07223368 0.06981470
v 0.00388389 0.07223368 0.06981470
v 0.00388389 0.07223368 0.06981470
v 0.00388389 0.07223368 0.06981470
v 0.00561104 0.07148532 0.06942360
v 0.00561104 0.07148532 0.06942360
v 0.00561104 0.07148532 0.06942360
v 0.00561104 0.07148532 0.06942360
v 0.00561104 0.07148532 0.06942360
v 0.00561104 0.07148532 0.06942360
v 0.00561104 0.07148532 0.06942360
v 0.00640158 0.07223368 0.06835461
v 0.00640158 0.07223368 0.06835461
v 0.00640158 0.07223368 0.06835461
v 0.00640158 0.07223368 0.06835461
v 0.00126309 0.07041193 0.07141819
v 0.00126309 0.07041193 0.07141819
v 0.00126309 0.07041193 0.07141819
v 0.00126309 0.07041193 0.07141819
v 0.00126309 0.07041193 0.07141819
v 0.00126309 0.07041193 0.07141819
v 0.00126309 0.07041193 0.07141819
v 0.00926011 0.07197694 0.06512154
v 0.00926011 0.07197694 0.06512154
v 0.00926011 0.07197694 0.06512154
v 0.00926011 0.07197694 0.06512154
v 0.00926011 0.07197694 0.06512154
v 0.00985301 0.07274169 0.06332250
v 0.00985301 0.07274169 0.06332250
v 0.00985301 0.07274169 0.06332250
v 0.00985301 0.07274169 0.06332250
v 0.00985301 0.07274169 0.06332250
v 0.00729809 0.07032180 0.06880436
v 0.00729809 0.07032180 0.06880436
v 0.00729809 0.07032180 0.06880436
v 0.00729809 0.07032180 0.06880436
v 0.00729809 0.07032180 0.06880436
v 0.00729809 0.07032180 0.06880436
v 0.00729809 0.07032180 0.06880436
v 0.00797978 0.07209166 0.06700532
v 0.00797978 0.07209166 0.06700532
v 0.00797978 0.07209166 0.06700532
v 0.00797978 0.07209166 0.06700532
v 0.00797978 0.07209166 0.06700532
v 0.01017667 0.07347367 0.06163426
v 0.01017667 0.07347367 0.06163426
v 0.01017667 0.07347367 0.06163426
v 0.01017667 0.07347367 0.06163426
v 0.01017667 0.07347367 0.06163426
v 0.01017667 0.07347367 0.06163426
v 0.01017667 0.07347367 0.06163426
v 0.01017667 0.07347367 0.06163426
v 0.01017667 0.07347367 0.06163426
v 0.01033993 0.07379322 0.06020025
v 0.01033993 0.07379322 0.06020025
v 0.01033993 0.07379322 0.06020025
v 0.01033993 0.07379322 0.06020025
v 0.01033993 0.07379322 0.06020025
v 0.01033993 0.07379322 0.06020025
v 0.01141689 0.07209166 0.05767116
v 0.01141689 0.07209166 0.05767116
v 0.01141689 0.07209166 0.05767116
v 0.01141689 0.07209166 0.05767116
v 0.01141689 0.07209166 0.05767116
v 0.01141689 0.07209166 0.05767116
v 0.01141689 0.07209166 0.05767116
v 0.01237069 0.06975370 0.05514207
v 0.01237069 0.06975370 0.05514207
v 0.01237069 0.06975370 0.05514207
v 0.01237069 0.06975370 0.05514207
v 0.01237069 0.06975370 0.05514207
v 0.01237069 0.06975370 0.05514207
v 0.01269435 0.06848913 0.05514207
v 0.01269435 0.06848913 0.05514207
v 0.01269435 0.06848913 0.05514207
v 0.01269435 0.06848913 0.05514207
v 0.01269435 0.06848913 0.05514207
v 0.01269435 0.06848913 0.05514207
v 0.01312972 0.06703337 0.05261298
v 0.01312972 0.06703337 0.05261298
v 0.01312972 0.06703337 0.05261298
v 0.01312972 0.06703337 0.05261298
v 0.01312972 0.06703337 0.05261298
v 0.01312972 0.06703337 0.05261298
v 0.01322424 0.06703337 0.05008389
v 0.01322424 0.06703337 0.05008389
v 0.01322424 0.06703337 0.05008389
v 0.01322424 0.06703337 0.05008389
v 0.01322424 0.06703337 0.05008389
v 0.01298364 0.06703337 0.05514207
v 0.01298364 0.06703337 0.05514207
v 0.01298364 0.06703337 0.05514207
v 0.01298364 0.06703337 0.05514207
v 0.01298364 0.06703337 0.05514207
v 0.01298364 0.06703337 0.05514207
v 0.01339610 0.06450423 0.05514207
v 0.01339610 0.06450423 0.05514207
v 0.01339610 0.06450423 0.05514207
v 0.01339610 0.06450423 0.05514207
v 0.01339610 0.06450423 0.05514207
v 0.01339610 0.06450423 0.05514207
v 0.01339610 0.06450423 0.05514207
v 0.01372262 0.06197782 0.05514207
v 0.01372262 0.06197782 0.05514207
v 0.01372262 0.06197782 0.05514207
v 0.01372262 0.06197782 0.05514207
v 0.01372262 0.06197782 0.05514207
v 0.01377132 0.05944868 0.05767116
v 0.01377132 0.05944868 0.05767116
v 0.01377132 0.05944868 0.05767116
v 0.01377132 0.05944868 0.05767116
v 0.01377132 0.05944868 0.05767116
v 0.01377132 0.05944868 0.05767116
v 0.01377132 0.05944868 0.05767116
v 0.01396895 0.05691681 0.05767116
v 0.01396895 0.05691681 0.05767116
v 0.01396895 0.05691681 0.05767116
v 0.01396895 0.05691681 0.05767116
v 0.01396895 0.05691681 0.05767116
v 0.01396895 0.05691681 0.05767116
v 0.01381141 0.05438767 0.06020025
v 0.01381141 0.05438767 0.06020025
v 0.01381141 0.05438767 0.06020025
v 0.01381141 0.05438767 0.06020025
v 0.01381141 0.05438767 0.06020025
v 0.01381141 0.05438767 0.06020025
v 0.01344479 0.05185852 0.06272933
v 0.01344479 0.05185852 0.06272933
v 0.01344479 0.05185852 0.06272933
v 0.01344479 0.05185852 0.06272933
v 0.01344479 0.05185852 0.06272933
v 0.01344479 0.05185852 0.06272933
v 0.01344479 0.05185852 0.06272933
v 0.01357368 0.04936489 0.06272933
v 0.01357368 0.04936489 0.06272933
v 0.01357368 0.04936489 0.06272933
v 0.01357368 0.04936489 0.06272933
v 0.00129460 0.04936489 0.07489243
v 0.00129460 0.04936489 0.07489243
v 0.00129460 0.04936489 0.07489243
v 0.00129460 0.04936489 0.07489243
v 0.00126309 0.05185852 0.07474251
v 0.00126309 0.05185852 0.07474251
v 0.00126309 0.05185852 0.07474251
v 0.00126309 0.05185852 0.07474251
v 0.00126309 0.05185852 0.07474251
v 0.00126309 0.05185852 0.07474251
v 0.00126309 0.05185852 0.07474251
v 0.00126309 0.05438767 0.07454696
v 0.00126309 0.05438767 0.07454696
v 0.00126309 0.05438767 0.07454696
v 0.00126309 0.05438767 0.07454696
v 0.00126309 0.05438767 0.07454696
v 0.00126309 0.05438767 0.07454696
v 0.00126309 0.06703337 0.07257193
v 0.00126309 0.06703337 0.07257193
v 0.00126309 0.06703337 0.07257193
v 0.00126309 0.06703337 0.07257193
v 0.00126309 0.06703337 0.07257193
v 0.00126309 0.06703337 0.07257193
v 0.00126309 0.06703337 0.07257193
v -0.00126318 0.06914737 0.07190706
v -0.00126318 0.06914737 0.07190706
v -0.00126318 0.06914737 0.07190706
v -0.00126318 0.06914737 0.07190706
v -0.00126318 0.06914737 0.07190706
v -0.00126318 0.06914737 0.07190706
v 0.00059572 0.05865935 0.07417542
v 0.00059572 0.05865935 0.07417542
v 0.00059572 0.05865935 0.07417542
v 0.00059572 0.05865935 0.07417542
v 0.00059572 0.05865935 0.07417542
v 0.00059572 0.05865935 0.07417542
v 0.00379223 0.06197782 0.07309990
v 0.00379223 0.06197782 0.07309990
v 0.00379223 0.06197782 0.07309990
v 0.00379223 0.06197782 0.07309990
v 0.00379223 0.06197782 0.07309990
v 0.00379223 0.06197782 0.07309990
v 0.00379223 0.06197782 0.07309990
v 0.00136907 0.05947872 0.07398639
v 0.00136907 0.05947872 0.07398639
v 0.00136907 0.05947872 0.07398639
v 0.00228277 0.05793830 0.07409069
v 0.00228277 0.05793830 0.07409069
v 0.00228277 0.05793830 0.07409069
v 0.00228277 0.05793830 0.07409069
v 0.00228277 0.05793830 0.07409069
v 0.00228277 0.05793830 0.07409069
v 0.00228277 0.05793830 0.07409069
v 0.00228277 0.05793830 0.07409069
v 0.00379223 0.06450423 0.07262407
v 0.00379223 0.06450423 0.07262407
v 0.00379223 0.06450423 0.07262407
v 0.00379223 0.06450423 0.07262407
v 0.00379223 0.06450423 0.07262407
v 0.00379223 0.06450423 0.07262407
v 0.00383520 0.06957071 0.07112487
v 0.00383520 0.06957071 0.07112487
v 0.00383520 0.06957071 0.07112487
v 0.00383520 0.06957071 0.07112487
v 0.00383520 0.06957071 0.07112487
v 0.00470880 0.06787733 0.07145730
v 0.00470880 0.06787733 0.07145730
v 0.00470880 0.06787733 0.07145730
v 0.00470880 0.06787733 0.07145730
v 0.00470880 0.06787733 0.07145730
v 0.00470880 0.06787733 0.07145730
v 0.00470880 0.06787733 0.07145730
v 0.00640158 0.06951335 0.06978862
v 0.00640158 0.06951335 0.06978862
v 0.00640158 0.06951335 0.06978862
v 0.00640158 0.06951335 0.06978862
v 0.00640158 0.06951335 0.06978862
v 0.00126309 0.06914737 0.07190054
v 0.00126309 0.06914737 0.07190054
v 0.00126309 0.06914737 0.07190054
v 0.00126309 0.06914737 0.07190054
v 0.00302175 0.06873494 0.07175062
v 0.00302175 0.06873494 0.07175062
v 0.00302175 0.06873494 0.07175062
v 0.00302175 0.06873494 0.07175062
v 0.00302175 0.06873494 0.07175062
v 0.00302175 0.06873494 0.07175062
v 0.00980431 0.06956251 0.06594936
v 0.00980431 0.06956251 0.06594936
v 0.00980431 0.06956251 0.06594936
v 0.00980431 0.06956251 0.06594936
v 0.00980431 0.06956251 0.06594936
v 0.01020818 0.07105651 0.06418291
v 0.01020818 0.07105651 0.06418291
v 0.01020818 0.07105651 0.06418291
v 0.01020818 0.07105651 0.06418291
v 0.01020818 0.07105651 0.06418291
v 0.01020818 0.07105651 0.06418291
v 0.01020818 0.07105651 0.06418291
v 0.01020818 0.07105651 0.06418291
v 0.00843806 0.06951335 0.06789181
v 0.00843806 0.06951335 0.06789181
v 0.00843806 0.06951335 0.06789181
v 0.00843806 0.06951335 0.06789181
v 0.00843806 0.06951335 0.06789181
v 0.00843806 0.06951335 0.06789181
v 0.00773346 0.06863389 0.06919546
v 0.00773346 0.06863389 0.06919546
v 0.00773346 0.06863389 0.06919546
v 0.00773346 0.06863389 0.06919546
v 0.00773346 0.06863389 0.06919546
v 0.00773346 0.06863389 0.06919546
v 0.00773346 0.06863389 0.06919546
v 0.01042300 0.07197694 0.06257942
v 0.01042300 0.07197694 0.06257942
v 0.01042300 0.07197694 0.06257942
v 0.01042300 0.07197694 0.06257942
v 0.01100157 0.07209166 0.06020025
v 0.01100157 0.07209166 0.06020025
v 0.01100157 0.07209166 0.06020025
v 0.01100157 0.07209166 0.06020025
v 0.01100157 0.07209166 0.06020025
v 0.01100157 0.07209166 0.06020025
v 0.01178065 0.06956251 0.06020025
v 0.01178065 0.06956251 0.06020025
v 0.01178065 0.06956251 0.06020025
v 0.01178065 0.06956251 0.06020025
v 0.01178065 0.06956251 0.06020025
v 0.01178065 0.06956251 0.06020025
v 0.01178065 0.06956251 0.06020025
v 0.01226758 0.06931397 0.05742998
v 0.01226758 0.06931397 0.05742998
v 0.01226758 0.06931397 0.05742998
v 0.01226758 0.06931397 0.05742998
v 0.01226758 0.06931397 0.05742998
v 0.01264852 0.06830614 0.05642617
v 0.01264852 0.06830614 0.05642617
v 0.01264852 0.06830614 0.05642617
v 0.01264852 0.06830614 0.05642617
v 0.01264852 0.06830614 0.05642617
v 0.01264852 0.06830614 0.05642617
v 0.01278887 0.06699787 0.05742998
v 0.01278887 0.06699787 0.05742998
v 0.01278887 0.06699787 0.05742998
v 0.01278887 0.06699787 0.05742998
v 0.01278887 0.06699787 0.05742998
v 0.01278887 0.06699787 0.05742998
v 0.01316409 0.06450423 0.05767116
v 0.01316409 0.06450423 0.05767116
v 0.01316409 0.06450423 0.05767116
v 0.01316409 0.06450423 0.05767116
v 0.01316409 0.06450423 0.05767116
v 0.01316409 0.06450423 0.05767116
v 0.01349635 0.06197782 0.05767116
v 0.01349635 0.06197782 0.05767116
v 0.01349635 0.06197782 0.05767116
v 0.01349635 0.06197782 0.05767116
v 0.01349635 0.06197782 0.05767116
v 0.01315836 0.06197782 0.06020025
v 0.01315836 0.06197782 0.06020025
v 0.01315836 0.06197782 0.06020025
v 0.01315836 0.06197782 0.06020025
v 0.01315836 0.06197782 0.06020025
v 0.01315836 0.06197782 0.06020025
v 0.01315836 0.06197782 0.06020025
v 0.01342760 0.05944868 0.06020025
v 0.01342760 0.05944868 0.06020025
v 0.01342760 0.05944868 0.06020025
v 0.01342760 0.05944868 0.06020025
v 0.01342760 0.05944868 0.06020025
v 0.01342760 0.05944868 0.06020025
v 0.01363670 0.05691681 0.06020025
v 0.01363670 0.05691681 0.06020025
v 0.01363670 0.05691681 0.06020025
v 0.01363670 0.05691681 0.06020025
v 0.01363670 0.05691681 0.06020025
v 0.01363670 0.05691681 0.06020025
v 0.01328725 0.05438767 0.06272933
v 0.01328725 0.05438767 0.06272933
v 0.01328725 0.05438767 0.06272933
v 0.01328725 0.05438767 0.06272933
v 0.01328725 0.05438767 0.06272933
v 0.01328725 0.05438767 0.06272933
v 0.01356509 0.04936489 0.06276193
v 0.01356509 0.04936489 0.06276193
v 0.01356509 0.04936489 0.06276193
v 0.01356509 0.04936489 0.06276193
v 0.01280606 0.05438767 0.06442409
v 0.01280606 0.05438767 0.06442409
v 0.01280606 0.05438767 0.06442409
v 0.01280606 0.05438767 0.06442409
v 0.01280606 0.05438767 0.06442409
v 0.01280606 0.05438767 0.06442409
v 0.01288626 0.05185852 0.06465875
v 0.01288626 0.05185852 0.06465875
v 0.01288626 0.05185852 0.06465875
v 0.01288626 0.05185852 0.06465875
v 0.01288626 0.05185852 0.06465875
v 0.01288626 0.05185852 0.06465875
v 0.00389248 0.04936489 0.07437748
v 0.00389248 0.04936489 0.07437748
v 0.00389248 0.04936489 0.07437748
v 0.00389248 0.04936489 0.07437748
v 0.00339410 0.05185852 0.07436445
v 0.00339410 0.05185852 0.07436445
v 0.00339410 0.05185852 0.07436445
v 0.00339410 0.05185852 0.07436445
v 0.00339410 0.05185852 0.07436445
v 0.00339410 0.05185852 0.07436445
v 0.00304466 0.05438767 0.07426668
v 0.00304466 0.05438767 0.07426668
v 0.00304466 0.05438767 0.07426668
v 0.00304466 0.05438767 0.07426668
v 0.00304466 0.05438767 0.07426668
v 0.00274392 0.05625311 0.07417542
v 0.00274392 0.05625311 0.07417542
v 0.00274392 0.05625311 0.07417542
v 0.00274392 0.05625311 0.07417542
v 0.00274392 0.05625311 0.07417542
v 0.00274392 0.05625311 0.07417542
v 0.00274392 0.05625311 0.07417542
v 0.00136907 0.05702606 0.07427971
v 0.00136907 0.05702606 0.07427971
v 0.00136907 0.05702606 0.07427971
v 0.00383520 0.06703337 0.07199180
v 0.00383520 0.06703337 0.07199180
v 0.00383520 0.06703337 0.07199180
v 0.00383520 0.06703337 0.07199180
v 0.00383520 0.06703337 0.07199180
v 0.00379223 0.05944868 0.07347145
v 0.00379223 0.05944868 0.07347145
v 0.00379223 0.05944868 0.07347145
v 0.00379223 0.05944868 0.07347145
v 0.00379223 0.05944868 0.07347145
v 0.00379223 0.05944868 0.07347145
v 0.00600631 0.06197782 0.07214172
v 0.00600631 0.06197782 0.07214172
v 0.00600631 0.06197782 0.07214172
v 0.00600631 0.06197782 0.07214172
v 0.00600631 0.06197782 0.07214172
v 0.00600631 0.06197782 0.07214172
v 0.00600631 0.06197782 0.07214172
v 0.00600631 0.06197782 0.07214172
v 0.00561104 0.06450423 0.07190054
v 0.00561104 0.06450423 0.07190054
v 0.00561104 0.06450423 0.07190054
v 0.00561104 0.06450423 0.07190054
v 0.00561104 0.06450423 0.07190054
v 0.00561104 0.06450423 0.07190054
v 0.00527306 0.06618942 0.07170499
v 0.00527306 0.06618942 0.07170499
v 0.00527306 0.06618942 0.07170499
v 0.00527306 0.06618942 0.07170499
v 0.00527306 0.06618942 0.07170499
v 0.00527306 0.06618942 0.07170499
v 0.00619821 0.06703337 0.07083155
v 0.00619821 0.06703337 0.07083155
v 0.00619821 0.06703337 0.07083155
v 0.00619821 0.06703337 0.07083155
v 0.00619821 0.06703337 0.07083155
v 0.01005924 0.06806852 0.06641216
v 0.01005924 0.06806852 0.06641216
v 0.01005924 0.06806852 0.06641216
v 0.01005924 0.06806852 0.06641216
v 0.01005924 0.06806852 0.06641216
v 0.01005924 0.06806852 0.06641216
v 0.01005924 0.06806852 0.06641216
v 0.01043445 0.06956251 0.06468482
v 0.01043445 0.06956251 0.06468482
v 0.01043445 0.06956251 0.06468482
v 0.01043445 0.06956251 0.06468482
v 0.01043445 0.06956251 0.06468482
v 0.01114192 0.06956251 0.06272933
v 0.01114192 0.06956251 0.06272933
v 0.01114192 0.06956251 0.06272933
v 0.01114192 0.06956251 0.06272933
v 0.01114192 0.06956251 0.06272933
v 0.01114192 0.06956251 0.06272933
v 0.00940332 0.06714809 0.06768322
v 0.00940332 0.06714809 0.06768322
v 0.00940332 0.06714809 0.06768322
v 0.00940332 0.06714809 0.06768322
v 0.00940332 0.06714809 0.06768322
v 0.00940332 0.06714809 0.06768322
v 0.00687704 0.06450423 0.07109228
v 0.00687704 0.06450423 0.07109228
v 0.00687704 0.06450423 0.07109228
v 0.00687704 0.06450423 0.07109228
v 0.00687704 0.06450423 0.07109228
v 0.00687704 0.06450423 0.07109228
v 0.00687704 0.06450423 0.07109228
v 0.00800270 0.06703337 0.06946923
v 0.00800270 0.06703337 0.06946923
v 0.00800270 0.06703337 0.06946923
v 0.00800270 0.06703337 0.06946923
v 0.00800270 0.06703337 0.06946923
v 0.01237928 0.06699787 0.06017417
v 0.01237928 0.06699787 0.06017417
v 0.01237928 0.06699787 0.06017417
v 0.01237928 0.06699787 0.06017417
v 0.01237928 0.06699787 0.06017417
v 0.01254828 0.06781451 0.05810788
v 0.01254828 0.06781451 0.05810788
v 0.01254828 0.06781451 0.05810788
v 0.01254828 0.06781451 0.05810788
v 0.01254828 0.06781451 0.05810788
v 0.01254828 0.06781451 0.05810788
v 0.01175201 0.06703337 0.06272933
v 0.01175201 0.06703337 0.06272933
v 0.01175201 0.06703337 0.06272933
v 0.01175201 0.06703337 0.06272933
v 0.01175201 0.06703337 0.06272933
v 0.01175201 0.06703337 0.06272933
v 0.01175201 0.06703337 0.06272933
v 0.01175201 0.06703337 0.06272933
v 0.01271727 0.06612933 0.05931376
v 0.01271727 0.06612933 0.05931376
v 0.01271727 0.06612933 0.05931376
v 0.01271727 0.06612933 0.05931376
v 0.01271727 0.06612933 0.05931376
v 0.01271727 0.06612933 0.05931376
v 0.01283184 0.06441683 0.06017417
v 0.01283184 0.06441683 0.06017417
v 0.01283184 0.06441683 0.06017417
v 0.01283184 0.06441683 0.06017417
v 0.01283184 0.06441683 0.06017417
v 0.01269149 0.06351552 0.06162775
v 0.01269149 0.06351552 0.06162775
v 0.01269149 0.06351552 0.06162775
v 0.01269149 0.06351552 0.06162775
v 0.01269149 0.06351552 0.06162775
v 0.01269149 0.06351552 0.06162775
v 0.01279174 0.06197782 0.06200581
v 0.01279174 0.06197782 0.06200581
v 0.01279174 0.06197782 0.06200581
v 0.01279174 0.06197782 0.06200581
v 0.01279174 0.06197782 0.06200581
v 0.01279174 0.06197782 0.06200581
v 0.01287767 0.05923018 0.06281407
v 0.01287767 0.05923018 0.06281407
v 0.01287767 0.05923018 0.06281407
v 0.01287767 0.05923018 0.06281407
v 0.01287767 0.05923018 0.06281407
v 0.01310108 0.05691681 0.06272933
v 0.01310108 0.05691681 0.06272933
v 0.01310108 0.05691681 0.06272933
v 0.01310108 0.05691681 0.06272933
v 0.01310108 0.05691681 0.06272933
v 0.01310108 0.05691681 0.06272933
v 0.01270868 0.05691681 0.06416336
v 0.01270868 0.05691681 0.06416336
v 0.01270868 0.05691681 0.06416336
v 0.01270868 0.05691681 0.06416336
v 0.01270868 0.05691681 0.06416336
v 0.01270868 0.05691681 0.06416336
v 0.01295214 0.04936489 0.06484777
v 0.01295214 0.04936489 0.06484777
v 0.01295214 0.04936489 0.06484777
v 0.01231914 0.05438767 0.06568863
v 0.01231914 0.05438767 0.06568863
v 0.01231914 0.05438767 0.06568863
v 0.01231914 0.05438767 0.06568863
v 0.01231914 0.05438767 0.06568863
v 0.01241366 0.05185852 0.06592329
v 0.01241366 0.05185852 0.06592329
v 0.01241366 0.05185852 0.06592329
v 0.01241366 0.05185852 0.06592329
v 0.01241366 0.05185852 0.06592329
v 0.01241366 0.05185852 0.06592329
v 0.01248813 0.04936489 0.06611232
v 0.01248813 0.04936489 0.06611232
v 0.01248813 0.04936489 0.06611232
v 0.01248813 0.04936489 0.06611232
v 0.01248813 0.04936489 0.06611232
v 0.00434504 0.04936489 0.07424712
v 0.00434504 0.04936489 0.07424712
v 0.00434504 0.04936489 0.07424712
v 0.00489497 0.04976093 0.07406461
v 0.00489497 0.04976093 0.07406461
v 0.00489497 0.04976093 0.07406461
v 0.00489497 0.04976093 0.07406461
v 0.00489497 0.04976093 0.07406461
v 0.00489497 0.04976093 0.07406461
v 0.00489497 0.04976093 0.07406461
v 0.00489497 0.04976093 0.07406461
v 0.00465724 0.05185852 0.07398639
v 0.00465724 0.05185852 0.07398639
v 0.00465724 0.05185852 0.07398639
v 0.00465724 0.05185852 0.07398639
v 0.00465724 0.05185852 0.07398639
v 0.00465724 0.05185852 0.07398639
v 0.00431067 0.05438767 0.07387558
v 0.00431067 0.05438767 0.07387558
v 0.00431067 0.05438767 0.07387558
v 0.00431067 0.05438767 0.07387558
v 0.00431067 0.05438767 0.07387558
v 0.00431067 0.05438767 0.07387558
v 0.00431067 0.05438767 0.07387558
v 0.00366907 0.05702606 0.07380388
v 0.00366907 0.05702606 0.07380388
v 0.00366907 0.05702606 0.07380388
v 0.00632138 0.05691681 0.07261755
v 0.00632138 0.05691681 0.07261755
v 0.00632138 0.05691681 0.07261755
v 0.00632138 0.05691681 0.07261755
v 0.00632138 0.05691681 0.07261755
v 0.00632138 0.05691681 0.07261755
v 0.00651615 0.05939678 0.07220690
v 0.00651615 0.05939678 0.07220690
v 0.00651615 0.05939678 0.07220690
v 0.00651615 0.05939678 0.07220690
v 0.00748713 0.06020524 0.07150945
v 0.00748713 0.06020524 0.07150945
v 0.00748713 0.06020524 0.07150945
v 0.00748713 0.06020524 0.07150945
v 0.00748713 0.06020524 0.07150945
v 0.00727231 0.06197782 0.07135953
v 0.00727231 0.06197782 0.07135953
v 0.00727231 0.06197782 0.07135953
v 0.00727231 0.06197782 0.07135953
v 0.00727231 0.06197782 0.07135953
v 0.00727231 0.06197782 0.07135953
v 0.01070942 0.06714809 0.06544745
v 0.01070942 0.06714809 0.06544745
v 0.01070942 0.06714809 0.06544745
v 0.01070942 0.06714809 0.06544745
v 0.01070942 0.06714809 0.06544745
v 0.01026260 0.06638060 0.06676414
v 0.01026260 0.06638060 0.06676414
v 0.01026260 0.06638060 0.06676414
v 0.01026260 0.06638060 0.06676414
v 0.01026260 0.06638060 0.06676414
v 0.01026260 0.06638060 0.06676414
v 0.00961527 0.06450423 0.06834809
v 0.00961527 0.06450423 0.06834809
v 0.00961527 0.06450423 0.06834809
v 0.00961527 0.06450423 0.06834809
v 0.00961527 0.06450423 0.06834809
v 0.00961527 0.06450423 0.06834809
v 0.00834927 0.06450423 0.06982773
v 0.00834927 0.06450423 0.06982773
v 0.00834927 0.06450423 0.06982773
v 0.00834927 0.06450423 0.06982773
v 0.00834927 0.06450423 0.06982773
v 0.00834927 0.06450423 0.06982773
v 0.01255687 0.06520070 0.06099547
v 0.01255687 0.06520070 0.06099547
v 0.01255687 0.06520070 0.06099547
v 0.01255687 0.06520070 0.06099547
v 0.01255687 0.06520070 0.06099547
v 0.01255687 0.06520070 0.06099547
v 0.01227904 0.06441683 0.06257290
v 0.01227904 0.06441683 0.06257290
v 0.01227904 0.06441683 0.06257290
v 0.01227904 0.06441683 0.06257290
v 0.01227904 0.06441683 0.06257290
v 0.01132524 0.06450423 0.06525843
v 0.01132524 0.06450423 0.06525843
v 0.01132524 0.06450423 0.06525843
v 0.01132524 0.06450423 0.06525843
v 0.01132524 0.06450423 0.06525843
v 0.01132524 0.06450423 0.06525843
v 0.01132524 0.06450423 0.06525843
v 0.01244516 0.06197782 0.06327035
v 0.01244516 0.06197782 0.06327035
v 0.01244516 0.06197782 0.06327035
v 0.01244516 0.06197782 0.06327035
v 0.01244516 0.06197782 0.06327035
v 0.01244516 0.06197782 0.06327035
v 0.01256833 0.05992938 0.06371359
v 0.01256833 0.05992938 0.06371359
v 0.01256833 0.05992938 0.06371359
v 0.01256833 0.05992938 0.06371359
v 0.01256833 0.05992938 0.06371359
v 0.01256833 0.05992938 0.06371359
v 0.01265139 0.05824147 0.06401343
v 0.01265139 0.05824147 0.06401343
v 0.01265139 0.05824147 0.06401343
v 0.01265139 0.05824147 0.06401343
v 0.01265139 0.05824147 0.06401343
v 0.01265139 0.05824147 0.06401343
v 0.01221029 0.05691681 0.06542790
v 0.01221029 0.05691681 0.06542790
v 0.01221029 0.05691681 0.06542790
v 0.01221029 0.05691681 0.06542790
v 0.01221029 0.05691681 0.06542790
v 0.01221029 0.05691681 0.06542790
v 0.01221029 0.05691681 0.06542790
v 0.01221029 0.05691681 0.06542790
v 0.01127654 0.05438767 0.06778751
v 0.01127654 0.05438767 0.06778751
v 0.01127654 0.05438767 0.06778751
v 0.01127654 0.05438767 0.06778751
v 0.01127654 0.05438767 0.06778751
v 0.01127654 0.05438767 0.06778751
v 0.01127654 0.05438767 0.06778751
v 0.01147704 0.05185852 0.06778751
v 0.01147704 0.05185852 0.06778751
v 0.01147704 0.05185852 0.06778751
v 0.01147704 0.05185852 0.06778751
v 0.01147704 0.05185852 0.06778751
v 0.01147704 0.05185852 0.06778751
v 0.01147704 0.05185852 0.06778751
v 0.01163171 0.04936489 0.06778751
v 0.01163171 0.04936489 0.06778751
v 0.01163171 0.04936489 0.06778751
v 0.01163171 0.04936489 0.06778751
v 0.00557667 0.04936489 0.07371914
v 0.00557667 0.04936489 0.07371914
v 0.00557667 0.04936489 0.07371914
v 0.00609510 0.04936489 0.07343885
v 0.00609510 0.04936489 0.07343885
v 0.00609510 0.04936489 0.07343885
v 0.00609510 0.04936489 0.07343885
v 0.00632138 0.05185852 0.07312598
v 0.00632138 0.05185852 0.07312598
v 0.00632138 0.05185852 0.07312598
v 0.00632138 0.05185852 0.07312598
v 0.00632138 0.05185852 0.07312598
v 0.00632138 0.05438767 0.07289132
v 0.00632138 0.05438767 0.07289132
v 0.00632138 0.05438767 0.07289132
v 0.00632138 0.05438767 0.07289132
v 0.00632138 0.05438767 0.07289132
v 0.00632138 0.05438767 0.07289132
v 0.00632138 0.05438767 0.07289132
v 0.00764180 0.05852005 0.07162678
v 0.00764180 0.05852005 0.07162678
v 0.00764180 0.05852005 0.07162678
v 0.00764180 0.05852005 0.07162678
v 0.00764180 0.05852005 0.07162678
v 0.00764180 0.05852005 0.07162678
v 0.00764180 0.05852005 0.07162678
v 0.00764180 0.05852005 0.07162678
v 0.00764180 0.05852005 0.07162678
v 0.00860419 0.06197782 0.07009498
v 0.00860419 0.06197782 0.07009498
v 0.00860419 0.06197782 0.07009498
v 0.00860419 0.06197782 0.07009498
v 0.00860419 0.06197782 0.07009498
v 0.00860419 0.06197782 0.07009498
v 0.00860419 0.06197782 0.07009498
v 0.01045164 0.06450423 0.06708354
v 0.01045164 0.06450423 0.06708354
v 0.01045164 0.06450423 0.06708354
v 0.01045164 0.06450423 0.06708354
v 0.01045164 0.06450423 0.06708354
v 0.01045164 0.06450423 0.06708354
v 0.00987019 0.06197782 0.06870007
v 0.00987019 0.06197782 0.06870007
v 0.00987019 0.06197782 0.06870007
v 0.00987019 0.06197782 0.06870007
v 0.00987019 0.06197782 0.06870007
v 0.00987019 0.06197782 0.06870007
v 0.01172050 0.06197782 0.06525843
v 0.01172050 0.06197782 0.06525843
v 0.01172050 0.06197782 0.06525843
v 0.01172050 0.06197782 0.06525843
v 0.01172050 0.06197782 0.06525843
v 0.01172050 0.06197782 0.06525843
v 0.01172050 0.06197782 0.06525843
v 0.01214728 0.05923018 0.06501725
v 0.01214728 0.05923018 0.06501725
v 0.01214728 0.05923018 0.06501725
v 0.01214728 0.05923018 0.06501725
v 0.01065786 0.06197782 0.06743553
v 0.01065786 0.06197782 0.06743553
v 0.01065786 0.06197782 0.06743553
v 0.01065786 0.06197782 0.06743553
v 0.01065786 0.06197782 0.06743553
v 0.01065786 0.06197782 0.06743553
v 0.01065786 0.06197782 0.06743553
v 0.01103308 0.05691681 0.06778751
v 0.01103308 0.05691681 0.06778751
v 0.01103308 0.05691681 0.06778751
v 0.01103308 0.05691681 0.06778751
v 0.01103308 0.05691681 0.06778751
v 0.01103308 0.05691681 0.06778751
v 0.01020531 0.05691681 0.06916939
v 0.01020531 0.05691681 0.06916939
v 0.01020531 0.05691681 0.06916939
v 0.01020531 0.05691681 0.06916939
v 0.01020531 0.05691681 0.06916939
v 0.01033707 0.05438767 0.06933886
v 0.01033707 0.05438767 0.06933886
v 0.01033707 0.05438767 0.06933886
v 0.01033707 0.05438767 0.06933886
v 0.01033707 0.05438767 0.06933886
v 0.01033707 0.05438767 0.06933886
v 0.01161739 0.04936489 0.06781359
v 0.01161739 0.04936489 0.06781359
v 0.01161739 0.04936489 0.06781359
v 0.01161739 0.04936489 0.06781359
v 0.01161739 0.04936489 0.06781359
v 0.01044591 0.05185852 0.06948878
v 0.01044591 0.05185852 0.06948878
v 0.01044591 0.05185852 0.06948878
v 0.01044591 0.05185852 0.06948878
v 0.01044591 0.05185852 0.06948878
v 0.01044591 0.05185852 0.06948878
v 0.00627555 0.04936489 0.07332153
v 0.00627555 0.04936489 0.07332153
v 0.00627555 0.04936489 0.07332153
v 0.00806571 0.05185852 0.07199180
v 0.00806571 0.05185852 0.07199180
v 0.00806571 0.05185852 0.07199180
v 0.00806571 0.05185852 0.07199180
v 0.00806571 0.05185852 0.07199180
v 0.00806571 0.05185852 0.07199180
v 0.00806571 0.05185852 0.07199180
v 0.00792250 0.05438767 0.07186795
v 0.00792250 0.05438767 0.07186795
v 0.00792250 0.05438767 0.07186795
v 0.00792250 0.05438767 0.07186795
v 0.00792250 0.05438767 0.07186795
v 0.00792250 0.05438767 0.07186795
v 0.00775637 0.05691681 0.07172455
v 0.00775637 0.05691681 0.07172455
v 0.00775637 0.05691681 0.07172455
v 0.00775637 0.05691681 0.07172455
v 0.00918850 0.05438767 0.07060993
v 0.00918850 0.05438767 0.07060993
v 0.00918850 0.05438767 0.07060993
v 0.00918850 0.05438767 0.07060993
v 0.00918850 0.05438767 0.07060993
v 0.00918850 0.05438767 0.07060993
v 0.00918850 0.05438767 0.07060993
v 0.00918850 0.05438767 0.07060993
v 0.00901951 0.05691681 0.07043393
v 0.00901951 0.05691681 0.07043393
v 0.00901951 0.05691681 0.07043393
v 0.00901951 0.05691681 0.07043393
v 0.00883047 0.05924657 0.07029053
v 0.00883047 0.05924657 0.07029053
v 0.00883047 0.05924657 0.07029053
v 0.00883047 0.05924657 0.07029053
v 0.01002200 0.05997308 0.06891518
v 0.01002200 0.05997308 0.06891518
v 0.01002200 0.05997308 0.06891518
v 0.01002200 0.05997308 0.06891518
v 0.01002200 0.05997308 0.06891518
v 0.01068364 0.05925749 0.06796351
v 0.01068364 0.05925749 0.06796351
v 0.01068364 0.05925749 0.06796351
v 0.01068364 0.05925749 0.06796351
v 0.01012798 0.05828517 0.06907161
v 0.01012798 0.05828517 0.06907161
v 0.01012798 0.05828517 0.06907161
v 0.01012798 0.05828517 0.06907161
v 0.01012798 0.05828517 0.06907161
v 0.01012798 0.05828517 0.06907161
v 0.01012798 0.05828517 0.06907161
v 0.00933171 0.05185852 0.07075333
v 0.00933171 0.05185852 0.07075333
v 0.00933171 0.05185852 0.07075333
v 0.00933171 0.05185852 0.07075333
v 0.00933171 0.05185852 0.07075333
v 0.00933171 0.05185852 0.07075333
v 0.01052611 0.04936489 0.06959308
v 0.01052611 0.04936489 0.06959308
v 0.01052611 0.04936489 0.06959308
v 0.00944342 0.04936489 0.07085762
v 0.00944342 0.04936489 0.07085762
v 0.00944342 0.04936489 0.07085762
v 0.00944342 0.04936489 0.07085762
v 0.00944342 0.04936489 0.07085762
v 0.00944342 0.04936489 0.07085762
v 0.00817742 0.04936489 0.07208305
v 0.00817742 0.04936489 0.07208305
v 0.00817742 0.04936489 0.07208305
v 0.00942337 0.04936489 0.07087718
v 0.00942337 0.04936489 0.07087718
v 0.00942337 0.04936489 0.07087718
v 0.00942337 0.04936489 0.07087718
f 11 15 60
f 8 59 146
f 11 147 143
f 11 143 290
f 12 291 481
f 11 480 477
f 11 477 473
f 11 473 694
f 11 694 691
f 11 691 900
f 11 900 897
f 11 897 1128
f 11 1128 1125
f 11 1125 1122
f 11 1122 1382
f 11 1382 1378
f 11 1378 1372
f 12 1373 1612
f 11 1611 1607
f 11 1607 1826
f 11 1826 2087
f 11 2087 1821
f 11 1821 1900
f 11 1900 1897
f 11 1897 1894
f 11 1894 1886
f 11 1886 2146
f 11 2146 2383
f 11 2383 2619
f 11 2619 2858
f 11 2858 3062
f 11 3062 3249
f 11 3249 3421
f 11 3421 3435
f 11 3435 3570
f 10 3569 3655
f 11 3656 3724
f 11 3724 3728
f 9 3727 3736
f 11 3737 3733
f 11 3733 3666
f 11 3666 3576
f 11 3576 3573
f 11 3573 3440
f 11 3440 3265
f 11 3265 3066
f 11 3066 2866
f 11 2866 2863
f 11 2863 2626
f 11 2626 2389
f 11 2389 2157
f 11 2157 2153
f 11 2153 1905
f 11 1905 1631
f 11 1631 1625
f 12 1626 1622
f 10 1621 1617
f 11 1618 1387
f 12 1388 1132
f 11 1131 905
f 11 905 697
f 11 697 486
f 11 486 294
f 11 294 151
f 11 151 63
f 11 63 20
f 1 16 21
f 2 22 25
f 3 29 32
f 4 35 39
f 5 42 44
f 6 46 48
f 7 49 13
f 14 50 57
f 19 61 67
f 18 64 75
f 17 72 24
f 23 71 26
f 28 79 83
f 31 84 90
f 30 89 33
f 27 73 77
f 37 97 103
f 38 104 110
f 36 107 40
f 34 91 95
f 41 108 43
f 45 109 47
f 52 118 123
f 54 124 129
f 55 131 133
f 56 134 140
f 53 139 145
f 51 144 58
f 62 148 68
f 69 149 152
f 70 153 159
f 66 157 164
f 65 163 76
f 74 162 78
f 80 165 168
f 82 170 174
f 81 173 85
f 88 176 181
f 87 180 188
f 86 187 92
f 94 189 195
f 93 194 96
f 102 197 201
f 101 200 207
f 100 206 212
f 99 211 216
f 98 215 105
f 106 217 111
f 122 220 227
f 121 226 125
f 112 218 213
f 113 214 208
f 114 209 234
f 115 237 241
f 116 242 244
f 117 249 251
f 119 252 256
f 120 257 219
f 128 228 261
f 127 260 267
f 126 266 130
f 132 268 136
f 138 269 277
f 137 275 286
f 135 282 141
f 142 283 288
f 150 292 295
f 150 295 155
f 156 296 304
f 154 301 160
f 161 302 309
f 158 307 166
f 167 308 312
f 167 312 169
f 172 314 318
f 171 317 175
f 178 320 323
f 179 324 330
f 177 329 182
f 184 331 334
f 186 335 341
f 185 340 347
f 183 346 193
f 192 345 352
f 191 351 358
f 190 357 196
f 198 359 362
f 199 363 202
f 204 365 238
f 205 239 236
f 203 235 210
f 225 370 229
f 221 259 378
f 222 379 383
f 223 384 389
f 224 390 369
f 233 393 397
f 232 396 262
f 230 371 401
f 231 402 392
f 240 367 409
f 243 411 245
f 246 414 416
f 247 417 419
f 248 421 250
f 253 424 426
f 254 428 376
f 255 377 258
f 263 400 432
f 264 433 439
f 265 440 444
f 265 444 274
f 273 443 449
f 272 447 456
f 271 454 462
f 270 460 281
f 280 458 467
f 279 465 471
f 278 470 476
f 276 475 287
f 285 474 479
f 284 478 289
f 293 482 298
f 299 483 487
f 300 488 496
f 297 493 305
f 306 494 501
f 303 499 310
f 311 500 504
f 311 504 313
f 316 505 512
f 315 511 319
f 321 514 516
f 322 517 325
f 326 520 523
f 328 524 531
f 327 529 332
f 333 530 336
f 337 533 535
f 339 536 543
f 338 541 342
f 344 542 548
f 343 547 348
f 350 549 553
f 349 552 354
f 356 554 558
f 355 557 564
f 353 563 361
f 360 562 364
f 366 565 614
f 368 616 410
f 375 568 403
f 372 391 385
f 373 388 572
f 374 573 567
f 380 430 578
f 381 579 583
f 382 584 386
f 387 585 571
f 394 589 398
f 395 405 590
f 399 591 431
f 404 570 598
f 406 599 604
f 408 605 609
f 407 608 592
f 412 617 619
f 413 621 415
f 418 623 420
f 422 624 626
f 423 629 425
f 427 630 632
f 429 636 576
f 435 593 638
f 437 641 644
f 438 645 650
f 436 648 657
f 434 655 441
f 442 656 660
f 442 660 446
f 445 659 451
f 450 665 675
f 448 673 457
f 452 661 676
f 453 677 666
f 455 671 464
f 463 670 682
f 461 681 689
f 459 687 468
f 469 688 693
f 466 692 472
f 485 695 700
f 484 698 491
f 492 699 706
f 490 704 715
f 489 710 497
f 498 711 720
f 495 717 502
f 503 718 507
f 508 719 723
f 510 724 730
f 509 729 740
f 506 737 513
f 515 738 518
f 519 739 742
f 521 743 747
f 522 748 525
f 526 749 753
f 528 754 760
f 527 759 532
f 534 761 537
f 540 762 766
f 539 765 774
f 538 773 546
f 545 772 780
f 544 779 551
f 550 778 785
f 550 785 556
f 555 784 559
f 561 786 791
f 560 790 615
f 560 615 566
f 569 575 597
f 574 587 595
f 577 637 797
f 580 799 801
f 582 803 808
f 581 807 586
f 588 809 596
f 594 610 639
f 603 811 1038
f 603 1038 814
f 602 813 1047
f 602 1047 819
f 601 817 822
f 600 821 607
f 606 820 612
f 611 827 640
f 613 823 828
f 618 792 620
f 622 793 831
f 625 834 627
f 628 835 837
f 631 840 633
f 634 841 844
f 635 847 795
f 643 829 1057
f 643 1057 850
f 642 849 855
f 642 855 647
f 646 854 651
f 653 858 1084
f 653 1084 865
f 649 863 663
f 649 663 658
f 652 856 867
f 654 868 859
f 662 862 678
f 668 680 890
f 667 889 875
f 669 876 1113
f 669 1113 886
f 664 883 674
f 672 880 684
f 679 864 888
f 686 881 895
f 685 894 899
f 683 898 690
f 696 901 701
f 702 902 906
f 703 907 707
f 705 913 716
f 708 908 916
f 709 917 914
f 714 912 925
f 713 924 936
f 712 932 721
f 722 933 725
f 727 934 937
f 728 938 944
f 726 942 735
f 733 948 953
f 732 952 745
f 731 744 741
f 736 943 960
f 734 959 949
f 746 954 750
f 751 955 965
f 752 966 755
f 757 968 971
f 758 972 978
f 756 977 764
f 763 976 767
f 770 979 982
f 771 983 990
f 769 989 996
f 768 995 777
f 776 994 1002
f 775 1001 783
f 782 1000 1008
f 781 1007 789
f 788 1006 833
f 787 832 794
f 796 848 1014
f 798 1017 1019
f 800 1021 802
f 804 1023 1025
f 806 1027 1031
f 805 1030 810
f 812 1032 1039
f 816 1040 1288
f 816 1288 1043
f 815 1042 1302
f 815 1302 1049
f 818 1046 824
f 825 1050 1058
f 825 1058 830
f 826 1048 1301
f 826 1301 1051
f 836 1009 838
f 839 1010 1062
f 842 1066 1068
f 843 1069 845
f 846 1071 1012
f 852 1060 1073
f 853 1074 870
f 851 869 857
f 860 1080 1329
f 860 1329 1087
f 861 871 1081
f 866 1085 891
f 872 1090 1083
f 874 1077 1096
f 873 1095 1091
f 877 892 1100
f 878 1103 1107
f 879 1108 1116
f 887 1114 1381
f 887 1381 1121
f 885 1120 1124
f 884 1123 1127
f 882 1126 896
f 893 1086 1101
f 904 1129 1135
f 903 1133 909
f 911 1134 1141
f 910 1140 921
f 915 918 927
f 922 1142 1149
f 920 1147 1157
f 919 1153 929
f 926 1160 941
f 923 939 935
f 931 1154 1165
f 930 1164 1170
f 928 1169 1163
f 940 1159 945
f 946 1161 1175
f 947 1176 962
f 951 961 1182
f 950 1181 956
f 957 1183 1187
f 958 1188 967
f 964 1177 1194
f 963 1192 1185
f 969 1189 1197
f 970 1198 973
f 974 1204 980
f 975 1199 1206
f 981 1205 984
f 986 1211 1217
f 985 1216 993
f 987 1208 1221
f 988 1222 1212
f 992 1215 1229
f 991 1228 999
f 998 1227 1235
f 997 1234 1005
f 1004 1233 1064
f 1003 1063 1011
f 1013 1072 1242
f 1015 1243 1245
f 1016 1249 1251
f 1018 1253 1020
f 1022 1254 1256
f 1024 1258 1260
f 1024 1260 1026
f 1029 1262 1266
f 1028 1265 1033
f 1035 1267 1269
f 1037 1271 1273
f 1037 1273 1278
f 1036 1277 1284
f 1036 1284 1291
f 1034 1289 1041
f 1045 1290 1283
f 1045 1283 1293
f 1044 1292 1315
f 1044 1315 1304
f 1055 1305 1310
f 1053 1309 1059
f 1052 1303 1314
f 1054 1316 1294
f 1056 1295 1306
f 1061 1311 1075
f 1065 1237 1239
f 1067 1241 1070
f 1076 1313 1318
f 1078 1320 1325
f 1079 1326 1097
f 1082 1089 1333
f 1082 1333 1331
f 1088 1330 1102
f 1092 1099 1343
f 1093 1347 1350
f 1094 1351 1340
f 1098 1327 1342
f 1105 1356 1109
f 1104 1332 1334
f 1106 1335 1357
f 1111 1358 1360
f 1112 1361 1370
f 1110 1369 1119
f 1118 1368 1375
f 1117 1374 1380
f 1115 1379 1383
f 1130 1384 1136
f 1138 1385 1389
f 1139 1390 1399
f 1137 1397 1145
f 1146 1398 1404
f 1144 1403 1409
f 1143 1408 1152
f 1148 1417 1158
f 1151 1407 1424
f 1150 1423 1419
f 1156 1416 1172
f 1155 1171 1166
f 1162 1167 1179
f 1168 1429 1180
f 1174 1418 1435
f 1173 1434 1432
f 1178 1427 1195
f 1186 1193 1441
f 1184 1440 1190
f 1191 1442 1200
f 1196 1428 1444
f 1201 1448 1207
f 1202 1443 1454
f 1203 1455 1449
f 1209 1452 1460
f 1210 1461 1223
f 1213 1466 1218
f 1214 1224 1468
f 1220 1467 1477
f 1219 1476 1230
f 1225 1481 1469
f 1226 1463 1482
f 1232 1478 1488
f 1231 1487 1236
f 1238 1489 1240
f 1244 1490 1246
f 1247 1491 1493
f 1248 1498 1500
f 1250 1502 1252
f 1255 1504 1506
f 1255 1506 1257
f 1259 1508 1510
f 1259 1510 1261
f 1264 1512 1763
f 1264 1763 1515
f 1263 1514 1270
f 1263 1270 1268
f 1272 1516 1274
f 1276 1517 1767
f 1276 1767 1520
f 1275 1519 1279
f 1282 1521 1525
f 1281 1524 1533
f 1280 1532 1287
f 1286 1531 1540
f 1285 1539 1300
f 1299 1538 1545
f 1298 1544 1550
f 1297 1549 1321
f 1296 1319 1308
f 1307 1317 1312
f 1322 1551 1553
f 1324 1557 1345
f 1323 1344 1328
f 1341 1352 1562
f 1339 1560 1566
f 1338 1564 1573
f 1337 1570 1365
f 1336 1362 1359
f 1346 1558 1576
f 1348 1580 1582
f 1349 1583 1353
f 1355 1585 1602
f 1354 1600 1563
f 1367 1571 1609
f 1366 1608 1614
f 1364 1613 1377
f 1363 1376 1371
f 1386 1615 1391
f 1392 1616 1619
f 1393 1620 1623
f 1394 1624 1627
f 1395 1628 1632
f 1396 1633 1400
f 1401 1634 1638
f 1402 1639 1405
f 1406 1640 1411
f 1410 1647 1426
f 1413 1641 1651
f 1415 1652 1656
f 1414 1655 1662
f 1412 1661 1650
f 1420 1425 1646
f 1421 1648 1666
f 1422 1667 1437
f 1433 1436 1673
f 1431 1672 1680
f 1430 1678 1445
f 1438 1668 1683
f 1439 1684 1675
f 1446 1689 1457
f 1447 1679 1690
f 1450 1456 1694
f 1451 1695 1699
f 1453 1700 1462
f 1459 1691 1708
f 1458 1707 1696
f 1464 1714 1483
f 1465 1703 1715
f 1470 1486 1720
f 1471 1721 1724
f 1474 1725 1730
f 1475 1731 1734
f 1473 1733 1496
f 1472 1495 1480
f 1479 1494 1492
f 1484 1718 1741
f 1485 1743 1719
f 1497 1736 1750
f 1499 1753 1501
f 1503 1754 1756
f 1505 1758 1507
f 1509 1759 1511
f 1513 1761 2033
f 1513 2033 1764
f 1518 1765 2040
f 1518 2040 1768
f 1523 1770 1774
f 1522 1773 1526
f 1528 1777 1779
f 1530 1781 1786
f 1529 1785 1791
f 1527 1790 1537
f 1536 1789 1797
f 1535 1796 1803
f 1534 1802 1543
f 1542 1801 1808
f 1541 1807 1548
f 1547 1806 1555
f 1546 1554 1552
f 1556 1809 1813
f 1559 1814 1577
f 1561 1598 1569
f 1565 1817 1575
f 1568 1597 1824
f 1567 1823 1820
f 1574 1816 1828
f 1572 1827 1610
f 1578 1815 1810
f 1579 1812 1833
f 1581 1834 1584
f 1593 1839 1841
f 1596 1843 1851
f 1595 1850 1856
f 1594 1854 1606
f 1586 1835 1857
f 1587 1860 1862
f 1588 1864 1868
f 1589 1870 1872
f 1590 1874 1878
f 1591 1879 1882
f 1592 1883 1837
f 1605 1853 1888
f 1604 1887 1896
f 1603 1895 1899
f 1601 1898 1902
f 1599 1901 1825
f 1630 1903 1908
f 1629 1906 1636
f 1637 1907 1915
f 1635 1913 1644
f 1645 1914 1920
f 1643 1919 1926
f 1642 1924 1654
f 1649 1659 1670
f 1653 1923 1657
f 1658 1925 1663
f 1660 1934 1671
f 1664 1927 1939
f 1665 1940 1935
f 1669 1932 1687
f 1674 1946 1682
f 1677 1685 1953
f 1676 1952 1949
f 1681 1945 1692
f 1688 1933 1960
f 1686 1958 1956
f 1693 1947 1710
f 1698 1709 1964
f 1697 1963 1701
f 1702 1968 1970
f 1705 1971 1975
f 1706 1976 1980
f 1704 1979 1716
f 1711 1948 1983
f 1713 1984 1989
f 1712 1988 1965
f 1717 1982 1739
f 1722 1994 1729
f 1723 1745 1995
f 1728 1993 1752
f 1727 1751 1737
f 1726 1735 1732
f 1740 1978 1972
f 1742 1973 2000
f 1744 2004 2006
f 1748 2009 2013
f 1749 2014 2019
f 1747 2018 2024
f 1746 2023 1996
f 1738 1981 1977
f 1755 1997 1757
f 1760 1998 2029
f 1762 2031 2271
f 1762 2271 2034
f 1766 2036 2041
f 1769 2042 2044
f 1771 2047 2050
f 1772 2051 1775
f 1776 2056 2058
f 1778 2059 1780
f 1783 2060 2063
f 1784 2064 2072
f 1782 2069 1787
f 1788 2070 1793
f 1795 2071 2077
f 1794 2076 2083
f 1792 2082 1800
f 1799 2081 1832
f 1798 1831 1805
f 1804 1830 1811
f 1819 1822 2089
f 1818 2088 1829
f 1836 2085 2114
f 1836 2114 1858
f 1838 1885 2093
f 1840 2094 1842
f 1845 2096 2100
f 1847 2101 2103
f 1848 2104 2108
f 1846 2107 1891
f 1844 1890 1852
f 1849 1889 1855
f 1859 2116 2119
f 1861 2121 1863
f 1865 2122 2124
f 1867 2126 2131
f 1866 2130 1869
f 1871 2132 1873
f 1875 2134 2137
f 1876 2138 2090
f 1877 2091 1880
f 1881 2092 1884
f 1892 2113 2144
f 1893 2145 2150
f 1904 2151 1909
f 1910 2152 2154
f 1911 2155 2158
f 1912 2159 1916
f 1917 2160 2164
f 1918 2165 1921
f 1922 2166 1928
f 1929 2167 2171
f 1931 2172 2178
f 1930 2177 1943
f 1936 1941 2181
f 1937 2182 2186
f 1938 2187 1961
f 1944 2179 2195
f 1942 2193 2184
f 1951 1954 2203
f 1950 2201 1986
f 1957 1959 2208
f 1955 2207 2204
f 1962 2188 2210
f 1966 1991 2214
f 1967 2216 1969
f 1974 2221 2001
f 1987 2202 2225
f 1985 2223 1990
f 1992 2224 2215
f 1999 2025 2030
f 2002 2222 2229
f 2003 2231 2234
f 2005 2235 2007
f 2008 2236 2239
f 2010 2241 2243
f 2012 2245 2250
f 2011 2249 2015
f 2016 2256 2020
f 2017 2251 2257
f 2021 2261 2026
f 2022 2258 2262
f 2028 2263 2267
f 2027 2266 2272
f 2027 2272 2032
f 2035 2273 2275
f 2039 2277 2283
f 2038 2282 2046
f 2037 2045 2043
f 2049 2284 2289
f 2048 2288 2052
f 2053 2293 2295
f 2054 2296 2300
f 2055 2301 2057
f 2061 2302 2305
f 2062 2306 2065
f 2066 2310 2312
f 2067 2313 2317
f 2068 2318 2073
f 2075 2319 2324
f 2074 2323 2078
f 2080 2325 2330
f 2079 2329 2084
f 2086 2331 2115
f 2095 2141 2098
f 2099 2341 2344
f 2102 2346 2105
f 2097 2140 2339
f 2106 2347 2109
f 2110 2348 2352
f 2111 2353 2357
f 2112 2360 2143
f 2117 2333 2361
f 2118 2363 2120
f 2123 2364 2366
f 2123 2366 2125
f 2127 2369 2371
f 2129 2373 2136
f 2128 2135 2133
f 2139 2375 2338
f 2142 2359 2149
f 2148 2356 2382
f 2147 2379 2385
f 2156 2386 2161
f 2162 2387 2390
f 2163 2391 2168
f 2169 2392 2396
f 2170 2397 2174
f 2175 2398 2402
f 2176 2403 2197
f 2173 2196 2180
f 2185 2194 2411
f 2183 2409 2191
f 2192 2410 2416
f 2190 2415 2422
f 2189 2421 2211
f 2198 2404 2426
f 2199 2427 2432
f 2200 2433 2412
f 2205 2439 2226
f 2206 2209 2440
f 2213 2423 2447
f 2212 2446 2444
f 2217 2227 2441
f 2218 2442 2451
f 2219 2453 2455
f 2220 2457 2228
f 2230 2459 2232
f 2233 2460 2462
f 2237 2466 2468
f 2238 2469 2240
f 2242 2470 2244
f 2248 2475 2253
f 2246 2471 2480
f 2247 2482 2473
f 2254 2476 2485
f 2255 2486 2496
f 2252 2492 2260
f 2259 2491 2264
f 2265 2493 2269
f 2268 2276 2274
f 2270 2494 2278
f 2279 2495 2503
f 2280 2504 2508
f 2281 2509 2285
f 2286 2510 2514
f 2287 2515 2290
f 2291 2518 2521
f 2292 2522 2294
f 2298 2527 2529
f 2299 2530 2537
f 2297 2535 2303
f 2304 2536 2307
f 2308 2540 2542
f 2309 2543 2311
f 2314 2546 2548
f 2315 2549 2553
f 2316 2555 2321
f 2320 2554 2559
f 2322 2560 2326
f 2328 2561 2565
f 2327 2564 2332
f 2334 2566 2362
f 2340 2574 2343
f 2337 2374 2580
f 2336 2579 2586
f 2335 2585 2571
f 2342 2573 2590
f 2345 2593 2350
f 2349 2592 2596
f 2351 2598 2601
f 2354 2604 2358
f 2355 2603 2381
f 2365 2568 2606
f 2365 2606 2367
f 2368 2607 2575
f 2370 2578 2372
f 2376 2611 2617
f 2377 2618 2621
f 2378 2622 2384
f 2380 2602 2613
f 2388 2623 2394
f 2395 2624 2629
f 2393 2627 2400
f 2401 2628 2636
f 2399 2634 2407
f 2408 2635 2640
f 2406 2639 2647
f 2405 2646 2428
f 2413 2434 2649
f 2414 2650 2418
f 2417 2656 2425
f 2420 2651 2663
f 2419 2662 2660
f 2424 2655 2449
f 2429 2648 2641
f 2430 2642 2667
f 2431 2668 2435
f 2437 2669 2675
f 2438 2676 2683
f 2436 2681 2653
f 2445 2448 2688
f 2443 2686 2452
f 2450 2657 2689
f 2454 2687 2456
f 2458 2691 2693
f 2461 2695 2463
f 2464 2698 2700
f 2465 2701 2467
f 2472 2702 2720
f 2472 2720 2481
f 2477 2704 2487
f 2474 2483 2708
f 2478 2712 2714
f 2479 2715 2705
f 2484 2722 2709
f 2488 2706 2725
f 2489 2726 2734
f 2490 2735 2498
f 2500 2736 2740
f 2502 2741 2745
f 2501 2744 2749
f 2499 2748 2755
f 2497 2754 2507
f 2506 2753 2524
f 2505 2523 2513
f 2512 2520 2761
f 2511 2759 2516
f 2517 2760 2519
f 2525 2758 2763
f 2526 2764 2768
f 2528 2769 2531
f 2532 2771 2774
f 2534 2775 2780
f 2533 2779 2538
f 2539 2781 2541
f 2544 2783 2786
f 2545 2787 2547
f 2550 2790 2792
f 2551 2793 2797
f 2552 2798 2556
f 2557 2799 2803
f 2558 2804 2808
f 2558 2808 2562
f 2563 2809 2605
f 2563 2605 2567
f 2570 2584 2817
f 2569 2816 3017
f 2569 3017 2819
f 2572 2822 2588
f 2576 2608 2810
f 2577 2812 2582
f 2581 2811 2805
f 2583 2807 2814
f 2587 2821 2827
f 2589 2828 2831
f 2591 2834 2595
f 2594 2833 2837
f 2597 2840 2844
f 2597 2844 2599
f 2600 2845 2612
f 2609 2843 2850
f 2610 2851 2616
f 2614 2848 2856
f 2615 2857 2860
f 2615 2860 2620
f 2625 2861 2630
f 2631 2862 2864
f 2633 2865 2870
f 2632 2869 2637
f 2638 2871 2643
f 2644 2872 2875
f 2645 2876 2670
f 2654 2682 2883
f 2652 2881 2665
f 2661 2664 2888
f 2659 2887 2895
f 2658 2893 2690
f 2666 2882 2890
f 2672 2877 2898
f 2674 2899 2902
f 2673 2901 2908
f 2671 2907 2677
f 2679 2910 2917
f 2679 2917 2685
f 2678 2909 2903
f 2680 2905 3096
f 2680 3096 2911
f 2684 2916 3084
f 2684 3084 2886
f 2692 2894 2694
f 2696 2896 2921
f 2697 2923 2699
f 2703 2925 2944
f 2703 2944 2721
f 2707 2717 2727
f 2710 2723 2927
f 2711 2930 2713
f 2716 2932 2934
f 2718 2937 2940
f 2719 2941 2728
f 2724 2948 2928
f 2733 2952 2958
f 2731 2957 2739
f 2729 2943 2964
f 2730 2965 2968
f 2732 2971 2951
f 2738 2956 2977
f 2737 2974 2743
f 2742 2973 2746
f 2747 2975 2750
f 2751 2976 2982
f 2752 2983 2756
f 2757 2984 2762
f 2767 2990 2773
f 2766 2772 2770
f 2765 2986 2988
f 2778 2997 2785
f 2777 2784 2782
f 2776 2993 2995
f 2788 3000 3002
f 2789 3003 2791
f 2794 3004 3007
f 2796 3008 3015
f 2795 3013 2801
f 2802 3014 2815
f 2800 2813 2806
f 2818 3016 3011
f 2820 3012 2824
f 2823 3010 3022
f 2825 3023 3026
f 2826 3029 2829
f 2830 3030 3032
f 2832 3035 2836
f 2835 3034 3041
f 2838 3042 3046
f 2839 3047 2841
f 2842 3048 2849
f 2846 3045 3053
f 2847 3054 2855
f 2852 3051 3060
f 2853 3061 3064
f 2854 3065 2859
f 2868 3067 3072
f 2867 3071 2874
f 2873 3070 3078
f 2873 3078 2880
f 2879 3077 3097
f 2879 3097 2906
f 2878 2904 2900
f 2885 3083 3093
f 2884 3091 2892
f 2889 2922 2897
f 2891 3090 2924
f 2914 3102 2918
f 2912 3099 3109
f 2913 3111 3115
f 2915 3117 3103
f 2920 3104 3121
f 2919 3120 3087
f 2926 3092 2945
f 2929 2950 3127
f 2931 3129 2933
f 2935 3130 3134
f 2936 3135 3138
f 2938 3140 2961
f 2939 2963 2942
f 2946 3094 3143
f 2947 3146 3148
f 2949 3150 3126
f 2953 2972 3155
f 2954 3156 3158
f 2955 3159 2959
f 2960 3162 2978
f 2967 3167 2969
f 2962 3142 3173
f 2966 3176 3166
f 2970 3170 3153
f 2979 3163 3179
f 2981 3181 3185
f 2980 3183 2985
f 2987 3184 2989
f 2991 3188 3190
f 2992 3193 3196
f 2994 3197 2996
f 2998 3199 3201
f 2999 3203 3001
f 3005 3205 3018
f 3006 3019 3009
f 3020 3206 3210
f 3021 3211 3024
f 3025 3212 3217
f 3027 3218 3221
f 3028 3222 3031
f 3033 3223 3040
f 3037 3220 3230
f 3036 3229 3235
f 3038 3236 3240
f 3039 3241 3043
f 3044 3242 3052
f 3049 3239 3247
f 3050 3248 3059
f 3058 3252 3063
f 3057 3244 3258
f 3055 3256 3263
f 3056 3264 3251
f 3069 3266 3271
f 3068 3270 3076
f 3075 3269 3276
f 3074 3275 3282
f 3073 3281 3082
f 3081 3280 3116
f 3080 3114 3289
f 3079 3287 3098
f 3088 3290 3149
f 3086 3147 3145
f 3085 3144 3095
f 3089 3122 3291
f 3101 3113 3110
f 3100 3288 3112
f 3105 3118 3295
f 3108 3299 3302
f 3107 3301 3311
f 3106 3310 3125
f 3119 3283 3296
f 3124 3309 3317
f 3123 3315 3293
f 3128 3152 3133
f 3131 3151 3292
f 3132 3294 3316
f 3136 3318 3321
f 3137 3322 3139
f 3141 3323 3172
f 3154 3171 3327
f 3157 3329 3160
f 3164 3335 3338
f 3165 3339 3180
f 3161 3330 3333
f 3168 3178 3346
f 3169 3347 3326
f 3174 3325 3353
f 3175 3354 3357
f 3177 3360 3344
f 3182 3341 3186
f 3187 3342 3189
f 3195 3364 3368
f 3194 3367 3198
f 3191 3343 3377
f 3192 3378 3362
f 3200 3369 3202
f 3204 3371 3207
f 3208 3372 3384
f 3209 3385 3213
f 3214 3386 3390
f 3215 3391 3227
f 3216 3228 3219
f 3226 3389 3397
f 3224 3396 3402
f 3225 3403 3233
f 3231 3401 3407
f 3232 3408 3412
f 3234 3413 3237
f 3238 3414 3246
f 3245 3410 3420
f 3243 3418 3257
f 3250 3262 3423
f 3253 3417 3427
f 3254 3428 3432
f 3255 3433 3259
f 3260 3434 3438
f 3261 3439 3422
f 3268 3441 3444
f 3267 3443 3272
f 3274 3445 3452
f 3273 3451 3277
f 3279 3453 3458
f 3278 3457 3285
f 3286 3459 3465
f 3284 3464 3297
f 3298 3466 3460
f 3300 3461 3303
f 3305 3470 3473
f 3306 3474 3477
f 3308 3479 3483
f 3307 3482 3312
f 3304 3462 3467
f 3314 3484 3351
f 3313 3350 3319
f 3320 3352 3324
f 3332 3489 3334
f 3328 3349 3494
f 3331 3496 3488
f 3337 3374 3340
f 3336 3491 3373
f 3348 3502 3493
f 3345 3361 3501
f 3356 3485 3506
f 3355 3505 3358
f 3359 3509 3499
f 3365 3381 3370
f 3363 3380 3512
f 3366 3514 3382
f 3379 3520 3511
f 3375 3492 3525
f 3376 3527 3517
f 3383 3516 3388
f 3387 3515 3395
f 3393 3513 3521
f 3392 3519 3532
f 3394 3533 3398
f 3399 3534 3538
f 3400 3540 3405
f 3404 3539 3544
f 3406 3546 3411
f 3409 3545 3419
f 3415 3543 3553
f 3416 3554 3426
f 3424 3549 3560
f 3425 3561 3431
f 3429 3558 3567
f 3430 3568 3437
f 3436 3566 3572
f 3442 3574 3446
f 3449 3575 3577
f 3450 3578 3581
f 3448 3580 3587
f 3447 3586 3456
f 3455 3585 3469
f 3454 3468 3463
f 3472 3588 3594
f 3471 3592 3475
f 3476 3593 3478
f 3481 3596 3603
f 3480 3602 3487
f 3486 3601 3507
f 3490 3498 3524
f 3495 3503 3608
f 3497 3611 3522
f 3504 3617 3609
f 3500 3510 3616
f 3508 3606 3614
f 3518 3528 3531
f 3523 3613 3621
f 3526 3625 3529
f 3530 3626 3537
f 3535 3624 3629
f 3536 3630 3542
f 3541 3628 3552
f 3551 3627 3623
f 3550 3622 3637
f 3547 3636 3642
f 3548 3643 3559
f 3557 3639 3648
f 3555 3646 3652
f 3556 3654 3563
f 3565 3659 3571
f 3562 3653 3664
f 3564 3665 3658
f 3579 3667 3670
f 3579 3670 3584
f 3583 3669 3678
f 3582 3677 3591
f 3590 3676 3683
f 3589 3682 3595
f 3597 3685 3688
f 3599 3689 3694
f 3600 3695 3699
f 3598 3698 3604
f 3605 3701 3702
f 3607 3703 3615
f 3610 3618 3631
f 3612 3635 3620
f 3619 3704 3632
f 3633 3706 3708
f 3634 3710 3641
f 3640 3709 3717
f 3638 3716 3647
f 3644 3714 3691
f 3645 3692 3649
f 3650 3693 3721
f 3651 3722 3660
f 3657 3663 3726
f 3661 3723 3731
f 3662 3732 3725
f 3668 3734 3671
f 3672 3735 3738
f 3673 3739 3729
f 3675 3730 3719
f 3674 3718 3679
f 3681 3720 3687
f 3680 3686 3684
f 3690 3713 3697
f 3696 3711 3700
f 3701 3712 3702
f 3705 3715 3707

