# https://github.com/mikedh/trimesh
v -0.02661497 -0.05944149 0.00708536
v -0.02661497 -0.05944149 0.00708536
v -0.02661497 -0.05944149 0.00708536
v -0.02661497 -0.05944149 0.00708536
v -0.02661497 -0.05944149 0.00708536
v -0.02661497 -0.05944149 0.00708536
v -0.02661497 -0.05944149 0.00708536
v -0.02661497 -0.05944149 0.00708536
v -0.02608862 -0.06197540 0.00708536
v -0.02608862 -0.06197540 0.00708536
v -0.02608862 -0.06197540 0.00708536
v -0.02608862 -0.06197540 0.00708536
v -0.02608862 -0.06197540 0.00708536
v -0.02608862 -0.06197540 0.00708536
v -0.02608862 -0.06197540 0.00708536
v -0.02608862 -0.06197540 0.00708536
v -0.02646384 -0.05944149 0.00961794
v -0.02646384 -0.05944149 0.00961794
v -0.02646384 -0.05944149 0.00961794
v -0.02646384 -0.05944149 0.00961794
v -0.02627623 -0.05691226 0.01720789
v -0.02627623 -0.05691226 0.01720789
v -0.02627623 -0.05691226 0.01720789
v -0.02627623 -0.05691226 0.01720789
v -0.02627623 -0.05691226 0.01720789
v -0.02627623 -0.05691226 0.01720789
v -0.02627623 -0.05691226 0.01720789
v -0.02627623 -0.05691226 0.01720789
v -0.02627623 -0.05691226 0.01720789
v -0.02637004 -0.05691226 0.01467531
v -0.02637004 -0.05691226 0.01467531
v -0.02637004 -0.05691226 0.01467531
v -0.02637004 -0.05691226 0.01467531
v -0.02637004 -0.05691226 0.01467531
v -0.02637004 -0.05691226 0.01467531
v -0.02637004 -0.05691226 0.01467531
v -0.02637004 -0.05691226 0.01467531
v -0.02626581 -0.05691226 0.01214273
v -0.02626581 -0.05691226 0.01214273
v -0.02626581 -0.05691226 0.01214273
v -0.02626581 -0.05691226 0.01214273
v -0.02626581 -0.05691226 0.01214273
v -0.02602609 -0.05739758 0.00708536
v -0.02602609 -0.05739758 0.00708536
v -0.02602609 -0.05739758 0.00708536
v -0.02602609 -0.05739758 0.00708536
v -0.02602609 -0.05739758 0.00708536
v -0.02602609 -0.05739758 0.00708536
v -0.02634919 -0.05944149 0.00456056
v -0.02634919 -0.05944149 0.00456056
v -0.02634919 -0.05944149 0.00456056
v -0.02634919 -0.05944149 0.00456056
v -0.02634919 -0.05944149 0.00456056
v -0.02634919 -0.05944149 0.00456056
v -0.02634919 -0.05944149 0.00456056
v -0.02606778 -0.06197540 0.00456056
v -0.02606778 -0.06197540 0.00456056
v -0.02606778 -0.06197540 0.00456056
v -0.02606778 -0.06197540 0.00456056
v -0.02606778 -0.06197540 0.00456056
v -0.02606778 -0.06197540 0.00456056
v -0.02627102 -0.05944149 0.01214273
v -0.02627102 -0.05944149 0.01214273
v -0.02627102 -0.05944149 0.01214273
v -0.02627102 -0.05944149 0.01214273
v -0.02627102 -0.05944149 0.01214273
v -0.02548932 -0.06379065 0.00456056
v -0.02548932 -0.06379065 0.00456056
v -0.02548932 -0.06379065 0.00456056
v -0.02548932 -0.06379065 0.00456056
v -0.02548932 -0.06379065 0.00456056
v -0.02548932 -0.06379065 0.00456056
v -0.02548932 -0.06379065 0.00456056
v -0.02549974 -0.06381399 0.00708536
v -0.02549974 -0.06381399 0.00708536
v -0.02549974 -0.06381399 0.00708536
v -0.02549974 -0.06381399 0.00708536
v -0.02522354 -0.06301602 0.01268042
v -0.02522354 -0.06301602 0.01268042
v -0.02522354 -0.06301602 0.01268042
v -0.02522354 -0.06301602 0.01268042
v -0.02522354 -0.06301602 0.01268042
v -0.02522354 -0.06301602 0.01268042
v -0.02551016 -0.06142942 0.01467531
v -0.02551016 -0.06142942 0.01467531
v -0.02551016 -0.06142942 0.01467531
v -0.02551016 -0.06142942 0.01467531
v -0.02551016 -0.06142942 0.01467531
v -0.02551016 -0.06142942 0.01467531
v -0.02602609 -0.05944149 0.01467531
v -0.02602609 -0.05944149 0.01467531
v -0.02602609 -0.05944149 0.01467531
v -0.02602609 -0.05944149 0.01467531
v -0.02602609 -0.05944149 0.01467531
v -0.02602609 -0.05944149 0.01467531
v -0.02602609 -0.05944149 0.01467531
v -0.02601566 -0.05691226 0.01973269
v -0.02601566 -0.05691226 0.01973269
v -0.02601566 -0.05691226 0.01973269
v -0.02601566 -0.05691226 0.01973269
v -0.02601566 -0.05691226 0.01973269
v -0.02601566 -0.05691226 0.01973269
v -0.02601566 -0.05691226 0.01973269
v -0.02601566 -0.05691226 0.01973269
v -0.02601566 -0.05691226 0.01973269
v -0.02580200 -0.05438303 0.02479785
v -0.02580200 -0.05438303 0.02479785
v -0.02580200 -0.05438303 0.02479785
v -0.02580200 -0.05438303 0.02479785
v -0.02580200 -0.05438303 0.02479785
v -0.02580200 -0.05438303 0.02479785
v -0.02530691 -0.05057518 0.03134360
v -0.02530691 -0.05057518 0.03134360
v -0.02530691 -0.05057518 0.03134360
v -0.02530691 -0.05057518 0.03134360
v -0.02530691 -0.05057518 0.03134360
v -0.02530691 -0.05057518 0.03134360
v -0.02530691 -0.05057518 0.03134360
v -0.02530691 -0.05057518 0.03134360
v -0.02530691 -0.05057518 0.03134360
v -0.02530691 -0.05057518 0.03134360
v -0.02530691 -0.05057518 0.03134360
v -0.02530691 -0.05057518 0.03134360
v -0.02530691 -0.05057518 0.03134360
v -0.02530691 -0.05057518 0.03134360
v -0.02530691 -0.05057518 0.03134360
v -0.02530691 -0.05057518 0.03134360
v -0.02530691 -0.05057518 0.03134360
v -0.02530691 -0.05057518 0.03134360
v -0.02591144 -0.05438303 0.02226527
v -0.02591144 -0.05438303 0.02226527
v -0.02591144 -0.05438303 0.02226527
v -0.02530691 -0.05057518 0.03095397
v -0.02530691 -0.05057518 0.03095397
v -0.02530691 -0.05057518 0.03095397
v -0.02530691 -0.05057518 0.03095397
v -0.02530691 -0.05057518 0.03095397
v -0.02530691 -0.05057518 0.03095397
v -0.02530691 -0.05057518 0.03095397
v -0.02530691 -0.05057518 0.03095397
v -0.02530691 -0.05057518 0.03095397
v -0.02530691 -0.05057518 0.03095397
v -0.02563524 -0.05258643 0.02479785
v -0.02563524 -0.05258643 0.02479785
v -0.02563524 -0.05258643 0.02479785
v -0.02558312 -0.05275909 0.02226527
v -0.02558312 -0.05275909 0.02226527
v -0.02558312 -0.05275909 0.02226527
v -0.02558312 -0.05275909 0.02226527
v -0.02558312 -0.05275909 0.02226527
v -0.02558312 -0.05275909 0.02226527
v -0.02558312 -0.05275909 0.02226527
v -0.02558312 -0.05275909 0.02226527
v -0.02585932 -0.05502234 0.01467531
v -0.02585932 -0.05502234 0.01467531
v -0.02585932 -0.05502234 0.01467531
v -0.02585932 -0.05502234 0.01467531
v -0.02585932 -0.05502234 0.01467531
v -0.02585932 -0.05502234 0.01467531
v -0.02275855 -0.05061718 0.00339168
v -0.02275855 -0.05061718 0.00339168
v -0.02275855 -0.05061718 0.00339168
v -0.02275855 -0.05061718 0.00339168
v -0.02275855 -0.05061718 0.00339168
v -0.02275855 -0.05061718 0.00339168
v -0.02275855 -0.05061718 0.00339168
v -0.02275855 -0.05061718 0.00339168
v -0.02275855 -0.05061718 0.00339168
v -0.02275855 -0.05061718 0.00339168
v -0.02577073 -0.05772889 0.00456056
v -0.02577073 -0.05772889 0.00456056
v -0.02577073 -0.05772889 0.00456056
v -0.02577073 -0.05772889 0.00456056
v -0.02542678 -0.05803688 0.00319687
v -0.02542678 -0.05803688 0.00319687
v -0.02542678 -0.05803688 0.00319687
v -0.02542678 -0.05803688 0.00319687
v -0.02542678 -0.05803688 0.00319687
v -0.02564566 -0.05944149 0.00300984
v -0.02564566 -0.05944149 0.00300984
v -0.02564566 -0.05944149 0.00300984
v -0.02564566 -0.05944149 0.00300984
v -0.02564566 -0.05944149 0.00300984
v -0.02560396 -0.06197540 0.00302543
v -0.02560396 -0.06197540 0.00302543
v -0.02560396 -0.06197540 0.00302543
v -0.02560396 -0.06197540 0.00302543
v -0.02560396 -0.06197540 0.00302543
v -0.02560396 -0.06197540 0.00302543
v -0.02560396 -0.06197540 0.00302543
v -0.02537467 -0.06346400 0.00321245
v -0.02537467 -0.06346400 0.00321245
v -0.02537467 -0.06346400 0.00321245
v -0.02537467 -0.06346400 0.00321245
v -0.02537467 -0.06346400 0.00321245
v -0.02304518 -0.06873246 0.00456056
v -0.02304518 -0.06873246 0.00456056
v -0.02304518 -0.06873246 0.00456056
v -0.02304518 -0.06873246 0.00456056
v -0.02304518 -0.06873246 0.00456056
v -0.02304518 -0.06873246 0.00456056
v -0.02304518 -0.06873246 0.00456056
v -0.02420211 -0.06703387 0.00708536
v -0.02420211 -0.06703387 0.00708536
v -0.02420211 -0.06703387 0.00708536
v -0.02420211 -0.06703387 0.00708536
v -0.02420211 -0.06703387 0.00708536
v -0.02420211 -0.06703387 0.00708536
v -0.02504113 -0.06507860 0.00708536
v -0.02504113 -0.06507860 0.00708536
v -0.02504113 -0.06507860 0.00708536
v -0.02504113 -0.06507860 0.00708536
v -0.02504113 -0.06507860 0.00708536
v -0.02440535 -0.06450463 0.01467531
v -0.02440535 -0.06450463 0.01467531
v -0.02440535 -0.06450463 0.01467531
v -0.02440535 -0.06450463 0.01467531
v -0.02440535 -0.06450463 0.01467531
v -0.02440535 -0.06450463 0.01467531
v -0.02440535 -0.06450463 0.01467531
v -0.02511931 -0.06269403 0.01467531
v -0.02511931 -0.06269403 0.01467531
v -0.02511931 -0.06269403 0.01467531
v -0.02511931 -0.06269403 0.01467531
v -0.02511931 -0.06269403 0.01467531
v -0.02511931 -0.06269403 0.01467531
v -0.02537467 -0.06098144 0.01720789
v -0.02537467 -0.06098144 0.01720789
v -0.02537467 -0.06098144 0.01720789
v -0.02537467 -0.06098144 0.01720789
v -0.02530170 -0.06073411 0.01852484
v -0.02530170 -0.06073411 0.01852484
v -0.02530170 -0.06073411 0.01852484
v -0.02530170 -0.06073411 0.01852484
v -0.02530170 -0.06073411 0.01852484
v -0.02530170 -0.06073411 0.01852484
v -0.02530170 -0.06073411 0.01852484
v -0.02530170 -0.06073411 0.01852484
v -0.02530170 -0.06073411 0.01852484
v -0.02530170 -0.06073411 0.01852484
v -0.02576031 -0.05944149 0.01720789
v -0.02576031 -0.05944149 0.01720789
v -0.02576031 -0.05944149 0.01720789
v -0.02576031 -0.05944149 0.01720789
v -0.02549453 -0.05944149 0.01951449
v -0.02549453 -0.05944149 0.01951449
v -0.02549453 -0.05944149 0.01951449
v -0.02549453 -0.05944149 0.01951449
v -0.02540072 -0.05859686 0.02177434
v -0.02540072 -0.05859686 0.02177434
v -0.02540072 -0.05859686 0.02177434
v -0.02540072 -0.05859686 0.02177434
v -0.02540072 -0.05859686 0.02177434
v -0.02562481 -0.05714092 0.02247567
v -0.02562481 -0.05714092 0.02247567
v -0.02562481 -0.05714092 0.02247567
v -0.02562481 -0.05714092 0.02247567
v -0.02546326 -0.05643162 0.02479785
v -0.02546326 -0.05643162 0.02479785
v -0.02546326 -0.05643162 0.02479785
v -0.02546326 -0.05643162 0.02479785
v -0.02546326 -0.05643162 0.02479785
v -0.02549974 -0.05442036 0.02729926
v -0.02549974 -0.05442036 0.02729926
v -0.02549974 -0.05442036 0.02729926
v -0.02549974 -0.05442036 0.02729926
v -0.02549974 -0.05442036 0.02729926
v -0.02538509 -0.05359906 0.02919286
v -0.02538509 -0.05359906 0.02919286
v -0.02538509 -0.05359906 0.02919286
v -0.02538509 -0.05359906 0.02919286
v -0.02538509 -0.05359906 0.02919286
v -0.02538509 -0.05359906 0.02919286
v -0.02538509 -0.05359906 0.02919286
v -0.02538509 -0.05359906 0.02919286
v -0.02538509 -0.05359906 0.02919286
v -0.02530691 -0.05084117 0.03134360
v -0.02530691 -0.05084117 0.03134360
v -0.02530691 -0.05084117 0.03134360
v -0.02530691 -0.05084117 0.03134360
v -0.02530691 -0.05084117 0.03134360
v -0.02530691 -0.05084117 0.03134360
v -0.02371224 -0.04932923 0.04249476
v -0.02371224 -0.04932923 0.04249476
v -0.02371224 -0.04932923 0.04249476
v -0.02371224 -0.04932923 0.04249476
v -0.02371224 -0.04932923 0.04249476
v -0.02371224 -0.04932923 0.04249476
v -0.02371224 -0.04932923 0.04249476
v -0.02371224 -0.04932923 0.04249476
v -0.02371224 -0.04932923 0.04249476
v -0.02307645 -0.04728998 0.04501955
v -0.02307645 -0.04728998 0.04501955
v -0.02307645 -0.04728998 0.04501955
v -0.02307645 -0.04728998 0.04501955
v -0.02307645 -0.04728998 0.04501955
v -0.02307645 -0.04728998 0.04501955
v -0.02329532 -0.04732731 0.04249476
v -0.02329532 -0.04732731 0.04249476
v -0.02329532 -0.04732731 0.04249476
v -0.02329532 -0.04732731 0.04249476
v -0.01502487 -0.02869871 0.05018602
v -0.01502487 -0.02869871 0.05018602
v -0.01502487 -0.02869871 0.05018602
v -0.01502487 -0.02869871 0.05018602
v -0.01504050 -0.02869871 0.04971847
v -0.01504050 -0.02869871 0.04971847
v -0.01504050 -0.02869871 0.04971847
v -0.01510304 -0.02869871 0.04755214
v -0.01510304 -0.02869871 0.04755214
v -0.01510304 -0.02869871 0.04755214
v -0.01513952 -0.02869871 0.04561958
v -0.01513952 -0.02869871 0.04561958
v -0.01513952 -0.02869871 0.04561958
v -0.01514994 -0.02869871 0.04501955
v -0.01514994 -0.02869871 0.04501955
v -0.01514994 -0.02869871 0.04501955
v -0.01517078 -0.02869871 0.04331298
v -0.01517078 -0.02869871 0.04331298
v -0.01517078 -0.02869871 0.04331298
v -0.01517599 -0.02869871 0.04249476
v -0.01517599 -0.02869871 0.04249476
v -0.01517599 -0.02869871 0.04249476
v -0.01518121 -0.02869871 0.04085053
v -0.01518121 -0.02869871 0.04085053
v -0.01518121 -0.02869871 0.04085053
v -0.01518121 -0.02869871 0.03996218
v -0.01518121 -0.02869871 0.03996218
v -0.01518121 -0.02869871 0.03996218
v -0.01518121 -0.02869871 0.03996218
v -0.01513952 -0.02869871 0.03744518
v -0.01513952 -0.02869871 0.03744518
v -0.01513952 -0.02869871 0.03744518
v -0.01499881 -0.02869871 0.03482688
v -0.01499881 -0.02869871 0.03482688
v -0.01499881 -0.02869871 0.03482688
v -0.01499881 -0.02869871 0.03482688
v -0.01499881 -0.02869871 0.03482688
v -0.01499881 -0.02869871 0.03482688
v -0.01499881 -0.02869871 0.03482688
v -0.01499881 -0.02869871 0.03482688
v -0.01499881 -0.02869871 0.03482688
v -0.01499881 -0.02869871 0.03482688
v -0.01499881 -0.02869871 0.03482688
v -0.01499881 -0.02869871 0.03482688
v -0.01499881 -0.02869871 0.03482688
v -0.02065316 -0.04224084 0.02226527
v -0.02065316 -0.04224084 0.02226527
v -0.02065316 -0.04224084 0.02226527
v -0.02145050 -0.04427076 0.01973269
v -0.02145050 -0.04427076 0.01973269
v -0.02145050 -0.04427076 0.01973269
v -0.02145050 -0.04427076 0.01973269
v -0.02124204 -0.04427076 0.01720789
v -0.02124204 -0.04427076 0.01720789
v -0.02124204 -0.04427076 0.01720789
v -0.02124204 -0.04427076 0.01720789
v -0.02124204 -0.04427076 0.01720789
v -0.02124204 -0.04427076 0.01720789
v -0.02124204 -0.04427076 0.01720789
v -0.02124204 -0.04427076 0.01720789
v -0.02194558 -0.04680000 0.01214273
v -0.02194558 -0.04680000 0.01214273
v -0.02194558 -0.04680000 0.01214273
v -0.02170585 -0.04680000 0.00961794
v -0.02170585 -0.04680000 0.00961794
v -0.02170585 -0.04680000 0.00961794
v -0.02170585 -0.04680000 0.00961794
v -0.02170585 -0.04680000 0.00961794
v -0.02170585 -0.04680000 0.00961794
v -0.02170585 -0.04680000 0.00961794
v -0.02237291 -0.04949723 0.00436575
v -0.02237291 -0.04949723 0.00436575
v -0.02237291 -0.04949723 0.00436575
v -0.02237291 -0.04949723 0.00436575
v -0.02237291 -0.04949723 0.00436575
v -0.02112739 -0.04680000 0.00456056
v -0.02112739 -0.04680000 0.00456056
v -0.02112739 -0.04680000 0.00456056
v -0.02112739 -0.04680000 0.00456056
v -0.02112739 -0.04680000 0.00456056
v -0.02112739 -0.04680000 0.00456056
v -0.02112739 -0.04680000 0.00456056
v -0.02024145 -0.04552604 0.00326700
v -0.02024145 -0.04552604 0.00326700
v -0.02024145 -0.04552604 0.00326700
v -0.02024145 -0.04552604 0.00326700
v -0.02024145 -0.04552604 0.00326700
v -0.02024145 -0.04552604 0.00326700
v -0.02024145 -0.04552604 0.00326700
v -0.02055414 -0.04697265 0.00226176
v -0.02055414 -0.04697265 0.00226176
v -0.02055414 -0.04697265 0.00226176
v -0.01992356 -0.04624469 0.00157601
v -0.01992356 -0.04624469 0.00157601
v -0.01992356 -0.04624469 0.00157601
v -0.01992356 -0.04624469 0.00157601
v -0.01992356 -0.04624469 0.00157601
v -0.02028315 -0.04792928 0.00072662
v -0.02028315 -0.04792928 0.00072662
v -0.02028315 -0.04792928 0.00072662
v -0.02028315 -0.04792928 0.00072662
v -0.02028315 -0.04792928 0.00072662
v -0.02028315 -0.04792928 0.00072662
v -0.02028315 -0.04792928 0.00072662
v -0.02028315 -0.04792928 0.00072662
v -0.02028315 -0.04792928 0.00072662
v -0.02028315 -0.04883925 0.00072662
v -0.02028315 -0.04883925 0.00072662
v -0.02028315 -0.04883925 0.00072662
v -0.02028315 -0.04883925 0.00072662
v -0.02028315 -0.04883925 0.00072662
v -0.02028315 -0.04883925 0.00072662
v -0.02028315 -0.04883925 0.00072662
v -0.02028315 -0.04883925 0.00072662
v -0.02403013 -0.06197540 0.00261242
v -0.02403013 -0.06197540 0.00261242
v -0.02403013 -0.06197540 0.00261242
v -0.02403013 -0.06197540 0.00261242
v -0.02278982 -0.06833581 0.00327479
v -0.02278982 -0.06833581 0.00327479
v -0.02278982 -0.06833581 0.00327479
v -0.02278982 -0.06833581 0.00327479
v -0.02278982 -0.06833581 0.00327479
v -0.02278982 -0.06833581 0.00327479
v -0.02278982 -0.06833581 0.00327479
v -0.02278982 -0.06833581 0.00327479
v -0.02278982 -0.06833581 0.00327479
v -0.02278982 -0.06833581 0.00327479
v -0.02278982 -0.06833581 0.00327479
v -0.02082513 -0.07131769 0.00513721
v -0.02082513 -0.07131769 0.00513721
v -0.02082513 -0.07131769 0.00513721
v -0.02082513 -0.07131769 0.00513721
v -0.02082513 -0.07131769 0.00513721
v -0.02082513 -0.07131769 0.00513721
v -0.02224262 -0.07021640 0.00708536
v -0.02224262 -0.07021640 0.00708536
v -0.02224262 -0.07021640 0.00708536
v -0.02224262 -0.07021640 0.00708536
v -0.02224262 -0.07021640 0.00708536
v -0.02224262 -0.07021640 0.00708536
v -0.02224262 -0.07021640 0.00708536
v -0.02224262 -0.07021640 0.00708536
v -0.02224262 -0.07021640 0.00708536
v -0.02224262 -0.07021640 0.00708536
v -0.02224262 -0.07021640 0.00708536
v -0.02224262 -0.07021640 0.00708536
v -0.02319110 -0.06895179 0.00708536
v -0.02319110 -0.06895179 0.00708536
v -0.02319110 -0.06895179 0.00708536
v -0.02319110 -0.06895179 0.00708536
v -0.02319110 -0.06895179 0.00708536
v -0.02331096 -0.06671187 0.01467531
v -0.02331096 -0.06671187 0.01467531
v -0.02331096 -0.06671187 0.01467531
v -0.02331096 -0.06671187 0.01467531
v -0.02331096 -0.06671187 0.01467531
v -0.02331096 -0.06671187 0.01467531
v -0.02331096 -0.06671187 0.01467531
v -0.02331096 -0.06671187 0.01467531
v -0.02404576 -0.06450463 0.01720789
v -0.02404576 -0.06450463 0.01720789
v -0.02404576 -0.06450463 0.01720789
v -0.02404576 -0.06450463 0.01720789
v -0.02404576 -0.06450463 0.01720789
v -0.02404576 -0.06450463 0.01720789
v -0.02404576 -0.06450463 0.01720789
v -0.02404576 -0.06450463 0.01720789
v -0.02404576 -0.06450463 0.01720789
v -0.02496297 -0.06224605 0.01720789
v -0.02496297 -0.06224605 0.01720789
v -0.02496297 -0.06224605 0.01720789
v -0.02496297 -0.06224605 0.01720789
v -0.02496297 -0.06224605 0.01720789
v -0.02479620 -0.06173740 0.01951449
v -0.02479620 -0.06173740 0.01951449
v -0.02479620 -0.06173740 0.01951449
v -0.02479620 -0.06173740 0.01951449
v -0.02479620 -0.06173740 0.01951449
v -0.02479620 -0.06173740 0.01951449
v -0.02517663 -0.06028147 0.02021582
v -0.02517663 -0.06028147 0.02021582
v -0.02517663 -0.06028147 0.02021582
v -0.02517663 -0.06028147 0.02021582
v -0.02517663 -0.06028147 0.02021582
v -0.02528607 -0.05813488 0.02346532
v -0.02528607 -0.05813488 0.02346532
v -0.02528607 -0.05813488 0.02346532
v -0.02528607 -0.05813488 0.02346532
v -0.02528607 -0.05813488 0.02346532
v -0.02528607 -0.05813488 0.02346532
v -0.02528607 -0.05813488 0.02346532
v -0.02528607 -0.05813488 0.02346532
v -0.02528607 -0.05813488 0.02346532
v -0.02528607 -0.05813488 0.02346532
v -0.02534861 -0.05589497 0.02643429
v -0.02534861 -0.05589497 0.02643429
v -0.02534861 -0.05589497 0.02643429
v -0.02534861 -0.05589497 0.02643429
v -0.02534861 -0.05589497 0.02643429
v -0.02534861 -0.05589497 0.02643429
v -0.02534861 -0.05589497 0.02643429
v -0.02522354 -0.05528366 0.02812527
v -0.02522354 -0.05528366 0.02812527
v -0.02522354 -0.05528366 0.02812527
v -0.02522354 -0.05528366 0.02812527
v -0.02522354 -0.05528366 0.02812527
v -0.02522354 -0.05528366 0.02812527
v -0.02510888 -0.05442036 0.02996432
v -0.02510888 -0.05442036 0.02996432
v -0.02510888 -0.05442036 0.02996432
v -0.02473367 -0.05438303 0.03238002
v -0.02473367 -0.05438303 0.03238002
v -0.02473367 -0.05438303 0.03238002
v -0.02473367 -0.05438303 0.03238002
v -0.02473367 -0.05438303 0.03238002
v -0.02473367 -0.05438303 0.03238002
v -0.02473367 -0.05438303 0.03238002
v -0.02476493 -0.05185846 0.03491260
v -0.02476493 -0.05185846 0.03491260
v -0.02476493 -0.05185846 0.03491260
v -0.02476493 -0.05185846 0.03491260
v -0.02476493 -0.05185846 0.03491260
v -0.02476493 -0.05185846 0.03491260
v -0.02514015 -0.05175580 0.03226313
v -0.02514015 -0.05175580 0.03226313
v -0.02514015 -0.05175580 0.03226313
v -0.02312856 -0.04957188 0.04526891
v -0.02312856 -0.04957188 0.04526891
v -0.02312856 -0.04957188 0.04526891
v -0.02312856 -0.04957188 0.04526891
v -0.02312856 -0.04957188 0.04526891
v -0.02287320 -0.04889058 0.04674950
v -0.02287320 -0.04889058 0.04674950
v -0.02287320 -0.04889058 0.04674950
v -0.02287320 -0.04889058 0.04674950
v -0.02287320 -0.04889058 0.04674950
v -0.02287320 -0.04889058 0.04674950
v -0.02287320 -0.04889058 0.04674950
v -0.02287320 -0.04889058 0.04674950
v -0.02287320 -0.04752796 0.04674950
v -0.02287320 -0.04752796 0.04674950
v -0.02287320 -0.04752796 0.04674950
v -0.02287320 -0.04752796 0.04674950
v -0.02287320 -0.04752796 0.04674950
v -0.02434802 -0.05185846 0.03744518
v -0.02434802 -0.05185846 0.03744518
v -0.02434802 -0.05185846 0.03744518
v -0.02434802 -0.05185846 0.03744518
v -0.02434802 -0.05185846 0.03744518
v -0.02434802 -0.05185846 0.03744518
v -0.02387900 -0.05185846 0.03996218
v -0.02387900 -0.05185846 0.03996218
v -0.02387900 -0.05185846 0.03996218
v -0.02387900 -0.05185846 0.03996218
v -0.02387900 -0.05185846 0.03996218
v -0.02387900 -0.05185846 0.03996218
v -0.02387900 -0.05185846 0.03996218
v -0.02259700 -0.04673000 0.04757551
v -0.02259700 -0.04673000 0.04757551
v -0.02259700 -0.04673000 0.04757551
v -0.02259700 -0.04673000 0.04757551
v -0.02259700 -0.04673000 0.04757551
v -0.02259700 -0.04673000 0.04757551
v -0.02259700 -0.04673000 0.04757551
v -0.01483204 -0.02869871 0.05260951
v -0.01483204 -0.02869871 0.05260951
v -0.01483204 -0.02869871 0.05260951
v -0.01483204 -0.02869871 0.05260951
v -0.01483204 -0.02869871 0.05260951
v -0.01464444 -0.02869871 0.03238002
v -0.01464444 -0.02869871 0.03238002
v -0.01464444 -0.02869871 0.03238002
v -0.01464444 -0.02869871 0.03238002
v -0.01464444 -0.02869871 0.03238002
v -0.02034047 -0.04536272 0.00456056
v -0.02034047 -0.04536272 0.00456056
v -0.02034047 -0.04536272 0.00456056
v -0.02034047 -0.04536272 0.00456056
v -0.02034047 -0.04536272 0.00456056
v -0.02052287 -0.04505940 0.00708536
v -0.02052287 -0.04505940 0.00708536
v -0.02052287 -0.04505940 0.00708536
v -0.02052287 -0.04505940 0.00708536
v -0.02067921 -0.04476074 0.00961794
v -0.02067921 -0.04476074 0.00961794
v -0.02067921 -0.04476074 0.00961794
v -0.02067921 -0.04476074 0.00961794
v -0.02067921 -0.04476074 0.00961794
v -0.02067921 -0.04476074 0.00961794
v -0.02021540 -0.04303415 0.01355318
v -0.02021540 -0.04303415 0.01355318
v -0.02021540 -0.04303415 0.01355318
v -0.02081992 -0.04446676 0.01214273
v -0.02081992 -0.04446676 0.01214273
v -0.02081992 -0.04446676 0.01214273
v -0.02081992 -0.04446676 0.01214273
v -0.02081992 -0.04446676 0.01214273
v -0.02081992 -0.04446676 0.01214273
v -0.02081992 -0.04446676 0.01214273
v -0.02081992 -0.04446676 0.01214273
v -0.02031963 -0.04287081 0.01524417
v -0.02031963 -0.04287081 0.01524417
v -0.02031963 -0.04287081 0.01524417
v -0.02085119 -0.04403744 0.01451167
v -0.02085119 -0.04403744 0.01451167
v -0.02085119 -0.04403744 0.01451167
v -0.02085119 -0.04403744 0.01451167
v -0.02143486 -0.04680000 0.00708536
v -0.02143486 -0.04680000 0.00708536
v -0.02143486 -0.04680000 0.00708536
v -0.02143486 -0.04680000 0.00708536
v -0.02143486 -0.04680000 0.00708536
v -0.01772436 -0.04298748 0.00074221
v -0.01772436 -0.04298748 0.00074221
v -0.01772436 -0.04298748 0.00074221
v -0.01772436 -0.04298748 0.00074221
v -0.01772436 -0.04298748 0.00074221
v -0.01772436 -0.04298748 0.00074221
v -0.01772436 -0.04298748 0.00074221
v -0.01772436 -0.04298748 0.00074221
v -0.01772436 -0.04298748 0.00074221
v -0.01772436 -0.04298748 0.00074221
v -0.01812042 -0.04427076 0.00053960
v -0.01812042 -0.04427076 0.00053960
v -0.01812042 -0.04427076 0.00053960
v -0.01812042 -0.04427076 0.00053960
v -0.01644236 -0.04427076 0.00000971
v -0.01644236 -0.04427076 0.00000971
v -0.01644236 -0.04427076 0.00000971
v -0.01644236 -0.04427076 0.00000971
v -0.01644236 -0.04427076 0.00000971
v -0.01644236 -0.04427076 0.00000971
v -0.01644236 -0.04427076 0.00000971
v -0.01644236 -0.04427076 0.00000971
v -0.01644236 -0.04427076 0.00000971
v -0.01903763 -0.04697265 0.00048505
v -0.01903763 -0.04697265 0.00048505
v -0.01903763 -0.04697265 0.00048505
v -0.01644236 -0.04680000 0.00012660
v -0.01644236 -0.04680000 0.00012660
v -0.01644236 -0.04680000 0.00012660
v -0.01644236 -0.04680000 0.00012660
v -0.01644236 -0.04680000 0.00012660
v -0.01644236 -0.04680000 0.00012660
v -0.01988708 -0.05052385 0.00076559
v -0.01988708 -0.05052385 0.00076559
v -0.01988708 -0.05052385 0.00076559
v -0.01988708 -0.05052385 0.00076559
v -0.02149740 -0.06850847 0.00325141
v -0.02149740 -0.06850847 0.00325141
v -0.02149740 -0.06850847 0.00325141
v -0.02149740 -0.06850847 0.00325141
v -0.02149740 -0.06850847 0.00325141
v -0.02149740 -0.06850847 0.00325141
v -0.02149740 -0.06850847 0.00325141
v -0.02149740 -0.06850847 0.00325141
v -0.01390963 -0.07209233 0.00385144
v -0.01390963 -0.07209233 0.00385144
v -0.01390963 -0.07209233 0.00385144
v -0.01390963 -0.07209233 0.00385144
v -0.01390963 -0.07209233 0.00385144
v -0.01390963 -0.07209233 0.00385144
v -0.01390963 -0.07209233 0.00385144
v -0.01390963 -0.07209233 0.00385144
v -0.01644236 -0.07209233 0.00420990
v -0.01644236 -0.07209233 0.00420990
v -0.01644236 -0.07209233 0.00420990
v -0.01644236 -0.07209233 0.00420990
v -0.01644236 -0.07209233 0.00420990
v -0.01879269 -0.07213433 0.00488006
v -0.01879269 -0.07213433 0.00488006
v -0.01879269 -0.07213433 0.00488006
v -0.01879269 -0.07213433 0.00488006
v -0.01879269 -0.07213433 0.00488006
v -0.01782859 -0.07340828 0.00570607
v -0.01782859 -0.07340828 0.00570607
v -0.01782859 -0.07340828 0.00570607
v -0.01782859 -0.07340828 0.00570607
v -0.01782859 -0.07340828 0.00570607
v -0.01782859 -0.07340828 0.00570607
v -0.02097626 -0.07143902 0.00708536
v -0.02097626 -0.07143902 0.00708536
v -0.02097626 -0.07143902 0.00708536
v -0.02097626 -0.07143902 0.00708536
v -0.02097626 -0.07143902 0.00708536
v -0.02097626 -0.07143902 0.00708536
v -0.02284194 -0.06840580 0.01135568
v -0.02284194 -0.06840580 0.01135568
v -0.02284194 -0.06840580 0.01135568
v -0.02284194 -0.06840580 0.01135568
v -0.02298785 -0.06862513 0.00961794
v -0.02298785 -0.06862513 0.00961794
v -0.02298785 -0.06862513 0.00961794
v -0.02298785 -0.06862513 0.00961794
v -0.02066879 -0.07118236 0.00961794
v -0.02066879 -0.07118236 0.00961794
v -0.02066879 -0.07118236 0.00961794
v -0.02066879 -0.07118236 0.00961794
v -0.02041864 -0.07097704 0.01162063
v -0.02041864 -0.07097704 0.01162063
v -0.02041864 -0.07097704 0.01162063
v -0.02041864 -0.07097704 0.01162063
v -0.02019976 -0.07080438 0.01330382
v -0.02019976 -0.07080438 0.01330382
v -0.02019976 -0.07080438 0.01330382
v -0.02019976 -0.07080438 0.01330382
v -0.02019976 -0.07080438 0.01330382
v -0.02019976 -0.07080438 0.01330382
v -0.02019976 -0.07080438 0.01330382
v -0.02019976 -0.07080438 0.01330382
v -0.02100753 -0.06909644 0.01720789
v -0.02100753 -0.06909644 0.01720789
v -0.02100753 -0.06909644 0.01720789
v -0.02100753 -0.06909644 0.01720789
v -0.02100753 -0.06909644 0.01720789
v -0.02100753 -0.06909644 0.01720789
v -0.02100753 -0.06909644 0.01720789
v -0.02253967 -0.06797649 0.01467531
v -0.02253967 -0.06797649 0.01467531
v -0.02253967 -0.06797649 0.01467531
v -0.02253967 -0.06797649 0.01467531
v -0.02253967 -0.06797649 0.01467531
v -0.02269602 -0.06819581 0.01303887
v -0.02269602 -0.06819581 0.01303887
v -0.02269602 -0.06819581 0.01303887
v -0.02269602 -0.06819581 0.01303887
v -0.02269602 -0.06819581 0.01303887
v -0.02310771 -0.06633856 0.01720789
v -0.02310771 -0.06633856 0.01720789
v -0.02310771 -0.06633856 0.01720789
v -0.02310771 -0.06633856 0.01720789
v -0.02310771 -0.06633856 0.01720789
v -0.02310771 -0.06633856 0.01720789
v -0.02291490 -0.06601190 0.01917162
v -0.02291490 -0.06601190 0.01917162
v -0.02291490 -0.06601190 0.01917162
v -0.02291490 -0.06601190 0.01917162
v -0.02291490 -0.06601190 0.01917162
v -0.02343603 -0.06472395 0.01990412
v -0.02343603 -0.06472395 0.01990412
v -0.02343603 -0.06472395 0.01990412
v -0.02343603 -0.06472395 0.01990412
v -0.02324842 -0.06415464 0.02226527
v -0.02324842 -0.06415464 0.02226527
v -0.02324842 -0.06415464 0.02226527
v -0.02324842 -0.06415464 0.02226527
v -0.02324842 -0.06415464 0.02226527
v -0.02324842 -0.06415464 0.02226527
v -0.02423337 -0.06197540 0.02226527
v -0.02423337 -0.06197540 0.02226527
v -0.02423337 -0.06197540 0.02226527
v -0.02423337 -0.06197540 0.02226527
v -0.02423337 -0.06197540 0.02226527
v -0.02423337 -0.06197540 0.02226527
v -0.02423337 -0.06197540 0.02226527
v -0.02468155 -0.05944149 0.02479785
v -0.02468155 -0.05944149 0.02479785
v -0.02468155 -0.05944149 0.02479785
v -0.02468155 -0.05944149 0.02479785
v -0.02468155 -0.05944149 0.02479785
v -0.02468155 -0.05944149 0.02479785
v -0.02468155 -0.05944149 0.02479785
v -0.02468155 -0.05944149 0.02479785
v -0.02506719 -0.05944149 0.02247567
v -0.02506719 -0.05944149 0.02247567
v -0.02506719 -0.05944149 0.02247567
v -0.02455648 -0.05691226 0.02985523
v -0.02455648 -0.05691226 0.02985523
v -0.02455648 -0.05691226 0.02985523
v -0.02455648 -0.05691226 0.02985523
v -0.02455648 -0.05691226 0.02985523
v -0.02455648 -0.05691226 0.02985523
v -0.02455648 -0.05691226 0.02985523
v -0.02455648 -0.05691226 0.02985523
v -0.02518184 -0.05769623 0.02479785
v -0.02518184 -0.05769623 0.02479785
v -0.02518184 -0.05769623 0.02479785
v -0.02518184 -0.05769623 0.02479785
v -0.02499944 -0.05680960 0.02729926
v -0.02499944 -0.05680960 0.02729926
v -0.02499944 -0.05680960 0.02729926
v -0.02499944 -0.05680960 0.02729926
v -0.02431154 -0.05438303 0.03491260
v -0.02431154 -0.05438303 0.03491260
v -0.02431154 -0.05438303 0.03491260
v -0.02431154 -0.05438303 0.03491260
v -0.02431154 -0.05438303 0.03491260
v -0.02276376 -0.05057518 0.04627416
v -0.02276376 -0.05057518 0.04627416
v -0.02276376 -0.05057518 0.04627416
v -0.02276376 -0.05057518 0.04627416
v -0.02276376 -0.05057518 0.04627416
v -0.02276376 -0.05057518 0.04627416
v -0.02276376 -0.05057518 0.04627416
v -0.02276376 -0.05057518 0.04627416
v -0.02336828 -0.05185846 0.04249476
v -0.02336828 -0.05185846 0.04249476
v -0.02336828 -0.05185846 0.04249476
v -0.02336828 -0.05185846 0.04249476
v -0.02336828 -0.05185846 0.04249476
v -0.02258137 -0.04957188 0.04757551
v -0.02258137 -0.04957188 0.04757551
v -0.02258137 -0.04957188 0.04757551
v -0.02197163 -0.04932923 0.05008472
v -0.02197163 -0.04932923 0.05008472
v -0.02197163 -0.04932923 0.05008472
v -0.02197163 -0.04932923 0.05008472
v -0.02197163 -0.04932923 0.05008472
v -0.02197163 -0.04932923 0.05008472
v -0.02197163 -0.04932923 0.05008472
v -0.02152867 -0.04680000 0.05260951
v -0.02152867 -0.04680000 0.05260951
v -0.02152867 -0.04680000 0.05260951
v -0.02152867 -0.04680000 0.05260951
v -0.02152867 -0.04680000 0.05260951
v -0.02152867 -0.04680000 0.05260951
v -0.02216446 -0.04680000 0.05008472
v -0.02216446 -0.04680000 0.05008472
v -0.02216446 -0.04680000 0.05008472
v -0.02216446 -0.04680000 0.05008472
v -0.02216446 -0.04680000 0.05008472
v -0.02216446 -0.04680000 0.05008472
v -0.02385294 -0.05438303 0.03744518
v -0.02385294 -0.05438303 0.03744518
v -0.02385294 -0.05438303 0.03744518
v -0.02385294 -0.05438303 0.03744518
v -0.02385294 -0.05438303 0.03744518
v -0.02385294 -0.05438303 0.03744518
v -0.02385294 -0.05438303 0.03744518
v -0.02335265 -0.05438303 0.03996218
v -0.02335265 -0.05438303 0.03996218
v -0.02335265 -0.05438303 0.03996218
v -0.02335265 -0.05438303 0.03996218
v -0.02335265 -0.05438303 0.03996218
v -0.02280024 -0.05325374 0.04391301
v -0.02280024 -0.05325374 0.04391301
v -0.02280024 -0.05325374 0.04391301
v -0.02280024 -0.05325374 0.04391301
v -0.02280024 -0.05325374 0.04391301
v -0.02280024 -0.05325374 0.04391301
v -0.02280024 -0.05325374 0.04391301
v -0.02280024 -0.05325374 0.04391301
v -0.02280024 -0.05325374 0.04391301
v -0.02280024 -0.05325374 0.04391301
v -0.02280024 -0.05325374 0.04391301
v -0.02055935 -0.04484474 0.05514209
v -0.02055935 -0.04484474 0.05514209
v -0.02055935 -0.04484474 0.05514209
v -0.02055935 -0.04484474 0.05514209
v -0.02055935 -0.04484474 0.05514209
v -0.02055935 -0.04484474 0.05514209
v -0.02092936 -0.04459275 0.05260951
v -0.02092936 -0.04459275 0.05260951
v -0.02092936 -0.04459275 0.05260951
v -0.01442034 -0.02869871 0.05514209
v -0.01442034 -0.02869871 0.05514209
v -0.01442034 -0.02869871 0.05514209
v -0.01442034 -0.02869871 0.05514209
v -0.01442034 -0.02869871 0.05514209
v -0.01442034 -0.02869871 0.05514209
v -0.01442034 -0.02869871 0.05514209
v -0.01394611 -0.02869871 0.02982405
v -0.01394611 -0.02869871 0.02982405
v -0.01394611 -0.02869871 0.02982405
v -0.01510825 -0.04054691 0.00093702
v -0.01510825 -0.04054691 0.00093702
v -0.01510825 -0.04054691 0.00093702
v -0.01510825 -0.04054691 0.00093702
v -0.01510825 -0.04054691 0.00093702
v -0.01510825 -0.04054691 0.00093702
v -0.01341976 -0.03994960 0.00027465
v -0.01341976 -0.03994960 0.00027465
v -0.01341976 -0.03994960 0.00027465
v -0.01341976 -0.03994960 0.00027465
v -0.01341976 -0.03994960 0.00027465
v -0.01341976 -0.03994960 0.00027465
v -0.01341976 -0.03994960 0.00027465
v -0.01341976 -0.03994960 0.00027465
v -0.01644236 -0.04241350 0.00043051
v -0.01644236 -0.04241350 0.00043051
v -0.01644236 -0.04241350 0.00043051
v -0.01644236 -0.04241350 0.00043051
v -0.01644236 -0.04241350 0.00043051
v -0.01303412 -0.02869871 0.02757980
v -0.01303412 -0.02869871 0.02757980
v -0.01303412 -0.02869871 0.02757980
v -0.01303412 -0.02869871 0.02757980
v -0.01412330 -0.04153154 -0.00003705
v -0.01412330 -0.04153154 -0.00003705
v -0.01412330 -0.04153154 -0.00003705
v -0.01412330 -0.04153154 -0.00003705
v -0.01412330 -0.04153154 -0.00003705
v -0.01138211 -0.04174153 -0.00066825
v -0.01138211 -0.04174153 -0.00066825
v -0.01138211 -0.04174153 -0.00066825
v -0.01138211 -0.04174153 -0.00066825
v -0.01138211 -0.04174153 -0.00066825
v -0.01138211 -0.04174153 -0.00066825
v -0.01138211 -0.04174153 -0.00066825
v -0.01390963 -0.04427076 -0.00030199
v -0.01390963 -0.04427076 -0.00030199
v -0.01390963 -0.04427076 -0.00030199
v -0.01390963 -0.04427076 -0.00030199
v -0.01390963 -0.04427076 -0.00030199
v -0.00884938 -0.04174153 -0.00072280
v -0.00884938 -0.04174153 -0.00072280
v -0.00884938 -0.04174153 -0.00072280
v -0.00884938 -0.04174153 -0.00072280
v -0.00884938 -0.04174153 -0.00072280
v -0.00126161 -0.03921229 -0.00112800
v -0.00126161 -0.03921229 -0.00112800
v -0.00126161 -0.03921229 -0.00112800
v -0.00126161 -0.03921229 -0.00112800
v -0.00126161 -0.03921229 -0.00112800
v -0.00126161 -0.03921229 -0.00112800
v -0.00126161 -0.03921229 -0.00112800
v -0.00126161 -0.03921229 -0.00112800
v -0.00126161 -0.03921229 -0.00112800
v -0.00884938 -0.07209233 0.00374235
v -0.00884938 -0.07209233 0.00374235
v -0.00884938 -0.07209233 0.00374235
v -0.00884938 -0.07209233 0.00374235
v -0.00884938 -0.07209233 0.00374235
v -0.01138211 -0.07209233 0.00375793
v -0.01138211 -0.07209233 0.00375793
v -0.01138211 -0.07209233 0.00375793
v -0.01138211 -0.07209233 0.00375793
v -0.00126161 -0.07462156 0.00434237
v -0.00126161 -0.07462156 0.00434237
v -0.00126161 -0.07462156 0.00434237
v -0.00126161 -0.07462156 0.00434237
v -0.00126161 -0.07462156 0.00434237
v -0.00126161 -0.07630149 0.00534761
v -0.00126161 -0.07630149 0.00534761
v -0.00126161 -0.07630149 0.00534761
v -0.00126161 -0.07630149 0.00534761
v -0.00126161 -0.07630149 0.00534761
v -0.00126161 -0.07630149 0.00534761
v -0.00126161 -0.07630149 0.00534761
v -0.00126161 -0.07630149 0.00534761
v -0.00126161 -0.07630149 0.00534761
v -0.00126161 -0.07630149 0.00534761
v -0.00126161 -0.07630149 0.00534761
v -0.01138211 -0.07412691 0.00488785
v -0.01138211 -0.07412691 0.00488785
v -0.01138211 -0.07412691 0.00488785
v -0.01390963 -0.07391226 0.00501253
v -0.01390963 -0.07391226 0.00501253
v -0.01390963 -0.07391226 0.00501253
v -0.01390963 -0.07391226 0.00501253
v -0.01390963 -0.07391226 0.00501253
v -0.01644236 -0.07361360 0.00537878
v -0.01644236 -0.07361360 0.00537878
v -0.01644236 -0.07361360 0.00537878
v -0.01644236 -0.07361360 0.00537878
v -0.01644236 -0.07361360 0.00537878
v -0.01644236 -0.07361360 0.00537878
v -0.01782859 -0.07340828 0.00613466
v -0.01782859 -0.07340828 0.00613466
v -0.01782859 -0.07340828 0.00613466
v -0.01782859 -0.07340828 0.00613466
v -0.01782859 -0.07340828 0.00613466
v -0.01782859 -0.07340828 0.00613466
v -0.01782859 -0.07340828 0.00613466
v -0.01782859 -0.07340828 0.00613466
v -0.01782859 -0.07340828 0.00613466
v -0.01390963 -0.07428557 0.00708536
v -0.01390963 -0.07428557 0.00708536
v -0.01390963 -0.07428557 0.00708536
v -0.01390963 -0.07428557 0.00708536
v -0.01390963 -0.07428557 0.00708536
v -0.01390963 -0.07428557 0.00708536
v -0.01390963 -0.07428557 0.00708536
v -0.01390963 -0.07428557 0.00708536
v -0.01390963 -0.07428557 0.00708536
v -0.01390963 -0.07428557 0.00708536
v -0.01390963 -0.07428557 0.00708536
v -0.01879269 -0.07277830 0.00702302
v -0.01879269 -0.07277830 0.00702302
v -0.01879269 -0.07277830 0.00702302
v -0.01879269 -0.07277830 0.00702302
v -0.01879269 -0.07277830 0.00702302
v -0.01879269 -0.07277830 0.00702302
v -0.01879269 -0.07277830 0.00702302
v -0.01879269 -0.07277830 0.00702302
v -0.01871973 -0.07139702 0.01467531
v -0.01871973 -0.07139702 0.01467531
v -0.01871973 -0.07139702 0.01467531
v -0.01871973 -0.07139702 0.01467531
v -0.01827677 -0.07114503 0.01720789
v -0.01827677 -0.07114503 0.01720789
v -0.01827677 -0.07114503 0.01720789
v -0.01827677 -0.07114503 0.01720789
v -0.01827677 -0.07114503 0.01720789
v -0.01827677 -0.07114503 0.01720789
v -0.01827677 -0.07114503 0.01720789
v -0.01827677 -0.07114503 0.01720789
v -0.01827677 -0.07114503 0.01720789
v -0.01998610 -0.07065038 0.01467531
v -0.01998610 -0.07065038 0.01467531
v -0.01998610 -0.07065038 0.01467531
v -0.01998610 -0.07065038 0.01467531
v -0.01896988 -0.07219966 0.00961794
v -0.01896988 -0.07219966 0.00961794
v -0.01896988 -0.07219966 0.00961794
v -0.01954313 -0.07036106 0.01720789
v -0.01954313 -0.07036106 0.01720789
v -0.01954313 -0.07036106 0.01720789
v -0.01954313 -0.07036106 0.01720789
v -0.01954313 -0.07036106 0.01720789
v -0.01954313 -0.07036106 0.01720789
v -0.01954313 -0.07036106 0.01720789
v -0.02065837 -0.06872313 0.01973269
v -0.02065837 -0.06872313 0.01973269
v -0.02065837 -0.06872313 0.01973269
v -0.02065837 -0.06872313 0.01973269
v -0.02065837 -0.06872313 0.01973269
v -0.02065837 -0.06872313 0.01973269
v -0.02226868 -0.06760317 0.01720789
v -0.02226868 -0.06760317 0.01720789
v -0.02226868 -0.06760317 0.01720789
v -0.02226868 -0.06760317 0.01720789
v -0.02226868 -0.06760317 0.01720789
v -0.02226868 -0.06760317 0.01720789
v -0.02226868 -0.06760317 0.01720789
v -0.02273249 -0.06571325 0.02086261
v -0.02273249 -0.06571325 0.02086261
v -0.02273249 -0.06571325 0.02086261
v -0.02273249 -0.06571325 0.02086261
v -0.02273249 -0.06571325 0.02086261
v -0.02273249 -0.06571325 0.02086261
v -0.02273249 -0.06571325 0.02086261
v -0.02273249 -0.06571325 0.02086261
v -0.02273249 -0.06571325 0.02086261
v -0.02298785 -0.06363666 0.02479785
v -0.02298785 -0.06363666 0.02479785
v -0.02298785 -0.06363666 0.02479785
v -0.02298785 -0.06363666 0.02479785
v -0.02374871 -0.06197540 0.02479785
v -0.02374871 -0.06197540 0.02479785
v -0.02374871 -0.06197540 0.02479785
v -0.02374871 -0.06197540 0.02479785
v -0.02374871 -0.06197540 0.02479785
v -0.02374871 -0.06197540 0.02479785
v -0.02374871 -0.06197540 0.02479785
v -0.02374871 -0.06197540 0.02479785
v -0.02374871 -0.06197540 0.02479785
v -0.02376435 -0.05944149 0.02985523
v -0.02376435 -0.05944149 0.02985523
v -0.02376435 -0.05944149 0.02985523
v -0.02376435 -0.05944149 0.02985523
v -0.02376435 -0.05944149 0.02985523
v -0.02376435 -0.05944149 0.02985523
v -0.02376435 -0.05944149 0.02985523
v -0.02423858 -0.05944149 0.02732264
v -0.02423858 -0.05944149 0.02732264
v -0.02423858 -0.05944149 0.02732264
v -0.02423858 -0.05944149 0.02732264
v -0.02423858 -0.05944149 0.02732264
v -0.02412393 -0.05691226 0.03238002
v -0.02412393 -0.05691226 0.03238002
v -0.02412393 -0.05691226 0.03238002
v -0.02412393 -0.05691226 0.03238002
v -0.02412393 -0.05691226 0.03238002
v -0.02412393 -0.05691226 0.03238002
v -0.02263869 -0.05185846 0.04575984
v -0.02263869 -0.05185846 0.04575984
v -0.02263869 -0.05185846 0.04575984
v -0.02263869 -0.05185846 0.04575984
v -0.02219051 -0.05185846 0.04755214
v -0.02219051 -0.05185846 0.04755214
v -0.02219051 -0.05185846 0.04755214
v -0.02219051 -0.05185846 0.04755214
v -0.02219051 -0.05185846 0.04755214
v -0.02293574 -0.05185846 0.04449745
v -0.02293574 -0.05185846 0.04449745
v -0.02293574 -0.05185846 0.04449745
v -0.02293574 -0.05185846 0.04449745
v -0.02150782 -0.05185846 0.05008472
v -0.02150782 -0.05185846 0.05008472
v -0.02150782 -0.05185846 0.05008472
v -0.02150782 -0.05185846 0.05008472
v -0.02150782 -0.05185846 0.05008472
v -0.02150782 -0.05185846 0.05008472
v -0.02150782 -0.05185846 0.05008472
v -0.02150782 -0.05185846 0.05008472
v -0.02150782 -0.05185846 0.05008472
v -0.02150782 -0.05185846 0.05008472
v -0.02125246 -0.04932923 0.05260951
v -0.02125246 -0.04932923 0.05260951
v -0.02125246 -0.04932923 0.05260951
v -0.02125246 -0.04932923 0.05260951
v -0.02125246 -0.04932923 0.05260951
v -0.02125246 -0.04932923 0.05260951
v -0.02125246 -0.04932923 0.05260951
v -0.02077302 -0.04680000 0.05514209
v -0.02077302 -0.04680000 0.05514209
v -0.02077302 -0.04680000 0.05514209
v -0.02077302 -0.04680000 0.05514209
v -0.02077302 -0.04680000 0.05514209
v -0.02031441 -0.04520406 0.05663826
v -0.02031441 -0.04520406 0.05663826
v -0.02031441 -0.04520406 0.05663826
v -0.02031441 -0.04520406 0.05663826
v -0.02031441 -0.04520406 0.05663826
v -0.02031441 -0.04520406 0.05663826
v -0.02031441 -0.04520406 0.05663826
v -0.02031441 -0.04520406 0.05663826
v -0.02031441 -0.04520406 0.05663826
v -0.02031441 -0.04520406 0.05663826
v -0.02276897 -0.05566164 0.04124795
v -0.02276897 -0.05566164 0.04124795
v -0.02276897 -0.05566164 0.04124795
v -0.02276897 -0.05566164 0.04124795
v -0.02276897 -0.05566164 0.04124795
v -0.02276897 -0.05566164 0.04124795
v -0.02276897 -0.05566164 0.04124795
v -0.02276897 -0.05566164 0.04124795
v -0.02276897 -0.05566164 0.04124795
v -0.02276897 -0.05566164 0.04124795
v -0.02276897 -0.05566164 0.04124795
v -0.02276897 -0.05566164 0.04124795
v -0.02366012 -0.05691226 0.03491260
v -0.02366012 -0.05691226 0.03491260
v -0.02366012 -0.05691226 0.03491260
v -0.02366012 -0.05691226 0.03491260
v -0.02366012 -0.05691226 0.03491260
v -0.02366012 -0.05691226 0.03491260
v -0.02366012 -0.05691226 0.03491260
v -0.02366012 -0.05691226 0.03491260
v -0.02291490 -0.05421037 0.04225319
v -0.02291490 -0.05421037 0.04225319
v -0.02291490 -0.05421037 0.04225319
v -0.02256052 -0.05493834 0.04293115
v -0.02256052 -0.05493834 0.04293115
v -0.02256052 -0.05493834 0.04293115
v -0.02256052 -0.05493834 0.04293115
v -0.02228431 -0.05421037 0.04486370
v -0.02228431 -0.05421037 0.04486370
v -0.02228431 -0.05421037 0.04486370
v -0.02228431 -0.05421037 0.04486370
v -0.01979849 -0.04432209 0.05755779
v -0.01979849 -0.04432209 0.05755779
v -0.01979849 -0.04432209 0.05755779
v -0.01979849 -0.04432209 0.05755779
v -0.01799014 -0.04267483 0.06216319
v -0.01799014 -0.04267483 0.06216319
v -0.01799014 -0.04267483 0.06216319
v -0.01799014 -0.04267483 0.06216319
v -0.01799014 -0.04267483 0.06216319
v -0.01799014 -0.04267483 0.06216319
v -0.01799014 -0.04267483 0.06216319
v -0.01799014 -0.04267483 0.06216319
v -0.01799014 -0.04267483 0.06216319
v -0.01362301 -0.02869871 0.05767467
v -0.01362301 -0.02869871 0.05767467
v -0.01362301 -0.02869871 0.05767467
v -0.01209086 -0.03823700 0.00202798
v -0.01209086 -0.03823700 0.00202798
v -0.01209086 -0.03823700 0.00202798
v -0.01209086 -0.03823700 0.00202798
v -0.01035026 -0.03783568 0.00058636
v -0.01035026 -0.03783568 0.00058636
v -0.01035026 -0.03783568 0.00058636
v -0.01035026 -0.03783568 0.00058636
v -0.01035026 -0.03783568 0.00058636
v -0.01035026 -0.03783568 0.00058636
v -0.01035026 -0.03783568 0.00058636
v -0.01035026 -0.03783568 0.00058636
v -0.01253904 -0.02869871 0.02677716
v -0.01253904 -0.02869871 0.02677716
v -0.01253904 -0.02869871 0.02677716
v -0.01253904 -0.02869871 0.02677716
v -0.00884938 -0.03754170 0.00022790
v -0.00884938 -0.03754170 0.00022790
v -0.00884938 -0.03754170 0.00022790
v -0.00884938 -0.03754170 0.00022790
v -0.00884938 -0.03754170 0.00022790
v -0.00884938 -0.03754170 0.00022790
v -0.00884938 -0.03754170 0.00022790
v -0.01126746 -0.03914696 0.00002529
v -0.01126746 -0.03914696 0.00002529
v -0.01126746 -0.03914696 0.00002529
v -0.00884938 -0.03921229 -0.00062149
v -0.00884938 -0.03921229 -0.00062149
v -0.00884938 -0.03921229 -0.00062149
v -0.00884938 -0.03921229 -0.00062149
v -0.00884938 -0.03921229 -0.00062149
v -0.00884938 -0.03921229 -0.00062149
v -0.00884938 -0.03921229 -0.00062149
v -0.00632186 -0.03921229 -0.00098774
v -0.00632186 -0.03921229 -0.00098774
v -0.00632186 -0.03921229 -0.00098774
v -0.00632186 -0.03921229 -0.00098774
v -0.00632186 -0.03921229 -0.00098774
v -0.00379434 -0.03921229 -0.00110463
v -0.00379434 -0.03921229 -0.00110463
v -0.00379434 -0.03921229 -0.00110463
v -0.00379434 -0.03921229 -0.00110463
v -0.00379434 -0.03921229 -0.00110463
v -0.00379434 -0.03921229 -0.00110463
v -0.00126161 -0.03677173 -0.00027862
v -0.00126161 -0.03677173 -0.00027862
v -0.00126161 -0.03677173 -0.00027862
v -0.00126161 -0.03677173 -0.00027862
v -0.00126161 -0.03677173 -0.00027862
v 0.00126069 -0.03677639 -0.00027862
v 0.00126069 -0.03677639 -0.00027862
v 0.00126069 -0.03677639 -0.00027862
v 0.00126069 -0.03677639 -0.00027862
v 0.00126069 -0.03677639 -0.00027862
v 0.00126069 -0.03677639 -0.00027862
v 0.00126069 -0.03921229 -0.00112022
v 0.00126069 -0.03921229 -0.00112022
v 0.00126069 -0.03921229 -0.00112022
v 0.00126069 -0.03921229 -0.00112022
v 0.00126069 -0.03921229 -0.00112022
v 0.02150169 -0.06850380 0.00325141
v 0.02150169 -0.06850380 0.00325141
v 0.02150169 -0.06850380 0.00325141
v 0.02150169 -0.06850380 0.00325141
v 0.02150169 -0.06850380 0.00325141
v 0.02150169 -0.06850380 0.00325141
v 0.02150169 -0.06850380 0.00325141
v 0.02150169 -0.06850380 0.00325141
v 0.02150169 -0.06850380 0.00325141
v 0.00884846 -0.07209233 0.00374235
v 0.00884846 -0.07209233 0.00374235
v 0.00884846 -0.07209233 0.00374235
v 0.00884846 -0.07209233 0.00374235
v 0.00884846 -0.07209233 0.00374235
v 0.00126069 -0.07462156 0.00434237
v 0.00126069 -0.07462156 0.00434237
v 0.00126069 -0.07462156 0.00434237
v 0.00126069 -0.07462156 0.00434237
v 0.00126069 -0.07462156 0.00434237
v 0.00126069 -0.07462156 0.00434237
v -0.01138211 -0.07472422 0.00708536
v -0.01138211 -0.07472422 0.00708536
v -0.01138211 -0.07472422 0.00708536
v -0.01138211 -0.07472422 0.00708536
v 0.00126069 -0.07629682 0.00534761
v 0.00126069 -0.07629682 0.00534761
v 0.00126069 -0.07629682 0.00534761
v 0.00126069 -0.07629682 0.00534761
v 0.00126069 -0.07629682 0.00534761
v 0.00126069 -0.07629682 0.00534761
v 0.00126069 -0.07629682 0.00534761
v 0.00126069 -0.07629682 0.00534761
v 0.00126069 -0.07629682 0.00534761
v 0.00144309 -0.07636216 0.00718666
v 0.00144309 -0.07636216 0.00718666
v 0.00144309 -0.07636216 0.00718666
v 0.00144309 -0.07636216 0.00718666
v 0.00144309 -0.07636216 0.00718666
v 0.00144309 -0.07636216 0.00718666
v 0.00144309 -0.07636216 0.00718666
v 0.00144309 -0.07636216 0.00718666
v -0.00143359 -0.07636683 0.00717107
v -0.00143359 -0.07636683 0.00717107
v -0.00143359 -0.07636683 0.00717107
v -0.00143359 -0.07636683 0.00717107
v -0.00143359 -0.07636683 0.00717107
v -0.00143359 -0.07636683 0.00717107
v -0.00143359 -0.07636683 0.00717107
v -0.00143359 -0.07636683 0.00717107
v -0.01651532 -0.07366026 0.00702302
v -0.01651532 -0.07366026 0.00702302
v -0.01651532 -0.07366026 0.00702302
v -0.01528022 -0.07338960 0.01110632
v -0.01528022 -0.07338960 0.01110632
v -0.01528022 -0.07338960 0.01110632
v -0.01528022 -0.07338960 0.01110632
v -0.01528022 -0.07338960 0.01110632
v -0.01528022 -0.07338960 0.01110632
v -0.01528022 -0.07338960 0.01110632
v -0.01741168 -0.07326361 0.00782565
v -0.01741168 -0.07326361 0.00782565
v -0.01741168 -0.07326361 0.00782565
v -0.01644236 -0.07242365 0.01467531
v -0.01644236 -0.07242365 0.01467531
v -0.01644236 -0.07242365 0.01467531
v -0.01644236 -0.07242365 0.01467531
v -0.01644236 -0.07242365 0.01467531
v -0.01644236 -0.07242365 0.01467531
v -0.01644236 -0.07242365 0.01467531
v -0.01138211 -0.07438823 0.00961794
v -0.01138211 -0.07438823 0.00961794
v -0.01138211 -0.07438823 0.00961794
v -0.01138211 -0.07438823 0.00961794
v -0.01159057 -0.07364627 0.01487792
v -0.01159057 -0.07364627 0.01487792
v -0.01159057 -0.07364627 0.01487792
v -0.01159057 -0.07364627 0.01487792
v -0.01159057 -0.07364627 0.01487792
v -0.01257552 -0.07334294 0.01585199
v -0.01257552 -0.07334294 0.01585199
v -0.01257552 -0.07334294 0.01585199
v -0.01257552 -0.07334294 0.01585199
v -0.01257552 -0.07334294 0.01585199
v -0.01257552 -0.07334294 0.01585199
v -0.01257552 -0.07334294 0.01585199
v -0.01257552 -0.07334294 0.01585199
v -0.01257552 -0.07334294 0.01585199
v -0.01309666 -0.07346427 0.01416880
v -0.01309666 -0.07346427 0.01416880
v -0.01309666 -0.07346427 0.01416880
v -0.01309666 -0.07346427 0.01416880
v -0.01644236 -0.07190100 0.01720789
v -0.01644236 -0.07190100 0.01720789
v -0.01644236 -0.07190100 0.01720789
v -0.01644236 -0.07190100 0.01720789
v -0.01644236 -0.07190100 0.01720789
v -0.01644236 -0.07190100 0.01720789
v -0.01792239 -0.07094437 0.01868848
v -0.01792239 -0.07094437 0.01868848
v -0.01792239 -0.07094437 0.01868848
v -0.01792239 -0.07094437 0.01868848
v -0.01792239 -0.07094437 0.01868848
v -0.01792239 -0.07094437 0.01868848
v -0.01538445 -0.06591857 0.03917513
v -0.01538445 -0.06591857 0.03917513
v -0.01538445 -0.06591857 0.03917513
v -0.01538445 -0.06591857 0.03917513
v -0.01538445 -0.06591857 0.03917513
v -0.01538445 -0.06591857 0.03917513
v -0.01538445 -0.06591857 0.03917513
v -0.02038738 -0.06843380 0.02138471
v -0.02038738 -0.06843380 0.02138471
v -0.02038738 -0.06843380 0.02138471
v -0.02038738 -0.06843380 0.02138471
v -0.02038738 -0.06843380 0.02138471
v -0.02207065 -0.06692653 0.01990412
v -0.02207065 -0.06692653 0.01990412
v -0.02207065 -0.06692653 0.01990412
v -0.02207065 -0.06692653 0.01990412
v -0.02035611 -0.06589524 0.02898246
v -0.02035611 -0.06589524 0.02898246
v -0.02035611 -0.06589524 0.02898246
v -0.02035611 -0.06589524 0.02898246
v -0.02035611 -0.06589524 0.02898246
v -0.02035611 -0.06589524 0.02898246
v -0.02035611 -0.06589524 0.02898246
v -0.02035611 -0.06589524 0.02898246
v -0.02035611 -0.06589524 0.02898246
v -0.02035611 -0.06589524 0.02898246
v -0.02255531 -0.06541926 0.02226527
v -0.02255531 -0.06541926 0.02226527
v -0.02255531 -0.06541926 0.02226527
v -0.02255531 -0.06541926 0.02226527
v -0.02255531 -0.06541926 0.02226527
v -0.02255531 -0.06541926 0.02226527
v -0.02282109 -0.06333334 0.02629402
v -0.02282109 -0.06333334 0.02629402
v -0.02282109 -0.06333334 0.02629402
v -0.02282109 -0.06333334 0.02629402
v -0.02282109 -0.06333334 0.02629402
v -0.02282109 -0.06333334 0.02629402
v -0.02282109 -0.06333334 0.02629402
v -0.02282109 -0.06333334 0.02629402
v -0.02282109 -0.06333334 0.02629402
v -0.02282109 -0.06333334 0.02629402
v -0.02282109 -0.06333334 0.02629402
v -0.02321715 -0.06205473 0.02721354
v -0.02321715 -0.06205473 0.02721354
v -0.02321715 -0.06205473 0.02721354
v -0.02303475 -0.06126142 0.02985523
v -0.02303475 -0.06126142 0.02985523
v -0.02303475 -0.06126142 0.02985523
v -0.02303475 -0.06126142 0.02985523
v -0.02285757 -0.06088810 0.03153063
v -0.02285757 -0.06088810 0.03153063
v -0.02285757 -0.06088810 0.03153063
v -0.02285757 -0.06088810 0.03153063
v -0.02285757 -0.06088810 0.03153063
v -0.02285757 -0.06088810 0.03153063
v -0.02285757 -0.06088810 0.03153063
v -0.02322236 -0.05956282 0.03238002
v -0.02322236 -0.05956282 0.03238002
v -0.02322236 -0.05956282 0.03238002
v -0.02322236 -0.05956282 0.03238002
v -0.02301912 -0.05878819 0.03491260
v -0.02301912 -0.05878819 0.03491260
v -0.02301912 -0.05878819 0.03491260
v -0.02301912 -0.05878819 0.03491260
v -0.02284714 -0.05837287 0.03655683
v -0.02284714 -0.05837287 0.03655683
v -0.02284714 -0.05837287 0.03655683
v -0.02284714 -0.05837287 0.03655683
v -0.02284714 -0.05837287 0.03655683
v -0.02284714 -0.05837287 0.03655683
v -0.02284714 -0.05837287 0.03655683
v -0.02284714 -0.05837287 0.03655683
v -0.02043949 -0.05363172 0.05196272
v -0.02043949 -0.05363172 0.05196272
v -0.02043949 -0.05363172 0.05196272
v -0.02043949 -0.05363172 0.05196272
v -0.02043949 -0.05363172 0.05196272
v -0.02043949 -0.05363172 0.05196272
v -0.02043949 -0.05363172 0.05196272
v -0.02015808 -0.05284309 0.05365371
v -0.02015808 -0.05284309 0.05365371
v -0.02015808 -0.05284309 0.05365371
v -0.02015808 -0.05284309 0.05365371
v -0.02015808 -0.05284309 0.05365371
v -0.02015808 -0.05284309 0.05365371
v -0.02015808 -0.05284309 0.05365371
v -0.02015808 -0.05284309 0.05365371
v -0.02068963 -0.05194712 0.05272640
v -0.02068963 -0.05194712 0.05272640
v -0.02068963 -0.05194712 0.05272640
v -0.02038738 -0.05116316 0.05432387
v -0.02038738 -0.05116316 0.05432387
v -0.02038738 -0.05116316 0.05432387
v -0.02038738 -0.05116316 0.05432387
v -0.02038738 -0.05116316 0.05432387
v -0.02038738 -0.05116316 0.05432387
v -0.02038738 -0.05116316 0.05432387
v -0.02149740 -0.05438303 0.04755214
v -0.02149740 -0.05438303 0.04755214
v -0.02149740 -0.05438303 0.04755214
v -0.02149740 -0.05438303 0.04755214
v -0.02149740 -0.05438303 0.04755214
v -0.02149740 -0.05438303 0.04755214
v -0.02149740 -0.05438303 0.04755214
v -0.02149740 -0.05438303 0.04755214
v -0.02049681 -0.04909590 0.05515768
v -0.02049681 -0.04909590 0.05515768
v -0.02049681 -0.04909590 0.05515768
v -0.02049681 -0.04909590 0.05515768
v -0.02024145 -0.04809261 0.05642007
v -0.02024145 -0.04809261 0.05642007
v -0.02024145 -0.04809261 0.05642007
v -0.02024145 -0.04809261 0.05642007
v -0.02024145 -0.04809261 0.05642007
v -0.02024145 -0.04809261 0.05642007
v -0.02024145 -0.04809261 0.05642007
v -0.02024145 -0.04809261 0.05642007
v -0.02029878 -0.04680000 0.05659151
v -0.02029878 -0.04680000 0.05659151
v -0.02029878 -0.04680000 0.05659151
v -0.02029878 -0.04680000 0.05659151
v -0.01984018 -0.04680000 0.05785390
v -0.01984018 -0.04680000 0.05785390
v -0.01984018 -0.04680000 0.05785390
v -0.01984018 -0.04680000 0.05785390
v -0.01984018 -0.04680000 0.05785390
v -0.01812564 -0.04427076 0.06245152
v -0.01812564 -0.04427076 0.06245152
v -0.01812564 -0.04427076 0.06245152
v -0.01812564 -0.04427076 0.06245152
v -0.01812564 -0.04427076 0.06245152
v -0.01812564 -0.04427076 0.06245152
v -0.01812564 -0.04427076 0.06245152
v -0.01895946 -0.04427076 0.06019947
v -0.01895946 -0.04427076 0.06019947
v -0.01895946 -0.04427076 0.06019947
v -0.02290447 -0.05606763 0.03996218
v -0.02290447 -0.05606763 0.03996218
v -0.02290447 -0.05606763 0.03996218
v -0.02313377 -0.05698693 0.03742180
v -0.02313377 -0.05698693 0.03742180
v -0.02313377 -0.05698693 0.03742180
v -0.02313377 -0.05698693 0.03742180
v -0.02313377 -0.05698693 0.03742180
v -0.02265954 -0.05788289 0.03824781
v -0.02265954 -0.05788289 0.03824781
v -0.02265954 -0.05788289 0.03824781
v -0.02265954 -0.05788289 0.03824781
v -0.02265954 -0.05788289 0.03824781
v -0.02265954 -0.05788289 0.03824781
v -0.02265954 -0.05788289 0.03824781
v -0.02265954 -0.05788289 0.03824781
v -0.02244066 -0.05733225 0.03996218
v -0.02244066 -0.05733225 0.03996218
v -0.02244066 -0.05733225 0.03996218
v -0.02244066 -0.05733225 0.03996218
v -0.02210713 -0.05666960 0.04225319
v -0.02210713 -0.05666960 0.04225319
v -0.02210713 -0.05666960 0.04225319
v -0.02210713 -0.05666960 0.04225319
v -0.02210713 -0.05666960 0.04225319
v -0.01287778 -0.02869871 0.05931890
v -0.01287778 -0.02869871 0.05931890
v -0.01287778 -0.02869871 0.05931890
v -0.01287778 -0.02869871 0.05931890
v -0.01757323 -0.04427076 0.06371391
v -0.01757323 -0.04427076 0.06371391
v -0.01757323 -0.04427076 0.06371391
v -0.01757323 -0.04427076 0.06371391
v -0.01757323 -0.04427076 0.06371391
v -0.01757323 -0.04427076 0.06371391
v -0.01550431 -0.04241350 0.06705692
v -0.01550431 -0.04241350 0.06705692
v -0.01550431 -0.04241350 0.06705692
v -0.01550431 -0.04241350 0.06705692
v -0.01550431 -0.04241350 0.06705692
v -0.01550431 -0.04241350 0.06705692
v -0.01550431 -0.04241350 0.06705692
v -0.01550431 -0.04241350 0.06705692
v -0.01550431 -0.04241350 0.06705692
v -0.01550431 -0.04241350 0.06705692
v -0.01202311 -0.02869871 0.02604466
v -0.01202311 -0.02869871 0.02604466
v -0.01202311 -0.02869871 0.02604466
v -0.01202311 -0.02869871 0.02604466
v -0.00884938 -0.03676706 0.00202798
v -0.00884938 -0.03676706 0.00202798
v -0.00884938 -0.03676706 0.00202798
v -0.00884938 -0.03676706 0.00202798
v -0.00619158 -0.03588976 0.00218383
v -0.00619158 -0.03588976 0.00218383
v -0.00619158 -0.03588976 0.00218383
v -0.00619158 -0.03588976 0.00218383
v -0.00619158 -0.03588976 0.00218383
v -0.00619158 -0.03588976 0.00218383
v -0.01118408 -0.02869871 0.02504721
v -0.01118408 -0.02869871 0.02504721
v -0.01118408 -0.02869871 0.02504721
v -0.01118408 -0.02869871 0.02504721
v -0.00632186 -0.03714971 -0.00013835
v -0.00632186 -0.03714971 -0.00013835
v -0.00632186 -0.03714971 -0.00013835
v -0.00632186 -0.03714971 -0.00013835
v -0.00632186 -0.03714971 -0.00013835
v -0.00632186 -0.03714971 -0.00013835
v -0.00379434 -0.03563311 0.00147471
v -0.00379434 -0.03563311 0.00147471
v -0.00379434 -0.03563311 0.00147471
v -0.00379434 -0.03563311 0.00147471
v -0.00379434 -0.03563311 0.00147471
v -0.00379434 -0.03563311 0.00147471
v -0.00379434 -0.03563311 0.00147471
v -0.00379434 -0.03689772 -0.00026303
v -0.00379434 -0.03689772 -0.00026303
v -0.00379434 -0.03689772 -0.00026303
v -0.00379434 -0.03689772 -0.00026303
v -0.00379434 -0.03689772 -0.00026303
v -0.00126161 -0.03550711 0.00104612
v -0.00126161 -0.03550711 0.00104612
v -0.00126161 -0.03550711 0.00104612
v -0.00126161 -0.03550711 0.00104612
v -0.00126161 -0.03550711 0.00104612
v -0.00126161 -0.03550711 0.00104612
v -0.00126161 -0.03550711 0.00104612
v -0.00126161 -0.03550711 0.00104612
v -0.00126161 -0.03550711 0.00104612
v 0.00379342 -0.03690239 -0.00026303
v 0.00379342 -0.03690239 -0.00026303
v 0.00379342 -0.03690239 -0.00026303
v 0.00379342 -0.03690239 -0.00026303
v 0.00379342 -0.03690239 -0.00026303
v 0.00379342 -0.03921229 -0.00110463
v 0.00379342 -0.03921229 -0.00110463
v 0.00379342 -0.03921229 -0.00110463
v 0.00379342 -0.03921229 -0.00110463
v 0.00379342 -0.03921229 -0.00110463
v 0.00379342 -0.03921229 -0.00110463
v 0.00126069 -0.03551178 0.00104612
v 0.00126069 -0.03551178 0.00104612
v 0.00126069 -0.03551178 0.00104612
v 0.00126069 -0.03551178 0.00104612
v 0.00126069 -0.03551178 0.00104612
v 0.00126069 -0.03551178 0.00104612
v 0.00126069 -0.03551178 0.00104612
v 0.00884846 -0.04174153 -0.00072280
v 0.00884846 -0.04174153 -0.00072280
v 0.00884846 -0.04174153 -0.00072280
v 0.00884846 -0.04174153 -0.00072280
v 0.00884846 -0.04174153 -0.00072280
v 0.01390871 -0.04427076 -0.00030199
v 0.01390871 -0.04427076 -0.00030199
v 0.01390871 -0.04427076 -0.00030199
v 0.01390871 -0.04427076 -0.00030199
v 0.01390871 -0.04427076 -0.00030199
v 0.01644144 -0.04680000 0.00012660
v 0.01644144 -0.04680000 0.00012660
v 0.01644144 -0.04680000 0.00012660
v 0.01644144 -0.04680000 0.00012660
v 0.01644144 -0.04680000 0.00012660
v 0.01644144 -0.04680000 0.00012660
v 0.02278890 -0.06833581 0.00327479
v 0.02278890 -0.06833581 0.00327479
v 0.02278890 -0.06833581 0.00327479
v 0.02278890 -0.06833581 0.00327479
v 0.02278890 -0.06833581 0.00327479
v 0.02278890 -0.06833581 0.00327479
v 0.02278890 -0.06833581 0.00327479
v 0.02278890 -0.06833581 0.00327479
v 0.02278890 -0.06833581 0.00327479
v 0.02278890 -0.06833581 0.00327479
v 0.02278890 -0.06833581 0.00327479
v 0.01390871 -0.07209233 0.00385923
v 0.01390871 -0.07209233 0.00385923
v 0.01390871 -0.07209233 0.00385923
v 0.01390871 -0.07209233 0.00385923
v 0.01390871 -0.07209233 0.00385923
v 0.01390871 -0.07209233 0.00385923
v 0.01390871 -0.07209233 0.00385923
v 0.01390871 -0.07209233 0.00385923
v 0.01138119 -0.07209233 0.00376572
v 0.01138119 -0.07209233 0.00376572
v 0.01138119 -0.07209233 0.00376572
v 0.01138119 -0.07209233 0.00376572
v 0.01138119 -0.07412691 0.00488785
v 0.01138119 -0.07412691 0.00488785
v 0.01138119 -0.07412691 0.00488785
v 0.01390871 -0.07391226 0.00501253
v 0.01390871 -0.07391226 0.00501253
v 0.01390871 -0.07391226 0.00501253
v 0.01390871 -0.07391226 0.00501253
v 0.01390871 -0.07391226 0.00501253
v 0.01644144 -0.07361360 0.00537878
v 0.01644144 -0.07361360 0.00537878
v 0.01644144 -0.07361360 0.00537878
v 0.01644144 -0.07361360 0.00537878
v 0.01644144 -0.07361360 0.00537878
v 0.01644144 -0.07361360 0.00537878
v 0.01390871 -0.07428557 0.00708536
v 0.01390871 -0.07428557 0.00708536
v 0.01390871 -0.07428557 0.00708536
v 0.01390871 -0.07428557 0.00708536
v 0.01390871 -0.07428557 0.00708536
v 0.01390871 -0.07428557 0.00708536
v 0.01390871 -0.07428557 0.00708536
v 0.01390871 -0.07428557 0.00708536
v 0.01390871 -0.07428557 0.00708536
v 0.01138119 -0.07472422 0.00708536
v 0.01138119 -0.07472422 0.00708536
v 0.01138119 -0.07472422 0.00708536
v 0.01138119 -0.07472422 0.00708536
v 0.00072392 -0.07612883 0.00904908
v 0.00072392 -0.07612883 0.00904908
v 0.00072392 -0.07612883 0.00904908
v 0.00072392 -0.07612883 0.00904908
v 0.00072392 -0.07612883 0.00904908
v 0.00072392 -0.07612883 0.00904908
v 0.00072392 -0.07612883 0.00904908
v 0.00072392 -0.07612883 0.00904908
v 0.00072392 -0.07612883 0.00904908
v 0.01138119 -0.07438823 0.00961794
v 0.01138119 -0.07438823 0.00961794
v 0.01138119 -0.07438823 0.00961794
v 0.01138119 -0.07438823 0.00961794
v 0.01138119 -0.07438823 0.00961794
v 0.01159486 -0.07364627 0.01487792
v 0.01159486 -0.07364627 0.01487792
v 0.01159486 -0.07364627 0.01487792
v 0.01159486 -0.07364627 0.01487792
v 0.01089132 -0.07348761 0.01652215
v 0.01089132 -0.07348761 0.01652215
v 0.01089132 -0.07348761 0.01652215
v 0.01089132 -0.07348761 0.01652215
v 0.01089132 -0.07348761 0.01652215
v 0.01089132 -0.07348761 0.01652215
v 0.01089132 -0.07348761 0.01652215
v -0.00070400 -0.07612883 0.00904908
v -0.00070400 -0.07612883 0.00904908
v -0.00070400 -0.07612883 0.00904908
v -0.00070400 -0.07612883 0.00904908
v -0.00070400 -0.07612883 0.00904908
v -0.00070400 -0.07612883 0.00904908
v -0.00070400 -0.07612883 0.00904908
v -0.00070400 -0.07612883 0.00904908
v -0.01089224 -0.07348761 0.01652215
v -0.01089224 -0.07348761 0.01652215
v -0.01089224 -0.07348761 0.01652215
v -0.01089224 -0.07348761 0.01652215
v -0.01089224 -0.07348761 0.01652215
v -0.01089224 -0.07348761 0.01652215
v -0.01089224 -0.07348761 0.01652215
v -0.01478514 -0.07326361 0.01278951
v -0.01478514 -0.07326361 0.01278951
v -0.01478514 -0.07326361 0.01278951
v -0.01478514 -0.07326361 0.01278951
v -0.01478514 -0.07326361 0.01278951
v -0.01392527 -0.07315628 0.01487792
v -0.01392527 -0.07315628 0.01487792
v -0.01392527 -0.07315628 0.01487792
v -0.01392527 -0.07315628 0.01487792
v -0.01390963 -0.07268030 0.01720789
v -0.01390963 -0.07268030 0.01720789
v -0.01390963 -0.07268030 0.01720789
v -0.01390963 -0.07268030 0.01720789
v -0.01390963 -0.07268030 0.01720789
v -0.01390963 -0.07268030 0.01720789
v -0.01159057 -0.07318428 0.01730140
v -0.01159057 -0.07318428 0.01730140
v -0.01159057 -0.07318428 0.01730140
v -0.01159057 -0.07318428 0.01730140
v -0.01159057 -0.07318428 0.01730140
v -0.01159057 -0.07318428 0.01730140
v -0.01138211 -0.06938110 0.03238002
v -0.01138211 -0.06938110 0.03238002
v -0.01138211 -0.06938110 0.03238002
v -0.01138211 -0.06938110 0.03238002
v -0.01138211 -0.06938110 0.03238002
v -0.01138211 -0.06938110 0.03238002
v -0.01310187 -0.06845714 0.03423465
v -0.01310187 -0.06845714 0.03423465
v -0.01310187 -0.06845714 0.03423465
v -0.01310187 -0.06845714 0.03423465
v -0.01310187 -0.06845714 0.03423465
v -0.01478514 -0.06814915 0.03314368
v -0.01478514 -0.06814915 0.03314368
v -0.01478514 -0.06814915 0.03314368
v -0.01478514 -0.06814915 0.03314368
v -0.01478514 -0.06814915 0.03314368
v -0.01478514 -0.06814915 0.03314368
v -0.01478514 -0.06814915 0.03314368
v -0.01478514 -0.06814915 0.03314368
v -0.01534276 -0.06839181 0.03146049
v -0.01534276 -0.06839181 0.03146049
v -0.01534276 -0.06839181 0.03146049
v -0.01534276 -0.06839181 0.03146049
v -0.01492585 -0.06563858 0.04086612
v -0.01492585 -0.06563858 0.04086612
v -0.01492585 -0.06563858 0.04086612
v -0.01492585 -0.06563858 0.04086612
v -0.01492585 -0.06563858 0.04086612
v -0.01492585 -0.06563858 0.04086612
v -0.01492585 -0.06563858 0.04086612
v -0.01492585 -0.06563858 0.04086612
v -0.01492585 -0.06563858 0.04086612
v -0.01492585 -0.06563858 0.04086612
v -0.01631208 -0.06498061 0.04000114
v -0.01631208 -0.06498061 0.04000114
v -0.01631208 -0.06498061 0.04000114
v -0.01631208 -0.06498061 0.04000114
v -0.02000694 -0.06558725 0.03067344
v -0.02000694 -0.06558725 0.03067344
v -0.02000694 -0.06558725 0.03067344
v -0.02000694 -0.06558725 0.03067344
v -0.02000694 -0.06558725 0.03067344
v -0.02000694 -0.06558725 0.03067344
v -0.02100753 -0.06464929 0.02983964
v -0.02100753 -0.06464929 0.02983964
v -0.02100753 -0.06464929 0.02983964
v -0.02020498 -0.06320268 0.03609707
v -0.02020498 -0.06320268 0.03609707
v -0.02020498 -0.06320268 0.03609707
v -0.02020498 -0.06320268 0.03609707
v -0.02020498 -0.06320268 0.03609707
v -0.02020498 -0.06320268 0.03609707
v -0.02020498 -0.06320268 0.03609707
v -0.02020498 -0.06320268 0.03609707
v -0.02047597 -0.06356200 0.03441387
v -0.02047597 -0.06356200 0.03441387
v -0.02047597 -0.06356200 0.03441387
v -0.02047597 -0.06356200 0.03441387
v -0.02047597 -0.06356200 0.03441387
v -0.02077302 -0.06397732 0.03238002
v -0.02077302 -0.06397732 0.03238002
v -0.02077302 -0.06397732 0.03238002
v -0.02077302 -0.06397732 0.03238002
v -0.02077302 -0.06397732 0.03238002
v -0.02077302 -0.06397732 0.03238002
v -0.02077302 -0.06397732 0.03238002
v -0.02077302 -0.06397732 0.03238002
v -0.02077302 -0.06397732 0.03238002
v -0.02221657 -0.06490128 0.02479785
v -0.02221657 -0.06490128 0.02479785
v -0.02221657 -0.06490128 0.02479785
v -0.02221657 -0.06490128 0.02479785
v -0.02195600 -0.06430864 0.02721354
v -0.02195600 -0.06430864 0.02721354
v -0.02195600 -0.06430864 0.02721354
v -0.02195600 -0.06430864 0.02721354
v -0.02261263 -0.06295069 0.02798501
v -0.02261263 -0.06295069 0.02798501
v -0.02261263 -0.06295069 0.02798501
v -0.02261263 -0.06295069 0.02798501
v -0.02261263 -0.06295069 0.02798501
v -0.02266475 -0.06048679 0.03321382
v -0.02266475 -0.06048679 0.03321382
v -0.02266475 -0.06048679 0.03321382
v -0.02266475 -0.06048679 0.03321382
v -0.02266475 -0.06048679 0.03321382
v -0.02266475 -0.06048679 0.03321382
v -0.02266475 -0.06048679 0.03321382
v -0.02245629 -0.06005280 0.03491260
v -0.02245629 -0.06005280 0.03491260
v -0.02245629 -0.06005280 0.03491260
v -0.02245629 -0.06005280 0.03491260
v -0.02245629 -0.06005280 0.03491260
v -0.02245629 -0.06005280 0.03491260
v -0.02245629 -0.06005280 0.03491260
v -0.02071569 -0.05443903 0.05009251
v -0.02071569 -0.05443903 0.05009251
v -0.02071569 -0.05443903 0.05009251
v -0.02038217 -0.05592763 0.04925091
v -0.02038217 -0.05592763 0.04925091
v -0.02038217 -0.05592763 0.04925091
v -0.02038217 -0.05592763 0.04925091
v -0.02038217 -0.05592763 0.04925091
v -0.02038217 -0.05592763 0.04925091
v -0.02038217 -0.05592763 0.04925091
v -0.02038217 -0.05592763 0.04925091
v -0.02008512 -0.05531633 0.05093411
v -0.02008512 -0.05531633 0.05093411
v -0.02008512 -0.05531633 0.05093411
v -0.02008512 -0.05531633 0.05093411
v -0.02008512 -0.05531633 0.05093411
v -0.02008512 -0.05531633 0.05093411
v -0.02008512 -0.05531633 0.05093411
v -0.01980891 -0.05443903 0.05272640
v -0.01980891 -0.05443903 0.05272640
v -0.01980891 -0.05443903 0.05272640
v -0.01980891 -0.05443903 0.05272640
v -0.01980891 -0.05443903 0.05272640
v -0.01980891 -0.05443903 0.05272640
v -0.01779211 -0.05327707 0.05911630
v -0.01779211 -0.05327707 0.05911630
v -0.01779211 -0.05327707 0.05911630
v -0.01779211 -0.05327707 0.05911630
v -0.01779211 -0.05327707 0.05911630
v -0.01779211 -0.05327707 0.05911630
v -0.01779211 -0.05327707 0.05911630
v -0.01779211 -0.05327707 0.05911630
v -0.01779211 -0.05327707 0.05911630
v -0.01779211 -0.05327707 0.05911630
v -0.01779211 -0.05327707 0.05911630
v -0.01779211 -0.05327707 0.05911630
v -0.01892298 -0.05185846 0.05767467
v -0.01892298 -0.05185846 0.05767467
v -0.01892298 -0.05185846 0.05767467
v -0.01892298 -0.05185846 0.05767467
v -0.01892298 -0.05185846 0.05767467
v -0.01892298 -0.05185846 0.05767467
v -0.01987145 -0.05194712 0.05515768
v -0.01987145 -0.05194712 0.05515768
v -0.01987145 -0.05194712 0.05515768
v -0.01987145 -0.05194712 0.05515768
v -0.02010075 -0.04978187 0.05601486
v -0.02010075 -0.04978187 0.05601486
v -0.02010075 -0.04978187 0.05601486
v -0.02010075 -0.04978187 0.05601486
v -0.02010075 -0.04978187 0.05601486
v -0.02010075 -0.04978187 0.05601486
v -0.02010075 -0.04978187 0.05601486
v -0.02010075 -0.04978187 0.05601486
v -0.01969426 -0.04909590 0.05742531
v -0.01969426 -0.04909590 0.05742531
v -0.01969426 -0.04909590 0.05742531
v -0.01969426 -0.04909590 0.05742531
v -0.01892819 -0.04680000 0.06019947
v -0.01892819 -0.04680000 0.06019947
v -0.01892819 -0.04680000 0.06019947
v -0.01892819 -0.04680000 0.06019947
v -0.01892819 -0.04680000 0.06019947
v -0.01892819 -0.04680000 0.06019947
v -0.01805268 -0.04680000 0.06222553
v -0.01805268 -0.04680000 0.06222553
v -0.01805268 -0.04680000 0.06222553
v -0.01805268 -0.04680000 0.06222553
v -0.01805268 -0.04680000 0.06222553
v -0.01805268 -0.04680000 0.06222553
v -0.02218530 -0.05930617 0.03742180
v -0.02218530 -0.05930617 0.03742180
v -0.02218530 -0.05930617 0.03742180
v -0.02141402 -0.05944149 0.03996218
v -0.02141402 -0.05944149 0.03996218
v -0.02141402 -0.05944149 0.03996218
v -0.02141402 -0.05944149 0.03996218
v -0.02141402 -0.05944149 0.03996218
v -0.02141402 -0.05944149 0.03996218
v -0.02141402 -0.05944149 0.03996218
v -0.02141402 -0.05944149 0.03996218
v -0.02102837 -0.05715492 0.04525333
v -0.02102837 -0.05715492 0.04525333
v -0.02102837 -0.05715492 0.04525333
v -0.02102837 -0.05715492 0.04525333
v -0.02102837 -0.05715492 0.04525333
v -0.02102837 -0.05715492 0.04525333
v -0.02102837 -0.05715492 0.04525333
v -0.02065316 -0.05647362 0.04755214
v -0.02065316 -0.05647362 0.04755214
v -0.02065316 -0.05647362 0.04755214
v -0.02065316 -0.05647362 0.04755214
v -0.01274749 -0.02869871 0.05952151
v -0.01274749 -0.02869871 0.05952151
v -0.01274749 -0.02869871 0.05952151
v -0.01274749 -0.02869871 0.05952151
v -0.01745858 -0.04680000 0.06348793
v -0.01745858 -0.04680000 0.06348793
v -0.01745858 -0.04680000 0.06348793
v -0.01745858 -0.04680000 0.06348793
v -0.01745858 -0.04680000 0.06348793
v -0.01745858 -0.04680000 0.06348793
v -0.01676547 -0.04427076 0.06525684
v -0.01676547 -0.04427076 0.06525684
v -0.01676547 -0.04427076 0.06525684
v -0.01676547 -0.04427076 0.06525684
v -0.01676547 -0.04427076 0.06525684
v -0.01563460 -0.04427076 0.06727511
v -0.01563460 -0.04427076 0.06727511
v -0.01563460 -0.04427076 0.06727511
v -0.01563460 -0.04427076 0.06727511
v -0.01563460 -0.04427076 0.06727511
v -0.01483726 -0.04427076 0.06853751
v -0.01483726 -0.04427076 0.06853751
v -0.01483726 -0.04427076 0.06853751
v -0.01483726 -0.04427076 0.06853751
v -0.01483726 -0.04427076 0.06853751
v -0.01483726 -0.04427076 0.06853751
v -0.01483726 -0.04427076 0.06853751
v -0.01483726 -0.04427076 0.06853751
v -0.01483726 -0.04427076 0.06853751
v -0.01264848 -0.04299681 0.07158440
v -0.01264848 -0.04299681 0.07158440
v -0.01264848 -0.04299681 0.07158440
v -0.01264848 -0.04299681 0.07158440
v -0.01264848 -0.04299681 0.07158440
v -0.01264848 -0.04299681 0.07158440
v -0.01264848 -0.04299681 0.07158440
v -0.01312792 -0.04198885 0.07024408
v -0.01312792 -0.04198885 0.07024408
v -0.01312792 -0.04198885 0.07024408
v -0.01227847 -0.04130755 0.07103113
v -0.01227847 -0.04130755 0.07103113
v -0.01227847 -0.04130755 0.07103113
v -0.01227847 -0.04130755 0.07103113
v -0.01227847 -0.04130755 0.07103113
v -0.01227847 -0.04130755 0.07103113
v -0.00916206 -0.02869871 0.02325492
v -0.00916206 -0.02869871 0.02325492
v -0.00916206 -0.02869871 0.02325492
v -0.00916206 -0.02869871 0.02325492
v -0.00837515 -0.02869871 0.02277179
v -0.00837515 -0.02869871 0.02277179
v -0.00837515 -0.02869871 0.02277179
v -0.00837515 -0.02869871 0.02277179
v -0.00632186 -0.02869871 0.02175096
v -0.00632186 -0.02869871 0.02175096
v -0.00632186 -0.02869871 0.02175096
v -0.00372138 -0.02869871 0.02066000
v -0.00372138 -0.02869871 0.02066000
v -0.00372138 -0.02869871 0.02066000
v -0.00372138 -0.02869871 0.02066000
v -0.00131373 -0.02869871 0.02010673
v -0.00131373 -0.02869871 0.02010673
v -0.00131373 -0.02869871 0.02010673
v -0.00110527 -0.02869871 0.02008335
v -0.00110527 -0.02869871 0.02008335
v -0.00110527 -0.02869871 0.02008335
v 0.00120337 -0.02869871 0.02005218
v 0.00120337 -0.02869871 0.02005218
v 0.00120337 -0.02869871 0.02005218
v 0.00120337 -0.02869871 0.02005218
v 0.00632094 -0.03714971 -0.00013835
v 0.00632094 -0.03714971 -0.00013835
v 0.00632094 -0.03714971 -0.00013835
v 0.00632094 -0.03714971 -0.00013835
v 0.00632094 -0.03714971 -0.00013835
v 0.00632094 -0.03714971 -0.00013835
v 0.00632094 -0.03921229 -0.00098774
v 0.00632094 -0.03921229 -0.00098774
v 0.00632094 -0.03921229 -0.00098774
v 0.00632094 -0.03921229 -0.00098774
v 0.00632094 -0.03921229 -0.00098774
v 0.01138119 -0.04174153 -0.00066825
v 0.01138119 -0.04174153 -0.00066825
v 0.01138119 -0.04174153 -0.00066825
v 0.01138119 -0.04174153 -0.00066825
v 0.01138119 -0.04174153 -0.00066825
v 0.01138119 -0.04174153 -0.00066825
v 0.01138119 -0.04174153 -0.00066825
v 0.00379342 -0.03563777 0.00147471
v 0.00379342 -0.03563777 0.00147471
v 0.00379342 -0.03563777 0.00147471
v 0.00379342 -0.03563777 0.00147471
v 0.00379342 -0.03563777 0.00147471
v 0.00379342 -0.03563777 0.00147471
v 0.00379342 -0.03563777 0.00147471
v 0.00379342 -0.03563777 0.00147471
v 0.00276157 -0.02869871 0.02036388
v 0.00276157 -0.02869871 0.02036388
v 0.00276157 -0.02869871 0.02036388
v 0.00276157 -0.02869871 0.02036388
v 0.01644144 -0.04427076 0.00000971
v 0.01644144 -0.04427076 0.00000971
v 0.01644144 -0.04427076 0.00000971
v 0.01644144 -0.04427076 0.00000971
v 0.01644144 -0.04427076 0.00000971
v 0.01644144 -0.04427076 0.00000971
v 0.01644144 -0.04427076 0.00000971
v 0.01644144 -0.04427076 0.00000971
v 0.01644144 -0.04427076 0.00000971
v 0.02027181 -0.04882992 0.00073441
v 0.02027181 -0.04882992 0.00073441
v 0.02027181 -0.04882992 0.00073441
v 0.02027181 -0.04882992 0.00073441
v 0.02027181 -0.04882992 0.00073441
v 0.02027181 -0.04882992 0.00073441
v 0.02027181 -0.04882992 0.00073441
v 0.02027181 -0.04882992 0.00073441
v 0.01991222 -0.05051451 0.00076559
v 0.01991222 -0.05051451 0.00076559
v 0.01991222 -0.05051451 0.00076559
v 0.01991222 -0.05051451 0.00076559
v 0.02402921 -0.06197540 0.00261242
v 0.02402921 -0.06197540 0.00261242
v 0.02402921 -0.06197540 0.00261242
v 0.02402921 -0.06197540 0.00261242
v 0.02560305 -0.06197540 0.00302543
v 0.02560305 -0.06197540 0.00302543
v 0.02560305 -0.06197540 0.00302543
v 0.02560305 -0.06197540 0.00302543
v 0.02560305 -0.06197540 0.00302543
v 0.02560305 -0.06197540 0.00302543
v 0.02560305 -0.06197540 0.00302543
v 0.02537896 -0.06347333 0.00321245
v 0.02537896 -0.06347333 0.00321245
v 0.02537896 -0.06347333 0.00321245
v 0.02537896 -0.06347333 0.00321245
v 0.02537896 -0.06347333 0.00321245
v 0.02304426 -0.06873246 0.00456056
v 0.02304426 -0.06873246 0.00456056
v 0.02304426 -0.06873246 0.00456056
v 0.02304426 -0.06873246 0.00456056
v 0.02304426 -0.06873246 0.00456056
v 0.02304426 -0.06873246 0.00456056
v 0.02304426 -0.06873246 0.00456056
v 0.02082421 -0.07131769 0.00513721
v 0.02082421 -0.07131769 0.00513721
v 0.02082421 -0.07131769 0.00513721
v 0.02082421 -0.07131769 0.00513721
v 0.02082421 -0.07131769 0.00513721
v 0.02082421 -0.07131769 0.00513721
v 0.01879177 -0.07212966 0.00488006
v 0.01879177 -0.07212966 0.00488006
v 0.01879177 -0.07212966 0.00488006
v 0.01879177 -0.07212966 0.00488006
v 0.01879177 -0.07212966 0.00488006
v 0.01644144 -0.07209233 0.00420990
v 0.01644144 -0.07209233 0.00420990
v 0.01644144 -0.07209233 0.00420990
v 0.01644144 -0.07209233 0.00420990
v 0.01644144 -0.07209233 0.00420990
v 0.01782767 -0.07340828 0.00570607
v 0.01782767 -0.07340828 0.00570607
v 0.01782767 -0.07340828 0.00570607
v 0.01782767 -0.07340828 0.00570607
v 0.01782767 -0.07340828 0.00570607
v 0.01782767 -0.07340828 0.00570607
v 0.01782767 -0.07340828 0.00614245
v 0.01782767 -0.07340828 0.00614245
v 0.01782767 -0.07340828 0.00614245
v 0.01782767 -0.07340828 0.00614245
v 0.01782767 -0.07340828 0.00614245
v 0.01782767 -0.07340828 0.00614245
v 0.01782767 -0.07340828 0.00614245
v 0.01782767 -0.07340828 0.00614245
v 0.01782767 -0.07340828 0.00614245
v 0.01782767 -0.07340828 0.00614245
v 0.01651440 -0.07366026 0.00702302
v 0.01651440 -0.07366026 0.00702302
v 0.01651440 -0.07366026 0.00702302
v 0.01527930 -0.07338960 0.01109073
v 0.01527930 -0.07338960 0.01109073
v 0.01527930 -0.07338960 0.01109073
v 0.01527930 -0.07338960 0.01109073
v 0.01527930 -0.07338960 0.01109073
v 0.01527930 -0.07338960 0.01109073
v 0.01527930 -0.07338960 0.01109073
v 0.01527930 -0.07338960 0.01109073
v 0.01257981 -0.07334294 0.01585978
v 0.01257981 -0.07334294 0.01585978
v 0.01257981 -0.07334294 0.01585978
v 0.01257981 -0.07334294 0.01585978
v 0.01257981 -0.07334294 0.01585978
v 0.01257981 -0.07334294 0.01585978
v 0.01257981 -0.07334294 0.01585978
v 0.01257981 -0.07334294 0.01585978
v 0.01257981 -0.07334294 0.01585978
v 0.00875987 -0.07359493 0.01730140
v 0.00875987 -0.07359493 0.01730140
v 0.00875987 -0.07359493 0.01730140
v 0.00875987 -0.07359493 0.01730140
v 0.00875987 -0.07359493 0.01730140
v 0.00632094 -0.07383292 0.01720789
v 0.00632094 -0.07383292 0.01720789
v 0.00632094 -0.07383292 0.01720789
v 0.00632094 -0.07383292 0.01720789
v 0.00632094 -0.07383292 0.01720789
v 0.00379342 -0.07396359 0.01720789
v 0.00379342 -0.07396359 0.01720789
v 0.00379342 -0.07396359 0.01720789
v 0.00632094 -0.06945576 0.03491260
v 0.00632094 -0.06945576 0.03491260
v 0.00632094 -0.06945576 0.03491260
v 0.00632094 -0.06945576 0.03491260
v 0.00632094 -0.06945576 0.03491260
v 0.00632094 -0.06945576 0.03491260
v 0.00632094 -0.06945576 0.03491260
v 0.00632094 -0.06945576 0.03491260
v 0.00379342 -0.06957242 0.03491260
v 0.00379342 -0.06957242 0.03491260
v 0.00379342 -0.06957242 0.03491260
v 0.00379342 -0.06957242 0.03491260
v 0.00379342 -0.06957242 0.03491260
v 0.00126069 -0.06961443 0.03491260
v 0.00126069 -0.06961443 0.03491260
v 0.00126069 -0.06961443 0.03491260
v 0.00126069 -0.06961443 0.03491260
v 0.01159486 -0.07318428 0.01730140
v 0.01159486 -0.07318428 0.01730140
v 0.01159486 -0.07318428 0.01730140
v 0.01159486 -0.07318428 0.01730140
v 0.01159486 -0.07318428 0.01730140
v 0.01159486 -0.07318428 0.01730140
v 0.00954157 -0.07329161 0.01821314
v 0.00954157 -0.07329161 0.01821314
v 0.00954157 -0.07329161 0.01821314
v 0.00954157 -0.07329161 0.01821314
v 0.00954157 -0.07329161 0.01821314
v -0.00379434 -0.07396359 0.01720789
v -0.00379434 -0.07396359 0.01720789
v -0.00379434 -0.07396359 0.01720789
v -0.00379434 -0.07396359 0.01720789
v -0.00632186 -0.07383292 0.01720789
v -0.00632186 -0.07383292 0.01720789
v -0.00632186 -0.07383292 0.01720789
v -0.00632186 -0.07383292 0.01720789
v -0.00632186 -0.07383292 0.01720789
v -0.00875558 -0.07359027 0.01730140
v -0.00875558 -0.07359027 0.01730140
v -0.00875558 -0.07359027 0.01730140
v -0.00875558 -0.07359027 0.01730140
v -0.00875558 -0.07359027 0.01730140
v -0.00126161 -0.06961443 0.03491260
v -0.00126161 -0.06961443 0.03491260
v -0.00126161 -0.06961443 0.03491260
v -0.00126161 -0.06961443 0.03491260
v -0.00379434 -0.06957242 0.03491260
v -0.00379434 -0.06957242 0.03491260
v -0.00379434 -0.06957242 0.03491260
v -0.00379434 -0.06957242 0.03491260
v -0.00379434 -0.06957242 0.03491260
v -0.00379434 -0.06957242 0.03491260
v -0.00953728 -0.07329161 0.01820534
v -0.00953728 -0.07329161 0.01820534
v -0.00953728 -0.07329161 0.01820534
v -0.00953728 -0.07329161 0.01820534
v -0.00953728 -0.07329161 0.01820534
v -0.01235143 -0.06822381 0.03591784
v -0.01235143 -0.06822381 0.03591784
v -0.01235143 -0.06822381 0.03591784
v -0.01235143 -0.06822381 0.03591784
v -0.01235143 -0.06822381 0.03591784
v -0.01235143 -0.06822381 0.03591784
v -0.01235143 -0.06822381 0.03591784
v -0.01235143 -0.06822381 0.03591784
v -0.01235143 -0.06822381 0.03591784
v -0.01235143 -0.06822381 0.03591784
v -0.01235143 -0.06822381 0.03591784
v -0.00884938 -0.06919911 0.03491260
v -0.00884938 -0.06919911 0.03491260
v -0.00884938 -0.06919911 0.03491260
v -0.00884938 -0.06919911 0.03491260
v -0.00884938 -0.06919911 0.03491260
v -0.00884938 -0.06919911 0.03491260
v -0.00884938 -0.06919911 0.03491260
v -0.00884938 -0.06919911 0.03491260
v -0.01066294 -0.06842914 0.03664255
v -0.01066294 -0.06842914 0.03664255
v -0.01066294 -0.06842914 0.03664255
v -0.01066294 -0.06842914 0.03664255
v -0.01066294 -0.06842914 0.03664255
v -0.01066294 -0.06842914 0.03664255
v -0.01066294 -0.06842914 0.03664255
v -0.01066294 -0.06842914 0.03664255
v -0.01145507 -0.06868113 0.03500611
v -0.01145507 -0.06868113 0.03500611
v -0.01145507 -0.06868113 0.03500611
v -0.01393048 -0.06791116 0.03500611
v -0.01393048 -0.06791116 0.03500611
v -0.01393048 -0.06791116 0.03500611
v -0.01393048 -0.06791116 0.03500611
v -0.01390963 -0.06716919 0.03744518
v -0.01390963 -0.06716919 0.03744518
v -0.01390963 -0.06716919 0.03744518
v -0.01390963 -0.06716919 0.03744518
v -0.01390963 -0.06716919 0.03744518
v -0.01401386 -0.06632456 0.04000114
v -0.01401386 -0.06632456 0.04000114
v -0.01401386 -0.06632456 0.04000114
v -0.01401386 -0.06632456 0.04000114
v -0.01783380 -0.06334267 0.04149731
v -0.01783380 -0.06334267 0.04149731
v -0.01783380 -0.06334267 0.04149731
v -0.01783380 -0.06334267 0.04149731
v -0.01783380 -0.06334267 0.04149731
v -0.01783380 -0.06334267 0.04149731
v -0.01783380 -0.06334267 0.04149731
v -0.01783380 -0.06334267 0.04149731
v -0.01783380 -0.06334267 0.04149731
v -0.01783380 -0.06334267 0.04149731
v -0.01323736 -0.06602123 0.04198045
v -0.01323736 -0.06602123 0.04198045
v -0.01323736 -0.06602123 0.04198045
v -0.01323736 -0.06602123 0.04198045
v -0.01323736 -0.06602123 0.04198045
v -0.01253904 -0.06573658 0.04366364
v -0.01253904 -0.06573658 0.04366364
v -0.01253904 -0.06573658 0.04366364
v -0.01253904 -0.06573658 0.04366364
v -0.01253904 -0.06573658 0.04366364
v -0.01253904 -0.06573658 0.04366364
v -0.01253904 -0.06573658 0.04366364
v -0.01253904 -0.06573658 0.04366364
v -0.01253904 -0.06573658 0.04366364
v -0.01253904 -0.06573658 0.04366364
v -0.01253904 -0.06573658 0.04366364
v -0.01279961 -0.06334734 0.04902493
v -0.01279961 -0.06334734 0.04902493
v -0.01279961 -0.06334734 0.04902493
v -0.01279961 -0.06334734 0.04902493
v -0.01279961 -0.06334734 0.04902493
v -0.01279961 -0.06334734 0.04902493
v -0.01521248 -0.06073411 0.05140166
v -0.01521248 -0.06073411 0.05140166
v -0.01521248 -0.06073411 0.05140166
v -0.01521248 -0.06073411 0.05140166
v -0.01521248 -0.06073411 0.05140166
v -0.01521248 -0.06073411 0.05140166
v -0.01521248 -0.06073411 0.05140166
v -0.01995483 -0.06289469 0.03744518
v -0.01995483 -0.06289469 0.03744518
v -0.01995483 -0.06289469 0.03744518
v -0.01995483 -0.06289469 0.03744518
v -0.02025709 -0.06073878 0.04129471
v -0.02025709 -0.06073878 0.04129471
v -0.02025709 -0.06073878 0.04129471
v -0.02025709 -0.06073878 0.04129471
v -0.02025709 -0.06073878 0.04129471
v -0.02025709 -0.06073878 0.04129471
v -0.02025709 -0.06073878 0.04129471
v -0.02025709 -0.06073878 0.04129471
v -0.02025709 -0.06073878 0.04129471
v -0.02047076 -0.06104676 0.03996218
v -0.02047076 -0.06104676 0.03996218
v -0.02047076 -0.06104676 0.03996218
v -0.02047076 -0.06104676 0.03996218
v -0.02047076 -0.06104676 0.03996218
v -0.02085640 -0.06163007 0.03744518
v -0.02085640 -0.06163007 0.03744518
v -0.02085640 -0.06163007 0.03744518
v -0.02085640 -0.06163007 0.03744518
v -0.02085640 -0.06163007 0.03744518
v -0.02085640 -0.06163007 0.03744518
v -0.02085640 -0.06163007 0.03744518
v -0.02114824 -0.06220405 0.03511520
v -0.02114824 -0.06220405 0.03511520
v -0.02114824 -0.06220405 0.03511520
v -0.02114824 -0.06220405 0.03511520
v -0.02114824 -0.06220405 0.03511520
v -0.02237812 -0.06252604 0.02985523
v -0.02237812 -0.06252604 0.02985523
v -0.02237812 -0.06252604 0.02985523
v -0.02237812 -0.06252604 0.02985523
v -0.02237812 -0.06252604 0.02985523
v -0.02212276 -0.06183073 0.03238002
v -0.02212276 -0.06183073 0.03238002
v -0.02212276 -0.06183073 0.03238002
v -0.02212276 -0.06183073 0.03238002
v -0.02212276 -0.06183073 0.03238002
v -0.01996525 -0.05773823 0.04755214
v -0.01996525 -0.05773823 0.04755214
v -0.01996525 -0.05773823 0.04755214
v -0.01996525 -0.05773823 0.04755214
v -0.01951186 -0.05682826 0.05009251
v -0.01951186 -0.05682826 0.05009251
v -0.01951186 -0.05682826 0.05009251
v -0.01951186 -0.05682826 0.05009251
v -0.02022061 -0.05815821 0.04625857
v -0.02022061 -0.05815821 0.04625857
v -0.02022061 -0.05815821 0.04625857
v -0.02022061 -0.05815821 0.04625857
v -0.02022061 -0.05815821 0.04625857
v -0.02022061 -0.05815821 0.04625857
v -0.02022061 -0.05815821 0.04625857
v -0.02022061 -0.05815821 0.04625857
v -0.02022061 -0.05815821 0.04625857
v -0.02022061 -0.05815821 0.04625857
v -0.02022061 -0.05815821 0.04625857
v -0.02022061 -0.05815821 0.04625857
v -0.01806831 -0.05614696 0.05468233
v -0.01806831 -0.05614696 0.05468233
v -0.01806831 -0.05614696 0.05468233
v -0.01806831 -0.05614696 0.05468233
v -0.01806831 -0.05614696 0.05468233
v -0.01806831 -0.05614696 0.05468233
v -0.01806831 -0.05614696 0.05468233
v -0.01768788 -0.05562431 0.05637332
v -0.01768788 -0.05562431 0.05637332
v -0.01768788 -0.05562431 0.05637332
v -0.01768788 -0.05562431 0.05637332
v -0.01768788 -0.05562431 0.05637332
v -0.01768788 -0.05562431 0.05637332
v -0.01768788 -0.05562431 0.05637332
v -0.01768788 -0.05562431 0.05637332
v -0.01768788 -0.05562431 0.05637332
v -0.01864677 -0.05462102 0.05537587
v -0.01864677 -0.05462102 0.05537587
v -0.01864677 -0.05462102 0.05537587
v -0.01864677 -0.05462102 0.05537587
v -0.01810479 -0.05384638 0.05767467
v -0.01810479 -0.05384638 0.05767467
v -0.01810479 -0.05384638 0.05767467
v -0.01810479 -0.05384638 0.05767467
v -0.01733351 -0.05511100 0.05767467
v -0.01733351 -0.05511100 0.05767467
v -0.01733351 -0.05511100 0.05767467
v -0.01733351 -0.05511100 0.05767467
v -0.01733351 -0.05511100 0.05767467
v -0.01644757 -0.05436903 0.06016829
v -0.01644757 -0.05436903 0.06016829
v -0.01644757 -0.05436903 0.06016829
v -0.01644757 -0.05436903 0.06016829
v -0.01567108 -0.05377639 0.06227229
v -0.01567108 -0.05377639 0.06227229
v -0.01567108 -0.05377639 0.06227229
v -0.01567108 -0.05377639 0.06227229
v -0.01514473 -0.05307641 0.06395548
v -0.01514473 -0.05307641 0.06395548
v -0.01514473 -0.05307641 0.06395548
v -0.01514473 -0.05307641 0.06395548
v -0.01514473 -0.05307641 0.06395548
v -0.01514473 -0.05307641 0.06395548
v -0.01514473 -0.05307641 0.06395548
v -0.01514473 -0.05307641 0.06395548
v -0.01514473 -0.05307641 0.06395548
v -0.01735435 -0.05231111 0.06080729
v -0.01735435 -0.05231111 0.06080729
v -0.01735435 -0.05231111 0.06080729
v -0.01735435 -0.05231111 0.06080729
v -0.01771394 -0.05062651 0.06148524
v -0.01771394 -0.05062651 0.06148524
v -0.01771394 -0.05062651 0.06148524
v -0.01771394 -0.05062651 0.06148524
v -0.01771394 -0.05062651 0.06148524
v -0.01771394 -0.05062651 0.06148524
v -0.01771394 -0.05062651 0.06148524
v -0.01771394 -0.05062651 0.06148524
v -0.01771394 -0.05062651 0.06148524
v -0.01771394 -0.05062651 0.06148524
v -0.01771394 -0.05062651 0.06148524
v -0.01799535 -0.05162513 0.06005920
v -0.01799535 -0.05162513 0.06005920
v -0.01799535 -0.05162513 0.06005920
v -0.01854776 -0.04932923 0.06019947
v -0.01854776 -0.04932923 0.06019947
v -0.01854776 -0.04932923 0.06019947
v -0.01854776 -0.04932923 0.06019947
v -0.01854776 -0.04932923 0.06019947
v -0.01854776 -0.04932923 0.06019947
v -0.01785465 -0.04932923 0.06178135
v -0.01785465 -0.04932923 0.06178135
v -0.01785465 -0.04932923 0.06178135
v -0.01785465 -0.04932923 0.06178135
v -0.01785465 -0.04932923 0.06178135
v -0.02072090 -0.05945082 0.04228436
v -0.02072090 -0.05945082 0.04228436
v -0.02072090 -0.05945082 0.04228436
v -0.02072090 -0.05945082 0.04228436
v -0.02050202 -0.05861086 0.04456758
v -0.02050202 -0.05861086 0.04456758
v -0.02050202 -0.05861086 0.04456758
v -0.02050202 -0.05861086 0.04456758
v -0.02050202 -0.05861086 0.04456758
v -0.01202832 -0.02869871 0.06058909
v -0.01202832 -0.02869871 0.06058909
v -0.01202832 -0.02869871 0.06058909
v -0.01202832 -0.02869871 0.06058909
v -0.01721364 -0.04932923 0.06304375
v -0.01721364 -0.04932923 0.06304375
v -0.01721364 -0.04932923 0.06304375
v -0.01721364 -0.04932923 0.06304375
v -0.01721364 -0.04932923 0.06304375
v -0.01721364 -0.04932923 0.06304375
v -0.01652053 -0.04680000 0.06525684
v -0.01652053 -0.04680000 0.06525684
v -0.01652053 -0.04680000 0.06525684
v -0.01652053 -0.04680000 0.06525684
v -0.01652053 -0.04680000 0.06525684
v -0.01652053 -0.04680000 0.06525684
v -0.01549910 -0.04680000 0.06704913
v -0.01549910 -0.04680000 0.06704913
v -0.01549910 -0.04680000 0.06704913
v -0.01549910 -0.04680000 0.06704913
v -0.01549910 -0.04680000 0.06704913
v -0.01466528 -0.04680000 0.06831152
v -0.01466528 -0.04680000 0.06831152
v -0.01466528 -0.04680000 0.06831152
v -0.01466528 -0.04680000 0.06831152
v -0.01340413 -0.04680000 0.07001030
v -0.01340413 -0.04680000 0.07001030
v -0.01340413 -0.04680000 0.07001030
v -0.01340413 -0.04680000 0.07001030
v -0.01340413 -0.04680000 0.07001030
v -0.01340413 -0.04680000 0.07001030
v -0.01340413 -0.04680000 0.07001030
v -0.01257552 -0.04471874 0.07149868
v -0.01257552 -0.04471874 0.07149868
v -0.01257552 -0.04471874 0.07149868
v -0.01257552 -0.04471874 0.07149868
v -0.01257552 -0.04471874 0.07149868
v -0.01257552 -0.04471874 0.07149868
v -0.01257552 -0.04471874 0.07149868
v -0.01338849 -0.04403277 0.07052461
v -0.01338849 -0.04403277 0.07052461
v -0.01338849 -0.04403277 0.07052461
v -0.01264848 -0.04303415 0.07158440
v -0.01264848 -0.04303415 0.07158440
v -0.01264848 -0.04303415 0.07158440
v -0.01264848 -0.04303415 0.07158440
v -0.01264848 -0.04303415 0.07158440
v -0.01018350 -0.04259549 0.07417153
v -0.01018350 -0.04259549 0.07417153
v -0.01018350 -0.04259549 0.07417153
v -0.01018350 -0.04259549 0.07417153
v -0.01018350 -0.04259549 0.07417153
v -0.01000631 -0.04091089 0.07394555
v -0.01000631 -0.04091089 0.07394555
v -0.01000631 -0.04091089 0.07394555
v -0.01000631 -0.04091089 0.07394555
v -0.01000631 -0.04091089 0.07394555
v -0.01000631 -0.04091089 0.07394555
v -0.01000631 -0.04091089 0.07394555
v -0.01000631 -0.04091089 0.07394555
v -0.01000631 -0.04091089 0.07394555
v -0.01000631 -0.04091089 0.07394555
v -0.01000631 -0.04091089 0.07394555
v 0.00884846 -0.03921229 -0.00062149
v 0.00884846 -0.03921229 -0.00062149
v 0.00884846 -0.03921229 -0.00062149
v 0.00884846 -0.03921229 -0.00062149
v 0.00884846 -0.03921229 -0.00062149
v 0.00884846 -0.03921229 -0.00062149
v 0.00884846 -0.03921229 -0.00062149
v 0.00884846 -0.03754170 0.00022790
v 0.00884846 -0.03754170 0.00022790
v 0.00884846 -0.03754170 0.00022790
v 0.00884846 -0.03754170 0.00022790
v 0.00884846 -0.03754170 0.00022790
v 0.00884846 -0.03754170 0.00022790
v 0.00884846 -0.03754170 0.00022790
v 0.01412238 -0.04153154 -0.00003705
v 0.01412238 -0.04153154 -0.00003705
v 0.01412238 -0.04153154 -0.00003705
v 0.01412238 -0.04153154 -0.00003705
v 0.01412238 -0.04153154 -0.00003705
v 0.00619066 -0.03588976 0.00218383
v 0.00619066 -0.03588976 0.00218383
v 0.00619066 -0.03588976 0.00218383
v 0.00619066 -0.03588976 0.00218383
v 0.00619066 -0.03588976 0.00218383
v 0.00619066 -0.03588976 0.00218383
v 0.00619066 -0.03588976 0.00218383
v 0.00619066 -0.03588976 0.00218383
v 0.00371525 -0.02869871 0.02066779
v 0.00371525 -0.02869871 0.02066779
v 0.00371525 -0.02869871 0.02066779
v 0.00632094 -0.02869871 0.02174317
v 0.00632094 -0.02869871 0.02174317
v 0.00632094 -0.02869871 0.02174317
v 0.00813450 -0.02869871 0.02253801
v 0.00813450 -0.02869871 0.02253801
v 0.00813450 -0.02869871 0.02253801
v 0.00813450 -0.02869871 0.02253801
v 0.01644144 -0.04241350 0.00043051
v 0.01644144 -0.04241350 0.00043051
v 0.01644144 -0.04241350 0.00043051
v 0.01644144 -0.04241350 0.00043051
v 0.01644144 -0.04241350 0.00043051
v 0.01811950 -0.04427076 0.00053960
v 0.01811950 -0.04427076 0.00053960
v 0.01811950 -0.04427076 0.00053960
v 0.01811950 -0.04427076 0.00053960
v 0.02027181 -0.04795262 0.00073441
v 0.02027181 -0.04795262 0.00073441
v 0.02027181 -0.04795262 0.00073441
v 0.02027181 -0.04795262 0.00073441
v 0.02027181 -0.04795262 0.00073441
v 0.02027181 -0.04795262 0.00073441
v 0.02027181 -0.04795262 0.00073441
v 0.02027181 -0.04795262 0.00073441
v 0.02027181 -0.04795262 0.00073441
v 0.01903671 -0.04698665 0.00049285
v 0.01903671 -0.04698665 0.00049285
v 0.01903671 -0.04698665 0.00049285
v 0.02564474 -0.05944149 0.00300984
v 0.02564474 -0.05944149 0.00300984
v 0.02564474 -0.05944149 0.00300984
v 0.02564474 -0.05944149 0.00300984
v 0.02564474 -0.05944149 0.00300984
v 0.02634306 -0.05944149 0.00456056
v 0.02634306 -0.05944149 0.00456056
v 0.02634306 -0.05944149 0.00456056
v 0.02634306 -0.05944149 0.00456056
v 0.02634306 -0.05944149 0.00456056
v 0.02634306 -0.05944149 0.00456056
v 0.02634306 -0.05944149 0.00456056
v 0.02606686 -0.06197540 0.00456056
v 0.02606686 -0.06197540 0.00456056
v 0.02606686 -0.06197540 0.00456056
v 0.02606686 -0.06197540 0.00456056
v 0.02606686 -0.06197540 0.00456056
v 0.02606686 -0.06197540 0.00456056
v 0.02548839 -0.06379532 0.00456056
v 0.02548839 -0.06379532 0.00456056
v 0.02548839 -0.06379532 0.00456056
v 0.02548839 -0.06379532 0.00456056
v 0.02548839 -0.06379532 0.00456056
v 0.02548839 -0.06379532 0.00456056
v 0.02548839 -0.06379532 0.00456056
v 0.02420118 -0.06703387 0.00708536
v 0.02420118 -0.06703387 0.00708536
v 0.02420118 -0.06703387 0.00708536
v 0.02420118 -0.06703387 0.00708536
v 0.02420118 -0.06703387 0.00708536
v 0.02420118 -0.06703387 0.00708536
v 0.02319017 -0.06894712 0.00708536
v 0.02319017 -0.06894712 0.00708536
v 0.02319017 -0.06894712 0.00708536
v 0.02319017 -0.06894712 0.00708536
v 0.02319017 -0.06894712 0.00708536
v 0.02223650 -0.07021173 0.00708536
v 0.02223650 -0.07021173 0.00708536
v 0.02223650 -0.07021173 0.00708536
v 0.02223650 -0.07021173 0.00708536
v 0.02223650 -0.07021173 0.00708536
v 0.02223650 -0.07021173 0.00708536
v 0.02223650 -0.07021173 0.00708536
v 0.02223650 -0.07021173 0.00708536
v 0.02223650 -0.07021173 0.00708536
v 0.02223650 -0.07021173 0.00708536
v 0.02223650 -0.07021173 0.00708536
v 0.02097534 -0.07143902 0.00708536
v 0.02097534 -0.07143902 0.00708536
v 0.02097534 -0.07143902 0.00708536
v 0.02097534 -0.07143902 0.00708536
v 0.02097534 -0.07143902 0.00708536
v 0.02097534 -0.07143902 0.00708536
v 0.01741076 -0.07326361 0.00782565
v 0.01741076 -0.07326361 0.00782565
v 0.01741076 -0.07326361 0.00782565
v 0.01879177 -0.07277830 0.00702302
v 0.01879177 -0.07277830 0.00702302
v 0.01879177 -0.07277830 0.00702302
v 0.01879177 -0.07277830 0.00702302
v 0.01879177 -0.07277830 0.00702302
v 0.01879177 -0.07277830 0.00702302
v 0.01879177 -0.07277830 0.00702302
v 0.01871881 -0.07140168 0.01467531
v 0.01871881 -0.07140168 0.01467531
v 0.01871881 -0.07140168 0.01467531
v 0.01871881 -0.07140168 0.01467531
v 0.01871881 -0.07140168 0.01467531
v 0.01871881 -0.07140168 0.01467531
v 0.01827585 -0.07114503 0.01720789
v 0.01827585 -0.07114503 0.01720789
v 0.01827585 -0.07114503 0.01720789
v 0.01827585 -0.07114503 0.01720789
v 0.01827585 -0.07114503 0.01720789
v 0.01827585 -0.07114503 0.01720789
v 0.01827585 -0.07114503 0.01720789
v 0.01644144 -0.07242365 0.01467531
v 0.01644144 -0.07242365 0.01467531
v 0.01644144 -0.07242365 0.01467531
v 0.01644144 -0.07242365 0.01467531
v 0.01644144 -0.07242365 0.01467531
v 0.01644144 -0.07242365 0.01467531
v 0.01644144 -0.07242365 0.01467531
v 0.01477901 -0.07325895 0.01277393
v 0.01477901 -0.07325895 0.01277393
v 0.01477901 -0.07325895 0.01277393
v 0.01392434 -0.07315628 0.01487792
v 0.01392434 -0.07315628 0.01487792
v 0.01392434 -0.07315628 0.01487792
v 0.01392434 -0.07315628 0.01487792
v 0.01392434 -0.07315628 0.01487792
v 0.01392434 -0.07315628 0.01487792
v 0.01390871 -0.07267564 0.01720789
v 0.01390871 -0.07267564 0.01720789
v 0.01390871 -0.07267564 0.01720789
v 0.01390871 -0.07267564 0.01720789
v 0.01390871 -0.07267564 0.01720789
v 0.01390871 -0.07267564 0.01720789
v 0.01138119 -0.06938110 0.03238002
v 0.01138119 -0.06938110 0.03238002
v 0.01138119 -0.06938110 0.03238002
v 0.01138119 -0.06938110 0.03238002
v 0.01138119 -0.06938110 0.03238002
v 0.01138119 -0.06938110 0.03238002
v 0.00785830 -0.07338494 0.01854042
v 0.00785830 -0.07338494 0.01854042
v 0.00785830 -0.07338494 0.01854042
v 0.00785830 -0.07338494 0.01854042
v 0.00785830 -0.07338494 0.01854042
v 0.00884846 -0.06919911 0.03491260
v 0.00884846 -0.06919911 0.03491260
v 0.00884846 -0.06919911 0.03491260
v 0.00884846 -0.06919911 0.03491260
v 0.00884846 -0.06919911 0.03491260
v 0.00884846 -0.06919911 0.03491260
v 0.00884846 -0.06919911 0.03491260
v 0.00884846 -0.06919911 0.03491260
v 0.00773844 -0.06832181 0.03877771
v 0.00773844 -0.06832181 0.03877771
v 0.00773844 -0.06832181 0.03877771
v 0.00773844 -0.06832181 0.03877771
v 0.00773844 -0.06832181 0.03877771
v 0.00773844 -0.06832181 0.03877771
v 0.00773844 -0.06832181 0.03877771
v 0.00773844 -0.06832181 0.03877771
v 0.00773844 -0.06832181 0.03877771
v 0.00773844 -0.06832181 0.03877771
v 0.00632094 -0.06879312 0.03744518
v 0.00632094 -0.06879312 0.03744518
v 0.00632094 -0.06879312 0.03744518
v 0.00632094 -0.06879312 0.03744518
v 0.00379342 -0.06891445 0.03744518
v 0.00379342 -0.06891445 0.03744518
v 0.00379342 -0.06891445 0.03744518
v 0.00379342 -0.06891445 0.03744518
v 0.00379342 -0.06891445 0.03744518
v 0.00379342 -0.06891445 0.03744518
v 0.00379342 -0.06891445 0.03744518
v 0.00126069 -0.06896112 0.03744518
v 0.00126069 -0.06896112 0.03744518
v 0.00126069 -0.06896112 0.03744518
v 0.00126069 -0.06896112 0.03744518
v 0.00126069 -0.06896112 0.03744518
v 0.01066202 -0.06842914 0.03664255
v 0.01066202 -0.06842914 0.03664255
v 0.01066202 -0.06842914 0.03664255
v 0.01066202 -0.06842914 0.03664255
v 0.01066202 -0.06842914 0.03664255
v 0.01066202 -0.06842914 0.03664255
v 0.01066202 -0.06842914 0.03664255
v 0.01066202 -0.06842914 0.03664255
v -0.00632186 -0.06945576 0.03491260
v -0.00632186 -0.06945576 0.03491260
v -0.00632186 -0.06945576 0.03491260
v -0.00632186 -0.06945576 0.03491260
v -0.00632186 -0.06945576 0.03491260
v -0.00632186 -0.06945576 0.03491260
v -0.00632186 -0.06945576 0.03491260
v -0.00632186 -0.06945576 0.03491260
v -0.00785401 -0.07338494 0.01854042
v -0.00785401 -0.07338494 0.01854042
v -0.00785401 -0.07338494 0.01854042
v -0.00785401 -0.07338494 0.01854042
v -0.00785401 -0.07338494 0.01854042
v -0.00126161 -0.06896112 0.03744518
v -0.00126161 -0.06896112 0.03744518
v -0.00126161 -0.06896112 0.03744518
v -0.00126161 -0.06896112 0.03744518
v -0.00126161 -0.06896112 0.03744518
v -0.00379434 -0.06891445 0.03744518
v -0.00379434 -0.06891445 0.03744518
v -0.00379434 -0.06891445 0.03744518
v -0.00379434 -0.06891445 0.03744518
v -0.00379434 -0.06891445 0.03744518
v -0.00379434 -0.06891445 0.03744518
v -0.00379434 -0.06891445 0.03744518
v -0.01145507 -0.06799982 0.03746856
v -0.01145507 -0.06799982 0.03746856
v -0.01145507 -0.06799982 0.03746856
v -0.01138211 -0.06727185 0.03996218
v -0.01138211 -0.06727185 0.03996218
v -0.01138211 -0.06727185 0.03996218
v -0.01138211 -0.06727185 0.03996218
v -0.01138211 -0.06727185 0.03996218
v -0.01138211 -0.06727185 0.03996218
v -0.01138211 -0.06727185 0.03996218
v -0.01138211 -0.06727185 0.03996218
v -0.00773936 -0.06832181 0.03877771
v -0.00773936 -0.06832181 0.03877771
v -0.00773936 -0.06832181 0.03877771
v -0.00773936 -0.06832181 0.03877771
v -0.00773936 -0.06832181 0.03877771
v -0.00773936 -0.06832181 0.03877771
v -0.00773936 -0.06832181 0.03877771
v -0.00773936 -0.06832181 0.03877771
v -0.00773936 -0.06832181 0.03877771
v -0.00773936 -0.06832181 0.03877771
v -0.00868783 -0.06854113 0.03746856
v -0.00868783 -0.06854113 0.03746856
v -0.00868783 -0.06854113 0.03746856
v -0.00942784 -0.06819114 0.03833353
v -0.00942784 -0.06819114 0.03833353
v -0.00942784 -0.06819114 0.03833353
v -0.00942784 -0.06819114 0.03833353
v -0.00942784 -0.06819114 0.03833353
v -0.00942784 -0.06819114 0.03833353
v -0.00942784 -0.06819114 0.03833353
v -0.01943890 -0.06231138 0.03996218
v -0.01943890 -0.06231138 0.03996218
v -0.01943890 -0.06231138 0.03996218
v -0.01943890 -0.06231138 0.03996218
v -0.01742210 -0.06044945 0.04831581
v -0.01742210 -0.06044945 0.04831581
v -0.01742210 -0.06044945 0.04831581
v -0.01742210 -0.06044945 0.04831581
v -0.01742210 -0.06044945 0.04831581
v -0.01787028 -0.06087877 0.04663261
v -0.01787028 -0.06087877 0.04663261
v -0.01787028 -0.06087877 0.04663261
v -0.01787028 -0.06087877 0.04663261
v -0.01787028 -0.06087877 0.04663261
v -0.01787028 -0.06087877 0.04663261
v -0.01823508 -0.06126609 0.04501955
v -0.01823508 -0.06126609 0.04501955
v -0.01823508 -0.06126609 0.04501955
v -0.01823508 -0.06126609 0.04501955
v -0.01823508 -0.06126609 0.04501955
v -0.01156972 -0.06634322 0.04268958
v -0.01156972 -0.06634322 0.04268958
v -0.01156972 -0.06634322 0.04268958
v -0.01085576 -0.06598857 0.04438836
v -0.01085576 -0.06598857 0.04438836
v -0.01085576 -0.06598857 0.04438836
v -0.01085576 -0.06598857 0.04438836
v -0.01085576 -0.06598857 0.04438836
v -0.01085576 -0.06598857 0.04438836
v -0.01156972 -0.06548925 0.04514423
v -0.01156972 -0.06548925 0.04514423
v -0.01156972 -0.06548925 0.04514423
v -0.01156972 -0.06548925 0.04514423
v -0.01156972 -0.06548925 0.04514423
v -0.01138211 -0.06459795 0.04755214
v -0.01138211 -0.06459795 0.04755214
v -0.01138211 -0.06459795 0.04755214
v -0.01033984 -0.06334734 0.05160427
v -0.01033984 -0.06334734 0.05160427
v -0.01033984 -0.06334734 0.05160427
v -0.01033984 -0.06334734 0.05160427
v -0.01033984 -0.06334734 0.05160427
v -0.01033984 -0.06334734 0.05160427
v -0.01033984 -0.06334734 0.05160427
v -0.01033984 -0.06334734 0.05160427
v -0.01033984 -0.06334734 0.05160427
v -0.01033984 -0.06334734 0.05160427
v -0.01033984 -0.06334734 0.05160427
v -0.01033984 -0.06334734 0.05160427
v -0.01033984 -0.06334734 0.05160427
v -0.01126225 -0.06364133 0.04995224
v -0.01126225 -0.06364133 0.04995224
v -0.01126225 -0.06364133 0.04995224
v -0.01278397 -0.05826088 0.05909292
v -0.01278397 -0.05826088 0.05909292
v -0.01278397 -0.05826088 0.05909292
v -0.01278397 -0.05826088 0.05909292
v -0.01278397 -0.05826088 0.05909292
v -0.01278397 -0.05826088 0.05909292
v -0.01278397 -0.05826088 0.05909292
v -0.01278397 -0.05826088 0.05909292
v -0.01517599 -0.05817688 0.05640449
v -0.01517599 -0.05817688 0.05640449
v -0.01517599 -0.05817688 0.05640449
v -0.01517599 -0.05817688 0.05640449
v -0.01517599 -0.05817688 0.05640449
v -0.01517599 -0.05817688 0.05640449
v -0.01517599 -0.05817688 0.05640449
v -0.01517599 -0.05817688 0.05640449
v -0.01556685 -0.05850820 0.05514209
v -0.01556685 -0.05850820 0.05514209
v -0.01556685 -0.05850820 0.05514209
v -0.01556685 -0.05850820 0.05514209
v -0.01556685 -0.05850820 0.05514209
v -0.01992877 -0.06030013 0.04298569
v -0.01992877 -0.06030013 0.04298569
v -0.01992877 -0.06030013 0.04298569
v -0.01992877 -0.06030013 0.04298569
v -0.01992877 -0.06030013 0.04298569
v -0.01992877 -0.06030013 0.04298569
v -0.01964215 -0.05945082 0.04525333
v -0.01964215 -0.05945082 0.04525333
v -0.01964215 -0.05945082 0.04525333
v -0.01817775 -0.05872752 0.05008472
v -0.01817775 -0.05872752 0.05008472
v -0.01817775 -0.05872752 0.05008472
v -0.01817775 -0.05872752 0.05008472
v -0.01817775 -0.05872752 0.05008472
v -0.01783901 -0.05832620 0.05162765
v -0.01783901 -0.05832620 0.05162765
v -0.01783901 -0.05832620 0.05162765
v -0.01783901 -0.05832620 0.05162765
v -0.01783901 -0.05832620 0.05162765
v -0.01783901 -0.05832620 0.05162765
v -0.01783901 -0.05832620 0.05162765
v -0.01783901 -0.05832620 0.05162765
v -0.01783901 -0.05832620 0.05162765
v -0.01841747 -0.05695893 0.05252379
v -0.01841747 -0.05695893 0.05252379
v -0.01841747 -0.05695893 0.05252379
v -0.01738562 -0.05783156 0.05331084
v -0.01738562 -0.05783156 0.05331084
v -0.01738562 -0.05783156 0.05331084
v -0.01738562 -0.05783156 0.05331084
v -0.01738562 -0.05783156 0.05331084
v -0.01554079 -0.05601163 0.05952930
v -0.01554079 -0.05601163 0.05952930
v -0.01554079 -0.05601163 0.05952930
v -0.01554079 -0.05601163 0.05952930
v -0.01554079 -0.05601163 0.05952930
v -0.01498317 -0.05546565 0.06121250
v -0.01498317 -0.05546565 0.06121250
v -0.01498317 -0.05546565 0.06121250
v -0.01498317 -0.05546565 0.06121250
v -0.01498317 -0.05546565 0.06121250
v -0.01498317 -0.05546565 0.06121250
v -0.01498317 -0.05546565 0.06121250
v -0.01498317 -0.05546565 0.06121250
v -0.01498317 -0.05546565 0.06121250
v -0.01558248 -0.05139648 0.06465681
v -0.01558248 -0.05139648 0.06465681
v -0.01558248 -0.05139648 0.06465681
v -0.01558248 -0.05139648 0.06465681
v -0.01279440 -0.05327241 0.06669847
v -0.01279440 -0.05327241 0.06669847
v -0.01279440 -0.05327241 0.06669847
v -0.01279440 -0.05327241 0.06669847
v -0.01279440 -0.05327241 0.06669847
v -0.01279440 -0.05327241 0.06669847
v -0.01279440 -0.05327241 0.06669847
v -0.01279440 -0.05327241 0.06669847
v -0.01320088 -0.05165313 0.06764136
v -0.01320088 -0.05165313 0.06764136
v -0.01320088 -0.05165313 0.06764136
v -0.01320088 -0.05165313 0.06764136
v -0.01467049 -0.05208712 0.06540490
v -0.01467049 -0.05208712 0.06540490
v -0.01467049 -0.05208712 0.06540490
v -0.01467049 -0.05208712 0.06540490
v -0.01505092 -0.05023919 0.06634780
v -0.01505092 -0.05023919 0.06634780
v -0.01505092 -0.05023919 0.06634780
v -0.01505092 -0.05023919 0.06634780
v -0.01505092 -0.05023919 0.06634780
v -0.01505092 -0.05023919 0.06634780
v -0.01505092 -0.05023919 0.06634780
v -0.01505092 -0.05023919 0.06634780
v -0.01505092 -0.05023919 0.06634780
v -0.01588474 -0.04937123 0.06540490
v -0.01588474 -0.04937123 0.06540490
v -0.01588474 -0.04937123 0.06540490
v -0.01588474 -0.04937123 0.06540490
v -0.01076196 -0.02869871 0.06215540
v -0.01076196 -0.02869871 0.06215540
v -0.01076196 -0.02869871 0.06215540
v -0.01532713 -0.04855459 0.06676080
v -0.01532713 -0.04855459 0.06676080
v -0.01532713 -0.04855459 0.06676080
v -0.01532713 -0.04855459 0.06676080
v -0.01532713 -0.04855459 0.06676080
v -0.01532713 -0.04855459 0.06676080
v -0.01532713 -0.04855459 0.06676080
v -0.01532713 -0.04855459 0.06676080
v -0.01236185 -0.04680000 0.07127270
v -0.01236185 -0.04680000 0.07127270
v -0.01236185 -0.04680000 0.07127270
v -0.01236185 -0.04680000 0.07127270
v -0.01236185 -0.04680000 0.07127270
v -0.01236185 -0.04680000 0.07127270
v -0.01436823 -0.04937123 0.06768033
v -0.01436823 -0.04937123 0.06768033
v -0.01436823 -0.04937123 0.06768033
v -0.01436823 -0.04937123 0.06768033
v -0.01299764 -0.04932923 0.06948820
v -0.01299764 -0.04932923 0.06948820
v -0.01299764 -0.04932923 0.06948820
v -0.01299764 -0.04932923 0.06948820
v -0.01299764 -0.04932923 0.06948820
v -0.01299764 -0.04932923 0.06948820
v -0.01005842 -0.04517606 0.07406243
v -0.01005842 -0.04517606 0.07406243
v -0.01005842 -0.04517606 0.07406243
v -0.01005842 -0.04517606 0.07406243
v -0.01005842 -0.04517606 0.07406243
v -0.01005842 -0.04517606 0.07406243
v -0.01005842 -0.04517606 0.07406243
v -0.01005842 -0.04517606 0.07406243
v -0.01018350 -0.04349146 0.07417153
v -0.01018350 -0.04349146 0.07417153
v -0.01018350 -0.04349146 0.07417153
v -0.01018350 -0.04349146 0.07417153
v -0.01018350 -0.04349146 0.07417153
v -0.01018350 -0.04349146 0.07417153
v -0.01018350 -0.04349146 0.07417153
v -0.00903699 -0.04174619 0.07492741
v -0.00903699 -0.04174619 0.07492741
v -0.00903699 -0.04174619 0.07492741
v -0.00716611 -0.04174153 0.07634565
v -0.00716611 -0.04174153 0.07634565
v -0.00716611 -0.04174153 0.07634565
v -0.00716611 -0.04174153 0.07634565
v -0.00716611 -0.04174153 0.07634565
v -0.00716611 -0.04174153 0.07634565
v -0.00716611 -0.04174153 0.07634565
v -0.00558185 -0.04019692 0.07691452
v -0.00558185 -0.04019692 0.07691452
v -0.00558185 -0.04019692 0.07691452
v -0.00558185 -0.04019692 0.07691452
v -0.00558185 -0.04019692 0.07691452
v -0.00558185 -0.04019692 0.07691452
v -0.00558185 -0.04019692 0.07691452
v -0.00558185 -0.04019692 0.07691452
v -0.00558185 -0.04019692 0.07691452
v -0.00558185 -0.04019692 0.07691452
v -0.00558185 -0.04019692 0.07691452
v -0.00558185 -0.04019692 0.07691452
v -0.00832303 -0.04013159 0.07470142
v -0.00832303 -0.04013159 0.07470142
v -0.00832303 -0.04013159 0.07470142
v -0.00942263 -0.02869871 0.06341779
v -0.00942263 -0.02869871 0.06341779
v -0.00942263 -0.02869871 0.06341779
v -0.00942263 -0.02869871 0.06341779
v -0.00942263 -0.02869871 0.06341779
v -0.01056393 -0.02869871 0.06235021
v -0.01056393 -0.02869871 0.06235021
v -0.01056393 -0.02869871 0.06235021
v 0.01126654 -0.03914696 0.00002529
v 0.01126654 -0.03914696 0.00002529
v 0.01126654 -0.03914696 0.00002529
v 0.01341884 -0.03994960 0.00027465
v 0.01341884 -0.03994960 0.00027465
v 0.01341884 -0.03994960 0.00027465
v 0.01341884 -0.03994960 0.00027465
v 0.01341884 -0.03994960 0.00027465
v 0.01341884 -0.03994960 0.00027465
v 0.01341884 -0.03994960 0.00027465
v 0.01341884 -0.03994960 0.00027465
v 0.01034934 -0.03783568 0.00058636
v 0.01034934 -0.03783568 0.00058636
v 0.01034934 -0.03783568 0.00058636
v 0.01034934 -0.03783568 0.00058636
v 0.01034934 -0.03783568 0.00058636
v 0.01034934 -0.03783568 0.00058636
v 0.01034934 -0.03783568 0.00058636
v 0.01034934 -0.03783568 0.00058636
v 0.01034934 -0.03783568 0.00058636
v 0.01034934 -0.03783568 0.00058636
v 0.01034934 -0.03783568 0.00058636
v 0.00884846 -0.03676706 0.00202798
v 0.00884846 -0.03676706 0.00202798
v 0.00884846 -0.03676706 0.00202798
v 0.00870775 -0.02869871 0.02292763
v 0.00870775 -0.02869871 0.02292763
v 0.00870775 -0.02869871 0.02292763
v 0.00916636 -0.02869871 0.02326272
v 0.00916636 -0.02869871 0.02326272
v 0.00916636 -0.02869871 0.02326272
v 0.00976045 -0.02869871 0.02369910
v 0.00976045 -0.02869871 0.02369910
v 0.00976045 -0.02869871 0.02369910
v 0.00976045 -0.02869871 0.02369910
v 0.00976045 -0.02869871 0.02369910
v 0.01772344 -0.04298748 0.00074221
v 0.01772344 -0.04298748 0.00074221
v 0.01772344 -0.04298748 0.00074221
v 0.01772344 -0.04298748 0.00074221
v 0.01772344 -0.04298748 0.00074221
v 0.01772344 -0.04298748 0.00074221
v 0.01772344 -0.04298748 0.00074221
v 0.01772344 -0.04298748 0.00074221
v 0.01772344 -0.04298748 0.00074221
v 0.01772344 -0.04298748 0.00074221
v 0.01772344 -0.04298748 0.00074221
v 0.01992264 -0.04626802 0.00157601
v 0.01992264 -0.04626802 0.00157601
v 0.01992264 -0.04626802 0.00157601
v 0.01992264 -0.04626802 0.00157601
v 0.01992264 -0.04626802 0.00157601
v 0.02275763 -0.05061251 0.00338389
v 0.02275763 -0.05061251 0.00338389
v 0.02275763 -0.05061251 0.00338389
v 0.02275763 -0.05061251 0.00338389
v 0.02275763 -0.05061251 0.00338389
v 0.02275763 -0.05061251 0.00338389
v 0.02275763 -0.05061251 0.00338389
v 0.02275763 -0.05061251 0.00338389
v 0.02275763 -0.05061251 0.00338389
v 0.02275763 -0.05061251 0.00338389
v 0.02543107 -0.05803688 0.00319687
v 0.02543107 -0.05803688 0.00319687
v 0.02543107 -0.05803688 0.00319687
v 0.02543107 -0.05803688 0.00319687
v 0.02543107 -0.05803688 0.00319687
v 0.02576981 -0.05772889 0.00456056
v 0.02576981 -0.05772889 0.00456056
v 0.02576981 -0.05772889 0.00456056
v 0.02576981 -0.05772889 0.00456056
v 0.02602517 -0.05739758 0.00708536
v 0.02602517 -0.05739758 0.00708536
v 0.02602517 -0.05739758 0.00708536
v 0.02602517 -0.05739758 0.00708536
v 0.02602517 -0.05739758 0.00708536
v 0.02602517 -0.05739758 0.00708536
v 0.02661405 -0.05944149 0.00708536
v 0.02661405 -0.05944149 0.00708536
v 0.02661405 -0.05944149 0.00708536
v 0.02661405 -0.05944149 0.00708536
v 0.02661405 -0.05944149 0.00708536
v 0.02661405 -0.05944149 0.00708536
v 0.02661405 -0.05944149 0.00708536
v 0.02661405 -0.05944149 0.00708536
v 0.02608771 -0.06197540 0.00708536
v 0.02608771 -0.06197540 0.00708536
v 0.02608771 -0.06197540 0.00708536
v 0.02608771 -0.06197540 0.00708536
v 0.02608771 -0.06197540 0.00708536
v 0.02608771 -0.06197540 0.00708536
v 0.02608771 -0.06197540 0.00708536
v 0.02608771 -0.06197540 0.00708536
v 0.02608771 -0.06197540 0.00708536
v 0.02549881 -0.06381399 0.00708536
v 0.02549881 -0.06381399 0.00708536
v 0.02549881 -0.06381399 0.00708536
v 0.02549881 -0.06381399 0.00708536
v 0.02504022 -0.06507860 0.00708536
v 0.02504022 -0.06507860 0.00708536
v 0.02504022 -0.06507860 0.00708536
v 0.02504022 -0.06507860 0.00708536
v 0.02504022 -0.06507860 0.00708536
v 0.02504022 -0.06507860 0.00708536
v 0.02504022 -0.06507860 0.00708536
v 0.02440443 -0.06450463 0.01467531
v 0.02440443 -0.06450463 0.01467531
v 0.02440443 -0.06450463 0.01467531
v 0.02440443 -0.06450463 0.01467531
v 0.02440443 -0.06450463 0.01467531
v 0.02440443 -0.06450463 0.01467531
v 0.02331004 -0.06671187 0.01467531
v 0.02331004 -0.06671187 0.01467531
v 0.02331004 -0.06671187 0.01467531
v 0.02331004 -0.06671187 0.01467531
v 0.02331004 -0.06671187 0.01467531
v 0.02331004 -0.06671187 0.01467531
v 0.02331004 -0.06671187 0.01467531
v 0.02298693 -0.06862513 0.00961794
v 0.02298693 -0.06862513 0.00961794
v 0.02298693 -0.06862513 0.00961794
v 0.02298693 -0.06862513 0.00961794
v 0.02041772 -0.07097704 0.01162842
v 0.02041772 -0.07097704 0.01162842
v 0.02041772 -0.07097704 0.01162842
v 0.02041772 -0.07097704 0.01162842
v 0.02066787 -0.07118236 0.00961794
v 0.02066787 -0.07118236 0.00961794
v 0.02066787 -0.07118236 0.00961794
v 0.02066787 -0.07118236 0.00961794
v 0.02270030 -0.06819581 0.01304667
v 0.02270030 -0.06819581 0.01304667
v 0.02270030 -0.06819581 0.01304667
v 0.02270030 -0.06819581 0.01304667
v 0.02270030 -0.06819581 0.01304667
v 0.02254397 -0.06797649 0.01467531
v 0.02254397 -0.06797649 0.01467531
v 0.02254397 -0.06797649 0.01467531
v 0.02254397 -0.06797649 0.01467531
v 0.02254397 -0.06797649 0.01467531
v 0.02100661 -0.06909178 0.01720789
v 0.02100661 -0.06909178 0.01720789
v 0.02100661 -0.06909178 0.01720789
v 0.02100661 -0.06909178 0.01720789
v 0.02100661 -0.06909178 0.01720789
v 0.02100661 -0.06909178 0.01720789
v 0.02020406 -0.07080438 0.01331161
v 0.02020406 -0.07080438 0.01331161
v 0.02020406 -0.07080438 0.01331161
v 0.02020406 -0.07080438 0.01331161
v 0.02020406 -0.07080438 0.01331161
v 0.02020406 -0.07080438 0.01331161
v 0.02020406 -0.07080438 0.01331161
v 0.01896896 -0.07219966 0.00961794
v 0.01896896 -0.07219966 0.00961794
v 0.01896896 -0.07219966 0.00961794
v 0.01998518 -0.07065505 0.01467531
v 0.01998518 -0.07065505 0.01467531
v 0.01998518 -0.07065505 0.01467531
v 0.01998518 -0.07065505 0.01467531
v 0.01998518 -0.07065505 0.01467531
v 0.01998518 -0.07065505 0.01467531
v 0.01644144 -0.07190100 0.01720789
v 0.01644144 -0.07190100 0.01720789
v 0.01644144 -0.07190100 0.01720789
v 0.01644144 -0.07190100 0.01720789
v 0.01644144 -0.07190100 0.01720789
v 0.01644144 -0.07190100 0.01720789
v 0.01644144 -0.07190100 0.01720789
v 0.01954221 -0.07035640 0.01720789
v 0.01954221 -0.07035640 0.01720789
v 0.01954221 -0.07035640 0.01720789
v 0.01954221 -0.07035640 0.01720789
v 0.01954221 -0.07035640 0.01720789
v 0.01792147 -0.07094437 0.01868848
v 0.01792147 -0.07094437 0.01868848
v 0.01792147 -0.07094437 0.01868848
v 0.01792147 -0.07094437 0.01868848
v 0.01792147 -0.07094437 0.01868848
v 0.01792147 -0.07094437 0.01868848
v 0.01792147 -0.07094437 0.01868848
v 0.01310095 -0.06845714 0.03423465
v 0.01310095 -0.06845714 0.03423465
v 0.01310095 -0.06845714 0.03423465
v 0.01310095 -0.06845714 0.03423465
v 0.01310095 -0.06845714 0.03423465
v 0.01235051 -0.06822381 0.03591784
v 0.01235051 -0.06822381 0.03591784
v 0.01235051 -0.06822381 0.03591784
v 0.01235051 -0.06822381 0.03591784
v 0.01235051 -0.06822381 0.03591784
v 0.01235051 -0.06822381 0.03591784
v 0.01235051 -0.06822381 0.03591784
v 0.01235051 -0.06822381 0.03591784
v 0.01235051 -0.06822381 0.03591784
v 0.01235051 -0.06822381 0.03591784
v 0.01235051 -0.06822381 0.03591784
v 0.01145936 -0.06868113 0.03500611
v 0.01145936 -0.06868113 0.03500611
v 0.01145936 -0.06868113 0.03500611
v 0.00942692 -0.06819114 0.03833353
v 0.00942692 -0.06819114 0.03833353
v 0.00942692 -0.06819114 0.03833353
v 0.00942692 -0.06819114 0.03833353
v 0.00942692 -0.06819114 0.03833353
v 0.00942692 -0.06819114 0.03833353
v 0.00942692 -0.06819114 0.03833353
v 0.00868691 -0.06854113 0.03746856
v 0.00868691 -0.06854113 0.03746856
v 0.00868691 -0.06854113 0.03746856
v 0.00868691 -0.06788783 0.03975957
v 0.00868691 -0.06788783 0.03975957
v 0.00868691 -0.06788783 0.03975957
v 0.00884846 -0.06703387 0.04249476
v 0.00884846 -0.06703387 0.04249476
v 0.00884846 -0.06703387 0.04249476
v 0.00884846 -0.06703387 0.04249476
v 0.00884846 -0.06703387 0.04249476
v 0.00884846 -0.06703387 0.04249476
v 0.00884846 -0.06703387 0.04249476
v 0.00884846 -0.06703387 0.04249476
v 0.00884846 -0.06703387 0.04249476
v 0.00632094 -0.06733718 0.04249476
v 0.00632094 -0.06733718 0.04249476
v 0.00632094 -0.06733718 0.04249476
v 0.00632094 -0.06733718 0.04249476
v 0.00632094 -0.06733718 0.04249476
v 0.00632094 -0.06733718 0.04249476
v 0.00632094 -0.06800915 0.04023492
v 0.00632094 -0.06800915 0.04023492
v 0.00632094 -0.06800915 0.04023492
v 0.00632094 -0.06800915 0.04023492
v 0.00632094 -0.06800915 0.04023492
v 0.00632094 -0.06837314 0.03897252
v 0.00632094 -0.06837314 0.03897252
v 0.00632094 -0.06837314 0.03897252
v 0.00632094 -0.06837314 0.03897252
v 0.00632094 -0.06837314 0.03897252
v 0.00632094 -0.06837314 0.03897252
v 0.00379342 -0.06843380 0.03918292
v 0.00379342 -0.06843380 0.03918292
v 0.00379342 -0.06843380 0.03918292
v 0.00379342 -0.06843380 0.03918292
v 0.00126069 -0.06846180 0.03925306
v 0.00126069 -0.06846180 0.03925306
v 0.00126069 -0.06846180 0.03925306
v 0.00126069 -0.06846180 0.03925306
v 0.00126069 -0.06846180 0.03925306
v 0.00126069 -0.06846180 0.03925306
v 0.00126069 -0.06846180 0.03925306
v 0.01145936 -0.06799982 0.03746856
v 0.01145936 -0.06799982 0.03746856
v 0.01145936 -0.06799982 0.03746856
v 0.01138119 -0.06727185 0.03996218
v 0.01138119 -0.06727185 0.03996218
v 0.01138119 -0.06727185 0.03996218
v 0.01138119 -0.06727185 0.03996218
v 0.01138119 -0.06727185 0.03996218
v 0.01138119 -0.06727185 0.03996218
v 0.01138119 -0.06727185 0.03996218
v 0.01138119 -0.06727185 0.03996218
v -0.00632186 -0.06879312 0.03744518
v -0.00632186 -0.06879312 0.03744518
v -0.00632186 -0.06879312 0.03744518
v -0.00632186 -0.06879312 0.03744518
v -0.00126161 -0.06846180 0.03925306
v -0.00126161 -0.06846180 0.03925306
v -0.00126161 -0.06846180 0.03925306
v -0.00126161 -0.06846180 0.03925306
v -0.00126161 -0.06846180 0.03925306
v -0.00126161 -0.06846180 0.03925306
v -0.00126161 -0.06846180 0.03925306
v -0.00126161 -0.06846180 0.03925306
v -0.00379434 -0.06843380 0.03918292
v -0.00379434 -0.06843380 0.03918292
v -0.00379434 -0.06843380 0.03918292
v -0.00379434 -0.06843380 0.03918292
v -0.00632186 -0.06837314 0.03897252
v -0.00632186 -0.06837314 0.03897252
v -0.00632186 -0.06837314 0.03897252
v -0.00632186 -0.06837314 0.03897252
v -0.00632186 -0.06837314 0.03897252
v -0.00632186 -0.06837314 0.03897252
v -0.00884938 -0.06703387 0.04249476
v -0.00884938 -0.06703387 0.04249476
v -0.00884938 -0.06703387 0.04249476
v -0.00884938 -0.06703387 0.04249476
v -0.00884938 -0.06703387 0.04249476
v -0.00884938 -0.06703387 0.04249476
v -0.00884938 -0.06703387 0.04249476
v -0.00884938 -0.06703387 0.04249476
v -0.00884938 -0.06703387 0.04249476
v -0.00884938 -0.06703387 0.04249476
v -0.00632186 -0.06800915 0.04023492
v -0.00632186 -0.06800915 0.04023492
v -0.00632186 -0.06800915 0.04023492
v -0.00632186 -0.06800915 0.04023492
v -0.00632186 -0.06800915 0.04023492
v -0.00632186 -0.06733718 0.04249476
v -0.00632186 -0.06733718 0.04249476
v -0.00632186 -0.06733718 0.04249476
v -0.00632186 -0.06733718 0.04249476
v -0.00632186 -0.06733718 0.04249476
v -0.00868783 -0.06788783 0.03975957
v -0.00868783 -0.06788783 0.03975957
v -0.00868783 -0.06788783 0.03975957
v -0.00973010 -0.06568991 0.04607155
v -0.00973010 -0.06568991 0.04607155
v -0.00973010 -0.06568991 0.04607155
v -0.00973010 -0.06568991 0.04607155
v -0.00973010 -0.06568991 0.04607155
v -0.00973010 -0.06568991 0.04607155
v -0.00973010 -0.06568991 0.04607155
v -0.00973010 -0.06568991 0.04607155
v -0.00884938 -0.06436930 0.05008472
v -0.00884938 -0.06436930 0.05008472
v -0.00884938 -0.06436930 0.05008472
v -0.00884938 -0.06436930 0.05008472
v -0.00884938 -0.06436930 0.05008472
v -0.00884938 -0.06436930 0.05008472
v -0.00884938 -0.06355733 0.05213416
v -0.00884938 -0.06355733 0.05213416
v -0.00884938 -0.06355733 0.05213416
v -0.00884938 -0.06355733 0.05213416
v -0.00884938 -0.06298802 0.05339656
v -0.00884938 -0.06298802 0.05339656
v -0.00884938 -0.06298802 0.05339656
v -0.00884938 -0.06298802 0.05339656
v -0.00752569 -0.06069211 0.05890590
v -0.00752569 -0.06069211 0.05890590
v -0.00752569 -0.06069211 0.05890590
v -0.00752569 -0.06069211 0.05890590
v -0.00752569 -0.06069211 0.05890590
v -0.00752569 -0.06069211 0.05890590
v -0.00752569 -0.06069211 0.05890590
v -0.00752569 -0.06069211 0.05890590
v -0.00752569 -0.06069211 0.05890590
v -0.01016786 -0.05820021 0.06150862
v -0.01016786 -0.05820021 0.06150862
v -0.01016786 -0.05820021 0.06150862
v -0.01016786 -0.05820021 0.06150862
v -0.01016786 -0.05820021 0.06150862
v -0.01016786 -0.05820021 0.06150862
v -0.01185114 -0.05780823 0.06078391
v -0.01185114 -0.05780823 0.06078391
v -0.01185114 -0.05780823 0.06078391
v -0.01185114 -0.05780823 0.06078391
v -0.01185114 -0.05780823 0.06078391
v -0.01257031 -0.05560098 0.06392431
v -0.01257031 -0.05560098 0.06392431
v -0.01257031 -0.05560098 0.06392431
v -0.01257031 -0.05560098 0.06392431
v -0.01257031 -0.05560098 0.06392431
v -0.01257031 -0.05560098 0.06392431
v -0.01257031 -0.05560098 0.06392431
v -0.01257031 -0.05560098 0.06392431
v -0.01257031 -0.05560098 0.06392431
v -0.01257031 -0.05560098 0.06392431
v -0.01329990 -0.05612363 0.06224112
v -0.01329990 -0.05612363 0.06224112
v -0.01329990 -0.05612363 0.06224112
v -0.01329990 -0.05612363 0.06224112
v -0.01329990 -0.05612363 0.06224112
v -0.01447246 -0.05770090 0.05809547
v -0.01447246 -0.05770090 0.05809547
v -0.01447246 -0.05770090 0.05809547
v -0.01121014 -0.05371105 0.06764136
v -0.01121014 -0.05371105 0.06764136
v -0.01121014 -0.05371105 0.06764136
v -0.01025124 -0.05322108 0.06917650
v -0.01025124 -0.05322108 0.06917650
v -0.01025124 -0.05322108 0.06917650
v -0.01025124 -0.05322108 0.06917650
v -0.01025124 -0.05322108 0.06917650
v -0.01025124 -0.05322108 0.06917650
v -0.01025124 -0.05322108 0.06917650
v -0.01025124 -0.05322108 0.06917650
v -0.01025124 -0.05322108 0.06917650
v -0.01025124 -0.05322108 0.06917650
v -0.01193973 -0.05235778 0.06838945
v -0.01193973 -0.05235778 0.06838945
v -0.01193973 -0.05235778 0.06838945
v -0.01193973 -0.05235778 0.06838945
v -0.01270059 -0.05066851 0.06911416
v -0.01270059 -0.05066851 0.06911416
v -0.01270059 -0.05066851 0.06911416
v -0.01270059 -0.05066851 0.06911416
v -0.01270059 -0.05066851 0.06911416
v -0.01270059 -0.05066851 0.06911416
v -0.01270059 -0.05066851 0.06911416
v -0.01270059 -0.05066851 0.06911416
v -0.01270059 -0.05066851 0.06911416
v -0.01182508 -0.04932923 0.07075059
v -0.01182508 -0.04932923 0.07075059
v -0.01182508 -0.04932923 0.07075059
v -0.01182508 -0.04932923 0.07075059
v -0.01182508 -0.04932923 0.07075059
v -0.01110070 -0.04680000 0.07256627
v -0.01110070 -0.04680000 0.07256627
v -0.01110070 -0.04680000 0.07256627
v -0.01110070 -0.04680000 0.07256627
v -0.01110070 -0.04680000 0.07256627
v -0.00976137 -0.04680000 0.07382866
v -0.00976137 -0.04680000 0.07382866
v -0.00976137 -0.04680000 0.07382866
v -0.00976137 -0.04680000 0.07382866
v -0.00976137 -0.04680000 0.07382866
v -0.00849501 -0.04680000 0.07478714
v -0.00849501 -0.04680000 0.07478714
v -0.00849501 -0.04680000 0.07478714
v -0.00849501 -0.04680000 0.07478714
v -0.00849501 -0.04680000 0.07478714
v -0.00707230 -0.04427076 0.07635345
v -0.00707230 -0.04427076 0.07635345
v -0.00707230 -0.04427076 0.07635345
v -0.00707230 -0.04427076 0.07635345
v -0.00707230 -0.04427076 0.07635345
v -0.00707230 -0.04427076 0.07635345
v -0.00707230 -0.04427076 0.07635345
v -0.00707230 -0.04427076 0.07635345
v -0.00707230 -0.04427076 0.07635345
v -0.00906826 -0.04430810 0.07492741
v -0.00906826 -0.04430810 0.07492741
v -0.00906826 -0.04430810 0.07492741
v -0.00589974 -0.04174153 0.07707816
v -0.00589974 -0.04174153 0.07707816
v -0.00589974 -0.04174153 0.07707816
v -0.00589974 -0.04174153 0.07707816
v -0.00589974 -0.04174153 0.07707816
v -0.00589974 -0.04174153 0.07707816
v -0.00379434 -0.04174153 0.07791975
v -0.00379434 -0.04174153 0.07791975
v -0.00379434 -0.04174153 0.07791975
v -0.00379434 -0.04174153 0.07791975
v -0.00379434 -0.04174153 0.07791975
v -0.00379434 -0.04174153 0.07791975
v -0.00379434 -0.03995426 0.07724180
v -0.00379434 -0.03995426 0.07724180
v -0.00379434 -0.03995426 0.07724180
v -0.00379434 -0.03995426 0.07724180
v -0.00379434 -0.03995426 0.07724180
v -0.00379434 -0.03995426 0.07724180
v -0.00379434 -0.03995426 0.07724180
v -0.00379434 -0.03995426 0.07724180
v -0.00372138 -0.02869871 0.06629325
v -0.00372138 -0.02869871 0.06629325
v -0.00372138 -0.02869871 0.06629325
v -0.00372138 -0.02869871 0.06629325
v -0.00601439 -0.02869871 0.06549841
v -0.00601439 -0.02869871 0.06549841
v -0.00601439 -0.02869871 0.06549841
v -0.00632186 -0.02869871 0.06537373
v -0.00632186 -0.02869871 0.06537373
v -0.00632186 -0.02869871 0.06537373
v -0.00785401 -0.02869871 0.06456330
v -0.00785401 -0.02869871 0.06456330
v -0.00785401 -0.02869871 0.06456330
v -0.00815627 -0.02869871 0.06439187
v -0.00815627 -0.02869871 0.06439187
v -0.00815627 -0.02869871 0.06439187
v 0.01510733 -0.04054691 0.00094481
v 0.01510733 -0.04054691 0.00094481
v 0.01510733 -0.04054691 0.00094481
v 0.01510733 -0.04054691 0.00094481
v 0.01510733 -0.04054691 0.00094481
v 0.01510733 -0.04054691 0.00094481
v 0.01510733 -0.04054691 0.00094481
v 0.01208994 -0.03823700 0.00202798
v 0.01208994 -0.03823700 0.00202798
v 0.01208994 -0.03823700 0.00202798
v 0.01118316 -0.02869871 0.02505501
v 0.01118316 -0.02869871 0.02505501
v 0.01118316 -0.02869871 0.02505501
v 0.01140204 -0.02869871 0.02530437
v 0.01140204 -0.02869871 0.02530437
v 0.01140204 -0.02869871 0.02530437
v 0.01203783 -0.02869871 0.02606804
v 0.01203783 -0.02869871 0.02606804
v 0.01203783 -0.02869871 0.02606804
v 0.01235572 -0.02869871 0.02645767
v 0.01235572 -0.02869871 0.02645767
v 0.01235572 -0.02869871 0.02645767
v 0.01235572 -0.02869871 0.02645767
v 0.01235572 -0.02869871 0.02645767
v 0.02024054 -0.04552604 0.00326700
v 0.02024054 -0.04552604 0.00326700
v 0.02024054 -0.04552604 0.00326700
v 0.02024054 -0.04552604 0.00326700
v 0.02024054 -0.04552604 0.00326700
v 0.02024054 -0.04552604 0.00326700
v 0.02024054 -0.04552604 0.00326700
v 0.02024054 -0.04552604 0.00326700
v 0.01313743 -0.02869871 0.02780578
v 0.01313743 -0.02869871 0.02780578
v 0.01313743 -0.02869871 0.02780578
v 0.01313743 -0.02869871 0.02780578
v 0.01395561 -0.02869871 0.02982405
v 0.01395561 -0.02869871 0.02982405
v 0.01395561 -0.02869871 0.02982405
v 0.01410153 -0.02869871 0.03025265
v 0.01410153 -0.02869871 0.03025265
v 0.01410153 -0.02869871 0.03025265
v 0.01464873 -0.02869871 0.03238002
v 0.01464873 -0.02869871 0.03238002
v 0.01464873 -0.02869871 0.03238002
v 0.01464873 -0.02869871 0.03238002
v 0.02054801 -0.04698665 0.00226176
v 0.02054801 -0.04698665 0.00226176
v 0.02054801 -0.04698665 0.00226176
v 0.02112647 -0.04680000 0.00456056
v 0.02112647 -0.04680000 0.00456056
v 0.02112647 -0.04680000 0.00456056
v 0.02112647 -0.04680000 0.00456056
v 0.02112647 -0.04680000 0.00456056
v 0.02112647 -0.04680000 0.00456056
v 0.02112647 -0.04680000 0.00456056
v 0.02237720 -0.04949723 0.00435796
v 0.02237720 -0.04949723 0.00435796
v 0.02237720 -0.04949723 0.00435796
v 0.02237720 -0.04949723 0.00435796
v 0.02237720 -0.04949723 0.00435796
v 0.02585840 -0.05502234 0.01467531
v 0.02585840 -0.05502234 0.01467531
v 0.02585840 -0.05502234 0.01467531
v 0.02585840 -0.05502234 0.01467531
v 0.02585840 -0.05502234 0.01467531
v 0.02585840 -0.05502234 0.01467531
v 0.02626489 -0.05691226 0.01214273
v 0.02626489 -0.05691226 0.01214273
v 0.02626489 -0.05691226 0.01214273
v 0.02626489 -0.05691226 0.01214273
v 0.02626489 -0.05691226 0.01214273
v 0.02646292 -0.05944149 0.00961794
v 0.02646292 -0.05944149 0.00961794
v 0.02646292 -0.05944149 0.00961794
v 0.02646292 -0.05944149 0.00961794
v 0.02637433 -0.05691226 0.01467531
v 0.02637433 -0.05691226 0.01467531
v 0.02637433 -0.05691226 0.01467531
v 0.02637433 -0.05691226 0.01467531
v 0.02637433 -0.05691226 0.01467531
v 0.02637433 -0.05691226 0.01467531
v 0.02637433 -0.05691226 0.01467531
v 0.02627531 -0.05691226 0.01720789
v 0.02627531 -0.05691226 0.01720789
v 0.02627531 -0.05691226 0.01720789
v 0.02627531 -0.05691226 0.01720789
v 0.02627531 -0.05691226 0.01720789
v 0.02627531 -0.05691226 0.01720789
v 0.02627531 -0.05691226 0.01720789
v 0.02627531 -0.05691226 0.01720789
v 0.02627531 -0.05691226 0.01720789
v 0.02530600 -0.06326801 0.01098943
v 0.02530600 -0.06326801 0.01098943
v 0.02530600 -0.06326801 0.01098943
v 0.02530600 -0.06326801 0.01098943
v 0.02627010 -0.05944149 0.01214273
v 0.02627010 -0.05944149 0.01214273
v 0.02627010 -0.05944149 0.01214273
v 0.02627010 -0.05944149 0.01214273
v 0.02627010 -0.05944149 0.01214273
v 0.02551445 -0.06142942 0.01467531
v 0.02551445 -0.06142942 0.01467531
v 0.02551445 -0.06142942 0.01467531
v 0.02551445 -0.06142942 0.01467531
v 0.02551445 -0.06142942 0.01467531
v 0.02551445 -0.06142942 0.01467531
v 0.02522261 -0.06301602 0.01268042
v 0.02522261 -0.06301602 0.01268042
v 0.02522261 -0.06301602 0.01268042
v 0.02522261 -0.06301602 0.01268042
v 0.02522261 -0.06301602 0.01268042
v 0.02512360 -0.06269403 0.01467531
v 0.02512360 -0.06269403 0.01467531
v 0.02512360 -0.06269403 0.01467531
v 0.02512360 -0.06269403 0.01467531
v 0.02512360 -0.06269403 0.01467531
v 0.02512360 -0.06269403 0.01467531
v 0.02512360 -0.06269403 0.01467531
v 0.02496204 -0.06224605 0.01720789
v 0.02496204 -0.06224605 0.01720789
v 0.02496204 -0.06224605 0.01720789
v 0.02496204 -0.06224605 0.01720789
v 0.02496204 -0.06224605 0.01720789
v 0.02404485 -0.06450463 0.01720789
v 0.02404485 -0.06450463 0.01720789
v 0.02404485 -0.06450463 0.01720789
v 0.02404485 -0.06450463 0.01720789
v 0.02404485 -0.06450463 0.01720789
v 0.02404485 -0.06450463 0.01720789
v 0.02404485 -0.06450463 0.01720789
v 0.02404485 -0.06450463 0.01720789
v 0.02311201 -0.06634322 0.01720789
v 0.02311201 -0.06634322 0.01720789
v 0.02311201 -0.06634322 0.01720789
v 0.02311201 -0.06634322 0.01720789
v 0.02311201 -0.06634322 0.01720789
v 0.02311201 -0.06634322 0.01720789
v 0.02226776 -0.06760784 0.01720789
v 0.02226776 -0.06760784 0.01720789
v 0.02226776 -0.06760784 0.01720789
v 0.02226776 -0.06760784 0.01720789
v 0.02226776 -0.06760784 0.01720789
v 0.02226776 -0.06760784 0.01720789
v 0.02226776 -0.06760784 0.01720789
v 0.02065744 -0.06871846 0.01973269
v 0.02065744 -0.06871846 0.01973269
v 0.02065744 -0.06871846 0.01973269
v 0.02065744 -0.06871846 0.01973269
v 0.02065744 -0.06871846 0.01973269
v 0.02065744 -0.06871846 0.01973269
v 0.02065744 -0.06871846 0.01973269
v 0.01478943 -0.06814915 0.03314368
v 0.01478943 -0.06814915 0.03314368
v 0.01478943 -0.06814915 0.03314368
v 0.01478943 -0.06814915 0.03314368
v 0.01478943 -0.06814915 0.03314368
v 0.01478943 -0.06814915 0.03314368
v 0.01478943 -0.06814915 0.03314368
v 0.01478943 -0.06814915 0.03314368
v 0.02038645 -0.06843380 0.02138471
v 0.02038645 -0.06843380 0.02138471
v 0.02038645 -0.06843380 0.02138471
v 0.02038645 -0.06843380 0.02138471
v 0.02038645 -0.06843380 0.02138471
v 0.02038645 -0.06843380 0.02138471
v 0.01538353 -0.06591857 0.03917513
v 0.01538353 -0.06591857 0.03917513
v 0.01538353 -0.06591857 0.03917513
v 0.01538353 -0.06591857 0.03917513
v 0.01538353 -0.06591857 0.03917513
v 0.01538353 -0.06591857 0.03917513
v 0.01534184 -0.06839181 0.03146049
v 0.01534184 -0.06839181 0.03146049
v 0.01534184 -0.06839181 0.03146049
v 0.01534184 -0.06839181 0.03146049
v 0.01392956 -0.06791116 0.03500611
v 0.01392956 -0.06791116 0.03500611
v 0.01392956 -0.06791116 0.03500611
v 0.01392956 -0.06791116 0.03500611
v 0.01390871 -0.06716919 0.03744518
v 0.01390871 -0.06716919 0.03744518
v 0.01390871 -0.06716919 0.03744518
v 0.01390871 -0.06716919 0.03744518
v 0.01390871 -0.06716919 0.03744518
v 0.01324165 -0.06602123 0.04198045
v 0.01324165 -0.06602123 0.04198045
v 0.01324165 -0.06602123 0.04198045
v 0.01324165 -0.06602123 0.04198045
v 0.01324165 -0.06602123 0.04198045
v 0.01253812 -0.06573658 0.04366364
v 0.01253812 -0.06573658 0.04366364
v 0.01253812 -0.06573658 0.04366364
v 0.01253812 -0.06573658 0.04366364
v 0.01253812 -0.06573658 0.04366364
v 0.01253812 -0.06573658 0.04366364
v 0.01253812 -0.06573658 0.04366364
v 0.01253812 -0.06573658 0.04366364
v 0.01253812 -0.06573658 0.04366364
v 0.01253812 -0.06573658 0.04366364
v 0.01253812 -0.06573658 0.04366364
v 0.01085484 -0.06598857 0.04438836
v 0.01085484 -0.06598857 0.04438836
v 0.01085484 -0.06598857 0.04438836
v 0.01085484 -0.06598857 0.04438836
v 0.01085484 -0.06598857 0.04438836
v 0.01085484 -0.06598857 0.04438836
v 0.00972918 -0.06568991 0.04607155
v 0.00972918 -0.06568991 0.04607155
v 0.00972918 -0.06568991 0.04607155
v 0.00972918 -0.06568991 0.04607155
v 0.00972918 -0.06568991 0.04607155
v 0.00972918 -0.06568991 0.04607155
v 0.00972918 -0.06568991 0.04607155
v 0.00972918 -0.06568991 0.04607155
v 0.00887452 -0.06616589 0.04514423
v 0.00887452 -0.06616589 0.04514423
v 0.00887452 -0.06616589 0.04514423
v 0.00804070 -0.06585324 0.04653910
v 0.00804070 -0.06585324 0.04653910
v 0.00804070 -0.06585324 0.04653910
v 0.00804070 -0.06585324 0.04653910
v 0.00804070 -0.06585324 0.04653910
v 0.00804070 -0.06585324 0.04653910
v 0.00804070 -0.06585324 0.04653910
v 0.00804070 -0.06585324 0.04653910
v 0.00804070 -0.06585324 0.04653910
v 0.00804070 -0.06585324 0.04653910
v 0.00632094 -0.06653921 0.04501955
v 0.00632094 -0.06653921 0.04501955
v 0.00632094 -0.06653921 0.04501955
v 0.00632094 -0.06653921 0.04501955
v 0.00632094 -0.06653921 0.04501955
v 0.00379342 -0.06746784 0.04249476
v 0.00379342 -0.06746784 0.04249476
v 0.00379342 -0.06746784 0.04249476
v 0.00379342 -0.06746784 0.04249476
v 0.00379342 -0.06746784 0.04249476
v 0.00379342 -0.06746784 0.04249476
v 0.00379342 -0.06746784 0.04249476
v 0.00379342 -0.06746784 0.04249476
v 0.00379342 -0.06746784 0.04249476
v 0.00379342 -0.06807449 0.04044532
v 0.00379342 -0.06807449 0.04044532
v 0.00379342 -0.06807449 0.04044532
v 0.00379342 -0.06807449 0.04044532
v 0.00379342 -0.06807449 0.04044532
v 0.00126069 -0.06808382 0.04052324
v 0.00126069 -0.06808382 0.04052324
v 0.00126069 -0.06808382 0.04052324
v 0.00126069 -0.06808382 0.04052324
v 0.00126069 -0.06808382 0.04052324
v 0.01156880 -0.06634322 0.04268958
v 0.01156880 -0.06634322 0.04268958
v 0.01156880 -0.06634322 0.04268958
v -0.00126161 -0.06808382 0.04051545
v -0.00126161 -0.06808382 0.04051545
v -0.00126161 -0.06808382 0.04051545
v -0.00379434 -0.06746784 0.04249476
v -0.00379434 -0.06746784 0.04249476
v -0.00379434 -0.06746784 0.04249476
v -0.00379434 -0.06746784 0.04249476
v -0.00379434 -0.06746784 0.04249476
v -0.00379434 -0.06746784 0.04249476
v -0.00379434 -0.06746784 0.04249476
v -0.00379434 -0.06746784 0.04249476
v -0.00379434 -0.06746784 0.04249476
v -0.00379434 -0.06807449 0.04044532
v -0.00379434 -0.06807449 0.04044532
v -0.00379434 -0.06807449 0.04044532
v -0.00379434 -0.06807449 0.04044532
v -0.00379434 -0.06807449 0.04044532
v -0.00632186 -0.06654388 0.04501955
v -0.00632186 -0.06654388 0.04501955
v -0.00632186 -0.06654388 0.04501955
v -0.00632186 -0.06654388 0.04501955
v -0.00632186 -0.06654388 0.04501955
v -0.00632186 -0.06654388 0.04501955
v -0.00804162 -0.06585324 0.04653910
v -0.00804162 -0.06585324 0.04653910
v -0.00804162 -0.06585324 0.04653910
v -0.00804162 -0.06585324 0.04653910
v -0.00804162 -0.06585324 0.04653910
v -0.00804162 -0.06585324 0.04653910
v -0.00804162 -0.06585324 0.04653910
v -0.00804162 -0.06585324 0.04653910
v -0.00804162 -0.06585324 0.04653910
v -0.00804162 -0.06585324 0.04653910
v -0.00887023 -0.06616589 0.04514423
v -0.00887023 -0.06616589 0.04514423
v -0.00887023 -0.06616589 0.04514423
v -0.00887023 -0.06535859 0.04745083
v -0.00887023 -0.06535859 0.04745083
v -0.00887023 -0.06535859 0.04745083
v -0.00741104 -0.06321668 0.05382515
v -0.00741104 -0.06321668 0.05382515
v -0.00741104 -0.06321668 0.05382515
v -0.00741104 -0.06321668 0.05382515
v -0.00741104 -0.06321668 0.05382515
v -0.00741104 -0.06321668 0.05382515
v -0.00741104 -0.06321668 0.05382515
v -0.00741104 -0.06321668 0.05382515
v -0.00741104 -0.06321668 0.05382515
v -0.00741104 -0.06321668 0.05382515
v -0.00653553 -0.06145741 0.05790845
v -0.00653553 -0.06145741 0.05790845
v -0.00653553 -0.06145741 0.05790845
v -0.00653553 -0.06145741 0.05790845
v -0.00583720 -0.06091610 0.05927994
v -0.00583720 -0.06091610 0.05927994
v -0.00583720 -0.06091610 0.05927994
v -0.00583720 -0.06091610 0.05927994
v -0.00583720 -0.06091610 0.05927994
v -0.00583720 -0.06091610 0.05927994
v -0.00583720 -0.06091610 0.05927994
v -0.00583720 -0.06091610 0.05927994
v -0.00632186 -0.05612829 0.06732966
v -0.00632186 -0.05612829 0.06732966
v -0.00632186 -0.05612829 0.06732966
v -0.00632186 -0.05612829 0.06732966
v -0.00632186 -0.05612829 0.06732966
v -0.00817190 -0.05587164 0.06688549
v -0.00817190 -0.05587164 0.06688549
v -0.00817190 -0.05587164 0.06688549
v -0.00817190 -0.05587164 0.06688549
v -0.00817190 -0.05587164 0.06688549
v -0.00817190 -0.05587164 0.06688549
v -0.00817190 -0.05587164 0.06688549
v -0.00817190 -0.05587164 0.06688549
v -0.00894840 -0.05644095 0.06541269
v -0.00894840 -0.05644095 0.06541269
v -0.00894840 -0.05644095 0.06541269
v -0.00894840 -0.05644095 0.06541269
v -0.00986039 -0.05554032 0.06636338
v -0.00986039 -0.05554032 0.06636338
v -0.00986039 -0.05554032 0.06636338
v -0.00986039 -0.05554032 0.06636338
v -0.00986039 -0.05554032 0.06636338
v -0.00986039 -0.05554032 0.06636338
v -0.00986039 -0.05554032 0.06636338
v -0.00986039 -0.05554032 0.06636338
v -0.00986039 -0.05554032 0.06636338
v -0.01088703 -0.05605829 0.06467240
v -0.01088703 -0.05605829 0.06467240
v -0.01088703 -0.05605829 0.06467240
v -0.01088703 -0.05605829 0.06467240
v -0.01159057 -0.05513900 0.06541269
v -0.01159057 -0.05513900 0.06541269
v -0.01159057 -0.05513900 0.06541269
v -0.00884938 -0.05358972 0.06966743
v -0.00884938 -0.05358972 0.06966743
v -0.00884938 -0.05358972 0.06966743
v -0.00884938 -0.05358972 0.06966743
v -0.00727033 -0.05298308 0.07143634
v -0.00727033 -0.05298308 0.07143634
v -0.00727033 -0.05298308 0.07143634
v -0.00727033 -0.05298308 0.07143634
v -0.00727033 -0.05298308 0.07143634
v -0.00727033 -0.05298308 0.07143634
v -0.00727033 -0.05298308 0.07143634
v -0.00727033 -0.05298308 0.07143634
v -0.00727033 -0.05298308 0.07143634
v -0.00727033 -0.05298308 0.07143634
v -0.00884938 -0.05243711 0.07092982
v -0.00884938 -0.05243711 0.07092982
v -0.00884938 -0.05243711 0.07092982
v -0.00884938 -0.05243711 0.07092982
v -0.01017307 -0.05065918 0.07163116
v -0.01017307 -0.05065918 0.07163116
v -0.01017307 -0.05065918 0.07163116
v -0.01017307 -0.05065918 0.07163116
v -0.01017307 -0.05065918 0.07163116
v -0.01017307 -0.05065918 0.07163116
v -0.01017307 -0.05065918 0.07163116
v -0.01017307 -0.05065918 0.07163116
v -0.01056393 -0.04932923 0.07200520
v -0.01056393 -0.04932923 0.07200520
v -0.01056393 -0.04932923 0.07200520
v -0.01056393 -0.04932923 0.07200520
v -0.01056393 -0.04932923 0.07200520
v -0.01056393 -0.04932923 0.07200520
v -0.00801556 -0.04860126 0.07442090
v -0.00801556 -0.04860126 0.07442090
v -0.00801556 -0.04860126 0.07442090
v -0.00801556 -0.04860126 0.07442090
v -0.00801556 -0.04860126 0.07442090
v -0.00801556 -0.04860126 0.07442090
v -0.00801556 -0.04860126 0.07442090
v -0.00801556 -0.04860126 0.07442090
v -0.00631144 -0.04692132 0.07611967
v -0.00631144 -0.04692132 0.07611967
v -0.00631144 -0.04692132 0.07611967
v -0.00631144 -0.04692132 0.07611967
v -0.00631144 -0.04692132 0.07611967
v -0.00545677 -0.04616069 0.07684438
v -0.00545677 -0.04616069 0.07684438
v -0.00545677 -0.04616069 0.07684438
v -0.00545677 -0.04616069 0.07684438
v -0.00545677 -0.04616069 0.07684438
v -0.00545677 -0.04616069 0.07684438
v -0.00580594 -0.04427076 0.07703140
v -0.00580594 -0.04427076 0.07703140
v -0.00580594 -0.04427076 0.07703140
v -0.00580594 -0.04427076 0.07703140
v -0.00379434 -0.04427076 0.07784183
v -0.00379434 -0.04427076 0.07784183
v -0.00379434 -0.04427076 0.07784183
v -0.00379434 -0.04427076 0.07784183
v -0.00379434 -0.04427076 0.07784183
v -0.00379434 -0.04427076 0.07784183
v -0.00126161 -0.04427076 0.07841848
v -0.00126161 -0.04427076 0.07841848
v -0.00126161 -0.04427076 0.07841848
v -0.00126161 -0.04427076 0.07841848
v -0.00126161 -0.04427076 0.07841848
v -0.00126161 -0.04427076 0.07841848
v -0.00126161 -0.04174153 0.07848082
v -0.00126161 -0.04174153 0.07848082
v -0.00126161 -0.04174153 0.07848082
v -0.00126161 -0.04174153 0.07848082
v -0.00126161 -0.04174153 0.07848082
v -0.00126161 -0.04174153 0.07848082
v -0.00126161 -0.04174153 0.07848082
v -0.00126161 -0.03985160 0.07749896
v -0.00126161 -0.03985160 0.07749896
v -0.00126161 -0.03985160 0.07749896
v -0.00126161 -0.03985160 0.07749896
v -0.00143880 -0.02869871 0.06668288
v -0.00143880 -0.02869871 0.06668288
v -0.00143880 -0.02869871 0.06668288
v -0.00143880 -0.02869871 0.06668288
v -0.00221008 -0.02869871 0.06656599
v -0.00221008 -0.02869871 0.06656599
v -0.00221008 -0.02869871 0.06656599
v -0.00291883 -0.02869871 0.06644910
v -0.00291883 -0.02869871 0.06644910
v -0.00291883 -0.02869871 0.06644910
v 0.01303320 -0.02869871 0.02757980
v 0.01303320 -0.02869871 0.02757980
v 0.01303320 -0.02869871 0.02757980
v 0.02033955 -0.04536739 0.00456056
v 0.02033955 -0.04536739 0.00456056
v 0.02033955 -0.04536739 0.00456056
v 0.02033955 -0.04536739 0.00456056
v 0.01472690 -0.02869871 0.03277744
v 0.01472690 -0.02869871 0.03277744
v 0.01472690 -0.02869871 0.03277744
v 0.01472690 -0.02869871 0.03277744
v 0.01472690 -0.02869871 0.03277744
v 0.02052195 -0.04505940 0.00708536
v 0.02052195 -0.04505940 0.00708536
v 0.02052195 -0.04505940 0.00708536
v 0.02052195 -0.04505940 0.00708536
v 0.02052195 -0.04505940 0.00708536
v 0.02067829 -0.04476074 0.00961794
v 0.02067829 -0.04476074 0.00961794
v 0.02067829 -0.04476074 0.00961794
v 0.02067829 -0.04476074 0.00961794
v 0.02067829 -0.04476074 0.00961794
v 0.02067829 -0.04476074 0.00961794
v 0.02143394 -0.04680000 0.00708536
v 0.02143394 -0.04680000 0.00708536
v 0.02143394 -0.04680000 0.00708536
v 0.02143394 -0.04680000 0.00708536
v 0.02143394 -0.04680000 0.00708536
v 0.02170493 -0.04680000 0.00961794
v 0.02170493 -0.04680000 0.00961794
v 0.02170493 -0.04680000 0.00961794
v 0.02170493 -0.04680000 0.00961794
v 0.02170493 -0.04680000 0.00961794
v 0.02170493 -0.04680000 0.00961794
v 0.02170493 -0.04680000 0.00961794
v 0.02170493 -0.04680000 0.00961794
v 0.02558220 -0.05275909 0.02226527
v 0.02558220 -0.05275909 0.02226527
v 0.02558220 -0.05275909 0.02226527
v 0.02558220 -0.05275909 0.02226527
v 0.02558220 -0.05275909 0.02226527
v 0.02558220 -0.05275909 0.02226527
v 0.02558220 -0.05275909 0.02226527
v 0.02558220 -0.05275909 0.02226527
v 0.02563431 -0.05258643 0.02479785
v 0.02563431 -0.05258643 0.02479785
v 0.02563431 -0.05258643 0.02479785
v 0.02531121 -0.05057518 0.03095397
v 0.02531121 -0.05057518 0.03095397
v 0.02531121 -0.05057518 0.03095397
v 0.02531121 -0.05057518 0.03095397
v 0.02531121 -0.05057518 0.03095397
v 0.02531121 -0.05057518 0.03095397
v 0.02531121 -0.05057518 0.03095397
v 0.02531121 -0.05057518 0.03095397
v 0.02531121 -0.05057518 0.03095397
v 0.02531121 -0.05057518 0.03095397
v 0.02531121 -0.05057518 0.03095397
v 0.02531121 -0.05057518 0.03095397
v 0.02531121 -0.05057518 0.03134360
v 0.02531121 -0.05057518 0.03134360
v 0.02531121 -0.05057518 0.03134360
v 0.02531121 -0.05057518 0.03134360
v 0.02531121 -0.05057518 0.03134360
v 0.02531121 -0.05057518 0.03134360
v 0.02531121 -0.05057518 0.03134360
v 0.02531121 -0.05057518 0.03134360
v 0.02531121 -0.05057518 0.03134360
v 0.02531121 -0.05057518 0.03134360
v 0.02531121 -0.05057518 0.03134360
v 0.02531121 -0.05057518 0.03134360
v 0.02580108 -0.05438303 0.02479785
v 0.02580108 -0.05438303 0.02479785
v 0.02580108 -0.05438303 0.02479785
v 0.02580108 -0.05438303 0.02479785
v 0.02580108 -0.05438303 0.02479785
v 0.02580108 -0.05438303 0.02479785
v 0.02601474 -0.05691226 0.01973269
v 0.02601474 -0.05691226 0.01973269
v 0.02601474 -0.05691226 0.01973269
v 0.02601474 -0.05691226 0.01973269
v 0.02601474 -0.05691226 0.01973269
v 0.02601474 -0.05691226 0.01973269
v 0.02601474 -0.05691226 0.01973269
v 0.02601474 -0.05691226 0.01973269
v 0.02576460 -0.05944149 0.01720789
v 0.02576460 -0.05944149 0.01720789
v 0.02576460 -0.05944149 0.01720789
v 0.02576460 -0.05944149 0.01720789
v 0.02576460 -0.05944149 0.01720789
v 0.02576460 -0.05944149 0.01720789
v 0.02602517 -0.05944149 0.01467531
v 0.02602517 -0.05944149 0.01467531
v 0.02602517 -0.05944149 0.01467531
v 0.02602517 -0.05944149 0.01467531
v 0.02602517 -0.05944149 0.01467531
v 0.02537896 -0.06098144 0.01720789
v 0.02537896 -0.06098144 0.01720789
v 0.02537896 -0.06098144 0.01720789
v 0.02537896 -0.06098144 0.01720789
v 0.02537896 -0.06098144 0.01720789
v 0.02530079 -0.06073411 0.01852484
v 0.02530079 -0.06073411 0.01852484
v 0.02530079 -0.06073411 0.01852484
v 0.02530079 -0.06073411 0.01852484
v 0.02530079 -0.06073411 0.01852484
v 0.02530079 -0.06073411 0.01852484
v 0.02530079 -0.06073411 0.01852484
v 0.02530079 -0.06073411 0.01852484
v 0.02479528 -0.06173274 0.01951449
v 0.02479528 -0.06173274 0.01951449
v 0.02479528 -0.06173274 0.01951449
v 0.02479528 -0.06173274 0.01951449
v 0.02479528 -0.06173274 0.01951449
v 0.02423766 -0.06197540 0.02226527
v 0.02423766 -0.06197540 0.02226527
v 0.02423766 -0.06197540 0.02226527
v 0.02423766 -0.06197540 0.02226527
v 0.02423766 -0.06197540 0.02226527
v 0.02423766 -0.06197540 0.02226527
v 0.02423766 -0.06197540 0.02226527
v 0.02423766 -0.06197540 0.02226527
v 0.02423766 -0.06197540 0.02226527
v 0.02344032 -0.06472395 0.01990412
v 0.02344032 -0.06472395 0.01990412
v 0.02344032 -0.06472395 0.01990412
v 0.02344032 -0.06472395 0.01990412
v 0.02344032 -0.06472395 0.01990412
v 0.02291918 -0.06601657 0.01917941
v 0.02291918 -0.06601657 0.01917941
v 0.02291918 -0.06601657 0.01917941
v 0.02291918 -0.06601657 0.01917941
v 0.02291918 -0.06601657 0.01917941
v 0.02273158 -0.06571325 0.02086261
v 0.02273158 -0.06571325 0.02086261
v 0.02273158 -0.06571325 0.02086261
v 0.02273158 -0.06571325 0.02086261
v 0.02273158 -0.06571325 0.02086261
v 0.02273158 -0.06571325 0.02086261
v 0.02273158 -0.06571325 0.02086261
v 0.02273158 -0.06571325 0.02086261
v 0.02273158 -0.06571325 0.02086261
v 0.02206973 -0.06693120 0.01990412
v 0.02206973 -0.06693120 0.01990412
v 0.02206973 -0.06693120 0.01990412
v 0.02206973 -0.06693120 0.01990412
v 0.02035518 -0.06589524 0.02899025
v 0.02035518 -0.06589524 0.02899025
v 0.02035518 -0.06589524 0.02899025
v 0.02035518 -0.06589524 0.02899025
v 0.02035518 -0.06589524 0.02899025
v 0.02035518 -0.06589524 0.02899025
v 0.02035518 -0.06589524 0.02899025
v 0.02035518 -0.06589524 0.02899025
v 0.02035518 -0.06589524 0.02899025
v 0.02035518 -0.06589524 0.02899025
v 0.01492493 -0.06563392 0.04086612
v 0.01492493 -0.06563392 0.04086612
v 0.01492493 -0.06563392 0.04086612
v 0.01492493 -0.06563392 0.04086612
v 0.01492493 -0.06563392 0.04086612
v 0.01492493 -0.06563392 0.04086612
v 0.01492493 -0.06563392 0.04086612
v 0.01492493 -0.06563392 0.04086612
v 0.01492493 -0.06563392 0.04086612
v 0.01492493 -0.06563392 0.04086612
v 0.01401294 -0.06632456 0.04000114
v 0.01401294 -0.06632456 0.04000114
v 0.01401294 -0.06632456 0.04000114
v 0.01401294 -0.06632456 0.04000114
v 0.02000602 -0.06558725 0.03067344
v 0.02000602 -0.06558725 0.03067344
v 0.02000602 -0.06558725 0.03067344
v 0.02000602 -0.06558725 0.03067344
v 0.02000602 -0.06558725 0.03067344
v 0.02000602 -0.06558725 0.03067344
v 0.01631116 -0.06498061 0.04000114
v 0.01631116 -0.06498061 0.04000114
v 0.01631116 -0.06498061 0.04000114
v 0.01631116 -0.06498061 0.04000114
v 0.01279348 -0.06334267 0.04901714
v 0.01279348 -0.06334267 0.04901714
v 0.01279348 -0.06334267 0.04901714
v 0.01279348 -0.06334267 0.04901714
v 0.01279348 -0.06334267 0.04901714
v 0.01279348 -0.06334267 0.04901714
v 0.01126133 -0.06363666 0.04995224
v 0.01126133 -0.06363666 0.04995224
v 0.01126133 -0.06363666 0.04995224
v 0.01033892 -0.06334734 0.05160427
v 0.01033892 -0.06334734 0.05160427
v 0.01033892 -0.06334734 0.05160427
v 0.01033892 -0.06334734 0.05160427
v 0.01033892 -0.06334734 0.05160427
v 0.01033892 -0.06334734 0.05160427
v 0.01033892 -0.06334734 0.05160427
v 0.01033892 -0.06334734 0.05160427
v 0.01033892 -0.06334734 0.05160427
v 0.01033892 -0.06334734 0.05160427
v 0.01033892 -0.06334734 0.05160427
v 0.01033892 -0.06334734 0.05160427
v 0.01033892 -0.06334734 0.05160427
v 0.01138119 -0.06459795 0.04755214
v 0.01138119 -0.06459795 0.04755214
v 0.01138119 -0.06459795 0.04755214
v 0.01156880 -0.06548925 0.04514423
v 0.01156880 -0.06548925 0.04514423
v 0.01156880 -0.06548925 0.04514423
v 0.01156880 -0.06548925 0.04514423
v 0.01156880 -0.06548925 0.04514423
v 0.00887452 -0.06535859 0.04745083
v 0.00887452 -0.06535859 0.04745083
v 0.00887452 -0.06535859 0.04745083
v 0.00887452 -0.06535859 0.04745083
v 0.00884846 -0.06436930 0.05008472
v 0.00884846 -0.06436930 0.05008472
v 0.00884846 -0.06436930 0.05008472
v 0.00884846 -0.06436930 0.05008472
v 0.00884846 -0.06436930 0.05008472
v 0.00632094 -0.06478928 0.05008472
v 0.00632094 -0.06478928 0.05008472
v 0.00632094 -0.06478928 0.05008472
v 0.00632094 -0.06478928 0.05008472
v 0.00632094 -0.06478928 0.05008472
v 0.00632094 -0.06478928 0.05008472
v 0.00632094 -0.06478928 0.05008472
v 0.00632094 -0.06551258 0.04808203
v 0.00632094 -0.06551258 0.04808203
v 0.00632094 -0.06551258 0.04808203
v 0.00632094 -0.06551258 0.04808203
v 0.00632094 -0.06551258 0.04808203
v 0.00632094 -0.06595124 0.04681963
v 0.00632094 -0.06595124 0.04681963
v 0.00632094 -0.06595124 0.04681963
v 0.00632094 -0.06595124 0.04681963
v 0.00632094 -0.06595124 0.04681963
v 0.00741533 -0.06321668 0.05382515
v 0.00741533 -0.06321668 0.05382515
v 0.00741533 -0.06321668 0.05382515
v 0.00741533 -0.06321668 0.05382515
v 0.00741533 -0.06321668 0.05382515
v 0.00741533 -0.06321668 0.05382515
v 0.00741533 -0.06321668 0.05382515
v 0.00741533 -0.06321668 0.05382515
v 0.00741533 -0.06321668 0.05382515
v 0.00741533 -0.06321668 0.05382515
v 0.00741533 -0.06321668 0.05382515
v 0.00379342 -0.06666521 0.04501955
v 0.00379342 -0.06666521 0.04501955
v 0.00379342 -0.06666521 0.04501955
v 0.00379342 -0.06666521 0.04501955
v 0.00379342 -0.06666521 0.04501955
v -0.00379434 -0.06666987 0.04501955
v -0.00379434 -0.06666987 0.04501955
v -0.00379434 -0.06666987 0.04501955
v -0.00379434 -0.06666987 0.04501955
v -0.00379434 -0.06666987 0.04501955
v -0.00379434 -0.06666987 0.04501955
v -0.00632186 -0.06595124 0.04681963
v -0.00632186 -0.06595124 0.04681963
v -0.00632186 -0.06595124 0.04681963
v -0.00632186 -0.06595124 0.04681963
v -0.00632186 -0.06595124 0.04681963
v -0.00632186 -0.06551258 0.04808203
v -0.00632186 -0.06551258 0.04808203
v -0.00632186 -0.06551258 0.04808203
v -0.00632186 -0.06551258 0.04808203
v -0.00632186 -0.06551258 0.04808203
v -0.00632186 -0.06551258 0.04808203
v -0.00632186 -0.06478928 0.05008472
v -0.00632186 -0.06478928 0.05008472
v -0.00632186 -0.06478928 0.05008472
v -0.00632186 -0.06478928 0.05008472
v -0.00632186 -0.06478928 0.05008472
v -0.00632186 -0.06478928 0.05008472
v -0.00632186 -0.06478928 0.05008472
v -0.00646778 -0.06372066 0.05283549
v -0.00646778 -0.06372066 0.05283549
v -0.00646778 -0.06372066 0.05283549
v -0.00572255 -0.06331934 0.05408230
v -0.00572255 -0.06331934 0.05408230
v -0.00572255 -0.06331934 0.05408230
v -0.00572255 -0.06331934 0.05408230
v -0.00572255 -0.06331934 0.05408230
v -0.00572255 -0.06331934 0.05408230
v -0.00572255 -0.06331934 0.05408230
v -0.00572255 -0.06331934 0.05408230
v -0.00646778 -0.06283870 0.05500962
v -0.00646778 -0.06283870 0.05500962
v -0.00646778 -0.06283870 0.05500962
v -0.00646778 -0.06283870 0.05500962
v -0.00646778 -0.06283870 0.05500962
v -0.00379434 -0.06191940 0.05767467
v -0.00379434 -0.06191940 0.05767467
v -0.00379434 -0.06191940 0.05767467
v -0.00379434 -0.06191940 0.05767467
v -0.00379434 -0.06191940 0.05767467
v -0.00379434 -0.06191940 0.05767467
v -0.00379434 -0.06191940 0.05767467
v -0.00379434 -0.06104676 0.05950593
v -0.00379434 -0.06104676 0.05950593
v -0.00379434 -0.06104676 0.05950593
v -0.00379434 -0.06104676 0.05950593
v -0.00379434 -0.06104676 0.05950593
v -0.00379434 -0.06104676 0.05950593
v -0.00371617 -0.05624496 0.06796086
v -0.00371617 -0.05624496 0.06796086
v -0.00371617 -0.05624496 0.06796086
v -0.00371617 -0.05624496 0.06796086
v -0.00450830 -0.05556832 0.06892714
v -0.00450830 -0.05556832 0.06892714
v -0.00450830 -0.05556832 0.06892714
v -0.00450830 -0.05556832 0.06892714
v -0.00450830 -0.05556832 0.06892714
v -0.00450830 -0.05556832 0.06892714
v -0.00450830 -0.05556832 0.06892714
v -0.00450830 -0.05556832 0.06892714
v -0.00632186 -0.05534899 0.06859206
v -0.00632186 -0.05534899 0.06859206
v -0.00632186 -0.05534899 0.06859206
v -0.00632186 -0.05534899 0.06859206
v -0.00632186 -0.05534899 0.06859206
v -0.00638440 -0.05400038 0.07048565
v -0.00638440 -0.05400038 0.07048565
v -0.00638440 -0.05400038 0.07048565
v -0.00638440 -0.05400038 0.07048565
v -0.00894840 -0.05494767 0.06775046
v -0.00894840 -0.05494767 0.06775046
v -0.00894840 -0.05494767 0.06775046
v -0.00894840 -0.05494767 0.06775046
v -0.00884938 -0.05117249 0.07210650
v -0.00884938 -0.05117249 0.07210650
v -0.00884938 -0.05117249 0.07210650
v -0.00884938 -0.05117249 0.07210650
v -0.00558185 -0.05330041 0.07181038
v -0.00558185 -0.05330041 0.07181038
v -0.00558185 -0.05330041 0.07181038
v -0.00558185 -0.05330041 0.07181038
v -0.00558185 -0.05330041 0.07181038
v -0.00558185 -0.05330041 0.07181038
v -0.00558185 -0.05330041 0.07181038
v -0.00558185 -0.05330041 0.07181038
v -0.00550368 -0.05083650 0.07432738
v -0.00550368 -0.05083650 0.07432738
v -0.00550368 -0.05083650 0.07432738
v -0.00550368 -0.05083650 0.07432738
v -0.00550368 -0.05083650 0.07432738
v -0.00550368 -0.05083650 0.07432738
v -0.00550368 -0.05083650 0.07432738
v -0.00718695 -0.05028586 0.07391438
v -0.00718695 -0.05028586 0.07391438
v -0.00718695 -0.05028586 0.07391438
v -0.00718695 -0.05028586 0.07391438
v -0.00718695 -0.05028586 0.07391438
v -0.00718695 -0.05028586 0.07391438
v -0.00633750 -0.04939923 0.07488065
v -0.00633750 -0.04939923 0.07488065
v -0.00633750 -0.04939923 0.07488065
v -0.00633750 -0.04939923 0.07488065
v -0.00482620 -0.04784995 0.07656385
v -0.00482620 -0.04784995 0.07656385
v -0.00482620 -0.04784995 0.07656385
v -0.00482620 -0.04784995 0.07656385
v -0.00482620 -0.04784995 0.07656385
v -0.00482620 -0.04784995 0.07656385
v -0.00482620 -0.04784995 0.07656385
v -0.00482620 -0.04784995 0.07656385
v -0.00390378 -0.04692132 0.07716388
v -0.00390378 -0.04692132 0.07716388
v -0.00390378 -0.04692132 0.07716388
v -0.00390378 -0.04692132 0.07716388
v -0.00390378 -0.04692132 0.07716388
v -0.00390378 -0.04692132 0.07716388
v 0.00126069 -0.04427076 0.07841848
v 0.00126069 -0.04427076 0.07841848
v 0.00126069 -0.04427076 0.07841848
v 0.00126069 -0.04427076 0.07841848
v 0.00126069 -0.04427076 0.07841848
v 0.00126069 -0.04427076 0.07841848
v 0.00126069 -0.04427076 0.07841848
v -0.00126161 -0.04680000 0.07777949
v -0.00126161 -0.04680000 0.07777949
v -0.00126161 -0.04680000 0.07777949
v -0.00126161 -0.04680000 0.07777949
v -0.00126161 -0.04680000 0.07777949
v 0.00126069 -0.04174153 0.07847302
v 0.00126069 -0.04174153 0.07847302
v 0.00126069 -0.04174153 0.07847302
v 0.00126069 -0.04174153 0.07847302
v 0.00126069 -0.04174153 0.07847302
v 0.00126069 -0.03985160 0.07749896
v 0.00126069 -0.03985160 0.07749896
v 0.00126069 -0.03985160 0.07749896
v 0.00126069 -0.03985160 0.07749896
v 0.00126069 -0.03985160 0.07749896
v 0.00126069 -0.03985160 0.07749896
v 0.00126069 -0.03985160 0.07749896
v 0.00144309 -0.02869871 0.06668288
v 0.00144309 -0.02869871 0.06668288
v 0.00144309 -0.02869871 0.06668288
v 0.01500310 -0.02869871 0.03480350
v 0.01500310 -0.02869871 0.03480350
v 0.01500310 -0.02869871 0.03480350
v 0.01500310 -0.02869871 0.03480350
v 0.01500310 -0.02869871 0.03480350
v 0.01500310 -0.02869871 0.03480350
v 0.01500310 -0.02869871 0.03480350
v 0.01500310 -0.02869871 0.03480350
v 0.01500310 -0.02869871 0.03480350
v 0.01500310 -0.02869871 0.03480350
v 0.01500310 -0.02869871 0.03480350
v 0.01500310 -0.02869871 0.03480350
v 0.01500310 -0.02869871 0.03480350
v 0.02021448 -0.04303415 0.01355318
v 0.02021448 -0.04303415 0.01355318
v 0.02021448 -0.04303415 0.01355318
v 0.02081900 -0.04446676 0.01214273
v 0.02081900 -0.04446676 0.01214273
v 0.02081900 -0.04446676 0.01214273
v 0.02081900 -0.04446676 0.01214273
v 0.02081900 -0.04446676 0.01214273
v 0.02081900 -0.04446676 0.01214273
v 0.02081900 -0.04446676 0.01214273
v 0.02085027 -0.04403744 0.01451167
v 0.02085027 -0.04403744 0.01451167
v 0.02085027 -0.04403744 0.01451167
v 0.02085027 -0.04403744 0.01451167
v 0.02085027 -0.04403744 0.01451167
v 0.02123591 -0.04427076 0.01720789
v 0.02123591 -0.04427076 0.01720789
v 0.02123591 -0.04427076 0.01720789
v 0.02123591 -0.04427076 0.01720789
v 0.02123591 -0.04427076 0.01720789
v 0.02123591 -0.04427076 0.01720789
v 0.02123591 -0.04427076 0.01720789
v 0.02123591 -0.04427076 0.01720789
v 0.02194466 -0.04680000 0.01214273
v 0.02194466 -0.04680000 0.01214273
v 0.02194466 -0.04680000 0.01214273
v 0.01503437 -0.02869871 0.03523988
v 0.01503437 -0.02869871 0.03523988
v 0.01503437 -0.02869871 0.03523988
v 0.01512296 -0.02869871 0.03711010
v 0.01512296 -0.02869871 0.03711010
v 0.01512296 -0.02869871 0.03711010
v 0.01513860 -0.02869871 0.03744518
v 0.01513860 -0.02869871 0.03744518
v 0.01513860 -0.02869871 0.03744518
v 0.01518029 -0.02869871 0.03996218
v 0.01518029 -0.02869871 0.03996218
v 0.01518029 -0.02869871 0.03996218
v 0.02144958 -0.04427076 0.01973269
v 0.02144958 -0.04427076 0.01973269
v 0.02144958 -0.04427076 0.01973269
v 0.02144958 -0.04427076 0.01973269
v 0.02144958 -0.04427076 0.01973269
v 0.02065223 -0.04224084 0.02226527
v 0.02065223 -0.04224084 0.02226527
v 0.02065223 -0.04224084 0.02226527
v 0.01518029 -0.02869871 0.04249476
v 0.01518029 -0.02869871 0.04249476
v 0.01518029 -0.02869871 0.04249476
v 0.01515423 -0.02869871 0.04501955
v 0.01515423 -0.02869871 0.04501955
v 0.01515423 -0.02869871 0.04501955
v 0.01510212 -0.02869871 0.04755214
v 0.01510212 -0.02869871 0.04755214
v 0.01510212 -0.02869871 0.04755214
v 0.01502395 -0.02869871 0.05017044
v 0.01502395 -0.02869871 0.05017044
v 0.01502395 -0.02869871 0.05017044
v 0.01502395 -0.02869871 0.05017044
v 0.02329441 -0.04732731 0.04249476
v 0.02329441 -0.04732731 0.04249476
v 0.02329441 -0.04732731 0.04249476
v 0.02329441 -0.04732731 0.04249476
v 0.02329441 -0.04732731 0.04249476
v 0.02307553 -0.04728998 0.04501955
v 0.02307553 -0.04728998 0.04501955
v 0.02307553 -0.04728998 0.04501955
v 0.02307553 -0.04728998 0.04501955
v 0.02307553 -0.04728998 0.04501955
v 0.02307553 -0.04728998 0.04501955
v 0.02371131 -0.04932923 0.04249476
v 0.02371131 -0.04932923 0.04249476
v 0.02371131 -0.04932923 0.04249476
v 0.02371131 -0.04932923 0.04249476
v 0.02371131 -0.04932923 0.04249476
v 0.02371131 -0.04932923 0.04249476
v 0.02371131 -0.04932923 0.04249476
v 0.02371131 -0.04932923 0.04249476
v 0.02371131 -0.04932923 0.04249476
v 0.02531121 -0.05084117 0.03134360
v 0.02531121 -0.05084117 0.03134360
v 0.02531121 -0.05084117 0.03134360
v 0.02531121 -0.05084117 0.03134360
v 0.02531121 -0.05084117 0.03134360
v 0.02531121 -0.05084117 0.03134360
v 0.02531121 -0.05084117 0.03134360
v 0.02538417 -0.05359906 0.02919286
v 0.02538417 -0.05359906 0.02919286
v 0.02538417 -0.05359906 0.02919286
v 0.02538417 -0.05359906 0.02919286
v 0.02538417 -0.05359906 0.02919286
v 0.02538417 -0.05359906 0.02919286
v 0.02538417 -0.05359906 0.02919286
v 0.02538417 -0.05359906 0.02919286
v 0.02550403 -0.05442036 0.02729926
v 0.02550403 -0.05442036 0.02729926
v 0.02550403 -0.05442036 0.02729926
v 0.02550403 -0.05442036 0.02729926
v 0.02550403 -0.05442036 0.02729926
v 0.02550403 -0.05442036 0.02729926
v 0.02549361 -0.05944149 0.01951449
v 0.02549361 -0.05944149 0.01951449
v 0.02549361 -0.05944149 0.01951449
v 0.02549361 -0.05944149 0.01951449
v 0.02546233 -0.05643162 0.02479785
v 0.02546233 -0.05643162 0.02479785
v 0.02546233 -0.05643162 0.02479785
v 0.02546233 -0.05643162 0.02479785
v 0.02546233 -0.05643162 0.02479785
v 0.02562389 -0.05714092 0.02247567
v 0.02562389 -0.05714092 0.02247567
v 0.02562389 -0.05714092 0.02247567
v 0.02562389 -0.05714092 0.02247567
v 0.02540501 -0.05859686 0.02177434
v 0.02540501 -0.05859686 0.02177434
v 0.02540501 -0.05859686 0.02177434
v 0.02540501 -0.05859686 0.02177434
v 0.02540501 -0.05859686 0.02177434
v 0.02540501 -0.05859686 0.02177434
v 0.02518092 -0.06028147 0.02021582
v 0.02518092 -0.06028147 0.02021582
v 0.02518092 -0.06028147 0.02021582
v 0.02518092 -0.06028147 0.02021582
v 0.02518092 -0.06028147 0.02021582
v 0.02518092 -0.06028147 0.02021582
v 0.02518092 -0.06028147 0.02021582
v 0.02468063 -0.05944149 0.02479785
v 0.02468063 -0.05944149 0.02479785
v 0.02468063 -0.05944149 0.02479785
v 0.02468063 -0.05944149 0.02479785
v 0.02468063 -0.05944149 0.02479785
v 0.02468063 -0.05944149 0.02479785
v 0.02468063 -0.05944149 0.02479785
v 0.02423766 -0.05944149 0.02732264
v 0.02423766 -0.05944149 0.02732264
v 0.02423766 -0.05944149 0.02732264
v 0.02423766 -0.05944149 0.02732264
v 0.02423766 -0.05944149 0.02732264
v 0.02376343 -0.05944149 0.02985523
v 0.02376343 -0.05944149 0.02985523
v 0.02376343 -0.05944149 0.02985523
v 0.02376343 -0.05944149 0.02985523
v 0.02376343 -0.05944149 0.02985523
v 0.02376343 -0.05944149 0.02985523
v 0.02376343 -0.05944149 0.02985523
v 0.02374779 -0.06197540 0.02479785
v 0.02374779 -0.06197540 0.02479785
v 0.02374779 -0.06197540 0.02479785
v 0.02374779 -0.06197540 0.02479785
v 0.02374779 -0.06197540 0.02479785
v 0.02374779 -0.06197540 0.02479785
v 0.02374779 -0.06197540 0.02479785
v 0.02374779 -0.06197540 0.02479785
v 0.02374779 -0.06197540 0.02479785
v 0.02324750 -0.06415464 0.02226527
v 0.02324750 -0.06415464 0.02226527
v 0.02324750 -0.06415464 0.02226527
v 0.02324750 -0.06415464 0.02226527
v 0.02324750 -0.06415464 0.02226527
v 0.02298693 -0.06363666 0.02479785
v 0.02298693 -0.06363666 0.02479785
v 0.02298693 -0.06363666 0.02479785
v 0.02298693 -0.06363666 0.02479785
v 0.02282017 -0.06333334 0.02629402
v 0.02282017 -0.06333334 0.02629402
v 0.02282017 -0.06333334 0.02629402
v 0.02282017 -0.06333334 0.02629402
v 0.02282017 -0.06333334 0.02629402
v 0.02282017 -0.06333334 0.02629402
v 0.02282017 -0.06333334 0.02629402
v 0.02282017 -0.06333334 0.02629402
v 0.02282017 -0.06333334 0.02629402
v 0.02282017 -0.06333334 0.02629402
v 0.02255439 -0.06541926 0.02226527
v 0.02255439 -0.06541926 0.02226527
v 0.02255439 -0.06541926 0.02226527
v 0.02255439 -0.06541926 0.02226527
v 0.02255439 -0.06541926 0.02226527
v 0.02101182 -0.06464929 0.02983964
v 0.02101182 -0.06464929 0.02983964
v 0.02101182 -0.06464929 0.02983964
v 0.02101182 -0.06464929 0.02983964
v 0.02077210 -0.06397732 0.03238002
v 0.02077210 -0.06397732 0.03238002
v 0.02077210 -0.06397732 0.03238002
v 0.02077210 -0.06397732 0.03238002
v 0.02077210 -0.06397732 0.03238002
v 0.02077210 -0.06397732 0.03238002
v 0.02077210 -0.06397732 0.03238002
v 0.02077210 -0.06397732 0.03238002
v 0.02047505 -0.06356200 0.03440608
v 0.02047505 -0.06356200 0.03440608
v 0.02047505 -0.06356200 0.03440608
v 0.02047505 -0.06356200 0.03440608
v 0.02047505 -0.06356200 0.03440608
v 0.02020406 -0.06320268 0.03609707
v 0.02020406 -0.06320268 0.03609707
v 0.02020406 -0.06320268 0.03609707
v 0.02020406 -0.06320268 0.03609707
v 0.02020406 -0.06320268 0.03609707
v 0.02020406 -0.06320268 0.03609707
v 0.02020406 -0.06320268 0.03609707
v 0.02020406 -0.06320268 0.03609707
v 0.01783288 -0.06334267 0.04149731
v 0.01783288 -0.06334267 0.04149731
v 0.01783288 -0.06334267 0.04149731
v 0.01783288 -0.06334267 0.04149731
v 0.01783288 -0.06334267 0.04149731
v 0.01783288 -0.06334267 0.04149731
v 0.01783288 -0.06334267 0.04149731
v 0.01783288 -0.06334267 0.04149731
v 0.01783288 -0.06334267 0.04149731
v 0.01783288 -0.06334267 0.04149731
v 0.01521155 -0.06073411 0.05140166
v 0.01521155 -0.06073411 0.05140166
v 0.01521155 -0.06073411 0.05140166
v 0.01521155 -0.06073411 0.05140166
v 0.01521155 -0.06073411 0.05140166
v 0.01521155 -0.06073411 0.05140166
v 0.01521155 -0.06073411 0.05140166
v 0.01521155 -0.06073411 0.05140166
v 0.01278305 -0.05826088 0.05909292
v 0.01278305 -0.05826088 0.05909292
v 0.01278305 -0.05826088 0.05909292
v 0.01278305 -0.05826088 0.05909292
v 0.01278305 -0.05826088 0.05909292
v 0.01278305 -0.05826088 0.05909292
v 0.01278305 -0.05826088 0.05909292
v 0.01278305 -0.05826088 0.05909292
v 0.00884846 -0.06355733 0.05213416
v 0.00884846 -0.06355733 0.05213416
v 0.00884846 -0.06355733 0.05213416
v 0.00884846 -0.06355733 0.05213416
v 0.01185022 -0.05780823 0.06078391
v 0.01185022 -0.05780823 0.06078391
v 0.01185022 -0.05780823 0.06078391
v 0.01185022 -0.05780823 0.06078391
v 0.01185022 -0.05780823 0.06078391
v 0.01016694 -0.05820021 0.06150862
v 0.01016694 -0.05820021 0.06150862
v 0.01016694 -0.05820021 0.06150862
v 0.01016694 -0.05820021 0.06150862
v 0.01016694 -0.05820021 0.06150862
v 0.01016694 -0.05820021 0.06150862
v 0.00752477 -0.06069211 0.05890590
v 0.00752477 -0.06069211 0.05890590
v 0.00752477 -0.06069211 0.05890590
v 0.00752477 -0.06069211 0.05890590
v 0.00752477 -0.06069211 0.05890590
v 0.00752477 -0.06069211 0.05890590
v 0.00752477 -0.06069211 0.05890590
v 0.00752477 -0.06069211 0.05890590
v 0.00752477 -0.06069211 0.05890590
v 0.00884846 -0.06298802 0.05339656
v 0.00884846 -0.06298802 0.05339656
v 0.00884846 -0.06298802 0.05339656
v 0.00884846 -0.06298802 0.05339656
v 0.00379342 -0.06397732 0.05260951
v 0.00379342 -0.06397732 0.05260951
v 0.00379342 -0.06397732 0.05260951
v 0.00379342 -0.06397732 0.05260951
v 0.00379342 -0.06397732 0.05260951
v 0.00379342 -0.06397732 0.05260951
v 0.00379342 -0.06491528 0.05008472
v 0.00379342 -0.06491528 0.05008472
v 0.00379342 -0.06491528 0.05008472
v 0.00379342 -0.06491528 0.05008472
v 0.00379342 -0.06491528 0.05008472
v 0.00647207 -0.06372066 0.05283549
v 0.00647207 -0.06372066 0.05283549
v 0.00647207 -0.06372066 0.05283549
v 0.00572685 -0.06331934 0.05408230
v 0.00572685 -0.06331934 0.05408230
v 0.00572685 -0.06331934 0.05408230
v 0.00572685 -0.06331934 0.05408230
v 0.00572685 -0.06331934 0.05408230
v 0.00572685 -0.06331934 0.05408230
v 0.00572685 -0.06331934 0.05408230
v 0.00572685 -0.06331934 0.05408230
v 0.00379342 -0.06556858 0.04825346
v 0.00379342 -0.06556858 0.04825346
v 0.00379342 -0.06556858 0.04825346
v 0.00379342 -0.06556858 0.04825346
v 0.00379342 -0.06556858 0.04825346
v 0.00379342 -0.06556858 0.04825346
v 0.00379342 -0.06600724 0.04699107
v 0.00379342 -0.06600724 0.04699107
v 0.00379342 -0.06600724 0.04699107
v 0.00379342 -0.06600724 0.04699107
v 0.00647207 -0.06283870 0.05500962
v 0.00647207 -0.06283870 0.05500962
v 0.00647207 -0.06283870 0.05500962
v 0.00647207 -0.06283870 0.05500962
v 0.00647207 -0.06283870 0.05500962
v 0.00653461 -0.06146208 0.05790845
v 0.00653461 -0.06146208 0.05790845
v 0.00653461 -0.06146208 0.05790845
v 0.00653461 -0.06146208 0.05790845
v -0.00379434 -0.06601190 0.04699107
v -0.00379434 -0.06601190 0.04699107
v -0.00379434 -0.06601190 0.04699107
v -0.00379434 -0.06601190 0.04699107
v -0.00379434 -0.06601190 0.04699107
v -0.00379434 -0.06601190 0.04699107
v -0.00379434 -0.06556858 0.04826126
v -0.00379434 -0.06556858 0.04826126
v -0.00379434 -0.06556858 0.04826126
v -0.00379434 -0.06556858 0.04826126
v -0.00379434 -0.06491994 0.05008472
v -0.00379434 -0.06491994 0.05008472
v -0.00379434 -0.06491994 0.05008472
v -0.00379434 -0.06491994 0.05008472
v -0.00379434 -0.06491994 0.05008472
v -0.00379434 -0.06491994 0.05008472
v -0.00379434 -0.06491994 0.05008472
v -0.00379434 -0.06397732 0.05260951
v -0.00379434 -0.06397732 0.05260951
v -0.00379434 -0.06397732 0.05260951
v -0.00379434 -0.06397732 0.05260951
v -0.00379434 -0.06397732 0.05260951
v -0.00379434 -0.06397732 0.05260951
v -0.00379434 -0.06336134 0.05419919
v -0.00379434 -0.06336134 0.05419919
v -0.00379434 -0.06336134 0.05419919
v -0.00379434 -0.06336134 0.05419919
v -0.00379434 -0.06336134 0.05419919
v -0.00379434 -0.06284803 0.05546159
v -0.00379434 -0.06284803 0.05546159
v -0.00379434 -0.06284803 0.05546159
v -0.00379434 -0.06284803 0.05546159
v -0.00379434 -0.06284803 0.05546159
v 0.00379342 -0.06194273 0.05767467
v 0.00379342 -0.06194273 0.05767467
v 0.00379342 -0.06194273 0.05767467
v 0.00379342 -0.06194273 0.05767467
v 0.00379342 -0.06194273 0.05767467
v 0.00379342 -0.06194273 0.05767467
v 0.00379342 -0.06194273 0.05767467
v 0.00379342 -0.06194273 0.05767467
v 0.00379342 -0.06194273 0.05767467
v -0.00126161 -0.06104210 0.05953710
v -0.00126161 -0.06104210 0.05953710
v -0.00126161 -0.06104210 0.05953710
v -0.00126161 -0.06104210 0.05953710
v -0.00126161 -0.06104210 0.05953710
v -0.00126161 -0.05655761 0.06778942
v -0.00126161 -0.05655761 0.06778942
v -0.00126161 -0.05655761 0.06778942
v -0.00126161 -0.05655761 0.06778942
v -0.00126161 -0.05655761 0.06778942
v -0.00281982 -0.05568964 0.06912195
v -0.00281982 -0.05568964 0.06912195
v -0.00281982 -0.05568964 0.06912195
v -0.00281982 -0.05568964 0.06912195
v -0.00281982 -0.05568964 0.06912195
v -0.00281982 -0.05568964 0.06912195
v -0.00281982 -0.05568964 0.06912195
v -0.00281982 -0.05568964 0.06912195
v -0.00371617 -0.05490101 0.07010381
v -0.00371617 -0.05490101 0.07010381
v -0.00371617 -0.05490101 0.07010381
v -0.00371617 -0.05490101 0.07010381
v -0.00379434 -0.05351040 0.07208313
v -0.00379434 -0.05351040 0.07208313
v -0.00379434 -0.05351040 0.07208313
v -0.00379434 -0.05351040 0.07208313
v -0.00379434 -0.05351040 0.07208313
v -0.00379434 -0.05351040 0.07208313
v -0.00379434 -0.05240911 0.07335331
v -0.00379434 -0.05240911 0.07335331
v -0.00379434 -0.05240911 0.07335331
v -0.00379434 -0.05240911 0.07335331
v -0.00379434 -0.05240911 0.07335331
v -0.00379434 -0.05114449 0.07463130
v -0.00379434 -0.05114449 0.07463130
v -0.00379434 -0.05114449 0.07463130
v -0.00379434 -0.05114449 0.07463130
v -0.00379434 -0.05114449 0.07463130
v -0.00379434 -0.05114449 0.07463130
v -0.00390378 -0.04926857 0.07599499
v -0.00390378 -0.04926857 0.07599499
v -0.00390378 -0.04926857 0.07599499
v -0.00390378 -0.04926857 0.07599499
v -0.00390378 -0.04926857 0.07599499
v -0.00313771 -0.04838660 0.07682879
v -0.00313771 -0.04838660 0.07682879
v -0.00313771 -0.04838660 0.07682879
v -0.00313771 -0.04838660 0.07682879
v -0.00313771 -0.04838660 0.07682879
v -0.00313771 -0.04838660 0.07682879
v 0.00126069 -0.04680000 0.07777949
v 0.00126069 -0.04680000 0.07777949
v 0.00126069 -0.04680000 0.07777949
v 0.00126069 -0.04680000 0.07777949
v 0.00126069 -0.04680000 0.07777949
v 0.00390807 -0.04692132 0.07716388
v 0.00390807 -0.04692132 0.07716388
v 0.00390807 -0.04692132 0.07716388
v 0.00390807 -0.04692132 0.07716388
v 0.00390807 -0.04692132 0.07716388
v 0.00390807 -0.04692132 0.07716388
v 0.00379342 -0.04427076 0.07784183
v 0.00379342 -0.04427076 0.07784183
v 0.00379342 -0.04427076 0.07784183
v 0.00379342 -0.04427076 0.07784183
v 0.00379342 -0.04427076 0.07784183
v 0.00379342 -0.04427076 0.07784183
v 0.00379342 -0.04174153 0.07791975
v 0.00379342 -0.04174153 0.07791975
v 0.00379342 -0.04174153 0.07791975
v 0.00379342 -0.04174153 0.07791975
v 0.00379342 -0.04174153 0.07791975
v 0.00379342 -0.04174153 0.07791975
v -0.00126161 -0.04864326 0.07698465
v -0.00126161 -0.04864326 0.07698465
v -0.00126161 -0.04864326 0.07698465
v -0.00126161 -0.04864326 0.07698465
v 0.00379342 -0.03995426 0.07723401
v 0.00379342 -0.03995426 0.07723401
v 0.00379342 -0.03995426 0.07723401
v 0.00379342 -0.03995426 0.07723401
v 0.00379342 -0.03995426 0.07723401
v 0.00379342 -0.03995426 0.07723401
v 0.00379342 -0.03995426 0.07723401
v 0.00256875 -0.02869871 0.06653482
v 0.00256875 -0.02869871 0.06653482
v 0.00256875 -0.02869871 0.06653482
v 0.00256875 -0.02869871 0.06653482
v 0.00180789 -0.02869871 0.06663612
v 0.00180789 -0.02869871 0.06663612
v 0.00180789 -0.02869871 0.06663612
v 0.02054801 -0.04245084 0.01973269
v 0.02054801 -0.04245084 0.01973269
v 0.02054801 -0.04245084 0.01973269
v 0.02031871 -0.04287081 0.01524417
v 0.02031871 -0.04287081 0.01524417
v 0.02031871 -0.04287081 0.01524417
v 0.01499268 -0.02869871 0.05064579
v 0.01499268 -0.02869871 0.05064579
v 0.01499268 -0.02869871 0.05064579
v 0.01483634 -0.02869871 0.05260951
v 0.01483634 -0.02869871 0.05260951
v 0.01483634 -0.02869871 0.05260951
v 0.01483634 -0.02869871 0.05260951
v 0.01483634 -0.02869871 0.05260951
v 0.02287749 -0.04752796 0.04674171
v 0.02287749 -0.04752796 0.04674171
v 0.02287749 -0.04752796 0.04674171
v 0.02287749 -0.04752796 0.04674171
v 0.02287749 -0.04752796 0.04674171
v 0.02259608 -0.04673466 0.04757551
v 0.02259608 -0.04673466 0.04757551
v 0.02259608 -0.04673466 0.04757551
v 0.02259608 -0.04673466 0.04757551
v 0.02259608 -0.04673466 0.04757551
v 0.02259608 -0.04673466 0.04757551
v 0.02287749 -0.04889991 0.04674171
v 0.02287749 -0.04889991 0.04674171
v 0.02287749 -0.04889991 0.04674171
v 0.02287749 -0.04889991 0.04674171
v 0.02287749 -0.04889991 0.04674171
v 0.02287749 -0.04889991 0.04674171
v 0.02287749 -0.04889991 0.04674171
v 0.02287749 -0.04889991 0.04674171
v 0.02312764 -0.04957655 0.04526891
v 0.02312764 -0.04957655 0.04526891
v 0.02312764 -0.04957655 0.04526891
v 0.02312764 -0.04957655 0.04526891
v 0.02312764 -0.04957655 0.04526891
v 0.02387808 -0.05185846 0.03996218
v 0.02387808 -0.05185846 0.03996218
v 0.02387808 -0.05185846 0.03996218
v 0.02387808 -0.05185846 0.03996218
v 0.02387808 -0.05185846 0.03996218
v 0.02387808 -0.05185846 0.03996218
v 0.02387808 -0.05185846 0.03996218
v 0.02434710 -0.05185846 0.03744518
v 0.02434710 -0.05185846 0.03744518
v 0.02434710 -0.05185846 0.03744518
v 0.02434710 -0.05185846 0.03744518
v 0.02434710 -0.05185846 0.03744518
v 0.02476923 -0.05185846 0.03491260
v 0.02476923 -0.05185846 0.03491260
v 0.02476923 -0.05185846 0.03491260
v 0.02476923 -0.05185846 0.03491260
v 0.02476923 -0.05185846 0.03491260
v 0.02476923 -0.05185846 0.03491260
v 0.02476923 -0.05185846 0.03491260
v 0.02513923 -0.05175580 0.03226313
v 0.02513923 -0.05175580 0.03226313
v 0.02513923 -0.05175580 0.03226313
v 0.02525909 -0.05253043 0.03087605
v 0.02525909 -0.05253043 0.03087605
v 0.02525909 -0.05253043 0.03087605
v 0.02525909 -0.05253043 0.03087605
v 0.02522261 -0.05528366 0.02811748
v 0.02522261 -0.05528366 0.02811748
v 0.02522261 -0.05528366 0.02811748
v 0.02522261 -0.05528366 0.02811748
v 0.02522261 -0.05528366 0.02811748
v 0.02522261 -0.05528366 0.02811748
v 0.02522261 -0.05528366 0.02811748
v 0.02473274 -0.05438303 0.03238002
v 0.02473274 -0.05438303 0.03238002
v 0.02473274 -0.05438303 0.03238002
v 0.02473274 -0.05438303 0.03238002
v 0.02473274 -0.05438303 0.03238002
v 0.02473274 -0.05438303 0.03238002
v 0.02510796 -0.05442036 0.02996432
v 0.02510796 -0.05442036 0.02996432
v 0.02510796 -0.05442036 0.02996432
v 0.02534769 -0.05589497 0.02643429
v 0.02534769 -0.05589497 0.02643429
v 0.02534769 -0.05589497 0.02643429
v 0.02534769 -0.05589497 0.02643429
v 0.02534769 -0.05589497 0.02643429
v 0.02534769 -0.05589497 0.02643429
v 0.02528515 -0.05813488 0.02346532
v 0.02528515 -0.05813488 0.02346532
v 0.02528515 -0.05813488 0.02346532
v 0.02528515 -0.05813488 0.02346532
v 0.02528515 -0.05813488 0.02346532
v 0.02528515 -0.05813488 0.02346532
v 0.02528515 -0.05813488 0.02346532
v 0.02528515 -0.05813488 0.02346532
v 0.02528515 -0.05813488 0.02346532
v 0.02506628 -0.05944149 0.02247567
v 0.02506628 -0.05944149 0.02247567
v 0.02506628 -0.05944149 0.02247567
v 0.02455556 -0.05691226 0.02985523
v 0.02455556 -0.05691226 0.02985523
v 0.02455556 -0.05691226 0.02985523
v 0.02455556 -0.05691226 0.02985523
v 0.02455556 -0.05691226 0.02985523
v 0.02455556 -0.05691226 0.02985523
v 0.02455556 -0.05691226 0.02985523
v 0.02455556 -0.05691226 0.02985523
v 0.02412301 -0.05691226 0.03238002
v 0.02412301 -0.05691226 0.03238002
v 0.02412301 -0.05691226 0.03238002
v 0.02412301 -0.05691226 0.03238002
v 0.02412301 -0.05691226 0.03238002
v 0.02412301 -0.05691226 0.03238002
v 0.02365920 -0.05691226 0.03491260
v 0.02365920 -0.05691226 0.03491260
v 0.02365920 -0.05691226 0.03491260
v 0.02365920 -0.05691226 0.03491260
v 0.02365920 -0.05691226 0.03491260
v 0.02365920 -0.05691226 0.03491260
v 0.02365920 -0.05691226 0.03491260
v 0.02284623 -0.05837287 0.03655683
v 0.02284623 -0.05837287 0.03655683
v 0.02284623 -0.05837287 0.03655683
v 0.02284623 -0.05837287 0.03655683
v 0.02284623 -0.05837287 0.03655683
v 0.02284623 -0.05837287 0.03655683
v 0.02284623 -0.05837287 0.03655683
v 0.02301820 -0.05878819 0.03491260
v 0.02301820 -0.05878819 0.03491260
v 0.02301820 -0.05878819 0.03491260
v 0.02301820 -0.05878819 0.03491260
v 0.02322145 -0.05956282 0.03237222
v 0.02322145 -0.05956282 0.03237222
v 0.02322145 -0.05956282 0.03237222
v 0.02322145 -0.05956282 0.03237222
v 0.02285144 -0.06088810 0.03152283
v 0.02285144 -0.06088810 0.03152283
v 0.02285144 -0.06088810 0.03152283
v 0.02285144 -0.06088810 0.03152283
v 0.02285144 -0.06088810 0.03152283
v 0.02285144 -0.06088810 0.03152283
v 0.02302862 -0.06126142 0.02985523
v 0.02302862 -0.06126142 0.02985523
v 0.02302862 -0.06126142 0.02985523
v 0.02302862 -0.06126142 0.02985523
v 0.02321623 -0.06205473 0.02721354
v 0.02321623 -0.06205473 0.02721354
v 0.02321623 -0.06205473 0.02721354
v 0.02266382 -0.06048679 0.03321382
v 0.02266382 -0.06048679 0.03321382
v 0.02266382 -0.06048679 0.03321382
v 0.02266382 -0.06048679 0.03321382
v 0.02266382 -0.06048679 0.03321382
v 0.02266382 -0.06048679 0.03321382
v 0.02266382 -0.06048679 0.03321382
v 0.02261692 -0.06295069 0.02798501
v 0.02261692 -0.06295069 0.02798501
v 0.02261692 -0.06295069 0.02798501
v 0.02261692 -0.06295069 0.02798501
v 0.02261692 -0.06295069 0.02798501
v 0.02261692 -0.06295069 0.02798501
v 0.02222086 -0.06490128 0.02479785
v 0.02222086 -0.06490128 0.02479785
v 0.02222086 -0.06490128 0.02479785
v 0.02222086 -0.06490128 0.02479785
v 0.02222086 -0.06490128 0.02479785
v 0.02222086 -0.06490128 0.02479785
v 0.02114731 -0.06220405 0.03511520
v 0.02114731 -0.06220405 0.03511520
v 0.02114731 -0.06220405 0.03511520
v 0.02114731 -0.06220405 0.03511520
v 0.02114731 -0.06220405 0.03511520
v 0.02195508 -0.06430864 0.02721354
v 0.02195508 -0.06430864 0.02721354
v 0.02195508 -0.06430864 0.02721354
v 0.02237720 -0.06252604 0.02985523
v 0.02237720 -0.06252604 0.02985523
v 0.02237720 -0.06252604 0.02985523
v 0.02237720 -0.06252604 0.02985523
v 0.02237720 -0.06252604 0.02985523
v 0.02085548 -0.06163007 0.03744518
v 0.02085548 -0.06163007 0.03744518
v 0.02085548 -0.06163007 0.03744518
v 0.02085548 -0.06163007 0.03744518
v 0.02085548 -0.06163007 0.03744518
v 0.02085548 -0.06163007 0.03744518
v 0.02085548 -0.06163007 0.03744518
v 0.02047505 -0.06105143 0.03996218
v 0.02047505 -0.06105143 0.03996218
v 0.02047505 -0.06105143 0.03996218
v 0.02047505 -0.06105143 0.03996218
v 0.02026138 -0.06074344 0.04130250
v 0.02026138 -0.06074344 0.04130250
v 0.02026138 -0.06074344 0.04130250
v 0.02026138 -0.06074344 0.04130250
v 0.02026138 -0.06074344 0.04130250
v 0.02026138 -0.06074344 0.04130250
v 0.02026138 -0.06074344 0.04130250
v 0.02026138 -0.06074344 0.04130250
v 0.02026138 -0.06074344 0.04130250
v 0.02026138 -0.06074344 0.04130250
v 0.01995391 -0.06289469 0.03744518
v 0.01995391 -0.06289469 0.03744518
v 0.01995391 -0.06289469 0.03744518
v 0.01995391 -0.06289469 0.03744518
v 0.01943798 -0.06231605 0.03996218
v 0.01943798 -0.06231605 0.03996218
v 0.01943798 -0.06231605 0.03996218
v 0.01943798 -0.06231605 0.03996218
v 0.01823416 -0.06126609 0.04501955
v 0.01823416 -0.06126609 0.04501955
v 0.01823416 -0.06126609 0.04501955
v 0.01823416 -0.06126609 0.04501955
v 0.01823416 -0.06126609 0.04501955
v 0.01787457 -0.06087877 0.04663261
v 0.01787457 -0.06087877 0.04663261
v 0.01787457 -0.06087877 0.04663261
v 0.01787457 -0.06087877 0.04663261
v 0.01787457 -0.06087877 0.04663261
v 0.01787457 -0.06087877 0.04663261
v 0.01742118 -0.06044945 0.04831581
v 0.01742118 -0.06044945 0.04831581
v 0.01742118 -0.06044945 0.04831581
v 0.01742118 -0.06044945 0.04831581
v 0.01742118 -0.06044945 0.04831581
v 0.01742118 -0.06044945 0.04831581
v 0.01688962 -0.05999214 0.05008472
v 0.01688962 -0.05999214 0.05008472
v 0.01688962 -0.05999214 0.05008472
v 0.01557114 -0.05850820 0.05514209
v 0.01557114 -0.05850820 0.05514209
v 0.01557114 -0.05850820 0.05514209
v 0.01557114 -0.05850820 0.05514209
v 0.01557114 -0.05850820 0.05514209
v 0.01557114 -0.05850820 0.05514209
v 0.01518029 -0.05818155 0.05641228
v 0.01518029 -0.05818155 0.05641228
v 0.01518029 -0.05818155 0.05641228
v 0.01518029 -0.05818155 0.05641228
v 0.01518029 -0.05818155 0.05641228
v 0.01518029 -0.05818155 0.05641228
v 0.01518029 -0.05818155 0.05641228
v 0.01518029 -0.05818155 0.05641228
v 0.01447154 -0.05770090 0.05809547
v 0.01447154 -0.05770090 0.05809547
v 0.01447154 -0.05770090 0.05809547
v 0.01329898 -0.05612363 0.06224112
v 0.01329898 -0.05612363 0.06224112
v 0.01329898 -0.05612363 0.06224112
v 0.01329898 -0.05612363 0.06224112
v 0.01329898 -0.05612363 0.06224112
v 0.01256939 -0.05560098 0.06392431
v 0.01256939 -0.05560098 0.06392431
v 0.01256939 -0.05560098 0.06392431
v 0.01256939 -0.05560098 0.06392431
v 0.01256939 -0.05560098 0.06392431
v 0.01256939 -0.05560098 0.06392431
v 0.01256939 -0.05560098 0.06392431
v 0.01256939 -0.05560098 0.06392431
v 0.01256939 -0.05560098 0.06392431
v 0.01256939 -0.05560098 0.06392431
v 0.01088611 -0.05605829 0.06467240
v 0.01088611 -0.05605829 0.06467240
v 0.01088611 -0.05605829 0.06467240
v 0.01088611 -0.05605829 0.06467240
v 0.00985426 -0.05554032 0.06635559
v 0.00985426 -0.05554032 0.06635559
v 0.00985426 -0.05554032 0.06635559
v 0.00985426 -0.05554032 0.06635559
v 0.00985426 -0.05554032 0.06635559
v 0.00985426 -0.05554032 0.06635559
v 0.00985426 -0.05554032 0.06635559
v 0.00985426 -0.05554032 0.06635559
v 0.00985426 -0.05554032 0.06635559
v 0.00894748 -0.05644095 0.06541269
v 0.00894748 -0.05644095 0.06541269
v 0.00894748 -0.05644095 0.06541269
v 0.00894748 -0.05644095 0.06541269
v 0.00583628 -0.06092077 0.05927994
v 0.00583628 -0.06092077 0.05927994
v 0.00583628 -0.06092077 0.05927994
v 0.00583628 -0.06092077 0.05927994
v 0.00583628 -0.06092077 0.05927994
v 0.00583628 -0.06092077 0.05927994
v 0.00583628 -0.06092077 0.05927994
v 0.00583628 -0.06092077 0.05927994
v 0.00816577 -0.05586697 0.06688549
v 0.00816577 -0.05586697 0.06688549
v 0.00816577 -0.05586697 0.06688549
v 0.00816577 -0.05586697 0.06688549
v 0.00816577 -0.05586697 0.06688549
v 0.00816577 -0.05586697 0.06688549
v 0.00816577 -0.05586697 0.06688549
v 0.00816577 -0.05586697 0.06688549
v 0.00632094 -0.05612829 0.06732187
v 0.00632094 -0.05612829 0.06732187
v 0.00632094 -0.05612829 0.06732187
v 0.00632094 -0.05612829 0.06732187
v 0.00632094 -0.05612829 0.06732187
v 0.00379342 -0.06336601 0.05419919
v 0.00379342 -0.06336601 0.05419919
v 0.00379342 -0.06336601 0.05419919
v 0.00379342 -0.06336601 0.05419919
v 0.00379342 -0.06336601 0.05419919
v 0.00379342 -0.06286669 0.05546159
v 0.00379342 -0.06286669 0.05546159
v 0.00379342 -0.06286669 0.05546159
v 0.00379342 -0.06286669 0.05546159
v 0.00379342 -0.06286669 0.05546159
v 0.00379342 -0.06104676 0.05951372
v 0.00379342 -0.06104676 0.05951372
v 0.00379342 -0.06104676 0.05951372
v 0.00379342 -0.06104676 0.05951372
v 0.00379342 -0.06104676 0.05951372
v 0.00379342 -0.06104676 0.05951372
v 0.00126069 -0.06104210 0.05953710
v 0.00126069 -0.06104210 0.05953710
v 0.00126069 -0.06104210 0.05953710
v 0.00126069 -0.06104210 0.05953710
v 0.00126069 -0.05655761 0.06778942
v 0.00126069 -0.05655761 0.06778942
v 0.00126069 -0.05655761 0.06778942
v 0.00126069 -0.05655761 0.06778942
v 0.00126069 -0.05655761 0.06778942
v -0.00126161 -0.05574097 0.06920767
v -0.00126161 -0.05574097 0.06920767
v -0.00126161 -0.05574097 0.06920767
v -0.00126161 -0.05574097 0.06920767
v -0.00126161 -0.05574097 0.06920767
v -0.00126161 -0.05492901 0.07047007
v -0.00126161 -0.05492901 0.07047007
v -0.00126161 -0.05492901 0.07047007
v -0.00126161 -0.05492901 0.07047007
v -0.00126161 -0.05366439 0.07230911
v -0.00126161 -0.05366439 0.07230911
v -0.00126161 -0.05366439 0.07230911
v -0.00126161 -0.05366439 0.07230911
v -0.00126161 -0.05366439 0.07230911
v -0.00126161 -0.05366439 0.07230911
v -0.00126161 -0.05266110 0.07357150
v -0.00126161 -0.05266110 0.07357150
v -0.00126161 -0.05266110 0.07357150
v -0.00126161 -0.05266110 0.07357150
v -0.00126161 -0.05266110 0.07357150
v -0.00126161 -0.05140115 0.07489624
v -0.00126161 -0.05140115 0.07489624
v -0.00126161 -0.05140115 0.07489624
v -0.00126161 -0.05140115 0.07489624
v -0.00126161 -0.05140115 0.07489624
v -0.00126161 -0.05140115 0.07489624
v -0.00126161 -0.05140115 0.07489624
v -0.00126161 -0.04990787 0.07615863
v -0.00126161 -0.04990787 0.07615863
v -0.00126161 -0.04990787 0.07615863
v -0.00126161 -0.04990787 0.07615863
v -0.00126161 -0.04990787 0.07615863
v -0.00126161 -0.04990787 0.07615863
v 0.00126069 -0.04864326 0.07698465
v 0.00126069 -0.04864326 0.07698465
v 0.00126069 -0.04864326 0.07698465
v 0.00126069 -0.04864326 0.07698465
v 0.00314200 -0.04838660 0.07682879
v 0.00314200 -0.04838660 0.07682879
v 0.00314200 -0.04838660 0.07682879
v 0.00314200 -0.04838660 0.07682879
v 0.00314200 -0.04838660 0.07682879
v 0.00314200 -0.04838660 0.07682879
v 0.00482528 -0.04784528 0.07656385
v 0.00482528 -0.04784528 0.07656385
v 0.00482528 -0.04784528 0.07656385
v 0.00482528 -0.04784528 0.07656385
v 0.00482528 -0.04784528 0.07656385
v 0.00482528 -0.04784528 0.07656385
v 0.00482528 -0.04784528 0.07656385
v 0.00482528 -0.04784528 0.07656385
v 0.00545585 -0.04616069 0.07684438
v 0.00545585 -0.04616069 0.07684438
v 0.00545585 -0.04616069 0.07684438
v 0.00545585 -0.04616069 0.07684438
v 0.00545585 -0.04616069 0.07684438
v 0.00545585 -0.04616069 0.07684438
v 0.00580502 -0.04427076 0.07703140
v 0.00580502 -0.04427076 0.07703140
v 0.00580502 -0.04427076 0.07703140
v 0.00580502 -0.04427076 0.07703140
v 0.00590403 -0.04174153 0.07707816
v 0.00590403 -0.04174153 0.07707816
v 0.00590403 -0.04174153 0.07707816
v 0.00590403 -0.04174153 0.07707816
v 0.00590403 -0.04174153 0.07707816
v 0.00590403 -0.04174153 0.07707816
v 0.00558614 -0.04019692 0.07691452
v 0.00558614 -0.04019692 0.07691452
v 0.00558614 -0.04019692 0.07691452
v 0.00558614 -0.04019692 0.07691452
v 0.00558614 -0.04019692 0.07691452
v 0.00558614 -0.04019692 0.07691452
v 0.00558614 -0.04019692 0.07691452
v 0.00558614 -0.04019692 0.07691452
v 0.00558614 -0.04019692 0.07691452
v 0.00558614 -0.04019692 0.07691452
v 0.00558614 -0.04019692 0.07691452
v 0.00373089 -0.02869871 0.06629325
v 0.00373089 -0.02869871 0.06629325
v 0.00373089 -0.02869871 0.06629325
v 0.00373089 -0.02869871 0.06629325
v 0.00347553 -0.02869871 0.06635559
v 0.00347553 -0.02869871 0.06635559
v 0.00347553 -0.02869871 0.06635559
v 0.01477901 -0.02869871 0.05300693
v 0.01477901 -0.02869871 0.05300693
v 0.01477901 -0.02869871 0.05300693
v 0.02216874 -0.04680000 0.05008472
v 0.02216874 -0.04680000 0.05008472
v 0.02216874 -0.04680000 0.05008472
v 0.02216874 -0.04680000 0.05008472
v 0.02216874 -0.04680000 0.05008472
v 0.02216874 -0.04680000 0.05008472
v 0.02216874 -0.04680000 0.05008472
v 0.01441942 -0.02869871 0.05514209
v 0.01441942 -0.02869871 0.05514209
v 0.01441942 -0.02869871 0.05514209
v 0.01441942 -0.02869871 0.05514209
v 0.01441942 -0.02869871 0.05514209
v 0.01441942 -0.02869871 0.05514209
v 0.02092844 -0.04459275 0.05260951
v 0.02092844 -0.04459275 0.05260951
v 0.02092844 -0.04459275 0.05260951
v 0.02092844 -0.04459275 0.05260951
v 0.02276284 -0.05058451 0.04628195
v 0.02276284 -0.05058451 0.04628195
v 0.02276284 -0.05058451 0.04628195
v 0.02276284 -0.05058451 0.04628195
v 0.02276284 -0.05058451 0.04628195
v 0.02276284 -0.05058451 0.04628195
v 0.02276284 -0.05058451 0.04628195
v 0.02276284 -0.05058451 0.04628195
v 0.02152775 -0.04680000 0.05260951
v 0.02152775 -0.04680000 0.05260951
v 0.02152775 -0.04680000 0.05260951
v 0.02152775 -0.04680000 0.05260951
v 0.02152775 -0.04680000 0.05260951
v 0.02152775 -0.04680000 0.05260951
v 0.02197071 -0.04932923 0.05008472
v 0.02197071 -0.04932923 0.05008472
v 0.02197071 -0.04932923 0.05008472
v 0.02197071 -0.04932923 0.05008472
v 0.02197071 -0.04932923 0.05008472
v 0.02197071 -0.04932923 0.05008472
v 0.02197071 -0.04932923 0.05008472
v 0.02258045 -0.04957655 0.04757551
v 0.02258045 -0.04957655 0.04757551
v 0.02258045 -0.04957655 0.04757551
v 0.02336736 -0.05185846 0.04249476
v 0.02336736 -0.05185846 0.04249476
v 0.02336736 -0.05185846 0.04249476
v 0.02336736 -0.05185846 0.04249476
v 0.02336736 -0.05185846 0.04249476
v 0.02335173 -0.05438303 0.03996218
v 0.02335173 -0.05438303 0.03996218
v 0.02335173 -0.05438303 0.03996218
v 0.02335173 -0.05438303 0.03996218
v 0.02335173 -0.05438303 0.03996218
v 0.02385202 -0.05438303 0.03744518
v 0.02385202 -0.05438303 0.03744518
v 0.02385202 -0.05438303 0.03744518
v 0.02385202 -0.05438303 0.03744518
v 0.02385202 -0.05438303 0.03744518
v 0.02385202 -0.05438303 0.03744518
v 0.02385202 -0.05438303 0.03744518
v 0.02279932 -0.05325374 0.04391301
v 0.02279932 -0.05325374 0.04391301
v 0.02279932 -0.05325374 0.04391301
v 0.02279932 -0.05325374 0.04391301
v 0.02279932 -0.05325374 0.04391301
v 0.02279932 -0.05325374 0.04391301
v 0.02279932 -0.05325374 0.04391301
v 0.02279932 -0.05325374 0.04391301
v 0.02279932 -0.05325374 0.04391301
v 0.02279932 -0.05325374 0.04391301
v 0.02279932 -0.05325374 0.04391301
v 0.02431062 -0.05438303 0.03491260
v 0.02431062 -0.05438303 0.03491260
v 0.02431062 -0.05438303 0.03491260
v 0.02431062 -0.05438303 0.03491260
v 0.02431062 -0.05438303 0.03491260
v 0.02499852 -0.05680960 0.02729926
v 0.02499852 -0.05680960 0.02729926
v 0.02499852 -0.05680960 0.02729926
v 0.02499852 -0.05680960 0.02729926
v 0.02518092 -0.05769623 0.02479785
v 0.02518092 -0.05769623 0.02479785
v 0.02518092 -0.05769623 0.02479785
v 0.02518092 -0.05769623 0.02479785
v 0.02276806 -0.05566164 0.04124795
v 0.02276806 -0.05566164 0.04124795
v 0.02276806 -0.05566164 0.04124795
v 0.02276806 -0.05566164 0.04124795
v 0.02276806 -0.05566164 0.04124795
v 0.02276806 -0.05566164 0.04124795
v 0.02276806 -0.05566164 0.04124795
v 0.02276806 -0.05566164 0.04124795
v 0.02276806 -0.05566164 0.04124795
v 0.02276806 -0.05566164 0.04124795
v 0.02276806 -0.05566164 0.04124795
v 0.02313806 -0.05699159 0.03742180
v 0.02313806 -0.05699159 0.03742180
v 0.02313806 -0.05699159 0.03742180
v 0.02313806 -0.05699159 0.03742180
v 0.02265862 -0.05788289 0.03824781
v 0.02265862 -0.05788289 0.03824781
v 0.02265862 -0.05788289 0.03824781
v 0.02265862 -0.05788289 0.03824781
v 0.02265862 -0.05788289 0.03824781
v 0.02265862 -0.05788289 0.03824781
v 0.02265862 -0.05788289 0.03824781
v 0.02265862 -0.05788289 0.03824781
v 0.02246058 -0.06005280 0.03491260
v 0.02246058 -0.06005280 0.03491260
v 0.02246058 -0.06005280 0.03491260
v 0.02246058 -0.06005280 0.03491260
v 0.02246058 -0.06005280 0.03491260
v 0.02246058 -0.06005280 0.03491260
v 0.02246058 -0.06005280 0.03491260
v 0.02212184 -0.06182607 0.03237222
v 0.02212184 -0.06182607 0.03237222
v 0.02212184 -0.06182607 0.03237222
v 0.02212184 -0.06182607 0.03237222
v 0.02212184 -0.06182607 0.03237222
v 0.02141830 -0.05944149 0.03996218
v 0.02141830 -0.05944149 0.03996218
v 0.02141830 -0.05944149 0.03996218
v 0.02141830 -0.05944149 0.03996218
v 0.02141830 -0.05944149 0.03996218
v 0.02141830 -0.05944149 0.03996218
v 0.02141830 -0.05944149 0.03996218
v 0.02141830 -0.05944149 0.03996218
v 0.02141830 -0.05944149 0.03996218
v 0.02072520 -0.05945082 0.04228436
v 0.02072520 -0.05945082 0.04228436
v 0.02072520 -0.05945082 0.04228436
v 0.02050632 -0.05861086 0.04456758
v 0.02050632 -0.05861086 0.04456758
v 0.02050632 -0.05861086 0.04456758
v 0.02050632 -0.05861086 0.04456758
v 0.02050632 -0.05861086 0.04456758
v 0.02022490 -0.05815821 0.04625857
v 0.02022490 -0.05815821 0.04625857
v 0.02022490 -0.05815821 0.04625857
v 0.02022490 -0.05815821 0.04625857
v 0.02022490 -0.05815821 0.04625857
v 0.02022490 -0.05815821 0.04625857
v 0.02022490 -0.05815821 0.04625857
v 0.02022490 -0.05815821 0.04625857
v 0.02022490 -0.05815821 0.04625857
v 0.02022490 -0.05815821 0.04625857
v 0.02022490 -0.05815821 0.04625857
v 0.02022490 -0.05815821 0.04625857
v 0.01993306 -0.06030013 0.04298569
v 0.01993306 -0.06030013 0.04298569
v 0.01993306 -0.06030013 0.04298569
v 0.01993306 -0.06030013 0.04298569
v 0.01993306 -0.06030013 0.04298569
v 0.01817683 -0.05872752 0.05008472
v 0.01817683 -0.05872752 0.05008472
v 0.01817683 -0.05872752 0.05008472
v 0.01817683 -0.05872752 0.05008472
v 0.01783809 -0.05832620 0.05162765
v 0.01783809 -0.05832620 0.05162765
v 0.01783809 -0.05832620 0.05162765
v 0.01783809 -0.05832620 0.05162765
v 0.01783809 -0.05832620 0.05162765
v 0.01783809 -0.05832620 0.05162765
v 0.01783809 -0.05832620 0.05162765
v 0.01783809 -0.05832620 0.05162765
v 0.01783809 -0.05832620 0.05162765
v 0.01738470 -0.05783623 0.05331084
v 0.01738470 -0.05783623 0.05331084
v 0.01738470 -0.05783623 0.05331084
v 0.01738470 -0.05783623 0.05331084
v 0.01738470 -0.05783623 0.05331084
v 0.01553987 -0.05601630 0.05952930
v 0.01553987 -0.05601630 0.05952930
v 0.01553987 -0.05601630 0.05952930
v 0.01553987 -0.05601630 0.05952930
v 0.01553987 -0.05601630 0.05952930
v 0.01498225 -0.05546565 0.06121250
v 0.01498225 -0.05546565 0.06121250
v 0.01498225 -0.05546565 0.06121250
v 0.01498225 -0.05546565 0.06121250
v 0.01498225 -0.05546565 0.06121250
v 0.01498225 -0.05546565 0.06121250
v 0.01498225 -0.05546565 0.06121250
v 0.01498225 -0.05546565 0.06121250
v 0.01279869 -0.05327241 0.06669847
v 0.01279869 -0.05327241 0.06669847
v 0.01279869 -0.05327241 0.06669847
v 0.01279869 -0.05327241 0.06669847
v 0.01279869 -0.05327241 0.06669847
v 0.01279869 -0.05327241 0.06669847
v 0.01279869 -0.05327241 0.06669847
v 0.01279869 -0.05327241 0.06669847
v 0.01120921 -0.05371105 0.06764136
v 0.01120921 -0.05371105 0.06764136
v 0.01120921 -0.05371105 0.06764136
v 0.01025032 -0.05322108 0.06917650
v 0.01025032 -0.05322108 0.06917650
v 0.01025032 -0.05322108 0.06917650
v 0.01025032 -0.05322108 0.06917650
v 0.01025032 -0.05322108 0.06917650
v 0.01025032 -0.05322108 0.06917650
v 0.01025032 -0.05322108 0.06917650
v 0.01025032 -0.05322108 0.06917650
v 0.01025032 -0.05322108 0.06917650
v 0.01025032 -0.05322108 0.06917650
v 0.01158965 -0.05513900 0.06541269
v 0.01158965 -0.05513900 0.06541269
v 0.01158965 -0.05513900 0.06541269
v 0.00884846 -0.05358972 0.06966743
v 0.00884846 -0.05358972 0.06966743
v 0.00884846 -0.05358972 0.06966743
v 0.00884846 -0.05358972 0.06966743
v 0.00894748 -0.05494767 0.06775046
v 0.00894748 -0.05494767 0.06775046
v 0.00894748 -0.05494767 0.06775046
v 0.00894748 -0.05494767 0.06775046
v 0.00449696 -0.05556365 0.06891155
v 0.00449696 -0.05556365 0.06891155
v 0.00449696 -0.05556365 0.06891155
v 0.00449696 -0.05556365 0.06891155
v 0.00449696 -0.05556365 0.06891155
v 0.00449696 -0.05556365 0.06891155
v 0.00449696 -0.05556365 0.06891155
v 0.00449696 -0.05556365 0.06891155
v 0.00371004 -0.05624029 0.06796086
v 0.00371004 -0.05624029 0.06796086
v 0.00371004 -0.05624029 0.06796086
v 0.00371004 -0.05624029 0.06796086
v 0.00726941 -0.05298308 0.07143634
v 0.00726941 -0.05298308 0.07143634
v 0.00726941 -0.05298308 0.07143634
v 0.00726941 -0.05298308 0.07143634
v 0.00726941 -0.05298308 0.07143634
v 0.00726941 -0.05298308 0.07143634
v 0.00726941 -0.05298308 0.07143634
v 0.00726941 -0.05298308 0.07143634
v 0.00726941 -0.05298308 0.07143634
v 0.00726941 -0.05298308 0.07143634
v 0.00638348 -0.05399571 0.07048565
v 0.00638348 -0.05399571 0.07048565
v 0.00638348 -0.05399571 0.07048565
v 0.00638348 -0.05399571 0.07048565
v 0.00632094 -0.05534433 0.06858427
v 0.00632094 -0.05534433 0.06858427
v 0.00632094 -0.05534433 0.06858427
v 0.00632094 -0.05534433 0.06858427
v 0.00632094 -0.05534433 0.06858427
v 0.00280847 -0.05568964 0.06912195
v 0.00280847 -0.05568964 0.06912195
v 0.00280847 -0.05568964 0.06912195
v 0.00280847 -0.05568964 0.06912195
v 0.00280847 -0.05568964 0.06912195
v 0.00280847 -0.05568964 0.06912195
v 0.00280847 -0.05568964 0.06912195
v 0.00280847 -0.05568964 0.06912195
v 0.00126069 -0.05574097 0.06920767
v 0.00126069 -0.05574097 0.06920767
v 0.00126069 -0.05574097 0.06920767
v 0.00126069 -0.05574097 0.06920767
v 0.00126069 -0.05492901 0.07047007
v 0.00126069 -0.05492901 0.07047007
v 0.00126069 -0.05492901 0.07047007
v 0.00126069 -0.05492901 0.07047007
v 0.00126069 -0.05492901 0.07047007
v 0.00126069 -0.05366439 0.07230911
v 0.00126069 -0.05366439 0.07230911
v 0.00126069 -0.05366439 0.07230911
v 0.00126069 -0.05366439 0.07230911
v 0.00126069 -0.05366439 0.07230911
v 0.00126069 -0.05366439 0.07230911
v 0.00126069 -0.05266110 0.07357150
v 0.00126069 -0.05266110 0.07357150
v 0.00126069 -0.05266110 0.07357150
v 0.00126069 -0.05266110 0.07357150
v 0.00126069 -0.05266110 0.07357150
v 0.00126069 -0.05266110 0.07357150
v 0.00126069 -0.05140115 0.07488845
v 0.00126069 -0.05140115 0.07488845
v 0.00126069 -0.05140115 0.07488845
v 0.00126069 -0.05140115 0.07488845
v 0.00126069 -0.05140115 0.07488845
v 0.00126069 -0.04990787 0.07615863
v 0.00126069 -0.04990787 0.07615863
v 0.00126069 -0.04990787 0.07615863
v 0.00126069 -0.04990787 0.07615863
v 0.00126069 -0.04990787 0.07615863
v 0.00126069 -0.04990787 0.07615863
v 0.00126069 -0.04990787 0.07615863
v 0.00390807 -0.04926857 0.07600278
v 0.00390807 -0.04926857 0.07600278
v 0.00390807 -0.04926857 0.07600278
v 0.00390807 -0.04926857 0.07600278
v 0.00390807 -0.04926857 0.07600278
v 0.00551318 -0.05084584 0.07434297
v 0.00551318 -0.05084584 0.07434297
v 0.00551318 -0.05084584 0.07434297
v 0.00551318 -0.05084584 0.07434297
v 0.00551318 -0.05084584 0.07434297
v 0.00551318 -0.05084584 0.07434297
v 0.00551318 -0.05084584 0.07434297
v 0.00551318 -0.05084584 0.07434297
v 0.00634179 -0.04939456 0.07488845
v 0.00634179 -0.04939456 0.07488845
v 0.00634179 -0.04939456 0.07488845
v 0.00634179 -0.04939456 0.07488845
v 0.00800943 -0.04859193 0.07441310
v 0.00800943 -0.04859193 0.07441310
v 0.00800943 -0.04859193 0.07441310
v 0.00800943 -0.04859193 0.07441310
v 0.00800943 -0.04859193 0.07441310
v 0.00800943 -0.04859193 0.07441310
v 0.00800943 -0.04859193 0.07441310
v 0.00800943 -0.04859193 0.07441310
v 0.00630531 -0.04692132 0.07611967
v 0.00630531 -0.04692132 0.07611967
v 0.00630531 -0.04692132 0.07611967
v 0.00630531 -0.04692132 0.07611967
v 0.00630531 -0.04692132 0.07611967
v 0.00707138 -0.04427076 0.07634565
v 0.00707138 -0.04427076 0.07634565
v 0.00707138 -0.04427076 0.07634565
v 0.00707138 -0.04427076 0.07634565
v 0.00707138 -0.04427076 0.07634565
v 0.00707138 -0.04427076 0.07634565
v 0.00707138 -0.04427076 0.07634565
v 0.00707138 -0.04427076 0.07634565
v 0.00707138 -0.04427076 0.07634565
v 0.00716519 -0.04174153 0.07634565
v 0.00716519 -0.04174153 0.07634565
v 0.00716519 -0.04174153 0.07634565
v 0.00716519 -0.04174153 0.07634565
v 0.00716519 -0.04174153 0.07634565
v 0.00716519 -0.04174153 0.07634565
v 0.00716519 -0.04174153 0.07634565
v 0.00632094 -0.02869871 0.06537373
v 0.00632094 -0.02869871 0.06537373
v 0.00632094 -0.02869871 0.06537373
v 0.01000539 -0.04091089 0.07394555
v 0.01000539 -0.04091089 0.07394555
v 0.01000539 -0.04091089 0.07394555
v 0.01000539 -0.04091089 0.07394555
v 0.01000539 -0.04091089 0.07394555
v 0.01000539 -0.04091089 0.07394555
v 0.01000539 -0.04091089 0.07394555
v 0.01000539 -0.04091089 0.07394555
v 0.01000539 -0.04091089 0.07394555
v 0.01000539 -0.04091089 0.07394555
v 0.01000539 -0.04091089 0.07394555
v 0.00832211 -0.04013159 0.07470142
v 0.00832211 -0.04013159 0.07470142
v 0.00832211 -0.04013159 0.07470142
v 0.00942171 -0.02869871 0.06341779
v 0.00942171 -0.02869871 0.06341779
v 0.00942171 -0.02869871 0.06341779
v 0.00942171 -0.02869871 0.06341779
v 0.00942171 -0.02869871 0.06341779
v 0.00922368 -0.02869871 0.06357365
v 0.00922368 -0.02869871 0.06357365
v 0.00922368 -0.02869871 0.06357365
v 0.00815535 -0.02869871 0.06439187
v 0.00815535 -0.02869871 0.06439187
v 0.00815535 -0.02869871 0.06439187
v 0.02055843 -0.04484474 0.05514209
v 0.02055843 -0.04484474 0.05514209
v 0.02055843 -0.04484474 0.05514209
v 0.02055843 -0.04484474 0.05514209
v 0.02055843 -0.04484474 0.05514209
v 0.02031350 -0.04520406 0.05663826
v 0.02031350 -0.04520406 0.05663826
v 0.02031350 -0.04520406 0.05663826
v 0.02031350 -0.04520406 0.05663826
v 0.02031350 -0.04520406 0.05663826
v 0.02031350 -0.04520406 0.05663826
v 0.02031350 -0.04520406 0.05663826
v 0.02031350 -0.04520406 0.05663826
v 0.02031350 -0.04520406 0.05663826
v 0.02031350 -0.04520406 0.05663826
v 0.01430477 -0.02869871 0.05553951
v 0.01430477 -0.02869871 0.05553951
v 0.01430477 -0.02869871 0.05553951
v 0.01798922 -0.04267483 0.06216319
v 0.01798922 -0.04267483 0.06216319
v 0.01798922 -0.04267483 0.06216319
v 0.01798922 -0.04267483 0.06216319
v 0.01798922 -0.04267483 0.06216319
v 0.01798922 -0.04267483 0.06216319
v 0.01798922 -0.04267483 0.06216319
v 0.01798922 -0.04267483 0.06216319
v 0.01798922 -0.04267483 0.06216319
v 0.01798922 -0.04267483 0.06216319
v 0.01798922 -0.04267483 0.06216319
v 0.01979757 -0.04432209 0.05755779
v 0.01979757 -0.04432209 0.05755779
v 0.01979757 -0.04432209 0.05755779
v 0.01979757 -0.04432209 0.05755779
v 0.02263777 -0.05185846 0.04576764
v 0.02263777 -0.05185846 0.04576764
v 0.02263777 -0.05185846 0.04576764
v 0.02263777 -0.05185846 0.04576764
v 0.02293482 -0.05185846 0.04450524
v 0.02293482 -0.05185846 0.04450524
v 0.02293482 -0.05185846 0.04450524
v 0.02293482 -0.05185846 0.04450524
v 0.02218959 -0.05185846 0.04755214
v 0.02218959 -0.05185846 0.04755214
v 0.02218959 -0.05185846 0.04755214
v 0.02218959 -0.05185846 0.04755214
v 0.02218959 -0.05185846 0.04755214
v 0.02125154 -0.04932923 0.05260951
v 0.02125154 -0.04932923 0.05260951
v 0.02125154 -0.04932923 0.05260951
v 0.02125154 -0.04932923 0.05260951
v 0.02125154 -0.04932923 0.05260951
v 0.02125154 -0.04932923 0.05260951
v 0.02125154 -0.04932923 0.05260951
v 0.02077210 -0.04680000 0.05514209
v 0.02077210 -0.04680000 0.05514209
v 0.02077210 -0.04680000 0.05514209
v 0.02077210 -0.04680000 0.05514209
v 0.02077210 -0.04680000 0.05514209
v 0.02150690 -0.05185846 0.05008472
v 0.02150690 -0.05185846 0.05008472
v 0.02150690 -0.05185846 0.05008472
v 0.02150690 -0.05185846 0.05008472
v 0.02150690 -0.05185846 0.05008472
v 0.02150690 -0.05185846 0.05008472
v 0.02150690 -0.05185846 0.05008472
v 0.02150690 -0.05185846 0.05008472
v 0.02150690 -0.05185846 0.05008472
v 0.02150690 -0.05185846 0.05008472
v 0.02291918 -0.05421037 0.04225319
v 0.02291918 -0.05421037 0.04225319
v 0.02291918 -0.05421037 0.04225319
v 0.02228340 -0.05421037 0.04486370
v 0.02228340 -0.05421037 0.04486370
v 0.02228340 -0.05421037 0.04486370
v 0.02228340 -0.05421037 0.04486370
v 0.02256481 -0.05493834 0.04293115
v 0.02256481 -0.05493834 0.04293115
v 0.02256481 -0.05493834 0.04293115
v 0.02256481 -0.05493834 0.04293115
v 0.02243973 -0.05733225 0.03996218
v 0.02243973 -0.05733225 0.03996218
v 0.02243973 -0.05733225 0.03996218
v 0.02243973 -0.05733225 0.03996218
v 0.02149648 -0.05438303 0.04755214
v 0.02149648 -0.05438303 0.04755214
v 0.02149648 -0.05438303 0.04755214
v 0.02149648 -0.05438303 0.04755214
v 0.02149648 -0.05438303 0.04755214
v 0.02149648 -0.05438303 0.04755214
v 0.02149648 -0.05438303 0.04755214
v 0.02149648 -0.05438303 0.04755214
v 0.02210621 -0.05666960 0.04225319
v 0.02210621 -0.05666960 0.04225319
v 0.02210621 -0.05666960 0.04225319
v 0.02210621 -0.05666960 0.04225319
v 0.02210621 -0.05666960 0.04225319
v 0.02102746 -0.05715492 0.04525333
v 0.02102746 -0.05715492 0.04525333
v 0.02102746 -0.05715492 0.04525333
v 0.02102746 -0.05715492 0.04525333
v 0.02102746 -0.05715492 0.04525333
v 0.02102746 -0.05715492 0.04525333
v 0.02102746 -0.05715492 0.04525333
v 0.02218438 -0.05930617 0.03742180
v 0.02218438 -0.05930617 0.03742180
v 0.02218438 -0.05930617 0.03742180
v 0.02065223 -0.05647362 0.04755214
v 0.02065223 -0.05647362 0.04755214
v 0.02065223 -0.05647362 0.04755214
v 0.02065223 -0.05647362 0.04755214
v 0.02038124 -0.05592763 0.04925091
v 0.02038124 -0.05592763 0.04925091
v 0.02038124 -0.05592763 0.04925091
v 0.02038124 -0.05592763 0.04925091
v 0.02038124 -0.05592763 0.04925091
v 0.02008940 -0.05531633 0.05094190
v 0.02008940 -0.05531633 0.05094190
v 0.02008940 -0.05531633 0.05094190
v 0.02008940 -0.05531633 0.05094190
v 0.02008940 -0.05531633 0.05094190
v 0.02008940 -0.05531633 0.05094190
v 0.02008940 -0.05531633 0.05094190
v 0.02008940 -0.05531633 0.05094190
v 0.02008940 -0.05531633 0.05094190
v 0.02008940 -0.05531633 0.05094190
v 0.01996954 -0.05773823 0.04755214
v 0.01996954 -0.05773823 0.04755214
v 0.01996954 -0.05773823 0.04755214
v 0.01996954 -0.05773823 0.04755214
v 0.01806739 -0.05614696 0.05469012
v 0.01806739 -0.05614696 0.05469012
v 0.01806739 -0.05614696 0.05469012
v 0.01806739 -0.05614696 0.05469012
v 0.01806739 -0.05614696 0.05469012
v 0.01806739 -0.05614696 0.05469012
v 0.01806739 -0.05614696 0.05469012
v 0.01841655 -0.05695893 0.05252379
v 0.01841655 -0.05695893 0.05252379
v 0.01841655 -0.05695893 0.05252379
v 0.01768696 -0.05562431 0.05637332
v 0.01768696 -0.05562431 0.05637332
v 0.01768696 -0.05562431 0.05637332
v 0.01768696 -0.05562431 0.05637332
v 0.01768696 -0.05562431 0.05637332
v 0.01768696 -0.05562431 0.05637332
v 0.01768696 -0.05562431 0.05637332
v 0.01768696 -0.05562431 0.05637332
v 0.01768696 -0.05562431 0.05637332
v 0.01733259 -0.05511567 0.05767467
v 0.01733259 -0.05511567 0.05767467
v 0.01733259 -0.05511567 0.05767467
v 0.01733259 -0.05511567 0.05767467
v 0.01733259 -0.05511567 0.05767467
v 0.01644665 -0.05436903 0.06016829
v 0.01644665 -0.05436903 0.06016829
v 0.01644665 -0.05436903 0.06016829
v 0.01567016 -0.05377639 0.06227229
v 0.01567016 -0.05377639 0.06227229
v 0.01567016 -0.05377639 0.06227229
v 0.01567016 -0.05377639 0.06227229
v 0.01514902 -0.05307641 0.06395548
v 0.01514902 -0.05307641 0.06395548
v 0.01514902 -0.05307641 0.06395548
v 0.01514902 -0.05307641 0.06395548
v 0.01514902 -0.05307641 0.06395548
v 0.01514902 -0.05307641 0.06395548
v 0.01514902 -0.05307641 0.06395548
v 0.01514902 -0.05307641 0.06395548
v 0.01514902 -0.05307641 0.06395548
v 0.01514902 -0.05307641 0.06395548
v 0.01319475 -0.05164847 0.06764136
v 0.01319475 -0.05164847 0.06764136
v 0.01319475 -0.05164847 0.06764136
v 0.01269446 -0.05066851 0.06911416
v 0.01269446 -0.05066851 0.06911416
v 0.01269446 -0.05066851 0.06911416
v 0.01269446 -0.05066851 0.06911416
v 0.01269446 -0.05066851 0.06911416
v 0.01269446 -0.05066851 0.06911416
v 0.01269446 -0.05066851 0.06911416
v 0.01269446 -0.05066851 0.06911416
v 0.01269446 -0.05066851 0.06911416
v 0.01193881 -0.05235311 0.06838945
v 0.01193881 -0.05235311 0.06838945
v 0.01193881 -0.05235311 0.06838945
v 0.01193881 -0.05235311 0.06838945
v 0.01017215 -0.05065918 0.07163116
v 0.01017215 -0.05065918 0.07163116
v 0.01017215 -0.05065918 0.07163116
v 0.01017215 -0.05065918 0.07163116
v 0.01017215 -0.05065918 0.07163116
v 0.01017215 -0.05065918 0.07163116
v 0.01017215 -0.05065918 0.07163116
v 0.01017215 -0.05065918 0.07163116
v 0.01017215 -0.05065918 0.07163116
v 0.00884846 -0.05243711 0.07092982
v 0.00884846 -0.05243711 0.07092982
v 0.00884846 -0.05243711 0.07092982
v 0.00884846 -0.05243711 0.07092982
v 0.00558093 -0.05330041 0.07180259
v 0.00558093 -0.05330041 0.07180259
v 0.00558093 -0.05330041 0.07180259
v 0.00558093 -0.05330041 0.07180259
v 0.00558093 -0.05330041 0.07180259
v 0.00558093 -0.05330041 0.07180259
v 0.00558093 -0.05330041 0.07180259
v 0.00379342 -0.05350573 0.07208313
v 0.00379342 -0.05350573 0.07208313
v 0.00379342 -0.05350573 0.07208313
v 0.00379342 -0.05350573 0.07208313
v 0.00379342 -0.05350573 0.07208313
v 0.00379342 -0.05350573 0.07208313
v 0.00371004 -0.05489634 0.07010381
v 0.00371004 -0.05489634 0.07010381
v 0.00371004 -0.05489634 0.07010381
v 0.00371004 -0.05489634 0.07010381
v 0.00884846 -0.05117249 0.07209871
v 0.00884846 -0.05117249 0.07209871
v 0.00884846 -0.05117249 0.07209871
v 0.00884846 -0.05117249 0.07209871
v 0.00720167 -0.05028119 0.07391438
v 0.00720167 -0.05028119 0.07391438
v 0.00720167 -0.05028119 0.07391438
v 0.00720167 -0.05028119 0.07391438
v 0.00720167 -0.05028119 0.07391438
v 0.00720167 -0.05028119 0.07391438
v 0.00379342 -0.05241844 0.07334552
v 0.00379342 -0.05241844 0.07334552
v 0.00379342 -0.05241844 0.07334552
v 0.00379342 -0.05241844 0.07334552
v 0.00379342 -0.05241844 0.07334552
v 0.00379342 -0.05241844 0.07334552
v 0.00379342 -0.05115382 0.07463909
v 0.00379342 -0.05115382 0.07463909
v 0.00379342 -0.05115382 0.07463909
v 0.00379342 -0.05115382 0.07463909
v 0.00379342 -0.05115382 0.07463909
v 0.01056301 -0.04932923 0.07200520
v 0.01056301 -0.04932923 0.07200520
v 0.01056301 -0.04932923 0.07200520
v 0.01056301 -0.04932923 0.07200520
v 0.01056301 -0.04932923 0.07200520
v 0.00976045 -0.04680000 0.07382866
v 0.00976045 -0.04680000 0.07382866
v 0.00976045 -0.04680000 0.07382866
v 0.00976045 -0.04680000 0.07382866
v 0.00976045 -0.04680000 0.07382866
v 0.00849409 -0.04680000 0.07478714
v 0.00849409 -0.04680000 0.07478714
v 0.00849409 -0.04680000 0.07478714
v 0.00849409 -0.04680000 0.07478714
v 0.00849409 -0.04680000 0.07478714
v 0.01006271 -0.04518073 0.07406243
v 0.01006271 -0.04518073 0.07406243
v 0.01006271 -0.04518073 0.07406243
v 0.01006271 -0.04518073 0.07406243
v 0.01006271 -0.04518073 0.07406243
v 0.01006271 -0.04518073 0.07406243
v 0.01006271 -0.04518073 0.07406243
v 0.01006271 -0.04518073 0.07406243
v 0.00907255 -0.04430810 0.07492741
v 0.00907255 -0.04430810 0.07492741
v 0.00907255 -0.04430810 0.07492741
v 0.01018257 -0.04349146 0.07417153
v 0.01018257 -0.04349146 0.07417153
v 0.01018257 -0.04349146 0.07417153
v 0.01018257 -0.04349146 0.07417153
v 0.01018257 -0.04349146 0.07417153
v 0.01018257 -0.04349146 0.07417153
v 0.01018257 -0.04349146 0.07417153
v 0.01018257 -0.04260016 0.07417153
v 0.01018257 -0.04260016 0.07417153
v 0.01018257 -0.04260016 0.07417153
v 0.01018257 -0.04260016 0.07417153
v 0.01018257 -0.04260016 0.07417153
v 0.00903607 -0.04175086 0.07492741
v 0.00903607 -0.04175086 0.07492741
v 0.00903607 -0.04175086 0.07492741
v 0.01264756 -0.04299681 0.07158440
v 0.01264756 -0.04299681 0.07158440
v 0.01264756 -0.04299681 0.07158440
v 0.01264756 -0.04299681 0.07158440
v 0.01264756 -0.04299681 0.07158440
v 0.01264756 -0.04299681 0.07158440
v 0.01264756 -0.04299681 0.07158440
v 0.01227755 -0.04131221 0.07103113
v 0.01227755 -0.04131221 0.07103113
v 0.01227755 -0.04131221 0.07103113
v 0.01227755 -0.04131221 0.07103113
v 0.01227755 -0.04131221 0.07103113
v 0.01227755 -0.04131221 0.07103113
v 0.01202740 -0.02869871 0.06058130
v 0.01202740 -0.02869871 0.06058130
v 0.01202740 -0.02869871 0.06058130
v 0.01202740 -0.02869871 0.06058130
v 0.01182937 -0.02869871 0.06083846
v 0.01182937 -0.02869871 0.06083846
v 0.01182937 -0.02869871 0.06083846
v 0.01076104 -0.02869871 0.06215540
v 0.01076104 -0.02869871 0.06215540
v 0.01076104 -0.02869871 0.06215540
v 0.01895854 -0.04427076 0.06019947
v 0.01895854 -0.04427076 0.06019947
v 0.01895854 -0.04427076 0.06019947
v 0.01812993 -0.04427076 0.06245152
v 0.01812993 -0.04427076 0.06245152
v 0.01812993 -0.04427076 0.06245152
v 0.01812993 -0.04427076 0.06245152
v 0.01812993 -0.04427076 0.06245152
v 0.01812993 -0.04427076 0.06245152
v 0.01812993 -0.04427076 0.06245152
v 0.01984447 -0.04680000 0.05785390
v 0.01984447 -0.04680000 0.05785390
v 0.01984447 -0.04680000 0.05785390
v 0.01984447 -0.04680000 0.05785390
v 0.01984447 -0.04680000 0.05785390
v 0.02029786 -0.04680000 0.05659151
v 0.02029786 -0.04680000 0.05659151
v 0.02029786 -0.04680000 0.05659151
v 0.02029786 -0.04680000 0.05659151
v 0.01362208 -0.02869871 0.05767467
v 0.01362208 -0.02869871 0.05767467
v 0.01362208 -0.02869871 0.05767467
v 0.01757231 -0.04427076 0.06371391
v 0.01757231 -0.04427076 0.06371391
v 0.01757231 -0.04427076 0.06371391
v 0.01757231 -0.04427076 0.06371391
v 0.01757231 -0.04427076 0.06371391
v 0.01757231 -0.04427076 0.06371391
v 0.01351265 -0.02869871 0.05793183
v 0.01351265 -0.02869871 0.05793183
v 0.01351265 -0.02869871 0.05793183
v 0.01287686 -0.02869871 0.05931890
v 0.01287686 -0.02869871 0.05931890
v 0.01287686 -0.02869871 0.05931890
v 0.01287686 -0.02869871 0.05931890
v 0.01287686 -0.02869871 0.05931890
v 0.01550339 -0.04241350 0.06705692
v 0.01550339 -0.04241350 0.06705692
v 0.01550339 -0.04241350 0.06705692
v 0.01550339 -0.04241350 0.06705692
v 0.01550339 -0.04241350 0.06705692
v 0.01550339 -0.04241350 0.06705692
v 0.01550339 -0.04241350 0.06705692
v 0.01550339 -0.04241350 0.06705692
v 0.01550339 -0.04241350 0.06705692
v 0.02024054 -0.04809728 0.05642007
v 0.02024054 -0.04809728 0.05642007
v 0.02024054 -0.04809728 0.05642007
v 0.02024054 -0.04809728 0.05642007
v 0.02024054 -0.04809728 0.05642007
v 0.02024054 -0.04809728 0.05642007
v 0.02024054 -0.04809728 0.05642007
v 0.02024054 -0.04809728 0.05642007
v 0.02049589 -0.04909590 0.05515768
v 0.02049589 -0.04909590 0.05515768
v 0.02049589 -0.04909590 0.05515768
v 0.02049589 -0.04909590 0.05515768
v 0.02038645 -0.05116316 0.05432387
v 0.02038645 -0.05116316 0.05432387
v 0.02038645 -0.05116316 0.05432387
v 0.02038645 -0.05116316 0.05432387
v 0.02038645 -0.05116316 0.05432387
v 0.02038645 -0.05116316 0.05432387
v 0.02038645 -0.05116316 0.05432387
v 0.02068871 -0.05194712 0.05272640
v 0.02068871 -0.05194712 0.05272640
v 0.02068871 -0.05194712 0.05272640
v 0.02015715 -0.05284309 0.05365371
v 0.02015715 -0.05284309 0.05365371
v 0.02015715 -0.05284309 0.05365371
v 0.02015715 -0.05284309 0.05365371
v 0.02015715 -0.05284309 0.05365371
v 0.02015715 -0.05284309 0.05365371
v 0.02015715 -0.05284309 0.05365371
v 0.02015715 -0.05284309 0.05365371
v 0.02043857 -0.05363172 0.05196272
v 0.02043857 -0.05363172 0.05196272
v 0.02043857 -0.05363172 0.05196272
v 0.02043857 -0.05363172 0.05196272
v 0.02043857 -0.05363172 0.05196272
v 0.02043857 -0.05363172 0.05196272
v 0.02071477 -0.05443903 0.05009251
v 0.02071477 -0.05443903 0.05009251
v 0.02071477 -0.05443903 0.05009251
v 0.02071477 -0.05443903 0.05009251
v 0.01951094 -0.05682826 0.05009251
v 0.01951094 -0.05682826 0.05009251
v 0.01951094 -0.05682826 0.05009251
v 0.01981320 -0.05443903 0.05272640
v 0.01981320 -0.05443903 0.05272640
v 0.01981320 -0.05443903 0.05272640
v 0.01981320 -0.05443903 0.05272640
v 0.01981320 -0.05443903 0.05272640
v 0.01981320 -0.05443903 0.05272640
v 0.01865106 -0.05462102 0.05537587
v 0.01865106 -0.05462102 0.05537587
v 0.01865106 -0.05462102 0.05537587
v 0.01865106 -0.05462102 0.05537587
v 0.01810387 -0.05385105 0.05767467
v 0.01810387 -0.05385105 0.05767467
v 0.01810387 -0.05385105 0.05767467
v 0.01810387 -0.05385105 0.05767467
v 0.01779119 -0.05327707 0.05911630
v 0.01779119 -0.05327707 0.05911630
v 0.01779119 -0.05327707 0.05911630
v 0.01779119 -0.05327707 0.05911630
v 0.01779119 -0.05327707 0.05911630
v 0.01779119 -0.05327707 0.05911630
v 0.01779119 -0.05327707 0.05911630
v 0.01779119 -0.05327707 0.05911630
v 0.01779119 -0.05327707 0.05911630
v 0.01779119 -0.05327707 0.05911630
v 0.01779119 -0.05327707 0.05911630
v 0.01779119 -0.05327707 0.05911630
v 0.01735864 -0.05231111 0.06080729
v 0.01735864 -0.05231111 0.06080729
v 0.01735864 -0.05231111 0.06080729
v 0.01735864 -0.05231111 0.06080729
v 0.01558156 -0.05139648 0.06465681
v 0.01558156 -0.05139648 0.06465681
v 0.01558156 -0.05139648 0.06465681
v 0.01558156 -0.05139648 0.06465681
v 0.01505000 -0.05023919 0.06634780
v 0.01505000 -0.05023919 0.06634780
v 0.01505000 -0.05023919 0.06634780
v 0.01505000 -0.05023919 0.06634780
v 0.01505000 -0.05023919 0.06634780
v 0.01505000 -0.05023919 0.06634780
v 0.01505000 -0.05023919 0.06634780
v 0.01505000 -0.05023919 0.06634780
v 0.01505000 -0.05023919 0.06634780
v 0.01466957 -0.05208712 0.06540490
v 0.01466957 -0.05208712 0.06540490
v 0.01466957 -0.05208712 0.06540490
v 0.01299672 -0.04932923 0.06948041
v 0.01299672 -0.04932923 0.06948041
v 0.01299672 -0.04932923 0.06948041
v 0.01299672 -0.04932923 0.06948041
v 0.01299672 -0.04932923 0.06948041
v 0.01299672 -0.04932923 0.06948041
v 0.01182937 -0.04932923 0.07075059
v 0.01182937 -0.04932923 0.07075059
v 0.01182937 -0.04932923 0.07075059
v 0.01182937 -0.04932923 0.07075059
v 0.01182937 -0.04932923 0.07075059
v 0.01182937 -0.04932923 0.07075059
v 0.01109978 -0.04680000 0.07256627
v 0.01109978 -0.04680000 0.07256627
v 0.01109978 -0.04680000 0.07256627
v 0.01109978 -0.04680000 0.07256627
v 0.01109978 -0.04680000 0.07256627
v 0.01236614 -0.04680000 0.07127270
v 0.01236614 -0.04680000 0.07127270
v 0.01236614 -0.04680000 0.07127270
v 0.01236614 -0.04680000 0.07127270
v 0.01236614 -0.04680000 0.07127270
v 0.01236614 -0.04680000 0.07127270
v 0.01257460 -0.04471874 0.07149868
v 0.01257460 -0.04471874 0.07149868
v 0.01257460 -0.04471874 0.07149868
v 0.01257460 -0.04471874 0.07149868
v 0.01257460 -0.04471874 0.07149868
v 0.01257460 -0.04471874 0.07149868
v 0.01257460 -0.04471874 0.07149868
v 0.01257460 -0.04471874 0.07149868
v 0.01264756 -0.04303415 0.07158440
v 0.01264756 -0.04303415 0.07158440
v 0.01264756 -0.04303415 0.07158440
v 0.01264756 -0.04303415 0.07158440
v 0.01264756 -0.04303415 0.07158440
v 0.01483634 -0.04427076 0.06853751
v 0.01483634 -0.04427076 0.06853751
v 0.01483634 -0.04427076 0.06853751
v 0.01483634 -0.04427076 0.06853751
v 0.01483634 -0.04427076 0.06853751
v 0.01483634 -0.04427076 0.06853751
v 0.01483634 -0.04427076 0.06853751
v 0.01483634 -0.04427076 0.06853751
v 0.01312700 -0.04198885 0.07024408
v 0.01312700 -0.04198885 0.07024408
v 0.01312700 -0.04198885 0.07024408
v 0.01805176 -0.04680000 0.06221774
v 0.01805176 -0.04680000 0.06221774
v 0.01805176 -0.04680000 0.06221774
v 0.01805176 -0.04680000 0.06221774
v 0.01805176 -0.04680000 0.06221774
v 0.01805176 -0.04680000 0.06221774
v 0.01892727 -0.04680000 0.06019947
v 0.01892727 -0.04680000 0.06019947
v 0.01892727 -0.04680000 0.06019947
v 0.01892727 -0.04680000 0.06019947
v 0.01892727 -0.04680000 0.06019947
v 0.01892727 -0.04680000 0.06019947
v 0.01745766 -0.04680000 0.06348793
v 0.01745766 -0.04680000 0.06348793
v 0.01745766 -0.04680000 0.06348793
v 0.01745766 -0.04680000 0.06348793
v 0.01745766 -0.04680000 0.06348793
v 0.01745766 -0.04680000 0.06348793
v 0.01676455 -0.04427076 0.06525684
v 0.01676455 -0.04427076 0.06525684
v 0.01676455 -0.04427076 0.06525684
v 0.01676455 -0.04427076 0.06525684
v 0.01676455 -0.04427076 0.06525684
v 0.01563368 -0.04427076 0.06727511
v 0.01563368 -0.04427076 0.06727511
v 0.01563368 -0.04427076 0.06727511
v 0.01563368 -0.04427076 0.06727511
v 0.01563368 -0.04427076 0.06727511
v 0.01969855 -0.04909590 0.05742531
v 0.01969855 -0.04909590 0.05742531
v 0.01969855 -0.04909590 0.05742531
v 0.01969855 -0.04909590 0.05742531
v 0.02009983 -0.04978187 0.05601486
v 0.02009983 -0.04978187 0.05601486
v 0.02009983 -0.04978187 0.05601486
v 0.02009983 -0.04978187 0.05601486
v 0.02009983 -0.04978187 0.05601486
v 0.02009983 -0.04978187 0.05601486
v 0.02009983 -0.04978187 0.05601486
v 0.02009983 -0.04978187 0.05601486
v 0.01987053 -0.05194712 0.05515768
v 0.01987053 -0.05194712 0.05515768
v 0.01987053 -0.05194712 0.05515768
v 0.01987053 -0.05194712 0.05515768
v 0.01892206 -0.05185846 0.05767467
v 0.01892206 -0.05185846 0.05767467
v 0.01892206 -0.05185846 0.05767467
v 0.01892206 -0.05185846 0.05767467
v 0.01892206 -0.05185846 0.05767467
v 0.01892206 -0.05185846 0.05767467
v 0.01799443 -0.05162513 0.06005920
v 0.01799443 -0.05162513 0.06005920
v 0.01799443 -0.05162513 0.06005920
v 0.01771823 -0.05062651 0.06148524
v 0.01771823 -0.05062651 0.06148524
v 0.01771823 -0.05062651 0.06148524
v 0.01771823 -0.05062651 0.06148524
v 0.01771823 -0.05062651 0.06148524
v 0.01771823 -0.05062651 0.06148524
v 0.01771823 -0.05062651 0.06148524
v 0.01771823 -0.05062651 0.06148524
v 0.01771823 -0.05062651 0.06148524
v 0.01771823 -0.05062651 0.06148524
v 0.01771823 -0.05062651 0.06148524
v 0.01588382 -0.04937123 0.06540490
v 0.01588382 -0.04937123 0.06540490
v 0.01588382 -0.04937123 0.06540490
v 0.01588382 -0.04937123 0.06540490
v 0.01532621 -0.04854993 0.06676080
v 0.01532621 -0.04854993 0.06676080
v 0.01532621 -0.04854993 0.06676080
v 0.01532621 -0.04854993 0.06676080
v 0.01532621 -0.04854993 0.06676080
v 0.01532621 -0.04854993 0.06676080
v 0.01532621 -0.04854993 0.06676080
v 0.01532621 -0.04854993 0.06676080
v 0.01436731 -0.04937123 0.06767253
v 0.01436731 -0.04937123 0.06767253
v 0.01436731 -0.04937123 0.06767253
v 0.01436731 -0.04937123 0.06767253
v 0.01340321 -0.04680000 0.07001030
v 0.01340321 -0.04680000 0.07001030
v 0.01340321 -0.04680000 0.07001030
v 0.01340321 -0.04680000 0.07001030
v 0.01340321 -0.04680000 0.07001030
v 0.01340321 -0.04680000 0.07001030
v 0.01466957 -0.04680000 0.06831152
v 0.01466957 -0.04680000 0.06831152
v 0.01466957 -0.04680000 0.06831152
v 0.01466957 -0.04680000 0.06831152
v 0.01466957 -0.04680000 0.06831152
v 0.01338757 -0.04403277 0.07052461
v 0.01338757 -0.04403277 0.07052461
v 0.01338757 -0.04403277 0.07052461
v 0.01549818 -0.04680000 0.06704134
v 0.01549818 -0.04680000 0.06704134
v 0.01549818 -0.04680000 0.06704134
v 0.01549818 -0.04680000 0.06704134
v 0.01549818 -0.04680000 0.06704134
v 0.01785372 -0.04932923 0.06178135
v 0.01785372 -0.04932923 0.06178135
v 0.01785372 -0.04932923 0.06178135
v 0.01785372 -0.04932923 0.06178135
v 0.01785372 -0.04932923 0.06178135
v 0.01854684 -0.04932923 0.06019947
v 0.01854684 -0.04932923 0.06019947
v 0.01854684 -0.04932923 0.06019947
v 0.01854684 -0.04932923 0.06019947
v 0.01854684 -0.04932923 0.06019947
v 0.01854684 -0.04932923 0.06019947
v 0.01721272 -0.04932923 0.06304375
v 0.01721272 -0.04932923 0.06304375
v 0.01721272 -0.04932923 0.06304375
v 0.01721272 -0.04932923 0.06304375
v 0.01721272 -0.04932923 0.06304375
v 0.01721272 -0.04932923 0.06304375
v 0.01651961 -0.04680000 0.06525684
v 0.01651961 -0.04680000 0.06525684
v 0.01651961 -0.04680000 0.06525684
v 0.01651961 -0.04680000 0.06525684
v 0.01651961 -0.04680000 0.06525684
v 0.01651961 -0.04680000 0.06525684
f 5 10 19
f 2 17 25
f 1 21 30
f 6 35 38
f 7 41 43
f 8 44 50
f 3 49 56
f 4 57 9
f 11 64 20
f 13 58 67
f 15 68 74
f 16 75 80
f 14 78 87
f 12 86 66
f 18 62 27
f 28 63 90
f 29 91 101
f 26 97 109
f 22 106 112
f 24 114 131
f 23 130 31
f 32 132 115
f 33 117 133
f 34 134 143
f 36 144 146
f 37 147 39
f 40 148 154
f 42 155 45
f 47 160 171
f 46 170 52
f 48 156 161
f 54 172 174
f 55 176 180
f 53 179 186
f 51 184 59
f 61 185 192
f 60 191 69
f 65 84 95
f 72 196 205
f 71 203 212
f 70 209 76
f 73 193 197
f 77 210 81
f 82 214 225
f 79 221 88
f 83 211 215
f 89 222 229
f 85 228 96
f 94 227 233
f 93 232 244
f 92 241 102
f 103 242 245
f 105 246 250
f 104 249 256
f 100 254 260
f 99 258 265
f 98 264 111
f 110 263 271
f 108 268 278
f 107 277 113
f 116 280 283
f 118 288 293
f 119 295 298
f 120 301 303
f 121 304 306
f 122 307 309
f 123 310 312
f 124 313 315
f 125 316 318
f 126 319 321
f 127 322 324
f 129 325 328
f 128 327 136
f 138 329 331
f 140 332 334
f 142 335 348
f 141 347 351
f 139 350 356
f 137 355 153
f 135 149 145
f 152 354 363
f 151 362 367
f 150 366 159
f 158 365 373
f 157 372 162
f 163 376 378
f 165 379 384
f 166 387 391
f 167 392 394
f 168 396 399
f 169 400 177
f 164 175 173
f 178 402 181
f 182 404 408
f 183 409 187
f 190 417 424
f 188 423 195
f 189 410 416
f 194 420 199
f 201 431 443
f 200 437 452
f 198 449 207
f 202 421 433
f 208 450 457
f 206 454 219
f 204 218 213
f 220 455 467
f 217 462 474
f 216 473 226
f 224 471 238
f 223 237 230
f 239 476 485
f 236 482 493
f 235 491 253
f 234 252 248
f 231 247 243
f 240 472 478
f 251 488 257
f 255 487 261
f 262 489 500
f 259 497 266
f 267 498 272
f 273 499 504
f 276 505 511
f 275 510 515
f 274 513 524
f 270 522 528
f 269 526 279
f 281 527 520
f 282 521 284
f 289 529 536
f 287 534 543
f 286 542 292
f 285 523 547
f 290 548 553
f 291 554 530
f 294 546 561
f 296 564 567
f 297 569 299
f 300 570 302
f 305 571 863
f 305 863 1159
f 305 1159 1488
f 305 1488 1885
f 305 1885 2377
f 305 2377 2856
f 305 2856 2928
f 305 2928 2925
f 305 2925 3388
f 305 3388 3385
f 305 3385 3382
f 305 3382 3379
f 305 3379 3376
f 305 3376 3825
f 305 3825 3822
f 305 3822 3818
f 305 3818 4223
f 305 4223 4667
f 305 4667 4663
f 305 4663 5075
f 305 5075 5071
f 305 5071 5413
f 305 5413 5438
f 305 5438 5435
f 305 5435 5430
f 305 5430 5739
f 305 5739 5736
f 305 5736 5732
f 305 5732 5773
f 305 5773 5770
f 305 5770 5761
f 305 5761 5456
f 305 5456 5088
f 305 5088 5078
f 305 5078 4679
f 305 4679 4676
f 305 4676 4294
f 305 4294 4291
f 305 4291 4288
f 305 4288 4285
f 305 4285 4274
f 305 4274 4271
f 305 4271 4268
f 305 4268 4265
f 305 4265 4226
f 305 4226 3833
f 305 3833 3431
f 305 3431 3428
f 305 3428 3425
f 305 3425 3421
f 305 3421 3826
f 305 3826 3408
f 305 3408 3405
f 305 3405 3402
f 305 3402 3399
f 305 3399 2960
f 305 2960 2957
f 305 2957 2954
f 305 2954 2470
f 305 2470 2467
f 305 2467 2464
f 305 2464 1978
f 305 1978 1949
f 305 1949 1947
f 305 1947 1944
f 305 1944 1941
f 305 1941 1937
f 305 1937 1934
f 305 1934 1930
f 305 1930 1522
f 305 1522 1508
f 305 1508 1175
f 305 1175 889
f 305 889 866
f 305 866 576
f 305 576 346
f 305 346 333
f 305 333 330
f 305 330 326
f 305 326 323
f 305 323 320
f 305 320 317
f 305 317 314
f 305 314 311
f 305 311 308
f 345 572 580
f 344 579 585
f 343 584 591
f 342 590 594
f 341 592 601
f 340 600 605
f 339 603 608
f 338 607 361
f 337 359 353
f 336 352 349
f 360 606 596
f 358 595 370
f 357 369 364
f 371 597 612
f 368 610 374
f 375 611 377
f 383 578 385
f 380 614 587
f 381 588 582
f 382 583 577
f 389 615 397
f 388 395 393
f 386 581 573
f 390 574 616
f 398 617 401
f 403 621 625
f 405 627 629
f 406 632 638
f 407 639 412
f 413 640 634
f 414 635 641
f 415 642 648
f 411 647 418
f 419 649 427
f 429 650 644
f 430 645 653
f 428 651 664
f 426 659 670
f 425 667 675
f 422 673 436
f 435 672 679
f 434 677 685
f 432 683 446
f 439 691 696
f 438 695 453
f 448 684 698
f 447 697 702
f 445 701 706
f 444 705 716
f 442 715 724
f 441 722 729
f 440 728 692
f 451 693 458
f 461 726 732
f 456 730 468
f 459 694 689
f 460 690 725
f 470 731 737
f 469 736 742
f 466 741 747
f 465 745 756
f 464 755 481
f 463 480 475
f 479 751 764
f 477 763 486
f 484 762 768
f 483 766 494
f 495 758 775
f 492 774 780
f 490 777 501
f 496 767 759
f 502 781 507
f 503 778 782
f 508 769 518
f 506 517 512
f 509 783 770
f 516 785 550
f 514 549 525
f 519 771 787
f 533 791 538
f 531 555 798
f 532 799 790
f 540 793 803
f 541 804 807
f 539 806 814
f 537 813 821
f 535 819 544
f 545 820 560
f 551 786 825
f 552 826 556
f 558 827 832
f 559 833 839
f 557 837 801
f 562 824 849
f 563 850 854
f 566 855 858
f 565 857 568
f 575 864 618
f 586 613 598
f 589 602 593
f 599 609 604
f 622 871 873
f 623 875 881
f 624 882 626
f 619 865 886
f 620 887 867
f 628 884 630
f 633 893 895
f 636 898 902
f 637 903 643
f 631 885 891
f 646 904 654
f 655 906 909
f 657 911 914
f 658 915 923
f 656 921 928
f 652 926 665
f 666 927 931
f 663 930 941
f 662 940 948
f 661 947 953
f 660 951 671
f 669 949 956
f 668 955 676
f 674 954 680
f 678 960 686
f 682 957 974
f 681 972 968
f 687 961 980
f 688 981 699
f 700 982 703
f 704 983 708
f 711 988 995
f 709 994 1004
f 707 1001 717
f 710 984 1005
f 712 1006 989
f 718 1002 1008
f 719 1009 1019
f 714 1017 1027
f 713 1026 723
f 721 1021 734
f 720 733 727
f 735 1022 739
f 740 1023 1033
f 738 1029 744
f 743 1028 749
f 750 1030 1039
f 748 1037 1047
f 746 1045 757
f 754 1041 1055
f 753 1053 1061
f 752 1060 765
f 761 1057 1066
f 760 1065 776
f 773 784 779
f 772 1062 788
f 789 1063 828
f 796 1070 1072
f 797 1073 810
f 794 808 805
f 792 800 1077
f 795 1079 1068
f 802 838 1078
f 811 1074 1081
f 812 1082 1095
f 809 1091 817
f 818 1092 1099
f 816 1098 1104
f 815 1103 822
f 823 1106 848
f 830 1114 836
f 829 1064 1125
f 831 1126 1116
f 835 1113 1134
f 834 1133 841
f 847 1137 1141
f 846 1140 1086
f 845 1084 1076
f 843 1075 1071
f 840 1069 1080
f 842 1135 1115
f 844 1118 1136
f 851 1112 1145
f 853 1146 860
f 852 859 856
f 861 1147 1151
f 862 1153 1157
f 870 1161 1164
f 872 1166 874
f 868 888 1172
f 869 1173 1160
f 878 1177 1183
f 879 1184 1186
f 880 1187 892
f 876 890 883
f 877 1169 1176
f 894 1189 896
f 897 1191 1193
f 899 1196 1198
f 900 1201 907
f 901 908 905
f 910 1202 912
f 913 1203 1206
f 917 1207 1209
f 919 1211 1215
f 920 1216 1221
f 918 1220 1231
f 916 1229 924
f 925 1230 1234
f 925 1234 933
f 922 932 929
f 934 1235 942
f 936 1240 978
f 935 975 958
f 938 959 950
f 939 952 946
f 943 1236 1244
f 944 1245 1254
f 945 1255 1268
f 937 1262 1243
f 967 969 1270
f 966 1269 1275
f 965 1274 1281
f 964 1279 1284
f 963 1282 998
f 962 997 987
f 970 1276 1271
f 979 1241 1290
f 977 1289 1294
f 976 1293 1304
f 973 1302 1310
f 971 1309 1278
f 986 996 991
f 985 990 1007
f 992 1013 1003
f 999 1283 1311
f 1000 1312 1321
f 993 1318 1014
f 1012 1317 1327
f 1011 1326 1334
f 1010 1331 1020
f 1015 1337 1025
f 1018 1330 1347
f 1016 1344 1338
f 1024 1335 1035
f 1034 1340 1354
f 1032 1349 1362
f 1031 1360 1040
f 1036 1336 1343
f 1038 1356 1049
f 1048 1355 1367
f 1046 1366 1370
f 1044 1369 1376
f 1043 1373 1382
f 1042 1381 1056
f 1054 1380 1385
f 1052 1384 1390
f 1051 1389 1132
f 1050 1130 1059
f 1058 1129 1067
f 1089 1396 1404
f 1088 1403 1412
f 1085 1411 1417
f 1083 1414 1096
f 1087 1142 1421
f 1090 1422 1397
f 1097 1415 1430
f 1094 1429 1434
f 1093 1433 1100
f 1102 1435 1442
f 1101 1441 1105
f 1107 1443 1445
f 1109 1447 1451
f 1108 1450 1457
f 1110 1458 1148
f 1111 1150 1144
f 1117 1127 1460
f 1119 1462 1465
f 1120 1466 1468
f 1122 1470 1476
f 1124 1477 1481
f 1123 1480 1426
f 1121 1424 1139
f 1131 1388 1464
f 1128 1463 1461
f 1138 1423 1143
f 1155 1485 1158
f 1149 1459 1453
f 1152 1456 1490
f 1154 1493 1495
f 1156 1499 1486
f 1162 1174 1505
f 1163 1506 1165
f 1170 1512 1514
f 1171 1515 1178
f 1167 1507 1519
f 1168 1520 1509
f 1182 1524 1190
f 1180 1188 1185
f 1179 1516 1529
f 1181 1530 1523
f 1192 1526 1194
f 1195 1528 1537
f 1197 1538 1199
f 1200 1540 1205
f 1204 1539 1545
f 1208 1548 1561
f 1208 1561 1210
f 1213 1550 1558
f 1212 1555 1218
f 1214 1563 1551
f 1219 1556 1569
f 1217 1568 1222
f 1224 1570 1573
f 1225 1575 1578
f 1226 1579 1584
f 1228 1586 1597
f 1227 1596 1606
f 1223 1604 1233
f 1232 1603 1237
f 1238 1605 1595
f 1239 1598 1246
f 1242 1261 1291
f 1247 1599 1607
f 1248 1609 1611
f 1250 1613 1615
f 1252 1616 1624
f 1251 1622 1633
f 1249 1630 1258
f 1253 1636 1267
f 1260 1631 1644
f 1259 1643 1650
f 1257 1648 1655
f 1256 1654 1642
f 1266 1634 1665
f 1265 1659 1671
f 1264 1670 1297
f 1263 1295 1292
f 1277 1308 1678
f 1273 1674 1286
f 1272 1285 1280
f 1288 1675 1680
f 1287 1679 1683
f 1287 1683 1315
f 1296 1669 1306
f 1298 1685 1681
f 1299 1682 1676
f 1300 1677 1307
f 1305 1667 1692
f 1303 1689 1699
f 1301 1697 1688
f 1316 1684 1704
f 1314 1703 1713
f 1313 1712 1322
f 1320 1708 1717
f 1319 1714 1328
f 1324 1719 1731
f 1323 1729 1736
f 1325 1737 1333
f 1329 1715 1722
f 1332 1734 1348
f 1339 1739 1353
f 1346 1732 1746
f 1345 1745 1753
f 1342 1752 1762
f 1341 1761 1740
f 1350 1763 1364
f 1352 1738 1760
f 1351 1759 1766
f 1363 1767 1773
f 1361 1771 1779
f 1359 1778 1379
f 1358 1378 1372
f 1357 1371 1368
f 1365 1764 1768
f 1377 1776 1393
f 1375 1392 1387
f 1374 1386 1383
f 1391 1469 1467
f 1394 1777 1783
f 1395 1784 1471
f 1398 1425 1790
f 1399 1792 1795
f 1400 1796 1801
f 1401 1802 1808
f 1402 1809 1409
f 1408 1814 1830
f 1407 1828 1835
f 1406 1832 1419
f 1405 1418 1413
f 1410 1810 1816
f 1420 1833 1840
f 1416 1836 1431
f 1428 1482 1794
f 1427 1793 1791
f 1432 1837 1436
f 1439 1838 1844
f 1440 1845 1850
f 1438 1849 1449
f 1437 1446 1444
f 1448 1848 1452
f 1454 1852 1854
f 1455 1855 1489
f 1472 1785 1860
f 1475 1861 1864
f 1474 1863 1874
f 1473 1873 1479
f 1478 1872 1484
f 1483 1871 1879
f 1482 1878 1794
f 1487 1503 1882
f 1491 1858 1886
f 1492 1888 1892
f 1494 1894 1496
f 1497 1896 1898
f 1498 1901 1903
f 1500 1904 1911
f 1501 1913 1918
f 1502 1919 1921
f 1504 1924 1883
f 1510 1521 1927
f 1511 1928 1513
f 1517 1929 1931
f 1518 1932 1531
f 1525 1534 1541
f 1527 1542 1536
f 1532 1933 1935
f 1533 1936 1938
f 1535 1939 1543
f 1544 1940 1942
f 1546 1943 1945
f 1547 1946 1948
f 1549 1950 1562
f 1553 1952 1960
f 1552 1958 1559
f 1554 1566 1953
f 1560 1959 1965
f 1557 1963 1571
f 1567 1972 1955
f 1564 1951 1979
f 1565 1980 1970
f 1572 1964 1574
f 1577 1966 1983
f 1576 1982 1581
f 1583 1984 1992
f 1582 1991 2001
f 1580 1999 1585
f 1587 2000 2003
f 1590 2005 2007
f 1591 2009 2014
f 1594 2015 2022
f 1593 2019 2029
f 1592 2026 2035
f 1589 2033 2041
f 1588 2038 1602
f 1601 2037 1612
f 1600 1610 1608
f 1614 2039 1618
f 1617 2042 1625
f 1619 2040 2032
f 1620 2034 2044
f 1621 1645 1632
f 1626 2043 2048
f 1629 2049 2059
f 1628 2058 2062
f 1627 2061 2074
f 1623 2072 1647
f 1641 1652 2081
f 1640 2079 2087
f 1639 2083 2089
f 1638 2088 2092
f 1638 2092 2103
f 1637 2099 2106
f 1635 2104 2135
f 1635 2135 1666
f 1646 2071 1651
f 1649 2069 1656
f 1658 2070 2110
f 1657 2108 2117
f 1653 2116 2082
f 1662 2119 2126
f 1661 2123 2131
f 1660 2129 1673
f 1664 2133 2141
f 1663 2139 2122
f 1672 2128 2145
f 1668 2144 1694
f 1687 1695 2155
f 1686 2153 1705
f 1693 2143 2161
f 1691 2159 2173
f 1690 2172 1700
f 1698 2170 2177
f 1696 2175 2156
f 1702 2149 2181
f 1701 2179 1711
f 1710 2178 2184
f 1709 2182 2189
f 1707 2187 1726
f 1706 1723 1716
f 1718 2199 1730
f 1727 2188 2202
f 1725 2201 2207
f 1724 2206 2219
f 1721 2217 2227
f 1720 2226 2200
f 1728 2198 1735
f 1733 2195 1748
f 1747 2194 2233
f 1744 2230 2239
f 1743 2237 2247
f 1742 2246 2254
f 1741 2253 1751
f 1750 2252 2259
f 1749 2258 1757
f 1754 2257 2263
f 1755 2264 1774
f 1756 1775 1769
f 1758 1770 1765
f 1772 2260 1780
f 1781 2261 2265
f 1782 2266 1787
f 1789 2267 2249
f 1788 2248 1868
f 1786 1867 1862
f 1800 2271 2275
f 1799 2274 1805
f 1797 1881 2280
f 1798 2282 2270
f 1807 2276 2291
f 1806 2290 2300
f 1804 2298 2309
f 1803 2307 1813
f 1812 2306 2311
f 1811 2310 1817
f 1820 2313 2299
f 1823 2301 2314
f 1825 2315 2320
f 1824 2319 2324
f 1822 2323 2329
f 1821 2328 2339
f 1819 2336 2347
f 1818 2345 2353
f 1815 2352 1831
f 1826 1841 1834
f 1829 2351 2343
f 1827 2341 1843
f 1842 2340 2358
f 1839 2355 1847
f 1846 2354 1851
f 1853 2356 1856
f 1857 2357 2360
f 1859 2362 1887
f 1869 2250 2243
f 1870 2244 2366
f 1866 2365 2371
f 1865 2369 1875
f 1876 2278 1880
f 1877 2370 2279
f 1884 1925 2374
f 1890 2363 2378
f 1891 2380 2385
f 1889 2384 1893
f 1895 2386 1897
f 1899 2387 2390
f 1900 2392 1902
f 1905 2393 2395
f 1908 2397 2399
f 1909 2400 2406
f 1910 2407 2414
f 1907 2413 2417
f 1906 2416 1912
f 1917 2420 2890
f 1917 2890 2422
f 1916 2421 2428
f 1915 2426 1923
f 1914 1922 1920
f 1926 2427 2375
f 1954 2437 1961
f 1957 1976 2445
f 1956 2444 2439
f 1962 2438 1967
f 1968 2440 2451
f 1969 2452 1986
f 1977 2457 2447
f 1971 1981 2465
f 1973 2466 2468
f 1974 2469 2471
f 1975 2472 2456
f 1988 2454 2474
f 1989 2475 2479
f 1990 2480 2485
f 1987 2484 2494
f 1985 2492 1993
f 1994 2493 2483
f 1998 2486 2496
f 1997 2495 2010
f 1996 2008 2006
f 1995 2004 2002
f 2011 2499 2502
f 2013 2504 2509
f 2012 2507 2017
f 2018 2508 2517
f 2016 2513 2024
f 2025 2514 2523
f 2023 2521 2530
f 2021 2527 2541
f 2020 2536 2031
f 2030 2533 2547
f 2028 2545 2047
f 2027 2045 2036
f 2046 2544 2057
f 2051 2548 2066
f 2050 2065 2060
f 2056 2543 2557
f 2055 2551 2559
f 2054 2558 2567
f 2053 2566 2577
f 2052 2575 2550
f 2068 2549 2574
f 2067 2573 2580
f 2064 2578 2582
f 2063 2581 2076
f 2077 2583 2590
f 2075 2587 2596
f 2073 2594 2113
f 2080 2114 2602
f 2078 2600 2086
f 2085 2599 2095
f 2084 2094 2090
f 2097 2604 2616
f 2096 2615 2625
f 2093 2623 2632
f 2091 2629 2102
f 2098 2601 2605
f 2101 2626 2636
f 2100 2635 2107
f 2105 2633 2662
f 2105 2662 2136
f 2112 2593 2640
f 2111 2639 2611
f 2109 2609 2118
f 2115 2606 2603
f 2121 2137 2652
f 2120 2650 2127
f 2124 2657 2132
f 2125 2649 2658
f 2130 2655 2147
f 2134 2661 2142
f 2140 2659 2669
f 2138 2667 2653
f 2146 2654 2164
f 2148 2185 2180
f 2158 2176 2168
f 2157 2167 2672
f 2154 2671 2676
f 2152 2674 2213
f 2151 2211 2205
f 2150 2204 2186
f 2166 2647 2687
f 2163 2685 2694
f 2162 2692 2699
f 2160 2697 2174
f 2165 2656 2646
f 2171 2695 2680
f 2169 2678 2673
f 2183 2203 2190
f 2192 2705 2232
f 2197 2225 2710
f 2196 2709 2716
f 2193 2714 2721
f 2191 2720 2704
f 2214 2675 2722
f 2216 2723 2727
f 2215 2725 2733
f 2212 2731 2737
f 2210 2736 2745
f 2209 2743 2754
f 2208 2753 2222
f 2221 2752 2741
f 2220 2739 2761
f 2218 2759 2229
f 2228 2757 2770
f 2224 2765 2775
f 2223 2774 2708
f 2231 2702 2240
f 2242 2703 2719
f 2241 2718 2781
f 2238 2776 2285
f 2236 2281 2373
f 2235 2372 2368
f 2234 2367 2245
f 2251 2268 2255
f 2256 2269 2262
f 2273 2283 2293
f 2272 2292 2277
f 2287 2777 2782
f 2289 2783 2786
f 2288 2785 2793
f 2286 2790 2800
f 2284 2799 2294
f 2295 2801 2791
f 2296 2792 2302
f 2297 2312 2308
f 2304 2795 2802
f 2305 2803 2809
f 2303 2808 2318
f 2317 2807 2814
f 2316 2812 2321
f 2322 2813 2325
f 2326 2815 2333
f 2327 2823 2338
f 2335 2816 2827
f 2334 2825 2835
f 2332 2834 2840
f 2331 2837 2848
f 2330 2846 2824
f 2337 2822 2350
f 2342 2361 2359
f 2349 2821 2843
f 2348 2841 2852
f 2346 2851 2383
f 2344 2379 2364
f 2376 2429 2854
f 2382 2850 2859
f 2381 2857 2388
f 2389 2858 2391
f 2394 2861 2396
f 2398 2862 2401
f 2404 2865 2409
f 2402 2864 2872
f 2403 2873 2875
f 2405 2877 2866
f 2408 2418 2415
f 2411 2867 2881
f 2412 2882 2891
f 2410 2889 2419
f 2423 2896 2430
f 2425 2893 2901
f 2424 2899 2897
f 2432 2898 2900
f 2434 2903 2906
f 2436 2907 2919
f 2435 2918 2922
f 2433 2921 2927
f 2431 2926 2855
f 2441 2446 2929
f 2443 2930 2933
f 2442 2932 2453
f 2449 2934 2931
f 2448 2461 2940
f 2450 2942 2935
f 2455 2936 2476
f 2462 2951 2941
f 2458 2473 2955
f 2459 2956 2958
f 2460 2959 2961
f 2463 2962 2952
f 2478 2937 2966
f 2477 2965 2481
f 2482 2968 2487
f 2489 2973 2976
f 2491 2978 2982
f 2490 2981 2992
f 2488 2991 2497
f 2498 2993 2500
f 2501 2995 2997
f 2503 2999 3002
f 2505 3004 3006
f 2506 3011 2512
f 2511 3010 3022
f 2510 3018 2519
f 2518 3017 3026
f 2516 3024 3033
f 2515 3028 2525
f 2524 3027 3036
f 2522 3035 3046
f 2520 3043 2529
f 2526 3048 2540
f 2528 3042 3050
f 2532 3053 3058
f 2531 3057 2546
f 2539 3047 3060
f 2538 3059 3066
f 2537 3064 3072
f 2535 3071 3081
f 2534 3080 3054
f 2542 3056 2556
f 2555 3055 3052
f 2554 3051 3078
f 2553 3076 3084
f 2552 3082 2560
f 2562 3077 3085
f 2563 3086 2568
f 2561 3083 3075
f 2565 3097 2576
f 2570 3087 3099
f 2569 3098 3107
f 2564 3104 3096
f 2572 3093 2586
f 2571 2585 2579
f 2584 3092 2592
f 2591 3091 3111
f 2589 3110 3120
f 2588 3118 2598
f 2597 3117 3128
f 2595 3126 2642
f 2610 2638 3133
f 2608 3131 3138
f 2607 3136 2618
f 2621 3130 3140
f 2619 3139 3144
f 2617 3143 3156
f 2614 3153 3161
f 2613 3160 3167
f 2612 3166 2624
f 2620 3137 3129
f 2622 3164 2631
f 2630 3162 3170
f 2628 3168 3177
f 2627 3176 2637
f 2634 3172 3200
f 2634 3200 2663
f 2644 3127 3115
f 2645 3116 3180
f 2643 3179 3185
f 2641 3183 3135
f 2651 2664 3192
f 2648 3190 2688
f 2660 3196 2670
f 2668 3195 3205
f 2666 3203 3211
f 2665 3209 3193
f 2681 2696 3214
f 2679 3212 2729
f 2677 2728 2724
f 2690 3206 3223
f 2689 3222 3229
f 2686 3227 3220
f 2684 3218 3234
f 2682 3233 2700
f 2683 2701 2693
f 2691 3191 3207
f 2698 3232 3216
f 2706 2796 2715
f 2707 2773 2798
f 2713 2794 2789
f 2711 2788 2779
f 2712 2780 2717
f 2730 3213 3238
f 2726 3236 2735
f 2734 3235 2748
f 2732 2747 2738
f 2750 3237 3243
f 2751 3244 3251
f 2749 3249 3254
f 2746 3253 3259
f 2744 3257 3269
f 2742 3267 3276
f 2740 3275 2762
f 2760 3272 3284
f 2758 3281 3291
f 2755 3290 3293
f 2756 3294 2769
f 2768 3292 3289
f 2767 3288 2820
f 2766 2818 2811
f 2763 2810 2804
f 2764 2805 2771
f 2772 2806 2797
f 2778 2787 2784
f 2819 3287 3278
f 2817 3277 2829
f 2831 3295 3300
f 2830 3298 3310
f 2828 3308 3319
f 2826 3316 2836
f 2832 3279 3296
f 2833 3314 2839
f 2838 3313 2849
f 2842 2860 2853
f 2847 3312 2878
f 2845 2876 2874
f 2844 2871 2863
f 2869 2879 3321
f 2870 3323 3327
f 2868 3326 2883
f 2880 3315 3322
f 2886 3334 3336
f 2888 3338 3344
f 2887 3343 3352
f 2885 3350 2892
f 2884 3329 3331
f 2894 3351 3341
f 2895 3342 2902
f 2904 3347 3353
f 2905 3354 2910
f 2912 3358 3360
f 2917 3363 3366
f 2916 3365 3374
f 2915 3373 3378
f 2914 3377 3381
f 2913 3380 3384
f 2911 3383 3387
f 2909 3386 2924
f 2908 2923 2920
f 2938 2948 3389
f 2939 3390 2967
f 2950 3397 3391
f 2943 2953 2963
f 2944 2964 3400
f 2945 3401 3403
f 2946 3404 3406
f 2947 3407 3409
f 2949 3410 3396
f 2975 3414 2977
f 2969 3395 3423
f 2970 3424 3426
f 2971 3427 3429
f 2972 3430 3432
f 2974 3433 3413
f 2979 3416 3435
f 2980 3436 2983
f 2984 3437 3417
f 2985 3420 3442
f 2986 3443 3445
f 2988 3449 3452
f 2989 3453 3000
f 2990 3001 2998
f 2987 2996 2994
f 3003 3454 3456
f 3005 3457 3007
f 3009 3462 3021
f 3008 3460 3467
f 3013 3471 3480
f 3012 3477 3464
f 3014 3483 3025
f 3020 3461 3487
f 3019 3485 3493
f 3016 3492 3500
f 3015 3498 3484
f 3023 3482 3032
f 3031 3481 3497
f 3030 3496 3503
f 3029 3502 3039
f 3038 3501 3510
f 3037 3509 3520
f 3034 3516 3045
f 3044 3515 3526
f 3040 3524 3062
f 3041 3063 3049
f 3061 3523 3068
f 3067 3522 3533
f 3065 3528 3074
f 3073 3527 3538
f 3069 3536 3089
f 3070 3090 3079
f 3088 3535 3102
f 3095 3103 3542
f 3094 3541 3112
f 3101 3534 3553
f 3100 3550 3109
f 3108 3549 3557
f 3106 3556 3564
f 3105 3561 3546
f 3114 3543 3567
f 3113 3565 3123
f 3119 3187 3181
f 3125 3566 3570
f 3124 3569 3575
f 3122 3574 3584
f 3121 3582 3189
f 3134 3182 3148
f 3132 3146 3141
f 3149 3590 3599
f 3147 3598 3606
f 3145 3604 3613
f 3142 3610 3155
f 3150 3184 3591
f 3154 3609 3621
f 3151 3619 3629
f 3152 3630 3159
f 3157 3634 3165
f 3158 3628 3635
f 3163 3633 3171
f 3169 3632 3178
f 3175 3631 3626
f 3174 3625 3640
f 3173 3638 3201
f 3188 3581 3643
f 3186 3641 3592
f 3199 3636 3645
f 3198 3644 3652
f 3197 3651 3660
f 3194 3659 3204
f 3202 3658 3210
f 3208 3657 3226
f 3221 3228 3662
f 3219 3661 3674
f 3217 3671 3679
f 3215 3677 3240
f 3225 3656 3649
f 3224 3647 3230
f 3231 3648 3664
f 3241 3667 3681
f 3239 3680 3246
f 3242 3678 3668
f 3247 3682 3669
f 3248 3670 3688
f 3245 3686 3252
f 3250 3684 3256
f 3255 3683 3261
f 3262 3685 3693
f 3265 3694 3698
f 3264 3697 3707
f 3263 3706 3717
f 3260 3714 3721
f 3258 3719 3271
f 3270 3718 3728
f 3268 3726 3734
f 3266 3733 3274
f 3273 3732 3286
f 3285 3731 3724
f 3283 3723 3737
f 3282 3735 3303
f 3280 3301 3297
f 3304 3736 3722
f 3307 3725 3739
f 3306 3738 3745
f 3305 3742 3754
f 3302 3752 3761
f 3299 3759 3311
f 3309 3757 3320
f 3318 3756 3767
f 3317 3766 3325
f 3324 3764 3328
f 3330 3765 3332
f 3335 3772 3337
f 3333 3768 3770
f 3340 3773 3780
f 3339 3778 3345
f 3346 3779 3783
f 3349 3784 3790
f 3348 3789 3355
f 3356 3791 3793
f 3357 3794 3359
f 3361 3797 3799
f 3362 3800 3805
f 3364 3806 3367
f 3371 3807 3812
f 3372 3813 3817
f 3370 3816 3821
f 3369 3820 3824
f 3368 3823 3375
f 3392 3398 3411
f 3393 3412 3827
f 3394 3828 3422
f 3419 3831 3438
f 3415 3434 3834
f 3418 3835 3829
f 3439 3832 3840
f 3440 3842 3846
f 3441 3847 3849
f 3444 3852 3446
f 3447 3853 3858
f 3448 3861 3451
f 3455 3867 3458
f 3450 3860 3865
f 3459 3868 3465
f 3463 3475 3489
f 3466 3869 3871
f 3468 3872 3883
f 3469 3884 3892
f 3470 3894 3478
f 3476 3899 3910
f 3472 3906 3915
f 3473 3916 3920
f 3474 3921 3488
f 3479 3896 3902
f 3486 3918 3495
f 3491 3507 3499
f 3494 3917 3924
f 3490 3923 3506
f 3505 3922 3930
f 3504 3929 3512
f 3511 3927 3938
f 3508 3936 3519
f 3518 3935 3943
f 3517 3942 3953
f 3514 3951 3958
f 3513 3957 3525
f 3521 3955 3532
f 3531 3954 3962
f 3530 3960 3971
f 3529 3969 3540
f 3539 3968 3976
f 3537 3973 3554
f 3548 3562 3986
f 3547 3983 3995
f 3545 3993 3573
f 3544 3571 3568
f 3552 3972 3999
f 3551 3996 3558
f 3559 4002 3990
f 3555 3987 3563
f 3560 3997 4004
f 3572 3992 3576
f 3577 3994 3982
f 3578 3984 3588
f 3587 4006 4013
f 3586 4012 4024
f 3585 4021 4030
f 3583 4029 4035
f 3580 4033 3595
f 3579 3593 3642
f 3589 3985 4009
f 3594 4031 3602
f 3597 4038 3616
f 3596 3615 3605
f 3603 4032 4018
f 3601 4016 4044
f 3600 4041 4039
f 3611 4049 4056
f 3608 4055 4061
f 3607 4060 3620
f 3614 4036 4066
f 3612 4065 4051
f 3617 4059 4076
f 3618 4077 3627
f 3624 4073 4082
f 3623 4081 3655
f 3622 3654 3639
f 3637 3653 3646
f 3650 4078 3665
f 3666 4079 4086
f 3663 4085 3676
f 3675 4084 4090
f 3673 4089 4097
f 3672 4095 3689
f 3690 4096 4102
f 3692 4103 4106
f 3691 4105 4115
f 3687 4113 3695
f 3696 4114 3700
f 3702 4116 4118
f 3704 4119 4126
f 3703 4125 4133
f 3701 4131 4140
f 3699 4138 3709
f 3708 4136 4147
f 3705 4144 3716
f 3715 4143 4149
f 3713 4148 3749
f 3712 3748 4155
f 3710 4154 3729
f 3711 3730 3720
f 3727 4152 3740
f 3741 4153 3747
f 3743 4158 3755
f 3751 4150 4161
f 3750 4160 4172
f 3746 4168 4179
f 3744 4178 4159
f 3753 4156 3762
f 3763 4157 4176
f 3760 4175 3774
f 3758 3771 3769
f 3776 4177 4181
f 3777 4182 4187
f 3775 4185 3781
f 3782 4186 3785
f 3787 4189 4193
f 3788 4194 3796
f 3786 3795 3792
f 3798 4196 3801
f 3804 4200 3809
f 3802 4197 4206
f 3803 4210 4630
f 3803 4630 4199
f 3811 4201 4212
f 3810 4211 4218
f 3808 4217 3815
f 3814 4216 4224
f 3814 4224 3819
f 3830 3836 3838
f 3837 4227 3839
f 3841 4228 3843
f 3844 4229 4239
f 3845 4240 4242
f 3848 4246 3850
f 3851 4247 3854
f 3855 4248 4252
f 3856 4253 4257
f 3857 4258 4262
f 3859 4264 3864
f 3863 4263 4261
f 3862 4260 3880
f 3866 3882 3870
f 3874 4238 4266
f 3876 4267 4269
f 3877 4270 4272
f 3878 4273 4275
f 3881 4276 4286
f 3881 4286 3885
f 3879 4259 4281
f 3875 4280 4284
f 3873 4283 4237
f 3886 4287 4289
f 3887 4290 4292
f 3888 4293 4295
f 3889 4296 4298
f 3890 4302 4305
f 3891 4307 4312
f 3893 4317 4320
f 3895 4324 3901
f 3898 4330 4338
f 3897 4337 3909
f 3900 4323 4332
f 3904 4342 3914
f 3908 4336 4347
f 3907 4345 4351
f 3905 4350 4357
f 3903 4356 4341
f 3912 3926 3919
f 3913 4340 3934
f 3911 3933 3925
f 3932 4339 4354
f 3931 4353 4364
f 3928 4360 3939
f 3937 4358 3947
f 3946 4365 4373
f 3945 4372 4380
f 3944 4378 4392
f 3940 4387 4396
f 3941 4397 3952
f 3948 4359 4366
f 3950 4394 3967
f 3949 3966 3956
f 3965 4393 4399
f 3964 4398 4405
f 3963 4404 4416
f 3961 4412 3980
f 3959 3977 3970
f 3981 4413 4418
f 3979 4417 4422
f 3978 4421 4430
f 3975 4429 4437
f 3974 4436 4001
f 3991 4003 4443
f 3989 4442 4455
f 3988 4454 4011
f 4000 4434 4447
f 3998 4444 4005
f 4010 4452 4463
f 4008 4461 4027
f 4007 4026 4014
f 4015 4469 4043
f 4019 4034 4028
f 4025 4460 4473
f 4023 4472 4481
f 4022 4479 4491
f 4020 4489 4495
f 4017 4493 4471
f 4037 4040 4067
f 4042 4468 4069
f 4045 4500 4505
f 4046 4506 4054
f 4050 4064 4509
f 4048 4507 4515
f 4047 4512 4501
f 4053 4504 4523
f 4052 4522 4527
f 4052 4527 4058
f 4057 4526 4075
f 4063 4529 4517
f 4062 4516 4508
f 4071 4470 4492
f 4072 4494 4487
f 4070 4486 4536
f 4068 4534 4532
f 4074 4524 4541
f 4074 4541 4083
f 4080 4538 4088
f 4087 4537 4092
f 4093 4543 4549
f 4091 4547 4100
f 4094 4539 4544
f 4101 4548 4555
f 4099 4554 4110
f 4098 4107 4104
f 4111 4560 4566
f 4109 4565 4121
f 4108 4120 4117
f 4112 4556 4561
f 4124 4571 4581
f 4122 4580 4130
f 4123 4567 4570
f 4129 4579 4586
f 4128 4584 4594
f 4127 4591 4134
f 4132 4590 4142
f 4141 4589 4598
f 4139 4597 4603
f 4137 4602 4167
f 4135 4165 4146
f 4145 4164 4151
f 4166 4601 4608
f 4163 4607 4613
f 4162 4612 4173
f 4174 4614 4620
f 4171 4618 4190
f 4170 4188 4184
f 4169 4183 4180
f 4192 4624 4195
f 4191 4619 4623
f 4198 4625 4207
f 4202 4633 4635
f 4204 4636 4640
f 4205 4641 4649
f 4203 4648 4215
f 4208 4628 4653
f 4209 4655 5027
f 4209 5027 4629
f 4214 4646 4660
f 4213 4657 4222
f 4221 4656 4665
f 4220 4664 4669
f 4219 4668 4225
f 4236 4282 4279
f 4235 4278 4672
f 4234 4670 4255
f 4233 4254 4251
f 4232 4250 4675
f 4231 4673 4244
f 4230 4243 4241
f 4245 4674 4249
f 4256 4671 4277
f 4297 4677 4299
f 4300 4678 4680
f 4301 4681 4303
f 4308 4687 4313
f 4304 4683 4691
f 4306 4693 4684
f 4314 4688 4702
f 4311 4700 4707
f 4309 4706 4713
f 4310 4714 4718
f 4315 4719 4722
f 4316 4725 4318
f 4319 4726 4728
f 4321 4729 4732
f 4322 4733 4331
f 4328 4740 4334
f 4329 4730 4723
f 4327 4721 4746
f 4326 4745 4749
f 4325 4748 4738
f 4333 4739 4754
f 4335 4755 4346
f 4343 4753 4762
f 4344 4764 4349
f 4348 4763 4355
f 4352 4760 4363
f 4362 4758 4767
f 4361 4765 4368
f 4370 4766 4756
f 4371 4757 4769
f 4369 4768 4778
f 4367 4777 4376
f 4375 4776 4785
f 4374 4784 4383
f 4382 4782 4794
f 4381 4793 4799
f 4379 4798 4803
f 4377 4802 4391
f 4386 4401 4395
f 4390 4801 4809
f 4389 4806 4813
f 4388 4812 4816
f 4385 4815 4411
f 4384 4410 4400
f 4408 4814 4810
f 4409 4811 4805
f 4407 4804 4821
f 4406 4820 4829
f 4402 4827 4834
f 4403 4835 4415
f 4414 4830 4419
f 4420 4831 4423
f 4425 4837 4433
f 4424 4832 4841
f 4426 4842 4824
f 4427 4826 4844
f 4428 4845 4838
f 4432 4836 4851
f 4431 4850 4441
f 4440 4849 4857
f 4439 4856 4865
f 4438 4863 4873
f 4435 4870 4448
f 4450 4871 4874
f 4451 4875 4879
f 4449 4878 4885
f 4446 4883 4890
f 4445 4889 4456
f 4458 4891 4895
f 4459 4896 4899
f 4457 4898 4909
f 4453 4904 4465
f 4466 4905 4912
f 4467 4913 4916
f 4464 4915 4925
f 4462 4922 4476
f 4475 4920 4932
f 4474 4931 4482
f 4480 4930 4937
f 4478 4936 4946
f 4477 4945 4490
f 4483 4953 4535
f 4488 4943 4958
f 4485 4955 4966
f 4484 4965 4954
f 4496 4558 4550
f 4498 4553 4503
f 4499 4510 4971
f 4497 4970 4559
f 4502 4552 4521
f 4514 4528 4576
f 4513 4575 4977
f 4511 4976 4972
f 4519 4551 4546
f 4518 4545 4540
f 4520 4542 4525
f 4531 4533 4950
f 4530 4949 4578
f 4557 4968 4563
f 4564 4969 4975
f 4562 4973 4568
f 4569 4974 4572
f 4577 4947 4981
f 4574 4978 4986
f 4573 4984 4582
f 4583 4985 4988
f 4583 4988 4587
f 4588 4989 5334
f 4588 5334 4995
f 4585 4994 4596
f 4595 4993 4999
f 4593 4998 5005
f 4592 5004 4600
f 4599 5003 4606
f 4605 5002 5010
f 4604 5008 4610
f 4611 5009 5015
f 4609 5013 4616
f 4617 5014 5022
f 4615 5020 4621
f 4622 5021 4626
f 4627 5023 4652
f 4631 5028 5030
f 4632 5033 4634
f 4637 5034 5036
f 4639 5039 5045
f 4638 5044 4642
f 4643 5046 5050
f 4645 5051 5056
f 4644 5055 4651
f 4650 5054 5064
f 4647 5060 4661
f 4654 5025 5361
f 4654 5361 5026
f 4662 5061 5073
f 4659 5072 5077
f 4658 5076 4666
f 4682 5080 4690
f 4685 4694 5086
f 4686 5087 4701
f 4689 5079 5093
f 4689 5093 5095
f 4692 5096 5081
f 4698 5104 4703
f 4699 5085 5111
f 4697 5110 5118
f 4695 5117 5120
f 4696 5121 5102
f 4704 5105 5125
f 4705 5126 4712
f 4709 5131 5136
f 4711 5137 4715
f 4710 5123 5149
f 4708 5147 5130
f 4716 5138 5153
f 4717 5154 4744
f 4717 4744 4720
f 4724 4731 4727
f 4737 4747 4743
f 4735 4742 4775
f 4734 4774 5156
f 4736 5158 4751
f 4741 5152 4773
f 4750 5157 5161
f 4752 5162 4761
f 4759 5159 4770
f 4771 5160 5155
f 4772 5151 4781
f 4780 5150 5135
f 4779 5134 4788
f 4787 5132 5171
f 4786 5169 5177
f 4783 5176 4795
f 4792 5174 5184
f 4789 5182 5191
f 4790 5192 4822
f 4791 4823 4796
f 4796 4823 4807
f 4797 4808 4800
f 4817 5188 5196
f 4818 5197 4847
f 4819 4848 4828
f 4825 4843 4833
f 4839 4846 5193
f 4840 5194 4852
f 4853 5200 4859
f 4854 5195 5186
f 4855 5187 5201
f 4858 5198 4868
f 4862 4877 4872
f 4869 5199 5208
f 4867 5207 5211
f 4866 5210 5222
f 4864 5217 5231
f 4861 5227 4881
f 4860 4880 4876
f 4882 5228 4886
f 4888 5229 5233
f 4887 5232 5240
f 4884 5238 4894
f 4893 5236 4901
f 4892 4900 4897
f 4903 5246 4910
f 4902 5237 5245
f 4911 5247 5251
f 4908 5250 5257
f 4907 5255 4918
f 4906 4917 4914
f 4919 5256 4928
f 4929 5258 5266
f 4927 5263 5272
f 4926 5271 5280
f 4924 5278 5286
f 4923 5284 4941
f 4921 4940 4933
f 4942 5285 5277
f 4939 5274 5289
f 4938 5288 5294
f 4935 5292 4962
f 4934 4961 4944
f 4952 4963 5299
f 4951 5297 5306
f 4948 5304 4983
f 4960 5291 5310
f 4959 5309 5320
f 4957 5319 5325
f 4956 5324 4967
f 4964 5321 5301
f 4982 5303 5331
f 4980 5328 4992
f 4979 4990 4987
f 4991 5326 5336
f 4997 5335 5339
f 4996 5338 5000
f 5001 5340 5343
f 5001 5343 5006
f 5007 5344 5349
f 5007 5349 5011
f 5012 5350 5016
f 5018 5351 5355
f 5019 5356 5362
f 5017 5360 5024
f 5029 5364 5031
f 5032 5365 5367
f 5035 5370 5037
f 5038 5371 5376
f 5040 5377 5380
f 5041 5382 5384
f 5043 5386 5393
f 5042 5392 5047
f 5049 5395 5400
f 5048 5397 5052
f 5053 5398 5057
f 5058 5406 5066
f 5059 5399 5407
f 5062 5414 5074
f 5070 5408 5418
f 5069 5416 5428
f 5068 5427 5432
f 5067 5431 5437
f 5065 5436 5440
f 5063 5439 5415
f 5082 5097 5444
f 5083 5445 5452
f 5084 5455 5109
f 5092 5442 5094
f 5089 5458 5464
f 5090 5466 5470
f 5091 5471 5441
f 5100 5477 5479
f 5103 5481 5124
f 5101 5119 5116
f 5098 5114 5485
f 5099 5486 5475
f 5107 5493 5115
f 5108 5454 5498
f 5106 5497 5492
f 5112 5489 5507
f 5113 5508 5484
f 5122 5480 5148
f 5129 5145 5511
f 5128 5510 5173
f 5127 5172 5133
f 5146 5478 5476
f 5144 5474 5483
f 5141 5482 5505
f 5140 5503 5515
f 5139 5514 5518
f 5142 5519 5168
f 5143 5170 5509
f 5165 5523 5183
f 5167 5185 5175
f 5166 5516 5528
f 5164 5526 5536
f 5163 5535 5522
f 5180 5520 5541
f 5179 5540 5206
f 5178 5205 5545
f 5181 5546 5190
f 5189 5544 5203
f 5204 5539 5214
f 5202 5212 5209
f 5213 5537 5225
f 5226 5538 5548
f 5224 5547 5552
f 5223 5551 5560
f 5221 5559 5569
f 5220 5566 5573
f 5219 5572 5579
f 5218 5578 5244
f 5216 5242 5235
f 5215 5234 5230
f 5243 5577 5571
f 5241 5570 5583
f 5239 5581 5249
f 5248 5580 5252
f 5253 5582 5589
f 5254 5590 5261
f 5262 5591 5594
f 5262 5594 5598
f 5260 5597 5604
f 5259 5601 5268
f 5269 5611 5617
f 5267 5615 5626
f 5265 5624 5283
f 5264 5281 5273
f 5270 5602 5612
f 5282 5623 5631
f 5279 5629 5639
f 5276 5637 5316
f 5275 5313 5290
f 5287 5311 5293
f 5295 5332 5305
f 5302 5322 5642
f 5300 5640 5651
f 5298 5650 5656
f 5296 5655 5333
f 5307 5645 5318
f 5315 5636 5658
f 5314 5657 5663
f 5312 5662 5379
f 5308 5375 5646
f 5317 5643 5323
f 5330 5653 5346
f 5329 5345 5342
f 5327 5341 5337
f 5347 5654 5647
f 5348 5648 5352
f 5353 5649 5667
f 5354 5668 5357
f 5359 5669 5674
f 5358 5673 5363
f 5366 5675 5368
f 5369 5676 5372
f 5378 5661 5381
f 5373 5677 5671
f 5374 5672 5644
f 5383 5664 5385
f 5387 5666 5630
f 5390 5632 5678
f 5391 5679 5685
f 5389 5683 5691
f 5388 5688 5394
f 5396 5689 5401
f 5402 5690 5693
f 5403 5694 5701
f 5405 5702 5705
f 5404 5704 5409
f 5412 5712 5717
f 5411 5716 5420
f 5410 5706 5711
f 5421 5718 5713
f 5424 5715 5720
f 5426 5721 5729
f 5425 5726 5734
f 5423 5733 5738
f 5422 5737 5741
f 5419 5740 5434
f 5417 5433 5429
f 5443 5472 5446
f 5447 5473 5467
f 5448 5469 5743
f 5450 5744 5751
f 5449 5750 5754
f 5451 5756 5758
f 5453 5760 5495
f 5457 5763 5463
f 5465 5768 5745
f 5468 5748 5742
f 5461 5762 5772
f 5460 5771 5777
f 5459 5776 5782
f 5462 5786 5765
f 5491 5496 5794
f 5490 5793 5798
f 5487 5797 5804
f 5488 5805 5506
f 5494 5759 5792
f 5504 5802 5808
f 5501 5807 5816
f 5500 5814 5822
f 5499 5821 5530
f 5502 5531 5513
f 5512 5529 5517
f 5521 5532 5542
f 5527 5820 5826
f 5525 5825 5555
f 5524 5554 5534
f 5534 5554 5550
f 5533 5549 5543
f 5553 5823 5564
f 5557 5829 5568
f 5565 5824 5819
f 5563 5817 5834
f 5562 5830 5838
f 5561 5836 5587
f 5558 5585 5576
f 5556 5575 5828
f 5567 5827 5574
f 5588 5837 5841
f 5586 5840 5849
f 5584 5846 5593
f 5592 5844 5595
f 5596 5845 5599
f 5600 5847 5608
f 5609 5848 5856
f 5610 5857 5861
f 5607 5860 5867
f 5606 5865 5875
f 5605 5873 5619
f 5603 5618 5613
f 5621 5874 5864
f 5622 5866 5878
f 5620 5876 5886
f 5616 5883 5635
f 5614 5633 5625
f 5634 5882 5680
f 5627 5665 5659
f 5628 5660 5638
f 5641 5670 5652
f 5682 5884 5890
f 5681 5888 5686
f 5684 5695 5692
f 5687 5889 5697
f 5696 5707 5703
f 5698 5892 5894
f 5700 5896 5900
f 5699 5899 5708
f 5710 5901 5908
f 5709 5907 5719
f 5709 5719 5714
f 5725 5916 5781
f 5723 5780 5922
f 5722 5920 5730
f 5724 5911 5915
f 5731 5921 5779
f 5728 5778 5775
f 5727 5774 5735
f 5747 5928 5930
f 5749 5934 5753
f 5746 5769 5927
f 5755 5790 5757
f 5752 5933 5788
f 5767 5940 5924
f 5764 5785 5943
f 5766 5945 5938
f 5783 5918 5946
f 5784 5949 5941
f 5787 5932 5953
f 5789 5954 5960
f 5791 5961 5795
f 5796 5962 5803
f 5801 5815 5806
f 5799 5959 5965
f 5800 5966 5813
f 5812 5963 5970
f 5811 5968 5855
f 5809 5853 5833
f 5810 5835 5818
f 5832 5851 5843
f 5831 5842 5839
f 5854 5967 5974
f 5852 5973 5981
f 5850 5979 5859
f 5858 5976 5862
f 5863 5977 5870
f 5872 5978 5988
f 5871 5987 5995
f 5869 5992 6002
f 5868 5999 5880
f 5881 6000 6005
f 5879 6003 5897
f 5877 5895 5887
f 5885 5893 5891
f 5898 6004 5902
f 5904 6008 6010
f 5905 6011 5912
f 5906 5913 6015
f 5903 6014 5909
f 5910 6016 5914
f 5917 6013 6018
f 5919 6019 5947
f 5923 5939 6024
f 5925 6026 6029
f 5926 6030 5929
f 5931 6032 5952
f 5936 6038 6023
f 5937 5944 6044
f 5935 6043 6036
f 5942 5950 6042
f 5948 6021 6041
f 5951 6031 5958
f 5956 6028 5986
f 5955 5985 5971
f 5957 5972 5964
f 5969 5983 5975
f 5984 6027 6025
f 5982 6022 6037
f 5980 6033 5989
f 5990 6034 5996
f 5998 6035 6040
f 5997 6039 6020
f 5994 6017 6012
f 5993 6009 6007
f 5991 6006 6001

