# https://github.com/mikedh/trimesh
v 0.00119131 0.00498690 0.07187924
v 0.00119131 0.00498690 0.07187924
v 0.00119131 0.00498690 0.07187924
v -0.00119248 0.00498690 0.07187924
v -0.00119248 0.00498690 0.07187924
v -0.00119248 0.00498690 0.07187924
v 0.00271388 0.00498690 0.07162372
v 0.00271388 0.00498690 0.07162372
v 0.00271388 0.00498690 0.07162372
v 0.00126479 0.00885776 0.07266784
v 0.00126479 0.00885776 0.07266784
v 0.00126479 0.00885776 0.07266784
v 0.00126479 0.00885776 0.07266784
v 0.00126479 0.00885776 0.07266784
v 0.00126479 0.00885776 0.07266784
v -0.00247697 0.00498690 0.07166778
v -0.00247697 0.00498690 0.07166778
v -0.00247697 0.00498690 0.07166778
v -0.00126303 0.00885776 0.07266784
v -0.00126303 0.00885776 0.07266784
v -0.00126303 0.00885776 0.07266784
v -0.00126303 0.00885776 0.07266784
v -0.00126303 0.00885776 0.07266784
v -0.00126303 0.00885776 0.07266784
v 0.00359567 0.00498690 0.07145631
v 0.00359567 0.00498690 0.07145631
v 0.00359567 0.00498690 0.07145631
v 0.00359567 0.00498690 0.07145631
v 0.00359567 0.00498690 0.07145631
v 0.00379261 0.00885776 0.07218763
v 0.00379261 0.00885776 0.07218763
v 0.00379261 0.00885776 0.07218763
v 0.00379261 0.00885776 0.07218763
v 0.00379261 0.00885776 0.07218763
v 0.00126479 0.01138619 0.07306874
v 0.00126479 0.01138619 0.07306874
v 0.00126479 0.01138619 0.07306874
v 0.00126479 0.01138619 0.07306874
v 0.00126479 0.01138619 0.07306874
v -0.00271505 0.00498690 0.07162372
v -0.00271505 0.00498690 0.07162372
v -0.00271505 0.00498690 0.07162372
v -0.00271505 0.00498690 0.07162372
v -0.00271505 0.00498690 0.07162372
v -0.00379378 0.00885776 0.07218763
v -0.00379378 0.00885776 0.07218763
v -0.00379378 0.00885776 0.07218763
v -0.00379378 0.00885776 0.07218763
v -0.00379378 0.00885776 0.07218763
v -0.00379378 0.00885776 0.07218763
v -0.00126303 0.01138619 0.07306874
v -0.00126303 0.01138619 0.07306874
v -0.00126303 0.01138619 0.07306874
v -0.00126303 0.01138619 0.07306874
v -0.00126303 0.01138619 0.07306874
v 0.00399248 0.00498690 0.07131533
v 0.00399248 0.00498690 0.07131533
v 0.00399248 0.00498690 0.07131533
v 0.00509179 0.00752837 0.07160169
v 0.00509179 0.00752837 0.07160169
v 0.00509179 0.00752837 0.07160169
v 0.00509179 0.00752837 0.07160169
v 0.00509179 0.00752837 0.07160169
v 0.00509179 0.00752837 0.07160169
v 0.00509179 0.00752837 0.07160169
v 0.00509179 0.00752837 0.07160169
v 0.00509179 0.00752837 0.07160169
v 0.00379261 0.01138619 0.07258413
v 0.00379261 0.01138619 0.07258413
v 0.00379261 0.01138619 0.07258413
v 0.00379261 0.01138619 0.07258413
v 0.00379261 0.01138619 0.07258413
v 0.00126479 0.01391463 0.07345203
v 0.00126479 0.01391463 0.07345203
v 0.00126479 0.01391463 0.07345203
v 0.00126479 0.01391463 0.07345203
v 0.00126479 0.01391463 0.07345203
v 0.00126479 0.01391463 0.07345203
v -0.00399366 0.00498690 0.07131974
v -0.00399366 0.00498690 0.07131974
v -0.00399366 0.00498690 0.07131974
v -0.00399366 0.00498690 0.07131974
v -0.00359685 0.00654220 0.07176029
v -0.00359685 0.00654220 0.07176029
v -0.00359685 0.00654220 0.07176029
v -0.00359685 0.00654220 0.07176029
v -0.00379378 0.01138619 0.07258413
v -0.00379378 0.01138619 0.07258413
v -0.00379378 0.01138619 0.07258413
v -0.00379378 0.01138619 0.07258413
v -0.00379378 0.01138619 0.07258413
v -0.00509002 0.00752837 0.07160169
v -0.00509002 0.00752837 0.07160169
v -0.00509002 0.00752837 0.07160169
v -0.00509002 0.00752837 0.07160169
v -0.00509002 0.00752837 0.07160169
v -0.00509002 0.00752837 0.07160169
v -0.00509002 0.00752837 0.07160169
v -0.00509002 0.00752837 0.07160169
v -0.00509002 0.00752837 0.07160169
v -0.00509002 0.00752837 0.07160169
v -0.00126303 0.01391463 0.07345203
v -0.00126303 0.01391463 0.07345203
v -0.00126303 0.01391463 0.07345203
v -0.00126303 0.01391463 0.07345203
v -0.00126303 0.01391463 0.07345203
v -0.00126303 0.01391463 0.07345203
v 0.00622048 0.00498690 0.07047387
v 0.00622048 0.00498690 0.07047387
v 0.00622048 0.00498690 0.07047387
v 0.00622048 0.00498690 0.07047387
v 0.00657614 0.00885776 0.07102897
v 0.00657614 0.00885776 0.07102897
v 0.00657614 0.00885776 0.07102897
v 0.00657614 0.00885776 0.07102897
v 0.00657614 0.00885776 0.07102897
v 0.00530930 0.00885776 0.07170743
v 0.00530930 0.00885776 0.07170743
v 0.00530930 0.00885776 0.07170743
v 0.00530930 0.00885776 0.07170743
v 0.00530930 0.00885776 0.07170743
v 0.00379261 0.01644307 0.07331546
v 0.00379261 0.01644307 0.07331546
v 0.00379261 0.01644307 0.07331546
v 0.00379261 0.01644307 0.07331546
v 0.00379261 0.01644307 0.07331546
v 0.00379261 0.01644307 0.07331546
v 0.00379261 0.01644307 0.07331546
v 0.00379261 0.01644307 0.07331546
v 0.00379261 0.01391463 0.07296301
v 0.00379261 0.01391463 0.07296301
v 0.00379261 0.01391463 0.07296301
v 0.00379261 0.01391463 0.07296301
v 0.00379261 0.01391463 0.07296301
v 0.00126479 0.01644307 0.07380888
v 0.00126479 0.01644307 0.07380888
v 0.00126479 0.01644307 0.07380888
v 0.00126479 0.01644307 0.07380888
v 0.00254633 0.02019663 0.07412168
v 0.00254633 0.02019663 0.07412168
v 0.00254633 0.02019663 0.07412168
v 0.00254633 0.02019663 0.07412168
v 0.00254633 0.02019663 0.07412168
v 0.00254633 0.02019663 0.07412168
v 0.00254633 0.02019663 0.07412168
v 0.00254633 0.02019663 0.07412168
v 0.00254633 0.02019663 0.07412168
v 0.00254633 0.02019663 0.07412168
v 0.00254633 0.02019663 0.07412168
v -0.00515175 0.00498690 0.07088799
v -0.00515175 0.00498690 0.07088799
v -0.00515175 0.00498690 0.07088799
v -0.00379378 0.01391463 0.07296301
v -0.00379378 0.01391463 0.07296301
v -0.00379378 0.01391463 0.07296301
v -0.00379378 0.01391463 0.07296301
v -0.00379378 0.01391463 0.07296301
v -0.00379378 0.01391463 0.07296301
v -0.00657438 0.00885776 0.07102456
v -0.00657438 0.00885776 0.07102456
v -0.00657438 0.00885776 0.07102456
v -0.00657438 0.00885776 0.07102456
v -0.00657438 0.00885776 0.07102456
v -0.00714461 0.00498690 0.06997163
v -0.00714461 0.00498690 0.06997163
v -0.00714461 0.00498690 0.06997163
v -0.00714461 0.00498690 0.06997163
v -0.00622166 0.00498690 0.07047387
v -0.00622166 0.00498690 0.07047387
v -0.00622166 0.00498690 0.07047387
v -0.00531047 0.00885776 0.07170743
v -0.00531047 0.00885776 0.07170743
v -0.00531047 0.00885776 0.07170743
v -0.00531047 0.00885776 0.07170743
v -0.00531047 0.00885776 0.07170743
v -0.00531047 0.00885776 0.07170743
v -0.00126303 0.01644307 0.07380888
v -0.00126303 0.01644307 0.07380888
v -0.00126303 0.01644307 0.07380888
v -0.00126303 0.01644307 0.07380888
v -0.00126303 0.01644307 0.07380888
v -0.00253869 0.02020966 0.07411727
v -0.00253869 0.02020966 0.07411727
v -0.00253869 0.02020966 0.07411727
v -0.00253869 0.02020966 0.07411727
v -0.00253869 0.02020966 0.07411727
v -0.00253869 0.02020966 0.07411727
v -0.00253869 0.02020966 0.07411727
v -0.00253869 0.02020966 0.07411727
v -0.00253869 0.02020966 0.07411727
v -0.00253869 0.02020966 0.07411727
v -0.00253869 0.02020966 0.07411727
v 0.00806344 0.00498690 0.06941653
v 0.00806344 0.00498690 0.06941653
v 0.00806344 0.00498690 0.06941653
v 0.00806344 0.00498690 0.06941653
v 0.00806344 0.00498690 0.06941653
v 0.00806344 0.00498690 0.06941653
v 0.00806344 0.00498690 0.06941653
v 0.00696119 0.01138619 0.07123162
v 0.00696119 0.01138619 0.07123162
v 0.00696119 0.01138619 0.07123162
v 0.00696119 0.01138619 0.07123162
v 0.00696119 0.01138619 0.07123162
v 0.00569729 0.01138619 0.07190567
v 0.00569729 0.01138619 0.07190567
v 0.00569729 0.01138619 0.07190567
v 0.00569729 0.01138619 0.07190567
v 0.00569729 0.01138619 0.07190567
v 0.00403657 0.02150429 0.07381769
v 0.00403657 0.02150429 0.07381769
v 0.00403657 0.02150429 0.07381769
v 0.00403657 0.02150429 0.07381769
v 0.00403657 0.02150429 0.07381769
v 0.00403657 0.02150429 0.07381769
v 0.00403657 0.02150429 0.07381769
v 0.00355158 0.01920176 0.07371636
v 0.00355158 0.01920176 0.07371636
v 0.00355158 0.01920176 0.07371636
v 0.00604707 0.01391463 0.07209511
v 0.00604707 0.01391463 0.07209511
v 0.00604707 0.01391463 0.07209511
v 0.00604707 0.01391463 0.07209511
v 0.00604707 0.01391463 0.07209511
v 0.00604707 0.01391463 0.07209511
v 0.00604707 0.01391463 0.07209511
v 0.00126479 0.01832854 0.07404678
v 0.00126479 0.01832854 0.07404678
v 0.00126479 0.01832854 0.07404678
v 0.00126479 0.01832854 0.07404678
v 0.00126479 0.01832854 0.07404678
v 0.00277266 0.02150429 0.07418335
v 0.00277266 0.02150429 0.07418335
v 0.00277266 0.02150429 0.07418335
v 0.00277266 0.02150429 0.07418335
v 0.00277266 0.02150429 0.07418335
v 0.00277266 0.02150429 0.07418335
v 0.00126479 0.02403273 0.07458867
v 0.00126479 0.02403273 0.07458867
v 0.00126479 0.02403273 0.07458867
v 0.00126479 0.02403273 0.07458867
v 0.00126479 0.02403273 0.07458867
v 0.00126479 0.02150429 0.07436839
v 0.00126479 0.02150429 0.07436839
v 0.00126479 0.02150429 0.07436839
v 0.00126479 0.02150429 0.07436839
v 0.00126479 0.01959276 0.07418335
v 0.00126479 0.01959276 0.07418335
v 0.00126479 0.01959276 0.07418335
v 0.00126479 0.01959276 0.07418335
v 0.00126479 0.01959276 0.07418335
v 0.00126479 0.01959276 0.07418335
v -0.00379378 0.01644307 0.07331546
v -0.00379378 0.01644307 0.07331546
v -0.00379378 0.01644307 0.07331546
v -0.00379378 0.01644307 0.07331546
v -0.00379378 0.01644307 0.07331546
v -0.00379378 0.01644307 0.07331546
v -0.00379378 0.01644307 0.07331546
v -0.00379378 0.01644307 0.07331546
v -0.00696237 0.01138619 0.07123162
v -0.00696237 0.01138619 0.07123162
v -0.00696237 0.01138619 0.07123162
v -0.00696237 0.01138619 0.07123162
v -0.00696237 0.01138619 0.07123162
v -0.00806168 0.00498690 0.06941653
v -0.00806168 0.00498690 0.06941653
v -0.00806168 0.00498690 0.06941653
v -0.00806168 0.00498690 0.06941653
v -0.00806168 0.00498690 0.06941653
v -0.00806168 0.00498690 0.06941653
v -0.00806168 0.00498690 0.06941653
v -0.00569552 0.01138619 0.07190567
v -0.00569552 0.01138619 0.07190567
v -0.00569552 0.01138619 0.07190567
v -0.00569552 0.01138619 0.07190567
v -0.00569552 0.01138619 0.07190567
v -0.00126303 0.01834157 0.07404678
v -0.00126303 0.01834157 0.07404678
v -0.00126303 0.01834157 0.07404678
v -0.00126303 0.01834157 0.07404678
v -0.00126303 0.01834157 0.07404678
v -0.00403187 0.02150429 0.07381769
v -0.00403187 0.02150429 0.07381769
v -0.00403187 0.02150429 0.07381769
v -0.00403187 0.02150429 0.07381769
v -0.00403187 0.02150429 0.07381769
v -0.00403187 0.02150429 0.07381769
v -0.00354688 0.01921045 0.07371636
v -0.00354688 0.01921045 0.07371636
v -0.00354688 0.01921045 0.07371636
v -0.00126303 0.01960579 0.07417895
v -0.00126303 0.01960579 0.07417895
v -0.00126303 0.01960579 0.07417895
v -0.00126303 0.01960579 0.07417895
v -0.00126303 0.02150429 0.07436839
v -0.00126303 0.02150429 0.07436839
v -0.00126303 0.02150429 0.07436839
v -0.00126303 0.02150429 0.07436839
v -0.00126303 0.02150429 0.07436839
v -0.00126303 0.02403273 0.07458867
v -0.00126303 0.02403273 0.07458867
v -0.00126303 0.02403273 0.07458867
v -0.00126303 0.02403273 0.07458867
v -0.00126303 0.02403273 0.07458867
v -0.00276796 0.02150429 0.07417895
v -0.00276796 0.02150429 0.07417895
v -0.00276796 0.02150429 0.07417895
v -0.00276796 0.02150429 0.07417895
v -0.00276796 0.02150429 0.07417895
v -0.00276796 0.02150429 0.07417895
v 0.00873361 0.00498690 0.06885262
v 0.00873361 0.00498690 0.06885262
v 0.00873361 0.00498690 0.06885262
v 0.00974473 0.00885776 0.06870283
v 0.00974473 0.00885776 0.06870283
v 0.00974473 0.00885776 0.06870283
v 0.00974473 0.00885776 0.06870283
v 0.00974473 0.00885776 0.06870283
v 0.00974473 0.00885776 0.06870283
v 0.00848082 0.00885776 0.06976457
v 0.00848082 0.00885776 0.06976457
v 0.00848082 0.00885776 0.06976457
v 0.00848082 0.00885776 0.06976457
v 0.00848082 0.00885776 0.06976457
v 0.00848082 0.00885776 0.06976457
v 0.00731097 0.01391463 0.07142547
v 0.00731097 0.01391463 0.07142547
v 0.00731097 0.01391463 0.07142547
v 0.00731097 0.01391463 0.07142547
v 0.00731097 0.01391463 0.07142547
v 0.00731097 0.01391463 0.07142547
v 0.00632336 0.01897585 0.07257973
v 0.00632336 0.01897585 0.07257973
v 0.00632336 0.01897585 0.07257973
v 0.00632336 0.01897585 0.07257973
v 0.00632336 0.01897585 0.07257973
v 0.00632336 0.01897585 0.07257973
v 0.00632336 0.01897585 0.07257973
v 0.00442456 0.02403273 0.07392783
v 0.00442456 0.02403273 0.07392783
v 0.00442456 0.02403273 0.07392783
v 0.00442456 0.02403273 0.07392783
v 0.00442456 0.02403273 0.07392783
v 0.00442456 0.02403273 0.07392783
v 0.00751379 0.01552206 0.07154001
v 0.00751379 0.01552206 0.07154001
v 0.00751379 0.01552206 0.07154001
v 0.00751379 0.01552206 0.07154001
v 0.00751379 0.01552206 0.07154001
v 0.00751379 0.01552206 0.07154001
v 0.00751379 0.01552206 0.07154001
v 0.00653205 0.01639528 0.07216560
v 0.00653205 0.01639528 0.07216560
v 0.00653205 0.01639528 0.07216560
v 0.00316065 0.02403273 0.07428909
v 0.00316065 0.02403273 0.07428909
v 0.00316065 0.02403273 0.07428909
v 0.00316065 0.02403273 0.07428909
v 0.00316065 0.02403273 0.07428909
v 0.00126479 0.02656116 0.07476489
v 0.00126479 0.02656116 0.07476489
v 0.00126479 0.02656116 0.07476489
v 0.00126479 0.02656116 0.07476489
v 0.00126479 0.02656116 0.07476489
v -0.00632160 0.01897585 0.07257973
v -0.00632160 0.01897585 0.07257973
v -0.00632160 0.01897585 0.07257973
v -0.00632160 0.01897585 0.07257973
v -0.00632160 0.01897585 0.07257973
v -0.00632160 0.01897585 0.07257973
v -0.00632160 0.01897585 0.07257973
v -0.00632160 0.01897585 0.07257973
v -0.00604530 0.01391463 0.07209071
v -0.00604530 0.01391463 0.07209071
v -0.00604530 0.01391463 0.07209071
v -0.00604530 0.01391463 0.07209071
v -0.00604530 0.01391463 0.07209071
v -0.00604530 0.01391463 0.07209071
v -0.00731215 0.01391463 0.07142547
v -0.00731215 0.01391463 0.07142547
v -0.00731215 0.01391463 0.07142547
v -0.00731215 0.01391463 0.07142547
v -0.00731215 0.01391463 0.07142547
v -0.00731215 0.01391463 0.07142547
v -0.00974591 0.00885776 0.06870283
v -0.00974591 0.00885776 0.06870283
v -0.00974591 0.00885776 0.06870283
v -0.00974591 0.00885776 0.06870283
v -0.00974591 0.00885776 0.06870283
v -0.00974591 0.00885776 0.06870283
v -0.00932558 0.00498690 0.06834157
v -0.00932558 0.00498690 0.06834157
v -0.00932558 0.00498690 0.06834157
v -0.00848200 0.00885776 0.06976017
v -0.00848200 0.00885776 0.06976017
v -0.00848200 0.00885776 0.06976017
v -0.00848200 0.00885776 0.06976017
v -0.00848200 0.00885776 0.06976017
v -0.00848200 0.00885776 0.06976017
v -0.00442574 0.02403273 0.07392783
v -0.00442574 0.02403273 0.07392783
v -0.00442574 0.02403273 0.07392783
v -0.00442574 0.02403273 0.07392783
v -0.00442574 0.02403273 0.07392783
v -0.00442574 0.02403273 0.07392783
v -0.00126303 0.02656116 0.07476489
v -0.00126303 0.02656116 0.07476489
v -0.00126303 0.02656116 0.07476489
v -0.00126303 0.02656116 0.07476489
v -0.00126303 0.02656116 0.07476489
v -0.00315889 0.02403273 0.07428909
v -0.00315889 0.02403273 0.07428909
v -0.00315889 0.02403273 0.07428909
v -0.00315889 0.02403273 0.07428909
v -0.00315889 0.02403273 0.07428909
v 0.00932735 0.00498690 0.06834598
v 0.00932735 0.00498690 0.06834598
v 0.00932735 0.00498690 0.06834598
v 0.00997400 0.01138619 0.06891429
v 0.00997400 0.01138619 0.06891429
v 0.00997400 0.01138619 0.06891429
v 0.00997400 0.01138619 0.06891429
v 0.00997400 0.01138619 0.06891429
v 0.00997400 0.01138619 0.06891429
v 0.01061477 0.00498690 0.06708158
v 0.01061477 0.00498690 0.06708158
v 0.01061477 0.00498690 0.06708158
v 0.01061477 0.00498690 0.06708158
v 0.01061477 0.00498690 0.06708158
v 0.00870715 0.01138619 0.06996723
v 0.00870715 0.01138619 0.06996723
v 0.00870715 0.01138619 0.06996723
v 0.00870715 0.01138619 0.06996723
v 0.00870715 0.01138619 0.06996723
v 0.00767251 0.01720768 0.07164575
v 0.00767251 0.01720768 0.07164575
v 0.00767251 0.01720768 0.07164575
v 0.00767251 0.01720768 0.07164575
v 0.00767251 0.01720768 0.07164575
v 0.00767251 0.01720768 0.07164575
v 0.00632336 0.02150429 0.07283525
v 0.00632336 0.02150429 0.07283525
v 0.00632336 0.02150429 0.07283525
v 0.00632336 0.02150429 0.07283525
v 0.00632336 0.02150429 0.07283525
v 0.00632336 0.02150429 0.07283525
v 0.00632336 0.02150429 0.07283525
v 0.00473319 0.02656116 0.07401594
v 0.00473319 0.02656116 0.07401594
v 0.00473319 0.02656116 0.07401594
v 0.00473319 0.02656116 0.07401594
v 0.00473319 0.02656116 0.07401594
v 0.00346928 0.02656116 0.07437720
v 0.00346928 0.02656116 0.07437720
v 0.00346928 0.02656116 0.07437720
v 0.00346928 0.02656116 0.07437720
v 0.00346928 0.02656116 0.07437720
v 0.00346928 0.02656116 0.07437720
v 0.00126479 0.02908960 0.07491027
v 0.00126479 0.02908960 0.07491027
v 0.00126479 0.02908960 0.07491027
v 0.00126479 0.02908960 0.07491027
v 0.00126479 0.02908960 0.07491027
v 0.00126479 0.02908960 0.07491027
v -0.00653029 0.01639528 0.07216560
v -0.00653029 0.01639528 0.07216560
v -0.00653029 0.01639528 0.07216560
v -0.00632160 0.02150429 0.07283525
v -0.00632160 0.02150429 0.07283525
v -0.00632160 0.02150429 0.07283525
v -0.00632160 0.02150429 0.07283525
v -0.00632160 0.02150429 0.07283525
v -0.00632160 0.02150429 0.07283525
v -0.00632160 0.02150429 0.07283525
v -0.00767075 0.01720768 0.07164575
v -0.00767075 0.01720768 0.07164575
v -0.00767075 0.01720768 0.07164575
v -0.00767075 0.01720768 0.07164575
v -0.00767075 0.01720768 0.07164575
v -0.00767075 0.01720768 0.07164575
v -0.00751202 0.01552206 0.07154001
v -0.00751202 0.01552206 0.07154001
v -0.00751202 0.01552206 0.07154001
v -0.00751202 0.01552206 0.07154001
v -0.00751202 0.01552206 0.07154001
v -0.00751202 0.01552206 0.07154001
v -0.00751202 0.01552206 0.07154001
v -0.00997223 0.01138619 0.06891429
v -0.00997223 0.01138619 0.06891429
v -0.00997223 0.01138619 0.06891429
v -0.00997223 0.01138619 0.06891429
v -0.00997223 0.01138619 0.06891429
v -0.00997223 0.01138619 0.06891429
v -0.01061301 0.00498690 0.06707717
v -0.01061301 0.00498690 0.06707717
v -0.01061301 0.00498690 0.06707717
v -0.01061301 0.00498690 0.06707717
v -0.01061301 0.00498690 0.06707717
v -0.01003102 0.00498690 0.06767193
v -0.01003102 0.00498690 0.06767193
v -0.01003102 0.00498690 0.06767193
v -0.00870833 0.01138619 0.06996723
v -0.00870833 0.01138619 0.06996723
v -0.00870833 0.01138619 0.06996723
v -0.00870833 0.01138619 0.06996723
v -0.00870833 0.01138619 0.06996723
v -0.00473436 0.02656116 0.07401594
v -0.00473436 0.02656116 0.07401594
v -0.00473436 0.02656116 0.07401594
v -0.00473436 0.02656116 0.07401594
v -0.00473436 0.02656116 0.07401594
v -0.00126303 0.02908960 0.07491027
v -0.00126303 0.02908960 0.07491027
v -0.00126303 0.02908960 0.07491027
v -0.00126303 0.02908960 0.07491027
v -0.00126303 0.02908960 0.07491027
v -0.00126303 0.02908960 0.07491027
v -0.00346752 0.02656116 0.07437720
v -0.00346752 0.02656116 0.07437720
v -0.00346752 0.02656116 0.07437720
v -0.00346752 0.02656116 0.07437720
v -0.00346752 0.02656116 0.07437720
v -0.00346752 0.02656116 0.07437720
v 0.01008863 0.01286763 0.06902884
v 0.01008863 0.01286763 0.06902884
v 0.01008863 0.01286763 0.06902884
v 0.01008863 0.01286763 0.06902884
v 0.01008863 0.01286763 0.06902884
v 0.01008863 0.01286763 0.06902884
v 0.01008863 0.01286763 0.06902884
v 0.01008863 0.01286763 0.06902884
v 0.01087931 0.00885776 0.06743843
v 0.01087931 0.00885776 0.06743843
v 0.01087931 0.00885776 0.06743843
v 0.01087931 0.00885776 0.06743843
v 0.01087931 0.00885776 0.06743843
v 0.01087931 0.00885776 0.06743843
v 0.01087931 0.00885776 0.06743843
v 0.01132021 0.00498690 0.06613879
v 0.01132021 0.00498690 0.06613879
v 0.01132021 0.00498690 0.06613879
v 0.00780184 0.01897585 0.07174707
v 0.00780184 0.01897585 0.07174707
v 0.00780184 0.01897585 0.07174707
v 0.00780184 0.01897585 0.07174707
v 0.00780184 0.01897585 0.07174707
v 0.00632336 0.02403273 0.07304231
v 0.00632336 0.02403273 0.07304231
v 0.00632336 0.02403273 0.07304231
v 0.00632336 0.02403273 0.07304231
v 0.00632336 0.02403273 0.07304231
v 0.00632336 0.02403273 0.07304231
v 0.00795762 0.02150429 0.07187043
v 0.00795762 0.02150429 0.07187043
v 0.00795762 0.02150429 0.07187043
v 0.00795762 0.02150429 0.07187043
v 0.00795762 0.02150429 0.07187043
v 0.00795762 0.02150429 0.07187043
v 0.00795762 0.02150429 0.07187043
v 0.00493306 0.02852917 0.07407762
v 0.00493306 0.02852917 0.07407762
v 0.00493306 0.02852917 0.07407762
v 0.00493306 0.02852917 0.07407762
v 0.00493306 0.02852917 0.07407762
v 0.00397190 0.02925903 0.07438601
v 0.00397190 0.02925903 0.07438601
v 0.00397190 0.02925903 0.07438601
v 0.00397190 0.02925903 0.07438601
v 0.00379261 0.03161804 0.07454021
v 0.00379261 0.03161804 0.07454021
v 0.00379261 0.03161804 0.07454021
v 0.00379261 0.03161804 0.07454021
v 0.00379261 0.03161804 0.07454021
v 0.00379261 0.03161804 0.07454021
v 0.00379261 0.03161804 0.07454021
v 0.00126479 0.03161804 0.07502041
v 0.00126479 0.03161804 0.07502041
v 0.00126479 0.03161804 0.07502041
v 0.00126479 0.03161804 0.07502041
v -0.00632160 0.02403273 0.07304231
v -0.00632160 0.02403273 0.07304231
v -0.00632160 0.02403273 0.07304231
v -0.00632160 0.02403273 0.07304231
v -0.00632160 0.02403273 0.07304231
v -0.00632160 0.02403273 0.07304231
v -0.00795586 0.02150429 0.07187043
v -0.00795586 0.02150429 0.07187043
v -0.00795586 0.02150429 0.07187043
v -0.00795586 0.02150429 0.07187043
v -0.00795586 0.02150429 0.07187043
v -0.00795586 0.02150429 0.07187043
v -0.00795586 0.02150429 0.07187043
v -0.00780302 0.01897585 0.07174707
v -0.00780302 0.01897585 0.07174707
v -0.00780302 0.01897585 0.07174707
v -0.00780302 0.01897585 0.07174707
v -0.00780302 0.01897585 0.07174707
v -0.01008981 0.01286329 0.06902884
v -0.01008981 0.01286329 0.06902884
v -0.01008981 0.01286329 0.06902884
v -0.01008981 0.01286329 0.06902884
v -0.01008981 0.01286329 0.06902884
v -0.01008981 0.01286329 0.06902884
v -0.01008981 0.01286329 0.06902884
v -0.01008981 0.01286329 0.06902884
v -0.01088048 0.00885776 0.06743843
v -0.01088048 0.00885776 0.06743843
v -0.01088048 0.00885776 0.06743843
v -0.01088048 0.00885776 0.06743843
v -0.01088048 0.00885776 0.06743843
v -0.01088048 0.00885776 0.06743843
v -0.01196509 0.00498690 0.06527530
v -0.01196509 0.00498690 0.06527530
v -0.01196509 0.00498690 0.06527530
v -0.01196509 0.00498690 0.06527530
v -0.00493424 0.02852917 0.07407762
v -0.00493424 0.02852917 0.07407762
v -0.00493424 0.02852917 0.07407762
v -0.00493424 0.02852917 0.07407762
v -0.00493424 0.02852917 0.07407762
v -0.00126303 0.03161804 0.07502041
v -0.00126303 0.03161804 0.07502041
v -0.00126303 0.03161804 0.07502041
v -0.00126303 0.03161804 0.07502041
v -0.00379378 0.03161804 0.07454021
v -0.00379378 0.03161804 0.07454021
v -0.00379378 0.03161804 0.07454021
v -0.00379378 0.03161804 0.07454021
v -0.00379378 0.03161804 0.07454021
v -0.00379378 0.03161804 0.07454021
v -0.00379378 0.03161804 0.07454021
v -0.00397014 0.02925903 0.07438601
v -0.00397014 0.02925903 0.07438601
v -0.00397014 0.02925903 0.07438601
v -0.00397014 0.02925903 0.07438601
v 0.01018857 0.01455326 0.06913017
v 0.01018857 0.01455326 0.06913017
v 0.01018857 0.01455326 0.06913017
v 0.01018857 0.01455326 0.06913017
v 0.00906575 0.01897585 0.07063687
v 0.00906575 0.01897585 0.07063687
v 0.00906575 0.01897585 0.07063687
v 0.00906575 0.01897585 0.07063687
v 0.00906575 0.01897585 0.07063687
v 0.00906575 0.01897585 0.07063687
v 0.01100570 0.01138619 0.06764990
v 0.01100570 0.01138619 0.06764990
v 0.01100570 0.01138619 0.06764990
v 0.01100570 0.01138619 0.06764990
v 0.01100570 0.01138619 0.06764990
v 0.01100570 0.01138619 0.06764990
v 0.01100570 0.01138619 0.06764990
v 0.01196686 0.00498690 0.06527089
v 0.01196686 0.00498690 0.06527089
v 0.01196686 0.00498690 0.06527089
v 0.01196686 0.00498690 0.06527089
v 0.01214322 0.00885776 0.06568061
v 0.01214322 0.00885776 0.06568061
v 0.01214322 0.00885776 0.06568061
v 0.01214322 0.00885776 0.06568061
v 0.01214322 0.00885776 0.06568061
v 0.00632336 0.02656116 0.07321413
v 0.00632336 0.02656116 0.07321413
v 0.00632336 0.02656116 0.07321413
v 0.00632336 0.02656116 0.07321413
v 0.00632336 0.02656116 0.07321413
v 0.00632336 0.02656116 0.07321413
v 0.00632336 0.02656116 0.07321413
v 0.00507121 0.03021480 0.07412168
v 0.00507121 0.03021480 0.07412168
v 0.00507121 0.03021480 0.07412168
v 0.00507121 0.03021480 0.07412168
v 0.00507121 0.03021480 0.07412168
v 0.00507121 0.03021480 0.07412168
v 0.00507121 0.03021480 0.07412168
v 0.00507121 0.03021480 0.07412168
v 0.00507121 0.03021480 0.07412168
v 0.00922153 0.02150429 0.07074261
v 0.00922153 0.02150429 0.07074261
v 0.00922153 0.02150429 0.07074261
v 0.00922153 0.02150429 0.07074261
v 0.00922153 0.02150429 0.07074261
v 0.00922153 0.02150429 0.07074261
v 0.00807226 0.02403273 0.07196735
v 0.00807226 0.02403273 0.07196735
v 0.00807226 0.02403273 0.07196735
v 0.00807226 0.02403273 0.07196735
v 0.00807226 0.02403273 0.07196735
v 0.00379261 0.03414648 0.07461950
v 0.00379261 0.03414648 0.07461950
v 0.00379261 0.03414648 0.07461950
v 0.00379261 0.03414648 0.07461950
v 0.00379261 0.03414648 0.07461950
v 0.00379261 0.03414648 0.07461950
v 0.00126479 0.03414648 0.07510412
v 0.00126479 0.03414648 0.07510412
v 0.00126479 0.03414648 0.07510412
v 0.00126479 0.03414648 0.07510412
v 0.00126479 0.03414648 0.07510412
v -0.00507239 0.03021480 0.07412168
v -0.00507239 0.03021480 0.07412168
v -0.00507239 0.03021480 0.07412168
v -0.00507239 0.03021480 0.07412168
v -0.00507239 0.03021480 0.07412168
v -0.00507239 0.03021480 0.07412168
v -0.00507239 0.03021480 0.07412168
v -0.00507239 0.03021480 0.07412168
v -0.00507239 0.03021480 0.07412168
v -0.00632160 0.02656116 0.07321413
v -0.00632160 0.02656116 0.07321413
v -0.00632160 0.02656116 0.07321413
v -0.00632160 0.02656116 0.07321413
v -0.00632160 0.02656116 0.07321413
v -0.00632160 0.02656116 0.07321413
v -0.00632160 0.02656116 0.07321413
v -0.00807343 0.02403273 0.07196735
v -0.00807343 0.02403273 0.07196735
v -0.00807343 0.02403273 0.07196735
v -0.00807343 0.02403273 0.07196735
v -0.00807343 0.02403273 0.07196735
v -0.00921977 0.02150429 0.07074261
v -0.00921977 0.02150429 0.07074261
v -0.00921977 0.02150429 0.07074261
v -0.00921977 0.02150429 0.07074261
v -0.00921977 0.02150429 0.07074261
v -0.00921977 0.02150429 0.07074261
v -0.00906692 0.01897585 0.07063687
v -0.00906692 0.01897585 0.07063687
v -0.00906692 0.01897585 0.07063687
v -0.00906692 0.01897585 0.07063687
v -0.00906692 0.01897585 0.07063687
v -0.00906692 0.01897585 0.07063687
v -0.01018680 0.01454891 0.06913017
v -0.01018680 0.01454891 0.06913017
v -0.01018680 0.01454891 0.06913017
v -0.01018680 0.01454891 0.06913017
v -0.01100688 0.01138619 0.06764990
v -0.01100688 0.01138619 0.06764990
v -0.01100688 0.01138619 0.06764990
v -0.01100688 0.01138619 0.06764990
v -0.01100688 0.01138619 0.06764990
v -0.01100688 0.01138619 0.06764990
v -0.01100688 0.01138619 0.06764990
v -0.01100688 0.01138619 0.06764990
v -0.01214439 0.00885776 0.06568061
v -0.01214439 0.00885776 0.06568061
v -0.01214439 0.00885776 0.06568061
v -0.01214439 0.00885776 0.06568061
v -0.01214439 0.00885776 0.06568061
v -0.01214439 0.00885776 0.06568061
v -0.01243832 0.00498690 0.06456600
v -0.01243832 0.00498690 0.06456600
v -0.01243832 0.00498690 0.06456600
v -0.00126303 0.03414648 0.07510412
v -0.00126303 0.03414648 0.07510412
v -0.00126303 0.03414648 0.07510412
v -0.00126303 0.03414648 0.07510412
v -0.00126303 0.03414648 0.07510412
v -0.00379378 0.03414648 0.07461950
v -0.00379378 0.03414648 0.07461950
v -0.00379378 0.03414648 0.07461950
v -0.00379378 0.03414648 0.07461950
v -0.00379378 0.03414648 0.07461950
v -0.00379378 0.03414648 0.07461950
v 0.01028557 0.01644307 0.06924031
v 0.01028557 0.01644307 0.06924031
v 0.01028557 0.01644307 0.06924031
v 0.01028557 0.01644307 0.06924031
v 0.01028557 0.01644307 0.06924031
v 0.01028557 0.01644307 0.06924031
v 0.01028557 0.01644307 0.06924031
v 0.01227255 0.01138619 0.06585683
v 0.01227255 0.01138619 0.06585683
v 0.01227255 0.01138619 0.06585683
v 0.01227255 0.01138619 0.06585683
v 0.01227255 0.01138619 0.06585683
v 0.01227255 0.01138619 0.06585683
v 0.01227255 0.01138619 0.06585683
v 0.01227255 0.01138619 0.06585683
v 0.01094691 0.01379299 0.06802878
v 0.01094691 0.01379299 0.06802878
v 0.01094691 0.01379299 0.06802878
v 0.01094691 0.01379299 0.06802878
v 0.01271639 0.00498690 0.06412104
v 0.01271639 0.00498690 0.06412104
v 0.01271639 0.00498690 0.06412104
v 0.01271639 0.00498690 0.06412104
v 0.01271639 0.00498690 0.06412104
v 0.00639097 0.03161804 0.07342559
v 0.00639097 0.03161804 0.07342559
v 0.00639097 0.03161804 0.07342559
v 0.00639097 0.03161804 0.07342559
v 0.00639097 0.03161804 0.07342559
v 0.00639097 0.03161804 0.07342559
v 0.00639097 0.03161804 0.07342559
v 0.00607940 0.02925903 0.07350049
v 0.00607940 0.02925903 0.07350049
v 0.00607940 0.02925903 0.07350049
v 0.00816338 0.02656116 0.07204665
v 0.00816338 0.02656116 0.07204665
v 0.00816338 0.02656116 0.07204665
v 0.00816338 0.02656116 0.07204665
v 0.00816338 0.02656116 0.07204665
v 0.00816338 0.02656116 0.07204665
v 0.00512706 0.03161804 0.07414811
v 0.00512706 0.03161804 0.07414811
v 0.00512706 0.03161804 0.07414811
v 0.00512706 0.03161804 0.07414811
v 0.01039432 0.01897585 0.06937248
v 0.01039432 0.01897585 0.06937248
v 0.01039432 0.01897585 0.06937248
v 0.01039432 0.01897585 0.06937248
v 0.01039432 0.01897585 0.06937248
v 0.01039432 0.01897585 0.06937248
v 0.00933910 0.02403273 0.07083072
v 0.00933910 0.02403273 0.07083072
v 0.00933910 0.02403273 0.07083072
v 0.00933910 0.02403273 0.07083072
v 0.00933910 0.02403273 0.07083072
v 0.00933910 0.02403273 0.07083072
v 0.00520348 0.03414648 0.07418776
v 0.00520348 0.03414648 0.07418776
v 0.00520348 0.03414648 0.07418776
v 0.00520348 0.03414648 0.07418776
v 0.00520348 0.03414648 0.07418776
v 0.00379261 0.03667926 0.07466356
v 0.00379261 0.03667926 0.07466356
v 0.00379261 0.03667926 0.07466356
v 0.00379261 0.03667926 0.07466356
v 0.00379261 0.03667926 0.07466356
v 0.00126479 0.03667926 0.07514817
v 0.00126479 0.03667926 0.07514817
v 0.00126479 0.03667926 0.07514817
v 0.00126479 0.03667926 0.07514817
v 0.00126479 0.03667926 0.07514817
v 0.00126479 0.03667926 0.07514817
v -0.00639214 0.03161804 0.07343000
v -0.00639214 0.03161804 0.07343000
v -0.00639214 0.03161804 0.07343000
v -0.00639214 0.03161804 0.07343000
v -0.00639214 0.03161804 0.07343000
v -0.00639214 0.03161804 0.07343000
v -0.00639214 0.03161804 0.07343000
v -0.00639214 0.03161804 0.07343000
v -0.00607763 0.02925903 0.07350049
v -0.00607763 0.02925903 0.07350049
v -0.00607763 0.02925903 0.07350049
v -0.00512529 0.03161804 0.07414811
v -0.00512529 0.03161804 0.07414811
v -0.00512529 0.03161804 0.07414811
v -0.00512529 0.03161804 0.07414811
v -0.00816161 0.02656116 0.07204665
v -0.00816161 0.02656116 0.07204665
v -0.00816161 0.02656116 0.07204665
v -0.00816161 0.02656116 0.07204665
v -0.00816161 0.02656116 0.07204665
v -0.00816161 0.02656116 0.07204665
v -0.00933734 0.02403273 0.07083072
v -0.00933734 0.02403273 0.07083072
v -0.00933734 0.02403273 0.07083072
v -0.00933734 0.02403273 0.07083072
v -0.00933734 0.02403273 0.07083072
v -0.00933734 0.02403273 0.07083072
v -0.01039550 0.01897585 0.06937248
v -0.01039550 0.01897585 0.06937248
v -0.01039550 0.01897585 0.06937248
v -0.01039550 0.01897585 0.06937248
v -0.01039550 0.01897585 0.06937248
v -0.01039550 0.01897585 0.06937248
v -0.01028380 0.01644307 0.06924031
v -0.01028380 0.01644307 0.06924031
v -0.01028380 0.01644307 0.06924031
v -0.01028380 0.01644307 0.06924031
v -0.01028380 0.01644307 0.06924031
v -0.01028380 0.01644307 0.06924031
v -0.01028380 0.01644307 0.06924031
v -0.01134490 0.01644307 0.06779088
v -0.01134490 0.01644307 0.06779088
v -0.01134490 0.01644307 0.06779088
v -0.01134490 0.01644307 0.06779088
v -0.01134490 0.01644307 0.06779088
v -0.01134490 0.01644307 0.06779088
v -0.01134490 0.01644307 0.06779088
v -0.01227078 0.01138619 0.06585683
v -0.01227078 0.01138619 0.06585683
v -0.01227078 0.01138619 0.06585683
v -0.01227078 0.01138619 0.06585683
v -0.01227078 0.01138619 0.06585683
v -0.01227078 0.01138619 0.06585683
v -0.01227078 0.01138619 0.06585683
v -0.01094515 0.01378864 0.06802878
v -0.01094515 0.01378864 0.06802878
v -0.01094515 0.01378864 0.06802878
v -0.01272050 0.00498690 0.06412545
v -0.01272050 0.00498690 0.06412545
v -0.01272050 0.00498690 0.06412545
v -0.01272050 0.00498690 0.06412545
v -0.01272050 0.00498690 0.06412545
v -0.00126303 0.03667926 0.07514817
v -0.00126303 0.03667926 0.07514817
v -0.00126303 0.03667926 0.07514817
v -0.00126303 0.03667926 0.07514817
v -0.00379378 0.03667926 0.07466356
v -0.00379378 0.03667926 0.07466356
v -0.00379378 0.03667926 0.07466356
v -0.00379378 0.03667926 0.07466356
v -0.00379378 0.03667926 0.07466356
v -0.00520466 0.03414648 0.07418776
v -0.00520466 0.03414648 0.07418776
v -0.00520466 0.03414648 0.07418776
v -0.00520466 0.03414648 0.07418776
v -0.00520466 0.03414648 0.07418776
v -0.00520466 0.03414648 0.07418776
v 0.01134372 0.01644307 0.06779088
v 0.01134372 0.01644307 0.06779088
v 0.01134372 0.01644307 0.06779088
v 0.01134372 0.01644307 0.06779088
v 0.01134372 0.01644307 0.06779088
v 0.01134372 0.01644307 0.06779088
v 0.01286335 0.00885776 0.06441621
v 0.01286335 0.00885776 0.06441621
v 0.01286335 0.00885776 0.06441621
v 0.01286335 0.00885776 0.06441621
v 0.01286335 0.00885776 0.06441621
v 0.01294271 0.01138619 0.06459244
v 0.01294271 0.01138619 0.06459244
v 0.01294271 0.01138619 0.06459244
v 0.01294271 0.01138619 0.06459244
v 0.01294271 0.01138619 0.06459244
v 0.01294271 0.01138619 0.06459244
v 0.01236367 0.01391463 0.06599782
v 0.01236367 0.01391463 0.06599782
v 0.01236367 0.01391463 0.06599782
v 0.01236367 0.01391463 0.06599782
v 0.01236367 0.01391463 0.06599782
v 0.01293683 0.00498690 0.06361000
v 0.01293683 0.00498690 0.06361000
v 0.01293683 0.00498690 0.06361000
v 0.01293683 0.00498690 0.06361000
v 0.00646739 0.03414648 0.07346525
v 0.00646739 0.03414648 0.07346525
v 0.00646739 0.03414648 0.07346525
v 0.00646739 0.03414648 0.07346525
v 0.00646739 0.03414648 0.07346525
v 0.00646739 0.03414648 0.07346525
v 0.00646739 0.03414648 0.07346525
v 0.00823098 0.02908960 0.07211274
v 0.00823098 0.02908960 0.07211274
v 0.00823098 0.02908960 0.07211274
v 0.00823098 0.02908960 0.07211274
v 0.00823098 0.02908960 0.07211274
v 0.00823098 0.02908960 0.07211274
v 0.00942728 0.02656116 0.07089680
v 0.00942728 0.02656116 0.07089680
v 0.00942728 0.02656116 0.07089680
v 0.00942728 0.02656116 0.07089680
v 0.00942728 0.02656116 0.07089680
v 0.00942728 0.02656116 0.07089680
v 0.01047662 0.02150429 0.06947821
v 0.01047662 0.02150429 0.06947821
v 0.01047662 0.02150429 0.06947821
v 0.01047662 0.02150429 0.06947821
v 0.01047662 0.02150429 0.06947821
v 0.01047662 0.02150429 0.06947821
v 0.01151714 0.01897585 0.06779088
v 0.01151714 0.01897585 0.06779088
v 0.01151714 0.01897585 0.06779088
v 0.01151714 0.01897585 0.06779088
v 0.01151714 0.01897585 0.06779088
v 0.01151714 0.01897585 0.06779088
v 0.00525051 0.03667926 0.07421419
v 0.00525051 0.03667926 0.07421419
v 0.00525051 0.03667926 0.07421419
v 0.00525051 0.03667926 0.07421419
v 0.00525051 0.03667926 0.07421419
v 0.00525051 0.03667926 0.07421419
v 0.00525051 0.03667926 0.07421419
v 0.00379261 0.03920770 0.07467678
v 0.00379261 0.03920770 0.07467678
v 0.00379261 0.03920770 0.07467678
v 0.00379261 0.03920770 0.07467678
v 0.00379261 0.03920770 0.07467678
v 0.00379261 0.03920770 0.07467678
v 0.00379261 0.03920770 0.07467678
v 0.00126479 0.03920770 0.07515698
v 0.00126479 0.03920770 0.07515698
v 0.00126479 0.03920770 0.07515698
v 0.00126479 0.03920770 0.07515698
v -0.00126303 0.03920770 0.07516139
v -0.00126303 0.03920770 0.07516139
v -0.00126303 0.03920770 0.07516139
v -0.00126303 0.03920770 0.07516139
v -0.00126303 0.03920770 0.07516139
v -0.00126303 0.03920770 0.07516139
v -0.00126303 0.03920770 0.07516139
v -0.00646856 0.03414648 0.07346525
v -0.00646856 0.03414648 0.07346525
v -0.00646856 0.03414648 0.07346525
v -0.00646856 0.03414648 0.07346525
v -0.00646856 0.03414648 0.07346525
v -0.00646856 0.03414648 0.07346525
v -0.00646856 0.03414648 0.07346525
v -0.00822922 0.02908960 0.07211274
v -0.00822922 0.02908960 0.07211274
v -0.00822922 0.02908960 0.07211274
v -0.00822922 0.02908960 0.07211274
v -0.00822922 0.02908960 0.07211274
v -0.00822922 0.02908960 0.07211274
v -0.00942552 0.02656116 0.07089680
v -0.00942552 0.02656116 0.07089680
v -0.00942552 0.02656116 0.07089680
v -0.00942552 0.02656116 0.07089680
v -0.00942552 0.02656116 0.07089680
v -0.00942552 0.02656116 0.07089680
v -0.01047780 0.02150429 0.06947821
v -0.01047780 0.02150429 0.06947821
v -0.01047780 0.02150429 0.06947821
v -0.01047780 0.02150429 0.06947821
v -0.01047780 0.02150429 0.06947821
v -0.01047780 0.02150429 0.06947821
v -0.01151832 0.01897585 0.06779088
v -0.01151832 0.01897585 0.06779088
v -0.01151832 0.01897585 0.06779088
v -0.01151832 0.01897585 0.06779088
v -0.01151832 0.01897585 0.06779088
v -0.01151832 0.01897585 0.06779088
v -0.01236484 0.01391463 0.06599782
v -0.01236484 0.01391463 0.06599782
v -0.01236484 0.01391463 0.06599782
v -0.01236484 0.01391463 0.06599782
v -0.01236484 0.01391463 0.06599782
v -0.01294389 0.01138619 0.06459244
v -0.01294389 0.01138619 0.06459244
v -0.01294389 0.01138619 0.06459244
v -0.01294389 0.01138619 0.06459244
v -0.01294389 0.01138619 0.06459244
v -0.01294389 0.01138619 0.06459244
v -0.01286159 0.00885776 0.06441621
v -0.01286159 0.00885776 0.06441621
v -0.01286159 0.00885776 0.06441621
v -0.01286159 0.00885776 0.06441621
v -0.01286159 0.00885776 0.06441621
v -0.01322019 0.00498690 0.06285224
v -0.01322019 0.00498690 0.06285224
v -0.01322019 0.00498690 0.06285224
v -0.01322019 0.00498690 0.06285224
v -0.00379378 0.03920770 0.07467678
v -0.00379378 0.03920770 0.07467678
v -0.00379378 0.03920770 0.07467678
v -0.00379378 0.03920770 0.07467678
v -0.00379378 0.03920770 0.07467678
v -0.00379378 0.03920770 0.07467678
v -0.00525168 0.03667926 0.07421419
v -0.00525168 0.03667926 0.07421419
v -0.00525168 0.03667926 0.07421419
v -0.00525168 0.03667926 0.07421419
v -0.00525168 0.03667926 0.07421419
v -0.00525168 0.03667926 0.07421419
v -0.00525168 0.03667926 0.07421419
v 0.01367754 0.01138619 0.06273329
v 0.01367754 0.01138619 0.06273329
v 0.01367754 0.01138619 0.06273329
v 0.01367754 0.01138619 0.06273329
v 0.01367754 0.01138619 0.06273329
v 0.01367754 0.01138619 0.06273329
v 0.01367754 0.01138619 0.06273329
v 0.01367754 0.01138619 0.06273329
v 0.01367754 0.01138619 0.06273329
v 0.01367754 0.01138619 0.06273329
v 0.01299562 0.01391463 0.06473341
v 0.01299562 0.01391463 0.06473341
v 0.01299562 0.01391463 0.06473341
v 0.01299562 0.01391463 0.06473341
v 0.01299562 0.01391463 0.06473341
v 0.01244303 0.01644307 0.06612117
v 0.01244303 0.01644307 0.06612117
v 0.01244303 0.01644307 0.06612117
v 0.01244303 0.01644307 0.06612117
v 0.01244303 0.01644307 0.06612117
v 0.01244303 0.01644307 0.06612117
v 0.01321607 0.00498690 0.06285224
v 0.01321607 0.00498690 0.06285224
v 0.01321607 0.00498690 0.06285224
v 0.00828095 0.03161804 0.07216120
v 0.00828095 0.03161804 0.07216120
v 0.00828095 0.03161804 0.07216120
v 0.00828095 0.03161804 0.07216120
v 0.00828095 0.03161804 0.07216120
v 0.00831622 0.03414648 0.07220085
v 0.00831622 0.03414648 0.07220085
v 0.00831622 0.03414648 0.07220085
v 0.00831622 0.03414648 0.07220085
v 0.00831622 0.03414648 0.07220085
v 0.00831622 0.03414648 0.07220085
v 0.00651442 0.03667926 0.07348727
v 0.00651442 0.03667926 0.07348727
v 0.00651442 0.03667926 0.07348727
v 0.00651442 0.03667926 0.07348727
v 0.00651442 0.03667926 0.07348727
v 0.00949489 0.02908960 0.07094966
v 0.00949489 0.02908960 0.07094966
v 0.00949489 0.02908960 0.07094966
v 0.00949489 0.02908960 0.07094966
v 0.00949489 0.02908960 0.07094966
v 0.00949489 0.02908960 0.07094966
v 0.01053835 0.02403273 0.06956632
v 0.01053835 0.02403273 0.06956632
v 0.01053835 0.02403273 0.06956632
v 0.01053835 0.02403273 0.06956632
v 0.01053835 0.02403273 0.06956632
v 0.01053835 0.02403273 0.06956632
v 0.01164647 0.02150429 0.06779088
v 0.01164647 0.02150429 0.06779088
v 0.01164647 0.02150429 0.06779088
v 0.01164647 0.02150429 0.06779088
v 0.01164647 0.02150429 0.06779088
v 0.01164647 0.02150429 0.06779088
v 0.01164647 0.02150429 0.06779088
v 0.00653205 0.03920770 0.07349608
v 0.00653205 0.03920770 0.07349608
v 0.00653205 0.03920770 0.07349608
v 0.00653205 0.03920770 0.07349608
v 0.00653205 0.03920770 0.07349608
v 0.00653205 0.03920770 0.07349608
v 0.00653205 0.03920770 0.07349608
v 0.00526815 0.03920770 0.07421860
v 0.00526815 0.03920770 0.07421860
v 0.00526815 0.03920770 0.07421860
v 0.00526815 0.03920770 0.07421860
v 0.00526815 0.03920770 0.07421860
v 0.00525051 0.04173614 0.07420979
v 0.00525051 0.04173614 0.07420979
v 0.00525051 0.04173614 0.07420979
v 0.00525051 0.04173614 0.07420979
v 0.00525051 0.04173614 0.07420979
v 0.00379261 0.04173614 0.07465916
v 0.00379261 0.04173614 0.07465916
v 0.00379261 0.04173614 0.07465916
v 0.00379261 0.04173614 0.07465916
v 0.00379261 0.04173614 0.07465916
v 0.00126479 0.04173614 0.07513936
v 0.00126479 0.04173614 0.07513936
v 0.00126479 0.04173614 0.07513936
v 0.00126479 0.04173614 0.07513936
v 0.00126479 0.04173614 0.07513936
v -0.00126303 0.04173614 0.07513936
v -0.00126303 0.04173614 0.07513936
v -0.00126303 0.04173614 0.07513936
v -0.00126303 0.04173614 0.07513936
v -0.00126303 0.04173614 0.07513936
v -0.00379378 0.04173614 0.07465916
v -0.00379378 0.04173614 0.07465916
v -0.00379378 0.04173614 0.07465916
v -0.00379378 0.04173614 0.07465916
v -0.00379378 0.04173614 0.07465916
v -0.00379378 0.04173614 0.07465916
v -0.00651559 0.03667926 0.07348727
v -0.00651559 0.03667926 0.07348727
v -0.00651559 0.03667926 0.07348727
v -0.00651559 0.03667926 0.07348727
v -0.00651559 0.03667926 0.07348727
v -0.00831740 0.03414648 0.07220085
v -0.00831740 0.03414648 0.07220085
v -0.00831740 0.03414648 0.07220085
v -0.00831740 0.03414648 0.07220085
v -0.00831740 0.03414648 0.07220085
v -0.00831740 0.03414648 0.07220085
v -0.00828212 0.03161804 0.07216120
v -0.00828212 0.03161804 0.07216120
v -0.00828212 0.03161804 0.07216120
v -0.00828212 0.03161804 0.07216120
v -0.00828212 0.03161804 0.07216120
v -0.00949606 0.02908960 0.07094966
v -0.00949606 0.02908960 0.07094966
v -0.00949606 0.02908960 0.07094966
v -0.00949606 0.02908960 0.07094966
v -0.00949606 0.02908960 0.07094966
v -0.00949606 0.02908960 0.07094966
v -0.01053952 0.02403273 0.06956632
v -0.01053952 0.02403273 0.06956632
v -0.01053952 0.02403273 0.06956632
v -0.01053952 0.02403273 0.06956632
v -0.01053952 0.02403273 0.06956632
v -0.01053952 0.02403273 0.06956632
v -0.01164765 0.02150429 0.06779088
v -0.01164765 0.02150429 0.06779088
v -0.01164765 0.02150429 0.06779088
v -0.01164765 0.02150429 0.06779088
v -0.01164765 0.02150429 0.06779088
v -0.01164765 0.02150429 0.06779088
v -0.01164765 0.02150429 0.06779088
v -0.01244420 0.01644307 0.06612117
v -0.01244420 0.01644307 0.06612117
v -0.01244420 0.01644307 0.06612117
v -0.01244420 0.01644307 0.06612117
v -0.01244420 0.01644307 0.06612117
v -0.01244420 0.01644307 0.06612117
v -0.01299386 0.01391463 0.06473341
v -0.01299386 0.01391463 0.06473341
v -0.01299386 0.01391463 0.06473341
v -0.01299386 0.01391463 0.06473341
v -0.01299386 0.01391463 0.06473341
v -0.01367578 0.01138619 0.06273329
v -0.01367578 0.01138619 0.06273329
v -0.01367578 0.01138619 0.06273329
v -0.01367578 0.01138619 0.06273329
v -0.01367578 0.01138619 0.06273329
v -0.01367578 0.01138619 0.06273329
v -0.01367578 0.01138619 0.06273329
v -0.01367578 0.01138619 0.06273329
v -0.01403438 0.00498690 0.06020449
v -0.01403438 0.00498690 0.06020449
v -0.01403438 0.00498690 0.06020449
v -0.01403438 0.00498690 0.06020449
v -0.00525168 0.04173614 0.07420979
v -0.00525168 0.04173614 0.07420979
v -0.00525168 0.04173614 0.07420979
v -0.00525168 0.04173614 0.07420979
v -0.00525168 0.04173614 0.07420979
v -0.00526638 0.03920770 0.07421860
v -0.00526638 0.03920770 0.07421860
v -0.00526638 0.03920770 0.07421860
v -0.00526638 0.03920770 0.07421860
v -0.00526638 0.03920770 0.07421860
v -0.00653323 0.03920770 0.07349608
v -0.00653323 0.03920770 0.07349608
v -0.00653323 0.03920770 0.07349608
v -0.00653323 0.03920770 0.07349608
v -0.00653323 0.03920770 0.07349608
v -0.00653323 0.03920770 0.07349608
v -0.00653323 0.03920770 0.07349608
v 0.01374809 0.01391463 0.06273329
v 0.01374809 0.01391463 0.06273329
v 0.01374809 0.01391463 0.06273329
v 0.01374809 0.01391463 0.06273329
v 0.01374809 0.01391463 0.06273329
v 0.01303383 0.01644307 0.06485677
v 0.01303383 0.01644307 0.06485677
v 0.01303383 0.01644307 0.06485677
v 0.01303383 0.01644307 0.06485677
v 0.01303383 0.01644307 0.06485677
v 0.01303383 0.01644307 0.06485677
v 0.01370106 0.00498690 0.06138959
v 0.01370106 0.00498690 0.06138959
v 0.01370106 0.00498690 0.06138959
v 0.01403614 0.00498690 0.06020449
v 0.01403614 0.00498690 0.06020449
v 0.01403614 0.00498690 0.06020449
v 0.01403614 0.00498690 0.06020449
v 0.01437122 0.01138619 0.06020449
v 0.01437122 0.01138619 0.06020449
v 0.01437122 0.01138619 0.06020449
v 0.01437122 0.01138619 0.06020449
v 0.01437122 0.01138619 0.06020449
v 0.01437122 0.01138619 0.06020449
v 0.01437122 0.01138619 0.06020449
v 0.01437122 0.01138619 0.06020449
v 0.01437122 0.01138619 0.06020449
v 0.01437122 0.01138619 0.06020449
v 0.01250475 0.01897585 0.06622690
v 0.01250475 0.01897585 0.06622690
v 0.01250475 0.01897585 0.06622690
v 0.01250475 0.01897585 0.06622690
v 0.01250475 0.01897585 0.06622690
v 0.00954780 0.03161804 0.07098932
v 0.00954780 0.03161804 0.07098932
v 0.00954780 0.03161804 0.07098932
v 0.00954780 0.03161804 0.07098932
v 0.00954780 0.03161804 0.07098932
v 0.00954780 0.03161804 0.07098932
v 0.00833974 0.03667926 0.07222288
v 0.00833974 0.03667926 0.07222288
v 0.00833974 0.03667926 0.07222288
v 0.00833974 0.03667926 0.07222288
v 0.00833974 0.03667926 0.07222288
v 0.00833974 0.03667926 0.07222288
v 0.00958307 0.03414648 0.07101575
v 0.00958307 0.03414648 0.07101575
v 0.00958307 0.03414648 0.07101575
v 0.00958307 0.03414648 0.07101575
v 0.00958307 0.03414648 0.07101575
v 0.00958307 0.03414648 0.07101575
v 0.00958307 0.03414648 0.07101575
v 0.01058244 0.02656116 0.06963240
v 0.01058244 0.02656116 0.06963240
v 0.01058244 0.02656116 0.06963240
v 0.01058244 0.02656116 0.06963240
v 0.01058244 0.02656116 0.06963240
v 0.01058244 0.02656116 0.06963240
v 0.01174053 0.02403273 0.06779088
v 0.01174053 0.02403273 0.06779088
v 0.01174053 0.02403273 0.06779088
v 0.01174053 0.02403273 0.06779088
v 0.01174053 0.02403273 0.06779088
v 0.01174053 0.02403273 0.06779088
v 0.01255178 0.02150429 0.06631501
v 0.01255178 0.02150429 0.06631501
v 0.01255178 0.02150429 0.06631501
v 0.01255178 0.02150429 0.06631501
v 0.01255178 0.02150429 0.06631501
v 0.01255178 0.02150429 0.06631501
v 0.00834855 0.03920770 0.07223169
v 0.00834855 0.03920770 0.07223169
v 0.00834855 0.03920770 0.07223169
v 0.00834855 0.03920770 0.07223169
v 0.00834855 0.03920770 0.07223169
v 0.00833974 0.04173614 0.07222728
v 0.00833974 0.04173614 0.07222728
v 0.00833974 0.04173614 0.07222728
v 0.00833974 0.04173614 0.07222728
v 0.00833974 0.04173614 0.07222728
v 0.00833974 0.04173614 0.07222728
v 0.00833974 0.04173614 0.07222728
v 0.00651442 0.04173614 0.07349168
v 0.00651442 0.04173614 0.07349168
v 0.00651442 0.04173614 0.07349168
v 0.00651442 0.04173614 0.07349168
v 0.00651442 0.04173614 0.07349168
v 0.00651442 0.04173614 0.07349168
v 0.00651442 0.04173614 0.07349168
v 0.00519760 0.04426457 0.07418776
v 0.00519760 0.04426457 0.07418776
v 0.00519760 0.04426457 0.07418776
v 0.00519760 0.04426457 0.07418776
v 0.00519760 0.04426457 0.07418776
v 0.00519760 0.04426457 0.07418776
v 0.00379261 0.04426457 0.07460629
v 0.00379261 0.04426457 0.07460629
v 0.00379261 0.04426457 0.07460629
v 0.00379261 0.04426457 0.07460629
v 0.00379261 0.04426457 0.07460629
v 0.00126479 0.04426457 0.07508649
v 0.00126479 0.04426457 0.07508649
v 0.00126479 0.04426457 0.07508649
v 0.00126479 0.04426457 0.07508649
v 0.00126479 0.04426457 0.07508649
v -0.00126303 0.04426457 0.07508649
v -0.00126303 0.04426457 0.07508649
v -0.00126303 0.04426457 0.07508649
v -0.00126303 0.04426457 0.07508649
v -0.00379378 0.04426457 0.07461069
v -0.00379378 0.04426457 0.07461069
v -0.00379378 0.04426457 0.07461069
v -0.00379378 0.04426457 0.07461069
v -0.00379378 0.04426457 0.07461069
v -0.00379378 0.04426457 0.07461069
v -0.00379378 0.04426457 0.07461069
v -0.00379378 0.04426457 0.07461069
v -0.00519878 0.04426457 0.07418776
v -0.00519878 0.04426457 0.07418776
v -0.00519878 0.04426457 0.07418776
v -0.00519878 0.04426457 0.07418776
v -0.00519878 0.04426457 0.07418776
v -0.00519878 0.04426457 0.07418776
v -0.00834091 0.03667926 0.07222288
v -0.00834091 0.03667926 0.07222288
v -0.00834091 0.03667926 0.07222288
v -0.00834091 0.03667926 0.07222288
v -0.00834091 0.03667926 0.07222288
v -0.00958130 0.03414648 0.07101575
v -0.00958130 0.03414648 0.07101575
v -0.00958130 0.03414648 0.07101575
v -0.00958130 0.03414648 0.07101575
v -0.00958130 0.03414648 0.07101575
v -0.00958130 0.03414648 0.07101575
v -0.00954603 0.03161804 0.07098932
v -0.00954603 0.03161804 0.07098932
v -0.00954603 0.03161804 0.07098932
v -0.00954603 0.03161804 0.07098932
v -0.00954603 0.03161804 0.07098932
v -0.00954603 0.03161804 0.07098932
v -0.01058361 0.02656116 0.06963240
v -0.01058361 0.02656116 0.06963240
v -0.01058361 0.02656116 0.06963240
v -0.01058361 0.02656116 0.06963240
v -0.01058361 0.02656116 0.06963240
v -0.01058361 0.02656116 0.06963240
v -0.01174171 0.02403273 0.06779088
v -0.01174171 0.02403273 0.06779088
v -0.01174171 0.02403273 0.06779088
v -0.01174171 0.02403273 0.06779088
v -0.01174171 0.02403273 0.06779088
v -0.01255296 0.02150429 0.06631942
v -0.01255296 0.02150429 0.06631942
v -0.01255296 0.02150429 0.06631942
v -0.01255296 0.02150429 0.06631942
v -0.01255296 0.02150429 0.06631942
v -0.01255296 0.02150429 0.06631942
v -0.01255296 0.02150429 0.06631942
v -0.01255296 0.02150429 0.06631942
v -0.01250593 0.01897585 0.06622690
v -0.01250593 0.01897585 0.06622690
v -0.01250593 0.01897585 0.06622690
v -0.01250593 0.01897585 0.06622690
v -0.01250593 0.01897585 0.06622690
v -0.01303501 0.01644307 0.06485677
v -0.01303501 0.01644307 0.06485677
v -0.01303501 0.01644307 0.06485677
v -0.01303501 0.01644307 0.06485677
v -0.01303501 0.01644307 0.06485677
v -0.01303501 0.01644307 0.06485677
v -0.01374926 0.01391463 0.06273329
v -0.01374926 0.01391463 0.06273329
v -0.01374926 0.01391463 0.06273329
v -0.01374926 0.01391463 0.06273329
v -0.01374926 0.01391463 0.06273329
v -0.01437240 0.01138619 0.06020449
v -0.01437240 0.01138619 0.06020449
v -0.01437240 0.01138619 0.06020449
v -0.01437240 0.01138619 0.06020449
v -0.01437240 0.01138619 0.06020449
v -0.01437240 0.01138619 0.06020449
v -0.01437240 0.01138619 0.06020449
v -0.01437240 0.01138619 0.06020449
v -0.01437240 0.01138619 0.06020449
v -0.01437240 0.01138619 0.06020449
v -0.01437240 0.01138619 0.06020449
v -0.01425483 0.00498690 0.05901499
v -0.01425483 0.00498690 0.05901499
v -0.01425483 0.00498690 0.05901499
v -0.00651559 0.04173614 0.07349168
v -0.00651559 0.04173614 0.07349168
v -0.00651559 0.04173614 0.07349168
v -0.00651559 0.04173614 0.07349168
v -0.00651559 0.04173614 0.07349168
v -0.00651559 0.04173614 0.07349168
v -0.00651559 0.04173614 0.07349168
v -0.00834091 0.04173614 0.07222728
v -0.00834091 0.04173614 0.07222728
v -0.00834091 0.04173614 0.07222728
v -0.00834091 0.04173614 0.07222728
v -0.00834091 0.04173614 0.07222728
v -0.00834091 0.04173614 0.07222728
v -0.00834973 0.03920770 0.07223169
v -0.00834973 0.03920770 0.07223169
v -0.00834973 0.03920770 0.07223169
v -0.00834973 0.03920770 0.07223169
v -0.00834973 0.03920770 0.07223169
v 0.01380393 0.01644307 0.06273329
v 0.01380393 0.01644307 0.06273329
v 0.01380393 0.01644307 0.06273329
v 0.01380393 0.01644307 0.06273329
v 0.01380393 0.01644307 0.06273329
v 0.01306322 0.01897585 0.06496251
v 0.01306322 0.01897585 0.06496251
v 0.01306322 0.01897585 0.06496251
v 0.01306322 0.01897585 0.06496251
v 0.01306322 0.01897585 0.06496251
v 0.01306322 0.01897585 0.06496251
v 0.01449174 0.00498690 0.05767129
v 0.01449174 0.00498690 0.05767129
v 0.01449174 0.00498690 0.05767129
v 0.01449174 0.00498690 0.05767129
v 0.01473276 0.01138619 0.05767129
v 0.01473276 0.01138619 0.05767129
v 0.01473276 0.01138619 0.05767129
v 0.01473276 0.01138619 0.05767129
v 0.01473276 0.01138619 0.05767129
v 0.01477685 0.01391463 0.05767129
v 0.01477685 0.01391463 0.05767129
v 0.01477685 0.01391463 0.05767129
v 0.01477685 0.01391463 0.05767129
v 0.01477685 0.01391463 0.05767129
v 0.01477685 0.01391463 0.05767129
v 0.01477685 0.01391463 0.05767129
v 0.01477685 0.01391463 0.05767129
v 0.01477685 0.01391463 0.05767129
v 0.01439768 0.01391463 0.06020449
v 0.01439768 0.01391463 0.06020449
v 0.01439768 0.01391463 0.06020449
v 0.01439768 0.01391463 0.06020449
v 0.01387448 0.02150429 0.06273329
v 0.01387448 0.02150429 0.06273329
v 0.01387448 0.02150429 0.06273329
v 0.01387448 0.02150429 0.06273329
v 0.01387448 0.02150429 0.06273329
v 0.01384508 0.01897585 0.06273329
v 0.01384508 0.01897585 0.06273329
v 0.01384508 0.01897585 0.06273329
v 0.01384508 0.01897585 0.06273329
v 0.01384508 0.01897585 0.06273329
v 0.01061477 0.02908960 0.06968087
v 0.01061477 0.02908960 0.06968087
v 0.01061477 0.02908960 0.06968087
v 0.01061477 0.02908960 0.06968087
v 0.01061477 0.02908960 0.06968087
v 0.00960364 0.03667926 0.07103778
v 0.00960364 0.03667926 0.07103778
v 0.00960364 0.03667926 0.07103778
v 0.00960364 0.03667926 0.07103778
v 0.00960364 0.03667926 0.07103778
v 0.00960364 0.03667926 0.07103778
v 0.01063828 0.03161804 0.06972052
v 0.01063828 0.03161804 0.06972052
v 0.01063828 0.03161804 0.06972052
v 0.01063828 0.03161804 0.06972052
v 0.01063828 0.03161804 0.06972052
v 0.01065592 0.03414648 0.06975135
v 0.01065592 0.03414648 0.06975135
v 0.01065592 0.03414648 0.06975135
v 0.01065592 0.03414648 0.06975135
v 0.01065592 0.03414648 0.06975135
v 0.01065592 0.03414648 0.06975135
v 0.01180814 0.02656116 0.06779088
v 0.01180814 0.02656116 0.06779088
v 0.01180814 0.02656116 0.06779088
v 0.01180814 0.02656116 0.06779088
v 0.01180814 0.02656116 0.06779088
v 0.01180814 0.02656116 0.06779088
v 0.01180814 0.02656116 0.06779088
v 0.01258412 0.02403273 0.06638110
v 0.01258412 0.02403273 0.06638110
v 0.01258412 0.02403273 0.06638110
v 0.01258412 0.02403273 0.06638110
v 0.01258412 0.02403273 0.06638110
v 0.01258412 0.02403273 0.06638110
v 0.01258412 0.02403273 0.06638110
v 0.00961246 0.03920770 0.07104218
v 0.00961246 0.03920770 0.07104218
v 0.00961246 0.03920770 0.07104218
v 0.00961246 0.03920770 0.07104218
v 0.00961246 0.03920770 0.07104218
v 0.00961246 0.03920770 0.07104218
v 0.00961246 0.03920770 0.07104218
v 0.00960364 0.04173614 0.07102456
v 0.00960364 0.04173614 0.07102456
v 0.00960364 0.04173614 0.07102456
v 0.00960364 0.04173614 0.07102456
v 0.00960364 0.04173614 0.07102456
v 0.00957719 0.04426457 0.07099372
v 0.00957719 0.04426457 0.07099372
v 0.00957719 0.04426457 0.07099372
v 0.00957719 0.04426457 0.07099372
v 0.00957719 0.04426457 0.07099372
v 0.00957719 0.04426457 0.07099372
v 0.00957719 0.04426457 0.07099372
v 0.00831034 0.04426457 0.07219644
v 0.00831034 0.04426457 0.07219644
v 0.00831034 0.04426457 0.07219644
v 0.00831034 0.04426457 0.07219644
v 0.00831034 0.04426457 0.07219644
v 0.00646445 0.04426457 0.07346525
v 0.00646445 0.04426457 0.07346525
v 0.00646445 0.04426457 0.07346525
v 0.00646445 0.04426457 0.07346525
v 0.00646445 0.04426457 0.07346525
v 0.00646445 0.04426457 0.07346525
v 0.00510942 0.04679735 0.07414371
v 0.00510942 0.04679735 0.07414371
v 0.00510942 0.04679735 0.07414371
v 0.00510942 0.04679735 0.07414371
v 0.00510942 0.04679735 0.07414371
v 0.00510942 0.04679735 0.07414371
v 0.00379261 0.04679735 0.07452699
v 0.00379261 0.04679735 0.07452699
v 0.00379261 0.04679735 0.07452699
v 0.00379261 0.04679735 0.07452699
v 0.00379261 0.04679735 0.07452699
v 0.00379261 0.04679735 0.07452699
v 0.00379261 0.04679735 0.07452699
v 0.00126479 0.04679735 0.07500720
v 0.00126479 0.04679735 0.07500720
v 0.00126479 0.04679735 0.07500720
v 0.00126479 0.04679735 0.07500720
v 0.00126479 0.04679735 0.07500720
v -0.00126303 0.04679735 0.07501160
v -0.00126303 0.04679735 0.07501160
v -0.00126303 0.04679735 0.07501160
v -0.00126303 0.04679735 0.07501160
v -0.00126303 0.04679735 0.07501160
v -0.00126303 0.04679735 0.07501160
v -0.00126303 0.04679735 0.07501160
v -0.00379378 0.04679735 0.07452699
v -0.00379378 0.04679735 0.07452699
v -0.00379378 0.04679735 0.07452699
v -0.00379378 0.04679735 0.07452699
v -0.00379378 0.04679735 0.07452699
v -0.00379378 0.04679735 0.07452699
v -0.00505769 0.04807026 0.07411727
v -0.00505769 0.04807026 0.07411727
v -0.00505769 0.04807026 0.07411727
v -0.00505769 0.04807026 0.07411727
v -0.00505769 0.04807026 0.07411727
v -0.00505769 0.04807026 0.07411727
v -0.00505769 0.04807026 0.07411727
v -0.00505769 0.04807026 0.07411727
v -0.00511060 0.04679735 0.07414371
v -0.00511060 0.04679735 0.07414371
v -0.00511060 0.04679735 0.07414371
v -0.00511060 0.04679735 0.07414371
v -0.00511060 0.04679735 0.07414371
v -0.00646268 0.04426457 0.07346525
v -0.00646268 0.04426457 0.07346525
v -0.00646268 0.04426457 0.07346525
v -0.00646268 0.04426457 0.07346525
v -0.00646268 0.04426457 0.07346525
v -0.00646268 0.04426457 0.07346525
v -0.00960482 0.03667926 0.07103778
v -0.00960482 0.03667926 0.07103778
v -0.00960482 0.03667926 0.07103778
v -0.00960482 0.03667926 0.07103778
v -0.00960482 0.03667926 0.07103778
v -0.00960482 0.03667926 0.07103778
v -0.01065710 0.03414648 0.06975135
v -0.01065710 0.03414648 0.06975135
v -0.01065710 0.03414648 0.06975135
v -0.01065710 0.03414648 0.06975135
v -0.01065710 0.03414648 0.06975135
v -0.01065710 0.03414648 0.06975135
v -0.01063946 0.03161804 0.06972052
v -0.01063946 0.03161804 0.06972052
v -0.01063946 0.03161804 0.06972052
v -0.01063946 0.03161804 0.06972052
v -0.01063946 0.03161804 0.06972052
v -0.01061594 0.02908960 0.06968087
v -0.01061594 0.02908960 0.06968087
v -0.01061594 0.02908960 0.06968087
v -0.01061594 0.02908960 0.06968087
v -0.01061594 0.02908960 0.06968087
v -0.01180931 0.02656116 0.06779088
v -0.01180931 0.02656116 0.06779088
v -0.01180931 0.02656116 0.06779088
v -0.01180931 0.02656116 0.06779088
v -0.01180931 0.02656116 0.06779088
v -0.01180931 0.02656116 0.06779088
v -0.01180931 0.02656116 0.06779088
v -0.01180931 0.02656116 0.06779088
v -0.01258235 0.02403273 0.06638110
v -0.01258235 0.02403273 0.06638110
v -0.01258235 0.02403273 0.06638110
v -0.01258235 0.02403273 0.06638110
v -0.01308498 0.02150429 0.06505062
v -0.01308498 0.02150429 0.06505062
v -0.01308498 0.02150429 0.06505062
v -0.01308498 0.02150429 0.06505062
v -0.01308498 0.02150429 0.06505062
v -0.01308498 0.02150429 0.06505062
v -0.01308498 0.02150429 0.06505062
v -0.01306440 0.01897585 0.06496251
v -0.01306440 0.01897585 0.06496251
v -0.01306440 0.01897585 0.06496251
v -0.01306440 0.01897585 0.06496251
v -0.01306440 0.01897585 0.06496251
v -0.01380217 0.01644307 0.06273329
v -0.01380217 0.01644307 0.06273329
v -0.01380217 0.01644307 0.06273329
v -0.01380217 0.01644307 0.06273329
v -0.01380217 0.01644307 0.06273329
v -0.01439885 0.01391463 0.06020449
v -0.01439885 0.01391463 0.06020449
v -0.01439885 0.01391463 0.06020449
v -0.01439885 0.01391463 0.06020449
v -0.01439885 0.01391463 0.06020449
v -0.01477803 0.01391463 0.05767129
v -0.01477803 0.01391463 0.05767129
v -0.01477803 0.01391463 0.05767129
v -0.01477803 0.01391463 0.05767129
v -0.01477803 0.01391463 0.05767129
v -0.01477803 0.01391463 0.05767129
v -0.01477803 0.01391463 0.05767129
v -0.01477803 0.01391463 0.05767129
v -0.01477803 0.01391463 0.05767129
v -0.01473393 0.01138619 0.05767129
v -0.01473393 0.01138619 0.05767129
v -0.01473393 0.01138619 0.05767129
v -0.01473393 0.01138619 0.05767129
v -0.01473393 0.01138619 0.05767129
v -0.01473393 0.01138619 0.05767129
v -0.01448997 0.00498690 0.05767129
v -0.01448997 0.00498690 0.05767129
v -0.01448997 0.00498690 0.05767129
v -0.01448997 0.00498690 0.05767129
v -0.01384626 0.01897585 0.06273329
v -0.01384626 0.01897585 0.06273329
v -0.01384626 0.01897585 0.06273329
v -0.01384626 0.01897585 0.06273329
v -0.01384626 0.01897585 0.06273329
v -0.01387565 0.02150429 0.06273329
v -0.01387565 0.02150429 0.06273329
v -0.01387565 0.02150429 0.06273329
v -0.01387565 0.02150429 0.06273329
v -0.01387565 0.02150429 0.06273329
v -0.01387565 0.02150429 0.06273329
v -0.00831152 0.04426457 0.07219644
v -0.00831152 0.04426457 0.07219644
v -0.00831152 0.04426457 0.07219644
v -0.00831152 0.04426457 0.07219644
v -0.00831152 0.04426457 0.07219644
v -0.00831152 0.04426457 0.07219644
v -0.00960482 0.04173614 0.07102897
v -0.00960482 0.04173614 0.07102897
v -0.00960482 0.04173614 0.07102897
v -0.00960482 0.04173614 0.07102897
v -0.00960482 0.04173614 0.07102897
v -0.00960482 0.04173614 0.07102897
v -0.00960482 0.04173614 0.07102897
v -0.00961364 0.03920770 0.07104218
v -0.00961364 0.03920770 0.07104218
v -0.00961364 0.03920770 0.07104218
v -0.00961364 0.03920770 0.07104218
v -0.00961364 0.03920770 0.07104218
v -0.00961364 0.03920770 0.07104218
v 0.01308380 0.02150429 0.06505062
v 0.01308380 0.02150429 0.06505062
v 0.01308380 0.02150429 0.06505062
v 0.01308380 0.02150429 0.06505062
v 0.01308380 0.02150429 0.06505062
v 0.01472982 0.00498690 0.05514250
v 0.01472982 0.00498690 0.05514250
v 0.01472982 0.00498690 0.05514250
v 0.01472982 0.00498690 0.05514250
v 0.01497084 0.01644307 0.05514250
v 0.01497084 0.01644307 0.05514250
v 0.01497084 0.01644307 0.05514250
v 0.01497084 0.01644307 0.05514250
v 0.01497084 0.01644307 0.05514250
v 0.01497084 0.01644307 0.05514250
v 0.01497084 0.01644307 0.05514250
v 0.01497084 0.01644307 0.05514250
v 0.01497084 0.01644307 0.05514250
v 0.01497084 0.01644307 0.05514250
v 0.01445352 0.02150429 0.06020449
v 0.01445352 0.02150429 0.06020449
v 0.01445352 0.02150429 0.06020449
v 0.01445352 0.02150429 0.06020449
v 0.01445352 0.02150429 0.06020449
v 0.01445352 0.02150429 0.06020449
v 0.01443883 0.01897585 0.06020449
v 0.01443883 0.01897585 0.06020449
v 0.01443883 0.01897585 0.06020449
v 0.01443883 0.01897585 0.06020449
v 0.01442119 0.01644307 0.06020449
v 0.01442119 0.01644307 0.06020449
v 0.01442119 0.01644307 0.06020449
v 0.01442119 0.01644307 0.06020449
v 0.01499142 0.01897585 0.05514250
v 0.01499142 0.01897585 0.05514250
v 0.01499142 0.01897585 0.05514250
v 0.01499142 0.01897585 0.05514250
v 0.01499142 0.01897585 0.05514250
v 0.01478861 0.01644307 0.05767129
v 0.01478861 0.01644307 0.05767129
v 0.01389799 0.02403273 0.06273329
v 0.01389799 0.02403273 0.06273329
v 0.01389799 0.02403273 0.06273329
v 0.01389799 0.02403273 0.06273329
v 0.01389799 0.02403273 0.06273329
v 0.01389799 0.02403273 0.06273329
v 0.01389799 0.02403273 0.06273329
v 0.01389799 0.02403273 0.06273329
v 0.01310144 0.02403273 0.06511670
v 0.01310144 0.02403273 0.06511670
v 0.01310144 0.02403273 0.06511670
v 0.01310144 0.02403273 0.06511670
v 0.01310144 0.02403273 0.06511670
v 0.01310144 0.02403273 0.06511670
v 0.01310144 0.02403273 0.06511670
v 0.01310144 0.02403273 0.06511670
v 0.01066768 0.03667926 0.06977338
v 0.01066768 0.03667926 0.06977338
v 0.01066768 0.03667926 0.06977338
v 0.01066768 0.03667926 0.06977338
v 0.01066768 0.03667926 0.06977338
v 0.01066768 0.03667926 0.06977338
v 0.01066768 0.03667926 0.06977338
v 0.01185516 0.02908960 0.06779088
v 0.01185516 0.02908960 0.06779088
v 0.01185516 0.02908960 0.06779088
v 0.01185516 0.02908960 0.06779088
v 0.01185516 0.02908960 0.06779088
v 0.01185516 0.02908960 0.06779088
v 0.01188750 0.03161804 0.06779088
v 0.01188750 0.03161804 0.06779088
v 0.01188750 0.03161804 0.06779088
v 0.01188750 0.03161804 0.06779088
v 0.01188750 0.03161804 0.06779088
v 0.01260763 0.02656116 0.06642956
v 0.01260763 0.02656116 0.06642956
v 0.01260763 0.02656116 0.06642956
v 0.01260763 0.02656116 0.06642956
v 0.01260763 0.02656116 0.06642956
v 0.01066474 0.03920770 0.06977338
v 0.01066474 0.03920770 0.06977338
v 0.01066474 0.03920770 0.06977338
v 0.01066474 0.03920770 0.06977338
v 0.01066474 0.03920770 0.06977338
v 0.01065298 0.04173614 0.06976017
v 0.01065298 0.04173614 0.06976017
v 0.01065298 0.04173614 0.06976017
v 0.01065298 0.04173614 0.06976017
v 0.01065298 0.04173614 0.06976017
v 0.01065298 0.04173614 0.06976017
v 0.00952428 0.04679735 0.07094086
v 0.00952428 0.04679735 0.07094086
v 0.00952428 0.04679735 0.07094086
v 0.00952428 0.04679735 0.07094086
v 0.00952428 0.04679735 0.07094086
v 0.00952428 0.04679735 0.07094086
v 0.00952428 0.04679735 0.07094086
v 0.00826037 0.04679735 0.07215239
v 0.00826037 0.04679735 0.07215239
v 0.00826037 0.04679735 0.07215239
v 0.00826037 0.04679735 0.07215239
v 0.00826037 0.04679735 0.07215239
v 0.00826037 0.04679735 0.07215239
v 0.01062653 0.04426457 0.06972932
v 0.01062653 0.04426457 0.06972932
v 0.01062653 0.04426457 0.06972932
v 0.01062653 0.04426457 0.06972932
v 0.01062653 0.04426457 0.06972932
v 0.01062653 0.04426457 0.06972932
v 0.01058832 0.04679735 0.06967646
v 0.01058832 0.04679735 0.06967646
v 0.01058832 0.04679735 0.06967646
v 0.01058832 0.04679735 0.06967646
v 0.01058832 0.04679735 0.06967646
v 0.01058832 0.04679735 0.06967646
v 0.00637627 0.04679735 0.07341678
v 0.00637627 0.04679735 0.07341678
v 0.00637627 0.04679735 0.07341678
v 0.00637627 0.04679735 0.07341678
v 0.00637627 0.04679735 0.07341678
v 0.00637627 0.04679735 0.07341678
v 0.00505945 0.04807026 0.07411727
v 0.00505945 0.04807026 0.07411727
v 0.00505945 0.04807026 0.07411727
v 0.00505945 0.04807026 0.07411727
v 0.00505945 0.04807026 0.07411727
v 0.00505945 0.04807026 0.07411727
v 0.00505945 0.04807026 0.07411727
v 0.00505945 0.04807026 0.07411727
v 0.00505945 0.04807026 0.07411727
v 0.00394839 0.04907816 0.07437720
v 0.00394839 0.04907816 0.07437720
v 0.00394839 0.04907816 0.07437720
v 0.00389254 0.04936055 0.07437720
v 0.00389254 0.04936055 0.07437720
v 0.00389254 0.04936055 0.07437720
v 0.00389254 0.04936055 0.07437720
v 0.00389254 0.04936055 0.07437720
v 0.00389254 0.04936055 0.07437720
v 0.00389254 0.04936055 0.07437720
v 0.00389254 0.04936055 0.07437720
v 0.00389254 0.04936055 0.07437720
v 0.00389254 0.04936055 0.07437720
v 0.00389254 0.04936055 0.07437720
v 0.00389254 0.04936055 0.07437720
v 0.00129418 0.04936055 0.07489265
v 0.00129418 0.04936055 0.07489265
v 0.00129418 0.04936055 0.07489265
v 0.00129418 0.04936055 0.07489265
v 0.00126479 0.04936055 0.07489706
v 0.00126479 0.04936055 0.07489706
v 0.00126479 0.04936055 0.07489706
v 0.00126479 0.04936055 0.07489706
v 0.00126479 0.04936055 0.07489706
v -0.00126303 0.04936055 0.07489706
v -0.00126303 0.04936055 0.07489706
v -0.00126303 0.04936055 0.07489706
v -0.00126303 0.04936055 0.07489706
v -0.00389078 0.04936055 0.07437720
v -0.00389078 0.04936055 0.07437720
v -0.00389078 0.04936055 0.07437720
v -0.00389078 0.04936055 0.07437720
v -0.00394957 0.04907816 0.07437720
v -0.00394957 0.04907816 0.07437720
v -0.00394957 0.04907816 0.07437720
v -0.00394957 0.04907816 0.07437720
v -0.00493424 0.04936055 0.07407762
v -0.00493424 0.04936055 0.07407762
v -0.00493424 0.04936055 0.07407762
v -0.00493424 0.04936055 0.07407762
v -0.00609527 0.04936055 0.07343881
v -0.00609527 0.04936055 0.07343881
v -0.00609527 0.04936055 0.07343881
v -0.00609527 0.04936055 0.07343881
v -0.00606882 0.04907816 0.07347406
v -0.00606882 0.04907816 0.07347406
v -0.00606882 0.04907816 0.07347406
v -0.00606882 0.04907816 0.07347406
v -0.00637451 0.04679735 0.07341678
v -0.00637451 0.04679735 0.07341678
v -0.00637451 0.04679735 0.07341678
v -0.00637451 0.04679735 0.07341678
v -0.00637451 0.04679735 0.07341678
v -0.00637451 0.04679735 0.07341678
v -0.00826155 0.04679735 0.07215239
v -0.00826155 0.04679735 0.07215239
v -0.00826155 0.04679735 0.07215239
v -0.00826155 0.04679735 0.07215239
v -0.00826155 0.04679735 0.07215239
v -0.00826155 0.04679735 0.07215239
v -0.00826155 0.04679735 0.07215239
v -0.00826155 0.04679735 0.07215239
v -0.01066885 0.03667926 0.06977338
v -0.01066885 0.03667926 0.06977338
v -0.01066885 0.03667926 0.06977338
v -0.01066885 0.03667926 0.06977338
v -0.01066885 0.03667926 0.06977338
v -0.01066885 0.03667926 0.06977338
v -0.01066885 0.03667926 0.06977338
v -0.01188867 0.03161804 0.06779088
v -0.01188867 0.03161804 0.06779088
v -0.01188867 0.03161804 0.06779088
v -0.01188867 0.03161804 0.06779088
v -0.01188867 0.03161804 0.06779088
v -0.01188867 0.03161804 0.06779088
v -0.01185634 0.02908960 0.06779088
v -0.01185634 0.02908960 0.06779088
v -0.01185634 0.02908960 0.06779088
v -0.01185634 0.02908960 0.06779088
v -0.01185634 0.02908960 0.06779088
v -0.01185634 0.02908960 0.06779088
v -0.01260587 0.02656116 0.06642956
v -0.01260587 0.02656116 0.06642956
v -0.01260587 0.02656116 0.06642956
v -0.01260587 0.02656116 0.06642956
v -0.01260587 0.02656116 0.06642956
v -0.01260587 0.02656116 0.06642956
v -0.01309967 0.02403273 0.06511670
v -0.01309967 0.02403273 0.06511670
v -0.01309967 0.02403273 0.06511670
v -0.01309967 0.02403273 0.06511670
v -0.01309967 0.02403273 0.06511670
v -0.01309967 0.02403273 0.06511670
v -0.01441943 0.01644307 0.06020449
v -0.01441943 0.01644307 0.06020449
v -0.01441943 0.01644307 0.06020449
v -0.01441943 0.01644307 0.06020449
v -0.01389917 0.02403273 0.06273329
v -0.01389917 0.02403273 0.06273329
v -0.01389917 0.02403273 0.06273329
v -0.01389917 0.02403273 0.06273329
v -0.01389917 0.02403273 0.06273329
v -0.01389917 0.02403273 0.06273329
v -0.01389917 0.02403273 0.06273329
v -0.01389917 0.02403273 0.06273329
v -0.01389917 0.02403273 0.06273329
v -0.01443706 0.01897585 0.06020449
v -0.01443706 0.01897585 0.06020449
v -0.01443706 0.01897585 0.06020449
v -0.01443706 0.01897585 0.06020449
v -0.01445176 0.02150429 0.06020449
v -0.01445176 0.02150429 0.06020449
v -0.01445176 0.02150429 0.06020449
v -0.01445176 0.02150429 0.06020449
v -0.01445176 0.02150429 0.06020449
v -0.01478978 0.01644307 0.05767129
v -0.01478978 0.01644307 0.05767129
v -0.01478978 0.01644307 0.05767129
v -0.01478978 0.01644307 0.05767129
v -0.01499259 0.01897585 0.05514250
v -0.01499259 0.01897585 0.05514250
v -0.01499259 0.01897585 0.05514250
v -0.01499259 0.01897585 0.05514250
v -0.01499259 0.01897585 0.05514250
v -0.01499259 0.01897585 0.05514250
v -0.01497202 0.01644307 0.05514250
v -0.01497202 0.01644307 0.05514250
v -0.01497202 0.01644307 0.05514250
v -0.01497202 0.01644307 0.05514250
v -0.01497202 0.01644307 0.05514250
v -0.01497202 0.01644307 0.05514250
v -0.01497202 0.01644307 0.05514250
v -0.01473100 0.00498690 0.05514250
v -0.01473100 0.00498690 0.05514250
v -0.01473100 0.00498690 0.05514250
v -0.01473100 0.00498690 0.05514250
v -0.01460754 0.00498690 0.05648620
v -0.01460754 0.00498690 0.05648620
v -0.01460754 0.00498690 0.05648620
v -0.01310849 0.02656116 0.06516516
v -0.01310849 0.02656116 0.06516516
v -0.01310849 0.02656116 0.06516516
v -0.01310849 0.02656116 0.06516516
v -0.01310849 0.02656116 0.06516516
v -0.01310849 0.02656116 0.06516516
v -0.00957543 0.04426457 0.07099372
v -0.00957543 0.04426457 0.07099372
v -0.00957543 0.04426457 0.07099372
v -0.00957543 0.04426457 0.07099372
v -0.00957543 0.04426457 0.07099372
v -0.00957543 0.04426457 0.07099372
v -0.01062770 0.04426457 0.06972932
v -0.01062770 0.04426457 0.06972932
v -0.01062770 0.04426457 0.06972932
v -0.01062770 0.04426457 0.06972932
v -0.01062770 0.04426457 0.06972932
v -0.01062770 0.04426457 0.06972932
v -0.01065416 0.04173614 0.06976017
v -0.01065416 0.04173614 0.06976017
v -0.01065416 0.04173614 0.06976017
v -0.01065416 0.04173614 0.06976017
v -0.01065416 0.04173614 0.06976017
v -0.01066591 0.03920770 0.06977778
v -0.01066591 0.03920770 0.06977778
v -0.01066591 0.03920770 0.06977778
v -0.01066591 0.03920770 0.06977778
v -0.01066591 0.03920770 0.06977778
v -0.01066591 0.03920770 0.06977778
v 0.01478567 0.00498690 0.05380321
v 0.01478567 0.00498690 0.05380321
v 0.01478567 0.00498690 0.05380321
v 0.01482976 0.00498690 0.05261811
v 0.01482976 0.00498690 0.05261811
v 0.01482976 0.00498690 0.05261811
v 0.01485327 0.00498690 0.05127441
v 0.01485327 0.00498690 0.05127441
v 0.01485327 0.00498690 0.05127441
v 0.01487385 0.00498690 0.05008931
v 0.01487385 0.00498690 0.05008931
v 0.01487385 0.00498690 0.05008931
v 0.01488266 0.00498690 0.04874562
v 0.01488266 0.00498690 0.04874562
v 0.01488266 0.00498690 0.04874562
v 0.01488560 0.00498690 0.04756052
v 0.01488560 0.00498690 0.04756052
v 0.01488560 0.00498690 0.04756052
v 0.01488560 0.00498690 0.04756052
v 0.01488560 0.00498690 0.04756052
v 0.01488560 0.00498690 0.04756052
v 0.01488560 0.00498690 0.04756052
v 0.01488560 0.00498690 0.04756052
v 0.01480036 0.01897585 0.05767129
v 0.01480036 0.01897585 0.05767129
v 0.01480036 0.01897585 0.05767129
v 0.01480036 0.01897585 0.05767129
v 0.01480036 0.01897585 0.05767129
v 0.01445940 0.02403273 0.06020449
v 0.01445940 0.02403273 0.06020449
v 0.01445940 0.02403273 0.06020449
v 0.01445940 0.02403273 0.06020449
v 0.01390975 0.02656116 0.06273329
v 0.01390975 0.02656116 0.06273329
v 0.01390975 0.02656116 0.06273329
v 0.01390975 0.02656116 0.06273329
v 0.01390975 0.02656116 0.06273329
v 0.01500024 0.02150429 0.05514250
v 0.01500024 0.02150429 0.05514250
v 0.01500024 0.02150429 0.05514250
v 0.01500024 0.02150429 0.05514250
v 0.01500024 0.02150429 0.05514250
v 0.01311319 0.02908960 0.06520481
v 0.01311319 0.02908960 0.06520481
v 0.01311319 0.02908960 0.06520481
v 0.01311319 0.02908960 0.06520481
v 0.01311319 0.02908960 0.06520481
v 0.01311319 0.02908960 0.06520481
v 0.01310731 0.02656116 0.06516516
v 0.01310731 0.02656116 0.06516516
v 0.01310731 0.02656116 0.06516516
v 0.01310731 0.02656116 0.06516516
v 0.01262233 0.02908960 0.06646921
v 0.01262233 0.02908960 0.06646921
v 0.01262233 0.02908960 0.06646921
v 0.01262233 0.02908960 0.06646921
v 0.01262233 0.02908960 0.06646921
v 0.01262233 0.02908960 0.06646921
v 0.01262233 0.02908960 0.06646921
v 0.01262233 0.02908960 0.06646921
v 0.01191101 0.03414648 0.06779088
v 0.01191101 0.03414648 0.06779088
v 0.01191101 0.03414648 0.06779088
v 0.01191101 0.03414648 0.06779088
v 0.01191101 0.03414648 0.06779088
v 0.01191101 0.03414648 0.06779088
v 0.01192277 0.03667926 0.06779088
v 0.01192277 0.03667926 0.06779088
v 0.01192277 0.03667926 0.06779088
v 0.01192277 0.03667926 0.06779088
v 0.01192277 0.03667926 0.06779088
v 0.01192277 0.03667926 0.06779088
v 0.01191395 0.03920770 0.06779088
v 0.01191395 0.03920770 0.06779088
v 0.01191395 0.03920770 0.06779088
v 0.01191395 0.03920770 0.06779088
v 0.01191395 0.03920770 0.06779088
v 0.01191395 0.03920770 0.06779088
v 0.01188456 0.04173614 0.06779088
v 0.01188456 0.04173614 0.06779088
v 0.01188456 0.04173614 0.06779088
v 0.01188456 0.04173614 0.06779088
v 0.01188456 0.04173614 0.06779088
v 0.01188456 0.04173614 0.06779088
v 0.01052953 0.04932579 0.06959716
v 0.01052953 0.04932579 0.06959716
v 0.01052953 0.04932579 0.06959716
v 0.01052953 0.04932579 0.06959716
v 0.01052953 0.04932579 0.06959716
v 0.01052953 0.04932579 0.06959716
v 0.00945962 0.04936055 0.07084394
v 0.00945962 0.04936055 0.07084394
v 0.00945962 0.04936055 0.07084394
v 0.00945962 0.04936055 0.07084394
v 0.00945962 0.04936055 0.07084394
v 0.00945962 0.04936055 0.07084394
v 0.00944492 0.04932579 0.07086155
v 0.00944492 0.04932579 0.07086155
v 0.00944492 0.04932579 0.07086155
v 0.00944492 0.04932579 0.07086155
v 0.00817807 0.04936055 0.07208630
v 0.00817807 0.04936055 0.07208630
v 0.00817807 0.04936055 0.07208630
v 0.00817807 0.04936055 0.07208630
v 0.00817807 0.04936055 0.07208630
v 0.00817807 0.04936055 0.07208630
v 0.00817807 0.04936055 0.07208630
v 0.01183165 0.04426457 0.06779088
v 0.01183165 0.04426457 0.06779088
v 0.01183165 0.04426457 0.06779088
v 0.01183165 0.04426457 0.06779088
v 0.01183165 0.04426457 0.06779088
v 0.01183165 0.04426457 0.06779088
v 0.01175229 0.04679735 0.06779088
v 0.01175229 0.04679735 0.06779088
v 0.01175229 0.04679735 0.06779088
v 0.01175229 0.04679735 0.06779088
v 0.01175229 0.04679735 0.06779088
v 0.01175229 0.04679735 0.06779088
v 0.01175229 0.04679735 0.06779088
v 0.00607058 0.04907816 0.07347406
v 0.00607058 0.04907816 0.07347406
v 0.00607058 0.04907816 0.07347406
v 0.00607058 0.04907816 0.07347406
v 0.00609703 0.04936055 0.07343881
v 0.00609703 0.04936055 0.07343881
v 0.00609703 0.04936055 0.07343881
v 0.00609703 0.04936055 0.07343881
v 0.00609703 0.04936055 0.07343881
v 0.00557677 0.04936055 0.07372077
v 0.00557677 0.04936055 0.07372077
v 0.00557677 0.04936055 0.07372077
v 0.00557677 0.04936055 0.07372077
v 0.00434520 0.04936055 0.07424503
v 0.00434520 0.04936055 0.07424503
v 0.00434520 0.04936055 0.07424503
v -0.00815279 0.04936055 0.07210392
v -0.00815279 0.04936055 0.07210392
v -0.00815279 0.04936055 0.07210392
v -0.00815279 0.04936055 0.07210392
v -0.00815279 0.04936055 0.07210392
v -0.00815279 0.04936055 0.07210392
v -0.00815279 0.04936055 0.07210392
v -0.00817925 0.04932579 0.07208630
v -0.00817925 0.04932579 0.07208630
v -0.00817925 0.04932579 0.07208630
v -0.00817925 0.04932579 0.07208630
v -0.00819688 0.04936055 0.07206868
v -0.00819688 0.04936055 0.07206868
v -0.00819688 0.04936055 0.07206868
v -0.00819688 0.04936055 0.07206868
v -0.00819688 0.04936055 0.07206868
v -0.00819688 0.04936055 0.07206868
v -0.00952546 0.04679735 0.07094086
v -0.00952546 0.04679735 0.07094086
v -0.00952546 0.04679735 0.07094086
v -0.00952546 0.04679735 0.07094086
v -0.00952546 0.04679735 0.07094086
v -0.00952546 0.04679735 0.07094086
v -0.01192394 0.03667926 0.06779088
v -0.01192394 0.03667926 0.06779088
v -0.01192394 0.03667926 0.06779088
v -0.01192394 0.03667926 0.06779088
v -0.01192394 0.03667926 0.06779088
v -0.01192394 0.03667926 0.06779088
v -0.01191219 0.03414648 0.06779088
v -0.01191219 0.03414648 0.06779088
v -0.01191219 0.03414648 0.06779088
v -0.01191219 0.03414648 0.06779088
v -0.01191219 0.03414648 0.06779088
v -0.01263232 0.03161804 0.06649123
v -0.01263232 0.03161804 0.06649123
v -0.01263232 0.03161804 0.06649123
v -0.01263232 0.03161804 0.06649123
v -0.01263232 0.03161804 0.06649123
v -0.01263232 0.03161804 0.06649123
v -0.01263232 0.03161804 0.06649123
v -0.01262056 0.02908960 0.06646480
v -0.01262056 0.02908960 0.06646480
v -0.01262056 0.02908960 0.06646480
v -0.01262056 0.02908960 0.06646480
v -0.01262056 0.02908960 0.06646480
v -0.01262056 0.02908960 0.06646480
v -0.01390798 0.02656116 0.06273329
v -0.01390798 0.02656116 0.06273329
v -0.01390798 0.02656116 0.06273329
v -0.01390798 0.02656116 0.06273329
v -0.01311437 0.02908960 0.06520041
v -0.01311437 0.02908960 0.06520041
v -0.01311437 0.02908960 0.06520041
v -0.01311437 0.02908960 0.06520041
v -0.01311731 0.03161804 0.06522684
v -0.01311731 0.03161804 0.06522684
v -0.01311731 0.03161804 0.06522684
v -0.01311731 0.03161804 0.06522684
v -0.01311731 0.03161804 0.06522684
v -0.01311731 0.03161804 0.06522684
v -0.01311731 0.03161804 0.06522684
v -0.01311731 0.03161804 0.06522684
v -0.01446058 0.02403273 0.06020449
v -0.01446058 0.02403273 0.06020449
v -0.01446058 0.02403273 0.06020449
v -0.01446058 0.02403273 0.06020449
v -0.01446058 0.02403273 0.06020449
v -0.01480742 0.02150429 0.05767129
v -0.01480742 0.02150429 0.05767129
v -0.01480742 0.02150429 0.05767129
v -0.01480742 0.02150429 0.05767129
v -0.01480742 0.02150429 0.05767129
v -0.01480742 0.02150429 0.05767129
v -0.01499847 0.02150429 0.05514250
v -0.01499847 0.02150429 0.05514250
v -0.01499847 0.02150429 0.05514250
v -0.01499847 0.02150429 0.05514250
v -0.01488384 0.00498690 0.04756052
v -0.01488384 0.00498690 0.04756052
v -0.01488384 0.00498690 0.04756052
v -0.01488384 0.00498690 0.04756052
v -0.01488384 0.00498690 0.04756052
v -0.01488384 0.00498690 0.04756052
v -0.01488384 0.00498690 0.04756052
v -0.01488384 0.00498690 0.04756052
v -0.01487208 0.00498690 0.05008931
v -0.01487208 0.00498690 0.05008931
v -0.01487208 0.00498690 0.05008931
v -0.01482799 0.00498690 0.05261811
v -0.01482799 0.00498690 0.05261811
v -0.01482799 0.00498690 0.05261811
v -0.01058949 0.04679735 0.06967646
v -0.01058949 0.04679735 0.06967646
v -0.01058949 0.04679735 0.06967646
v -0.01058949 0.04679735 0.06967646
v -0.01058949 0.04679735 0.06967646
v -0.01058949 0.04679735 0.06967646
v -0.01183282 0.04426457 0.06779088
v -0.01183282 0.04426457 0.06779088
v -0.01183282 0.04426457 0.06779088
v -0.01183282 0.04426457 0.06779088
v -0.01183282 0.04426457 0.06779088
v -0.01183282 0.04426457 0.06779088
v -0.01188279 0.04173614 0.06779088
v -0.01188279 0.04173614 0.06779088
v -0.01188279 0.04173614 0.06779088
v -0.01188279 0.04173614 0.06779088
v -0.01188279 0.04173614 0.06779088
v -0.01188279 0.04173614 0.06779088
v -0.01191513 0.03920770 0.06779088
v -0.01191513 0.03920770 0.06779088
v -0.01191513 0.03920770 0.06779088
v -0.01191513 0.03920770 0.06779088
v -0.01191513 0.03920770 0.06779088
v -0.01191513 0.03920770 0.06779088
v 0.01482094 0.00498690 0.04621682
v 0.01482094 0.00498690 0.04621682
v 0.01482094 0.00498690 0.04621682
v 0.01482094 0.00498690 0.04621682
v 0.01482094 0.00498690 0.04621682
v 0.01487679 0.00632497 0.04756052
v 0.01487679 0.00632497 0.04756052
v 0.01487679 0.00632497 0.04756052
v 0.01487679 0.00632497 0.04756052
v 0.01500612 0.03161804 0.05514250
v 0.01500612 0.03161804 0.05514250
v 0.01500612 0.03161804 0.05514250
v 0.01500612 0.03161804 0.05514250
v 0.01500612 0.03161804 0.05514250
v 0.01500612 0.03161804 0.05514250
v 0.01500612 0.03161804 0.05514250
v 0.01501493 0.02908960 0.05514250
v 0.01501493 0.02908960 0.05514250
v 0.01501493 0.02908960 0.05514250
v 0.01501493 0.02908960 0.05514250
v 0.01501493 0.02908960 0.05514250
v 0.01501493 0.02908960 0.05514250
v 0.01501493 0.02908960 0.05514250
v 0.01480624 0.02150429 0.05767129
v 0.01480624 0.02150429 0.05767129
v 0.01480624 0.02150429 0.05767129
v 0.01480624 0.02150429 0.05767129
v 0.01480624 0.02150429 0.05767129
v 0.01446234 0.02656116 0.06020449
v 0.01446234 0.02656116 0.06020449
v 0.01446234 0.02656116 0.06020449
v 0.01446234 0.02656116 0.06020449
v 0.01391563 0.02908960 0.06273329
v 0.01391563 0.02908960 0.06273329
v 0.01391563 0.02908960 0.06273329
v 0.01391563 0.02908960 0.06273329
v 0.01391563 0.02908960 0.06273329
v 0.01391563 0.02908960 0.06273329
v 0.01311613 0.03161804 0.06522684
v 0.01311613 0.03161804 0.06522684
v 0.01311613 0.03161804 0.06522684
v 0.01311613 0.03161804 0.06522684
v 0.01311613 0.03161804 0.06522684
v 0.01311613 0.03161804 0.06522684
v 0.01263114 0.03161804 0.06649123
v 0.01263114 0.03161804 0.06649123
v 0.01263114 0.03161804 0.06649123
v 0.01263114 0.03161804 0.06649123
v 0.01263114 0.03161804 0.06649123
v 0.01263702 0.03414648 0.06650445
v 0.01263702 0.03414648 0.06650445
v 0.01263702 0.03414648 0.06650445
v 0.01263702 0.03414648 0.06650445
v 0.01263702 0.03414648 0.06650445
v 0.01263702 0.03414648 0.06650445
v 0.01263702 0.03667926 0.06650445
v 0.01263702 0.03667926 0.06650445
v 0.01263702 0.03667926 0.06650445
v 0.01263702 0.03667926 0.06650445
v 0.01263702 0.03667926 0.06650445
v 0.01263702 0.03667926 0.06650445
v 0.01263114 0.03920770 0.06648683
v 0.01263114 0.03920770 0.06648683
v 0.01263114 0.03920770 0.06648683
v 0.01263114 0.03920770 0.06648683
v 0.01263114 0.03920770 0.06648683
v 0.01263114 0.03920770 0.06648683
v 0.01261351 0.04173614 0.06644278
v 0.01261351 0.04173614 0.06644278
v 0.01261351 0.04173614 0.06644278
v 0.01261351 0.04173614 0.06644278
v 0.01261351 0.04173614 0.06644278
v 0.01261351 0.04173614 0.06644278
v 0.01052659 0.04936055 0.06959716
v 0.01052659 0.04936055 0.06959716
v 0.01052659 0.04936055 0.06959716
v 0.01161708 0.04936055 0.06781731
v 0.01161708 0.04936055 0.06781731
v 0.01161708 0.04936055 0.06781731
v 0.01161708 0.04936055 0.06781731
v 0.01161708 0.04936055 0.06781731
v 0.00942435 0.04936055 0.07087918
v 0.00942435 0.04936055 0.07087918
v 0.00942435 0.04936055 0.07087918
v 0.00942435 0.04936055 0.07087918
v 0.01258705 0.04426457 0.06637228
v 0.01258705 0.04426457 0.06637228
v 0.01258705 0.04426457 0.06637228
v 0.01258705 0.04426457 0.06637228
v 0.01258705 0.04426457 0.06637228
v 0.01258705 0.04426457 0.06637228
v 0.01258705 0.04426457 0.06637228
v 0.01163471 0.04932579 0.06779088
v 0.01163471 0.04932579 0.06779088
v 0.01163471 0.04932579 0.06779088
v 0.01163471 0.04932579 0.06779088
v 0.01163471 0.04932579 0.06779088
v 0.01163471 0.04932579 0.06779088
v 0.01254590 0.04679735 0.06626215
v 0.01254590 0.04679735 0.06626215
v 0.01254590 0.04679735 0.06626215
v 0.01254590 0.04679735 0.06626215
v 0.01254590 0.04679735 0.06626215
v 0.01254590 0.04679735 0.06626215
v -0.00817631 0.04936055 0.07208630
v -0.00817631 0.04936055 0.07208630
v -0.00817631 0.04936055 0.07208630
v -0.00817631 0.04936055 0.07208630
v -0.00944316 0.04936055 0.07086155
v -0.00944316 0.04936055 0.07086155
v -0.00944316 0.04936055 0.07086155
v -0.01052777 0.04936055 0.06959716
v -0.01052777 0.04936055 0.06959716
v -0.01052777 0.04936055 0.06959716
v -0.01052777 0.04936055 0.06959716
v -0.01052777 0.04936055 0.06959716
v -0.01052777 0.04936055 0.06959716
v -0.01263820 0.03667926 0.06650445
v -0.01263820 0.03667926 0.06650445
v -0.01263820 0.03667926 0.06650445
v -0.01263820 0.03667926 0.06650445
v -0.01263820 0.03667926 0.06650445
v -0.01263820 0.03667926 0.06650445
v -0.01263820 0.03414648 0.06650445
v -0.01263820 0.03414648 0.06650445
v -0.01263820 0.03414648 0.06650445
v -0.01263820 0.03414648 0.06650445
v -0.01263820 0.03414648 0.06650445
v -0.01263820 0.03414648 0.06650445
v -0.01391386 0.02908960 0.06273329
v -0.01391386 0.02908960 0.06273329
v -0.01391386 0.02908960 0.06273329
v -0.01391386 0.02908960 0.06273329
v -0.01311437 0.03414648 0.06524005
v -0.01311437 0.03414648 0.06524005
v -0.01311437 0.03414648 0.06524005
v -0.01311437 0.03414648 0.06524005
v -0.01311437 0.03414648 0.06524005
v -0.01391680 0.03161804 0.06273329
v -0.01391680 0.03161804 0.06273329
v -0.01391680 0.03161804 0.06273329
v -0.01391680 0.03161804 0.06273329
v -0.01391680 0.03161804 0.06273329
v -0.01391680 0.03161804 0.06273329
v -0.01391680 0.03161804 0.06273329
v -0.01391680 0.03161804 0.06273329
v -0.01446352 0.02656116 0.06020449
v -0.01446352 0.02656116 0.06020449
v -0.01446352 0.02656116 0.06020449
v -0.01446352 0.02656116 0.06020449
v -0.01446352 0.02656116 0.06020449
v -0.01481036 0.02403273 0.05767129
v -0.01481036 0.02403273 0.05767129
v -0.01481036 0.02403273 0.05767129
v -0.01481036 0.02403273 0.05767129
v -0.01501317 0.02908960 0.05514250
v -0.01501317 0.02908960 0.05514250
v -0.01501317 0.02908960 0.05514250
v -0.01501317 0.02908960 0.05514250
v -0.01501317 0.02908960 0.05514250
v -0.01501317 0.02908960 0.05514250
v -0.01501317 0.02908960 0.05514250
v -0.01487796 0.00632497 0.04756052
v -0.01487796 0.00632497 0.04756052
v -0.01487796 0.00632497 0.04756052
v -0.01487796 0.00632497 0.04756052
v -0.01487796 0.00632497 0.04756052
v -0.01466927 0.00498690 0.04502732
v -0.01466927 0.00498690 0.04502732
v -0.01466927 0.00498690 0.04502732
v -0.01466927 0.00498690 0.04502732
v -0.01466927 0.00498690 0.04502732
v -0.01466927 0.00498690 0.04502732
v -0.01466927 0.00498690 0.04502732
v -0.01466927 0.00498690 0.04502732
v -0.01500435 0.03161804 0.05514250
v -0.01500435 0.03161804 0.05514250
v -0.01500435 0.03161804 0.05514250
v -0.01500435 0.03161804 0.05514250
v -0.01500435 0.03161804 0.05514250
v -0.01500435 0.03161804 0.05514250
v -0.01500435 0.03161804 0.05514250
v -0.01175052 0.04679735 0.06779088
v -0.01175052 0.04679735 0.06779088
v -0.01175052 0.04679735 0.06779088
v -0.01175052 0.04679735 0.06779088
v -0.01175052 0.04679735 0.06779088
v -0.01175052 0.04679735 0.06779088
v -0.01258529 0.04426457 0.06636788
v -0.01258529 0.04426457 0.06636788
v -0.01258529 0.04426457 0.06636788
v -0.01258529 0.04426457 0.06636788
v -0.01258529 0.04426457 0.06636788
v -0.01258529 0.04426457 0.06636788
v -0.01261174 0.04173614 0.06643837
v -0.01261174 0.04173614 0.06643837
v -0.01261174 0.04173614 0.06643837
v -0.01261174 0.04173614 0.06643837
v -0.01261174 0.04173614 0.06643837
v -0.01261174 0.04173614 0.06643837
v -0.01262938 0.03920770 0.06648242
v -0.01262938 0.03920770 0.06648242
v -0.01262938 0.03920770 0.06648242
v -0.01262938 0.03920770 0.06648242
v -0.01262938 0.03920770 0.06648242
v -0.01262938 0.03920770 0.06648242
v 0.01467103 0.00498690 0.04502732
v 0.01467103 0.00498690 0.04502732
v 0.01467103 0.00498690 0.04502732
v 0.01467103 0.00498690 0.04502732
v 0.01467103 0.00498690 0.04502732
v 0.01467103 0.00498690 0.04502732
v 0.01467103 0.00498690 0.04502732
v 0.01462988 0.04936055 0.05261811
v 0.01462988 0.04936055 0.05261811
v 0.01462988 0.04936055 0.05261811
v 0.01462988 0.04936055 0.05261811
v 0.01462988 0.04936055 0.05261811
v 0.01462988 0.04936055 0.05261811
v 0.01462988 0.04936055 0.05261811
v 0.01462988 0.04936055 0.05261811
v 0.01462988 0.04936055 0.05261811
v 0.01462988 0.04936055 0.05261811
v 0.01462988 0.04936055 0.05261811
v 0.01497966 0.03414648 0.05514250
v 0.01497966 0.03414648 0.05514250
v 0.01497966 0.03414648 0.05514250
v 0.01497966 0.03414648 0.05514250
v 0.01497966 0.03414648 0.05514250
v 0.01497966 0.03414648 0.05514250
v 0.01497966 0.03414648 0.05514250
v 0.01477391 0.03414648 0.05767129
v 0.01477391 0.03414648 0.05767129
v 0.01477391 0.03414648 0.05767129
v 0.01477391 0.03414648 0.05767129
v 0.01477391 0.03414648 0.05767129
v 0.01477391 0.03414648 0.05767129
v 0.01479155 0.03161804 0.05767129
v 0.01479155 0.03161804 0.05767129
v 0.01479155 0.03161804 0.05767129
v 0.01479155 0.03161804 0.05767129
v 0.01479155 0.03161804 0.05767129
v 0.01480330 0.02908960 0.05767129
v 0.01480330 0.02908960 0.05767129
v 0.01480330 0.02908960 0.05767129
v 0.01480330 0.02908960 0.05767129
v 0.01480330 0.02908960 0.05767129
v 0.01480330 0.02908960 0.05767129
v 0.01480918 0.02656116 0.05767129
v 0.01480918 0.02656116 0.05767129
v 0.01480918 0.02656116 0.05767129
v 0.01480918 0.02656116 0.05767129
v 0.01480918 0.02403273 0.05767129
v 0.01480918 0.02403273 0.05767129
v 0.01480918 0.02403273 0.05767129
v 0.01480918 0.02403273 0.05767129
v 0.01446234 0.02908960 0.06020449
v 0.01446234 0.02908960 0.06020449
v 0.01446234 0.02908960 0.06020449
v 0.01446234 0.02908960 0.06020449
v 0.01446234 0.02908960 0.06020449
v 0.01446234 0.02908960 0.06020449
v 0.01311613 0.03414648 0.06524005
v 0.01311613 0.03414648 0.06524005
v 0.01311613 0.03414648 0.06524005
v 0.01311613 0.03414648 0.06524005
v 0.01311613 0.03414648 0.06524005
v 0.01311613 0.03414648 0.06524005
v 0.01391563 0.03161804 0.06273329
v 0.01391563 0.03161804 0.06273329
v 0.01391563 0.03161804 0.06273329
v 0.01391563 0.03161804 0.06273329
v 0.01311026 0.03667926 0.06524005
v 0.01311026 0.03667926 0.06524005
v 0.01311026 0.03667926 0.06524005
v 0.01311026 0.03667926 0.06524005
v 0.01311026 0.03667926 0.06524005
v 0.01309850 0.03920770 0.06522243
v 0.01309850 0.03920770 0.06522243
v 0.01309850 0.03920770 0.06522243
v 0.01309850 0.03920770 0.06522243
v 0.01309850 0.03920770 0.06522243
v 0.01309850 0.03920770 0.06522243
v 0.01309850 0.03920770 0.06522243
v 0.01307792 0.04173614 0.06517838
v 0.01307792 0.04173614 0.06517838
v 0.01307792 0.04173614 0.06517838
v 0.01307792 0.04173614 0.06517838
v 0.01307792 0.04173614 0.06517838
v 0.01307792 0.04173614 0.06517838
v 0.01163178 0.04936055 0.06779088
v 0.01163178 0.04936055 0.06779088
v 0.01163178 0.04936055 0.06779088
v 0.01304853 0.04426457 0.06510348
v 0.01304853 0.04426457 0.06510348
v 0.01304853 0.04426457 0.06510348
v 0.01304853 0.04426457 0.06510348
v 0.01304853 0.04426457 0.06510348
v 0.01300738 0.04679735 0.06499775
v 0.01300738 0.04679735 0.06499775
v 0.01300738 0.04679735 0.06499775
v 0.01300738 0.04679735 0.06499775
v 0.01300738 0.04679735 0.06499775
v 0.01300738 0.04679735 0.06499775
v 0.01249006 0.04932579 0.06611236
v 0.01249006 0.04932579 0.06611236
v 0.01249006 0.04932579 0.06611236
v 0.01249006 0.04932579 0.06611236
v 0.01249006 0.04932579 0.06611236
v 0.01295447 0.04932579 0.06484796
v 0.01295447 0.04932579 0.06484796
v 0.01295447 0.04932579 0.06484796
v 0.01295447 0.04932579 0.06484796
v 0.01295447 0.04932579 0.06484796
v 0.01295447 0.04932579 0.06484796
v 0.01295447 0.04932579 0.06484796
v 0.01295447 0.04932579 0.06484796
v -0.01163295 0.04936055 0.06779088
v -0.01163295 0.04936055 0.06779088
v -0.01163295 0.04936055 0.06779088
v -0.01163589 0.04932579 0.06779088
v -0.01163589 0.04932579 0.06779088
v -0.01163589 0.04932579 0.06779088
v -0.01163589 0.04932579 0.06779088
v -0.01163589 0.04932579 0.06779088
v -0.01311143 0.03667926 0.06524005
v -0.01311143 0.03667926 0.06524005
v -0.01311143 0.03667926 0.06524005
v -0.01311143 0.03667926 0.06524005
v -0.01311143 0.03667926 0.06524005
v -0.01311143 0.03667926 0.06524005
v -0.01311143 0.03667926 0.06524005
v -0.01390798 0.03414648 0.06273329
v -0.01390798 0.03414648 0.06273329
v -0.01390798 0.03414648 0.06273329
v -0.01390798 0.03414648 0.06273329
v -0.01445470 0.03161804 0.06020449
v -0.01445470 0.03161804 0.06020449
v -0.01445470 0.03161804 0.06020449
v -0.01445470 0.03161804 0.06020449
v -0.01445470 0.03161804 0.06020449
v -0.01445470 0.03161804 0.06020449
v -0.01446058 0.02908960 0.06020449
v -0.01446058 0.02908960 0.06020449
v -0.01446058 0.02908960 0.06020449
v -0.01446058 0.02908960 0.06020449
v -0.01481036 0.02656116 0.05767129
v -0.01481036 0.02656116 0.05767129
v -0.01481036 0.02656116 0.05767129
v -0.01481036 0.02656116 0.05767129
v -0.01481036 0.02656116 0.05767129
v -0.01480448 0.02908960 0.05767129
v -0.01480448 0.02908960 0.05767129
v -0.01480448 0.02908960 0.05767129
v -0.01480448 0.02908960 0.05767129
v -0.01480448 0.02908960 0.05767129
v -0.01463106 0.04932579 0.05261811
v -0.01463106 0.04932579 0.05261811
v -0.01463106 0.04932579 0.05261811
v -0.01463106 0.04932579 0.05261811
v -0.01463106 0.04932579 0.05261811
v -0.01463106 0.04932579 0.05261811
v -0.01463106 0.04932579 0.05261811
v -0.01463106 0.04932579 0.05261811
v -0.01463106 0.04932579 0.05261811
v -0.01463106 0.04932579 0.05261811
v -0.01463106 0.04932579 0.05261811
v -0.01498084 0.03414648 0.05514250
v -0.01498084 0.03414648 0.05514250
v -0.01498084 0.03414648 0.05514250
v -0.01498084 0.03414648 0.05514250
v -0.01498084 0.03414648 0.05514250
v -0.01498084 0.03414648 0.05514250
v -0.01361111 0.04936055 0.04499207
v -0.01361111 0.04936055 0.04499207
v -0.01361111 0.04936055 0.04499207
v -0.01361111 0.04936055 0.04499207
v -0.01325252 0.04936055 0.04249853
v -0.01325252 0.04936055 0.04249853
v -0.01325252 0.04936055 0.04249853
v -0.01325252 0.04936055 0.04249853
v -0.01324664 0.04936055 0.04246328
v -0.01324664 0.04936055 0.04246328
v -0.01324664 0.04936055 0.04246328
v -0.01324664 0.04936055 0.04246328
v -0.01280574 0.04936055 0.04080238
v -0.01280574 0.04936055 0.04080238
v -0.01280574 0.04936055 0.04080238
v -0.01280574 0.04936055 0.04080238
v -0.01375808 0.00498690 0.04239279
v -0.01375808 0.00498690 0.04239279
v -0.01375808 0.00498690 0.04239279
v -0.01375808 0.00498690 0.04239279
v -0.01375808 0.00498690 0.04239279
v -0.01479272 0.03161804 0.05767129
v -0.01479272 0.03161804 0.05767129
v -0.01479272 0.03161804 0.05767129
v -0.01479272 0.03161804 0.05767129
v -0.01479272 0.03161804 0.05767129
v -0.01477215 0.03414648 0.05767129
v -0.01477215 0.03414648 0.05767129
v -0.01477215 0.03414648 0.05767129
v -0.01477215 0.03414648 0.05767129
v -0.01477215 0.03414648 0.05767129
v -0.01477215 0.03414648 0.05767129
v -0.01254414 0.04679735 0.06625774
v -0.01254414 0.04679735 0.06625774
v -0.01254414 0.04679735 0.06625774
v -0.01254414 0.04679735 0.06625774
v -0.01254414 0.04679735 0.06625774
v -0.01254414 0.04679735 0.06625774
v -0.01254414 0.04679735 0.06625774
v -0.01304970 0.04426457 0.06510348
v -0.01304970 0.04426457 0.06510348
v -0.01304970 0.04426457 0.06510348
v -0.01304970 0.04426457 0.06510348
v -0.01304970 0.04426457 0.06510348
v -0.01307910 0.04173614 0.06517397
v -0.01307910 0.04173614 0.06517397
v -0.01307910 0.04173614 0.06517397
v -0.01307910 0.04173614 0.06517397
v -0.01307910 0.04173614 0.06517397
v -0.01307910 0.04173614 0.06517397
v -0.01309967 0.03920770 0.06521803
v -0.01309967 0.03920770 0.06521803
v -0.01309967 0.03920770 0.06521803
v -0.01309967 0.03920770 0.06521803
v -0.01309967 0.03920770 0.06521803
v -0.01309967 0.03920770 0.06521803
v 0.01428598 0.00498690 0.04368803
v 0.01428598 0.00498690 0.04368803
v 0.01428598 0.00498690 0.04368803
v 0.01279869 0.04936055 0.04077595
v 0.01279869 0.04936055 0.04077595
v 0.01279869 0.04936055 0.04077595
v 0.01279869 0.04936055 0.04077595
v 0.01279869 0.04936055 0.04077595
v 0.01279869 0.04936055 0.04077595
v 0.01280457 0.04936055 0.04079798
v 0.01280457 0.04936055 0.04079798
v 0.01280457 0.04936055 0.04079798
v 0.01280457 0.04936055 0.04079798
v 0.01325428 0.04936055 0.04249853
v 0.01325428 0.04936055 0.04249853
v 0.01325428 0.04936055 0.04249853
v 0.01325428 0.04936055 0.04249853
v 0.01361582 0.04932579 0.04502732
v 0.01361582 0.04932579 0.04502732
v 0.01361582 0.04932579 0.04502732
v 0.01361582 0.04932579 0.04502732
v 0.01460049 0.04936055 0.05514250
v 0.01460049 0.04936055 0.05514250
v 0.01460049 0.04936055 0.05514250
v 0.01460049 0.04936055 0.05514250
v 0.01470337 0.04679735 0.05514250
v 0.01470337 0.04679735 0.05514250
v 0.01470337 0.04679735 0.05514250
v 0.01470337 0.04679735 0.05514250
v 0.01470337 0.04679735 0.05514250
v 0.01478861 0.04426457 0.05514250
v 0.01478861 0.04426457 0.05514250
v 0.01478861 0.04426457 0.05514250
v 0.01478861 0.04426457 0.05514250
v 0.01485621 0.04173614 0.05514250
v 0.01485621 0.04173614 0.05514250
v 0.01485621 0.04173614 0.05514250
v 0.01485621 0.04173614 0.05514250
v 0.01485621 0.04173614 0.05514250
v 0.01490324 0.03920770 0.05514250
v 0.01490324 0.03920770 0.05514250
v 0.01490324 0.03920770 0.05514250
v 0.01490324 0.03920770 0.05514250
v 0.01494439 0.03667926 0.05514250
v 0.01494439 0.03667926 0.05514250
v 0.01494439 0.03667926 0.05514250
v 0.01494439 0.03667926 0.05514250
v 0.01361288 0.04936055 0.04502732
v 0.01361288 0.04936055 0.04502732
v 0.01361288 0.04936055 0.04502732
v 0.01474452 0.03667926 0.05767129
v 0.01474452 0.03667926 0.05767129
v 0.01474452 0.03667926 0.05767129
v 0.01474452 0.03667926 0.05767129
v 0.01474452 0.03667926 0.05767129
v 0.01474452 0.03667926 0.05767129
v 0.01441531 0.03667926 0.06020449
v 0.01441531 0.03667926 0.06020449
v 0.01441531 0.03667926 0.06020449
v 0.01441531 0.03667926 0.06020449
v 0.01441531 0.03667926 0.06020449
v 0.01441531 0.03667926 0.06020449
v 0.01443883 0.03414648 0.06020449
v 0.01443883 0.03414648 0.06020449
v 0.01443883 0.03414648 0.06020449
v 0.01443883 0.03414648 0.06020449
v 0.01443883 0.03414648 0.06020449
v 0.01443883 0.03414648 0.06020449
v 0.01445352 0.03161804 0.06020449
v 0.01445352 0.03161804 0.06020449
v 0.01445352 0.03161804 0.06020449
v 0.01445352 0.03161804 0.06020449
v 0.01445352 0.03161804 0.06020449
v 0.01390975 0.03414648 0.06273329
v 0.01390975 0.03414648 0.06273329
v 0.01390975 0.03414648 0.06273329
v 0.01390975 0.03414648 0.06273329
v 0.01390975 0.03414648 0.06273329
v 0.01390975 0.03414648 0.06273329
v 0.01390975 0.03414648 0.06273329
v 0.01389211 0.03667926 0.06273329
v 0.01389211 0.03667926 0.06273329
v 0.01389211 0.03667926 0.06273329
v 0.01389211 0.03667926 0.06273329
v 0.01389211 0.03667926 0.06273329
v 0.01386272 0.03920770 0.06273329
v 0.01386272 0.03920770 0.06273329
v 0.01386272 0.03920770 0.06273329
v 0.01386272 0.03920770 0.06273329
v 0.01386272 0.03920770 0.06273329
v 0.01386272 0.03920770 0.06273329
v 0.01381863 0.04173614 0.06273329
v 0.01381863 0.04173614 0.06273329
v 0.01381863 0.04173614 0.06273329
v 0.01381863 0.04173614 0.06273329
v 0.01381863 0.04173614 0.06273329
v 0.01381863 0.04173614 0.06273329
v 0.01248712 0.04936055 0.06611236
v 0.01248712 0.04936055 0.06611236
v 0.01248712 0.04936055 0.06611236
v 0.01248712 0.04936055 0.06611236
v 0.01248712 0.04936055 0.06611236
v 0.01375691 0.04426457 0.06273329
v 0.01375691 0.04426457 0.06273329
v 0.01375691 0.04426457 0.06273329
v 0.01375691 0.04426457 0.06273329
v 0.01375691 0.04426457 0.06273329
v 0.01375691 0.04426457 0.06273329
v 0.01367754 0.04679735 0.06273329
v 0.01367754 0.04679735 0.06273329
v 0.01367754 0.04679735 0.06273329
v 0.01367754 0.04679735 0.06273329
v 0.01367754 0.04679735 0.06273329
v 0.01367754 0.04679735 0.06273329
v 0.01367754 0.04679735 0.06273329
v 0.01249594 0.04936055 0.06609033
v 0.01249594 0.04936055 0.06609033
v 0.01249594 0.04936055 0.06609033
v 0.01249594 0.04936055 0.06609033
v 0.01249594 0.04936055 0.06609033
v 0.01295153 0.04936055 0.06484796
v 0.01295153 0.04936055 0.06484796
v 0.01295153 0.04936055 0.06484796
v 0.01357467 0.04932579 0.06273329
v 0.01357467 0.04932579 0.06273329
v 0.01357467 0.04932579 0.06273329
v 0.01357467 0.04932579 0.06273329
v 0.01357467 0.04932579 0.06273329
v -0.01164765 0.04936055 0.06776444
v -0.01164765 0.04936055 0.06776444
v -0.01164765 0.04936055 0.06776444
v -0.01164765 0.04936055 0.06776444
v -0.01164765 0.04936055 0.06776444
v -0.01389329 0.03667926 0.06273329
v -0.01389329 0.03667926 0.06273329
v -0.01389329 0.03667926 0.06273329
v -0.01389329 0.03667926 0.06273329
v -0.01389329 0.03667926 0.06273329
v -0.01389329 0.03667926 0.06273329
v -0.01444000 0.03414648 0.06020449
v -0.01444000 0.03414648 0.06020449
v -0.01444000 0.03414648 0.06020449
v -0.01444000 0.03414648 0.06020449
v -0.01444000 0.03414648 0.06020449
v -0.01462812 0.04936055 0.05261811
v -0.01462812 0.04936055 0.05261811
v -0.01462812 0.04936055 0.05261811
v -0.01494263 0.03667926 0.05514250
v -0.01494263 0.03667926 0.05514250
v -0.01494263 0.03667926 0.05514250
v -0.01494263 0.03667926 0.05514250
v -0.01490441 0.03920770 0.05514250
v -0.01490441 0.03920770 0.05514250
v -0.01490441 0.03920770 0.05514250
v -0.01490441 0.03920770 0.05514250
v -0.01485445 0.04173614 0.05514250
v -0.01485445 0.04173614 0.05514250
v -0.01485445 0.04173614 0.05514250
v -0.01485445 0.04173614 0.05514250
v -0.01485445 0.04173614 0.05514250
v -0.01478684 0.04426457 0.05514250
v -0.01478684 0.04426457 0.05514250
v -0.01478684 0.04426457 0.05514250
v -0.01478684 0.04426457 0.05514250
v -0.01478684 0.04426457 0.05514250
v -0.01470454 0.04679735 0.05514250
v -0.01470454 0.04679735 0.05514250
v -0.01470454 0.04679735 0.05514250
v -0.01470454 0.04679735 0.05514250
v -0.01470454 0.04679735 0.05514250
v -0.01460167 0.04936055 0.05514250
v -0.01460167 0.04936055 0.05514250
v -0.01460167 0.04936055 0.05514250
v -0.01460167 0.04936055 0.05514250
v -0.01474275 0.03667926 0.05767129
v -0.01474275 0.03667926 0.05767129
v -0.01474275 0.03667926 0.05767129
v -0.01474275 0.03667926 0.05767129
v -0.01474275 0.03667926 0.05767129
v -0.01474275 0.03667926 0.05767129
v -0.01226197 0.04936055 0.03955561
v -0.01226197 0.04936055 0.03955561
v -0.01226197 0.04936055 0.03955561
v -0.01225609 0.04936055 0.03954239
v -0.01225609 0.04936055 0.03954239
v -0.01225609 0.04936055 0.03954239
v -0.01225609 0.04936055 0.03954239
v -0.01225609 0.04936055 0.03954239
v -0.01100394 0.00498690 0.03668318
v -0.01100394 0.00498690 0.03668318
v -0.01100394 0.00498690 0.03668318
v -0.01100394 0.00498690 0.03668318
v -0.01441355 0.03667926 0.06020449
v -0.01441355 0.03667926 0.06020449
v -0.01441355 0.03667926 0.06020449
v -0.01441355 0.03667926 0.06020449
v -0.01441355 0.03667926 0.06020449
v -0.01441355 0.03667926 0.06020449
v -0.01248829 0.04932579 0.06611676
v -0.01248829 0.04932579 0.06611676
v -0.01248829 0.04932579 0.06611676
v -0.01248829 0.04932579 0.06611676
v -0.01295565 0.04932579 0.06485237
v -0.01295565 0.04932579 0.06485237
v -0.01295565 0.04932579 0.06485237
v -0.01295565 0.04932579 0.06485237
v -0.01295565 0.04932579 0.06485237
v -0.01295565 0.04932579 0.06485237
v -0.01295565 0.04932579 0.06485237
v -0.01295565 0.04932579 0.06485237
v -0.01295565 0.04932579 0.06485237
v -0.01300855 0.04679735 0.06499334
v -0.01300855 0.04679735 0.06499334
v -0.01300855 0.04679735 0.06499334
v -0.01300855 0.04679735 0.06499334
v -0.01300855 0.04679735 0.06499334
v -0.01375808 0.04426457 0.06273329
v -0.01375808 0.04426457 0.06273329
v -0.01375808 0.04426457 0.06273329
v -0.01375808 0.04426457 0.06273329
v -0.01375808 0.04426457 0.06273329
v -0.01375808 0.04426457 0.06273329
v -0.01375808 0.04426457 0.06273329
v -0.01381981 0.04173614 0.06273329
v -0.01381981 0.04173614 0.06273329
v -0.01381981 0.04173614 0.06273329
v -0.01381981 0.04173614 0.06273329
v -0.01381981 0.04173614 0.06273329
v -0.01381981 0.04173614 0.06273329
v -0.01386389 0.03920770 0.06273329
v -0.01386389 0.03920770 0.06273329
v -0.01386389 0.03920770 0.06273329
v -0.01386389 0.03920770 0.06273329
v -0.01386389 0.03920770 0.06273329
v -0.01386389 0.03920770 0.06273329
v 0.01375691 0.00498690 0.04239279
v 0.01375691 0.00498690 0.04239279
v 0.01375691 0.00498690 0.04239279
v 0.01375691 0.00498690 0.04239279
v 0.01226079 0.04936055 0.03953798
v 0.01226079 0.04936055 0.03953798
v 0.01226079 0.04936055 0.03953798
v 0.01226079 0.04936055 0.03953798
v 0.01226079 0.04936055 0.03953798
v 0.01226079 0.04936055 0.03953798
v 0.01226079 0.04936055 0.03953798
v 0.01459755 0.04936055 0.05518215
v 0.01459755 0.04936055 0.05518215
v 0.01459755 0.04936055 0.05518215
v 0.01459755 0.04936055 0.05518215
v 0.01459755 0.04936055 0.05518215
v 0.01459755 0.04936055 0.05518215
v 0.01449761 0.04679735 0.05767129
v 0.01449761 0.04679735 0.05767129
v 0.01449761 0.04679735 0.05767129
v 0.01449761 0.04679735 0.05767129
v 0.01449761 0.04679735 0.05767129
v 0.01449761 0.04679735 0.05767129
v 0.01449761 0.04679735 0.05767129
v 0.01458285 0.04426457 0.05767129
v 0.01458285 0.04426457 0.05767129
v 0.01458285 0.04426457 0.05767129
v 0.01458285 0.04426457 0.05767129
v 0.01458285 0.04426457 0.05767129
v 0.01465046 0.04173614 0.05767129
v 0.01465046 0.04173614 0.05767129
v 0.01465046 0.04173614 0.05767129
v 0.01465046 0.04173614 0.05767129
v 0.01465046 0.04173614 0.05767129
v 0.01470337 0.03920770 0.05767129
v 0.01470337 0.03920770 0.05767129
v 0.01470337 0.03920770 0.05767129
v 0.01470337 0.03920770 0.05767129
v 0.01470337 0.03920770 0.05767129
v 0.01470337 0.03920770 0.05767129
v 0.01437710 0.03920770 0.06020449
v 0.01437710 0.03920770 0.06020449
v 0.01437710 0.03920770 0.06020449
v 0.01437710 0.03920770 0.06020449
v 0.01437710 0.03920770 0.06020449
v 0.01437710 0.03920770 0.06020449
v 0.01432713 0.04173614 0.06020449
v 0.01432713 0.04173614 0.06020449
v 0.01432713 0.04173614 0.06020449
v 0.01432713 0.04173614 0.06020449
v 0.01432713 0.04173614 0.06020449
v 0.01432713 0.04173614 0.06020449
v 0.01426247 0.04426457 0.06020449
v 0.01426247 0.04426457 0.06020449
v 0.01426247 0.04426457 0.06020449
v 0.01426247 0.04426457 0.06020449
v 0.01426247 0.04426457 0.06020449
v 0.01426247 0.04426457 0.06020449
v 0.01418017 0.04679735 0.06020449
v 0.01418017 0.04679735 0.06020449
v 0.01418017 0.04679735 0.06020449
v 0.01418017 0.04679735 0.06020449
v 0.01418017 0.04679735 0.06020449
v 0.01408023 0.04932579 0.06020449
v 0.01408023 0.04932579 0.06020449
v 0.01408023 0.04932579 0.06020449
v 0.01408023 0.04932579 0.06020449
v 0.01408023 0.04932579 0.06020449
v 0.01408023 0.04932579 0.06020449
v 0.01357173 0.04936055 0.06273329
v 0.01357173 0.04936055 0.06273329
v 0.01357173 0.04936055 0.06273329
v 0.01357173 0.04936055 0.06273329
v -0.01248829 0.04936055 0.06611236
v -0.01248829 0.04936055 0.06611236
v -0.01248829 0.04936055 0.06611236
v -0.01248829 0.04936055 0.06611236
v -0.01470454 0.03920770 0.05767129
v -0.01470454 0.03920770 0.05767129
v -0.01470454 0.03920770 0.05767129
v -0.01470454 0.03920770 0.05767129
v -0.01470454 0.03920770 0.05767129
v -0.01470454 0.03920770 0.05767129
v -0.01465163 0.04173614 0.05767129
v -0.01465163 0.04173614 0.05767129
v -0.01465163 0.04173614 0.05767129
v -0.01465163 0.04173614 0.05767129
v -0.01465163 0.04173614 0.05767129
v -0.01465163 0.04173614 0.05767129
v -0.01458109 0.04426457 0.05767129
v -0.01458109 0.04426457 0.05767129
v -0.01458109 0.04426457 0.05767129
v -0.01458109 0.04426457 0.05767129
v -0.01458109 0.04426457 0.05767129
v -0.01458109 0.04426457 0.05767129
v -0.01449585 0.04679735 0.05767129
v -0.01449585 0.04679735 0.05767129
v -0.01449585 0.04679735 0.05767129
v -0.01449585 0.04679735 0.05767129
v -0.01449585 0.04679735 0.05767129
v -0.01439591 0.04936055 0.05763605
v -0.01439591 0.04936055 0.05763605
v -0.01439591 0.04936055 0.05763605
v -0.01439591 0.04936055 0.05763605
v -0.01437828 0.03920770 0.06020449
v -0.01437828 0.03920770 0.06020449
v -0.01437828 0.03920770 0.06020449
v -0.01437828 0.03920770 0.06020449
v -0.01437828 0.03920770 0.06020449
v -0.01437828 0.03920770 0.06020449
v -0.01224727 0.04936055 0.03952477
v -0.01224727 0.04936055 0.03952477
v -0.01224727 0.04936055 0.03952477
v -0.01224727 0.04936055 0.03952477
v -0.01224727 0.04936055 0.03952477
v -0.01224727 0.04936055 0.03952477
v -0.01045134 0.00498690 0.03558179
v -0.01045134 0.00498690 0.03558179
v -0.01045134 0.00498690 0.03558179
v -0.01294683 0.04936055 0.06486558
v -0.01294683 0.04936055 0.06486558
v -0.01294683 0.04936055 0.06486558
v -0.01295271 0.04936055 0.06484796
v -0.01295271 0.04936055 0.06484796
v -0.01295271 0.04936055 0.06484796
v -0.01357290 0.04936055 0.06273329
v -0.01357290 0.04936055 0.06273329
v -0.01357290 0.04936055 0.06273329
v -0.01357290 0.04936055 0.06273329
v -0.01357290 0.04936055 0.06273329
v -0.01357584 0.04932579 0.06273329
v -0.01357584 0.04932579 0.06273329
v -0.01357584 0.04932579 0.06273329
v -0.01357584 0.04932579 0.06273329
v -0.01357584 0.04932579 0.06273329
v -0.01367578 0.04679735 0.06273329
v -0.01367578 0.04679735 0.06273329
v -0.01367578 0.04679735 0.06273329
v -0.01367578 0.04679735 0.06273329
v -0.01367578 0.04679735 0.06273329
v -0.01418134 0.04679735 0.06020449
v -0.01418134 0.04679735 0.06020449
v -0.01418134 0.04679735 0.06020449
v -0.01418134 0.04679735 0.06020449
v -0.01418134 0.04679735 0.06020449
v -0.01418134 0.04679735 0.06020449
v -0.01418134 0.04679735 0.06020449
v -0.01418134 0.04679735 0.06020449
v -0.01426070 0.04426457 0.06020449
v -0.01426070 0.04426457 0.06020449
v -0.01426070 0.04426457 0.06020449
v -0.01426070 0.04426457 0.06020449
v -0.01426070 0.04426457 0.06020449
v -0.01432831 0.04173614 0.06020449
v -0.01432831 0.04173614 0.06020449
v -0.01432831 0.04173614 0.06020449
v -0.01432831 0.04173614 0.06020449
v -0.01432831 0.04173614 0.06020449
v -0.01432831 0.04173614 0.06020449
v 0.01318374 0.00498690 0.04119888
v 0.01318374 0.00498690 0.04119888
v 0.01318374 0.00498690 0.04119888
v 0.01137605 0.00498690 0.03744093
v 0.01137605 0.00498690 0.03744093
v 0.01137605 0.00498690 0.03744093
v 0.01045311 0.00498690 0.03558179
v 0.01045311 0.00498690 0.03558179
v 0.01045311 0.00498690 0.03558179
v 0.00968888 0.00498690 0.03431739
v 0.00968888 0.00498690 0.03431739
v 0.00968888 0.00498690 0.03431739
v 0.00968888 0.00498690 0.03431739
v 0.00968888 0.00498690 0.03431739
v 0.01099394 0.04936055 0.03747618
v 0.01099394 0.04936055 0.03747618
v 0.01099394 0.04936055 0.03747618
v 0.01438886 0.04936055 0.05771094
v 0.01438886 0.04936055 0.05771094
v 0.01438886 0.04936055 0.05771094
v 0.01438886 0.04936055 0.05771094
v 0.01438886 0.04936055 0.05771094
v 0.01439474 0.04932579 0.05767129
v 0.01439474 0.04932579 0.05767129
v 0.01439474 0.04932579 0.05767129
v 0.01407729 0.04936055 0.06020449
v 0.01407729 0.04936055 0.06020449
v 0.01407729 0.04936055 0.06020449
v 0.01407729 0.04936055 0.06020449
v -0.01439297 0.04936055 0.05767129
v -0.01439297 0.04936055 0.05767129
v -0.01439297 0.04936055 0.05767129
v -0.01439297 0.04936055 0.05767129
v -0.01439297 0.04936055 0.05767129
v -0.01439297 0.04936055 0.05767129
v -0.01098336 0.04936055 0.03746296
v -0.01098336 0.04936055 0.03746296
v -0.01098336 0.04936055 0.03746296
v -0.01005747 0.00498690 0.03490773
v -0.01005747 0.00498690 0.03490773
v -0.01005747 0.00498690 0.03490773
v -0.01005747 0.00498690 0.03490773
v -0.01005747 0.00498690 0.03490773
v -0.01407553 0.04936055 0.06020449
v -0.01407553 0.04936055 0.06020449
v -0.01407553 0.04936055 0.06020449
v -0.01407847 0.04932579 0.06020449
v -0.01407847 0.04932579 0.06020449
v -0.01407847 0.04932579 0.06020449
v -0.01407847 0.04932579 0.06020449
v -0.01407847 0.04932579 0.06020449
v -0.01407847 0.04932579 0.06020449
v 0.00833092 0.00498690 0.03258159
v 0.00833092 0.00498690 0.03258159
v 0.00833092 0.00498690 0.03258159
v 0.00833092 0.00498690 0.03258159
v 0.01090282 0.04936055 0.03733080
v 0.01090282 0.04936055 0.03733080
v 0.01090282 0.04936055 0.03733080
v 0.01090282 0.04936055 0.03733080
v -0.01408141 0.04936055 0.06016484
v -0.01408141 0.04936055 0.06016484
v -0.01408141 0.04936055 0.06016484
v -0.01090106 0.04936055 0.03733080
v -0.01090106 0.04936055 0.03733080
v -0.01090106 0.04936055 0.03733080
v -0.01090106 0.04936055 0.03733080
v -0.01090106 0.04936055 0.03733080
v -0.00968712 0.00498690 0.03431739
v -0.00968712 0.00498690 0.03431739
v -0.00968712 0.00498690 0.03431739
v 0.00712874 0.00498690 0.03144496
v 0.00712874 0.00498690 0.03144496
v 0.00712874 0.00498690 0.03144496
v 0.00893642 0.04936055 0.03539235
v 0.00893642 0.04936055 0.03539235
v 0.00893642 0.04936055 0.03539235
v 0.00893642 0.04936055 0.03539235
v 0.00893642 0.04936055 0.03539235
v -0.01004278 0.04936055 0.03621619
v -0.01004278 0.04936055 0.03621619
v -0.01004278 0.04936055 0.03621619
v -0.01004278 0.04936055 0.03621619
v -0.01004278 0.04936055 0.03621619
v -0.01004278 0.04936055 0.03621619
v -0.00909338 0.00498690 0.03352439
v -0.00909338 0.00498690 0.03352439
v -0.00909338 0.00498690 0.03352439
v -0.00909338 0.00498690 0.03352439
v 0.00599122 0.00498690 0.03075769
v 0.00599122 0.00498690 0.03075769
v 0.00599122 0.00498690 0.03075769
v 0.00599122 0.00498690 0.03075769
v 0.00599122 0.00498690 0.03075769
v 0.00646151 0.04936055 0.03423368
v 0.00646151 0.04936055 0.03423368
v 0.00646151 0.04936055 0.03423368
v -0.00893759 0.04936055 0.03539675
v -0.00893759 0.04936055 0.03539675
v -0.00893759 0.04936055 0.03539675
v -0.00893759 0.04936055 0.03539675
v -0.00893759 0.04936055 0.03539675
v -0.00712403 0.00498690 0.03144056
v -0.00712403 0.00498690 0.03144056
v -0.00712403 0.00498690 0.03144056
v -0.00712403 0.00498690 0.03144056
v -0.00757375 0.00498690 0.03185027
v -0.00757375 0.00498690 0.03185027
v -0.00757375 0.00498690 0.03185027
v -0.00832915 0.00498690 0.03257719
v -0.00832915 0.00498690 0.03257719
v -0.00832915 0.00498690 0.03257719
v 0.00379261 0.00498690 0.03023343
v 0.00379261 0.00498690 0.03023343
v 0.00379261 0.00498690 0.03023343
v 0.00379261 0.00498690 0.03023343
v 0.00639391 0.04936055 0.03421165
v 0.00639391 0.04936055 0.03421165
v 0.00639391 0.04936055 0.03421165
v 0.00639391 0.04936055 0.03421165
v -0.00639214 0.04936055 0.03421165
v -0.00639214 0.04936055 0.03421165
v -0.00639214 0.04936055 0.03421165
v -0.00639214 0.04936055 0.03421165
v -0.00639214 0.04936055 0.03421165
v -0.00598945 0.00498690 0.03076210
v -0.00598945 0.00498690 0.03076210
v -0.00598945 0.00498690 0.03076210
v -0.00598945 0.00498690 0.03076210
v -0.00671547 0.00498690 0.03118944
v -0.00671547 0.00498690 0.03118944
v -0.00671547 0.00498690 0.03118944
v 0.00260512 0.00498690 0.03019378
v 0.00260512 0.00498690 0.03019378
v 0.00260512 0.00498690 0.03019378
v 0.00379261 0.04936055 0.03393410
v 0.00379261 0.04936055 0.03393410
v 0.00379261 0.04936055 0.03393410
v 0.00379261 0.04936055 0.03393410
v 0.00379261 0.04936055 0.03393410
v -0.00630102 0.04936055 0.03419844
v -0.00630102 0.04936055 0.03419844
v -0.00630102 0.04936055 0.03419844
v -0.00379378 0.00498690 0.03023783
v -0.00379378 0.00498690 0.03023783
v -0.00379378 0.00498690 0.03023783
v -0.00379378 0.00498690 0.03023783
v -0.00379378 0.00498690 0.03023783
v -0.00379378 0.00498690 0.03023783
v -0.00464912 0.00498690 0.03040965
v -0.00464912 0.00498690 0.03040965
v -0.00464912 0.00498690 0.03040965
v 0.00126479 0.00498690 0.03015853
v 0.00126479 0.00498690 0.03015853
v 0.00126479 0.00498690 0.03015853
v 0.00126479 0.00498690 0.03015853
v 0.00126479 0.04936055 0.03391208
v 0.00126479 0.04936055 0.03391208
v 0.00126479 0.04936055 0.03391208
v 0.00126479 0.04936055 0.03391208
v -0.00425819 0.04936055 0.03396935
v -0.00425819 0.04936055 0.03396935
v -0.00425819 0.04936055 0.03396935
v -0.00126303 0.00498690 0.03015413
v -0.00126303 0.00498690 0.03015413
v -0.00126303 0.00498690 0.03015413
v -0.00126303 0.00498690 0.03015413
v -0.00126303 0.00498690 0.03015413
v -0.00379378 0.04936055 0.03393410
v -0.00379378 0.04936055 0.03393410
v -0.00379378 0.04936055 0.03393410
v -0.00379378 0.04936055 0.03393410
v -0.00126303 0.04936055 0.03391208
v -0.00126303 0.04936055 0.03391208
v -0.00126303 0.04936055 0.03391208
f 1 5 18
f 1 18 44
f 1 44 82
f 1 82 152
f 1 152 170
f 1 170 167
f 1 167 272
f 1 272 394
f 1 394 502
f 1 502 499
f 1 499 616
f 1 616 754
f 1 754 899
f 1 899 1047
f 1 1047 1215
f 1 1215 1421
f 1 1421 1673
f 1 1673 1972
f 1 1972 1969
f 1 1969 2229
f 1 2229 2226
f 1 2226 2223
f 1 2223 2428
f 1 2428 2647
f 1 2647 2874
f 1 2874 3036
f 1 3036 3119
f 1 3119 3147
f 1 3147 3165
f 1 3165 3188
f 1 3188 3185
f 1 3185 3182
f 1 3182 3208
f 1 3208 3205
f 1 3205 3228
f 1 3228 3225
f 1 3225 3243
f 1 3243 3229
f 1 3229 3209
f 1 3209 3189
f 1 3189 3166
f 1 3166 3148
f 1 3148 3129
f 1 3129 3086
f 1 3086 3083
f 1 3083 3080
f 1 3080 3077
f 1 3077 2918
f 1 2918 2683
f 1 2683 2460
f 1 2460 2254
f 1 2254 2017
f 1 2017 2014
f 1 2014 2011
f 1 2011 2008
f 1 2008 2005
f 1 2005 2002
f 1 2002 1709
f 1 1709 1451
f 1 1451 1247
f 1 1247 1244
f 1 1244 1082
f 1 1082 937
f 1 937 785
f 1 785 654
f 1 654 540
f 1 540 426
f 1 426 417
f 1 417 312
f 1 312 193
f 1 193 108
f 1 108 56
f 1 56 25
f 1 25 7
f 3 8 12
f 2 10 23
f 2 23 6
f 4 22 17
f 9 26 13
f 14 27 30
f 15 31 37
f 11 35 54
f 11 54 24
f 16 21 43
f 20 50 42
f 19 53 49
f 29 57 62
f 28 59 33
f 32 68 38
f 34 60 71
f 39 69 76
f 36 73 106
f 36 106 55
f 41 47 86
f 40 85 81
f 48 52 91
f 45 88 99
f 46 101 84
f 51 104 90
f 58 109 65
f 67 110 114
f 66 112 120
f 64 117 126
f 63 125 134
f 61 133 72
f 70 130 77
f 74 135 180
f 74 180 107
f 78 131 145
f 75 144 138
f 80 83 100
f 79 96 151
f 89 103 158
f 87 155 98
f 92 161 165
f 93 166 168
f 95 169 150
f 97 154 176
f 94 172 163
f 105 177 187
f 102 186 157
f 111 194 115
f 113 202 121
f 116 195 203
f 119 200 208
f 118 205 127
f 124 213 219
f 123 217 147
f 122 146 132
f 128 206 220
f 129 221 214
f 136 229 181
f 137 142 231
f 143 232 241
f 141 240 246
f 139 245 251
f 140 252 230
f 149 218 212
f 148 210 236
f 156 185 260
f 153 257 175
f 162 171 263
f 159 262 270
f 160 271 164
f 173 274 265
f 174 256 277
f 179 227 281
f 178 278 189
f 182 286 290
f 184 291 259
f 191 279 292
f 192 293 297
f 190 296 303
f 188 302 311
f 183 307 288
f 199 313 316
f 198 315 325
f 197 321 331
f 196 330 204
f 201 329 209
f 207 327 225
f 215 222 333
f 216 334 343
f 211 342 237
f 226 328 347
f 224 346 354
f 223 353 336
f 228 249 282
f 234 356 364
f 233 363 242
f 235 340 359
f 239 361 410
f 239 410 305
f 238 304 300
f 238 300 244
f 243 299 250
f 247 294 280
f 248 298 295
f 258 289 285
f 254 284 373
f 253 372 378
f 255 379 276
f 264 273 383
f 261 382 269
f 266 389 393
f 268 381 400
f 267 396 391
f 275 375 385
f 287 306 404
f 283 403 371
f 301 409 310
f 309 408 416
f 308 413 406
f 314 418 318
f 317 422 326
f 319 419 427
f 320 428 423
f 324 420 432
f 323 431 351
f 322 350 332
f 337 355 348
f 338 349 436
f 339 437 445
f 335 442 344
f 345 443 451
f 341 449 458
f 341 458 360
f 352 433 439
f 358 454 463
f 357 462 365
f 362 460 517
f 362 517 411
f 369 468 377
f 370 402 475
f 366 472 480
f 367 481 485
f 368 486 466
f 374 487 384
f 376 467 488
f 380 484 399
f 390 395 492
f 386 491 497
f 387 498 500
f 388 501 392
f 397 504 494
f 398 483 507
f 401 510 474
f 405 412 520
f 405 520 512
f 407 516 415
f 414 515 524
f 421 526 435
f 424 429 533
f 425 534 530
f 430 541 536
f 434 525 440
f 441 527 545
f 438 543 446
f 444 548 452
f 447 544 554
f 448 555 552
f 453 549 564
f 450 563 459
f 456 566 574
f 455 572 465
f 457 561 567
f 461 577 624
f 461 624 518
f 464 570 579
f 473 509 586
f 469 582 592
f 470 593 597
f 471 598 479
f 476 596 604
f 477 606 505
f 478 506 482
f 493 503 605
f 489 601 611
f 490 612 496
f 495 609 615
f 508 618 585
f 511 519 619
f 514 623 632
f 513 630 523
f 522 628 636
f 521 635 621
f 529 637 644
f 528 641 546
f 531 535 647
f 532 648 639
f 537 542 655
f 538 656 658
f 539 659 651
f 547 642 558
f 551 663 675
f 550 674 565
f 553 556 665
f 559 643 679
f 560 680 687
f 557 685 666
f 562 671 569
f 568 670 575
f 573 690 699
f 571 698 580
f 576 672 692
f 578 696 758
f 578 758 625
f 584 617 705
f 583 704 716
f 581 713 591
f 587 719 726
f 588 727 731
f 589 732 594
f 590 712 721
f 595 733 603
f 602 730 737
f 599 735 744
f 600 745 610
f 607 741 750
f 608 751 614
f 613 748 753
f 620 633 708
f 622 757 631
f 629 755 764
f 626 763 707
f 627 709 634
f 638 766 645
f 640 649 769
f 646 767 682
f 652 660 773
f 653 774 783
f 650 781 770
f 657 786 661
f 662 787 777
f 667 793 799
f 664 797 676
f 668 686 800
f 669 801 794
f 673 806 693
f 678 798 792
f 677 790 808
f 683 768 810
f 684 811 819
f 681 816 688
f 689 817 803
f 694 807 822
f 695 823 829
f 691 827 836
f 691 836 700
f 697 832 902
f 697 902 759
f 701 842 847
f 703 848 715
f 706 762 852
f 702 850 845
f 714 846 841
f 711 840 858
f 710 857 720
f 717 855 863
f 718 864 725
f 722 861 869
f 723 870 875
f 724 876 728
f 729 877 736
f 734 874 743
f 738 880 890
f 739 891 749
f 742 873 894
f 740 892 882
f 746 888 897
f 747 898 752
f 756 901 908
f 756 908 765
f 760 906 913
f 761 914 851
f 771 782 915
f 772 916 813
f 778 788 921
f 779 922 926
f 780 927 935
f 776 932 919
f 775 918 784
f 789 938 923
f 791 941 825
f 791 825 809
f 795 802 948
f 796 949 944
f 804 818 954
f 805 955 951
f 812 960 820
f 814 917 966
f 815 967 963
f 821 961 957
f 824 972 830
f 826 942 975
f 831 973 983
f 828 981 837
f 835 980 989
f 834 987 996
f 833 994 903
f 844 849 911
f 843 910 1003
f 838 1000 1008
f 839 1009 856
f 853 1006 1014
f 854 1015 862
f 860 1021 868
f 859 1012 1020
f 865 1018 1026
f 866 1027 881
f 867 883 871
f 872 884 893
f 878 1024 1031
f 879 1032 889
f 885 1029 1037
f 886 1038 1042
f 887 1043 896
f 895 1040 1046
f 900 991 1053
f 900 1053 907
f 905 1051 1060
f 904 1059 912
f 909 1056 1002
f 920 933 969
f 925 939 1063
f 924 1061 930
f 931 1062 1074
f 929 1071 1080
f 928 1079 936
f 934 1076 970
f 940 1083 1065
f 945 950 1085
f 947 1086 1091
f 946 1090 1098
f 943 1096 977
f 952 956 1101
f 953 1102 1087
f 958 962 1107
f 959 1108 1104
f 964 968 1113
f 965 1114 1110
f 971 1077 1116
f 978 1097 1122
f 976 1121 1131
f 974 1128 985
f 984 1127 1134
f 982 1133 1141
f 979 1138 1146
f 979 1146 988
f 986 1144 995
f 993 1143 1151
f 992 1148 1157
f 990 1155 1052
f 997 1160 1167
f 998 1168 1172
f 999 1173 1007
f 1001 1055 1162
f 1004 1171 1178
f 1005 1179 1013
f 1010 1176 1184
f 1011 1185 1019
f 1016 1182 1191
f 1017 1192 1025
f 1022 1189 1197
f 1023 1198 1030
f 1028 1195 1036
f 1033 1200 1210
f 1034 1211 1041
f 1035 1194 1203
f 1039 1209 1045
f 1044 1206 1214
f 1050 1153 1220
f 1048 1218 1224
f 1049 1225 1058
f 1057 1222 1232
f 1054 1230 1161
f 1066 1233 1242
f 1064 1241 1075
f 1067 1084 1245
f 1068 1246 1248
f 1069 1249 1251
f 1070 1252 1236
f 1073 1238 1264
f 1072 1263 1081
f 1078 1261 1117
f 1088 1103 1266
f 1089 1267 1093
f 1092 1273 1100
f 1095 1268 1279
f 1094 1278 1275
f 1099 1272 1124
f 1105 1109 1285
f 1106 1286 1269
f 1111 1115 1291
f 1112 1292 1288
f 1118 1262 1297
f 1119 1298 1294
f 1126 1274 1304
f 1125 1303 1310
f 1123 1309 1321
f 1120 1318 1130
f 1129 1316 1136
f 1132 1324 1140
f 1135 1315 1325
f 1139 1323 1332
f 1137 1329 1337
f 1137 1337 1145
f 1142 1334 1341
f 1142 1341 1150
f 1149 1339 1349
f 1147 1347 1156
f 1154 1342 1354
f 1152 1353 1219
f 1158 1229 1359
f 1159 1360 1166
f 1163 1357 1604
f 1163 1604 1365
f 1164 1366 1370
f 1165 1371 1169
f 1170 1372 1177
f 1174 1369 1377
f 1175 1378 1183
f 1180 1375 1382
f 1181 1383 1190
f 1186 1380 1390
f 1187 1391 1395
f 1188 1396 1196
f 1193 1394 1202
f 1199 1399 1208
f 1201 1393 1402
f 1207 1398 1407
f 1204 1404 1417
f 1205 1418 1213
f 1212 1412 1420
f 1217 1352 1428
f 1216 1427 1223
f 1221 1426 1231
f 1228 1422 1433
f 1226 1432 1438
f 1227 1439 1358
f 1237 1253 1443
f 1235 1440 1449
f 1234 1448 1243
f 1240 1445 1301
f 1239 1300 1265
f 1250 1452 1257
f 1259 1453 1455
f 1260 1456 1464
f 1258 1461 1472
f 1256 1469 1476
f 1255 1475 1482
f 1254 1481 1444
f 1270 1287 1483
f 1271 1484 1281
f 1276 1280 1488
f 1277 1489 1305
f 1282 1485 1494
f 1284 1495 1500
f 1283 1499 1491
f 1289 1293 1505
f 1290 1506 1486
f 1296 1299 1513
f 1295 1512 1509
f 1302 1446 1515
f 1307 1490 1520
f 1306 1519 1311
f 1314 1521 1527
f 1313 1526 1533
f 1312 1532 1542
f 1308 1540 1320
f 1319 1539 1548
f 1317 1544 1327
f 1326 1543 1552
f 1322 1551 1331
f 1330 1550 1561
f 1328 1556 1566
f 1328 1566 1336
f 1335 1563 1573
f 1333 1571 1340
f 1338 1569 1348
f 1346 1567 1578
f 1345 1574 1585
f 1344 1584 1592
f 1343 1591 1355
f 1351 1590 1598
f 1350 1597 1425
f 1356 1437 1603
f 1361 1601 1609
f 1362 1610 1614
f 1363 1615 1618
f 1364 1619 1367
f 1368 1620 1376
f 1374 1617 1628
f 1373 1627 1381
f 1379 1624 1389
f 1388 1623 1632
f 1384 1630 1638
f 1385 1639 1643
f 1386 1644 1400
f 1387 1401 1392
f 1397 1642 1406
f 1403 1646 1416
f 1405 1641 1649
f 1410 1651 1663
f 1408 1659 1668
f 1409 1669 1671
f 1411 1672 1419
f 1415 1645 1675
f 1414 1674 1681
f 1413 1680 1654
f 1424 1594 1690
f 1423 1688 1434
f 1430 1687 1697
f 1429 1696 1701
f 1431 1702 1435
f 1436 1703 1602
f 1442 1478 1707
f 1441 1706 1450
f 1447 1704 1516
f 1454 1710 1457
f 1459 1711 1715
f 1458 1714 1468
f 1463 1726 1732
f 1462 1731 1736
f 1460 1735 1471
f 1467 1713 1739
f 1466 1737 1743
f 1465 1742 1727
f 1470 1733 1748
f 1470 1748 1477
f 1474 1745 1759
f 1473 1757 1480
f 1479 1756 1708
f 1487 1507 1496
f 1493 1501 1761
f 1492 1760 1522
f 1497 1508 1767
f 1498 1768 1502
f 1503 1769 1773
f 1504 1774 1763
f 1510 1514 1778
f 1511 1779 1770
f 1518 1705 1753
f 1517 1752 1781
f 1525 1762 1784
f 1524 1783 1790
f 1523 1789 1530
f 1529 1788 1809
f 1528 1808 1537
f 1534 1795 1806
f 1531 1804 1541
f 1536 1807 1815
f 1535 1814 1800
f 1538 1803 1547
f 1546 1802 1824
f 1545 1820 1554
f 1553 1819 1832
f 1549 1827 1560
f 1559 1825 1835
f 1558 1834 1846
f 1557 1845 1852
f 1555 1851 1565
f 1564 1850 1857
f 1562 1856 1572
f 1570 1855 1861
f 1568 1859 1579
f 1577 1858 1864
f 1576 1863 1869
f 1575 1868 1587
f 1583 1870 1876
f 1582 1875 1881
f 1580 1880 1885
f 1581 1887 1589
f 1586 1866 1871
f 1588 1886 1596
f 1595 1882 1894
f 1593 1893 1689
f 1599 1700 1901
f 1600 1902 1608
f 1605 1899 1907
f 1606 1908 1912
f 1607 1913 1611
f 1612 1914 1625
f 1613 1626 1616
f 1621 1911 1919
f 1622 1920 1631
f 1629 1917 1637
f 1633 1923 1677
f 1634 1678 1647
f 1635 1648 1640
f 1636 1916 1926
f 1650 1928 1662
f 1653 1679 1935
f 1652 1934 1930
f 1661 1927 1941
f 1660 1940 1946
f 1658 1945 1952
f 1657 1949 1957
f 1656 1955 1965
f 1655 1964 1665
f 1664 1963 1967
f 1666 1968 1970
f 1667 1971 1670
f 1676 1922 1684
f 1683 1921 1975
f 1682 1974 1939
f 1686 1890 1984
f 1685 1983 1695
f 1694 1979 1989
f 1692 1988 1995
f 1691 1994 1999
f 1693 2000 1698
f 1699 2001 1900
f 1712 2003 1716
f 1717 2004 2006
f 1719 2007 2010
f 1718 2009 2012
f 1720 2013 2015
f 1722 2016 2024
f 1721 2023 1741
f 1727 1742 2025
f 1728 2026 2277
f 1728 2277 2032
f 1725 2030 2289
f 1725 2289 2038
f 1724 2037 1751
f 1723 1750 1730
f 1729 1749 1734
f 1738 2041 2029
f 1737 2027 1743
f 1740 2022 2043
f 1747 2034 2048
f 1746 2047 2053
f 1744 2052 1758
f 1755 2050 2059
f 1754 2058 1782
f 1764 1775 2062
f 1766 2063 2069
f 1765 2068 1785
f 1772 1780 2055
f 1771 2054 1776
f 1777 2056 2064
f 1787 2070 2075
f 1786 2074 1791
f 1793 2076 2081
f 1792 2080 1810
f 1799 1813 2088
f 1798 2087 2097
f 1797 2095 2101
f 1796 2099 2108
f 1794 2106 1805
f 1801 2105 1823
f 1812 2082 2110
f 1811 2109 1816
f 1818 2111 2116
f 1817 2115 2089
f 1821 2123 1833
f 1822 2104 2125
f 1831 2122 2129
f 1830 2128 2134
f 1829 2133 2137
f 1828 2136 1848
f 1826 1847 1836
f 1842 2135 2132
f 1841 2131 2126
f 1842 2127 2102
f 1842 2102 2336
f 1839 2335 2092
f 1842 2093 2327
f 1842 2327 2330
f 1842 2330 2544
f 1842 2544 2780
f 1844 2781 2799
f 1842 2798 2803
f 1842 2803 2987
f 1842 2987 3102
f 1842 3102 3094
f 1842 3094 2930
f 1841 2929 2704
f 1842 2705 2467
f 1842 2467 2730
f 1842 2730 2696
f 1842 2696 2693
f 1840 2692 2686
f 1842 2687 2922
f 1842 2922 3091
f 1842 3091 3133
f 1842 3133 3151
f 1842 3151 3171
f 1842 3171 3193
f 1842 3193 3212
f 1842 3212 3234
f 1842 3234 3251
f 1842 3251 3248
f 1842 3248 3239
f 1842 3239 3219
f 1842 3219 3201
f 1842 3201 3178
f 1842 3178 3161
f 1842 3161 3144
f 1842 3144 3114
f 1842 3114 3033
f 1841 3032 2869
f 1842 2870 2865
f 1842 2865 2642
f 1842 2642 2638
f 1841 2637 2633
f 1842 2634 2630
f 1842 2630 2829
f 1842 2829 2856
f 1842 2856 3020
f 1843 3021 3111
f 1842 3110 3139
f 1842 3139 3122
f 1842 3122 3047
f 1842 3047 3042
f 1842 3042 3039
f 1842 3039 2994
f 1842 2994 2815
f 1842 2815 2573
f 1842 2573 2370
f 1842 2370 2364
f 1842 2364 2154
f 1840 2153 2361
f 1838 2360 2143
f 1842 2144 1877
f 1842 1877 1873
f 1842 1873 1865
f 1842 1865 1860
f 1842 1860 1854
f 1837 1853 1849
f 1862 1872 1867
f 1874 2142 1879
f 1878 2141 1884
f 1883 2140 1895
f 1892 2139 2148
f 1891 2145 2151
f 1889 2150 2160
f 1888 2159 1982
f 1896 1998 2165
f 1897 2166 2170
f 1898 2171 1906
f 1903 2169 2177
f 1904 2178 2182
f 1905 2183 1909
f 1910 2184 1918
f 1915 2181 1925
f 1924 2180 1978
f 1929 1933 1943
f 1931 2186 2205
f 1931 2205 1947
f 1932 1948 1942
f 1938 1973 2190
f 1937 2189 2197
f 1936 2196 2188
f 1944 2202 1951
f 1950 2208 1958
f 1951 2202 2211
f 1956 2207 2215
f 1954 2213 2218
f 1953 2216 1959
f 1960 2219 2224
f 1961 2225 2227
f 1962 2228 1966
f 1977 2179 2175
f 1976 2174 2192
f 1981 2155 2234
f 1980 2233 1990
f 1986 2232 2241
f 1985 2240 2245
f 1987 2247 1992
f 1991 2246 2251
f 1993 2252 1996
f 1997 2253 2164
f 2018 2258 2261
f 2019 2262 2268
f 2020 2269 2275
f 2021 2276 2042
f 2028 2040 2281
f 2033 2278 2506
f 2033 2506 2284
f 2031 2282 2290
f 2036 2286 2296
f 2035 2295 2049
f 2039 2274 2280
f 2046 2293 2302
f 2044 2300 2060
f 2045 2061 2051
f 2057 2298 2065
f 2067 2299 2304
f 2066 2303 2071
f 2073 2305 2310
f 2072 2309 2077
f 2079 2311 2316
f 2078 2315 2083
f 2085 2317 2322
f 2084 2321 2112
f 2086 2328 2096
f 2091 2117 2332
f 2090 2331 2329
f 2094 2338 2100
f 2098 2337 2107
f 2103 2130 2124
f 2114 2323 2340
f 2113 2339 2119
f 2118 2346 2333
f 2121 2341 2353
f 2120 2352 2348
f 2138 2359 2147
f 2146 2358 2152
f 2149 2363 2158
f 2157 2362 2369
f 2156 2368 2235
f 2161 2250 2375
f 2162 2376 2380
f 2163 2381 2167
f 2168 2382 2176
f 2172 2379 2199
f 2173 2200 2191
f 2187 2195 2386
f 2185 2384 2204
f 2193 2388 2398
f 2194 2399 2385
f 2198 2378 2391
f 2203 2383 2395
f 2203 2395 2404
f 2201 2402 2408
f 2201 2408 2210
f 2209 2405 2412
f 2206 2411 2214
f 2212 2409 2217
f 2222 2419 2421
f 2220 2410 2429
f 2221 2430 2416
f 2231 2366 2441
f 2230 2440 2239
f 2237 2438 2447
f 2236 2446 2451
f 2238 2452 2242
f 2243 2453 2457
f 2244 2458 2248
f 2249 2459 2374
f 2255 2466 2470
f 2256 2471 2481
f 2257 2483 2259
f 2260 2484 2267
f 2266 2479 2490
f 2263 2488 2494
f 2264 2495 2499
f 2265 2500 2270
f 2271 2501 2504
f 2272 2505 2508
f 2273 2509 2279
f 2285 2507 2502
f 2285 2502 2513
f 2283 2510 2524
f 2283 2524 2291
f 2287 2519 2297
f 2288 2522 2520
f 2294 2517 2308
f 2292 2306 2301
f 2307 2516 2312
f 2314 2518 2527
f 2313 2526 2318
f 2320 2528 2532
f 2319 2531 2324
f 2326 2533 2539
f 2325 2538 2342
f 2334 2347 2545
f 2345 2540 2548
f 2344 2547 2554
f 2343 2553 2357
f 2351 2354 2559
f 2350 2558 2783
f 2349 2782 2546
f 2356 2552 2566
f 2355 2565 2562
f 2367 2572 2578
f 2365 2577 2439
f 2372 2456 2585
f 2371 2584 2389
f 2373 2390 2377
f 2387 2582 2397
f 2396 2581 2589
f 2392 2587 2594
f 2393 2595 2598
f 2394 2599 2403
f 2400 2597 2603
f 2401 2604 2407
f 2406 2600 2413
f 2415 2601 2606
f 2414 2605 2433
f 2420 2618 2422
f 2417 2431 2621
f 2418 2623 2616
f 2423 2619 2627
f 2424 2628 2631
f 2425 2632 2635
f 2426 2636 2639
f 2427 2640 2643
f 2435 2607 2649
f 2434 2648 2655
f 2432 2653 2625
f 2437 2575 2665
f 2436 2664 2445
f 2443 2659 2897
f 2443 2897 2670
f 2442 2669 2674
f 2444 2676 2449
f 2448 2675 2680
f 2450 2681 2454
f 2455 2682 2583
f 2461 2685 2690
f 2462 2691 2694
f 2463 2695 2697
f 2464 2699 2702
f 2465 2703 2469
f 2474 2707 2711
f 2476 2712 2715
f 2477 2716 2721
f 2475 2720 2725
f 2473 2724 2729
f 2472 2728 2482
f 2468 2701 2732
f 2480 2727 2738
f 2478 2736 2489
f 2487 2734 2744
f 2485 2742 2749
f 2486 2750 2493
f 2491 2748 2754
f 2492 2755 2498
f 2496 2753 2514
f 2497 2515 2503
f 2512 2751 2760
f 2511 2759 2525
f 2521 2523 2529
f 2523 2756 2529
f 2530 2757 2534
f 2535 2758 2763
f 2537 2764 2769
f 2536 2768 2541
f 2543 2770 2775
f 2542 2774 2549
f 2551 2776 2786
f 2550 2785 2555
f 2557 2787 2792
f 2556 2791 2569
f 2561 2564 2802
f 2560 2800 2784
f 2563 2804 2801
f 2570 2793 2807
f 2568 2806 2989
f 2567 2988 2805
f 2571 2814 2576
f 2574 2812 2663
f 2579 2679 2820
f 2580 2821 2588
f 2586 2818 2593
f 2593 2818 2826
f 2590 2824 2651
f 2591 2652 2608
f 2592 2609 2602
f 2592 2602 2596
f 2620 2828 2629
f 2615 2622 2831
f 2614 2830 2835
f 2612 2834 2839
f 2610 2838 2843
f 2611 2844 2848
f 2613 2849 2853
f 2617 2854 2827
f 2626 2654 2859
f 2624 2858 2833
f 2641 2863 2644
f 2645 2864 2866
f 2646 2867 2871
f 2650 2823 2658
f 2657 2822 2877
f 2656 2876 2862
f 2662 2811 2883
f 2661 2881 2891
f 2660 2890 2898
f 2667 2896 2905
f 2666 2904 2909
f 2668 2911 2672
f 2671 2910 2915
f 2673 2917 2678
f 2677 2916 2819
f 2684 2921 2689
f 2688 2920 2928
f 2698 2731 2700
f 2706 2934 2710
f 2708 2933 2940
f 2709 2941 2945
f 2709 2945 2713
f 2714 2946 2950
f 2714 2950 2717
f 2718 2951 2955
f 2719 2956 2722
f 2723 2957 2737
f 2723 2737 2726
f 2735 2954 2963
f 2733 2961 2743
f 2741 2959 2773
f 2739 2771 2766
f 2740 2767 2747
f 2745 2765 2761
f 2746 2762 2752
f 2772 2958 2777
f 2779 2960 2965
f 2778 2964 2789
f 2790 2966 2972
f 2788 2970 2796
f 2797 2971 2977
f 2795 2976 2983
f 2794 2982 2810
f 2808 2981 3103
f 2809 3104 2990
f 2813 2993 2884
f 2816 2914 2879
f 2817 2880 2825
f 2832 2857 2995
f 2832 2995 2836
f 2837 2996 2840
f 2841 2997 3001
f 2842 3002 2845
f 2846 3003 3007
f 2847 3008 2850
f 2851 3009 3013
f 2852 3014 3018
f 2852 3018 2855
f 2861 2875 3024
f 2860 3022 2999
f 2868 3028 2872
f 2873 3029 3034
f 2878 2913 3027
f 2882 2991 2892
f 2893 2992 3038
f 2889 3037 3041
f 2888 3040 3046
f 2887 3045 3052
f 2885 3051 3055
f 2886 3057 2895
f 2894 3056 2903
f 2901 3053 3063
f 2900 3062 3070
f 2899 3069 3074
f 2902 3076 2907
f 2906 3075 3025
f 2908 3026 2912
f 2919 3079 2927
f 2926 3078 3082
f 2925 3081 3085
f 2924 3084 3090
f 2923 3089 3093
f 2931 3098 3100
f 2932 3101 2939
f 2938 3099 3097
f 2936 3096 2986
f 2935 2985 2978
f 2937 2980 2943
f 2942 2979 2973
f 2944 2975 2948
f 2947 2974 2967
f 2949 2969 2953
f 2952 2968 2962
f 2984 3095 3105
f 3000 3023 3073
f 2998 3071 3005
f 3006 3072 3068
f 3004 3066 3011
f 3012 3067 3060
f 3010 3058 3016
f 3017 3059 3107
f 3015 3106 3019
f 3031 3112 3116
f 3030 3115 3035
f 3043 3121 3127
f 3044 3128 3050
f 3048 3126 3064
f 3049 3065 3054
f 3061 3123 3108
f 3087 3132 3135
f 3088 3136 3092
f 3109 3124 3137
f 3113 3140 3117
f 3118 3141 3145
f 3120 3138 3125
f 3130 3150 3154
f 3131 3155 3134
f 3143 3156 3163
f 3142 3162 3146
f 3149 3170 3153
f 3152 3169 3173
f 3160 3174 3180
f 3159 3179 3184
f 3158 3183 3187
f 3157 3186 3164
f 3167 3192 3195
f 3168 3196 3172
f 3177 3197 3203
f 3176 3202 3207
f 3175 3206 3181
f 3190 3211 3215
f 3191 3216 3194
f 3200 3217 3221
f 3199 3220 3227
f 3198 3226 3204
f 3210 3232 3214
f 3213 3231 3236
f 3218 3237 3222
f 3223 3238 3245
f 3224 3246 3240
f 3230 3244 3235
f 3233 3242 3250
f 3241 3247 3249

